Datetime,CH01,CH02,CH03,CH04,CH05,CH06,CH07
01.01.2009 00:00,0.0,0.0,0.0,0.0,0.0,0.0,0.0
01.01.2009 01:00,0.0,0.0,0.0,0.0,0.0,0.0,0.0
01.01.2009 02:00,0.0,0.0,0.0,0.0,0.0,0.0,0.0
01.01.2009 03:00,0.0,0.0,0.0,0.0,0.0,0.0,0.0
01.01.2009 04:00,0.0,0.0,0.0,0.0,0.0,0.0,0.0
01.01.2009 05:00,0.0,0.0,0.0,0.0,0.0,0.0,0.0
01.01.2009 06:00,0.0,0.0,0.0,0.0,0.0,0.0,0.0
01.01.2009 07:00,0.0,0.0,0.0,0.0,0.0068,0.0,0.0
01.01.2009 08:00,0.0856,0.0803,0.0844,0.0728,0.1396,0.0611,0.0716
01.01.2009 09:00,0.1385,0.144,0.1355,0.156,0.149,0.1154,0.1213
01.01.2009 10:00,0.1567,0.1582,0.1775,0.1858,0.117,0.1187,0.1583
01.01.2009 11:00,0.1635,0.1634,0.2112,0.206,0.1197,0.1376,0.1669
01.01.2009 12:00,0.1697,0.1638,0.212,0.193,0.1158,0.1407,0.159
01.01.2009 13:00,0.1839,0.1707,0.1847,0.152,0.1187,0.1474,0.1644
01.01.2009 14:00,0.1528,0.1419,0.1124,0.076,0.0882,0.1171,0.1084
01.01.2009 15:00,0.0611,0.0368,0.0226,0.0081,0.0208,0.0329,0.0334
01.01.2009 16:00,0.0,0.0,0.0,0.0,0.0,0.0,0.0
01.01.2009 17:00,0.0,0.0,0.0,0.0,0.0,0.0,0.0
01.01.2009 18:00,0.0,0.0,0.0,0.0,0.0,0.0,0.0
01.01.2009 19:00,0.0,0.0,0.0,0.0,0.0,0.0,0.0
01.01.2009 20:00,0.0,0.0,0.0,0.0,0.0,0.0,0.0
01.01.2009 21:00,0.0,0.0,0.0,0.0,0.0,0.0,0.0
01.01.2009 22:00,0.0,0.0,0.0,0.0,0.0,0.0,0.0
01.01.2009 23:00,0.0,0.0,0.0,0.0,0.0,0.0,0.0
02.01.2009 00:00,0.0,0.0,0.0,0.0,0.0,0.0,0.0
02.01.2009 01:00,0.0,0.0,0.0,0.0,0.0,0.0,0.0
02.01.2009 02:00,0.0,0.0,0.0,0.0,0.0,0.0,0.0
02.01.2009 03:00,0.0,0.0,0.0,0.0,0.0,0.0,0.0
02.01.2009 04:00,0.0,0.0,0.0,0.0,0.0,0.0,0.0
02.01.2009 05:00,0.0,0.0,0.0,0.0,0.0,0.0,0.0
02.01.2009 06:00,0.0,0.0,0.0,0.0,0.0,0.0,0.0
02.01.2009 07:00,0.0,0.0,0.0,0.0,0.0063,0.0,0.0
02.01.2009 08:00,0.0683,0.0741,0.0919,0.0895,0.0774,0.0684,0.1116
02.01.2009 09:00,0.165,0.1698,0.1799,0.1898,0.1509,0.1583,0.2457
02.01.2009 10:00,0.1676,0.1548,0.0274,0.0685,0.1844,0.2048,0.3866
02.01.2009 11:00,0.2311,0.2117,0.2062,0.1998,0.2159,0.1906,0.3636
02.01.2009 12:00,0.1586,0.103,0.0256,0.032,0.1206,0.0779,0.3804
02.01.2009 13:00,0.1964,0.1766,0.1884,0.1624,0.1688,0.167,0.317
02.01.2009 14:00,0.1108,0.0621,0.0142,0.014,0.0553,0.0442,0.2094
02.01.2009 15:00,0.0579,0.0451,0.0384,0.0287,0.0273,0.0374,0.0693
02.01.2009 16:00,0.0,0.0,0.0,0.0,0.0,0.0,0.0
02.01.2009 17:00,0.0,0.0,0.0,0.0,0.0,0.0,0.0
02.01.2009 18:00,0.0,0.0,0.0,0.0,0.0,0.0,0.0
02.01.2009 19:00,0.0,0.0,0.0,0.0,0.0,0.0,0.0
02.01.2009 20:00,0.0,0.0,0.0,0.0,0.0,0.0,0.0
02.01.2009 21:00,0.0,0.0,0.0,0.0,0.0,0.0,0.0
02.01.2009 22:00,0.0,0.0,0.0,0.0,0.0,0.0,0.0
02.01.2009 23:00,0.0,0.0,0.0,0.0,0.0,0.0,0.0
03.01.2009 00:00,0.0,0.0,0.0,0.0,0.0,0.0,0.0
03.01.2009 01:00,0.0,0.0,0.0,0.0,0.0,0.0,0.0
03.01.2009 02:00,0.0,0.0,0.0,0.0,0.0,0.0,0.0
03.01.2009 03:00,0.0,0.0,0.0,0.0,0.0,0.0,0.0
03.01.2009 04:00,0.0,0.0,0.0,0.0,0.0,0.0,0.0
03.01.2009 05:00,0.0,0.0,0.0,0.0,0.0,0.0,0.0
03.01.2009 06:00,0.0,0.0,0.0,0.0,0.0,0.0,0.0
03.01.2009 07:00,0.0,0.0,0.0,0.0,0.0058,0.0,0.0
03.01.2009 08:00,0.0759,0.0478,0.0312,0.0306,0.0639,0.0464,0.0255
03.01.2009 09:00,0.1568,0.1627,0.2022,0.1931,0.1581,0.1507,0.2582
03.01.2009 10:00,0.1501,0.1012,0.0666,0.0452,0.1316,0.0779,0.0583
03.01.2009 11:00,0.2062,0.1982,0.23,0.2079,0.2104,0.1645,0.3413
03.01.2009 12:00,0.1497,0.107,0.0802,0.0427,0.1263,0.0748,0.124
03.01.2009 13:00,0.1961,0.1804,0.2038,0.1772,0.1484,0.1493,0.3045
03.01.2009 14:00,0.1048,0.0794,0.0269,0.0179,0.0734,0.0504,0.0786
03.01.2009 15:00,0.0678,0.052,0.0497,0.0376,0.0277,0.0365,0.0755
03.01.2009 16:00,0.0,0.0,0.0,0.0,0.0,0.0,0.0
03.01.2009 17:00,0.0,0.0,0.0,0.0,0.0,0.0,0.0
03.01.2009 18:00,0.0,0.0,0.0,0.0,0.0,0.0,0.0
03.01.2009 19:00,0.0,0.0,0.0,0.0,0.0,0.0,0.0
03.01.2009 20:00,0.0,0.0,0.0,0.0,0.0,0.0,0.0
03.01.2009 21:00,0.0,0.0,0.0,0.0,0.0,0.0,0.0
03.01.2009 22:00,0.0,0.0,0.0,0.0,0.0,0.0,0.0
03.01.2009 23:00,0.0,0.0,0.0,0.0,0.0,0.0,0.0
04.01.2009 00:00,0.0,0.0,0.0,0.0,0.0,0.0,0.0
04.01.2009 01:00,0.0,0.0,0.0,0.0,0.0,0.0,0.0
04.01.2009 02:00,0.0,0.0,0.0,0.0,0.0,0.0,0.0
04.01.2009 03:00,0.0,0.0,0.0,0.0,0.0,0.0,0.0
04.01.2009 04:00,0.0,0.0,0.0,0.0,0.0,0.0,0.0
04.01.2009 05:00,0.0,0.0,0.0,0.0,0.0,0.0,0.0
04.01.2009 06:00,0.0,0.0,0.0,0.0,0.0,0.0,0.0
04.01.2009 07:00,0.0,0.0,0.0,0.0,0.008,0.0,0.0
04.01.2009 08:00,0.0942,0.104,0.0531,0.0661,0.0905,0.1126,0.1398
04.01.2009 09:00,0.1827,0.1932,0.2442,0.2269,0.1786,0.1749,0.2565
04.01.2009 10:00,0.2075,0.2415,0.1428,0.1127,0.178,0.2486,0.4141
04.01.2009 11:00,0.2222,0.243,0.2982,0.2612,0.2204,0.1887,0.3537
04.01.2009 12:00,0.2268,0.2489,0.1712,0.1773,0.2501,0.2836,0.4427
04.01.2009 13:00,0.2104,0.2149,0.2482,0.2218,0.1623,0.1676,0.3237
04.01.2009 14:00,0.174,0.1781,0.1149,0.1187,0.1264,0.1679,0.264
04.01.2009 15:00,0.0709,0.0598,0.061,0.0509,0.031,0.0449,0.0768
04.01.2009 16:00,0.0,0.0,0.0,0.0,0.0,0.0,0.0
04.01.2009 17:00,0.0,0.0,0.0,0.0,0.0,0.0,0.0
04.01.2009 18:00,0.0,0.0,0.0,0.0,0.0,0.0,0.0
04.01.2009 19:00,0.0,0.0,0.0,0.0,0.0,0.0,0.0
04.01.2009 20:00,0.0,0.0,0.0,0.0,0.0,0.0,0.0
04.01.2009 21:00,0.0,0.0,0.0,0.0,0.0,0.0,0.0
04.01.2009 22:00,0.0,0.0,0.0,0.0,0.0,0.0,0.0
04.01.2009 23:00,0.0,0.0,0.0,0.0,0.0,0.0,0.0
05.01.2009 00:00,0.0,0.0,0.0,0.0,0.0,0.0,0.0
05.01.2009 01:00,0.0,0.0,0.0,0.0,0.0,0.0,0.0
05.01.2009 02:00,0.0,0.0,0.0,0.0,0.0,0.0,0.0
05.01.2009 03:00,0.0,0.0,0.0,0.0,0.0,0.0,0.0
05.01.2009 04:00,0.0,0.0,0.0,0.0,0.0,0.0,0.0
05.01.2009 05:00,0.0,0.0,0.0,0.0,0.0,0.0,0.0
05.01.2009 06:00,0.0,0.0,0.0,0.0,0.0,0.0,0.0
05.01.2009 07:00,0.0,0.0,0.0,0.0,0.0099,0.0,0.0
05.01.2009 08:00,0.0726,0.0403,0.0185,0.0123,0.0695,0.0262,0.145
05.01.2009 09:00,0.174,0.1814,0.2065,0.1807,0.1802,0.1645,0.2624
05.01.2009 10:00,0.2113,0.2201,0.0857,0.1118,0.2039,0.1733,0.4631
05.01.2009 11:00,0.2213,0.2474,0.28,0.2577,0.2181,0.1922,0.3652
05.01.2009 12:00,0.3444,0.3392,0.0618,0.0886,0.4462,0.2169,0.5657
05.01.2009 13:00,0.2182,0.2225,0.2233,0.2045,0.1669,0.1666,0.3279
05.01.2009 14:00,0.1914,0.1674,0.0531,0.0607,0.2291,0.148,0.2485
05.01.2009 15:00,0.0736,0.0571,0.0499,0.0464,0.0317,0.0429,0.082
05.01.2009 16:00,0.0,0.0,0.0,0.0,0.0,0.0,0.0
05.01.2009 17:00,0.0,0.0,0.0,0.0,0.0,0.0,0.0
05.01.2009 18:00,0.0,0.0,0.0,0.0,0.0,0.0,0.0
05.01.2009 19:00,0.0,0.0,0.0,0.0,0.0,0.0,0.0
05.01.2009 20:00,0.0,0.0,0.0,0.0,0.0,0.0,0.0
05.01.2009 21:00,0.0,0.0,0.0,0.0,0.0,0.0,0.0
05.01.2009 22:00,0.0,0.0,0.0,0.0,0.0,0.0,0.0
05.01.2009 23:00,0.0,0.0,0.0,0.0,0.0,0.0,0.0
06.01.2009 00:00,0.0,0.0,0.0,0.0,0.0,0.0,0.0
06.01.2009 01:00,0.0,0.0,0.0,0.0,0.0,0.0,0.0
06.01.2009 02:00,0.0,0.0,0.0,0.0,0.0,0.0,0.0
06.01.2009 03:00,0.0,0.0,0.0,0.0,0.0,0.0,0.0
06.01.2009 04:00,0.0,0.0,0.0,0.0,0.0,0.0,0.0
06.01.2009 05:00,0.0,0.0,0.0,0.0,0.0,0.0,0.0
06.01.2009 06:00,0.0,0.0,0.0,0.0,0.0,0.0,0.0
06.01.2009 07:00,0.0,0.0,0.0,0.0,0.013,0.0,0.0
06.01.2009 08:00,0.0986,0.0962,0.0649,0.1041,0.0864,0.0995,0.0297
06.01.2009 09:00,0.1849,0.195,0.1898,0.1836,0.1895,0.1828,0.2866
06.01.2009 10:00,0.2755,0.2371,0.0308,0.1232,0.3044,0.1685,0.2193
06.01.2009 11:00,0.2546,0.2902,0.2981,0.2797,0.2288,0.2305,0.4096
06.01.2009 12:00,0.3091,0.2306,0.0425,0.0956,0.3371,0.2102,0.1096
06.01.2009 13:00,0.2396,0.2547,0.2367,0.2386,0.1935,0.215,0.3576
06.01.2009 14:00,0.2113,0.1133,0.0429,0.0341,0.168,0.1056,0.0642
06.01.2009 15:00,0.0748,0.0653,0.0474,0.0556,0.0373,0.0485,0.0848
06.01.2009 16:00,0.0,0.0,0.0,0.0,0.0,0.0,0.0
06.01.2009 17:00,0.0,0.0,0.0,0.0,0.0,0.0,0.0
06.01.2009 18:00,0.0,0.0,0.0,0.0,0.0,0.0,0.0
06.01.2009 19:00,0.0,0.0,0.0,0.0,0.0,0.0,0.0
06.01.2009 20:00,0.0,0.0,0.0,0.0,0.0,0.0,0.0
06.01.2009 21:00,0.0,0.0,0.0,0.0,0.0,0.0,0.0
06.01.2009 22:00,0.0,0.0,0.0,0.0,0.0,0.0,0.0
06.01.2009 23:00,0.0,0.0,0.0,0.0,0.0,0.0,0.0
07.01.2009 00:00,0.0,0.0,0.0,0.0,0.0,0.0,0.0
07.01.2009 01:00,0.0,0.0,0.0,0.0,0.0,0.0,0.0
07.01.2009 02:00,0.0,0.0,0.0,0.0,0.0,0.0,0.0
07.01.2009 03:00,0.0,0.0,0.0,0.0,0.0,0.0,0.0
07.01.2009 04:00,0.0,0.0,0.0,0.0,0.0,0.0,0.0
07.01.2009 05:00,0.0,0.0,0.0,0.0,0.0,0.0,0.0
07.01.2009 06:00,0.0,0.0,0.0,0.0,0.0,0.0,0.0
07.01.2009 07:00,0.0,0.0,0.0,0.0,0.0154,0.0,0.0
07.01.2009 08:00,0.1702,0.0788,0.1308,0.096,0.0735,0.0277,0.0523
07.01.2009 09:00,0.1858,0.2101,0.1888,0.198,0.1938,0.2056,0.2807
07.01.2009 10:00,0.3053,0.1895,0.078,0.1491,0.1727,0.0981,0.1017
07.01.2009 11:00,0.2736,0.3154,0.3233,0.3194,0.2526,0.2636,0.3951
07.01.2009 12:00,0.3405,0.259,0.0313,0.0562,0.2466,0.0998,0.2747
07.01.2009 13:00,0.2484,0.2731,0.263,0.281,0.207,0.2383,0.3591
07.01.2009 14:00,0.1868,0.208,0.0234,0.032,0.221,0.1393,0.1269
07.01.2009 15:00,0.0819,0.0744,0.0534,0.0672,0.0455,0.0543,0.087
07.01.2009 16:00,0.0,0.0,0.0,0.0,0.0,0.0,0.0
07.01.2009 17:00,0.0,0.0,0.0,0.0,0.0,0.0,0.0
07.01.2009 18:00,0.0,0.0,0.0,0.0,0.0,0.0,0.0
07.01.2009 19:00,0.0,0.0,0.0,0.0,0.0,0.0,0.0
07.01.2009 20:00,0.0,0.0,0.0,0.0,0.0,0.0,0.0
07.01.2009 21:00,0.0,0.0,0.0,0.0,0.0,0.0,0.0
07.01.2009 22:00,0.0,0.0,0.0,0.0,0.0,0.0,0.0
07.01.2009 23:00,0.0,0.0,0.0,0.0,0.0,0.0,0.0
08.01.2009 00:00,0.0,0.0,0.0,0.0,0.0,0.0,0.0
08.01.2009 01:00,0.0,0.0,0.0,0.0,0.0,0.0,0.0
08.01.2009 02:00,0.0,0.0,0.0,0.0,0.0,0.0,0.0
08.01.2009 03:00,0.0,0.0,0.0,0.0,0.0,0.0,0.0
08.01.2009 04:00,0.0,0.0,0.0,0.0,0.0,0.0,0.0
08.01.2009 05:00,0.0,0.0,0.0,0.0,0.0,0.0,0.0
08.01.2009 06:00,0.0,0.0,0.0,0.0,0.0,0.0,0.0
08.01.2009 07:00,0.0,0.0,0.0,0.0,0.0229,0.0,0.0
08.01.2009 08:00,0.1048,0.0793,0.0493,0.0414,0.0988,0.0711,0.059
08.01.2009 09:00,0.19,0.2042,0.1729,0.1966,0.1953,0.2106,0.261
08.01.2009 10:00,0.159,0.1887,0.0795,0.087,0.2071,0.1232,0.1036
08.01.2009 11:00,0.2819,0.3061,0.2969,0.2965,0.2757,0.2872,0.3833
08.01.2009 12:00,0.2228,0.1943,0.1104,0.1116,0.2222,0.1351,0.0633
08.01.2009 13:00,0.2389,0.2546,0.2536,0.2729,0.2239,0.2421,0.3536
08.01.2009 14:00,0.1266,0.1162,0.0603,0.1055,0.1706,0.1047,0.038
08.01.2009 15:00,0.0755,0.0723,0.063,0.0744,0.0497,0.0537,0.0796
08.01.2009 16:00,0.0,0.0,0.0,0.0,0.0,0.0,0.0
08.01.2009 17:00,0.0,0.0,0.0,0.0,0.0,0.0,0.0
08.01.2009 18:00,0.0,0.0,0.0,0.0,0.0,0.0,0.0
08.01.2009 19:00,0.0,0.0,0.0,0.0,0.0,0.0,0.0
08.01.2009 20:00,0.0,0.0,0.0,0.0,0.0,0.0,0.0
08.01.2009 21:00,0.0,0.0,0.0,0.0,0.0,0.0,0.0
08.01.2009 22:00,0.0,0.0,0.0,0.0,0.0,0.0,0.0
08.01.2009 23:00,0.0,0.0,0.0,0.0,0.0,0.0,0.0
09.01.2009 00:00,0.0,0.0,0.0,0.0,0.0,0.0,0.0
09.01.2009 01:00,0.0,0.0,0.0,0.0,0.0,0.0,0.0
09.01.2009 02:00,0.0,0.0,0.0,0.0,0.0,0.0,0.0
09.01.2009 03:00,0.0,0.0,0.0,0.0,0.0,0.0,0.0
09.01.2009 04:00,0.0,0.0,0.0,0.0,0.0,0.0,0.0
09.01.2009 05:00,0.0,0.0,0.0,0.0,0.0,0.0,0.0
09.01.2009 06:00,0.0,0.0,0.0,0.0,0.0,0.0,0.0
09.01.2009 07:00,0.0,0.0,0.0,0.0,0.0214,0.0,0.0
09.01.2009 08:00,0.1059,0.1069,0.0745,0.049,0.0837,0.0914,0.0568
09.01.2009 09:00,0.203,0.2176,0.1861,0.2195,0.1996,0.2306,0.2406
09.01.2009 10:00,0.2102,0.2703,0.1359,0.1121,0.183,0.2208,0.2157
09.01.2009 11:00,0.3025,0.3098,0.294,0.3078,0.2925,0.3148,0.3438
09.01.2009 12:00,0.2222,0.267,0.1558,0.144,0.1794,0.2204,0.2591
09.01.2009 13:00,0.2483,0.2596,0.2631,0.2773,0.2315,0.2443,0.3123
09.01.2009 14:00,0.1667,0.2059,0.1081,0.112,0.1228,0.1645,0.1903
09.01.2009 15:00,0.081,0.0802,0.076,0.0784,0.0538,0.0622,0.0811
09.01.2009 16:00,0.0,0.0,0.0,0.0,0.0,0.0,0.0
09.01.2009 17:00,0.0,0.0,0.0,0.0,0.0,0.0,0.0
09.01.2009 18:00,0.0,0.0,0.0,0.0,0.0,0.0,0.0
09.01.2009 19:00,0.0,0.0,0.0,0.0,0.0,0.0,0.0
09.01.2009 20:00,0.0,0.0,0.0,0.0,0.0,0.0,0.0
09.01.2009 21:00,0.0,0.0,0.0,0.0,0.0,0.0,0.0
09.01.2009 22:00,0.0,0.0,0.0,0.0,0.0,0.0,0.0
09.01.2009 23:00,0.0,0.0,0.0,0.0,0.0,0.0,0.0
10.01.2009 00:00,0.0,0.0,0.0,0.0,0.0,0.0,0.0
10.01.2009 01:00,0.0,0.0,0.0,0.0,0.0,0.0,0.0
10.01.2009 02:00,0.0,0.0,0.0,0.0,0.0,0.0,0.0
10.01.2009 03:00,0.0,0.0,0.0,0.0,0.0,0.0,0.0
10.01.2009 04:00,0.0,0.0,0.0,0.0,0.0,0.0,0.0
10.01.2009 05:00,0.0,0.0,0.0,0.0,0.0,0.0,0.0
10.01.2009 06:00,0.0,0.0,0.0,0.0,0.0,0.0,0.0
10.01.2009 07:00,0.0,0.0,0.0,0.0,0.0223,0.0,0.0
10.01.2009 08:00,0.1173,0.124,0.0762,0.0489,0.0905,0.0941,0.1374
10.01.2009 09:00,0.19,0.2014,0.1742,0.2036,0.1973,0.2177,0.26
10.01.2009 10:00,0.2056,0.3119,0.1462,0.0836,0.1887,0.2217,0.3866
10.01.2009 11:00,0.3021,0.3039,0.2629,0.2681,0.2851,0.3128,0.3697
10.01.2009 12:00,0.2114,0.2908,0.1574,0.0913,0.1796,0.2438,0.3625
10.01.2009 13:00,0.252,0.2466,0.2243,0.2329,0.2348,0.2368,0.3267
10.01.2009 14:00,0.1497,0.2004,0.1077,0.0609,0.1134,0.1628,0.2221
10.01.2009 15:00,0.0824,0.082,0.0804,0.0685,0.0508,0.0614,0.09
10.01.2009 16:00,0.0,0.0,0.0,0.0,0.0,0.0,0.0
10.01.2009 17:00,0.0,0.0,0.0,0.0,0.0,0.0,0.0
10.01.2009 18:00,0.0,0.0,0.0,0.0,0.0,0.0,0.0
10.01.2009 19:00,0.0,0.0,0.0,0.0,0.0,0.0,0.0
10.01.2009 20:00,0.0,0.0,0.0,0.0,0.0,0.0,0.0
10.01.2009 21:00,0.0,0.0,0.0,0.0,0.0,0.0,0.0
10.01.2009 22:00,0.0,0.0,0.0,0.0,0.0,0.0,0.0
10.01.2009 23:00,0.0,0.0,0.0,0.0,0.0,0.0,0.0
11.01.2009 00:00,0.0,0.0,0.0,0.0,0.0,0.0,0.0
11.01.2009 01:00,0.0,0.0,0.0,0.0,0.0,0.0,0.0
11.01.2009 02:00,0.0,0.0,0.0,0.0,0.0,0.0,0.0
11.01.2009 03:00,0.0,0.0,0.0,0.0,0.0,0.0,0.0
11.01.2009 04:00,0.0,0.0,0.0,0.0,0.0,0.0,0.0
11.01.2009 05:00,0.0,0.0,0.0,0.0,0.0,0.0,0.0
11.01.2009 06:00,0.0,0.0,0.0,0.0,0.0,0.0,0.0
11.01.2009 07:00,0.0,0.0,0.0,0.0,0.0242,0.0,0.002
11.01.2009 08:00,0.1058,0.1264,0.0914,0.0579,0.0962,0.1026,0.1428
11.01.2009 09:00,0.1896,0.2201,0.1994,0.2053,0.1943,0.2126,0.2974
11.01.2009 10:00,0.2294,0.3143,0.1653,0.1118,0.2081,0.259,0.3976
11.01.2009 11:00,0.2967,0.3135,0.2862,0.2976,0.2786,0.3038,0.4049
11.01.2009 12:00,0.2323,0.2982,0.1841,0.1232,0.2053,0.2518,0.4116
11.01.2009 13:00,0.2596,0.2631,0.2579,0.2618,0.2306,0.2423,0.3527
11.01.2009 14:00,0.169,0.2216,0.1328,0.0876,0.1362,0.1765,0.2463
11.01.2009 15:00,0.0956,0.0888,0.0803,0.0736,0.0542,0.0688,0.1077
11.01.2009 16:00,0.0,0.0,0.0,0.0,0.0,0.0,0.0
11.01.2009 17:00,0.0,0.0,0.0,0.0,0.0,0.0,0.0
11.01.2009 18:00,0.0,0.0,0.0,0.0,0.0,0.0,0.0
11.01.2009 19:00,0.0,0.0,0.0,0.0,0.0,0.0,0.0
11.01.2009 20:00,0.0,0.0,0.0,0.0,0.0,0.0,0.0
11.01.2009 21:00,0.0,0.0,0.0,0.0,0.0,0.0,0.0
11.01.2009 22:00,0.0,0.0,0.0,0.0,0.0,0.0,0.0
11.01.2009 23:00,0.0,0.0,0.0,0.0,0.0,0.0,0.0
12.01.2009 00:00,0.0,0.0,0.0,0.0,0.0,0.0,0.0
12.01.2009 01:00,0.0,0.0,0.0,0.0,0.0,0.0,0.0
12.01.2009 02:00,0.0,0.0,0.0,0.0,0.0,0.0,0.0
12.01.2009 03:00,0.0,0.0,0.0,0.0,0.0,0.0,0.0
12.01.2009 04:00,0.0,0.0,0.0,0.0,0.0,0.0,0.0
12.01.2009 05:00,0.0,0.0,0.0,0.0,0.0,0.0,0.0
12.01.2009 06:00,0.0,0.0,0.0,0.0,0.0,0.0,0.0
12.01.2009 07:00,0.0,0.0,0.0,0.0,0.0226,0.0,0.0062
12.01.2009 08:00,0.11,0.1367,0.1013,0.0683,0.1049,0.1105,0.1575
12.01.2009 09:00,0.2148,0.2944,0.1688,0.1449,0.1757,0.2713,0.3188
12.01.2009 10:00,0.2455,0.3432,0.2058,0.1472,0.2261,0.2896,0.4406
12.01.2009 11:00,0.2623,0.3634,0.2275,0.1841,0.2592,0.3419,0.4674
12.01.2009 12:00,0.2578,0.3264,0.2344,0.2045,0.232,0.2994,0.4638
12.01.2009 13:00,0.2491,0.3123,0.2279,0.2237,0.2216,0.2894,0.4197
12.01.2009 14:00,0.1875,0.2383,0.1796,0.1784,0.1602,0.216,0.2662
12.01.2009 15:00,0.0869,0.0923,0.0734,0.0636,0.0494,0.0865,0.1049
12.01.2009 16:00,0.0,0.0,0.0,0.0,0.0,0.0,0.0
12.01.2009 17:00,0.0,0.0,0.0,0.0,0.0,0.0,0.0
12.01.2009 18:00,0.0,0.0,0.0,0.0,0.0,0.0,0.0
12.01.2009 19:00,0.0,0.0,0.0,0.0,0.0,0.0,0.0
12.01.2009 20:00,0.0,0.0,0.0,0.0,0.0,0.0,0.0
12.01.2009 21:00,0.0,0.0,0.0,0.0,0.0,0.0,0.0
12.01.2009 22:00,0.0,0.0,0.0,0.0,0.0,0.0,0.0
12.01.2009 23:00,0.0,0.0,0.0,0.0,0.0,0.0,0.0
13.01.2009 00:00,0.0,0.0,0.0,0.0,0.0,0.0,0.0
13.01.2009 01:00,0.0,0.0,0.0,0.0,0.0,0.0,0.0
13.01.2009 02:00,0.0,0.0,0.0,0.0,0.0,0.0,0.0
13.01.2009 03:00,0.0,0.0,0.0,0.0,0.0,0.0,0.0
13.01.2009 04:00,0.0,0.0,0.0,0.0,0.0,0.0,0.0
13.01.2009 05:00,0.0,0.0,0.0,0.0,0.0,0.0,0.0
13.01.2009 06:00,0.0,0.0,0.0,0.0,0.0,0.0,0.0
13.01.2009 07:00,0.0,0.0,0.0,0.0,0.0293,0.0,0.0234
13.01.2009 08:00,0.1101,0.1405,0.1172,0.1,0.109,0.1137,0.1589
13.01.2009 09:00,0.2204,0.3073,0.201,0.2097,0.1826,0.2836,0.3211
13.01.2009 10:00,0.2494,0.3706,0.246,0.2416,0.2398,0.307,0.4292
13.01.2009 11:00,0.2703,0.4021,0.2768,0.2818,0.2744,0.3673,0.4432
13.01.2009 12:00,0.2666,0.3735,0.287,0.2855,0.2501,0.3318,0.4322
13.01.2009 13:00,0.26,0.3491,0.2754,0.2648,0.238,0.3182,0.3978
13.01.2009 14:00,0.1928,0.2669,0.2161,0.1995,0.1694,0.2368,0.251
13.01.2009 15:00,0.0933,0.1105,0.0927,0.0734,0.0542,0.0944,0.1028
13.01.2009 16:00,0.0,0.0,0.0,0.0,0.0,0.0,0.0
13.01.2009 17:00,0.0,0.0,0.0,0.0,0.0,0.0,0.0
13.01.2009 18:00,0.0,0.0,0.0,0.0,0.0,0.0,0.0
13.01.2009 19:00,0.0,0.0,0.0,0.0,0.0,0.0,0.0
13.01.2009 20:00,0.0,0.0,0.0,0.0,0.0,0.0,0.0
13.01.2009 21:00,0.0,0.0,0.0,0.0,0.0,0.0,0.0
13.01.2009 22:00,0.0,0.0,0.0,0.0,0.0,0.0,0.0
13.01.2009 23:00,0.0,0.0,0.0,0.0,0.0,0.0,0.0
14.01.2009 00:00,0.0,0.0,0.0,0.0,0.0,0.0,0.0
14.01.2009 01:00,0.0,0.0,0.0,0.0,0.0,0.0,0.0
14.01.2009 02:00,0.0,0.0,0.0,0.0,0.0,0.0,0.0
14.01.2009 03:00,0.0,0.0,0.0,0.0,0.0,0.0,0.0
14.01.2009 04:00,0.0,0.0,0.0,0.0,0.0,0.0,0.0
14.01.2009 05:00,0.0,0.0,0.0,0.0,0.0,0.0,0.0
14.01.2009 06:00,0.0,0.0,0.0,0.0,0.0,0.0,0.0
14.01.2009 07:00,0.0,0.0,0.0,0.0,0.0332,0.0,0.0355
14.01.2009 08:00,0.1183,0.1523,0.2033,0.0873,0.1604,0.1482,0.2717
14.01.2009 09:00,0.204,0.3161,0.1992,0.2282,0.2566,0.3524,0.4132
14.01.2009 10:00,0.2468,0.3569,0.1519,0.2746,0.3197,0.3505,0.5152
14.01.2009 11:00,0.2714,0.347,0.129,0.3191,0.3884,0.4204,0.5432
14.01.2009 12:00,0.2456,0.2736,0.0946,0.2943,0.3256,0.3448,0.5339
14.01.2009 13:00,0.2193,0.2194,0.0577,0.2268,0.2874,0.2333,0.4609
14.01.2009 14:00,0.1483,0.1434,0.0359,0.1022,0.1522,0.1124,0.2515
14.01.2009 15:00,0.0796,0.0568,0.0127,0.0238,0.0336,0.0373,0.0717
14.01.2009 16:00,0.0,0.0,0.0,0.0,0.0,0.0,0.0
14.01.2009 17:00,0.0,0.0,0.0,0.0,0.0,0.0,0.0
14.01.2009 18:00,0.0,0.0,0.0,0.0,0.0,0.0,0.0
14.01.2009 19:00,0.0,0.0,0.0,0.0,0.0,0.0,0.0
14.01.2009 20:00,0.0,0.0,0.0,0.0,0.0,0.0,0.0
14.01.2009 21:00,0.0,0.0,0.0,0.0,0.0,0.0,0.0
14.01.2009 22:00,0.0,0.0,0.0,0.0,0.0,0.0,0.0
14.01.2009 23:00,0.0,0.0,0.0,0.0,0.0,0.0,0.0
15.01.2009 00:00,0.0,0.0,0.0,0.0,0.0,0.0,0.0
15.01.2009 01:00,0.0,0.0,0.0,0.0,0.0,0.0,0.0
15.01.2009 02:00,0.0,0.0,0.0,0.0,0.0,0.0,0.0
15.01.2009 03:00,0.0,0.0,0.0,0.0,0.0,0.0,0.0
15.01.2009 04:00,0.0,0.0,0.0,0.0,0.0,0.0,0.0
15.01.2009 05:00,0.0,0.0,0.0,0.0,0.0,0.0,0.0
15.01.2009 06:00,0.0,0.0,0.0,0.0,0.0,0.0,0.0
15.01.2009 07:00,0.0,0.0,0.0,0.0,0.0304,0.0,0.0456
15.01.2009 08:00,0.1484,0.069,0.0306,0.0328,0.1401,0.0896,0.0692
15.01.2009 09:00,0.2816,0.1853,0.0673,0.0735,0.2099,0.2275,0.1525
15.01.2009 10:00,0.3338,0.2598,0.0882,0.1185,0.2488,0.2704,0.1726
15.01.2009 11:00,0.4086,0.3152,0.0572,0.2638,0.3426,0.4626,0.1898
15.01.2009 12:00,0.364,0.2855,0.0574,0.3141,0.3213,0.4237,0.2223
15.01.2009 13:00,0.3277,0.2902,0.0865,0.2451,0.2938,0.386,0.1939
15.01.2009 14:00,0.2449,0.2166,0.1145,0.1348,0.2038,0.2155,0.0794
15.01.2009 15:00,0.1153,0.0824,0.0304,0.0334,0.0729,0.0822,0.042
15.01.2009 16:00,0.0,0.0,0.0,0.0,0.0,0.0,0.0
15.01.2009 17:00,0.0,0.0,0.0,0.0,0.0,0.0,0.0
15.01.2009 18:00,0.0,0.0,0.0,0.0,0.0,0.0,0.0
15.01.2009 19:00,0.0,0.0,0.0,0.0,0.0,0.0,0.0
15.01.2009 20:00,0.0,0.0,0.0,0.0,0.0,0.0,0.0
15.01.2009 21:00,0.0,0.0,0.0,0.0,0.0,0.0,0.0
15.01.2009 22:00,0.0,0.0,0.0,0.0,0.0,0.0,0.0
15.01.2009 23:00,0.0,0.0,0.0,0.0,0.0,0.0,0.0
16.01.2009 00:00,0.0,0.0,0.0,0.0,0.0,0.0,0.0
16.01.2009 01:00,0.0,0.0,0.0,0.0,0.0,0.0,0.0
16.01.2009 02:00,0.0,0.0,0.0,0.0,0.0,0.0,0.0
16.01.2009 03:00,0.0,0.0,0.0,0.0,0.0,0.0,0.0
16.01.2009 04:00,0.0,0.0,0.0,0.0,0.0,0.0,0.0
16.01.2009 05:00,0.0,0.0,0.0,0.0,0.0,0.0,0.0
16.01.2009 06:00,0.0,0.0,0.0,0.0,0.0,0.0,0.0
16.01.2009 07:00,0.0,0.0,0.0,0.0,0.0288,0.0,0.0636
16.01.2009 08:00,0.0958,0.1063,0.0728,0.0656,0.1099,0.1179,0.165
16.01.2009 09:00,0.2031,0.2368,0.1138,0.1352,0.1846,0.2907,0.3462
16.01.2009 10:00,0.268,0.3342,0.1531,0.1428,0.2445,0.2939,0.4807
16.01.2009 11:00,0.422,0.4724,0.2172,0.2681,0.2703,0.4067,0.5208
16.01.2009 12:00,0.3992,0.3888,0.2122,0.3973,0.2668,0.4318,0.5801
16.01.2009 13:00,0.3646,0.3601,0.2183,0.3552,0.261,0.3504,0.5298
16.01.2009 14:00,0.2572,0.2654,0.1919,0.1824,0.1693,0.2509,0.2945
16.01.2009 15:00,0.1064,0.1024,0.0685,0.0606,0.0624,0.0786,0.1346
16.01.2009 16:00,0.0,0.0,0.0,0.0,0.0,0.0,0.0
16.01.2009 17:00,0.0,0.0,0.0,0.0,0.0,0.0,0.0
16.01.2009 18:00,0.0,0.0,0.0,0.0,0.0,0.0,0.0
16.01.2009 19:00,0.0,0.0,0.0,0.0,0.0,0.0,0.0
16.01.2009 20:00,0.0,0.0,0.0,0.0,0.0,0.0,0.0
16.01.2009 21:00,0.0,0.0,0.0,0.0,0.0,0.0,0.0
16.01.2009 22:00,0.0,0.0,0.0,0.0,0.0,0.0,0.0
16.01.2009 23:00,0.0,0.0,0.0,0.0,0.0,0.0,0.0
17.01.2009 00:00,0.0,0.0,0.0,0.0,0.0,0.0,0.0
17.01.2009 01:00,0.0,0.0,0.0,0.0,0.0,0.0,0.0
17.01.2009 02:00,0.0,0.0,0.0,0.0,0.0,0.0,0.0
17.01.2009 03:00,0.0,0.0,0.0,0.0,0.0,0.0,0.0
17.01.2009 04:00,0.0,0.0,0.0,0.0,0.0,0.0,0.0
17.01.2009 05:00,0.0,0.0,0.0,0.0,0.0,0.0,0.0
17.01.2009 06:00,0.0,0.0,0.0,0.0,0.0,0.0,0.0
17.01.2009 07:00,0.0,0.0,0.0,0.0,0.0359,0.0,0.0679
17.01.2009 08:00,0.2058,0.2428,0.1335,0.2198,0.1182,0.2725,0.0662
17.01.2009 09:00,0.377,0.3781,0.2371,0.2631,0.2825,0.4243,0.2428
17.01.2009 10:00,0.3195,0.4102,0.252,0.3366,0.385,0.523,0.4166
17.01.2009 11:00,0.276,0.4235,0.3045,0.3709,0.4765,0.3628,0.5092
17.01.2009 12:00,0.2671,0.4,0.2629,0.3316,0.3182,0.4137,0.5182
17.01.2009 13:00,0.2703,0.3467,0.2774,0.3087,0.2883,0.3901,0.5175
17.01.2009 14:00,0.2728,0.2206,0.2098,0.3036,0.2441,0.2902,0.2854
17.01.2009 15:00,0.1429,0.1753,0.085,0.1133,0.1446,0.202,0.1606
17.01.2009 16:00,0.0003,0.0,0.0,0.0,0.0,0.0,0.0
17.01.2009 17:00,0.0,0.0,0.0,0.0,0.0,0.0,0.0
17.01.2009 18:00,0.0,0.0,0.0,0.0,0.0,0.0,0.0
17.01.2009 19:00,0.0,0.0,0.0,0.0,0.0,0.0,0.0
17.01.2009 20:00,0.0,0.0,0.0,0.0,0.0,0.0,0.0
17.01.2009 21:00,0.0,0.0,0.0,0.0,0.0,0.0,0.0
17.01.2009 22:00,0.0,0.0,0.0,0.0,0.0,0.0,0.0
17.01.2009 23:00,0.0,0.0,0.0,0.0,0.0,0.0,0.0
18.01.2009 00:00,0.0,0.0,0.0,0.0,0.0,0.0,0.0
18.01.2009 01:00,0.0,0.0,0.0,0.0,0.0,0.0,0.0
18.01.2009 02:00,0.0,0.0,0.0,0.0,0.0,0.0,0.0
18.01.2009 03:00,0.0,0.0,0.0,0.0,0.0,0.0,0.0
18.01.2009 04:00,0.0,0.0,0.0,0.0,0.0,0.0,0.0
18.01.2009 05:00,0.0,0.0,0.0,0.0,0.0,0.0,0.0
18.01.2009 06:00,0.0,0.0,0.0,0.0,0.0,0.0,0.0
18.01.2009 07:00,0.0,0.0,0.0,0.0,0.0372,0.0039,0.058
18.01.2009 08:00,0.0399,0.0187,0.0151,0.0149,0.0746,0.0329,0.0287
18.01.2009 09:00,0.1116,0.0833,0.0313,0.0347,0.0894,0.0543,0.0404
18.01.2009 10:00,0.1705,0.1378,0.052,0.0478,0.1222,0.1551,0.0722
18.01.2009 11:00,0.1249,0.0856,0.0582,0.0758,0.1698,0.2496,0.079
18.01.2009 12:00,0.062,0.0547,0.0513,0.0335,0.114,0.0681,0.0478
18.01.2009 13:00,0.0989,0.0846,0.0387,0.0386,0.1307,0.103,0.0623
18.01.2009 14:00,0.08,0.0382,0.0239,0.0217,0.0812,0.0581,0.0437
18.01.2009 15:00,0.1127,0.0402,0.014,0.0049,0.0402,0.0171,0.0105
18.01.2009 16:00,0.0015,0.0,0.0,0.0,0.0,0.0,0.0
18.01.2009 17:00,0.0,0.0,0.0,0.0,0.0,0.0,0.0
18.01.2009 18:00,0.0,0.0,0.0,0.0,0.0,0.0,0.0
18.01.2009 19:00,0.0,0.0,0.0,0.0,0.0,0.0,0.0
18.01.2009 20:00,0.0,0.0,0.0,0.0,0.0,0.0,0.0
18.01.2009 21:00,0.0,0.0,0.0,0.0,0.0,0.0,0.0
18.01.2009 22:00,0.0,0.0,0.0,0.0,0.0,0.0,0.0
18.01.2009 23:00,0.0,0.0,0.0,0.0,0.0,0.0,0.0
19.01.2009 00:00,0.0,0.0,0.0,0.0,0.0,0.0,0.0
19.01.2009 01:00,0.0,0.0,0.0,0.0,0.0,0.0,0.0
19.01.2009 02:00,0.0,0.0,0.0,0.0,0.0,0.0,0.0
19.01.2009 03:00,0.0,0.0,0.0,0.0,0.0,0.0,0.0
19.01.2009 04:00,0.0,0.0,0.0,0.0,0.0,0.0,0.0
19.01.2009 05:00,0.0,0.0,0.0,0.0,0.0,0.0,0.0
19.01.2009 06:00,0.0,0.0,0.0,0.0,0.0,0.0,0.0
19.01.2009 07:00,0.005,0.0,0.0,0.0,0.0293,0.0388,0.0336
19.01.2009 08:00,0.0473,0.0664,0.0416,0.0229,0.0781,0.025,0.15
19.01.2009 09:00,0.0968,0.0846,0.053,0.0523,0.1577,0.0666,0.2197
19.01.2009 10:00,0.0865,0.1269,0.0878,0.1092,0.177,0.0822,0.2806
19.01.2009 11:00,0.1246,0.1041,0.0414,0.1361,0.2084,0.2469,0.1408
19.01.2009 12:00,0.1359,0.1352,0.1148,0.0506,0.1759,0.1559,0.1247
19.01.2009 13:00,0.1267,0.1489,0.0453,0.0684,0.2062,0.1967,0.0748
19.01.2009 14:00,0.1129,0.1075,0.0522,0.0487,0.1615,0.1359,0.0279
19.01.2009 15:00,0.0702,0.0434,0.038,0.0128,0.0651,0.0607,0.0276
19.01.2009 16:00,0.0042,0.0,0.0,0.0,0.0,0.0,0.0
19.01.2009 17:00,0.0,0.0,0.0,0.0,0.0,0.0,0.0
19.01.2009 18:00,0.0,0.0,0.0,0.0,0.0,0.0,0.0
19.01.2009 19:00,0.0,0.0,0.0,0.0,0.0,0.0,0.0
19.01.2009 20:00,0.0,0.0,0.0,0.0,0.0,0.0,0.0
19.01.2009 21:00,0.0,0.0,0.0,0.0,0.0,0.0,0.0
19.01.2009 22:00,0.0,0.0,0.0,0.0,0.0,0.0,0.0
19.01.2009 23:00,0.0,0.0,0.0,0.0,0.0,0.0,0.0
20.01.2009 00:00,0.0,0.0,0.0,0.0,0.0,0.0,0.0
20.01.2009 01:00,0.0,0.0,0.0,0.0,0.0,0.0,0.0
20.01.2009 02:00,0.0,0.0,0.0,0.0,0.0,0.0,0.0
20.01.2009 03:00,0.0,0.0,0.0,0.0,0.0,0.0,0.0
20.01.2009 04:00,0.0,0.0,0.0,0.0,0.0,0.0,0.0
20.01.2009 05:00,0.0,0.0,0.0,0.0,0.0,0.0,0.0
20.01.2009 06:00,0.0,0.0,0.0,0.0,0.0,0.0,0.0
20.01.2009 07:00,0.0228,0.0057,0.0,0.0189,0.0222,0.0454,0.0172
20.01.2009 08:00,0.059,0.0634,0.0411,0.0208,0.0861,0.0546,0.0637
20.01.2009 09:00,0.0942,0.1136,0.0759,0.0554,0.0947,0.0926,0.0481
20.01.2009 10:00,0.1533,0.1214,0.0587,0.0322,0.0433,0.0499,0.0613
20.01.2009 11:00,0.1606,0.1723,0.1529,0.0383,0.0644,0.0743,0.0376
20.01.2009 12:00,0.1394,0.1848,0.1619,0.089,0.0804,0.0676,0.0518
20.01.2009 13:00,0.1138,0.1671,0.1191,0.0717,0.0928,0.062,0.0232
20.01.2009 14:00,0.0955,0.1085,0.0756,0.0578,0.0549,0.0405,0.0135
20.01.2009 15:00,0.0575,0.0618,0.0405,0.0401,0.0382,0.0438,0.0066
20.01.2009 16:00,0.0072,0.0009,0.0,0.0,0.0,0.0,0.0
20.01.2009 17:00,0.0,0.0,0.0,0.0,0.0,0.0,0.0
20.01.2009 18:00,0.0,0.0,0.0,0.0,0.0,0.0,0.0
20.01.2009 19:00,0.0,0.0,0.0,0.0,0.0,0.0,0.0
20.01.2009 20:00,0.0,0.0,0.0,0.0,0.0,0.0,0.0
20.01.2009 21:00,0.0,0.0,0.0,0.0,0.0,0.0,0.0
20.01.2009 22:00,0.0,0.0,0.0,0.0,0.0,0.0,0.0
20.01.2009 23:00,0.0,0.0,0.0,0.0,0.0,0.0,0.0
21.01.2009 00:00,0.0,0.0,0.0,0.0,0.0,0.0,0.0
21.01.2009 01:00,0.0,0.0,0.0,0.0,0.0,0.0,0.0
21.01.2009 02:00,0.0,0.0,0.0,0.0,0.0,0.0,0.0
21.01.2009 03:00,0.0,0.0,0.0,0.0,0.0,0.0,0.0
21.01.2009 04:00,0.0,0.0,0.0,0.0,0.0,0.0,0.0
21.01.2009 05:00,0.0,0.0,0.0,0.0,0.0,0.0,0.0
21.01.2009 06:00,0.0,0.0,0.0,0.0,0.0,0.0,0.0
21.01.2009 07:00,0.0278,0.0083,0.0,0.0607,0.0156,0.0439,0.0111
21.01.2009 08:00,0.1518,0.1539,0.1111,0.0591,0.0488,0.0615,0.054
21.01.2009 09:00,0.2139,0.2488,0.1137,0.1312,0.1066,0.1663,0.1583
21.01.2009 10:00,0.2064,0.2378,0.1308,0.1194,0.1607,0.1634,0.3096
21.01.2009 11:00,0.1838,0.271,0.2342,0.1021,0.2311,0.2233,0.4076
21.01.2009 12:00,0.1475,0.2184,0.2799,0.1543,0.1314,0.2094,0.409
21.01.2009 13:00,0.1365,0.2155,0.2326,0.2097,0.0732,0.1804,0.405
21.01.2009 14:00,0.0959,0.1681,0.0885,0.1333,0.0765,0.1027,0.2275
21.01.2009 15:00,0.0726,0.0975,0.0549,0.0836,0.0393,0.0514,0.0634
21.01.2009 16:00,0.0068,0.0048,0.0,0.0,0.0,0.0,0.0
21.01.2009 17:00,0.0,0.0,0.0,0.0,0.0,0.0,0.0
21.01.2009 18:00,0.0,0.0,0.0,0.0,0.0,0.0,0.0
21.01.2009 19:00,0.0,0.0,0.0,0.0,0.0,0.0,0.0
21.01.2009 20:00,0.0,0.0,0.0,0.0,0.0,0.0,0.0
21.01.2009 21:00,0.0,0.0,0.0,0.0,0.0,0.0,0.0
21.01.2009 22:00,0.0,0.0,0.0,0.0,0.0,0.0,0.0
21.01.2009 23:00,0.0,0.0,0.0,0.0,0.0,0.0,0.0
22.01.2009 00:00,0.0,0.0,0.0,0.0,0.0,0.0,0.0
22.01.2009 01:00,0.0,0.0,0.0,0.0,0.0,0.0,0.0
22.01.2009 02:00,0.0,0.0,0.0,0.0,0.0,0.0,0.0
22.01.2009 03:00,0.0,0.0,0.0,0.0,0.0,0.0,0.0
22.01.2009 04:00,0.0,0.0,0.0,0.0,0.0,0.0,0.0
22.01.2009 05:00,0.0,0.0,0.0,0.0,0.0,0.0,0.0
22.01.2009 06:00,0.0,0.0,0.0,0.0,0.0,0.0,0.0
22.01.2009 07:00,0.0288,0.0131,0.0101,0.0872,0.0102,0.0441,0.0078
22.01.2009 08:00,0.1156,0.1477,0.1094,0.0812,0.0913,0.0963,0.164
22.01.2009 09:00,0.2122,0.2925,0.2272,0.1353,0.1224,0.221,0.3023
22.01.2009 10:00,0.2892,0.3707,0.37,0.1078,0.1356,0.2623,0.4005
22.01.2009 11:00,0.3078,0.432,0.4825,0.255,0.1388,0.2958,0.4275
22.01.2009 12:00,0.2839,0.4385,0.4764,0.3981,0.134,0.2781,0.4146
22.01.2009 13:00,0.2665,0.4212,0.5467,0.4446,0.1438,0.2801,0.4022
22.01.2009 14:00,0.2177,0.3314,0.4756,0.3551,0.1178,0.2332,0.2791
22.01.2009 15:00,0.1296,0.18,0.2502,0.1988,0.0914,0.1339,0.1713
22.01.2009 16:00,0.0056,0.0084,0.0,0.0,0.0,0.0,0.0
22.01.2009 17:00,0.0,0.0,0.0,0.0,0.0,0.0,0.0
22.01.2009 18:00,0.0,0.0,0.0,0.0,0.0,0.0,0.0
22.01.2009 19:00,0.0,0.0,0.0,0.0,0.0,0.0,0.0
22.01.2009 20:00,0.0,0.0,0.0,0.0,0.0,0.0,0.0
22.01.2009 21:00,0.0,0.0,0.0,0.0,0.0,0.0,0.0
22.01.2009 22:00,0.0,0.0,0.0,0.0,0.0,0.0,0.0
22.01.2009 23:00,0.0,0.0,0.0,0.0,0.0,0.0,0.0
23.01.2009 00:00,0.0,0.0,0.0,0.0,0.0,0.0,0.0
23.01.2009 01:00,0.0,0.0,0.0,0.0,0.0,0.0,0.0
23.01.2009 02:00,0.0,0.0,0.0,0.0,0.0,0.0,0.0
23.01.2009 03:00,0.0,0.0,0.0,0.0,0.0,0.0,0.0
23.01.2009 04:00,0.0,0.0,0.0,0.0,0.0,0.0,0.0
23.01.2009 05:00,0.0,0.0,0.0,0.0,0.0,0.0,0.0
23.01.2009 06:00,0.0,0.0,0.0,0.0,0.0,0.0,0.0
23.01.2009 07:00,0.0283,0.0177,0.0349,0.0495,0.0092,0.0445,0.0056
23.01.2009 08:00,0.1047,0.1016,0.0843,0.101,0.0908,0.0836,0.1522
23.01.2009 09:00,0.1919,0.1808,0.1641,0.1625,0.1592,0.1516,0.2972
23.01.2009 10:00,0.2484,0.2327,0.203,0.207,0.2036,0.1873,0.3885
23.01.2009 11:00,0.0587,0.0935,0.0956,0.0638,0.0963,0.0588,0.0735
23.01.2009 12:00,0.0794,0.131,0.0984,0.0837,0.1239,0.1199,0.0915
23.01.2009 13:00,0.0996,0.0959,0.0338,0.0402,0.1448,0.139,0.1041
23.01.2009 14:00,0.0596,0.0456,0.0565,0.023,0.0453,0.025,0.0479
23.01.2009 15:00,0.0865,0.0644,0.0482,0.0489,0.017,0.0436,0.0253
23.01.2009 16:00,0.0042,0.0074,0.0,0.0,0.0,0.0,0.0
23.01.2009 17:00,0.0,0.0,0.0,0.0,0.0,0.0,0.0
23.01.2009 18:00,0.0,0.0,0.0,0.0,0.0,0.0,0.0
23.01.2009 19:00,0.0,0.0,0.0,0.0,0.0,0.0,0.0
23.01.2009 20:00,0.0,0.0,0.0,0.0,0.0,0.0,0.0
23.01.2009 21:00,0.0,0.0,0.0,0.0,0.0,0.0,0.0
23.01.2009 22:00,0.0,0.0,0.0,0.0,0.0,0.0,0.0
23.01.2009 23:00,0.0,0.0,0.0,0.0,0.0,0.0,0.0
24.01.2009 00:00,0.0,0.0,0.0,0.0,0.0,0.0,0.0
24.01.2009 01:00,0.0,0.0,0.0,0.0,0.0,0.0,0.0
24.01.2009 02:00,0.0,0.0,0.0,0.0,0.0,0.0,0.0
24.01.2009 03:00,0.0,0.0,0.0,0.0,0.0,0.0,0.0
24.01.2009 04:00,0.0,0.0,0.0,0.0,0.0,0.0,0.0
24.01.2009 05:00,0.0,0.0,0.0,0.0,0.0,0.0,0.0
24.01.2009 06:00,0.0,0.0,0.0,0.0,0.0,0.0,0.0
24.01.2009 07:00,0.0224,0.0295,0.0599,0.0202,0.0052,0.0252,0.0041
24.01.2009 08:00,0.0449,0.0315,0.0248,0.0905,0.1622,0.0589,0.0764
24.01.2009 09:00,0.0782,0.0884,0.0552,0.1739,0.2386,0.16,0.196
24.01.2009 10:00,0.1818,0.194,0.1795,0.1807,0.2949,0.2895,0.2647
24.01.2009 11:00,0.1928,0.2387,0.2001,0.4024,0.3434,0.3604,0.2772
24.01.2009 12:00,0.2979,0.2271,0.2832,0.3326,0.3247,0.2003,0.332
24.01.2009 13:00,0.299,0.2736,0.0769,0.1584,0.2752,0.1969,0.3066
24.01.2009 14:00,0.0895,0.1455,0.0792,0.0417,0.1384,0.1579,0.222
24.01.2009 15:00,0.0269,0.0344,0.0498,0.0787,0.0993,0.1064,0.1132
24.01.2009 16:00,0.0031,0.0057,0.0112,0.0,0.0,0.0063,0.0119
24.01.2009 17:00,0.0,0.0,0.0,0.0,0.0,0.0,0.0
24.01.2009 18:00,0.0,0.0,0.0,0.0,0.0,0.0,0.0
24.01.2009 19:00,0.0,0.0,0.0,0.0,0.0,0.0,0.0
24.01.2009 20:00,0.0,0.0,0.0,0.0,0.0,0.0,0.0
24.01.2009 21:00,0.0,0.0,0.0,0.0,0.0,0.0,0.0
24.01.2009 22:00,0.0,0.0,0.0,0.0,0.0,0.0,0.0
24.01.2009 23:00,0.0,0.0,0.0,0.0,0.0,0.0,0.0
25.01.2009 00:00,0.0,0.0,0.0,0.0,0.0,0.0,0.0
25.01.2009 01:00,0.0,0.0,0.0,0.0,0.0,0.0,0.0
25.01.2009 02:00,0.0,0.0,0.0,0.0,0.0,0.0,0.0
25.01.2009 03:00,0.0,0.0,0.0,0.0,0.0,0.0,0.0
25.01.2009 04:00,0.0,0.0,0.0,0.0,0.0,0.0,0.0
25.01.2009 05:00,0.0,0.0,0.0,0.0,0.0,0.0,0.0
25.01.2009 06:00,0.0,0.0,0.0,0.0,0.0,0.0,0.0
25.01.2009 07:00,0.0216,0.0355,0.0476,0.0116,0.0034,0.0116,0.003
25.01.2009 08:00,0.1309,0.1976,0.3234,0.3341,0.1389,0.2534,0.2176
25.01.2009 09:00,0.1818,0.3513,0.5357,0.5335,0.2676,0.2873,0.3044
25.01.2009 10:00,0.2021,0.4393,0.6677,0.6431,0.2586,0.3509,0.3714
25.01.2009 11:00,0.2076,0.4777,0.7292,0.7195,0.2756,0.3996,0.2856
25.01.2009 12:00,0.2099,0.4613,0.7225,0.7139,0.2722,0.3878,0.2504
25.01.2009 13:00,0.2272,0.4432,0.6559,0.6513,0.2802,0.3635,0.2577
25.01.2009 14:00,0.2082,0.3626,0.5087,0.4988,0.2058,0.2948,0.2125
25.01.2009 15:00,0.1279,0.1978,0.2906,0.2753,0.1062,0.1632,0.123
25.01.2009 16:00,0.002,0.0037,0.0094,0.0,0.0001,0.0089,0.0089
25.01.2009 17:00,0.0,0.0,0.0,0.0,0.0,0.0,0.0
25.01.2009 18:00,0.0,0.0,0.0,0.0,0.0,0.0,0.0
25.01.2009 19:00,0.0,0.0,0.0,0.0,0.0,0.0,0.0
25.01.2009 20:00,0.0,0.0,0.0,0.0,0.0,0.0,0.0
25.01.2009 21:00,0.0,0.0,0.0,0.0,0.0,0.0,0.0
25.01.2009 22:00,0.0,0.0,0.0,0.0,0.0,0.0,0.0
25.01.2009 23:00,0.0,0.0,0.0,0.0,0.0,0.0,0.0
26.01.2009 00:00,0.0,0.0,0.0,0.0,0.0,0.0,0.0
26.01.2009 01:00,0.0,0.0,0.0,0.0,0.0,0.0,0.0
26.01.2009 02:00,0.0,0.0,0.0,0.0,0.0,0.0,0.0
26.01.2009 03:00,0.0,0.0,0.0,0.0,0.0,0.0,0.0
26.01.2009 04:00,0.0,0.0,0.0,0.0,0.0,0.0,0.0
26.01.2009 05:00,0.0,0.0,0.0,0.0,0.0,0.0,0.0
26.01.2009 06:00,0.0,0.0,0.0,0.0,0.0,0.0,0.0
26.01.2009 07:00,0.0111,0.04,0.0377,0.0074,0.0026,0.0071,0.0022
26.01.2009 08:00,0.1092,0.1182,0.1567,0.2457,0.1293,0.1594,0.1066
26.01.2009 09:00,0.2237,0.2943,0.3008,0.4504,0.2243,0.3283,0.2753
26.01.2009 10:00,0.3107,0.3979,0.2916,0.4358,0.3432,0.3324,0.3994
26.01.2009 11:00,0.3054,0.5347,0.3244,0.5317,0.4671,0.5469,0.4536
26.01.2009 12:00,0.3573,0.5189,0.4612,0.5637,0.4715,0.5966,0.394
26.01.2009 13:00,0.2454,0.4621,0.5079,0.5558,0.3043,0.33,0.4704
26.01.2009 14:00,0.233,0.2955,0.3522,0.4279,0.2336,0.2093,0.2895
26.01.2009 15:00,0.174,0.1419,0.114,0.1974,0.1649,0.1867,0.1773
26.01.2009 16:00,0.0013,0.0024,0.0071,0.0112,0.0023,0.0066,0.0057
26.01.2009 17:00,0.0,0.0,0.0,0.0,0.0,0.0,0.0
26.01.2009 18:00,0.0,0.0,0.0,0.0,0.0,0.0,0.0
26.01.2009 19:00,0.0,0.0,0.0,0.0,0.0,0.0,0.0
26.01.2009 20:00,0.0,0.0,0.0,0.0,0.0,0.0,0.0
26.01.2009 21:00,0.0,0.0,0.0,0.0,0.0,0.0,0.0
26.01.2009 22:00,0.0,0.0,0.0,0.0,0.0,0.0,0.0
26.01.2009 23:00,0.0,0.0,0.0,0.0,0.0,0.0,0.0
27.01.2009 00:00,0.0,0.0,0.0,0.0,0.0,0.0,0.0
27.01.2009 01:00,0.0,0.0,0.0,0.0,0.0,0.0,0.0
27.01.2009 02:00,0.0,0.0,0.0,0.0,0.0,0.0,0.0
27.01.2009 03:00,0.0,0.0,0.0,0.0,0.0,0.0,0.0
27.01.2009 04:00,0.0,0.0,0.0,0.0,0.0,0.0,0.0
27.01.2009 05:00,0.0,0.0,0.0,0.0,0.0,0.0,0.0
27.01.2009 06:00,0.0,0.0,0.0,0.0,0.0,0.0,0.0
27.01.2009 07:00,0.0167,0.0285,0.017,0.005,0.0022,0.0047,0.0016
27.01.2009 08:00,0.1044,0.0702,0.0703,0.0364,0.0563,0.0304,0.0503
27.01.2009 09:00,0.1849,0.2269,0.177,0.1067,0.1297,0.1256,0.2082
27.01.2009 10:00,0.3824,0.3198,0.2805,0.1246,0.22,0.1031,0.4276
27.01.2009 11:00,0.3811,0.3678,0.2994,0.1559,0.2913,0.1197,0.4811
27.01.2009 12:00,0.3383,0.4167,0.214,0.1076,0.26,0.1696,0.4599
27.01.2009 13:00,0.3823,0.3548,0.1022,0.0608,0.1973,0.1458,0.523
27.01.2009 14:00,0.2324,0.2459,0.0738,0.0943,0.0954,0.174,0.4103
27.01.2009 15:00,0.1384,0.1239,0.0664,0.1902,0.04,0.106,0.1562
27.01.2009 16:00,0.0008,0.0016,0.0043,0.0088,0.0066,0.0045,0.0035
27.01.2009 17:00,0.0,0.0,0.0,0.0,0.0,0.0,0.0
27.01.2009 18:00,0.0,0.0,0.0,0.0,0.0,0.0,0.0
27.01.2009 19:00,0.0,0.0,0.0,0.0,0.0,0.0,0.0
27.01.2009 20:00,0.0,0.0,0.0,0.0,0.0,0.0,0.0
27.01.2009 21:00,0.0,0.0,0.0,0.0,0.0,0.0,0.0
27.01.2009 22:00,0.0,0.0,0.0,0.0,0.0,0.0,0.0
27.01.2009 23:00,0.0,0.0,0.0,0.0,0.0,0.0,0.0
28.01.2009 00:00,0.0,0.0,0.0,0.0,0.0,0.0,0.0
28.01.2009 01:00,0.0,0.0,0.0,0.0,0.0,0.0,0.0
28.01.2009 02:00,0.0,0.0,0.0,0.0,0.0,0.0,0.0
28.01.2009 03:00,0.0,0.0,0.0,0.0,0.0,0.0,0.0
28.01.2009 04:00,0.0,0.0,0.0,0.0,0.0,0.0,0.0
28.01.2009 05:00,0.0,0.0,0.0,0.0,0.0,0.0,0.0
28.01.2009 06:00,0.0,0.0,0.0,0.0,0.0,0.0,0.0
28.01.2009 07:00,0.0276,0.0223,0.0088,0.0035,0.0096,0.0033,0.0012
28.01.2009 08:00,0.0979,0.0989,0.064,0.0482,0.1512,0.0812,0.2236
28.01.2009 09:00,0.1478,0.1747,0.0819,0.0692,0.1932,0.0758,0.3467
28.01.2009 10:00,0.1573,0.1879,0.0854,0.0461,0.2385,0.055,0.4945
28.01.2009 11:00,0.1842,0.2104,0.1583,0.0494,0.2067,0.0457,0.4718
28.01.2009 12:00,0.1756,0.1878,0.2093,0.037,0.1834,0.0364,0.349
28.01.2009 13:00,0.1808,0.1703,0.0709,0.0455,0.1795,0.0779,0.248
28.01.2009 14:00,0.1589,0.1223,0.0414,0.0325,0.1756,0.0473,0.1438
28.01.2009 15:00,0.1101,0.0699,0.024,0.0614,0.046,0.0584,0.188
28.01.2009 16:00,0.0005,0.001,0.0027,0.0054,0.0069,0.0028,0.0022
28.01.2009 17:00,0.0,0.0,0.0,0.0,0.0,0.0,0.0
28.01.2009 18:00,0.0,0.0,0.0,0.0,0.0,0.0,0.0
28.01.2009 19:00,0.0,0.0,0.0,0.0,0.0,0.0,0.0
28.01.2009 20:00,0.0,0.0,0.0,0.0,0.0,0.0,0.0
28.01.2009 21:00,0.0,0.0,0.0,0.0,0.0,0.0,0.0
28.01.2009 22:00,0.0,0.0,0.0,0.0,0.0,0.0,0.0
28.01.2009 23:00,0.0,0.0,0.0,0.0,0.0,0.0,0.0
29.01.2009 00:00,0.0,0.0,0.0,0.0,0.0,0.0,0.0
29.01.2009 01:00,0.0,0.0,0.0,0.0,0.0,0.0,0.0
29.01.2009 02:00,0.0,0.0,0.0,0.0,0.0,0.0,0.0
29.01.2009 03:00,0.0,0.0,0.0,0.0,0.0,0.0,0.0
29.01.2009 04:00,0.0,0.0,0.0,0.0,0.0,0.0,0.0
29.01.2009 05:00,0.0,0.0,0.0,0.0,0.0,0.0,0.0
29.01.2009 06:00,0.0,0.0,0.0,0.0,0.0,0.0,0.0
29.01.2009 07:00,0.0107,0.0092,0.0054,0.0025,0.0044,0.0023,0.0008
29.01.2009 08:00,0.0898,0.0813,0.0742,0.0147,0.0743,0.0453,0.1762
29.01.2009 09:00,0.1441,0.1214,0.0557,0.0549,0.13,0.0966,0.3574
29.01.2009 10:00,0.1457,0.1168,0.0404,0.0576,0.1648,0.0642,0.4816
29.01.2009 11:00,0.1473,0.1282,0.0479,0.0583,0.1729,0.0706,0.5064
29.01.2009 12:00,0.1401,0.123,0.0339,0.0509,0.1545,0.0483,0.4903
29.01.2009 13:00,0.1452,0.123,0.0396,0.0389,0.1431,0.0535,0.4628
29.01.2009 14:00,0.1269,0.1008,0.0291,0.0425,0.1079,0.0516,0.3217
29.01.2009 15:00,0.0866,0.0528,0.019,0.0333,0.067,0.0292,0.1952
29.01.2009 16:00,0.0003,0.0006,0.0017,0.0032,0.005,0.0017,0.0014
29.01.2009 17:00,0.0,0.0,0.0,0.0,0.0,0.0,0.0
29.01.2009 18:00,0.0,0.0,0.0,0.0,0.0,0.0,0.0
29.01.2009 19:00,0.0,0.0,0.0,0.0,0.0,0.0,0.0
29.01.2009 20:00,0.0,0.0,0.0,0.0,0.0,0.0,0.0
29.01.2009 21:00,0.0,0.0,0.0,0.0,0.0,0.0,0.0
29.01.2009 22:00,0.0,0.0,0.0,0.0,0.0,0.0,0.0
29.01.2009 23:00,0.0,0.0,0.0,0.0,0.0,0.0,0.0
30.01.2009 00:00,0.0,0.0,0.0,0.0,0.0,0.0,0.0
30.01.2009 01:00,0.0,0.0,0.0,0.0,0.0,0.0,0.0
30.01.2009 02:00,0.0,0.0,0.0,0.0,0.0,0.0,0.0
30.01.2009 03:00,0.0,0.0,0.0,0.0,0.0,0.0,0.0
30.01.2009 04:00,0.0,0.0,0.0,0.0,0.0,0.0,0.0
30.01.2009 05:00,0.0,0.0,0.0,0.0,0.0,0.0,0.0
30.01.2009 06:00,0.0,0.0,0.0,0.0,0.0,0.0,0.0
30.01.2009 07:00,0.0052,0.0052,0.0036,0.0017,0.0099,0.0016,0.0006
30.01.2009 08:00,0.105,0.0832,0.0411,0.0482,0.0996,0.0738,0.2007
30.01.2009 09:00,0.166,0.1689,0.055,0.1006,0.1663,0.1608,0.3745
30.01.2009 10:00,0.1802,0.205,0.0447,0.0821,0.2111,0.16,0.5053
30.01.2009 11:00,0.1923,0.284,0.0521,0.1054,0.2121,0.1922,0.5327
30.01.2009 12:00,0.178,0.2881,0.0477,0.1244,0.1871,0.1695,0.5251
30.01.2009 13:00,0.1768,0.2917,0.0528,0.118,0.1761,0.1681,0.4922
30.01.2009 14:00,0.1486,0.2514,0.0445,0.0957,0.1358,0.1425,0.3338
30.01.2009 15:00,0.1016,0.1284,0.03,0.0596,0.0753,0.0821,0.2062
30.01.2009 16:00,0.0002,0.0003,0.001,0.002,0.0033,0.0011,0.0008
30.01.2009 17:00,0.0,0.0,0.0,0.0,0.0,0.0,0.0
30.01.2009 18:00,0.0,0.0,0.0,0.0,0.0,0.0,0.0
30.01.2009 19:00,0.0,0.0,0.0,0.0,0.0,0.0,0.0
30.01.2009 20:00,0.0,0.0,0.0,0.0,0.0,0.0,0.0
30.01.2009 21:00,0.0,0.0,0.0,0.0,0.0,0.0,0.0
30.01.2009 22:00,0.0,0.0,0.0,0.0,0.0,0.0,0.0
30.01.2009 23:00,0.0,0.0,0.0,0.0,0.0,0.0,0.0
31.01.2009 00:00,0.0,0.0,0.0,0.0,0.0,0.0,0.0
31.01.2009 01:00,0.0,0.0,0.0,0.0,0.0,0.0,0.0
31.01.2009 02:00,0.0,0.0,0.0,0.0,0.0,0.0,0.0
31.01.2009 03:00,0.0,0.0,0.0,0.0,0.0,0.0,0.0
31.01.2009 04:00,0.0,0.0,0.0,0.0,0.0,0.0,0.0
31.01.2009 05:00,0.0,0.0,0.0,0.0,0.0,0.0,0.0
31.01.2009 06:00,0.0,0.0,0.0,0.0,0.0,0.0,0.0
31.01.2009 07:00,0.0031,0.0033,0.0024,0.0012,0.0145,0.0011,0.0004
31.01.2009 08:00,0.098,0.0786,0.04,0.0405,0.0875,0.0701,0.1768
31.01.2009 09:00,0.148,0.1412,0.0468,0.0598,0.1385,0.1354,0.2977
31.01.2009 10:00,0.1542,0.1375,0.0384,0.0447,0.1625,0.1175,0.3587
31.01.2009 11:00,0.1584,0.1408,0.0458,0.0522,0.164,0.1269,0.3325
31.01.2009 12:00,0.1342,0.1078,0.043,0.048,0.1266,0.0862,0.2226
31.01.2009 13:00,0.1338,0.1145,0.0391,0.0425,0.12,0.0774,0.1624
31.01.2009 14:00,0.1112,0.0947,0.0309,0.0292,0.0837,0.0593,0.0999
31.01.2009 15:00,0.082,0.0561,0.0214,0.0187,0.0466,0.0389,0.0462
31.01.2009 16:00,0.0001,0.0002,0.0006,0.0013,0.0021,0.0006,0.0005
31.01.2009 17:00,0.0,0.0,0.0,0.0,0.0,0.0,0.0
31.01.2009 18:00,0.0,0.0,0.0,0.0,0.0,0.0,0.0
31.01.2009 19:00,0.0,0.0,0.0,0.0,0.0,0.0,0.0
31.01.2009 20:00,0.0,0.0,0.0,0.0,0.0,0.0,0.0
31.01.2009 21:00,0.0,0.0,0.0,0.0,0.0,0.0,0.0
31.01.2009 22:00,0.0,0.0,0.0,0.0,0.0,0.0,0.0
31.01.2009 23:00,0.0,0.0,0.0,0.0,0.0,0.0,0.0
01.02.2009 00:00,0.0,0.0,0.0,0.0,0.0,0.0,0.0
01.02.2009 01:00,0.0,0.0,0.0,0.0,0.0,0.0,0.0
01.02.2009 02:00,0.0,0.0,0.0,0.0,0.0,0.0,0.0
01.02.2009 03:00,0.0,0.0,0.0,0.0,0.0,0.0,0.0
01.02.2009 04:00,0.0,0.0,0.0,0.0,0.0,0.0,0.0
01.02.2009 05:00,0.0,0.0,0.0,0.0,0.0,0.0,0.0
01.02.2009 06:00,0.0,0.0,0.0,0.0,0.0,0.0,0.0
01.02.2009 07:00,0.0019,0.0021,0.0016,0.0008,0.028,0.0007,0.017
01.02.2009 08:00,0.1133,0.076,0.0428,0.06,0.1479,0.0839,0.1086
01.02.2009 09:00,0.2191,0.1083,0.057,0.058,0.223,0.0904,0.129
01.02.2009 10:00,0.2588,0.1262,0.0536,0.0667,0.1965,0.0914,0.1309
01.02.2009 11:00,0.3532,0.1599,0.055,0.0502,0.1931,0.0892,0.193
01.02.2009 12:00,0.3378,0.2217,0.0415,0.0285,0.2805,0.0895,0.1719
01.02.2009 13:00,0.2137,0.15,0.0605,0.0252,0.2721,0.1652,0.0782
01.02.2009 14:00,0.176,0.1012,0.0385,0.0231,0.1694,0.1247,0.0743
01.02.2009 15:00,0.0883,0.0713,0.0509,0.0199,0.0579,0.0896,0.0781
01.02.2009 16:00,0.0035,0.0047,0.0003,0.0007,0.0013,0.0003,0.0002
01.02.2009 17:00,0.0,0.0,0.0,0.0,0.0,0.0,0.0
01.02.2009 18:00,0.0,0.0,0.0,0.0,0.0,0.0,0.0
01.02.2009 19:00,0.0,0.0,0.0,0.0,0.0,0.0,0.0
01.02.2009 20:00,0.0,0.0,0.0,0.0,0.0,0.0,0.0
01.02.2009 21:00,0.0,0.0,0.0,0.0,0.0,0.0,0.0
01.02.2009 22:00,0.0,0.0,0.0,0.0,0.0,0.0,0.0
01.02.2009 23:00,0.0,0.0,0.0,0.0,0.0,0.0,0.0
02.02.2009 00:00,0.0,0.0,0.0,0.0,0.0,0.0,0.0
02.02.2009 01:00,0.0,0.0,0.0,0.0,0.0,0.0,0.0
02.02.2009 02:00,0.0,0.0,0.0,0.0,0.0,0.0,0.0
02.02.2009 03:00,0.0,0.0,0.0,0.0,0.0,0.0,0.0
02.02.2009 04:00,0.0,0.0,0.0,0.0,0.0,0.0,0.0
02.02.2009 05:00,0.0,0.0,0.0,0.0,0.0,0.0,0.0
02.02.2009 06:00,0.0,0.0,0.0,0.0,0.0,0.0,0.0
02.02.2009 07:00,0.0015,0.0013,0.001,0.0004,0.0118,0.0042,0.0102
02.02.2009 08:00,0.0896,0.0265,0.0183,0.0355,0.1194,0.0703,0.0637
02.02.2009 09:00,0.1951,0.0678,0.0289,0.0806,0.2526,0.2009,0.1039
02.02.2009 10:00,0.2937,0.2244,0.0827,0.1795,0.3607,0.2942,0.0904
02.02.2009 11:00,0.3657,0.3492,0.1352,0.1315,0.386,0.3533,0.1657
02.02.2009 12:00,0.3603,0.3774,0.1858,0.1521,0.407,0.3814,0.1065
02.02.2009 13:00,0.4068,0.4039,0.2505,0.0828,0.3283,0.3627,0.0678
02.02.2009 14:00,0.2979,0.3375,0.3727,0.092,0.2558,0.2252,0.078
02.02.2009 15:00,0.1469,0.1857,0.202,0.0443,0.1176,0.1062,0.0621
02.02.2009 16:00,0.0077,0.0071,0.0001,0.0004,0.0007,0.0001,0.0001
02.02.2009 17:00,0.0,0.0,0.0,0.0,0.0,0.0,0.0
02.02.2009 18:00,0.0,0.0,0.0,0.0,0.0,0.0,0.0
02.02.2009 19:00,0.0,0.0,0.0,0.0,0.0,0.0,0.0
02.02.2009 20:00,0.0,0.0,0.0,0.0,0.0,0.0,0.0
02.02.2009 21:00,0.0,0.0,0.0,0.0,0.0,0.0,0.0
02.02.2009 22:00,0.0,0.0,0.0,0.0,0.0,0.0,0.0
02.02.2009 23:00,0.0,0.0,0.0,0.0,0.0,0.0,0.0
03.02.2009 00:00,0.0,0.0,0.0,0.0,0.0,0.0,0.0
03.02.2009 01:00,0.0,0.0,0.0,0.0,0.0,0.0,0.0
03.02.2009 02:00,0.0,0.0,0.0,0.0,0.0,0.0,0.0
03.02.2009 03:00,0.0,0.0,0.0,0.0,0.0,0.0,0.0
03.02.2009 04:00,0.0,0.0,0.0,0.0,0.0,0.0,0.0
03.02.2009 05:00,0.0,0.0,0.0,0.0,0.0,0.0,0.0
03.02.2009 06:00,0.0,0.0,0.0,0.0,0.0,0.0,0.0
03.02.2009 07:00,0.0015,0.0012,0.0006,0.0147,0.0304,0.0174,0.0038
03.02.2009 08:00,0.152,0.134,0.2282,0.3274,0.2124,0.2356,0.0868
03.02.2009 09:00,0.3144,0.3097,0.411,0.5043,0.3109,0.3422,0.1351
03.02.2009 10:00,0.4297,0.5144,0.6063,0.6602,0.3391,0.4682,0.1434
03.02.2009 11:00,0.5562,0.5858,0.6987,0.7132,0.3617,0.498,0.1577
03.02.2009 12:00,0.4575,0.6474,0.7162,0.7276,0.3426,0.5018,0.2199
03.02.2009 13:00,0.3483,0.4747,0.6501,0.6498,0.3505,0.4831,0.0607
03.02.2009 14:00,0.3391,0.3544,0.386,0.3422,0.2594,0.354,0.0623
03.02.2009 15:00,0.2177,0.2696,0.2374,0.2343,0.125,0.1623,0.067
03.02.2009 16:00,0.0223,0.021,0.011,0.0001,0.0004,0.0273,0.0022
03.02.2009 17:00,0.0,0.0,0.0,0.0,0.0,0.0,0.0
03.02.2009 18:00,0.0,0.0,0.0,0.0,0.0,0.0,0.0
03.02.2009 19:00,0.0,0.0,0.0,0.0,0.0,0.0,0.0
03.02.2009 20:00,0.0,0.0,0.0,0.0,0.0,0.0,0.0
03.02.2009 21:00,0.0,0.0,0.0,0.0,0.0,0.0,0.0
03.02.2009 22:00,0.0,0.0,0.0,0.0,0.0,0.0,0.0
03.02.2009 23:00,0.0,0.0,0.0,0.0,0.0,0.0,0.0
04.02.2009 00:00,0.0,0.0,0.0,0.0,0.0,0.0,0.0
04.02.2009 01:00,0.0,0.0,0.0,0.0,0.0,0.0,0.0
04.02.2009 02:00,0.0,0.0,0.0,0.0,0.0,0.0,0.0
04.02.2009 03:00,0.0,0.0,0.0,0.0,0.0,0.0,0.0
04.02.2009 04:00,0.0,0.0,0.0,0.0,0.0,0.0,0.0
04.02.2009 05:00,0.0,0.0,0.0,0.0,0.0,0.0,0.0
04.02.2009 06:00,0.0,0.0,0.0,0.0,0.0,0.0,0.0
04.02.2009 07:00,0.006,0.0012,0.0008,0.0185,0.0324,0.0273,0.0174
04.02.2009 08:00,0.1419,0.1829,0.216,0.3056,0.19,0.2209,0.1987
04.02.2009 09:00,0.2542,0.3401,0.4695,0.5354,0.3078,0.3928,0.3184
04.02.2009 10:00,0.2336,0.4158,0.627,0.6722,0.3939,0.5218,0.3041
04.02.2009 11:00,0.2834,0.4638,0.6103,0.7315,0.3987,0.5204,0.1516
04.02.2009 12:00,0.2697,0.3122,0.6481,0.6886,0.3727,0.5366,0.0988
04.02.2009 13:00,0.2416,0.3626,0.4607,0.6067,0.2979,0.367,0.0549
04.02.2009 14:00,0.2166,0.2283,0.2606,0.2612,0.1939,0.2851,0.0349
04.02.2009 15:00,0.147,0.1413,0.1167,0.1557,0.091,0.167,0.0214
04.02.2009 16:00,0.0288,0.0105,0.0037,0.0,0.0002,0.0059,0.0004
04.02.2009 17:00,0.0,0.0,0.0,0.0,0.0,0.0,0.0
04.02.2009 18:00,0.0,0.0,0.0,0.0,0.0,0.0,0.0
04.02.2009 19:00,0.0,0.0,0.0,0.0,0.0,0.0,0.0
04.02.2009 20:00,0.0,0.0,0.0,0.0,0.0,0.0,0.0
04.02.2009 21:00,0.0,0.0,0.0,0.0,0.0,0.0,0.0
04.02.2009 22:00,0.0,0.0,0.0,0.0,0.0,0.0,0.0
04.02.2009 23:00,0.0,0.0,0.0,0.0,0.0,0.0,0.0
05.02.2009 00:00,0.0,0.0,0.0,0.0,0.0,0.0,0.0
05.02.2009 01:00,0.0,0.0,0.0,0.0,0.0,0.0,0.0
05.02.2009 02:00,0.0,0.0,0.0,0.0,0.0,0.0,0.0
05.02.2009 03:00,0.0,0.0,0.0,0.0,0.0,0.0,0.0
05.02.2009 04:00,0.0,0.0,0.0,0.0,0.0,0.0,0.0
05.02.2009 05:00,0.0,0.0,0.0,0.0,0.0,0.0,0.0
05.02.2009 06:00,0.0,0.0,0.0,0.0,0.0,0.0,0.0
05.02.2009 07:00,0.001,0.0008,0.0006,0.0062,0.029,0.0179,0.004
05.02.2009 08:00,0.1068,0.1574,0.0574,0.0607,0.115,0.038,0.0171
05.02.2009 09:00,0.2259,0.2832,0.1401,0.2617,0.2106,0.2988,0.0806
05.02.2009 10:00,0.2498,0.2457,0.397,0.5978,0.2928,0.5226,0.1218
05.02.2009 11:00,0.2168,0.2245,0.1794,0.6746,0.5184,0.4358,0.0809
05.02.2009 12:00,0.2629,0.2077,0.3353,0.6815,0.428,0.5224,0.0582
05.02.2009 13:00,0.3397,0.3517,0.1664,0.4335,0.401,0.4514,0.026
05.02.2009 14:00,0.2272,0.3144,0.2281,0.4666,0.2963,0.4116,0.0487
05.02.2009 15:00,0.0443,0.1052,0.2208,0.3119,0.177,0.1098,0.0259
05.02.2009 16:00,0.0113,0.0131,0.0044,0.0026,0.0005,0.0042,0.0014
05.02.2009 17:00,0.0,0.0,0.0,0.0,0.0,0.0,0.0
05.02.2009 18:00,0.0,0.0,0.0,0.0,0.0,0.0,0.0
05.02.2009 19:00,0.0,0.0,0.0,0.0,0.0,0.0,0.0
05.02.2009 20:00,0.0,0.0,0.0,0.0,0.0,0.0,0.0
05.02.2009 21:00,0.0,0.0,0.0,0.0,0.0,0.0,0.0
05.02.2009 22:00,0.0,0.0,0.0,0.0,0.0,0.0,0.0
05.02.2009 23:00,0.0,0.0,0.0,0.0,0.0,0.0,0.0
06.02.2009 00:00,0.0,0.0,0.0,0.0,0.0,0.0,0.0
06.02.2009 01:00,0.0,0.0,0.0,0.0,0.0,0.0,0.0
06.02.2009 02:00,0.0,0.0,0.0,0.0,0.0,0.0,0.0
06.02.2009 03:00,0.0,0.0,0.0,0.0,0.0,0.0,0.0
06.02.2009 04:00,0.0,0.0,0.0,0.0,0.0,0.0,0.0
06.02.2009 05:00,0.0,0.0,0.0,0.0,0.0,0.0,0.0
06.02.2009 06:00,0.0,0.0,0.0,0.0,0.0,0.0,0.0
06.02.2009 07:00,0.0288,0.0062,0.0112,0.0139,0.0232,0.0149,0.0044
06.02.2009 08:00,0.1511,0.1527,0.1474,0.0917,0.1217,0.1806,0.0337
06.02.2009 09:00,0.2082,0.2822,0.3499,0.2785,0.2136,0.3382,0.0764
06.02.2009 10:00,0.2421,0.4318,0.3929,0.3833,0.1807,0.4073,0.0472
06.02.2009 11:00,0.2586,0.4405,0.3664,0.3792,0.2432,0.5734,0.0602
06.02.2009 12:00,0.2676,0.3677,0.5984,0.5598,0.2276,0.598,0.0332
06.02.2009 13:00,0.1895,0.2775,0.304,0.5296,0.2306,0.4975,0.0581
06.02.2009 14:00,0.1485,0.1679,0.1802,0.5186,0.212,0.362,0.0925
06.02.2009 15:00,0.1119,0.1093,0.1598,0.1964,0.1748,0.1705,0.0893
06.02.2009 16:00,0.0194,0.022,0.0079,0.0056,0.0283,0.0335,0.0106
06.02.2009 17:00,0.0,0.0,0.0,0.0,0.0,0.0,0.0
06.02.2009 18:00,0.0,0.0,0.0,0.0,0.0,0.0,0.0
06.02.2009 19:00,0.0,0.0,0.0,0.0,0.0,0.0,0.0
06.02.2009 20:00,0.0,0.0,0.0,0.0,0.0,0.0,0.0
06.02.2009 21:00,0.0,0.0,0.0,0.0,0.0,0.0,0.0
06.02.2009 22:00,0.0,0.0,0.0,0.0,0.0,0.0,0.0
06.02.2009 23:00,0.0,0.0,0.0,0.0,0.0,0.0,0.0
07.02.2009 00:00,0.0,0.0,0.0,0.0,0.0,0.0,0.0
07.02.2009 01:00,0.0,0.0,0.0,0.0,0.0,0.0,0.0
07.02.2009 02:00,0.0,0.0,0.0,0.0,0.0,0.0,0.0
07.02.2009 03:00,0.0,0.0,0.0,0.0,0.0,0.0,0.0
07.02.2009 04:00,0.0,0.0,0.0,0.0,0.0,0.0,0.0
07.02.2009 05:00,0.0,0.0,0.0,0.0,0.0,0.0,0.0
07.02.2009 06:00,0.0,0.0,0.0,0.0,0.0,0.0,0.0
07.02.2009 07:00,0.0124,0.0094,0.0079,0.0209,0.0409,0.0367,0.0149
07.02.2009 08:00,0.0786,0.0792,0.0554,0.0572,0.1022,0.0863,0.0476
07.02.2009 09:00,0.0962,0.1161,0.0871,0.058,0.1868,0.1109,0.1076
07.02.2009 10:00,0.141,0.1497,0.0689,0.063,0.2261,0.1447,0.1188
07.02.2009 11:00,0.1304,0.1493,0.1108,0.0716,0.2453,0.1278,0.1126
07.02.2009 12:00,0.1406,0.158,0.1213,0.0922,0.1951,0.1477,0.1062
07.02.2009 13:00,0.1469,0.105,0.1672,0.1011,0.2133,0.2038,0.1188
07.02.2009 14:00,0.104,0.0768,0.0728,0.0651,0.1758,0.1652,0.1701
07.02.2009 15:00,0.0908,0.0709,0.0563,0.078,0.1203,0.1006,0.0746
07.02.2009 16:00,0.0165,0.0125,0.009,0.0112,0.0213,0.0087,0.0166
07.02.2009 17:00,0.0,0.0,0.0,0.0,0.0,0.0,0.0
07.02.2009 18:00,0.0,0.0,0.0,0.0,0.0,0.0,0.0
07.02.2009 19:00,0.0,0.0,0.0,0.0,0.0,0.0,0.0
07.02.2009 20:00,0.0,0.0,0.0,0.0,0.0,0.0,0.0
07.02.2009 21:00,0.0,0.0,0.0,0.0,0.0,0.0,0.0
07.02.2009 22:00,0.0,0.0,0.0,0.0,0.0,0.0,0.0
07.02.2009 23:00,0.0,0.0,0.0,0.0,0.0,0.0,0.0
08.02.2009 00:00,0.0,0.0,0.0,0.0,0.0,0.0,0.0
08.02.2009 01:00,0.0,0.0,0.0,0.0,0.0,0.0,0.0
08.02.2009 02:00,0.0,0.0,0.0,0.0,0.0,0.0,0.0
08.02.2009 03:00,0.0,0.0,0.0,0.0,0.0,0.0,0.0
08.02.2009 04:00,0.0,0.0,0.0,0.0,0.0,0.0,0.0
08.02.2009 05:00,0.0,0.0,0.0,0.0,0.0,0.0,0.0
08.02.2009 06:00,0.0,0.0,0.0,0.0,0.0,0.0,0.0
08.02.2009 07:00,0.0524,0.0229,0.0145,0.0081,0.019,0.0282,0.0222
08.02.2009 08:00,0.111,0.0806,0.0489,0.0338,0.1338,0.1231,0.1861
08.02.2009 09:00,0.136,0.0942,0.0554,0.0572,0.2372,0.0719,0.3557
08.02.2009 10:00,0.0921,0.0685,0.0422,0.0409,0.2107,0.064,0.3476
08.02.2009 11:00,0.0751,0.0567,0.0431,0.0371,0.1635,0.0461,0.3454
08.02.2009 12:00,0.0638,0.0399,0.0444,0.0432,0.0872,0.0373,0.3465
08.02.2009 13:00,0.0776,0.0618,0.0518,0.0439,0.0932,0.0437,0.3357
08.02.2009 14:00,0.1104,0.0701,0.0491,0.0408,0.071,0.0433,0.2964
08.02.2009 15:00,0.1066,0.0637,0.0373,0.0318,0.0509,0.0455,0.204
08.02.2009 16:00,0.0536,0.0442,0.032,0.0113,0.0029,0.0204,0.0229
08.02.2009 17:00,0.0,0.0,0.0,0.0,0.0,0.0,0.0
08.02.2009 18:00,0.0,0.0,0.0,0.0,0.0,0.0,0.0
08.02.2009 19:00,0.0,0.0,0.0,0.0,0.0,0.0,0.0
08.02.2009 20:00,0.0,0.0,0.0,0.0,0.0,0.0,0.0
08.02.2009 21:00,0.0,0.0,0.0,0.0,0.0,0.0,0.0
08.02.2009 22:00,0.0,0.0,0.0,0.0,0.0,0.0,0.0
08.02.2009 23:00,0.0,0.0,0.0,0.0,0.0,0.0,0.0
09.02.2009 00:00,0.0,0.0,0.0,0.0,0.0,0.0,0.0
09.02.2009 01:00,0.0,0.0,0.0,0.0,0.0,0.0,0.0
09.02.2009 02:00,0.0,0.0,0.0,0.0,0.0,0.0,0.0
09.02.2009 03:00,0.0,0.0,0.0,0.0,0.0,0.0,0.0
09.02.2009 04:00,0.0,0.0,0.0,0.0,0.0,0.0,0.0
09.02.2009 05:00,0.0,0.0,0.0,0.0,0.0,0.0,0.0
09.02.2009 06:00,0.0,0.0,0.0,0.0,0.0,0.0,0.0
09.02.2009 07:00,0.0092,0.019,0.0168,0.0108,0.0235,0.0309,0.0531
09.02.2009 08:00,0.0972,0.0936,0.1206,0.1915,0.1527,0.1375,0.2429
09.02.2009 09:00,0.1759,0.1978,0.114,0.1721,0.1663,0.1307,0.3301
09.02.2009 10:00,0.2197,0.2115,0.1016,0.1599,0.186,0.175,0.4001
09.02.2009 11:00,0.1785,0.2662,0.1638,0.1312,0.1629,0.1894,0.3904
09.02.2009 12:00,0.2331,0.3166,0.2256,0.1944,0.1825,0.2631,0.3814
09.02.2009 13:00,0.1914,0.2091,0.186,0.2544,0.1888,0.3065,0.349
09.02.2009 14:00,0.1622,0.1184,0.0683,0.1278,0.2044,0.2051,0.4108
09.02.2009 15:00,0.0839,0.0843,0.0415,0.0378,0.1223,0.0964,0.2189
09.02.2009 16:00,0.0518,0.0436,0.015,0.0049,0.0147,0.0276,0.0417
09.02.2009 17:00,0.0,0.0,0.0,0.0,0.0,0.0,0.0
09.02.2009 18:00,0.0,0.0,0.0,0.0,0.0,0.0,0.0
09.02.2009 19:00,0.0,0.0,0.0,0.0,0.0,0.0,0.0
09.02.2009 20:00,0.0,0.0,0.0,0.0,0.0,0.0,0.0
09.02.2009 21:00,0.0,0.0,0.0,0.0,0.0,0.0,0.0
09.02.2009 22:00,0.0,0.0,0.0,0.0,0.0,0.0,0.0
09.02.2009 23:00,0.0,0.0,0.0,0.0,0.0,0.0,0.0
10.02.2009 00:00,0.0,0.0,0.0,0.0,0.0,0.0,0.0
10.02.2009 01:00,0.0,0.0,0.0,0.0,0.0,0.0,0.0
10.02.2009 02:00,0.0,0.0,0.0,0.0,0.0,0.0,0.0
10.02.2009 03:00,0.0,0.0,0.0,0.0,0.0,0.0,0.0
10.02.2009 04:00,0.0,0.0,0.0,0.0,0.0,0.0,0.0
10.02.2009 05:00,0.0,0.0,0.0,0.0,0.0,0.0,0.0
10.02.2009 06:00,0.0,0.0,0.0,0.0,0.0,0.0,0.0
10.02.2009 07:00,0.0265,0.0204,0.0307,0.08,0.0669,0.088,0.0558
10.02.2009 08:00,0.0279,0.0341,0.0665,0.0369,0.158,0.1093,0.0686
10.02.2009 09:00,0.0344,0.043,0.0681,0.0896,0.1551,0.0425,0.0747
10.02.2009 10:00,0.0575,0.0848,0.1178,0.0888,0.1218,0.0575,0.0611
10.02.2009 11:00,0.0892,0.1227,0.2529,0.1928,0.1431,0.1088,0.105
10.02.2009 12:00,0.1778,0.1492,0.3051,0.2713,0.2083,0.1602,0.1849
10.02.2009 13:00,0.1737,0.1655,0.235,0.2702,0.1412,0.152,0.224
10.02.2009 14:00,0.1279,0.1241,0.0897,0.2073,0.1065,0.1486,0.257
10.02.2009 15:00,0.1162,0.0864,0.0681,0.0338,0.0588,0.1013,0.1421
10.02.2009 16:00,0.0448,0.031,0.0125,0.0124,0.0256,0.021,0.043
10.02.2009 17:00,0.0,0.0,0.0,0.0,0.0,0.0,0.0
10.02.2009 18:00,0.0,0.0,0.0,0.0,0.0,0.0,0.0
10.02.2009 19:00,0.0,0.0,0.0,0.0,0.0,0.0,0.0
10.02.2009 20:00,0.0,0.0,0.0,0.0,0.0,0.0,0.0
10.02.2009 21:00,0.0,0.0,0.0,0.0,0.0,0.0,0.0
10.02.2009 22:00,0.0,0.0,0.0,0.0,0.0,0.0,0.0
10.02.2009 23:00,0.0,0.0,0.0,0.0,0.0,0.0,0.0
11.02.2009 00:00,0.0,0.0,0.0,0.0,0.0,0.0,0.0
11.02.2009 01:00,0.0,0.0,0.0,0.0,0.0,0.0,0.0
11.02.2009 02:00,0.0,0.0,0.0,0.0,0.0,0.0,0.0
11.02.2009 03:00,0.0,0.0,0.0,0.0,0.0,0.0,0.0
11.02.2009 04:00,0.0,0.0,0.0,0.0,0.0,0.0,0.0
11.02.2009 05:00,0.0,0.0,0.0,0.0,0.0,0.0,0.0
11.02.2009 06:00,0.0,0.0,0.0,0.0,0.0,0.0,0.0
11.02.2009 07:00,0.0433,0.0316,0.0412,0.0334,0.051,0.029,0.0497
11.02.2009 08:00,0.0898,0.0948,0.1003,0.0706,0.1561,0.0846,0.2268
11.02.2009 09:00,0.1532,0.1183,0.1301,0.1727,0.2283,0.0702,0.3444
11.02.2009 10:00,0.1796,0.1378,0.1815,0.2096,0.2657,0.1088,0.4622
11.02.2009 11:00,0.2158,0.1855,0.1771,0.1308,0.3127,0.0858,0.5559
11.02.2009 12:00,0.2364,0.1731,0.186,0.1238,0.261,0.0889,0.5214
11.02.2009 13:00,0.2481,0.2014,0.2469,0.2712,0.2344,0.129,0.4613
11.02.2009 14:00,0.2248,0.1904,0.2041,0.1342,0.1622,0.0987,0.376
11.02.2009 15:00,0.1598,0.1378,0.1267,0.1169,0.0872,0.079,0.2394
11.02.2009 16:00,0.0493,0.0345,0.0235,0.0248,0.0212,0.0334,0.0429
11.02.2009 17:00,0.0,0.0,0.0,0.0,0.0,0.0,0.0
11.02.2009 18:00,0.0,0.0,0.0,0.0,0.0,0.0,0.0
11.02.2009 19:00,0.0,0.0,0.0,0.0,0.0,0.0,0.0
11.02.2009 20:00,0.0,0.0,0.0,0.0,0.0,0.0,0.0
11.02.2009 21:00,0.0,0.0,0.0,0.0,0.0,0.0,0.0
11.02.2009 22:00,0.0,0.0,0.0,0.0,0.0,0.0,0.0
11.02.2009 23:00,0.0,0.0,0.0,0.0,0.0,0.0,0.0
12.02.2009 00:00,0.0,0.0,0.0,0.0,0.0,0.0,0.0
12.02.2009 01:00,0.0,0.0,0.0,0.0,0.0,0.0,0.0
12.02.2009 02:00,0.0,0.0,0.0,0.0,0.0,0.0,0.0
12.02.2009 03:00,0.0,0.0,0.0,0.0,0.0,0.0,0.0
12.02.2009 04:00,0.0,0.0,0.0,0.0,0.0,0.0,0.0
12.02.2009 05:00,0.0,0.0,0.0,0.0,0.0,0.0,0.0
12.02.2009 06:00,0.0,0.0,0.0,0.0,0.0,0.0,0.0
12.02.2009 07:00,0.0156,0.0219,0.0234,0.0152,0.0465,0.0188,0.0684
12.02.2009 08:00,0.0606,0.0764,0.0464,0.0371,0.1107,0.0738,0.2657
12.02.2009 09:00,0.0988,0.0911,0.0497,0.0643,0.1502,0.0684,0.4158
12.02.2009 10:00,0.1191,0.0784,0.0942,0.0683,0.1783,0.0571,0.4898
12.02.2009 11:00,0.1394,0.1026,0.1661,0.1538,0.1823,0.0602,0.4947
12.02.2009 12:00,0.1512,0.0955,0.1246,0.1367,0.1724,0.083,0.5262
12.02.2009 13:00,0.1764,0.124,0.1616,0.1733,0.1667,0.0969,0.4088
12.02.2009 14:00,0.1752,0.1295,0.1866,0.1957,0.1384,0.0672,0.2762
12.02.2009 15:00,0.1286,0.1171,0.1457,0.1245,0.094,0.0663,0.2523
12.02.2009 16:00,0.0466,0.0412,0.0308,0.0484,0.0313,0.0409,0.0595
12.02.2009 17:00,0.0,0.0,0.0,0.0,0.0,0.0,0.0
12.02.2009 18:00,0.0,0.0,0.0,0.0,0.0,0.0,0.0
12.02.2009 19:00,0.0,0.0,0.0,0.0,0.0,0.0,0.0
12.02.2009 20:00,0.0,0.0,0.0,0.0,0.0,0.0,0.0
12.02.2009 21:00,0.0,0.0,0.0,0.0,0.0,0.0,0.0
12.02.2009 22:00,0.0,0.0,0.0,0.0,0.0,0.0,0.0
12.02.2009 23:00,0.0,0.0,0.0,0.0,0.0,0.0,0.0
13.02.2009 00:00,0.0,0.0,0.0,0.0,0.0,0.0,0.0
13.02.2009 01:00,0.0,0.0,0.0,0.0,0.0,0.0,0.0
13.02.2009 02:00,0.0,0.0,0.0,0.0,0.0,0.0,0.0
13.02.2009 03:00,0.0,0.0,0.0,0.0,0.0,0.0,0.0
13.02.2009 04:00,0.0,0.0,0.0,0.0,0.0,0.0,0.0
13.02.2009 05:00,0.0,0.0,0.0,0.0,0.0,0.0,0.0
13.02.2009 06:00,0.0,0.0,0.0,0.0,0.0,0.0,0.0
13.02.2009 07:00,0.0454,0.0343,0.0375,0.0253,0.0317,0.035,0.0633
13.02.2009 08:00,0.1376,0.1574,0.1793,0.0894,0.1051,0.1529,0.2799
13.02.2009 09:00,0.2014,0.2278,0.2138,0.1348,0.1785,0.1687,0.4471
13.02.2009 10:00,0.2247,0.2452,0.2234,0.1317,0.2082,0.1571,0.5182
13.02.2009 11:00,0.2321,0.2377,0.2234,0.2026,0.2522,0.164,0.559
13.02.2009 12:00,0.228,0.2005,0.1721,0.1736,0.183,0.1297,0.514
13.02.2009 13:00,0.2342,0.2318,0.2028,0.1844,0.2119,0.1598,0.4542
13.02.2009 14:00,0.2322,0.2216,0.2097,0.1624,0.1695,0.1425,0.3805
13.02.2009 15:00,0.1795,0.1741,0.1693,0.1337,0.1239,0.1217,0.2537
13.02.2009 16:00,0.0669,0.0568,0.0394,0.0437,0.0284,0.0385,0.0576
13.02.2009 17:00,0.0,0.0,0.0,0.0,0.0,0.0,0.0
13.02.2009 18:00,0.0,0.0,0.0,0.0,0.0,0.0,0.0
13.02.2009 19:00,0.0,0.0,0.0,0.0,0.0,0.0,0.0
13.02.2009 20:00,0.0,0.0,0.0,0.0,0.0,0.0,0.0
13.02.2009 21:00,0.0,0.0,0.0,0.0,0.0,0.0,0.0
13.02.2009 22:00,0.0,0.0,0.0,0.0,0.0,0.0,0.0
13.02.2009 23:00,0.0,0.0,0.0,0.0,0.0,0.0,0.0
14.02.2009 00:00,0.0,0.0,0.0,0.0,0.0,0.0,0.0
14.02.2009 01:00,0.0,0.0,0.0,0.0,0.0,0.0,0.0
14.02.2009 02:00,0.0,0.0,0.0,0.0,0.0,0.0,0.0
14.02.2009 03:00,0.0,0.0,0.0,0.0,0.0,0.0,0.0
14.02.2009 04:00,0.0,0.0,0.0,0.0,0.0,0.0,0.0
14.02.2009 05:00,0.0,0.0,0.0,0.0,0.0,0.0,0.0
14.02.2009 06:00,0.0,0.0,0.0,0.0,0.0,0.0,0.0
14.02.2009 07:00,0.0235,0.0259,0.0157,0.0182,0.0545,0.0183,0.0641
14.02.2009 08:00,0.0957,0.1003,0.0928,0.0543,0.1352,0.083,0.2779
14.02.2009 09:00,0.1815,0.1449,0.1325,0.1258,0.2128,0.1177,0.4483
14.02.2009 10:00,0.2384,0.178,0.1162,0.1121,0.2079,0.1445,0.5083
14.02.2009 11:00,0.2524,0.1811,0.1783,0.1191,0.2118,0.13,0.5212
14.02.2009 12:00,0.2016,0.1226,0.1012,0.0448,0.1295,0.0805,0.5172
14.02.2009 13:00,0.2131,0.1535,0.1214,0.0706,0.1747,0.0645,0.4705
14.02.2009 14:00,0.2134,0.1542,0.1068,0.0613,0.1591,0.0833,0.4106
14.02.2009 15:00,0.1693,0.1115,0.0784,0.0424,0.109,0.066,0.2601
14.02.2009 16:00,0.0626,0.0446,0.0168,0.0176,0.0287,0.0213,0.0588
14.02.2009 17:00,0.0,0.0,0.0,0.0,0.0,0.0,0.0
14.02.2009 18:00,0.0,0.0,0.0,0.0,0.0,0.0,0.0
14.02.2009 19:00,0.0,0.0,0.0,0.0,0.0,0.0,0.0
14.02.2009 20:00,0.0,0.0,0.0,0.0,0.0,0.0,0.0
14.02.2009 21:00,0.0,0.0,0.0,0.0,0.0,0.0,0.0
14.02.2009 22:00,0.0,0.0,0.0,0.0,0.0,0.0,0.0
14.02.2009 23:00,0.0,0.0,0.0,0.0,0.0,0.0,0.0
15.02.2009 00:00,0.0,0.0,0.0,0.0,0.0,0.0,0.0
15.02.2009 01:00,0.0,0.0,0.0,0.0,0.0,0.0,0.0
15.02.2009 02:00,0.0,0.0,0.0,0.0,0.0,0.0,0.0
15.02.2009 03:00,0.0,0.0,0.0,0.0,0.0,0.0,0.0
15.02.2009 04:00,0.0,0.0,0.0,0.0,0.0,0.0,0.0
15.02.2009 05:00,0.0,0.0,0.0,0.0,0.0,0.0,0.0
15.02.2009 06:00,0.0,0.0,0.0,0.0,0.0,0.0,0.0
15.02.2009 07:00,0.048,0.0502,0.046,0.0488,0.0507,0.0434,0.073
15.02.2009 08:00,0.1705,0.1835,0.2025,0.1672,0.1284,0.1021,0.2983
15.02.2009 09:00,0.2508,0.2753,0.2942,0.2334,0.175,0.1359,0.4491
15.02.2009 10:00,0.2992,0.3261,0.3784,0.2711,0.1875,0.1582,0.5013
15.02.2009 11:00,0.3143,0.3381,0.4148,0.2839,0.1784,0.1648,0.5142
15.02.2009 12:00,0.313,0.3091,0.4056,0.2756,0.149,0.1345,0.5033
15.02.2009 13:00,0.2905,0.3143,0.3945,0.2891,0.1645,0.1783,0.4515
15.02.2009 14:00,0.2402,0.2836,0.3506,0.2546,0.1493,0.1641,0.3809
15.02.2009 15:00,0.1915,0.1686,0.1909,0.1953,0.1176,0.1529,0.2668
15.02.2009 16:00,0.0822,0.0446,0.032,0.0575,0.0728,0.0635,0.0917
15.02.2009 17:00,0.0,0.0,0.0,0.0,0.0,0.0,0.0
15.02.2009 18:00,0.0,0.0,0.0,0.0,0.0,0.0,0.0
15.02.2009 19:00,0.0,0.0,0.0,0.0,0.0,0.0,0.0
15.02.2009 20:00,0.0,0.0,0.0,0.0,0.0,0.0,0.0
15.02.2009 21:00,0.0,0.0,0.0,0.0,0.0,0.0,0.0
15.02.2009 22:00,0.0,0.0,0.0,0.0,0.0,0.0,0.0
15.02.2009 23:00,0.0,0.0,0.0,0.0,0.0,0.0,0.0
16.02.2009 00:00,0.0,0.0,0.0,0.0,0.0,0.0,0.0
16.02.2009 01:00,0.0,0.0,0.0,0.0,0.0,0.0,0.0
16.02.2009 02:00,0.0,0.0,0.0,0.0,0.0,0.0,0.0
16.02.2009 03:00,0.0,0.0,0.0,0.0,0.0,0.0,0.0
16.02.2009 04:00,0.0,0.0,0.0,0.0,0.0,0.0,0.0
16.02.2009 05:00,0.0,0.0,0.0,0.0,0.0,0.0,0.0
16.02.2009 06:00,0.0,0.0,0.0,0.0,0.0,0.0,0.0
16.02.2009 07:00,0.0225,0.0298,0.0178,0.0251,0.0666,0.0327,0.0905
16.02.2009 08:00,0.1191,0.1164,0.084,0.0983,0.1562,0.1261,0.3094
16.02.2009 09:00,0.2175,0.22,0.1434,0.2169,0.2482,0.2328,0.4482
16.02.2009 10:00,0.3243,0.3239,0.1442,0.1818,0.282,0.2579,0.5378
16.02.2009 11:00,0.4174,0.3632,0.1992,0.1602,0.2974,0.2212,0.6016
16.02.2009 12:00,0.3904,0.3228,0.1081,0.0967,0.2283,0.1232,0.5671
16.02.2009 13:00,0.3099,0.2145,0.0904,0.1036,0.2188,0.1288,0.5088
16.02.2009 14:00,0.2346,0.1697,0.1168,0.0781,0.1569,0.0935,0.4174
16.02.2009 15:00,0.1445,0.0955,0.055,0.0281,0.1,0.0533,0.2788
16.02.2009 16:00,0.0508,0.0339,0.0153,0.0112,0.0248,0.0283,0.0551
16.02.2009 17:00,0.0,0.0,0.0,0.0,0.0,0.0,0.0
16.02.2009 18:00,0.0,0.0,0.0,0.0,0.0,0.0,0.0
16.02.2009 19:00,0.0,0.0,0.0,0.0,0.0,0.0,0.0
16.02.2009 20:00,0.0,0.0,0.0,0.0,0.0,0.0,0.0
16.02.2009 21:00,0.0,0.0,0.0,0.0,0.0,0.0,0.0
16.02.2009 22:00,0.0,0.0,0.0,0.0,0.0,0.0,0.0
16.02.2009 23:00,0.0,0.0,0.0,0.0,0.0,0.0,0.0
17.02.2009 00:00,0.0,0.0,0.0,0.0,0.0,0.0,0.0
17.02.2009 01:00,0.0,0.0,0.0,0.0,0.0,0.0,0.0
17.02.2009 02:00,0.0,0.0,0.0,0.0,0.0,0.0,0.0
17.02.2009 03:00,0.0,0.0,0.0,0.0,0.0,0.0,0.0
17.02.2009 04:00,0.0,0.0,0.0,0.0,0.0,0.0,0.0
17.02.2009 05:00,0.0,0.0,0.0,0.0,0.0,0.0,0.0
17.02.2009 06:00,0.0,0.0,0.0,0.0,0.0,0.0,0.0
17.02.2009 07:00,0.0097,0.0043,0.0022,0.0012,0.0272,0.002,0.021
17.02.2009 08:00,0.0289,0.0277,0.0224,0.0199,0.0652,0.0143,0.1817
17.02.2009 09:00,0.0699,0.0442,0.0411,0.0458,0.117,0.0395,0.3656
17.02.2009 10:00,0.1109,0.0855,0.0622,0.057,0.1573,0.0615,0.5073
17.02.2009 11:00,0.1032,0.0729,0.0574,0.0547,0.1843,0.0466,0.5776
17.02.2009 12:00,0.1032,0.0671,0.0568,0.0777,0.1277,0.0526,0.5733
17.02.2009 13:00,0.0959,0.0509,0.0832,0.0684,0.1229,0.0795,0.3584
17.02.2009 14:00,0.0507,0.0473,0.056,0.0261,0.0995,0.0637,0.3339
17.02.2009 15:00,0.042,0.0357,0.0365,0.0325,0.0768,0.0383,0.1783
17.02.2009 16:00,0.0205,0.0163,0.0245,0.0116,0.0435,0.0154,0.0506
17.02.2009 17:00,0.0,0.0,0.0,0.0,0.0,0.0,0.0
17.02.2009 18:00,0.0,0.0,0.0,0.0,0.0,0.0,0.0
17.02.2009 19:00,0.0,0.0,0.0,0.0,0.0,0.0,0.0
17.02.2009 20:00,0.0,0.0,0.0,0.0,0.0,0.0,0.0
17.02.2009 21:00,0.0,0.0,0.0,0.0,0.0,0.0,0.0
17.02.2009 22:00,0.0,0.0,0.0,0.0,0.0,0.0,0.0
17.02.2009 23:00,0.0,0.0,0.0,0.0,0.0,0.0,0.0
18.02.2009 00:00,0.0,0.0,0.0,0.0,0.0,0.0,0.0
18.02.2009 01:00,0.0,0.0,0.0,0.0,0.0,0.0,0.0
18.02.2009 02:00,0.0,0.0,0.0,0.0,0.0,0.0,0.0
18.02.2009 03:00,0.0,0.0,0.0,0.0,0.0,0.0,0.0
18.02.2009 04:00,0.0,0.0,0.0,0.0,0.0,0.0,0.0
18.02.2009 05:00,0.0,0.0,0.0,0.0,0.0,0.0,0.0
18.02.2009 06:00,0.0,0.0,0.0,0.0,0.0,0.0,0.0
18.02.2009 07:00,0.0304,0.0387,0.0659,0.0267,0.0503,0.024,0.0825
18.02.2009 08:00,0.0864,0.1041,0.2204,0.1556,0.1154,0.0676,0.2607
18.02.2009 09:00,0.0978,0.1324,0.3034,0.2012,0.1508,0.0829,0.3709
18.02.2009 10:00,0.0981,0.133,0.3389,0.219,0.1533,0.0838,0.4636
18.02.2009 11:00,0.116,0.1564,0.356,0.2395,0.1441,0.0925,0.5063
18.02.2009 12:00,0.1142,0.1242,0.3264,0.2112,0.1076,0.0493,0.5159
18.02.2009 13:00,0.1535,0.1471,0.3315,0.222,0.1306,0.0606,0.4602
18.02.2009 14:00,0.1363,0.1351,0.3143,0.2033,0.1254,0.0595,0.3946
18.02.2009 15:00,0.1093,0.1053,0.2194,0.1355,0.0985,0.0543,0.2666
18.02.2009 16:00,0.057,0.0558,0.0713,0.0552,0.0434,0.0331,0.0739
18.02.2009 17:00,0.0,0.0,0.0,0.0,0.0,0.0,0.0
18.02.2009 18:00,0.0,0.0,0.0,0.0,0.0,0.0,0.0
18.02.2009 19:00,0.0,0.0,0.0,0.0,0.0,0.0,0.0
18.02.2009 20:00,0.0,0.0,0.0,0.0,0.0,0.0,0.0
18.02.2009 21:00,0.0,0.0,0.0,0.0,0.0,0.0,0.0
18.02.2009 22:00,0.0,0.0,0.0,0.0,0.0,0.0,0.0
18.02.2009 23:00,0.0,0.0,0.0,0.0,0.0,0.0,0.0
19.02.2009 00:00,0.0,0.0,0.0,0.0,0.0,0.0,0.0
19.02.2009 01:00,0.0,0.0,0.0,0.0,0.0,0.0,0.0
19.02.2009 02:00,0.0,0.0,0.0,0.0,0.0,0.0,0.0
19.02.2009 03:00,0.0,0.0,0.0,0.0,0.0,0.0,0.0
19.02.2009 04:00,0.0,0.0,0.0,0.0,0.0,0.0,0.0
19.02.2009 05:00,0.0,0.0,0.0,0.0,0.0,0.0,0.0
19.02.2009 06:00,0.0,0.0,0.0,0.0,0.0,0.0,0.0
19.02.2009 07:00,0.0419,0.0496,0.0679,0.0741,0.0636,0.0538,0.0975
19.02.2009 08:00,0.1054,0.1504,0.2322,0.1947,0.137,0.106,0.3296
19.02.2009 09:00,0.1449,0.2302,0.3247,0.255,0.1831,0.1365,0.4788
19.02.2009 10:00,0.1793,0.2615,0.3848,0.3024,0.234,0.1884,0.5503
19.02.2009 11:00,0.2118,0.2593,0.3877,0.346,0.2199,0.1974,0.5018
19.02.2009 12:00,0.199,0.2186,0.3286,0.2528,0.1373,0.1342,0.4744
19.02.2009 13:00,0.2238,0.2538,0.3273,0.2216,0.1504,0.1614,0.4915
19.02.2009 14:00,0.2206,0.2345,0.325,0.2203,0.1392,0.1348,0.4131
19.02.2009 15:00,0.172,0.1794,0.2264,0.1258,0.1001,0.1049,0.2834
19.02.2009 16:00,0.0768,0.0799,0.0552,0.0802,0.0484,0.0567,0.0822
19.02.2009 17:00,0.0,0.0,0.0,0.0,0.0,0.0,0.0
19.02.2009 18:00,0.0,0.0,0.0,0.0,0.0,0.0,0.0
19.02.2009 19:00,0.0,0.0,0.0,0.0,0.0,0.0,0.0
19.02.2009 20:00,0.0,0.0,0.0,0.0,0.0,0.0,0.0
19.02.2009 21:00,0.0,0.0,0.0,0.0,0.0,0.0,0.0
19.02.2009 22:00,0.0,0.0,0.0,0.0,0.0,0.0,0.0
19.02.2009 23:00,0.0,0.0,0.0,0.0,0.0,0.0,0.0
20.02.2009 00:00,0.0,0.0,0.0,0.0,0.0,0.0,0.0
20.02.2009 01:00,0.0,0.0,0.0,0.0,0.0,0.0,0.0
20.02.2009 02:00,0.0,0.0,0.0,0.0,0.0,0.0,0.0
20.02.2009 03:00,0.0,0.0,0.0,0.0,0.0,0.0,0.0
20.02.2009 04:00,0.0,0.0,0.0,0.0,0.0,0.0,0.0
20.02.2009 05:00,0.0,0.0,0.0,0.0,0.0,0.0,0.0
20.02.2009 06:00,0.0,0.0,0.0,0.0,0.0,0.0,0.0
20.02.2009 07:00,0.0604,0.0684,0.06,0.0656,0.075,0.0427,0.1044
20.02.2009 08:00,0.1933,0.1492,0.0898,0.0855,0.1599,0.132,0.3373
20.02.2009 09:00,0.2709,0.2429,0.1022,0.0874,0.2092,0.152,0.4985
20.02.2009 10:00,0.3054,0.2328,0.0681,0.0514,0.1842,0.1124,0.5525
20.02.2009 11:00,0.3012,0.1994,0.113,0.0723,0.1929,0.0862,0.5778
20.02.2009 12:00,0.2736,0.165,0.077,0.0536,0.1242,0.0747,0.5211
20.02.2009 13:00,0.2603,0.1678,0.0821,0.0537,0.1561,0.0698,0.5364
20.02.2009 14:00,0.2225,0.1004,0.0626,0.0667,0.1092,0.0398,0.4168
20.02.2009 15:00,0.1366,0.0495,0.0445,0.048,0.082,0.0503,0.2994
20.02.2009 16:00,0.0573,0.0322,0.0128,0.0193,0.0436,0.0364,0.0962
20.02.2009 17:00,0.0,0.0,0.0,0.0,0.0,0.0,0.0
20.02.2009 18:00,0.0,0.0,0.0,0.0,0.0,0.0,0.0
20.02.2009 19:00,0.0,0.0,0.0,0.0,0.0,0.0,0.0
20.02.2009 20:00,0.0,0.0,0.0,0.0,0.0,0.0,0.0
20.02.2009 21:00,0.0,0.0,0.0,0.0,0.0,0.0,0.0
20.02.2009 22:00,0.0,0.0,0.0,0.0,0.0,0.0,0.0
20.02.2009 23:00,0.0,0.0,0.0,0.0,0.0,0.0,0.0
21.02.2009 00:00,0.0,0.0,0.0,0.0,0.0,0.0,0.0
21.02.2009 01:00,0.0,0.0,0.0,0.0,0.0,0.0,0.0
21.02.2009 02:00,0.0,0.0,0.0,0.0,0.0,0.0,0.0
21.02.2009 03:00,0.0,0.0,0.0,0.0,0.0,0.0,0.0
21.02.2009 04:00,0.0,0.0,0.0,0.0,0.0,0.0,0.0
21.02.2009 05:00,0.0,0.0,0.0,0.0,0.0,0.0,0.0
21.02.2009 06:00,0.0,0.0,0.0,0.0,0.0,0.0,0.0
21.02.2009 07:00,0.0626,0.0475,0.0296,0.0421,0.0734,0.0413,0.1168
21.02.2009 08:00,0.1819,0.1445,0.1333,0.088,0.1586,0.0942,0.3686
21.02.2009 09:00,0.2762,0.2382,0.1991,0.1598,0.2024,0.1007,0.536
21.02.2009 10:00,0.3408,0.3098,0.2548,0.1775,0.1845,0.1262,0.6044
21.02.2009 11:00,0.37,0.323,0.2213,0.194,0.1946,0.1538,0.6222
21.02.2009 12:00,0.3674,0.2589,0.1533,0.125,0.1115,0.0851,0.5926
21.02.2009 13:00,0.3542,0.2827,0.1803,0.195,0.1564,0.0986,0.5388
21.02.2009 14:00,0.2994,0.2237,0.157,0.1638,0.1319,0.0736,0.4562
21.02.2009 15:00,0.209,0.1515,0.1102,0.1146,0.1075,0.0698,0.3151
21.02.2009 16:00,0.0954,0.0645,0.0324,0.0657,0.0601,0.0507,0.0876
21.02.2009 17:00,0.0,0.0,0.0,0.0,0.0,0.0,0.0
21.02.2009 18:00,0.0,0.0,0.0,0.0,0.0,0.0,0.0
21.02.2009 19:00,0.0,0.0,0.0,0.0,0.0,0.0,0.0
21.02.2009 20:00,0.0,0.0,0.0,0.0,0.0,0.0,0.0
21.02.2009 21:00,0.0,0.0,0.0,0.0,0.0,0.0,0.0
21.02.2009 22:00,0.0,0.0,0.0,0.0,0.0,0.0,0.0
21.02.2009 23:00,0.0,0.0,0.0,0.0,0.0,0.0,0.0
22.02.2009 00:00,0.0,0.0,0.0,0.0,0.0,0.0,0.0
22.02.2009 01:00,0.0,0.0,0.0,0.0,0.0,0.0,0.0
22.02.2009 02:00,0.0,0.0,0.0,0.0,0.0,0.0,0.0
22.02.2009 03:00,0.0,0.0,0.0,0.0,0.0,0.0,0.0
22.02.2009 04:00,0.0,0.0,0.0,0.0,0.0,0.0,0.0
22.02.2009 05:00,0.0,0.0,0.0,0.0,0.0,0.0,0.0
22.02.2009 06:00,0.0,0.0,0.0,0.0,0.0,0.0,0.0
22.02.2009 07:00,0.0146,0.0148,0.0098,0.0136,0.0236,0.0166,0.0766
22.02.2009 08:00,0.0474,0.0344,0.0293,0.0396,0.0812,0.0384,0.1483
22.02.2009 09:00,0.0628,0.0453,0.0415,0.0452,0.1418,0.0594,0.4736
22.02.2009 10:00,0.0944,0.0697,0.0545,0.0578,0.2134,0.078,0.6342
22.02.2009 11:00,0.186,0.0804,0.0599,0.0732,0.3159,0.0566,0.748
22.02.2009 12:00,0.1959,0.0947,0.1115,0.0866,0.2497,0.1111,0.744
22.02.2009 13:00,0.2202,0.1365,0.0569,0.0886,0.164,0.1134,0.5174
22.02.2009 14:00,0.1688,0.0729,0.0424,0.0854,0.1388,0.0909,0.4581
22.02.2009 15:00,0.1164,0.0588,0.0459,0.0359,0.0939,0.064,0.3329
22.02.2009 16:00,0.0684,0.0398,0.0127,0.0107,0.0473,0.0405,0.106
22.02.2009 17:00,0.0,0.0,0.0,0.0,0.0,0.0,0.0
22.02.2009 18:00,0.0,0.0,0.0,0.0,0.0,0.0,0.0
22.02.2009 19:00,0.0,0.0,0.0,0.0,0.0,0.0,0.0
22.02.2009 20:00,0.0,0.0,0.0,0.0,0.0,0.0,0.0
22.02.2009 21:00,0.0,0.0,0.0,0.0,0.0,0.0,0.0
22.02.2009 22:00,0.0,0.0,0.0,0.0,0.0,0.0,0.0
22.02.2009 23:00,0.0,0.0,0.0,0.0,0.0,0.0,0.0
23.02.2009 00:00,0.0,0.0,0.0,0.0,0.0,0.0,0.0
23.02.2009 01:00,0.0,0.0,0.0,0.0,0.0,0.0,0.0
23.02.2009 02:00,0.0,0.0,0.0,0.0,0.0,0.0,0.0
23.02.2009 03:00,0.0,0.0,0.0,0.0,0.0,0.0,0.0
23.02.2009 04:00,0.0,0.0,0.0,0.0,0.0,0.0,0.0
23.02.2009 05:00,0.0,0.0,0.0,0.0,0.0,0.0,0.0
23.02.2009 06:00,0.0,0.0,0.0,0.0,0.0,0.0,0.0
23.02.2009 07:00,0.0252,0.0083,0.0141,0.0214,0.0505,0.0153,0.1321
23.02.2009 08:00,0.0508,0.0361,0.06,0.0508,0.0959,0.0242,0.3786
23.02.2009 09:00,0.0886,0.0822,0.1034,0.0753,0.1494,0.0491,0.5429
23.02.2009 10:00,0.1215,0.0916,0.0642,0.0566,0.155,0.0577,0.627
23.02.2009 11:00,0.1874,0.0999,0.0814,0.1117,0.1841,0.0806,0.6749
23.02.2009 12:00,0.1384,0.0605,0.0797,0.1779,0.1036,0.0614,0.6008
23.02.2009 13:00,0.1827,0.1072,0.1168,0.1036,0.1448,0.0987,0.5281
23.02.2009 14:00,0.1797,0.1297,0.0658,0.0668,0.1146,0.0882,0.4136
23.02.2009 15:00,0.1707,0.1036,0.0598,0.0458,0.0861,0.0553,0.3232
23.02.2009 16:00,0.0942,0.0485,0.0479,0.0418,0.0542,0.0348,0.1026
23.02.2009 17:00,0.0,0.0,0.0,0.0,0.0,0.0,0.0
23.02.2009 18:00,0.0,0.0,0.0,0.0,0.0,0.0,0.0
23.02.2009 19:00,0.0,0.0,0.0,0.0,0.0,0.0,0.0
23.02.2009 20:00,0.0,0.0,0.0,0.0,0.0,0.0,0.0
23.02.2009 21:00,0.0,0.0,0.0,0.0,0.0,0.0,0.0
23.02.2009 22:00,0.0,0.0,0.0,0.0,0.0,0.0,0.0
23.02.2009 23:00,0.0,0.0,0.0,0.0,0.0,0.0,0.0
24.02.2009 00:00,0.0,0.0,0.0,0.0,0.0,0.0,0.0
24.02.2009 01:00,0.0,0.0,0.0,0.0,0.0,0.0,0.0
24.02.2009 02:00,0.0,0.0,0.0,0.0,0.0,0.0,0.0
24.02.2009 03:00,0.0,0.0,0.0,0.0,0.0,0.0,0.0
24.02.2009 04:00,0.0,0.0,0.0,0.0,0.0,0.0,0.0
24.02.2009 05:00,0.0,0.0,0.0,0.0,0.0,0.0,0.0
24.02.2009 06:00,0.0,0.0,0.0,0.0,0.0,0.0,0.0
24.02.2009 07:00,0.0692,0.062,0.0482,0.0591,0.0706,0.0506,0.1415
24.02.2009 08:00,0.1726,0.1507,0.182,0.1152,0.1441,0.1042,0.397
24.02.2009 09:00,0.2525,0.2095,0.1848,0.1714,0.1909,0.0982,0.5776
24.02.2009 10:00,0.2916,0.2229,0.1958,0.1318,0.1648,0.0946,0.6524
24.02.2009 11:00,0.3026,0.1838,0.1154,0.131,0.1651,0.1064,0.6873
24.02.2009 12:00,0.2512,0.0767,0.0355,0.0452,0.0912,0.0567,0.6093
24.02.2009 13:00,0.2777,0.1024,0.0655,0.0497,0.1262,0.0709,0.5839
24.02.2009 14:00,0.2448,0.0968,0.0639,0.0436,0.1144,0.057,0.5061
24.02.2009 15:00,0.1924,0.0942,0.0558,0.0335,0.0835,0.0637,0.346
24.02.2009 16:00,0.1008,0.0722,0.0303,0.0294,0.0481,0.0356,0.1131
24.02.2009 17:00,0.0,0.0,0.0,0.0,0.0,0.0,0.0
24.02.2009 18:00,0.0,0.0,0.0,0.0,0.0,0.0,0.0
24.02.2009 19:00,0.0,0.0,0.0,0.0,0.0,0.0,0.0
24.02.2009 20:00,0.0,0.0,0.0,0.0,0.0,0.0,0.0
24.02.2009 21:00,0.0,0.0,0.0,0.0,0.0,0.0,0.0
24.02.2009 22:00,0.0,0.0,0.0,0.0,0.0,0.0,0.0
24.02.2009 23:00,0.0,0.0,0.0,0.0,0.0,0.0,0.0
25.02.2009 00:00,0.0,0.0,0.0,0.0,0.0,0.0,0.0
25.02.2009 01:00,0.0,0.0,0.0,0.0,0.0,0.0,0.0
25.02.2009 02:00,0.0,0.0,0.0,0.0,0.0,0.0,0.0
25.02.2009 03:00,0.0,0.0,0.0,0.0,0.0,0.0,0.0
25.02.2009 04:00,0.0,0.0,0.0,0.0,0.0,0.0,0.0
25.02.2009 05:00,0.0,0.0,0.0,0.0,0.0,0.0,0.0
25.02.2009 06:00,0.0,0.0,0.0,0.0,0.0,0.0,0.0
25.02.2009 07:00,0.0812,0.0886,0.0669,0.0992,0.082,0.0697,0.0949
25.02.2009 08:00,0.1949,0.2075,0.1574,0.2144,0.1546,0.1324,0.296
25.02.2009 09:00,0.2696,0.2922,0.2255,0.2889,0.2062,0.1729,0.462
25.02.2009 10:00,0.3182,0.3589,0.2847,0.3422,0.2188,0.1872,0.5661
25.02.2009 11:00,0.3649,0.4115,0.4447,0.3928,0.2149,0.2026,0.5957
25.02.2009 12:00,0.3702,0.3766,0.5263,0.4564,0.1777,0.2042,0.6272
25.02.2009 13:00,0.3742,0.4028,0.5061,0.4365,0.2308,0.2527,0.6039
25.02.2009 14:00,0.3251,0.3534,0.4665,0.3676,0.1977,0.2164,0.5067
25.02.2009 15:00,0.2287,0.2542,0.312,0.2433,0.1402,0.1898,0.3458
25.02.2009 16:00,0.1112,0.1261,0.1516,0.0846,0.0659,0.0926,0.1194
25.02.2009 17:00,0.0,0.0,0.0,0.0,0.0,0.0,0.0
25.02.2009 18:00,0.0,0.0,0.0,0.0,0.0,0.0,0.0
25.02.2009 19:00,0.0,0.0,0.0,0.0,0.0,0.0,0.0
25.02.2009 20:00,0.0,0.0,0.0,0.0,0.0,0.0,0.0
25.02.2009 21:00,0.0,0.0,0.0,0.0,0.0,0.0,0.0
25.02.2009 22:00,0.0,0.0,0.0,0.0,0.0,0.0,0.0
25.02.2009 23:00,0.0,0.0,0.0,0.0,0.0,0.0,0.0
26.02.2009 00:00,0.0,0.0,0.0,0.0,0.0,0.0,0.0
26.02.2009 01:00,0.0,0.0,0.0,0.0,0.0,0.0,0.0
26.02.2009 02:00,0.0,0.0,0.0,0.0,0.0,0.0,0.0
26.02.2009 03:00,0.0,0.0,0.0,0.0,0.0,0.0,0.0
26.02.2009 04:00,0.0,0.0,0.0,0.0,0.0,0.0,0.0
26.02.2009 05:00,0.0,0.0,0.0,0.0,0.0,0.0,0.0
26.02.2009 06:00,0.0,0.0,0.0,0.0,0.0001,0.0,0.0
26.02.2009 07:00,0.1032,0.0788,0.0483,0.0494,0.0892,0.0472,0.1545
26.02.2009 08:00,0.2268,0.1555,0.0798,0.1124,0.1664,0.106,0.404
26.02.2009 09:00,0.2827,0.2071,0.201,0.1426,0.1841,0.1133,0.549
26.02.2009 10:00,0.4861,0.5326,0.4553,0.3981,0.4694,0.2909,0.5919
26.02.2009 11:00,0.4178,0.377,0.2974,0.2812,0.3214,0.251,0.6823
26.02.2009 12:00,0.4092,0.3394,0.2241,0.1568,0.1637,0.1569,0.7176
26.02.2009 13:00,0.3608,0.2577,0.17,0.1278,0.2372,0.235,0.6538
26.02.2009 14:00,0.2551,0.1717,0.0859,0.0778,0.2284,0.1107,0.4546
26.02.2009 15:00,0.1752,0.1019,0.0577,0.0374,0.1367,0.0842,0.2468
26.02.2009 16:00,0.0732,0.0437,0.0232,0.0271,0.0557,0.0444,0.1249
26.02.2009 17:00,0.0,0.0,0.0,0.0,0.0,0.0,0.0
26.02.2009 18:00,0.0,0.0,0.0,0.0,0.0,0.0,0.0
26.02.2009 19:00,0.0,0.0,0.0,0.0,0.0,0.0,0.0
26.02.2009 20:00,0.0,0.0,0.0,0.0,0.0,0.0,0.0
26.02.2009 21:00,0.0,0.0,0.0,0.0,0.0,0.0,0.0
26.02.2009 22:00,0.0,0.0,0.0,0.0,0.0,0.0,0.0
26.02.2009 23:00,0.0,0.0,0.0,0.0,0.0,0.0,0.0
27.02.2009 00:00,0.0,0.0,0.0,0.0,0.0,0.0,0.0
27.02.2009 01:00,0.0,0.0,0.0,0.0,0.0,0.0,0.0
27.02.2009 02:00,0.0,0.0,0.0,0.0,0.0,0.0,0.0
27.02.2009 03:00,0.0,0.0,0.0,0.0,0.0,0.0,0.0
27.02.2009 04:00,0.0,0.0,0.0,0.0,0.0,0.0,0.0
27.02.2009 05:00,0.0,0.0,0.0,0.0,0.0,0.0,0.0
27.02.2009 06:00,0.0,0.0,0.0,0.0,0.0029,0.0,0.0
27.02.2009 07:00,0.0718,0.0726,0.0215,0.0101,0.0225,0.0172,0.1265
27.02.2009 08:00,0.2299,0.1574,0.0798,0.029,0.1012,0.0518,0.3721
27.02.2009 09:00,0.3941,0.3487,0.1681,0.0659,0.2057,0.1045,0.5746
27.02.2009 10:00,0.4621,0.5272,0.2388,0.1286,0.1952,0.1932,0.7215
27.02.2009 11:00,0.4992,0.5729,0.4376,0.3148,0.2665,0.33,0.7699
27.02.2009 12:00,0.4513,0.5296,0.464,0.39,0.2058,0.3495,0.7026
27.02.2009 13:00,0.4554,0.537,0.5455,0.3757,0.3083,0.4163,0.7172
27.02.2009 14:00,0.398,0.4461,0.5528,0.3987,0.2518,0.3177,0.5595
27.02.2009 15:00,0.2753,0.3154,0.3773,0.2747,0.1464,0.2534,0.3829
27.02.2009 16:00,0.1416,0.1479,0.1796,0.1719,0.094,0.1496,0.1486
27.02.2009 17:00,0.0,0.0,0.0,0.0,0.0,0.0,0.0
27.02.2009 18:00,0.0,0.0,0.0,0.0,0.0,0.0,0.0
27.02.2009 19:00,0.0,0.0,0.0,0.0,0.0,0.0,0.0
27.02.2009 20:00,0.0,0.0,0.0,0.0,0.0,0.0,0.0
27.02.2009 21:00,0.0,0.0,0.0,0.0,0.0,0.0,0.0
27.02.2009 22:00,0.0,0.0,0.0,0.0,0.0,0.0,0.0
27.02.2009 23:00,0.0,0.0,0.0,0.0,0.0,0.0,0.0
28.02.2009 00:00,0.0,0.0,0.0,0.0,0.0,0.0,0.0
28.02.2009 01:00,0.0,0.0,0.0,0.0,0.0,0.0,0.0
28.02.2009 02:00,0.0,0.0,0.0,0.0,0.0,0.0,0.0
28.02.2009 03:00,0.0,0.0,0.0,0.0,0.0,0.0,0.0
28.02.2009 04:00,0.0,0.0,0.0,0.0,0.0,0.0,0.0
28.02.2009 05:00,0.0,0.0,0.0,0.0,0.0,0.0,0.0
28.02.2009 06:00,0.0,0.0,0.0,0.0,0.0042,0.0,0.0
28.02.2009 07:00,0.1254,0.149,0.1866,0.1884,0.1237,0.1377,0.1599
28.02.2009 08:00,0.2737,0.3171,0.423,0.3803,0.2306,0.2498,0.413
28.02.2009 09:00,0.4006,0.4641,0.5871,0.5154,0.3242,0.3379,0.5823
28.02.2009 10:00,0.4848,0.5755,0.7042,0.5936,0.3829,0.4004,0.6645
28.02.2009 11:00,0.5109,0.6017,0.7526,0.6299,0.3862,0.4048,0.7188
28.02.2009 12:00,0.4696,0.5289,0.6985,0.5884,0.3173,0.3361,0.6897
28.02.2009 13:00,0.4606,0.5574,0.6737,0.5796,0.3433,0.3975,0.661
28.02.2009 14:00,0.4032,0.4706,0.5944,0.4849,0.2841,0.3184,0.5668
28.02.2009 15:00,0.2932,0.3306,0.4087,0.2697,0.1944,0.2542,0.3906
28.02.2009 16:00,0.1509,0.1693,0.1724,0.1221,0.0896,0.1372,0.1509
28.02.2009 17:00,0.0001,0.0,0.0,0.0,0.0,0.0,0.0
28.02.2009 18:00,0.0,0.0,0.0,0.0,0.0,0.0,0.0
28.02.2009 19:00,0.0,0.0,0.0,0.0,0.0,0.0,0.0
28.02.2009 20:00,0.0,0.0,0.0,0.0,0.0,0.0,0.0
28.02.2009 21:00,0.0,0.0,0.0,0.0,0.0,0.0,0.0
28.02.2009 22:00,0.0,0.0,0.0,0.0,0.0,0.0,0.0
28.02.2009 23:00,0.0,0.0,0.0,0.0,0.0,0.0,0.0
01.03.2009 00:00,0.0,0.0,0.0,0.0,0.0,0.0,0.0
01.03.2009 01:00,0.0,0.0,0.0,0.0,0.0,0.0,0.0
01.03.2009 02:00,0.0,0.0,0.0,0.0,0.0,0.0,0.0
01.03.2009 03:00,0.0,0.0,0.0,0.0,0.0,0.0,0.0
01.03.2009 04:00,0.0,0.0,0.0,0.0,0.0,0.0,0.0
01.03.2009 05:00,0.0,0.0,0.0,0.0,0.0,0.0,0.0
01.03.2009 06:00,0.0,0.0,0.0,0.0,0.0149,0.0,0.0222
01.03.2009 07:00,0.0208,0.0277,0.0581,0.0602,0.0591,0.0407,0.0156
01.03.2009 08:00,0.0726,0.0986,0.1047,0.1443,0.1787,0.134,0.0557
01.03.2009 09:00,0.1408,0.161,0.1215,0.216,0.3051,0.2577,0.0983
01.03.2009 10:00,0.2329,0.2632,0.1795,0.2381,0.4898,0.2982,0.1412
01.03.2009 11:00,0.4051,0.3775,0.1422,0.2347,0.4985,0.4738,0.2222
01.03.2009 12:00,0.3684,0.3985,0.2583,0.2234,0.3826,0.5004,0.1425
01.03.2009 13:00,0.296,0.34,0.3303,0.2005,0.3017,0.2293,0.2536
01.03.2009 14:00,0.2432,0.201,0.0918,0.0619,0.236,0.2466,0.1484
01.03.2009 15:00,0.1172,0.1558,0.0918,0.0607,0.1571,0.1413,0.058
01.03.2009 16:00,0.0421,0.0521,0.0435,0.0301,0.0414,0.0519,0.0179
01.03.2009 17:00,0.0001,0.0001,0.0,0.0,0.0,0.0,0.0
01.03.2009 18:00,0.0,0.0,0.0,0.0,0.0,0.0,0.0
01.03.2009 19:00,0.0,0.0,0.0,0.0,0.0,0.0,0.0
01.03.2009 20:00,0.0,0.0,0.0,0.0,0.0,0.0,0.0
01.03.2009 21:00,0.0,0.0,0.0,0.0,0.0,0.0,0.0
01.03.2009 22:00,0.0,0.0,0.0,0.0,0.0,0.0,0.0
01.03.2009 23:00,0.0,0.0,0.0,0.0,0.0,0.0,0.0
02.03.2009 00:00,0.0,0.0,0.0,0.0,0.0,0.0,0.0
02.03.2009 01:00,0.0,0.0,0.0,0.0,0.0,0.0,0.0
02.03.2009 02:00,0.0,0.0,0.0,0.0,0.0,0.0,0.0
02.03.2009 03:00,0.0,0.0,0.0,0.0,0.0,0.0,0.0
02.03.2009 04:00,0.0,0.0,0.0,0.0,0.0,0.0,0.0
02.03.2009 05:00,0.0,0.0,0.0,0.0,0.0,0.0,0.0
02.03.2009 06:00,0.0,0.0,0.0,0.0182,0.0074,0.0134,0.0222
02.03.2009 07:00,0.0483,0.0457,0.0239,0.0435,0.0577,0.0613,0.0609
02.03.2009 08:00,0.1515,0.1068,0.0592,0.0786,0.196,0.194,0.2028
02.03.2009 09:00,0.1954,0.1441,0.0839,0.0894,0.3268,0.2245,0.3097
02.03.2009 10:00,0.2413,0.1482,0.0784,0.1257,0.3797,0.274,0.3922
02.03.2009 11:00,0.2672,0.1583,0.0726,0.0959,0.4405,0.2958,0.4166
02.03.2009 12:00,0.1981,0.1343,0.071,0.0714,0.3746,0.2308,0.3767
02.03.2009 13:00,0.2778,0.1769,0.0676,0.0753,0.3573,0.2398,0.4013
02.03.2009 14:00,0.212,0.1169,0.0601,0.0505,0.2566,0.164,0.2886
02.03.2009 15:00,0.1427,0.0741,0.0381,0.0413,0.1373,0.0738,0.1794
02.03.2009 16:00,0.0665,0.0382,0.0145,0.0052,0.0468,0.0232,0.0517
02.03.2009 17:00,0.0,0.0001,0.0,0.0,0.0,0.0,0.0
02.03.2009 18:00,0.0,0.0,0.0,0.0,0.0,0.0,0.0
02.03.2009 19:00,0.0,0.0,0.0,0.0,0.0,0.0,0.0
02.03.2009 20:00,0.0,0.0,0.0,0.0,0.0,0.0,0.0
02.03.2009 21:00,0.0,0.0,0.0,0.0,0.0,0.0,0.0
02.03.2009 22:00,0.0,0.0,0.0,0.0,0.0,0.0,0.0
02.03.2009 23:00,0.0,0.0,0.0,0.0,0.0,0.0,0.0
03.03.2009 00:00,0.0,0.0,0.0,0.0,0.0,0.0,0.0
03.03.2009 01:00,0.0,0.0,0.0,0.0,0.0,0.0,0.0
03.03.2009 02:00,0.0,0.0,0.0,0.0,0.0,0.0,0.0
03.03.2009 03:00,0.0,0.0,0.0,0.0,0.0,0.0,0.0
03.03.2009 04:00,0.0,0.0,0.0,0.0,0.0,0.0,0.0
03.03.2009 05:00,0.0,0.0,0.0,0.0,0.0,0.0,0.0
03.03.2009 06:00,0.0024,0.0019,0.0121,0.0286,0.0026,0.0101,0.001
03.03.2009 07:00,0.0571,0.0318,0.0064,0.0268,0.0719,0.0516,0.0519
03.03.2009 08:00,0.1475,0.0896,0.036,0.0476,0.1528,0.1187,0.0809
03.03.2009 09:00,0.1968,0.1112,0.0532,0.1166,0.1891,0.1791,0.0797
03.03.2009 10:00,0.3204,0.1724,0.0867,0.1598,0.2768,0.2745,0.086
03.03.2009 11:00,0.2109,0.1158,0.0767,0.1528,0.1218,0.1134,0.0556
03.03.2009 12:00,0.1628,0.0649,0.0689,0.1208,0.0797,0.0714,0.0381
03.03.2009 13:00,0.1894,0.1094,0.0855,0.1059,0.0871,0.0743,0.0489
03.03.2009 14:00,0.1649,0.1121,0.0782,0.0512,0.0913,0.0867,0.0437
03.03.2009 15:00,0.1217,0.1002,0.0785,0.0446,0.0935,0.0823,0.0281
03.03.2009 16:00,0.0674,0.0657,0.0588,0.0369,0.047,0.0554,0.0224
03.03.2009 17:00,0.0,0.0,0.0,0.0,0.0,0.0,0.0
03.03.2009 18:00,0.0,0.0,0.0,0.0,0.0,0.0,0.0
03.03.2009 19:00,0.0,0.0,0.0,0.0,0.0,0.0,0.0
03.03.2009 20:00,0.0,0.0,0.0,0.0,0.0,0.0,0.0
03.03.2009 21:00,0.0,0.0,0.0,0.0,0.0,0.0,0.0
03.03.2009 22:00,0.0,0.0,0.0,0.0,0.0,0.0,0.0
03.03.2009 23:00,0.0,0.0,0.0,0.0,0.0,0.0,0.0
04.03.2009 00:00,0.0,0.0,0.0,0.0,0.0,0.0,0.0
04.03.2009 01:00,0.0,0.0,0.0,0.0,0.0,0.0,0.0
04.03.2009 02:00,0.0,0.0,0.0,0.0,0.0,0.0,0.0
04.03.2009 03:00,0.0,0.0,0.0,0.0,0.0,0.0,0.0
04.03.2009 04:00,0.0,0.0,0.0,0.0,0.0,0.0,0.0
04.03.2009 05:00,0.0,0.0,0.0,0.0,0.0,0.0,0.0
04.03.2009 06:00,0.0045,0.0093,0.0095,0.0004,0.0006,0.0128,0.0
04.03.2009 07:00,0.0587,0.0463,0.0332,0.0898,0.0989,0.1288,0.0322
04.03.2009 08:00,0.1911,0.1666,0.0944,0.1646,0.2329,0.2633,0.0872
04.03.2009 09:00,0.3158,0.3714,0.1588,0.1928,0.3196,0.3383,0.0972
04.03.2009 10:00,0.4423,0.508,0.3245,0.2084,0.3408,0.4151,0.0738
04.03.2009 11:00,0.4394,0.5208,0.3085,0.194,0.3004,0.34,0.0763
04.03.2009 12:00,0.3626,0.5135,0.2763,0.2082,0.1984,0.3083,0.1291
04.03.2009 13:00,0.249,0.3644,0.3024,0.1695,0.2327,0.4134,0.1159
04.03.2009 14:00,0.1556,0.1806,0.1511,0.1235,0.2988,0.268,0.0878
04.03.2009 15:00,0.112,0.1028,0.0579,0.0711,0.2024,0.1558,0.0803
04.03.2009 16:00,0.053,0.0475,0.0175,0.0308,0.0677,0.0787,0.0482
04.03.2009 17:00,0.0,0.0,0.0,0.0,0.0,0.0,0.0
04.03.2009 18:00,0.0,0.0,0.0,0.0,0.0,0.0,0.0
04.03.2009 19:00,0.0,0.0,0.0,0.0,0.0,0.0,0.0
04.03.2009 20:00,0.0,0.0,0.0,0.0,0.0,0.0,0.0
04.03.2009 21:00,0.0,0.0,0.0,0.0,0.0,0.0,0.0
04.03.2009 22:00,0.0,0.0,0.0,0.0,0.0,0.0,0.0
04.03.2009 23:00,0.0,0.0,0.0,0.0,0.0,0.0,0.0
05.03.2009 00:00,0.0,0.0,0.0,0.0,0.0,0.0,0.0
05.03.2009 01:00,0.0,0.0,0.0,0.0,0.0,0.0,0.0
05.03.2009 02:00,0.0,0.0,0.0,0.0,0.0,0.0,0.0
05.03.2009 03:00,0.0,0.0,0.0,0.0,0.0,0.0,0.0
05.03.2009 04:00,0.0,0.0,0.0,0.0,0.0,0.0,0.0
05.03.2009 05:00,0.0,0.0,0.0,0.0,0.0,0.0,0.0
05.03.2009 06:00,0.0086,0.0154,0.0061,0.0,0.0,0.0002,0.0
05.03.2009 07:00,0.0378,0.0338,0.0271,0.0186,0.025,0.0259,0.0225
05.03.2009 08:00,0.0748,0.0831,0.0498,0.0426,0.0693,0.0576,0.0336
05.03.2009 09:00,0.1251,0.1463,0.0724,0.0638,0.1487,0.073,0.0518
05.03.2009 10:00,0.1608,0.1906,0.1162,0.1206,0.1565,0.1264,0.0657
05.03.2009 11:00,0.2154,0.1953,0.1909,0.0872,0.2739,0.2967,0.0878
05.03.2009 12:00,0.155,0.2042,0.1453,0.0835,0.2593,0.3179,0.1403
05.03.2009 13:00,0.1926,0.2363,0.081,0.048,0.1741,0.2429,0.2028
05.03.2009 14:00,0.1655,0.1621,0.0444,0.0381,0.1261,0.1338,0.1153
05.03.2009 15:00,0.1303,0.0978,0.0201,0.0365,0.1171,0.0412,0.0725
05.03.2009 16:00,0.055,0.0343,0.0139,0.0286,0.0686,0.0266,0.0304
05.03.2009 17:00,0.0,0.0,0.0,0.0,0.0,0.0,0.0
05.03.2009 18:00,0.0,0.0,0.0,0.0,0.0,0.0,0.0
05.03.2009 19:00,0.0,0.0,0.0,0.0,0.0,0.0,0.0
05.03.2009 20:00,0.0,0.0,0.0,0.0,0.0,0.0,0.0
05.03.2009 21:00,0.0,0.0,0.0,0.0,0.0,0.0,0.0
05.03.2009 22:00,0.0,0.0,0.0,0.0,0.0,0.0,0.0
05.03.2009 23:00,0.0,0.0,0.0,0.0,0.0,0.0,0.0
06.03.2009 00:00,0.0,0.0,0.0,0.0,0.0,0.0,0.0
06.03.2009 01:00,0.0,0.0,0.0,0.0,0.0,0.0,0.0
06.03.2009 02:00,0.0,0.0,0.0,0.0,0.0,0.0,0.0
06.03.2009 03:00,0.0,0.0,0.0,0.0,0.0,0.0,0.0
06.03.2009 04:00,0.0,0.0,0.0,0.0,0.0,0.0,0.0
06.03.2009 05:00,0.0,0.0,0.0,0.0,0.0,0.0,0.0
06.03.2009 06:00,0.0041,0.0104,0.0002,0.0,0.005,0.0,0.0
06.03.2009 07:00,0.0269,0.0408,0.0308,0.0226,0.0322,0.027,0.0389
06.03.2009 08:00,0.0827,0.1041,0.0773,0.0746,0.1276,0.0712,0.1204
06.03.2009 09:00,0.1709,0.1631,0.1188,0.1095,0.2291,0.1525,0.2139
06.03.2009 10:00,0.1979,0.1632,0.1659,0.1114,0.1699,0.1229,0.2797
06.03.2009 11:00,0.1917,0.206,0.1536,0.104,0.1417,0.1424,0.3282
06.03.2009 12:00,0.182,0.1632,0.1216,0.1208,0.0759,0.1547,0.3007
06.03.2009 13:00,0.1889,0.1415,0.1093,0.1599,0.114,0.1584,0.3611
06.03.2009 14:00,0.1577,0.1059,0.0995,0.1254,0.0912,0.1175,0.3451
06.03.2009 15:00,0.1472,0.0882,0.0723,0.0503,0.0859,0.0873,0.2338
06.03.2009 16:00,0.0649,0.0391,0.0372,0.0272,0.0629,0.0572,0.1001
06.03.2009 17:00,0.0,0.0,0.0,0.0,0.0,0.0,0.0
06.03.2009 18:00,0.0,0.0,0.0,0.0,0.0,0.0,0.0
06.03.2009 19:00,0.0,0.0,0.0,0.0,0.0,0.0,0.0
06.03.2009 20:00,0.0,0.0,0.0,0.0,0.0,0.0,0.0
06.03.2009 21:00,0.0,0.0,0.0,0.0,0.0,0.0,0.0
06.03.2009 22:00,0.0,0.0,0.0,0.0,0.0,0.0,0.0
06.03.2009 23:00,0.0,0.0,0.0,0.0,0.0,0.0,0.0
07.03.2009 00:00,0.0,0.0,0.0,0.0,0.0,0.0,0.0
07.03.2009 01:00,0.0,0.0,0.0,0.0,0.0,0.0,0.0
07.03.2009 02:00,0.0,0.0,0.0,0.0,0.0,0.0,0.0
07.03.2009 03:00,0.0,0.0,0.0,0.0,0.0,0.0,0.0
07.03.2009 04:00,0.0,0.0,0.0,0.0,0.0,0.0,0.0
07.03.2009 05:00,0.0,0.0,0.0,0.0,0.0,0.0,0.0
07.03.2009 06:00,0.0128,0.0019,0.0,0.0,0.0079,0.0,0.0
07.03.2009 07:00,0.1193,0.114,0.1024,0.0853,0.0905,0.0877,0.0877
07.03.2009 08:00,0.2802,0.229,0.2463,0.2049,0.2329,0.2436,0.2606
07.03.2009 09:00,0.3666,0.2766,0.378,0.3389,0.3259,0.244,0.3688
07.03.2009 10:00,0.3817,0.3207,0.4456,0.3805,0.3366,0.2653,0.4138
07.03.2009 11:00,0.3402,0.3202,0.4816,0.4146,0.3044,0.2959,0.434
07.03.2009 12:00,0.3034,0.2571,0.4557,0.3752,0.1775,0.207,0.3972
07.03.2009 13:00,0.3221,0.2745,0.3747,0.3947,0.2177,0.242,0.4176
07.03.2009 14:00,0.3049,0.2792,0.3196,0.2907,0.2192,0.1492,0.3963
07.03.2009 15:00,0.2339,0.2074,0.2857,0.2118,0.1804,0.1325,0.2762
07.03.2009 16:00,0.1252,0.1068,0.1308,0.1228,0.0911,0.1001,0.1199
07.03.2009 17:00,0.0021,0.0,0.0,0.0,0.0,0.0,0.0
07.03.2009 18:00,0.0,0.0,0.0,0.0,0.0,0.0,0.0
07.03.2009 19:00,0.0,0.0,0.0,0.0,0.0,0.0,0.0
07.03.2009 20:00,0.0,0.0,0.0,0.0,0.0,0.0,0.0
07.03.2009 21:00,0.0,0.0,0.0,0.0,0.0,0.0,0.0
07.03.2009 22:00,0.0,0.0,0.0,0.0,0.0,0.0,0.0
07.03.2009 23:00,0.0,0.0,0.0,0.0,0.0,0.0,0.0
08.03.2009 00:00,0.0,0.0,0.0,0.0,0.0,0.0,0.0
08.03.2009 01:00,0.0,0.0,0.0,0.0,0.0,0.0,0.0
08.03.2009 02:00,0.0,0.0,0.0,0.0,0.0,0.0,0.0
08.03.2009 03:00,0.0,0.0,0.0,0.0,0.0,0.0,0.0
08.03.2009 04:00,0.0,0.0,0.0,0.0,0.0,0.0,0.0
08.03.2009 05:00,0.0,0.0,0.0,0.0,0.0,0.0,0.0
08.03.2009 06:00,0.0003,0.0,0.0,0.0,0.0044,0.0,0.003
08.03.2009 07:00,0.0906,0.0701,0.04,0.0979,0.1197,0.095,0.1674
08.03.2009 08:00,0.2023,0.2458,0.2397,0.2321,0.1967,0.163,0.3484
08.03.2009 09:00,0.2658,0.2844,0.3145,0.3321,0.3296,0.2786,0.5051
08.03.2009 10:00,0.2695,0.2673,0.2526,0.3695,0.3985,0.3193,0.5395
08.03.2009 11:00,0.3244,0.2982,0.1951,0.2364,0.3574,0.3879,0.6349
08.03.2009 12:00,0.2834,0.2274,0.2882,0.0714,0.3251,0.2073,0.5214
08.03.2009 13:00,0.2848,0.252,0.2307,0.2654,0.2269,0.2981,0.511
08.03.2009 14:00,0.2537,0.2529,0.1243,0.0929,0.2196,0.2251,0.4565
08.03.2009 15:00,0.1846,0.1693,0.1455,0.0872,0.1594,0.1404,0.3145
08.03.2009 16:00,0.081,0.0763,0.0657,0.0565,0.08,0.0935,0.1396
08.03.2009 17:00,0.0006,0.0,0.0,0.0,0.0,0.0,0.0
08.03.2009 18:00,0.0,0.0,0.0,0.0,0.0,0.0,0.0
08.03.2009 19:00,0.0,0.0,0.0,0.0,0.0,0.0,0.0
08.03.2009 20:00,0.0,0.0,0.0,0.0,0.0,0.0,0.0
08.03.2009 21:00,0.0,0.0,0.0,0.0,0.0,0.0,0.0
08.03.2009 22:00,0.0,0.0,0.0,0.0,0.0,0.0,0.0
08.03.2009 23:00,0.0,0.0,0.0,0.0,0.0,0.0,0.0
09.03.2009 00:00,0.0,0.0,0.0,0.0,0.0,0.0,0.0
09.03.2009 01:00,0.0,0.0,0.0,0.0,0.0,0.0,0.0
09.03.2009 02:00,0.0,0.0,0.0,0.0,0.0,0.0,0.0
09.03.2009 03:00,0.0,0.0,0.0,0.0,0.0,0.0,0.0
09.03.2009 04:00,0.0,0.0,0.0,0.0,0.0,0.0,0.0
09.03.2009 05:00,0.0,0.0,0.0,0.0,0.0,0.0,0.0
09.03.2009 06:00,0.0,0.0,0.0,0.0022,0.011,0.0007,0.0046
09.03.2009 07:00,0.0726,0.0711,0.0435,0.0508,0.0981,0.0642,0.1353
09.03.2009 08:00,0.1055,0.1567,0.1061,0.0937,0.2111,0.1142,0.3266
09.03.2009 09:00,0.136,0.2015,0.2116,0.1653,0.2711,0.1376,0.4605
09.03.2009 10:00,0.1442,0.1688,0.2884,0.2482,0.2519,0.239,0.5378
09.03.2009 11:00,0.1501,0.1216,0.4035,0.4326,0.2777,0.183,0.5622
09.03.2009 12:00,0.072,0.1339,0.443,0.4397,0.2415,0.1412,0.5126
09.03.2009 13:00,0.1424,0.2152,0.4304,0.3087,0.2407,0.1409,0.4203
09.03.2009 14:00,0.1098,0.0974,0.1806,0.1446,0.1921,0.1268,0.2557
09.03.2009 15:00,0.0961,0.1082,0.101,0.0598,0.1264,0.0721,0.2306
09.03.2009 16:00,0.0638,0.0855,0.0893,0.1013,0.0612,0.0566,0.0766
09.03.2009 17:00,0.0048,0.0021,0.0,0.0,0.0,0.0,0.0
09.03.2009 18:00,0.0,0.0,0.0,0.0,0.0,0.0,0.0
09.03.2009 19:00,0.0,0.0,0.0,0.0,0.0,0.0,0.0
09.03.2009 20:00,0.0,0.0,0.0,0.0,0.0,0.0,0.0
09.03.2009 21:00,0.0,0.0,0.0,0.0,0.0,0.0,0.0
09.03.2009 22:00,0.0,0.0,0.0,0.0,0.0,0.0,0.0
09.03.2009 23:00,0.0,0.0,0.0,0.0,0.0,0.0,0.0
10.03.2009 00:00,0.0,0.0,0.0,0.0,0.0,0.0,0.0
10.03.2009 01:00,0.0,0.0,0.0,0.0,0.0,0.0,0.0
10.03.2009 02:00,0.0,0.0,0.0,0.0,0.0,0.0,0.0
10.03.2009 03:00,0.0,0.0,0.0,0.0,0.0,0.0,0.0
10.03.2009 04:00,0.0,0.0,0.0,0.0,0.0,0.0,0.0
10.03.2009 05:00,0.0,0.0,0.0,0.0,0.0,0.0,0.0
10.03.2009 06:00,0.0,0.0,0.0026,0.0024,0.0063,0.0012,0.0059
10.03.2009 07:00,0.074,0.0936,0.0615,0.0954,0.096,0.056,0.1677
10.03.2009 08:00,0.138,0.1291,0.1506,0.2541,0.2148,0.2014,0.3615
10.03.2009 09:00,0.1841,0.1519,0.1229,0.2117,0.3188,0.2554,0.5179
10.03.2009 10:00,0.1897,0.1381,0.1378,0.1604,0.3686,0.1979,0.5551
10.03.2009 11:00,0.2269,0.1468,0.1161,0.1634,0.4915,0.2608,0.4231
10.03.2009 12:00,0.194,0.1459,0.0762,0.0891,0.3997,0.1958,0.2977
10.03.2009 13:00,0.1917,0.0837,0.092,0.0788,0.2339,0.1232,0.2722
10.03.2009 14:00,0.058,0.0885,0.054,0.0792,0.1571,0.1213,0.1292
10.03.2009 15:00,0.0669,0.053,0.0343,0.0365,0.1013,0.0561,0.1837
10.03.2009 16:00,0.0443,0.0386,0.0224,0.0164,0.0443,0.0264,0.061
10.03.2009 17:00,0.0016,0.0018,0.0,0.0,0.0,0.0,0.0
10.03.2009 18:00,0.0,0.0,0.0,0.0,0.0,0.0,0.0
10.03.2009 19:00,0.0,0.0,0.0,0.0,0.0,0.0,0.0
10.03.2009 20:00,0.0,0.0,0.0,0.0,0.0,0.0,0.0
10.03.2009 21:00,0.0,0.0,0.0,0.0,0.0,0.0,0.0
10.03.2009 22:00,0.0,0.0,0.0,0.0,0.0,0.0,0.0
10.03.2009 23:00,0.0,0.0,0.0,0.0,0.0,0.0,0.0
11.03.2009 00:00,0.0,0.0,0.0,0.0,0.0,0.0,0.0
11.03.2009 01:00,0.0,0.0,0.0,0.0,0.0,0.0,0.0
11.03.2009 02:00,0.0,0.0,0.0,0.0,0.0,0.0,0.0
11.03.2009 03:00,0.0,0.0,0.0,0.0,0.0,0.0,0.0
11.03.2009 04:00,0.0,0.0,0.0,0.0,0.0,0.0,0.0
11.03.2009 05:00,0.0,0.0,0.0,0.0,0.0,0.0,0.0
11.03.2009 06:00,0.0042,0.0045,0.0028,0.0038,0.0112,0.0052,0.008
11.03.2009 07:00,0.0608,0.0846,0.1063,0.1179,0.0763,0.0939,0.1276
11.03.2009 08:00,0.1658,0.1928,0.2264,0.1458,0.1742,0.1238,0.352
11.03.2009 09:00,0.2579,0.2836,0.2279,0.1975,0.2326,0.1782,0.4908
11.03.2009 10:00,0.3282,0.3044,0.2831,0.2373,0.1972,0.1803,0.5855
11.03.2009 11:00,0.3336,0.3172,0.2664,0.2326,0.1744,0.1523,0.5756
11.03.2009 12:00,0.2952,0.2421,0.1884,0.2081,0.1585,0.1087,0.5266
11.03.2009 13:00,0.3506,0.2592,0.3466,0.442,0.1791,0.1219,0.551
11.03.2009 14:00,0.3258,0.2426,0.3484,0.3592,0.2071,0.1307,0.4585
11.03.2009 15:00,0.2597,0.1916,0.3047,0.2348,0.169,0.1258,0.3055
11.03.2009 16:00,0.1428,0.1291,0.1681,0.1275,0.0877,0.0772,0.1352
11.03.2009 17:00,0.0129,0.0066,0.0,0.0,0.0,0.0,0.0
11.03.2009 18:00,0.0,0.0,0.0,0.0,0.0,0.0,0.0
11.03.2009 19:00,0.0,0.0,0.0,0.0,0.0,0.0,0.0
11.03.2009 20:00,0.0,0.0,0.0,0.0,0.0,0.0,0.0
11.03.2009 21:00,0.0,0.0,0.0,0.0,0.0,0.0,0.0
11.03.2009 22:00,0.0,0.0,0.0,0.0,0.0,0.0,0.0
11.03.2009 23:00,0.0,0.0,0.0,0.0,0.0,0.0,0.0
12.03.2009 00:00,0.0,0.0,0.0,0.0,0.0,0.0,0.0
12.03.2009 01:00,0.0,0.0,0.0,0.0,0.0,0.0,0.0
12.03.2009 02:00,0.0,0.0,0.0,0.0,0.0,0.0,0.0
12.03.2009 03:00,0.0,0.0,0.0,0.0,0.0,0.0,0.0
12.03.2009 04:00,0.0,0.0,0.0,0.0,0.0,0.0,0.0
12.03.2009 05:00,0.0,0.0,0.0,0.0,0.0,0.0,0.0
12.03.2009 06:00,0.0046,0.002,0.0024,0.0076,0.0093,0.0071,0.0114
12.03.2009 07:00,0.0896,0.0437,0.0404,0.036,0.0873,0.0502,0.2004
12.03.2009 08:00,0.1247,0.0687,0.0527,0.0894,0.1707,0.0818,0.3992
12.03.2009 09:00,0.2496,0.2056,0.1821,0.1157,0.2564,0.1105,0.5387
12.03.2009 10:00,0.4135,0.4068,0.3982,0.2718,0.3405,0.258,0.6276
12.03.2009 11:00,0.4772,0.3932,0.3028,0.3749,0.3665,0.2199,0.6694
12.03.2009 12:00,0.3378,0.192,0.1738,0.167,0.2212,0.1446,0.6178
12.03.2009 13:00,0.3309,0.2029,0.0889,0.0971,0.1613,0.1101,0.6019
12.03.2009 14:00,0.2414,0.1344,0.09,0.0579,0.1569,0.0656,0.4419
12.03.2009 15:00,0.1779,0.0973,0.0766,0.0624,0.0999,0.0527,0.3089
12.03.2009 16:00,0.1262,0.0533,0.0335,0.0331,0.0402,0.0393,0.127
12.03.2009 17:00,0.0026,0.0014,0.0004,0.0,0.0,0.0,0.0
12.03.2009 18:00,0.0,0.0,0.0,0.0,0.0,0.0,0.0
12.03.2009 19:00,0.0,0.0,0.0,0.0,0.0,0.0,0.0
12.03.2009 20:00,0.0,0.0,0.0,0.0,0.0,0.0,0.0
12.03.2009 21:00,0.0,0.0,0.0,0.0,0.0,0.0,0.0
12.03.2009 22:00,0.0,0.0,0.0,0.0,0.0,0.0,0.0
12.03.2009 23:00,0.0,0.0,0.0,0.0,0.0,0.0,0.0
13.03.2009 00:00,0.0,0.0,0.0,0.0,0.0,0.0,0.0
13.03.2009 01:00,0.0,0.0,0.0,0.0,0.0,0.0,0.0
13.03.2009 02:00,0.0,0.0,0.0,0.0,0.0,0.0,0.0
13.03.2009 03:00,0.0,0.0,0.0,0.0,0.0,0.0,0.0
13.03.2009 04:00,0.0,0.0,0.0,0.0,0.0,0.0,0.0
13.03.2009 05:00,0.0,0.0,0.0,0.0,0.0,0.0,0.0
13.03.2009 06:00,0.003,0.0025,0.0035,0.0025,0.0125,0.0012,0.0163
13.03.2009 07:00,0.1109,0.0648,0.0614,0.068,0.0684,0.0247,0.206
13.03.2009 08:00,0.2808,0.2618,0.1774,0.2339,0.1642,0.0845,0.4005
13.03.2009 09:00,0.4073,0.3641,0.517,0.2722,0.2214,0.2203,0.5384
13.03.2009 10:00,0.4696,0.4351,0.5731,0.4164,0.2334,0.2524,0.6174
13.03.2009 11:00,0.4695,0.4358,0.469,0.3061,0.2267,0.3728,0.6232
13.03.2009 12:00,0.4372,0.3816,0.2812,0.3228,0.2074,0.3688,0.6126
13.03.2009 13:00,0.4214,0.4209,0.2582,0.2993,0.2308,0.4068,0.5923
13.03.2009 14:00,0.3646,0.402,0.2685,0.2633,0.2219,0.4052,0.5064
13.03.2009 15:00,0.2748,0.2886,0.2002,0.1857,0.1813,0.2599,0.3538
13.03.2009 16:00,0.148,0.1374,0.1007,0.074,0.078,0.1164,0.1595
13.03.2009 17:00,0.0114,0.0061,0.0024,0.0,0.0,0.0017,0.0
13.03.2009 18:00,0.0,0.0,0.0,0.0,0.0,0.0,0.0
13.03.2009 19:00,0.0,0.0,0.0,0.0,0.0,0.0,0.0
13.03.2009 20:00,0.0,0.0,0.0,0.0,0.0,0.0,0.0
13.03.2009 21:00,0.0,0.0,0.0,0.0,0.0,0.0,0.0
13.03.2009 22:00,0.0,0.0,0.0,0.0,0.0,0.0,0.0
13.03.2009 23:00,0.0,0.0,0.0,0.0,0.0,0.0,0.0
14.03.2009 00:00,0.0,0.0,0.0,0.0,0.0,0.0,0.0
14.03.2009 01:00,0.0,0.0,0.0,0.0,0.0,0.0,0.0
14.03.2009 02:00,0.0,0.0,0.0,0.0,0.0,0.0,0.0
14.03.2009 03:00,0.0,0.0,0.0,0.0,0.0,0.0,0.0
14.03.2009 04:00,0.0,0.0,0.0,0.0,0.0,0.0,0.0
14.03.2009 05:00,0.0,0.0,0.0,0.0,0.0,0.0,0.0
14.03.2009 06:00,0.0067,0.0048,0.0098,0.0146,0.0242,0.015,0.0197
14.03.2009 07:00,0.1283,0.1413,0.1847,0.1309,0.1617,0.1427,0.2099
14.03.2009 08:00,0.2862,0.3018,0.3382,0.3619,0.2909,0.2861,0.4053
14.03.2009 09:00,0.3939,0.4551,0.4312,0.5629,0.3734,0.4633,0.5436
14.03.2009 10:00,0.4491,0.5362,0.4502,0.4324,0.4103,0.4794,0.6282
14.03.2009 11:00,0.4304,0.5188,0.4928,0.519,0.4448,0.519,0.6245
14.03.2009 12:00,0.426,0.4756,0.4346,0.4034,0.412,0.5032,0.648
14.03.2009 13:00,0.469,0.5022,0.5401,0.5051,0.4083,0.4175,0.5634
14.03.2009 14:00,0.3608,0.3383,0.2285,0.2982,0.4059,0.3553,0.4555
14.03.2009 15:00,0.2552,0.2164,0.1596,0.2174,0.2866,0.2503,0.2916
14.03.2009 16:00,0.1275,0.1075,0.0574,0.104,0.1186,0.124,0.1004
14.03.2009 17:00,0.01,0.0051,0.0014,0.0,0.0,0.0027,0.0056
14.03.2009 18:00,0.0,0.0,0.0,0.0,0.0,0.0,0.0
14.03.2009 19:00,0.0,0.0,0.0,0.0,0.0,0.0,0.0
14.03.2009 20:00,0.0,0.0,0.0,0.0,0.0,0.0,0.0
14.03.2009 21:00,0.0,0.0,0.0,0.0,0.0,0.0,0.0
14.03.2009 22:00,0.0,0.0,0.0,0.0,0.0,0.0,0.0
14.03.2009 23:00,0.0,0.0,0.0,0.0,0.0,0.0,0.0
15.03.2009 00:00,0.0,0.0,0.0,0.0,0.0,0.0,0.0
15.03.2009 01:00,0.0,0.0,0.0,0.0,0.0,0.0,0.0
15.03.2009 02:00,0.0,0.0,0.0,0.0,0.0,0.0,0.0
15.03.2009 03:00,0.0,0.0,0.0,0.0,0.0,0.0,0.0
15.03.2009 04:00,0.0,0.0,0.0,0.0,0.0,0.0,0.0
15.03.2009 05:00,0.0,0.0,0.0,0.0,0.0,0.0,0.0
15.03.2009 06:00,0.0099,0.0091,0.0102,0.0017,0.0114,0.0047,0.0212
15.03.2009 07:00,0.1044,0.0869,0.1223,0.0542,0.0888,0.0538,0.1963
15.03.2009 08:00,0.2248,0.2024,0.2359,0.0942,0.1873,0.0851,0.4546
15.03.2009 09:00,0.3539,0.3079,0.4024,0.2061,0.2595,0.1106,0.6165
15.03.2009 10:00,0.4825,0.3831,0.233,0.1996,0.2597,0.0823,0.717
15.03.2009 11:00,0.5332,0.4894,0.2485,0.118,0.2478,0.1294,0.7089
15.03.2009 12:00,0.5349,0.5066,0.2927,0.1389,0.1985,0.2129,0.7458
15.03.2009 13:00,0.5235,0.3617,0.2566,0.1512,0.2392,0.0674,0.6652
15.03.2009 14:00,0.4429,0.3086,0.133,0.0652,0.1943,0.1112,0.5658
15.03.2009 15:00,0.322,0.2164,0.1098,0.0747,0.1392,0.0916,0.3977
15.03.2009 16:00,0.1704,0.1273,0.0991,0.038,0.0655,0.0559,0.1878
15.03.2009 17:00,0.0113,0.0066,0.0032,0.0014,0.0001,0.0026,0.005
15.03.2009 18:00,0.0,0.0,0.0,0.0,0.0,0.0,0.0
15.03.2009 19:00,0.0,0.0,0.0,0.0,0.0,0.0,0.0
15.03.2009 20:00,0.0,0.0,0.0,0.0,0.0,0.0,0.0
15.03.2009 21:00,0.0,0.0,0.0,0.0,0.0,0.0,0.0
15.03.2009 22:00,0.0,0.0,0.0,0.0,0.0,0.0,0.0
15.03.2009 23:00,0.0,0.0,0.0,0.0,0.0,0.0,0.0
16.03.2009 00:00,0.0,0.0,0.0,0.0,0.0,0.0,0.0
16.03.2009 01:00,0.0,0.0,0.0,0.0,0.0,0.0,0.0
16.03.2009 02:00,0.0,0.0,0.0,0.0,0.0,0.0,0.0
16.03.2009 03:00,0.0,0.0,0.0,0.0,0.0,0.0,0.0
16.03.2009 04:00,0.0,0.0,0.0,0.0,0.0,0.0,0.0
16.03.2009 05:00,0.0,0.0,0.0,0.0,0.0,0.0,0.0
16.03.2009 06:00,0.0141,0.0154,0.0232,0.0282,0.0246,0.022,0.0283
16.03.2009 07:00,0.1765,0.2029,0.2563,0.2643,0.1759,0.1887,0.2388
16.03.2009 08:00,0.3658,0.4046,0.4867,0.4924,0.334,0.3893,0.4228
16.03.2009 09:00,0.4918,0.5553,0.6524,0.6736,0.4409,0.5155,0.5599
16.03.2009 10:00,0.564,0.6371,0.7047,0.7378,0.4848,0.577,0.6462
16.03.2009 11:00,0.5714,0.6558,0.7054,0.7629,0.5008,0.5969,0.6473
16.03.2009 12:00,0.5334,0.6239,0.5941,0.7173,0.4622,0.58,0.6524
16.03.2009 13:00,0.5226,0.6126,0.6662,0.7119,0.4475,0.5585,0.6366
16.03.2009 14:00,0.4635,0.5401,0.5959,0.6071,0.4062,0.4942,0.5356
16.03.2009 15:00,0.352,0.4005,0.4485,0.4484,0.2898,0.3516,0.3788
16.03.2009 16:00,0.1772,0.2055,0.2222,0.2117,0.1295,0.1786,0.1759
16.03.2009 17:00,0.016,0.0126,0.009,0.0051,0.0034,0.0054,0.005
16.03.2009 18:00,0.0,0.0,0.0,0.0,0.0,0.0,0.0
16.03.2009 19:00,0.0,0.0,0.0,0.0,0.0,0.0,0.0
16.03.2009 20:00,0.0,0.0,0.0,0.0,0.0,0.0,0.0
16.03.2009 21:00,0.0,0.0,0.0,0.0,0.0,0.0,0.0
16.03.2009 22:00,0.0,0.0,0.0,0.0,0.0,0.0,0.0
16.03.2009 23:00,0.0,0.0,0.0,0.0,0.0,0.0,0.0
17.03.2009 00:00,0.0,0.0,0.0,0.0,0.0,0.0,0.0
17.03.2009 01:00,0.0,0.0,0.0,0.0,0.0,0.0,0.0
17.03.2009 02:00,0.0,0.0,0.0,0.0,0.0,0.0,0.0
17.03.2009 03:00,0.0,0.0,0.0,0.0,0.0,0.0,0.0
17.03.2009 04:00,0.0,0.0,0.0,0.0,0.0,0.0,0.0
17.03.2009 05:00,0.0,0.0,0.0,0.0,0.0,0.0,0.0
17.03.2009 06:00,0.0167,0.0187,0.0269,0.0332,0.0304,0.027,0.0311
17.03.2009 07:00,0.1863,0.2168,0.2552,0.2684,0.1994,0.2255,0.2442
17.03.2009 08:00,0.3732,0.4145,0.49,0.4857,0.3821,0.4129,0.4648
17.03.2009 09:00,0.5056,0.5799,0.662,0.6523,0.4967,0.5425,0.6172
17.03.2009 10:00,0.5946,0.6608,0.7755,0.7669,0.56,0.6106,0.7107
17.03.2009 11:00,0.6063,0.705,0.828,0.832,0.5856,0.6347,0.7398
17.03.2009 12:00,0.5683,0.6893,0.8237,0.8241,0.4976,0.631,0.7366
17.03.2009 13:00,0.5633,0.6637,0.754,0.6874,0.4513,0.6226,0.6985
17.03.2009 14:00,0.4941,0.5745,0.5458,0.3561,0.2642,0.5007,0.508
17.03.2009 15:00,0.346,0.3992,0.3443,0.3889,0.2324,0.2424,0.3038
17.03.2009 16:00,0.1754,0.1656,0.1689,0.1238,0.1226,0.1615,0.1518
17.03.2009 17:00,0.0117,0.01,0.0102,0.006,0.003,0.0061,0.0038
17.03.2009 18:00,0.0,0.0,0.0,0.0,0.0,0.0,0.0
17.03.2009 19:00,0.0,0.0,0.0,0.0,0.0,0.0,0.0
17.03.2009 20:00,0.0,0.0,0.0,0.0,0.0,0.0,0.0
17.03.2009 21:00,0.0,0.0,0.0,0.0,0.0,0.0,0.0
17.03.2009 22:00,0.0,0.0,0.0,0.0,0.0,0.0,0.0
17.03.2009 23:00,0.0,0.0,0.0,0.0,0.0,0.0,0.0
18.03.2009 00:00,0.0,0.0,0.0,0.0,0.0,0.0,0.0
18.03.2009 01:00,0.0,0.0,0.0,0.0,0.0,0.0,0.0
18.03.2009 02:00,0.0,0.0,0.0,0.0,0.0,0.0,0.0
18.03.2009 03:00,0.0,0.0,0.0,0.0,0.0,0.0,0.0
18.03.2009 04:00,0.0,0.0,0.0,0.0,0.0,0.0,0.0
18.03.2009 05:00,0.0,0.0,0.0,0.0,0.0,0.0,0.0
18.03.2009 06:00,0.0193,0.0187,0.0268,0.0337,0.0345,0.0279,0.0365
18.03.2009 07:00,0.1888,0.218,0.2413,0.2743,0.2068,0.2188,0.2632
18.03.2009 08:00,0.3851,0.4279,0.4721,0.5004,0.398,0.4004,0.4957
18.03.2009 09:00,0.5368,0.5905,0.6566,0.6621,0.53,0.57,0.6603
18.03.2009 10:00,0.4876,0.4892,0.5123,0.5165,0.445,0.4502,0.5328
18.03.2009 11:00,0.6392,0.7407,0.8386,0.839,0.6449,0.7421,0.7544
18.03.2009 12:00,0.6145,0.7271,0.8311,0.8341,0.6506,0.6878,0.7609
18.03.2009 13:00,0.5861,0.6863,0.7714,0.7372,0.5543,0.6456,0.7233
18.03.2009 14:00,0.505,0.5843,0.6067,0.5545,0.4633,0.5724,0.6014
18.03.2009 15:00,0.3764,0.4282,0.3762,0.4098,0.3374,0.362,0.4096
18.03.2009 16:00,0.1893,0.1902,0.1675,0.1714,0.1208,0.1608,0.1921
18.03.2009 17:00,0.0197,0.011,0.0079,0.0045,0.0028,0.0101,0.0078
18.03.2009 18:00,0.0,0.0,0.0,0.0,0.0,0.0,0.0
18.03.2009 19:00,0.0,0.0,0.0,0.0,0.0,0.0,0.0
18.03.2009 20:00,0.0,0.0,0.0,0.0,0.0,0.0,0.0
18.03.2009 21:00,0.0,0.0,0.0,0.0,0.0,0.0,0.0
18.03.2009 22:00,0.0,0.0,0.0,0.0,0.0,0.0,0.0
18.03.2009 23:00,0.0,0.0,0.0,0.0,0.0,0.0,0.0
19.03.2009 00:00,0.0,0.0,0.0,0.0,0.0,0.0,0.0
19.03.2009 01:00,0.0,0.0,0.0,0.0,0.0,0.0,0.0
19.03.2009 02:00,0.0,0.0,0.0,0.0,0.0,0.0,0.0
19.03.2009 03:00,0.0,0.0,0.0,0.0,0.0,0.0,0.0
19.03.2009 04:00,0.0,0.0,0.0,0.0,0.0,0.0,0.0
19.03.2009 05:00,0.0,0.0,0.0,0.0,0.0,0.0,0.0
19.03.2009 06:00,0.0212,0.0207,0.0334,0.0417,0.0394,0.0312,0.0451
19.03.2009 07:00,0.1785,0.217,0.2746,0.2189,0.2012,0.2242,0.2821
19.03.2009 08:00,0.3929,0.443,0.4899,0.4599,0.3948,0.4337,0.5186
19.03.2009 09:00,0.5642,0.612,0.6665,0.6088,0.5538,0.5873,0.6983
19.03.2009 10:00,0.6603,0.7245,0.8066,0.7749,0.4999,0.6375,0.8041
19.03.2009 11:00,0.6938,0.7678,0.8481,0.4924,0.4459,0.6193,0.8194
19.03.2009 12:00,0.665,0.7529,0.7467,0.2803,0.3684,0.4919,0.7417
19.03.2009 13:00,0.6284,0.654,0.4301,0.2882,0.3693,0.4828,0.7513
19.03.2009 14:00,0.5223,0.4324,0.4762,0.1843,0.2482,0.2916,0.6241
19.03.2009 15:00,0.3754,0.3264,0.2024,0.1515,0.1757,0.1833,0.3968
19.03.2009 16:00,0.1835,0.1522,0.0881,0.1104,0.088,0.0999,0.1826
19.03.2009 17:00,0.0182,0.013,0.0082,0.0068,0.0029,0.0062,0.0096
19.03.2009 18:00,0.0,0.0,0.0,0.0,0.0,0.0,0.0
19.03.2009 19:00,0.0,0.0,0.0,0.0,0.0,0.0,0.0
19.03.2009 20:00,0.0,0.0,0.0,0.0,0.0,0.0,0.0
19.03.2009 21:00,0.0,0.0,0.0,0.0,0.0,0.0,0.0
19.03.2009 22:00,0.0,0.0,0.0,0.0,0.0,0.0,0.0
19.03.2009 23:00,0.0,0.0,0.0,0.0,0.0,0.0,0.0
20.03.2009 00:00,0.0,0.0,0.0,0.0,0.0,0.0,0.0
20.03.2009 01:00,0.0,0.0,0.0,0.0,0.0,0.0,0.0
20.03.2009 02:00,0.0,0.0,0.0,0.0,0.0,0.0,0.0
20.03.2009 03:00,0.0,0.0,0.0,0.0,0.0,0.0,0.0
20.03.2009 04:00,0.0,0.0,0.0,0.0,0.0,0.0,0.0
20.03.2009 05:00,0.0,0.0,0.0,0.0,0.0,0.0,0.0
20.03.2009 06:00,0.0282,0.0292,0.0356,0.039,0.0313,0.029,0.0502
20.03.2009 07:00,0.2251,0.2242,0.1697,0.1298,0.1422,0.1642,0.2713
20.03.2009 08:00,0.4529,0.358,0.259,0.235,0.3084,0.3557,0.4902
20.03.2009 09:00,0.6036,0.4518,0.4349,0.3764,0.3932,0.4207,0.6571
20.03.2009 10:00,0.7048,0.5001,0.277,0.3365,0.3661,0.3724,0.743
20.03.2009 11:00,0.7305,0.4676,0.421,0.4717,0.3674,0.3569,0.8035
20.03.2009 12:00,0.6778,0.4723,0.4703,0.4106,0.3377,0.3888,0.8205
20.03.2009 13:00,0.6466,0.5054,0.5356,0.4032,0.3631,0.3976,0.7733
20.03.2009 14:00,0.5598,0.4571,0.5199,0.4497,0.318,0.3268,0.6506
20.03.2009 15:00,0.4114,0.3688,0.3518,0.2775,0.2482,0.2539,0.4476
20.03.2009 16:00,0.2068,0.1975,0.2127,0.1627,0.1294,0.1375,0.2134
20.03.2009 17:00,0.0243,0.0208,0.0181,0.0102,0.0059,0.0105,0.012
20.03.2009 18:00,0.0,0.0,0.0,0.0,0.0,0.0,0.0
20.03.2009 19:00,0.0,0.0,0.0,0.0,0.0,0.0,0.0
20.03.2009 20:00,0.0,0.0,0.0,0.0,0.0,0.0,0.0
20.03.2009 21:00,0.0,0.0,0.0,0.0,0.0,0.0,0.0
20.03.2009 22:00,0.0,0.0,0.0,0.0,0.0,0.0,0.0
20.03.2009 23:00,0.0,0.0,0.0,0.0,0.0,0.0,0.0
21.03.2009 00:00,0.0,0.0,0.0,0.0,0.0,0.0,0.0
21.03.2009 01:00,0.0,0.0,0.0,0.0,0.0,0.0,0.0
21.03.2009 02:00,0.0,0.0,0.0,0.0,0.0,0.0,0.0
21.03.2009 03:00,0.0,0.0,0.0,0.0,0.0,0.0,0.0
21.03.2009 04:00,0.0,0.0,0.0,0.0,0.0,0.0,0.0
21.03.2009 05:00,0.0,0.0,0.0,0.0,0.0,0.0,0.0
21.03.2009 06:00,0.0317,0.0345,0.0478,0.0562,0.0464,0.0458,0.0571
21.03.2009 07:00,0.2229,0.2583,0.2928,0.306,0.2201,0.2554,0.2949
21.03.2009 08:00,0.4437,0.4874,0.5405,0.5478,0.4163,0.4693,0.5349
21.03.2009 09:00,0.6043,0.6648,0.7218,0.7269,0.547,0.6054,0.7075
21.03.2009 10:00,0.7094,0.7718,0.8251,0.8504,0.6166,0.6859,0.8035
21.03.2009 11:00,0.7309,0.8169,0.8941,0.8928,0.6225,0.7213,0.8134
21.03.2009 12:00,0.6962,0.8129,0.8977,0.8918,0.6048,0.7413,0.8202
21.03.2009 13:00,0.665,0.7703,0.8302,0.8294,0.5661,0.7192,0.7811
21.03.2009 14:00,0.5674,0.6539,0.6994,0.6872,0.4894,0.6095,0.6502
21.03.2009 15:00,0.4146,0.4766,0.4964,0.4937,0.3464,0.4221,0.4538
21.03.2009 16:00,0.2109,0.2453,0.2498,0.2432,0.1633,0.2166,0.2173
21.03.2009 17:00,0.027,0.0254,0.0215,0.0163,0.0097,0.0167,0.0139
21.03.2009 18:00,0.0,0.0,0.0,0.0,0.0,0.0,0.0
21.03.2009 19:00,0.0,0.0,0.0,0.0,0.0,0.0,0.0
21.03.2009 20:00,0.0,0.0,0.0,0.0,0.0,0.0,0.0
21.03.2009 21:00,0.0,0.0,0.0,0.0,0.0,0.0,0.0
21.03.2009 22:00,0.0,0.0,0.0,0.0,0.0,0.0,0.0
21.03.2009 23:00,0.0,0.0,0.0,0.0,0.0,0.0,0.0
22.03.2009 00:00,0.0,0.0,0.0,0.0,0.0,0.0,0.0
22.03.2009 01:00,0.0,0.0,0.0,0.0,0.0,0.0,0.0
22.03.2009 02:00,0.0,0.0,0.0,0.0,0.0,0.0,0.0
22.03.2009 03:00,0.0,0.0,0.0,0.0,0.0,0.0,0.0
22.03.2009 04:00,0.0,0.0,0.0,0.0,0.0,0.0,0.0
22.03.2009 05:00,0.0,0.0,0.0,0.0,0.0,0.0,0.0
22.03.2009 06:00,0.038,0.0396,0.0393,0.0404,0.0444,0.0423,0.0613
22.03.2009 07:00,0.2339,0.2269,0.1698,0.1711,0.1838,0.1794,0.2947
22.03.2009 08:00,0.4556,0.3768,0.3508,0.3426,0.4,0.3478,0.5409
22.03.2009 09:00,0.6062,0.5569,0.5868,0.4416,0.4994,0.4446,0.714
22.03.2009 10:00,0.6988,0.6141,0.509,0.5134,0.5336,0.6016,0.8153
22.03.2009 11:00,0.753,0.6768,0.668,0.5893,0.5657,0.5687,0.859
22.03.2009 12:00,0.7896,0.752,0.8549,0.8247,0.626,0.5826,0.881
22.03.2009 13:00,0.6623,0.7393,0.8068,0.8214,0.6024,0.7169,0.7585
22.03.2009 14:00,0.5814,0.6443,0.6757,0.6781,0.5189,0.6104,0.6427
22.03.2009 15:00,0.4227,0.4696,0.4755,0.4578,0.3191,0.4188,0.4549
22.03.2009 16:00,0.2127,0.241,0.2233,0.1724,0.1196,0.1946,0.2192
22.03.2009 17:00,0.0292,0.0277,0.0218,0.0164,0.0084,0.0181,0.015
22.03.2009 18:00,0.0,0.0,0.0,0.0,0.0,0.0,0.0
22.03.2009 19:00,0.0,0.0,0.0,0.0,0.0,0.0,0.0
22.03.2009 20:00,0.0,0.0,0.0,0.0,0.0,0.0,0.0
22.03.2009 21:00,0.0,0.0,0.0,0.0,0.0,0.0,0.0
22.03.2009 22:00,0.0,0.0,0.0,0.0,0.0,0.0,0.0
22.03.2009 23:00,0.0,0.0,0.0,0.0,0.0,0.0,0.0
23.03.2009 00:00,0.0,0.0,0.0,0.0,0.0,0.0,0.0
23.03.2009 01:00,0.0,0.0,0.0,0.0,0.0,0.0,0.0
23.03.2009 02:00,0.0,0.0,0.0,0.0,0.0,0.0,0.0
23.03.2009 03:00,0.0,0.0,0.0,0.0,0.0,0.0,0.0
23.03.2009 04:00,0.0,0.0,0.0,0.0,0.0,0.0,0.0
23.03.2009 05:00,0.0,0.0,0.0,0.0,0.0,0.0,0.0
23.03.2009 06:00,0.0414,0.0433,0.0527,0.0422,0.0458,0.0425,0.0633
23.03.2009 07:00,0.2391,0.2224,0.1982,0.1852,0.2005,0.2086,0.2858
23.03.2009 08:00,0.4673,0.4047,0.2748,0.3826,0.4011,0.3338,0.5422
23.03.2009 09:00,0.6192,0.6082,0.4695,0.3959,0.5446,0.525,0.7196
23.03.2009 10:00,0.6526,0.6477,0.7796,0.636,0.587,0.609,0.8278
23.03.2009 11:00,0.6888,0.6461,0.6479,0.8392,0.6729,0.7314,0.812
23.03.2009 12:00,0.6056,0.5037,0.7174,0.7264,0.5912,0.4582,0.8489
23.03.2009 13:00,0.6289,0.4749,0.5366,0.4837,0.5095,0.354,0.8036
23.03.2009 14:00,0.4463,0.269,0.1834,0.2236,0.32,0.1808,0.6105
23.03.2009 15:00,0.2299,0.1553,0.1191,0.1364,0.2008,0.1322,0.3924
23.03.2009 16:00,0.0933,0.065,0.0337,0.037,0.0956,0.0694,0.1989
23.03.2009 17:00,0.0157,0.0116,0.0068,0.01,0.0085,0.0143,0.0143
23.03.2009 18:00,0.0,0.0,0.0,0.0,0.0,0.0,0.0
23.03.2009 19:00,0.0,0.0,0.0,0.0,0.0,0.0,0.0
23.03.2009 20:00,0.0,0.0,0.0,0.0,0.0,0.0,0.0
23.03.2009 21:00,0.0,0.0,0.0,0.0,0.0,0.0,0.0
23.03.2009 22:00,0.0,0.0,0.0,0.0,0.0,0.0,0.0
23.03.2009 23:00,0.0,0.0,0.0,0.0,0.0,0.0,0.0
24.03.2009 00:00,0.0,0.0,0.0,0.0,0.0,0.0,0.0
24.03.2009 01:00,0.0,0.0,0.0,0.0,0.0,0.0,0.0
24.03.2009 02:00,0.0,0.0,0.0,0.0,0.0,0.0,0.0
24.03.2009 03:00,0.0,0.0,0.0,0.0,0.0,0.0,0.0
24.03.2009 04:00,0.0,0.0,0.0,0.0,0.0,0.0,0.0
24.03.2009 05:00,0.0,0.0,0.0,0.0,0.0,0.0,0.0
24.03.2009 06:00,0.012,0.0189,0.0288,0.0178,0.0143,0.0137,0.0133
24.03.2009 07:00,0.0687,0.0819,0.126,0.0562,0.0751,0.0577,0.1
24.03.2009 08:00,0.1797,0.1186,0.213,0.2471,0.149,0.1337,0.3486
24.03.2009 09:00,0.1951,0.2177,0.3703,0.1762,0.2822,0.1851,0.5581
24.03.2009 10:00,0.268,0.2199,0.3029,0.3638,0.3023,0.1799,0.7593
24.03.2009 11:00,0.3207,0.2088,0.3204,0.1724,0.3652,0.1594,0.8531
24.03.2009 12:00,0.2231,0.1869,0.2744,0.3355,0.2833,0.1234,0.7929
24.03.2009 13:00,0.2713,0.2193,0.4046,0.2657,0.2555,0.1003,0.668
24.03.2009 14:00,0.2144,0.155,0.3943,0.3844,0.2014,0.1443,0.5061
24.03.2009 15:00,0.1988,0.1242,0.1564,0.2914,0.1483,0.1144,0.3763
24.03.2009 16:00,0.0955,0.0804,0.0828,0.054,0.0832,0.0599,0.1818
24.03.2009 17:00,0.0201,0.0142,0.0141,0.0174,0.0084,0.0118,0.0171
24.03.2009 18:00,0.0,0.0,0.0,0.0,0.0,0.0,0.0
24.03.2009 19:00,0.0,0.0,0.0,0.0,0.0,0.0,0.0
24.03.2009 20:00,0.0,0.0,0.0,0.0,0.0,0.0,0.0
24.03.2009 21:00,0.0,0.0,0.0,0.0,0.0,0.0,0.0
24.03.2009 22:00,0.0,0.0,0.0,0.0,0.0,0.0,0.0
24.03.2009 23:00,0.0,0.0,0.0,0.0,0.0,0.0,0.0
25.03.2009 00:00,0.0,0.0,0.0,0.0,0.0,0.0,0.0
25.03.2009 01:00,0.0,0.0,0.0,0.0,0.0,0.0,0.0
25.03.2009 02:00,0.0,0.0,0.0,0.0,0.0,0.0,0.0
25.03.2009 03:00,0.0,0.0,0.0,0.0,0.0,0.0,0.0
25.03.2009 04:00,0.0,0.0,0.0,0.0,0.0,0.0,0.0
25.03.2009 05:00,0.0,0.0,0.0,0.0,0.0,0.0,0.0
25.03.2009 06:00,0.0203,0.0101,0.0117,0.0154,0.0454,0.0388,0.0697
25.03.2009 07:00,0.0774,0.0419,0.0411,0.0402,0.1345,0.0396,0.3021
25.03.2009 08:00,0.1148,0.0777,0.0572,0.0616,0.2055,0.0665,0.4945
25.03.2009 09:00,0.1787,0.115,0.0726,0.0761,0.3194,0.128,0.7017
25.03.2009 10:00,0.2356,0.1623,0.1059,0.1396,0.455,0.1584,0.7699
25.03.2009 11:00,0.2788,0.2226,0.2134,0.2098,0.482,0.2033,0.582
25.03.2009 12:00,0.2947,0.1759,0.2288,0.2611,0.4037,0.2413,0.3242
25.03.2009 13:00,0.2857,0.1923,0.1912,0.2925,0.4416,0.3126,0.5924
25.03.2009 14:00,0.2496,0.1338,0.0554,0.0656,0.3228,0.1302,0.5092
25.03.2009 15:00,0.1041,0.09,0.0788,0.06,0.1811,0.0902,0.3548
25.03.2009 16:00,0.0513,0.054,0.052,0.0638,0.0714,0.0618,0.183
25.03.2009 17:00,0.0131,0.0143,0.0099,0.0049,0.0093,0.0118,0.0168
25.03.2009 18:00,0.0,0.0,0.0,0.0,0.0,0.0,0.0
25.03.2009 19:00,0.0,0.0,0.0,0.0,0.0,0.0,0.0
25.03.2009 20:00,0.0,0.0,0.0,0.0,0.0,0.0,0.0
25.03.2009 21:00,0.0,0.0,0.0,0.0,0.0,0.0,0.0
25.03.2009 22:00,0.0,0.0,0.0,0.0,0.0,0.0,0.0
25.03.2009 23:00,0.0,0.0,0.0,0.0,0.0,0.0,0.0
26.03.2009 00:00,0.0,0.0,0.0,0.0,0.0,0.0,0.0
26.03.2009 01:00,0.0,0.0,0.0,0.0,0.0,0.0,0.0
26.03.2009 02:00,0.0,0.0,0.0,0.0,0.0,0.0,0.0
26.03.2009 03:00,0.0,0.0,0.0,0.0,0.0,0.0,0.0
26.03.2009 04:00,0.0,0.0,0.0,0.0,0.0,0.0,0.0
26.03.2009 05:00,0.0,0.0,0.0,0.0,0.0,0.0,0.0
26.03.2009 06:00,0.0298,0.0302,0.0427,0.0386,0.0315,0.0293,0.0417
26.03.2009 07:00,0.1023,0.1196,0.1391,0.1266,0.0926,0.1232,0.2089
26.03.2009 08:00,0.2048,0.2124,0.1905,0.2518,0.1704,0.1748,0.4022
26.03.2009 09:00,0.3367,0.2547,0.3064,0.146,0.2778,0.1758,0.6001
26.03.2009 10:00,0.4103,0.2534,0.3677,0.2502,0.2619,0.2773,0.7031
26.03.2009 11:00,0.446,0.3479,0.2246,0.3163,0.2784,0.2868,0.731
26.03.2009 12:00,0.4706,0.4116,0.438,0.3028,0.292,0.4614,0.7629
26.03.2009 13:00,0.45,0.3963,0.4397,0.4014,0.308,0.4241,0.7354
26.03.2009 14:00,0.3332,0.3416,0.1921,0.3683,0.3122,0.2689,0.6037
26.03.2009 15:00,0.2411,0.2238,0.1543,0.1229,0.2325,0.1414,0.4032
26.03.2009 16:00,0.109,0.0598,0.0654,0.0535,0.0994,0.0867,0.2219
26.03.2009 17:00,0.0163,0.014,0.0064,0.0089,0.0122,0.0112,0.0211
26.03.2009 18:00,0.0,0.0,0.0,0.0,0.0,0.0,0.0
26.03.2009 19:00,0.0,0.0,0.0,0.0,0.0,0.0,0.0
26.03.2009 20:00,0.0,0.0,0.0,0.0,0.0,0.0,0.0
26.03.2009 21:00,0.0,0.0,0.0,0.0,0.0,0.0,0.0
26.03.2009 22:00,0.0,0.0,0.0,0.0,0.0,0.0,0.0
26.03.2009 23:00,0.0,0.0,0.0,0.0,0.0,0.0,0.0
27.03.2009 00:00,0.0,0.0,0.0,0.0,0.0,0.0,0.0
27.03.2009 01:00,0.0,0.0,0.0,0.0,0.0,0.0,0.0
27.03.2009 02:00,0.0,0.0,0.0,0.0,0.0,0.0,0.0
27.03.2009 03:00,0.0,0.0,0.0,0.0,0.0,0.0,0.0
27.03.2009 04:00,0.0,0.0,0.0,0.0,0.0,0.0,0.0
27.03.2009 05:00,0.0,0.0,0.0,0.0,0.0,0.0,0.0
27.03.2009 06:00,0.0306,0.037,0.0406,0.0209,0.0341,0.0334,0.0534
27.03.2009 07:00,0.1029,0.1202,0.1265,0.0984,0.1152,0.11,0.1508
27.03.2009 08:00,0.2245,0.1973,0.2638,0.1816,0.2221,0.2034,0.2514
27.03.2009 09:00,0.3618,0.3821,0.3304,0.3035,0.3225,0.3743,0.3083
27.03.2009 10:00,0.4305,0.3907,0.3457,0.3081,0.3561,0.4784,0.3129
27.03.2009 11:00,0.5254,0.5062,0.3774,0.3499,0.3575,0.4403,0.2802
27.03.2009 12:00,0.5491,0.5914,0.3542,0.2981,0.3528,0.4938,0.2526
27.03.2009 13:00,0.4879,0.5849,0.4573,0.5597,0.3697,0.4835,0.3443
27.03.2009 14:00,0.4591,0.4425,0.4446,0.5237,0.3332,0.4075,0.2961
27.03.2009 15:00,0.338,0.2343,0.247,0.2072,0.2756,0.3323,0.237
27.03.2009 16:00,0.1772,0.1522,0.1428,0.0926,0.1315,0.1075,0.115
27.03.2009 17:00,0.0368,0.0266,0.0224,0.0189,0.0147,0.0207,0.0204
27.03.2009 18:00,0.0,0.0,0.0,0.0,0.0,0.0,0.0
27.03.2009 19:00,0.0,0.0,0.0,0.0,0.0,0.0,0.0
27.03.2009 20:00,0.0,0.0,0.0,0.0,0.0,0.0,0.0
27.03.2009 21:00,0.0,0.0,0.0,0.0,0.0,0.0,0.0
27.03.2009 22:00,0.0,0.0,0.0,0.0,0.0,0.0,0.0
27.03.2009 23:00,0.0,0.0,0.0,0.0,0.0,0.0,0.0
28.03.2009 00:00,0.0,0.0,0.0,0.0,0.0,0.0,0.0
28.03.2009 01:00,0.0,0.0,0.0,0.0,0.0,0.0,0.0
28.03.2009 02:00,0.0,0.0,0.0,0.0,0.0,0.0,0.0
28.03.2009 03:00,0.0,0.0,0.0,0.0,0.0,0.0,0.0
28.03.2009 04:00,0.0,0.0,0.0,0.0,0.0,0.0,0.0
28.03.2009 05:00,0.0,0.0,0.0,0.0,0.0,0.0,0.0
28.03.2009 06:00,0.0096,0.0141,0.0235,0.0272,0.0466,0.0294,0.0303
28.03.2009 07:00,0.0326,0.0422,0.0657,0.0915,0.1572,0.0698,0.0404
28.03.2009 08:00,0.0824,0.059,0.0417,0.1267,0.2411,0.1188,0.0489
28.03.2009 09:00,0.1737,0.1482,0.0818,0.2348,0.3079,0.3134,0.0586
28.03.2009 10:00,0.2317,0.1678,0.0777,0.2179,0.3909,0.3944,0.0633
28.03.2009 11:00,0.3165,0.1874,0.081,0.0596,0.4037,0.2521,0.0856
28.03.2009 12:00,0.1748,0.2208,0.1225,0.0723,0.3833,0.2316,0.092
28.03.2009 13:00,0.3045,0.1778,0.0707,0.0814,0.3376,0.2623,0.0688
28.03.2009 14:00,0.1556,0.1161,0.0737,0.0666,0.2052,0.1651,0.0611
28.03.2009 15:00,0.0916,0.0929,0.0546,0.0599,0.1164,0.0746,0.0589
28.03.2009 16:00,0.0377,0.0426,0.0304,0.039,0.0541,0.0572,0.0239
28.03.2009 17:00,0.0121,0.0145,0.0106,0.0099,0.0078,0.0128,0.0078
28.03.2009 18:00,0.0,0.0,0.0,0.0,0.0,0.0,0.0
28.03.2009 19:00,0.0,0.0,0.0,0.0,0.0,0.0,0.0
28.03.2009 20:00,0.0,0.0,0.0,0.0,0.0,0.0,0.0
28.03.2009 21:00,0.0,0.0,0.0,0.0,0.0,0.0,0.0
28.03.2009 22:00,0.0,0.0,0.0,0.0,0.0,0.0,0.0
28.03.2009 23:00,0.0,0.0,0.0,0.0,0.0,0.0,0.0
29.03.2009 00:00,0.0,0.0,0.0,0.0,0.0,0.0,0.0
29.03.2009 01:00,0.0,0.0,0.0,0.0,0.0,0.0,0.0
29.03.2009 02:00,0.0,0.0,0.0,0.0,0.0,0.0,0.0
29.03.2009 03:00,0.0,0.0,0.0,0.0,0.0,0.0,0.0
29.03.2009 04:00,0.0,0.0,0.0,0.0,0.0,0.0,0.0
29.03.2009 05:00,0.0,0.0,0.0,0.0,0.0,0.0,0.0
29.03.2009 06:00,0.0252,0.0194,0.0127,0.0215,0.0246,0.0166,0.0186
29.03.2009 07:00,0.0628,0.0927,0.1109,0.0875,0.0756,0.0778,0.0439
29.03.2009 08:00,0.1717,0.2298,0.2374,0.2234,0.1295,0.1329,0.0769
29.03.2009 09:00,0.2289,0.2237,0.2706,0.2553,0.1236,0.175,0.0966
29.03.2009 10:00,0.2682,0.2612,0.255,0.2541,0.1421,0.1822,0.1031
29.03.2009 11:00,0.3254,0.2962,0.2483,0.1942,0.1435,0.2038,0.1329
29.03.2009 12:00,0.3805,0.3035,0.2881,0.2057,0.1831,0.1666,0.1835
29.03.2009 13:00,0.3911,0.273,0.1874,0.1425,0.185,0.1455,0.1035
29.03.2009 14:00,0.2152,0.1542,0.128,0.0907,0.109,0.1398,0.1301
29.03.2009 15:00,0.102,0.09,0.0621,0.0899,0.0883,0.1317,0.096
29.03.2009 16:00,0.0636,0.0433,0.024,0.0324,0.0718,0.0444,0.0368
29.03.2009 17:00,0.0182,0.0142,0.0037,0.0092,0.0064,0.0096,0.0138
29.03.2009 18:00,0.0,0.0,0.0,0.0,0.0,0.0,0.0
29.03.2009 19:00,0.0,0.0,0.0,0.0,0.0,0.0,0.0
29.03.2009 20:00,0.0,0.0,0.0,0.0,0.0,0.0,0.0
29.03.2009 21:00,0.0,0.0,0.0,0.0,0.0,0.0,0.0
29.03.2009 22:00,0.0,0.0,0.0,0.0,0.0,0.0,0.0
29.03.2009 23:00,0.0,0.0,0.0,0.0,0.0,0.0,0.0
30.03.2009 00:00,0.0,0.0,0.0,0.0,0.0,0.0,0.0
30.03.2009 01:00,0.0,0.0,0.0,0.0,0.0,0.0,0.0
30.03.2009 02:00,0.0,0.0,0.0,0.0,0.0,0.0,0.0
30.03.2009 03:00,0.0,0.0,0.0,0.0,0.0,0.0,0.0
30.03.2009 04:00,0.0,0.0,0.0,0.0,0.0,0.0,0.0
30.03.2009 05:00,0.0,0.0,0.0,0.0,0.0,0.0,0.0
30.03.2009 06:00,0.0409,0.0414,0.0403,0.0384,0.0645,0.0392,0.066
30.03.2009 07:00,0.1007,0.0915,0.0918,0.1029,0.1306,0.1281,0.1943
30.03.2009 08:00,0.1607,0.1194,0.1244,0.1423,0.2109,0.186,0.3378
30.03.2009 09:00,0.1906,0.1188,0.1264,0.1452,0.253,0.2192,0.4567
30.03.2009 10:00,0.1907,0.0988,0.1291,0.224,0.2405,0.1698,0.4838
30.03.2009 11:00,0.2348,0.0998,0.1279,0.189,0.2499,0.1563,0.5274
30.03.2009 12:00,0.2308,0.0917,0.0685,0.1371,0.2237,0.1362,0.5165
30.03.2009 13:00,0.235,0.0825,0.0585,0.0962,0.1948,0.1116,0.345
30.03.2009 14:00,0.206,0.0718,0.0504,0.0659,0.1727,0.0756,0.2873
30.03.2009 15:00,0.1878,0.092,0.0586,0.0804,0.1761,0.0877,0.2405
30.03.2009 16:00,0.1205,0.0821,0.058,0.0652,0.1053,0.0785,0.143
30.03.2009 17:00,0.0308,0.0264,0.0208,0.0202,0.0132,0.0227,0.0208
30.03.2009 18:00,0.0,0.0,0.0,0.0,0.0,0.0,0.0
30.03.2009 19:00,0.0,0.0,0.0,0.0,0.0,0.0,0.0
30.03.2009 20:00,0.0,0.0,0.0,0.0,0.0,0.0,0.0
30.03.2009 21:00,0.0,0.0,0.0,0.0,0.0,0.0,0.0
30.03.2009 22:00,0.0,0.0,0.0,0.0,0.0,0.0,0.0
30.03.2009 23:00,0.0,0.0,0.0,0.0,0.0,0.0,0.0
31.03.2009 00:00,0.0,0.0,0.0,0.0,0.0,0.0,0.0
31.03.2009 01:00,0.0,0.0,0.0,0.0,0.0,0.0,0.0
31.03.2009 02:00,0.0,0.0,0.0,0.0,0.0,0.0,0.0
31.03.2009 03:00,0.0,0.0,0.0,0.0,0.0,0.0,0.0
31.03.2009 04:00,0.0,0.0,0.0,0.0,0.0,0.0,0.0
31.03.2009 05:00,0.0,0.0,0.0,0.0,0.0,0.0,0.0
31.03.2009 06:00,0.0631,0.0533,0.0328,0.0359,0.066,0.0524,0.0908
31.03.2009 07:00,0.2138,0.1679,0.0779,0.0914,0.1872,0.1449,0.2676
31.03.2009 08:00,0.3756,0.2631,0.1117,0.1223,0.3107,0.2138,0.4333
31.03.2009 09:00,0.4747,0.3203,0.1305,0.1435,0.3958,0.2816,0.6439
31.03.2009 10:00,0.5407,0.3628,0.183,0.1519,0.4245,0.2602,0.6902
31.03.2009 11:00,0.544,0.4093,0.2458,0.1322,0.4592,0.2371,0.6784
31.03.2009 12:00,0.6262,0.4188,0.2305,0.121,0.5386,0.2463,0.7292
31.03.2009 13:00,0.6409,0.396,0.219,0.1338,0.5777,0.2412,0.6075
31.03.2009 14:00,0.5262,0.3389,0.1634,0.0838,0.463,0.2369,0.4447
31.03.2009 15:00,0.2831,0.2526,0.1306,0.0832,0.2463,0.1694,0.2596
31.03.2009 16:00,0.1091,0.099,0.0649,0.0274,0.1126,0.0699,0.1208
31.03.2009 17:00,0.0252,0.0203,0.0142,0.0026,0.0091,0.0159,0.0218
31.03.2009 18:00,0.0,0.0,0.0,0.0,0.0,0.0,0.0
31.03.2009 19:00,0.0,0.0,0.0,0.0,0.0,0.0,0.0
31.03.2009 20:00,0.0,0.0,0.0,0.0,0.0,0.0,0.0
31.03.2009 21:00,0.0,0.0,0.0,0.0,0.0,0.0,0.0
31.03.2009 22:00,0.0,0.0,0.0,0.0,0.0,0.0,0.0
31.03.2009 23:00,0.0,0.0,0.0,0.0,0.0,0.0,0.0
01.04.2009 00:00,0.0,0.0,0.0,0.0,0.0,0.0,0.0
01.04.2009 01:00,0.0,0.0,0.0,0.0,0.0,0.0,0.0
01.04.2009 02:00,0.0,0.0,0.0,0.0,0.0,0.0,0.0
01.04.2009 03:00,0.0,0.0,0.0,0.0,0.0,0.0,0.0
01.04.2009 04:00,0.0,0.0,0.0,0.0,0.0,0.0,0.0
01.04.2009 05:00,0.0,0.0,0.0,0.0,0.0,0.0,0.0
01.04.2009 06:00,0.0319,0.0148,0.0126,0.0301,0.052,0.0361,0.0209
01.04.2009 07:00,0.1272,0.0817,0.059,0.123,0.1714,0.1478,0.071
01.04.2009 08:00,0.222,0.1664,0.0921,0.1916,0.2557,0.2405,0.1018
01.04.2009 09:00,0.3095,0.2337,0.1141,0.2312,0.3006,0.2862,0.1321
01.04.2009 10:00,0.398,0.2692,0.1154,0.2234,0.3382,0.2727,0.1324
01.04.2009 11:00,0.4557,0.3488,0.1349,0.2336,0.3671,0.3021,0.1886
01.04.2009 12:00,0.4335,0.4382,0.1578,0.2258,0.3744,0.3209,0.248
01.04.2009 13:00,0.4279,0.47,0.173,0.2542,0.3834,0.3028,0.4594
01.04.2009 14:00,0.4405,0.4362,0.1368,0.2124,0.3436,0.2728,0.4513
01.04.2009 15:00,0.3409,0.3152,0.0869,0.1484,0.26,0.178,0.3436
01.04.2009 16:00,0.1724,0.1522,0.0743,0.0864,0.122,0.1188,0.2047
01.04.2009 17:00,0.0354,0.0308,0.0188,0.0179,0.0178,0.0311,0.0278
01.04.2009 18:00,0.0,0.0,0.0,0.0,0.0,0.0,0.0
01.04.2009 19:00,0.0,0.0,0.0,0.0,0.0,0.0,0.0
01.04.2009 20:00,0.0,0.0,0.0,0.0,0.0,0.0,0.0
01.04.2009 21:00,0.0,0.0,0.0,0.0,0.0,0.0,0.0
01.04.2009 22:00,0.0,0.0,0.0,0.0,0.0,0.0,0.0
01.04.2009 23:00,0.0,0.0,0.0,0.0,0.0,0.0,0.0
02.04.2009 00:00,0.0,0.0,0.0,0.0,0.0,0.0,0.0
02.04.2009 01:00,0.0,0.0,0.0,0.0,0.0,0.0,0.0
02.04.2009 02:00,0.0,0.0,0.0,0.0,0.0,0.0,0.0
02.04.2009 03:00,0.0,0.0,0.0,0.0,0.0,0.0,0.0
02.04.2009 04:00,0.0,0.0,0.0,0.0,0.0,0.0,0.0
02.04.2009 05:00,0.0,0.0,0.0,0.0,0.0,0.0,0.0
02.04.2009 06:00,0.0198,0.0193,0.0164,0.0257,0.029,0.0113,0.0255
02.04.2009 07:00,0.0683,0.0683,0.0816,0.0862,0.0903,0.0592,0.0269
02.04.2009 08:00,0.1269,0.143,0.1251,0.1805,0.2414,0.1512,0.107
02.04.2009 09:00,0.2219,0.2263,0.2114,0.3725,0.3574,0.3449,0.1966
02.04.2009 10:00,0.2995,0.2845,0.3481,0.5474,0.3754,0.3441,0.2055
02.04.2009 11:00,0.3348,0.3344,0.4977,0.614,0.3635,0.3828,0.1886
02.04.2009 12:00,0.3238,0.3774,0.5699,0.5316,0.3201,0.3072,0.2147
02.04.2009 13:00,0.2597,0.3736,0.5512,0.5104,0.3066,0.3428,0.1618
02.04.2009 14:00,0.2353,0.3638,0.4916,0.3625,0.2555,0.3253,0.1097
02.04.2009 15:00,0.211,0.2855,0.3165,0.36,0.1954,0.1961,0.0886
02.04.2009 16:00,0.1342,0.1427,0.1756,0.1331,0.0866,0.1168,0.0348
02.04.2009 17:00,0.0245,0.0241,0.0244,0.0244,0.0132,0.0232,0.0055
02.04.2009 18:00,0.0,0.0,0.0,0.0,0.0,0.0,0.0
02.04.2009 19:00,0.0,0.0,0.0,0.0,0.0,0.0,0.0
02.04.2009 20:00,0.0,0.0,0.0,0.0,0.0,0.0,0.0
02.04.2009 21:00,0.0,0.0,0.0,0.0,0.0,0.0,0.0
02.04.2009 22:00,0.0,0.0,0.0,0.0,0.0,0.0,0.0
02.04.2009 23:00,0.0,0.0,0.0,0.0,0.0,0.0,0.0
03.04.2009 00:00,0.0,0.0,0.0,0.0,0.0,0.0,0.0
03.04.2009 01:00,0.0,0.0,0.0,0.0,0.0,0.0,0.0
03.04.2009 02:00,0.0,0.0,0.0,0.0,0.0,0.0,0.0
03.04.2009 03:00,0.0,0.0,0.0,0.0,0.0,0.0,0.0
03.04.2009 04:00,0.0,0.0,0.0,0.0,0.0,0.0,0.0
03.04.2009 05:00,0.0,0.0,0.0,0.0,0.0,0.0,0.0
03.04.2009 06:00,0.0595,0.0598,0.0466,0.0674,0.0816,0.0672,0.0638
03.04.2009 07:00,0.2051,0.1954,0.1902,0.2525,0.2334,0.2117,0.1798
03.04.2009 08:00,0.3259,0.3003,0.4439,0.4592,0.3588,0.3708,0.2491
03.04.2009 09:00,0.4289,0.3954,0.5645,0.6029,0.4422,0.4572,0.3349
03.04.2009 10:00,0.458,0.4363,0.6074,0.7032,0.4517,0.4973,0.3767
03.04.2009 11:00,0.5053,0.4948,0.6336,0.7406,0.465,0.5064,0.3208
03.04.2009 12:00,0.4818,0.4932,0.6788,0.7433,0.4241,0.4645,0.2471
03.04.2009 13:00,0.4632,0.4839,0.6997,0.7228,0.4133,0.4706,0.3048
03.04.2009 14:00,0.3825,0.3904,0.6147,0.6081,0.3639,0.4073,0.3319
03.04.2009 15:00,0.3209,0.3234,0.449,0.4408,0.2891,0.3165,0.3141
03.04.2009 16:00,0.1919,0.1915,0.2344,0.23,0.1536,0.1777,0.1909
03.04.2009 17:00,0.0405,0.0376,0.0407,0.0356,0.0226,0.0316,0.0258
03.04.2009 18:00,0.0,0.0,0.0,0.0,0.0,0.0,0.0
03.04.2009 19:00,0.0,0.0,0.0,0.0,0.0,0.0,0.0
03.04.2009 20:00,0.0,0.0,0.0,0.0,0.0,0.0,0.0
03.04.2009 21:00,0.0,0.0,0.0,0.0,0.0,0.0,0.0
03.04.2009 22:00,0.0,0.0,0.0,0.0,0.0,0.0,0.0
03.04.2009 23:00,0.0,0.0,0.0,0.0,0.0,0.0,0.0
04.04.2009 00:00,0.0,0.0,0.0,0.0,0.0,0.0,0.0
04.04.2009 01:00,0.0,0.0,0.0,0.0,0.0,0.0,0.0
04.04.2009 02:00,0.0,0.0,0.0,0.0,0.0,0.0,0.0
04.04.2009 03:00,0.0,0.0,0.0,0.0,0.0,0.0,0.0
04.04.2009 04:00,0.0,0.0,0.0,0.0,0.0,0.0,0.0
04.04.2009 05:00,0.0,0.0,0.0,0.0,0.0,0.0,0.0
04.04.2009 06:00,0.0659,0.073,0.0752,0.0401,0.08,0.0834,0.0985
04.04.2009 07:00,0.2362,0.2497,0.1895,0.1296,0.2294,0.2479,0.3099
04.04.2009 08:00,0.4065,0.4166,0.2759,0.3056,0.3614,0.3341,0.4772
04.04.2009 09:00,0.524,0.5154,0.4071,0.4094,0.4513,0.4221,0.6107
04.04.2009 10:00,0.5784,0.5543,0.4106,0.504,0.4886,0.4362,0.69
04.04.2009 11:00,0.5776,0.498,0.5133,0.5807,0.4734,0.4622,0.5842
04.04.2009 12:00,0.5135,0.4454,0.5171,0.4026,0.4235,0.4107,0.3607
04.04.2009 13:00,0.4765,0.3908,0.4799,0.4154,0.4087,0.4198,0.2734
04.04.2009 14:00,0.4234,0.3145,0.4799,0.3988,0.3169,0.4036,0.3324
04.04.2009 15:00,0.3237,0.2557,0.3896,0.3423,0.2709,0.3287,0.3051
04.04.2009 16:00,0.175,0.159,0.1989,0.2167,0.151,0.1767,0.1522
04.04.2009 17:00,0.0371,0.0333,0.0304,0.0387,0.025,0.0371,0.024
04.04.2009 18:00,0.0,0.0,0.0,0.0,0.0,0.0,0.0
04.04.2009 19:00,0.0,0.0,0.0,0.0,0.0,0.0,0.0
04.04.2009 20:00,0.0,0.0,0.0,0.0,0.0,0.0,0.0
04.04.2009 21:00,0.0,0.0,0.0,0.0,0.0,0.0,0.0
04.04.2009 22:00,0.0,0.0,0.0,0.0,0.0,0.0,0.0
04.04.2009 23:00,0.0,0.0,0.0,0.0,0.0,0.0,0.0
05.04.2009 00:00,0.0,0.0,0.0,0.0,0.0,0.0,0.0
05.04.2009 01:00,0.0,0.0,0.0,0.0,0.0,0.0,0.0
05.04.2009 02:00,0.0,0.0,0.0,0.0,0.0,0.0,0.0
05.04.2009 03:00,0.0,0.0,0.0,0.0,0.0,0.0,0.0
05.04.2009 04:00,0.0,0.0,0.0,0.0,0.0,0.0,0.0
05.04.2009 05:00,0.0,0.0,0.0,0.0,0.0003,0.0,0.0
05.04.2009 06:00,0.0763,0.0747,0.0614,0.0705,0.0852,0.0771,0.0773
05.04.2009 07:00,0.2631,0.2511,0.1826,0.2659,0.2568,0.2404,0.2465
05.04.2009 08:00,0.4316,0.4144,0.4176,0.515,0.4156,0.4035,0.3972
05.04.2009 09:00,0.5652,0.5365,0.6224,0.6692,0.5325,0.5403,0.5409
05.04.2009 10:00,0.6232,0.5829,0.6814,0.7502,0.5464,0.596,0.6596
05.04.2009 11:00,0.6418,0.581,0.6164,0.7,0.5292,0.5944,0.6492
05.04.2009 12:00,0.5552,0.5407,0.5042,0.6073,0.4788,0.5194,0.525
05.04.2009 13:00,0.5226,0.5022,0.5099,0.5834,0.4278,0.4923,0.3987
05.04.2009 14:00,0.4122,0.41,0.4498,0.4836,0.3696,0.411,0.3045
05.04.2009 15:00,0.3335,0.3316,0.3688,0.4015,0.2863,0.3398,0.2278
05.04.2009 16:00,0.1905,0.1902,0.1904,0.2036,0.16,0.1916,0.1375
05.04.2009 17:00,0.0417,0.0422,0.0408,0.0386,0.0248,0.0374,0.0275
05.04.2009 18:00,0.0,0.0,0.0,0.0,0.0,0.0,0.0
05.04.2009 19:00,0.0,0.0,0.0,0.0,0.0,0.0,0.0
05.04.2009 20:00,0.0,0.0,0.0,0.0,0.0,0.0,0.0
05.04.2009 21:00,0.0,0.0,0.0,0.0,0.0,0.0,0.0
05.04.2009 22:00,0.0,0.0,0.0,0.0,0.0,0.0,0.0
05.04.2009 23:00,0.0,0.0,0.0,0.0,0.0,0.0,0.0
06.04.2009 00:00,0.0,0.0,0.0,0.0,0.0,0.0,0.0
06.04.2009 01:00,0.0,0.0,0.0,0.0,0.0,0.0,0.0
06.04.2009 02:00,0.0,0.0,0.0,0.0,0.0,0.0,0.0
06.04.2009 03:00,0.0,0.0,0.0,0.0,0.0,0.0,0.0
06.04.2009 04:00,0.0,0.0,0.0,0.0,0.0,0.0,0.0
06.04.2009 05:00,0.0,0.0,0.0,0.0,0.0012,0.0,0.0
06.04.2009 06:00,0.0772,0.086,0.0945,0.1058,0.108,0.0973,0.1046
06.04.2009 07:00,0.27,0.2873,0.3221,0.3362,0.2989,0.2991,0.3216
06.04.2009 08:00,0.4626,0.4784,0.5394,0.5488,0.45,0.4733,0.494
06.04.2009 09:00,0.5706,0.6235,0.6963,0.6988,0.5621,0.5945,0.5542
06.04.2009 10:00,0.6136,0.6914,0.7933,0.8004,0.6072,0.636,0.5639
06.04.2009 11:00,0.6326,0.6928,0.8223,0.8395,0.5946,0.6544,0.4514
06.04.2009 12:00,0.5704,0.6372,0.8067,0.8221,0.5415,0.6056,0.3804
06.04.2009 13:00,0.5165,0.5549,0.7356,0.7557,0.5107,0.5566,0.3724
06.04.2009 14:00,0.4303,0.4392,0.5657,0.5952,0.428,0.4577,0.3062
06.04.2009 15:00,0.3281,0.3414,0.4265,0.3895,0.3143,0.359,0.2833
06.04.2009 16:00,0.188,0.2004,0.2144,0.2085,0.1614,0.1894,0.1532
06.04.2009 17:00,0.0429,0.0464,0.0421,0.0392,0.0275,0.037,0.0297
06.04.2009 18:00,0.0,0.0,0.0,0.0,0.0,0.0,0.0
06.04.2009 19:00,0.0,0.0,0.0,0.0,0.0,0.0,0.0
06.04.2009 20:00,0.0,0.0,0.0,0.0,0.0,0.0,0.0
06.04.2009 21:00,0.0,0.0,0.0,0.0,0.0,0.0,0.0
06.04.2009 22:00,0.0,0.0,0.0,0.0,0.0,0.0,0.0
06.04.2009 23:00,0.0,0.0,0.0,0.0,0.0,0.0,0.0
07.04.2009 00:00,0.0,0.0,0.0,0.0,0.0,0.0,0.0
07.04.2009 01:00,0.0,0.0,0.0,0.0,0.0,0.0,0.0
07.04.2009 02:00,0.0,0.0,0.0,0.0,0.0,0.0,0.0
07.04.2009 03:00,0.0,0.0,0.0,0.0,0.0,0.0,0.0
07.04.2009 04:00,0.0,0.0,0.0,0.0,0.0,0.0,0.0
07.04.2009 05:00,0.0,0.0,0.0,0.0,0.0017,0.0,0.0
07.04.2009 06:00,0.0846,0.0895,0.0883,0.1161,0.1132,0.105,0.1058
07.04.2009 07:00,0.2892,0.3026,0.3227,0.3563,0.3127,0.3153,0.305
07.04.2009 08:00,0.4645,0.4917,0.5507,0.5692,0.4772,0.4972,0.481
07.04.2009 09:00,0.5954,0.6297,0.7056,0.7168,0.597,0.6217,0.4929
07.04.2009 10:00,0.6242,0.679,0.7844,0.8158,0.6165,0.6572,0.422
07.04.2009 11:00,0.6029,0.6752,0.6756,0.8369,0.5984,0.675,0.3014
07.04.2009 12:00,0.5385,0.6308,0.6499,0.7955,0.5142,0.6136,0.2576
07.04.2009 13:00,0.492,0.5477,0.6264,0.7525,0.4498,0.5806,0.2903
07.04.2009 14:00,0.346,0.4444,0.5583,0.6267,0.3762,0.4642,0.1776
07.04.2009 15:00,0.25,0.3268,0.3968,0.4456,0.3149,0.3487,0.1765
07.04.2009 16:00,0.158,0.1744,0.2071,0.237,0.1636,0.1954,0.1357
07.04.2009 17:00,0.042,0.0444,0.0459,0.0422,0.0286,0.0415,0.035
07.04.2009 18:00,0.0,0.0,0.0,0.0,0.0,0.0,0.0
07.04.2009 19:00,0.0,0.0,0.0,0.0,0.0,0.0,0.0
07.04.2009 20:00,0.0,0.0,0.0,0.0,0.0,0.0,0.0
07.04.2009 21:00,0.0,0.0,0.0,0.0,0.0,0.0,0.0
07.04.2009 22:00,0.0,0.0,0.0,0.0,0.0,0.0,0.0
07.04.2009 23:00,0.0,0.0,0.0,0.0,0.0,0.0,0.0
08.04.2009 00:00,0.0,0.0,0.0,0.0,0.0,0.0,0.0
08.04.2009 01:00,0.0,0.0,0.0,0.0,0.0,0.0,0.0
08.04.2009 02:00,0.0,0.0,0.0,0.0,0.0,0.0,0.0
08.04.2009 03:00,0.0,0.0,0.0,0.0,0.0,0.0,0.0
08.04.2009 04:00,0.0,0.0,0.0,0.0,0.0,0.0,0.0
08.04.2009 05:00,0.0,0.0,0.0,0.0,0.0016,0.0,0.0006
08.04.2009 06:00,0.0203,0.0251,0.0308,0.0634,0.0974,0.0386,0.0701
08.04.2009 07:00,0.0869,0.0798,0.1052,0.1863,0.2674,0.1209,0.1608
08.04.2009 08:00,0.2988,0.185,0.2308,0.2313,0.3917,0.2278,0.2706
08.04.2009 09:00,0.4705,0.4126,0.2461,0.3281,0.4926,0.214,0.3338
08.04.2009 10:00,0.5784,0.5502,0.3843,0.2747,0.5399,0.353,0.4311
08.04.2009 11:00,0.5883,0.5778,0.485,0.4313,0.5241,0.5924,0.395
08.04.2009 12:00,0.5605,0.6291,0.588,0.6613,0.5126,0.6488,0.4382
08.04.2009 13:00,0.5042,0.5562,0.6114,0.6983,0.5415,0.5924,0.4431
08.04.2009 14:00,0.4533,0.3792,0.4238,0.4608,0.4988,0.4589,0.3702
08.04.2009 15:00,0.2443,0.2424,0.2352,0.3824,0.334,0.3338,0.296
08.04.2009 16:00,0.1013,0.1066,0.1005,0.1448,0.1695,0.1456,0.1442
08.04.2009 17:00,0.0276,0.0259,0.0358,0.0253,0.0279,0.023,0.024
08.04.2009 18:00,0.0,0.0,0.0,0.0,0.0,0.0,0.0
08.04.2009 19:00,0.0,0.0,0.0,0.0,0.0,0.0,0.0
08.04.2009 20:00,0.0,0.0,0.0,0.0,0.0,0.0,0.0
08.04.2009 21:00,0.0,0.0,0.0,0.0,0.0,0.0,0.0
08.04.2009 22:00,0.0,0.0,0.0,0.0,0.0,0.0,0.0
08.04.2009 23:00,0.0,0.0,0.0,0.0,0.0,0.0,0.0
09.04.2009 00:00,0.0,0.0,0.0,0.0,0.0,0.0,0.0
09.04.2009 01:00,0.0,0.0,0.0,0.0,0.0,0.0,0.0
09.04.2009 02:00,0.0,0.0,0.0,0.0,0.0,0.0,0.0
09.04.2009 03:00,0.0,0.0,0.0,0.0,0.0,0.0,0.0
09.04.2009 04:00,0.0,0.0,0.0,0.0,0.0,0.0,0.0
09.04.2009 05:00,0.0,0.0,0.0009,0.0011,0.003,0.0016,0.0016
09.04.2009 06:00,0.0936,0.0992,0.1078,0.1147,0.1214,0.1068,0.1182
09.04.2009 07:00,0.3038,0.3128,0.3406,0.3411,0.3257,0.313,0.3417
09.04.2009 08:00,0.4878,0.5008,0.5539,0.5565,0.5003,0.4857,0.5537
09.04.2009 09:00,0.6471,0.6436,0.709,0.7086,0.6296,0.6336,0.6626
09.04.2009 10:00,0.714,0.724,0.8071,0.8114,0.6963,0.6986,0.7049
09.04.2009 11:00,0.7387,0.7511,0.8493,0.8522,0.7038,0.7344,0.6891
09.04.2009 12:00,0.6849,0.741,0.8371,0.8382,0.6445,0.6995,0.5981
09.04.2009 13:00,0.6473,0.7001,0.7738,0.7766,0.6132,0.6683,0.5647
09.04.2009 14:00,0.5504,0.6013,0.6496,0.6508,0.5263,0.5643,0.5167
09.04.2009 15:00,0.4005,0.4417,0.4734,0.4684,0.3829,0.4209,0.4058
09.04.2009 16:00,0.212,0.245,0.2528,0.2454,0.1969,0.2238,0.2233
09.04.2009 17:00,0.0446,0.053,0.0502,0.0445,0.0349,0.0449,0.0418
09.04.2009 18:00,0.0,0.0,0.0,0.0,0.0,0.0,0.0
09.04.2009 19:00,0.0,0.0,0.0,0.0,0.0,0.0,0.0
09.04.2009 20:00,0.0,0.0,0.0,0.0,0.0,0.0,0.0
09.04.2009 21:00,0.0,0.0,0.0,0.0,0.0,0.0,0.0
09.04.2009 22:00,0.0,0.0,0.0,0.0,0.0,0.0,0.0
09.04.2009 23:00,0.0,0.0,0.0,0.0,0.0,0.0,0.0
10.04.2009 00:00,0.0,0.0,0.0,0.0,0.0,0.0,0.0
10.04.2009 01:00,0.0,0.0,0.0,0.0,0.0,0.0,0.0
10.04.2009 02:00,0.0,0.0,0.0,0.0,0.0,0.0,0.0
10.04.2009 03:00,0.0,0.0,0.0,0.0,0.0,0.0,0.0
10.04.2009 04:00,0.0,0.0,0.0,0.0,0.0,0.0,0.0
10.04.2009 05:00,0.0003,0.0012,0.002,0.0039,0.0047,0.002,0.0017
10.04.2009 06:00,0.0872,0.1067,0.118,0.1265,0.1224,0.1128,0.076
10.04.2009 07:00,0.2759,0.3274,0.3579,0.367,0.3267,0.3311,0.2032
10.04.2009 08:00,0.4329,0.5248,0.5677,0.5816,0.4878,0.5151,0.1936
10.04.2009 09:00,0.5334,0.6621,0.7212,0.733,0.5867,0.6347,0.2858
10.04.2009 10:00,0.5422,0.7167,0.8218,0.8358,0.5967,0.6504,0.1712
10.04.2009 11:00,0.6023,0.7484,0.8634,0.878,0.5512,0.6693,0.1423
10.04.2009 12:00,0.5499,0.7407,0.8526,0.8617,0.4717,0.6369,0.1452
10.04.2009 13:00,0.5034,0.6898,0.7902,0.7979,0.4287,0.5977,0.2096
10.04.2009 14:00,0.3929,0.5783,0.6639,0.6684,0.3656,0.4995,0.1324
10.04.2009 15:00,0.2834,0.4207,0.485,0.4819,0.2982,0.3852,0.1457
10.04.2009 16:00,0.1606,0.2297,0.2612,0.2573,0.1652,0.2136,0.1128
10.04.2009 17:00,0.0416,0.0518,0.0521,0.0467,0.0313,0.0434,0.0296
10.04.2009 18:00,0.0,0.0,0.0,0.0,0.0,0.0,0.0
10.04.2009 19:00,0.0,0.0,0.0,0.0,0.0,0.0,0.0
10.04.2009 20:00,0.0,0.0,0.0,0.0,0.0,0.0,0.0
10.04.2009 21:00,0.0,0.0,0.0,0.0,0.0,0.0,0.0
10.04.2009 22:00,0.0,0.0,0.0,0.0,0.0,0.0,0.0
10.04.2009 23:00,0.0,0.0,0.0,0.0,0.0,0.0,0.0
11.04.2009 00:00,0.0,0.0,0.0,0.0,0.0,0.0,0.0
11.04.2009 01:00,0.0,0.0,0.0,0.0,0.0,0.0,0.0
11.04.2009 02:00,0.0,0.0,0.0,0.0,0.0,0.0,0.0
11.04.2009 03:00,0.0,0.0,0.0,0.0,0.0,0.0,0.0
11.04.2009 04:00,0.0,0.0,0.0,0.0,0.0,0.0,0.0
11.04.2009 05:00,0.0003,0.0012,0.0029,0.0052,0.0051,0.0034,0.0015
11.04.2009 06:00,0.0402,0.0661,0.1154,0.1326,0.1011,0.1022,0.0139
11.04.2009 07:00,0.1976,0.2098,0.2988,0.3613,0.2627,0.2673,0.0438
11.04.2009 08:00,0.3725,0.4344,0.4702,0.4474,0.4156,0.456,0.1151
11.04.2009 09:00,0.465,0.6377,0.6362,0.6311,0.5078,0.5853,0.155
11.04.2009 10:00,0.5087,0.7203,0.7448,0.7636,0.524,0.6467,0.15
11.04.2009 11:00,0.5048,0.7384,0.8484,0.7943,0.5562,0.6995,0.2339
11.04.2009 12:00,0.4507,0.6871,0.8332,0.8084,0.4983,0.6495,0.3046
11.04.2009 13:00,0.4297,0.6145,0.7698,0.7461,0.4388,0.6286,0.3412
11.04.2009 14:00,0.3034,0.4861,0.5814,0.5861,0.3898,0.5021,0.2805
11.04.2009 15:00,0.1666,0.3343,0.4137,0.4121,0.3242,0.3789,0.2528
11.04.2009 16:00,0.1182,0.1627,0.2274,0.2192,0.1587,0.2005,0.1423
11.04.2009 17:00,0.0273,0.042,0.0512,0.0475,0.0313,0.0408,0.0382
11.04.2009 18:00,0.0,0.0,0.0,0.0,0.0,0.0,0.0
11.04.2009 19:00,0.0,0.0,0.0,0.0,0.0,0.0,0.0
11.04.2009 20:00,0.0,0.0,0.0,0.0,0.0,0.0,0.0
11.04.2009 21:00,0.0,0.0,0.0,0.0,0.0,0.0,0.0
11.04.2009 22:00,0.0,0.0,0.0,0.0,0.0,0.0,0.0
11.04.2009 23:00,0.0,0.0,0.0,0.0,0.0,0.0,0.0
12.04.2009 00:00,0.0,0.0,0.0,0.0,0.0,0.0,0.0
12.04.2009 01:00,0.0,0.0,0.0,0.0,0.0,0.0,0.0
12.04.2009 02:00,0.0,0.0,0.0,0.0,0.0,0.0,0.0
12.04.2009 03:00,0.0,0.0,0.0,0.0,0.0,0.0,0.0
12.04.2009 04:00,0.0,0.0,0.0,0.0,0.0,0.0,0.0
12.04.2009 05:00,0.0,0.001,0.0004,0.0019,0.0024,0.0006,0.0011
12.04.2009 06:00,0.031,0.0335,0.0338,0.0317,0.0378,0.0229,0.0185
12.04.2009 07:00,0.0974,0.1072,0.0983,0.1167,0.1377,0.0788,0.0575
12.04.2009 08:00,0.2007,0.2323,0.1891,0.2795,0.322,0.195,0.1552
12.04.2009 09:00,0.3686,0.375,0.3108,0.47,0.5235,0.3502,0.3287
12.04.2009 10:00,0.5124,0.4857,0.4402,0.6408,0.6679,0.4879,0.5101
12.04.2009 11:00,0.6002,0.5511,0.5351,0.7129,0.728,0.5947,0.5613
12.04.2009 12:00,0.5895,0.5682,0.5627,0.6624,0.6813,0.6101,0.4746
12.04.2009 13:00,0.5214,0.5204,0.4851,0.555,0.6211,0.5948,0.44
12.04.2009 14:00,0.4076,0.414,0.3424,0.3954,0.4987,0.4768,0.4192
12.04.2009 15:00,0.2793,0.285,0.1753,0.2682,0.3628,0.3044,0.3438
12.04.2009 16:00,0.1439,0.148,0.0895,0.2023,0.1804,0.1381,0.206
12.04.2009 17:00,0.0402,0.0375,0.0407,0.0478,0.0291,0.0374,0.0457
12.04.2009 18:00,0.0,0.0,0.0,0.0,0.0,0.0,0.0
12.04.2009 19:00,0.0,0.0,0.0,0.0,0.0,0.0,0.0
12.04.2009 20:00,0.0,0.0,0.0,0.0,0.0,0.0,0.0
12.04.2009 21:00,0.0,0.0,0.0,0.0,0.0,0.0,0.0
12.04.2009 22:00,0.0,0.0,0.0,0.0,0.0,0.0,0.0
12.04.2009 23:00,0.0,0.0,0.0,0.0,0.0,0.0,0.0
13.04.2009 00:00,0.0,0.0,0.0,0.0,0.0,0.0,0.0
13.04.2009 01:00,0.0,0.0,0.0,0.0,0.0,0.0,0.0
13.04.2009 02:00,0.0,0.0,0.0,0.0,0.0,0.0,0.0
13.04.2009 03:00,0.0,0.0,0.0,0.0,0.0,0.0,0.0
13.04.2009 04:00,0.0,0.0,0.0,0.0,0.0,0.0,0.0
13.04.2009 05:00,0.0028,0.0028,0.0041,0.0074,0.009,0.0045,0.0076
13.04.2009 06:00,0.1048,0.1055,0.1229,0.1353,0.1393,0.1116,0.1373
13.04.2009 07:00,0.3148,0.3048,0.3569,0.3549,0.3574,0.3529,0.3696
13.04.2009 08:00,0.4954,0.514,0.5561,0.5395,0.5379,0.5484,0.5602
13.04.2009 09:00,0.648,0.6709,0.698,0.6713,0.6712,0.6844,0.7079
13.04.2009 10:00,0.723,0.7349,0.781,0.7047,0.734,0.7598,0.7811
13.04.2009 11:00,0.7642,0.7126,0.7996,0.8114,0.7453,0.7936,0.7687
13.04.2009 12:00,0.732,0.6609,0.778,0.8304,0.6665,0.7623,0.6218
13.04.2009 13:00,0.6873,0.5791,0.6538,0.7458,0.6095,0.7004,0.5924
13.04.2009 14:00,0.5664,0.5203,0.5796,0.6267,0.5086,0.5417,0.4999
13.04.2009 15:00,0.4141,0.4095,0.4102,0.4639,0.3655,0.4086,0.3735
13.04.2009 16:00,0.2263,0.2359,0.243,0.2542,0.1894,0.2315,0.2132
13.04.2009 17:00,0.0548,0.0571,0.0546,0.0497,0.0371,0.0512,0.0443
13.04.2009 18:00,0.0,0.0,0.0,0.0,0.0,0.0,0.0
13.04.2009 19:00,0.0,0.0,0.0,0.0,0.0,0.0,0.0
13.04.2009 20:00,0.0,0.0,0.0,0.0,0.0,0.0,0.0
13.04.2009 21:00,0.0,0.0,0.0,0.0,0.0,0.0,0.0
13.04.2009 22:00,0.0,0.0,0.0,0.0,0.0,0.0,0.0
13.04.2009 23:00,0.0,0.0,0.0,0.0,0.0,0.0,0.0
14.04.2009 00:00,0.0,0.0,0.0,0.0,0.0,0.0,0.0
14.04.2009 01:00,0.0,0.0,0.0,0.0,0.0,0.0,0.0
14.04.2009 02:00,0.0,0.0,0.0,0.0,0.0,0.0,0.0
14.04.2009 03:00,0.0,0.0,0.0,0.0,0.0,0.0,0.0
14.04.2009 04:00,0.0,0.0,0.0,0.0,0.0,0.0,0.0
14.04.2009 05:00,0.0035,0.0044,0.006,0.0095,0.0107,0.0076,0.0088
14.04.2009 06:00,0.109,0.1146,0.1171,0.1305,0.1448,0.1308,0.1412
14.04.2009 07:00,0.3255,0.3255,0.3324,0.3526,0.3674,0.3549,0.3802
14.04.2009 08:00,0.5212,0.5193,0.5401,0.5637,0.5543,0.5434,0.5777
14.04.2009 09:00,0.6751,0.666,0.6858,0.7,0.6923,0.6778,0.72
14.04.2009 10:00,0.7199,0.7297,0.7872,0.7964,0.7568,0.7584,0.798
14.04.2009 11:00,0.7447,0.7105,0.821,0.8051,0.7798,0.7889,0.7617
14.04.2009 12:00,0.69,0.637,0.777,0.7589,0.7228,0.7407,0.6562
14.04.2009 13:00,0.6472,0.5894,0.7532,0.6256,0.6723,0.6976,0.5893
14.04.2009 14:00,0.5596,0.4983,0.6415,0.5718,0.5685,0.5793,0.5167
14.04.2009 15:00,0.4229,0.4044,0.4727,0.4562,0.4069,0.436,0.3824
14.04.2009 16:00,0.2273,0.2229,0.2547,0.2459,0.2053,0.2415,0.1995
14.04.2009 17:00,0.0537,0.0596,0.0563,0.0508,0.0407,0.0521,0.0355
14.04.2009 18:00,0.0,0.0,0.0,0.0,0.0,0.0,0.0
14.04.2009 19:00,0.0,0.0,0.0,0.0,0.0,0.0,0.0
14.04.2009 20:00,0.0,0.0,0.0,0.0,0.0,0.0,0.0
14.04.2009 21:00,0.0,0.0,0.0,0.0,0.0,0.0,0.0
14.04.2009 22:00,0.0,0.0,0.0,0.0,0.0,0.0,0.0
14.04.2009 23:00,0.0,0.0,0.0,0.0,0.0,0.0,0.0
15.04.2009 00:00,0.0,0.0,0.0,0.0,0.0,0.0,0.0
15.04.2009 01:00,0.0,0.0,0.0,0.0,0.0,0.0,0.0
15.04.2009 02:00,0.0,0.0,0.0,0.0,0.0,0.0,0.0
15.04.2009 03:00,0.0,0.0,0.0,0.0,0.0,0.0,0.0
15.04.2009 04:00,0.0,0.0,0.0,0.0,0.0,0.0,0.0
15.04.2009 05:00,0.0047,0.0063,0.0085,0.0114,0.0118,0.0093,0.0081
15.04.2009 06:00,0.1066,0.1214,0.1329,0.1452,0.1493,0.134,0.1148
15.04.2009 07:00,0.3087,0.3464,0.3668,0.3843,0.3746,0.3645,0.2901
15.04.2009 08:00,0.4895,0.5456,0.5688,0.591,0.5612,0.5539,0.4144
15.04.2009 09:00,0.6342,0.6866,0.7185,0.7348,0.6988,0.6824,0.4891
15.04.2009 10:00,0.6056,0.759,0.8197,0.8377,0.7285,0.7363,0.4904
15.04.2009 11:00,0.6585,0.7437,0.8642,0.877,0.6962,0.738,0.4564
15.04.2009 12:00,0.5876,0.7197,0.8348,0.8375,0.6114,0.7452,0.3608
15.04.2009 13:00,0.5839,0.6272,0.7427,0.7121,0.5435,0.6932,0.2947
15.04.2009 14:00,0.4009,0.5199,0.5673,0.5971,0.4482,0.4936,0.3301
15.04.2009 15:00,0.2527,0.3679,0.41,0.3423,0.333,0.3751,0.1859
15.04.2009 16:00,0.1242,0.1732,0.2322,0.2233,0.1761,0.1951,0.1267
15.04.2009 17:00,0.042,0.0482,0.0478,0.0514,0.04,0.0375,0.0174
15.04.2009 18:00,0.0,0.0,0.0,0.0,0.0,0.0,0.0
15.04.2009 19:00,0.0,0.0,0.0,0.0,0.0,0.0,0.0
15.04.2009 20:00,0.0,0.0,0.0,0.0,0.0,0.0,0.0
15.04.2009 21:00,0.0,0.0,0.0,0.0,0.0,0.0,0.0
15.04.2009 22:00,0.0,0.0,0.0,0.0,0.0,0.0,0.0
15.04.2009 23:00,0.0,0.0,0.0,0.0,0.0,0.0,0.0
16.04.2009 00:00,0.0,0.0,0.0,0.0,0.0,0.0,0.0
16.04.2009 01:00,0.0,0.0,0.0,0.0,0.0,0.0,0.0
16.04.2009 02:00,0.0,0.0,0.0,0.0,0.0,0.0,0.0
16.04.2009 03:00,0.0,0.0,0.0,0.0,0.0,0.0,0.0
16.04.2009 04:00,0.0,0.0,0.0,0.0,0.0,0.0,0.0
16.04.2009 05:00,0.0015,0.002,0.0028,0.0019,0.0032,0.0028,0.0015
16.04.2009 06:00,0.0233,0.0255,0.0354,0.0375,0.0308,0.0336,0.0098
16.04.2009 07:00,0.1008,0.0738,0.0693,0.0998,0.0638,0.1025,0.0259
16.04.2009 08:00,0.1217,0.124,0.1718,0.211,0.1611,0.25,0.0398
16.04.2009 09:00,0.0677,0.165,0.1744,0.2114,0.2358,0.4423,0.0591
16.04.2009 10:00,0.174,0.3328,0.4263,0.6558,0.3736,0.6218,0.0712
16.04.2009 11:00,0.1117,0.229,0.7544,0.8806,0.4106,0.6997,0.0559
16.04.2009 12:00,0.1154,0.1003,0.2844,0.4338,0.236,0.2502,0.0619
16.04.2009 13:00,0.0918,0.1161,0.0738,0.0977,0.1997,0.1298,0.0528
16.04.2009 14:00,0.0745,0.0935,0.0754,0.1401,0.0806,0.1191,0.0375
16.04.2009 15:00,0.0841,0.0648,0.0572,0.036,0.0557,0.0288,0.0472
16.04.2009 16:00,0.0565,0.045,0.0277,0.0226,0.0502,0.0466,0.0979
16.04.2009 17:00,0.0288,0.0207,0.0431,0.0403,0.018,0.0281,0.0344
16.04.2009 18:00,0.0,0.0,0.0,0.0,0.0,0.0,0.0
16.04.2009 19:00,0.0,0.0,0.0,0.0,0.0,0.0,0.0
16.04.2009 20:00,0.0,0.0,0.0,0.0,0.0,0.0,0.0
16.04.2009 21:00,0.0,0.0,0.0,0.0,0.0,0.0,0.0
16.04.2009 22:00,0.0,0.0,0.0,0.0,0.0,0.0,0.0
16.04.2009 23:00,0.0,0.0,0.0,0.0,0.0,0.0,0.0
17.04.2009 00:00,0.0,0.0,0.0,0.0,0.0,0.0,0.0
17.04.2009 01:00,0.0,0.0,0.0,0.0,0.0,0.0,0.0
17.04.2009 02:00,0.0,0.0,0.0,0.0,0.0,0.0,0.0
17.04.2009 03:00,0.0,0.0,0.0,0.0,0.0,0.0,0.0
17.04.2009 04:00,0.0,0.0,0.0,0.0,0.0,0.0,0.0
17.04.2009 05:00,0.0049,0.0071,0.0042,0.0036,0.0107,0.0081,0.0125
17.04.2009 06:00,0.0722,0.0652,0.1031,0.0711,0.0917,0.0617,0.1393
17.04.2009 07:00,0.1913,0.1857,0.2389,0.1549,0.1907,0.134,0.3328
17.04.2009 08:00,0.3111,0.3167,0.385,0.182,0.2485,0.2203,0.4783
17.04.2009 09:00,0.3892,0.3871,0.4407,0.3605,0.3084,0.2944,0.5774
17.04.2009 10:00,0.337,0.3811,0.3494,0.4155,0.3782,0.2911,0.6018
17.04.2009 11:00,0.2652,0.4047,0.4832,0.4486,0.3893,0.386,0.5401
17.04.2009 12:00,0.3077,0.3682,0.4875,0.3894,0.3676,0.4225,0.4207
17.04.2009 13:00,0.3619,0.3981,0.4813,0.4993,0.3397,0.3821,0.3189
17.04.2009 14:00,0.2928,0.3558,0.5199,0.4958,0.335,0.3472,0.2821
17.04.2009 15:00,0.2505,0.2711,0.3042,0.4089,0.3024,0.325,0.1674
17.04.2009 16:00,0.1825,0.1721,0.1808,0.1656,0.1506,0.1473,0.1824
17.04.2009 17:00,0.0514,0.0501,0.0503,0.0448,0.0374,0.0416,0.0458
17.04.2009 18:00,0.0,0.0,0.0,0.0,0.0,0.0,0.0
17.04.2009 19:00,0.0,0.0,0.0,0.0,0.0,0.0,0.0
17.04.2009 20:00,0.0,0.0,0.0,0.0,0.0,0.0,0.0
17.04.2009 21:00,0.0,0.0,0.0,0.0,0.0,0.0,0.0
17.04.2009 22:00,0.0,0.0,0.0,0.0,0.0,0.0,0.0
17.04.2009 23:00,0.0,0.0,0.0,0.0,0.0,0.0,0.0
18.04.2009 00:00,0.0,0.0,0.0,0.0,0.0,0.0,0.0
18.04.2009 01:00,0.0,0.0,0.0,0.0,0.0,0.0,0.0
18.04.2009 02:00,0.0,0.0,0.0,0.0,0.0,0.0,0.0
18.04.2009 03:00,0.0,0.0,0.0,0.0,0.0,0.0,0.0
18.04.2009 04:00,0.0,0.0,0.0,0.0,0.0,0.0,0.0
18.04.2009 05:00,0.0058,0.0068,0.0081,0.0094,0.0104,0.0086,0.0093
18.04.2009 06:00,0.09,0.0903,0.096,0.1006,0.1018,0.0919,0.1005
18.04.2009 07:00,0.2424,0.2416,0.2515,0.2485,0.2432,0.2293,0.2516
18.04.2009 08:00,0.3834,0.3869,0.4027,0.3952,0.3754,0.3665,0.394
18.04.2009 09:00,0.4895,0.4965,0.5164,0.5033,0.4752,0.4721,0.4906
18.04.2009 10:00,0.5379,0.5512,0.595,0.576,0.5109,0.5197,0.5305
18.04.2009 11:00,0.5654,0.5749,0.6398,0.6277,0.5298,0.5533,0.5438
18.04.2009 12:00,0.5488,0.5561,0.6181,0.6348,0.5167,0.5451,0.515
18.04.2009 13:00,0.495,0.4916,0.5486,0.5607,0.467,0.4704,0.4686
18.04.2009 14:00,0.4162,0.4062,0.4492,0.434,0.3772,0.3735,0.3885
18.04.2009 15:00,0.3173,0.3037,0.3309,0.3243,0.2823,0.2793,0.2888
18.04.2009 16:00,0.1818,0.1805,0.1899,0.1801,0.1552,0.1562,0.1659
18.04.2009 17:00,0.0517,0.0521,0.0525,0.0475,0.0384,0.0436,0.0429
18.04.2009 18:00,0.0,0.0,0.0,0.0,0.0,0.0,0.0
18.04.2009 19:00,0.0,0.0,0.0,0.0,0.0,0.0,0.0
18.04.2009 20:00,0.0,0.0,0.0,0.0,0.0,0.0,0.0
18.04.2009 21:00,0.0,0.0,0.0,0.0,0.0,0.0,0.0
18.04.2009 22:00,0.0,0.0,0.0,0.0,0.0,0.0,0.0
18.04.2009 23:00,0.0,0.0,0.0,0.0,0.0,0.0,0.0
19.04.2009 00:00,0.0,0.0,0.0,0.0,0.0,0.0,0.0
19.04.2009 01:00,0.0,0.0,0.0,0.0,0.0,0.0,0.0
19.04.2009 02:00,0.0,0.0,0.0,0.0,0.0,0.0,0.0
19.04.2009 03:00,0.0,0.0,0.0,0.0,0.0,0.0,0.0
19.04.2009 04:00,0.0,0.0,0.0,0.0,0.0,0.0,0.0
19.04.2009 05:00,0.0067,0.0072,0.0087,0.0103,0.0112,0.0092,0.0099
19.04.2009 06:00,0.0887,0.087,0.0918,0.0953,0.1013,0.0908,0.0982
19.04.2009 07:00,0.2331,0.2253,0.2316,0.2212,0.2398,0.2251,0.2462
19.04.2009 08:00,0.3728,0.3577,0.3614,0.3723,0.3682,0.3527,0.3758
19.04.2009 09:00,0.472,0.4582,0.4495,0.4515,0.4622,0.4448,0.4676
19.04.2009 10:00,0.513,0.5079,0.526,0.5127,0.4925,0.4929,0.507
19.04.2009 11:00,0.5492,0.5415,0.583,0.5626,0.5085,0.5279,0.515
19.04.2009 12:00,0.5334,0.5471,0.596,0.5823,0.4915,0.522,0.4787
19.04.2009 13:00,0.4748,0.4886,0.5337,0.5382,0.4414,0.4624,0.4285
19.04.2009 14:00,0.3928,0.4,0.435,0.4198,0.3512,0.3702,0.3397
19.04.2009 15:00,0.2992,0.292,0.3173,0.3032,0.2577,0.2674,0.2562
19.04.2009 16:00,0.1707,0.1718,0.183,0.1673,0.1422,0.1534,0.1436
19.04.2009 17:00,0.0505,0.0513,0.0515,0.0464,0.0369,0.0428,0.0401
19.04.2009 18:00,0.0,0.0,0.0,0.0,0.0,0.0,0.0
19.04.2009 19:00,0.0,0.0,0.0,0.0,0.0,0.0,0.0
19.04.2009 20:00,0.0,0.0,0.0,0.0,0.0,0.0,0.0
19.04.2009 21:00,0.0,0.0,0.0,0.0,0.0,0.0,0.0
19.04.2009 22:00,0.0,0.0,0.0,0.0,0.0,0.0,0.0
19.04.2009 23:00,0.0,0.0,0.0,0.0,0.0,0.0,0.0
20.04.2009 00:00,0.0,0.0,0.0,0.0,0.0,0.0,0.0
20.04.2009 01:00,0.0,0.0,0.0,0.0,0.0,0.0,0.0
20.04.2009 02:00,0.0,0.0,0.0,0.0,0.0,0.0,0.0
20.04.2009 03:00,0.0,0.0,0.0,0.0,0.0,0.0,0.0
20.04.2009 04:00,0.0,0.0,0.0,0.0,0.0,0.0,0.0
20.04.2009 05:00,0.0071,0.0078,0.0093,0.0112,0.012,0.0098,0.01
20.04.2009 06:00,0.0892,0.0872,0.093,0.1003,0.1049,0.0947,0.0979
20.04.2009 07:00,0.2315,0.2266,0.2301,0.2275,0.2476,0.2345,0.245
20.04.2009 08:00,0.4179,0.4347,0.4324,0.4673,0.3325,0.302,0.1298
20.04.2009 09:00,0.4219,0.4645,0.4257,0.4247,0.4419,0.2605,0.1886
20.04.2009 10:00,0.3605,0.4438,0.4093,0.6854,0.5482,0.5048,0.3479
20.04.2009 11:00,0.4352,0.424,0.7204,0.856,0.635,0.5793,0.4051
20.04.2009 12:00,0.4045,0.5593,0.8386,0.8628,0.6377,0.6,0.4632
20.04.2009 13:00,0.4769,0.6279,0.7688,0.7372,0.5583,0.6586,0.517
20.04.2009 14:00,0.4738,0.5698,0.5915,0.6166,0.4312,0.5733,0.3716
20.04.2009 15:00,0.3459,0.3818,0.4617,0.4325,0.2573,0.3537,0.1851
20.04.2009 16:00,0.1808,0.2139,0.2504,0.1926,0.1286,0.2146,0.061
20.04.2009 17:00,0.0449,0.0623,0.0549,0.0407,0.0314,0.0316,0.0188
20.04.2009 18:00,0.0,0.0,0.0,0.0,0.0,0.0,0.0
20.04.2009 19:00,0.0,0.0,0.0,0.0,0.0,0.0,0.0
20.04.2009 20:00,0.0,0.0,0.0,0.0,0.0,0.0,0.0
20.04.2009 21:00,0.0,0.0,0.0,0.0,0.0,0.0,0.0
20.04.2009 22:00,0.0,0.0,0.0,0.0,0.0,0.0,0.0
20.04.2009 23:00,0.0,0.0,0.0,0.0,0.0,0.0,0.0
21.04.2009 00:00,0.0,0.0,0.0,0.0,0.0,0.0,0.0
21.04.2009 01:00,0.0,0.0,0.0,0.0,0.0,0.0,0.0
21.04.2009 02:00,0.0,0.0,0.0,0.0,0.0,0.0,0.0
21.04.2009 03:00,0.0,0.0,0.0,0.0,0.0,0.0,0.0
21.04.2009 04:00,0.0,0.0,0.0,0.0,0.0,0.0,0.0
21.04.2009 05:00,0.0112,0.0122,0.0124,0.0174,0.0149,0.014,0.0178
21.04.2009 06:00,0.1142,0.1108,0.1197,0.1468,0.0959,0.1325,0.0833
21.04.2009 07:00,0.3059,0.2942,0.3044,0.3268,0.252,0.2966,0.1411
21.04.2009 08:00,0.4594,0.4974,0.4908,0.455,0.4734,0.4046,0.3444
21.04.2009 09:00,0.5951,0.6272,0.6601,0.6134,0.5702,0.5389,0.588
21.04.2009 10:00,0.6598,0.6935,0.7454,0.7528,0.5891,0.5963,0.6842
21.04.2009 11:00,0.739,0.7145,0.7526,0.7979,0.5501,0.5695,0.6664
21.04.2009 12:00,0.7227,0.6074,0.6999,0.7736,0.4584,0.4179,0.53
21.04.2009 13:00,0.5885,0.4704,0.5921,0.6835,0.3914,0.3729,0.4905
21.04.2009 14:00,0.458,0.4044,0.4271,0.5452,0.3203,0.3166,0.3176
21.04.2009 15:00,0.317,0.2636,0.308,0.3964,0.2372,0.2202,0.3033
21.04.2009 16:00,0.1773,0.1326,0.1902,0.198,0.1274,0.1037,0.1934
21.04.2009 17:00,0.0574,0.044,0.0483,0.047,0.0384,0.0263,0.0369
21.04.2009 18:00,0.0,0.0,0.0,0.0,0.0,0.0,0.0
21.04.2009 19:00,0.0,0.0,0.0,0.0,0.0,0.0,0.0
21.04.2009 20:00,0.0,0.0,0.0,0.0,0.0,0.0,0.0
21.04.2009 21:00,0.0,0.0,0.0,0.0,0.0,0.0,0.0
21.04.2009 22:00,0.0,0.0,0.0,0.0,0.0,0.0,0.0
21.04.2009 23:00,0.0,0.0,0.0,0.0,0.0,0.0,0.0
22.04.2009 00:00,0.0,0.0,0.0,0.0,0.0,0.0,0.0
22.04.2009 01:00,0.0,0.0,0.0,0.0,0.0,0.0,0.0
22.04.2009 02:00,0.0,0.0,0.0,0.0,0.0,0.0,0.0
22.04.2009 03:00,0.0,0.0,0.0,0.0,0.0,0.0,0.0
22.04.2009 04:00,0.0,0.0,0.0,0.0,0.0,0.0,0.0
22.04.2009 05:00,0.0133,0.0152,0.018,0.0169,0.0184,0.0175,0.0156
22.04.2009 06:00,0.1234,0.1376,0.1489,0.1658,0.1486,0.1384,0.1665
22.04.2009 07:00,0.3164,0.349,0.3428,0.3857,0.3502,0.371,0.3996
22.04.2009 08:00,0.477,0.5296,0.5456,0.5602,0.5224,0.5598,0.5854
22.04.2009 09:00,0.61,0.6597,0.6971,0.6287,0.6389,0.6666,0.7422
22.04.2009 10:00,0.6829,0.7044,0.7572,0.5766,0.6884,0.6377,0.8431
22.04.2009 11:00,0.75,0.6766,0.7708,0.7198,0.7212,0.6115,0.888
22.04.2009 12:00,0.745,0.743,0.7592,0.7437,0.6984,0.631,0.8667
22.04.2009 13:00,0.725,0.7,0.6095,0.6022,0.6318,0.661,0.8119
22.04.2009 14:00,0.6383,0.5971,0.5494,0.3666,0.5586,0.5449,0.6903
22.04.2009 15:00,0.455,0.3967,0.3652,0.2341,0.3766,0.3399,0.503
22.04.2009 16:00,0.2524,0.2065,0.1641,0.088,0.177,0.1677,0.2727
22.04.2009 17:00,0.0633,0.0618,0.0556,0.0262,0.0423,0.0358,0.0576
22.04.2009 18:00,0.0011,0.0,0.0,0.0,0.0,0.0,0.0
22.04.2009 19:00,0.0,0.0,0.0,0.0,0.0,0.0,0.0
22.04.2009 20:00,0.0,0.0,0.0,0.0,0.0,0.0,0.0
22.04.2009 21:00,0.0,0.0,0.0,0.0,0.0,0.0,0.0
22.04.2009 22:00,0.0,0.0,0.0,0.0,0.0,0.0,0.0
22.04.2009 23:00,0.0,0.0,0.0,0.0,0.0,0.0,0.0
23.04.2009 00:00,0.0,0.0,0.0,0.0,0.0,0.0,0.0
23.04.2009 01:00,0.0,0.0,0.0,0.0,0.0,0.0,0.0
23.04.2009 02:00,0.0,0.0,0.0,0.0,0.0,0.0,0.0
23.04.2009 03:00,0.0,0.0,0.0,0.0,0.0,0.0,0.0
23.04.2009 04:00,0.0,0.0,0.0,0.0,0.0,0.0,0.0
23.04.2009 05:00,0.012,0.0169,0.0203,0.0208,0.018,0.0171,0.0167
23.04.2009 06:00,0.113,0.1354,0.1539,0.1524,0.1284,0.1144,0.1708
23.04.2009 07:00,0.3325,0.3449,0.3858,0.3879,0.2888,0.2872,0.4032
23.04.2009 08:00,0.5196,0.54,0.5788,0.5893,0.4595,0.5068,0.5924
23.04.2009 09:00,0.7119,0.7119,0.7136,0.7334,0.6488,0.7036,0.7793
23.04.2009 10:00,0.7976,0.804,0.8318,0.8191,0.6812,0.7791,0.8728
23.04.2009 11:00,0.8417,0.8304,0.8897,0.8862,0.682,0.8016,0.8964
23.04.2009 12:00,0.7875,0.7893,0.8812,0.8057,0.6305,0.7835,0.8336
23.04.2009 13:00,0.7156,0.7409,0.7741,0.5316,0.5541,0.7072,0.79
23.04.2009 14:00,0.5763,0.6202,0.6556,0.2441,0.3891,0.5081,0.6702
23.04.2009 15:00,0.4247,0.4649,0.4332,0.1076,0.2404,0.3608,0.4949
23.04.2009 16:00,0.2454,0.2661,0.2078,0.0765,0.1063,0.1589,0.2573
23.04.2009 17:00,0.0674,0.0709,0.0611,0.0362,0.0247,0.0437,0.0611
23.04.2009 18:00,0.0022,0.0,0.0,0.0,0.0,0.0,0.0
23.04.2009 19:00,0.0,0.0,0.0,0.0,0.0,0.0,0.0
23.04.2009 20:00,0.0,0.0,0.0,0.0,0.0,0.0,0.0
23.04.2009 21:00,0.0,0.0,0.0,0.0,0.0,0.0,0.0
23.04.2009 22:00,0.0,0.0,0.0,0.0,0.0,0.0,0.0
23.04.2009 23:00,0.0,0.0,0.0,0.0,0.0,0.0,0.0
24.04.2009 00:00,0.0,0.0,0.0,0.0,0.0,0.0,0.0
24.04.2009 01:00,0.0,0.0,0.0,0.0,0.0,0.0,0.0
24.04.2009 02:00,0.0,0.0,0.0,0.0,0.0,0.0,0.0
24.04.2009 03:00,0.0,0.0,0.0,0.0,0.0,0.0,0.0
24.04.2009 04:00,0.0,0.0,0.0,0.0,0.0,0.0,0.0
24.04.2009 05:00,0.0162,0.0182,0.0219,0.0202,0.0157,0.0199,0.0146
24.04.2009 06:00,0.1314,0.1507,0.1342,0.1561,0.1144,0.1469,0.0515
24.04.2009 07:00,0.3301,0.368,0.3094,0.3587,0.2413,0.314,0.0884
24.04.2009 08:00,0.4577,0.5192,0.529,0.597,0.3854,0.4367,0.1186
24.04.2009 09:00,0.586,0.634,0.707,0.7649,0.5068,0.6109,0.1584
24.04.2009 10:00,0.6004,0.5958,0.8406,0.8712,0.5452,0.7273,0.1462
24.04.2009 11:00,0.5257,0.5335,0.8043,0.9121,0.5825,0.7918,0.1677
24.04.2009 12:00,0.4386,0.4691,0.8456,0.8837,0.5328,0.7285,0.1412
24.04.2009 13:00,0.3651,0.4729,0.5718,0.7142,0.4844,0.5555,0.1671
24.04.2009 14:00,0.3021,0.3666,0.2504,0.3754,0.3799,0.5323,0.1167
24.04.2009 15:00,0.2238,0.1982,0.4016,0.4193,0.2821,0.4108,0.1158
24.04.2009 16:00,0.1333,0.1274,0.247,0.2646,0.1491,0.203,0.0793
24.04.2009 17:00,0.0443,0.0462,0.0467,0.0599,0.0466,0.0473,0.0222
24.04.2009 18:00,0.0019,0.0,0.0,0.0,0.0,0.0,0.0
24.04.2009 19:00,0.0,0.0,0.0,0.0,0.0,0.0,0.0
24.04.2009 20:00,0.0,0.0,0.0,0.0,0.0,0.0,0.0
24.04.2009 21:00,0.0,0.0,0.0,0.0,0.0,0.0,0.0
24.04.2009 22:00,0.0,0.0,0.0,0.0,0.0,0.0,0.0
24.04.2009 23:00,0.0,0.0,0.0,0.0,0.0,0.0,0.0
25.04.2009 00:00,0.0,0.0,0.0,0.0,0.0,0.0,0.0
25.04.2009 01:00,0.0,0.0,0.0,0.0,0.0,0.0,0.0
25.04.2009 02:00,0.0,0.0,0.0,0.0,0.0,0.0,0.0
25.04.2009 03:00,0.0,0.0,0.0,0.0,0.0,0.0,0.0
25.04.2009 04:00,0.0,0.0,0.0,0.0,0.0,0.0,0.0
25.04.2009 05:00,0.0158,0.0173,0.0202,0.0161,0.0199,0.016,0.0124
25.04.2009 06:00,0.1305,0.1537,0.1681,0.18,0.1719,0.1632,0.0768
25.04.2009 07:00,0.332,0.3876,0.408,0.4186,0.3767,0.3926,0.1782
25.04.2009 08:00,0.5118,0.5733,0.5962,0.6072,0.5429,0.5864,0.374
25.04.2009 09:00,0.6456,0.7198,0.7238,0.7495,0.6869,0.7365,0.4395
25.04.2009 10:00,0.7147,0.8067,0.7887,0.8262,0.731,0.8088,0.3429
25.04.2009 11:00,0.7441,0.8237,0.8148,0.8459,0.7727,0.8598,0.3903
25.04.2009 12:00,0.6885,0.8217,0.8159,0.839,0.7658,0.8352,0.3307
25.04.2009 13:00,0.6491,0.7591,0.7401,0.7655,0.7192,0.7771,0.3188
25.04.2009 14:00,0.5382,0.6039,0.6164,0.6445,0.5552,0.6411,0.2438
25.04.2009 15:00,0.3565,0.4237,0.4293,0.4529,0.3924,0.4186,0.2071
25.04.2009 16:00,0.1664,0.2185,0.2418,0.2173,0.2119,0.2066,0.1192
25.04.2009 17:00,0.0609,0.0618,0.0681,0.0617,0.0498,0.06,0.0574
25.04.2009 18:00,0.0022,0.0,0.0,0.0,0.0,0.0,0.0
25.04.2009 19:00,0.0,0.0,0.0,0.0,0.0,0.0,0.0
25.04.2009 20:00,0.0,0.0,0.0,0.0,0.0,0.0,0.0
25.04.2009 21:00,0.0,0.0,0.0,0.0,0.0,0.0,0.0
25.04.2009 22:00,0.0,0.0,0.0,0.0,0.0,0.0,0.0
25.04.2009 23:00,0.0,0.0,0.0,0.0,0.0,0.0,0.0
26.04.2009 00:00,0.0,0.0,0.0,0.0,0.0,0.0,0.0
26.04.2009 01:00,0.0,0.0,0.0,0.0,0.0,0.0,0.0
26.04.2009 02:00,0.0,0.0,0.0,0.0,0.0,0.0,0.0
26.04.2009 03:00,0.0,0.0,0.0,0.0,0.0,0.0,0.0
26.04.2009 04:00,0.0,0.0,0.0,0.0,0.0,0.0,0.0
26.04.2009 05:00,0.0104,0.0058,0.0066,0.0119,0.0103,0.0058,0.005
26.04.2009 06:00,0.0463,0.0548,0.0483,0.0195,0.0339,0.0355,0.0505
26.04.2009 07:00,0.1593,0.2092,0.1289,0.0674,0.1575,0.1833,0.0417
26.04.2009 08:00,0.3266,0.4298,0.3818,0.4096,0.2694,0.5363,0.0686
26.04.2009 09:00,0.2617,0.4698,0.7086,0.5758,0.4031,0.566,0.0715
26.04.2009 10:00,0.2139,0.467,0.7432,0.763,0.393,0.6283,0.082
26.04.2009 11:00,0.2417,0.4226,0.6898,0.7947,0.3642,0.6437,0.0828
26.04.2009 12:00,0.3752,0.3858,0.7041,0.7676,0.2969,0.5527,0.0706
26.04.2009 13:00,0.2497,0.2818,0.6592,0.7806,0.3129,0.4082,0.0916
26.04.2009 14:00,0.208,0.2491,0.1859,0.3824,0.2606,0.2427,0.0714
26.04.2009 15:00,0.1792,0.2253,0.0716,0.0714,0.1346,0.2704,0.064
26.04.2009 16:00,0.1273,0.1404,0.1644,0.1222,0.0886,0.1983,0.0259
26.04.2009 17:00,0.0597,0.0623,0.0499,0.061,0.0312,0.0575,0.0089
26.04.2009 18:00,0.0053,0.0,0.0,0.0,0.0,0.0,0.0
26.04.2009 19:00,0.0,0.0,0.0,0.0,0.0,0.0,0.0
26.04.2009 20:00,0.0,0.0,0.0,0.0,0.0,0.0,0.0
26.04.2009 21:00,0.0,0.0,0.0,0.0,0.0,0.0,0.0
26.04.2009 22:00,0.0,0.0,0.0,0.0,0.0,0.0,0.0
26.04.2009 23:00,0.0,0.0,0.0,0.0,0.0,0.0,0.0
27.04.2009 00:00,0.0,0.0,0.0,0.0,0.0,0.0,0.0
27.04.2009 01:00,0.0,0.0,0.0,0.0,0.0,0.0,0.0
27.04.2009 02:00,0.0,0.0,0.0,0.0,0.0,0.0,0.0
27.04.2009 03:00,0.0,0.0,0.0,0.0,0.0,0.0,0.0
27.04.2009 04:00,0.0,0.0,0.0,0.0,0.0,0.0,0.0
27.04.2009 05:00,0.005,0.0043,0.0028,0.0078,0.0107,0.0035,0.0034
27.04.2009 06:00,0.0295,0.0202,0.0147,0.0175,0.0303,0.0133,0.0162
27.04.2009 07:00,0.0536,0.0633,0.0319,0.0363,0.0438,0.0629,0.0406
27.04.2009 08:00,0.0658,0.0787,0.0675,0.1228,0.1059,0.1107,0.0568
27.04.2009 09:00,0.0873,0.1184,0.0876,0.1932,0.1769,0.1191,0.073
27.04.2009 10:00,0.1273,0.1477,0.1425,0.1374,0.2166,0.1311,0.0717
27.04.2009 11:00,0.0896,0.1323,0.1846,0.2269,0.185,0.1269,0.0636
27.04.2009 12:00,0.0762,0.1006,0.1999,0.2388,0.1352,0.1209,0.0593
27.04.2009 13:00,0.0683,0.0933,0.1581,0.194,0.0983,0.1018,0.0567
27.04.2009 14:00,0.0517,0.0669,0.122,0.1194,0.077,0.0658,0.0448
27.04.2009 15:00,0.0421,0.0605,0.0636,0.0487,0.0456,0.0425,0.0334
27.04.2009 16:00,0.0266,0.0407,0.0534,0.0364,0.0368,0.0302,0.0213
27.04.2009 17:00,0.0144,0.0211,0.023,0.0203,0.0173,0.0186,0.0146
27.04.2009 18:00,0.0039,0.0,0.0,0.0,0.0,0.0,0.0
27.04.2009 19:00,0.0,0.0,0.0,0.0,0.0,0.0,0.0
27.04.2009 20:00,0.0,0.0,0.0,0.0,0.0,0.0,0.0
27.04.2009 21:00,0.0,0.0,0.0,0.0,0.0,0.0,0.0
27.04.2009 22:00,0.0,0.0,0.0,0.0,0.0,0.0,0.0
27.04.2009 23:00,0.0,0.0,0.0,0.0,0.0,0.0,0.0
28.04.2009 00:00,0.0,0.0,0.0,0.0,0.0,0.0,0.0
28.04.2009 01:00,0.0,0.0,0.0,0.0,0.0,0.0,0.0
28.04.2009 02:00,0.0,0.0,0.0,0.0,0.0,0.0,0.0
28.04.2009 03:00,0.0,0.0,0.0,0.0,0.0,0.0,0.0
28.04.2009 04:00,0.0,0.0,0.0,0.0,0.0,0.0,0.0
28.04.2009 05:00,0.0104,0.008,0.0192,0.021,0.0132,0.0224,0.027
28.04.2009 06:00,0.055,0.0397,0.061,0.0788,0.0502,0.061,0.0324
28.04.2009 07:00,0.0768,0.0731,0.0901,0.0944,0.0861,0.0931,0.0516
28.04.2009 08:00,0.0942,0.0905,0.1413,0.1461,0.1045,0.1235,0.073
28.04.2009 09:00,0.0988,0.0965,0.1366,0.1622,0.1495,0.1358,0.0843
28.04.2009 10:00,0.0904,0.1211,0.1566,0.133,0.132,0.1143,0.0724
28.04.2009 11:00,0.1167,0.1364,0.2345,0.1749,0.1577,0.1414,0.0787
28.04.2009 12:00,0.1219,0.1292,0.1969,0.1603,0.1545,0.1099,0.0685
28.04.2009 13:00,0.1523,0.1431,0.1418,0.1493,0.1541,0.0862,0.0662
28.04.2009 14:00,0.1522,0.144,0.1002,0.1068,0.0901,0.0832,0.0608
28.04.2009 15:00,0.1761,0.1288,0.1017,0.1022,0.1062,0.076,0.0585
28.04.2009 16:00,0.1211,0.0756,0.0689,0.0505,0.0737,0.0443,0.0448
28.04.2009 17:00,0.0452,0.033,0.0373,0.0124,0.0305,0.0205,0.0193
28.04.2009 18:00,0.0064,0.0,0.0,0.0,0.0,0.0,0.0
28.04.2009 19:00,0.0,0.0,0.0,0.0,0.0,0.0,0.0
28.04.2009 20:00,0.0,0.0,0.0,0.0,0.0,0.0,0.0
28.04.2009 21:00,0.0,0.0,0.0,0.0,0.0,0.0,0.0
28.04.2009 22:00,0.0,0.0,0.0,0.0,0.0,0.0,0.0
28.04.2009 23:00,0.0,0.0,0.0,0.0,0.0,0.0,0.0
29.04.2009 00:00,0.0,0.0,0.0,0.0,0.0,0.0,0.0
29.04.2009 01:00,0.0,0.0,0.0,0.0,0.0,0.0,0.0
29.04.2009 02:00,0.0,0.0,0.0,0.0,0.0,0.0,0.0
29.04.2009 03:00,0.0,0.0,0.0,0.0,0.0,0.0,0.0
29.04.2009 04:00,0.0,0.0,0.0,0.0,0.0,0.0,0.0
29.04.2009 05:00,0.0107,0.0123,0.0126,0.0068,0.0136,0.0115,0.0289
29.04.2009 06:00,0.0688,0.0428,0.0582,0.0424,0.0467,0.0498,0.145
29.04.2009 07:00,0.1224,0.0725,0.0675,0.0493,0.124,0.0652,0.3339
29.04.2009 08:00,0.16,0.132,0.0899,0.0659,0.186,0.079,0.4708
29.04.2009 09:00,0.2236,0.2415,0.1613,0.0982,0.2424,0.1004,0.5704
29.04.2009 10:00,0.2324,0.3429,0.2514,0.1168,0.2476,0.1872,0.5027
29.04.2009 11:00,0.2888,0.387,0.3766,0.234,0.2719,0.3267,0.2924
29.04.2009 12:00,0.301,0.3696,0.4983,0.4084,0.2888,0.3955,0.1638
29.04.2009 13:00,0.2637,0.3763,0.447,0.5094,0.2977,0.3235,0.152
29.04.2009 14:00,0.2042,0.3074,0.3373,0.3284,0.2258,0.2144,0.126
29.04.2009 15:00,0.188,0.184,0.2635,0.2313,0.166,0.1566,0.1752
29.04.2009 16:00,0.119,0.1096,0.105,0.1507,0.1047,0.0889,0.0852
29.04.2009 17:00,0.0455,0.0508,0.0536,0.0653,0.0373,0.0381,0.0382
29.04.2009 18:00,0.0039,0.0,0.0,0.0,0.0,0.0,0.0
29.04.2009 19:00,0.0,0.0,0.0,0.0,0.0,0.0,0.0
29.04.2009 20:00,0.0,0.0,0.0,0.0,0.0,0.0,0.0
29.04.2009 21:00,0.0,0.0,0.0,0.0,0.0,0.0,0.0
29.04.2009 22:00,0.0,0.0,0.0,0.0,0.0,0.0,0.0
29.04.2009 23:00,0.0,0.0,0.0,0.0,0.0,0.0,0.0
30.04.2009 00:00,0.0,0.0,0.0,0.0,0.0,0.0,0.0
30.04.2009 01:00,0.0,0.0,0.0,0.0,0.0,0.0,0.0
30.04.2009 02:00,0.0,0.0,0.0,0.0,0.0,0.0,0.0
30.04.2009 03:00,0.0,0.0,0.0,0.0,0.0,0.0,0.0
30.04.2009 04:00,0.0,0.0,0.0,0.0,0.0,0.0,0.0
30.04.2009 05:00,0.0213,0.024,0.0228,0.0168,0.0167,0.023,0.023
30.04.2009 06:00,0.1324,0.1354,0.1459,0.0891,0.0672,0.1379,0.156
30.04.2009 07:00,0.2595,0.2985,0.335,0.2066,0.1686,0.2803,0.3636
30.04.2009 08:00,0.3459,0.4462,0.5141,0.261,0.2614,0.3367,0.5523
30.04.2009 09:00,0.4082,0.5398,0.6159,0.341,0.3678,0.3787,0.6664
30.04.2009 10:00,0.4353,0.55,0.627,0.5046,0.3105,0.4221,0.7297
30.04.2009 11:00,0.4648,0.5434,0.6447,0.6609,0.3164,0.4964,0.7542
30.04.2009 12:00,0.4456,0.5109,0.6188,0.5311,0.309,0.4365,0.7015
30.04.2009 13:00,0.3966,0.3554,0.3969,0.4416,0.2824,0.3787,0.6429
30.04.2009 14:00,0.3105,0.228,0.2577,0.2412,0.2444,0.2729,0.5407
30.04.2009 15:00,0.2585,0.2155,0.228,0.1807,0.2305,0.195,0.3915
30.04.2009 16:00,0.1645,0.1535,0.1466,0.1288,0.1456,0.113,0.2359
30.04.2009 17:00,0.0708,0.0659,0.0593,0.0644,0.0518,0.0524,0.0662
30.04.2009 18:00,0.0085,0.0,0.0,0.0,0.0,0.0,0.0
30.04.2009 19:00,0.0,0.0,0.0,0.0,0.0,0.0,0.0
30.04.2009 20:00,0.0,0.0,0.0,0.0,0.0,0.0,0.0
30.04.2009 21:00,0.0,0.0,0.0,0.0,0.0,0.0,0.0
30.04.2009 22:00,0.0,0.0,0.0,0.0,0.0,0.0,0.0
30.04.2009 23:00,0.0,0.0,0.0,0.0,0.0,0.0,0.0
01.05.2009 00:00,0.0,0.0,0.0,0.0,0.0,0.0,0.0
01.05.2009 01:00,0.0,0.0,0.0,0.0,0.0,0.0,0.0
01.05.2009 02:00,0.0,0.0,0.0,0.0,0.0,0.0,0.0
01.05.2009 03:00,0.0,0.0,0.0,0.0,0.0,0.0,0.0
01.05.2009 04:00,0.0,0.0,0.0,0.0,0.0,0.0,0.0
01.05.2009 05:00,0.0253,0.0276,0.0316,0.0333,0.0331,0.0306,0.0312
01.05.2009 06:00,0.1325,0.1527,0.1715,0.1799,0.141,0.1532,0.1714
01.05.2009 07:00,0.2736,0.3345,0.3672,0.389,0.2691,0.3096,0.355
01.05.2009 08:00,0.3757,0.4812,0.5428,0.5775,0.3828,0.4261,0.501
01.05.2009 09:00,0.4428,0.5707,0.6938,0.7075,0.4527,0.5064,0.5996
01.05.2009 10:00,0.4822,0.5882,0.7405,0.7798,0.491,0.5487,0.6599
01.05.2009 11:00,0.5,0.6035,0.7664,0.7587,0.4862,0.5626,0.682
01.05.2009 12:00,0.4847,0.5835,0.6326,0.6495,0.4551,0.5397,0.6636
01.05.2009 13:00,0.4611,0.5026,0.5108,0.5724,0.4131,0.4848,0.6079
01.05.2009 14:00,0.4045,0.3823,0.4245,0.5203,0.3538,0.3986,0.4955
01.05.2009 15:00,0.3168,0.2851,0.3104,0.3742,0.2854,0.299,0.3771
01.05.2009 16:00,0.197,0.1943,0.1933,0.2172,0.1775,0.1939,0.2202
01.05.2009 17:00,0.0701,0.0738,0.0631,0.0707,0.0569,0.0654,0.0694
01.05.2009 18:00,0.005,0.0044,0.003,0.0039,0.002,0.0027,0.0013
01.05.2009 19:00,0.0,0.0,0.0,0.0,0.0,0.0,0.0
01.05.2009 20:00,0.0,0.0,0.0,0.0,0.0,0.0,0.0
01.05.2009 21:00,0.0,0.0,0.0,0.0,0.0,0.0,0.0
01.05.2009 22:00,0.0,0.0,0.0,0.0,0.0,0.0,0.0
01.05.2009 23:00,0.0,0.0,0.0,0.0,0.0,0.0,0.0
02.05.2009 00:00,0.0,0.0,0.0,0.0,0.0,0.0,0.0
02.05.2009 01:00,0.0,0.0,0.0,0.0,0.0,0.0,0.0
02.05.2009 02:00,0.0,0.0,0.0,0.0,0.0,0.0,0.0
02.05.2009 03:00,0.0,0.0,0.0,0.0,0.0,0.0,0.0
02.05.2009 04:00,0.0,0.0,0.0,0.0,0.0,0.0,0.0
02.05.2009 05:00,0.0258,0.0211,0.0283,0.017,0.0176,0.0148,0.0303
02.05.2009 06:00,0.1273,0.0938,0.1279,0.0917,0.067,0.0664,0.1608
02.05.2009 07:00,0.2475,0.2308,0.2745,0.2217,0.1246,0.0874,0.3303
02.05.2009 08:00,0.3875,0.3608,0.3678,0.1938,0.1794,0.1361,0.4672
02.05.2009 09:00,0.4408,0.389,0.4263,0.2854,0.2545,0.1156,0.5768
02.05.2009 10:00,0.393,0.3941,0.4611,0.5264,0.2693,0.1585,0.6122
02.05.2009 11:00,0.4014,0.3562,0.3929,0.733,0.3287,0.4115,0.5927
02.05.2009 12:00,0.4177,0.3254,0.3337,0.5642,0.2814,0.4545,0.6321
02.05.2009 13:00,0.3709,0.2809,0.2065,0.2913,0.2831,0.3544,0.6059
02.05.2009 14:00,0.2885,0.2117,0.0744,0.1973,0.2882,0.1775,0.5038
02.05.2009 15:00,0.2647,0.2264,0.1861,0.1199,0.2013,0.1504,0.3948
02.05.2009 16:00,0.1901,0.143,0.1361,0.0994,0.0988,0.0945,0.2288
02.05.2009 17:00,0.0681,0.0559,0.0563,0.0342,0.0339,0.0482,0.0665
02.05.2009 18:00,0.0052,0.0058,0.0042,0.0034,0.0017,0.0023,0.0016
02.05.2009 19:00,0.0,0.0,0.0,0.0,0.0,0.0,0.0
02.05.2009 20:00,0.0,0.0,0.0,0.0,0.0,0.0,0.0
02.05.2009 21:00,0.0,0.0,0.0,0.0,0.0,0.0,0.0
02.05.2009 22:00,0.0,0.0,0.0,0.0,0.0,0.0,0.0
02.05.2009 23:00,0.0,0.0,0.0,0.0,0.0,0.0,0.0
03.05.2009 00:00,0.0,0.0,0.0,0.0,0.0,0.0,0.0
03.05.2009 01:00,0.0,0.0,0.0,0.0,0.0,0.0,0.0
03.05.2009 02:00,0.0,0.0,0.0,0.0,0.0,0.0,0.0
03.05.2009 03:00,0.0,0.0,0.0,0.0,0.0,0.0,0.0
03.05.2009 04:00,0.0,0.0,0.0,0.0,0.0,0.0,0.0
03.05.2009 05:00,0.0286,0.0294,0.0277,0.0336,0.0362,0.0327,0.0333
03.05.2009 06:00,0.1406,0.149,0.1162,0.163,0.1507,0.156,0.1766
03.05.2009 07:00,0.2916,0.3211,0.2447,0.349,0.293,0.3157,0.3658
03.05.2009 08:00,0.4157,0.493,0.4504,0.5397,0.4059,0.4657,0.5135
03.05.2009 09:00,0.4972,0.6133,0.6984,0.6976,0.4889,0.572,0.6154
03.05.2009 10:00,0.5447,0.6627,0.7907,0.7954,0.5397,0.6314,0.6717
03.05.2009 11:00,0.5434,0.639,0.8169,0.8158,0.5563,0.6506,0.6831
03.05.2009 12:00,0.4924,0.5601,0.7706,0.7858,0.5294,0.6264,0.6596
03.05.2009 13:00,0.4091,0.4652,0.6567,0.7302,0.4749,0.5621,0.6057
03.05.2009 14:00,0.2976,0.3691,0.499,0.5647,0.3815,0.4484,0.524
03.05.2009 15:00,0.1932,0.2496,0.3127,0.3838,0.2714,0.2969,0.3768
03.05.2009 16:00,0.1049,0.1051,0.1332,0.1781,0.1499,0.1923,0.2062
03.05.2009 17:00,0.0481,0.0393,0.039,0.0595,0.0508,0.0607,0.0669
03.05.2009 18:00,0.004,0.0032,0.0021,0.004,0.0022,0.0036,0.0021
03.05.2009 19:00,0.0,0.0,0.0,0.0,0.0,0.0,0.0
03.05.2009 20:00,0.0,0.0,0.0,0.0,0.0,0.0,0.0
03.05.2009 21:00,0.0,0.0,0.0,0.0,0.0,0.0,0.0
03.05.2009 22:00,0.0,0.0,0.0,0.0,0.0,0.0,0.0
03.05.2009 23:00,0.0,0.0,0.0,0.0,0.0,0.0,0.0
04.05.2009 00:00,0.0,0.0,0.0,0.0,0.0,0.0,0.0
04.05.2009 01:00,0.0,0.0,0.0,0.0,0.0,0.0,0.0
04.05.2009 02:00,0.0,0.0,0.0,0.0,0.0,0.0,0.0
04.05.2009 03:00,0.0,0.0,0.0,0.0,0.0,0.0,0.0
04.05.2009 04:00,0.0,0.0,0.0,0.0,0.0,0.0,0.0
04.05.2009 05:00,0.009,0.0082,0.0075,0.006,0.0131,0.0103,0.0191
04.05.2009 06:00,0.0416,0.0318,0.032,0.0312,0.0504,0.0226,0.1129
04.05.2009 07:00,0.096,0.072,0.0548,0.0624,0.0885,0.0615,0.1932
04.05.2009 08:00,0.1515,0.1403,0.1098,0.0831,0.1341,0.1522,0.3651
04.05.2009 09:00,0.2321,0.1881,0.1687,0.0858,0.1653,0.1824,0.4595
04.05.2009 10:00,0.2106,0.1435,0.1413,0.0757,0.2134,0.1488,0.3845
04.05.2009 11:00,0.1898,0.1763,0.4241,0.1814,0.2305,0.1152,0.375
04.05.2009 12:00,0.2381,0.1562,0.2063,0.1247,0.2478,0.0942,0.4862
04.05.2009 13:00,0.1986,0.1559,0.1565,0.0763,0.2065,0.0748,0.6097
04.05.2009 14:00,0.1933,0.1518,0.1686,0.0852,0.1707,0.0583,0.5244
04.05.2009 15:00,0.1626,0.1717,0.2121,0.1265,0.1575,0.0652,0.3791
04.05.2009 16:00,0.1274,0.1199,0.2059,0.1734,0.0986,0.0743,0.215
04.05.2009 17:00,0.0573,0.0554,0.0774,0.0715,0.043,0.0407,0.0711
04.05.2009 18:00,0.0067,0.0059,0.0068,0.0046,0.0022,0.0033,0.0036
04.05.2009 19:00,0.0,0.0,0.0,0.0,0.0,0.0,0.0
04.05.2009 20:00,0.0,0.0,0.0,0.0,0.0,0.0,0.0
04.05.2009 21:00,0.0,0.0,0.0,0.0,0.0,0.0,0.0
04.05.2009 22:00,0.0,0.0,0.0,0.0,0.0,0.0,0.0
04.05.2009 23:00,0.0,0.0,0.0,0.0,0.0,0.0,0.0
05.05.2009 00:00,0.0,0.0,0.0,0.0,0.0,0.0,0.0
05.05.2009 01:00,0.0,0.0,0.0,0.0,0.0,0.0,0.0
05.05.2009 02:00,0.0,0.0,0.0,0.0,0.0,0.0,0.0
05.05.2009 03:00,0.0,0.0,0.0,0.0,0.0,0.0,0.0
05.05.2009 04:00,0.0,0.0,0.0,0.0,0.0,0.0,0.0
05.05.2009 05:00,0.0266,0.0211,0.0158,0.037,0.0392,0.0335,0.0338
05.05.2009 06:00,0.0992,0.0792,0.075,0.0872,0.1291,0.1107,0.1371
05.05.2009 07:00,0.1598,0.1232,0.0884,0.1358,0.2175,0.1482,0.2312
05.05.2009 08:00,0.1978,0.1684,0.1372,0.1414,0.3002,0.1552,0.416
05.05.2009 09:00,0.2046,0.2242,0.2068,0.1841,0.2872,0.2448,0.3307
05.05.2009 10:00,0.2552,0.2,0.2264,0.1795,0.2772,0.1612,0.459
05.05.2009 11:00,0.2794,0.273,0.315,0.2372,0.29,0.1843,0.6701
05.05.2009 12:00,0.3091,0.3137,0.3273,0.2745,0.2205,0.1771,0.6399
05.05.2009 13:00,0.3395,0.3052,0.353,0.29,0.1839,0.1658,0.4959
05.05.2009 14:00,0.3514,0.335,0.3233,0.2963,0.132,0.2004,0.374
05.05.2009 15:00,0.3044,0.3237,0.3021,0.2186,0.1498,0.2093,0.3481
05.05.2009 16:00,0.2112,0.22,0.1686,0.1177,0.0947,0.1234,0.1915
05.05.2009 17:00,0.08,0.0796,0.0737,0.0587,0.0426,0.0492,0.0672
05.05.2009 18:00,0.008,0.0079,0.0052,0.0034,0.002,0.0049,0.0038
05.05.2009 19:00,0.0,0.0,0.0,0.0,0.0,0.0,0.0
05.05.2009 20:00,0.0,0.0,0.0,0.0,0.0,0.0,0.0
05.05.2009 21:00,0.0,0.0,0.0,0.0,0.0,0.0,0.0
05.05.2009 22:00,0.0,0.0,0.0,0.0,0.0,0.0,0.0
05.05.2009 23:00,0.0,0.0,0.0,0.0,0.0,0.0,0.0
06.05.2009 00:00,0.0,0.0,0.0,0.0,0.0,0.0,0.0
06.05.2009 01:00,0.0,0.0,0.0,0.0,0.0,0.0,0.0
06.05.2009 02:00,0.0,0.0,0.0,0.0,0.0,0.0,0.0
06.05.2009 03:00,0.0,0.0,0.0,0.0,0.0,0.0,0.0
06.05.2009 04:00,0.0,0.0,0.0,0.0,0.0,0.0,0.0
06.05.2009 05:00,0.0276,0.0175,0.0227,0.0241,0.0314,0.0288,0.0356
06.05.2009 06:00,0.1406,0.1038,0.0535,0.0397,0.0911,0.1024,0.1783
06.05.2009 07:00,0.3027,0.254,0.1182,0.0842,0.1835,0.2194,0.3572
06.05.2009 08:00,0.4306,0.3987,0.291,0.1683,0.2669,0.3397,0.5339
06.05.2009 09:00,0.5092,0.4947,0.4258,0.4745,0.3587,0.4541,0.6426
06.05.2009 10:00,0.5717,0.5643,0.5046,0.4903,0.4373,0.4938,0.7188
06.05.2009 11:00,0.6029,0.6149,0.5611,0.6718,0.5028,0.5413,0.7341
06.05.2009 12:00,0.5926,0.6246,0.6032,0.6588,0.5276,0.5593,0.7153
06.05.2009 13:00,0.571,0.6175,0.6244,0.7014,0.511,0.5276,0.568
06.05.2009 14:00,0.4878,0.5593,0.544,0.6335,0.4589,0.4712,0.3928
06.05.2009 15:00,0.3539,0.4396,0.4077,0.4699,0.3475,0.3688,0.2552
06.05.2009 16:00,0.228,0.2321,0.2593,0.2021,0.1901,0.1393,0.1373
06.05.2009 17:00,0.0736,0.0835,0.0849,0.08,0.0581,0.0579,0.0649
06.05.2009 18:00,0.0098,0.0107,0.01,0.0074,0.0037,0.0065,0.0023
06.05.2009 19:00,0.0,0.0,0.0,0.0,0.0,0.0,0.0
06.05.2009 20:00,0.0,0.0,0.0,0.0,0.0,0.0,0.0
06.05.2009 21:00,0.0,0.0,0.0,0.0,0.0,0.0,0.0
06.05.2009 22:00,0.0,0.0,0.0,0.0,0.0,0.0,0.0
06.05.2009 23:00,0.0,0.0,0.0,0.0,0.0,0.0,0.0
07.05.2009 00:00,0.0,0.0,0.0,0.0,0.0,0.0,0.0
07.05.2009 01:00,0.0,0.0,0.0,0.0,0.0,0.0,0.0
07.05.2009 02:00,0.0,0.0,0.0,0.0,0.0,0.0,0.0
07.05.2009 03:00,0.0,0.0,0.0,0.0,0.0,0.0,0.0
07.05.2009 04:00,0.0,0.0,0.0,0.0,0.0,0.0,0.0
07.05.2009 05:00,0.0296,0.0278,0.0325,0.0344,0.0418,0.0344,0.035
07.05.2009 06:00,0.1573,0.1716,0.1875,0.1979,0.1776,0.1775,0.1886
07.05.2009 07:00,0.3256,0.3694,0.4059,0.4174,0.3364,0.3566,0.3844
07.05.2009 08:00,0.4509,0.5289,0.5873,0.597,0.4599,0.5012,0.533
07.05.2009 09:00,0.5361,0.6395,0.7163,0.7207,0.5417,0.6033,0.6328
07.05.2009 10:00,0.5959,0.7122,0.7961,0.8028,0.5954,0.6656,0.7047
07.05.2009 11:00,0.6173,0.7467,0.8274,0.8326,0.6168,0.6964,0.7284
07.05.2009 12:00,0.6226,0.7512,0.8101,0.8068,0.6144,0.7006,0.6911
07.05.2009 13:00,0.5705,0.6918,0.746,0.7449,0.5665,0.6447,0.6618
07.05.2009 14:00,0.491,0.5842,0.6337,0.6328,0.4857,0.5482,0.5707
07.05.2009 15:00,0.263,0.262,0.2972,0.2987,0.2584,0.2457,0.3002
07.05.2009 16:00,0.155,0.1544,0.1677,0.1763,0.1549,0.1477,0.1755
07.05.2009 17:00,0.0781,0.085,0.0844,0.0788,0.068,0.0782,0.0744
07.05.2009 18:00,0.0105,0.0095,0.0071,0.0048,0.0044,0.0053,0.0069
07.05.2009 19:00,0.0,0.0,0.0,0.0,0.0,0.0,0.0
07.05.2009 20:00,0.0,0.0,0.0,0.0,0.0,0.0,0.0
07.05.2009 21:00,0.0,0.0,0.0,0.0,0.0,0.0,0.0
07.05.2009 22:00,0.0,0.0,0.0,0.0,0.0,0.0,0.0
07.05.2009 23:00,0.0,0.0,0.0,0.0,0.0,0.0,0.0
08.05.2009 00:00,0.0,0.0,0.0,0.0,0.0,0.0,0.0
08.05.2009 01:00,0.0,0.0,0.0,0.0,0.0,0.0,0.0
08.05.2009 02:00,0.0,0.0,0.0,0.0,0.0,0.0,0.0
08.05.2009 03:00,0.0,0.0,0.0,0.0,0.0,0.0,0.0
08.05.2009 04:00,0.0,0.0,0.0,0.0,0.0,0.0,0.0
08.05.2009 05:00,0.0174,0.0253,0.0328,0.0118,0.0287,0.0196,0.0368
08.05.2009 06:00,0.092,0.1184,0.1367,0.1044,0.1228,0.0858,0.1478
08.05.2009 07:00,0.2341,0.2821,0.3015,0.2734,0.2418,0.2072,0.1695
08.05.2009 08:00,0.3142,0.4908,0.4909,0.4606,0.3387,0.4769,0.3698
08.05.2009 09:00,0.383,0.5953,0.7051,0.6844,0.4979,0.6584,0.4594
08.05.2009 10:00,0.4931,0.6104,0.7259,0.7941,0.6212,0.7024,0.3637
08.05.2009 11:00,0.4986,0.5622,0.6376,0.7175,0.5808,0.7164,0.5359
08.05.2009 12:00,0.4144,0.4897,0.315,0.7389,0.5212,0.6135,0.5382
08.05.2009 13:00,0.348,0.2971,0.2218,0.378,0.4671,0.4516,0.4084
08.05.2009 14:00,0.1903,0.1753,0.0928,0.1963,0.3552,0.1991,0.3893
08.05.2009 15:00,0.1024,0.1764,0.3109,0.0545,0.2003,0.1244,0.2887
08.05.2009 16:00,0.0662,0.088,0.0702,0.1473,0.0691,0.1352,0.1171
08.05.2009 17:00,0.0485,0.0366,0.0336,0.0509,0.0365,0.0571,0.0425
08.05.2009 18:00,0.0084,0.0053,0.0031,0.0064,0.004,0.0081,0.0037
08.05.2009 19:00,0.0,0.0,0.0,0.0,0.0,0.0,0.0
08.05.2009 20:00,0.0,0.0,0.0,0.0,0.0,0.0,0.0
08.05.2009 21:00,0.0,0.0,0.0,0.0,0.0,0.0,0.0
08.05.2009 22:00,0.0,0.0,0.0,0.0,0.0,0.0,0.0
08.05.2009 23:00,0.0,0.0,0.0,0.0,0.0,0.0,0.0
09.05.2009 00:00,0.0,0.0,0.0,0.0,0.0,0.0,0.0
09.05.2009 01:00,0.0,0.0,0.0,0.0,0.0,0.0,0.0
09.05.2009 02:00,0.0,0.0,0.0,0.0,0.0,0.0,0.0
09.05.2009 03:00,0.0,0.0,0.0,0.0,0.0,0.0,0.0
09.05.2009 04:00,0.0,0.0,0.0,0.0,0.0,0.0,0.0
09.05.2009 05:00,0.0313,0.0328,0.0326,0.0394,0.0463,0.0412,0.0402
09.05.2009 06:00,0.1465,0.159,0.1544,0.1771,0.1814,0.1738,0.1892
09.05.2009 07:00,0.3079,0.3564,0.3108,0.3788,0.346,0.3629,0.3838
09.05.2009 08:00,0.4516,0.5265,0.5376,0.5666,0.4878,0.5231,0.5287
09.05.2009 09:00,0.4747,0.6436,0.6798,0.7208,0.5841,0.6282,0.5866
09.05.2009 10:00,0.4383,0.6119,0.7989,0.8118,0.6385,0.6661,0.4834
09.05.2009 11:00,0.5254,0.513,0.7109,0.7907,0.5701,0.5324,0.373
09.05.2009 12:00,0.4624,0.5367,0.4321,0.5806,0.4171,0.3307,0.3463
09.05.2009 13:00,0.224,0.4314,0.4851,0.2931,0.3431,0.3968,0.2508
09.05.2009 14:00,0.1802,0.1674,0.3192,0.37,0.2674,0.3022,0.18
09.05.2009 15:00,0.2468,0.1592,0.108,0.2476,0.2005,0.137,0.1054
09.05.2009 16:00,0.1589,0.1822,0.0226,0.0226,0.1072,0.0694,0.042
09.05.2009 17:00,0.0456,0.0652,0.0413,0.0102,0.0327,0.0516,0.0304
09.05.2009 18:00,0.0081,0.0055,0.0093,0.0059,0.0024,0.0061,0.0023
09.05.2009 19:00,0.0,0.0,0.0,0.0,0.0,0.0,0.0
09.05.2009 20:00,0.0,0.0,0.0,0.0,0.0,0.0,0.0
09.05.2009 21:00,0.0,0.0,0.0,0.0,0.0,0.0,0.0
09.05.2009 22:00,0.0,0.0,0.0,0.0,0.0,0.0,0.0
09.05.2009 23:00,0.0,0.0,0.0,0.0,0.0,0.0,0.0
10.05.2009 00:00,0.0,0.0,0.0,0.0,0.0,0.0,0.0
10.05.2009 01:00,0.0,0.0,0.0,0.0,0.0,0.0,0.0
10.05.2009 02:00,0.0,0.0,0.0,0.0,0.0,0.0,0.0
10.05.2009 03:00,0.0,0.0,0.0,0.0,0.0,0.0,0.0
10.05.2009 04:00,0.0,0.0,0.0,0.0,0.0,0.0,0.0
10.05.2009 05:00,0.029,0.0306,0.0252,0.0398,0.0317,0.0363,0.0322
10.05.2009 06:00,0.1384,0.1559,0.1669,0.1892,0.1535,0.1607,0.1289
10.05.2009 07:00,0.2855,0.3423,0.3703,0.3957,0.3353,0.3482,0.2586
10.05.2009 08:00,0.3808,0.48,0.5249,0.5005,0.456,0.4702,0.32
10.05.2009 09:00,0.4558,0.5592,0.6468,0.5267,0.5172,0.596,0.3885
10.05.2009 10:00,0.4894,0.5837,0.6827,0.6015,0.5372,0.6477,0.4312
10.05.2009 11:00,0.3851,0.5319,0.6058,0.7312,0.5233,0.5829,0.4643
10.05.2009 12:00,0.3003,0.3608,0.3954,0.5109,0.459,0.4547,0.4153
10.05.2009 13:00,0.2568,0.2406,0.3152,0.2693,0.327,0.2473,0.36
10.05.2009 14:00,0.1862,0.1765,0.1017,0.2455,0.2399,0.1762,0.3368
10.05.2009 15:00,0.1124,0.1455,0.0922,0.1216,0.1538,0.1013,0.2108
10.05.2009 16:00,0.0448,0.093,0.1083,0.0903,0.0868,0.0637,0.1409
10.05.2009 17:00,0.0306,0.0475,0.0683,0.0342,0.04,0.029,0.0297
10.05.2009 18:00,0.0084,0.0078,0.0062,0.002,0.0026,0.0057,0.002
10.05.2009 19:00,0.0,0.0,0.0,0.0,0.0,0.0,0.0
10.05.2009 20:00,0.0,0.0,0.0,0.0,0.0,0.0,0.0
10.05.2009 21:00,0.0,0.0,0.0,0.0,0.0,0.0,0.0
10.05.2009 22:00,0.0,0.0,0.0,0.0,0.0,0.0,0.0
10.05.2009 23:00,0.0,0.0,0.0,0.0,0.0,0.0,0.0
11.05.2009 00:00,0.0,0.0,0.0,0.0,0.0,0.0,0.0
11.05.2009 01:00,0.0,0.0,0.0,0.0,0.0,0.0,0.0
11.05.2009 02:00,0.0,0.0,0.0,0.0,0.0,0.0,0.0
11.05.2009 03:00,0.0,0.0,0.0,0.0,0.0,0.0,0.0
11.05.2009 04:00,0.0,0.0,0.0,0.0,0.0008,0.0,0.0
11.05.2009 05:00,0.0179,0.0144,0.0098,0.0337,0.0452,0.0251,0.0339
11.05.2009 06:00,0.0774,0.0996,0.0551,0.0862,0.1767,0.1092,0.1547
11.05.2009 07:00,0.1481,0.1722,0.1342,0.2237,0.3241,0.2743,0.322
11.05.2009 08:00,0.1712,0.2617,0.1372,0.2772,0.4367,0.386,0.4233
11.05.2009 09:00,0.254,0.3076,0.3307,0.355,0.5283,0.4752,0.4618
11.05.2009 10:00,0.3205,0.3145,0.3263,0.452,0.5225,0.3508,0.4737
11.05.2009 11:00,0.2394,0.4529,0.1304,0.1438,0.4934,0.3772,0.3945
11.05.2009 12:00,0.2058,0.3435,0.2501,0.1501,0.3375,0.3353,0.283
11.05.2009 13:00,0.2943,0.3504,0.2659,0.101,0.2254,0.2662,0.1838
11.05.2009 14:00,0.3327,0.3798,0.2779,0.183,0.1959,0.2191,0.1891
11.05.2009 15:00,0.2759,0.367,0.2758,0.2562,0.1689,0.3129,0.2516
11.05.2009 16:00,0.1495,0.1811,0.1956,0.2297,0.1776,0.2249,0.1997
11.05.2009 17:00,0.0541,0.075,0.0851,0.0807,0.0734,0.0766,0.0728
11.05.2009 18:00,0.0073,0.0073,0.0128,0.0122,0.0071,0.0089,0.0073
11.05.2009 19:00,0.0,0.0,0.0,0.0,0.0,0.0,0.0
11.05.2009 20:00,0.0,0.0,0.0,0.0,0.0,0.0,0.0
11.05.2009 21:00,0.0,0.0,0.0,0.0,0.0,0.0,0.0
11.05.2009 22:00,0.0,0.0,0.0,0.0,0.0,0.0,0.0
11.05.2009 23:00,0.0,0.0,0.0,0.0,0.0,0.0,0.0
12.05.2009 00:00,0.0,0.0,0.0,0.0,0.0,0.0,0.0
12.05.2009 01:00,0.0,0.0,0.0,0.0,0.0,0.0,0.0
12.05.2009 02:00,0.0,0.0,0.0,0.0,0.0,0.0,0.0
12.05.2009 03:00,0.0,0.0,0.0,0.0,0.0,0.0,0.0
12.05.2009 04:00,0.0,0.0,0.0,0.0,0.0009,0.0,0.0
12.05.2009 05:00,0.021,0.0196,0.0332,0.0204,0.0334,0.0272,0.0333
12.05.2009 06:00,0.0761,0.0911,0.0884,0.064,0.1437,0.0814,0.1648
12.05.2009 07:00,0.1624,0.2295,0.2498,0.1644,0.2628,0.2548,0.2232
12.05.2009 08:00,0.1876,0.3847,0.2218,0.4074,0.3792,0.4437,0.313
12.05.2009 09:00,0.2177,0.4137,0.435,0.4722,0.4236,0.5517,0.2601
12.05.2009 10:00,0.1793,0.3352,0.4148,0.7664,0.4644,0.6146,0.2984
12.05.2009 11:00,0.1837,0.297,0.4621,0.6502,0.4238,0.2311,0.3494
12.05.2009 12:00,0.1748,0.2171,0.4788,0.4182,0.2946,0.0941,0.4411
12.05.2009 13:00,0.191,0.1814,0.2466,0.1159,0.232,0.1255,0.4169
12.05.2009 14:00,0.2451,0.2361,0.111,0.1089,0.216,0.1631,0.353
12.05.2009 15:00,0.1716,0.1389,0.0695,0.0851,0.1603,0.1718,0.288
12.05.2009 16:00,0.1208,0.0884,0.0428,0.0229,0.091,0.0769,0.1525
12.05.2009 17:00,0.056,0.0619,0.0201,0.0249,0.0485,0.0372,0.0505
12.05.2009 18:00,0.0089,0.0082,0.0061,0.0054,0.0035,0.0061,0.0053
12.05.2009 19:00,0.0,0.0,0.0,0.0,0.0,0.0,0.0
12.05.2009 20:00,0.0,0.0,0.0,0.0,0.0,0.0,0.0
12.05.2009 21:00,0.0,0.0,0.0,0.0,0.0,0.0,0.0
12.05.2009 22:00,0.0,0.0,0.0,0.0,0.0,0.0,0.0
12.05.2009 23:00,0.0,0.0,0.0,0.0,0.0,0.0,0.0
13.05.2009 00:00,0.0,0.0,0.0,0.0,0.0,0.0,0.0
13.05.2009 01:00,0.0,0.0,0.0,0.0,0.0,0.0,0.0
13.05.2009 02:00,0.0,0.0,0.0,0.0,0.0,0.0,0.0
13.05.2009 03:00,0.0,0.0,0.0,0.0,0.0,0.0,0.0
13.05.2009 04:00,0.0,0.0,0.0,0.0,0.0006,0.0,0.0
13.05.2009 05:00,0.0312,0.0372,0.03,0.0356,0.0322,0.0354,0.0271
13.05.2009 06:00,0.0867,0.1463,0.1428,0.1155,0.1223,0.1245,0.1031
13.05.2009 07:00,0.1698,0.2962,0.299,0.2724,0.2505,0.2498,0.1872
13.05.2009 08:00,0.2595,0.3923,0.543,0.4475,0.3399,0.37,0.2994
13.05.2009 09:00,0.328,0.4046,0.6061,0.6265,0.452,0.477,0.4702
13.05.2009 10:00,0.3556,0.5047,0.5693,0.6267,0.5194,0.4672,0.3294
13.05.2009 11:00,0.274,0.4073,0.5991,0.5251,0.4855,0.5893,0.4497
13.05.2009 12:00,0.2372,0.2489,0.5094,0.5518,0.4922,0.4792,0.2707
13.05.2009 13:00,0.1825,0.166,0.3775,0.2761,0.2901,0.2176,0.3205
13.05.2009 14:00,0.1096,0.1875,0.1425,0.1923,0.1926,0.163,0.1548
13.05.2009 15:00,0.1188,0.0842,0.1389,0.1224,0.0903,0.1677,0.1704
13.05.2009 16:00,0.0966,0.1004,0.0786,0.1356,0.067,0.1133,0.183
13.05.2009 17:00,0.0578,0.0729,0.0618,0.02,0.0556,0.0692,0.0794
13.05.2009 18:00,0.0112,0.0121,0.0088,0.0046,0.0061,0.0103,0.0081
13.05.2009 19:00,0.0,0.0,0.0,0.0,0.0,0.0,0.0
13.05.2009 20:00,0.0,0.0,0.0,0.0,0.0,0.0,0.0
13.05.2009 21:00,0.0,0.0,0.0,0.0,0.0,0.0,0.0
13.05.2009 22:00,0.0,0.0,0.0,0.0,0.0,0.0,0.0
13.05.2009 23:00,0.0,0.0,0.0,0.0,0.0,0.0,0.0
14.05.2009 00:00,0.0,0.0,0.0,0.0,0.0,0.0,0.0
14.05.2009 01:00,0.0,0.0,0.0,0.0,0.0,0.0,0.0
14.05.2009 02:00,0.0,0.0,0.0,0.0,0.0,0.0,0.0
14.05.2009 03:00,0.0,0.0,0.0,0.0,0.0,0.0,0.0
14.05.2009 04:00,0.0,0.0,0.0,0.0,0.0006,0.0,0.0
14.05.2009 05:00,0.0153,0.0193,0.0177,0.0115,0.0302,0.0213,0.0175
14.05.2009 06:00,0.0636,0.0712,0.0774,0.0684,0.1152,0.0909,0.067
14.05.2009 07:00,0.1112,0.1514,0.1526,0.1984,0.2391,0.1868,0.1312
14.05.2009 08:00,0.2093,0.257,0.136,0.2659,0.3234,0.261,0.2236
14.05.2009 09:00,0.269,0.3774,0.2967,0.1947,0.3812,0.3103,0.2952
14.05.2009 10:00,0.2706,0.3361,0.4631,0.5047,0.3958,0.3934,0.2353
14.05.2009 11:00,0.2868,0.3187,0.5031,0.6986,0.4228,0.4365,0.2773
14.05.2009 12:00,0.3124,0.298,0.3866,0.5976,0.3776,0.3802,0.2873
14.05.2009 13:00,0.2998,0.2502,0.1417,0.4002,0.3282,0.3857,0.2096
14.05.2009 14:00,0.2569,0.2281,0.1131,0.1829,0.223,0.2896,0.1456
14.05.2009 15:00,0.2183,0.2051,0.1331,0.205,0.1431,0.1907,0.1376
14.05.2009 16:00,0.135,0.1392,0.1176,0.1145,0.0972,0.1589,0.1299
14.05.2009 17:00,0.0641,0.0593,0.0667,0.0723,0.0469,0.0751,0.0478
14.05.2009 18:00,0.0118,0.0106,0.0077,0.0099,0.0058,0.0104,0.0057
14.05.2009 19:00,0.0,0.0,0.0,0.0,0.0,0.0,0.0
14.05.2009 20:00,0.0,0.0,0.0,0.0,0.0,0.0,0.0
14.05.2009 21:00,0.0,0.0,0.0,0.0,0.0,0.0,0.0
14.05.2009 22:00,0.0,0.0,0.0,0.0,0.0,0.0,0.0
14.05.2009 23:00,0.0,0.0,0.0,0.0,0.0,0.0,0.0
15.05.2009 00:00,0.0,0.0,0.0,0.0,0.0,0.0,0.0
15.05.2009 01:00,0.0,0.0,0.0,0.0,0.0,0.0,0.0
15.05.2009 02:00,0.0,0.0,0.0,0.0,0.0,0.0,0.0
15.05.2009 03:00,0.0,0.0,0.0,0.0,0.0,0.0,0.0
15.05.2009 04:00,0.0,0.0,0.0,0.0004,0.0015,0.0,0.0
15.05.2009 05:00,0.0168,0.0194,0.0199,0.0274,0.0211,0.0275,0.0146
15.05.2009 06:00,0.0568,0.0489,0.0639,0.1204,0.0635,0.0756,0.0201
15.05.2009 07:00,0.1223,0.0868,0.1428,0.2111,0.1284,0.1141,0.0454
15.05.2009 08:00,0.1329,0.0993,0.1589,0.2449,0.1634,0.1782,0.0499
15.05.2009 09:00,0.134,0.1122,0.1485,0.3374,0.1856,0.1337,0.0574
15.05.2009 10:00,0.1506,0.1164,0.1436,0.2661,0.2036,0.1357,0.0829
15.05.2009 11:00,0.1531,0.095,0.1646,0.1908,0.2083,0.1469,0.0932
15.05.2009 12:00,0.1441,0.0895,0.1075,0.1609,0.1982,0.1332,0.0787
15.05.2009 13:00,0.1686,0.1065,0.0612,0.1432,0.1927,0.1362,0.0707
15.05.2009 14:00,0.1407,0.1353,0.0579,0.0806,0.176,0.1119,0.0564
15.05.2009 15:00,0.1257,0.1224,0.0796,0.0551,0.1319,0.0981,0.0548
15.05.2009 16:00,0.0848,0.077,0.0648,0.061,0.0978,0.0681,0.045
15.05.2009 17:00,0.0484,0.0465,0.041,0.0444,0.0422,0.0384,0.03
15.05.2009 18:00,0.0095,0.0115,0.0124,0.0044,0.0062,0.0084,0.0051
15.05.2009 19:00,0.0,0.0,0.0,0.0,0.0,0.0,0.0
15.05.2009 20:00,0.0,0.0,0.0,0.0,0.0,0.0,0.0
15.05.2009 21:00,0.0,0.0,0.0,0.0,0.0,0.0,0.0
15.05.2009 22:00,0.0,0.0,0.0,0.0,0.0,0.0,0.0
15.05.2009 23:00,0.0,0.0,0.0,0.0,0.0,0.0,0.0
16.05.2009 00:00,0.0,0.0,0.0,0.0,0.0,0.0,0.0
16.05.2009 01:00,0.0,0.0,0.0,0.0,0.0,0.0,0.0
16.05.2009 02:00,0.0,0.0,0.0,0.0,0.0,0.0,0.0
16.05.2009 03:00,0.0,0.0,0.0,0.0,0.0,0.0,0.0
16.05.2009 04:00,0.0,0.0,0.0,0.0005,0.0015,0.0004,0.0
16.05.2009 05:00,0.0354,0.0323,0.0234,0.03,0.0229,0.0264,0.0164
16.05.2009 06:00,0.1491,0.1435,0.0605,0.094,0.0834,0.1442,0.0651
16.05.2009 07:00,0.311,0.301,0.1633,0.2224,0.1954,0.2933,0.1615
16.05.2009 08:00,0.4483,0.4461,0.352,0.4107,0.343,0.4028,0.3066
16.05.2009 09:00,0.5602,0.5447,0.6041,0.6068,0.4596,0.5172,0.3949
16.05.2009 10:00,0.6262,0.5858,0.5991,0.6866,0.5178,0.5431,0.4004
16.05.2009 11:00,0.6745,0.6645,0.617,0.7291,0.5921,0.6364,0.4433
16.05.2009 12:00,0.6778,0.6836,0.6849,0.7132,0.5922,0.647,0.444
16.05.2009 13:00,0.6362,0.6556,0.7025,0.7134,0.5582,0.587,0.4864
16.05.2009 14:00,0.535,0.5624,0.6279,0.6374,0.504,0.5387,0.4741
16.05.2009 15:00,0.4091,0.4538,0.465,0.4831,0.3954,0.4013,0.3867
16.05.2009 16:00,0.2547,0.2836,0.2894,0.2845,0.221,0.2401,0.2349
16.05.2009 17:00,0.0933,0.0986,0.0938,0.0882,0.0786,0.0886,0.0843
16.05.2009 18:00,0.0157,0.0179,0.0164,0.016,0.0111,0.0147,0.014
16.05.2009 19:00,0.0,0.0,0.0,0.0,0.0,0.0,0.0
16.05.2009 20:00,0.0,0.0,0.0,0.0,0.0,0.0,0.0
16.05.2009 21:00,0.0,0.0,0.0,0.0,0.0,0.0,0.0
16.05.2009 22:00,0.0,0.0,0.0,0.0,0.0,0.0,0.0
16.05.2009 23:00,0.0,0.0,0.0,0.0,0.0,0.0,0.0
17.05.2009 00:00,0.0,0.0,0.0,0.0,0.0,0.0,0.0
17.05.2009 01:00,0.0,0.0,0.0,0.0,0.0,0.0,0.0
17.05.2009 02:00,0.0,0.0,0.0,0.0,0.0,0.0,0.0
17.05.2009 03:00,0.0,0.0,0.0,0.0,0.0,0.0,0.0
17.05.2009 04:00,0.0,0.0,0.0009,0.0016,0.0033,0.0014,0.0003
17.05.2009 05:00,0.0301,0.031,0.0352,0.0365,0.046,0.036,0.0366
17.05.2009 06:00,0.1658,0.1858,0.1998,0.2095,0.1869,0.189,0.1148
17.05.2009 07:00,0.3423,0.3936,0.413,0.4244,0.3486,0.3749,0.2191
17.05.2009 08:00,0.4874,0.566,0.5952,0.6014,0.4741,0.5305,0.2267
17.05.2009 09:00,0.5922,0.6913,0.7319,0.7393,0.5518,0.6656,0.3087
17.05.2009 10:00,0.5747,0.7379,0.8214,0.8285,0.5777,0.7242,0.3161
17.05.2009 11:00,0.4418,0.6789,0.8286,0.8641,0.6447,0.7241,0.3392
17.05.2009 12:00,0.3721,0.4654,0.6333,0.7574,0.633,0.5685,0.3598
17.05.2009 13:00,0.277,0.3052,0.3667,0.375,0.5502,0.3647,0.2227
17.05.2009 14:00,0.2367,0.1959,0.1102,0.1918,0.3757,0.331,0.1182
17.05.2009 15:00,0.1592,0.1548,0.1528,0.2071,0.1943,0.2378,0.1981
17.05.2009 16:00,0.1567,0.0877,0.1023,0.1893,0.1321,0.1239,0.1179
17.05.2009 17:00,0.0642,0.0446,0.0241,0.051,0.0503,0.0647,0.0558
17.05.2009 18:00,0.0137,0.0107,0.0046,0.0091,0.0095,0.0135,0.0116
17.05.2009 19:00,0.0,0.0,0.0,0.0,0.0,0.0,0.0
17.05.2009 20:00,0.0,0.0,0.0,0.0,0.0,0.0,0.0
17.05.2009 21:00,0.0,0.0,0.0,0.0,0.0,0.0,0.0
17.05.2009 22:00,0.0,0.0,0.0,0.0,0.0,0.0,0.0
17.05.2009 23:00,0.0,0.0,0.0,0.0,0.0,0.0,0.0
18.05.2009 00:00,0.0,0.0,0.0,0.0,0.0,0.0,0.0
18.05.2009 01:00,0.0,0.0,0.0,0.0,0.0,0.0,0.0
18.05.2009 02:00,0.0,0.0,0.0,0.0,0.0,0.0,0.0
18.05.2009 03:00,0.0,0.0,0.0,0.0,0.0,0.0,0.0
18.05.2009 04:00,0.0,0.0003,0.0009,0.0012,0.0033,0.0006,0.0014
18.05.2009 05:00,0.022,0.0148,0.0207,0.0168,0.0335,0.0324,0.0315
18.05.2009 06:00,0.0681,0.0538,0.0495,0.0781,0.1235,0.0914,0.139
18.05.2009 07:00,0.1016,0.0725,0.0711,0.2394,0.2688,0.1586,0.2433
18.05.2009 08:00,0.1932,0.0817,0.0811,0.172,0.3955,0.1231,0.2652
18.05.2009 09:00,0.2705,0.132,0.0728,0.0898,0.3784,0.0812,0.3943
18.05.2009 10:00,0.2513,0.1714,0.0706,0.0722,0.2842,0.0711,0.3831
18.05.2009 11:00,0.303,0.2638,0.1029,0.068,0.2753,0.1638,0.2662
18.05.2009 12:00,0.325,0.3067,0.3683,0.1724,0.2353,0.2015,0.1648
18.05.2009 13:00,0.3765,0.2864,0.4692,0.2469,0.2046,0.1161,0.0665
18.05.2009 14:00,0.3698,0.2255,0.1799,0.1217,0.1274,0.0601,0.2085
18.05.2009 15:00,0.2648,0.1919,0.1883,0.1091,0.1341,0.0526,0.168
18.05.2009 16:00,0.1674,0.1739,0.1384,0.085,0.105,0.0703,0.1528
18.05.2009 17:00,0.0654,0.0755,0.0875,0.0491,0.0475,0.0456,0.0774
18.05.2009 18:00,0.0125,0.012,0.0154,0.0127,0.0058,0.0112,0.011
18.05.2009 19:00,0.0,0.0,0.0,0.0,0.0,0.0,0.0
18.05.2009 20:00,0.0,0.0,0.0,0.0,0.0,0.0,0.0
18.05.2009 21:00,0.0,0.0,0.0,0.0,0.0,0.0,0.0
18.05.2009 22:00,0.0,0.0,0.0,0.0,0.0,0.0,0.0
18.05.2009 23:00,0.0,0.0,0.0,0.0,0.0,0.0,0.0
19.05.2009 00:00,0.0,0.0,0.0,0.0,0.0,0.0,0.0
19.05.2009 01:00,0.0,0.0,0.0,0.0,0.0,0.0,0.0
19.05.2009 02:00,0.0,0.0,0.0,0.0,0.0,0.0,0.0
19.05.2009 03:00,0.0,0.0,0.0,0.0,0.0,0.0,0.0
19.05.2009 04:00,0.0008,0.0011,0.0012,0.0022,0.0033,0.0018,0.0014
19.05.2009 05:00,0.0334,0.0343,0.0456,0.0506,0.0492,0.0418,0.0497
19.05.2009 06:00,0.1827,0.1881,0.1898,0.1804,0.1848,0.1932,0.1888
19.05.2009 07:00,0.3704,0.3935,0.3827,0.3849,0.349,0.3822,0.3172
19.05.2009 08:00,0.5133,0.559,0.5704,0.5475,0.4857,0.516,0.4586
19.05.2009 09:00,0.6089,0.6555,0.7049,0.6967,0.5006,0.5548,0.5561
19.05.2009 10:00,0.6735,0.6878,0.7939,0.7968,0.4988,0.6756,0.5555
19.05.2009 11:00,0.7077,0.7194,0.8105,0.8297,0.5073,0.6534,0.5439
19.05.2009 12:00,0.7001,0.7254,0.8106,0.791,0.4942,0.5879,0.5479
19.05.2009 13:00,0.6576,0.6813,0.744,0.7485,0.395,0.5643,0.5271
19.05.2009 14:00,0.5602,0.5815,0.6343,0.6438,0.3818,0.5373,0.4651
19.05.2009 15:00,0.4291,0.4502,0.4774,0.4764,0.3366,0.4118,0.4005
19.05.2009 16:00,0.264,0.2702,0.2911,0.2832,0.2243,0.2497,0.2523
19.05.2009 17:00,0.0978,0.0978,0.096,0.0903,0.0815,0.0869,0.0881
19.05.2009 18:00,0.0187,0.02,0.021,0.0189,0.0142,0.016,0.0169
19.05.2009 19:00,0.0,0.0,0.0,0.0,0.0,0.0,0.0
19.05.2009 20:00,0.0,0.0,0.0,0.0,0.0,0.0,0.0
19.05.2009 21:00,0.0,0.0,0.0,0.0,0.0,0.0,0.0
19.05.2009 22:00,0.0,0.0,0.0,0.0,0.0,0.0,0.0
19.05.2009 23:00,0.0,0.0,0.0,0.0,0.0,0.0,0.0
20.05.2009 00:00,0.0,0.0,0.0,0.0,0.0,0.0,0.0
20.05.2009 01:00,0.0,0.0,0.0,0.0,0.0,0.0,0.0
20.05.2009 02:00,0.0,0.0,0.0,0.0,0.0,0.0,0.0
20.05.2009 03:00,0.0,0.0,0.0,0.0,0.0,0.0,0.0
20.05.2009 04:00,0.0011,0.0014,0.0024,0.0034,0.0049,0.0028,0.0029
20.05.2009 05:00,0.0341,0.0339,0.0369,0.0404,0.0496,0.0386,0.04
20.05.2009 06:00,0.1844,0.1912,0.2012,0.2122,0.216,0.2048,0.2078
20.05.2009 07:00,0.3771,0.3983,0.4112,0.4233,0.4098,0.4072,0.4096
20.05.2009 08:00,0.5297,0.5605,0.5784,0.5921,0.5586,0.5677,0.5775
20.05.2009 09:00,0.6351,0.676,0.7007,0.7073,0.653,0.6825,0.6939
20.05.2009 10:00,0.73,0.7575,0.7803,0.7886,0.7092,0.7597,0.7658
20.05.2009 11:00,0.7546,0.7924,0.8097,0.8191,0.7314,0.7966,0.7642
20.05.2009 12:00,0.7465,0.7809,0.7854,0.791,0.7133,0.7729,0.7223
20.05.2009 13:00,0.6987,0.7168,0.7174,0.706,0.6551,0.698,0.6598
20.05.2009 14:00,0.5955,0.6262,0.6216,0.5939,0.558,0.6047,0.5583
20.05.2009 15:00,0.4569,0.4844,0.4826,0.4761,0.4241,0.4527,0.4401
20.05.2009 16:00,0.2685,0.293,0.2903,0.2827,0.2514,0.2811,0.2682
20.05.2009 17:00,0.0976,0.1012,0.0956,0.0892,0.0847,0.0915,0.0889
20.05.2009 18:00,0.0203,0.0212,0.0205,0.0179,0.0155,0.0184,0.0175
20.05.2009 19:00,0.0,0.0,0.0,0.0,0.0,0.0,0.0
20.05.2009 20:00,0.0,0.0,0.0,0.0,0.0,0.0,0.0
20.05.2009 21:00,0.0,0.0,0.0,0.0,0.0,0.0,0.0
20.05.2009 22:00,0.0,0.0,0.0,0.0,0.0,0.0,0.0
20.05.2009 23:00,0.0,0.0,0.0,0.0,0.0,0.0,0.0
21.05.2009 00:00,0.0,0.0,0.0,0.0,0.0,0.0,0.0
21.05.2009 01:00,0.0,0.0,0.0,0.0,0.0,0.0,0.0
21.05.2009 02:00,0.0,0.0,0.0,0.0,0.0,0.0,0.0
21.05.2009 03:00,0.0,0.0,0.0,0.0,0.0,0.0,0.0
21.05.2009 04:00,0.0003,0.0017,0.0017,0.0012,0.0051,0.0021,0.0014
21.05.2009 05:00,0.0308,0.0324,0.0356,0.042,0.0381,0.0343,0.0415
21.05.2009 06:00,0.0844,0.081,0.0626,0.0858,0.173,0.0833,0.1104
21.05.2009 07:00,0.1645,0.1488,0.0708,0.1572,0.3391,0.2017,0.2684
21.05.2009 08:00,0.3086,0.3368,0.3115,0.175,0.4664,0.2572,0.2417
21.05.2009 09:00,0.5421,0.6144,0.5709,0.4022,0.4216,0.396,0.1868
21.05.2009 10:00,0.6316,0.7036,0.7579,0.7246,0.4034,0.7244,0.4248
21.05.2009 11:00,0.6385,0.7962,0.8332,0.8345,0.5266,0.7816,0.4411
21.05.2009 12:00,0.4691,0.5099,0.7426,0.8129,0.6064,0.7498,0.5498
21.05.2009 13:00,0.5889,0.5472,0.2528,0.5843,0.6263,0.3559,0.4558
21.05.2009 14:00,0.5056,0.4539,0.6026,0.3594,0.4245,0.5316,0.4796
21.05.2009 15:00,0.3687,0.4522,0.3004,0.2814,0.4058,0.3792,0.3664
21.05.2009 16:00,0.2023,0.2665,0.2644,0.2758,0.2387,0.2742,0.2183
21.05.2009 17:00,0.0692,0.0966,0.1002,0.0966,0.0798,0.0919,0.0807
21.05.2009 18:00,0.0127,0.0179,0.0221,0.0207,0.0133,0.0199,0.0173
21.05.2009 19:00,0.0,0.0,0.0,0.0,0.0,0.0,0.0
21.05.2009 20:00,0.0,0.0,0.0,0.0,0.0,0.0,0.0
21.05.2009 21:00,0.0,0.0,0.0,0.0,0.0,0.0,0.0
21.05.2009 22:00,0.0,0.0,0.0,0.0,0.0,0.0,0.0
21.05.2009 23:00,0.0,0.0,0.0,0.0,0.0,0.0,0.0
22.05.2009 00:00,0.0,0.0,0.0,0.0,0.0,0.0,0.0
22.05.2009 01:00,0.0,0.0,0.0,0.0,0.0,0.0,0.0
22.05.2009 02:00,0.0,0.0,0.0,0.0,0.0,0.0,0.0
22.05.2009 03:00,0.0,0.0,0.0,0.0,0.0,0.0,0.0
22.05.2009 04:00,0.0009,0.0007,0.0006,0.0002,0.0057,0.003,0.0032
22.05.2009 05:00,0.0296,0.039,0.0478,0.0345,0.0333,0.0367,0.0487
22.05.2009 06:00,0.1347,0.1386,0.1536,0.1256,0.1278,0.1802,0.1813
22.05.2009 07:00,0.2802,0.2662,0.2841,0.2847,0.2648,0.2832,0.3968
22.05.2009 08:00,0.4568,0.3848,0.3352,0.4714,0.4864,0.3792,0.5461
22.05.2009 09:00,0.5253,0.4567,0.334,0.4488,0.5606,0.4836,0.6523
22.05.2009 10:00,0.4906,0.4659,0.3246,0.5066,0.5248,0.5311,0.7123
22.05.2009 11:00,0.5249,0.4986,0.2923,0.4045,0.5015,0.497,0.538
22.05.2009 12:00,0.5273,0.4752,0.416,0.2752,0.4251,0.4759,0.6458
22.05.2009 13:00,0.5879,0.4915,0.5625,0.622,0.4943,0.4299,0.7411
22.05.2009 14:00,0.5032,0.476,0.4481,0.4906,0.4668,0.5059,0.6295
22.05.2009 15:00,0.4129,0.4109,0.3709,0.3573,0.3349,0.4209,0.473
22.05.2009 16:00,0.2778,0.2723,0.2665,0.259,0.2236,0.2564,0.2821
22.05.2009 17:00,0.1031,0.1063,0.1036,0.094,0.0858,0.0952,0.0911
22.05.2009 18:00,0.0217,0.0229,0.0222,0.0136,0.015,0.0189,0.0192
22.05.2009 19:00,0.0,0.0,0.0,0.0,0.0,0.0,0.0
22.05.2009 20:00,0.0,0.0,0.0,0.0,0.0,0.0,0.0
22.05.2009 21:00,0.0,0.0,0.0,0.0,0.0,0.0,0.0
22.05.2009 22:00,0.0,0.0,0.0,0.0,0.0,0.0,0.0
22.05.2009 23:00,0.0,0.0,0.0,0.0,0.0,0.0,0.0
23.05.2009 00:00,0.0,0.0,0.0,0.0,0.0,0.0,0.0
23.05.2009 01:00,0.0,0.0,0.0,0.0,0.0,0.0,0.0
23.05.2009 02:00,0.0,0.0,0.0,0.0,0.0,0.0,0.0
23.05.2009 03:00,0.0,0.0,0.0,0.0,0.0,0.0,0.0
23.05.2009 04:00,0.0015,0.0018,0.0022,0.0035,0.007,0.0038,0.0039
23.05.2009 05:00,0.0393,0.0399,0.0464,0.0526,0.0509,0.0441,0.0512
23.05.2009 06:00,0.1814,0.1903,0.2004,0.2093,0.2178,0.2051,0.2011
23.05.2009 07:00,0.3789,0.3982,0.4079,0.4174,0.4184,0.4094,0.4104
23.05.2009 08:00,0.5439,0.5656,0.5811,0.5878,0.5783,0.5756,0.5772
23.05.2009 09:00,0.655,0.6853,0.7018,0.7049,0.6898,0.6922,0.695
23.05.2009 10:00,0.734,0.7701,0.7743,0.7791,0.7385,0.7732,0.781
23.05.2009 11:00,0.7422,0.8028,0.7963,0.8067,0.7882,0.8075,0.8165
23.05.2009 12:00,0.6528,0.758,0.7752,0.7868,0.7822,0.7922,0.804
23.05.2009 13:00,0.4836,0.6008,0.7218,0.7288,0.7244,0.7397,0.7376
23.05.2009 14:00,0.3734,0.4134,0.6117,0.6233,0.6114,0.6156,0.6156
23.05.2009 15:00,0.3358,0.3206,0.3901,0.4617,0.447,0.3457,0.2933
23.05.2009 16:00,0.2364,0.2124,0.201,0.2356,0.201,0.2076,0.0966
23.05.2009 17:00,0.072,0.0952,0.0929,0.0904,0.0662,0.0846,0.0837
23.05.2009 18:00,0.0167,0.021,0.0223,0.0204,0.0134,0.0133,0.0154
23.05.2009 19:00,0.0,0.0,0.0,0.0,0.0,0.0,0.0
23.05.2009 20:00,0.0,0.0,0.0,0.0,0.0,0.0,0.0
23.05.2009 21:00,0.0,0.0,0.0,0.0,0.0,0.0,0.0
23.05.2009 22:00,0.0,0.0,0.0,0.0,0.0,0.0,0.0
23.05.2009 23:00,0.0,0.0,0.0,0.0,0.0,0.0,0.0
24.05.2009 00:00,0.0,0.0,0.0,0.0,0.0,0.0,0.0
24.05.2009 01:00,0.0,0.0,0.0,0.0,0.0,0.0,0.0
24.05.2009 02:00,0.0,0.0,0.0,0.0,0.0,0.0,0.0
24.05.2009 03:00,0.0,0.0,0.0,0.0,0.0,0.0,0.0
24.05.2009 04:00,0.0031,0.0028,0.003,0.0055,0.0066,0.0044,0.0052
24.05.2009 05:00,0.04,0.0421,0.0283,0.028,0.0463,0.0453,0.0486
24.05.2009 06:00,0.1814,0.1801,0.1507,0.1125,0.1675,0.1862,0.2044
24.05.2009 07:00,0.3604,0.3716,0.3619,0.2895,0.3198,0.3703,0.4092
24.05.2009 08:00,0.5184,0.5363,0.5536,0.4889,0.4901,0.5306,0.5718
24.05.2009 09:00,0.6536,0.6708,0.6859,0.6547,0.6194,0.6844,0.6919
24.05.2009 10:00,0.7604,0.7676,0.752,0.7109,0.7026,0.7564,0.7721
24.05.2009 11:00,0.8005,0.8121,0.8079,0.8025,0.7599,0.8104,0.8068
24.05.2009 12:00,0.7863,0.7906,0.7969,0.8078,0.7081,0.784,0.7908
24.05.2009 13:00,0.6958,0.7013,0.7172,0.7399,0.5843,0.6911,0.722
24.05.2009 14:00,0.5158,0.5728,0.6089,0.6266,0.491,0.544,0.5853
24.05.2009 15:00,0.3698,0.4266,0.3864,0.4681,0.375,0.3283,0.4249
24.05.2009 16:00,0.2507,0.2621,0.2409,0.2536,0.2043,0.1134,0.2363
24.05.2009 17:00,0.0913,0.0907,0.1009,0.0858,0.0637,0.044,0.0713
24.05.2009 18:00,0.019,0.0175,0.0247,0.0206,0.0123,0.0117,0.0132
24.05.2009 19:00,0.0,0.0,0.0,0.0,0.0,0.0,0.0
24.05.2009 20:00,0.0,0.0,0.0,0.0,0.0,0.0,0.0
24.05.2009 21:00,0.0,0.0,0.0,0.0,0.0,0.0,0.0
24.05.2009 22:00,0.0,0.0,0.0,0.0,0.0,0.0,0.0
24.05.2009 23:00,0.0,0.0,0.0,0.0,0.0,0.0,0.0
25.05.2009 00:00,0.0,0.0,0.0,0.0,0.0,0.0,0.0
25.05.2009 01:00,0.0,0.0,0.0,0.0,0.0,0.0,0.0
25.05.2009 02:00,0.0,0.0,0.0,0.0,0.0,0.0,0.0
25.05.2009 03:00,0.0,0.0,0.0,0.0,0.0,0.0,0.0
25.05.2009 04:00,0.0028,0.0029,0.0047,0.006,0.0081,0.0056,0.0052
25.05.2009 05:00,0.0357,0.038,0.0458,0.0476,0.05,0.0429,0.0522
25.05.2009 06:00,0.1855,0.1904,0.1985,0.2086,0.2192,0.2047,0.2024
25.05.2009 07:00,0.3889,0.3966,0.4007,0.41,0.4242,0.4094,0.4121
25.05.2009 08:00,0.5554,0.5651,0.5697,0.5782,0.5892,0.5782,0.5826
25.05.2009 09:00,0.6769,0.685,0.6918,0.6957,0.7065,0.6994,0.7079
25.05.2009 10:00,0.7743,0.7725,0.769,0.7765,0.7826,0.7807,0.7904
25.05.2009 11:00,0.814,0.8107,0.8006,0.8096,0.8022,0.8123,0.8209
25.05.2009 12:00,0.7914,0.786,0.7822,0.7917,0.7568,0.7748,0.7961
25.05.2009 13:00,0.7155,0.7218,0.7197,0.7247,0.6966,0.7161,0.7195
25.05.2009 14:00,0.5646,0.6114,0.6151,0.6101,0.5979,0.6113,0.5937
25.05.2009 15:00,0.2757,0.4552,0.4439,0.4646,0.456,0.4245,0.4356
25.05.2009 16:00,0.1515,0.2411,0.2622,0.2722,0.2601,0.2243,0.2356
25.05.2009 17:00,0.0765,0.0814,0.1028,0.0959,0.0834,0.0808,0.0846
25.05.2009 18:00,0.0176,0.0165,0.0234,0.0186,0.0183,0.016,0.0187
25.05.2009 19:00,0.0,0.0,0.0,0.0,0.0,0.0,0.0
25.05.2009 20:00,0.0,0.0,0.0,0.0,0.0,0.0,0.0
25.05.2009 21:00,0.0,0.0,0.0,0.0,0.0,0.0,0.0
25.05.2009 22:00,0.0,0.0,0.0,0.0,0.0,0.0,0.0
25.05.2009 23:00,0.0,0.0,0.0,0.0,0.0,0.0,0.0
26.05.2009 00:00,0.0,0.0,0.0,0.0,0.0,0.0,0.0
26.05.2009 01:00,0.0,0.0,0.0,0.0,0.0,0.0,0.0
26.05.2009 02:00,0.0,0.0,0.0,0.0,0.0,0.0,0.0
26.05.2009 03:00,0.0,0.0,0.0,0.0,0.0,0.0,0.0
26.05.2009 04:00,0.0031,0.0037,0.0026,0.0037,0.0082,0.0042,0.0055
26.05.2009 05:00,0.0307,0.039,0.0378,0.0483,0.0489,0.0526,0.0495
26.05.2009 06:00,0.1066,0.1295,0.1772,0.1952,0.1972,0.1766,0.2007
26.05.2009 07:00,0.2426,0.2069,0.2167,0.3499,0.3705,0.3346,0.2958
26.05.2009 08:00,0.4803,0.4215,0.2326,0.3862,0.5034,0.1332,0.4108
26.05.2009 09:00,0.592,0.601,0.4468,0.1602,0.5538,0.4369,0.5952
26.05.2009 10:00,0.3729,0.4293,0.7218,0.7236,0.6679,0.7816,0.7521
26.05.2009 11:00,0.1265,0.163,0.6333,0.7867,0.7654,0.6661,0.809
26.05.2009 12:00,0.1601,0.0723,0.1708,0.71,0.6764,0.3008,0.7055
26.05.2009 13:00,0.1149,0.1195,0.0477,0.0536,0.4795,0.0835,0.5709
26.05.2009 14:00,0.0571,0.0525,0.0406,0.0406,0.2672,0.0491,0.2751
26.05.2009 15:00,0.0404,0.0331,0.034,0.0318,0.1579,0.0311,0.051
26.05.2009 16:00,0.025,0.0248,0.0215,0.0198,0.0568,0.02,0.04
26.05.2009 17:00,0.0142,0.0111,0.0109,0.0153,0.0234,0.0138,0.0322
26.05.2009 18:00,0.0076,0.0031,0.003,0.0049,0.0043,0.0037,0.0129
26.05.2009 19:00,0.0,0.0,0.0,0.0,0.0,0.0,0.0
26.05.2009 20:00,0.0,0.0,0.0,0.0,0.0,0.0,0.0
26.05.2009 21:00,0.0,0.0,0.0,0.0,0.0,0.0,0.0
26.05.2009 22:00,0.0,0.0,0.0,0.0,0.0,0.0,0.0
26.05.2009 23:00,0.0,0.0,0.0,0.0,0.0,0.0,0.0
27.05.2009 00:00,0.0,0.0,0.0,0.0,0.0,0.0,0.0
27.05.2009 01:00,0.0,0.0,0.0,0.0,0.0,0.0,0.0
27.05.2009 02:00,0.0,0.0,0.0,0.0,0.0,0.0,0.0
27.05.2009 03:00,0.0,0.0,0.0,0.0,0.0,0.0,0.0
27.05.2009 04:00,0.0046,0.0042,0.0071,0.008,0.0062,0.0063,0.0062
27.05.2009 05:00,0.0432,0.0375,0.0491,0.051,0.0395,0.03,0.0481
27.05.2009 06:00,0.1574,0.1141,0.1445,0.1397,0.1371,0.0676,0.1959
27.05.2009 07:00,0.3025,0.2034,0.1637,0.1573,0.2413,0.126,0.4419
27.05.2009 08:00,0.4341,0.3074,0.2675,0.1322,0.3641,0.1929,0.64
27.05.2009 09:00,0.5872,0.4114,0.2363,0.1995,0.4933,0.2623,0.7844
27.05.2009 10:00,0.6827,0.4496,0.3088,0.3089,0.5981,0.3157,0.8737
27.05.2009 11:00,0.7463,0.5218,0.536,0.7031,0.7125,0.4663,0.907
27.05.2009 12:00,0.7664,0.5738,0.5963,0.5531,0.7437,0.5743,0.8881
27.05.2009 13:00,0.7393,0.5756,0.5714,0.5417,0.6991,0.5718,0.8166
27.05.2009 14:00,0.6414,0.5177,0.5456,0.569,0.6092,0.498,0.6887
27.05.2009 15:00,0.4858,0.42,0.4541,0.4419,0.4595,0.3791,0.5137
27.05.2009 16:00,0.2938,0.2747,0.2942,0.2708,0.2642,0.2162,0.3021
27.05.2009 17:00,0.1101,0.1054,0.108,0.1023,0.0955,0.0889,0.0949
27.05.2009 18:00,0.0236,0.0247,0.0255,0.0265,0.0215,0.0243,0.0208
27.05.2009 19:00,0.0,0.0,0.0,0.0,0.0,0.0,0.0
27.05.2009 20:00,0.0,0.0,0.0,0.0,0.0,0.0,0.0
27.05.2009 21:00,0.0,0.0,0.0,0.0,0.0,0.0,0.0
27.05.2009 22:00,0.0,0.0,0.0,0.0,0.0,0.0,0.0
27.05.2009 23:00,0.0,0.0,0.0,0.0,0.0,0.0,0.0
28.05.2009 00:00,0.0,0.0,0.0,0.0,0.0,0.0,0.0
28.05.2009 01:00,0.0,0.0,0.0,0.0,0.0,0.0,0.0
28.05.2009 02:00,0.0,0.0,0.0,0.0,0.0,0.0,0.0
28.05.2009 03:00,0.0,0.0,0.0,0.0,0.0,0.0,0.0
28.05.2009 04:00,0.004,0.003,0.0007,0.0006,0.0038,0.0014,0.0066
28.05.2009 05:00,0.0489,0.0448,0.0455,0.0427,0.0437,0.0395,0.0435
28.05.2009 06:00,0.1883,0.1777,0.1698,0.1792,0.1467,0.1447,0.2181
28.05.2009 07:00,0.3982,0.384,0.3399,0.3498,0.2853,0.3406,0.4432
28.05.2009 08:00,0.5857,0.5459,0.4281,0.433,0.4153,0.4608,0.6289
28.05.2009 09:00,0.7123,0.643,0.5354,0.5629,0.5077,0.46,0.773
28.05.2009 10:00,0.7963,0.6185,0.7001,0.7907,0.51,0.408,0.8559
28.05.2009 11:00,0.8329,0.6528,0.5664,0.781,0.5646,0.5162,0.8738
28.05.2009 12:00,0.7889,0.5274,0.4814,0.5732,0.4764,0.3156,0.8487
28.05.2009 13:00,0.6558,0.3548,0.4891,0.3525,0.2935,0.1826,0.752
28.05.2009 14:00,0.5434,0.301,0.3301,0.158,0.2137,0.2093,0.6206
28.05.2009 15:00,0.4533,0.2302,0.1902,0.0644,0.1652,0.1072,0.4669
28.05.2009 16:00,0.2737,0.1359,0.1148,0.0607,0.0873,0.0605,0.2658
28.05.2009 17:00,0.1089,0.0838,0.0833,0.0494,0.0446,0.0427,0.0946
28.05.2009 18:00,0.0271,0.0262,0.0272,0.0152,0.0081,0.0166,0.021
28.05.2009 19:00,0.0,0.0,0.0,0.0,0.0,0.0,0.0
28.05.2009 20:00,0.0,0.0,0.0,0.0,0.0,0.0,0.0
28.05.2009 21:00,0.0,0.0,0.0,0.0,0.0,0.0,0.0
28.05.2009 22:00,0.0,0.0,0.0,0.0,0.0,0.0,0.0
28.05.2009 23:00,0.0,0.0,0.0,0.0,0.0,0.0,0.0
29.05.2009 00:00,0.0,0.0,0.0,0.0,0.0,0.0,0.0
29.05.2009 01:00,0.0,0.0,0.0,0.0,0.0,0.0,0.0
29.05.2009 02:00,0.0,0.0,0.0,0.0,0.0,0.0,0.0
29.05.2009 03:00,0.0,0.0,0.0,0.0,0.0,0.0,0.0
29.05.2009 04:00,0.0045,0.0044,0.0031,0.0024,0.0047,0.0038,0.0072
29.05.2009 05:00,0.0322,0.0405,0.0173,0.0469,0.0395,0.0349,0.0574
29.05.2009 06:00,0.1954,0.1595,0.1028,0.1547,0.139,0.1211,0.2119
29.05.2009 07:00,0.4132,0.3063,0.2434,0.3219,0.3054,0.2588,0.4231
29.05.2009 08:00,0.5872,0.4594,0.3498,0.5093,0.5052,0.3906,0.6184
29.05.2009 09:00,0.7325,0.5951,0.4868,0.6516,0.6608,0.5353,0.7548
29.05.2009 10:00,0.8438,0.6832,0.6598,0.7042,0.7344,0.6116,0.859
29.05.2009 11:00,0.8882,0.7684,0.768,0.8034,0.7886,0.6547,0.8999
29.05.2009 12:00,0.8779,0.7884,0.8095,0.8387,0.7787,0.6683,0.8826
29.05.2009 13:00,0.8151,0.7463,0.7964,0.8112,0.7234,0.6505,0.816
29.05.2009 14:00,0.6989,0.6558,0.6942,0.695,0.6584,0.6049,0.6954
29.05.2009 15:00,0.5297,0.5177,0.5281,0.5274,0.5189,0.5034,0.5185
29.05.2009 16:00,0.3173,0.3196,0.3228,0.3145,0.3003,0.3187,0.3073
29.05.2009 17:00,0.1137,0.115,0.1089,0.1015,0.0946,0.103,0.0972
29.05.2009 18:00,0.025,0.0255,0.0259,0.0224,0.0217,0.0224,0.0222
29.05.2009 19:00,0.0,0.0,0.0,0.0,0.0,0.0,0.0
29.05.2009 20:00,0.0,0.0,0.0,0.0,0.0,0.0,0.0
29.05.2009 21:00,0.0,0.0,0.0,0.0,0.0,0.0,0.0
29.05.2009 22:00,0.0,0.0,0.0,0.0,0.0,0.0,0.0
29.05.2009 23:00,0.0,0.0,0.0,0.0,0.0,0.0,0.0
30.05.2009 00:00,0.0,0.0,0.0,0.0,0.0,0.0,0.0
30.05.2009 01:00,0.0,0.0,0.0,0.0,0.0,0.0,0.0
30.05.2009 02:00,0.0,0.0,0.0,0.0,0.0,0.0,0.0
30.05.2009 03:00,0.0,0.0,0.0,0.0,0.0,0.0,0.0
30.05.2009 04:00,0.0053,0.0062,0.0087,0.0108,0.0111,0.0084,0.008
30.05.2009 05:00,0.0383,0.0337,0.0357,0.039,0.0424,0.0343,0.0426
30.05.2009 06:00,0.157,0.1862,0.2132,0.2238,0.2355,0.2191,0.2208
30.05.2009 07:00,0.2799,0.3561,0.4338,0.4435,0.4587,0.4427,0.4203
30.05.2009 08:00,0.3424,0.4762,0.6182,0.6247,0.6374,0.6264,0.5757
30.05.2009 09:00,0.336,0.5498,0.7544,0.7554,0.7654,0.7566,0.7021
30.05.2009 10:00,0.3219,0.602,0.8385,0.8404,0.8408,0.8025,0.5368
30.05.2009 11:00,0.3328,0.603,0.8717,0.8734,0.8534,0.7905,0.4992
30.05.2009 12:00,0.2546,0.4817,0.8464,0.8543,0.8243,0.6634,0.4301
30.05.2009 13:00,0.1931,0.3747,0.7891,0.7848,0.7247,0.5683,0.3579
30.05.2009 14:00,0.1434,0.3208,0.6706,0.6649,0.5774,0.4837,0.3838
30.05.2009 15:00,0.1349,0.269,0.499,0.5065,0.4035,0.3282,0.2508
30.05.2009 16:00,0.0874,0.1505,0.3087,0.3015,0.2266,0.189,0.1648
30.05.2009 17:00,0.0551,0.0647,0.1097,0.103,0.0842,0.0785,0.0629
30.05.2009 18:00,0.0162,0.0162,0.0276,0.0249,0.0177,0.0183,0.0193
30.05.2009 19:00,0.0,0.0,0.0,0.0,0.0,0.0,0.0
30.05.2009 20:00,0.0,0.0,0.0,0.0,0.0,0.0,0.0
30.05.2009 21:00,0.0,0.0,0.0,0.0,0.0,0.0,0.0
30.05.2009 22:00,0.0,0.0,0.0,0.0,0.0,0.0,0.0
30.05.2009 23:00,0.0,0.0,0.0,0.0,0.0,0.0,0.0
31.05.2009 00:00,0.0,0.0,0.0,0.0,0.0,0.0,0.0
31.05.2009 01:00,0.0,0.0,0.0,0.0,0.0,0.0,0.0
31.05.2009 02:00,0.0,0.0,0.0,0.0,0.0,0.0,0.0
31.05.2009 03:00,0.0,0.0,0.0,0.0,0.0,0.0,0.0
31.05.2009 04:00,0.0058,0.0056,0.0087,0.0102,0.0112,0.0076,0.0089
31.05.2009 05:00,0.0381,0.041,0.0377,0.0478,0.0538,0.0481,0.0408
31.05.2009 06:00,0.1927,0.1994,0.2078,0.2045,0.2074,0.1999,0.2185
31.05.2009 07:00,0.3942,0.406,0.3908,0.3037,0.3131,0.3819,0.4162
31.05.2009 08:00,0.5602,0.5672,0.5281,0.4783,0.4297,0.5474,0.5599
31.05.2009 09:00,0.678,0.6718,0.6442,0.4865,0.4347,0.5727,0.6117
31.05.2009 10:00,0.7537,0.6683,0.6427,0.5977,0.3536,0.4932,0.4634
31.05.2009 11:00,0.7384,0.6247,0.6966,0.6493,0.3928,0.4446,0.2983
31.05.2009 12:00,0.6597,0.5578,0.6776,0.7145,0.3592,0.4338,0.2061
31.05.2009 13:00,0.518,0.5023,0.6732,0.7045,0.3086,0.4389,0.15
31.05.2009 14:00,0.4804,0.4573,0.6208,0.6212,0.3084,0.4282,0.168
31.05.2009 15:00,0.3573,0.4111,0.48,0.4824,0.2477,0.3029,0.1042
31.05.2009 16:00,0.2151,0.269,0.3055,0.2964,0.1652,0.1983,0.0691
31.05.2009 17:00,0.0877,0.1063,0.111,0.1046,0.0693,0.0875,0.0298
31.05.2009 18:00,0.0186,0.0247,0.0248,0.0237,0.0151,0.0234,0.0072
31.05.2009 19:00,0.0,0.0,0.0,0.0,0.0,0.0,0.0
31.05.2009 20:00,0.0,0.0,0.0,0.0,0.0,0.0,0.0
31.05.2009 21:00,0.0,0.0,0.0,0.0,0.0,0.0,0.0
31.05.2009 22:00,0.0,0.0,0.0,0.0,0.0,0.0,0.0
31.05.2009 23:00,0.0,0.0,0.0,0.0,0.0,0.0,0.0
01.06.2009 00:00,0.0,0.0,0.0,0.0,0.0,0.0,0.0
01.06.2009 01:00,0.0,0.0,0.0,0.0,0.0,0.0,0.0
01.06.2009 02:00,0.0,0.0,0.0,0.0,0.0,0.0,0.0
01.06.2009 03:00,0.0,0.0,0.0,0.0,0.0,0.0,0.0
01.06.2009 04:00,0.004,0.0056,0.0063,0.0102,0.0118,0.0082,0.0088
01.06.2009 05:00,0.0444,0.0445,0.0506,0.0408,0.0534,0.045,0.049
01.06.2009 06:00,0.1757,0.179,0.173,0.2181,0.2262,0.2115,0.2144
01.06.2009 07:00,0.3084,0.339,0.3987,0.4305,0.4215,0.414,0.4169
01.06.2009 08:00,0.427,0.5186,0.5934,0.6016,0.5718,0.5881,0.5753
01.06.2009 09:00,0.5283,0.683,0.7135,0.7008,0.6807,0.7186,0.7021
01.06.2009 10:00,0.6528,0.7313,0.702,0.757,0.6959,0.7087,0.7768
01.06.2009 11:00,0.7164,0.6748,0.5622,0.5753,0.6102,0.4849,0.7946
01.06.2009 12:00,0.6959,0.5138,0.5045,0.5491,0.501,0.3333,0.7602
01.06.2009 13:00,0.62,0.41,0.294,0.3121,0.3689,0.2272,0.6754
01.06.2009 14:00,0.5285,0.3126,0.2737,0.3479,0.2571,0.1248,0.5024
01.06.2009 15:00,0.3919,0.2047,0.2566,0.2918,0.1955,0.0878,0.2816
01.06.2009 16:00,0.2359,0.131,0.1514,0.2382,0.1566,0.0861,0.1245
01.06.2009 17:00,0.0963,0.079,0.1078,0.105,0.0851,0.0622,0.0806
01.06.2009 18:00,0.0212,0.0242,0.0305,0.0288,0.0198,0.0144,0.023
01.06.2009 19:00,0.0,0.0,0.0,0.0,0.0,0.0,0.0
01.06.2009 20:00,0.0,0.0,0.0,0.0,0.0,0.0,0.0
01.06.2009 21:00,0.0,0.0,0.0,0.0,0.0,0.0,0.0
01.06.2009 22:00,0.0,0.0,0.0,0.0,0.0,0.0,0.0
01.06.2009 23:00,0.0,0.0,0.0,0.0,0.0,0.0,0.0
02.06.2009 00:00,0.0,0.0,0.0,0.0,0.0,0.0,0.0
02.06.2009 01:00,0.0,0.0,0.0,0.0,0.0,0.0,0.0
02.06.2009 02:00,0.0,0.0,0.0,0.0,0.0,0.0,0.0
02.06.2009 03:00,0.0,0.0,0.0,0.0,0.0,0.0,0.0
02.06.2009 04:00,0.0051,0.007,0.0094,0.0117,0.011,0.0096,0.0097
02.06.2009 05:00,0.0414,0.0402,0.042,0.0528,0.0605,0.0476,0.044
02.06.2009 06:00,0.189,0.1962,0.2078,0.2182,0.2205,0.2099,0.2161
02.06.2009 07:00,0.3794,0.4023,0.4198,0.4292,0.3955,0.4157,0.4244
02.06.2009 08:00,0.5411,0.5808,0.6035,0.6087,0.4978,0.5847,0.5942
02.06.2009 09:00,0.6701,0.711,0.7437,0.7301,0.5311,0.678,0.727
02.06.2009 10:00,0.7433,0.7634,0.7714,0.6701,0.5182,0.4943,0.8125
02.06.2009 11:00,0.77,0.7121,0.7205,0.8239,0.5651,0.414,0.8328
02.06.2009 12:00,0.7165,0.6323,0.8066,0.8052,0.4562,0.4246,0.8018
02.06.2009 13:00,0.6354,0.5256,0.5725,0.4613,0.412,0.4751,0.6841
02.06.2009 14:00,0.545,0.455,0.4722,0.612,0.3734,0.3947,0.573
02.06.2009 15:00,0.4151,0.3797,0.4598,0.4653,0.3126,0.37,0.4412
02.06.2009 16:00,0.2523,0.2738,0.2572,0.2611,0.1344,0.2463,0.2915
02.06.2009 17:00,0.1128,0.1156,0.1065,0.086,0.0589,0.0867,0.0999
02.06.2009 18:00,0.0288,0.0293,0.026,0.0183,0.0162,0.0183,0.0234
02.06.2009 19:00,0.0,0.0,0.0,0.0,0.0,0.0,0.0
02.06.2009 20:00,0.0,0.0,0.0,0.0,0.0,0.0,0.0
02.06.2009 21:00,0.0,0.0,0.0,0.0,0.0,0.0,0.0
02.06.2009 22:00,0.0,0.0,0.0,0.0,0.0,0.0,0.0
02.06.2009 23:00,0.0,0.0,0.0,0.0,0.0,0.0,0.0
03.06.2009 00:00,0.0,0.0,0.0,0.0,0.0,0.0,0.0
03.06.2009 01:00,0.0,0.0,0.0,0.0,0.0,0.0,0.0
03.06.2009 02:00,0.0,0.0,0.0,0.0,0.0,0.0,0.0
03.06.2009 03:00,0.0,0.0,0.0,0.0,0.0,0.0,0.0
03.06.2009 04:00,0.0051,0.005,0.0097,0.0109,0.0069,0.003,0.008
03.06.2009 05:00,0.0399,0.046,0.0431,0.0532,0.0422,0.0494,0.0373
03.06.2009 06:00,0.1732,0.187,0.2056,0.2126,0.1566,0.2068,0.1224
03.06.2009 07:00,0.3618,0.3974,0.3934,0.3994,0.3513,0.3971,0.3458
03.06.2009 08:00,0.549,0.5673,0.5818,0.5797,0.5078,0.5465,0.5868
03.06.2009 09:00,0.678,0.6951,0.7238,0.7064,0.6288,0.671,0.724
03.06.2009 10:00,0.7602,0.7584,0.7938,0.7797,0.6568,0.6773,0.8114
03.06.2009 11:00,0.7971,0.7874,0.8386,0.7235,0.6161,0.6177,0.8452
03.06.2009 12:00,0.7712,0.7478,0.8338,0.6623,0.5004,0.6028,0.7994
03.06.2009 13:00,0.6991,0.6727,0.7547,0.6324,0.4203,0.5621,0.7109
03.06.2009 14:00,0.5904,0.5796,0.6368,0.5951,0.3957,0.4809,0.61
03.06.2009 15:00,0.4449,0.4486,0.4822,0.4393,0.3048,0.3309,0.4592
03.06.2009 16:00,0.27,0.2735,0.2932,0.2995,0.2087,0.2198,0.2716
03.06.2009 17:00,0.1129,0.1123,0.1145,0.109,0.0917,0.0921,0.1052
03.06.2009 18:00,0.0296,0.0291,0.0328,0.031,0.0216,0.0201,0.0284
03.06.2009 19:00,0.0,0.0,0.0,0.0,0.0,0.0,0.0
03.06.2009 20:00,0.0,0.0,0.0,0.0,0.0,0.0,0.0
03.06.2009 21:00,0.0,0.0,0.0,0.0,0.0,0.0,0.0
03.06.2009 22:00,0.0,0.0,0.0,0.0,0.0,0.0,0.0
03.06.2009 23:00,0.0,0.0,0.0,0.0,0.0,0.0,0.0
04.06.2009 00:00,0.0,0.0,0.0,0.0,0.0,0.0,0.0
04.06.2009 01:00,0.0,0.0,0.0,0.0,0.0,0.0,0.0
04.06.2009 02:00,0.0,0.0,0.0,0.0,0.0,0.0,0.0
04.06.2009 03:00,0.0,0.0,0.0,0.0,0.0,0.0,0.0
04.06.2009 04:00,0.0048,0.0047,0.0033,0.0033,0.006,0.0043,0.0075
04.06.2009 05:00,0.0477,0.0408,0.0434,0.0221,0.0359,0.021,0.0525
04.06.2009 06:00,0.1726,0.1493,0.1557,0.115,0.1151,0.0605,0.1683
04.06.2009 07:00,0.3376,0.3052,0.3649,0.2335,0.233,0.1437,0.3913
04.06.2009 08:00,0.4856,0.4537,0.5709,0.4057,0.3078,0.2299,0.5352
04.06.2009 09:00,0.5857,0.587,0.7335,0.6796,0.4465,0.3872,0.6434
04.06.2009 10:00,0.6816,0.6862,0.82,0.7751,0.5919,0.5294,0.7197
04.06.2009 11:00,0.7505,0.7657,0.8608,0.8346,0.6896,0.682,0.7786
04.06.2009 12:00,0.7471,0.7806,0.8507,0.8213,0.7179,0.7075,0.7184
04.06.2009 13:00,0.7105,0.7224,0.7918,0.7694,0.6687,0.6374,0.6664
04.06.2009 14:00,0.6148,0.6287,0.6703,0.668,0.5894,0.5537,0.6012
04.06.2009 15:00,0.4775,0.4909,0.5127,0.5052,0.452,0.4082,0.4612
04.06.2009 16:00,0.3062,0.3111,0.3183,0.3114,0.276,0.2535,0.294
04.06.2009 17:00,0.1216,0.1214,0.1163,0.1098,0.1032,0.1083,0.1053
04.06.2009 18:00,0.0304,0.0318,0.033,0.0312,0.0261,0.0278,0.027
04.06.2009 19:00,0.0,0.0,0.0,0.0,0.0,0.0,0.0
04.06.2009 20:00,0.0,0.0,0.0,0.0,0.0,0.0,0.0
04.06.2009 21:00,0.0,0.0,0.0,0.0,0.0,0.0,0.0
04.06.2009 22:00,0.0,0.0,0.0,0.0,0.0,0.0,0.0
04.06.2009 23:00,0.0,0.0,0.0,0.0,0.0,0.0,0.0
05.06.2009 00:00,0.0,0.0,0.0,0.0,0.0,0.0,0.0
05.06.2009 01:00,0.0,0.0,0.0,0.0,0.0,0.0,0.0
05.06.2009 02:00,0.0,0.0,0.0,0.0,0.0,0.0,0.0
05.06.2009 03:00,0.0,0.0,0.0,0.0,0.0,0.0,0.0
05.06.2009 04:00,0.0054,0.0052,0.0066,0.0081,0.0094,0.0085,0.003
05.06.2009 05:00,0.045,0.0538,0.0574,0.0661,0.0566,0.0619,0.0495
05.06.2009 06:00,0.1855,0.1841,0.1856,0.2064,0.1684,0.2072,0.108
05.06.2009 07:00,0.375,0.3743,0.3823,0.388,0.3046,0.3787,0.2163
05.06.2009 08:00,0.5286,0.5321,0.5628,0.5748,0.4516,0.5575,0.3644
05.06.2009 09:00,0.6504,0.6469,0.6268,0.6884,0.5759,0.6444,0.4892
05.06.2009 10:00,0.6872,0.7527,0.6614,0.6948,0.6656,0.7715,0.5005
05.06.2009 11:00,0.6206,0.7642,0.8071,0.8124,0.7036,0.8111,0.4694
05.06.2009 12:00,0.4988,0.7036,0.7949,0.8156,0.6808,0.7824,0.4379
05.06.2009 13:00,0.2049,0.4107,0.729,0.7582,0.6036,0.6551,0.3024
05.06.2009 14:00,0.1141,0.1966,0.4814,0.5609,0.3265,0.3651,0.0873
05.06.2009 15:00,0.1103,0.1229,0.2174,0.3021,0.1901,0.121,0.0647
05.06.2009 16:00,0.0728,0.0822,0.1106,0.1641,0.098,0.0946,0.0495
05.06.2009 17:00,0.0515,0.0497,0.0339,0.0645,0.0492,0.0387,0.023
05.06.2009 18:00,0.0173,0.0169,0.0098,0.0167,0.0137,0.0124,0.0128
05.06.2009 19:00,0.0,0.0,0.0,0.0,0.0,0.0,0.0
05.06.2009 20:00,0.0,0.0,0.0,0.0,0.0,0.0,0.0
05.06.2009 21:00,0.0,0.0,0.0,0.0,0.0,0.0,0.0
05.06.2009 22:00,0.0,0.0,0.0,0.0,0.0,0.0,0.0
05.06.2009 23:00,0.0,0.0,0.0,0.0,0.0,0.0,0.0
06.06.2009 00:00,0.0,0.0,0.0,0.0,0.0,0.0,0.0
06.06.2009 01:00,0.0,0.0,0.0,0.0,0.0,0.0,0.0
06.06.2009 02:00,0.0,0.0,0.0,0.0,0.0,0.0,0.0
06.06.2009 03:00,0.0,0.0,0.0,0.0,0.0,0.0,0.0
06.06.2009 04:00,0.0047,0.005,0.0021,0.0016,0.0081,0.0022,0.0066
06.06.2009 05:00,0.0233,0.0224,0.0149,0.0188,0.0223,0.016,0.0282
06.06.2009 06:00,0.1009,0.0672,0.0519,0.0262,0.0426,0.023,0.0203
06.06.2009 07:00,0.2202,0.1969,0.1083,0.032,0.0612,0.0415,0.0314
06.06.2009 08:00,0.2729,0.2615,0.1392,0.0395,0.0683,0.1088,0.0622
06.06.2009 09:00,0.2809,0.2446,0.2281,0.1064,0.0714,0.1321,0.1038
06.06.2009 10:00,0.314,0.2496,0.2709,0.2543,0.0841,0.1347,0.0988
06.06.2009 11:00,0.3381,0.3635,0.2433,0.1188,0.075,0.1081,0.1655
06.06.2009 12:00,0.334,0.4562,0.3654,0.0867,0.0682,0.1355,0.1125
06.06.2009 13:00,0.1839,0.3846,0.4178,0.2353,0.0887,0.16,0.0654
06.06.2009 14:00,0.2407,0.1796,0.3196,0.3063,0.0575,0.0776,0.0428
06.06.2009 15:00,0.1706,0.2438,0.1186,0.038,0.036,0.0547,0.1116
06.06.2009 16:00,0.1064,0.1478,0.0891,0.025,0.0357,0.0905,0.0647
06.06.2009 17:00,0.0607,0.0879,0.0748,0.0268,0.0221,0.0574,0.0149
06.06.2009 18:00,0.02,0.0136,0.0259,0.0202,0.0051,0.0124,0.015
06.06.2009 19:00,0.0,0.0,0.0,0.0,0.0,0.0,0.0
06.06.2009 20:00,0.0,0.0,0.0,0.0,0.0,0.0,0.0
06.06.2009 21:00,0.0,0.0,0.0,0.0,0.0,0.0,0.0
06.06.2009 22:00,0.0,0.0,0.0,0.0,0.0,0.0,0.0
06.06.2009 23:00,0.0,0.0,0.0,0.0,0.0,0.0,0.0
07.06.2009 00:00,0.0,0.0,0.0,0.0,0.0,0.0,0.0
07.06.2009 01:00,0.0,0.0,0.0,0.0,0.0,0.0,0.0
07.06.2009 02:00,0.0,0.0,0.0,0.0,0.0,0.0,0.0
07.06.2009 03:00,0.0,0.0,0.0,0.0,0.0,0.0,0.0
07.06.2009 04:00,0.005,0.0062,0.0093,0.0099,0.0083,0.0083,0.0093
07.06.2009 05:00,0.0466,0.0477,0.05,0.0588,0.0529,0.0499,0.0637
07.06.2009 06:00,0.1746,0.1905,0.2062,0.1777,0.1427,0.1968,0.1877
07.06.2009 07:00,0.3147,0.3748,0.4207,0.4308,0.2871,0.3972,0.3052
07.06.2009 08:00,0.359,0.4466,0.5905,0.5901,0.3921,0.5796,0.4041
07.06.2009 09:00,0.4164,0.4013,0.5633,0.7502,0.4776,0.686,0.5121
07.06.2009 10:00,0.3491,0.4646,0.5828,0.7528,0.5068,0.464,0.5162
07.06.2009 11:00,0.3501,0.4645,0.6871,0.5128,0.4942,0.5462,0.507
07.06.2009 12:00,0.4042,0.4936,0.6093,0.5712,0.4951,0.4566,0.405
07.06.2009 13:00,0.4129,0.4564,0.7162,0.5654,0.4144,0.3467,0.2491
07.06.2009 14:00,0.3413,0.4358,0.5956,0.3982,0.3771,0.2826,0.2365
07.06.2009 15:00,0.2419,0.2623,0.3991,0.161,0.2535,0.2457,0.2525
07.06.2009 16:00,0.1766,0.1703,0.1716,0.0862,0.1351,0.1436,0.1937
07.06.2009 17:00,0.0994,0.0886,0.0999,0.0802,0.0706,0.0637,0.0848
07.06.2009 18:00,0.0296,0.0316,0.031,0.0203,0.0203,0.0192,0.0204
07.06.2009 19:00,0.0,0.0,0.0,0.0,0.0,0.0,0.0
07.06.2009 20:00,0.0,0.0,0.0,0.0,0.0,0.0,0.0
07.06.2009 21:00,0.0,0.0,0.0,0.0,0.0,0.0,0.0
07.06.2009 22:00,0.0,0.0,0.0,0.0,0.0,0.0,0.0
07.06.2009 23:00,0.0,0.0,0.0,0.0,0.0,0.0,0.0
08.06.2009 00:00,0.0,0.0,0.0,0.0,0.0,0.0,0.0
08.06.2009 01:00,0.0,0.0,0.0,0.0,0.0,0.0,0.0
08.06.2009 02:00,0.0,0.0,0.0,0.0,0.0,0.0,0.0
08.06.2009 03:00,0.0,0.0,0.0,0.0,0.0,0.0,0.0
08.06.2009 04:00,0.0034,0.0048,0.0039,0.0102,0.0102,0.0082,0.0083
08.06.2009 05:00,0.0344,0.0474,0.0529,0.0603,0.0492,0.0516,0.0508
08.06.2009 06:00,0.1281,0.1754,0.2012,0.216,0.1427,0.192,0.1188
08.06.2009 07:00,0.2378,0.3648,0.4093,0.4194,0.2335,0.3444,0.1467
08.06.2009 08:00,0.2442,0.4535,0.5841,0.5924,0.2526,0.4211,0.1088
08.06.2009 09:00,0.4234,0.55,0.6703,0.5545,0.2153,0.4096,0.1001
08.06.2009 10:00,0.4807,0.5408,0.6761,0.5997,0.2802,0.5131,0.1248
08.06.2009 11:00,0.4119,0.5476,0.6436,0.5658,0.3234,0.3902,0.1799
08.06.2009 12:00,0.2879,0.3363,0.5112,0.4937,0.291,0.3402,0.1423
08.06.2009 13:00,0.1744,0.2232,0.3215,0.43,0.2789,0.2446,0.1014
08.06.2009 14:00,0.1372,0.1774,0.161,0.2159,0.2001,0.2349,0.0932
08.06.2009 15:00,0.1179,0.1095,0.1182,0.1561,0.1441,0.1298,0.065
08.06.2009 16:00,0.0493,0.0683,0.1025,0.0894,0.079,0.0666,0.036
08.06.2009 17:00,0.0294,0.0253,0.037,0.029,0.0491,0.0265,0.0202
08.06.2009 18:00,0.0093,0.0089,0.0046,0.0104,0.0127,0.0136,0.0044
08.06.2009 19:00,0.0,0.0,0.0,0.0,0.0,0.0,0.0
08.06.2009 20:00,0.0,0.0,0.0,0.0,0.0,0.0,0.0
08.06.2009 21:00,0.0,0.0,0.0,0.0,0.0,0.0,0.0
08.06.2009 22:00,0.0,0.0,0.0,0.0,0.0,0.0,0.0
08.06.2009 23:00,0.0,0.0,0.0,0.0,0.0,0.0,0.0
09.06.2009 00:00,0.0,0.0,0.0,0.0,0.0,0.0,0.0
09.06.2009 01:00,0.0,0.0,0.0,0.0,0.0,0.0,0.0
09.06.2009 02:00,0.0,0.0,0.0,0.0,0.0,0.0,0.0
09.06.2009 03:00,0.0,0.0,0.0,0.0,0.0,0.0,0.0
09.06.2009 04:00,0.0044,0.0037,0.001,0.0007,0.0071,0.0032,0.0065
09.06.2009 05:00,0.0201,0.0256,0.0067,0.0062,0.0299,0.0139,0.0117
09.06.2009 06:00,0.087,0.0667,0.0712,0.0365,0.0654,0.0438,0.0279
09.06.2009 07:00,0.2058,0.2777,0.1466,0.0449,0.1088,0.0605,0.0535
09.06.2009 08:00,0.357,0.4459,0.4908,0.066,0.1268,0.1762,0.0561
09.06.2009 09:00,0.5031,0.5966,0.6134,0.3941,0.1884,0.296,0.0738
09.06.2009 10:00,0.5495,0.6527,0.6976,0.5248,0.1781,0.3611,0.077
09.06.2009 11:00,0.4892,0.6234,0.7332,0.659,0.1778,0.4102,0.0991
09.06.2009 12:00,0.4764,0.5846,0.7253,0.6678,0.1936,0.3877,0.069
09.06.2009 13:00,0.5027,0.5426,0.7424,0.6893,0.1994,0.4058,0.0629
09.06.2009 14:00,0.4311,0.4749,0.4557,0.5448,0.1825,0.3713,0.1256
09.06.2009 15:00,0.3268,0.3444,0.3142,0.232,0.1494,0.2122,0.2074
09.06.2009 16:00,0.2165,0.2093,0.1524,0.0908,0.1291,0.1436,0.1819
09.06.2009 17:00,0.0885,0.1053,0.1003,0.0403,0.0844,0.0805,0.0854
09.06.2009 18:00,0.0199,0.026,0.0288,0.0189,0.0234,0.0202,0.0084
09.06.2009 19:00,0.0,0.0,0.0,0.0,0.0,0.0,0.0
09.06.2009 20:00,0.0,0.0,0.0,0.0,0.0,0.0,0.0
09.06.2009 21:00,0.0,0.0,0.0,0.0,0.0,0.0,0.0
09.06.2009 22:00,0.0,0.0,0.0,0.0,0.0,0.0,0.0
09.06.2009 23:00,0.0,0.0,0.0,0.0,0.0,0.0,0.0
10.06.2009 00:00,0.0,0.0,0.0,0.0,0.0,0.0,0.0
10.06.2009 01:00,0.0,0.0,0.0,0.0,0.0,0.0,0.0
10.06.2009 02:00,0.0,0.0,0.0,0.0,0.0,0.0,0.0
10.06.2009 03:00,0.0,0.0,0.0,0.0,0.0,0.0,0.0
10.06.2009 04:00,0.0044,0.0063,0.0095,0.0104,0.0096,0.0083,0.0105
10.06.2009 05:00,0.0471,0.0518,0.0382,0.0605,0.0574,0.0542,0.0606
10.06.2009 06:00,0.1467,0.1586,0.1847,0.201,0.1738,0.152,0.1915
10.06.2009 07:00,0.3375,0.382,0.3779,0.2519,0.251,0.2952,0.2513
10.06.2009 08:00,0.5396,0.5636,0.55,0.5691,0.3251,0.5394,0.3806
10.06.2009 09:00,0.6659,0.6958,0.7123,0.7011,0.5293,0.6952,0.5788
10.06.2009 10:00,0.7368,0.7656,0.8075,0.8197,0.6752,0.7547,0.6869
10.06.2009 11:00,0.7551,0.7609,0.8262,0.8503,0.7234,0.764,0.699
10.06.2009 12:00,0.6891,0.7372,0.8101,0.832,0.7176,0.7212,0.678
10.06.2009 13:00,0.5513,0.6076,0.7374,0.7554,0.6472,0.6302,0.5596
10.06.2009 14:00,0.5486,0.4737,0.5481,0.6049,0.5408,0.494,0.4381
10.06.2009 15:00,0.4129,0.4255,0.3034,0.3924,0.3286,0.3411,0.2748
10.06.2009 16:00,0.2055,0.22,0.215,0.2547,0.1864,0.2587,0.2185
10.06.2009 17:00,0.0844,0.0728,0.0656,0.0912,0.0886,0.0968,0.0954
10.06.2009 18:00,0.0305,0.0271,0.0182,0.0274,0.0228,0.0221,0.0279
10.06.2009 19:00,0.0,0.0,0.0,0.0,0.0,0.0,0.0
10.06.2009 20:00,0.0,0.0,0.0,0.0,0.0,0.0,0.0
10.06.2009 21:00,0.0,0.0,0.0,0.0,0.0,0.0,0.0
10.06.2009 22:00,0.0,0.0,0.0,0.0,0.0,0.0,0.0
10.06.2009 23:00,0.0,0.0,0.0,0.0,0.0,0.0,0.0
11.06.2009 00:00,0.0,0.0,0.0,0.0,0.0,0.0,0.0
11.06.2009 01:00,0.0,0.0,0.0,0.0,0.0,0.0,0.0
11.06.2009 02:00,0.0,0.0,0.0,0.0,0.0,0.0,0.0
11.06.2009 03:00,0.0,0.0,0.0,0.0,0.0,0.0,0.0
11.06.2009 04:00,0.0038,0.0057,0.0047,0.0047,0.0075,0.0047,0.0052
11.06.2009 05:00,0.0319,0.0368,0.0479,0.0373,0.0389,0.0306,0.0443
11.06.2009 06:00,0.0857,0.0968,0.134,0.1207,0.1153,0.1057,0.1443
11.06.2009 07:00,0.1511,0.1896,0.288,0.2201,0.2314,0.1847,0.276
11.06.2009 08:00,0.2848,0.3247,0.3792,0.3721,0.356,0.2832,0.4224
11.06.2009 09:00,0.428,0.393,0.5465,0.4708,0.4524,0.3846,0.5362
11.06.2009 10:00,0.526,0.4392,0.6408,0.506,0.4876,0.329,0.6439
11.06.2009 11:00,0.5973,0.4939,0.7629,0.6426,0.5254,0.3368,0.6659
11.06.2009 12:00,0.6116,0.5183,0.7892,0.6455,0.5078,0.3488,0.7227
11.06.2009 13:00,0.6012,0.506,0.679,0.5858,0.4839,0.3616,0.7286
11.06.2009 14:00,0.536,0.4827,0.6122,0.5704,0.458,0.3497,0.6396
11.06.2009 15:00,0.4368,0.4145,0.4537,0.4176,0.3886,0.3175,0.4873
11.06.2009 16:00,0.2978,0.2733,0.2851,0.2794,0.2476,0.2036,0.3066
11.06.2009 17:00,0.1256,0.1238,0.1222,0.1186,0.1014,0.0897,0.1092
11.06.2009 18:00,0.0322,0.0344,0.0352,0.0331,0.0259,0.0251,0.0282
11.06.2009 19:00,0.0,0.0,0.0,0.0,0.0,0.0,0.0
11.06.2009 20:00,0.0,0.0,0.0,0.0,0.0,0.0,0.0
11.06.2009 21:00,0.0,0.0,0.0,0.0,0.0,0.0,0.0
11.06.2009 22:00,0.0,0.0,0.0,0.0,0.0,0.0,0.0
11.06.2009 23:00,0.0,0.0,0.0,0.0,0.0,0.0,0.0
12.06.2009 00:00,0.0,0.0,0.0,0.0,0.0,0.0,0.0
12.06.2009 01:00,0.0,0.0,0.0,0.0,0.0,0.0,0.0
12.06.2009 02:00,0.0,0.0,0.0,0.0,0.0,0.0,0.0
12.06.2009 03:00,0.0,0.0,0.0,0.0,0.0,0.0,0.0
12.06.2009 04:00,0.0067,0.0089,0.0103,0.0058,0.0109,0.0096,0.0115
12.06.2009 05:00,0.0437,0.0429,0.0547,0.0567,0.0619,0.0573,0.0414
12.06.2009 06:00,0.1846,0.1886,0.206,0.1951,0.2141,0.1941,0.2153
12.06.2009 07:00,0.3791,0.374,0.3754,0.3671,0.3976,0.3688,0.4267
12.06.2009 08:00,0.5395,0.5374,0.4211,0.4654,0.5682,0.5041,0.5999
12.06.2009 09:00,0.662,0.6557,0.6896,0.6801,0.7129,0.6911,0.7372
12.06.2009 10:00,0.6746,0.7051,0.7888,0.7682,0.7968,0.7511,0.8203
12.06.2009 11:00,0.7806,0.7385,0.8237,0.8171,0.8178,0.773,0.8425
12.06.2009 12:00,0.7678,0.7119,0.7351,0.8171,0.8008,0.7636,0.8225
12.06.2009 13:00,0.6522,0.6442,0.5816,0.5274,0.658,0.5117,0.7647
12.06.2009 14:00,0.518,0.4886,0.4195,0.512,0.467,0.3957,0.6366
12.06.2009 15:00,0.3856,0.273,0.1864,0.2345,0.3209,0.2451,0.4319
12.06.2009 16:00,0.2487,0.1879,0.1238,0.1595,0.1541,0.1271,0.2728
12.06.2009 17:00,0.1087,0.0886,0.0947,0.0853,0.0676,0.0635,0.1049
12.06.2009 18:00,0.0303,0.0292,0.0236,0.0246,0.0167,0.017,0.0272
12.06.2009 19:00,0.0,0.0,0.0,0.0,0.0,0.0,0.0
12.06.2009 20:00,0.0,0.0,0.0,0.0,0.0,0.0,0.0
12.06.2009 21:00,0.0,0.0,0.0,0.0,0.0,0.0,0.0
12.06.2009 22:00,0.0,0.0,0.0,0.0,0.0,0.0,0.0
12.06.2009 23:00,0.0,0.0,0.0,0.0,0.0,0.0,0.0
13.06.2009 00:00,0.0,0.0,0.0,0.0,0.0,0.0,0.0
13.06.2009 01:00,0.0,0.0,0.0,0.0,0.0,0.0,0.0
13.06.2009 02:00,0.0,0.0,0.0,0.0,0.0,0.0,0.0
13.06.2009 03:00,0.0,0.0,0.0,0.0,0.0,0.0,0.0
13.06.2009 04:00,0.0073,0.0091,0.0115,0.0127,0.0115,0.0105,0.0114
13.06.2009 05:00,0.0334,0.0327,0.0342,0.0407,0.0587,0.0472,0.0404
13.06.2009 06:00,0.1876,0.193,0.2034,0.2134,0.2134,0.2041,0.2125
13.06.2009 07:00,0.385,0.3966,0.4099,0.4204,0.409,0.401,0.4197
13.06.2009 08:00,0.5456,0.5632,0.5693,0.5874,0.5773,0.5639,0.5886
13.06.2009 09:00,0.6719,0.687,0.6695,0.6985,0.6919,0.6819,0.7178
13.06.2009 10:00,0.7532,0.7637,0.7348,0.7656,0.7663,0.7621,0.7978
13.06.2009 11:00,0.7978,0.8106,0.8035,0.8008,0.8055,0.7942,0.8309
13.06.2009 12:00,0.785,0.8026,0.8147,0.8182,0.8066,0.801,0.8132
13.06.2009 13:00,0.7382,0.7523,0.7666,0.765,0.7538,0.7526,0.7573
13.06.2009 14:00,0.6402,0.6493,0.6571,0.6597,0.6463,0.6474,0.6507
13.06.2009 15:00,0.4982,0.5078,0.5058,0.5033,0.4919,0.5001,0.4958
13.06.2009 16:00,0.3168,0.3231,0.3192,0.3145,0.3003,0.3125,0.3049
13.06.2009 17:00,0.1244,0.1248,0.1197,0.1118,0.1038,0.1137,0.1065
13.06.2009 18:00,0.0299,0.0309,0.0339,0.0322,0.0278,0.0287,0.0272
13.06.2009 19:00,0.0,0.0,0.0,0.0,0.0,0.0,0.0
13.06.2009 20:00,0.0,0.0,0.0,0.0,0.0,0.0,0.0
13.06.2009 21:00,0.0,0.0,0.0,0.0,0.0,0.0,0.0
13.06.2009 22:00,0.0,0.0,0.0,0.0,0.0,0.0,0.0
13.06.2009 23:00,0.0,0.0,0.0,0.0,0.0,0.0,0.0
14.06.2009 00:00,0.0,0.0,0.0,0.0,0.0,0.0,0.0
14.06.2009 01:00,0.0,0.0,0.0,0.0,0.0,0.0,0.0
14.06.2009 02:00,0.0,0.0,0.0,0.0,0.0,0.0,0.0
14.06.2009 03:00,0.0,0.0,0.0,0.0,0.0,0.0,0.0
14.06.2009 04:00,0.0066,0.0076,0.0107,0.0127,0.0137,0.0114,0.0113
14.06.2009 05:00,0.0425,0.0496,0.0477,0.0512,0.0476,0.0539,0.042
14.06.2009 06:00,0.1846,0.186,0.1975,0.1861,0.2201,0.2011,0.2073
14.06.2009 07:00,0.379,0.3864,0.4038,0.403,0.4087,0.3995,0.4055
14.06.2009 08:00,0.5264,0.5492,0.5733,0.5838,0.573,0.5783,0.5689
14.06.2009 09:00,0.6425,0.6248,0.655,0.6967,0.6883,0.6679,0.69
14.06.2009 10:00,0.7422,0.757,0.6826,0.7643,0.7622,0.7098,0.726
14.06.2009 11:00,0.7872,0.7855,0.7883,0.6788,0.7641,0.8092,0.8009
14.06.2009 12:00,0.759,0.7315,0.7931,0.7992,0.7907,0.8029,0.8061
14.06.2009 13:00,0.6965,0.6401,0.6099,0.7415,0.7289,0.6329,0.7367
14.06.2009 14:00,0.5507,0.4317,0.4372,0.4839,0.5864,0.5181,0.6226
14.06.2009 15:00,0.3534,0.2887,0.1836,0.2145,0.3727,0.2818,0.3875
14.06.2009 16:00,0.1446,0.1192,0.1265,0.2096,0.1908,0.1785,0.2374
14.06.2009 17:00,0.0431,0.0492,0.0323,0.0519,0.0872,0.0553,0.111
14.06.2009 18:00,0.018,0.0088,0.0174,0.0026,0.0174,0.0051,0.0156
14.06.2009 19:00,0.0,0.0,0.0,0.0,0.0,0.0,0.0
14.06.2009 20:00,0.0,0.0,0.0,0.0,0.0,0.0,0.0
14.06.2009 21:00,0.0,0.0,0.0,0.0,0.0,0.0,0.0
14.06.2009 22:00,0.0,0.0,0.0,0.0,0.0,0.0,0.0
14.06.2009 23:00,0.0,0.0,0.0,0.0,0.0,0.0,0.0
15.06.2009 00:00,0.0,0.0,0.0,0.0,0.0,0.0,0.0
15.06.2009 01:00,0.0,0.0,0.0,0.0,0.0,0.0,0.0
15.06.2009 02:00,0.0,0.0,0.0,0.0,0.0,0.0,0.0
15.06.2009 03:00,0.0,0.0,0.0,0.0,0.0,0.0,0.0
15.06.2009 04:00,0.0038,0.0065,0.0035,0.0011,0.0083,0.0058,0.0069
15.06.2009 05:00,0.0198,0.0069,0.0134,0.0064,0.0218,0.0115,0.0288
15.06.2009 06:00,0.1068,0.0456,0.0152,0.02,0.0322,0.0184,0.0284
15.06.2009 07:00,0.1778,0.1381,0.0388,0.0332,0.0697,0.0732,0.0975
15.06.2009 08:00,0.2057,0.2064,0.089,0.0978,0.1629,0.1867,0.1044
15.06.2009 09:00,0.2512,0.2074,0.1698,0.225,0.2598,0.2316,0.2408
15.06.2009 10:00,0.3182,0.2348,0.2062,0.2102,0.3031,0.2524,0.3019
15.06.2009 11:00,0.3857,0.3457,0.1612,0.1574,0.3843,0.2742,0.2952
15.06.2009 12:00,0.4411,0.5326,0.3134,0.1635,0.3465,0.4003,0.4018
15.06.2009 13:00,0.4811,0.4893,0.2182,0.3191,0.4746,0.484,0.4458
15.06.2009 14:00,0.5396,0.4972,0.4886,0.4018,0.4564,0.5203,0.3656
15.06.2009 15:00,0.3949,0.4183,0.3973,0.4435,0.3992,0.4344,0.2348
15.06.2009 16:00,0.169,0.161,0.1533,0.2876,0.2404,0.2262,0.095
15.06.2009 17:00,0.0679,0.0626,0.0961,0.0736,0.0865,0.0605,0.067
15.06.2009 18:00,0.0244,0.0199,0.0146,0.012,0.0236,0.0215,0.0221
15.06.2009 19:00,0.0,0.0,0.0,0.0,0.0,0.0,0.0
15.06.2009 20:00,0.0,0.0,0.0,0.0,0.0,0.0,0.0
15.06.2009 21:00,0.0,0.0,0.0,0.0,0.0,0.0,0.0
15.06.2009 22:00,0.0,0.0,0.0,0.0,0.0,0.0,0.0
15.06.2009 23:00,0.0,0.0,0.0,0.0,0.0,0.0,0.0
16.06.2009 00:00,0.0,0.0,0.0,0.0,0.0,0.0,0.0
16.06.2009 01:00,0.0,0.0,0.0,0.0,0.0,0.0,0.0
16.06.2009 02:00,0.0,0.0,0.0,0.0,0.0,0.0,0.0
16.06.2009 03:00,0.0,0.0,0.0,0.0,0.0,0.0,0.0
16.06.2009 04:00,0.0039,0.0049,0.007,0.0083,0.0104,0.0075,0.0111
16.06.2009 05:00,0.0405,0.0344,0.0285,0.0226,0.0502,0.0303,0.0479
16.06.2009 06:00,0.1388,0.112,0.1246,0.0743,0.1496,0.0719,0.2059
16.06.2009 07:00,0.2962,0.2466,0.2448,0.1862,0.2739,0.1191,0.4079
16.06.2009 08:00,0.4869,0.4231,0.4094,0.3424,0.4526,0.2726,0.6006
16.06.2009 09:00,0.5584,0.41,0.4133,0.2692,0.4288,0.2087,0.7236
16.06.2009 10:00,0.6775,0.5133,0.5106,0.3534,0.5263,0.2955,0.8282
16.06.2009 11:00,0.6859,0.4889,0.5733,0.3849,0.4792,0.2152,0.8235
16.06.2009 12:00,0.6934,0.559,0.5536,0.4751,0.4785,0.2189,0.7931
16.06.2009 13:00,0.6513,0.5366,0.5338,0.414,0.4332,0.2815,0.7163
16.06.2009 14:00,0.5816,0.4933,0.4212,0.3509,0.4281,0.3275,0.5948
16.06.2009 15:00,0.4374,0.3445,0.4015,0.3406,0.3366,0.2654,0.4278
16.06.2009 16:00,0.2664,0.232,0.1952,0.1693,0.1984,0.1688,0.2792
16.06.2009 17:00,0.1085,0.1102,0.1191,0.1,0.0982,0.0888,0.1153
16.06.2009 18:00,0.0345,0.0305,0.0386,0.0223,0.0204,0.0195,0.0293
16.06.2009 19:00,0.0,0.0,0.0,0.0,0.0,0.0,0.0
16.06.2009 20:00,0.0,0.0,0.0,0.0,0.0,0.0,0.0
16.06.2009 21:00,0.0,0.0,0.0,0.0,0.0,0.0,0.0
16.06.2009 22:00,0.0,0.0,0.0,0.0,0.0,0.0,0.0
16.06.2009 23:00,0.0,0.0,0.0,0.0,0.0,0.0,0.0
17.06.2009 00:00,0.0,0.0,0.0,0.0,0.0,0.0,0.0
17.06.2009 01:00,0.0,0.0,0.0,0.0,0.0,0.0,0.0
17.06.2009 02:00,0.0,0.0,0.0,0.0,0.0,0.0,0.0
17.06.2009 03:00,0.0,0.0,0.0,0.0,0.0,0.0,0.0
17.06.2009 04:00,0.0027,0.0029,0.0068,0.006,0.0079,0.0051,0.006
17.06.2009 05:00,0.021,0.0328,0.0431,0.0453,0.0571,0.0357,0.0435
17.06.2009 06:00,0.0866,0.138,0.1612,0.1718,0.1412,0.1334,0.0479
17.06.2009 07:00,0.2478,0.3125,0.3641,0.3452,0.237,0.3,0.1162
17.06.2009 08:00,0.4083,0.5436,0.5842,0.5637,0.358,0.4112,0.2296
17.06.2009 09:00,0.6776,0.7023,0.7153,0.7194,0.4636,0.7199,0.3164
17.06.2009 10:00,0.7618,0.7838,0.7895,0.7943,0.6559,0.8018,0.6478
17.06.2009 11:00,0.8087,0.8174,0.8108,0.8105,0.8043,0.8237,0.6814
17.06.2009 12:00,0.8023,0.8032,0.788,0.7874,0.7874,0.8044,0.6396
17.06.2009 13:00,0.7539,0.7548,0.7447,0.7391,0.7237,0.7525,0.6394
17.06.2009 14:00,0.6564,0.6525,0.6459,0.6431,0.6287,0.6491,0.5745
17.06.2009 15:00,0.4986,0.499,0.4985,0.4953,0.485,0.501,0.4432
17.06.2009 16:00,0.2932,0.2917,0.3044,0.3072,0.3009,0.3111,0.2816
17.06.2009 17:00,0.1234,0.1212,0.1246,0.1192,0.1081,0.1218,0.1172
17.06.2009 18:00,0.0308,0.0302,0.0322,0.0368,0.0314,0.0365,0.034
17.06.2009 19:00,0.0,0.0,0.0,0.0,0.0,0.0,0.0
17.06.2009 20:00,0.0,0.0,0.0,0.0,0.0,0.0,0.0
17.06.2009 21:00,0.0,0.0,0.0,0.0,0.0,0.0,0.0
17.06.2009 22:00,0.0,0.0,0.0,0.0,0.0,0.0,0.0
17.06.2009 23:00,0.0,0.0,0.0,0.0,0.0,0.0,0.0
18.06.2009 00:00,0.0,0.0,0.0,0.0,0.0,0.0,0.0
18.06.2009 01:00,0.0,0.0,0.0,0.0,0.0,0.0,0.0
18.06.2009 02:00,0.0,0.0,0.0,0.0,0.0,0.0,0.0
18.06.2009 03:00,0.0,0.0,0.0,0.0,0.0,0.0,0.0
18.06.2009 04:00,0.0069,0.0086,0.011,0.0125,0.0135,0.0113,0.011
18.06.2009 05:00,0.0392,0.0429,0.0507,0.0606,0.0516,0.0426,0.0455
18.06.2009 06:00,0.1811,0.1804,0.1768,0.1945,0.2145,0.2007,0.2038
18.06.2009 07:00,0.3631,0.3417,0.3246,0.3674,0.4038,0.3686,0.4007
18.06.2009 08:00,0.5008,0.4623,0.5062,0.5462,0.5612,0.5262,0.5582
18.06.2009 09:00,0.6256,0.589,0.6434,0.6526,0.6794,0.6325,0.6759
18.06.2009 10:00,0.7084,0.6525,0.7253,0.7682,0.747,0.7073,0.7632
18.06.2009 11:00,0.7634,0.6876,0.772,0.837,0.7975,0.7502,0.8056
18.06.2009 12:00,0.7126,0.6892,0.7398,0.8125,0.7954,0.7104,0.7829
18.06.2009 13:00,0.6214,0.5888,0.6679,0.7478,0.7165,0.6578,0.717
18.06.2009 14:00,0.5194,0.4916,0.5589,0.6309,0.6091,0.5605,0.6034
18.06.2009 15:00,0.4255,0.3653,0.4197,0.4881,0.4612,0.4075,0.4671
18.06.2009 16:00,0.2744,0.2575,0.2526,0.2986,0.2896,0.253,0.2991
18.06.2009 17:00,0.1144,0.1166,0.114,0.1087,0.1068,0.0978,0.1112
18.06.2009 18:00,0.0295,0.0312,0.0352,0.0201,0.0279,0.0251,0.0302
18.06.2009 19:00,0.0,0.0,0.0,0.0,0.0,0.0,0.0
18.06.2009 20:00,0.0,0.0,0.0,0.0,0.0,0.0,0.0
18.06.2009 21:00,0.0,0.0,0.0,0.0,0.0,0.0,0.0
18.06.2009 22:00,0.0,0.0,0.0,0.0,0.0,0.0,0.0
18.06.2009 23:00,0.0,0.0,0.0,0.0,0.0,0.0,0.0
19.06.2009 00:00,0.0,0.0,0.0,0.0,0.0,0.0,0.0
19.06.2009 01:00,0.0,0.0,0.0,0.0,0.0,0.0,0.0
19.06.2009 02:00,0.0,0.0,0.0,0.0,0.0,0.0,0.0
19.06.2009 03:00,0.0,0.0,0.0,0.0,0.0,0.0,0.0
19.06.2009 04:00,0.0053,0.0079,0.0074,0.0056,0.0076,0.0086,0.0073
19.06.2009 05:00,0.0387,0.0439,0.043,0.0354,0.0284,0.0326,0.0462
19.06.2009 06:00,0.1392,0.1096,0.102,0.15,0.083,0.1105,0.1068
19.06.2009 07:00,0.2017,0.1408,0.1744,0.1452,0.1773,0.1674,0.2282
19.06.2009 08:00,0.2415,0.1352,0.1261,0.1807,0.2669,0.1627,0.4179
19.06.2009 09:00,0.2854,0.1434,0.1087,0.1462,0.2754,0.1705,0.5153
19.06.2009 10:00,0.3173,0.1073,0.0895,0.0678,0.2696,0.1819,0.4178
19.06.2009 11:00,0.1951,0.1023,0.0655,0.0648,0.2698,0.1192,0.3829
19.06.2009 12:00,0.163,0.1134,0.0752,0.0646,0.2511,0.1285,0.3209
19.06.2009 13:00,0.1641,0.0763,0.0555,0.0582,0.176,0.0913,0.3059
19.06.2009 14:00,0.1359,0.0868,0.065,0.0528,0.1216,0.0691,0.2324
19.06.2009 15:00,0.1403,0.0778,0.0756,0.0668,0.0897,0.0852,0.1762
19.06.2009 16:00,0.096,0.0646,0.0517,0.0902,0.0781,0.0696,0.1333
19.06.2009 17:00,0.0627,0.0384,0.0313,0.0491,0.0459,0.0568,0.0842
19.06.2009 18:00,0.0196,0.0153,0.0125,0.023,0.0136,0.0181,0.0246
19.06.2009 19:00,0.0,0.0,0.0,0.0,0.0,0.0,0.0
19.06.2009 20:00,0.0,0.0,0.0,0.0,0.0,0.0,0.0
19.06.2009 21:00,0.0,0.0,0.0,0.0,0.0,0.0,0.0
19.06.2009 22:00,0.0,0.0,0.0,0.0,0.0,0.0,0.0
19.06.2009 23:00,0.0,0.0,0.0,0.0,0.0,0.0,0.0
20.06.2009 00:00,0.0,0.0,0.0,0.0,0.0,0.0,0.0
20.06.2009 01:00,0.0,0.0,0.0,0.0,0.0,0.0,0.0
20.06.2009 02:00,0.0,0.0,0.0,0.0,0.0,0.0,0.0
20.06.2009 03:00,0.0,0.0,0.0,0.0,0.0,0.0,0.0
20.06.2009 04:00,0.0066,0.0047,0.0053,0.01,0.0106,0.0082,0.0104
20.06.2009 05:00,0.0479,0.0528,0.0614,0.0581,0.0453,0.0453,0.0428
20.06.2009 06:00,0.175,0.1685,0.1915,0.1859,0.1516,0.1344,0.2104
20.06.2009 07:00,0.3516,0.3264,0.3562,0.3142,0.2973,0.3008,0.4246
20.06.2009 08:00,0.494,0.4128,0.404,0.3841,0.4454,0.3888,0.6104
20.06.2009 09:00,0.5943,0.4407,0.469,0.4749,0.5263,0.3754,0.7569
20.06.2009 10:00,0.6209,0.3813,0.4825,0.448,0.5067,0.2862,0.8406
20.06.2009 11:00,0.6476,0.4054,0.4923,0.4157,0.5008,0.2779,0.881
20.06.2009 12:00,0.6123,0.4576,0.5346,0.4128,0.4856,0.3628,0.8553
20.06.2009 13:00,0.464,0.4196,0.4872,0.4104,0.4533,0.3759,0.7876
20.06.2009 14:00,0.3587,0.3009,0.3792,0.3798,0.42,0.3882,0.6662
20.06.2009 15:00,0.2092,0.2296,0.26,0.2336,0.3024,0.266,0.466
20.06.2009 16:00,0.1546,0.1596,0.1777,0.1699,0.1718,0.0929,0.1869
20.06.2009 17:00,0.0872,0.0847,0.0703,0.0822,0.0591,0.0552,0.0448
20.06.2009 18:00,0.0154,0.0268,0.0224,0.0309,0.014,0.0126,0.0108
20.06.2009 19:00,0.0,0.0,0.0,0.0,0.0,0.0,0.0
20.06.2009 20:00,0.0,0.0,0.0,0.0,0.0,0.0,0.0
20.06.2009 21:00,0.0,0.0,0.0,0.0,0.0,0.0,0.0
20.06.2009 22:00,0.0,0.0,0.0,0.0,0.0,0.0,0.0
20.06.2009 23:00,0.0,0.0,0.0,0.0,0.0,0.0,0.0
21.06.2009 00:00,0.0,0.0,0.0,0.0,0.0,0.0,0.0
21.06.2009 01:00,0.0,0.0,0.0,0.0,0.0,0.0,0.0
21.06.2009 02:00,0.0,0.0,0.0,0.0,0.0,0.0,0.0
21.06.2009 03:00,0.0,0.0,0.0,0.0,0.0,0.0,0.0
21.06.2009 04:00,0.0055,0.0062,0.0054,0.0047,0.0084,0.006,0.0077
21.06.2009 05:00,0.0476,0.046,0.0539,0.0175,0.0355,0.0201,0.0504
21.06.2009 06:00,0.166,0.136,0.1635,0.0531,0.0822,0.0628,0.1964
21.06.2009 07:00,0.3089,0.263,0.3079,0.1155,0.1548,0.1276,0.37
21.06.2009 08:00,0.4423,0.3453,0.4411,0.2633,0.2294,0.1374,0.5428
21.06.2009 09:00,0.5123,0.3754,0.4874,0.4944,0.2781,0.2061,0.6321
21.06.2009 10:00,0.5169,0.2955,0.287,0.4305,0.2554,0.2616,0.6494
21.06.2009 11:00,0.5042,0.2951,0.2707,0.2619,0.2578,0.2924,0.6726
21.06.2009 12:00,0.4981,0.3816,0.3059,0.4122,0.2898,0.2756,0.6267
21.06.2009 13:00,0.4722,0.3564,0.2954,0.2574,0.315,0.1891,0.59
21.06.2009 14:00,0.3879,0.2795,0.3332,0.2561,0.227,0.1462,0.5925
21.06.2009 15:00,0.2963,0.2395,0.1985,0.235,0.1853,0.1606,0.3352
21.06.2009 16:00,0.2122,0.1768,0.1904,0.1979,0.143,0.123,0.2604
21.06.2009 17:00,0.112,0.0933,0.1014,0.102,0.0737,0.0593,0.1097
21.06.2009 18:00,0.0323,0.0257,0.031,0.0239,0.0206,0.019,0.0329
21.06.2009 19:00,0.0,0.0,0.0,0.0,0.0,0.0,0.0
21.06.2009 20:00,0.0,0.0,0.0,0.0,0.0,0.0,0.0
21.06.2009 21:00,0.0,0.0,0.0,0.0,0.0,0.0,0.0
21.06.2009 22:00,0.0,0.0,0.0,0.0,0.0,0.0,0.0
21.06.2009 23:00,0.0,0.0,0.0,0.0,0.0,0.0,0.0
22.06.2009 00:00,0.0,0.0,0.0,0.0,0.0,0.0,0.0
22.06.2009 01:00,0.0,0.0,0.0,0.0,0.0,0.0,0.0
22.06.2009 02:00,0.0,0.0,0.0,0.0,0.0,0.0,0.0
22.06.2009 03:00,0.0,0.0,0.0,0.0,0.0,0.0,0.0
22.06.2009 04:00,0.0036,0.0046,0.0061,0.0058,0.0096,0.0064,0.0105
22.06.2009 05:00,0.0348,0.0394,0.0339,0.0358,0.0391,0.0187,0.0458
22.06.2009 06:00,0.116,0.1147,0.0914,0.1177,0.1155,0.0556,0.1998
22.06.2009 07:00,0.2406,0.1979,0.2447,0.2834,0.2276,0.1221,0.397
22.06.2009 08:00,0.4057,0.2972,0.3855,0.3658,0.305,0.1587,0.5741
22.06.2009 09:00,0.5792,0.3239,0.3431,0.4364,0.3754,0.2383,0.6856
22.06.2009 10:00,0.6032,0.3366,0.4472,0.4498,0.3482,0.224,0.7922
22.06.2009 11:00,0.5699,0.4377,0.2899,0.3352,0.3408,0.239,0.8218
22.06.2009 12:00,0.6417,0.3658,0.249,0.2638,0.3876,0.2054,0.7439
22.06.2009 13:00,0.5155,0.3264,0.3384,0.1253,0.3813,0.1443,0.7102
22.06.2009 14:00,0.4628,0.2853,0.3387,0.2234,0.3414,0.1666,0.6425
22.06.2009 15:00,0.3619,0.3088,0.1867,0.248,0.2774,0.1889,0.5025
22.06.2009 16:00,0.2447,0.1894,0.1636,0.2342,0.1671,0.1623,0.3052
22.06.2009 17:00,0.1241,0.104,0.0864,0.0496,0.0746,0.0855,0.1203
22.06.2009 18:00,0.0352,0.0336,0.0303,0.0223,0.0197,0.0206,0.0327
22.06.2009 19:00,0.0,0.0,0.0,0.0,0.0,0.0,0.0
22.06.2009 20:00,0.0,0.0,0.0,0.0,0.0,0.0,0.0
22.06.2009 21:00,0.0,0.0,0.0,0.0,0.0,0.0,0.0
22.06.2009 22:00,0.0,0.0,0.0,0.0,0.0,0.0,0.0
22.06.2009 23:00,0.0,0.0,0.0,0.0,0.0,0.0,0.0
23.06.2009 00:00,0.0,0.0,0.0,0.0,0.0,0.0,0.0
23.06.2009 01:00,0.0,0.0,0.0,0.0,0.0,0.0,0.0
23.06.2009 02:00,0.0,0.0,0.0,0.0,0.0,0.0,0.0
23.06.2009 03:00,0.0,0.0,0.0,0.0,0.0,0.0,0.0
23.06.2009 04:00,0.0069,0.0069,0.0083,0.0065,0.005,0.0056,0.0064
23.06.2009 05:00,0.0442,0.038,0.0227,0.0082,0.0125,0.0083,0.0297
23.06.2009 06:00,0.1352,0.0692,0.045,0.035,0.0686,0.0192,0.0322
23.06.2009 07:00,0.2143,0.117,0.2759,0.1208,0.1483,0.0651,0.265
23.06.2009 08:00,0.3055,0.2317,0.2505,0.1306,0.2096,0.095,0.5296
23.06.2009 09:00,0.5415,0.3205,0.1713,0.2655,0.2629,0.1363,0.6434
23.06.2009 10:00,0.6063,0.2918,0.1377,0.1797,0.277,0.1692,0.5094
23.06.2009 11:00,0.5676,0.2079,0.142,0.1425,0.3043,0.1712,0.4458
23.06.2009 12:00,0.4918,0.2452,0.1483,0.1273,0.2814,0.2486,0.3777
23.06.2009 13:00,0.5234,0.3012,0.159,0.094,0.2135,0.2173,0.2461
23.06.2009 14:00,0.4659,0.2717,0.0925,0.0614,0.1875,0.1589,0.2392
23.06.2009 15:00,0.3453,0.1556,0.0896,0.07,0.1629,0.0889,0.1211
23.06.2009 16:00,0.2005,0.0816,0.0835,0.0647,0.1005,0.0854,0.1463
23.06.2009 17:00,0.1012,0.0506,0.0484,0.0357,0.059,0.039,0.0816
23.06.2009 18:00,0.0307,0.0143,0.0253,0.0368,0.0195,0.0237,0.0179
23.06.2009 19:00,0.0,0.0,0.0,0.0,0.0,0.0,0.0
23.06.2009 20:00,0.0,0.0,0.0,0.0,0.0,0.0,0.0
23.06.2009 21:00,0.0,0.0,0.0,0.0,0.0,0.0,0.0
23.06.2009 22:00,0.0,0.0,0.0,0.0,0.0,0.0,0.0
23.06.2009 23:00,0.0,0.0,0.0,0.0,0.0,0.0,0.0
24.06.2009 00:00,0.0,0.0,0.0,0.0,0.0,0.0,0.0
24.06.2009 01:00,0.0,0.0,0.0,0.0,0.0,0.0,0.0
24.06.2009 02:00,0.0,0.0,0.0,0.0,0.0,0.0,0.0
24.06.2009 03:00,0.0,0.0,0.0,0.0,0.0,0.0,0.0
24.06.2009 04:00,0.0064,0.0078,0.0067,0.0078,0.0108,0.0101,0.0099
24.06.2009 05:00,0.0389,0.0447,0.0464,0.057,0.05,0.0532,0.0457
24.06.2009 06:00,0.1713,0.1576,0.1204,0.1184,0.1101,0.1809,0.2018
24.06.2009 07:00,0.3485,0.3005,0.1922,0.1891,0.1394,0.2751,0.401
24.06.2009 08:00,0.5103,0.4629,0.3027,0.3498,0.2124,0.4086,0.5277
24.06.2009 09:00,0.6515,0.6377,0.4944,0.5499,0.3028,0.5408,0.5201
24.06.2009 10:00,0.7472,0.752,0.7238,0.6921,0.372,0.6799,0.5672
24.06.2009 11:00,0.8227,0.809,0.7769,0.5312,0.4849,0.7042,0.7067
24.06.2009 12:00,0.7988,0.7885,0.7197,0.4725,0.5556,0.6268,0.7771
24.06.2009 13:00,0.7426,0.6734,0.547,0.4192,0.4792,0.5367,0.7268
24.06.2009 14:00,0.627,0.5165,0.4568,0.3404,0.3966,0.3808,0.6482
24.06.2009 15:00,0.4555,0.3657,0.302,0.3236,0.2942,0.3024,0.4925
24.06.2009 16:00,0.2714,0.205,0.1306,0.2218,0.2057,0.1829,0.3084
24.06.2009 17:00,0.1202,0.0793,0.0553,0.1152,0.1037,0.0948,0.1179
24.06.2009 18:00,0.033,0.0208,0.007,0.034,0.0315,0.028,0.0299
24.06.2009 19:00,0.0,0.0,0.0,0.0,0.0,0.0,0.0
24.06.2009 20:00,0.0,0.0,0.0,0.0,0.0,0.0,0.0
24.06.2009 21:00,0.0,0.0,0.0,0.0,0.0,0.0,0.0
24.06.2009 22:00,0.0,0.0,0.0,0.0,0.0,0.0,0.0
24.06.2009 23:00,0.0,0.0,0.0,0.0,0.0,0.0,0.0
25.06.2009 00:00,0.0,0.0,0.0,0.0,0.0,0.0,0.0
25.06.2009 01:00,0.0,0.0,0.0,0.0,0.0,0.0,0.0
25.06.2009 02:00,0.0,0.0,0.0,0.0,0.0,0.0,0.0
25.06.2009 03:00,0.0,0.0,0.0,0.0,0.0,0.0,0.0
25.06.2009 04:00,0.0059,0.006,0.0043,0.0074,0.0118,0.0087,0.0102
25.06.2009 05:00,0.0398,0.0358,0.0253,0.0413,0.0517,0.0468,0.0413
25.06.2009 06:00,0.1487,0.1227,0.0672,0.1341,0.1898,0.1596,0.2015
25.06.2009 07:00,0.3039,0.2272,0.1334,0.2128,0.3704,0.2941,0.4048
25.06.2009 08:00,0.4683,0.3434,0.1969,0.3098,0.5411,0.4166,0.5706
25.06.2009 09:00,0.6102,0.4398,0.2775,0.477,0.6319,0.5203,0.6831
25.06.2009 10:00,0.6944,0.5045,0.3364,0.4699,0.5857,0.5432,0.7309
25.06.2009 11:00,0.7132,0.5967,0.3736,0.4435,0.5875,0.5281,0.7146
25.06.2009 12:00,0.672,0.6443,0.4474,0.5491,0.5815,0.5329,0.6723
25.06.2009 13:00,0.553,0.5855,0.611,0.6624,0.5498,0.5391,0.5606
25.06.2009 14:00,0.4298,0.4911,0.6136,0.6233,0.4929,0.5068,0.4204
25.06.2009 15:00,0.3186,0.3695,0.4896,0.5057,0.3706,0.4116,0.2977
25.06.2009 16:00,0.2164,0.2157,0.3175,0.3186,0.2273,0.2491,0.1928
25.06.2009 17:00,0.1166,0.0987,0.1316,0.1239,0.0983,0.1059,0.1035
25.06.2009 18:00,0.0345,0.0334,0.0389,0.0348,0.0281,0.0306,0.0311
25.06.2009 19:00,0.0,0.0,0.0,0.0,0.0,0.0,0.0
25.06.2009 20:00,0.0,0.0,0.0,0.0,0.0,0.0,0.0
25.06.2009 21:00,0.0,0.0,0.0,0.0,0.0,0.0,0.0
25.06.2009 22:00,0.0,0.0,0.0,0.0,0.0,0.0,0.0
25.06.2009 23:00,0.0,0.0,0.0,0.0,0.0,0.0,0.0
26.06.2009 00:00,0.0,0.0,0.0,0.0,0.0,0.0,0.0
26.06.2009 01:00,0.0,0.0,0.0,0.0,0.0,0.0,0.0
26.06.2009 02:00,0.0,0.0,0.0,0.0,0.0,0.0,0.0
26.06.2009 03:00,0.0,0.0,0.0,0.0,0.0,0.0,0.0
26.06.2009 04:00,0.0044,0.0058,0.008,0.0112,0.0094,0.0039,0.0075
26.06.2009 05:00,0.0378,0.0396,0.0279,0.0537,0.0515,0.0279,0.0526
26.06.2009 06:00,0.1209,0.1038,0.1508,0.1911,0.1671,0.1284,0.184
26.06.2009 07:00,0.2326,0.1998,0.3363,0.3625,0.291,0.2557,0.3606
26.06.2009 08:00,0.3426,0.2414,0.4945,0.499,0.3676,0.3078,0.4887
26.06.2009 09:00,0.3747,0.2191,0.5238,0.6022,0.3598,0.2925,0.4791
26.06.2009 10:00,0.4075,0.2702,0.3868,0.5866,0.2794,0.176,0.5518
26.06.2009 11:00,0.4893,0.4441,0.2535,0.5436,0.3412,0.1765,0.5199
26.06.2009 12:00,0.4634,0.4794,0.1364,0.2712,0.3417,0.1608,0.348
26.06.2009 13:00,0.4052,0.5169,0.1463,0.2079,0.3226,0.2079,0.2295
26.06.2009 14:00,0.3444,0.4168,0.2524,0.2772,0.3296,0.337,0.1466
26.06.2009 15:00,0.2503,0.2849,0.2923,0.2136,0.2656,0.3076,0.1137
26.06.2009 16:00,0.1276,0.1603,0.2644,0.2324,0.1926,0.242,0.1269
26.06.2009 17:00,0.0609,0.0695,0.1128,0.1134,0.089,0.1099,0.0682
26.06.2009 18:00,0.0138,0.0227,0.0318,0.03,0.0286,0.0372,0.0169
26.06.2009 19:00,0.0,0.0,0.0,0.0,0.0,0.0,0.0
26.06.2009 20:00,0.0,0.0,0.0,0.0,0.0,0.0,0.0
26.06.2009 21:00,0.0,0.0,0.0,0.0,0.0,0.0,0.0
26.06.2009 22:00,0.0,0.0,0.0,0.0,0.0,0.0,0.0
26.06.2009 23:00,0.0,0.0,0.0,0.0,0.0,0.0,0.0
27.06.2009 00:00,0.0,0.0,0.0,0.0,0.0,0.0,0.0
27.06.2009 01:00,0.0,0.0,0.0,0.0,0.0,0.0,0.0
27.06.2009 02:00,0.0,0.0,0.0,0.0,0.0,0.0,0.0
27.06.2009 03:00,0.0,0.0,0.0,0.0,0.0,0.0,0.0
27.06.2009 04:00,0.0026,0.0044,0.0059,0.0094,0.0072,0.0041,0.0068
27.06.2009 05:00,0.0228,0.0281,0.0144,0.021,0.037,0.0201,0.0514
27.06.2009 06:00,0.1123,0.0903,0.0469,0.0472,0.0913,0.0577,0.1633
27.06.2009 07:00,0.237,0.1912,0.1004,0.0602,0.1385,0.0848,0.2565
27.06.2009 08:00,0.3718,0.3271,0.1435,0.0776,0.2,0.138,0.385
27.06.2009 09:00,0.4587,0.3495,0.1828,0.1342,0.2304,0.1752,0.5434
27.06.2009 10:00,0.4582,0.3127,0.2323,0.139,0.2276,0.1326,0.6593
27.06.2009 11:00,0.4365,0.3137,0.2641,0.2166,0.291,0.1484,0.6884
27.06.2009 12:00,0.447,0.335,0.3545,0.2012,0.3374,0.2365,0.6952
27.06.2009 13:00,0.4553,0.3201,0.3533,0.3574,0.3196,0.237,0.6661
27.06.2009 14:00,0.402,0.2841,0.2002,0.3579,0.2759,0.235,0.494
27.06.2009 15:00,0.3415,0.2102,0.2138,0.3452,0.2271,0.1754,0.4243
27.06.2009 16:00,0.2425,0.1402,0.1801,0.2314,0.1421,0.1302,0.1973
27.06.2009 17:00,0.1206,0.0764,0.1152,0.1269,0.0639,0.0735,0.0524
27.06.2009 18:00,0.0356,0.0238,0.0366,0.0307,0.0153,0.0254,0.0106
27.06.2009 19:00,0.001,0.0,0.0,0.0,0.0,0.0,0.0
27.06.2009 20:00,0.0,0.0,0.0,0.0,0.0,0.0,0.0
27.06.2009 21:00,0.0,0.0,0.0,0.0,0.0,0.0,0.0
27.06.2009 22:00,0.0,0.0,0.0,0.0,0.0,0.0,0.0
27.06.2009 23:00,0.0,0.0,0.0,0.0,0.0,0.0,0.0
28.06.2009 00:00,0.0,0.0,0.0,0.0,0.0,0.0,0.0
28.06.2009 01:00,0.0,0.0,0.0,0.0,0.0,0.0,0.0
28.06.2009 02:00,0.0,0.0,0.0,0.0,0.0,0.0,0.0
28.06.2009 03:00,0.0,0.0,0.0,0.0,0.0,0.0,0.0
28.06.2009 04:00,0.0048,0.0059,0.0068,0.0106,0.0094,0.009,0.0097
28.06.2009 05:00,0.0371,0.0417,0.0564,0.055,0.0484,0.0418,0.0352
28.06.2009 06:00,0.1748,0.1722,0.1498,0.1696,0.1606,0.1928,0.1997
28.06.2009 07:00,0.3806,0.3639,0.2614,0.2897,0.3125,0.3864,0.4108
28.06.2009 08:00,0.5518,0.5421,0.3978,0.4373,0.4587,0.5237,0.5817
28.06.2009 09:00,0.6883,0.6602,0.5439,0.607,0.5558,0.6259,0.6886
28.06.2009 10:00,0.7694,0.7298,0.6868,0.724,0.5712,0.6918,0.7313
28.06.2009 11:00,0.7933,0.7569,0.746,0.7536,0.5682,0.6826,0.7344
28.06.2009 12:00,0.7619,0.7242,0.7428,0.7466,0.5242,0.6102,0.6948
28.06.2009 13:00,0.6924,0.6533,0.7111,0.6838,0.5053,0.5238,0.594
28.06.2009 14:00,0.5973,0.56,0.6402,0.6089,0.4562,0.4429,0.5243
28.06.2009 15:00,0.4727,0.4459,0.5042,0.4949,0.3736,0.3611,0.4543
28.06.2009 16:00,0.303,0.2847,0.3192,0.3186,0.2542,0.2526,0.2936
28.06.2009 17:00,0.1262,0.1268,0.131,0.1245,0.1116,0.1184,0.1186
28.06.2009 18:00,0.0325,0.0355,0.0395,0.0356,0.0315,0.035,0.0315
28.06.2009 19:00,0.0,0.0,0.0,0.0,0.0,0.0,0.0
28.06.2009 20:00,0.0,0.0,0.0,0.0,0.0,0.0,0.0
28.06.2009 21:00,0.0,0.0,0.0,0.0,0.0,0.0,0.0
28.06.2009 22:00,0.0,0.0,0.0,0.0,0.0,0.0,0.0
28.06.2009 23:00,0.0,0.0,0.0,0.0,0.0,0.0,0.0
29.06.2009 00:00,0.0,0.0,0.0,0.0,0.0,0.0,0.0
29.06.2009 01:00,0.0,0.0,0.0,0.0,0.0,0.0,0.0
29.06.2009 02:00,0.0,0.0,0.0,0.0,0.0,0.0,0.0
29.06.2009 03:00,0.0,0.0,0.0,0.0,0.0,0.0,0.0
29.06.2009 04:00,0.0054,0.0072,0.0094,0.0107,0.0118,0.0075,0.0092
29.06.2009 05:00,0.0313,0.0338,0.0414,0.0479,0.0496,0.0438,0.0385
29.06.2009 06:00,0.1749,0.1795,0.1879,0.1977,0.1983,0.1898,0.1969
29.06.2009 07:00,0.3823,0.3812,0.3883,0.4002,0.3849,0.3965,0.4066
29.06.2009 08:00,0.559,0.5509,0.5632,0.5735,0.539,0.5608,0.5788
29.06.2009 09:00,0.6961,0.6634,0.6894,0.7045,0.6465,0.6662,0.7026
29.06.2009 10:00,0.7766,0.7172,0.7599,0.7874,0.703,0.6708,0.7412
29.06.2009 11:00,0.8043,0.7558,0.7934,0.8267,0.6988,0.6506,0.752
29.06.2009 12:00,0.7607,0.7134,0.7544,0.7978,0.659,0.6284,0.7248
29.06.2009 13:00,0.6687,0.5873,0.6672,0.648,0.5901,0.5563,0.6891
29.06.2009 14:00,0.549,0.4698,0.5778,0.5841,0.4754,0.4105,0.5993
29.06.2009 15:00,0.3457,0.3493,0.4389,0.4486,0.3427,0.3309,0.4014
29.06.2009 16:00,0.1844,0.2189,0.3224,0.2954,0.2052,0.242,0.2141
29.06.2009 17:00,0.0957,0.0948,0.1268,0.1267,0.0869,0.1103,0.069
29.06.2009 18:00,0.034,0.03,0.0289,0.0306,0.0234,0.0312,0.0122
29.06.2009 19:00,0.0009,0.0,0.0,0.0,0.0,0.0,0.0
29.06.2009 20:00,0.0,0.0,0.0,0.0,0.0,0.0,0.0
29.06.2009 21:00,0.0,0.0,0.0,0.0,0.0,0.0,0.0
29.06.2009 22:00,0.0,0.0,0.0,0.0,0.0,0.0,0.0
29.06.2009 23:00,0.0,0.0,0.0,0.0,0.0,0.0,0.0
30.06.2009 00:00,0.0,0.0,0.0,0.0,0.0,0.0,0.0
30.06.2009 01:00,0.0,0.0,0.0,0.0,0.0,0.0,0.0
30.06.2009 02:00,0.0,0.0,0.0,0.0,0.0,0.0,0.0
30.06.2009 03:00,0.0,0.0,0.0,0.0,0.0,0.0,0.0
30.06.2009 04:00,0.0048,0.0063,0.0079,0.0102,0.0114,0.0093,0.0081
30.06.2009 05:00,0.0352,0.0376,0.0463,0.0489,0.0491,0.0412,0.0439
30.06.2009 06:00,0.1733,0.1781,0.1858,0.1953,0.2072,0.192,0.195
30.06.2009 07:00,0.3799,0.3781,0.3837,0.3928,0.4074,0.3944,0.3964
30.06.2009 08:00,0.5555,0.5504,0.5597,0.5674,0.5671,0.5607,0.5699
30.06.2009 09:00,0.6813,0.6614,0.6901,0.7007,0.6574,0.6672,0.6978
30.06.2009 10:00,0.7385,0.7129,0.7504,0.7834,0.6693,0.6798,0.7512
30.06.2009 11:00,0.7069,0.6837,0.7453,0.793,0.6563,0.6373,0.7582
30.06.2009 12:00,0.6306,0.5766,0.7037,0.7403,0.6426,0.5552,0.7317
30.06.2009 13:00,0.4575,0.5741,0.6257,0.7001,0.5158,0.3769,0.6479
30.06.2009 14:00,0.3275,0.4366,0.6024,0.5669,0.4254,0.2808,0.4168
30.06.2009 15:00,0.2399,0.3284,0.454,0.3819,0.2884,0.29,0.2518
30.06.2009 16:00,0.195,0.2178,0.3115,0.2514,0.2115,0.2136,0.1114
30.06.2009 17:00,0.0996,0.0958,0.1253,0.1181,0.1036,0.0875,0.0543
30.06.2009 18:00,0.0328,0.029,0.0394,0.0384,0.0276,0.0257,0.019
30.06.2009 19:00,0.0,0.0,0.0,0.0,0.0,0.0,0.0
30.06.2009 20:00,0.0,0.0,0.0,0.0,0.0,0.0,0.0
30.06.2009 21:00,0.0,0.0,0.0,0.0,0.0,0.0,0.0
30.06.2009 22:00,0.0,0.0,0.0,0.0,0.0,0.0,0.0
30.06.2009 23:00,0.0,0.0,0.0,0.0,0.0,0.0,0.0
01.07.2009 00:00,0.0,0.0,0.0,0.0,0.0,0.0,0.0
01.07.2009 01:00,0.0,0.0,0.0,0.0,0.0,0.0,0.0
01.07.2009 02:00,0.0,0.0,0.0,0.0,0.0,0.0,0.0
01.07.2009 03:00,0.0,0.0,0.0,0.0,0.0,0.0,0.0
01.07.2009 04:00,0.0044,0.006,0.0078,0.0105,0.0104,0.0088,0.0086
01.07.2009 05:00,0.0375,0.0387,0.0485,0.0538,0.0533,0.044,0.0509
01.07.2009 06:00,0.1705,0.1751,0.1821,0.1902,0.2008,0.1877,0.1903
01.07.2009 07:00,0.3692,0.3735,0.3777,0.3834,0.385,0.3834,0.3921
01.07.2009 08:00,0.5396,0.5429,0.5532,0.5599,0.5238,0.544,0.5673
01.07.2009 09:00,0.654,0.6542,0.6808,0.6869,0.5822,0.6466,0.6814
01.07.2009 10:00,0.6934,0.6917,0.7257,0.7472,0.5337,0.6707,0.7169
01.07.2009 11:00,0.6905,0.6771,0.7,0.7019,0.4944,0.6358,0.7446
01.07.2009 12:00,0.5901,0.6057,0.7354,0.6714,0.46,0.541,0.6725
01.07.2009 13:00,0.4082,0.4705,0.6958,0.6414,0.3979,0.4484,0.5277
01.07.2009 14:00,0.2961,0.3116,0.5381,0.5062,0.2934,0.4015,0.3224
01.07.2009 15:00,0.208,0.2646,0.3684,0.4462,0.2443,0.3071,0.2136
01.07.2009 16:00,0.1732,0.1542,0.2196,0.286,0.2061,0.1622,0.0953
01.07.2009 17:00,0.0924,0.0798,0.1173,0.115,0.1029,0.0739,0.0522
01.07.2009 18:00,0.0276,0.025,0.0357,0.0355,0.0287,0.022,0.0136
01.07.2009 19:00,0.0,0.0,0.0,0.0,0.0,0.0,0.0
01.07.2009 20:00,0.0,0.0,0.0,0.0,0.0,0.0,0.0
01.07.2009 21:00,0.0,0.0,0.0,0.0,0.0,0.0,0.0
01.07.2009 22:00,0.0,0.0,0.0,0.0,0.0,0.0,0.0
01.07.2009 23:00,0.0,0.0,0.0,0.0,0.0,0.0,0.0
02.07.2009 00:00,0.0,0.0,0.0,0.0,0.0,0.0,0.0
02.07.2009 01:00,0.0,0.0,0.0,0.0,0.0,0.0,0.0
02.07.2009 02:00,0.0,0.0,0.0,0.0,0.0,0.0,0.0
02.07.2009 03:00,0.0,0.0,0.0,0.0,0.0,0.0,0.0
02.07.2009 04:00,0.0048,0.0059,0.0076,0.01,0.0111,0.0087,0.0083
02.07.2009 05:00,0.0327,0.0373,0.0485,0.0516,0.0457,0.0415,0.0454
02.07.2009 06:00,0.1696,0.1744,0.1817,0.1902,0.2022,0.1875,0.1873
02.07.2009 07:00,0.369,0.3737,0.3778,0.3864,0.3911,0.3859,0.3818
02.07.2009 08:00,0.538,0.546,0.5479,0.5557,0.5322,0.556,0.5488
02.07.2009 09:00,0.6522,0.6661,0.6744,0.6811,0.6011,0.6602,0.6462
02.07.2009 10:00,0.7036,0.7179,0.7551,0.7634,0.6095,0.6659,0.7026
02.07.2009 11:00,0.6983,0.7153,0.7885,0.7876,0.563,0.6412,0.7483
02.07.2009 12:00,0.6742,0.6552,0.7761,0.7479,0.4681,0.5872,0.7151
02.07.2009 13:00,0.6115,0.5842,0.6896,0.6654,0.3773,0.4935,0.6002
02.07.2009 14:00,0.4652,0.4511,0.5828,0.5162,0.2529,0.3963,0.4568
02.07.2009 15:00,0.2636,0.2473,0.4642,0.4346,0.2101,0.2972,0.2325
02.07.2009 16:00,0.1601,0.1253,0.2495,0.2938,0.1591,0.2012,0.0924
02.07.2009 17:00,0.1025,0.0798,0.1042,0.1259,0.086,0.0833,0.044
02.07.2009 18:00,0.0272,0.0295,0.0321,0.0336,0.0269,0.027,0.0162
02.07.2009 19:00,0.0,0.0,0.0,0.0,0.0,0.0,0.0
02.07.2009 20:00,0.0,0.0,0.0,0.0,0.0,0.0,0.0
02.07.2009 21:00,0.0,0.0,0.0,0.0,0.0,0.0,0.0
02.07.2009 22:00,0.0,0.0,0.0,0.0,0.0,0.0,0.0
02.07.2009 23:00,0.0,0.0,0.0,0.0,0.0,0.0,0.0
03.07.2009 00:00,0.0,0.0,0.0,0.0,0.0,0.0,0.0
03.07.2009 01:00,0.0,0.0,0.0,0.0,0.0,0.0,0.0
03.07.2009 02:00,0.0,0.0,0.0,0.0,0.0,0.0,0.0
03.07.2009 03:00,0.0,0.0,0.0,0.0,0.0,0.0,0.0
03.07.2009 04:00,0.004,0.0046,0.0066,0.0065,0.0094,0.0075,0.0079
03.07.2009 05:00,0.04,0.0381,0.0495,0.0457,0.0512,0.0381,0.0431
03.07.2009 06:00,0.1663,0.1602,0.1699,0.1414,0.1358,0.1208,0.1794
03.07.2009 07:00,0.3623,0.3236,0.3146,0.2631,0.2414,0.2321,0.3897
03.07.2009 08:00,0.4961,0.4456,0.444,0.3886,0.2536,0.3412,0.537
03.07.2009 09:00,0.538,0.4773,0.4738,0.4284,0.294,0.401,0.6793
03.07.2009 10:00,0.5253,0.4787,0.4732,0.5257,0.4588,0.3093,0.6776
03.07.2009 11:00,0.5816,0.5345,0.3276,0.7361,0.659,0.3673,0.6235
03.07.2009 12:00,0.5948,0.5991,0.5005,0.5581,0.6224,0.3155,0.571
03.07.2009 13:00,0.5699,0.5526,0.3135,0.4313,0.4944,0.2761,0.5485
03.07.2009 14:00,0.5101,0.4308,0.3001,0.4534,0.4214,0.3369,0.5609
03.07.2009 15:00,0.3807,0.342,0.3016,0.2899,0.3286,0.2582,0.4476
03.07.2009 16:00,0.2342,0.209,0.0667,0.0852,0.165,0.1568,0.2784
03.07.2009 17:00,0.1104,0.1029,0.0618,0.0162,0.08,0.0454,0.1185
03.07.2009 18:00,0.0318,0.0282,0.0243,0.0295,0.0163,0.0261,0.0277
03.07.2009 19:00,0.0,0.0,0.0,0.0,0.0,0.0,0.0
03.07.2009 20:00,0.0,0.0,0.0,0.0,0.0,0.0,0.0
03.07.2009 21:00,0.0,0.0,0.0,0.0,0.0,0.0,0.0
03.07.2009 22:00,0.0,0.0,0.0,0.0,0.0,0.0,0.0
03.07.2009 23:00,0.0,0.0,0.0,0.0,0.0,0.0,0.0
04.07.2009 00:00,0.0,0.0,0.0,0.0,0.0,0.0,0.0
04.07.2009 01:00,0.0,0.0,0.0,0.0,0.0,0.0,0.0
04.07.2009 02:00,0.0,0.0,0.0,0.0,0.0,0.0,0.0
04.07.2009 03:00,0.0,0.0,0.0,0.0,0.0,0.0,0.0
04.07.2009 04:00,0.004,0.0052,0.0059,0.0079,0.0093,0.0078,0.0071
04.07.2009 05:00,0.0353,0.0353,0.0494,0.0482,0.0432,0.0356,0.0349
04.07.2009 06:00,0.1681,0.1692,0.1496,0.1767,0.1997,0.1855,0.189
04.07.2009 07:00,0.354,0.3528,0.3147,0.3685,0.3951,0.3824,0.3928
04.07.2009 08:00,0.5062,0.531,0.5434,0.5562,0.545,0.5409,0.5649
04.07.2009 09:00,0.5884,0.6302,0.6756,0.6926,0.6369,0.6342,0.6784
04.07.2009 10:00,0.5422,0.6285,0.7357,0.769,0.6646,0.6155,0.7231
04.07.2009 11:00,0.3902,0.545,0.7829,0.8071,0.5909,0.584,0.6838
04.07.2009 12:00,0.3212,0.436,0.7878,0.7847,0.5631,0.5584,0.694
04.07.2009 13:00,0.2554,0.3404,0.6995,0.7332,0.5366,0.4375,0.578
04.07.2009 14:00,0.1537,0.2198,0.5257,0.5838,0.4487,0.2947,0.4626
04.07.2009 15:00,0.1409,0.1258,0.3725,0.4432,0.3336,0.0982,0.3288
04.07.2009 16:00,0.1848,0.1106,0.1285,0.2861,0.1925,0.0774,0.1368
04.07.2009 17:00,0.101,0.0651,0.0269,0.0954,0.0776,0.0619,0.0379
04.07.2009 18:00,0.0329,0.0253,0.0154,0.0226,0.0191,0.023,0.0095
04.07.2009 19:00,0.0,0.0,0.0,0.0,0.0,0.0,0.0
04.07.2009 20:00,0.0,0.0,0.0,0.0,0.0,0.0,0.0
04.07.2009 21:00,0.0,0.0,0.0,0.0,0.0,0.0,0.0
04.07.2009 22:00,0.0,0.0,0.0,0.0,0.0,0.0,0.0
04.07.2009 23:00,0.0,0.0,0.0,0.0,0.0,0.0,0.0
05.07.2009 00:00,0.0,0.0,0.0,0.0,0.0,0.0,0.0
05.07.2009 01:00,0.0,0.0,0.0,0.0,0.0,0.0,0.0
05.07.2009 02:00,0.0,0.0,0.0,0.0,0.0,0.0,0.0
05.07.2009 03:00,0.0,0.0,0.0,0.0,0.0,0.0,0.0
05.07.2009 04:00,0.0034,0.004,0.0059,0.0088,0.0096,0.0061,0.0068
05.07.2009 05:00,0.0353,0.0327,0.0453,0.0399,0.043,0.0442,0.0356
05.07.2009 06:00,0.1661,0.1294,0.1431,0.1854,0.1969,0.1774,0.1831
05.07.2009 07:00,0.3492,0.2944,0.2714,0.3736,0.3746,0.3285,0.3608
05.07.2009 08:00,0.4916,0.4558,0.3517,0.5186,0.5084,0.4053,0.5383
05.07.2009 09:00,0.545,0.552,0.5311,0.6209,0.4714,0.446,0.6438
05.07.2009 10:00,0.514,0.5464,0.6391,0.6685,0.3669,0.3484,0.6821
05.07.2009 11:00,0.4916,0.5359,0.7281,0.6307,0.3892,0.3731,0.637
05.07.2009 12:00,0.4422,0.4774,0.7206,0.6767,0.3957,0.4438,0.4807
05.07.2009 13:00,0.312,0.3305,0.5389,0.486,0.3232,0.3439,0.3538
05.07.2009 14:00,0.25,0.2366,0.3849,0.3844,0.2632,0.2519,0.3471
05.07.2009 15:00,0.1996,0.1703,0.2915,0.3571,0.2176,0.1861,0.2192
05.07.2009 16:00,0.1196,0.1293,0.1689,0.1659,0.1214,0.0888,0.1694
05.07.2009 17:00,0.0569,0.0689,0.0401,0.0454,0.0644,0.063,0.0941
05.07.2009 18:00,0.0129,0.0153,0.0138,0.0068,0.0182,0.0267,0.033
05.07.2009 19:00,0.0,0.0,0.0,0.0,0.0,0.0,0.0
05.07.2009 20:00,0.0,0.0,0.0,0.0,0.0,0.0,0.0
05.07.2009 21:00,0.0,0.0,0.0,0.0,0.0,0.0,0.0
05.07.2009 22:00,0.0,0.0,0.0,0.0,0.0,0.0,0.0
05.07.2009 23:00,0.0,0.0,0.0,0.0,0.0,0.0,0.0
06.07.2009 00:00,0.0,0.0,0.0,0.0,0.0,0.0,0.0
06.07.2009 01:00,0.0,0.0,0.0,0.0,0.0,0.0,0.0
06.07.2009 02:00,0.0,0.0,0.0,0.0,0.0,0.0,0.0
06.07.2009 03:00,0.0,0.0,0.0,0.0,0.0,0.0,0.0
06.07.2009 04:00,0.0025,0.0031,0.005,0.0081,0.0081,0.0038,0.0056
06.07.2009 05:00,0.0375,0.0301,0.0263,0.024,0.0361,0.0245,0.0448
06.07.2009 06:00,0.1282,0.1085,0.0876,0.0524,0.0877,0.0682,0.1736
06.07.2009 07:00,0.2598,0.2044,0.221,0.1382,0.1521,0.1165,0.3203
06.07.2009 08:00,0.3751,0.291,0.3895,0.1855,0.2262,0.1798,0.5048
06.07.2009 09:00,0.4718,0.3874,0.2367,0.272,0.3165,0.1676,0.6268
06.07.2009 10:00,0.537,0.4725,0.3906,0.1404,0.2613,0.2139,0.6594
06.07.2009 11:00,0.6226,0.5274,0.451,0.3199,0.307,0.3406,0.6806
06.07.2009 12:00,0.6073,0.5426,0.523,0.4652,0.4294,0.4063,0.6387
06.07.2009 13:00,0.562,0.5188,0.4946,0.5698,0.4576,0.4837,0.5671
06.07.2009 14:00,0.4953,0.4484,0.4752,0.5846,0.4233,0.4257,0.4904
06.07.2009 15:00,0.376,0.3395,0.4049,0.4312,0.3564,0.3327,0.3899
06.07.2009 16:00,0.2433,0.229,0.2345,0.2607,0.2346,0.1897,0.2554
06.07.2009 17:00,0.1168,0.1056,0.1262,0.1145,0.1026,0.09,0.0971
06.07.2009 18:00,0.0348,0.0345,0.0371,0.0313,0.0257,0.0172,0.026
06.07.2009 19:00,0.0,0.0,0.0,0.0,0.0,0.0,0.0
06.07.2009 20:00,0.0,0.0,0.0,0.0,0.0,0.0,0.0
06.07.2009 21:00,0.0,0.0,0.0,0.0,0.0,0.0,0.0
06.07.2009 22:00,0.0,0.0,0.0,0.0,0.0,0.0,0.0
06.07.2009 23:00,0.0,0.0,0.0,0.0,0.0,0.0,0.0
07.07.2009 00:00,0.0,0.0,0.0,0.0,0.0,0.0,0.0
07.07.2009 01:00,0.0,0.0,0.0,0.0,0.0,0.0,0.0
07.07.2009 02:00,0.0,0.0,0.0,0.0,0.0,0.0,0.0
07.07.2009 03:00,0.0,0.0,0.0,0.0,0.0,0.0,0.0
07.07.2009 04:00,0.0031,0.003,0.0051,0.0063,0.0057,0.0042,0.004
07.07.2009 05:00,0.035,0.0244,0.0095,0.0148,0.0123,0.0255,0.0219
07.07.2009 06:00,0.1254,0.0696,0.0324,0.05,0.054,0.0648,0.0518
07.07.2009 07:00,0.2207,0.1187,0.0757,0.0723,0.0722,0.1257,0.2336
07.07.2009 08:00,0.3049,0.1517,0.1328,0.0541,0.141,0.1549,0.3582
07.07.2009 09:00,0.3547,0.1657,0.1356,0.0919,0.2355,0.1549,0.4084
07.07.2009 10:00,0.3746,0.2259,0.1365,0.1437,0.2874,0.156,0.4416
07.07.2009 11:00,0.3862,0.2502,0.2308,0.2627,0.2575,0.217,0.3117
07.07.2009 12:00,0.3082,0.3051,0.1714,0.204,0.2216,0.166,0.2423
07.07.2009 13:00,0.27,0.3002,0.4184,0.1476,0.162,0.1766,0.1784
07.07.2009 14:00,0.2396,0.1884,0.1785,0.2701,0.1086,0.1347,0.1689
07.07.2009 15:00,0.1098,0.1558,0.1553,0.2312,0.0751,0.0814,0.2366
07.07.2009 16:00,0.0922,0.1071,0.2436,0.0952,0.0647,0.0574,0.0978
07.07.2009 17:00,0.0787,0.0579,0.0782,0.0638,0.0284,0.0347,0.0439
07.07.2009 18:00,0.0205,0.0312,0.0271,0.0107,0.0088,0.0154,0.0244
07.07.2009 19:00,0.0,0.0,0.0,0.0,0.0,0.0,0.0
07.07.2009 20:00,0.0,0.0,0.0,0.0,0.0,0.0,0.0
07.07.2009 21:00,0.0,0.0,0.0,0.0,0.0,0.0,0.0
07.07.2009 22:00,0.0,0.0,0.0,0.0,0.0,0.0,0.0
07.07.2009 23:00,0.0,0.0,0.0,0.0,0.0,0.0,0.0
08.07.2009 00:00,0.0,0.0,0.0,0.0,0.0,0.0,0.0
08.07.2009 01:00,0.0,0.0,0.0,0.0,0.0,0.0,0.0
08.07.2009 02:00,0.0,0.0,0.0,0.0,0.0,0.0,0.0
08.07.2009 03:00,0.0,0.0,0.0,0.0,0.0,0.0,0.0
08.07.2009 04:00,0.0023,0.0021,0.0026,0.0057,0.0073,0.0029,0.0062
08.07.2009 05:00,0.03,0.0238,0.0294,0.0264,0.0438,0.0269,0.0298
08.07.2009 06:00,0.103,0.073,0.1451,0.0506,0.1472,0.0694,0.1835
08.07.2009 07:00,0.2106,0.1706,0.1965,0.2013,0.2551,0.1164,0.3905
08.07.2009 08:00,0.3152,0.2617,0.3451,0.2106,0.3318,0.2325,0.5585
08.07.2009 09:00,0.4544,0.3446,0.3327,0.2814,0.4078,0.3245,0.675
08.07.2009 10:00,0.5087,0.4029,0.4774,0.4229,0.4743,0.3147,0.7742
08.07.2009 11:00,0.5679,0.474,0.4326,0.46,0.5554,0.3588,0.8112
08.07.2009 12:00,0.6092,0.495,0.4341,0.4736,0.5806,0.4102,0.8046
08.07.2009 13:00,0.5467,0.4345,0.3127,0.4668,0.5309,0.4325,0.7338
08.07.2009 14:00,0.5175,0.3878,0.2533,0.3336,0.4556,0.3123,0.6217
08.07.2009 15:00,0.3859,0.3027,0.323,0.219,0.3811,0.3173,0.4686
08.07.2009 16:00,0.2537,0.2002,0.1298,0.2516,0.2331,0.217,0.2988
08.07.2009 17:00,0.1102,0.0948,0.0605,0.0731,0.1005,0.091,0.123
08.07.2009 18:00,0.0343,0.0299,0.0238,0.0207,0.0256,0.0251,0.0319
08.07.2009 19:00,0.0,0.0,0.0,0.0,0.0,0.0,0.0
08.07.2009 20:00,0.0,0.0,0.0,0.0,0.0,0.0,0.0
08.07.2009 21:00,0.0,0.0,0.0,0.0,0.0,0.0,0.0
08.07.2009 22:00,0.0,0.0,0.0,0.0,0.0,0.0,0.0
08.07.2009 23:00,0.0,0.0,0.0,0.0,0.0,0.0,0.0
09.07.2009 00:00,0.0,0.0,0.0,0.0,0.0,0.0,0.0
09.07.2009 01:00,0.0,0.0,0.0,0.0,0.0,0.0,0.0
09.07.2009 02:00,0.0,0.0,0.0,0.0,0.0,0.0,0.0
09.07.2009 03:00,0.0,0.0,0.0,0.0,0.0,0.0,0.0
09.07.2009 04:00,0.0026,0.0031,0.0043,0.0072,0.0074,0.0047,0.0052
09.07.2009 05:00,0.0365,0.0366,0.0334,0.0358,0.0482,0.0442,0.044
09.07.2009 06:00,0.138,0.1137,0.1298,0.1475,0.1798,0.1687,0.183
09.07.2009 07:00,0.3247,0.2224,0.3314,0.2714,0.3288,0.3124,0.3598
09.07.2009 08:00,0.4373,0.2861,0.3934,0.4406,0.4083,0.3779,0.5372
09.07.2009 09:00,0.5032,0.4772,0.5008,0.5032,0.4941,0.4834,0.5361
09.07.2009 10:00,0.5332,0.5106,0.5196,0.5633,0.5265,0.5059,0.5764
09.07.2009 11:00,0.5984,0.2871,0.2086,0.453,0.4944,0.5452,0.7247
09.07.2009 12:00,0.5989,0.3542,0.2391,0.2524,0.4928,0.4362,0.6898
09.07.2009 13:00,0.5531,0.4714,0.077,0.4208,0.4272,0.3425,0.6212
09.07.2009 14:00,0.4662,0.3724,0.324,0.0966,0.3859,0.3003,0.5613
09.07.2009 15:00,0.3482,0.2907,0.4126,0.3737,0.2916,0.2996,0.4336
09.07.2009 16:00,0.2293,0.1583,0.1249,0.3026,0.218,0.1697,0.2727
09.07.2009 17:00,0.1041,0.0949,0.0907,0.0886,0.0843,0.0825,0.0952
09.07.2009 18:00,0.0304,0.0279,0.025,0.0236,0.0233,0.0246,0.0252
09.07.2009 19:00,0.0,0.0,0.0,0.0,0.0,0.0,0.0
09.07.2009 20:00,0.0,0.0,0.0,0.0,0.0,0.0,0.0
09.07.2009 21:00,0.0,0.0,0.0,0.0,0.0,0.0,0.0
09.07.2009 22:00,0.0,0.0,0.0,0.0,0.0,0.0,0.0
09.07.2009 23:00,0.0,0.0,0.0,0.0,0.0,0.0,0.0
10.07.2009 00:00,0.0,0.0,0.0,0.0,0.0,0.0,0.0
10.07.2009 01:00,0.0,0.0,0.0,0.0,0.0,0.0,0.0
10.07.2009 02:00,0.0,0.0,0.0,0.0,0.0,0.0,0.0
10.07.2009 03:00,0.0,0.0,0.0,0.0,0.0,0.0,0.0
10.07.2009 04:00,0.002,0.0017,0.0011,0.0012,0.0048,0.002,0.005
10.07.2009 05:00,0.0415,0.0327,0.0108,0.0145,0.0378,0.0273,0.0348
10.07.2009 06:00,0.1491,0.1135,0.1127,0.0762,0.1126,0.0753,0.1834
10.07.2009 07:00,0.3193,0.2605,0.2636,0.1846,0.2356,0.1538,0.3733
10.07.2009 08:00,0.4645,0.3931,0.4624,0.4021,0.3639,0.2468,0.5352
10.07.2009 09:00,0.5468,0.436,0.5287,0.339,0.4378,0.3088,0.6604
10.07.2009 10:00,0.5911,0.4756,0.3989,0.3919,0.4571,0.389,0.726
10.07.2009 11:00,0.6231,0.5523,0.404,0.3388,0.5401,0.4696,0.7369
10.07.2009 12:00,0.6898,0.5674,0.4921,0.3306,0.4998,0.5119,0.6122
10.07.2009 13:00,0.6597,0.4902,0.4352,0.6185,0.5105,0.4588,0.6546
10.07.2009 14:00,0.5698,0.407,0.2908,0.436,0.442,0.35,0.5614
10.07.2009 15:00,0.4279,0.3197,0.2906,0.241,0.3641,0.2718,0.4713
10.07.2009 16:00,0.2743,0.2404,0.1649,0.2298,0.2235,0.1998,0.3045
10.07.2009 17:00,0.1317,0.1226,0.1056,0.0816,0.1044,0.1082,0.1227
10.07.2009 18:00,0.0375,0.0374,0.0312,0.0218,0.0305,0.0316,0.0293
10.07.2009 19:00,0.0,0.0,0.0,0.0,0.0,0.0,0.0
10.07.2009 20:00,0.0,0.0,0.0,0.0,0.0,0.0,0.0
10.07.2009 21:00,0.0,0.0,0.0,0.0,0.0,0.0,0.0
10.07.2009 22:00,0.0,0.0,0.0,0.0,0.0,0.0,0.0
10.07.2009 23:00,0.0,0.0,0.0,0.0,0.0,0.0,0.0
11.07.2009 00:00,0.0,0.0,0.0,0.0,0.0,0.0,0.0
11.07.2009 01:00,0.0,0.0,0.0,0.0,0.0,0.0,0.0
11.07.2009 02:00,0.0,0.0,0.0,0.0,0.0,0.0,0.0
11.07.2009 03:00,0.0,0.0,0.0,0.0,0.0,0.0,0.0
11.07.2009 04:00,0.002,0.0017,0.0035,0.0054,0.0035,0.005,0.0038
11.07.2009 05:00,0.0279,0.0347,0.0205,0.0148,0.036,0.026,0.0454
11.07.2009 06:00,0.1259,0.1074,0.057,0.0515,0.1541,0.1067,0.1726
11.07.2009 07:00,0.2613,0.1696,0.0869,0.0812,0.3091,0.1733,0.3938
11.07.2009 08:00,0.4509,0.2911,0.2046,0.1714,0.3897,0.2364,0.5415
11.07.2009 09:00,0.5247,0.3613,0.3269,0.2417,0.3961,0.2664,0.6935
11.07.2009 10:00,0.5667,0.36,0.3035,0.2312,0.3596,0.2133,0.6869
11.07.2009 11:00,0.6327,0.453,0.3585,0.2982,0.2854,0.2517,0.534
11.07.2009 12:00,0.6896,0.5319,0.5296,0.5023,0.3076,0.2923,0.5603
11.07.2009 13:00,0.626,0.4443,0.4226,0.4834,0.2938,0.2402,0.4691
11.07.2009 14:00,0.5664,0.441,0.4436,0.3919,0.2817,0.2627,0.4245
11.07.2009 15:00,0.4637,0.4009,0.4818,0.4734,0.2768,0.2496,0.4353
11.07.2009 16:00,0.3163,0.2979,0.3307,0.2976,0.209,0.2255,0.2851
11.07.2009 17:00,0.1383,0.1369,0.133,0.1265,0.1084,0.1132,0.1206
11.07.2009 18:00,0.0368,0.0378,0.0305,0.0293,0.03,0.0331,0.0312
11.07.2009 19:00,0.0,0.0,0.0,0.0,0.0,0.0,0.0
11.07.2009 20:00,0.0,0.0,0.0,0.0,0.0,0.0,0.0
11.07.2009 21:00,0.0,0.0,0.0,0.0,0.0,0.0,0.0
11.07.2009 22:00,0.0,0.0,0.0,0.0,0.0,0.0,0.0
11.07.2009 23:00,0.0,0.0,0.0,0.0,0.0,0.0,0.0
12.07.2009 00:00,0.0,0.0,0.0,0.0,0.0,0.0,0.0
12.07.2009 01:00,0.0,0.0,0.0,0.0,0.0,0.0,0.0
12.07.2009 02:00,0.0,0.0,0.0,0.0,0.0,0.0,0.0
12.07.2009 03:00,0.0,0.0,0.0,0.0,0.0,0.0,0.0
12.07.2009 04:00,0.0023,0.0026,0.0041,0.0035,0.0066,0.0037,0.0034
12.07.2009 05:00,0.0319,0.0194,0.0171,0.0119,0.0382,0.0273,0.0412
12.07.2009 06:00,0.1244,0.0814,0.0484,0.1024,0.1128,0.0793,0.1691
12.07.2009 07:00,0.2386,0.1792,0.1463,0.0937,0.2216,0.1499,0.3118
12.07.2009 08:00,0.3651,0.3086,0.2075,0.277,0.3181,0.3079,0.4786
12.07.2009 09:00,0.4549,0.3796,0.2938,0.1843,0.39,0.3796,0.5512
12.07.2009 10:00,0.3888,0.3432,0.298,0.2595,0.3584,0.3503,0.4965
12.07.2009 11:00,0.4156,0.3965,0.2866,0.4425,0.3566,0.3127,0.439
12.07.2009 12:00,0.3661,0.324,0.311,0.3121,0.3264,0.3531,0.3966
12.07.2009 13:00,0.3025,0.2618,0.4456,0.3096,0.2446,0.2571,0.3544
12.07.2009 14:00,0.2801,0.1512,0.2654,0.2262,0.1932,0.1605,0.3216
12.07.2009 15:00,0.2121,0.1414,0.2036,0.2036,0.1643,0.1137,0.2333
12.07.2009 16:00,0.155,0.1121,0.094,0.1492,0.1001,0.1219,0.1489
12.07.2009 17:00,0.0998,0.0712,0.078,0.0513,0.0638,0.0566,0.0792
12.07.2009 18:00,0.0321,0.026,0.0212,0.0155,0.0216,0.0197,0.0259
12.07.2009 19:00,0.0,0.0,0.0,0.0,0.0,0.0,0.0
12.07.2009 20:00,0.0,0.0,0.0,0.0,0.0,0.0,0.0
12.07.2009 21:00,0.0,0.0,0.0,0.0,0.0,0.0,0.0
12.07.2009 22:00,0.0,0.0,0.0,0.0,0.0,0.0,0.0
12.07.2009 23:00,0.0,0.0,0.0,0.0,0.0,0.0,0.0
13.07.2009 00:00,0.0,0.0,0.0,0.0,0.0,0.0,0.0
13.07.2009 01:00,0.0,0.0,0.0,0.0,0.0,0.0,0.0
13.07.2009 02:00,0.0,0.0,0.0,0.0,0.0,0.0,0.0
13.07.2009 03:00,0.0,0.0,0.0,0.0,0.0,0.0,0.0
13.07.2009 04:00,0.0011,0.0022,0.0025,0.0031,0.0046,0.0027,0.003
13.07.2009 05:00,0.0338,0.0322,0.0438,0.046,0.0445,0.0327,0.0455
13.07.2009 06:00,0.1164,0.1214,0.1681,0.1579,0.158,0.1162,0.167
13.07.2009 07:00,0.26,0.2269,0.3682,0.35,0.3449,0.2796,0.3218
13.07.2009 08:00,0.4869,0.2826,0.3354,0.5243,0.5585,0.4061,0.5247
13.07.2009 09:00,0.6438,0.433,0.2246,0.4607,0.6251,0.4609,0.6388
13.07.2009 10:00,0.728,0.6307,0.167,0.1278,0.5847,0.3181,0.6765
13.07.2009 11:00,0.743,0.7725,0.6539,0.2331,0.4876,0.454,0.741
13.07.2009 12:00,0.6559,0.7254,0.6716,0.489,0.5916,0.7631,0.702
13.07.2009 13:00,0.4764,0.6323,0.7435,0.6328,0.6096,0.6712,0.6459
13.07.2009 14:00,0.3474,0.493,0.5013,0.6222,0.512,0.5452,0.5503
13.07.2009 15:00,0.3487,0.4086,0.3717,0.4327,0.4129,0.4684,0.4207
13.07.2009 16:00,0.2791,0.2812,0.2932,0.2668,0.2735,0.2802,0.2872
13.07.2009 17:00,0.1269,0.1326,0.0973,0.1165,0.1131,0.1208,0.112
13.07.2009 18:00,0.0298,0.0311,0.0306,0.0304,0.0291,0.0286,0.0297
13.07.2009 19:00,0.0,0.0,0.0,0.0,0.0,0.0,0.0
13.07.2009 20:00,0.0,0.0,0.0,0.0,0.0,0.0,0.0
13.07.2009 21:00,0.0,0.0,0.0,0.0,0.0,0.0,0.0
13.07.2009 22:00,0.0,0.0,0.0,0.0,0.0,0.0,0.0
13.07.2009 23:00,0.0,0.0,0.0,0.0,0.0,0.0,0.0
14.07.2009 00:00,0.0,0.0,0.0,0.0,0.0,0.0,0.0
14.07.2009 01:00,0.0,0.0,0.0,0.0,0.0,0.0,0.0
14.07.2009 02:00,0.0,0.0,0.0,0.0,0.0,0.0,0.0
14.07.2009 03:00,0.0,0.0,0.0,0.0,0.0,0.0,0.0
14.07.2009 04:00,0.0013,0.0016,0.0031,0.0032,0.0036,0.0021,0.0002
14.07.2009 05:00,0.0309,0.0238,0.0191,0.0166,0.0355,0.0284,0.0226
14.07.2009 06:00,0.119,0.119,0.1253,0.0621,0.1246,0.0605,0.0503
14.07.2009 07:00,0.2228,0.2232,0.3233,0.0846,0.2166,0.1742,0.1318
14.07.2009 08:00,0.2997,0.3305,0.4116,0.3493,0.3028,0.2736,0.2207
14.07.2009 09:00,0.3319,0.3153,0.4648,0.4615,0.4225,0.4979,0.3214
14.07.2009 10:00,0.4138,0.4278,0.4561,0.3147,0.5264,0.5382,0.3216
14.07.2009 11:00,0.4234,0.5653,0.71,0.4462,0.5592,0.4655,0.3788
14.07.2009 12:00,0.4518,0.5656,0.7322,0.7339,0.5409,0.567,0.3054
14.07.2009 13:00,0.4038,0.5968,0.4337,0.5291,0.4398,0.4344,0.2508
14.07.2009 14:00,0.4005,0.4312,0.4944,0.5013,0.3817,0.4709,0.2034
14.07.2009 15:00,0.3314,0.4115,0.2264,0.4235,0.357,0.3855,0.1874
14.07.2009 16:00,0.2145,0.2804,0.3076,0.2591,0.2329,0.2665,0.1665
14.07.2009 17:00,0.1019,0.1164,0.1219,0.1219,0.0986,0.0993,0.0872
14.07.2009 18:00,0.0276,0.0298,0.0332,0.0307,0.0224,0.0228,0.0153
14.07.2009 19:00,0.0,0.0,0.0,0.0,0.0,0.0,0.0
14.07.2009 20:00,0.0,0.0,0.0,0.0,0.0,0.0,0.0
14.07.2009 21:00,0.0,0.0,0.0,0.0,0.0,0.0,0.0
14.07.2009 22:00,0.0,0.0,0.0,0.0,0.0,0.0,0.0
14.07.2009 23:00,0.0,0.0,0.0,0.0,0.0,0.0,0.0
15.07.2009 00:00,0.0,0.0,0.0,0.0,0.0,0.0,0.0
15.07.2009 01:00,0.0,0.0,0.0,0.0,0.0,0.0,0.0
15.07.2009 02:00,0.0,0.0,0.0,0.0,0.0,0.0,0.0
15.07.2009 03:00,0.0,0.0,0.0,0.0,0.0,0.0,0.0
15.07.2009 04:00,0.0,0.0013,0.0024,0.0003,0.0031,0.0007,0.0
15.07.2009 05:00,0.029,0.0173,0.0038,0.0063,0.0284,0.0053,0.0141
15.07.2009 06:00,0.0966,0.0664,0.0172,0.0132,0.0409,0.0323,0.0435
15.07.2009 07:00,0.2334,0.1127,0.1025,0.0385,0.034,0.117,0.1018
15.07.2009 08:00,0.3246,0.264,0.1245,0.1792,0.0582,0.1748,0.1721
15.07.2009 09:00,0.3224,0.3917,0.4118,0.1463,0.1286,0.2491,0.2486
15.07.2009 10:00,0.2665,0.4774,0.499,0.1528,0.2809,0.3578,0.3102
15.07.2009 11:00,0.3239,0.4926,0.5612,0.5309,0.3513,0.4864,0.3021
15.07.2009 12:00,0.4159,0.4961,0.6037,0.7067,0.4631,0.5633,0.2107
15.07.2009 13:00,0.4077,0.4191,0.4603,0.6399,0.4006,0.3952,0.1868
15.07.2009 14:00,0.402,0.3592,0.4507,0.584,0.3402,0.2994,0.3243
15.07.2009 15:00,0.3736,0.2938,0.4023,0.3576,0.3098,0.2588,0.3144
15.07.2009 16:00,0.2375,0.2043,0.2813,0.2937,0.2148,0.2248,0.2665
15.07.2009 17:00,0.1192,0.0993,0.1147,0.1164,0.1043,0.0992,0.1119
15.07.2009 18:00,0.0309,0.0259,0.0316,0.0319,0.0282,0.0278,0.0268
15.07.2009 19:00,0.0,0.0,0.0,0.0,0.0,0.0,0.0
15.07.2009 20:00,0.0,0.0,0.0,0.0,0.0,0.0,0.0
15.07.2009 21:00,0.0,0.0,0.0,0.0,0.0,0.0,0.0
15.07.2009 22:00,0.0,0.0,0.0,0.0,0.0,0.0,0.0
15.07.2009 23:00,0.0,0.0,0.0,0.0,0.0,0.0,0.0
16.07.2009 00:00,0.0,0.0,0.0,0.0,0.0,0.0,0.0
16.07.2009 01:00,0.0,0.0,0.0,0.0,0.0,0.0,0.0
16.07.2009 02:00,0.0,0.0,0.0,0.0,0.0,0.0,0.0
16.07.2009 03:00,0.0,0.0,0.0,0.0,0.0,0.0,0.0
16.07.2009 04:00,0.0014,0.0013,0.0024,0.0027,0.0042,0.0019,0.0018
16.07.2009 05:00,0.0369,0.0367,0.0441,0.0419,0.0374,0.0377,0.0308
16.07.2009 06:00,0.1546,0.1375,0.1261,0.1551,0.1857,0.1459,0.1759
16.07.2009 07:00,0.3528,0.3318,0.2017,0.2164,0.383,0.3063,0.3821
16.07.2009 08:00,0.5206,0.5004,0.4132,0.394,0.5491,0.5018,0.5576
16.07.2009 09:00,0.6424,0.6248,0.6105,0.6231,0.6543,0.619,0.6793
16.07.2009 10:00,0.7124,0.6851,0.7284,0.724,0.7038,0.674,0.7586
16.07.2009 11:00,0.7463,0.7186,0.7384,0.7589,0.71,0.6649,0.783
16.07.2009 12:00,0.7372,0.7152,0.7014,0.7462,0.6896,0.6367,0.7708
16.07.2009 13:00,0.6859,0.6836,0.6781,0.6932,0.624,0.6004,0.7044
16.07.2009 14:00,0.6018,0.5926,0.6127,0.6228,0.5442,0.5357,0.604
16.07.2009 15:00,0.4705,0.4703,0.4922,0.4859,0.4284,0.4181,0.4672
16.07.2009 16:00,0.3073,0.3146,0.3195,0.3123,0.278,0.2681,0.2986
16.07.2009 17:00,0.1307,0.1326,0.1272,0.1206,0.1095,0.1182,0.1159
16.07.2009 18:00,0.0304,0.0318,0.0305,0.0305,0.0258,0.0315,0.0282
16.07.2009 19:00,0.0,0.0,0.0,0.0,0.0,0.0,0.0
16.07.2009 20:00,0.0,0.0,0.0,0.0,0.0,0.0,0.0
16.07.2009 21:00,0.0,0.0,0.0,0.0,0.0,0.0,0.0
16.07.2009 22:00,0.0,0.0,0.0,0.0,0.0,0.0,0.0
16.07.2009 23:00,0.0,0.0,0.0,0.0,0.0,0.0,0.0
17.07.2009 00:00,0.0,0.0,0.0,0.0,0.0,0.0,0.0
17.07.2009 01:00,0.0,0.0,0.0,0.0,0.0,0.0,0.0
17.07.2009 02:00,0.0,0.0,0.0,0.0,0.0,0.0,0.0
17.07.2009 03:00,0.0,0.0,0.0,0.0,0.0,0.0,0.0
17.07.2009 04:00,0.0018,0.0014,0.0006,0.0006,0.0009,0.0007,0.0011
17.07.2009 05:00,0.0249,0.0234,0.0168,0.0202,0.0061,0.0163,0.0088
17.07.2009 06:00,0.0764,0.0439,0.0578,0.0467,0.0162,0.0533,0.0298
17.07.2009 07:00,0.1112,0.0807,0.0556,0.0782,0.0349,0.1064,0.0881
17.07.2009 08:00,0.2005,0.1204,0.0496,0.0754,0.092,0.081,0.0939
17.07.2009 09:00,0.3003,0.2437,0.0577,0.0573,0.1496,0.0599,0.076
17.07.2009 10:00,0.2471,0.3718,0.1699,0.0545,0.1434,0.2257,0.1239
17.07.2009 11:00,0.2416,0.2244,0.2472,0.3774,0.1596,0.2747,0.1752
17.07.2009 12:00,0.2189,0.1421,0.1789,0.5408,0.2015,0.3373,0.111
17.07.2009 13:00,0.1722,0.0864,0.17,0.4914,0.1637,0.1675,0.0778
17.07.2009 14:00,0.1218,0.0722,0.0762,0.2603,0.0929,0.097,0.0604
17.07.2009 15:00,0.0596,0.0413,0.0383,0.104,0.0517,0.0466,0.1046
17.07.2009 16:00,0.0779,0.0478,0.04,0.0307,0.0313,0.0241,0.0262
17.07.2009 17:00,0.0421,0.0238,0.0256,0.0108,0.0263,0.0168,0.0569
17.07.2009 18:00,0.0108,0.0141,0.0102,0.0171,0.0108,0.0075,0.0072
17.07.2009 19:00,0.0,0.0,0.0,0.0,0.0,0.0,0.0
17.07.2009 20:00,0.0,0.0,0.0,0.0,0.0,0.0,0.0
17.07.2009 21:00,0.0,0.0,0.0,0.0,0.0,0.0,0.0
17.07.2009 22:00,0.0,0.0,0.0,0.0,0.0,0.0,0.0
17.07.2009 23:00,0.0,0.0,0.0,0.0,0.0,0.0,0.0
18.07.2009 00:00,0.0,0.0,0.0,0.0,0.0,0.0,0.0
18.07.2009 01:00,0.0,0.0,0.0,0.0,0.0,0.0,0.0
18.07.2009 02:00,0.0,0.0,0.0,0.0,0.0,0.0,0.0
18.07.2009 03:00,0.0,0.0,0.0,0.0,0.0,0.0,0.0
18.07.2009 04:00,0.0,0.0,0.0,0.0,0.0008,0.0,0.0
18.07.2009 05:00,0.0164,0.0207,0.0146,0.0092,0.0094,0.0138,0.0187
18.07.2009 06:00,0.0572,0.0468,0.0468,0.0228,0.0266,0.0313,0.0895
18.07.2009 07:00,0.1021,0.066,0.0972,0.0432,0.0548,0.0743,0.1923
18.07.2009 08:00,0.1334,0.0765,0.0826,0.1214,0.0814,0.0848,0.3546
18.07.2009 09:00,0.1692,0.0871,0.0896,0.0786,0.1074,0.0959,0.5204
18.07.2009 10:00,0.1526,0.08,0.0844,0.0632,0.144,0.0764,0.6355
18.07.2009 11:00,0.1696,0.1032,0.1175,0.0865,0.171,0.0769,0.7358
18.07.2009 12:00,0.2352,0.1343,0.1985,0.1243,0.1814,0.0796,0.7435
18.07.2009 13:00,0.3155,0.1882,0.3136,0.2168,0.1861,0.095,0.7537
18.07.2009 14:00,0.3758,0.23,0.3583,0.1703,0.173,0.1208,0.6474
18.07.2009 15:00,0.3224,0.2646,0.2677,0.1839,0.1669,0.1384,0.4928
18.07.2009 16:00,0.2258,0.2024,0.2172,0.1347,0.1187,0.1079,0.3087
18.07.2009 17:00,0.1172,0.1118,0.1067,0.0762,0.0677,0.068,0.1196
18.07.2009 18:00,0.0333,0.0335,0.028,0.0306,0.0184,0.0247,0.0275
18.07.2009 19:00,0.0,0.0,0.0,0.0,0.0,0.0,0.0
18.07.2009 20:00,0.0,0.0,0.0,0.0,0.0,0.0,0.0
18.07.2009 21:00,0.0,0.0,0.0,0.0,0.0,0.0,0.0
18.07.2009 22:00,0.0,0.0,0.0,0.0,0.0,0.0,0.0
18.07.2009 23:00,0.0,0.0,0.0,0.0,0.0,0.0,0.0
19.07.2009 00:00,0.0,0.0,0.0,0.0,0.0,0.0,0.0
19.07.2009 01:00,0.0,0.0,0.0,0.0,0.0,0.0,0.0
19.07.2009 02:00,0.0,0.0,0.0,0.0,0.0,0.0,0.0
19.07.2009 03:00,0.0,0.0,0.0,0.0,0.0,0.0,0.0
19.07.2009 04:00,0.0,0.0,0.0,0.0003,0.0026,0.0003,0.0014
19.07.2009 05:00,0.0271,0.018,0.02,0.0191,0.0333,0.0216,0.0295
19.07.2009 06:00,0.1087,0.0756,0.0712,0.0482,0.1208,0.0704,0.1744
19.07.2009 07:00,0.2382,0.1816,0.1742,0.1214,0.2366,0.1515,0.3874
19.07.2009 08:00,0.384,0.2815,0.2913,0.2916,0.3589,0.3572,0.5709
19.07.2009 09:00,0.566,0.347,0.2982,0.3853,0.5089,0.5388,0.7036
19.07.2009 10:00,0.6062,0.4645,0.3495,0.2784,0.528,0.529,0.7964
19.07.2009 11:00,0.6697,0.5432,0.5259,0.3843,0.5889,0.5733,0.8371
19.07.2009 12:00,0.705,0.6153,0.7058,0.4731,0.5647,0.5138,0.825
19.07.2009 13:00,0.6719,0.615,0.6556,0.5022,0.545,0.4657,0.7598
19.07.2009 14:00,0.5909,0.5633,0.5618,0.5082,0.48,0.4015,0.6477
19.07.2009 15:00,0.4869,0.4715,0.4923,0.4202,0.3936,0.3606,0.5023
19.07.2009 16:00,0.3205,0.3135,0.3276,0.2784,0.264,0.2266,0.3148
19.07.2009 17:00,0.1333,0.1313,0.1303,0.1112,0.1097,0.1045,0.1156
19.07.2009 18:00,0.0306,0.0311,0.03,0.0272,0.026,0.0239,0.0251
19.07.2009 19:00,0.0,0.0,0.0,0.0,0.0,0.0,0.0
19.07.2009 20:00,0.0,0.0,0.0,0.0,0.0,0.0,0.0
19.07.2009 21:00,0.0,0.0,0.0,0.0,0.0,0.0,0.0
19.07.2009 22:00,0.0,0.0,0.0,0.0,0.0,0.0,0.0
19.07.2009 23:00,0.0,0.0,0.0,0.0,0.0,0.0,0.0
20.07.2009 00:00,0.0,0.0,0.0,0.0,0.0,0.0,0.0
20.07.2009 01:00,0.0,0.0,0.0,0.0,0.0,0.0,0.0
20.07.2009 02:00,0.0,0.0,0.0,0.0,0.0,0.0,0.0
20.07.2009 03:00,0.0,0.0,0.0,0.0,0.0,0.0,0.0
20.07.2009 04:00,0.0,0.0,0.0006,0.001,0.0023,0.0006,0.0
20.07.2009 05:00,0.0341,0.0389,0.0378,0.0405,0.0415,0.0416,0.0366
20.07.2009 06:00,0.1524,0.1579,0.163,0.1438,0.1704,0.1636,0.1651
20.07.2009 07:00,0.3555,0.3608,0.3724,0.3077,0.35,0.3614,0.3446
20.07.2009 08:00,0.5348,0.5307,0.5518,0.5105,0.4904,0.5285,0.5134
20.07.2009 09:00,0.6718,0.6456,0.6012,0.6068,0.6092,0.5925,0.6449
20.07.2009 10:00,0.7622,0.7165,0.5947,0.6333,0.6763,0.6217,0.7052
20.07.2009 11:00,0.806,0.7623,0.6616,0.7225,0.6564,0.6236,0.6912
20.07.2009 12:00,0.8032,0.7774,0.6826,0.6946,0.5617,0.5436,0.6669
20.07.2009 13:00,0.7362,0.7021,0.6922,0.7205,0.4631,0.4771,0.5952
20.07.2009 14:00,0.6308,0.6278,0.5836,0.6354,0.4299,0.4427,0.5532
20.07.2009 15:00,0.487,0.4977,0.5002,0.5099,0.3827,0.3747,0.4005
20.07.2009 16:00,0.3189,0.319,0.3224,0.3238,0.2735,0.2695,0.2712
20.07.2009 17:00,0.1323,0.1311,0.1259,0.1194,0.1091,0.1104,0.1108
20.07.2009 18:00,0.0293,0.0289,0.0273,0.0272,0.0251,0.0271,0.0261
20.07.2009 19:00,0.0,0.0,0.0,0.0,0.0,0.0,0.0
20.07.2009 20:00,0.0,0.0,0.0,0.0,0.0,0.0,0.0
20.07.2009 21:00,0.0,0.0,0.0,0.0,0.0,0.0,0.0
20.07.2009 22:00,0.0,0.0,0.0,0.0,0.0,0.0,0.0
20.07.2009 23:00,0.0,0.0,0.0,0.0,0.0,0.0,0.0
21.07.2009 00:00,0.0,0.0,0.0,0.0,0.0,0.0,0.0
21.07.2009 01:00,0.0,0.0,0.0,0.0,0.0,0.0,0.0
21.07.2009 02:00,0.0,0.0,0.0,0.0,0.0,0.0,0.0
21.07.2009 03:00,0.0,0.0,0.0,0.0,0.0,0.0,0.0
21.07.2009 04:00,0.0,0.0,0.0,0.0009,0.0013,0.0,0.0
21.07.2009 05:00,0.0262,0.0368,0.0375,0.0356,0.0361,0.0259,0.042
21.07.2009 06:00,0.0885,0.1396,0.1512,0.1382,0.1372,0.1608,0.1443
21.07.2009 07:00,0.2105,0.2596,0.3609,0.3651,0.3331,0.3407,0.317
21.07.2009 08:00,0.4348,0.4493,0.5357,0.523,0.5185,0.4591,0.4002
21.07.2009 09:00,0.5694,0.6508,0.6676,0.679,0.6499,0.6425,0.444
21.07.2009 10:00,0.6128,0.7233,0.7146,0.7545,0.714,0.7648,0.7219
21.07.2009 11:00,0.5548,0.6587,0.7833,0.7952,0.6926,0.699,0.763
21.07.2009 12:00,0.5465,0.508,0.5213,0.5373,0.5033,0.4571,0.6328
21.07.2009 13:00,0.4649,0.4339,0.4544,0.4697,0.4367,0.3814,0.5502
21.07.2009 14:00,0.4118,0.3802,0.4135,0.4102,0.3734,0.3056,0.4766
21.07.2009 15:00,0.4103,0.4643,0.508,0.5043,0.4185,0.4513,0.426
21.07.2009 16:00,0.2874,0.3176,0.3206,0.3107,0.2808,0.2928,0.2844
21.07.2009 17:00,0.1282,0.1287,0.1241,0.1174,0.1066,0.118,0.1108
21.07.2009 18:00,0.0285,0.0294,0.0279,0.0258,0.0244,0.0251,0.0256
21.07.2009 19:00,0.0,0.0,0.0,0.0,0.0,0.0,0.0
21.07.2009 20:00,0.0,0.0,0.0,0.0,0.0,0.0,0.0
21.07.2009 21:00,0.0,0.0,0.0,0.0,0.0,0.0,0.0
21.07.2009 22:00,0.0,0.0,0.0,0.0,0.0,0.0,0.0
21.07.2009 23:00,0.0,0.0,0.0,0.0,0.0,0.0,0.0
22.07.2009 00:00,0.0,0.0,0.0,0.0,0.0,0.0,0.0
22.07.2009 01:00,0.0,0.0,0.0,0.0,0.0,0.0,0.0
22.07.2009 02:00,0.0,0.0,0.0,0.0,0.0,0.0,0.0
22.07.2009 03:00,0.0,0.0,0.0,0.0,0.0,0.0,0.0
22.07.2009 04:00,0.0,0.0,0.0,0.0,0.0014,0.0,0.0
22.07.2009 05:00,0.0296,0.0188,0.0114,0.0204,0.0315,0.0265,0.0391
22.07.2009 06:00,0.1029,0.0601,0.0427,0.0592,0.1347,0.0869,0.1338
22.07.2009 07:00,0.1807,0.1422,0.0818,0.1377,0.3166,0.1551,0.133
22.07.2009 08:00,0.2311,0.1481,0.0749,0.1939,0.4478,0.2252,0.1959
22.07.2009 09:00,0.3708,0.2122,0.0939,0.1662,0.3759,0.2293,0.3039
22.07.2009 10:00,0.2598,0.39,0.1729,0.2539,0.4653,0.3843,0.2537
22.07.2009 11:00,0.2619,0.2844,0.3318,0.4767,0.4715,0.2457,0.2759
22.07.2009 12:00,0.1948,0.3355,0.48,0.6274,0.3654,0.4429,0.3385
22.07.2009 13:00,0.3173,0.1853,0.3111,0.3921,0.3749,0.393,0.1357
22.07.2009 14:00,0.4857,0.4185,0.1881,0.2482,0.2719,0.1552,0.4394
22.07.2009 15:00,0.2627,0.307,0.3491,0.4013,0.2878,0.4208,0.3179
22.07.2009 16:00,0.1678,0.151,0.1356,0.1644,0.2048,0.1469,0.115
22.07.2009 17:00,0.0946,0.1092,0.0882,0.0726,0.0697,0.0988,0.0882
22.07.2009 18:00,0.0262,0.0186,0.0256,0.0249,0.0239,0.0264,0.0258
22.07.2009 19:00,0.0,0.0,0.0,0.0,0.0,0.0,0.0
22.07.2009 20:00,0.0,0.0,0.0,0.0,0.0,0.0,0.0
22.07.2009 21:00,0.0,0.0,0.0,0.0,0.0,0.0,0.0
22.07.2009 22:00,0.0,0.0,0.0,0.0,0.0,0.0,0.0
22.07.2009 23:00,0.0,0.0,0.0,0.0,0.0,0.0,0.0
23.07.2009 00:00,0.0,0.0,0.0,0.0,0.0,0.0,0.0
23.07.2009 01:00,0.0,0.0,0.0,0.0,0.0,0.0,0.0
23.07.2009 02:00,0.0,0.0,0.0,0.0,0.0,0.0,0.0
23.07.2009 03:00,0.0,0.0,0.0,0.0,0.0,0.0,0.0
23.07.2009 04:00,0.0,0.0,0.0,0.0,0.0009,0.0,0.0
23.07.2009 05:00,0.0109,0.007,0.0221,0.038,0.0394,0.0333,0.0239
23.07.2009 06:00,0.0484,0.0329,0.0352,0.1471,0.1634,0.1038,0.1072
23.07.2009 07:00,0.1381,0.1002,0.2278,0.333,0.3492,0.1976,0.2478
23.07.2009 08:00,0.1986,0.1672,0.2253,0.5071,0.5251,0.3688,0.3706
23.07.2009 09:00,0.1803,0.24,0.4256,0.5696,0.6584,0.3888,0.3922
23.07.2009 10:00,0.2147,0.2799,0.6068,0.7683,0.7237,0.5715,0.436
23.07.2009 11:00,0.276,0.3665,0.3281,0.6558,0.7006,0.5473,0.4291
23.07.2009 12:00,0.214,0.2476,0.4222,0.4544,0.6627,0.3532,0.3536
23.07.2009 13:00,0.1696,0.1535,0.1726,0.4943,0.553,0.2251,0.2143
23.07.2009 14:00,0.116,0.1528,0.0396,0.0444,0.3515,0.112,0.1533
23.07.2009 15:00,0.2178,0.0495,0.09,0.0849,0.1832,0.0871,0.1168
23.07.2009 16:00,0.0745,0.09,0.044,0.0211,0.1173,0.0233,0.0628
23.07.2009 17:00,0.0554,0.0425,0.0776,0.0246,0.0522,0.026,0.0395
23.07.2009 18:00,0.0158,0.018,0.0235,0.0065,0.0148,0.0055,0.0155
23.07.2009 19:00,0.0,0.0,0.0,0.0,0.0,0.0,0.0
23.07.2009 20:00,0.0,0.0,0.0,0.0,0.0,0.0,0.0
23.07.2009 21:00,0.0,0.0,0.0,0.0,0.0,0.0,0.0
23.07.2009 22:00,0.0,0.0,0.0,0.0,0.0,0.0,0.0
23.07.2009 23:00,0.0,0.0,0.0,0.0,0.0,0.0,0.0
24.07.2009 00:00,0.0,0.0,0.0,0.0,0.0,0.0,0.0
24.07.2009 01:00,0.0,0.0,0.0,0.0,0.0,0.0,0.0
24.07.2009 02:00,0.0,0.0,0.0,0.0,0.0,0.0,0.0
24.07.2009 03:00,0.0,0.0,0.0,0.0,0.0,0.0,0.0
24.07.2009 04:00,0.0,0.0,0.0,0.0,0.0015,0.0,0.0
24.07.2009 05:00,0.0336,0.0346,0.0298,0.0292,0.0343,0.0374,0.0274
24.07.2009 06:00,0.1453,0.1476,0.1605,0.1676,0.1654,0.1626,0.1686
24.07.2009 07:00,0.344,0.3385,0.3622,0.3739,0.3591,0.3605,0.3726
24.07.2009 08:00,0.493,0.4869,0.5148,0.5534,0.5221,0.5063,0.5293
24.07.2009 09:00,0.5567,0.4949,0.6023,0.6329,0.5845,0.5288,0.5808
24.07.2009 10:00,0.5402,0.4833,0.5535,0.5636,0.5354,0.5194,0.6
24.07.2009 11:00,0.5629,0.5643,0.6085,0.7044,0.52,0.5196,0.5961
24.07.2009 12:00,0.5585,0.4831,0.5867,0.6175,0.51,0.5125,0.5206
24.07.2009 13:00,0.3997,0.2339,0.2979,0.5405,0.4397,0.388,0.4751
24.07.2009 14:00,0.2741,0.0986,0.0708,0.2193,0.277,0.1282,0.2728
24.07.2009 15:00,0.1103,0.0758,0.0592,0.0428,0.1768,0.0785,0.3114
24.07.2009 16:00,0.0566,0.0415,0.053,0.0566,0.1145,0.053,0.1239
24.07.2009 17:00,0.0362,0.0454,0.0273,0.0236,0.0473,0.02,0.0606
24.07.2009 18:00,0.0154,0.0192,0.0185,0.0033,0.0107,0.0142,0.0052
24.07.2009 19:00,0.0,0.0,0.0,0.0,0.0,0.0,0.0
24.07.2009 20:00,0.0,0.0,0.0,0.0,0.0,0.0,0.0
24.07.2009 21:00,0.0,0.0,0.0,0.0,0.0,0.0,0.0
24.07.2009 22:00,0.0,0.0,0.0,0.0,0.0,0.0,0.0
24.07.2009 23:00,0.0,0.0,0.0,0.0,0.0,0.0,0.0
25.07.2009 00:00,0.0,0.0,0.0,0.0,0.0,0.0,0.0
25.07.2009 01:00,0.0,0.0,0.0,0.0,0.0,0.0,0.0
25.07.2009 02:00,0.0,0.0,0.0,0.0,0.0,0.0,0.0
25.07.2009 03:00,0.0,0.0,0.0,0.0,0.0,0.0,0.0
25.07.2009 04:00,0.0,0.0,0.0,0.0,0.0007,0.0,0.0
25.07.2009 05:00,0.0339,0.036,0.0306,0.0317,0.0333,0.0304,0.0272
25.07.2009 06:00,0.1488,0.1398,0.1086,0.1049,0.1243,0.1174,0.1702
25.07.2009 07:00,0.3592,0.3233,0.2381,0.2326,0.2498,0.2574,0.3851
25.07.2009 08:00,0.5401,0.4455,0.3836,0.3497,0.3912,0.3128,0.58
25.07.2009 09:00,0.6717,0.5263,0.3493,0.4522,0.5163,0.3902,0.7272
25.07.2009 10:00,0.7411,0.5532,0.4091,0.4646,0.5836,0.3864,0.8233
25.07.2009 11:00,0.786,0.6106,0.6048,0.5375,0.6232,0.4622,0.8588
25.07.2009 12:00,0.7892,0.6583,0.6033,0.6584,0.615,0.4639,0.8537
25.07.2009 13:00,0.7387,0.6399,0.5688,0.6349,0.6058,0.4603,0.7896
25.07.2009 14:00,0.6536,0.5718,0.5511,0.4955,0.5161,0.4349,0.6838
25.07.2009 15:00,0.5179,0.4659,0.4673,0.4637,0.4159,0.3621,0.5223
25.07.2009 16:00,0.3372,0.3167,0.308,0.2861,0.2789,0.2387,0.3191
25.07.2009 17:00,0.1325,0.13,0.1253,0.1182,0.1058,0.0993,0.112
25.07.2009 18:00,0.0264,0.0282,0.0263,0.0259,0.0229,0.0212,0.0223
25.07.2009 19:00,0.0,0.0,0.0,0.0,0.0,0.0,0.0
25.07.2009 20:00,0.0,0.0,0.0,0.0,0.0,0.0,0.0
25.07.2009 21:00,0.0,0.0,0.0,0.0,0.0,0.0,0.0
25.07.2009 22:00,0.0,0.0,0.0,0.0,0.0,0.0,0.0
25.07.2009 23:00,0.0,0.0,0.0,0.0,0.0,0.0,0.0
26.07.2009 00:00,0.0,0.0,0.0,0.0,0.0,0.0,0.0
26.07.2009 01:00,0.0,0.0,0.0,0.0,0.0,0.0,0.0
26.07.2009 02:00,0.0,0.0,0.0,0.0,0.0,0.0,0.0
26.07.2009 03:00,0.0,0.0,0.0,0.0,0.0,0.0,0.0
26.07.2009 04:00,0.0,0.0,0.0,0.0,0.0017,0.0,0.0
26.07.2009 05:00,0.0284,0.0304,0.0273,0.0247,0.0267,0.0312,0.0312
26.07.2009 06:00,0.1485,0.153,0.1618,0.1712,0.1808,0.1668,0.1397
26.07.2009 07:00,0.3641,0.3667,0.375,0.3837,0.3893,0.3806,0.2987
26.07.2009 08:00,0.5479,0.5499,0.5534,0.5602,0.5648,0.5621,0.4598
26.07.2009 09:00,0.6817,0.6823,0.6821,0.6849,0.6946,0.6908,0.5994
26.07.2009 10:00,0.7669,0.7654,0.7645,0.7647,0.7756,0.7698,0.7068
26.07.2009 11:00,0.8069,0.8024,0.7941,0.7954,0.8137,0.8027,0.7736
26.07.2009 12:00,0.8046,0.794,0.7835,0.7853,0.8042,0.79,0.7583
26.07.2009 13:00,0.753,0.7458,0.7401,0.7422,0.7488,0.7403,0.703
26.07.2009 14:00,0.6561,0.6499,0.6413,0.6426,0.6468,0.6446,0.6069
26.07.2009 15:00,0.5102,0.5089,0.4979,0.4937,0.4974,0.503,0.4664
26.07.2009 16:00,0.3238,0.3258,0.3185,0.3129,0.3029,0.3171,0.296
26.07.2009 17:00,0.1267,0.127,0.1208,0.1142,0.1041,0.1152,0.1097
26.07.2009 18:00,0.0252,0.0266,0.0234,0.0215,0.0205,0.0234,0.0225
26.07.2009 19:00,0.0,0.0,0.0,0.0,0.0,0.0,0.0
26.07.2009 20:00,0.0,0.0,0.0,0.0,0.0,0.0,0.0
26.07.2009 21:00,0.0,0.0,0.0,0.0,0.0,0.0,0.0
26.07.2009 22:00,0.0,0.0,0.0,0.0,0.0,0.0,0.0
26.07.2009 23:00,0.0,0.0,0.0,0.0,0.0,0.0,0.0
27.07.2009 00:00,0.0,0.0,0.0,0.0,0.0,0.0,0.0
27.07.2009 01:00,0.0,0.0,0.0,0.0,0.0,0.0,0.0
27.07.2009 02:00,0.0,0.0,0.0,0.0,0.0,0.0,0.0
27.07.2009 03:00,0.0,0.0,0.0,0.0,0.0,0.0,0.0
27.07.2009 04:00,0.0,0.0,0.0,0.0,0.0,0.0,0.0
27.07.2009 05:00,0.0279,0.0282,0.0264,0.0223,0.0242,0.0238,0.0305
27.07.2009 06:00,0.143,0.1495,0.1582,0.1675,0.1787,0.1629,0.1619
27.07.2009 07:00,0.3483,0.3615,0.3692,0.379,0.3931,0.3762,0.3218
27.07.2009 08:00,0.527,0.545,0.5468,0.5566,0.5673,0.5577,0.4416
27.07.2009 09:00,0.6526,0.6816,0.6785,0.6878,0.6961,0.6906,0.523
27.07.2009 10:00,0.7221,0.7643,0.7694,0.7763,0.7746,0.7763,0.5753
27.07.2009 11:00,0.7158,0.7898,0.8063,0.8119,0.8079,0.816,0.5909
27.07.2009 12:00,0.6256,0.6665,0.794,0.802,0.7936,0.8052,0.6081
27.07.2009 13:00,0.689,0.4686,0.5037,0.7492,0.7315,0.648,0.5658
27.07.2009 14:00,0.4754,0.5248,0.2529,0.251,0.5519,0.4916,0.4906
27.07.2009 15:00,0.396,0.3018,0.4326,0.3372,0.3704,0.4472,0.3775
27.07.2009 16:00,0.2246,0.2238,0.0999,0.1689,0.2681,0.1724,0.2625
27.07.2009 17:00,0.0953,0.1078,0.0768,0.0621,0.0899,0.0598,0.0995
27.07.2009 18:00,0.024,0.0198,0.0213,0.0158,0.0163,0.0211,0.0222
27.07.2009 19:00,0.0,0.0,0.0,0.0,0.0,0.0,0.0
27.07.2009 20:00,0.0,0.0,0.0,0.0,0.0,0.0,0.0
27.07.2009 21:00,0.0,0.0,0.0,0.0,0.0,0.0,0.0
27.07.2009 22:00,0.0,0.0,0.0,0.0,0.0,0.0,0.0
27.07.2009 23:00,0.0,0.0,0.0,0.0,0.0,0.0,0.0
28.07.2009 00:00,0.0,0.0,0.0,0.0,0.0,0.0,0.0
28.07.2009 01:00,0.0,0.0,0.0,0.0,0.0,0.0,0.0
28.07.2009 02:00,0.0,0.0,0.0,0.0,0.0,0.0,0.0
28.07.2009 03:00,0.0,0.0,0.0,0.0,0.0,0.0,0.0
28.07.2009 04:00,0.0,0.0,0.0,0.0,0.0,0.0,0.0
28.07.2009 05:00,0.032,0.0348,0.0344,0.0348,0.032,0.0292,0.0252
28.07.2009 06:00,0.1382,0.1368,0.1569,0.1633,0.1472,0.134,0.1659
28.07.2009 07:00,0.33,0.3235,0.3422,0.3303,0.3179,0.2925,0.3825
28.07.2009 08:00,0.4991,0.5017,0.5188,0.4778,0.4786,0.4275,0.5526
28.07.2009 09:00,0.6384,0.6045,0.5967,0.5687,0.6093,0.5428,0.7059
28.07.2009 10:00,0.718,0.6358,0.6007,0.6177,0.6816,0.563,0.7742
28.07.2009 11:00,0.7643,0.6807,0.6319,0.6605,0.7256,0.5863,0.8233
28.07.2009 12:00,0.7696,0.6713,0.6489,0.6884,0.7173,0.5848,0.8005
28.07.2009 13:00,0.7379,0.6259,0.6317,0.6502,0.6841,0.5459,0.6991
28.07.2009 14:00,0.6452,0.5348,0.5706,0.5741,0.5843,0.4497,0.6002
28.07.2009 15:00,0.5079,0.4602,0.4667,0.447,0.4517,0.3644,0.5
28.07.2009 16:00,0.3271,0.3104,0.3121,0.2981,0.2849,0.2719,0.3098
28.07.2009 17:00,0.1262,0.1248,0.1202,0.1134,0.1024,0.112,0.1064
28.07.2009 18:00,0.0244,0.0262,0.025,0.0244,0.0206,0.0248,0.0207
28.07.2009 19:00,0.0,0.0,0.0,0.0,0.0,0.0,0.0
28.07.2009 20:00,0.0,0.0,0.0,0.0,0.0,0.0,0.0
28.07.2009 21:00,0.0,0.0,0.0,0.0,0.0,0.0,0.0
28.07.2009 22:00,0.0,0.0,0.0,0.0,0.0,0.0,0.0
28.07.2009 23:00,0.0,0.0,0.0,0.0,0.0,0.0,0.0
29.07.2009 00:00,0.0,0.0,0.0,0.0,0.0,0.0,0.0
29.07.2009 01:00,0.0,0.0,0.0,0.0,0.0,0.0,0.0
29.07.2009 02:00,0.0,0.0,0.0,0.0,0.0,0.0,0.0
29.07.2009 03:00,0.0,0.0,0.0,0.0,0.0,0.0,0.0
29.07.2009 04:00,0.0,0.0,0.0,0.0,0.0,0.0,0.0
29.07.2009 05:00,0.0274,0.0281,0.029,0.0234,0.0253,0.0255,0.0337
29.07.2009 06:00,0.1427,0.1478,0.1561,0.1653,0.1752,0.1609,0.1433
29.07.2009 07:00,0.3541,0.359,0.365,0.3747,0.3864,0.3724,0.3072
29.07.2009 08:00,0.5364,0.5386,0.5378,0.5476,0.5618,0.5516,0.498
29.07.2009 09:00,0.6694,0.6675,0.6602,0.6685,0.6901,0.6768,0.6228
29.07.2009 10:00,0.749,0.753,0.7454,0.7538,0.7663,0.7553,0.6939
29.07.2009 11:00,0.7918,0.7934,0.7823,0.7867,0.7987,0.7945,0.7314
29.07.2009 12:00,0.7874,0.79,0.7808,0.7789,0.7895,0.7856,0.723
29.07.2009 13:00,0.7356,0.746,0.7395,0.7355,0.7311,0.7369,0.6664
29.07.2009 14:00,0.6414,0.651,0.6419,0.639,0.6257,0.6399,0.561
29.07.2009 15:00,0.5007,0.5064,0.498,0.492,0.4751,0.4963,0.4367
29.07.2009 16:00,0.3173,0.3212,0.3112,0.3056,0.29,0.3078,0.2805
29.07.2009 17:00,0.1223,0.122,0.116,0.1086,0.0998,0.1107,0.1043
29.07.2009 18:00,0.0248,0.0254,0.0241,0.0229,0.0195,0.0219,0.0214
29.07.2009 19:00,0.0,0.0,0.0,0.0,0.0,0.0,0.0
29.07.2009 20:00,0.0,0.0,0.0,0.0,0.0,0.0,0.0
29.07.2009 21:00,0.0,0.0,0.0,0.0,0.0,0.0,0.0
29.07.2009 22:00,0.0,0.0,0.0,0.0,0.0,0.0,0.0
29.07.2009 23:00,0.0,0.0,0.0,0.0,0.0,0.0,0.0
30.07.2009 00:00,0.0,0.0,0.0,0.0,0.0,0.0,0.0
30.07.2009 01:00,0.0,0.0,0.0,0.0,0.0,0.0,0.0
30.07.2009 02:00,0.0,0.0,0.0,0.0,0.0,0.0,0.0
30.07.2009 03:00,0.0,0.0,0.0,0.0,0.0,0.0,0.0
30.07.2009 04:00,0.0,0.0,0.0,0.0,0.0,0.0,0.0
30.07.2009 05:00,0.0311,0.0286,0.019,0.0211,0.029,0.0257,0.0349
30.07.2009 06:00,0.1328,0.1173,0.1211,0.0601,0.1478,0.091,0.1566
30.07.2009 07:00,0.3157,0.2537,0.2037,0.0714,0.3016,0.154,0.3534
30.07.2009 08:00,0.4922,0.3847,0.3903,0.2179,0.4128,0.2363,0.5256
30.07.2009 09:00,0.6081,0.4643,0.3797,0.2743,0.5048,0.2563,0.6458
30.07.2009 10:00,0.5194,0.4835,0.3328,0.2847,0.5266,0.2615,0.7188
30.07.2009 11:00,0.6626,0.4935,0.2452,0.2319,0.466,0.1889,0.4181
30.07.2009 12:00,0.6958,0.5195,0.3514,0.3622,0.3324,0.2633,0.4854
30.07.2009 13:00,0.6697,0.4454,0.3386,0.3667,0.4239,0.2616,0.5768
30.07.2009 14:00,0.5677,0.3752,0.4558,0.2024,0.3573,0.212,0.5611
30.07.2009 15:00,0.4579,0.2791,0.3121,0.295,0.291,0.1403,0.4391
30.07.2009 16:00,0.2982,0.1915,0.2251,0.1454,0.1878,0.0882,0.2881
30.07.2009 17:00,0.121,0.0938,0.1027,0.0648,0.0748,0.0488,0.1052
30.07.2009 18:00,0.0253,0.023,0.0234,0.0138,0.0134,0.0098,0.0207
30.07.2009 19:00,0.0,0.0,0.0,0.0,0.0,0.0,0.0
30.07.2009 20:00,0.0,0.0,0.0,0.0,0.0,0.0,0.0
30.07.2009 21:00,0.0,0.0,0.0,0.0,0.0,0.0,0.0
30.07.2009 22:00,0.0,0.0,0.0,0.0,0.0,0.0,0.0
30.07.2009 23:00,0.0,0.0,0.0,0.0,0.0,0.0,0.0
31.07.2009 00:00,0.0,0.0,0.0,0.0,0.0,0.0,0.0
31.07.2009 01:00,0.0,0.0,0.0,0.0,0.0,0.0,0.0
31.07.2009 02:00,0.0,0.0,0.0,0.0,0.0,0.0,0.0
31.07.2009 03:00,0.0,0.0,0.0,0.0,0.0,0.0,0.0
31.07.2009 04:00,0.0,0.0,0.0,0.0,0.0,0.0,0.0
31.07.2009 05:00,0.0293,0.0288,0.0288,0.0357,0.0248,0.0303,0.02
31.07.2009 06:00,0.1237,0.1115,0.1181,0.1565,0.087,0.1311,0.0815
31.07.2009 07:00,0.2607,0.2738,0.2857,0.3311,0.1683,0.2381,0.1004
31.07.2009 08:00,0.3985,0.4035,0.3955,0.4062,0.2471,0.3958,0.1608
31.07.2009 09:00,0.5449,0.53,0.4791,0.4815,0.2689,0.425,0.1341
31.07.2009 10:00,0.6035,0.6144,0.6532,0.6433,0.3222,0.5614,0.0926
31.07.2009 11:00,0.6699,0.6302,0.6871,0.5418,0.3231,0.4454,0.09
31.07.2009 12:00,0.6337,0.6603,0.758,0.6027,0.2504,0.4972,0.0884
31.07.2009 13:00,0.5953,0.5975,0.6475,0.5379,0.2361,0.4284,0.1632
31.07.2009 14:00,0.455,0.4247,0.5201,0.4886,0.1697,0.3581,0.168
31.07.2009 15:00,0.3796,0.3538,0.3937,0.389,0.181,0.2781,0.1047
31.07.2009 16:00,0.2338,0.2279,0.2495,0.2244,0.125,0.2032,0.0922
31.07.2009 17:00,0.1014,0.1039,0.1094,0.1095,0.0645,0.094,0.0373
31.07.2009 18:00,0.0208,0.024,0.0247,0.0228,0.0139,0.0182,0.0076
31.07.2009 19:00,0.0,0.0,0.0,0.0,0.0,0.0,0.0
31.07.2009 20:00,0.0,0.0,0.0,0.0,0.0,0.0,0.0
31.07.2009 21:00,0.0,0.0,0.0,0.0,0.0,0.0,0.0
31.07.2009 22:00,0.0,0.0,0.0,0.0,0.0,0.0,0.0
31.07.2009 23:00,0.0,0.0,0.0,0.0,0.0,0.0,0.0
01.08.2009 00:00,0.0,0.0,0.0,0.0,0.0,0.0,0.0
01.08.2009 01:00,0.0,0.0,0.0,0.0,0.0,0.0,0.0
01.08.2009 02:00,0.0,0.0,0.0,0.0,0.0,0.0,0.0
01.08.2009 03:00,0.0,0.0,0.0,0.0,0.0,0.0,0.0
01.08.2009 04:00,0.0,0.0,0.0,0.0,0.0,0.0,0.0
01.08.2009 05:00,0.0244,0.0261,0.0275,0.0288,0.0331,0.0289,0.03
01.08.2009 06:00,0.1357,0.1428,0.151,0.1573,0.1435,0.1339,0.108
01.08.2009 07:00,0.3337,0.3519,0.3461,0.2589,0.3006,0.3379,0.237
01.08.2009 08:00,0.5074,0.5341,0.5395,0.4124,0.4619,0.5306,0.3607
01.08.2009 09:00,0.6417,0.6687,0.6747,0.6806,0.5974,0.6619,0.475
01.08.2009 10:00,0.7177,0.7607,0.7658,0.772,0.6702,0.7528,0.522
01.08.2009 11:00,0.7444,0.8008,0.8087,0.814,0.6976,0.7894,0.5499
01.08.2009 12:00,0.7249,0.7869,0.7998,0.8041,0.6865,0.766,0.5473
01.08.2009 13:00,0.669,0.7235,0.7405,0.7427,0.6177,0.7067,0.5612
01.08.2009 14:00,0.5692,0.6132,0.6362,0.6355,0.5394,0.6095,0.4897
01.08.2009 15:00,0.4346,0.4654,0.4884,0.4847,0.4232,0.4472,0.3914
01.08.2009 16:00,0.2732,0.2919,0.3058,0.2988,0.2676,0.2764,0.2514
01.08.2009 17:00,0.1071,0.1132,0.1095,0.1051,0.0956,0.1013,0.0995
01.08.2009 18:00,0.0193,0.0211,0.0189,0.0176,0.0166,0.019,0.0188
01.08.2009 19:00,0.0,0.0,0.0,0.0,0.0,0.0,0.0
01.08.2009 20:00,0.0,0.0,0.0,0.0,0.0,0.0,0.0
01.08.2009 21:00,0.0,0.0,0.0,0.0,0.0,0.0,0.0
01.08.2009 22:00,0.0,0.0,0.0,0.0,0.0,0.0,0.0
01.08.2009 23:00,0.0,0.0,0.0,0.0,0.0,0.0,0.0
02.08.2009 00:00,0.0,0.0,0.0,0.0,0.0,0.0,0.0
02.08.2009 01:00,0.0,0.0,0.0,0.0,0.0,0.0,0.0
02.08.2009 02:00,0.0,0.0,0.0,0.0,0.0,0.0,0.0
02.08.2009 03:00,0.0,0.0,0.0,0.0,0.0,0.0,0.0
02.08.2009 04:00,0.0,0.0,0.0,0.0,0.0,0.0,0.0
02.08.2009 05:00,0.0151,0.0211,0.0106,0.0218,0.0182,0.0238,0.0246
02.08.2009 06:00,0.0339,0.0378,0.0661,0.1014,0.092,0.1053,0.0591
02.08.2009 07:00,0.0672,0.0418,0.0618,0.1244,0.1942,0.0998,0.1152
02.08.2009 08:00,0.1512,0.0817,0.0451,0.0943,0.2815,0.0928,0.1749
02.08.2009 09:00,0.1067,0.1724,0.0513,0.0561,0.3927,0.0545,0.2255
02.08.2009 10:00,0.1556,0.1242,0.0908,0.0578,0.2183,0.0519,0.2492
02.08.2009 11:00,0.3407,0.3216,0.0733,0.0581,0.1882,0.0598,0.1737
02.08.2009 12:00,0.2977,0.3346,0.1858,0.0579,0.1294,0.1856,0.0909
02.08.2009 13:00,0.3368,0.255,0.2988,0.2562,0.1183,0.2138,0.3824
02.08.2009 14:00,0.2713,0.2179,0.2051,0.1988,0.1267,0.1218,0.5076
02.08.2009 15:00,0.2894,0.1721,0.1417,0.2263,0.2318,0.1662,0.4124
02.08.2009 16:00,0.1678,0.108,0.0843,0.1114,0.1495,0.1382,0.2704
02.08.2009 17:00,0.0855,0.0716,0.0362,0.0801,0.0769,0.0594,0.0914
02.08.2009 18:00,0.0193,0.0215,0.0198,0.0092,0.0141,0.0158,0.0161
02.08.2009 19:00,0.0,0.0,0.0,0.0,0.0,0.0,0.0
02.08.2009 20:00,0.0,0.0,0.0,0.0,0.0,0.0,0.0
02.08.2009 21:00,0.0,0.0,0.0,0.0,0.0,0.0,0.0
02.08.2009 22:00,0.0,0.0,0.0,0.0,0.0,0.0,0.0
02.08.2009 23:00,0.0,0.0,0.0,0.0,0.0,0.0,0.0
03.08.2009 00:00,0.0,0.0,0.0,0.0,0.0,0.0,0.0
03.08.2009 01:00,0.0,0.0,0.0,0.0,0.0,0.0,0.0
03.08.2009 02:00,0.0,0.0,0.0,0.0,0.0,0.0,0.0
03.08.2009 03:00,0.0,0.0,0.0,0.0,0.0,0.0,0.0
03.08.2009 04:00,0.0,0.0,0.0,0.0,0.0,0.0,0.0
03.08.2009 05:00,0.0139,0.0062,0.0078,0.0072,0.0072,0.0101,0.0117
03.08.2009 06:00,0.0989,0.0928,0.0885,0.0966,0.1092,0.0985,0.1202
03.08.2009 07:00,0.1089,0.0746,0.054,0.0355,0.0503,0.0504,0.0307
03.08.2009 08:00,0.1759,0.107,0.0788,0.0548,0.0932,0.058,0.0376
03.08.2009 09:00,0.2196,0.1351,0.088,0.0744,0.111,0.0682,0.048
03.08.2009 10:00,0.1684,0.1332,0.0871,0.0835,0.1468,0.0741,0.0723
03.08.2009 11:00,0.1834,0.1372,0.0931,0.1059,0.1426,0.0958,0.1018
03.08.2009 12:00,0.2211,0.1494,0.1069,0.1491,0.165,0.144,0.2152
03.08.2009 13:00,0.2861,0.1953,0.1073,0.1829,0.1188,0.1501,0.2225
03.08.2009 14:00,0.2376,0.1662,0.0839,0.1267,0.1061,0.0802,0.1859
03.08.2009 15:00,0.2035,0.1521,0.0709,0.0521,0.0828,0.053,0.1722
03.08.2009 16:00,0.165,0.1285,0.0542,0.0239,0.0619,0.0395,0.1075
03.08.2009 17:00,0.0836,0.064,0.0317,0.0161,0.0366,0.0221,0.0571
03.08.2009 18:00,0.0163,0.0144,0.004,0.0072,0.0084,0.004,0.0123
03.08.2009 19:00,0.0,0.0,0.0,0.0,0.0,0.0,0.0
03.08.2009 20:00,0.0,0.0,0.0,0.0,0.0,0.0,0.0
03.08.2009 21:00,0.0,0.0,0.0,0.0,0.0,0.0,0.0
03.08.2009 22:00,0.0,0.0,0.0,0.0,0.0,0.0,0.0
03.08.2009 23:00,0.0,0.0,0.0,0.0,0.0,0.0,0.0
04.08.2009 00:00,0.0,0.0,0.0,0.0,0.0,0.0,0.0
04.08.2009 01:00,0.0,0.0,0.0,0.0,0.0,0.0,0.0
04.08.2009 02:00,0.0,0.0,0.0,0.0,0.0,0.0,0.0
04.08.2009 03:00,0.0,0.0,0.0,0.0,0.0,0.0,0.0
04.08.2009 04:00,0.0,0.0,0.0,0.0,0.0,0.0,0.0
04.08.2009 05:00,0.0248,0.0261,0.0279,0.0322,0.0218,0.0222,0.0282
04.08.2009 06:00,0.1327,0.1215,0.1326,0.1283,0.0914,0.0966,0.1563
04.08.2009 07:00,0.3263,0.2864,0.3178,0.2784,0.2064,0.2294,0.373
04.08.2009 08:00,0.5019,0.455,0.5226,0.4834,0.3329,0.3839,0.5638
04.08.2009 09:00,0.6378,0.5839,0.6476,0.6414,0.4312,0.5392,0.7114
04.08.2009 10:00,0.721,0.64,0.6909,0.7114,0.4578,0.5886,0.8184
04.08.2009 11:00,0.7768,0.6702,0.7728,0.7632,0.5107,0.5861,0.8616
04.08.2009 12:00,0.7677,0.6638,0.776,0.74,0.498,0.4906,0.8437
04.08.2009 13:00,0.7246,0.6579,0.7349,0.721,0.409,0.4308,0.7634
04.08.2009 14:00,0.6392,0.593,0.6559,0.6334,0.2959,0.3667,0.6287
04.08.2009 15:00,0.5066,0.4729,0.5086,0.4974,0.2657,0.333,0.4936
04.08.2009 16:00,0.3225,0.305,0.317,0.3078,0.1914,0.2364,0.3056
04.08.2009 17:00,0.1179,0.1162,0.1114,0.1043,0.083,0.0959,0.0986
04.08.2009 18:00,0.0182,0.0197,0.0192,0.0176,0.0142,0.0181,0.0144
04.08.2009 19:00,0.0,0.0,0.0,0.0,0.0,0.0,0.0
04.08.2009 20:00,0.0,0.0,0.0,0.0,0.0,0.0,0.0
04.08.2009 21:00,0.0,0.0,0.0,0.0,0.0,0.0,0.0
04.08.2009 22:00,0.0,0.0,0.0,0.0,0.0,0.0,0.0
04.08.2009 23:00,0.0,0.0,0.0,0.0,0.0,0.0,0.0
05.08.2009 00:00,0.0,0.0,0.0,0.0,0.0,0.0,0.0
05.08.2009 01:00,0.0,0.0,0.0,0.0,0.0,0.0,0.0
05.08.2009 02:00,0.0,0.0,0.0,0.0,0.0,0.0,0.0
05.08.2009 03:00,0.0,0.0,0.0,0.0,0.0,0.0,0.0
05.08.2009 04:00,0.0,0.0,0.0,0.0,0.0,0.0,0.0
05.08.2009 05:00,0.0222,0.023,0.0251,0.0248,0.0205,0.0247,0.025
05.08.2009 06:00,0.137,0.1413,0.1502,0.1596,0.1679,0.155,0.1577
05.08.2009 07:00,0.3442,0.3463,0.3644,0.3741,0.3799,0.3694,0.3734
05.08.2009 08:00,0.5281,0.5226,0.5421,0.5563,0.5666,0.5509,0.5533
05.08.2009 09:00,0.6619,0.6638,0.6714,0.6839,0.6966,0.6765,0.6845
05.08.2009 10:00,0.7557,0.7593,0.7554,0.7691,0.7807,0.7652,0.7654
05.08.2009 11:00,0.7986,0.8032,0.785,0.8004,0.8175,0.8083,0.8095
05.08.2009 12:00,0.7947,0.7982,0.7724,0.7631,0.7991,0.7916,0.8001
05.08.2009 13:00,0.7446,0.7459,0.7455,0.6751,0.7248,0.737,0.7421
05.08.2009 14:00,0.6467,0.6467,0.6484,0.6117,0.5915,0.6302,0.6372
05.08.2009 15:00,0.502,0.5019,0.4978,0.4917,0.4373,0.4852,0.4854
05.08.2009 16:00,0.3167,0.3138,0.3046,0.2901,0.2705,0.2984,0.297
05.08.2009 17:00,0.1138,0.1135,0.1073,0.1004,0.0912,0.1022,0.0952
05.08.2009 18:00,0.017,0.0178,0.0184,0.0168,0.0133,0.0158,0.0138
05.08.2009 19:00,0.0,0.0,0.0,0.0,0.0,0.0,0.0
05.08.2009 20:00,0.0,0.0,0.0,0.0,0.0,0.0,0.0
05.08.2009 21:00,0.0,0.0,0.0,0.0,0.0,0.0,0.0
05.08.2009 22:00,0.0,0.0,0.0,0.0,0.0,0.0,0.0
05.08.2009 23:00,0.0,0.0,0.0,0.0,0.0,0.0,0.0
06.08.2009 00:00,0.0,0.0,0.0,0.0,0.0,0.0,0.0
06.08.2009 01:00,0.0,0.0,0.0,0.0,0.0,0.0,0.0
06.08.2009 02:00,0.0,0.0,0.0,0.0,0.0,0.0,0.0
06.08.2009 03:00,0.0,0.0,0.0,0.0,0.0,0.0,0.0
06.08.2009 04:00,0.0,0.0,0.0,0.0,0.0,0.0,0.0
06.08.2009 05:00,0.0207,0.0227,0.025,0.0258,0.019,0.0246,0.0264
06.08.2009 06:00,0.1348,0.1388,0.147,0.1562,0.1674,0.1522,0.1543
06.08.2009 07:00,0.3464,0.3486,0.3559,0.3659,0.3809,0.3631,0.3642
06.08.2009 08:00,0.5242,0.5271,0.5348,0.5431,0.5577,0.5417,0.5404
06.08.2009 09:00,0.6549,0.6564,0.6642,0.6708,0.6872,0.671,0.6672
06.08.2009 10:00,0.7473,0.7474,0.7554,0.7586,0.7742,0.7601,0.7512
06.08.2009 11:00,0.7929,0.7902,0.7974,0.7983,0.8135,0.7983,0.7869
06.08.2009 12:00,0.7911,0.7809,0.7883,0.793,0.8023,0.791,0.7776
06.08.2009 13:00,0.7383,0.7258,0.7349,0.7344,0.7436,0.7341,0.7203
06.08.2009 14:00,0.6363,0.6274,0.6352,0.6314,0.6335,0.6292,0.6159
06.08.2009 15:00,0.4928,0.4897,0.4877,0.4855,0.4788,0.4792,0.4654
06.08.2009 16:00,0.3097,0.3077,0.3027,0.2972,0.2859,0.2931,0.2784
06.08.2009 17:00,0.1108,0.1109,0.105,0.0981,0.0888,0.1,0.0935
06.08.2009 18:00,0.0165,0.0166,0.0156,0.0152,0.0124,0.0144,0.0137
06.08.2009 19:00,0.0,0.0,0.0,0.0,0.0,0.0,0.0
06.08.2009 20:00,0.0,0.0,0.0,0.0,0.0,0.0,0.0
06.08.2009 21:00,0.0,0.0,0.0,0.0,0.0,0.0,0.0
06.08.2009 22:00,0.0,0.0,0.0,0.0,0.0,0.0,0.0
06.08.2009 23:00,0.0,0.0,0.0,0.0,0.0,0.0,0.0
07.08.2009 00:00,0.0,0.0,0.0,0.0,0.0,0.0,0.0
07.08.2009 01:00,0.0,0.0,0.0,0.0,0.0,0.0,0.0
07.08.2009 02:00,0.0,0.0,0.0,0.0,0.0,0.0,0.0
07.08.2009 03:00,0.0,0.0,0.0,0.0,0.0,0.0,0.0
07.08.2009 04:00,0.0,0.0,0.0,0.0,0.0,0.0,0.0
07.08.2009 05:00,0.0214,0.0231,0.0268,0.0303,0.0252,0.0266,0.028
07.08.2009 06:00,0.1317,0.136,0.1437,0.1501,0.1589,0.1452,0.1283
07.08.2009 07:00,0.3284,0.3447,0.3478,0.35,0.3597,0.3486,0.3131
07.08.2009 08:00,0.515,0.5293,0.5315,0.5362,0.5389,0.5339,0.5022
07.08.2009 09:00,0.6614,0.6652,0.6673,0.6747,0.6704,0.6736,0.6332
07.08.2009 10:00,0.75,0.7515,0.7509,0.7709,0.7464,0.7557,0.7211
07.08.2009 11:00,0.7692,0.7808,0.7805,0.8156,0.7534,0.7564,0.7315
07.08.2009 12:00,0.7381,0.7398,0.7299,0.7837,0.6789,0.6878,0.6933
07.08.2009 13:00,0.6223,0.6339,0.6908,0.6872,0.5917,0.5796,0.6639
07.08.2009 14:00,0.4682,0.5139,0.608,0.59,0.4963,0.408,0.5514
07.08.2009 15:00,0.3443,0.351,0.4717,0.4613,0.3888,0.3041,0.4039
07.08.2009 16:00,0.2,0.1953,0.2732,0.2727,0.2342,0.1695,0.2246
07.08.2009 17:00,0.0668,0.0795,0.0894,0.0968,0.0759,0.064,0.0645
07.08.2009 18:00,0.0119,0.0149,0.0133,0.0131,0.0106,0.013,0.0114
07.08.2009 19:00,0.0,0.0,0.0,0.0,0.0,0.0,0.0
07.08.2009 20:00,0.0,0.0,0.0,0.0,0.0,0.0,0.0
07.08.2009 21:00,0.0,0.0,0.0,0.0,0.0,0.0,0.0
07.08.2009 22:00,0.0,0.0,0.0,0.0,0.0,0.0,0.0
07.08.2009 23:00,0.0,0.0,0.0,0.0,0.0,0.0,0.0
08.08.2009 00:00,0.0,0.0,0.0,0.0,0.0,0.0,0.0
08.08.2009 01:00,0.0,0.0,0.0,0.0,0.0,0.0,0.0
08.08.2009 02:00,0.0,0.0,0.0,0.0,0.0,0.0,0.0
08.08.2009 03:00,0.0,0.0,0.0,0.0,0.0,0.0,0.0
08.08.2009 04:00,0.0,0.0,0.0,0.0,0.0,0.0,0.0
08.08.2009 05:00,0.0126,0.0068,0.0071,0.0256,0.0162,0.004,0.0061
08.08.2009 06:00,0.0624,0.0328,0.0182,0.0781,0.0604,0.0314,0.0281
08.08.2009 07:00,0.0904,0.0726,0.0383,0.1222,0.1169,0.0654,0.0419
08.08.2009 08:00,0.1402,0.0887,0.0488,0.1523,0.1704,0.1085,0.0826
08.08.2009 09:00,0.1666,0.103,0.047,0.0672,0.2404,0.143,0.13
08.08.2009 10:00,0.1641,0.1007,0.0531,0.068,0.2085,0.1433,0.1743
08.08.2009 11:00,0.1742,0.1247,0.0625,0.0929,0.2377,0.1188,0.2962
08.08.2009 12:00,0.2133,0.1645,0.0718,0.0513,0.2521,0.1066,0.3668
08.08.2009 13:00,0.2196,0.1476,0.0803,0.048,0.2644,0.0856,0.3486
08.08.2009 14:00,0.1938,0.1324,0.0533,0.0422,0.1917,0.0776,0.3477
08.08.2009 15:00,0.1972,0.166,0.0743,0.0434,0.1393,0.0836,0.2854
08.08.2009 16:00,0.1428,0.141,0.0764,0.0277,0.0919,0.0601,0.1639
08.08.2009 17:00,0.0764,0.085,0.0693,0.0284,0.033,0.0369,0.0661
08.08.2009 18:00,0.0145,0.0157,0.0161,0.0087,0.0065,0.0088,0.0088
08.08.2009 19:00,0.0,0.0,0.0,0.0,0.0,0.0,0.0
08.08.2009 20:00,0.0,0.0,0.0,0.0,0.0,0.0,0.0
08.08.2009 21:00,0.0,0.0,0.0,0.0,0.0,0.0,0.0
08.08.2009 22:00,0.0,0.0,0.0,0.0,0.0,0.0,0.0
08.08.2009 23:00,0.0,0.0,0.0,0.0,0.0,0.0,0.0
09.08.2009 00:00,0.0,0.0,0.0,0.0,0.0,0.0,0.0
09.08.2009 01:00,0.0,0.0,0.0,0.0,0.0,0.0,0.0
09.08.2009 02:00,0.0,0.0,0.0,0.0,0.0,0.0,0.0
09.08.2009 03:00,0.0,0.0,0.0,0.0,0.0,0.0,0.0
09.08.2009 04:00,0.0,0.0,0.0,0.0,0.0,0.0,0.0
09.08.2009 05:00,0.019,0.0186,0.0174,0.0281,0.0254,0.0264,0.0288
09.08.2009 06:00,0.1173,0.1064,0.0812,0.1246,0.1387,0.129,0.1495
09.08.2009 07:00,0.2852,0.2585,0.1844,0.2389,0.3078,0.298,0.3389
09.08.2009 08:00,0.4461,0.3912,0.2925,0.3217,0.436,0.4235,0.4384
09.08.2009 09:00,0.5667,0.4795,0.3795,0.4742,0.5181,0.5022,0.4842
09.08.2009 10:00,0.6176,0.5395,0.461,0.6083,0.5437,0.5361,0.5283
09.08.2009 11:00,0.6544,0.6151,0.6194,0.6729,0.5805,0.5522,0.5126
09.08.2009 12:00,0.6281,0.6528,0.6699,0.6852,0.5468,0.5336,0.473
09.08.2009 13:00,0.5722,0.6168,0.6425,0.663,0.499,0.532,0.46
09.08.2009 14:00,0.4865,0.5374,0.5796,0.5685,0.4317,0.457,0.4348
09.08.2009 15:00,0.3391,0.4,0.4452,0.4284,0.327,0.3723,0.3205
09.08.2009 16:00,0.1808,0.2256,0.2757,0.2776,0.2024,0.237,0.2189
09.08.2009 17:00,0.0538,0.0795,0.0991,0.0957,0.0791,0.0895,0.0867
09.08.2009 18:00,0.0083,0.0114,0.0139,0.013,0.0088,0.0117,0.0083
09.08.2009 19:00,0.0,0.0,0.0,0.0,0.0,0.0,0.0
09.08.2009 20:00,0.0,0.0,0.0,0.0,0.0,0.0,0.0
09.08.2009 21:00,0.0,0.0,0.0,0.0,0.0,0.0,0.0
09.08.2009 22:00,0.0,0.0,0.0,0.0,0.0,0.0,0.0
09.08.2009 23:00,0.0,0.0,0.0,0.0,0.0,0.0,0.0
10.08.2009 00:00,0.0,0.0,0.0,0.0,0.0,0.0,0.0
10.08.2009 01:00,0.0,0.0,0.0,0.0,0.0,0.0,0.0
10.08.2009 02:00,0.0,0.0,0.0,0.0,0.0,0.0,0.0
10.08.2009 03:00,0.0,0.0,0.0,0.0,0.0,0.0,0.0
10.08.2009 04:00,0.0,0.0,0.0,0.0,0.0,0.0,0.0
10.08.2009 05:00,0.0196,0.0106,0.0206,0.0109,0.0104,0.0147,0.0244
10.08.2009 06:00,0.0936,0.0786,0.0475,0.1081,0.0598,0.0624,0.1036
10.08.2009 07:00,0.1977,0.1594,0.1162,0.1255,0.166,0.1666,0.2382
10.08.2009 08:00,0.3508,0.222,0.2086,0.1706,0.2525,0.2442,0.3352
10.08.2009 09:00,0.4103,0.3422,0.3086,0.2288,0.399,0.2886,0.4038
10.08.2009 10:00,0.2654,0.3432,0.3513,0.3677,0.4161,0.3722,0.4605
10.08.2009 11:00,0.2712,0.3161,0.3394,0.4438,0.4148,0.3121,0.4485
10.08.2009 12:00,0.3814,0.3742,0.4405,0.3456,0.3611,0.3236,0.3423
10.08.2009 13:00,0.235,0.2584,0.4572,0.5396,0.3949,0.2841,0.2283
10.08.2009 14:00,0.165,0.1188,0.1537,0.2856,0.3063,0.0958,0.1098
10.08.2009 15:00,0.141,0.1334,0.0717,0.0989,0.1934,0.1152,0.198
10.08.2009 16:00,0.1008,0.0847,0.0594,0.04,0.1022,0.077,0.2043
10.08.2009 17:00,0.0619,0.0463,0.0416,0.0126,0.0452,0.0306,0.0654
10.08.2009 18:00,0.0108,0.0105,0.0068,0.0061,0.0074,0.0072,0.0096
10.08.2009 19:00,0.0,0.0,0.0,0.0,0.0,0.0,0.0
10.08.2009 20:00,0.0,0.0,0.0,0.0,0.0,0.0,0.0
10.08.2009 21:00,0.0,0.0,0.0,0.0,0.0,0.0,0.0
10.08.2009 22:00,0.0,0.0,0.0,0.0,0.0,0.0,0.0
10.08.2009 23:00,0.0,0.0,0.0,0.0,0.0,0.0,0.0
11.08.2009 00:00,0.0,0.0,0.0,0.0,0.0,0.0,0.0
11.08.2009 01:00,0.0,0.0,0.0,0.0,0.0,0.0,0.0
11.08.2009 02:00,0.0,0.0,0.0,0.0,0.0,0.0,0.0
11.08.2009 03:00,0.0,0.0,0.0,0.0,0.0,0.0,0.0
11.08.2009 04:00,0.0,0.0,0.0,0.0,0.0,0.0,0.0
11.08.2009 05:00,0.0195,0.0208,0.0217,0.0193,0.0208,0.0178,0.024
11.08.2009 06:00,0.1188,0.1125,0.1075,0.0841,0.1087,0.0957,0.1501
11.08.2009 07:00,0.3058,0.2885,0.3259,0.2471,0.2627,0.2505,0.3652
11.08.2009 08:00,0.5069,0.4971,0.4853,0.4848,0.4478,0.4286,0.5646
11.08.2009 09:00,0.6595,0.6313,0.5984,0.5324,0.555,0.5235,0.7108
11.08.2009 10:00,0.7515,0.6926,0.7334,0.7239,0.602,0.6138,0.795
11.08.2009 11:00,0.7944,0.6796,0.7168,0.7253,0.6619,0.6926,0.8361
11.08.2009 12:00,0.7866,0.6569,0.6014,0.7482,0.6291,0.6495,0.8067
11.08.2009 13:00,0.7167,0.5903,0.5845,0.6638,0.5646,0.5994,0.7234
11.08.2009 14:00,0.5945,0.4526,0.4012,0.4303,0.4536,0.4489,0.6362
11.08.2009 15:00,0.4525,0.325,0.2338,0.3005,0.3613,0.294,0.4803
11.08.2009 16:00,0.2874,0.216,0.1844,0.189,0.2173,0.1682,0.2798
11.08.2009 17:00,0.1037,0.0954,0.0918,0.085,0.0798,0.0805,0.0872
11.08.2009 18:00,0.0138,0.0134,0.0111,0.0104,0.008,0.0095,0.0096
11.08.2009 19:00,0.0,0.0,0.0,0.0,0.0,0.0,0.0
11.08.2009 20:00,0.0,0.0,0.0,0.0,0.0,0.0,0.0
11.08.2009 21:00,0.0,0.0,0.0,0.0,0.0,0.0,0.0
11.08.2009 22:00,0.0,0.0,0.0,0.0,0.0,0.0,0.0
11.08.2009 23:00,0.0,0.0,0.0,0.0,0.0,0.0,0.0
12.08.2009 00:00,0.0,0.0,0.0,0.0,0.0,0.0,0.0
12.08.2009 01:00,0.0,0.0,0.0,0.0,0.0,0.0,0.0
12.08.2009 02:00,0.0,0.0,0.0,0.0,0.0,0.0,0.0
12.08.2009 03:00,0.0,0.0,0.0,0.0,0.0,0.0,0.0
12.08.2009 04:00,0.0,0.0,0.0,0.0,0.0,0.0,0.0
12.08.2009 05:00,0.0188,0.0196,0.0206,0.0218,0.0233,0.0222,0.025
12.08.2009 06:00,0.1238,0.1133,0.102,0.0983,0.138,0.1064,0.146
12.08.2009 07:00,0.3257,0.2885,0.267,0.2466,0.3222,0.2399,0.3591
12.08.2009 08:00,0.5113,0.4601,0.4559,0.4284,0.4864,0.4129,0.5403
12.08.2009 09:00,0.6499,0.5717,0.5222,0.5876,0.6171,0.5354,0.6696
12.08.2009 10:00,0.7373,0.6394,0.6362,0.6401,0.6898,0.5775,0.746
12.08.2009 11:00,0.7907,0.7124,0.733,0.7592,0.7578,0.6483,0.7689
12.08.2009 12:00,0.7917,0.7404,0.7191,0.746,0.753,0.7094,0.7511
12.08.2009 13:00,0.7391,0.7139,0.7011,0.7134,0.6946,0.67,0.6986
12.08.2009 14:00,0.6361,0.6088,0.6301,0.6252,0.5999,0.5539,0.6048
12.08.2009 15:00,0.4899,0.4755,0.4864,0.4781,0.4576,0.4345,0.4643
12.08.2009 16:00,0.303,0.2925,0.2961,0.2869,0.2739,0.2728,0.2807
12.08.2009 17:00,0.1024,0.101,0.0958,0.0886,0.0804,0.0908,0.0851
12.08.2009 18:00,0.0126,0.013,0.0123,0.0104,0.0076,0.0101,0.0087
12.08.2009 19:00,0.0,0.0,0.0,0.0,0.0,0.0,0.0
12.08.2009 20:00,0.0,0.0,0.0,0.0,0.0,0.0,0.0
12.08.2009 21:00,0.0,0.0,0.0,0.0,0.0,0.0,0.0
12.08.2009 22:00,0.0,0.0,0.0,0.0,0.0,0.0,0.0
12.08.2009 23:00,0.0,0.0,0.0,0.0,0.0,0.0,0.0
13.08.2009 00:00,0.0,0.0,0.0,0.0,0.0,0.0,0.0
13.08.2009 01:00,0.0,0.0,0.0,0.0,0.0,0.0,0.0
13.08.2009 02:00,0.0,0.0,0.0,0.0,0.0,0.0,0.0
13.08.2009 03:00,0.0,0.0,0.0,0.0,0.0,0.0,0.0
13.08.2009 04:00,0.0,0.0,0.0,0.0,0.0,0.0,0.0
13.08.2009 05:00,0.0176,0.0191,0.0213,0.0233,0.0222,0.0224,0.0224
13.08.2009 06:00,0.1272,0.131,0.1386,0.1479,0.1583,0.1436,0.1475
13.08.2009 07:00,0.3417,0.3434,0.3498,0.36,0.3721,0.3561,0.363
13.08.2009 08:00,0.5301,0.5315,0.5383,0.5469,0.5518,0.5261,0.5478
13.08.2009 09:00,0.6725,0.6688,0.676,0.684,0.6828,0.6526,0.6847
13.08.2009 10:00,0.7638,0.7255,0.716,0.7415,0.7506,0.7364,0.7668
13.08.2009 11:00,0.7945,0.7059,0.5725,0.7485,0.777,0.7746,0.7783
13.08.2009 12:00,0.7639,0.6272,0.4238,0.6063,0.6899,0.6839,0.7364
13.08.2009 13:00,0.6995,0.5274,0.4572,0.3472,0.5478,0.4278,0.6277
13.08.2009 14:00,0.5399,0.5004,0.5073,0.3585,0.367,0.2682,0.5108
13.08.2009 15:00,0.4481,0.4439,0.4671,0.448,0.2611,0.3295,0.3463
13.08.2009 16:00,0.2738,0.2816,0.2822,0.2774,0.1698,0.2204,0.1565
13.08.2009 17:00,0.0983,0.0955,0.0912,0.087,0.07,0.0849,0.0773
13.08.2009 18:00,0.0117,0.0114,0.0111,0.0084,0.0063,0.0091,0.0076
13.08.2009 19:00,0.0,0.0,0.0,0.0,0.0,0.0,0.0
13.08.2009 20:00,0.0,0.0,0.0,0.0,0.0,0.0,0.0
13.08.2009 21:00,0.0,0.0,0.0,0.0,0.0,0.0,0.0
13.08.2009 22:00,0.0,0.0,0.0,0.0,0.0,0.0,0.0
13.08.2009 23:00,0.0,0.0,0.0,0.0,0.0,0.0,0.0
14.08.2009 00:00,0.0,0.0,0.0,0.0,0.0,0.0,0.0
14.08.2009 01:00,0.0,0.0,0.0,0.0,0.0,0.0,0.0
14.08.2009 02:00,0.0,0.0,0.0,0.0,0.0,0.0,0.0
14.08.2009 03:00,0.0,0.0,0.0,0.0,0.0,0.0,0.0
14.08.2009 04:00,0.0,0.0,0.0,0.0,0.0,0.0,0.0
14.08.2009 05:00,0.0176,0.0191,0.0216,0.0179,0.0213,0.0204,0.023
14.08.2009 06:00,0.1264,0.1268,0.1331,0.1242,0.132,0.1229,0.1433
14.08.2009 07:00,0.3402,0.3297,0.3101,0.3144,0.3296,0.2915,0.3525
14.08.2009 08:00,0.5302,0.4949,0.4421,0.4752,0.5061,0.4606,0.5421
14.08.2009 09:00,0.6725,0.608,0.5042,0.5032,0.6039,0.5595,0.6709
14.08.2009 10:00,0.7599,0.6829,0.5752,0.6042,0.6731,0.5946,0.7327
14.08.2009 11:00,0.7945,0.7183,0.6798,0.6868,0.7163,0.6477,0.7285
14.08.2009 12:00,0.7741,0.705,0.6503,0.7062,0.7087,0.6492,0.672
14.08.2009 13:00,0.6994,0.6277,0.6161,0.5789,0.6515,0.557,0.5933
14.08.2009 14:00,0.5847,0.4976,0.5254,0.4185,0.4897,0.4084,0.4915
14.08.2009 15:00,0.4484,0.3653,0.4209,0.3156,0.326,0.3067,0.3872
14.08.2009 16:00,0.2771,0.2546,0.2613,0.2578,0.1995,0.198,0.2209
14.08.2009 17:00,0.094,0.0959,0.092,0.0858,0.0711,0.0829,0.0755
14.08.2009 18:00,0.0105,0.0108,0.0099,0.0083,0.0053,0.0082,0.0051
14.08.2009 19:00,0.0,0.0,0.0,0.0,0.0,0.0,0.0
14.08.2009 20:00,0.0,0.0,0.0,0.0,0.0,0.0,0.0
14.08.2009 21:00,0.0,0.0,0.0,0.0,0.0,0.0,0.0
14.08.2009 22:00,0.0,0.0,0.0,0.0,0.0,0.0,0.0
14.08.2009 23:00,0.0,0.0,0.0,0.0,0.0,0.0,0.0
15.08.2009 00:00,0.0,0.0,0.0,0.0,0.0,0.0,0.0
15.08.2009 01:00,0.0,0.0,0.0,0.0,0.0,0.0,0.0
15.08.2009 02:00,0.0,0.0,0.0,0.0,0.0,0.0,0.0
15.08.2009 03:00,0.0,0.0,0.0,0.0,0.0,0.0,0.0
15.08.2009 04:00,0.0,0.0,0.0,0.0,0.0,0.0,0.0
15.08.2009 05:00,0.0114,0.0118,0.0118,0.0128,0.0145,0.0119,0.0152
15.08.2009 06:00,0.0891,0.0844,0.0817,0.0834,0.0929,0.083,0.1001
15.08.2009 07:00,0.2224,0.2105,0.2014,0.1969,0.2207,0.2062,0.2433
15.08.2009 08:00,0.3521,0.3232,0.3253,0.3244,0.3468,0.3389,0.3941
15.08.2009 09:00,0.4534,0.4122,0.4199,0.4194,0.4549,0.4068,0.4804
15.08.2009 10:00,0.497,0.457,0.4525,0.4727,0.4891,0.4325,0.5216
15.08.2009 11:00,0.5288,0.496,0.5028,0.5019,0.4856,0.4585,0.5294
15.08.2009 12:00,0.5232,0.4854,0.4922,0.4962,0.4554,0.4385,0.5029
15.08.2009 13:00,0.4705,0.4394,0.4406,0.4306,0.408,0.3835,0.4379
15.08.2009 14:00,0.3801,0.3585,0.3708,0.3656,0.3274,0.3032,0.3592
15.08.2009 15:00,0.2917,0.2681,0.3033,0.2847,0.265,0.227,0.2921
15.08.2009 16:00,0.181,0.1658,0.1766,0.1726,0.161,0.1396,0.1862
15.08.2009 17:00,0.07,0.0656,0.0655,0.0595,0.0574,0.0545,0.0639
15.08.2009 18:00,0.0077,0.0073,0.0064,0.0054,0.0035,0.0049,0.0046
15.08.2009 19:00,0.0,0.0,0.0,0.0,0.0,0.0,0.0
15.08.2009 20:00,0.0,0.0,0.0,0.0,0.0,0.0,0.0
15.08.2009 21:00,0.0,0.0,0.0,0.0,0.0,0.0,0.0
15.08.2009 22:00,0.0,0.0,0.0,0.0,0.0,0.0,0.0
15.08.2009 23:00,0.0,0.0,0.0,0.0,0.0,0.0,0.0
16.08.2009 00:00,0.0,0.0,0.0,0.0,0.0,0.0,0.0
16.08.2009 01:00,0.0,0.0,0.0,0.0,0.0,0.0,0.0
16.08.2009 02:00,0.0,0.0,0.0,0.0,0.0,0.0,0.0
16.08.2009 03:00,0.0,0.0,0.0,0.0,0.0,0.0,0.0
16.08.2009 04:00,0.0,0.0,0.0,0.0,0.0,0.0,0.0
16.08.2009 05:00,0.0102,0.0109,0.0113,0.0119,0.0136,0.0111,0.0133
16.08.2009 06:00,0.0868,0.0827,0.0827,0.0876,0.0947,0.0865,0.0994
16.08.2009 07:00,0.224,0.2134,0.2031,0.2159,0.228,0.213,0.2459
16.08.2009 08:00,0.3589,0.3351,0.3296,0.3338,0.3528,0.3345,0.3937
16.08.2009 09:00,0.4656,0.4306,0.4269,0.435,0.4567,0.4192,0.4906
16.08.2009 10:00,0.5267,0.4924,0.4767,0.5021,0.506,0.4653,0.5481
16.08.2009 11:00,0.5686,0.5444,0.5279,0.5464,0.5184,0.5098,0.5661
16.08.2009 12:00,0.5738,0.5406,0.5294,0.5514,0.5017,0.5078,0.5434
16.08.2009 13:00,0.5263,0.4998,0.5071,0.4966,0.4517,0.461,0.4885
16.08.2009 14:00,0.4265,0.4117,0.4303,0.4363,0.3748,0.3789,0.4167
16.08.2009 15:00,0.3277,0.3047,0.3306,0.3382,0.2955,0.2773,0.3271
16.08.2009 16:00,0.1994,0.1869,0.1892,0.1883,0.1722,0.1628,0.1957
16.08.2009 17:00,0.0733,0.0694,0.066,0.0618,0.0585,0.0596,0.0639
16.08.2009 18:00,0.007,0.0067,0.0057,0.0046,0.0026,0.0042,0.0038
16.08.2009 19:00,0.0,0.0,0.0,0.0,0.0,0.0,0.0
16.08.2009 20:00,0.0,0.0,0.0,0.0,0.0,0.0,0.0
16.08.2009 21:00,0.0,0.0,0.0,0.0,0.0,0.0,0.0
16.08.2009 22:00,0.0,0.0,0.0,0.0,0.0,0.0,0.0
16.08.2009 23:00,0.0,0.0,0.0,0.0,0.0,0.0,0.0
17.08.2009 00:00,0.0,0.0,0.0,0.0,0.0,0.0,0.0
17.08.2009 01:00,0.0,0.0,0.0,0.0,0.0,0.0,0.0
17.08.2009 02:00,0.0,0.0,0.0,0.0,0.0,0.0,0.0
17.08.2009 03:00,0.0,0.0,0.0,0.0,0.0,0.0,0.0
17.08.2009 04:00,0.0,0.0,0.0,0.0,0.0,0.0,0.0
17.08.2009 05:00,0.0105,0.0114,0.0115,0.012,0.0143,0.012,0.0134
17.08.2009 06:00,0.1231,0.1262,0.1335,0.1427,0.1529,0.1381,0.1431
17.08.2009 07:00,0.3329,0.3332,0.3398,0.35,0.3641,0.3456,0.3536
17.08.2009 08:00,0.5142,0.514,0.5114,0.5266,0.5389,0.5222,0.5321
17.08.2009 09:00,0.6509,0.65,0.6493,0.6469,0.6581,0.6426,0.6613
17.08.2009 10:00,0.7415,0.7387,0.7445,0.7469,0.7271,0.7281,0.7469
17.08.2009 11:00,0.7822,0.7604,0.7749,0.7861,0.7608,0.7682,0.7813
17.08.2009 12:00,0.7827,0.7366,0.6838,0.7173,0.7297,0.7568,0.7747
17.08.2009 13:00,0.6946,0.6716,0.6875,0.5843,0.6584,0.6543,0.7137
17.08.2009 14:00,0.56,0.5135,0.5723,0.5806,0.5608,0.5769,0.6047
17.08.2009 15:00,0.3837,0.3722,0.3981,0.4552,0.4166,0.4162,0.4519
17.08.2009 16:00,0.2025,0.2202,0.1616,0.2518,0.2237,0.2422,0.2217
17.08.2009 17:00,0.0727,0.0771,0.0572,0.0259,0.0612,0.0719,0.0676
17.08.2009 18:00,0.0049,0.0044,0.0052,0.0041,0.0022,0.0025,0.0032
17.08.2009 19:00,0.0,0.0,0.0,0.0,0.0,0.0,0.0
17.08.2009 20:00,0.0,0.0,0.0,0.0,0.0,0.0,0.0
17.08.2009 21:00,0.0,0.0,0.0,0.0,0.0,0.0,0.0
17.08.2009 22:00,0.0,0.0,0.0,0.0,0.0,0.0,0.0
17.08.2009 23:00,0.0,0.0,0.0,0.0,0.0,0.0,0.0
18.08.2009 00:00,0.0,0.0,0.0,0.0,0.0,0.0,0.0
18.08.2009 01:00,0.0,0.0,0.0,0.0,0.0,0.0,0.0
18.08.2009 02:00,0.0,0.0,0.0,0.0,0.0,0.0,0.0
18.08.2009 03:00,0.0,0.0,0.0,0.0,0.0,0.0,0.0
18.08.2009 04:00,0.0,0.0,0.0,0.0,0.0,0.0,0.0
18.08.2009 05:00,0.0143,0.0155,0.0181,0.0203,0.0196,0.0184,0.0187
18.08.2009 06:00,0.1199,0.1218,0.1292,0.1357,0.1432,0.1279,0.1418
18.08.2009 07:00,0.3252,0.3227,0.3298,0.3451,0.3495,0.3214,0.354
18.08.2009 08:00,0.5122,0.5033,0.5144,0.5255,0.5267,0.4958,0.5367
18.08.2009 09:00,0.6512,0.6344,0.6456,0.6571,0.649,0.6195,0.6736
18.08.2009 10:00,0.7427,0.7254,0.733,0.7454,0.7354,0.7196,0.7614
18.08.2009 11:00,0.7856,0.7565,0.783,0.7893,0.7701,0.7606,0.7941
18.08.2009 12:00,0.7865,0.742,0.774,0.795,0.7658,0.7626,0.7834
18.08.2009 13:00,0.7347,0.6835,0.7224,0.74,0.7073,0.7062,0.7265
18.08.2009 14:00,0.6241,0.5924,0.6198,0.6264,0.6063,0.6024,0.6191
18.08.2009 15:00,0.4741,0.4555,0.4638,0.4651,0.4542,0.4508,0.4619
18.08.2009 16:00,0.2816,0.2773,0.2738,0.2671,0.2586,0.2638,0.2667
18.08.2009 17:00,0.0878,0.0875,0.0821,0.0762,0.0677,0.0777,0.0726
18.08.2009 18:00,0.0063,0.0064,0.0057,0.0041,0.0026,0.0043,0.0027
18.08.2009 19:00,0.0,0.0,0.0,0.0,0.0,0.0,0.0
18.08.2009 20:00,0.0,0.0,0.0,0.0,0.0,0.0,0.0
18.08.2009 21:00,0.0,0.0,0.0,0.0,0.0,0.0,0.0
18.08.2009 22:00,0.0,0.0,0.0,0.0,0.0,0.0,0.0
18.08.2009 23:00,0.0,0.0,0.0,0.0,0.0,0.0,0.0
19.08.2009 00:00,0.0,0.0,0.0,0.0,0.0,0.0,0.0
19.08.2009 01:00,0.0,0.0,0.0,0.0,0.0,0.0,0.0
19.08.2009 02:00,0.0,0.0,0.0,0.0,0.0,0.0,0.0
19.08.2009 03:00,0.0,0.0,0.0,0.0,0.0,0.0,0.0
19.08.2009 04:00,0.0,0.0,0.0,0.0,0.0,0.0,0.0
19.08.2009 05:00,0.0133,0.0145,0.0167,0.0188,0.0182,0.0172,0.0179
19.08.2009 06:00,0.1204,0.1234,0.1311,0.1389,0.1519,0.1365,0.1399
19.08.2009 07:00,0.326,0.3271,0.3341,0.3464,0.3621,0.3432,0.349
19.08.2009 08:00,0.5054,0.5057,0.5097,0.5219,0.5392,0.5202,0.5279
19.08.2009 09:00,0.6361,0.6361,0.6358,0.6445,0.6667,0.6497,0.6571
19.08.2009 10:00,0.7188,0.7213,0.7234,0.7301,0.751,0.7358,0.7387
19.08.2009 11:00,0.754,0.7504,0.7667,0.7723,0.785,0.7708,0.7699
19.08.2009 12:00,0.7475,0.7388,0.7679,0.7722,0.7698,0.7578,0.7658
19.08.2009 13:00,0.68,0.6706,0.7158,0.7172,0.7073,0.6904,0.7121
19.08.2009 14:00,0.5792,0.5813,0.6114,0.611,0.601,0.5965,0.609
19.08.2009 15:00,0.4174,0.4307,0.459,0.457,0.4432,0.4494,0.4543
19.08.2009 16:00,0.2354,0.2591,0.269,0.2638,0.2497,0.2628,0.2575
19.08.2009 17:00,0.0757,0.082,0.0786,0.0728,0.064,0.0746,0.0694
19.08.2009 18:00,0.0051,0.0052,0.0041,0.0026,0.0016,0.0031,0.0018
19.08.2009 19:00,0.0,0.0,0.0,0.0,0.0,0.0,0.0
19.08.2009 20:00,0.0,0.0,0.0,0.0,0.0,0.0,0.0
19.08.2009 21:00,0.0,0.0,0.0,0.0,0.0,0.0,0.0
19.08.2009 22:00,0.0,0.0,0.0,0.0,0.0,0.0,0.0
19.08.2009 23:00,0.0,0.0,0.0,0.0,0.0,0.0,0.0
20.08.2009 00:00,0.0,0.0,0.0,0.0,0.0,0.0,0.0
20.08.2009 01:00,0.0,0.0,0.0,0.0,0.0,0.0,0.0
20.08.2009 02:00,0.0,0.0,0.0,0.0,0.0,0.0,0.0
20.08.2009 03:00,0.0,0.0,0.0,0.0,0.0,0.0,0.0
20.08.2009 04:00,0.0,0.0,0.0,0.0,0.0,0.0,0.0
20.08.2009 05:00,0.0124,0.0138,0.016,0.0179,0.0183,0.0167,0.0177
20.08.2009 06:00,0.1185,0.1211,0.128,0.1371,0.1498,0.1342,0.136
20.08.2009 07:00,0.3255,0.3255,0.33,0.3422,0.3589,0.3409,0.3354
20.08.2009 08:00,0.5069,0.5095,0.5095,0.521,0.5365,0.5232,0.4993
20.08.2009 09:00,0.6422,0.6488,0.644,0.6535,0.6615,0.6567,0.5985
20.08.2009 10:00,0.7329,0.7461,0.739,0.7435,0.7376,0.7458,0.6743
20.08.2009 11:00,0.7737,0.791,0.7872,0.7869,0.7587,0.7849,0.7031
20.08.2009 12:00,0.7668,0.7825,0.7906,0.7852,0.7379,0.7764,0.7198
20.08.2009 13:00,0.6887,0.7078,0.733,0.7273,0.6694,0.7062,0.6799
20.08.2009 14:00,0.5889,0.5989,0.6227,0.6166,0.5542,0.6004,0.5972
20.08.2009 15:00,0.4416,0.4413,0.4635,0.458,0.4061,0.4518,0.4496
20.08.2009 16:00,0.2454,0.2571,0.2669,0.2616,0.2316,0.2567,0.2583
20.08.2009 17:00,0.0773,0.078,0.0757,0.0704,0.0596,0.0715,0.0685
20.08.2009 18:00,0.0039,0.0038,0.0031,0.0019,0.0019,0.0022,0.0015
20.08.2009 19:00,0.0,0.0,0.0,0.0,0.0,0.0,0.0
20.08.2009 20:00,0.0,0.0,0.0,0.0,0.0,0.0,0.0
20.08.2009 21:00,0.0,0.0,0.0,0.0,0.0,0.0,0.0
20.08.2009 22:00,0.0,0.0,0.0,0.0,0.0,0.0,0.0
20.08.2009 23:00,0.0,0.0,0.0,0.0,0.0,0.0,0.0
21.08.2009 00:00,0.0,0.0,0.0,0.0,0.0,0.0,0.0
21.08.2009 01:00,0.0,0.0,0.0,0.0,0.0,0.0,0.0
21.08.2009 02:00,0.0,0.0,0.0,0.0,0.0,0.0,0.0
21.08.2009 03:00,0.0,0.0,0.0,0.0,0.0,0.0,0.0
21.08.2009 04:00,0.0,0.0,0.0,0.0,0.0,0.0,0.0
21.08.2009 05:00,0.009,0.0065,0.0081,0.009,0.0156,0.0111,0.0133
21.08.2009 06:00,0.0733,0.0505,0.0331,0.0875,0.1106,0.0729,0.099
21.08.2009 07:00,0.1934,0.1385,0.062,0.1706,0.2383,0.1577,0.225
21.08.2009 08:00,0.2878,0.2161,0.0813,0.1886,0.3406,0.1721,0.2949
21.08.2009 09:00,0.3994,0.2463,0.1943,0.1456,0.3999,0.336,0.4044
21.08.2009 10:00,0.4026,0.3172,0.2174,0.3036,0.4383,0.272,0.5168
21.08.2009 11:00,0.4123,0.3388,0.2785,0.3526,0.5486,0.3696,0.3777
21.08.2009 12:00,0.4434,0.6027,0.575,0.4076,0.421,0.3925,0.1911
21.08.2009 13:00,0.4985,0.6381,0.7142,0.6336,0.3853,0.4744,0.3627
21.08.2009 14:00,0.476,0.4495,0.546,0.583,0.3783,0.5049,0.2533
21.08.2009 15:00,0.321,0.2928,0.3241,0.4177,0.237,0.2424,0.1798
21.08.2009 16:00,0.2085,0.1662,0.1631,0.1668,0.1513,0.1685,0.2279
21.08.2009 17:00,0.0684,0.06,0.057,0.0608,0.0489,0.047,0.0672
21.08.2009 18:00,0.0028,0.0022,0.001,0.0007,0.0008,0.001,0.0
21.08.2009 19:00,0.0,0.0,0.0,0.0,0.0,0.0,0.0
21.08.2009 20:00,0.0,0.0,0.0,0.0,0.0,0.0,0.0
21.08.2009 21:00,0.0,0.0,0.0,0.0,0.0,0.0,0.0
21.08.2009 22:00,0.0,0.0,0.0,0.0,0.0,0.0,0.0
21.08.2009 23:00,0.0,0.0,0.0,0.0,0.0,0.0,0.0
22.08.2009 00:00,0.0,0.0,0.0,0.0,0.0,0.0,0.0
22.08.2009 01:00,0.0,0.0,0.0,0.0,0.0,0.0,0.0
22.08.2009 02:00,0.0,0.0,0.0,0.0,0.0,0.0,0.0
22.08.2009 03:00,0.0,0.0,0.0,0.0,0.0,0.0,0.0
22.08.2009 04:00,0.0,0.0,0.0,0.0,0.0,0.0,0.0
22.08.2009 05:00,0.0083,0.007,0.0104,0.0087,0.0148,0.0089,0.0152
22.08.2009 06:00,0.0859,0.0703,0.086,0.0386,0.0892,0.0442,0.1267
22.08.2009 07:00,0.2122,0.1634,0.1571,0.0465,0.2014,0.0841,0.3021
22.08.2009 08:00,0.3474,0.2824,0.3117,0.0801,0.258,0.1424,0.4036
22.08.2009 09:00,0.4821,0.3137,0.2834,0.1213,0.296,0.1551,0.4884
22.08.2009 10:00,0.5609,0.4,0.3885,0.1276,0.259,0.1159,0.5896
22.08.2009 11:00,0.5647,0.479,0.5271,0.192,0.2693,0.1175,0.6145
22.08.2009 12:00,0.525,0.458,0.6395,0.3084,0.2375,0.1199,0.61
22.08.2009 13:00,0.5024,0.4456,0.5619,0.3878,0.1878,0.1336,0.461
22.08.2009 14:00,0.4189,0.3837,0.3436,0.1541,0.1038,0.0718,0.3863
22.08.2009 15:00,0.3196,0.3136,0.3004,0.1879,0.1245,0.0868,0.3177
22.08.2009 16:00,0.1986,0.198,0.2332,0.1596,0.1172,0.0716,0.1953
22.08.2009 17:00,0.0686,0.0668,0.0732,0.0579,0.0429,0.0397,0.0578
22.08.2009 18:00,0.003,0.0025,0.0015,0.0,0.0,0.0015,0.0
22.08.2009 19:00,0.0,0.0,0.0,0.0,0.0,0.0,0.0
22.08.2009 20:00,0.0,0.0,0.0,0.0,0.0,0.0,0.0
22.08.2009 21:00,0.0,0.0,0.0,0.0,0.0,0.0,0.0
22.08.2009 22:00,0.0,0.0,0.0,0.0,0.0,0.0,0.0
22.08.2009 23:00,0.0,0.0,0.0,0.0,0.0,0.0,0.0
23.08.2009 00:00,0.0,0.0,0.0,0.0,0.0,0.0,0.0
23.08.2009 01:00,0.0,0.0,0.0,0.0,0.0,0.0,0.0
23.08.2009 02:00,0.0,0.0,0.0,0.0,0.0,0.0,0.0
23.08.2009 03:00,0.0,0.0,0.0,0.0,0.0,0.0,0.0
23.08.2009 04:00,0.0,0.0,0.0,0.0,0.0,0.0,0.0
23.08.2009 05:00,0.0101,0.0114,0.0134,0.0155,0.0166,0.0142,0.0127
23.08.2009 06:00,0.1162,0.1178,0.128,0.127,0.1378,0.1164,0.1103
23.08.2009 07:00,0.3219,0.3161,0.3211,0.3187,0.3374,0.2741,0.3074
23.08.2009 08:00,0.5086,0.5064,0.5029,0.5047,0.5175,0.3999,0.3897
23.08.2009 09:00,0.6554,0.6715,0.6492,0.6464,0.6577,0.5223,0.5038
23.08.2009 10:00,0.7471,0.7698,0.755,0.7484,0.7506,0.6218,0.6258
23.08.2009 11:00,0.781,0.8094,0.8034,0.802,0.7951,0.7439,0.716
23.08.2009 12:00,0.761,0.7942,0.792,0.7869,0.7732,0.7818,0.7025
23.08.2009 13:00,0.6995,0.7338,0.7282,0.7224,0.7038,0.7294,0.622
23.08.2009 14:00,0.586,0.6231,0.617,0.611,0.5829,0.6184,0.5295
23.08.2009 15:00,0.4469,0.4686,0.459,0.4525,0.4301,0.4606,0.4054
23.08.2009 16:00,0.2632,0.2742,0.2645,0.2576,0.2411,0.2634,0.2274
23.08.2009 17:00,0.076,0.0771,0.0713,0.0653,0.0578,0.0672,0.0613
23.08.2009 18:00,0.0026,0.0019,0.0012,0.0,0.0,0.0,0.0
23.08.2009 19:00,0.0,0.0,0.0,0.0,0.0,0.0,0.0
23.08.2009 20:00,0.0,0.0,0.0,0.0,0.0,0.0,0.0
23.08.2009 21:00,0.0,0.0,0.0,0.0,0.0,0.0,0.0
23.08.2009 22:00,0.0,0.0,0.0,0.0,0.0,0.0,0.0
23.08.2009 23:00,0.0,0.0,0.0,0.0,0.0,0.0,0.0
24.08.2009 00:00,0.0,0.0,0.0,0.0,0.0,0.0,0.0
24.08.2009 01:00,0.0,0.0,0.0,0.0,0.0,0.0,0.0
24.08.2009 02:00,0.0,0.0,0.0,0.0,0.0,0.0,0.0
24.08.2009 03:00,0.0,0.0,0.0,0.0,0.0,0.0,0.0
24.08.2009 04:00,0.0,0.0,0.0,0.0,0.0,0.0,0.0
24.08.2009 05:00,0.0082,0.0101,0.0127,0.0148,0.0154,0.0128,0.0049
24.08.2009 06:00,0.1069,0.1176,0.1251,0.1342,0.1347,0.1281,0.0628
24.08.2009 07:00,0.3014,0.3303,0.3264,0.3431,0.337,0.3365,0.1982
24.08.2009 08:00,0.4897,0.5237,0.5249,0.5308,0.5206,0.5195,0.3637
24.08.2009 09:00,0.6338,0.6675,0.6662,0.6721,0.6461,0.6562,0.4544
24.08.2009 10:00,0.7174,0.7537,0.7591,0.7633,0.7129,0.7288,0.5245
24.08.2009 11:00,0.7497,0.7785,0.7958,0.799,0.7205,0.738,0.5393
24.08.2009 12:00,0.719,0.7473,0.7784,0.7806,0.6754,0.699,0.6018
24.08.2009 13:00,0.6489,0.6605,0.7095,0.7158,0.6137,0.6447,0.6119
24.08.2009 14:00,0.5459,0.537,0.5974,0.6042,0.523,0.5427,0.5353
24.08.2009 15:00,0.4035,0.4066,0.4398,0.4461,0.3967,0.3932,0.4137
24.08.2009 16:00,0.2169,0.2266,0.246,0.2506,0.2174,0.2303,0.2347
24.08.2009 17:00,0.0647,0.0658,0.0661,0.0621,0.052,0.0596,0.0605
24.08.2009 18:00,0.0023,0.0018,0.0,0.0,0.0,0.0,0.0
24.08.2009 19:00,0.0,0.0,0.0,0.0,0.0,0.0,0.0
24.08.2009 20:00,0.0,0.0,0.0,0.0,0.0,0.0,0.0
24.08.2009 21:00,0.0,0.0,0.0,0.0,0.0,0.0,0.0
24.08.2009 22:00,0.0,0.0,0.0,0.0,0.0,0.0,0.0
24.08.2009 23:00,0.0,0.0,0.0,0.0,0.0,0.0,0.0
25.08.2009 00:00,0.0,0.0,0.0,0.0,0.0,0.0,0.0
25.08.2009 01:00,0.0,0.0,0.0,0.0,0.0,0.0,0.0
25.08.2009 02:00,0.0,0.0,0.0,0.0,0.0,0.0,0.0
25.08.2009 03:00,0.0,0.0,0.0,0.0,0.0,0.0,0.0
25.08.2009 04:00,0.0,0.0,0.0,0.0,0.0,0.0,0.0
25.08.2009 05:00,0.0068,0.0041,0.002,0.0033,0.0103,0.0024,0.0077
25.08.2009 06:00,0.0541,0.0797,0.0273,0.0462,0.0912,0.024,0.0436
25.08.2009 07:00,0.1741,0.2446,0.2227,0.0732,0.2298,0.1482,0.1227
25.08.2009 08:00,0.3455,0.3938,0.4144,0.2517,0.3304,0.255,0.1858
25.08.2009 09:00,0.3864,0.4951,0.5758,0.3247,0.4204,0.2521,0.3522
25.08.2009 10:00,0.413,0.4961,0.7162,0.638,0.4944,0.4779,0.5068
25.08.2009 11:00,0.3903,0.5098,0.7586,0.7287,0.6169,0.6575,0.5203
25.08.2009 12:00,0.2594,0.4048,0.7144,0.7406,0.6094,0.5611,0.4929
25.08.2009 13:00,0.2079,0.2677,0.5436,0.6806,0.5209,0.5144,0.4739
25.08.2009 14:00,0.1641,0.1547,0.2138,0.5137,0.4297,0.2814,0.3718
25.08.2009 15:00,0.121,0.0653,0.0452,0.1519,0.2465,0.1079,0.2732
25.08.2009 16:00,0.1144,0.0791,0.0212,0.0368,0.1203,0.0672,0.1832
25.08.2009 17:00,0.0445,0.0506,0.0128,0.0152,0.0373,0.0248,0.0453
25.08.2009 18:00,0.0006,0.0007,0.0,0.0,0.0,0.0,0.0
25.08.2009 19:00,0.0,0.0,0.0,0.0,0.0,0.0,0.0
25.08.2009 20:00,0.0,0.0,0.0,0.0,0.0,0.0,0.0
25.08.2009 21:00,0.0,0.0,0.0,0.0,0.0,0.0,0.0
25.08.2009 22:00,0.0,0.0,0.0,0.0,0.0,0.0,0.0
25.08.2009 23:00,0.0,0.0,0.0,0.0,0.0,0.0,0.0
26.08.2009 00:00,0.0,0.0,0.0,0.0,0.0,0.0,0.0
26.08.2009 01:00,0.0,0.0,0.0,0.0,0.0,0.0,0.0
26.08.2009 02:00,0.0,0.0,0.0,0.0,0.0,0.0,0.0
26.08.2009 03:00,0.0,0.0,0.0,0.0,0.0,0.0,0.0
26.08.2009 04:00,0.0,0.0,0.0,0.0,0.0,0.0,0.0
26.08.2009 05:00,0.0044,0.0043,0.0052,0.0106,0.0059,0.006,0.0038
26.08.2009 06:00,0.052,0.0445,0.0496,0.0605,0.0642,0.0718,0.038
26.08.2009 07:00,0.115,0.0845,0.0849,0.1905,0.1674,0.1784,0.0806
26.08.2009 08:00,0.1931,0.1182,0.1243,0.1678,0.2533,0.1985,0.0857
26.08.2009 09:00,0.2759,0.2053,0.139,0.1198,0.1979,0.1919,0.1773
26.08.2009 10:00,0.3579,0.3367,0.2345,0.1659,0.1769,0.203,0.2117
26.08.2009 11:00,0.3993,0.4815,0.4437,0.233,0.2262,0.319,0.2956
26.08.2009 12:00,0.4233,0.4655,0.5834,0.3772,0.3242,0.3348,0.3283
26.08.2009 13:00,0.4094,0.4854,0.6171,0.3858,0.3503,0.3714,0.3332
26.08.2009 14:00,0.3158,0.3572,0.5122,0.4724,0.338,0.3838,0.3442
26.08.2009 15:00,0.2674,0.2898,0.3343,0.2734,0.2814,0.309,0.2822
26.08.2009 16:00,0.1639,0.2192,0.2305,0.2047,0.181,0.208,0.1899
26.08.2009 17:00,0.0538,0.0556,0.0555,0.0538,0.0482,0.0536,0.054
26.08.2009 18:00,0.0,0.0,0.0,0.0,0.0,0.0,0.0
26.08.2009 19:00,0.0,0.0,0.0,0.0,0.0,0.0,0.0
26.08.2009 20:00,0.0,0.0,0.0,0.0,0.0,0.0,0.0
26.08.2009 21:00,0.0,0.0,0.0,0.0,0.0,0.0,0.0
26.08.2009 22:00,0.0,0.0,0.0,0.0,0.0,0.0,0.0
26.08.2009 23:00,0.0,0.0,0.0,0.0,0.0,0.0,0.0
27.08.2009 00:00,0.0,0.0,0.0,0.0,0.0,0.0,0.0
27.08.2009 01:00,0.0,0.0,0.0,0.0,0.0,0.0,0.0
27.08.2009 02:00,0.0,0.0,0.0,0.0,0.0,0.0,0.0
27.08.2009 03:00,0.0,0.0,0.0,0.0,0.0,0.0,0.0
27.08.2009 04:00,0.0,0.0,0.0,0.0,0.0,0.0,0.0
27.08.2009 05:00,0.0066,0.0072,0.009,0.0113,0.0134,0.0105,0.0107
27.08.2009 06:00,0.1116,0.1096,0.1068,0.1126,0.1391,0.1254,0.1135
27.08.2009 07:00,0.3139,0.3065,0.2861,0.3129,0.3419,0.3289,0.2622
27.08.2009 08:00,0.483,0.4862,0.5034,0.5103,0.4967,0.4974,0.387
27.08.2009 09:00,0.595,0.6127,0.6399,0.6305,0.5836,0.5883,0.506
27.08.2009 10:00,0.6482,0.6768,0.7015,0.7157,0.6125,0.6365,0.5617
27.08.2009 11:00,0.6747,0.6921,0.7447,0.7644,0.6243,0.6474,0.5613
27.08.2009 12:00,0.6542,0.6894,0.7495,0.751,0.6103,0.6537,0.5757
27.08.2009 13:00,0.569,0.6304,0.6964,0.7021,0.5651,0.5697,0.5467
27.08.2009 14:00,0.4725,0.5102,0.5887,0.5932,0.4589,0.4551,0.4821
27.08.2009 15:00,0.3957,0.3791,0.4386,0.4354,0.3615,0.3273,0.3774
27.08.2009 16:00,0.231,0.22,0.2435,0.2403,0.2102,0.1881,0.2167
27.08.2009 17:00,0.0679,0.066,0.0609,0.0547,0.0473,0.0568,0.0522
27.08.2009 18:00,0.0,0.0,0.0,0.0,0.0,0.0,0.0
27.08.2009 19:00,0.0,0.0,0.0,0.0,0.0,0.0,0.0
27.08.2009 20:00,0.0,0.0,0.0,0.0,0.0,0.0,0.0
27.08.2009 21:00,0.0,0.0,0.0,0.0,0.0,0.0,0.0
27.08.2009 22:00,0.0,0.0,0.0,0.0,0.0,0.0,0.0
27.08.2009 23:00,0.0,0.0,0.0,0.0,0.0,0.0,0.0
28.08.2009 00:00,0.0,0.0,0.0,0.0,0.0,0.0,0.0
28.08.2009 01:00,0.0,0.0,0.0,0.0,0.0,0.0,0.0
28.08.2009 02:00,0.0,0.0,0.0,0.0,0.0,0.0,0.0
28.08.2009 03:00,0.0,0.0,0.0,0.0,0.0,0.0,0.0
28.08.2009 04:00,0.0,0.0,0.0,0.0,0.0,0.0,0.0
28.08.2009 05:00,0.0043,0.0042,0.0035,0.0107,0.0122,0.0074,0.0096
28.08.2009 06:00,0.0929,0.0806,0.0643,0.0902,0.1286,0.077,0.1224
28.08.2009 07:00,0.2734,0.2599,0.2173,0.1357,0.3004,0.2025,0.3217
28.08.2009 08:00,0.4563,0.437,0.4277,0.3786,0.4404,0.3951,0.4872
28.08.2009 09:00,0.6024,0.5637,0.6013,0.5514,0.5592,0.5306,0.5786
28.08.2009 10:00,0.689,0.6708,0.5929,0.5923,0.6262,0.6457,0.6616
28.08.2009 11:00,0.683,0.6031,0.4754,0.752,0.6668,0.7376,0.7094
28.08.2009 12:00,0.6532,0.4654,0.4248,0.712,0.6696,0.5491,0.6692
28.08.2009 13:00,0.5394,0.3403,0.3701,0.4471,0.5472,0.2701,0.5389
28.08.2009 14:00,0.4279,0.2834,0.3921,0.392,0.3392,0.1304,0.3397
28.08.2009 15:00,0.2899,0.1936,0.2058,0.2334,0.1979,0.0907,0.2416
28.08.2009 16:00,0.1852,0.1195,0.0984,0.0697,0.1042,0.0587,0.1953
28.08.2009 17:00,0.0502,0.0393,0.0418,0.0275,0.0348,0.0196,0.0517
28.08.2009 18:00,0.0,0.0,0.0,0.0,0.0,0.0,0.0
28.08.2009 19:00,0.0,0.0,0.0,0.0,0.0,0.0,0.0
28.08.2009 20:00,0.0,0.0,0.0,0.0,0.0,0.0,0.0
28.08.2009 21:00,0.0,0.0,0.0,0.0,0.0,0.0,0.0
28.08.2009 22:00,0.0,0.0,0.0,0.0,0.0,0.0,0.0
28.08.2009 23:00,0.0,0.0,0.0,0.0,0.0,0.0,0.0
29.08.2009 00:00,0.0,0.0,0.0,0.0,0.0,0.0,0.0
29.08.2009 01:00,0.0,0.0,0.0,0.0,0.0,0.0,0.0
29.08.2009 02:00,0.0,0.0,0.0,0.0,0.0,0.0,0.0
29.08.2009 03:00,0.0,0.0,0.0,0.0,0.0,0.0,0.0
29.08.2009 04:00,0.0,0.0,0.0,0.0,0.0,0.0,0.0
29.08.2009 05:00,0.0034,0.0038,0.0053,0.0035,0.007,0.0032,0.0077
29.08.2009 06:00,0.0891,0.0825,0.0877,0.0356,0.0468,0.0355,0.1028
29.08.2009 07:00,0.2581,0.2384,0.2552,0.0906,0.1088,0.0822,0.2953
29.08.2009 08:00,0.4346,0.3553,0.3905,0.201,0.19,0.1164,0.4885
29.08.2009 09:00,0.5912,0.4612,0.428,0.3812,0.2411,0.175,0.6437
29.08.2009 10:00,0.7004,0.4676,0.4053,0.389,0.2482,0.1925,0.7831
29.08.2009 11:00,0.7664,0.535,0.6113,0.4214,0.288,0.1609,0.8218
29.08.2009 12:00,0.7743,0.5445,0.6454,0.5118,0.3076,0.2477,0.8101
29.08.2009 13:00,0.7231,0.5128,0.6316,0.5386,0.3413,0.2732,0.7512
29.08.2009 14:00,0.6129,0.4558,0.5607,0.4789,0.3208,0.2604,0.6332
29.08.2009 15:00,0.4586,0.3759,0.4316,0.4012,0.2834,0.2594,0.4606
29.08.2009 16:00,0.257,0.224,0.2498,0.2312,0.182,0.1604,0.2476
29.08.2009 17:00,0.0632,0.0602,0.0578,0.0531,0.0434,0.0478,0.0509
29.08.2009 18:00,0.0,0.0,0.0,0.0,0.0,0.0,0.0
29.08.2009 19:00,0.0,0.0,0.0,0.0,0.0,0.0,0.0
29.08.2009 20:00,0.0,0.0,0.0,0.0,0.0,0.0,0.0
29.08.2009 21:00,0.0,0.0,0.0,0.0,0.0,0.0,0.0
29.08.2009 22:00,0.0,0.0,0.0,0.0,0.0,0.0,0.0
29.08.2009 23:00,0.0,0.0,0.0,0.0,0.0,0.0,0.0
30.08.2009 00:00,0.0,0.0,0.0,0.0,0.0,0.0,0.0
30.08.2009 01:00,0.0,0.0,0.0,0.0,0.0,0.0,0.0
30.08.2009 02:00,0.0,0.0,0.0,0.0,0.0,0.0,0.0
30.08.2009 03:00,0.0,0.0,0.0,0.0,0.0,0.0,0.0
30.08.2009 04:00,0.0,0.0,0.0,0.0,0.0,0.0,0.0
30.08.2009 05:00,0.0043,0.0053,0.0074,0.0092,0.0111,0.0083,0.0052
30.08.2009 06:00,0.1131,0.1169,0.1237,0.133,0.1392,0.1299,0.0654
30.08.2009 07:00,0.3297,0.3372,0.341,0.3512,0.3522,0.3503,0.1601
30.08.2009 08:00,0.5276,0.5341,0.5319,0.5402,0.5374,0.5436,0.2564
30.08.2009 09:00,0.6722,0.6791,0.6755,0.681,0.6703,0.6835,0.4369
30.08.2009 10:00,0.7616,0.7723,0.7664,0.7663,0.7574,0.7718,0.6464
30.08.2009 11:00,0.7934,0.8069,0.7998,0.7996,0.7978,0.804,0.72
30.08.2009 12:00,0.7718,0.7897,0.7807,0.7798,0.7736,0.7831,0.6721
30.08.2009 13:00,0.7138,0.7305,0.7193,0.7164,0.7106,0.7217,0.6101
30.08.2009 14:00,0.6078,0.6198,0.6075,0.6038,0.5986,0.6082,0.5386
30.08.2009 15:00,0.4574,0.4603,0.4457,0.4408,0.4348,0.447,0.4091
30.08.2009 16:00,0.2606,0.2589,0.2462,0.2392,0.2302,0.2454,0.228
30.08.2009 17:00,0.0622,0.0609,0.0553,0.0498,0.043,0.0517,0.0474
30.08.2009 18:00,0.0,0.0,0.0,0.0,0.0,0.0,0.0
30.08.2009 19:00,0.0,0.0,0.0,0.0,0.0,0.0,0.0
30.08.2009 20:00,0.0,0.0,0.0,0.0,0.0,0.0,0.0
30.08.2009 21:00,0.0,0.0,0.0,0.0,0.0,0.0,0.0
30.08.2009 22:00,0.0,0.0,0.0,0.0,0.0,0.0,0.0
30.08.2009 23:00,0.0,0.0,0.0,0.0,0.0,0.0,0.0
31.08.2009 00:00,0.0,0.0,0.0,0.0,0.0,0.0,0.0
31.08.2009 01:00,0.0,0.0,0.0,0.0,0.0,0.0,0.0
31.08.2009 02:00,0.0,0.0,0.0,0.0,0.0,0.0,0.0
31.08.2009 03:00,0.0,0.0,0.0,0.0,0.0,0.0,0.0
31.08.2009 04:00,0.0,0.0,0.0,0.0,0.0,0.0,0.0
31.08.2009 05:00,0.0039,0.0045,0.0066,0.0085,0.0103,0.0074,0.0076
31.08.2009 06:00,0.1122,0.1154,0.1226,0.1316,0.1428,0.1287,0.1231
31.08.2009 07:00,0.3328,0.334,0.3378,0.3494,0.3661,0.3489,0.335
31.08.2009 08:00,0.5288,0.5275,0.5263,0.5368,0.5555,0.5414,0.5157
31.08.2009 09:00,0.667,0.668,0.6612,0.6704,0.6919,0.6812,0.6273
31.08.2009 10:00,0.742,0.7592,0.7472,0.7554,0.7765,0.769,0.6638
31.08.2009 11:00,0.7683,0.7953,0.7787,0.787,0.7992,0.796,0.6442
31.08.2009 12:00,0.7377,0.7797,0.7593,0.7648,0.7584,0.7658,0.5511
31.08.2009 13:00,0.6792,0.7215,0.7014,0.7028,0.6759,0.6945,0.4546
31.08.2009 14:00,0.5744,0.6095,0.5923,0.5907,0.5487,0.5774,0.3691
31.08.2009 15:00,0.4282,0.4508,0.4328,0.4293,0.4005,0.4246,0.3284
31.08.2009 16:00,0.2406,0.2498,0.2356,0.2296,0.2135,0.2325,0.1903
31.08.2009 17:00,0.0569,0.0568,0.0508,0.0458,0.0397,0.0477,0.0431
31.08.2009 18:00,0.0,0.0,0.0,0.0,0.0,0.0,0.0
31.08.2009 19:00,0.0,0.0,0.0,0.0,0.0,0.0,0.0
31.08.2009 20:00,0.0,0.0,0.0,0.0,0.0,0.0,0.0
31.08.2009 21:00,0.0,0.0,0.0,0.0,0.0,0.0,0.0
31.08.2009 22:00,0.0,0.0,0.0,0.0,0.0,0.0,0.0
31.08.2009 23:00,0.0,0.0,0.0,0.0,0.0,0.0,0.0
01.09.2009 00:00,0.0,0.0,0.0,0.0,0.0,0.0,0.0
01.09.2009 01:00,0.0,0.0,0.0,0.0,0.0,0.0,0.0
01.09.2009 02:00,0.0,0.0,0.0,0.0,0.0,0.0,0.0
01.09.2009 03:00,0.0,0.0,0.0,0.0,0.0,0.0,0.0
01.09.2009 04:00,0.0,0.0,0.0,0.0,0.0,0.0,0.0
01.09.2009 05:00,0.0,0.0,0.0,0.0073,0.0081,0.0071,0.0039
01.09.2009 06:00,0.1098,0.1148,0.1212,0.1319,0.1437,0.1296,0.0998
01.09.2009 07:00,0.3326,0.3398,0.3439,0.3568,0.3712,0.3567,0.3061
01.09.2009 08:00,0.5353,0.5394,0.538,0.5516,0.5594,0.551,0.4702
01.09.2009 09:00,0.6844,0.6889,0.6837,0.693,0.6904,0.6935,0.5372
01.09.2009 10:00,0.7732,0.7862,0.7771,0.7813,0.7624,0.785,0.6041
01.09.2009 11:00,0.8161,0.8306,0.8177,0.8205,0.7947,0.8249,0.6473
01.09.2009 12:00,0.7856,0.8195,0.8049,0.8071,0.7749,0.8081,0.6346
01.09.2009 13:00,0.5618,0.7014,0.742,0.7385,0.6976,0.7372,0.5671
01.09.2009 14:00,0.3765,0.3728,0.6194,0.6221,0.5666,0.6073,0.4884
01.09.2009 15:00,0.2173,0.1573,0.3426,0.4498,0.4189,0.3941,0.3806
01.09.2009 16:00,0.1308,0.1278,0.1652,0.1839,0.2147,0.1461,0.2131
01.09.2009 17:00,0.0369,0.039,0.0277,0.0323,0.0347,0.0206,0.0409
01.09.2009 18:00,0.0,0.0,0.0,0.0,0.0,0.0,0.0
01.09.2009 19:00,0.0,0.0,0.0,0.0,0.0,0.0,0.0
01.09.2009 20:00,0.0,0.0,0.0,0.0,0.0,0.0,0.0
01.09.2009 21:00,0.0,0.0,0.0,0.0,0.0,0.0,0.0
01.09.2009 22:00,0.0,0.0,0.0,0.0,0.0,0.0,0.0
01.09.2009 23:00,0.0,0.0,0.0,0.0,0.0,0.0,0.0
02.09.2009 00:00,0.0,0.0,0.0,0.0,0.0,0.0,0.0
02.09.2009 01:00,0.0,0.0,0.0,0.0,0.0,0.0,0.0
02.09.2009 02:00,0.0,0.0,0.0,0.0,0.0,0.0,0.0
02.09.2009 03:00,0.0,0.0,0.0,0.0,0.0,0.0,0.0
02.09.2009 04:00,0.0,0.0,0.0,0.0,0.0,0.0,0.0
02.09.2009 05:00,0.0,0.0,0.0,0.0068,0.0069,0.0059,0.0061
02.09.2009 06:00,0.0843,0.048,0.0423,0.0748,0.1317,0.0957,0.1294
02.09.2009 07:00,0.2271,0.1589,0.1029,0.1811,0.3379,0.1875,0.349
02.09.2009 08:00,0.3867,0.3276,0.1654,0.2248,0.4727,0.2888,0.5261
02.09.2009 09:00,0.4735,0.405,0.2942,0.517,0.5643,0.6264,0.6632
02.09.2009 10:00,0.4148,0.4272,0.392,0.5668,0.6882,0.6793,0.7423
02.09.2009 11:00,0.2992,0.2594,0.3944,0.6876,0.6487,0.6363,0.7391
02.09.2009 12:00,0.2368,0.1233,0.0956,0.5514,0.5965,0.3706,0.615
02.09.2009 13:00,0.085,0.1224,0.0529,0.069,0.4161,0.0962,0.495
02.09.2009 14:00,0.1024,0.0943,0.0862,0.0322,0.2277,0.1148,0.1951
02.09.2009 15:00,0.1517,0.1808,0.1875,0.118,0.1045,0.0856,0.0459
02.09.2009 16:00,0.1077,0.1326,0.1546,0.075,0.0446,0.0895,0.026
02.09.2009 17:00,0.0342,0.0266,0.0238,0.0367,0.0199,0.0324,0.0307
02.09.2009 18:00,0.0,0.0,0.0,0.0,0.0,0.0,0.0
02.09.2009 19:00,0.0,0.0,0.0,0.0,0.0,0.0,0.0
02.09.2009 20:00,0.0,0.0,0.0,0.0,0.0,0.0,0.0
02.09.2009 21:00,0.0,0.0,0.0,0.0,0.0,0.0,0.0
02.09.2009 22:00,0.0,0.0,0.0,0.0,0.0,0.0,0.0
02.09.2009 23:00,0.0,0.0,0.0,0.0,0.0,0.0,0.0
03.09.2009 00:00,0.0,0.0,0.0,0.0,0.0,0.0,0.0
03.09.2009 01:00,0.0,0.0,0.0,0.0,0.0,0.0,0.0
03.09.2009 02:00,0.0,0.0,0.0,0.0,0.0,0.0,0.0
03.09.2009 03:00,0.0,0.0,0.0,0.0,0.0,0.0,0.0
03.09.2009 04:00,0.0,0.0,0.0,0.0,0.0,0.0,0.0
03.09.2009 05:00,0.0,0.0,0.0,0.0051,0.0043,0.0027,0.003
03.09.2009 06:00,0.0632,0.0795,0.0869,0.088,0.0661,0.081,0.0302
03.09.2009 07:00,0.1458,0.192,0.2443,0.3215,0.1914,0.2937,0.065
03.09.2009 08:00,0.2586,0.1495,0.1014,0.3463,0.2879,0.37,0.1082
03.09.2009 09:00,0.2322,0.1262,0.1241,0.0772,0.233,0.1286,0.1054
03.09.2009 10:00,0.2428,0.1781,0.118,0.0946,0.1695,0.0951,0.1074
03.09.2009 11:00,0.2637,0.2316,0.2516,0.4821,0.2433,0.4971,0.1367
03.09.2009 12:00,0.3774,0.2575,0.187,0.4217,0.2688,0.3235,0.1767
03.09.2009 13:00,0.2914,0.2512,0.1431,0.1821,0.2236,0.3204,0.193
03.09.2009 14:00,0.2292,0.1532,0.3089,0.1285,0.1487,0.2063,0.1348
03.09.2009 15:00,0.2119,0.1846,0.0829,0.0776,0.1393,0.0913,0.1364
03.09.2009 16:00,0.1131,0.107,0.2023,0.0846,0.0562,0.0896,0.0738
03.09.2009 17:00,0.0315,0.0341,0.0398,0.0318,0.0133,0.0193,0.0138
03.09.2009 18:00,0.0,0.0,0.0,0.0,0.0,0.0,0.0
03.09.2009 19:00,0.0,0.0,0.0,0.0,0.0,0.0,0.0
03.09.2009 20:00,0.0,0.0,0.0,0.0,0.0,0.0,0.0
03.09.2009 21:00,0.0,0.0,0.0,0.0,0.0,0.0,0.0
03.09.2009 22:00,0.0,0.0,0.0,0.0,0.0,0.0,0.0
03.09.2009 23:00,0.0,0.0,0.0,0.0,0.0,0.0,0.0
04.09.2009 00:00,0.0,0.0,0.0,0.0,0.0,0.0,0.0
04.09.2009 01:00,0.0,0.0,0.0,0.0,0.0,0.0,0.0
04.09.2009 02:00,0.0,0.0,0.0,0.0,0.0,0.0,0.0
04.09.2009 03:00,0.0,0.0,0.0,0.0,0.0,0.0,0.0
04.09.2009 04:00,0.0,0.0,0.0,0.0,0.0,0.0,0.0
04.09.2009 05:00,0.0,0.0,0.0,0.0,0.0,0.0,0.0
04.09.2009 06:00,0.0374,0.028,0.016,0.0178,0.03,0.0356,0.0815
04.09.2009 07:00,0.1347,0.0863,0.0609,0.1244,0.0916,0.1386,0.2166
04.09.2009 08:00,0.1492,0.1399,0.1191,0.1875,0.1348,0.1893,0.1958
04.09.2009 09:00,0.157,0.1723,0.2721,0.1335,0.1429,0.2027,0.1292
04.09.2009 10:00,0.2734,0.1235,0.1444,0.1689,0.1746,0.2514,0.1322
04.09.2009 11:00,0.2738,0.1156,0.0703,0.0899,0.2001,0.1417,0.2015
04.09.2009 12:00,0.3043,0.144,0.1579,0.2635,0.2011,0.1504,0.2562
04.09.2009 13:00,0.4282,0.3378,0.3792,0.0862,0.2173,0.3033,0.3607
04.09.2009 14:00,0.2165,0.1042,0.1917,0.249,0.2698,0.152,0.4246
04.09.2009 15:00,0.1398,0.1498,0.1428,0.0931,0.1911,0.067,0.2702
04.09.2009 16:00,0.1258,0.0576,0.0726,0.0895,0.0844,0.0692,0.1834
04.09.2009 17:00,0.0324,0.0198,0.016,0.0166,0.0175,0.0213,0.0298
04.09.2009 18:00,0.0,0.0,0.0,0.0,0.0,0.0,0.0
04.09.2009 19:00,0.0,0.0,0.0,0.0,0.0,0.0,0.0
04.09.2009 20:00,0.0,0.0,0.0,0.0,0.0,0.0,0.0
04.09.2009 21:00,0.0,0.0,0.0,0.0,0.0,0.0,0.0
04.09.2009 22:00,0.0,0.0,0.0,0.0,0.0,0.0,0.0
04.09.2009 23:00,0.0,0.0,0.0,0.0,0.0,0.0,0.0
05.09.2009 00:00,0.0,0.0,0.0,0.0,0.0,0.0,0.0
05.09.2009 01:00,0.0,0.0,0.0,0.0,0.0,0.0,0.0
05.09.2009 02:00,0.0,0.0,0.0,0.0,0.0,0.0,0.0
05.09.2009 03:00,0.0,0.0,0.0,0.0,0.0,0.0,0.0
05.09.2009 04:00,0.0,0.0,0.0,0.0,0.0,0.0,0.0
05.09.2009 05:00,0.0,0.0,0.0,0.0042,0.0059,0.0044,0.0042
05.09.2009 06:00,0.1091,0.1087,0.1214,0.1315,0.1378,0.1199,0.1357
05.09.2009 07:00,0.335,0.3195,0.3449,0.3643,0.3582,0.3205,0.3769
05.09.2009 08:00,0.5369,0.4946,0.5025,0.4902,0.5298,0.471,0.5866
05.09.2009 09:00,0.6886,0.5924,0.5554,0.5928,0.6528,0.5383,0.7422
05.09.2009 10:00,0.7954,0.6567,0.5082,0.4975,0.7213,0.5925,0.8397
05.09.2009 11:00,0.8543,0.707,0.5963,0.5829,0.7787,0.6857,0.8793
05.09.2009 12:00,0.8373,0.7014,0.7042,0.6784,0.7894,0.6333,0.8553
05.09.2009 13:00,0.7631,0.6253,0.6386,0.6316,0.73,0.5605,0.7787
05.09.2009 14:00,0.6383,0.4917,0.4397,0.507,0.603,0.4802,0.6461
05.09.2009 15:00,0.4694,0.3687,0.4124,0.4123,0.4329,0.3301,0.4638
05.09.2009 16:00,0.2531,0.2003,0.2298,0.224,0.2104,0.1537,0.2376
05.09.2009 17:00,0.0479,0.0408,0.0403,0.0347,0.0287,0.0298,0.0344
05.09.2009 18:00,0.0,0.0,0.0,0.0,0.0,0.0,0.0
05.09.2009 19:00,0.0,0.0,0.0,0.0,0.0,0.0,0.0
05.09.2009 20:00,0.0,0.0,0.0,0.0,0.0,0.0,0.0
05.09.2009 21:00,0.0,0.0,0.0,0.0,0.0,0.0,0.0
05.09.2009 22:00,0.0,0.0,0.0,0.0,0.0,0.0,0.0
05.09.2009 23:00,0.0,0.0,0.0,0.0,0.0,0.0,0.0
06.09.2009 00:00,0.0,0.0,0.0,0.0,0.0,0.0,0.0
06.09.2009 01:00,0.0,0.0,0.0,0.0,0.0,0.0,0.0
06.09.2009 02:00,0.0,0.0,0.0,0.0,0.0,0.0,0.0
06.09.2009 03:00,0.0,0.0,0.0,0.0,0.0,0.0,0.0
06.09.2009 04:00,0.0,0.0,0.0,0.0,0.0,0.0,0.0
06.09.2009 05:00,0.0,0.0,0.0,0.004,0.0053,0.0037,0.0034
06.09.2009 06:00,0.1117,0.1122,0.1174,0.1289,0.1442,0.1273,0.1334
06.09.2009 07:00,0.3439,0.3386,0.3421,0.3561,0.3762,0.3559,0.3693
06.09.2009 08:00,0.5489,0.54,0.5461,0.5542,0.5739,0.5523,0.5707
06.09.2009 09:00,0.701,0.6898,0.6956,0.6987,0.7206,0.6995,0.717
06.09.2009 10:00,0.7982,0.785,0.7897,0.7889,0.8088,0.7922,0.8067
06.09.2009 11:00,0.8416,0.8296,0.8312,0.8293,0.8425,0.8329,0.8419
06.09.2009 12:00,0.8274,0.8172,0.8165,0.8153,0.8237,0.8141,0.8188
06.09.2009 13:00,0.7619,0.7524,0.749,0.742,0.7509,0.7457,0.7489
06.09.2009 14:00,0.6436,0.6374,0.6319,0.6247,0.6217,0.625,0.6239
06.09.2009 15:00,0.4712,0.4662,0.4577,0.4506,0.4421,0.4533,0.4485
06.09.2009 16:00,0.2533,0.2494,0.238,0.2295,0.2186,0.2345,0.2282
06.09.2009 17:00,0.0446,0.0433,0.0381,0.0328,0.0273,0.0349,0.0316
06.09.2009 18:00,0.0,0.0,0.0,0.0,0.0,0.0,0.0
06.09.2009 19:00,0.0,0.0,0.0,0.0,0.0,0.0,0.0
06.09.2009 20:00,0.0,0.0,0.0,0.0,0.0,0.0,0.0
06.09.2009 21:00,0.0,0.0,0.0,0.0,0.0,0.0,0.0
06.09.2009 22:00,0.0,0.0,0.0,0.0,0.0,0.0,0.0
06.09.2009 23:00,0.0,0.0,0.0,0.0,0.0,0.0,0.0
07.09.2009 00:00,0.0,0.0,0.0,0.0,0.0,0.0,0.0
07.09.2009 01:00,0.0,0.0,0.0,0.0,0.0,0.0,0.0
07.09.2009 02:00,0.0,0.0,0.0,0.0,0.0,0.0,0.0
07.09.2009 03:00,0.0,0.0,0.0,0.0,0.0,0.0,0.0
07.09.2009 04:00,0.0,0.0,0.0,0.0,0.0,0.0,0.0
07.09.2009 05:00,0.0,0.0,0.0,0.0031,0.0044,0.003,0.0027
07.09.2009 06:00,0.1091,0.109,0.1087,0.1217,0.1418,0.1236,0.13
07.09.2009 07:00,0.3371,0.3299,0.3267,0.3431,0.3715,0.3464,0.3607
07.09.2009 08:00,0.53,0.5214,0.5248,0.5324,0.562,0.5401,0.553
07.09.2009 09:00,0.67,0.6642,0.6604,0.6672,0.6953,0.6792,0.6883
07.09.2009 10:00,0.7546,0.7385,0.6732,0.7415,0.7783,0.7615,0.78
07.09.2009 11:00,0.8081,0.7933,0.7547,0.7373,0.7858,0.7753,0.815
07.09.2009 12:00,0.7967,0.7868,0.7796,0.7746,0.7618,0.7794,0.793
07.09.2009 13:00,0.7372,0.7206,0.7038,0.717,0.7147,0.7221,0.7276
07.09.2009 14:00,0.6188,0.5837,0.5845,0.5999,0.6014,0.6049,0.6063
07.09.2009 15:00,0.4487,0.4034,0.3649,0.4221,0.4257,0.4244,0.433
07.09.2009 16:00,0.2322,0.2026,0.1746,0.1992,0.1983,0.181,0.2064
07.09.2009 17:00,0.0396,0.037,0.0337,0.0296,0.0238,0.0313,0.0286
07.09.2009 18:00,0.0,0.0,0.0,0.0,0.0,0.0,0.0
07.09.2009 19:00,0.0,0.0,0.0,0.0,0.0,0.0,0.0
07.09.2009 20:00,0.0,0.0,0.0,0.0,0.0,0.0,0.0
07.09.2009 21:00,0.0,0.0,0.0,0.0,0.0,0.0,0.0
07.09.2009 22:00,0.0,0.0,0.0,0.0,0.0,0.0,0.0
07.09.2009 23:00,0.0,0.0,0.0,0.0,0.0,0.0,0.0
08.09.2009 00:00,0.0,0.0,0.0,0.0,0.0,0.0,0.0
08.09.2009 01:00,0.0,0.0,0.0,0.0,0.0,0.0,0.0
08.09.2009 02:00,0.0,0.0,0.0,0.0,0.0,0.0,0.0
08.09.2009 03:00,0.0,0.0,0.0,0.0,0.0,0.0,0.0
08.09.2009 04:00,0.0,0.0,0.0,0.0,0.0,0.0,0.0
08.09.2009 05:00,0.0,0.0,0.0,0.0012,0.0034,0.0016,0.0015
08.09.2009 06:00,0.1057,0.1045,0.1012,0.1156,0.1355,0.1176,0.1234
08.09.2009 07:00,0.33,0.3236,0.3003,0.3336,0.3614,0.3381,0.3478
08.09.2009 08:00,0.5276,0.5202,0.5066,0.529,0.5531,0.5315,0.5392
08.09.2009 09:00,0.6698,0.6615,0.6611,0.6666,0.6889,0.6707,0.6741
08.09.2009 10:00,0.7645,0.7575,0.7573,0.7597,0.7772,0.7642,0.7627
08.09.2009 11:00,0.8089,0.8038,0.8028,0.8046,0.814,0.8078,0.7988
08.09.2009 12:00,0.7979,0.7936,0.7913,0.795,0.7959,0.7917,0.7774
08.09.2009 13:00,0.7346,0.7314,0.7266,0.7232,0.7212,0.7243,0.7024
08.09.2009 14:00,0.6188,0.6176,0.6102,0.6028,0.5948,0.6051,0.5843
08.09.2009 15:00,0.4501,0.4471,0.4362,0.4292,0.4179,0.4331,0.4175
08.09.2009 16:00,0.2371,0.2331,0.223,0.2122,0.2018,0.2173,0.2078
08.09.2009 17:00,0.0388,0.0369,0.0322,0.0277,0.0219,0.0296,0.0266
08.09.2009 18:00,0.0,0.0,0.0,0.0,0.0,0.0,0.0
08.09.2009 19:00,0.0,0.0,0.0,0.0,0.0,0.0,0.0
08.09.2009 20:00,0.0,0.0,0.0,0.0,0.0,0.0,0.0
08.09.2009 21:00,0.0,0.0,0.0,0.0,0.0,0.0,0.0
08.09.2009 22:00,0.0,0.0,0.0,0.0,0.0,0.0,0.0
08.09.2009 23:00,0.0,0.0,0.0,0.0,0.0,0.0,0.0
09.09.2009 00:00,0.0,0.0,0.0,0.0,0.0,0.0,0.0
09.09.2009 01:00,0.0,0.0,0.0,0.0,0.0,0.0,0.0
09.09.2009 02:00,0.0,0.0,0.0,0.0,0.0,0.0,0.0
09.09.2009 03:00,0.0,0.0,0.0,0.0,0.0,0.0,0.0
09.09.2009 04:00,0.0,0.0,0.0,0.0,0.0,0.0,0.0
09.09.2009 05:00,0.0,0.0,0.0,0.0,0.003,0.0,0.0
09.09.2009 06:00,0.1022,0.106,0.1122,0.1203,0.1222,0.1194,0.0775
09.09.2009 07:00,0.3193,0.3292,0.3343,0.3426,0.2987,0.3432,0.1779
09.09.2009 08:00,0.514,0.5245,0.5263,0.5355,0.477,0.5343,0.317
09.09.2009 09:00,0.6532,0.6659,0.6662,0.6704,0.637,0.6708,0.4719
09.09.2009 10:00,0.7572,0.7662,0.7646,0.7636,0.7347,0.7669,0.5933
09.09.2009 11:00,0.8007,0.8148,0.812,0.8094,0.7782,0.8099,0.6256
09.09.2009 12:00,0.7808,0.8048,0.8006,0.8012,0.7595,0.7981,0.6158
09.09.2009 13:00,0.717,0.7407,0.7356,0.7294,0.6821,0.728,0.5045
09.09.2009 14:00,0.4458,0.4255,0.47,0.4556,0.3721,0.3748,0.4379
09.09.2009 15:00,0.4318,0.4441,0.4392,0.4314,0.349,0.4196,0.2202
09.09.2009 16:00,0.2255,0.2277,0.2231,0.2106,0.1532,0.2042,0.0908
09.09.2009 17:00,0.0358,0.0346,0.03,0.0255,0.0169,0.0262,0.0138
09.09.2009 18:00,0.0,0.0,0.0,0.0,0.0,0.0,0.0
09.09.2009 19:00,0.0,0.0,0.0,0.0,0.0,0.0,0.0
09.09.2009 20:00,0.0,0.0,0.0,0.0,0.0,0.0,0.0
09.09.2009 21:00,0.0,0.0,0.0,0.0,0.0,0.0,0.0
09.09.2009 22:00,0.0,0.0,0.0,0.0,0.0,0.0,0.0
09.09.2009 23:00,0.0,0.0,0.0,0.0,0.0,0.0,0.0
10.09.2009 00:00,0.0,0.0,0.0,0.0,0.0,0.0,0.0
10.09.2009 01:00,0.0,0.0,0.0,0.0,0.0,0.0,0.0
10.09.2009 02:00,0.0,0.0,0.0,0.0,0.0,0.0,0.0
10.09.2009 03:00,0.0,0.0,0.0,0.0,0.0,0.0,0.0
10.09.2009 04:00,0.0,0.0,0.0,0.0,0.0,0.0,0.0
10.09.2009 05:00,0.0,0.0,0.0,0.0,0.0027,0.0,0.0
10.09.2009 06:00,0.1036,0.1048,0.1074,0.1174,0.1344,0.118,0.1215
10.09.2009 07:00,0.3296,0.3307,0.329,0.3389,0.364,0.3443,0.3492
10.09.2009 08:00,0.5301,0.5331,0.5282,0.5378,0.5608,0.543,0.5474
10.09.2009 09:00,0.6805,0.6832,0.677,0.683,0.6987,0.6881,0.6911
10.09.2009 10:00,0.7716,0.782,0.7792,0.7802,0.7565,0.7818,0.7798
10.09.2009 11:00,0.8028,0.8242,0.8281,0.8245,0.7223,0.8149,0.8113
10.09.2009 12:00,0.7568,0.7917,0.8119,0.8053,0.6295,0.7442,0.7817
10.09.2009 13:00,0.6624,0.6898,0.7196,0.7263,0.498,0.5984,0.687
10.09.2009 14:00,0.5152,0.5304,0.5646,0.6044,0.3367,0.399,0.5471
10.09.2009 15:00,0.3925,0.3604,0.3832,0.4202,0.2243,0.2365,0.3775
10.09.2009 16:00,0.1942,0.1685,0.1502,0.1922,0.0971,0.1125,0.1746
10.09.2009 17:00,0.0306,0.0281,0.0234,0.0226,0.0109,0.017,0.0192
10.09.2009 18:00,0.0,0.0,0.0,0.0,0.0,0.0,0.0
10.09.2009 19:00,0.0,0.0,0.0,0.0,0.0,0.0,0.0
10.09.2009 20:00,0.0,0.0,0.0,0.0,0.0,0.0,0.0
10.09.2009 21:00,0.0,0.0,0.0,0.0,0.0,0.0,0.0
10.09.2009 22:00,0.0,0.0,0.0,0.0,0.0,0.0,0.0
10.09.2009 23:00,0.0,0.0,0.0,0.0,0.0,0.0,0.0
11.09.2009 00:00,0.0,0.0,0.0,0.0,0.0,0.0,0.0
11.09.2009 01:00,0.0,0.0,0.0,0.0,0.0,0.0,0.0
11.09.2009 02:00,0.0,0.0,0.0,0.0,0.0,0.0,0.0
11.09.2009 03:00,0.0,0.0,0.0,0.0,0.0,0.0,0.0
11.09.2009 04:00,0.0,0.0,0.0,0.0,0.0,0.0,0.0
11.09.2009 05:00,0.0,0.0,0.0,0.0,0.002,0.0,0.0
11.09.2009 06:00,0.091,0.0766,0.0422,0.0671,0.0867,0.0815,0.1212
11.09.2009 07:00,0.2852,0.2259,0.0891,0.1399,0.2447,0.2319,0.3515
11.09.2009 08:00,0.4559,0.3449,0.0914,0.1385,0.4021,0.3417,0.5531
11.09.2009 09:00,0.5618,0.3928,0.088,0.0892,0.4406,0.3548,0.7046
11.09.2009 10:00,0.608,0.3858,0.0864,0.0943,0.3749,0.2667,0.7948
11.09.2009 11:00,0.6088,0.3818,0.0872,0.1519,0.3436,0.2865,0.7592
11.09.2009 12:00,0.547,0.3301,0.0786,0.2961,0.3909,0.199,0.682
11.09.2009 13:00,0.4504,0.2553,0.2645,0.2904,0.3477,0.1677,0.6433
11.09.2009 14:00,0.3601,0.2017,0.2828,0.3766,0.3067,0.1179,0.5554
11.09.2009 15:00,0.2608,0.1839,0.3047,0.2421,0.2234,0.0919,0.3963
11.09.2009 16:00,0.1407,0.1065,0.1476,0.1411,0.1023,0.0533,0.1771
11.09.2009 17:00,0.0245,0.0194,0.0221,0.017,0.0105,0.0116,0.0158
11.09.2009 18:00,0.0,0.0,0.0,0.0,0.0,0.0,0.0
11.09.2009 19:00,0.0,0.0,0.0,0.0,0.0,0.0,0.0
11.09.2009 20:00,0.0,0.0,0.0,0.0,0.0,0.0,0.0
11.09.2009 21:00,0.0,0.0,0.0,0.0,0.0,0.0,0.0
11.09.2009 22:00,0.0,0.0,0.0,0.0,0.0,0.0,0.0
11.09.2009 23:00,0.0,0.0,0.0,0.0,0.0,0.0,0.0
12.09.2009 00:00,0.0,0.0,0.0,0.0,0.0,0.0,0.0
12.09.2009 01:00,0.0,0.0,0.0,0.0,0.0,0.0,0.0
12.09.2009 02:00,0.0,0.0,0.0,0.0,0.0,0.0,0.0
12.09.2009 03:00,0.0,0.0,0.0,0.0,0.0,0.0,0.0
12.09.2009 04:00,0.0,0.0,0.0,0.0,0.0,0.0,0.0
12.09.2009 05:00,0.0,0.0,0.0,0.0,0.0013,0.0,0.0
12.09.2009 06:00,0.0601,0.0494,0.0257,0.0452,0.0876,0.0485,0.1002
12.09.2009 07:00,0.1908,0.1293,0.1398,0.1069,0.222,0.1234,0.2986
12.09.2009 08:00,0.3148,0.2658,0.2815,0.1777,0.3603,0.1991,0.4614
12.09.2009 09:00,0.4119,0.3776,0.295,0.3166,0.4393,0.307,0.5279
12.09.2009 10:00,0.455,0.3944,0.2708,0.3658,0.4595,0.3755,0.5363
12.09.2009 11:00,0.4908,0.3456,0.3034,0.3406,0.3906,0.2814,0.4969
12.09.2009 12:00,0.419,0.2677,0.2156,0.2543,0.2957,0.1647,0.4228
12.09.2009 13:00,0.3467,0.2131,0.129,0.1164,0.2205,0.1088,0.3652
12.09.2009 14:00,0.2528,0.203,0.1318,0.0929,0.1596,0.0588,0.2253
12.09.2009 15:00,0.2098,0.1931,0.0769,0.1263,0.1156,0.0655,0.1593
12.09.2009 16:00,0.1269,0.1178,0.0575,0.0514,0.0707,0.0523,0.0907
12.09.2009 17:00,0.0218,0.0184,0.0121,0.011,0.0089,0.0087,0.0122
12.09.2009 18:00,0.0,0.0,0.0,0.0,0.0,0.0,0.0
12.09.2009 19:00,0.0,0.0,0.0,0.0,0.0,0.0,0.0
12.09.2009 20:00,0.0,0.0,0.0,0.0,0.0,0.0,0.0
12.09.2009 21:00,0.0,0.0,0.0,0.0,0.0,0.0,0.0
12.09.2009 22:00,0.0,0.0,0.0,0.0,0.0,0.0,0.0
12.09.2009 23:00,0.0,0.0,0.0,0.0,0.0,0.0,0.0
13.09.2009 00:00,0.0,0.0,0.0,0.0,0.0,0.0,0.0
13.09.2009 01:00,0.0,0.0,0.0,0.0,0.0,0.0,0.0
13.09.2009 02:00,0.0,0.0,0.0,0.0,0.0,0.0,0.0
13.09.2009 03:00,0.0,0.0,0.0,0.0,0.0,0.0,0.0
13.09.2009 04:00,0.0,0.0,0.0,0.0,0.0,0.0,0.0
13.09.2009 05:00,0.0,0.0,0.0,0.0,0.0009,0.0,0.0
13.09.2009 06:00,0.0575,0.0633,0.0541,0.0516,0.0695,0.0617,0.0924
13.09.2009 07:00,0.1903,0.1696,0.163,0.1097,0.1744,0.1198,0.3116
13.09.2009 08:00,0.3466,0.2806,0.3069,0.1492,0.2266,0.1645,0.5061
13.09.2009 09:00,0.4501,0.3517,0.4463,0.1882,0.2792,0.2028,0.6513
13.09.2009 10:00,0.489,0.4298,0.6507,0.3852,0.3664,0.2603,0.6849
13.09.2009 11:00,0.467,0.4123,0.7164,0.5114,0.3946,0.2747,0.6153
13.09.2009 12:00,0.4144,0.3966,0.5385,0.473,0.3831,0.3554,0.5079
13.09.2009 13:00,0.4473,0.4142,0.5604,0.4167,0.4005,0.2982,0.4629
13.09.2009 14:00,0.3966,0.3655,0.5154,0.405,0.3082,0.2447,0.3648
13.09.2009 15:00,0.2955,0.2716,0.3561,0.2782,0.2182,0.1747,0.2857
13.09.2009 16:00,0.1474,0.1405,0.1725,0.1122,0.0982,0.0818,0.1612
13.09.2009 17:00,0.0179,0.0165,0.0166,0.0106,0.0074,0.0095,0.0117
13.09.2009 18:00,0.0,0.0,0.0,0.0,0.0,0.0,0.0
13.09.2009 19:00,0.0,0.0,0.0,0.0,0.0,0.0,0.0
13.09.2009 20:00,0.0,0.0,0.0,0.0,0.0,0.0,0.0
13.09.2009 21:00,0.0,0.0,0.0,0.0,0.0,0.0,0.0
13.09.2009 22:00,0.0,0.0,0.0,0.0,0.0,0.0,0.0
13.09.2009 23:00,0.0,0.0,0.0,0.0,0.0,0.0,0.0
14.09.2009 00:00,0.0,0.0,0.0,0.0,0.0,0.0,0.0
14.09.2009 01:00,0.0,0.0,0.0,0.0,0.0,0.0,0.0
14.09.2009 02:00,0.0,0.0,0.0,0.0,0.0,0.0,0.0
14.09.2009 03:00,0.0,0.0,0.0,0.0,0.0,0.0,0.0
14.09.2009 04:00,0.0,0.0,0.0,0.0,0.0,0.0,0.0
14.09.2009 05:00,0.0,0.0,0.0,0.0,0.0,0.0,0.0
14.09.2009 06:00,0.0678,0.06,0.0644,0.0614,0.0537,0.039,0.0714
14.09.2009 07:00,0.2277,0.1686,0.1149,0.1674,0.1532,0.1051,0.222
14.09.2009 08:00,0.4247,0.2697,0.1703,0.1916,0.217,0.2067,0.3248
14.09.2009 09:00,0.5822,0.358,0.2691,0.1467,0.2424,0.2274,0.4269
14.09.2009 10:00,0.6879,0.4259,0.3951,0.2662,0.26,0.2243,0.5099
14.09.2009 11:00,0.6957,0.3976,0.1944,0.4194,0.269,0.2805,0.5782
14.09.2009 12:00,0.618,0.3587,0.1638,0.3688,0.2617,0.3162,0.611
14.09.2009 13:00,0.5023,0.363,0.3629,0.2282,0.2448,0.25,0.4216
14.09.2009 14:00,0.3952,0.2716,0.4126,0.3213,0.2291,0.1791,0.2402
14.09.2009 15:00,0.2233,0.2052,0.2877,0.3477,0.2104,0.1443,0.1415
14.09.2009 16:00,0.1045,0.1298,0.1737,0.1677,0.1097,0.0846,0.0736
14.09.2009 17:00,0.0152,0.0159,0.0156,0.0124,0.0085,0.0109,0.0093
14.09.2009 18:00,0.0,0.0,0.0,0.0,0.0,0.0,0.0
14.09.2009 19:00,0.0,0.0,0.0,0.0,0.0,0.0,0.0
14.09.2009 20:00,0.0,0.0,0.0,0.0,0.0,0.0,0.0
14.09.2009 21:00,0.0,0.0,0.0,0.0,0.0,0.0,0.0
14.09.2009 22:00,0.0,0.0,0.0,0.0,0.0,0.0,0.0
14.09.2009 23:00,0.0,0.0,0.0,0.0,0.0,0.0,0.0
15.09.2009 00:00,0.0,0.0,0.0,0.0,0.0,0.0,0.0
15.09.2009 01:00,0.0,0.0,0.0,0.0,0.0,0.0,0.0
15.09.2009 02:00,0.0,0.0,0.0,0.0,0.0,0.0,0.0
15.09.2009 03:00,0.0,0.0,0.0,0.0,0.0,0.0,0.0
15.09.2009 04:00,0.0,0.0,0.0,0.0,0.0,0.0,0.0
15.09.2009 05:00,0.0,0.0,0.0,0.0,0.0,0.0,0.0
15.09.2009 06:00,0.0366,0.0493,0.0266,0.04,0.0794,0.0472,0.0214
15.09.2009 07:00,0.1515,0.1767,0.0606,0.1368,0.1876,0.1142,0.0807
15.09.2009 08:00,0.2338,0.2981,0.1027,0.2553,0.2884,0.2148,0.1319
15.09.2009 09:00,0.2928,0.3477,0.1636,0.3225,0.2999,0.2493,0.0688
15.09.2009 10:00,0.36,0.3464,0.2093,0.4898,0.3044,0.2844,0.0549
15.09.2009 11:00,0.3689,0.4383,0.3129,0.6356,0.3638,0.2824,0.0556
15.09.2009 12:00,0.3468,0.4191,0.4085,0.6226,0.3184,0.2688,0.056
15.09.2009 13:00,0.2497,0.3746,0.2701,0.2825,0.2962,0.2907,0.0604
15.09.2009 14:00,0.1685,0.3024,0.3199,0.1473,0.1978,0.266,0.0784
15.09.2009 15:00,0.131,0.1809,0.239,0.2057,0.1144,0.1515,0.0619
15.09.2009 16:00,0.0713,0.0977,0.0961,0.0457,0.0507,0.0747,0.0279
15.09.2009 17:00,0.0123,0.011,0.0107,0.004,0.0033,0.0064,0.0058
15.09.2009 18:00,0.0,0.0,0.0,0.0,0.0,0.0,0.0
15.09.2009 19:00,0.0,0.0,0.0,0.0,0.0,0.0,0.0
15.09.2009 20:00,0.0,0.0,0.0,0.0,0.0,0.0,0.0
15.09.2009 21:00,0.0,0.0,0.0,0.0,0.0,0.0,0.0
15.09.2009 22:00,0.0,0.0,0.0,0.0,0.0,0.0,0.0
15.09.2009 23:00,0.0,0.0,0.0,0.0,0.0,0.0,0.0
16.09.2009 00:00,0.0,0.0,0.0,0.0,0.0,0.0,0.0
16.09.2009 01:00,0.0,0.0,0.0,0.0,0.0,0.0,0.0
16.09.2009 02:00,0.0,0.0,0.0,0.0,0.0,0.0,0.0
16.09.2009 03:00,0.0,0.0,0.0,0.0,0.0,0.0,0.0
16.09.2009 04:00,0.0,0.0,0.0,0.0,0.0,0.0,0.0
16.09.2009 05:00,0.0,0.0,0.0,0.0,0.0,0.0,0.0
16.09.2009 06:00,0.0361,0.035,0.0149,0.0262,0.0338,0.0511,0.0402
16.09.2009 07:00,0.0831,0.1058,0.0688,0.0847,0.0638,0.1036,0.025
16.09.2009 08:00,0.088,0.1297,0.1159,0.1608,0.1131,0.1453,0.0443
16.09.2009 09:00,0.1243,0.1258,0.093,0.1544,0.133,0.0889,0.0557
16.09.2009 10:00,0.153,0.1144,0.0602,0.0673,0.1693,0.096,0.0634
16.09.2009 11:00,0.1777,0.1686,0.0548,0.07,0.2095,0.1162,0.0933
16.09.2009 12:00,0.2157,0.17,0.0526,0.0741,0.14,0.1092,0.0628
16.09.2009 13:00,0.178,0.1358,0.0488,0.0603,0.0886,0.0896,0.0673
16.09.2009 14:00,0.1301,0.1089,0.0876,0.0728,0.0566,0.0782,0.0475
16.09.2009 15:00,0.1076,0.0762,0.0649,0.0671,0.0362,0.0388,0.0352
16.09.2009 16:00,0.0639,0.047,0.0296,0.03,0.0246,0.0256,0.0228
16.09.2009 17:00,0.0104,0.0066,0.0064,0.0035,0.0026,0.0053,0.0042
16.09.2009 18:00,0.0,0.0,0.0,0.0,0.0,0.0,0.0
16.09.2009 19:00,0.0,0.0,0.0,0.0,0.0,0.0,0.0
16.09.2009 20:00,0.0,0.0,0.0,0.0,0.0,0.0,0.0
16.09.2009 21:00,0.0,0.0,0.0,0.0,0.0,0.0,0.0
16.09.2009 22:00,0.0,0.0,0.0,0.0,0.0,0.0,0.0
16.09.2009 23:00,0.0,0.0,0.0,0.0,0.0,0.0,0.0
17.09.2009 00:00,0.0,0.0,0.0,0.0,0.0,0.0,0.0
17.09.2009 01:00,0.0,0.0,0.0,0.0,0.0,0.0,0.0
17.09.2009 02:00,0.0,0.0,0.0,0.0,0.0,0.0,0.0
17.09.2009 03:00,0.0,0.0,0.0,0.0,0.0,0.0,0.0
17.09.2009 04:00,0.0,0.0,0.0,0.0,0.0,0.0,0.0
17.09.2009 05:00,0.0,0.0,0.0,0.0,0.0,0.0,0.0
17.09.2009 06:00,0.0557,0.0388,0.0237,0.0209,0.0746,0.0411,0.0597
17.09.2009 07:00,0.187,0.1318,0.0584,0.043,0.1991,0.1235,0.2603
17.09.2009 08:00,0.2999,0.2221,0.0993,0.0687,0.2803,0.1846,0.4381
17.09.2009 09:00,0.341,0.2422,0.0842,0.0601,0.3023,0.1836,0.505
17.09.2009 10:00,0.3299,0.2064,0.0817,0.0771,0.2538,0.2129,0.4692
17.09.2009 11:00,0.3328,0.1728,0.103,0.0865,0.2053,0.1872,0.4078
17.09.2009 12:00,0.3157,0.1596,0.1274,0.1071,0.1845,0.1322,0.3838
17.09.2009 13:00,0.3366,0.1488,0.1799,0.1164,0.1734,0.1068,0.3582
17.09.2009 14:00,0.2715,0.1197,0.1728,0.1222,0.146,0.0915,0.3053
17.09.2009 15:00,0.1887,0.1277,0.1252,0.1271,0.1198,0.1072,0.2602
17.09.2009 16:00,0.1003,0.0868,0.0587,0.0714,0.0661,0.0754,0.1315
17.09.2009 17:00,0.0104,0.0096,0.0054,0.0045,0.0023,0.0057,0.0062
17.09.2009 18:00,0.0,0.0,0.0,0.0,0.0,0.0,0.0
17.09.2009 19:00,0.0,0.0,0.0,0.0,0.0,0.0,0.0
17.09.2009 20:00,0.0,0.0,0.0,0.0,0.0,0.0,0.0
17.09.2009 21:00,0.0,0.0,0.0,0.0,0.0,0.0,0.0
17.09.2009 22:00,0.0,0.0,0.0,0.0,0.0,0.0,0.0
17.09.2009 23:00,0.0,0.0,0.0,0.0,0.0,0.0,0.0
18.09.2009 00:00,0.0,0.0,0.0,0.0,0.0,0.0,0.0
18.09.2009 01:00,0.0,0.0,0.0,0.0,0.0,0.0,0.0
18.09.2009 02:00,0.0,0.0,0.0,0.0,0.0,0.0,0.0
18.09.2009 03:00,0.0,0.0,0.0,0.0,0.0,0.0,0.0
18.09.2009 04:00,0.0,0.0,0.0,0.0,0.0,0.0,0.0
18.09.2009 05:00,0.0,0.0,0.0,0.0,0.0,0.0,0.0
18.09.2009 06:00,0.066,0.0583,0.0276,0.0318,0.0865,0.0768,0.0723
18.09.2009 07:00,0.2105,0.1806,0.0658,0.0698,0.2478,0.2266,0.2293
18.09.2009 08:00,0.368,0.2884,0.0921,0.1138,0.4123,0.3412,0.3695
18.09.2009 09:00,0.4544,0.3668,0.085,0.1468,0.491,0.4215,0.3863
18.09.2009 10:00,0.5102,0.4447,0.1292,0.2016,0.5264,0.5042,0.396
18.09.2009 11:00,0.5361,0.5224,0.2253,0.2383,0.5499,0.5616,0.4312
18.09.2009 12:00,0.4937,0.5476,0.2488,0.3427,0.5523,0.5594,0.398
18.09.2009 13:00,0.4308,0.5666,0.2084,0.3126,0.4934,0.4851,0.2905
18.09.2009 14:00,0.3,0.4678,0.1931,0.2518,0.3455,0.383,0.2722
18.09.2009 15:00,0.2049,0.3308,0.1599,0.2002,0.2388,0.2294,0.1704
18.09.2009 16:00,0.0892,0.145,0.1015,0.1049,0.1134,0.0891,0.0495
18.09.2009 17:00,0.0084,0.0092,0.0066,0.0041,0.0021,0.005,0.0025
18.09.2009 18:00,0.0,0.0,0.0,0.0,0.0,0.0,0.0
18.09.2009 19:00,0.0,0.0,0.0,0.0,0.0,0.0,0.0
18.09.2009 20:00,0.0,0.0,0.0,0.0,0.0,0.0,0.0
18.09.2009 21:00,0.0,0.0,0.0,0.0,0.0,0.0,0.0
18.09.2009 22:00,0.0,0.0,0.0,0.0,0.0,0.0,0.0
18.09.2009 23:00,0.0,0.0,0.0,0.0,0.0,0.0,0.0
19.09.2009 00:00,0.0,0.0,0.0,0.0,0.0,0.0,0.0
19.09.2009 01:00,0.0,0.0,0.0,0.0,0.0,0.0,0.0
19.09.2009 02:00,0.0,0.0,0.0,0.0,0.0,0.0,0.0
19.09.2009 03:00,0.0,0.0,0.0,0.0,0.0,0.0,0.0
19.09.2009 04:00,0.0,0.0,0.0,0.0,0.0,0.0,0.0
19.09.2009 05:00,0.0,0.0,0.0,0.0,0.0,0.0,0.0
19.09.2009 06:00,0.0538,0.045,0.0182,0.0397,0.0764,0.0677,0.0308
19.09.2009 07:00,0.159,0.1446,0.0731,0.1324,0.2065,0.1917,0.0982
19.09.2009 08:00,0.2664,0.1876,0.1529,0.2361,0.3152,0.298,0.1167
19.09.2009 09:00,0.3192,0.2067,0.1608,0.3348,0.2992,0.3346,0.1503
19.09.2009 10:00,0.3611,0.262,0.2477,0.483,0.3391,0.3286,0.1369
19.09.2009 11:00,0.3062,0.229,0.3074,0.5179,0.3545,0.3001,0.0937
19.09.2009 12:00,0.2643,0.2101,0.4224,0.4363,0.3052,0.3065,0.0773
19.09.2009 13:00,0.2088,0.2411,0.481,0.4841,0.2789,0.2164,0.079
19.09.2009 14:00,0.169,0.2256,0.466,0.3131,0.249,0.1794,0.1128
19.09.2009 15:00,0.1309,0.1591,0.3484,0.2466,0.1776,0.1529,0.1575
19.09.2009 16:00,0.0756,0.0765,0.1348,0.1133,0.079,0.0743,0.0811
19.09.2009 17:00,0.0069,0.0059,0.0049,0.0027,0.0014,0.0034,0.0026
19.09.2009 18:00,0.0,0.0,0.0,0.0,0.0,0.0,0.0
19.09.2009 19:00,0.0,0.0,0.0,0.0,0.0,0.0,0.0
19.09.2009 20:00,0.0,0.0,0.0,0.0,0.0,0.0,0.0
19.09.2009 21:00,0.0,0.0,0.0,0.0,0.0,0.0,0.0
19.09.2009 22:00,0.0,0.0,0.0,0.0,0.0,0.0,0.0
19.09.2009 23:00,0.0,0.0,0.0,0.0,0.0,0.0,0.0
20.09.2009 00:00,0.0,0.0,0.0,0.0,0.0,0.0,0.0
20.09.2009 01:00,0.0,0.0,0.0,0.0,0.0,0.0,0.0
20.09.2009 02:00,0.0,0.0,0.0,0.0,0.0,0.0,0.0
20.09.2009 03:00,0.0,0.0,0.0,0.0,0.0,0.0,0.0
20.09.2009 04:00,0.0,0.0,0.0,0.0,0.0,0.0,0.0
20.09.2009 05:00,0.0,0.0,0.0,0.0,0.0,0.0,0.0
20.09.2009 06:00,0.0511,0.0418,0.0363,0.0181,0.0836,0.0511,0.0741
20.09.2009 07:00,0.1832,0.1602,0.0771,0.055,0.2514,0.1732,0.2839
20.09.2009 08:00,0.3099,0.2721,0.1186,0.141,0.3952,0.2742,0.4494
20.09.2009 09:00,0.3923,0.3268,0.2102,0.2713,0.4438,0.3052,0.5162
20.09.2009 10:00,0.4266,0.415,0.3844,0.4249,0.4907,0.3643,0.6095
20.09.2009 11:00,0.4353,0.4558,0.4402,0.5405,0.4694,0.4751,0.5801
20.09.2009 12:00,0.393,0.4378,0.4445,0.4305,0.3731,0.3851,0.4587
20.09.2009 13:00,0.2989,0.3635,0.4368,0.447,0.2903,0.2508,0.3691
20.09.2009 14:00,0.2299,0.2753,0.4322,0.4072,0.2138,0.1751,0.3043
20.09.2009 15:00,0.1758,0.1988,0.3045,0.2756,0.1915,0.1437,0.2459
20.09.2009 16:00,0.0948,0.1128,0.1344,0.1286,0.0888,0.0846,0.0832
20.09.2009 17:00,0.0057,0.0055,0.0043,0.0025,0.002,0.0028,0.0012
20.09.2009 18:00,0.0,0.0,0.0,0.0,0.0,0.0,0.0
20.09.2009 19:00,0.0,0.0,0.0,0.0,0.0,0.0,0.0
20.09.2009 20:00,0.0,0.0,0.0,0.0,0.0,0.0,0.0
20.09.2009 21:00,0.0,0.0,0.0,0.0,0.0,0.0,0.0
20.09.2009 22:00,0.0,0.0,0.0,0.0,0.0,0.0,0.0
20.09.2009 23:00,0.0,0.0,0.0,0.0,0.0,0.0,0.0
21.09.2009 00:00,0.0,0.0,0.0,0.0,0.0,0.0,0.0
21.09.2009 01:00,0.0,0.0,0.0,0.0,0.0,0.0,0.0
21.09.2009 02:00,0.0,0.0,0.0,0.0,0.0,0.0,0.0
21.09.2009 03:00,0.0,0.0,0.0,0.0,0.0,0.0,0.0
21.09.2009 04:00,0.0,0.0,0.0,0.0,0.0,0.0,0.0
21.09.2009 05:00,0.0,0.0,0.0,0.0,0.0,0.0,0.0
21.09.2009 06:00,0.0593,0.0431,0.0384,0.0477,0.0915,0.0595,0.0787
21.09.2009 07:00,0.2085,0.1601,0.1254,0.1965,0.2679,0.208,0.283
21.09.2009 08:00,0.408,0.3255,0.2778,0.3501,0.4511,0.3527,0.4595
21.09.2009 09:00,0.5384,0.4244,0.3803,0.4951,0.5684,0.4424,0.6119
21.09.2009 10:00,0.5981,0.4973,0.4655,0.5658,0.6095,0.521,0.658
21.09.2009 11:00,0.5851,0.5321,0.4915,0.5354,0.5775,0.4821,0.6503
21.09.2009 12:00,0.5453,0.4465,0.3653,0.5632,0.4991,0.3585,0.5856
21.09.2009 13:00,0.4997,0.4514,0.5189,0.4386,0.4414,0.2766,0.4502
21.09.2009 14:00,0.3888,0.3304,0.4287,0.3992,0.3041,0.1799,0.2463
21.09.2009 15:00,0.2659,0.257,0.3024,0.3089,0.2164,0.1456,0.2093
21.09.2009 16:00,0.1283,0.1206,0.1142,0.1367,0.0979,0.0843,0.107
21.09.2009 17:00,0.0049,0.0036,0.0019,0.0,0.0,0.0014,0.0
21.09.2009 18:00,0.0,0.0,0.0,0.0,0.0,0.0,0.0
21.09.2009 19:00,0.0,0.0,0.0,0.0,0.0,0.0,0.0
21.09.2009 20:00,0.0,0.0,0.0,0.0,0.0,0.0,0.0
21.09.2009 21:00,0.0,0.0,0.0,0.0,0.0,0.0,0.0
21.09.2009 22:00,0.0,0.0,0.0,0.0,0.0,0.0,0.0
21.09.2009 23:00,0.0,0.0,0.0,0.0,0.0,0.0,0.0
22.09.2009 00:00,0.0,0.0,0.0,0.0,0.0,0.0,0.0
22.09.2009 01:00,0.0,0.0,0.0,0.0,0.0,0.0,0.0
22.09.2009 02:00,0.0,0.0,0.0,0.0,0.0,0.0,0.0
22.09.2009 03:00,0.0,0.0,0.0,0.0,0.0,0.0,0.0
22.09.2009 04:00,0.0,0.0,0.0,0.0,0.0,0.0,0.0
22.09.2009 05:00,0.0,0.0,0.0,0.0,0.0,0.0,0.0
22.09.2009 06:00,0.0701,0.0535,0.0334,0.0362,0.0958,0.0673,0.0995
22.09.2009 07:00,0.2529,0.1892,0.123,0.0979,0.2858,0.2042,0.3258
22.09.2009 08:00,0.4287,0.3322,0.219,0.1797,0.4457,0.3353,0.5205
22.09.2009 09:00,0.5647,0.4468,0.2491,0.2404,0.5549,0.4547,0.655
22.09.2009 10:00,0.6574,0.531,0.3265,0.3262,0.6197,0.5288,0.7299
22.09.2009 11:00,0.7126,0.5866,0.3612,0.3179,0.6371,0.5841,0.7343
22.09.2009 12:00,0.6966,0.619,0.3875,0.3896,0.6179,0.5511,0.6792
22.09.2009 13:00,0.6551,0.5984,0.3893,0.491,0.5789,0.4864,0.6195
22.09.2009 14:00,0.5395,0.5072,0.38,0.3996,0.4681,0.397,0.5014
22.09.2009 15:00,0.3718,0.3465,0.2942,0.285,0.3189,0.2602,0.346
22.09.2009 16:00,0.1608,0.1436,0.1464,0.1179,0.1184,0.0887,0.1405
22.09.2009 17:00,0.0043,0.0028,0.0019,0.0,0.0,0.0,0.0
22.09.2009 18:00,0.0,0.0,0.0,0.0,0.0,0.0,0.0
22.09.2009 19:00,0.0,0.0,0.0,0.0,0.0,0.0,0.0
22.09.2009 20:00,0.0,0.0,0.0,0.0,0.0,0.0,0.0
22.09.2009 21:00,0.0,0.0,0.0,0.0,0.0,0.0,0.0
22.09.2009 22:00,0.0,0.0,0.0,0.0,0.0,0.0,0.0
22.09.2009 23:00,0.0,0.0,0.0,0.0,0.0,0.0,0.0
23.09.2009 00:00,0.0,0.0,0.0,0.0,0.0,0.0,0.0
23.09.2009 01:00,0.0,0.0,0.0,0.0,0.0,0.0,0.0
23.09.2009 02:00,0.0,0.0,0.0,0.0,0.0,0.0,0.0
23.09.2009 03:00,0.0,0.0,0.0,0.0,0.0,0.0,0.0
23.09.2009 04:00,0.0,0.0,0.0,0.0,0.0,0.0,0.0
23.09.2009 05:00,0.0,0.0,0.0,0.0,0.0,0.0,0.0
23.09.2009 06:00,0.0714,0.06,0.0343,0.0376,0.1017,0.0784,0.0963
23.09.2009 07:00,0.2587,0.2088,0.1054,0.1132,0.3039,0.2464,0.3171
23.09.2009 08:00,0.4348,0.3705,0.1819,0.1629,0.4662,0.4174,0.5023
23.09.2009 09:00,0.577,0.5094,0.2581,0.271,0.5721,0.5344,0.6227
23.09.2009 10:00,0.6614,0.6227,0.3527,0.3542,0.6414,0.635,0.6854
23.09.2009 11:00,0.7107,0.6781,0.5396,0.5565,0.6637,0.6238,0.7095
23.09.2009 12:00,0.6987,0.6685,0.6241,0.5949,0.6365,0.5734,0.6788
23.09.2009 13:00,0.652,0.6346,0.5947,0.5474,0.5875,0.5338,0.6336
23.09.2009 14:00,0.5381,0.5267,0.5055,0.4765,0.4825,0.4457,0.5197
23.09.2009 15:00,0.3694,0.3628,0.3563,0.3382,0.3237,0.3083,0.3474
23.09.2009 16:00,0.1592,0.1543,0.1457,0.1277,0.1203,0.1283,0.1326
23.09.2009 17:00,0.0037,0.0021,0.0,0.0,0.0,0.0,0.0
23.09.2009 18:00,0.0,0.0,0.0,0.0,0.0,0.0,0.0
23.09.2009 19:00,0.0,0.0,0.0,0.0,0.0,0.0,0.0
23.09.2009 20:00,0.0,0.0,0.0,0.0,0.0,0.0,0.0
23.09.2009 21:00,0.0,0.0,0.0,0.0,0.0,0.0,0.0
23.09.2009 22:00,0.0,0.0,0.0,0.0,0.0,0.0,0.0
23.09.2009 23:00,0.0,0.0,0.0,0.0,0.0,0.0,0.0
24.09.2009 00:00,0.0,0.0,0.0,0.0,0.0,0.0,0.0
24.09.2009 01:00,0.0,0.0,0.0,0.0,0.0,0.0,0.0
24.09.2009 02:00,0.0,0.0,0.0,0.0,0.0,0.0,0.0
24.09.2009 03:00,0.0,0.0,0.0,0.0,0.0,0.0,0.0
24.09.2009 04:00,0.0,0.0,0.0,0.0,0.0,0.0,0.0
24.09.2009 05:00,0.0,0.0,0.0,0.0,0.0,0.0,0.0
24.09.2009 06:00,0.0733,0.0656,0.0467,0.0345,0.0832,0.0748,0.092
24.09.2009 07:00,0.2683,0.2486,0.1592,0.1172,0.2623,0.2416,0.2948
24.09.2009 08:00,0.4386,0.4279,0.3184,0.1647,0.425,0.3819,0.4229
24.09.2009 09:00,0.5737,0.5847,0.4681,0.2224,0.5442,0.4801,0.5112
24.09.2009 10:00,0.6664,0.6712,0.5693,0.2612,0.5954,0.57,0.5632
24.09.2009 11:00,0.6902,0.6903,0.6498,0.3874,0.6124,0.5893,0.5606
24.09.2009 12:00,0.6694,0.6324,0.6976,0.6002,0.5747,0.5071,0.4787
24.09.2009 13:00,0.6125,0.5567,0.6403,0.6204,0.5188,0.4012,0.5024
24.09.2009 14:00,0.4805,0.4463,0.516,0.5126,0.4059,0.3317,0.4564
24.09.2009 15:00,0.319,0.295,0.3267,0.3288,0.2494,0.2246,0.3242
24.09.2009 16:00,0.1268,0.1078,0.1235,0.119,0.0821,0.0719,0.1257
24.09.2009 17:00,0.0024,0.0014,0.0,0.0,0.0,0.0,0.0
24.09.2009 18:00,0.0,0.0,0.0,0.0,0.0,0.0,0.0
24.09.2009 19:00,0.0,0.0,0.0,0.0,0.0,0.0,0.0
24.09.2009 20:00,0.0,0.0,0.0,0.0,0.0,0.0,0.0
24.09.2009 21:00,0.0,0.0,0.0,0.0,0.0,0.0,0.0
24.09.2009 22:00,0.0,0.0,0.0,0.0,0.0,0.0,0.0
24.09.2009 23:00,0.0,0.0,0.0,0.0,0.0,0.0,0.0
25.09.2009 00:00,0.0,0.0,0.0,0.0,0.0,0.0,0.0
25.09.2009 01:00,0.0,0.0,0.0,0.0,0.0,0.0,0.0
25.09.2009 02:00,0.0,0.0,0.0,0.0,0.0,0.0,0.0
25.09.2009 03:00,0.0,0.0,0.0,0.0,0.0,0.0,0.0
25.09.2009 04:00,0.0,0.0,0.0,0.0,0.0,0.0,0.0
25.09.2009 05:00,0.0,0.0,0.0,0.0,0.0,0.0,0.0
25.09.2009 06:00,0.0561,0.0478,0.0231,0.0484,0.0526,0.0476,0.0667
25.09.2009 07:00,0.2074,0.1686,0.0868,0.0691,0.1474,0.1366,0.2336
25.09.2009 08:00,0.3079,0.2808,0.1434,0.1058,0.2079,0.2009,0.3262
25.09.2009 09:00,0.4116,0.3607,0.2015,0.1534,0.2365,0.235,0.2612
25.09.2009 10:00,0.4887,0.4322,0.2374,0.1688,0.2684,0.2575,0.2419
25.09.2009 11:00,0.5094,0.4409,0.299,0.1926,0.2559,0.2011,0.1804
25.09.2009 12:00,0.4617,0.3916,0.2881,0.1033,0.237,0.137,0.1268
25.09.2009 13:00,0.4073,0.3766,0.3634,0.1004,0.194,0.1056,0.0722
25.09.2009 14:00,0.3097,0.2834,0.3343,0.1212,0.1349,0.0767,0.0765
25.09.2009 15:00,0.2052,0.2008,0.2408,0.1208,0.089,0.0714,0.1162
25.09.2009 16:00,0.0872,0.0794,0.1006,0.0701,0.039,0.0335,0.0919
25.09.2009 17:00,0.0021,0.0,0.0,0.0,0.0,0.0,0.0
25.09.2009 18:00,0.0,0.0,0.0,0.0,0.0,0.0,0.0
25.09.2009 19:00,0.0,0.0,0.0,0.0,0.0,0.0,0.0
25.09.2009 20:00,0.0,0.0,0.0,0.0,0.0,0.0,0.0
25.09.2009 21:00,0.0,0.0,0.0,0.0,0.0,0.0,0.0
25.09.2009 22:00,0.0,0.0,0.0,0.0,0.0,0.0,0.0
25.09.2009 23:00,0.0,0.0,0.0,0.0,0.0,0.0,0.0
26.09.2009 00:00,0.0,0.0,0.0,0.0,0.0,0.0,0.0
26.09.2009 01:00,0.0,0.0,0.0,0.0,0.0,0.0,0.0
26.09.2009 02:00,0.0,0.0,0.0,0.0,0.0,0.0,0.0
26.09.2009 03:00,0.0,0.0,0.0,0.0,0.0,0.0,0.0
26.09.2009 04:00,0.0,0.0,0.0,0.0,0.0,0.0,0.0
26.09.2009 05:00,0.0,0.0,0.0,0.0,0.0,0.0,0.0
26.09.2009 06:00,0.0527,0.0572,0.0561,0.0585,0.055,0.0601,0.036
26.09.2009 07:00,0.1947,0.2134,0.2075,0.2073,0.1824,0.198,0.1018
26.09.2009 08:00,0.3176,0.3714,0.297,0.2455,0.3162,0.3255,0.1839
26.09.2009 09:00,0.3965,0.4831,0.3793,0.2301,0.4014,0.4335,0.2022
26.09.2009 10:00,0.4193,0.5526,0.4533,0.2228,0.4226,0.4753,0.2096
26.09.2009 11:00,0.4071,0.5601,0.441,0.2841,0.3844,0.4068,0.1661
26.09.2009 12:00,0.3749,0.4968,0.4647,0.3916,0.3559,0.2887,0.1528
26.09.2009 13:00,0.384,0.4412,0.5176,0.4079,0.3017,0.2575,0.2258
26.09.2009 14:00,0.2863,0.3398,0.4725,0.307,0.2223,0.1955,0.2379
26.09.2009 15:00,0.1809,0.2087,0.314,0.2312,0.151,0.1475,0.1818
26.09.2009 16:00,0.0751,0.0879,0.1233,0.0851,0.0589,0.062,0.0857
26.09.2009 17:00,0.0,0.0,0.0,0.0,0.0,0.0,0.0
26.09.2009 18:00,0.0,0.0,0.0,0.0,0.0,0.0,0.0
26.09.2009 19:00,0.0,0.0,0.0,0.0,0.0,0.0,0.0
26.09.2009 20:00,0.0,0.0,0.0,0.0,0.0,0.0,0.0
26.09.2009 21:00,0.0,0.0,0.0,0.0,0.0,0.0,0.0
26.09.2009 22:00,0.0,0.0,0.0,0.0,0.0,0.0,0.0
26.09.2009 23:00,0.0,0.0,0.0,0.0,0.0,0.0,0.0
27.09.2009 00:00,0.0,0.0,0.0,0.0,0.0,0.0,0.0
27.09.2009 01:00,0.0,0.0,0.0,0.0,0.0,0.0,0.0
27.09.2009 02:00,0.0,0.0,0.0,0.0,0.0,0.0,0.0
27.09.2009 03:00,0.0,0.0,0.0,0.0,0.0,0.0,0.0
27.09.2009 04:00,0.0,0.0,0.0,0.0,0.0,0.0,0.0
27.09.2009 05:00,0.0,0.0,0.0,0.0,0.0,0.0,0.0
27.09.2009 06:00,0.046,0.0356,0.0448,0.0688,0.0788,0.052,0.0547
27.09.2009 07:00,0.2274,0.1691,0.2033,0.2486,0.2638,0.2471,0.2646
27.09.2009 08:00,0.4085,0.3843,0.383,0.4357,0.4016,0.417,0.4046
27.09.2009 09:00,0.4848,0.5098,0.5576,0.5796,0.4546,0.4447,0.4971
27.09.2009 10:00,0.5038,0.5262,0.6819,0.665,0.455,0.4316,0.5265
27.09.2009 11:00,0.4534,0.491,0.7244,0.6699,0.4318,0.4098,0.4816
27.09.2009 12:00,0.3583,0.3886,0.692,0.6397,0.3536,0.3367,0.4284
27.09.2009 13:00,0.3347,0.3492,0.6321,0.5891,0.3124,0.2966,0.3885
27.09.2009 14:00,0.2695,0.271,0.5101,0.4862,0.2513,0.2506,0.3171
27.09.2009 15:00,0.2132,0.2043,0.3231,0.2926,0.1731,0.1984,0.2725
27.09.2009 16:00,0.094,0.0856,0.1278,0.1064,0.0618,0.0761,0.0982
27.09.2009 17:00,0.0,0.0,0.0,0.0,0.0,0.0,0.0
27.09.2009 18:00,0.0,0.0,0.0,0.0,0.0,0.0,0.0
27.09.2009 19:00,0.0,0.0,0.0,0.0,0.0,0.0,0.0
27.09.2009 20:00,0.0,0.0,0.0,0.0,0.0,0.0,0.0
27.09.2009 21:00,0.0,0.0,0.0,0.0,0.0,0.0,0.0
27.09.2009 22:00,0.0,0.0,0.0,0.0,0.0,0.0,0.0
27.09.2009 23:00,0.0,0.0,0.0,0.0,0.0,0.0,0.0
28.09.2009 00:00,0.0,0.0,0.0,0.0,0.0,0.0,0.0
28.09.2009 01:00,0.0,0.0,0.0,0.0,0.0,0.0,0.0
28.09.2009 02:00,0.0,0.0,0.0,0.0,0.0,0.0,0.0
28.09.2009 03:00,0.0,0.0,0.0,0.0,0.0,0.0,0.0
28.09.2009 04:00,0.0,0.0,0.0,0.0,0.0,0.0,0.0
28.09.2009 05:00,0.0,0.0,0.0,0.0,0.0,0.0,0.0
28.09.2009 06:00,0.0678,0.0654,0.0525,0.0522,0.0864,0.0781,0.086
28.09.2009 07:00,0.2848,0.2774,0.2015,0.1804,0.2893,0.3015,0.3148
28.09.2009 08:00,0.4756,0.4751,0.3369,0.3109,0.4738,0.4957,0.5113
28.09.2009 09:00,0.6199,0.627,0.4791,0.4239,0.6015,0.632,0.6453
28.09.2009 10:00,0.7103,0.7071,0.6774,0.5728,0.6635,0.7108,0.7213
28.09.2009 11:00,0.7236,0.7216,0.7344,0.7237,0.6657,0.7186,0.7282
28.09.2009 12:00,0.6731,0.6608,0.6911,0.6753,0.613,0.6593,0.6811
28.09.2009 13:00,0.6209,0.5978,0.6339,0.5992,0.5659,0.5899,0.6293
28.09.2009 14:00,0.4961,0.464,0.5114,0.4709,0.4412,0.4525,0.494
28.09.2009 15:00,0.3347,0.3075,0.3381,0.3048,0.2867,0.2783,0.3196
28.09.2009 16:00,0.1257,0.1183,0.1232,0.1102,0.0937,0.0967,0.1096
28.09.2009 17:00,0.0,0.0,0.0,0.0,0.0,0.0,0.0
28.09.2009 18:00,0.0,0.0,0.0,0.0,0.0,0.0,0.0
28.09.2009 19:00,0.0,0.0,0.0,0.0,0.0,0.0,0.0
28.09.2009 20:00,0.0,0.0,0.0,0.0,0.0,0.0,0.0
28.09.2009 21:00,0.0,0.0,0.0,0.0,0.0,0.0,0.0
28.09.2009 22:00,0.0,0.0,0.0,0.0,0.0,0.0,0.0
28.09.2009 23:00,0.0,0.0,0.0,0.0,0.0,0.0,0.0
29.09.2009 00:00,0.0,0.0,0.0,0.0,0.0,0.0,0.0
29.09.2009 01:00,0.0,0.0,0.0,0.0,0.0,0.0,0.0
29.09.2009 02:00,0.0,0.0,0.0,0.0,0.0,0.0,0.0
29.09.2009 03:00,0.0,0.0,0.0,0.0,0.0,0.0,0.0
29.09.2009 04:00,0.0,0.0,0.0,0.0,0.0,0.0,0.0
29.09.2009 05:00,0.0,0.0,0.0,0.0,0.0,0.0,0.0
29.09.2009 06:00,0.0664,0.0637,0.0519,0.0598,0.0863,0.077,0.081
29.09.2009 07:00,0.2893,0.2811,0.242,0.2632,0.3058,0.2995,0.3155
29.09.2009 08:00,0.4913,0.4847,0.4398,0.4789,0.5191,0.4985,0.5178
29.09.2009 09:00,0.6323,0.632,0.6226,0.6305,0.6636,0.641,0.6606
29.09.2009 10:00,0.7192,0.7203,0.7154,0.7207,0.743,0.7317,0.7436
29.09.2009 11:00,0.7426,0.75,0.7414,0.7503,0.7599,0.7573,0.7628
29.09.2009 12:00,0.7084,0.7169,0.7081,0.712,0.7146,0.7106,0.72
29.09.2009 13:00,0.6611,0.6661,0.6539,0.6522,0.6555,0.6534,0.6607
29.09.2009 14:00,0.5386,0.5446,0.5298,0.5227,0.5197,0.5265,0.5272
29.09.2009 15:00,0.3576,0.359,0.3432,0.3346,0.3278,0.3382,0.3377
29.09.2009 16:00,0.1365,0.1334,0.1215,0.1094,0.1035,0.1111,0.1136
29.09.2009 17:00,0.0,0.0001,0.0,0.0,0.0,0.0,0.0
29.09.2009 18:00,0.0,0.0,0.0,0.0,0.0,0.0,0.0
29.09.2009 19:00,0.0,0.0,0.0,0.0,0.0,0.0,0.0
29.09.2009 20:00,0.0,0.0,0.0,0.0,0.0,0.0,0.0
29.09.2009 21:00,0.0,0.0,0.0,0.0,0.0,0.0,0.0
29.09.2009 22:00,0.0,0.0,0.0,0.0,0.0,0.0,0.0
29.09.2009 23:00,0.0,0.0,0.0,0.0,0.0,0.0,0.0
30.09.2009 00:00,0.0,0.0,0.0,0.0,0.0,0.0,0.0
30.09.2009 01:00,0.0,0.0,0.0,0.0,0.0,0.0,0.0
30.09.2009 02:00,0.0,0.0,0.0,0.0,0.0,0.0,0.0
30.09.2009 03:00,0.0,0.0,0.0,0.0,0.0,0.0,0.0
30.09.2009 04:00,0.0,0.0,0.0,0.0,0.0,0.0,0.0
30.09.2009 05:00,0.0,0.0,0.0,0.0,0.0,0.0,0.0
30.09.2009 06:00,0.0643,0.0646,0.0611,0.0649,0.0889,0.0811,0.082
30.09.2009 07:00,0.2902,0.2899,0.2826,0.2979,0.3166,0.2975,0.3107
30.09.2009 08:00,0.488,0.4928,0.4829,0.4977,0.5162,0.4901,0.5078
30.09.2009 09:00,0.6228,0.6381,0.6296,0.6397,0.6525,0.6412,0.6361
30.09.2009 10:00,0.7054,0.7211,0.7174,0.7178,0.7266,0.7253,0.6955
30.09.2009 11:00,0.726,0.7424,0.7439,0.7413,0.7365,0.7462,0.6989
30.09.2009 12:00,0.6897,0.7053,0.7059,0.7078,0.6562,0.7026,0.6328
30.09.2009 13:00,0.6433,0.6546,0.6466,0.6419,0.604,0.6449,0.5897
30.09.2009 14:00,0.5232,0.5315,0.49,0.4977,0.4669,0.5124,0.452
30.09.2009 15:00,0.3462,0.3448,0.2964,0.2725,0.2668,0.3143,0.2944
30.09.2009 16:00,0.1289,0.1236,0.1048,0.0739,0.0752,0.1063,0.0875
30.09.2009 17:00,0.0001,0.0001,0.0,0.0,0.0,0.0,0.0
30.09.2009 18:00,0.0,0.0,0.0,0.0,0.0,0.0,0.0
30.09.2009 19:00,0.0,0.0,0.0,0.0,0.0,0.0,0.0
30.09.2009 20:00,0.0,0.0,0.0,0.0,0.0,0.0,0.0
30.09.2009 21:00,0.0,0.0,0.0,0.0,0.0,0.0,0.0
30.09.2009 22:00,0.0,0.0,0.0,0.0,0.0,0.0,0.0
30.09.2009 23:00,0.0,0.0,0.0,0.0,0.0,0.0,0.0
01.10.2009 00:00,0.0,0.0,0.0,0.0,0.0,0.0,0.0
01.10.2009 01:00,0.0,0.0,0.0,0.0,0.0,0.0,0.0
01.10.2009 02:00,0.0,0.0,0.0,0.0,0.0,0.0,0.0
01.10.2009 03:00,0.0,0.0,0.0,0.0,0.0,0.0,0.0
01.10.2009 04:00,0.0,0.0,0.0,0.0,0.0,0.0,0.0
01.10.2009 05:00,0.0,0.0,0.0,0.0,0.0,0.0,0.0
01.10.2009 06:00,0.0668,0.0577,0.0601,0.0637,0.0884,0.0405,0.0608
01.10.2009 07:00,0.2828,0.2412,0.2329,0.2409,0.2817,0.2066,0.2174
01.10.2009 08:00,0.4935,0.4332,0.3547,0.3884,0.4556,0.3825,0.4202
01.10.2009 09:00,0.6378,0.5764,0.5571,0.5236,0.5358,0.4837,0.5707
01.10.2009 10:00,0.735,0.6547,0.675,0.5571,0.6135,0.5898,0.6565
01.10.2009 11:00,0.7286,0.657,0.5452,0.5709,0.6193,0.6068,0.6558
01.10.2009 12:00,0.6953,0.5515,0.4592,0.5124,0.5528,0.5178,0.6145
01.10.2009 13:00,0.5777,0.4497,0.3692,0.4055,0.4561,0.3772,0.5259
01.10.2009 14:00,0.4036,0.3366,0.215,0.1206,0.3018,0.2294,0.361
01.10.2009 15:00,0.2439,0.212,0.255,0.1271,0.2161,0.0915,0.2886
01.10.2009 16:00,0.0997,0.067,0.0964,0.0514,0.0685,0.0326,0.1169
01.10.2009 17:00,0.0001,0.0,0.0,0.0,0.0,0.0,0.0
01.10.2009 18:00,0.0,0.0,0.0,0.0,0.0,0.0,0.0
01.10.2009 19:00,0.0,0.0,0.0,0.0,0.0,0.0,0.0
01.10.2009 20:00,0.0,0.0,0.0,0.0,0.0,0.0,0.0
01.10.2009 21:00,0.0,0.0,0.0,0.0,0.0,0.0,0.0
01.10.2009 22:00,0.0,0.0,0.0,0.0,0.0,0.0,0.0
01.10.2009 23:00,0.0,0.0,0.0,0.0,0.0,0.0,0.0
02.10.2009 00:00,0.0,0.0,0.0,0.0,0.0,0.0,0.0
02.10.2009 01:00,0.0,0.0,0.0,0.0,0.0,0.0,0.0
02.10.2009 02:00,0.0,0.0,0.0,0.0,0.0,0.0,0.0
02.10.2009 03:00,0.0,0.0,0.0,0.0,0.0,0.0,0.0
02.10.2009 04:00,0.0,0.0,0.0,0.0,0.0,0.0,0.0
02.10.2009 05:00,0.0,0.0,0.0,0.0,0.0,0.0,0.0
02.10.2009 06:00,0.035,0.0469,0.0743,0.0601,0.0605,0.0281,0.0928
02.10.2009 07:00,0.1999,0.2284,0.3081,0.2927,0.2193,0.1666,0.3128
02.10.2009 08:00,0.4115,0.4462,0.517,0.5155,0.4078,0.3177,0.5402
02.10.2009 09:00,0.614,0.6138,0.602,0.5601,0.5605,0.5144,0.7175
02.10.2009 10:00,0.7455,0.6823,0.4888,0.4934,0.6593,0.5978,0.8141
02.10.2009 11:00,0.8029,0.6633,0.4874,0.4125,0.671,0.5335,0.8536
02.10.2009 12:00,0.7799,0.6186,0.5369,0.459,0.6241,0.4207,0.8196
02.10.2009 13:00,0.7048,0.5932,0.6252,0.4931,0.5577,0.31,0.7294
02.10.2009 14:00,0.5566,0.4653,0.5152,0.4131,0.4334,0.2106,0.5266
02.10.2009 15:00,0.3594,0.2874,0.2911,0.246,0.2632,0.123,0.3538
02.10.2009 16:00,0.1223,0.1015,0.1066,0.0829,0.0712,0.0418,0.1198
02.10.2009 17:00,0.0001,0.0,0.0,0.0,0.0,0.0,0.0
02.10.2009 18:00,0.0,0.0,0.0,0.0,0.0,0.0,0.0
02.10.2009 19:00,0.0,0.0,0.0,0.0,0.0,0.0,0.0
02.10.2009 20:00,0.0,0.0,0.0,0.0,0.0,0.0,0.0
02.10.2009 21:00,0.0,0.0,0.0,0.0,0.0,0.0,0.0
02.10.2009 22:00,0.0,0.0,0.0,0.0,0.0,0.0,0.0
02.10.2009 23:00,0.0,0.0,0.0,0.0,0.0,0.0,0.0
03.10.2009 00:00,0.0,0.0,0.0,0.0,0.0,0.0,0.0
03.10.2009 01:00,0.0,0.0,0.0,0.0,0.0,0.0,0.0
03.10.2009 02:00,0.0,0.0,0.0,0.0,0.0,0.0,0.0
03.10.2009 03:00,0.0,0.0,0.0,0.0,0.0,0.0,0.0
03.10.2009 04:00,0.0,0.0,0.0,0.0,0.0,0.0,0.0
03.10.2009 05:00,0.0,0.0,0.0,0.0,0.0,0.0,0.0
03.10.2009 06:00,0.0701,0.0696,0.0784,0.0877,0.1061,0.0876,0.0949
03.10.2009 07:00,0.315,0.3108,0.3137,0.3318,0.3525,0.3308,0.339
03.10.2009 08:00,0.5287,0.5179,0.5076,0.5278,0.5573,0.5369,0.5387
03.10.2009 09:00,0.6767,0.681,0.6669,0.6872,0.7014,0.6864,0.6758
03.10.2009 10:00,0.7701,0.7699,0.7571,0.7636,0.7879,0.7761,0.745
03.10.2009 11:00,0.8054,0.8162,0.8042,0.8101,0.8196,0.8139,0.7776
03.10.2009 12:00,0.7839,0.7935,0.7758,0.7827,0.7834,0.7878,0.7283
03.10.2009 13:00,0.7036,0.7151,0.6964,0.6956,0.6918,0.6985,0.6456
03.10.2009 14:00,0.5631,0.5451,0.5248,0.5501,0.5434,0.5552,0.4979
03.10.2009 15:00,0.3591,0.3323,0.3261,0.3165,0.3356,0.3348,0.3203
03.10.2009 16:00,0.1305,0.1068,0.1094,0.0907,0.0987,0.0903,0.107
03.10.2009 17:00,0.0,0.0,0.0,0.0,0.0,0.0,0.0
03.10.2009 18:00,0.0,0.0,0.0,0.0,0.0,0.0,0.0
03.10.2009 19:00,0.0,0.0,0.0,0.0,0.0,0.0,0.0
03.10.2009 20:00,0.0,0.0,0.0,0.0,0.0,0.0,0.0
03.10.2009 21:00,0.0,0.0,0.0,0.0,0.0,0.0,0.0
03.10.2009 22:00,0.0,0.0,0.0,0.0,0.0,0.0,0.0
03.10.2009 23:00,0.0,0.0,0.0,0.0,0.0,0.0,0.0
04.10.2009 00:00,0.0,0.0,0.0,0.0,0.0,0.0,0.0
04.10.2009 01:00,0.0,0.0,0.0,0.0,0.0,0.0,0.0
04.10.2009 02:00,0.0,0.0,0.0,0.0,0.0,0.0,0.0
04.10.2009 03:00,0.0,0.0,0.0,0.0,0.0,0.0,0.0
04.10.2009 04:00,0.0,0.0,0.0,0.0,0.0,0.0,0.0
04.10.2009 05:00,0.0,0.0,0.0,0.0,0.0,0.0,0.0
04.10.2009 06:00,0.0658,0.0634,0.0706,0.0897,0.1044,0.0847,0.0943
04.10.2009 07:00,0.3144,0.2979,0.2919,0.3325,0.3496,0.3297,0.3368
04.10.2009 08:00,0.5303,0.4918,0.467,0.5417,0.5539,0.5398,0.5393
04.10.2009 09:00,0.6788,0.6189,0.5679,0.6788,0.6961,0.6925,0.6795
04.10.2009 10:00,0.7731,0.7151,0.7006,0.777,0.7806,0.7824,0.7615
04.10.2009 11:00,0.8105,0.7917,0.7446,0.7978,0.8063,0.8134,0.7825
04.10.2009 12:00,0.7915,0.7891,0.7522,0.7788,0.7738,0.7829,0.7376
04.10.2009 13:00,0.7155,0.7191,0.6912,0.7028,0.6869,0.7004,0.6587
04.10.2009 14:00,0.5753,0.5769,0.5551,0.5546,0.5392,0.5583,0.5335
04.10.2009 15:00,0.3752,0.3758,0.3559,0.346,0.3365,0.3513,0.3417
04.10.2009 16:00,0.1325,0.1311,0.1204,0.0898,0.0949,0.1098,0.1053
04.10.2009 17:00,0.0,0.0,0.0,0.0,0.0,0.0,0.0
04.10.2009 18:00,0.0,0.0,0.0,0.0,0.0,0.0,0.0
04.10.2009 19:00,0.0,0.0,0.0,0.0,0.0,0.0,0.0
04.10.2009 20:00,0.0,0.0,0.0,0.0,0.0,0.0,0.0
04.10.2009 21:00,0.0,0.0,0.0,0.0,0.0,0.0,0.0
04.10.2009 22:00,0.0,0.0,0.0,0.0,0.0,0.0,0.0
04.10.2009 23:00,0.0,0.0,0.0,0.0,0.0,0.0,0.0
05.10.2009 00:00,0.0,0.0,0.0,0.0,0.0,0.0,0.0
05.10.2009 01:00,0.0,0.0,0.0,0.0,0.0,0.0,0.0
05.10.2009 02:00,0.0,0.0,0.0,0.0,0.0,0.0,0.0
05.10.2009 03:00,0.0,0.0,0.0,0.0,0.0,0.0,0.0
05.10.2009 04:00,0.0,0.0,0.0,0.0,0.0,0.0,0.0
05.10.2009 05:00,0.0,0.0,0.0,0.0,0.0,0.0,0.0
05.10.2009 06:00,0.0522,0.0406,0.0428,0.0576,0.0794,0.0779,0.0468
05.10.2009 07:00,0.2354,0.1912,0.1574,0.2345,0.2996,0.2168,0.1902
05.10.2009 08:00,0.3388,0.2942,0.3497,0.3647,0.4283,0.3167,0.3057
05.10.2009 09:00,0.3037,0.275,0.3805,0.5798,0.5103,0.3787,0.2209
05.10.2009 10:00,0.2196,0.2695,0.29,0.4218,0.563,0.2029,0.2202
05.10.2009 11:00,0.2218,0.1192,0.213,0.1602,0.3783,0.1318,0.1171
05.10.2009 12:00,0.1619,0.1255,0.0438,0.0961,0.2456,0.0596,0.1072
05.10.2009 13:00,0.1613,0.1709,0.1325,0.048,0.2064,0.0866,0.1377
05.10.2009 14:00,0.2142,0.1103,0.065,0.0954,0.1232,0.1247,0.0876
05.10.2009 15:00,0.1406,0.1444,0.0772,0.0486,0.0776,0.0797,0.0882
05.10.2009 16:00,0.0362,0.0266,0.0344,0.0296,0.0347,0.0343,0.0561
05.10.2009 17:00,0.0,0.0,0.0,0.0,0.0,0.0,0.0
05.10.2009 18:00,0.0,0.0,0.0,0.0,0.0,0.0,0.0
05.10.2009 19:00,0.0,0.0,0.0,0.0,0.0,0.0,0.0
05.10.2009 20:00,0.0,0.0,0.0,0.0,0.0,0.0,0.0
05.10.2009 21:00,0.0,0.0,0.0,0.0,0.0,0.0,0.0
05.10.2009 22:00,0.0,0.0,0.0,0.0,0.0,0.0,0.0
05.10.2009 23:00,0.0,0.0,0.0,0.0,0.0,0.0,0.0
06.10.2009 00:00,0.0,0.0,0.0,0.0,0.0,0.0,0.0
06.10.2009 01:00,0.0,0.0,0.0,0.0,0.0,0.0,0.0
06.10.2009 02:00,0.0,0.0,0.0,0.0,0.0,0.0,0.0
06.10.2009 03:00,0.0,0.0,0.0,0.0,0.0,0.0,0.0
06.10.2009 04:00,0.0,0.0,0.0,0.0,0.0,0.0,0.0
06.10.2009 05:00,0.0,0.0,0.0,0.0,0.0,0.0,0.0
06.10.2009 06:00,0.0308,0.0222,0.0245,0.0632,0.0568,0.0522,0.0344
06.10.2009 07:00,0.1572,0.0948,0.1282,0.1,0.2003,0.1025,0.2318
06.10.2009 08:00,0.3156,0.2302,0.221,0.2711,0.3755,0.1684,0.4218
06.10.2009 09:00,0.3524,0.4081,0.1501,0.1743,0.5123,0.2642,0.3757
06.10.2009 10:00,0.3757,0.3101,0.5713,0.2278,0.4898,0.4426,0.213
06.10.2009 11:00,0.3204,0.312,0.2709,0.4187,0.4296,0.3063,0.167
06.10.2009 12:00,0.1356,0.1778,0.1696,0.1127,0.259,0.2604,0.1256
06.10.2009 13:00,0.0985,0.082,0.1682,0.1861,0.1761,0.1026,0.085
06.10.2009 14:00,0.0871,0.0652,0.0629,0.0301,0.0979,0.0719,0.0667
06.10.2009 15:00,0.0563,0.0513,0.0376,0.0336,0.0725,0.0339,0.0661
06.10.2009 16:00,0.0333,0.0261,0.0191,0.006,0.0112,0.0108,0.0404
06.10.2009 17:00,0.0,0.0,0.0,0.0,0.0,0.0,0.0
06.10.2009 18:00,0.0,0.0,0.0,0.0,0.0,0.0,0.0
06.10.2009 19:00,0.0,0.0,0.0,0.0,0.0,0.0,0.0
06.10.2009 20:00,0.0,0.0,0.0,0.0,0.0,0.0,0.0
06.10.2009 21:00,0.0,0.0,0.0,0.0,0.0,0.0,0.0
06.10.2009 22:00,0.0,0.0,0.0,0.0,0.0,0.0,0.0
06.10.2009 23:00,0.0,0.0,0.0,0.0,0.0,0.0,0.0
07.10.2009 00:00,0.0,0.0,0.0,0.0,0.0,0.0,0.0
07.10.2009 01:00,0.0,0.0,0.0,0.0,0.0,0.0,0.0
07.10.2009 02:00,0.0,0.0,0.0,0.0,0.0,0.0,0.0
07.10.2009 03:00,0.0,0.0,0.0,0.0,0.0,0.0,0.0
07.10.2009 04:00,0.0,0.0,0.0,0.0,0.0,0.0,0.0
07.10.2009 05:00,0.0,0.0,0.0,0.0,0.0,0.0,0.0
07.10.2009 06:00,0.0484,0.055,0.0579,0.0643,0.0818,0.0658,0.0638
07.10.2009 07:00,0.285,0.2959,0.299,0.315,0.3296,0.3119,0.3073
07.10.2009 08:00,0.491,0.5105,0.5074,0.5222,0.5356,0.5206,0.5135
07.10.2009 09:00,0.6563,0.6672,0.6659,0.6773,0.679,0.6697,0.6445
07.10.2009 10:00,0.7547,0.7604,0.7569,0.7554,0.7595,0.7536,0.6991
07.10.2009 11:00,0.7893,0.7924,0.7834,0.7705,0.7755,0.7798,0.6755
07.10.2009 12:00,0.68,0.7582,0.7445,0.7457,0.7421,0.7497,0.7564
07.10.2009 13:00,0.5171,0.6438,0.6655,0.6655,0.659,0.669,0.6664
07.10.2009 14:00,0.3188,0.4467,0.5205,0.5196,0.5199,0.5201,0.5182
07.10.2009 15:00,0.1624,0.2374,0.2958,0.3211,0.3134,0.2973,0.3264
07.10.2009 16:00,0.0471,0.0554,0.0656,0.0917,0.0811,0.0951,0.0908
07.10.2009 17:00,0.0,0.0,0.0,0.0,0.0,0.0,0.0
07.10.2009 18:00,0.0,0.0,0.0,0.0,0.0,0.0,0.0
07.10.2009 19:00,0.0,0.0,0.0,0.0,0.0,0.0,0.0
07.10.2009 20:00,0.0,0.0,0.0,0.0,0.0,0.0,0.0
07.10.2009 21:00,0.0,0.0,0.0,0.0,0.0,0.0,0.0
07.10.2009 22:00,0.0,0.0,0.0,0.0,0.0,0.0,0.0
07.10.2009 23:00,0.0,0.0,0.0,0.0,0.0,0.0,0.0
08.10.2009 00:00,0.0,0.0,0.0,0.0,0.0,0.0,0.0
08.10.2009 01:00,0.0,0.0,0.0,0.0,0.0,0.0,0.0
08.10.2009 02:00,0.0,0.0,0.0,0.0,0.0,0.0,0.0
08.10.2009 03:00,0.0,0.0,0.0,0.0,0.0,0.0,0.0
08.10.2009 04:00,0.0,0.0,0.0,0.0,0.0,0.0,0.0
08.10.2009 05:00,0.0,0.0,0.0,0.0,0.0,0.0,0.0
08.10.2009 06:00,0.0263,0.0261,0.0282,0.0091,0.0154,0.0121,0.0074
08.10.2009 07:00,0.0592,0.0712,0.0672,0.0851,0.0847,0.069,0.0598
08.10.2009 08:00,0.0902,0.0696,0.0822,0.079,0.1748,0.1138,0.1178
08.10.2009 09:00,0.0951,0.0554,0.0563,0.0838,0.3395,0.0974,0.2669
08.10.2009 10:00,0.0971,0.0709,0.0972,0.121,0.4485,0.1172,0.29
08.10.2009 11:00,0.09,0.087,0.0585,0.0623,0.375,0.1819,0.2915
08.10.2009 12:00,0.0763,0.0704,0.0505,0.0654,0.1781,0.1014,0.294
08.10.2009 13:00,0.0656,0.0556,0.0527,0.0512,0.1368,0.0471,0.0694
08.10.2009 14:00,0.0594,0.0433,0.0298,0.025,0.054,0.0278,0.129
08.10.2009 15:00,0.046,0.0458,0.0261,0.0196,0.0933,0.0285,0.127
08.10.2009 16:00,0.0243,0.0126,0.0051,0.0032,0.0319,0.0035,0.0299
08.10.2009 17:00,0.0,0.0,0.0,0.0,0.0,0.0,0.0
08.10.2009 18:00,0.0,0.0,0.0,0.0,0.0,0.0,0.0
08.10.2009 19:00,0.0,0.0,0.0,0.0,0.0,0.0,0.0
08.10.2009 20:00,0.0,0.0,0.0,0.0,0.0,0.0,0.0
08.10.2009 21:00,0.0,0.0,0.0,0.0,0.0,0.0,0.0
08.10.2009 22:00,0.0,0.0,0.0,0.0,0.0,0.0,0.0
08.10.2009 23:00,0.0,0.0,0.0,0.0,0.0,0.0,0.0
09.10.2009 00:00,0.0,0.0,0.0,0.0,0.0,0.0,0.0
09.10.2009 01:00,0.0,0.0,0.0,0.0,0.0,0.0,0.0
09.10.2009 02:00,0.0,0.0,0.0,0.0,0.0,0.0,0.0
09.10.2009 03:00,0.0,0.0,0.0,0.0,0.0,0.0,0.0
09.10.2009 04:00,0.0,0.0,0.0,0.0,0.0,0.0,0.0
09.10.2009 05:00,0.0,0.0,0.0,0.0,0.0,0.0,0.0
09.10.2009 06:00,0.0312,0.0248,0.0205,0.0273,0.0218,0.0249,0.0171
09.10.2009 07:00,0.1721,0.1451,0.1063,0.1752,0.1259,0.1503,0.0529
09.10.2009 08:00,0.2733,0.2229,0.1561,0.2268,0.2221,0.2247,0.0806
09.10.2009 09:00,0.2956,0.2363,0.1394,0.3026,0.2343,0.215,0.0734
09.10.2009 10:00,0.2905,0.2727,0.1293,0.2502,0.1826,0.2588,0.0485
09.10.2009 11:00,0.2171,0.173,0.0921,0.228,0.1468,0.1794,0.0482
09.10.2009 12:00,0.1551,0.0977,0.1035,0.2041,0.1121,0.087,0.041
09.10.2009 13:00,0.1411,0.1494,0.1595,0.1523,0.0984,0.0987,0.0445
09.10.2009 14:00,0.1334,0.1528,0.1159,0.1179,0.0778,0.0703,0.0537
09.10.2009 15:00,0.1247,0.1536,0.1217,0.0743,0.0638,0.0404,0.0717
09.10.2009 16:00,0.0507,0.0646,0.0443,0.0175,0.0212,0.0171,0.0072
09.10.2009 17:00,0.0,0.0,0.0,0.0,0.0,0.0,0.0
09.10.2009 18:00,0.0,0.0,0.0,0.0,0.0,0.0,0.0
09.10.2009 19:00,0.0,0.0,0.0,0.0,0.0,0.0,0.0
09.10.2009 20:00,0.0,0.0,0.0,0.0,0.0,0.0,0.0
09.10.2009 21:00,0.0,0.0,0.0,0.0,0.0,0.0,0.0
09.10.2009 22:00,0.0,0.0,0.0,0.0,0.0,0.0,0.0
09.10.2009 23:00,0.0,0.0,0.0,0.0,0.0,0.0,0.0
10.10.2009 00:00,0.0,0.0,0.0,0.0,0.0,0.0,0.0
10.10.2009 01:00,0.0,0.0,0.0,0.0,0.0,0.0,0.0
10.10.2009 02:00,0.0,0.0,0.0,0.0,0.0,0.0,0.0
10.10.2009 03:00,0.0,0.0,0.0,0.0,0.0,0.0,0.0
10.10.2009 04:00,0.0,0.0,0.0,0.0,0.0,0.0,0.0
10.10.2009 05:00,0.0,0.0,0.0,0.0,0.0,0.0,0.0
10.10.2009 06:00,0.012,0.0108,0.0112,0.007,0.0272,0.0155,0.0201
10.10.2009 07:00,0.0602,0.0352,0.0256,0.0362,0.1044,0.0458,0.1509
10.10.2009 08:00,0.0834,0.0529,0.035,0.0524,0.1808,0.0719,0.351
10.10.2009 09:00,0.0742,0.0511,0.0555,0.0288,0.2213,0.0586,0.3833
10.10.2009 10:00,0.1228,0.1063,0.1362,0.0453,0.1939,0.049,0.3435
10.10.2009 11:00,0.1207,0.1492,0.102,0.0818,0.1531,0.0595,0.2506
10.10.2009 12:00,0.112,0.161,0.1399,0.0343,0.1095,0.0825,0.2821
10.10.2009 13:00,0.2067,0.2242,0.1585,0.0834,0.0824,0.1543,0.1853
10.10.2009 14:00,0.2174,0.2119,0.19,0.0495,0.0673,0.2018,0.2481
10.10.2009 15:00,0.1478,0.1533,0.1332,0.1547,0.0732,0.2012,0.1807
10.10.2009 16:00,0.0459,0.0518,0.0308,0.0338,0.0224,0.0509,0.051
10.10.2009 17:00,0.0,0.0,0.0,0.0,0.0,0.0,0.0
10.10.2009 18:00,0.0,0.0,0.0,0.0,0.0,0.0,0.0
10.10.2009 19:00,0.0,0.0,0.0,0.0,0.0,0.0,0.0
10.10.2009 20:00,0.0,0.0,0.0,0.0,0.0,0.0,0.0
10.10.2009 21:00,0.0,0.0,0.0,0.0,0.0,0.0,0.0
10.10.2009 22:00,0.0,0.0,0.0,0.0,0.0,0.0,0.0
10.10.2009 23:00,0.0,0.0,0.0,0.0,0.0,0.0,0.0
11.10.2009 00:00,0.0,0.0,0.0,0.0,0.0,0.0,0.0
11.10.2009 01:00,0.0,0.0,0.0,0.0,0.0,0.0,0.0
11.10.2009 02:00,0.0,0.0,0.0,0.0,0.0,0.0,0.0
11.10.2009 03:00,0.0,0.0,0.0,0.0,0.0,0.0,0.0
11.10.2009 04:00,0.0,0.0,0.0,0.0,0.0,0.0,0.0
11.10.2009 05:00,0.0,0.0,0.0,0.0,0.0,0.0,0.0
11.10.2009 06:00,0.027,0.0183,0.0216,0.0291,0.0363,0.0225,0.0621
11.10.2009 07:00,0.2406,0.2193,0.2015,0.2535,0.2342,0.2038,0.3158
11.10.2009 08:00,0.444,0.3589,0.3204,0.401,0.4118,0.281,0.5334
11.10.2009 09:00,0.5811,0.5186,0.361,0.2761,0.5138,0.307,0.6631
11.10.2009 10:00,0.6363,0.4752,0.3963,0.3832,0.5815,0.4204,0.6282
11.10.2009 11:00,0.5802,0.459,0.3622,0.4009,0.6099,0.4763,0.7372
11.10.2009 12:00,0.4633,0.4541,0.4276,0.4476,0.4444,0.4445,0.4222
11.10.2009 13:00,0.489,0.3184,0.2844,0.4687,0.3371,0.3773,0.3448
11.10.2009 14:00,0.2227,0.1444,0.0859,0.155,0.2011,0.1604,0.2797
11.10.2009 15:00,0.125,0.0787,0.041,0.0493,0.1194,0.0585,0.1964
11.10.2009 16:00,0.034,0.0199,0.0025,0.0047,0.0094,0.0027,0.0274
11.10.2009 17:00,0.0,0.0,0.0,0.0,0.0,0.0,0.0
11.10.2009 18:00,0.0,0.0,0.0,0.0,0.0,0.0,0.0
11.10.2009 19:00,0.0,0.0,0.0,0.0,0.0,0.0,0.0
11.10.2009 20:00,0.0,0.0,0.0,0.0,0.0,0.0,0.0
11.10.2009 21:00,0.0,0.0,0.0,0.0,0.0,0.0,0.0
11.10.2009 22:00,0.0,0.0,0.0,0.0,0.0,0.0,0.0
11.10.2009 23:00,0.0,0.0,0.0,0.0,0.0,0.0,0.0
12.10.2009 00:00,0.0,0.0,0.0,0.0,0.0,0.0,0.0
12.10.2009 01:00,0.0,0.0,0.0,0.0,0.0,0.0,0.0
12.10.2009 02:00,0.0,0.0,0.0,0.0,0.0,0.0,0.0
12.10.2009 03:00,0.0,0.0,0.0,0.0,0.0,0.0,0.0
12.10.2009 04:00,0.0,0.0,0.0,0.0,0.0,0.0,0.0
12.10.2009 05:00,0.0,0.0,0.0,0.0,0.0,0.0,0.0
12.10.2009 06:00,0.0122,0.0149,0.0285,0.0456,0.0182,0.0153,0.0325
12.10.2009 07:00,0.0676,0.1063,0.1445,0.1322,0.0543,0.0616,0.0849
12.10.2009 08:00,0.1666,0.1734,0.3096,0.241,0.1231,0.0784,0.3059
12.10.2009 09:00,0.1578,0.216,0.1917,0.0909,0.1338,0.1159,0.4697
12.10.2009 10:00,0.248,0.2253,0.3383,0.3174,0.1426,0.067,0.5223
12.10.2009 11:00,0.1804,0.1705,0.2585,0.2043,0.1239,0.1416,0.5419
12.10.2009 12:00,0.1274,0.1058,0.2217,0.3475,0.0981,0.0744,0.5258
12.10.2009 13:00,0.111,0.101,0.3138,0.1353,0.0689,0.0893,0.4316
12.10.2009 14:00,0.1086,0.0532,0.0702,0.0682,0.0521,0.0366,0.2784
12.10.2009 15:00,0.0846,0.0504,0.1096,0.075,0.0509,0.04,0.172
12.10.2009 16:00,0.0272,0.0179,0.0427,0.0207,0.0118,0.014,0.0288
12.10.2009 17:00,0.0,0.0,0.0,0.0,0.0,0.0,0.0
12.10.2009 18:00,0.0,0.0,0.0,0.0,0.0,0.0,0.0
12.10.2009 19:00,0.0,0.0,0.0,0.0,0.0,0.0,0.0
12.10.2009 20:00,0.0,0.0,0.0,0.0,0.0,0.0,0.0
12.10.2009 21:00,0.0,0.0,0.0,0.0,0.0,0.0,0.0
12.10.2009 22:00,0.0,0.0,0.0,0.0,0.0,0.0,0.0
12.10.2009 23:00,0.0,0.0,0.0,0.0,0.0,0.0,0.0
13.10.2009 00:00,0.0,0.0,0.0,0.0,0.0,0.0,0.0
13.10.2009 01:00,0.0,0.0,0.0,0.0,0.0,0.0,0.0
13.10.2009 02:00,0.0,0.0,0.0,0.0,0.0,0.0,0.0
13.10.2009 03:00,0.0,0.0,0.0,0.0,0.0,0.0,0.0
13.10.2009 04:00,0.0,0.0,0.0,0.0,0.0,0.0,0.0
13.10.2009 05:00,0.0,0.0,0.0,0.0,0.0,0.0,0.0
13.10.2009 06:00,0.021,0.0169,0.0181,0.0237,0.0147,0.0073,0.0462
13.10.2009 07:00,0.2158,0.1578,0.2168,0.1316,0.0871,0.0542,0.2857
13.10.2009 08:00,0.3876,0.3053,0.3077,0.1885,0.1547,0.1074,0.4848
13.10.2009 09:00,0.5103,0.3776,0.3807,0.3192,0.2503,0.1267,0.6424
13.10.2009 10:00,0.5791,0.4532,0.5739,0.5202,0.2792,0.2023,0.732
13.10.2009 11:00,0.618,0.4654,0.5278,0.5683,0.2663,0.2294,0.7637
13.10.2009 12:00,0.6083,0.4456,0.4684,0.3516,0.2035,0.2093,0.7376
13.10.2009 13:00,0.5714,0.4646,0.4471,0.1947,0.1955,0.2534,0.6676
13.10.2009 14:00,0.4588,0.3676,0.3234,0.1316,0.1447,0.1853,0.5174
13.10.2009 15:00,0.279,0.2066,0.1761,0.1473,0.0889,0.0934,0.2984
13.10.2009 16:00,0.0625,0.0405,0.0335,0.0165,0.0094,0.0116,0.0459
13.10.2009 17:00,0.0,0.0,0.0,0.0,0.0,0.0,0.0
13.10.2009 18:00,0.0,0.0,0.0,0.0,0.0,0.0,0.0
13.10.2009 19:00,0.0,0.0,0.0,0.0,0.0,0.0,0.0
13.10.2009 20:00,0.0,0.0,0.0,0.0,0.0,0.0,0.0
13.10.2009 21:00,0.0,0.0,0.0,0.0,0.0,0.0,0.0
13.10.2009 22:00,0.0,0.0,0.0,0.0,0.0,0.0,0.0
13.10.2009 23:00,0.0,0.0,0.0,0.0,0.0,0.0,0.0
14.10.2009 00:00,0.0,0.0,0.0,0.0,0.0,0.0,0.0
14.10.2009 01:00,0.0,0.0,0.0,0.0,0.0,0.0,0.0
14.10.2009 02:00,0.0,0.0,0.0,0.0,0.0,0.0,0.0
14.10.2009 03:00,0.0,0.0,0.0,0.0,0.0,0.0,0.0
14.10.2009 04:00,0.0,0.0,0.0,0.0,0.0,0.0,0.0
14.10.2009 05:00,0.0,0.0,0.0,0.0,0.0,0.0,0.0
14.10.2009 06:00,0.0204,0.0169,0.0166,0.0135,0.0184,0.0089,0.0443
14.10.2009 07:00,0.2393,0.1846,0.1487,0.1971,0.1164,0.1035,0.2959
14.10.2009 08:00,0.435,0.3308,0.2307,0.3587,0.2063,0.2052,0.515
14.10.2009 09:00,0.5661,0.3823,0.2364,0.3762,0.2435,0.2124,0.68
14.10.2009 10:00,0.6608,0.4226,0.3794,0.3934,0.2659,0.2078,0.771
14.10.2009 11:00,0.6911,0.436,0.4582,0.4553,0.2767,0.1585,0.7953
14.10.2009 12:00,0.6682,0.3945,0.3919,0.5415,0.261,0.1417,0.7508
14.10.2009 13:00,0.6098,0.4114,0.3961,0.3936,0.2568,0.2408,0.6731
14.10.2009 14:00,0.4787,0.3134,0.2879,0.2739,0.1901,0.1665,0.5056
14.10.2009 15:00,0.2865,0.2024,0.1824,0.2092,0.1303,0.1222,0.2953
14.10.2009 16:00,0.0584,0.0394,0.039,0.0231,0.0151,0.0181,0.0405
14.10.2009 17:00,0.0,0.0,0.0,0.0,0.0,0.0,0.0
14.10.2009 18:00,0.0,0.0,0.0,0.0,0.0,0.0,0.0
14.10.2009 19:00,0.0,0.0,0.0,0.0,0.0,0.0,0.0
14.10.2009 20:00,0.0,0.0,0.0,0.0,0.0,0.0,0.0
14.10.2009 21:00,0.0,0.0,0.0,0.0,0.0,0.0,0.0
14.10.2009 22:00,0.0,0.0,0.0,0.0,0.0,0.0,0.0
14.10.2009 23:00,0.0,0.0,0.0,0.0,0.0,0.0,0.0
15.10.2009 00:00,0.0,0.0,0.0,0.0,0.0,0.0,0.0
15.10.2009 01:00,0.0,0.0,0.0,0.0,0.0,0.0,0.0
15.10.2009 02:00,0.0,0.0,0.0,0.0,0.0,0.0,0.0
15.10.2009 03:00,0.0,0.0,0.0,0.0,0.0,0.0,0.0
15.10.2009 04:00,0.0,0.0,0.0,0.0,0.0,0.0,0.0
15.10.2009 05:00,0.0,0.0,0.0,0.0,0.0,0.0,0.0
15.10.2009 06:00,0.0166,0.016,0.0264,0.031,0.018,0.0122,0.0222
15.10.2009 07:00,0.2037,0.2134,0.281,0.2892,0.1638,0.1328,0.2896
15.10.2009 08:00,0.4067,0.3861,0.5072,0.443,0.2566,0.1754,0.5255
15.10.2009 09:00,0.5463,0.4556,0.6535,0.5105,0.3099,0.1664,0.6857
15.10.2009 10:00,0.6414,0.537,0.7253,0.5727,0.3303,0.2508,0.7771
15.10.2009 11:00,0.6994,0.5848,0.5927,0.5051,0.298,0.2097,0.8015
15.10.2009 12:00,0.6892,0.5375,0.5869,0.3515,0.1937,0.1935,0.7494
15.10.2009 13:00,0.6082,0.5291,0.5629,0.456,0.2538,0.1458,0.3953
15.10.2009 14:00,0.4323,0.3961,0.3917,0.2444,0.1934,0.1502,0.4995
15.10.2009 15:00,0.2908,0.2472,0.1889,0.083,0.1211,0.1033,0.2798
15.10.2009 16:00,0.0543,0.0434,0.0387,0.0111,0.0103,0.0143,0.0385
15.10.2009 17:00,0.0,0.0,0.0,0.0,0.0,0.0,0.0
15.10.2009 18:00,0.0,0.0,0.0,0.0,0.0,0.0,0.0
15.10.2009 19:00,0.0,0.0,0.0,0.0,0.0,0.0,0.0
15.10.2009 20:00,0.0,0.0,0.0,0.0,0.0,0.0,0.0
15.10.2009 21:00,0.0,0.0,0.0,0.0,0.0,0.0,0.0
15.10.2009 22:00,0.0,0.0,0.0,0.0,0.0,0.0,0.0
15.10.2009 23:00,0.0,0.0,0.0,0.0,0.0,0.0,0.0
16.10.2009 00:00,0.0,0.0,0.0,0.0,0.0,0.0,0.0
16.10.2009 01:00,0.0,0.0,0.0,0.0,0.0,0.0,0.0
16.10.2009 02:00,0.0,0.0,0.0,0.0,0.0,0.0,0.0
16.10.2009 03:00,0.0,0.0,0.0,0.0,0.0,0.0,0.0
16.10.2009 04:00,0.0,0.0,0.0,0.0,0.0,0.0,0.0
16.10.2009 05:00,0.0,0.0,0.0,0.0,0.0,0.0,0.0
16.10.2009 06:00,0.0126,0.0093,0.0077,0.005,0.0132,0.0051,0.0332
16.10.2009 07:00,0.2282,0.1591,0.089,0.06,0.0749,0.0517,0.2692
16.10.2009 08:00,0.4307,0.3514,0.3992,0.2788,0.1485,0.0694,0.3362
16.10.2009 09:00,0.5644,0.4206,0.3807,0.3758,0.1757,0.2689,0.3608
16.10.2009 10:00,0.6927,0.5951,0.3713,0.2558,0.2653,0.3191,0.6712
16.10.2009 11:00,0.7191,0.5293,0.4324,0.2278,0.2667,0.1961,0.7802
16.10.2009 12:00,0.5822,0.2531,0.2096,0.1571,0.2021,0.1116,0.7237
16.10.2009 13:00,0.3624,0.1201,0.0688,0.0756,0.1438,0.0751,0.6132
16.10.2009 14:00,0.2234,0.0456,0.0275,0.031,0.079,0.0432,0.4096
16.10.2009 15:00,0.0976,0.0428,0.03,0.0171,0.0558,0.0356,0.2381
16.10.2009 16:00,0.0154,0.0068,0.0054,0.0009,0.0039,0.0038,0.0207
16.10.2009 17:00,0.0,0.0,0.0,0.0,0.0,0.0,0.0
16.10.2009 18:00,0.0,0.0,0.0,0.0,0.0,0.0,0.0
16.10.2009 19:00,0.0,0.0,0.0,0.0,0.0,0.0,0.0
16.10.2009 20:00,0.0,0.0,0.0,0.0,0.0,0.0,0.0
16.10.2009 21:00,0.0,0.0,0.0,0.0,0.0,0.0,0.0
16.10.2009 22:00,0.0,0.0,0.0,0.0,0.0,0.0,0.0
16.10.2009 23:00,0.0,0.0,0.0,0.0,0.0,0.0,0.0
17.10.2009 00:00,0.0,0.0,0.0,0.0,0.0,0.0,0.0
17.10.2009 01:00,0.0,0.0,0.0,0.0,0.0,0.0,0.0
17.10.2009 02:00,0.0,0.0,0.0,0.0,0.0,0.0,0.0
17.10.2009 03:00,0.0,0.0,0.0,0.0,0.0,0.0,0.0
17.10.2009 04:00,0.0,0.0,0.0,0.0,0.0,0.0,0.0
17.10.2009 05:00,0.0,0.0,0.0,0.0,0.0,0.0,0.0
17.10.2009 06:00,0.0074,0.0055,0.0028,0.0019,0.0055,0.0065,0.0069
17.10.2009 07:00,0.1126,0.0786,0.0541,0.0307,0.0352,0.0752,0.0432
17.10.2009 08:00,0.2014,0.0868,0.0626,0.0554,0.0557,0.0758,0.0741
17.10.2009 09:00,0.2171,0.0458,0.0336,0.0303,0.0626,0.0343,0.1182
17.10.2009 10:00,0.2075,0.0728,0.0613,0.0451,0.0672,0.0397,0.1634
17.10.2009 11:00,0.2313,0.0986,0.0808,0.0573,0.0689,0.0372,0.5147
17.10.2009 12:00,0.2387,0.0947,0.1276,0.0366,0.0726,0.0328,0.4243
17.10.2009 13:00,0.2069,0.1404,0.3783,0.1589,0.0746,0.067,0.3817
17.10.2009 14:00,0.1388,0.1259,0.2625,0.1082,0.0587,0.0669,0.248
17.10.2009 15:00,0.0773,0.0884,0.191,0.0958,0.0562,0.0512,0.1613
17.10.2009 16:00,0.0224,0.0201,0.0353,0.0111,0.0042,0.0112,0.0253
17.10.2009 17:00,0.0,0.0,0.0,0.0,0.0,0.0,0.0
17.10.2009 18:00,0.0,0.0,0.0,0.0,0.0,0.0,0.0
17.10.2009 19:00,0.0,0.0,0.0,0.0,0.0,0.0,0.0
17.10.2009 20:00,0.0,0.0,0.0,0.0,0.0,0.0,0.0
17.10.2009 21:00,0.0,0.0,0.0,0.0,0.0,0.0,0.0
17.10.2009 22:00,0.0,0.0,0.0,0.0,0.0,0.0,0.0
17.10.2009 23:00,0.0,0.0,0.0,0.0,0.0,0.0,0.0
18.10.2009 00:00,0.0,0.0,0.0,0.0,0.0,0.0,0.0
18.10.2009 01:00,0.0,0.0,0.0,0.0,0.0,0.0,0.0
18.10.2009 02:00,0.0,0.0,0.0,0.0,0.0,0.0,0.0
18.10.2009 03:00,0.0,0.0,0.0,0.0,0.0,0.0,0.0
18.10.2009 04:00,0.0,0.0,0.0,0.0,0.0,0.0,0.0
18.10.2009 05:00,0.0,0.0,0.0,0.0,0.0,0.0,0.0
18.10.2009 06:00,0.0071,0.004,0.0021,0.0067,0.0095,0.0064,0.0264
18.10.2009 07:00,0.163,0.1028,0.0597,0.057,0.0819,0.061,0.2799
18.10.2009 08:00,0.3134,0.1869,0.115,0.108,0.1307,0.1089,0.4928
18.10.2009 09:00,0.4104,0.2173,0.0902,0.0853,0.1367,0.1049,0.6399
18.10.2009 10:00,0.4924,0.3019,0.1087,0.0928,0.1405,0.1275,0.7056
18.10.2009 11:00,0.5104,0.2561,0.0972,0.0819,0.1234,0.1144,0.6823
18.10.2009 12:00,0.4959,0.1846,0.0985,0.1066,0.1095,0.0819,0.5705
18.10.2009 13:00,0.4554,0.172,0.2276,0.2757,0.0998,0.0527,0.5389
18.10.2009 14:00,0.3272,0.12,0.1059,0.1542,0.0747,0.0572,0.3632
18.10.2009 15:00,0.2085,0.0975,0.0981,0.0713,0.0608,0.0637,0.213
18.10.2009 16:00,0.0296,0.014,0.0106,0.0014,0.0019,0.0065,0.0156
18.10.2009 17:00,0.0,0.0,0.0,0.0,0.0,0.0,0.0
18.10.2009 18:00,0.0,0.0,0.0,0.0,0.0,0.0,0.0
18.10.2009 19:00,0.0,0.0,0.0,0.0,0.0,0.0,0.0
18.10.2009 20:00,0.0,0.0,0.0,0.0,0.0,0.0,0.0
18.10.2009 21:00,0.0,0.0,0.0,0.0,0.0,0.0,0.0
18.10.2009 22:00,0.0,0.0,0.0,0.0,0.0,0.0,0.0
18.10.2009 23:00,0.0,0.0,0.0,0.0,0.0,0.0,0.0
19.10.2009 00:00,0.0,0.0,0.0,0.0,0.0,0.0,0.0
19.10.2009 01:00,0.0,0.0,0.0,0.0,0.0,0.0,0.0
19.10.2009 02:00,0.0,0.0,0.0,0.0,0.0,0.0,0.0
19.10.2009 03:00,0.0,0.0,0.0,0.0,0.0,0.0,0.0
19.10.2009 04:00,0.0,0.0,0.0,0.0,0.0,0.0,0.0
19.10.2009 05:00,0.0,0.0,0.0,0.0,0.0,0.0,0.0
19.10.2009 06:00,0.0088,0.0049,0.0022,0.0056,0.0112,0.0048,0.0239
19.10.2009 07:00,0.1816,0.1478,0.097,0.1332,0.1102,0.0815,0.2767
19.10.2009 08:00,0.3451,0.2732,0.1815,0.2615,0.1883,0.1327,0.4793
19.10.2009 09:00,0.4557,0.3531,0.2641,0.3147,0.2368,0.164,0.6273
19.10.2009 10:00,0.5468,0.4674,0.4263,0.3815,0.2767,0.235,0.7114
19.10.2009 11:00,0.6075,0.5415,0.5189,0.4792,0.2964,0.2643,0.7212
19.10.2009 12:00,0.6237,0.5511,0.508,0.5576,0.304,0.2614,0.694
19.10.2009 13:00,0.5662,0.5156,0.5779,0.544,0.2929,0.2795,0.6199
19.10.2009 14:00,0.4454,0.4077,0.4497,0.4144,0.2335,0.2401,0.4708
19.10.2009 15:00,0.257,0.2362,0.2386,0.233,0.134,0.1434,0.24
19.10.2009 16:00,0.0334,0.0241,0.018,0.0083,0.0049,0.0102,0.0124
19.10.2009 17:00,0.0,0.0,0.0,0.0,0.0,0.0,0.0
19.10.2009 18:00,0.0,0.0,0.0,0.0,0.0,0.0,0.0
19.10.2009 19:00,0.0,0.0,0.0,0.0,0.0,0.0,0.0
19.10.2009 20:00,0.0,0.0,0.0,0.0,0.0,0.0,0.0
19.10.2009 21:00,0.0,0.0,0.0,0.0,0.0,0.0,0.0
19.10.2009 22:00,0.0,0.0,0.0,0.0,0.0,0.0,0.0
19.10.2009 23:00,0.0,0.0,0.0,0.0,0.0,0.0,0.0
20.10.2009 00:00,0.0,0.0,0.0,0.0,0.0,0.0,0.0
20.10.2009 01:00,0.0,0.0,0.0,0.0,0.0,0.0,0.0
20.10.2009 02:00,0.0,0.0,0.0,0.0,0.0,0.0,0.0
20.10.2009 03:00,0.0,0.0,0.0,0.0,0.0,0.0,0.0
20.10.2009 04:00,0.0,0.0,0.0,0.0,0.0,0.0,0.0
20.10.2009 05:00,0.0,0.0,0.0,0.0,0.0,0.0,0.0
20.10.2009 06:00,0.0034,0.0027,0.0013,0.0062,0.0097,0.0061,0.0015
20.10.2009 07:00,0.1395,0.1514,0.115,0.1498,0.1194,0.1331,0.0498
20.10.2009 08:00,0.268,0.3176,0.1904,0.2769,0.2082,0.2294,0.0783
20.10.2009 09:00,0.3855,0.4507,0.3038,0.4257,0.2815,0.3106,0.0789
20.10.2009 10:00,0.5252,0.5749,0.3925,0.6334,0.3449,0.3783,0.1055
20.10.2009 11:00,0.6121,0.6056,0.5724,0.7232,0.3651,0.3894,0.1217
20.10.2009 12:00,0.571,0.5781,0.7289,0.7167,0.3491,0.3925,0.1354
20.10.2009 13:00,0.5031,0.4696,0.5308,0.6244,0.3324,0.3174,0.1427
20.10.2009 14:00,0.3573,0.3148,0.4211,0.3329,0.2522,0.2574,0.1413
20.10.2009 15:00,0.1794,0.167,0.1523,0.2067,0.1066,0.1016,0.0458
20.10.2009 16:00,0.0171,0.0154,0.0076,0.0057,0.0025,0.0021,0.0034
20.10.2009 17:00,0.0,0.0,0.0,0.0,0.0,0.0,0.0
20.10.2009 18:00,0.0,0.0,0.0,0.0,0.0,0.0,0.0
20.10.2009 19:00,0.0,0.0,0.0,0.0,0.0,0.0,0.0
20.10.2009 20:00,0.0,0.0,0.0,0.0,0.0,0.0,0.0
20.10.2009 21:00,0.0,0.0,0.0,0.0,0.0,0.0,0.0
20.10.2009 22:00,0.0,0.0,0.0,0.0,0.0,0.0,0.0
20.10.2009 23:00,0.0,0.0,0.0,0.0,0.0,0.0,0.0
21.10.2009 00:00,0.0,0.0,0.0,0.0,0.0,0.0,0.0
21.10.2009 01:00,0.0,0.0,0.0,0.0,0.0,0.0,0.0
21.10.2009 02:00,0.0,0.0,0.0,0.0,0.0,0.0,0.0
21.10.2009 03:00,0.0,0.0,0.0,0.0,0.0,0.0,0.0
21.10.2009 04:00,0.0,0.0,0.0,0.0,0.0,0.0,0.0
21.10.2009 05:00,0.0,0.0,0.0,0.0,0.0,0.0,0.0
21.10.2009 06:00,0.0007,0.0003,0.0,0.0026,0.0077,0.0025,0.0015
21.10.2009 07:00,0.0839,0.1029,0.2011,0.0632,0.0762,0.0942,0.0404
21.10.2009 08:00,0.1061,0.1023,0.3372,0.2381,0.1102,0.0699,0.0454
21.10.2009 09:00,0.1188,0.0754,0.1068,0.0921,0.126,0.0984,0.028
21.10.2009 10:00,0.2432,0.1529,0.2052,0.4367,0.1391,0.1254,0.0408
21.10.2009 11:00,0.2122,0.2582,0.2913,0.2042,0.2132,0.2385,0.0461
21.10.2009 12:00,0.185,0.1198,0.3121,0.4629,0.2143,0.2029,0.0447
21.10.2009 13:00,0.1551,0.185,0.1725,0.3677,0.2271,0.1433,0.0525
21.10.2009 14:00,0.0696,0.1266,0.3652,0.2864,0.1522,0.1284,0.0258
21.10.2009 15:00,0.0533,0.0758,0.1463,0.1242,0.0484,0.0634,0.0213
21.10.2009 16:00,0.0054,0.0063,0.0049,0.0037,0.0002,0.0031,0.0001
21.10.2009 17:00,0.0,0.0,0.0,0.0,0.0,0.0,0.0
21.10.2009 18:00,0.0,0.0,0.0,0.0,0.0,0.0,0.0
21.10.2009 19:00,0.0,0.0,0.0,0.0,0.0,0.0,0.0
21.10.2009 20:00,0.0,0.0,0.0,0.0,0.0,0.0,0.0
21.10.2009 21:00,0.0,0.0,0.0,0.0,0.0,0.0,0.0
21.10.2009 22:00,0.0,0.0,0.0,0.0,0.0,0.0,0.0
21.10.2009 23:00,0.0,0.0,0.0,0.0,0.0,0.0,0.0
22.10.2009 00:00,0.0,0.0,0.0,0.0,0.0,0.0,0.0
22.10.2009 01:00,0.0,0.0,0.0,0.0,0.0,0.0,0.0
22.10.2009 02:00,0.0,0.0,0.0,0.0,0.0,0.0,0.0
22.10.2009 03:00,0.0,0.0,0.0,0.0,0.0,0.0,0.0
22.10.2009 04:00,0.0,0.0,0.0,0.0,0.0,0.0,0.0
22.10.2009 05:00,0.0,0.0,0.0,0.0,0.0,0.0,0.0
22.10.2009 06:00,0.0015,0.0006,0.0002,0.0054,0.0044,0.0009,0.0006
22.10.2009 07:00,0.0647,0.0707,0.0983,0.041,0.0288,0.0633,0.0214
22.10.2009 08:00,0.1606,0.1229,0.136,0.0816,0.035,0.0877,0.0299
22.10.2009 09:00,0.2701,0.3187,0.137,0.0626,0.0387,0.0954,0.0401
22.10.2009 10:00,0.3623,0.3784,0.1842,0.0862,0.0509,0.1648,0.0472
22.10.2009 11:00,0.432,0.3325,0.1756,0.1782,0.0743,0.1409,0.0565
22.10.2009 12:00,0.4263,0.4395,0.1793,0.3285,0.124,0.1702,0.0944
22.10.2009 13:00,0.3002,0.4382,0.4659,0.2366,0.1725,0.2294,0.1407
22.10.2009 14:00,0.2377,0.3107,0.4467,0.2759,0.1137,0.2701,0.1219
22.10.2009 15:00,0.1673,0.2199,0.2551,0.2312,0.0881,0.1692,0.1364
22.10.2009 16:00,0.0168,0.0178,0.0112,0.0,0.0003,0.0082,0.0032
22.10.2009 17:00,0.0,0.0,0.0,0.0,0.0,0.0,0.0
22.10.2009 18:00,0.0,0.0,0.0,0.0,0.0,0.0,0.0
22.10.2009 19:00,0.0,0.0,0.0,0.0,0.0,0.0,0.0
22.10.2009 20:00,0.0,0.0,0.0,0.0,0.0,0.0,0.0
22.10.2009 21:00,0.0,0.0,0.0,0.0,0.0,0.0,0.0
22.10.2009 22:00,0.0,0.0,0.0,0.0,0.0,0.0,0.0
22.10.2009 23:00,0.0,0.0,0.0,0.0,0.0,0.0,0.0
23.10.2009 00:00,0.0,0.0,0.0,0.0,0.0,0.0,0.0
23.10.2009 01:00,0.0,0.0,0.0,0.0,0.0,0.0,0.0
23.10.2009 02:00,0.0,0.0,0.0,0.0,0.0,0.0,0.0
23.10.2009 03:00,0.0,0.0,0.0,0.0,0.0,0.0,0.0
23.10.2009 04:00,0.0,0.0,0.0,0.0,0.0,0.0,0.0
23.10.2009 05:00,0.0,0.0,0.0,0.0,0.0,0.0,0.0
23.10.2009 06:00,0.0036,0.0015,0.0005,0.0,0.0029,0.0001,0.0013
23.10.2009 07:00,0.0339,0.0296,0.0324,0.0202,0.047,0.0244,0.045
23.10.2009 08:00,0.0555,0.0408,0.0389,0.0406,0.0841,0.0412,0.1423
23.10.2009 09:00,0.0766,0.0643,0.0487,0.0568,0.1041,0.0675,0.1545
23.10.2009 10:00,0.1168,0.0722,0.0523,0.0827,0.1249,0.0734,0.1753
23.10.2009 11:00,0.1048,0.0682,0.0727,0.0795,0.1183,0.0911,0.269
23.10.2009 12:00,0.097,0.0494,0.0585,0.0522,0.0653,0.0512,0.1898
23.10.2009 13:00,0.1267,0.056,0.0481,0.0396,0.0452,0.0372,0.0773
23.10.2009 14:00,0.0993,0.0466,0.0208,0.026,0.0349,0.0237,0.0405
23.10.2009 15:00,0.0892,0.0584,0.0143,0.0179,0.0244,0.0105,0.028
23.10.2009 16:00,0.0072,0.0035,0.0,0.0,0.0004,0.0,0.0
23.10.2009 17:00,0.0,0.0,0.0,0.0,0.0,0.0,0.0
23.10.2009 18:00,0.0,0.0,0.0,0.0,0.0,0.0,0.0
23.10.2009 19:00,0.0,0.0,0.0,0.0,0.0,0.0,0.0
23.10.2009 20:00,0.0,0.0,0.0,0.0,0.0,0.0,0.0
23.10.2009 21:00,0.0,0.0,0.0,0.0,0.0,0.0,0.0
23.10.2009 22:00,0.0,0.0,0.0,0.0,0.0,0.0,0.0
23.10.2009 23:00,0.0,0.0,0.0,0.0,0.0,0.0,0.0
24.10.2009 00:00,0.0,0.0,0.0,0.0,0.0,0.0,0.0
24.10.2009 01:00,0.0,0.0,0.0,0.0,0.0,0.0,0.0
24.10.2009 02:00,0.0,0.0,0.0,0.0,0.0,0.0,0.0
24.10.2009 03:00,0.0,0.0,0.0,0.0,0.0,0.0,0.0
24.10.2009 04:00,0.0,0.0,0.0,0.0,0.0,0.0,0.0
24.10.2009 05:00,0.0,0.0,0.0,0.0,0.0,0.0,0.0
24.10.2009 06:00,0.0088,0.0053,0.0014,0.0002,0.0036,0.0004,0.0096
24.10.2009 07:00,0.1274,0.1265,0.0595,0.1701,0.1062,0.1153,0.1752
24.10.2009 08:00,0.2552,0.2585,0.1833,0.2414,0.1995,0.2258,0.3816
24.10.2009 09:00,0.3231,0.3246,0.1572,0.4071,0.2435,0.328,0.4555
24.10.2009 10:00,0.4198,0.433,0.2665,0.3475,0.2768,0.3291,0.5073
24.10.2009 11:00,0.4615,0.4683,0.2332,0.4344,0.3114,0.392,0.502
24.10.2009 12:00,0.5017,0.4935,0.2654,0.5354,0.3396,0.3915,0.5545
24.10.2009 13:00,0.4594,0.4739,0.3262,0.4918,0.2983,0.3619,0.4957
24.10.2009 14:00,0.2839,0.2884,0.2967,0.414,0.2212,0.2736,0.3773
24.10.2009 15:00,0.1328,0.0913,0.1022,0.1056,0.11,0.115,0.1884
24.10.2009 16:00,0.0056,0.0048,0.0,0.0001,0.001,0.0001,0.0
24.10.2009 17:00,0.0,0.0,0.0,0.0,0.0,0.0,0.0
24.10.2009 18:00,0.0,0.0,0.0,0.0,0.0,0.0,0.0
24.10.2009 19:00,0.0,0.0,0.0,0.0,0.0,0.0,0.0
24.10.2009 20:00,0.0,0.0,0.0,0.0,0.0,0.0,0.0
24.10.2009 21:00,0.0,0.0,0.0,0.0,0.0,0.0,0.0
24.10.2009 22:00,0.0,0.0,0.0,0.0,0.0,0.0,0.0
24.10.2009 23:00,0.0,0.0,0.0,0.0,0.0,0.0,0.0
25.10.2009 00:00,0.0,0.0,0.0,0.0,0.0,0.0,0.0
25.10.2009 01:00,0.0,0.0,0.0,0.0,0.0,0.0,0.0
25.10.2009 02:00,0.0,0.0,0.0,0.0,0.0,0.0,0.0
25.10.2009 03:00,0.0,0.0,0.0,0.0,0.0,0.0,0.0
25.10.2009 04:00,0.0,0.0,0.0,0.0,0.0,0.0,0.0
25.10.2009 05:00,0.0,0.0,0.0,0.0,0.0,0.0,0.0
25.10.2009 06:00,0.0061,0.0127,0.0038,0.0008,0.0015,0.0009,0.0001
25.10.2009 07:00,0.1229,0.0898,0.0812,0.0867,0.1121,0.1006,0.2202
25.10.2009 08:00,0.2619,0.1767,0.1056,0.2368,0.1829,0.1855,0.4152
25.10.2009 09:00,0.3544,0.1696,0.056,0.1211,0.1915,0.242,0.5503
25.10.2009 10:00,0.4385,0.2486,0.0914,0.218,0.252,0.3192,0.629
25.10.2009 11:00,0.4533,0.2604,0.0964,0.1279,0.2732,0.325,0.6481
25.10.2009 12:00,0.4307,0.2485,0.1378,0.0885,0.2563,0.2449,0.6263
25.10.2009 13:00,0.3755,0.169,0.0786,0.052,0.2296,0.1864,0.5462
25.10.2009 14:00,0.2578,0.0634,0.0394,0.031,0.1683,0.0956,0.4093
25.10.2009 15:00,0.1367,0.0438,0.0334,0.0196,0.0844,0.048,0.205
25.10.2009 16:00,0.0031,0.0008,0.0001,0.0006,0.0032,0.0003,0.0001
25.10.2009 17:00,0.0,0.0,0.0,0.0,0.0,0.0,0.0
25.10.2009 18:00,0.0,0.0,0.0,0.0,0.0,0.0,0.0
25.10.2009 19:00,0.0,0.0,0.0,0.0,0.0,0.0,0.0
25.10.2009 20:00,0.0,0.0,0.0,0.0,0.0,0.0,0.0
25.10.2009 21:00,0.0,0.0,0.0,0.0,0.0,0.0,0.0
25.10.2009 22:00,0.0,0.0,0.0,0.0,0.0,0.0,0.0
25.10.2009 23:00,0.0,0.0,0.0,0.0,0.0,0.0,0.0
26.10.2009 00:00,0.0,0.0,0.0,0.0,0.0,0.0,0.0
26.10.2009 01:00,0.0,0.0,0.0,0.0,0.0,0.0,0.0
26.10.2009 02:00,0.0,0.0,0.0,0.0,0.0,0.0,0.0
26.10.2009 03:00,0.0,0.0,0.0,0.0,0.0,0.0,0.0
26.10.2009 04:00,0.0,0.0,0.0,0.0,0.0,0.0,0.0
26.10.2009 05:00,0.0,0.0,0.0,0.0,0.0,0.0,0.0
26.10.2009 06:00,0.0095,0.017,0.0165,0.0019,0.001,0.0024,0.0004
26.10.2009 07:00,0.1053,0.0667,0.0462,0.0327,0.0826,0.04,0.2264
26.10.2009 08:00,0.2726,0.1529,0.1266,0.0831,0.1588,0.0834,0.4306
26.10.2009 09:00,0.3729,0.1894,0.0745,0.0572,0.1928,0.076,0.5718
26.10.2009 10:00,0.4879,0.2753,0.134,0.0592,0.2098,0.0885,0.6608
26.10.2009 11:00,0.5347,0.288,0.0969,0.0798,0.216,0.1096,0.6798
26.10.2009 12:00,0.5447,0.319,0.121,0.0464,0.2066,0.1236,0.6601
26.10.2009 13:00,0.5061,0.3088,0.1056,0.0819,0.1856,0.1123,0.5718
26.10.2009 14:00,0.3878,0.2027,0.0816,0.0681,0.1318,0.0656,0.4228
26.10.2009 15:00,0.2049,0.1174,0.07,0.0498,0.0764,0.0474,0.206
26.10.2009 16:00,0.0066,0.0001,0.0005,0.0018,0.0062,0.0007,0.0006
26.10.2009 17:00,0.0,0.0,0.0,0.0,0.0,0.0,0.0
26.10.2009 18:00,0.0,0.0,0.0,0.0,0.0,0.0,0.0
26.10.2009 19:00,0.0,0.0,0.0,0.0,0.0,0.0,0.0
26.10.2009 20:00,0.0,0.0,0.0,0.0,0.0,0.0,0.0
26.10.2009 21:00,0.0,0.0,0.0,0.0,0.0,0.0,0.0
26.10.2009 22:00,0.0,0.0,0.0,0.0,0.0,0.0,0.0
26.10.2009 23:00,0.0,0.0,0.0,0.0,0.0,0.0,0.0
27.10.2009 00:00,0.0,0.0,0.0,0.0,0.0,0.0,0.0
27.10.2009 01:00,0.0,0.0,0.0,0.0,0.0,0.0,0.0
27.10.2009 02:00,0.0,0.0,0.0,0.0,0.0,0.0,0.0
27.10.2009 03:00,0.0,0.0,0.0,0.0,0.0,0.0,0.0
27.10.2009 04:00,0.0,0.0,0.0,0.0,0.0,0.0,0.0
27.10.2009 05:00,0.0,0.0,0.0,0.0,0.0,0.0,0.0
27.10.2009 06:00,0.0117,0.0154,0.0231,0.0049,0.0012,0.008,0.0011
27.10.2009 07:00,0.1538,0.1321,0.1348,0.175,0.1588,0.148,0.2093
27.10.2009 08:00,0.3742,0.3685,0.3422,0.3687,0.3107,0.3035,0.4104
27.10.2009 09:00,0.5343,0.5617,0.5714,0.5789,0.423,0.4731,0.5388
27.10.2009 10:00,0.6138,0.6359,0.6917,0.6936,0.4892,0.5417,0.6412
27.10.2009 11:00,0.628,0.6553,0.7201,0.7134,0.5007,0.5615,0.6625
27.10.2009 12:00,0.611,0.6213,0.6629,0.6751,0.481,0.5464,0.6387
27.10.2009 13:00,0.4963,0.4904,0.5304,0.5435,0.4105,0.4344,0.5471
27.10.2009 14:00,0.3754,0.3558,0.3216,0.333,0.2669,0.2844,0.3837
27.10.2009 15:00,0.1847,0.185,0.1609,0.1515,0.117,0.1142,0.1385
27.10.2009 16:00,0.0023,0.0003,0.0013,0.0046,0.0102,0.0019,0.0017
27.10.2009 17:00,0.0,0.0,0.0,0.0,0.0,0.0,0.0
27.10.2009 18:00,0.0,0.0,0.0,0.0,0.0,0.0,0.0
27.10.2009 19:00,0.0,0.0,0.0,0.0,0.0,0.0,0.0
27.10.2009 20:00,0.0,0.0,0.0,0.0,0.0,0.0,0.0
27.10.2009 21:00,0.0,0.0,0.0,0.0,0.0,0.0,0.0
27.10.2009 22:00,0.0,0.0,0.0,0.0,0.0,0.0,0.0
27.10.2009 23:00,0.0,0.0,0.0,0.0,0.0,0.0,0.0
28.10.2009 00:00,0.0,0.0,0.0,0.0,0.0,0.0,0.0
28.10.2009 01:00,0.0,0.0,0.0,0.0,0.0,0.0,0.0
28.10.2009 02:00,0.0,0.0,0.0,0.0,0.0,0.0,0.0
28.10.2009 03:00,0.0,0.0,0.0,0.0,0.0,0.0,0.0
28.10.2009 04:00,0.0,0.0,0.0,0.0,0.0,0.0,0.0
28.10.2009 05:00,0.0,0.0,0.0,0.0,0.0,0.0,0.0
28.10.2009 06:00,0.012,0.006,0.0171,0.0185,0.0032,0.0222,0.0026
28.10.2009 07:00,0.1442,0.1533,0.1463,0.1344,0.1226,0.1463,0.1997
28.10.2009 08:00,0.3357,0.3395,0.2659,0.3534,0.2688,0.3463,0.3776
28.10.2009 09:00,0.4663,0.4886,0.3654,0.458,0.3905,0.4593,0.5211
28.10.2009 10:00,0.5718,0.5266,0.4405,0.5141,0.4483,0.5171,0.5841
28.10.2009 11:00,0.5693,0.5146,0.4428,0.4669,0.4349,0.447,0.6214
28.10.2009 12:00,0.5188,0.4903,0.4588,0.3809,0.3571,0.3467,0.5648
28.10.2009 13:00,0.4554,0.4463,0.4968,0.3652,0.2669,0.2793,0.3796
28.10.2009 14:00,0.3142,0.2939,0.2844,0.3758,0.1909,0.2658,0.2514
28.10.2009 15:00,0.1232,0.1089,0.1174,0.1085,0.086,0.1265,0.1212
28.10.2009 16:00,0.0006,0.0007,0.0033,0.0173,0.0054,0.0052,0.0044
28.10.2009 17:00,0.0,0.0,0.0,0.0,0.0,0.0,0.0
28.10.2009 18:00,0.0,0.0,0.0,0.0,0.0,0.0,0.0
28.10.2009 19:00,0.0,0.0,0.0,0.0,0.0,0.0,0.0
28.10.2009 20:00,0.0,0.0,0.0,0.0,0.0,0.0,0.0
28.10.2009 21:00,0.0,0.0,0.0,0.0,0.0,0.0,0.0
28.10.2009 22:00,0.0,0.0,0.0,0.0,0.0,0.0,0.0
28.10.2009 23:00,0.0,0.0,0.0,0.0,0.0,0.0,0.0
29.10.2009 00:00,0.0,0.0,0.0,0.0,0.0,0.0,0.0
29.10.2009 01:00,0.0,0.0,0.0,0.0,0.0,0.0,0.0
29.10.2009 02:00,0.0,0.0,0.0,0.0,0.0,0.0,0.0
29.10.2009 03:00,0.0,0.0,0.0,0.0,0.0,0.0,0.0
29.10.2009 04:00,0.0,0.0,0.0,0.0,0.0,0.0,0.0
29.10.2009 05:00,0.0,0.0,0.0,0.0,0.0,0.0,0.0
29.10.2009 06:00,0.0081,0.004,0.0,0.0371,0.0054,0.0194,0.0066
29.10.2009 07:00,0.159,0.1535,0.1512,0.1817,0.1632,0.1857,0.1975
29.10.2009 08:00,0.3701,0.3406,0.3159,0.3572,0.3313,0.362,0.4192
29.10.2009 09:00,0.4977,0.4912,0.4438,0.4338,0.4322,0.4836,0.5558
29.10.2009 10:00,0.5531,0.5684,0.5793,0.5762,0.4837,0.4908,0.6479
29.10.2009 11:00,0.5707,0.5779,0.6712,0.6455,0.5104,0.5317,0.6441
29.10.2009 12:00,0.5508,0.5616,0.6632,0.6494,0.51,0.5142,0.6137
29.10.2009 13:00,0.4711,0.51,0.5707,0.568,0.4376,0.466,0.5265
29.10.2009 14:00,0.3787,0.405,0.4192,0.4121,0.3152,0.35,0.3995
29.10.2009 15:00,0.2129,0.2071,0.1967,0.1861,0.1428,0.1607,0.1682
29.10.2009 16:00,0.0009,0.0017,0.0102,0.0085,0.0011,0.0111,0.0147
29.10.2009 17:00,0.0,0.0,0.0,0.0,0.0,0.0,0.0
29.10.2009 18:00,0.0,0.0,0.0,0.0,0.0,0.0,0.0
29.10.2009 19:00,0.0,0.0,0.0,0.0,0.0,0.0,0.0
29.10.2009 20:00,0.0,0.0,0.0,0.0,0.0,0.0,0.0
29.10.2009 21:00,0.0,0.0,0.0,0.0,0.0,0.0,0.0
29.10.2009 22:00,0.0,0.0,0.0,0.0,0.0,0.0,0.0
29.10.2009 23:00,0.0,0.0,0.0,0.0,0.0,0.0,0.0
30.10.2009 00:00,0.0,0.0,0.0,0.0,0.0,0.0,0.0
30.10.2009 01:00,0.0,0.0,0.0,0.0,0.0,0.0,0.0
30.10.2009 02:00,0.0,0.0,0.0,0.0,0.0,0.0,0.0
30.10.2009 03:00,0.0,0.0,0.0,0.0,0.0,0.0,0.0
30.10.2009 04:00,0.0,0.0,0.0,0.0,0.0,0.0,0.0
30.10.2009 05:00,0.0,0.0,0.0,0.0,0.0,0.0,0.0
30.10.2009 06:00,0.0,0.0,0.0,0.0,0.0154,0.0159,0.0295
30.10.2009 07:00,0.1475,0.1159,0.0229,0.0408,0.1404,0.1223,0.2085
30.10.2009 08:00,0.315,0.2426,0.0422,0.081,0.2766,0.2468,0.4224
30.10.2009 09:00,0.4125,0.3094,0.0292,0.0908,0.3667,0.311,0.57
30.10.2009 10:00,0.464,0.3577,0.0402,0.101,0.4226,0.3532,0.6569
30.10.2009 11:00,0.4778,0.3694,0.0414,0.1119,0.4451,0.361,0.671
30.10.2009 12:00,0.4847,0.3721,0.0408,0.1,0.4419,0.3304,0.6298
30.10.2009 13:00,0.4223,0.3528,0.0458,0.0647,0.3705,0.2762,0.5198
30.10.2009 14:00,0.3146,0.2521,0.0404,0.0418,0.2582,0.204,0.3674
30.10.2009 15:00,0.1571,0.1316,0.0366,0.035,0.1082,0.0942,0.1474
30.10.2009 16:00,0.0022,0.0044,0.014,0.0,0.0,0.0107,0.0124
30.10.2009 17:00,0.0,0.0,0.0,0.0,0.0,0.0,0.0
30.10.2009 18:00,0.0,0.0,0.0,0.0,0.0,0.0,0.0
30.10.2009 19:00,0.0,0.0,0.0,0.0,0.0,0.0,0.0
30.10.2009 20:00,0.0,0.0,0.0,0.0,0.0,0.0,0.0
30.10.2009 21:00,0.0,0.0,0.0,0.0,0.0,0.0,0.0
30.10.2009 22:00,0.0,0.0,0.0,0.0,0.0,0.0,0.0
30.10.2009 23:00,0.0,0.0,0.0,0.0,0.0,0.0,0.0
31.10.2009 00:00,0.0,0.0,0.0,0.0,0.0,0.0,0.0
31.10.2009 01:00,0.0,0.0,0.0,0.0,0.0,0.0,0.0
31.10.2009 02:00,0.0,0.0,0.0,0.0,0.0,0.0,0.0
31.10.2009 03:00,0.0,0.0,0.0,0.0,0.0,0.0,0.0
31.10.2009 04:00,0.0,0.0,0.0,0.0,0.0,0.0,0.0
31.10.2009 05:00,0.0,0.0,0.0,0.0,0.0,0.0,0.0
31.10.2009 06:00,0.0,0.0,0.0,0.0,0.0192,0.0,0.0295
31.10.2009 07:00,0.0715,0.0585,0.0092,0.0244,0.0967,0.1091,0.0479
31.10.2009 08:00,0.2013,0.2014,0.0556,0.0638,0.253,0.2012,0.088
31.10.2009 09:00,0.258,0.3029,0.1425,0.1784,0.3412,0.365,0.1491
31.10.2009 10:00,0.3835,0.4276,0.2499,0.3404,0.3701,0.4104,0.1302
31.10.2009 11:00,0.4593,0.5328,0.4975,0.4478,0.2949,0.4961,0.1497
31.10.2009 12:00,0.3925,0.5041,0.3387,0.6257,0.3428,0.3835,0.2068
31.10.2009 13:00,0.3109,0.396,0.2844,0.42,0.2234,0.3487,0.1141
31.10.2009 14:00,0.2189,0.2743,0.2006,0.1018,0.127,0.1332,0.0924
31.10.2009 15:00,0.1374,0.1332,0.1701,0.0761,0.046,0.1138,0.0602
31.10.2009 16:00,0.0043,0.0096,0.0033,0.0,0.0,0.0014,0.0
31.10.2009 17:00,0.0,0.0,0.0,0.0,0.0,0.0,0.0
31.10.2009 18:00,0.0,0.0,0.0,0.0,0.0,0.0,0.0
31.10.2009 19:00,0.0,0.0,0.0,0.0,0.0,0.0,0.0
31.10.2009 20:00,0.0,0.0,0.0,0.0,0.0,0.0,0.0
31.10.2009 21:00,0.0,0.0,0.0,0.0,0.0,0.0,0.0
31.10.2009 22:00,0.0,0.0,0.0,0.0,0.0,0.0,0.0
31.10.2009 23:00,0.0,0.0,0.0,0.0,0.0,0.0,0.0
01.11.2009 00:00,0.0,0.0,0.0,0.0,0.0,0.0,0.0
01.11.2009 01:00,0.0,0.0,0.0,0.0,0.0,0.0,0.0
01.11.2009 02:00,0.0,0.0,0.0,0.0,0.0,0.0,0.0
01.11.2009 03:00,0.0,0.0,0.0,0.0,0.0,0.0,0.0
01.11.2009 04:00,0.0,0.0,0.0,0.0,0.0,0.0,0.0
01.11.2009 05:00,0.0,0.0,0.0,0.0,0.0,0.0,0.0
01.11.2009 06:00,0.0,0.0,0.0,0.0,0.0151,0.0,0.0066
01.11.2009 07:00,0.2222,0.2047,0.1526,0.2135,0.2328,0.2402,0.1895
01.11.2009 08:00,0.4285,0.406,0.2854,0.3955,0.4779,0.4663,0.3176
01.11.2009 09:00,0.5484,0.5389,0.3619,0.5137,0.6211,0.6337,0.4468
01.11.2009 10:00,0.6629,0.65,0.4747,0.5997,0.7032,0.7193,0.5872
01.11.2009 11:00,0.7288,0.6967,0.6217,0.6519,0.7282,0.7429,0.6696
01.11.2009 12:00,0.6564,0.6402,0.646,0.6528,0.7042,0.6997,0.6564
01.11.2009 13:00,0.5266,0.4675,0.4801,0.5426,0.6142,0.5685,0.5894
01.11.2009 14:00,0.3432,0.2576,0.2277,0.3692,0.4087,0.3509,0.4393
01.11.2009 15:00,0.1367,0.0992,0.1053,0.0996,0.1882,0.1016,0.1503
01.11.2009 16:00,0.0066,0.0106,0.0,0.0,0.0,0.0,0.0
01.11.2009 17:00,0.0,0.0,0.0,0.0,0.0,0.0,0.0
01.11.2009 18:00,0.0,0.0,0.0,0.0,0.0,0.0,0.0
01.11.2009 19:00,0.0,0.0,0.0,0.0,0.0,0.0,0.0
01.11.2009 20:00,0.0,0.0,0.0,0.0,0.0,0.0,0.0
01.11.2009 21:00,0.0,0.0,0.0,0.0,0.0,0.0,0.0
01.11.2009 22:00,0.0,0.0,0.0,0.0,0.0,0.0,0.0
01.11.2009 23:00,0.0,0.0,0.0,0.0,0.0,0.0,0.0
02.11.2009 00:00,0.0,0.0,0.0,0.0,0.0,0.0,0.0
02.11.2009 01:00,0.0,0.0,0.0,0.0,0.0,0.0,0.0
02.11.2009 02:00,0.0,0.0,0.0,0.0,0.0,0.0,0.0
02.11.2009 03:00,0.0,0.0,0.0,0.0,0.0,0.0,0.0
02.11.2009 04:00,0.0,0.0,0.0,0.0,0.0,0.0,0.0
02.11.2009 05:00,0.0,0.0,0.0,0.0,0.0,0.0,0.0
02.11.2009 06:00,0.0,0.0,0.0,0.0,0.0123,0.0,0.0
02.11.2009 07:00,0.0264,0.0142,0.0076,0.0231,0.03,0.011,0.0081
02.11.2009 08:00,0.0659,0.0595,0.023,0.019,0.0312,0.0226,0.0234
02.11.2009 09:00,0.0692,0.0361,0.0364,0.0415,0.0373,0.0415,0.0432
02.11.2009 10:00,0.0998,0.0692,0.0384,0.0315,0.0628,0.0285,0.0296
02.11.2009 11:00,0.0527,0.055,0.035,0.0365,0.0462,0.0362,0.0312
02.11.2009 12:00,0.0377,0.0383,0.0318,0.0336,0.0445,0.0263,0.0283
02.11.2009 13:00,0.0403,0.0448,0.0325,0.0264,0.0336,0.0251,0.0235
02.11.2009 14:00,0.0609,0.0392,0.034,0.0225,0.0242,0.0256,0.0208
02.11.2009 15:00,0.0594,0.037,0.0152,0.0143,0.0271,0.0139,0.0191
02.11.2009 16:00,0.0078,0.0077,0.0,0.0,0.0,0.0,0.0
02.11.2009 17:00,0.0,0.0,0.0,0.0,0.0,0.0,0.0
02.11.2009 18:00,0.0,0.0,0.0,0.0,0.0,0.0,0.0
02.11.2009 19:00,0.0,0.0,0.0,0.0,0.0,0.0,0.0
02.11.2009 20:00,0.0,0.0,0.0,0.0,0.0,0.0,0.0
02.11.2009 21:00,0.0,0.0,0.0,0.0,0.0,0.0,0.0
02.11.2009 22:00,0.0,0.0,0.0,0.0,0.0,0.0,0.0
02.11.2009 23:00,0.0,0.0,0.0,0.0,0.0,0.0,0.0
03.11.2009 00:00,0.0,0.0,0.0,0.0,0.0,0.0,0.0
03.11.2009 01:00,0.0,0.0,0.0,0.0,0.0,0.0,0.0
03.11.2009 02:00,0.0,0.0,0.0,0.0,0.0,0.0,0.0
03.11.2009 03:00,0.0,0.0,0.0,0.0,0.0,0.0,0.0
03.11.2009 04:00,0.0,0.0,0.0,0.0,0.0,0.0,0.0
03.11.2009 05:00,0.0,0.0,0.0,0.0,0.0,0.0,0.0
03.11.2009 06:00,0.0,0.0,0.0,0.0,0.0089,0.0,0.0
03.11.2009 07:00,0.082,0.0962,0.0964,0.1852,0.0992,0.0997,0.1814
03.11.2009 08:00,0.1512,0.2104,0.3571,0.3032,0.1909,0.2441,0.3484
03.11.2009 09:00,0.1336,0.2573,0.3442,0.5183,0.2146,0.306,0.4587
03.11.2009 10:00,0.1787,0.2591,0.3373,0.3663,0.2523,0.3249,0.5297
03.11.2009 11:00,0.1438,0.2526,0.326,0.4231,0.2452,0.3008,0.5521
03.11.2009 12:00,0.0762,0.1669,0.4386,0.5942,0.2733,0.2639,0.5422
03.11.2009 13:00,0.061,0.1365,0.2341,0.4183,0.2766,0.2303,0.493
03.11.2009 14:00,0.067,0.045,0.1604,0.1084,0.1721,0.0898,0.3664
03.11.2009 15:00,0.0598,0.0909,0.037,0.0629,0.0968,0.0289,0.1616
03.11.2009 16:00,0.0092,0.0026,0.0,0.0,0.0,0.0,0.0
03.11.2009 17:00,0.0,0.0,0.0,0.0,0.0,0.0,0.0
03.11.2009 18:00,0.0,0.0,0.0,0.0,0.0,0.0,0.0
03.11.2009 19:00,0.0,0.0,0.0,0.0,0.0,0.0,0.0
03.11.2009 20:00,0.0,0.0,0.0,0.0,0.0,0.0,0.0
03.11.2009 21:00,0.0,0.0,0.0,0.0,0.0,0.0,0.0
03.11.2009 22:00,0.0,0.0,0.0,0.0,0.0,0.0,0.0
03.11.2009 23:00,0.0,0.0,0.0,0.0,0.0,0.0,0.0
04.11.2009 00:00,0.0,0.0,0.0,0.0,0.0,0.0,0.0
04.11.2009 01:00,0.0,0.0,0.0,0.0,0.0,0.0,0.0
04.11.2009 02:00,0.0,0.0,0.0,0.0,0.0,0.0,0.0
04.11.2009 03:00,0.0,0.0,0.0,0.0,0.0,0.0,0.0
04.11.2009 04:00,0.0,0.0,0.0,0.0,0.0,0.0,0.0
04.11.2009 05:00,0.0,0.0,0.0,0.0,0.0,0.0,0.0
04.11.2009 06:00,0.0,0.0,0.0,0.0,0.0003,0.0,0.0
04.11.2009 07:00,0.0541,0.0389,0.0399,0.0582,0.0646,0.1047,0.0945
04.11.2009 08:00,0.0871,0.092,0.0746,0.0979,0.1038,0.0478,0.1677
04.11.2009 09:00,0.1098,0.1086,0.1311,0.0833,0.0716,0.0518,0.0903
04.11.2009 10:00,0.1453,0.2059,0.2672,0.0858,0.0886,0.1158,0.0614
04.11.2009 11:00,0.1423,0.2345,0.5672,0.346,0.1038,0.2303,0.0744
04.11.2009 12:00,0.1705,0.2747,0.4727,0.4299,0.1293,0.322,0.1491
04.11.2009 13:00,0.1634,0.3203,0.5162,0.5218,0.162,0.2971,0.2643
04.11.2009 14:00,0.1238,0.2126,0.3476,0.3987,0.1312,0.2298,0.2323
04.11.2009 15:00,0.0942,0.1414,0.1792,0.1628,0.0888,0.1244,0.1367
04.11.2009 16:00,0.0049,0.0001,0.0,0.0,0.0,0.0,0.0
04.11.2009 17:00,0.0,0.0,0.0,0.0,0.0,0.0,0.0
04.11.2009 18:00,0.0,0.0,0.0,0.0,0.0,0.0,0.0
04.11.2009 19:00,0.0,0.0,0.0,0.0,0.0,0.0,0.0
04.11.2009 20:00,0.0,0.0,0.0,0.0,0.0,0.0,0.0
04.11.2009 21:00,0.0,0.0,0.0,0.0,0.0,0.0,0.0
04.11.2009 22:00,0.0,0.0,0.0,0.0,0.0,0.0,0.0
04.11.2009 23:00,0.0,0.0,0.0,0.0,0.0,0.0,0.0
05.11.2009 00:00,0.0,0.0,0.0,0.0,0.0,0.0,0.0
05.11.2009 01:00,0.0,0.0,0.0,0.0,0.0,0.0,0.0
05.11.2009 02:00,0.0,0.0,0.0,0.0,0.0,0.0,0.0
05.11.2009 03:00,0.0,0.0,0.0,0.0,0.0,0.0,0.0
05.11.2009 04:00,0.0,0.0,0.0,0.0,0.0,0.0,0.0
05.11.2009 05:00,0.0,0.0,0.0,0.0,0.0,0.0,0.0
05.11.2009 06:00,0.0,0.0,0.0,0.0,0.0,0.0,0.0
05.11.2009 07:00,0.0609,0.1364,0.2072,0.1688,0.0978,0.1153,0.1136
05.11.2009 08:00,0.1477,0.2846,0.4624,0.4273,0.2075,0.2444,0.2044
05.11.2009 09:00,0.1776,0.3837,0.6041,0.5757,0.2946,0.3381,0.1784
05.11.2009 10:00,0.2696,0.4218,0.5592,0.6361,0.3127,0.4265,0.0943
05.11.2009 11:00,0.3139,0.419,0.4715,0.6024,0.2563,0.441,0.0822
05.11.2009 12:00,0.3484,0.4002,0.5306,0.6444,0.2686,0.4199,0.0375
05.11.2009 13:00,0.2401,0.3807,0.4194,0.6067,0.2552,0.3872,0.0952
05.11.2009 14:00,0.0981,0.2618,0.361,0.4336,0.1815,0.2944,0.0788
05.11.2009 15:00,0.0675,0.0897,0.2022,0.2076,0.13,0.1564,0.0478
05.11.2009 16:00,0.002,0.0,0.0,0.0,0.0,0.0,0.0
05.11.2009 17:00,0.0,0.0,0.0,0.0,0.0,0.0,0.0
05.11.2009 18:00,0.0,0.0,0.0,0.0,0.0,0.0,0.0
05.11.2009 19:00,0.0,0.0,0.0,0.0,0.0,0.0,0.0
05.11.2009 20:00,0.0,0.0,0.0,0.0,0.0,0.0,0.0
05.11.2009 21:00,0.0,0.0,0.0,0.0,0.0,0.0,0.0
05.11.2009 22:00,0.0,0.0,0.0,0.0,0.0,0.0,0.0
05.11.2009 23:00,0.0,0.0,0.0,0.0,0.0,0.0,0.0
06.11.2009 00:00,0.0,0.0,0.0,0.0,0.0,0.0,0.0
06.11.2009 01:00,0.0,0.0,0.0,0.0,0.0,0.0,0.0
06.11.2009 02:00,0.0,0.0,0.0,0.0,0.0,0.0,0.0
06.11.2009 03:00,0.0,0.0,0.0,0.0,0.0,0.0,0.0
06.11.2009 04:00,0.0,0.0,0.0,0.0,0.0,0.0,0.0
06.11.2009 05:00,0.0,0.0,0.0,0.0,0.0,0.0,0.0
06.11.2009 06:00,0.0,0.0,0.0,0.0,0.0,0.0,0.0
06.11.2009 07:00,0.0663,0.0842,0.1121,0.12,0.1146,0.0639,0.0652
06.11.2009 08:00,0.1217,0.1655,0.2541,0.2674,0.1659,0.132,0.1461
06.11.2009 09:00,0.1413,0.1935,0.3699,0.3826,0.1561,0.1469,0.173
06.11.2009 10:00,0.207,0.2195,0.4978,0.3441,0.1522,0.1785,0.1797
06.11.2009 11:00,0.2355,0.2242,0.2786,0.4081,0.1537,0.147,0.1613
06.11.2009 12:00,0.1967,0.161,0.2667,0.318,0.146,0.1621,0.1525
06.11.2009 13:00,0.1438,0.1222,0.2512,0.2459,0.1471,0.1359,0.2327
06.11.2009 14:00,0.131,0.1335,0.228,0.1257,0.0997,0.1034,0.183
06.11.2009 15:00,0.125,0.1404,0.1462,0.08,0.0561,0.0666,0.1032
06.11.2009 16:00,0.0007,0.0,0.0,0.0,0.0,0.0,0.0
06.11.2009 17:00,0.0,0.0,0.0,0.0,0.0,0.0,0.0
06.11.2009 18:00,0.0,0.0,0.0,0.0,0.0,0.0,0.0
06.11.2009 19:00,0.0,0.0,0.0,0.0,0.0,0.0,0.0
06.11.2009 20:00,0.0,0.0,0.0,0.0,0.0,0.0,0.0
06.11.2009 21:00,0.0,0.0,0.0,0.0,0.0,0.0,0.0
06.11.2009 22:00,0.0,0.0,0.0,0.0,0.0,0.0,0.0
06.11.2009 23:00,0.0,0.0,0.0,0.0,0.0,0.0,0.0
07.11.2009 00:00,0.0,0.0,0.0,0.0,0.0,0.0,0.0
07.11.2009 01:00,0.0,0.0,0.0,0.0,0.0,0.0,0.0
07.11.2009 02:00,0.0,0.0,0.0,0.0,0.0,0.0,0.0
07.11.2009 03:00,0.0,0.0,0.0,0.0,0.0,0.0,0.0
07.11.2009 04:00,0.0,0.0,0.0,0.0,0.0,0.0,0.0
07.11.2009 05:00,0.0,0.0,0.0,0.0,0.0,0.0,0.0
07.11.2009 06:00,0.0,0.0,0.0,0.0,0.0,0.0,0.0
07.11.2009 07:00,0.0522,0.0612,0.0386,0.1255,0.0927,0.0825,0.1866
07.11.2009 08:00,0.1008,0.0897,0.1156,0.1617,0.1643,0.1581,0.3744
07.11.2009 09:00,0.0931,0.0763,0.0538,0.1783,0.1868,0.1529,0.4067
07.11.2009 10:00,0.1086,0.0976,0.1126,0.1294,0.2576,0.1767,0.1832
07.11.2009 11:00,0.1101,0.1215,0.0708,0.1731,0.2422,0.1818,0.1625
07.11.2009 12:00,0.1707,0.1935,0.1279,0.1222,0.1947,0.2067,0.2403
07.11.2009 13:00,0.1261,0.2083,0.2082,0.0994,0.1983,0.1898,0.1528
07.11.2009 14:00,0.1325,0.1247,0.1486,0.1396,0.1272,0.1125,0.0526
07.11.2009 15:00,0.0755,0.095,0.0728,0.09,0.0547,0.0989,0.0131
07.11.2009 16:00,0.0,0.0,0.0,0.0,0.0,0.0,0.0
07.11.2009 17:00,0.0,0.0,0.0,0.0,0.0,0.0,0.0
07.11.2009 18:00,0.0,0.0,0.0,0.0,0.0,0.0,0.0
07.11.2009 19:00,0.0,0.0,0.0,0.0,0.0,0.0,0.0
07.11.2009 20:00,0.0,0.0,0.0,0.0,0.0,0.0,0.0
07.11.2009 21:00,0.0,0.0,0.0,0.0,0.0,0.0,0.0
07.11.2009 22:00,0.0,0.0,0.0,0.0,0.0,0.0,0.0
07.11.2009 23:00,0.0,0.0,0.0,0.0,0.0,0.0,0.0
08.11.2009 00:00,0.0,0.0,0.0,0.0,0.0,0.0,0.0
08.11.2009 01:00,0.0,0.0,0.0,0.0,0.0,0.0,0.0
08.11.2009 02:00,0.0,0.0,0.0,0.0,0.0,0.0,0.0
08.11.2009 03:00,0.0,0.0,0.0,0.0,0.0,0.0,0.0
08.11.2009 04:00,0.0,0.0,0.0,0.0,0.0,0.0,0.0
08.11.2009 05:00,0.0,0.0,0.0,0.0,0.0,0.0,0.0
08.11.2009 06:00,0.0,0.0,0.0,0.0,0.0,0.0,0.0
08.11.2009 07:00,0.0665,0.0746,0.1182,0.0399,0.0237,0.046,0.0182
08.11.2009 08:00,0.1566,0.1431,0.1446,0.0768,0.0491,0.051,0.0515
08.11.2009 09:00,0.1787,0.1981,0.1861,0.1754,0.0838,0.128,0.0715
08.11.2009 10:00,0.1849,0.1946,0.2607,0.1908,0.1109,0.1228,0.1071
08.11.2009 11:00,0.1743,0.1481,0.2414,0.1984,0.1329,0.1527,0.1378
08.11.2009 12:00,0.1582,0.1326,0.1616,0.1022,0.0972,0.1038,0.1442
08.11.2009 13:00,0.1145,0.08,0.0558,0.0548,0.0579,0.0522,0.0753
08.11.2009 14:00,0.0812,0.0422,0.0322,0.035,0.0415,0.0268,0.0428
08.11.2009 15:00,0.0484,0.023,0.0193,0.0207,0.0424,0.0199,0.0208
08.11.2009 16:00,0.0,0.0,0.0,0.0,0.0,0.0,0.0
08.11.2009 17:00,0.0,0.0,0.0,0.0,0.0,0.0,0.0
08.11.2009 18:00,0.0,0.0,0.0,0.0,0.0,0.0,0.0
08.11.2009 19:00,0.0,0.0,0.0,0.0,0.0,0.0,0.0
08.11.2009 20:00,0.0,0.0,0.0,0.0,0.0,0.0,0.0
08.11.2009 21:00,0.0,0.0,0.0,0.0,0.0,0.0,0.0
08.11.2009 22:00,0.0,0.0,0.0,0.0,0.0,0.0,0.0
08.11.2009 23:00,0.0,0.0,0.0,0.0,0.0,0.0,0.0
09.11.2009 00:00,0.0,0.0,0.0,0.0,0.0,0.0,0.0
09.11.2009 01:00,0.0,0.0,0.0,0.0,0.0,0.0,0.0
09.11.2009 02:00,0.0,0.0,0.0,0.0,0.0,0.0,0.0
09.11.2009 03:00,0.0,0.0,0.0,0.0,0.0,0.0,0.0
09.11.2009 04:00,0.0,0.0,0.0,0.0,0.0,0.0,0.0
09.11.2009 05:00,0.0,0.0,0.0,0.0,0.0,0.0,0.0
09.11.2009 06:00,0.0,0.0,0.0,0.0,0.0,0.0,0.0
09.11.2009 07:00,0.0182,0.0152,0.0468,0.0226,0.0494,0.0126,0.0863
09.11.2009 08:00,0.0466,0.0626,0.0274,0.0467,0.0752,0.0843,0.0857
09.11.2009 09:00,0.0577,0.0928,0.0316,0.0542,0.0762,0.0872,0.0585
09.11.2009 10:00,0.1318,0.1074,0.0384,0.0434,0.0941,0.069,0.0971
09.11.2009 11:00,0.1594,0.0994,0.0279,0.0311,0.076,0.0617,0.1151
09.11.2009 12:00,0.1181,0.0588,0.0417,0.0397,0.0623,0.0573,0.1046
09.11.2009 13:00,0.0545,0.0371,0.0412,0.0489,0.063,0.0437,0.2015
09.11.2009 14:00,0.0322,0.0307,0.0471,0.0647,0.05,0.0425,0.2115
09.11.2009 15:00,0.018,0.0337,0.0249,0.0526,0.0349,0.04,0.127
09.11.2009 16:00,0.0,0.0,0.0,0.0,0.0,0.0,0.0
09.11.2009 17:00,0.0,0.0,0.0,0.0,0.0,0.0,0.0
09.11.2009 18:00,0.0,0.0,0.0,0.0,0.0,0.0,0.0
09.11.2009 19:00,0.0,0.0,0.0,0.0,0.0,0.0,0.0
09.11.2009 20:00,0.0,0.0,0.0,0.0,0.0,0.0,0.0
09.11.2009 21:00,0.0,0.0,0.0,0.0,0.0,0.0,0.0
09.11.2009 22:00,0.0,0.0,0.0,0.0,0.0,0.0,0.0
09.11.2009 23:00,0.0,0.0,0.0,0.0,0.0,0.0,0.0
10.11.2009 00:00,0.0,0.0,0.0,0.0,0.0,0.0,0.0
10.11.2009 01:00,0.0,0.0,0.0,0.0,0.0,0.0,0.0
10.11.2009 02:00,0.0,0.0,0.0,0.0,0.0,0.0,0.0
10.11.2009 03:00,0.0,0.0,0.0,0.0,0.0,0.0,0.0
10.11.2009 04:00,0.0,0.0,0.0,0.0,0.0,0.0,0.0
10.11.2009 05:00,0.0,0.0,0.0,0.0,0.0,0.0,0.0
10.11.2009 06:00,0.0,0.0,0.0,0.0,0.0,0.0,0.0
10.11.2009 07:00,0.0373,0.0403,0.0259,0.0214,0.0595,0.0285,0.1201
10.11.2009 08:00,0.0681,0.0673,0.053,0.0445,0.0919,0.0703,0.2957
10.11.2009 09:00,0.0558,0.0381,0.0281,0.025,0.0683,0.048,0.4086
10.11.2009 10:00,0.078,0.0524,0.0461,0.0426,0.0795,0.0654,0.4735
10.11.2009 11:00,0.0736,0.0481,0.0452,0.0372,0.0778,0.0539,0.4916
10.11.2009 12:00,0.0578,0.0429,0.0368,0.0406,0.0787,0.0409,0.4787
10.11.2009 13:00,0.0496,0.033,0.0304,0.0384,0.0795,0.0358,0.4257
10.11.2009 14:00,0.0372,0.0264,0.026,0.0344,0.0494,0.0236,0.3098
10.11.2009 15:00,0.0534,0.0358,0.0293,0.0184,0.028,0.0238,0.1323
10.11.2009 16:00,0.0,0.0,0.0,0.0,0.0,0.0,0.0
10.11.2009 17:00,0.0,0.0,0.0,0.0,0.0,0.0,0.0
10.11.2009 18:00,0.0,0.0,0.0,0.0,0.0,0.0,0.0
10.11.2009 19:00,0.0,0.0,0.0,0.0,0.0,0.0,0.0
10.11.2009 20:00,0.0,0.0,0.0,0.0,0.0,0.0,0.0
10.11.2009 21:00,0.0,0.0,0.0,0.0,0.0,0.0,0.0
10.11.2009 22:00,0.0,0.0,0.0,0.0,0.0,0.0,0.0
10.11.2009 23:00,0.0,0.0,0.0,0.0,0.0,0.0,0.0
11.11.2009 00:00,0.0,0.0,0.0,0.0,0.0,0.0,0.0
11.11.2009 01:00,0.0,0.0,0.0,0.0,0.0,0.0,0.0
11.11.2009 02:00,0.0,0.0,0.0,0.0,0.0,0.0,0.0
11.11.2009 03:00,0.0,0.0,0.0,0.0,0.0,0.0,0.0
11.11.2009 04:00,0.0,0.0,0.0,0.0,0.0,0.0,0.0
11.11.2009 05:00,0.0,0.0,0.0,0.0,0.0,0.0,0.0
11.11.2009 06:00,0.0,0.0,0.0,0.0,0.0,0.0,0.0
11.11.2009 07:00,0.0505,0.0481,0.0483,0.042,0.0477,0.023,0.1463
11.11.2009 08:00,0.1578,0.1588,0.1483,0.1633,0.1023,0.0622,0.3443
11.11.2009 09:00,0.2195,0.1906,0.1537,0.2002,0.1137,0.0556,0.4662
11.11.2009 10:00,0.2052,0.1863,0.2263,0.1897,0.1435,0.0933,0.5272
11.11.2009 11:00,0.1976,0.1666,0.1669,0.1945,0.1443,0.0952,0.5375
11.11.2009 12:00,0.2125,0.1548,0.1588,0.2672,0.1332,0.113,0.5118
11.11.2009 13:00,0.219,0.136,0.1957,0.3051,0.1261,0.1233,0.4492
11.11.2009 14:00,0.1736,0.1107,0.1792,0.1899,0.0891,0.1054,0.326
11.11.2009 15:00,0.1016,0.0834,0.1182,0.074,0.0414,0.0513,0.1303
11.11.2009 16:00,0.0,0.0,0.0,0.0,0.0,0.0,0.0
11.11.2009 17:00,0.0,0.0,0.0,0.0,0.0,0.0,0.0
11.11.2009 18:00,0.0,0.0,0.0,0.0,0.0,0.0,0.0
11.11.2009 19:00,0.0,0.0,0.0,0.0,0.0,0.0,0.0
11.11.2009 20:00,0.0,0.0,0.0,0.0,0.0,0.0,0.0
11.11.2009 21:00,0.0,0.0,0.0,0.0,0.0,0.0,0.0
11.11.2009 22:00,0.0,0.0,0.0,0.0,0.0,0.0,0.0
11.11.2009 23:00,0.0,0.0,0.0,0.0,0.0,0.0,0.0
12.11.2009 00:00,0.0,0.0,0.0,0.0,0.0,0.0,0.0
12.11.2009 01:00,0.0,0.0,0.0,0.0,0.0,0.0,0.0
12.11.2009 02:00,0.0,0.0,0.0,0.0,0.0,0.0,0.0
12.11.2009 03:00,0.0,0.0,0.0,0.0,0.0,0.0,0.0
12.11.2009 04:00,0.0,0.0,0.0,0.0,0.0,0.0,0.0
12.11.2009 05:00,0.0,0.0,0.0,0.0,0.0,0.0,0.0
12.11.2009 06:00,0.0,0.0,0.0,0.0,0.0,0.0,0.0
12.11.2009 07:00,0.0387,0.0374,0.0229,0.0635,0.0641,0.0628,0.1436
12.11.2009 08:00,0.1068,0.0868,0.0812,0.0621,0.1095,0.1459,0.353
12.11.2009 09:00,0.1226,0.0837,0.0492,0.0452,0.1189,0.1378,0.4825
12.11.2009 10:00,0.1866,0.1367,0.0757,0.0685,0.1314,0.1745,0.5474
12.11.2009 11:00,0.1439,0.1482,0.1742,0.0621,0.1346,0.1962,0.5615
12.11.2009 12:00,0.156,0.1724,0.2875,0.1064,0.1323,0.1307,0.5347
12.11.2009 13:00,0.1152,0.0945,0.271,0.1236,0.1214,0.1145,0.4682
12.11.2009 14:00,0.1005,0.0459,0.0843,0.1565,0.0981,0.0672,0.3415
12.11.2009 15:00,0.084,0.0883,0.0146,0.0091,0.0383,0.0461,0.1351
12.11.2009 16:00,0.0,0.0,0.0,0.0,0.0,0.0,0.0
12.11.2009 17:00,0.0,0.0,0.0,0.0,0.0,0.0,0.0
12.11.2009 18:00,0.0,0.0,0.0,0.0,0.0,0.0,0.0
12.11.2009 19:00,0.0,0.0,0.0,0.0,0.0,0.0,0.0
12.11.2009 20:00,0.0,0.0,0.0,0.0,0.0,0.0,0.0
12.11.2009 21:00,0.0,0.0,0.0,0.0,0.0,0.0,0.0
12.11.2009 22:00,0.0,0.0,0.0,0.0,0.0,0.0,0.0
12.11.2009 23:00,0.0,0.0,0.0,0.0,0.0,0.0,0.0
13.11.2009 00:00,0.0,0.0,0.0,0.0,0.0,0.0,0.0
13.11.2009 01:00,0.0,0.0,0.0,0.0,0.0,0.0,0.0
13.11.2009 02:00,0.0,0.0,0.0,0.0,0.0,0.0,0.0
13.11.2009 03:00,0.0,0.0,0.0,0.0,0.0,0.0,0.0
13.11.2009 04:00,0.0,0.0,0.0,0.0,0.0,0.0,0.0
13.11.2009 05:00,0.0,0.0,0.0,0.0,0.0,0.0,0.0
13.11.2009 06:00,0.0,0.0,0.0,0.0,0.0,0.0,0.0
13.11.2009 07:00,0.0296,0.0458,0.0318,0.0754,0.0636,0.0414,0.0838
13.11.2009 08:00,0.1118,0.1585,0.1677,0.1991,0.1593,0.1361,0.1965
13.11.2009 09:00,0.1844,0.2375,0.2812,0.2298,0.2127,0.2186,0.4309
13.11.2009 10:00,0.2004,0.2671,0.3178,0.3171,0.2754,0.272,0.428
13.11.2009 11:00,0.2161,0.26,0.2346,0.1936,0.2707,0.2315,0.3655
13.11.2009 12:00,0.2065,0.2877,0.332,0.1976,0.2333,0.2253,0.2931
13.11.2009 13:00,0.1753,0.2464,0.3076,0.1516,0.1851,0.1965,0.2727
13.11.2009 14:00,0.1307,0.1496,0.2634,0.3114,0.096,0.2013,0.1378
13.11.2009 15:00,0.0641,0.084,0.0444,0.0901,0.078,0.0809,0.0894
13.11.2009 16:00,0.0,0.0,0.0,0.0,0.0,0.0,0.0
13.11.2009 17:00,0.0,0.0,0.0,0.0,0.0,0.0,0.0
13.11.2009 18:00,0.0,0.0,0.0,0.0,0.0,0.0,0.0
13.11.2009 19:00,0.0,0.0,0.0,0.0,0.0,0.0,0.0
13.11.2009 20:00,0.0,0.0,0.0,0.0,0.0,0.0,0.0
13.11.2009 21:00,0.0,0.0,0.0,0.0,0.0,0.0,0.0
13.11.2009 22:00,0.0,0.0,0.0,0.0,0.0,0.0,0.0
13.11.2009 23:00,0.0,0.0,0.0,0.0,0.0,0.0,0.0
14.11.2009 00:00,0.0,0.0,0.0,0.0,0.0,0.0,0.0
14.11.2009 01:00,0.0,0.0,0.0,0.0,0.0,0.0,0.0
14.11.2009 02:00,0.0,0.0,0.0,0.0,0.0,0.0,0.0
14.11.2009 03:00,0.0,0.0,0.0,0.0,0.0,0.0,0.0
14.11.2009 04:00,0.0,0.0,0.0,0.0,0.0,0.0,0.0
14.11.2009 05:00,0.0,0.0,0.0,0.0,0.0,0.0,0.0
14.11.2009 06:00,0.0,0.0,0.0,0.0,0.0,0.0,0.0
14.11.2009 07:00,0.0182,0.0269,0.0139,0.016,0.0257,0.0156,0.0098
14.11.2009 08:00,0.082,0.1149,0.1287,0.0788,0.0426,0.0748,0.0166
14.11.2009 09:00,0.2284,0.3976,0.321,0.242,0.127,0.1922,0.036
14.11.2009 10:00,0.2727,0.4703,0.4235,0.2435,0.1813,0.2706,0.0422
14.11.2009 11:00,0.2195,0.3022,0.6464,0.5052,0.1386,0.435,0.0339
14.11.2009 12:00,0.0936,0.1676,0.3105,0.4696,0.2388,0.4597,0.0255
14.11.2009 13:00,0.0669,0.1099,0.0942,0.1211,0.1717,0.166,0.0412
14.11.2009 14:00,0.0599,0.0633,0.0636,0.0948,0.0703,0.0709,0.0252
14.11.2009 15:00,0.055,0.0368,0.0175,0.0494,0.0358,0.0455,0.0042
14.11.2009 16:00,0.0,0.0,0.0,0.0,0.0,0.0,0.0
14.11.2009 17:00,0.0,0.0,0.0,0.0,0.0,0.0,0.0
14.11.2009 18:00,0.0,0.0,0.0,0.0,0.0,0.0,0.0
14.11.2009 19:00,0.0,0.0,0.0,0.0,0.0,0.0,0.0
14.11.2009 20:00,0.0,0.0,0.0,0.0,0.0,0.0,0.0
14.11.2009 21:00,0.0,0.0,0.0,0.0,0.0,0.0,0.0
14.11.2009 22:00,0.0,0.0,0.0,0.0,0.0,0.0,0.0
14.11.2009 23:00,0.0,0.0,0.0,0.0,0.0,0.0,0.0
15.11.2009 00:00,0.0,0.0,0.0,0.0,0.0,0.0,0.0
15.11.2009 01:00,0.0,0.0,0.0,0.0,0.0,0.0,0.0
15.11.2009 02:00,0.0,0.0,0.0,0.0,0.0,0.0,0.0
15.11.2009 03:00,0.0,0.0,0.0,0.0,0.0,0.0,0.0
15.11.2009 04:00,0.0,0.0,0.0,0.0,0.0,0.0,0.0
15.11.2009 05:00,0.0,0.0,0.0,0.0,0.0,0.0,0.0
15.11.2009 06:00,0.0,0.0,0.0,0.0,0.0,0.0,0.0
15.11.2009 07:00,0.021,0.0109,0.0214,0.0187,0.0445,0.0418,0.0202
15.11.2009 08:00,0.0704,0.059,0.0456,0.0677,0.0472,0.086,0.0254
15.11.2009 09:00,0.0759,0.094,0.0569,0.0655,0.069,0.068,0.0279
15.11.2009 10:00,0.1234,0.1192,0.0677,0.063,0.0983,0.0679,0.0337
15.11.2009 11:00,0.1071,0.1138,0.1268,0.1084,0.0929,0.0712,0.0324
15.11.2009 12:00,0.0643,0.0966,0.0477,0.0547,0.094,0.0519,0.0444
15.11.2009 13:00,0.1041,0.0813,0.044,0.0305,0.0777,0.0628,0.0273
15.11.2009 14:00,0.0526,0.0646,0.0476,0.0237,0.064,0.0703,0.0153
15.11.2009 15:00,0.0288,0.0306,0.02,0.0206,0.0204,0.0172,0.004
15.11.2009 16:00,0.0,0.0,0.0,0.0,0.0,0.0,0.0
15.11.2009 17:00,0.0,0.0,0.0,0.0,0.0,0.0,0.0
15.11.2009 18:00,0.0,0.0,0.0,0.0,0.0,0.0,0.0
15.11.2009 19:00,0.0,0.0,0.0,0.0,0.0,0.0,0.0
15.11.2009 20:00,0.0,0.0,0.0,0.0,0.0,0.0,0.0
15.11.2009 21:00,0.0,0.0,0.0,0.0,0.0,0.0,0.0
15.11.2009 22:00,0.0,0.0,0.0,0.0,0.0,0.0,0.0
15.11.2009 23:00,0.0,0.0,0.0,0.0,0.0,0.0,0.0
16.11.2009 00:00,0.0,0.0,0.0,0.0,0.0,0.0,0.0
16.11.2009 01:00,0.0,0.0,0.0,0.0,0.0,0.0,0.0
16.11.2009 02:00,0.0,0.0,0.0,0.0,0.0,0.0,0.0
16.11.2009 03:00,0.0,0.0,0.0,0.0,0.0,0.0,0.0
16.11.2009 04:00,0.0,0.0,0.0,0.0,0.0,0.0,0.0
16.11.2009 05:00,0.0,0.0,0.0,0.0,0.0,0.0,0.0
16.11.2009 06:00,0.0,0.0,0.0,0.0,0.0,0.0,0.0
16.11.2009 07:00,0.0167,0.0075,0.0099,0.0027,0.0078,0.0047,0.0088
16.11.2009 08:00,0.0059,0.0056,0.0053,0.0057,0.0068,0.006,0.0069
16.11.2009 09:00,0.1468,0.17,0.0433,0.1316,0.0732,0.043,0.0952
16.11.2009 10:00,0.2059,0.2043,0.0852,0.1206,0.1212,0.0838,0.1062
16.11.2009 11:00,0.222,0.2345,0.0621,0.0513,0.1014,0.1702,0.0566
16.11.2009 12:00,0.2026,0.2037,0.1294,0.2551,0.0971,0.1602,0.0443
16.11.2009 13:00,0.2129,0.1343,0.1306,0.1154,0.0943,0.142,0.053
16.11.2009 14:00,0.1748,0.1004,0.0526,0.1157,0.057,0.0719,0.0222
16.11.2009 15:00,0.1088,0.0655,0.0346,0.0595,0.0183,0.0296,0.0108
16.11.2009 16:00,0.0,0.0,0.0,0.0,0.0,0.0,0.0
16.11.2009 17:00,0.0,0.0,0.0,0.0,0.0,0.0,0.0
16.11.2009 18:00,0.0,0.0,0.0,0.0,0.0,0.0,0.0
16.11.2009 19:00,0.0,0.0,0.0,0.0,0.0,0.0,0.0
16.11.2009 20:00,0.0,0.0,0.0,0.0,0.0,0.0,0.0
16.11.2009 21:00,0.0,0.0,0.0,0.0,0.0,0.0,0.0
16.11.2009 22:00,0.0,0.0,0.0,0.0,0.0,0.0,0.0
16.11.2009 23:00,0.0,0.0,0.0,0.0,0.0,0.0,0.0
17.11.2009 00:00,0.0,0.0,0.0,0.0,0.0,0.0,0.0
17.11.2009 01:00,0.0,0.0,0.0,0.0,0.0,0.0,0.0
17.11.2009 02:00,0.0,0.0,0.0,0.0,0.0,0.0,0.0
17.11.2009 03:00,0.0,0.0,0.0,0.0,0.0,0.0,0.0
17.11.2009 04:00,0.0,0.0,0.0,0.0,0.0,0.0,0.0
17.11.2009 05:00,0.0,0.0,0.0,0.0,0.0,0.0,0.0
17.11.2009 06:00,0.0,0.0,0.0,0.0,0.0,0.0,0.0
17.11.2009 07:00,0.0347,0.029,0.0278,0.0845,0.0656,0.0923,0.0138
17.11.2009 08:00,0.1251,0.1193,0.1285,0.1949,0.1881,0.2402,0.0679
17.11.2009 09:00,0.1621,0.2132,0.3524,0.2641,0.1913,0.3138,0.1757
17.11.2009 10:00,0.1496,0.232,0.4068,0.4854,0.348,0.3297,0.2434
17.11.2009 11:00,0.1352,0.2087,0.402,0.5498,0.263,0.3088,0.2382
17.11.2009 12:00,0.1222,0.1701,0.208,0.5325,0.2749,0.2174,0.2042
17.11.2009 13:00,0.1835,0.2382,0.3364,0.141,0.1968,0.1472,0.1881
17.11.2009 14:00,0.0563,0.1367,0.1776,0.2283,0.1434,0.2013,0.186
17.11.2009 15:00,0.051,0.0383,0.0429,0.014,0.043,0.0303,0.0386
17.11.2009 16:00,0.0,0.0,0.0,0.0,0.0,0.0,0.0
17.11.2009 17:00,0.0,0.0,0.0,0.0,0.0,0.0,0.0
17.11.2009 18:00,0.0,0.0,0.0,0.0,0.0,0.0,0.0
17.11.2009 19:00,0.0,0.0,0.0,0.0,0.0,0.0,0.0
17.11.2009 20:00,0.0,0.0,0.0,0.0,0.0,0.0,0.0
17.11.2009 21:00,0.0,0.0,0.0,0.0,0.0,0.0,0.0
17.11.2009 22:00,0.0,0.0,0.0,0.0,0.0,0.0,0.0
17.11.2009 23:00,0.0,0.0,0.0,0.0,0.0,0.0,0.0
18.11.2009 00:00,0.0,0.0,0.0,0.0,0.0,0.0,0.0
18.11.2009 01:00,0.0,0.0,0.0,0.0,0.0,0.0,0.0
18.11.2009 02:00,0.0,0.0,0.0,0.0,0.0,0.0,0.0
18.11.2009 03:00,0.0,0.0,0.0,0.0,0.0,0.0,0.0
18.11.2009 04:00,0.0,0.0,0.0,0.0,0.0,0.0,0.0
18.11.2009 05:00,0.0,0.0,0.0,0.0,0.0,0.0,0.0
18.11.2009 06:00,0.0,0.0,0.0,0.0,0.0,0.0,0.0
18.11.2009 07:00,0.0254,0.045,0.0481,0.0471,0.0561,0.0303,0.1277
18.11.2009 08:00,0.1062,0.1539,0.1822,0.1793,0.1224,0.099,0.2499
18.11.2009 09:00,0.1734,0.2356,0.2757,0.2799,0.2088,0.2255,0.4598
18.11.2009 10:00,0.2595,0.3526,0.5107,0.6233,0.3338,0.4108,0.5872
18.11.2009 11:00,0.3295,0.3846,0.4601,0.6567,0.4346,0.4713,0.6294
18.11.2009 12:00,0.3786,0.4482,0.5917,0.6067,0.4426,0.3963,0.5962
18.11.2009 13:00,0.3422,0.3754,0.3677,0.5001,0.3826,0.2852,0.5001
18.11.2009 14:00,0.2571,0.3056,0.2849,0.33,0.2549,0.2315,0.3464
18.11.2009 15:00,0.1199,0.1306,0.0937,0.0872,0.0651,0.0858,0.1082
18.11.2009 16:00,0.0,0.0,0.0,0.0,0.0,0.0,0.0
18.11.2009 17:00,0.0,0.0,0.0,0.0,0.0,0.0,0.0
18.11.2009 18:00,0.0,0.0,0.0,0.0,0.0,0.0,0.0
18.11.2009 19:00,0.0,0.0,0.0,0.0,0.0,0.0,0.0
18.11.2009 20:00,0.0,0.0,0.0,0.0,0.0,0.0,0.0
18.11.2009 21:00,0.0,0.0,0.0,0.0,0.0,0.0,0.0
18.11.2009 22:00,0.0,0.0,0.0,0.0,0.0,0.0,0.0
18.11.2009 23:00,0.0,0.0,0.0,0.0,0.0,0.0,0.0
19.11.2009 00:00,0.0,0.0,0.0,0.0,0.0,0.0,0.0
19.11.2009 01:00,0.0,0.0,0.0,0.0,0.0,0.0,0.0
19.11.2009 02:00,0.0,0.0,0.0,0.0,0.0,0.0,0.0
19.11.2009 03:00,0.0,0.0,0.0,0.0,0.0,0.0,0.0
19.11.2009 04:00,0.0,0.0,0.0,0.0,0.0,0.0,0.0
19.11.2009 05:00,0.0,0.0,0.0,0.0,0.0,0.0,0.0
19.11.2009 06:00,0.0,0.0,0.0,0.0,0.0,0.0,0.0
19.11.2009 07:00,0.0467,0.0483,0.0284,0.0578,0.0811,0.0818,0.0845
19.11.2009 08:00,0.2004,0.254,0.1881,0.2567,0.2752,0.2956,0.3145
19.11.2009 09:00,0.2983,0.3756,0.2388,0.3396,0.4073,0.4443,0.4698
19.11.2009 10:00,0.3683,0.4713,0.301,0.4153,0.481,0.5347,0.5571
19.11.2009 11:00,0.4151,0.5191,0.3335,0.4585,0.5115,0.5674,0.5755
19.11.2009 12:00,0.4494,0.5296,0.3884,0.4705,0.4886,0.5488,0.5733
19.11.2009 13:00,0.413,0.4713,0.3773,0.4402,0.411,0.4771,0.5082
19.11.2009 14:00,0.2939,0.35,0.2938,0.3066,0.2732,0.3248,0.3538
19.11.2009 15:00,0.1083,0.0991,0.1104,0.0964,0.0733,0.133,0.1401
19.11.2009 16:00,0.0,0.0,0.0,0.0,0.0,0.0,0.0
19.11.2009 17:00,0.0,0.0,0.0,0.0,0.0,0.0,0.0
19.11.2009 18:00,0.0,0.0,0.0,0.0,0.0,0.0,0.0
19.11.2009 19:00,0.0,0.0,0.0,0.0,0.0,0.0,0.0
19.11.2009 20:00,0.0,0.0,0.0,0.0,0.0,0.0,0.0
19.11.2009 21:00,0.0,0.0,0.0,0.0,0.0,0.0,0.0
19.11.2009 22:00,0.0,0.0,0.0,0.0,0.0,0.0,0.0
19.11.2009 23:00,0.0,0.0,0.0,0.0,0.0,0.0,0.0
20.11.2009 00:00,0.0,0.0,0.0,0.0,0.0,0.0,0.0
20.11.2009 01:00,0.0,0.0,0.0,0.0,0.0,0.0,0.0
20.11.2009 02:00,0.0,0.0,0.0,0.0,0.0,0.0,0.0
20.11.2009 03:00,0.0,0.0,0.0,0.0,0.0,0.0,0.0
20.11.2009 04:00,0.0,0.0,0.0,0.0,0.0,0.0,0.0
20.11.2009 05:00,0.0,0.0,0.0,0.0,0.0,0.0,0.0
20.11.2009 06:00,0.0,0.0,0.0,0.0,0.0,0.0,0.0
20.11.2009 07:00,0.0243,0.0255,0.0285,0.0244,0.0387,0.0165,0.0349
20.11.2009 08:00,0.2066,0.163,0.1582,0.1704,0.1658,0.163,0.2459
20.11.2009 09:00,0.3391,0.4153,0.2804,0.2958,0.3259,0.3751,0.4165
20.11.2009 10:00,0.4202,0.5106,0.4671,0.4759,0.427,0.5778,0.4942
20.11.2009 11:00,0.4395,0.5442,0.5413,0.5583,0.467,0.6043,0.5152
20.11.2009 12:00,0.4445,0.5257,0.5847,0.5461,0.4983,0.5802,0.6034
20.11.2009 13:00,0.4096,0.4572,0.5188,0.4916,0.4116,0.494,0.5358
20.11.2009 14:00,0.2955,0.326,0.3487,0.3234,0.2807,0.3287,0.3713
20.11.2009 15:00,0.1245,0.1174,0.0792,0.0636,0.0553,0.0816,0.1077
20.11.2009 16:00,0.0,0.0,0.0,0.0,0.0,0.0,0.0
20.11.2009 17:00,0.0,0.0,0.0,0.0,0.0,0.0,0.0
20.11.2009 18:00,0.0,0.0,0.0,0.0,0.0,0.0,0.0
20.11.2009 19:00,0.0,0.0,0.0,0.0,0.0,0.0,0.0
20.11.2009 20:00,0.0,0.0,0.0,0.0,0.0,0.0,0.0
20.11.2009 21:00,0.0,0.0,0.0,0.0,0.0,0.0,0.0
20.11.2009 22:00,0.0,0.0,0.0,0.0,0.0,0.0,0.0
20.11.2009 23:00,0.0,0.0,0.0,0.0,0.0,0.0,0.0
21.11.2009 00:00,0.0,0.0,0.0,0.0,0.0,0.0,0.0
21.11.2009 01:00,0.0,0.0,0.0,0.0,0.0,0.0,0.0
21.11.2009 02:00,0.0,0.0,0.0,0.0,0.0,0.0,0.0
21.11.2009 03:00,0.0,0.0,0.0,0.0,0.0,0.0,0.0
21.11.2009 04:00,0.0,0.0,0.0,0.0,0.0,0.0,0.0
21.11.2009 05:00,0.0,0.0,0.0,0.0,0.0,0.0,0.0
21.11.2009 06:00,0.0,0.0,0.0,0.0,0.0,0.0,0.0
21.11.2009 07:00,0.0432,0.0395,0.027,0.0313,0.0634,0.0304,0.1003
21.11.2009 08:00,0.154,0.2445,0.2362,0.2799,0.2492,0.2684,0.3137
21.11.2009 09:00,0.2647,0.2151,0.1316,0.3101,0.45,0.4186,0.3718
21.11.2009 10:00,0.3007,0.2928,0.204,0.1733,0.4884,0.3051,0.6031
21.11.2009 11:00,0.3844,0.3908,0.2646,0.2709,0.5389,0.4875,0.5938
21.11.2009 12:00,0.3769,0.365,0.3022,0.3162,0.4981,0.4829,0.578
21.11.2009 13:00,0.3099,0.2876,0.2242,0.3434,0.3936,0.388,0.5195
21.11.2009 14:00,0.2313,0.2175,0.1647,0.2235,0.2374,0.2449,0.3636
21.11.2009 15:00,0.0894,0.1051,0.075,0.037,0.0816,0.0679,0.0781
21.11.2009 16:00,0.0,0.0,0.0,0.0,0.0,0.0,0.0
21.11.2009 17:00,0.0,0.0,0.0,0.0,0.0,0.0,0.0
21.11.2009 18:00,0.0,0.0,0.0,0.0,0.0,0.0,0.0
21.11.2009 19:00,0.0,0.0,0.0,0.0,0.0,0.0,0.0
21.11.2009 20:00,0.0,0.0,0.0,0.0,0.0,0.0,0.0
21.11.2009 21:00,0.0,0.0,0.0,0.0,0.0,0.0,0.0
21.11.2009 22:00,0.0,0.0,0.0,0.0,0.0,0.0,0.0
21.11.2009 23:00,0.0,0.0,0.0,0.0,0.0,0.0,0.0
22.11.2009 00:00,0.0,0.0,0.0,0.0,0.0,0.0,0.0
22.11.2009 01:00,0.0,0.0,0.0,0.0,0.0,0.0,0.0
22.11.2009 02:00,0.0,0.0,0.0,0.0,0.0,0.0,0.0
22.11.2009 03:00,0.0,0.0,0.0,0.0,0.0,0.0,0.0
22.11.2009 04:00,0.0,0.0,0.0,0.0,0.0,0.0,0.0
22.11.2009 05:00,0.0,0.0,0.0,0.0,0.0,0.0,0.0
22.11.2009 06:00,0.0,0.0,0.0,0.0,0.0,0.0,0.0
22.11.2009 07:00,0.0257,0.0084,0.0052,0.0041,0.0461,0.0066,0.0213
22.11.2009 08:00,0.0621,0.0557,0.0078,0.0303,0.2072,0.0606,0.2231
22.11.2009 09:00,0.107,0.0871,0.0235,0.0356,0.289,0.0612,0.1379
22.11.2009 10:00,0.143,0.1229,0.0395,0.0424,0.3306,0.0934,0.071
22.11.2009 11:00,0.1189,0.1083,0.0603,0.0348,0.3249,0.0596,0.0983
22.11.2009 12:00,0.0681,0.0666,0.0729,0.0914,0.187,0.0592,0.0503
22.11.2009 13:00,0.0596,0.0409,0.039,0.0466,0.0799,0.0464,0.0463
22.11.2009 14:00,0.0559,0.0294,0.0168,0.0177,0.0583,0.0293,0.0332
22.11.2009 15:00,0.0467,0.0211,0.0208,0.0116,0.0143,0.0215,0.0266
22.11.2009 16:00,0.0,0.0,0.0,0.0,0.0,0.0,0.0
22.11.2009 17:00,0.0,0.0,0.0,0.0,0.0,0.0,0.0
22.11.2009 18:00,0.0,0.0,0.0,0.0,0.0,0.0,0.0
22.11.2009 19:00,0.0,0.0,0.0,0.0,0.0,0.0,0.0
22.11.2009 20:00,0.0,0.0,0.0,0.0,0.0,0.0,0.0
22.11.2009 21:00,0.0,0.0,0.0,0.0,0.0,0.0,0.0
22.11.2009 22:00,0.0,0.0,0.0,0.0,0.0,0.0,0.0
22.11.2009 23:00,0.0,0.0,0.0,0.0,0.0,0.0,0.0
23.11.2009 00:00,0.0,0.0,0.0,0.0,0.0,0.0,0.0
23.11.2009 01:00,0.0,0.0,0.0,0.0,0.0,0.0,0.0
23.11.2009 02:00,0.0,0.0,0.0,0.0,0.0,0.0,0.0
23.11.2009 03:00,0.0,0.0,0.0,0.0,0.0,0.0,0.0
23.11.2009 04:00,0.0,0.0,0.0,0.0,0.0,0.0,0.0
23.11.2009 05:00,0.0,0.0,0.0,0.0,0.0,0.0,0.0
23.11.2009 06:00,0.0,0.0,0.0,0.0,0.0,0.0,0.0
23.11.2009 07:00,0.0126,0.011,0.023,0.0314,0.0575,0.0241,0.0806
23.11.2009 08:00,0.0915,0.0891,0.2233,0.3297,0.2855,0.2273,0.3682
23.11.2009 09:00,0.158,0.1699,0.2966,0.371,0.4389,0.401,0.5344
23.11.2009 10:00,0.215,0.2317,0.4907,0.6171,0.5538,0.5546,0.6451
23.11.2009 11:00,0.2727,0.3657,0.5472,0.4766,0.5838,0.5703,0.6848
23.11.2009 12:00,0.1972,0.2127,0.3615,0.444,0.5509,0.3949,0.6494
23.11.2009 13:00,0.1091,0.0768,0.0878,0.1191,0.429,0.1586,0.523
23.11.2009 14:00,0.0738,0.0554,0.0607,0.042,0.2075,0.0373,0.3024
23.11.2009 15:00,0.0384,0.0191,0.0127,0.0236,0.0151,0.0135,0.09
23.11.2009 16:00,0.0,0.0,0.0,0.0,0.0,0.0,0.0
23.11.2009 17:00,0.0,0.0,0.0,0.0,0.0,0.0,0.0
23.11.2009 18:00,0.0,0.0,0.0,0.0,0.0,0.0,0.0
23.11.2009 19:00,0.0,0.0,0.0,0.0,0.0,0.0,0.0
23.11.2009 20:00,0.0,0.0,0.0,0.0,0.0,0.0,0.0
23.11.2009 21:00,0.0,0.0,0.0,0.0,0.0,0.0,0.0
23.11.2009 22:00,0.0,0.0,0.0,0.0,0.0,0.0,0.0
23.11.2009 23:00,0.0,0.0,0.0,0.0,0.0,0.0,0.0
24.11.2009 00:00,0.0,0.0,0.0,0.0,0.0,0.0,0.0
24.11.2009 01:00,0.0,0.0,0.0,0.0,0.0,0.0,0.0
24.11.2009 02:00,0.0,0.0,0.0,0.0,0.0,0.0,0.0
24.11.2009 03:00,0.0,0.0,0.0,0.0,0.0,0.0,0.0
24.11.2009 04:00,0.0,0.0,0.0,0.0,0.0,0.0,0.0
24.11.2009 05:00,0.0,0.0,0.0,0.0,0.0,0.0,0.0
24.11.2009 06:00,0.0,0.0,0.0,0.0,0.0,0.0,0.0
24.11.2009 07:00,0.001,0.0004,0.0007,0.0001,0.0141,0.0007,0.0501
24.11.2009 08:00,0.0213,0.0373,0.0294,0.0253,0.0417,0.0144,0.185
24.11.2009 09:00,0.0421,0.0506,0.0348,0.0448,0.0827,0.0193,0.373
24.11.2009 10:00,0.0602,0.0391,0.0412,0.05,0.1325,0.0258,0.4285
24.11.2009 11:00,0.1004,0.0521,0.0587,0.0677,0.1797,0.032,0.5849
24.11.2009 12:00,0.1369,0.1206,0.058,0.0333,0.1716,0.0434,0.5601
24.11.2009 13:00,0.1225,0.103,0.1332,0.0503,0.1104,0.0724,0.4506
24.11.2009 14:00,0.1201,0.0857,0.0452,0.0179,0.0426,0.0721,0.3281
24.11.2009 15:00,0.0632,0.0469,0.012,0.0012,0.0096,0.0163,0.0837
24.11.2009 16:00,0.0,0.0,0.0,0.0,0.0,0.0,0.0
24.11.2009 17:00,0.0,0.0,0.0,0.0,0.0,0.0,0.0
24.11.2009 18:00,0.0,0.0,0.0,0.0,0.0,0.0,0.0
24.11.2009 19:00,0.0,0.0,0.0,0.0,0.0,0.0,0.0
24.11.2009 20:00,0.0,0.0,0.0,0.0,0.0,0.0,0.0
24.11.2009 21:00,0.0,0.0,0.0,0.0,0.0,0.0,0.0
24.11.2009 22:00,0.0,0.0,0.0,0.0,0.0,0.0,0.0
24.11.2009 23:00,0.0,0.0,0.0,0.0,0.0,0.0,0.0
25.11.2009 00:00,0.0,0.0,0.0,0.0,0.0,0.0,0.0
25.11.2009 01:00,0.0,0.0,0.0,0.0,0.0,0.0,0.0
25.11.2009 02:00,0.0,0.0,0.0,0.0,0.0,0.0,0.0
25.11.2009 03:00,0.0,0.0,0.0,0.0,0.0,0.0,0.0
25.11.2009 04:00,0.0,0.0,0.0,0.0,0.0,0.0,0.0
25.11.2009 05:00,0.0,0.0,0.0,0.0,0.0,0.0,0.0
25.11.2009 06:00,0.0,0.0,0.0,0.0,0.0,0.0,0.0
25.11.2009 07:00,0.0169,0.0173,0.0204,0.043,0.0505,0.0447,0.0599
25.11.2009 08:00,0.1832,0.238,0.2724,0.3572,0.2477,0.2486,0.3106
25.11.2009 09:00,0.2902,0.3894,0.4466,0.5392,0.3967,0.3903,0.449
25.11.2009 10:00,0.3593,0.4927,0.6234,0.6453,0.4886,0.478,0.5647
25.11.2009 11:00,0.3686,0.5291,0.6723,0.6746,0.5405,0.5169,0.6184
25.11.2009 12:00,0.346,0.4516,0.6029,0.6329,0.5238,0.4997,0.6076
25.11.2009 13:00,0.2904,0.3584,0.3588,0.5123,0.4294,0.3829,0.4891
25.11.2009 14:00,0.2398,0.2332,0.2757,0.199,0.2687,0.1731,0.288
25.11.2009 15:00,0.0634,0.0732,0.0243,0.0112,0.0466,0.0208,0.0567
25.11.2009 16:00,0.0,0.0,0.0,0.0,0.0,0.0,0.0
25.11.2009 17:00,0.0,0.0,0.0,0.0,0.0,0.0,0.0
25.11.2009 18:00,0.0,0.0,0.0,0.0,0.0,0.0,0.0
25.11.2009 19:00,0.0,0.0,0.0,0.0,0.0,0.0,0.0
25.11.2009 20:00,0.0,0.0,0.0,0.0,0.0,0.0,0.0
25.11.2009 21:00,0.0,0.0,0.0,0.0,0.0,0.0,0.0
25.11.2009 22:00,0.0,0.0,0.0,0.0,0.0,0.0,0.0
25.11.2009 23:00,0.0,0.0,0.0,0.0,0.0,0.0,0.0
26.11.2009 00:00,0.0,0.0,0.0,0.0,0.0,0.0,0.0
26.11.2009 01:00,0.0,0.0,0.0,0.0,0.0,0.0,0.0
26.11.2009 02:00,0.0,0.0,0.0,0.0,0.0,0.0,0.0
26.11.2009 03:00,0.0,0.0,0.0,0.0,0.0,0.0,0.0
26.11.2009 04:00,0.0,0.0,0.0,0.0,0.0,0.0,0.0
26.11.2009 05:00,0.0,0.0,0.0,0.0,0.0,0.0,0.0
26.11.2009 06:00,0.0,0.0,0.0,0.0,0.0,0.0,0.0
26.11.2009 07:00,0.0074,0.0022,0.001,0.0011,0.0764,0.0052,0.0497
26.11.2009 08:00,0.0857,0.0449,0.0392,0.0289,0.0832,0.0843,0.0456
26.11.2009 09:00,0.1553,0.0996,0.0241,0.0187,0.0693,0.1115,0.0359
26.11.2009 10:00,0.2159,0.192,0.0689,0.021,0.0939,0.1177,0.0409
26.11.2009 11:00,0.2069,0.2021,0.129,0.0307,0.1115,0.0703,0.0498
26.11.2009 12:00,0.254,0.1938,0.2687,0.0605,0.1225,0.0689,0.0594
26.11.2009 13:00,0.2264,0.1952,0.1486,0.0738,0.1744,0.0792,0.0885
26.11.2009 14:00,0.17,0.157,0.1934,0.1101,0.1424,0.0516,0.0635
26.11.2009 15:00,0.0467,0.0364,0.0244,0.0182,0.0193,0.0199,0.0227
26.11.2009 16:00,0.0,0.0,0.0,0.0,0.0,0.0,0.0
26.11.2009 17:00,0.0,0.0,0.0,0.0,0.0,0.0,0.0
26.11.2009 18:00,0.0,0.0,0.0,0.0,0.0,0.0,0.0
26.11.2009 19:00,0.0,0.0,0.0,0.0,0.0,0.0,0.0
26.11.2009 20:00,0.0,0.0,0.0,0.0,0.0,0.0,0.0
26.11.2009 21:00,0.0,0.0,0.0,0.0,0.0,0.0,0.0
26.11.2009 22:00,0.0,0.0,0.0,0.0,0.0,0.0,0.0
26.11.2009 23:00,0.0,0.0,0.0,0.0,0.0,0.0,0.0
27.11.2009 00:00,0.0,0.0,0.0,0.0,0.0,0.0,0.0
27.11.2009 01:00,0.0,0.0,0.0,0.0,0.0,0.0,0.0
27.11.2009 02:00,0.0,0.0,0.0,0.0,0.0,0.0,0.0
27.11.2009 03:00,0.0,0.0,0.0,0.0,0.0,0.0,0.0
27.11.2009 04:00,0.0,0.0,0.0,0.0,0.0,0.0,0.0
27.11.2009 05:00,0.0,0.0,0.0,0.0,0.0,0.0,0.0
27.11.2009 06:00,0.0,0.0,0.0,0.0,0.0,0.0,0.0
27.11.2009 07:00,0.0284,0.019,0.0133,0.0575,0.0363,0.0785,0.0168
27.11.2009 08:00,0.1017,0.1065,0.0735,0.2163,0.2454,0.2389,0.0677
27.11.2009 09:00,0.1295,0.1102,0.0357,0.0624,0.2752,0.164,0.1302
27.11.2009 10:00,0.22,0.1475,0.1131,0.1639,0.3062,0.1696,0.1421
27.11.2009 11:00,0.2044,0.1013,0.114,0.1306,0.3183,0.2252,0.143
27.11.2009 12:00,0.17,0.1217,0.054,0.0496,0.2882,0.1998,0.1589
27.11.2009 13:00,0.1634,0.0602,0.0434,0.0834,0.2503,0.1996,0.1365
27.11.2009 14:00,0.0759,0.0368,0.0376,0.0413,0.0982,0.0405,0.0802
27.11.2009 15:00,0.0557,0.0099,0.0035,0.0017,0.013,0.0054,0.0185
27.11.2009 16:00,0.0,0.0,0.0,0.0,0.0,0.0,0.0
27.11.2009 17:00,0.0,0.0,0.0,0.0,0.0,0.0,0.0
27.11.2009 18:00,0.0,0.0,0.0,0.0,0.0,0.0,0.0
27.11.2009 19:00,0.0,0.0,0.0,0.0,0.0,0.0,0.0
27.11.2009 20:00,0.0,0.0,0.0,0.0,0.0,0.0,0.0
27.11.2009 21:00,0.0,0.0,0.0,0.0,0.0,0.0,0.0
27.11.2009 22:00,0.0,0.0,0.0,0.0,0.0,0.0,0.0
27.11.2009 23:00,0.0,0.0,0.0,0.0,0.0,0.0,0.0
28.11.2009 00:00,0.0,0.0,0.0,0.0,0.0,0.0,0.0
28.11.2009 01:00,0.0,0.0,0.0,0.0,0.0,0.0,0.0
28.11.2009 02:00,0.0,0.0,0.0,0.0,0.0,0.0,0.0
28.11.2009 03:00,0.0,0.0,0.0,0.0,0.0,0.0,0.0
28.11.2009 04:00,0.0,0.0,0.0,0.0,0.0,0.0,0.0
28.11.2009 05:00,0.0,0.0,0.0,0.0,0.0,0.0,0.0
28.11.2009 06:00,0.0,0.0,0.0,0.0,0.0,0.0,0.0
28.11.2009 07:00,0.0069,0.0034,0.0032,0.024,0.0312,0.0178,0.0449
28.11.2009 08:00,0.1928,0.2164,0.3194,0.3119,0.2564,0.2221,0.3332
28.11.2009 09:00,0.3178,0.3632,0.4926,0.5226,0.428,0.3696,0.5023
28.11.2009 10:00,0.3947,0.5115,0.5957,0.517,0.5137,0.4681,0.6108
28.11.2009 11:00,0.4066,0.547,0.6838,0.6458,0.5593,0.5462,0.6552
28.11.2009 12:00,0.3929,0.4746,0.613,0.6392,0.5567,0.5353,0.6261
28.11.2009 13:00,0.3426,0.3891,0.4352,0.4917,0.4385,0.4037,0.5364
28.11.2009 14:00,0.2482,0.3187,0.2666,0.2585,0.2296,0.2924,0.3298
28.11.2009 15:00,0.0966,0.0744,0.0528,0.046,0.0292,0.0496,0.0673
28.11.2009 16:00,0.0,0.0,0.0,0.0,0.0,0.0,0.0
28.11.2009 17:00,0.0,0.0,0.0,0.0,0.0,0.0,0.0
28.11.2009 18:00,0.0,0.0,0.0,0.0,0.0,0.0,0.0
28.11.2009 19:00,0.0,0.0,0.0,0.0,0.0,0.0,0.0
28.11.2009 20:00,0.0,0.0,0.0,0.0,0.0,0.0,0.0
28.11.2009 21:00,0.0,0.0,0.0,0.0,0.0,0.0,0.0
28.11.2009 22:00,0.0,0.0,0.0,0.0,0.0,0.0,0.0
28.11.2009 23:00,0.0,0.0,0.0,0.0,0.0,0.0,0.0
29.11.2009 00:00,0.0,0.0,0.0,0.0,0.0,0.0,0.0
29.11.2009 01:00,0.0,0.0,0.0,0.0,0.0,0.0,0.0
29.11.2009 02:00,0.0,0.0,0.0,0.0,0.0,0.0,0.0
29.11.2009 03:00,0.0,0.0,0.0,0.0,0.0,0.0,0.0
29.11.2009 04:00,0.0,0.0,0.0,0.0,0.0,0.0,0.0
29.11.2009 05:00,0.0,0.0,0.0,0.0,0.0,0.0,0.0
29.11.2009 06:00,0.0,0.0,0.0,0.0,0.0,0.0,0.0
29.11.2009 07:00,0.0026,0.0027,0.0024,0.0056,0.0148,0.0017,0.0014
29.11.2009 08:00,0.0439,0.0826,0.1812,0.125,0.0606,0.0649,0.0128
29.11.2009 09:00,0.074,0.1144,0.1319,0.1595,0.1019,0.0831,0.019
29.11.2009 10:00,0.0815,0.147,0.1787,0.1922,0.1305,0.1068,0.0178
29.11.2009 11:00,0.0673,0.1146,0.0549,0.0607,0.1191,0.1519,0.0267
29.11.2009 12:00,0.0936,0.1869,0.169,0.1172,0.1178,0.128,0.0264
29.11.2009 13:00,0.051,0.1114,0.1592,0.1289,0.1248,0.1485,0.0273
29.11.2009 14:00,0.039,0.0336,0.0383,0.0415,0.0847,0.0389,0.0241
29.11.2009 15:00,0.0162,0.0158,0.0066,0.0035,0.0076,0.0097,0.006
29.11.2009 16:00,0.0,0.0,0.0,0.0,0.0,0.0,0.0
29.11.2009 17:00,0.0,0.0,0.0,0.0,0.0,0.0,0.0
29.11.2009 18:00,0.0,0.0,0.0,0.0,0.0,0.0,0.0
29.11.2009 19:00,0.0,0.0,0.0,0.0,0.0,0.0,0.0
29.11.2009 20:00,0.0,0.0,0.0,0.0,0.0,0.0,0.0
29.11.2009 21:00,0.0,0.0,0.0,0.0,0.0,0.0,0.0
29.11.2009 22:00,0.0,0.0,0.0,0.0,0.0,0.0,0.0
29.11.2009 23:00,0.0,0.0,0.0,0.0,0.0,0.0,0.0
30.11.2009 00:00,0.0,0.0,0.0,0.0,0.0,0.0,0.0
30.11.2009 01:00,0.0,0.0,0.0,0.0,0.0,0.0,0.0
30.11.2009 02:00,0.0,0.0,0.0,0.0,0.0,0.0,0.0
30.11.2009 03:00,0.0,0.0,0.0,0.0,0.0,0.0,0.0
30.11.2009 04:00,0.0,0.0,0.0,0.0,0.0,0.0,0.0
30.11.2009 05:00,0.0,0.0,0.0,0.0,0.0,0.0,0.0
30.11.2009 06:00,0.0,0.0,0.0,0.0,0.0,0.0,0.0
30.11.2009 07:00,0.0031,0.0036,0.0032,0.0019,0.0011,0.0018,0.0002
30.11.2009 08:00,0.0253,0.0311,0.0164,0.01,0.0131,0.0123,0.0124
30.11.2009 09:00,0.035,0.0377,0.0219,0.0192,0.0206,0.0193,0.019
30.11.2009 10:00,0.0354,0.0386,0.0287,0.026,0.0257,0.0232,0.0237
30.11.2009 11:00,0.0315,0.0369,0.0314,0.0294,0.0262,0.0284,0.0278
30.11.2009 12:00,0.0349,0.0305,0.0327,0.0319,0.0277,0.0262,0.0273
30.11.2009 13:00,0.0298,0.0276,0.024,0.0205,0.0267,0.0183,0.024
30.11.2009 14:00,0.0212,0.02,0.0205,0.0188,0.0207,0.012,0.0188
30.11.2009 15:00,0.0091,0.0051,0.0016,0.001,0.002,0.0021,0.0025
30.11.2009 16:00,0.0,0.0,0.0,0.0,0.0,0.0,0.0
30.11.2009 17:00,0.0,0.0,0.0,0.0,0.0,0.0,0.0
30.11.2009 18:00,0.0,0.0,0.0,0.0,0.0,0.0,0.0
30.11.2009 19:00,0.0,0.0,0.0,0.0,0.0,0.0,0.0
30.11.2009 20:00,0.0,0.0,0.0,0.0,0.0,0.0,0.0
30.11.2009 21:00,0.0,0.0,0.0,0.0,0.0,0.0,0.0
30.11.2009 22:00,0.0,0.0,0.0,0.0,0.0,0.0,0.0
30.11.2009 23:00,0.0,0.0,0.0,0.0,0.0,0.0,0.0
01.12.2009 00:00,0.0,0.0,0.0,0.0,0.0,0.0,0.0
01.12.2009 01:00,0.0,0.0,0.0,0.0,0.0,0.0,0.0
01.12.2009 02:00,0.0,0.0,0.0,0.0,0.0,0.0,0.0
01.12.2009 03:00,0.0,0.0,0.0,0.0,0.0,0.0,0.0
01.12.2009 04:00,0.0,0.0,0.0,0.0,0.0,0.0,0.0
01.12.2009 05:00,0.0,0.0,0.0,0.0,0.0,0.0,0.0
01.12.2009 06:00,0.0,0.0,0.0,0.0,0.0,0.0,0.0
01.12.2009 07:00,0.004,0.0048,0.0043,0.0025,0.0222,0.0022,0.0014
01.12.2009 08:00,0.0851,0.0838,0.0568,0.0335,0.0775,0.0517,0.1488
01.12.2009 09:00,0.0855,0.1012,0.077,0.0561,0.0622,0.0584,0.2168
01.12.2009 10:00,0.0971,0.1276,0.088,0.0663,0.1059,0.0882,0.3302
01.12.2009 11:00,0.1339,0.1516,0.0595,0.055,0.1608,0.1265,0.4162
01.12.2009 12:00,0.1608,0.1389,0.0508,0.0542,0.1907,0.1565,0.3876
01.12.2009 13:00,0.098,0.1318,0.042,0.049,0.1163,0.1457,0.2943
01.12.2009 14:00,0.0828,0.0499,0.0455,0.0409,0.0928,0.069,0.204
01.12.2009 15:00,0.0342,0.0272,0.0276,0.0282,0.0474,0.0209,0.0647
01.12.2009 16:00,0.0,0.0,0.0,0.0,0.0,0.0,0.0
01.12.2009 17:00,0.0,0.0,0.0,0.0,0.0,0.0,0.0
01.12.2009 18:00,0.0,0.0,0.0,0.0,0.0,0.0,0.0
01.12.2009 19:00,0.0,0.0,0.0,0.0,0.0,0.0,0.0
01.12.2009 20:00,0.0,0.0,0.0,0.0,0.0,0.0,0.0
01.12.2009 21:00,0.0,0.0,0.0,0.0,0.0,0.0,0.0
01.12.2009 22:00,0.0,0.0,0.0,0.0,0.0,0.0,0.0
01.12.2009 23:00,0.0,0.0,0.0,0.0,0.0,0.0,0.0
02.12.2009 00:00,0.0,0.0,0.0,0.0,0.0,0.0,0.0
02.12.2009 01:00,0.0,0.0,0.0,0.0,0.0,0.0,0.0
02.12.2009 02:00,0.0,0.0,0.0,0.0,0.0,0.0,0.0
02.12.2009 03:00,0.0,0.0,0.0,0.0,0.0,0.0,0.0
02.12.2009 04:00,0.0,0.0,0.0,0.0,0.0,0.0,0.0
02.12.2009 05:00,0.0,0.0,0.0,0.0,0.0,0.0,0.0
02.12.2009 06:00,0.0,0.0,0.0,0.0,0.0,0.0,0.0
02.12.2009 07:00,0.0056,0.0069,0.0058,0.0033,0.0036,0.0028,0.0016
02.12.2009 08:00,0.1167,0.1133,0.2114,0.0635,0.0627,0.1626,0.1946
02.12.2009 09:00,0.1415,0.1047,0.1235,0.205,0.0886,0.1462,0.2813
02.12.2009 10:00,0.2028,0.153,0.1559,0.1348,0.1164,0.1165,0.3543
02.12.2009 11:00,0.1921,0.1902,0.1765,0.1681,0.0918,0.1278,0.3595
02.12.2009 12:00,0.2361,0.1956,0.2258,0.1849,0.0832,0.1647,0.3394
02.12.2009 13:00,0.2312,0.1896,0.2921,0.2343,0.1093,0.1966,0.3292
02.12.2009 14:00,0.138,0.2007,0.1409,0.2044,0.1861,0.1388,0.3173
02.12.2009 15:00,0.0374,0.0695,0.0607,0.0301,0.0405,0.039,0.0489
02.12.2009 16:00,0.0,0.0,0.0,0.0,0.0,0.0,0.0
02.12.2009 17:00,0.0,0.0,0.0,0.0,0.0,0.0,0.0
02.12.2009 18:00,0.0,0.0,0.0,0.0,0.0,0.0,0.0
02.12.2009 19:00,0.0,0.0,0.0,0.0,0.0,0.0,0.0
02.12.2009 20:00,0.0,0.0,0.0,0.0,0.0,0.0,0.0
02.12.2009 21:00,0.0,0.0,0.0,0.0,0.0,0.0,0.0
02.12.2009 22:00,0.0,0.0,0.0,0.0,0.0,0.0,0.0
02.12.2009 23:00,0.0,0.0,0.0,0.0,0.0,0.0,0.0
03.12.2009 00:00,0.0,0.0,0.0,0.0,0.0,0.0,0.0
03.12.2009 01:00,0.0,0.0,0.0,0.0,0.0,0.0,0.0
03.12.2009 02:00,0.0,0.0,0.0,0.0,0.0,0.0,0.0
03.12.2009 03:00,0.0,0.0,0.0,0.0,0.0,0.0,0.0
03.12.2009 04:00,0.0,0.0,0.0,0.0,0.0,0.0,0.0
03.12.2009 05:00,0.0,0.0,0.0,0.0,0.0,0.0,0.0
03.12.2009 06:00,0.0,0.0,0.0,0.0,0.0,0.0,0.0
03.12.2009 07:00,0.0084,0.0103,0.0081,0.0042,0.0025,0.0036,0.0018
03.12.2009 08:00,0.1476,0.1404,0.1371,0.1576,0.0906,0.0742,0.0833
03.12.2009 09:00,0.1703,0.2994,0.2623,0.222,0.1877,0.158,0.2284
03.12.2009 10:00,0.1584,0.2478,0.3253,0.3205,0.1902,0.2791,0.3771
03.12.2009 11:00,0.2041,0.2307,0.3352,0.3179,0.1733,0.1936,0.4058
03.12.2009 12:00,0.2114,0.2065,0.3418,0.2822,0.1285,0.1674,0.3603
03.12.2009 13:00,0.1799,0.248,0.3243,0.2843,0.144,0.1944,0.3314
03.12.2009 14:00,0.1054,0.1754,0.1323,0.1946,0.1384,0.2238,0.245
03.12.2009 15:00,0.0425,0.0422,0.0626,0.1029,0.0861,0.0787,0.1015
03.12.2009 16:00,0.0,0.0,0.0,0.0,0.0,0.0,0.0
03.12.2009 17:00,0.0,0.0,0.0,0.0,0.0,0.0,0.0
03.12.2009 18:00,0.0,0.0,0.0,0.0,0.0,0.0,0.0
03.12.2009 19:00,0.0,0.0,0.0,0.0,0.0,0.0,0.0
03.12.2009 20:00,0.0,0.0,0.0,0.0,0.0,0.0,0.0
03.12.2009 21:00,0.0,0.0,0.0,0.0,0.0,0.0,0.0
03.12.2009 22:00,0.0,0.0,0.0,0.0,0.0,0.0,0.0
03.12.2009 23:00,0.0,0.0,0.0,0.0,0.0,0.0,0.0
04.12.2009 00:00,0.0,0.0,0.0,0.0,0.0,0.0,0.0
04.12.2009 01:00,0.0,0.0,0.0,0.0,0.0,0.0,0.0
04.12.2009 02:00,0.0,0.0,0.0,0.0,0.0,0.0,0.0
04.12.2009 03:00,0.0,0.0,0.0,0.0,0.0,0.0,0.0
04.12.2009 04:00,0.0,0.0,0.0,0.0,0.0,0.0,0.0
04.12.2009 05:00,0.0,0.0,0.0,0.0,0.0,0.0,0.0
04.12.2009 06:00,0.0,0.0,0.0,0.0,0.0,0.0,0.0
04.12.2009 07:00,0.0156,0.0186,0.0119,0.0055,0.0035,0.0047,0.002
04.12.2009 08:00,0.0851,0.1922,0.1209,0.0402,0.0699,0.0273,0.0421
04.12.2009 09:00,0.1251,0.2558,0.2699,0.0795,0.1341,0.0586,0.0894
04.12.2009 10:00,0.1727,0.2972,0.3355,0.134,0.1681,0.1059,0.1472
04.12.2009 11:00,0.1794,0.2972,0.3651,0.2604,0.1678,0.224,0.2595
04.12.2009 12:00,0.2075,0.2361,0.3533,0.2495,0.2176,0.2381,0.2416
04.12.2009 13:00,0.1366,0.2216,0.2584,0.1913,0.2198,0.1388,0.1609
04.12.2009 14:00,0.077,0.1549,0.2086,0.0551,0.1236,0.0562,0.0842
04.12.2009 15:00,0.0385,0.0569,0.0775,0.0277,0.0205,0.0371,0.0117
04.12.2009 16:00,0.0,0.0,0.0,0.0,0.0,0.0,0.0
04.12.2009 17:00,0.0,0.0,0.0,0.0,0.0,0.0,0.0
04.12.2009 18:00,0.0,0.0,0.0,0.0,0.0,0.0,0.0
04.12.2009 19:00,0.0,0.0,0.0,0.0,0.0,0.0,0.0
04.12.2009 20:00,0.0,0.0,0.0,0.0,0.0,0.0,0.0
04.12.2009 21:00,0.0,0.0,0.0,0.0,0.0,0.0,0.0
04.12.2009 22:00,0.0,0.0,0.0,0.0,0.0,0.0,0.0
04.12.2009 23:00,0.0,0.0,0.0,0.0,0.0,0.0,0.0
05.12.2009 00:00,0.0,0.0,0.0,0.0,0.0,0.0,0.0
05.12.2009 01:00,0.0,0.0,0.0,0.0,0.0,0.0,0.0
05.12.2009 02:00,0.0,0.0,0.0,0.0,0.0,0.0,0.0
05.12.2009 03:00,0.0,0.0,0.0,0.0,0.0,0.0,0.0
05.12.2009 04:00,0.0,0.0,0.0,0.0,0.0,0.0,0.0
05.12.2009 05:00,0.0,0.0,0.0,0.0,0.0,0.0,0.0
05.12.2009 06:00,0.0,0.0,0.0,0.0,0.0,0.0,0.0
05.12.2009 07:00,0.0639,0.0569,0.0204,0.0076,0.0034,0.0065,0.0025
05.12.2009 08:00,0.1747,0.0828,0.0754,0.0162,0.1492,0.047,0.1117
05.12.2009 09:00,0.2662,0.1372,0.1663,0.1519,0.1213,0.2004,0.098
05.12.2009 10:00,0.2876,0.1426,0.171,0.2252,0.197,0.3312,0.2813
05.12.2009 11:00,0.154,0.1869,0.1697,0.0992,0.2625,0.2223,0.3805
05.12.2009 12:00,0.1193,0.1187,0.101,0.128,0.2201,0.2441,0.285
05.12.2009 13:00,0.1625,0.0994,0.0518,0.0424,0.1878,0.1034,0.3857
05.12.2009 14:00,0.0933,0.0803,0.1147,0.0177,0.0941,0.0489,0.3156
05.12.2009 15:00,0.0425,0.0379,0.067,0.0285,0.015,0.0645,0.014
05.12.2009 16:00,0.0,0.0,0.0,0.0,0.0,0.0,0.0
05.12.2009 17:00,0.0,0.0,0.0,0.0,0.0,0.0,0.0
05.12.2009 18:00,0.0,0.0,0.0,0.0,0.0,0.0,0.0
05.12.2009 19:00,0.0,0.0,0.0,0.0,0.0,0.0,0.0
05.12.2009 20:00,0.0,0.0,0.0,0.0,0.0,0.0,0.0
05.12.2009 21:00,0.0,0.0,0.0,0.0,0.0,0.0,0.0
05.12.2009 22:00,0.0,0.0,0.0,0.0,0.0,0.0,0.0
05.12.2009 23:00,0.0,0.0,0.0,0.0,0.0,0.0,0.0
06.12.2009 00:00,0.0,0.0,0.0,0.0,0.0,0.0,0.0
06.12.2009 01:00,0.0,0.0,0.0,0.0,0.0,0.0,0.0
06.12.2009 02:00,0.0,0.0,0.0,0.0,0.0,0.0,0.0
06.12.2009 03:00,0.0,0.0,0.0,0.0,0.0,0.0,0.0
06.12.2009 04:00,0.0,0.0,0.0,0.0,0.0,0.0,0.0
06.12.2009 05:00,0.0,0.0,0.0,0.0,0.0,0.0,0.0
06.12.2009 06:00,0.0,0.0,0.0,0.0,0.0,0.0,0.0
06.12.2009 07:00,0.0314,0.0437,0.0531,0.0101,0.0039,0.0086,0.0031
06.12.2009 08:00,0.0446,0.0446,0.0236,0.032,0.0292,0.0299,0.059
06.12.2009 09:00,0.1112,0.0841,0.0895,0.059,0.1115,0.0873,0.1298
06.12.2009 10:00,0.1503,0.0826,0.0649,0.0987,0.1984,0.1091,0.293
06.12.2009 11:00,0.1726,0.1298,0.055,0.163,0.2555,0.0743,0.3615
06.12.2009 12:00,0.2198,0.1406,0.049,0.0267,0.1847,0.1026,0.1481
06.12.2009 13:00,0.2352,0.0919,0.0186,0.0611,0.1293,0.0723,0.1607
06.12.2009 14:00,0.2152,0.0945,0.0402,0.0207,0.0647,0.0768,0.1327
06.12.2009 15:00,0.1042,0.0331,0.0238,0.005,0.0195,0.0128,0.0467
06.12.2009 16:00,0.0,0.0,0.0,0.0,0.0,0.0,0.0
06.12.2009 17:00,0.0,0.0,0.0,0.0,0.0,0.0,0.0
06.12.2009 18:00,0.0,0.0,0.0,0.0,0.0,0.0,0.0
06.12.2009 19:00,0.0,0.0,0.0,0.0,0.0,0.0,0.0
06.12.2009 20:00,0.0,0.0,0.0,0.0,0.0,0.0,0.0
06.12.2009 21:00,0.0,0.0,0.0,0.0,0.0,0.0,0.0
06.12.2009 22:00,0.0,0.0,0.0,0.0,0.0,0.0,0.0
06.12.2009 23:00,0.0,0.0,0.0,0.0,0.0,0.0,0.0
07.12.2009 00:00,0.0,0.0,0.0,0.0,0.0,0.0,0.0
07.12.2009 01:00,0.0,0.0,0.0,0.0,0.0,0.0,0.0
07.12.2009 02:00,0.0,0.0,0.0,0.0,0.0,0.0,0.0
07.12.2009 03:00,0.0,0.0,0.0,0.0,0.0,0.0,0.0
07.12.2009 04:00,0.0,0.0,0.0,0.0,0.0,0.0,0.0
07.12.2009 05:00,0.0,0.0,0.0,0.0,0.0,0.0,0.0
07.12.2009 06:00,0.0,0.0,0.0,0.0,0.0,0.0,0.0
07.12.2009 07:00,0.0174,0.0719,0.0895,0.0146,0.0048,0.0124,0.0038
07.12.2009 08:00,0.0453,0.0443,0.0361,0.0753,0.0777,0.0479,0.0837
07.12.2009 09:00,0.063,0.0744,0.0569,0.042,0.1373,0.0884,0.1016
07.12.2009 10:00,0.08,0.0963,0.1101,0.0481,0.2143,0.1189,0.1908
07.12.2009 11:00,0.1113,0.0635,0.0524,0.07,0.273,0.1558,0.1332
07.12.2009 12:00,0.1163,0.076,0.0434,0.045,0.1779,0.0575,0.0824
07.12.2009 13:00,0.0958,0.059,0.0356,0.0454,0.079,0.0459,0.0309
07.12.2009 14:00,0.0722,0.0309,0.0272,0.0206,0.0557,0.0388,0.0359
07.12.2009 15:00,0.0112,0.0128,0.0035,0.0052,0.0061,0.0058,0.0045
07.12.2009 16:00,0.0,0.0,0.0,0.0,0.0,0.0,0.0
07.12.2009 17:00,0.0,0.0,0.0,0.0,0.0,0.0,0.0
07.12.2009 18:00,0.0,0.0,0.0,0.0,0.0,0.0,0.0
07.12.2009 19:00,0.0,0.0,0.0,0.0,0.0,0.0,0.0
07.12.2009 20:00,0.0,0.0,0.0,0.0,0.0,0.0,0.0
07.12.2009 21:00,0.0,0.0,0.0,0.0,0.0,0.0,0.0
07.12.2009 22:00,0.0,0.0,0.0,0.0,0.0,0.0,0.0
07.12.2009 23:00,0.0,0.0,0.0,0.0,0.0,0.0,0.0
08.12.2009 00:00,0.0,0.0,0.0,0.0,0.0,0.0,0.0
08.12.2009 01:00,0.0,0.0,0.0,0.0,0.0,0.0,0.0
08.12.2009 02:00,0.0,0.0,0.0,0.0,0.0,0.0,0.0
08.12.2009 03:00,0.0,0.0,0.0,0.0,0.0,0.0,0.0
08.12.2009 04:00,0.0,0.0,0.0,0.0,0.0,0.0,0.0
08.12.2009 05:00,0.0,0.0,0.0,0.0,0.0,0.0,0.0
08.12.2009 06:00,0.0,0.0,0.0,0.0,0.0,0.0,0.0
08.12.2009 07:00,0.0353,0.0849,0.1043,0.0235,0.0067,0.0207,0.0048
08.12.2009 08:00,0.1332,0.1467,0.1722,0.2214,0.0797,0.2164,0.1031
08.12.2009 09:00,0.2018,0.2037,0.2614,0.386,0.1829,0.2649,0.2158
08.12.2009 10:00,0.226,0.2297,0.335,0.3856,0.2577,0.261,0.3195
08.12.2009 11:00,0.2203,0.2067,0.543,0.277,0.23,0.1228,0.369
08.12.2009 12:00,0.2169,0.1956,0.2878,0.4102,0.1878,0.1248,0.3474
08.12.2009 13:00,0.2072,0.1911,0.3278,0.1726,0.1463,0.1073,0.3034
08.12.2009 14:00,0.145,0.1688,0.2622,0.1688,0.0753,0.1044,0.2021
08.12.2009 15:00,0.0891,0.0751,0.0318,0.0302,0.011,0.0348,0.0496
08.12.2009 16:00,0.0,0.0,0.0,0.0,0.0,0.0,0.0
08.12.2009 17:00,0.0,0.0,0.0,0.0,0.0,0.0,0.0
08.12.2009 18:00,0.0,0.0,0.0,0.0,0.0,0.0,0.0
08.12.2009 19:00,0.0,0.0,0.0,0.0,0.0,0.0,0.0
08.12.2009 20:00,0.0,0.0,0.0,0.0,0.0,0.0,0.0
08.12.2009 21:00,0.0,0.0,0.0,0.0,0.0,0.0,0.0
08.12.2009 22:00,0.0,0.0,0.0,0.0,0.0,0.0,0.0
08.12.2009 23:00,0.0,0.0,0.0,0.0,0.0,0.0,0.0
09.12.2009 00:00,0.0,0.0,0.0,0.0,0.0,0.0,0.0
09.12.2009 01:00,0.0,0.0,0.0,0.0,0.0,0.0,0.0
09.12.2009 02:00,0.0,0.0,0.0,0.0,0.0,0.0,0.0
09.12.2009 03:00,0.0,0.0,0.0,0.0,0.0,0.0,0.0
09.12.2009 04:00,0.0,0.0,0.0,0.0,0.0,0.0,0.0
09.12.2009 05:00,0.0,0.0,0.0,0.0,0.0,0.0,0.0
09.12.2009 06:00,0.0,0.0,0.0,0.0,0.0,0.0,0.0
09.12.2009 07:00,0.048,0.061,0.1314,0.0481,0.0127,0.0578,0.0062
09.12.2009 08:00,0.1593,0.2077,0.292,0.326,0.1262,0.1827,0.2102
09.12.2009 09:00,0.2682,0.3852,0.5162,0.502,0.2029,0.287,0.3335
09.12.2009 10:00,0.3215,0.4755,0.6226,0.6128,0.2442,0.3684,0.4124
09.12.2009 11:00,0.3397,0.5001,0.6637,0.6657,0.2591,0.3775,0.462
09.12.2009 12:00,0.3291,0.4908,0.6319,0.6337,0.2532,0.363,0.4307
09.12.2009 13:00,0.2944,0.4299,0.5452,0.5465,0.2307,0.3252,0.3594
09.12.2009 14:00,0.2068,0.3054,0.3776,0.3737,0.1502,0.2236,0.2409
09.12.2009 15:00,0.1006,0.089,0.0977,0.0716,0.0209,0.0744,0.0556
09.12.2009 16:00,0.0,0.0,0.0,0.0,0.0,0.0,0.0
09.12.2009 17:00,0.0,0.0,0.0,0.0,0.0,0.0,0.0
09.12.2009 18:00,0.0,0.0,0.0,0.0,0.0,0.0,0.0
09.12.2009 19:00,0.0,0.0,0.0,0.0,0.0,0.0,0.0
09.12.2009 20:00,0.0,0.0,0.0,0.0,0.0,0.0,0.0
09.12.2009 21:00,0.0,0.0,0.0,0.0,0.0,0.0,0.0
09.12.2009 22:00,0.0,0.0,0.0,0.0,0.0,0.0,0.0
09.12.2009 23:00,0.0,0.0,0.0,0.0,0.0,0.0,0.0
10.12.2009 00:00,0.0,0.0,0.0,0.0,0.0,0.0,0.0
10.12.2009 01:00,0.0,0.0,0.0,0.0,0.0,0.0,0.0
10.12.2009 02:00,0.0,0.0,0.0,0.0,0.0,0.0,0.0
10.12.2009 03:00,0.0,0.0,0.0,0.0,0.0,0.0,0.0
10.12.2009 04:00,0.0,0.0,0.0,0.0,0.0,0.0,0.0
10.12.2009 05:00,0.0,0.0,0.0,0.0,0.0,0.0,0.0
10.12.2009 06:00,0.0,0.0,0.0,0.0,0.0,0.0,0.0
10.12.2009 07:00,0.0498,0.036,0.0412,0.1666,0.012,0.0984,0.0079
10.12.2009 08:00,0.0625,0.1113,0.1315,0.1216,0.1324,0.0838,0.1602
10.12.2009 09:00,0.258,0.1249,0.0586,0.0456,0.261,0.1554,0.2976
10.12.2009 10:00,0.2233,0.1014,0.0479,0.0387,0.149,0.0743,0.4633
10.12.2009 11:00,0.216,0.0955,0.0553,0.0399,0.1602,0.0701,0.4874
10.12.2009 12:00,0.2371,0.1044,0.0423,0.0296,0.1412,0.0557,0.4519
10.12.2009 13:00,0.1614,0.0678,0.0744,0.0223,0.1171,0.0392,0.3813
10.12.2009 14:00,0.1108,0.0536,0.1527,0.0463,0.0513,0.0246,0.2465
10.12.2009 15:00,0.048,0.0307,0.0432,0.0226,0.0051,0.0089,0.0585
10.12.2009 16:00,0.0,0.0,0.0,0.0,0.0,0.0,0.0
10.12.2009 17:00,0.0,0.0,0.0,0.0,0.0,0.0,0.0
10.12.2009 18:00,0.0,0.0,0.0,0.0,0.0,0.0,0.0
10.12.2009 19:00,0.0,0.0,0.0,0.0,0.0,0.0,0.0
10.12.2009 20:00,0.0,0.0,0.0,0.0,0.0,0.0,0.0
10.12.2009 21:00,0.0,0.0,0.0,0.0,0.0,0.0,0.0
10.12.2009 22:00,0.0,0.0,0.0,0.0,0.0,0.0,0.0
10.12.2009 23:00,0.0,0.0,0.0,0.0,0.0,0.0,0.0
11.12.2009 00:00,0.0,0.0,0.0,0.0,0.0,0.0,0.0
11.12.2009 01:00,0.0,0.0,0.0,0.0,0.0,0.0,0.0
11.12.2009 02:00,0.0,0.0,0.0,0.0,0.0,0.0,0.0
11.12.2009 03:00,0.0,0.0,0.0,0.0,0.0,0.0,0.0
11.12.2009 04:00,0.0,0.0,0.0,0.0,0.0,0.0,0.0
11.12.2009 05:00,0.0,0.0,0.0,0.0,0.0,0.0,0.0
11.12.2009 06:00,0.0,0.0,0.0,0.0,0.0,0.0,0.0
11.12.2009 07:00,0.0462,0.0184,0.0,0.1322,0.0211,0.065,0.0106
11.12.2009 08:00,0.1418,0.0912,0.0453,0.0454,0.0476,0.061,0.2338
11.12.2009 09:00,0.2293,0.1559,0.0321,0.0308,0.0863,0.0585,0.3788
11.12.2009 10:00,0.274,0.1626,0.0487,0.0224,0.0992,0.0598,0.4879
11.12.2009 11:00,0.324,0.1174,0.0493,0.0323,0.144,0.043,0.549
11.12.2009 12:00,0.3,0.0768,0.0387,0.0241,0.1762,0.0606,0.5162
11.12.2009 13:00,0.1951,0.0569,0.028,0.0233,0.0719,0.0254,0.4104
11.12.2009 14:00,0.1413,0.0342,0.0096,0.0087,0.043,0.0101,0.2393
11.12.2009 15:00,0.0476,0.0046,0.0011,0.0,0.0028,0.0019,0.0538
11.12.2009 16:00,0.0,0.0,0.0,0.0,0.0,0.0,0.0
11.12.2009 17:00,0.0,0.0,0.0,0.0,0.0,0.0,0.0
11.12.2009 18:00,0.0,0.0,0.0,0.0,0.0,0.0,0.0
11.12.2009 19:00,0.0,0.0,0.0,0.0,0.0,0.0,0.0
11.12.2009 20:00,0.0,0.0,0.0,0.0,0.0,0.0,0.0
11.12.2009 21:00,0.0,0.0,0.0,0.0,0.0,0.0,0.0
11.12.2009 22:00,0.0,0.0,0.0,0.0,0.0,0.0,0.0
11.12.2009 23:00,0.0,0.0,0.0,0.0,0.0,0.0,0.0
12.12.2009 00:00,0.0,0.0,0.0,0.0,0.0,0.0,0.0
12.12.2009 01:00,0.0,0.0,0.0,0.0,0.0,0.0,0.0
12.12.2009 02:00,0.0,0.0,0.0,0.0,0.0,0.0,0.0
12.12.2009 03:00,0.0,0.0,0.0,0.0,0.0,0.0,0.0
12.12.2009 04:00,0.0,0.0,0.0,0.0,0.0,0.0,0.0
12.12.2009 05:00,0.0,0.0,0.0,0.0,0.0,0.0,0.0
12.12.2009 06:00,0.0,0.0,0.0,0.0,0.0,0.0,0.0
12.12.2009 07:00,0.0665,0.018,0.0,0.0795,0.0269,0.0991,0.0148
12.12.2009 08:00,0.0646,0.0443,0.0326,0.0598,0.0421,0.0432,0.0898
12.12.2009 09:00,0.123,0.1164,0.0637,0.0389,0.1401,0.0553,0.2251
12.12.2009 10:00,0.1988,0.1402,0.0577,0.0752,0.1776,0.0991,0.3334
12.12.2009 11:00,0.274,0.1392,0.0669,0.0791,0.1992,0.1094,0.5081
12.12.2009 12:00,0.2879,0.1334,0.0571,0.0588,0.176,0.1186,0.5036
12.12.2009 13:00,0.2094,0.0846,0.047,0.0493,0.1664,0.1256,0.4342
12.12.2009 14:00,0.1107,0.0644,0.0296,0.0558,0.1109,0.0676,0.2704
12.12.2009 15:00,0.0229,0.0073,0.0028,0.0046,0.0074,0.0055,0.0254
12.12.2009 16:00,0.0,0.0,0.0,0.0,0.0,0.0,0.0
12.12.2009 17:00,0.0,0.0,0.0,0.0,0.0,0.0,0.0
12.12.2009 18:00,0.0,0.0,0.0,0.0,0.0,0.0,0.0
12.12.2009 19:00,0.0,0.0,0.0,0.0,0.0,0.0,0.0
12.12.2009 20:00,0.0,0.0,0.0,0.0,0.0,0.0,0.0
12.12.2009 21:00,0.0,0.0,0.0,0.0,0.0,0.0,0.0
12.12.2009 22:00,0.0,0.0,0.0,0.0,0.0,0.0,0.0
12.12.2009 23:00,0.0,0.0,0.0,0.0,0.0,0.0,0.0
13.12.2009 00:00,0.0,0.0,0.0,0.0,0.0,0.0,0.0
13.12.2009 01:00,0.0,0.0,0.0,0.0,0.0,0.0,0.0
13.12.2009 02:00,0.0,0.0,0.0,0.0,0.0,0.0,0.0
13.12.2009 03:00,0.0,0.0,0.0,0.0,0.0,0.0,0.0
13.12.2009 04:00,0.0,0.0,0.0,0.0,0.0,0.0,0.0
13.12.2009 05:00,0.0,0.0,0.0,0.0,0.0,0.0,0.0
13.12.2009 06:00,0.0,0.0,0.0,0.0,0.0,0.0,0.0
13.12.2009 07:00,0.0619,0.0203,0.0,0.0,0.039,0.0774,0.022
13.12.2009 08:00,0.0439,0.0727,0.1052,0.0429,0.0507,0.0119,0.0286
13.12.2009 09:00,0.104,0.0929,0.1033,0.0618,0.096,0.0234,0.0876
13.12.2009 10:00,0.1278,0.1123,0.0702,0.0465,0.1469,0.0367,0.0956
13.12.2009 11:00,0.1102,0.0952,0.0681,0.0304,0.155,0.034,0.1232
13.12.2009 12:00,0.1198,0.0449,0.0415,0.0251,0.1142,0.0388,0.1139
13.12.2009 13:00,0.1021,0.0355,0.0266,0.0193,0.0719,0.0434,0.0935
13.12.2009 14:00,0.0764,0.0307,0.0206,0.0143,0.0374,0.0411,0.0611
13.12.2009 15:00,0.0217,0.0082,0.001,0.0009,0.0047,0.0069,0.0054
13.12.2009 16:00,0.0,0.0,0.0,0.0,0.0,0.0,0.0
13.12.2009 17:00,0.0,0.0,0.0,0.0,0.0,0.0,0.0
13.12.2009 18:00,0.0,0.0,0.0,0.0,0.0,0.0,0.0
13.12.2009 19:00,0.0,0.0,0.0,0.0,0.0,0.0,0.0
13.12.2009 20:00,0.0,0.0,0.0,0.0,0.0,0.0,0.0
13.12.2009 21:00,0.0,0.0,0.0,0.0,0.0,0.0,0.0
13.12.2009 22:00,0.0,0.0,0.0,0.0,0.0,0.0,0.0
13.12.2009 23:00,0.0,0.0,0.0,0.0,0.0,0.0,0.0
14.12.2009 00:00,0.0,0.0,0.0,0.0,0.0,0.0,0.0
14.12.2009 01:00,0.0,0.0,0.0,0.0,0.0,0.0,0.0
14.12.2009 02:00,0.0,0.0,0.0,0.0,0.0,0.0,0.0
14.12.2009 03:00,0.0,0.0,0.0,0.0,0.0,0.0,0.0
14.12.2009 04:00,0.0,0.0,0.0,0.0,0.0,0.0,0.0
14.12.2009 05:00,0.0,0.0,0.0,0.0,0.0,0.0,0.0
14.12.2009 06:00,0.0,0.0,0.0,0.0,0.0,0.0,0.0
14.12.2009 07:00,0.046,0.0,0.0,0.0,0.0492,0.0681,0.0403
14.12.2009 08:00,0.1205,0.0622,0.0372,0.0295,0.0752,0.052,0.145
14.12.2009 09:00,0.1877,0.1006,0.0347,0.0345,0.1153,0.0495,0.2023
14.12.2009 10:00,0.2284,0.1107,0.0342,0.0366,0.1195,0.0519,0.2678
14.12.2009 11:00,0.2452,0.1049,0.0325,0.0353,0.0908,0.0415,0.3053
14.12.2009 12:00,0.2433,0.0977,0.0279,0.03,0.0832,0.0334,0.3067
14.12.2009 13:00,0.2156,0.0802,0.0227,0.0248,0.078,0.026,0.289
14.12.2009 14:00,0.1522,0.0478,0.0121,0.0131,0.0484,0.0181,0.2174
14.12.2009 15:00,0.0521,0.0081,0.0003,0.0,0.008,0.0096,0.0541
14.12.2009 16:00,0.0,0.0,0.0,0.0,0.0,0.0,0.0
14.12.2009 17:00,0.0,0.0,0.0,0.0,0.0,0.0,0.0
14.12.2009 18:00,0.0,0.0,0.0,0.0,0.0,0.0,0.0
14.12.2009 19:00,0.0,0.0,0.0,0.0,0.0,0.0,0.0
14.12.2009 20:00,0.0,0.0,0.0,0.0,0.0,0.0,0.0
14.12.2009 21:00,0.0,0.0,0.0,0.0,0.0,0.0,0.0
14.12.2009 22:00,0.0,0.0,0.0,0.0,0.0,0.0,0.0
14.12.2009 23:00,0.0,0.0,0.0,0.0,0.0,0.0,0.0
15.12.2009 00:00,0.0,0.0,0.0,0.0,0.0,0.0,0.0
15.12.2009 01:00,0.0,0.0,0.0,0.0,0.0,0.0,0.0
15.12.2009 02:00,0.0,0.0,0.0,0.0,0.0,0.0,0.0
15.12.2009 03:00,0.0,0.0,0.0,0.0,0.0,0.0,0.0
15.12.2009 04:00,0.0,0.0,0.0,0.0,0.0,0.0,0.0
15.12.2009 05:00,0.0,0.0,0.0,0.0,0.0,0.0,0.0
15.12.2009 06:00,0.0,0.0,0.0,0.0,0.0,0.0,0.0
15.12.2009 07:00,0.0,0.0,0.0,0.0,0.063,0.0119,0.0995
15.12.2009 08:00,0.0984,0.0384,0.018,0.0191,0.0485,0.0452,0.1194
15.12.2009 09:00,0.1382,0.0594,0.0235,0.0217,0.0817,0.0281,0.1776
15.12.2009 10:00,0.1733,0.0654,0.026,0.0247,0.0998,0.0301,0.242
15.12.2009 11:00,0.1803,0.0692,0.0289,0.0281,0.0883,0.0284,0.2698
15.12.2009 12:00,0.1663,0.0607,0.0282,0.0252,0.0811,0.0266,0.2326
15.12.2009 13:00,0.1414,0.0503,0.0242,0.0209,0.0723,0.0244,0.1977
15.12.2009 14:00,0.0993,0.0293,0.0134,0.0105,0.0435,0.016,0.1583
15.12.2009 15:00,0.0382,0.0059,0.0004,0.0001,0.0069,0.0076,0.0458
15.12.2009 16:00,0.0,0.0,0.0,0.0,0.0,0.0,0.0
15.12.2009 17:00,0.0,0.0,0.0,0.0,0.0,0.0,0.0
15.12.2009 18:00,0.0,0.0,0.0,0.0,0.0,0.0,0.0
15.12.2009 19:00,0.0,0.0,0.0,0.0,0.0,0.0,0.0
15.12.2009 20:00,0.0,0.0,0.0,0.0,0.0,0.0,0.0
15.12.2009 21:00,0.0,0.0,0.0,0.0,0.0,0.0,0.0
15.12.2009 22:00,0.0,0.0,0.0,0.0,0.0,0.0,0.0
15.12.2009 23:00,0.0,0.0,0.0,0.0,0.0,0.0,0.0
16.12.2009 00:00,0.0,0.0,0.0,0.0,0.0,0.0,0.0
16.12.2009 01:00,0.0,0.0,0.0,0.0,0.0,0.0,0.0
16.12.2009 02:00,0.0,0.0,0.0,0.0,0.0,0.0,0.0
16.12.2009 03:00,0.0,0.0,0.0,0.0,0.0,0.0,0.0
16.12.2009 04:00,0.0,0.0,0.0,0.0,0.0,0.0,0.0
16.12.2009 05:00,0.0,0.0,0.0,0.0,0.0,0.0,0.0
16.12.2009 06:00,0.0,0.0,0.0,0.0,0.0,0.0,0.0
16.12.2009 07:00,0.0,0.0,0.0,0.0,0.0604,0.0,0.0998
16.12.2009 08:00,0.0552,0.0353,0.0199,0.0264,0.0606,0.0414,0.1916
16.12.2009 09:00,0.1048,0.0617,0.0477,0.0983,0.1184,0.0531,0.3298
16.12.2009 10:00,0.144,0.0736,0.0845,0.2069,0.1614,0.0618,0.4291
16.12.2009 11:00,0.1615,0.0748,0.0894,0.1999,0.162,0.0621,0.4912
16.12.2009 12:00,0.1665,0.0736,0.0705,0.139,0.1545,0.0452,0.4488
16.12.2009 13:00,0.1571,0.0606,0.0387,0.0601,0.1333,0.0486,0.3822
16.12.2009 14:00,0.1473,0.09,0.0181,0.019,0.0791,0.0366,0.2494
16.12.2009 15:00,0.0334,0.027,0.0159,0.0181,0.0131,0.0761,0.1042
16.12.2009 16:00,0.0,0.0,0.0,0.0,0.0,0.0,0.0
16.12.2009 17:00,0.0,0.0,0.0,0.0,0.0,0.0,0.0
16.12.2009 18:00,0.0,0.0,0.0,0.0,0.0,0.0,0.0
16.12.2009 19:00,0.0,0.0,0.0,0.0,0.0,0.0,0.0
16.12.2009 20:00,0.0,0.0,0.0,0.0,0.0,0.0,0.0
16.12.2009 21:00,0.0,0.0,0.0,0.0,0.0,0.0,0.0
16.12.2009 22:00,0.0,0.0,0.0,0.0,0.0,0.0,0.0
16.12.2009 23:00,0.0,0.0,0.0,0.0,0.0,0.0,0.0
17.12.2009 00:00,0.0,0.0,0.0,0.0,0.0,0.0,0.0
17.12.2009 01:00,0.0,0.0,0.0,0.0,0.0,0.0,0.0
17.12.2009 02:00,0.0,0.0,0.0,0.0,0.0,0.0,0.0
17.12.2009 03:00,0.0,0.0,0.0,0.0,0.0,0.0,0.0
17.12.2009 04:00,0.0,0.0,0.0,0.0,0.0,0.0,0.0
17.12.2009 05:00,0.0,0.0,0.0,0.0,0.0,0.0,0.0
17.12.2009 06:00,0.0,0.0,0.0,0.0,0.0,0.0,0.0
17.12.2009 07:00,0.0,0.0,0.0,0.0,0.0404,0.0,0.1518
17.12.2009 08:00,0.045,0.0332,0.0323,0.0333,0.0526,0.0719,0.1783
17.12.2009 09:00,0.0709,0.0585,0.0532,0.0665,0.1177,0.0577,0.3388
17.12.2009 10:00,0.1038,0.0621,0.0686,0.0884,0.145,0.0832,0.4583
17.12.2009 11:00,0.1284,0.0687,0.0774,0.0965,0.1502,0.0636,0.5092
17.12.2009 12:00,0.139,0.0637,0.0754,0.0824,0.1223,0.053,0.4559
17.12.2009 13:00,0.1144,0.0575,0.0754,0.0766,0.095,0.0571,0.3884
17.12.2009 14:00,0.0863,0.0334,0.0376,0.0322,0.0504,0.033,0.2468
17.12.2009 15:00,0.0436,0.0097,0.0027,0.0006,0.0052,0.0034,0.0556
17.12.2009 16:00,0.0,0.0,0.0,0.0,0.0,0.0,0.0
17.12.2009 17:00,0.0,0.0,0.0,0.0,0.0,0.0,0.0
17.12.2009 18:00,0.0,0.0,0.0,0.0,0.0,0.0,0.0
17.12.2009 19:00,0.0,0.0,0.0,0.0,0.0,0.0,0.0
17.12.2009 20:00,0.0,0.0,0.0,0.0,0.0,0.0,0.0
17.12.2009 21:00,0.0,0.0,0.0,0.0,0.0,0.0,0.0
17.12.2009 22:00,0.0,0.0,0.0,0.0,0.0,0.0,0.0
17.12.2009 23:00,0.0,0.0,0.0,0.0,0.0,0.0,0.0
18.12.2009 00:00,0.0,0.0,0.0,0.0,0.0,0.0,0.0
18.12.2009 01:00,0.0,0.0,0.0,0.0,0.0,0.0,0.0
18.12.2009 02:00,0.0,0.0,0.0,0.0,0.0,0.0,0.0
18.12.2009 03:00,0.0,0.0,0.0,0.0,0.0,0.0,0.0
18.12.2009 04:00,0.0,0.0,0.0,0.0,0.0,0.0,0.0
18.12.2009 05:00,0.0,0.0,0.0,0.0,0.0,0.0,0.0
18.12.2009 06:00,0.0,0.0,0.0,0.0,0.0,0.0,0.0
18.12.2009 07:00,0.0,0.0,0.0,0.0,0.0456,0.0,0.0605
18.12.2009 08:00,0.0541,0.0477,0.0377,0.0553,0.068,0.0479,0.1788
18.12.2009 09:00,0.1017,0.0903,0.0757,0.1365,0.1428,0.0788,0.2943
18.12.2009 10:00,0.1302,0.1123,0.1233,0.3321,0.1848,0.098,0.398
18.12.2009 11:00,0.1193,0.0747,0.2162,0.306,0.171,0.1067,0.4376
18.12.2009 12:00,0.1814,0.0792,0.2757,0.2376,0.1615,0.0843,0.3636
18.12.2009 13:00,0.142,0.126,0.23,0.1888,0.1727,0.134,0.3218
18.12.2009 14:00,0.0652,0.1164,0.2143,0.0845,0.1392,0.1067,0.153
18.12.2009 15:00,0.0168,0.0277,0.0508,0.0264,0.0122,0.0386,0.0614
18.12.2009 16:00,0.0,0.0,0.0,0.0,0.0,0.0,0.0
18.12.2009 17:00,0.0,0.0,0.0,0.0,0.0,0.0,0.0
18.12.2009 18:00,0.0,0.0,0.0,0.0,0.0,0.0,0.0
18.12.2009 19:00,0.0,0.0,0.0,0.0,0.0,0.0,0.0
18.12.2009 20:00,0.0,0.0,0.0,0.0,0.0,0.0,0.0
18.12.2009 21:00,0.0,0.0,0.0,0.0,0.0,0.0,0.0
18.12.2009 22:00,0.0,0.0,0.0,0.0,0.0,0.0,0.0
18.12.2009 23:00,0.0,0.0,0.0,0.0,0.0,0.0,0.0
19.12.2009 00:00,0.0,0.0,0.0,0.0,0.0,0.0,0.0
19.12.2009 01:00,0.0,0.0,0.0,0.0,0.0,0.0,0.0
19.12.2009 02:00,0.0,0.0,0.0,0.0,0.0,0.0,0.0
19.12.2009 03:00,0.0,0.0,0.0,0.0,0.0,0.0,0.0
19.12.2009 04:00,0.0,0.0,0.0,0.0,0.0,0.0,0.0
19.12.2009 05:00,0.0,0.0,0.0,0.0,0.0,0.0,0.0
19.12.2009 06:00,0.0,0.0,0.0,0.0,0.0,0.0,0.0
19.12.2009 07:00,0.0,0.0,0.0,0.0,0.0511,0.0,0.0424
19.12.2009 08:00,0.0807,0.0668,0.0596,0.0495,0.0919,0.1187,0.1271
19.12.2009 09:00,0.1431,0.1355,0.1217,0.103,0.1678,0.1453,0.2985
19.12.2009 10:00,0.1765,0.1375,0.0725,0.0835,0.1802,0.1376,0.4482
19.12.2009 11:00,0.1711,0.1235,0.0985,0.0772,0.1894,0.1153,0.5024
19.12.2009 12:00,0.1755,0.1203,0.0596,0.0741,0.1939,0.0975,0.4644
19.12.2009 13:00,0.1316,0.0854,0.0729,0.0494,0.1509,0.0901,0.3873
19.12.2009 14:00,0.0833,0.0546,0.0318,0.0311,0.0819,0.0604,0.2603
19.12.2009 15:00,0.0265,0.0095,0.006,0.0012,0.0085,0.004,0.05
19.12.2009 16:00,0.0,0.0,0.0,0.0,0.0,0.0,0.0
19.12.2009 17:00,0.0,0.0,0.0,0.0,0.0,0.0,0.0
19.12.2009 18:00,0.0,0.0,0.0,0.0,0.0,0.0,0.0
19.12.2009 19:00,0.0,0.0,0.0,0.0,0.0,0.0,0.0
19.12.2009 20:00,0.0,0.0,0.0,0.0,0.0,0.0,0.0
19.12.2009 21:00,0.0,0.0,0.0,0.0,0.0,0.0,0.0
19.12.2009 22:00,0.0,0.0,0.0,0.0,0.0,0.0,0.0
19.12.2009 23:00,0.0,0.0,0.0,0.0,0.0,0.0,0.0
20.12.2009 00:00,0.0,0.0,0.0,0.0,0.0,0.0,0.0
20.12.2009 01:00,0.0,0.0,0.0,0.0,0.0,0.0,0.0
20.12.2009 02:00,0.0,0.0,0.0,0.0,0.0,0.0,0.0
20.12.2009 03:00,0.0,0.0,0.0,0.0,0.0,0.0,0.0
20.12.2009 04:00,0.0,0.0,0.0,0.0,0.0,0.0,0.0
20.12.2009 05:00,0.0,0.0,0.0,0.0,0.0,0.0,0.0
20.12.2009 06:00,0.0,0.0,0.0,0.0,0.0,0.0,0.0
20.12.2009 07:00,0.0,0.0,0.0,0.0,0.0437,0.0,0.0754
20.12.2009 08:00,0.0945,0.0872,0.0911,0.0927,0.0837,0.0955,0.1951
20.12.2009 09:00,0.143,0.1539,0.215,0.1914,0.1326,0.0993,0.3453
20.12.2009 10:00,0.1584,0.1788,0.2661,0.2432,0.1528,0.1094,0.4474
20.12.2009 11:00,0.1945,0.2123,0.2851,0.2619,0.1385,0.1107,0.5059
20.12.2009 12:00,0.1579,0.1712,0.0939,0.2204,0.1293,0.1598,0.4489
20.12.2009 13:00,0.1409,0.1107,0.0386,0.0608,0.1252,0.11,0.3754
20.12.2009 14:00,0.0677,0.0783,0.0429,0.0449,0.0607,0.0762,0.2545
20.12.2009 15:00,0.0231,0.0109,0.0086,0.0133,0.0157,0.0119,0.0765
20.12.2009 16:00,0.0,0.0,0.0,0.0,0.0,0.0,0.0
20.12.2009 17:00,0.0,0.0,0.0,0.0,0.0,0.0,0.0
20.12.2009 18:00,0.0,0.0,0.0,0.0,0.0,0.0,0.0
20.12.2009 19:00,0.0,0.0,0.0,0.0,0.0,0.0,0.0
20.12.2009 20:00,0.0,0.0,0.0,0.0,0.0,0.0,0.0
20.12.2009 21:00,0.0,0.0,0.0,0.0,0.0,0.0,0.0
20.12.2009 22:00,0.0,0.0,0.0,0.0,0.0,0.0,0.0
20.12.2009 23:00,0.0,0.0,0.0,0.0,0.0,0.0,0.0
21.12.2009 00:00,0.0,0.0,0.0,0.0,0.0,0.0,0.0
21.12.2009 01:00,0.0,0.0,0.0,0.0,0.0,0.0,0.0
21.12.2009 02:00,0.0,0.0,0.0,0.0,0.0,0.0,0.0
21.12.2009 03:00,0.0,0.0,0.0,0.0,0.0,0.0,0.0
21.12.2009 04:00,0.0,0.0,0.0,0.0,0.0,0.0,0.0
21.12.2009 05:00,0.0,0.0,0.0,0.0,0.0,0.0,0.0
21.12.2009 06:00,0.0,0.0,0.0,0.0,0.0,0.0,0.0
21.12.2009 07:00,0.0,0.0,0.0,0.0,0.0487,0.0,0.0249
21.12.2009 08:00,0.0359,0.0328,0.0443,0.0496,0.055,0.0305,0.028
21.12.2009 09:00,0.0698,0.0944,0.0527,0.068,0.2184,0.1072,0.0621
21.12.2009 10:00,0.0648,0.0522,0.0471,0.0786,0.1502,0.0677,0.0269
21.12.2009 11:00,0.1677,0.1429,0.0451,0.0651,0.153,0.1296,0.0754
21.12.2009 12:00,0.1101,0.0867,0.0381,0.0579,0.3244,0.1493,0.0596
21.12.2009 13:00,0.0182,0.0673,0.0501,0.0707,0.0594,0.0998,0.0192
21.12.2009 14:00,0.0136,0.0155,0.04,0.0604,0.0336,0.0249,0.0153
21.12.2009 15:00,0.0056,0.004,0.0062,0.0032,0.0108,0.0055,0.0034
21.12.2009 16:00,0.0,0.0,0.0,0.0,0.0,0.0,0.0
21.12.2009 17:00,0.0,0.0,0.0,0.0,0.0,0.0,0.0
21.12.2009 18:00,0.0,0.0,0.0,0.0,0.0,0.0,0.0
21.12.2009 19:00,0.0,0.0,0.0,0.0,0.0,0.0,0.0
21.12.2009 20:00,0.0,0.0,0.0,0.0,0.0,0.0,0.0
21.12.2009 21:00,0.0,0.0,0.0,0.0,0.0,0.0,0.0
21.12.2009 22:00,0.0,0.0,0.0,0.0,0.0,0.0,0.0
21.12.2009 23:00,0.0,0.0,0.0,0.0,0.0,0.0,0.0
22.12.2009 00:00,0.0,0.0,0.0,0.0,0.0,0.0,0.0
22.12.2009 01:00,0.0,0.0,0.0,0.0,0.0,0.0,0.0
22.12.2009 02:00,0.0,0.0,0.0,0.0,0.0,0.0,0.0
22.12.2009 03:00,0.0,0.0,0.0,0.0,0.0,0.0,0.0
22.12.2009 04:00,0.0,0.0,0.0,0.0,0.0,0.0,0.0
22.12.2009 05:00,0.0,0.0,0.0,0.0,0.0,0.0,0.0
22.12.2009 06:00,0.0,0.0,0.0,0.0,0.0,0.0,0.0
22.12.2009 07:00,0.0,0.0,0.0,0.0,0.0324,0.0,0.0227
22.12.2009 08:00,0.0284,0.0625,0.0338,0.0439,0.1755,0.1679,0.0858
22.12.2009 09:00,0.0417,0.0784,0.0569,0.0601,0.2084,0.2141,0.054
22.12.2009 10:00,0.1068,0.1008,0.0546,0.0718,0.3087,0.1977,0.1066
22.12.2009 11:00,0.287,0.165,0.0535,0.1062,0.3771,0.3041,0.1164
22.12.2009 12:00,0.1619,0.3654,0.1403,0.1897,0.3522,0.4366,0.0793
22.12.2009 13:00,0.1663,0.1985,0.1807,0.1942,0.1292,0.2313,0.0223
22.12.2009 14:00,0.0731,0.1201,0.1293,0.1642,0.0615,0.1136,0.0318
22.12.2009 15:00,0.0243,0.0334,0.009,0.0139,0.0095,0.0183,0.0025
22.12.2009 16:00,0.0,0.0,0.0,0.0,0.0,0.0,0.0
22.12.2009 17:00,0.0,0.0,0.0,0.0,0.0,0.0,0.0
22.12.2009 18:00,0.0,0.0,0.0,0.0,0.0,0.0,0.0
22.12.2009 19:00,0.0,0.0,0.0,0.0,0.0,0.0,0.0
22.12.2009 20:00,0.0,0.0,0.0,0.0,0.0,0.0,0.0
22.12.2009 21:00,0.0,0.0,0.0,0.0,0.0,0.0,0.0
22.12.2009 22:00,0.0,0.0,0.0,0.0,0.0,0.0,0.0
22.12.2009 23:00,0.0,0.0,0.0,0.0,0.0,0.0,0.0
23.12.2009 00:00,0.0,0.0,0.0,0.0,0.0,0.0,0.0
23.12.2009 01:00,0.0,0.0,0.0,0.0,0.0,0.0,0.0
23.12.2009 02:00,0.0,0.0,0.0,0.0,0.0,0.0,0.0
23.12.2009 03:00,0.0,0.0,0.0,0.0,0.0,0.0,0.0
23.12.2009 04:00,0.0,0.0,0.0,0.0,0.0,0.0,0.0
23.12.2009 05:00,0.0,0.0,0.0,0.0,0.0,0.0,0.0
23.12.2009 06:00,0.0,0.0,0.0,0.0,0.0,0.0,0.0
23.12.2009 07:00,0.0,0.0,0.0,0.0,0.034,0.0,0.0
23.12.2009 08:00,0.0649,0.0505,0.0187,0.0162,0.0782,0.0435,0.1241
23.12.2009 09:00,0.1363,0.2082,0.0779,0.1088,0.1219,0.0928,0.1392
23.12.2009 10:00,0.1694,0.3173,0.1955,0.1858,0.1984,0.2439,0.1637
23.12.2009 11:00,0.1187,0.2838,0.2426,0.2242,0.1818,0.1907,0.216
23.12.2009 12:00,0.1765,0.235,0.1478,0.1842,0.1162,0.1295,0.2209
23.12.2009 13:00,0.1066,0.1012,0.0716,0.1202,0.1619,0.1396,0.2831
23.12.2009 14:00,0.0968,0.0578,0.0262,0.0653,0.1284,0.0766,0.0482
23.12.2009 15:00,0.0107,0.016,0.0069,0.0098,0.0103,0.0257,0.0062
23.12.2009 16:00,0.0,0.0,0.0,0.0,0.0,0.0,0.0
23.12.2009 17:00,0.0,0.0,0.0,0.0,0.0,0.0,0.0
23.12.2009 18:00,0.0,0.0,0.0,0.0,0.0,0.0,0.0
23.12.2009 19:00,0.0,0.0,0.0,0.0,0.0,0.0,0.0
23.12.2009 20:00,0.0,0.0,0.0,0.0,0.0,0.0,0.0
23.12.2009 21:00,0.0,0.0,0.0,0.0,0.0,0.0,0.0
23.12.2009 22:00,0.0,0.0,0.0,0.0,0.0,0.0,0.0
23.12.2009 23:00,0.0,0.0,0.0,0.0,0.0,0.0,0.0
24.12.2009 00:00,0.0,0.0,0.0,0.0,0.0,0.0,0.0
24.12.2009 01:00,0.0,0.0,0.0,0.0,0.0,0.0,0.0
24.12.2009 02:00,0.0,0.0,0.0,0.0,0.0,0.0,0.0
24.12.2009 03:00,0.0,0.0,0.0,0.0,0.0,0.0,0.0
24.12.2009 04:00,0.0,0.0,0.0,0.0,0.0,0.0,0.0
24.12.2009 05:00,0.0,0.0,0.0,0.0,0.0,0.0,0.0
24.12.2009 06:00,0.0,0.0,0.0,0.0,0.0,0.0,0.0
24.12.2009 07:00,0.0,0.0,0.0,0.0,0.0338,0.0,0.0
24.12.2009 08:00,0.0315,0.0306,0.0202,0.0465,0.0615,0.0707,0.05
24.12.2009 09:00,0.0646,0.0652,0.036,0.0581,0.0809,0.1109,0.0502
24.12.2009 10:00,0.0935,0.2065,0.0723,0.0679,0.1536,0.1998,0.0412
24.12.2009 11:00,0.2288,0.2039,0.0663,0.1234,0.1868,0.1304,0.0594
24.12.2009 12:00,0.1229,0.1242,0.0578,0.0891,0.2412,0.199,0.0418
24.12.2009 13:00,0.0596,0.0952,0.0356,0.0628,0.084,0.0977,0.0397
24.12.2009 14:00,0.0369,0.0491,0.0234,0.0325,0.0438,0.05,0.0135
24.12.2009 15:00,0.0077,0.0049,0.006,0.0096,0.0047,0.0101,0.0026
24.12.2009 16:00,0.0,0.0,0.0,0.0,0.0,0.0,0.0
24.12.2009 17:00,0.0,0.0,0.0,0.0,0.0,0.0,0.0
24.12.2009 18:00,0.0,0.0,0.0,0.0,0.0,0.0,0.0
24.12.2009 19:00,0.0,0.0,0.0,0.0,0.0,0.0,0.0
24.12.2009 20:00,0.0,0.0,0.0,0.0,0.0,0.0,0.0
24.12.2009 21:00,0.0,0.0,0.0,0.0,0.0,0.0,0.0
24.12.2009 22:00,0.0,0.0,0.0,0.0,0.0,0.0,0.0
24.12.2009 23:00,0.0,0.0,0.0,0.0,0.0,0.0,0.0
25.12.2009 00:00,0.0,0.0,0.0,0.0,0.0,0.0,0.0
25.12.2009 01:00,0.0,0.0,0.0,0.0,0.0,0.0,0.0
25.12.2009 02:00,0.0,0.0,0.0,0.0,0.0,0.0,0.0
25.12.2009 03:00,0.0,0.0,0.0,0.0,0.0,0.0,0.0
25.12.2009 04:00,0.0,0.0,0.0,0.0,0.0,0.0,0.0
25.12.2009 05:00,0.0,0.0,0.0,0.0,0.0,0.0,0.0
25.12.2009 06:00,0.0,0.0,0.0,0.0,0.0,0.0,0.0
25.12.2009 07:00,0.0,0.0,0.0,0.0,0.0357,0.0,0.0
25.12.2009 08:00,0.0609,0.111,0.0452,0.0264,0.0295,0.0276,0.0206
25.12.2009 09:00,0.1615,0.1849,0.1866,0.0243,0.0294,0.0891,0.054
25.12.2009 10:00,0.1485,0.1994,0.1879,0.0759,0.0343,0.1112,0.0594
25.12.2009 11:00,0.0833,0.0816,0.1327,0.053,0.0268,0.0683,0.0644
25.12.2009 12:00,0.0997,0.0434,0.0768,0.0676,0.0477,0.0477,0.1362
25.12.2009 13:00,0.1591,0.0712,0.0331,0.0384,0.0843,0.0463,0.1836
25.12.2009 14:00,0.1029,0.1021,0.1135,0.0369,0.0429,0.07,0.1496
25.12.2009 15:00,0.0549,0.0532,0.0692,0.1055,0.0339,0.0712,0.0802
25.12.2009 16:00,0.0,0.0,0.0,0.0,0.0,0.0,0.0
25.12.2009 17:00,0.0,0.0,0.0,0.0,0.0,0.0,0.0
25.12.2009 18:00,0.0,0.0,0.0,0.0,0.0,0.0,0.0
25.12.2009 19:00,0.0,0.0,0.0,0.0,0.0,0.0,0.0
25.12.2009 20:00,0.0,0.0,0.0,0.0,0.0,0.0,0.0
25.12.2009 21:00,0.0,0.0,0.0,0.0,0.0,0.0,0.0
25.12.2009 22:00,0.0,0.0,0.0,0.0,0.0,0.0,0.0
25.12.2009 23:00,0.0,0.0,0.0,0.0,0.0,0.0,0.0
26.12.2009 00:00,0.0,0.0,0.0,0.0,0.0,0.0,0.0
26.12.2009 01:00,0.0,0.0,0.0,0.0,0.0,0.0,0.0
26.12.2009 02:00,0.0,0.0,0.0,0.0,0.0,0.0,0.0
26.12.2009 03:00,0.0,0.0,0.0,0.0,0.0,0.0,0.0
26.12.2009 04:00,0.0,0.0,0.0,0.0,0.0,0.0,0.0
26.12.2009 05:00,0.0,0.0,0.0,0.0,0.0,0.0,0.0
26.12.2009 06:00,0.0,0.0,0.0,0.0,0.0,0.0,0.0
26.12.2009 07:00,0.0,0.0,0.0,0.0,0.0342,0.0,0.0
26.12.2009 08:00,0.139,0.1687,0.2554,0.3023,0.1256,0.1791,0.204
26.12.2009 09:00,0.3397,0.3431,0.4798,0.4706,0.25,0.2706,0.3111
26.12.2009 10:00,0.5246,0.433,0.5836,0.5836,0.4192,0.3644,0.4501
26.12.2009 11:00,0.4776,0.5802,0.6365,0.6078,0.5149,0.5375,0.4705
26.12.2009 12:00,0.3154,0.4534,0.6208,0.607,0.4114,0.4729,0.4134
26.12.2009 13:00,0.2448,0.2901,0.3449,0.3165,0.2807,0.3276,0.2646
26.12.2009 14:00,0.1607,0.1786,0.146,0.175,0.164,0.1681,0.1087
26.12.2009 15:00,0.0213,0.062,0.0758,0.0412,0.0272,0.046,0.0338
26.12.2009 16:00,0.0,0.0,0.0,0.0,0.0,0.0,0.0
26.12.2009 17:00,0.0,0.0,0.0,0.0,0.0,0.0,0.0
26.12.2009 18:00,0.0,0.0,0.0,0.0,0.0,0.0,0.0
26.12.2009 19:00,0.0,0.0,0.0,0.0,0.0,0.0,0.0
26.12.2009 20:00,0.0,0.0,0.0,0.0,0.0,0.0,0.0
26.12.2009 21:00,0.0,0.0,0.0,0.0,0.0,0.0,0.0
26.12.2009 22:00,0.0,0.0,0.0,0.0,0.0,0.0,0.0
26.12.2009 23:00,0.0,0.0,0.0,0.0,0.0,0.0,0.0
27.12.2009 00:00,0.0,0.0,0.0,0.0,0.0,0.0,0.0
27.12.2009 01:00,0.0,0.0,0.0,0.0,0.0,0.0,0.0
27.12.2009 02:00,0.0,0.0,0.0,0.0,0.0,0.0,0.0
27.12.2009 03:00,0.0,0.0,0.0,0.0,0.0,0.0,0.0
27.12.2009 04:00,0.0,0.0,0.0,0.0,0.0,0.0,0.0
27.12.2009 05:00,0.0,0.0,0.0,0.0,0.0,0.0,0.0
27.12.2009 06:00,0.0,0.0,0.0,0.0,0.0,0.0,0.0
27.12.2009 07:00,0.0,0.0,0.0,0.0,0.0297,0.0,0.0
27.12.2009 08:00,0.1706,0.2235,0.2548,0.0948,0.114,0.1108,0.0928
27.12.2009 09:00,0.2822,0.3781,0.4768,0.4105,0.2516,0.3233,0.3069
27.12.2009 10:00,0.3287,0.4582,0.6105,0.6286,0.435,0.5244,0.3871
27.12.2009 11:00,0.3478,0.4905,0.5999,0.6796,0.4033,0.4553,0.4008
27.12.2009 12:00,0.2988,0.4118,0.4593,0.608,0.267,0.4146,0.3392
27.12.2009 13:00,0.2104,0.2276,0.3338,0.2811,0.2081,0.3591,0.2841
27.12.2009 14:00,0.1036,0.0874,0.0567,0.1766,0.1082,0.1485,0.212
27.12.2009 15:00,0.0331,0.0483,0.0305,0.0231,0.0494,0.0786,0.1127
27.12.2009 16:00,0.0,0.0,0.0,0.0,0.0,0.0,0.0
27.12.2009 17:00,0.0,0.0,0.0,0.0,0.0,0.0,0.0
27.12.2009 18:00,0.0,0.0,0.0,0.0,0.0,0.0,0.0
27.12.2009 19:00,0.0,0.0,0.0,0.0,0.0,0.0,0.0
27.12.2009 20:00,0.0,0.0,0.0,0.0,0.0,0.0,0.0
27.12.2009 21:00,0.0,0.0,0.0,0.0,0.0,0.0,0.0
27.12.2009 22:00,0.0,0.0,0.0,0.0,0.0,0.0,0.0
27.12.2009 23:00,0.0,0.0,0.0,0.0,0.0,0.0,0.0
28.12.2009 00:00,0.0,0.0,0.0,0.0,0.0,0.0,0.0
28.12.2009 01:00,0.0,0.0,0.0,0.0,0.0,0.0,0.0
28.12.2009 02:00,0.0,0.0,0.0,0.0,0.0,0.0,0.0
28.12.2009 03:00,0.0,0.0,0.0,0.0,0.0,0.0,0.0
28.12.2009 04:00,0.0,0.0,0.0,0.0,0.0,0.0,0.0
28.12.2009 05:00,0.0,0.0,0.0,0.0,0.0,0.0,0.0
28.12.2009 06:00,0.0,0.0,0.0,0.0,0.0,0.0,0.0
28.12.2009 07:00,0.0,0.0,0.0,0.0,0.0215,0.0,0.0
28.12.2009 08:00,0.0214,0.0728,0.0663,0.0715,0.1185,0.1119,0.2524
28.12.2009 09:00,0.0911,0.0939,0.3656,0.3913,0.1986,0.2508,0.2275
28.12.2009 10:00,0.098,0.1249,0.1494,0.2214,0.3341,0.1492,0.2697
28.12.2009 11:00,0.0749,0.084,0.077,0.0765,0.2058,0.1022,0.3127
28.12.2009 12:00,0.0384,0.0854,0.0872,0.0476,0.2089,0.1405,0.2039
28.12.2009 13:00,0.0456,0.0765,0.1443,0.1116,0.2014,0.1325,0.1062
28.12.2009 14:00,0.0325,0.0691,0.0623,0.0862,0.1277,0.091,0.0605
28.12.2009 15:00,0.0339,0.0183,0.0226,0.0366,0.0199,0.0188,0.0206
28.12.2009 16:00,0.0,0.0,0.0,0.0,0.0,0.0,0.0
28.12.2009 17:00,0.0,0.0,0.0,0.0,0.0,0.0,0.0
28.12.2009 18:00,0.0,0.0,0.0,0.0,0.0,0.0,0.0
28.12.2009 19:00,0.0,0.0,0.0,0.0,0.0,0.0,0.0
28.12.2009 20:00,0.0,0.0,0.0,0.0,0.0,0.0,0.0
28.12.2009 21:00,0.0,0.0,0.0,0.0,0.0,0.0,0.0
28.12.2009 22:00,0.0,0.0,0.0,0.0,0.0,0.0,0.0
28.12.2009 23:00,0.0,0.0,0.0,0.0,0.0,0.0,0.0
29.12.2009 00:00,0.0,0.0,0.0,0.0,0.0,0.0,0.0
29.12.2009 01:00,0.0,0.0,0.0,0.0,0.0,0.0,0.0
29.12.2009 02:00,0.0,0.0,0.0,0.0,0.0,0.0,0.0
29.12.2009 03:00,0.0,0.0,0.0,0.0,0.0,0.0,0.0
29.12.2009 04:00,0.0,0.0,0.0,0.0,0.0,0.0,0.0
29.12.2009 05:00,0.0,0.0,0.0,0.0,0.0,0.0,0.0
29.12.2009 06:00,0.0,0.0,0.0,0.0,0.0,0.0,0.0
29.12.2009 07:00,0.0,0.0,0.0,0.0,0.0169,0.0,0.0
29.12.2009 08:00,0.0265,0.0624,0.0746,0.0228,0.0847,0.0335,0.1666
29.12.2009 09:00,0.0933,0.1168,0.1018,0.0862,0.1277,0.0914,0.2665
29.12.2009 10:00,0.1122,0.1814,0.0724,0.065,0.138,0.1658,0.3531
29.12.2009 11:00,0.0789,0.1187,0.1097,0.1127,0.1896,0.3011,0.3885
29.12.2009 12:00,0.0884,0.0575,0.0483,0.0728,0.1678,0.133,0.3596
29.12.2009 13:00,0.0655,0.0802,0.08,0.0601,0.1281,0.0585,0.2893
29.12.2009 14:00,0.0835,0.0486,0.0434,0.0855,0.0956,0.0644,0.2019
29.12.2009 15:00,0.0513,0.069,0.0509,0.0274,0.0351,0.0484,0.0765
29.12.2009 16:00,0.0,0.0,0.0,0.0,0.0,0.0,0.0
29.12.2009 17:00,0.0,0.0,0.0,0.0,0.0,0.0,0.0
29.12.2009 18:00,0.0,0.0,0.0,0.0,0.0,0.0,0.0
29.12.2009 19:00,0.0,0.0,0.0,0.0,0.0,0.0,0.0
29.12.2009 20:00,0.0,0.0,0.0,0.0,0.0,0.0,0.0
29.12.2009 21:00,0.0,0.0,0.0,0.0,0.0,0.0,0.0
29.12.2009 22:00,0.0,0.0,0.0,0.0,0.0,0.0,0.0
29.12.2009 23:00,0.0,0.0,0.0,0.0,0.0,0.0,0.0
30.12.2009 00:00,0.0,0.0,0.0,0.0,0.0,0.0,0.0
30.12.2009 01:00,0.0,0.0,0.0,0.0,0.0,0.0,0.0
30.12.2009 02:00,0.0,0.0,0.0,0.0,0.0,0.0,0.0
30.12.2009 03:00,0.0,0.0,0.0,0.0,0.0,0.0,0.0
30.12.2009 04:00,0.0,0.0,0.0,0.0,0.0,0.0,0.0
30.12.2009 05:00,0.0,0.0,0.0,0.0,0.0,0.0,0.0
30.12.2009 06:00,0.0,0.0,0.0,0.0,0.0,0.0,0.0
30.12.2009 07:00,0.0,0.0,0.0,0.0,0.0091,0.0,0.0
30.12.2009 08:00,0.0053,0.0073,0.0141,0.0159,0.06,0.0098,0.043
30.12.2009 09:00,0.0105,0.0198,0.0377,0.0341,0.0985,0.0299,0.0341
30.12.2009 10:00,0.0157,0.0166,0.0194,0.0234,0.1044,0.0236,0.039
30.12.2009 11:00,0.019,0.0199,0.0221,0.0213,0.0756,0.0174,0.0322
30.12.2009 12:00,0.019,0.0225,0.0208,0.0212,0.0392,0.0192,0.0173
30.12.2009 13:00,0.0228,0.0295,0.0209,0.0232,0.021,0.0327,0.0213
30.12.2009 14:00,0.0351,0.0339,0.029,0.0156,0.0266,0.0346,0.0658
30.12.2009 15:00,0.0348,0.0458,0.0318,0.0141,0.066,0.0588,0.024
30.12.2009 16:00,0.0,0.0,0.0,0.0,0.0,0.0,0.0
30.12.2009 17:00,0.0,0.0,0.0,0.0,0.0,0.0,0.0
30.12.2009 18:00,0.0,0.0,0.0,0.0,0.0,0.0,0.0
30.12.2009 19:00,0.0,0.0,0.0,0.0,0.0,0.0,0.0
30.12.2009 20:00,0.0,0.0,0.0,0.0,0.0,0.0,0.0
30.12.2009 21:00,0.0,0.0,0.0,0.0,0.0,0.0,0.0
30.12.2009 22:00,0.0,0.0,0.0,0.0,0.0,0.0,0.0
30.12.2009 23:00,0.0,0.0,0.0,0.0,0.0,0.0,0.0
31.12.2009 00:00,0.0,0.0,0.0,0.0,0.0,0.0,0.0
31.12.2009 01:00,0.0,0.0,0.0,0.0,0.0,0.0,0.0
31.12.2009 02:00,0.0,0.0,0.0,0.0,0.0,0.0,0.0
31.12.2009 03:00,0.0,0.0,0.0,0.0,0.0,0.0,0.0
31.12.2009 04:00,0.0,0.0,0.0,0.0,0.0,0.0,0.0
31.12.2009 05:00,0.0,0.0,0.0,0.0,0.0,0.0,0.0
31.12.2009 06:00,0.0,0.0,0.0,0.0,0.0,0.0,0.0
31.12.2009 07:00,0.0,0.0,0.0,0.0,0.0138,0.0,0.0
31.12.2009 08:00,0.0438,0.0518,0.0368,0.0832,0.0152,0.0616,0.0079
31.12.2009 09:00,0.0747,0.107,0.0418,0.0894,0.0561,0.1041,0.0139
31.12.2009 10:00,0.0657,0.182,0.0514,0.1564,0.0827,0.0808,0.0149
31.12.2009 11:00,0.0718,0.1595,0.0489,0.088,0.0492,0.2421,0.0175
31.12.2009 12:00,0.1124,0.1364,0.0272,0.0656,0.0849,0.1698,0.0466
31.12.2009 13:00,0.1762,0.1618,0.0428,0.0206,0.0989,0.1322,0.081
31.12.2009 14:00,0.1681,0.1614,0.0458,0.0181,0.0733,0.0664,0.0404
31.12.2009 15:00,0.0724,0.1005,0.0871,0.0462,0.0124,0.0519,0.0128
31.12.2009 16:00,0.0,0.0,0.0,0.0,0.0,0.0,0.0
31.12.2009 17:00,0.0,0.0,0.0,0.0,0.0,0.0,0.0
31.12.2009 18:00,0.0,0.0,0.0,0.0,0.0,0.0,0.0
31.12.2009 19:00,0.0,0.0,0.0,0.0,0.0,0.0,0.0
31.12.2009 20:00,0.0,0.0,0.0,0.0,0.0,0.0,0.0
31.12.2009 21:00,0.0,0.0,0.0,0.0,0.0,0.0,0.0
31.12.2009 22:00,0.0,0.0,0.0,0.0,0.0,0.0,0.0
31.12.2009 23:00,0.0,0.0,0.0,0.0,0.0,0.0,0.0
,,,,,,,
,,,,,,,
,,,,,,,
,,,,,,,
,,,,,,,
,,,,,,,
,,,,,,,
,,,,,,,
,,,,,,,
,,,,,,,
,,,,,,,
,,,,,,,
,,,,,,,
,,,,,,,
,,,,,,,
,,,,,,,
,,,,,,,
,,,,,,,
,,,,,,,
,,,,,,,
,,,,,,,
,,,,,,,
,,,,,,,
,,,,,,,
