Datetime,CH01,CH02,CH03,CH04,CH05,CH06,CH07
01/01/2008 00:00,0,0,0,0,0,0,0
01/01/2008 01:00,0,0,0,0,0,0,0
01/01/2008 02:00,0,0,0,0,0,0,0
01/01/2008 03:00,0,0,0,0,0,0,0
01/01/2008 04:00,0,0,0,0,0,0,0
01/01/2008 05:00,0,0,0,0,0,0,0
01/01/2008 06:00,0,0,0,0,0,0,0
01/01/2008 07:00,0,0,0,0,0.00686,0,0
01/01/2008 08:00,0.14516,0.14138,0.09914,0.09306,0.05844,0.05673,0.21611
01/01/2008 09:00,0.25492,0.25045,0.11089,0.11545,0.15015,0.10813,0.43791
01/01/2008 10:00,0.31994,0.27448,0.09425,0.07018,0.23194,0.06249,0.60195
01/01/2008 11:00,0.36672,0.22473,0.10078,0.08352,0.21857,0.08016,0.64629
01/01/2008 12:00,0.35709,0.17189,0.0714,0.09304,0.30225,0.21771,0.64007
01/01/2008 13:00,0.23136,0.13143,0.04092,0.05481,0.23772,0.11397,0.51005
01/01/2008 14:00,0.12581,0.07284,0.04637,0.06063,0.18029,0.05738,0.36789
01/01/2008 15:00,0.05105,0.03067,0.0462,0.01214,0.03671,0.03177,0.10606
01/01/2008 16:00,0,0,0,0,0,0,0
01/01/2008 17:00,0,0,0,0,0,0,0
01/01/2008 18:00,0,0,0,0,0,0,0
01/01/2008 19:00,0,0,0,0,0,0,0
01/01/2008 20:00,0,0,0,0,0,0,0
01/01/2008 21:00,0,0,0,0,0,0,0
01/01/2008 22:00,0,0,0,0,0,0,0
01/01/2008 23:00,0,0,0,0,0,0,0
02/01/2008 00:00,0,0,0,0,0,0,0
02/01/2008 01:00,0,0,0,0,0,0,0
02/01/2008 02:00,0,0,0,0,0,0,0
02/01/2008 03:00,0,0,0,0,0,0,0
02/01/2008 04:00,0,0,0,0,0,0,0
02/01/2008 05:00,0,0,0,0,0,0,0
02/01/2008 06:00,0,0,0,0,0,0,0
02/01/2008 07:00,0,0,0,0,0.00676,0,0
02/01/2008 08:00,0.04164,0.03427,0.02794,0.0596,0.06397,0.08819,0.02298
02/01/2008 09:00,0.16343,0.10403,0.04605,0.11409,0.15046,0.1278,0.06112
02/01/2008 10:00,0.20848,0.11194,0.04612,0.13939,0.19424,0.12229,0.0398
02/01/2008 11:00,0.22108,0.164,0.05504,0.17252,0.23048,0.14591,0.04562
02/01/2008 12:00,0.2488,0.17979,0.06745,0.15113,0.2298,0.18861,0.05651
02/01/2008 13:00,0.24098,0.18004,0.10418,0.17425,0.22116,0.27165,0.11751
02/01/2008 14:00,0.1877,0.11608,0.10555,0.21936,0.20464,0.13977,0.06537
02/01/2008 15:00,0.09956,0.04575,0.00803,0.03324,0.07287,0.02672,0.0168
02/01/2008 16:00,0,0,0,0,0,0,0
02/01/2008 17:00,0,0,0,0,0,0,0
02/01/2008 18:00,0,0,0,0,0,0,0
02/01/2008 19:00,0,0,0,0,0,0,0
02/01/2008 20:00,0,0,0,0,0,0,0
02/01/2008 21:00,0,0,0,0,0,0,0
02/01/2008 22:00,0,0,0,0,0,0,0
02/01/2008 23:00,0,0,0,0,0,0,0
03/01/2008 00:00,0,0,0,0,0,0,0
03/01/2008 01:00,0,0,0,0,0,0,0
03/01/2008 02:00,0,0,0,0,0,0,0
03/01/2008 03:00,0,0,0,0,0,0,0
03/01/2008 04:00,0,0,0,0,0,0,0
03/01/2008 05:00,0,0,0,0,0,0,0
03/01/2008 06:00,0,0,0,0,0,0,0
03/01/2008 07:00,0,0,0,0,0.00624,0,0
03/01/2008 08:00,0.06546,0.07402,0.08372,0.11912,0.03294,0.14196,0.05186
03/01/2008 09:00,0.21103,0.12676,0.27723,0.25812,0.14849,0.21093,0.08101
03/01/2008 10:00,0.20933,0.18577,0.19991,0.26302,0.23988,0.21805,0.13526
03/01/2008 11:00,0.27359,0.19063,0.19227,0.2597,0.28695,0.20308,0.11487
03/01/2008 12:00,0.30756,0.28235,0.21107,0.37945,0.30195,0.23421,0.08381
03/01/2008 13:00,0.30046,0.31781,0.2497,0.19489,0.13104,0.23793,0.04993
03/01/2008 14:00,0.22084,0.2395,0.23262,0.25749,0.03743,0.08714,0.01858
03/01/2008 15:00,0.08239,0.07036,0.07906,0.01818,0.00969,0.06315,0.00648
03/01/2008 16:00,0,0,0,0,0,0,0
03/01/2008 17:00,0,0,0,0,0,0,0
03/01/2008 18:00,0,0,0,0,0,0,0
03/01/2008 19:00,0,0,0,0,0,0,0
03/01/2008 20:00,0,0,0,0,0,0,0
03/01/2008 21:00,0,0,0,0,0,0,0
03/01/2008 22:00,0,0,0,0,0,0,0
03/01/2008 23:00,0,0,0,0,0,0,0
04/01/2008 00:00,0,0,0,0,0,0,0
04/01/2008 01:00,0,0,0,0,0,0,0
04/01/2008 02:00,0,0,0,0,0,0,0
04/01/2008 03:00,0,0,0,0,0,0,0
04/01/2008 04:00,0,0,0,0,0,0,0
04/01/2008 05:00,0,0,0,0,0,0,0
04/01/2008 06:00,0,0,0,0,0,0,0
04/01/2008 07:00,0,0,0,0,0.00829,0,0
04/01/2008 08:00,0.02033,0.02663,0.0795,0.02994,0.08613,0.07695,0.01011
04/01/2008 09:00,0.06481,0.06015,0.11025,0.19014,0.14728,0.08657,0.03364
04/01/2008 10:00,0.06651,0.06813,0.04549,0.10877,0.16374,0.06497,0.03442
04/01/2008 11:00,0.08974,0.092,0.05621,0.0404,0.16729,0.06956,0.03738
04/01/2008 12:00,0.08832,0.09574,0.05281,0.03473,0.09525,0.06239,0.04722
04/01/2008 13:00,0.19204,0.06147,0.0625,0.03348,0.10953,0.03734,0.06203
04/01/2008 14:00,0.13405,0.07439,0.01805,0.04046,0.0683,0.0202,0.10702
04/01/2008 15:00,0.05862,0.04814,0.03445,0.00377,0.01437,0.01457,0.00713
04/01/2008 16:00,0,0,0,0,0,0,0
04/01/2008 17:00,0,0,0,0,0,0,0
04/01/2008 18:00,0,0,0,0,0,0,0
04/01/2008 19:00,0,0,0,0,0,0,0
04/01/2008 20:00,0,0,0,0,0,0,0
04/01/2008 21:00,0,0,0,0,0,0,0
04/01/2008 22:00,0,0,0,0,0,0,0
04/01/2008 23:00,0,0,0,0,0,0,0
05/01/2008 00:00,0,0,0,0,0,0,0
05/01/2008 01:00,0,0,0,0,0,0,0
05/01/2008 02:00,0,0,0,0,0,0,0
05/01/2008 03:00,0,0,0,0,0,0,0
05/01/2008 04:00,0,0,0,0,0,0,0
05/01/2008 05:00,0,0,0,0,0,0,0
05/01/2008 06:00,0,0,0,0,0,0,0
05/01/2008 07:00,0,0,0,0,0.00987,0,0
05/01/2008 08:00,0.02947,0.02189,0.00695,0.07301,0.06913,0.0491,0.03779
05/01/2008 09:00,0.14039,0.11368,0.04568,0.05473,0.12,0.05932,0.02417
05/01/2008 10:00,0.20055,0.18991,0.07443,0.06481,0.06437,0.12421,0.03459
05/01/2008 11:00,0.10615,0.17695,0.08039,0.08597,0.08734,0.17383,0.05941
05/01/2008 12:00,0.07118,0.07027,0.03311,0.08939,0.15423,0.14859,0.06115
05/01/2008 13:00,0.09705,0.06725,0.03013,0.0366,0.0819,0.08805,0.05222
05/01/2008 14:00,0.08358,0.02509,0.01751,0.02424,0.08133,0.06386,0.03642
05/01/2008 15:00,0.01749,0.00969,0.00265,0.00129,0.01431,0.00517,0.00463
05/01/2008 16:00,0,0,0,0,0,0,0
05/01/2008 17:00,0,0,0,0,0,0,0
05/01/2008 18:00,0,0,0,0,0,0,0
05/01/2008 19:00,0,0,0,0,0,0,0
05/01/2008 20:00,0,0,0,0,0,0,0
05/01/2008 21:00,0,0,0,0,0,0,0
05/01/2008 22:00,0,0,0,0,0,0,0
05/01/2008 23:00,0,0,0,0,0,0,0
06/01/2008 00:00,0,0,0,0,0,0,0
06/01/2008 01:00,0,0,0,0,0,0,0
06/01/2008 02:00,0,0,0,0,0,0,0
06/01/2008 03:00,0,0,0,0,0,0,0
06/01/2008 04:00,0,0,0,0,0,0,0
06/01/2008 05:00,0,0,0,0,0,0,0
06/01/2008 06:00,0,0,0,0,0,0,0
06/01/2008 07:00,0,0,0,0,0.01319,0,0
06/01/2008 08:00,0.05202,0.07756,0.07382,0.09702,0.04892,0.06084,0.02714
06/01/2008 09:00,0.12625,0.10345,0.09595,0.07769,0.07324,0.10294,0.11207
06/01/2008 10:00,0.12882,0.10982,0.20217,0.12828,0.05643,0.10926,0.15533
06/01/2008 11:00,0.15337,0.11597,0.26963,0.11151,0.06505,0.09525,0.18757
06/01/2008 12:00,0.21627,0.13331,0.06566,0.07888,0.0897,0.03881,0.19334
06/01/2008 13:00,0.16852,0.21072,0.05892,0.0941,0.06254,0.03377,0.1982
06/01/2008 14:00,0.1045,0.1888,0.1354,0.04895,0.0404,0.06101,0.15452
06/01/2008 15:00,0.05014,0.06465,0.0216,0.02627,0.03122,0.01658,0.05619
06/01/2008 16:00,0,0,0,0,0,0,0
06/01/2008 17:00,0,0,0,0,0,0,0
06/01/2008 18:00,0,0,0,0,0,0,0
06/01/2008 19:00,0,0,0,0,0,0,0
06/01/2008 20:00,0,0,0,0,0,0,0
06/01/2008 21:00,0,0,0,0,0,0,0
06/01/2008 22:00,0,0,0,0,0,0,0
06/01/2008 23:00,0,0,0,0,0,0,0
07/01/2008 00:00,0,0,0,0,0,0,0
07/01/2008 01:00,0,0,0,0,0,0,0
07/01/2008 02:00,0,0,0,0,0,0,0
07/01/2008 03:00,0,0,0,0,0,0,0
07/01/2008 04:00,0,0,0,0,0,0,0
07/01/2008 05:00,0,0,0,0,0,0,0
07/01/2008 06:00,0,0,0,0,0,0,0
07/01/2008 07:00,0,0,0,0,0.01625,0,0
07/01/2008 08:00,0.01695,0.0436,0.08911,0.02532,0.0227,0.04027,0.01028
07/01/2008 09:00,0.06362,0.10586,0.12283,0.10139,0.10845,0.09191,0.10266
07/01/2008 10:00,0.17647,0.1103,0.10439,0.04615,0.14703,0.09284,0.18038
07/01/2008 11:00,0.11972,0.11589,0.26457,0.14106,0.20692,0.05667,0.25532
07/01/2008 12:00,0.14463,0.17133,0.16037,0.09826,0.10141,0.0926,0.26788
07/01/2008 13:00,0.14468,0.19026,0.24581,0.11309,0.06792,0.07498,0.26267
07/01/2008 14:00,0.10857,0.13462,0.15566,0.15837,0.04635,0.09445,0.18708
07/01/2008 15:00,0.05255,0.05967,0.03566,0.04324,0.03303,0.04294,0.04591
07/01/2008 16:00,0,0,0,0,0,0,0
07/01/2008 17:00,0,0,0,0,0,0,0
07/01/2008 18:00,0,0,0,0,0,0,0
07/01/2008 19:00,0,0,0,0,0,0,0
07/01/2008 20:00,0,0,0,0,0,0,0
07/01/2008 21:00,0,0,0,0,0,0,0
07/01/2008 22:00,0,0,0,0,0,0,0
07/01/2008 23:00,0,0,0,0,0,0,0
08/01/2008 00:00,0,0,0,0,0,0,0
08/01/2008 01:00,0,0,0,0,0,0,0
08/01/2008 02:00,0,0,0,0,0,0,0
08/01/2008 03:00,0,0,0,0,0,0,0
08/01/2008 04:00,0,0,0,0,0,0,0
08/01/2008 05:00,0,0,0,0,0,0,0
08/01/2008 06:00,0,0,0,0,0,0,0
08/01/2008 07:00,0,0,0,0,0.02361,0,0
08/01/2008 08:00,0.10901,0.17057,0.2395,0.21282,0.08452,0.16118,0.11984
08/01/2008 09:00,0.22883,0.34878,0.46283,0.47941,0.19399,0.30178,0.23118
08/01/2008 10:00,0.29312,0.44827,0.58042,0.60202,0.2554,0.36274,0.29212
08/01/2008 11:00,0.32184,0.49275,0.59459,0.61821,0.26703,0.38389,0.32507
08/01/2008 12:00,0.32303,0.46068,0.52275,0.51301,0.24904,0.35893,0.30947
08/01/2008 13:00,0.27797,0.35647,0.43483,0.49345,0.20395,0.30228,0.28796
08/01/2008 14:00,0.21857,0.24337,0.36221,0.39408,0.1408,0.19059,0.21609
08/01/2008 15:00,0.08618,0.07179,0.16198,0.12702,0.06509,0.0648,0.05434
08/01/2008 16:00,0,0,0,0,0,0,0
08/01/2008 17:00,0,0,0,0,0,0,0
08/01/2008 18:00,0,0,0,0,0,0,0
08/01/2008 19:00,0,0,0,0,0,0,0
08/01/2008 20:00,0,0,0,0,0,0,0
08/01/2008 21:00,0,0,0,0,0,0,0
08/01/2008 22:00,0,0,0,0,0,0,0
08/01/2008 23:00,0,0,0,0,0,0,0
09/01/2008 00:00,0,0,0,0,0,0,0
09/01/2008 01:00,0,0,0,0,0,0,0
09/01/2008 02:00,0,0,0,0,0,0,0
09/01/2008 03:00,0,0,0,0,0,0,0
09/01/2008 04:00,0,0,0,0,0,0,0
09/01/2008 05:00,0,0,0,0,0,0,0
09/01/2008 06:00,0,0,0,0,0,0,0
09/01/2008 07:00,0,0,0,0,0.02283,0,0
09/01/2008 08:00,0.09248,0.01828,0.01381,0.00988,0.06296,0.06212,0.09265
09/01/2008 09:00,0.13573,0.03598,0.06486,0.03678,0.20128,0.07441,0.21718
09/01/2008 10:00,0.11473,0.04072,0.03948,0.07444,0.29733,0.13091,0.33799
09/01/2008 11:00,0.13286,0.05918,0.0518,0.03778,0.36052,0.14713,0.27153
09/01/2008 12:00,0.12195,0.09419,0.07812,0.06168,0.24059,0.05251,0.35563
09/01/2008 13:00,0.08753,0.08013,0.06454,0.09078,0.25256,0.12404,0.29723
09/01/2008 14:00,0.07122,0.0352,0.03685,0.02878,0.12992,0.05622,0.17137
09/01/2008 15:00,0.02553,0.02583,0.02891,0.01205,0.01675,0.01609,0.03975
09/01/2008 16:00,0,0,0,0,0,0,0
09/01/2008 17:00,0,0,0,0,0,0,0
09/01/2008 18:00,0,0,0,0,0,0,0
09/01/2008 19:00,0,0,0,0,0,0,0
09/01/2008 20:00,0,0,0,0,0,0,0
09/01/2008 21:00,0,0,0,0,0,0,0
09/01/2008 22:00,0,0,0,0,0,0,0
09/01/2008 23:00,0,0,0,0,0,0,0
10/01/2008 00:00,0,0,0,0,0,0,0
10/01/2008 01:00,0,0,0,0,0,0,0
10/01/2008 02:00,0,0,0,0,0,0,0
10/01/2008 03:00,0,0,0,0,0,0,0
10/01/2008 04:00,0,0,0,0,0,0,0
10/01/2008 05:00,0,0,0,0,0,0,0
10/01/2008 06:00,0,0,0,0,0,0,0
10/01/2008 07:00,0,0,0,0,0.02398,0,0
10/01/2008 08:00,0.11083,0.15196,0.21868,0.25735,0.09571,0.19042,0.13944
10/01/2008 09:00,0.22918,0.31208,0.41218,0.4762,0.21165,0.3258,0.26207
10/01/2008 10:00,0.29145,0.41672,0.54043,0.59238,0.28241,0.39393,0.32371
10/01/2008 11:00,0.33445,0.4895,0.64613,0.64675,0.3009,0.42899,0.35211
10/01/2008 12:00,0.34581,0.50748,0.63673,0.63723,0.29786,0.40847,0.35416
10/01/2008 13:00,0.30847,0.43602,0.47309,0.53194,0.24963,0.36198,0.33026
10/01/2008 14:00,0.22323,0.28624,0.30019,0.28678,0.14326,0.22233,0.23916
10/01/2008 15:00,0.07687,0.07548,0.05169,0.03755,0.03467,0.0443,0.07763
10/01/2008 16:00,0,0,0,0,0,0,0
10/01/2008 17:00,0,0,0,0,0,0,0
10/01/2008 18:00,0,0,0,0,0,0,0
10/01/2008 19:00,0,0,0,0,0,0,0
10/01/2008 20:00,0,0,0,0,0,0,0
10/01/2008 21:00,0,0,0,0,0,0,0
10/01/2008 22:00,0,0,0,0,0,0,0
10/01/2008 23:00,0,0,0,0,0,0,0
11/01/2008 00:00,0,0,0,0,0,0,0
11/01/2008 01:00,0,0,0,0,0,0,0
11/01/2008 02:00,0,0,0,0,0,0,0
11/01/2008 03:00,0,0,0,0,0,0,0
11/01/2008 04:00,0,0,0,0,0,0,0
11/01/2008 05:00,0,0,0,0,0,0,0
11/01/2008 06:00,0,0,0,0,0,0,0
11/01/2008 07:00,0,0,0,0,0.02587,0,0.00201
11/01/2008 08:00,0.09335,0.06696,0.10744,0.23924,0.07277,0.10094,0.01766
11/01/2008 09:00,0.24716,0.29332,0.32084,0.33239,0.15807,0.2422,0.02312
11/01/2008 10:00,0.32522,0.47053,0.53512,0.51867,0.19121,0.39844,0.02232
11/01/2008 11:00,0.402,0.57148,0.63674,0.61145,0.2241,0.46241,0.02767
11/01/2008 12:00,0.41681,0.57129,0.67655,0.66027,0.23915,0.50033,0.06876
11/01/2008 13:00,0.33677,0.51657,0.60543,0.60737,0.26544,0.40058,0.02789
11/01/2008 14:00,0.24705,0.36084,0.43035,0.43952,0.1583,0.27304,0.02803
11/01/2008 15:00,0.12511,0.17183,0.14967,0.10531,0.03602,0.09205,0.00597
11/01/2008 16:00,0,0,0,0,0,0,0
11/01/2008 17:00,0,0,0,0,0,0,0
11/01/2008 18:00,0,0,0,0,0,0,0
11/01/2008 19:00,0,0,0,0,0,0,0
11/01/2008 20:00,0,0,0,0,0,0,0
11/01/2008 21:00,0,0,0,0,0,0,0
11/01/2008 22:00,0,0,0,0,0,0,0
11/01/2008 23:00,0,0,0,0,0,0,0
12/01/2008 00:00,0,0,0,0,0,0,0
12/01/2008 01:00,0,0,0,0,0,0,0
12/01/2008 02:00,0,0,0,0,0,0,0
12/01/2008 03:00,0,0,0,0,0,0,0
12/01/2008 04:00,0,0,0,0,0,0,0
12/01/2008 05:00,0,0,0,0,0,0,0
12/01/2008 06:00,0,0,0,0,0,0,0
12/01/2008 07:00,0,0,0,0,0.02454,0,0.00622
12/01/2008 08:00,0.0112,0.01189,0.0122,0.01119,0.02198,0.02077,0.00759
12/01/2008 09:00,0.03413,0.02859,0.03257,0.0225,0.04508,0.0386,0.01746
12/01/2008 10:00,0.03031,0.03521,0.03315,0.02434,0.04947,0.04281,0.02065
12/01/2008 11:00,0.04441,0.0508,0.03668,0.03279,0.03438,0.0395,0.02421
12/01/2008 12:00,0.07906,0.0516,0.04112,0.05041,0.04382,0.04166,0.03203
12/01/2008 13:00,0.05953,0.05705,0.04826,0.04285,0.05279,0.06075,0.03042
12/01/2008 14:00,0.05557,0.03721,0.02844,0.03001,0.03038,0.02807,0.01926
12/01/2008 15:00,0.02022,0.01639,0.01256,0.00547,0.00822,0.01148,0.00846
12/01/2008 16:00,0,0,0,0,0,0,0
12/01/2008 17:00,0,0,0,0,0,0,0
12/01/2008 18:00,0,0,0,0,0,0,0
12/01/2008 19:00,0,0,0,0,0,0,0
12/01/2008 20:00,0,0,0,0,0,0,0
12/01/2008 21:00,0,0,0,0,0,0,0
12/01/2008 22:00,0,0,0,0,0,0,0
12/01/2008 23:00,0,0,0,0,0,0,0
13/01/2008 00:00,0,0,0,0,0,0,0
13/01/2008 01:00,0,0,0,0,0,0,0
13/01/2008 02:00,0,0,0,0,0,0,0
13/01/2008 03:00,0,0,0,0,0,0,0
13/01/2008 04:00,0,0,0,0,0,0,0
13/01/2008 05:00,0,0,0,0,0,0,0
13/01/2008 06:00,0,0,0,0,0,0,0
13/01/2008 07:00,0,0,0,0,0.02876,0,0.02292
13/01/2008 08:00,0.06259,0.06464,0.04665,0.12234,0.08002,0.07029,0.09253
13/01/2008 09:00,0.11387,0.10489,0.13526,0.18097,0.08548,0.09911,0.08736
13/01/2008 10:00,0.1361,0.11603,0.18168,0.18595,0.10004,0.07645,0.06432
13/01/2008 11:00,0.15225,0.13097,0.14667,0.18661,0.13708,0.08979,0.12554
13/01/2008 12:00,0.15422,0.09538,0.07984,0.20164,0.09926,0.08859,0.11679
13/01/2008 13:00,0.1623,0.08419,0.04837,0.17191,0.08994,0.078,0.13145
13/01/2008 14:00,0.1272,0.07304,0.02891,0.06159,0.06392,0.04201,0.1704
13/01/2008 15:00,0.07028,0.04296,0.0145,0.01394,0.02661,0.02044,0.06421
13/01/2008 16:00,0,0,0,0,0,0,0
13/01/2008 17:00,0,0,0,0,0,0,0
13/01/2008 18:00,0,0,0,0,0,0,0
13/01/2008 19:00,0,0,0,0,0,0,0
13/01/2008 20:00,0,0,0,0,0,0,0
13/01/2008 21:00,0,0,0,0,0,0,0
13/01/2008 22:00,0,0,0,0,0,0,0
13/01/2008 23:00,0,0,0,0,0,0,0
14/01/2008 00:00,0,0,0,0,0,0,0
14/01/2008 01:00,0,0,0,0,0,0,0
14/01/2008 02:00,0,0,0,0,0,0,0
14/01/2008 03:00,0,0,0,0,0,0,0
14/01/2008 04:00,0,0,0,0,0,0,0
14/01/2008 05:00,0,0,0,0,0,0,0
14/01/2008 06:00,0,0,0,0,0,0,0
14/01/2008 07:00,0,0,0,0,0.03297,0,0.03514
14/01/2008 08:00,0.02468,0.03462,0.02722,0.0574,0.04129,0.05682,0.01339
14/01/2008 09:00,0.07514,0.05411,0.07941,0.04704,0.05907,0.08689,0.03496
14/01/2008 10:00,0.06985,0.08391,0.17118,0.12864,0.08888,0.15113,0.03975
14/01/2008 11:00,0.12836,0.06275,0.1891,0.39898,0.14267,0.19598,0.03619
14/01/2008 12:00,0.09617,0.09811,0.10583,0.20896,0.11778,0.17598,0.04585
14/01/2008 13:00,0.0678,0.05918,0.24516,0.2502,0.10146,0.24787,0.03564
14/01/2008 14:00,0.07054,0.04301,0.02945,0.11763,0.09515,0.05633,0.03899
14/01/2008 15:00,0.03243,0.0301,0.01015,0.03006,0.01832,0.02975,0.02136
14/01/2008 16:00,0,0,0,0,0,0,0
14/01/2008 17:00,0,0,0,0,0,0,0
14/01/2008 18:00,0,0,0,0,0,0,0
14/01/2008 19:00,0,0,0,0,0,0,0
14/01/2008 20:00,0,0,0,0,0,0,0
14/01/2008 21:00,0,0,0,0,0,0,0
14/01/2008 22:00,0,0,0,0,0,0,0
14/01/2008 23:00,0,0,0,0,0,0,0
15/01/2008 00:00,0,0,0,0,0,0,0
15/01/2008 01:00,0,0,0,0,0,0,0
15/01/2008 02:00,0,0,0,0,0,0,0
15/01/2008 03:00,0,0,0,0,0,0,0
15/01/2008 04:00,0,0,0,0,0,0,0
15/01/2008 05:00,0,0,0,0,0,0,0
15/01/2008 06:00,0,0,0,0,0,0,0
15/01/2008 07:00,0,0,0,0,0.03019,0,0.04548
15/01/2008 08:00,0.07222,0.07112,0.10015,0.15684,0.05947,0.09104,0.00794
15/01/2008 09:00,0.15391,0.15373,0.17125,0.3567,0.16199,0.23511,0.03191
15/01/2008 10:00,0.18438,0.1747,0.18539,0.42745,0.20296,0.19824,0.03281
15/01/2008 11:00,0.23729,0.22916,0.22613,0.4651,0.21231,0.17806,0.0378
15/01/2008 12:00,0.23358,0.24711,0.28441,0.46016,0.18737,0.24228,0.03118
15/01/2008 13:00,0.18807,0.26213,0.31244,0.36788,0.16519,0.19962,0.02198
15/01/2008 14:00,0.13151,0.16207,0.22812,0.2926,0.0966,0.19329,0.01713
15/01/2008 15:00,0.05564,0.04915,0.07384,0.0336,0.05432,0.0959,0.01263
15/01/2008 16:00,0,0,0,0,0,0,0
15/01/2008 17:00,0,0,0,0,0,0,0
15/01/2008 18:00,0,0,0,0,0,0,0
15/01/2008 19:00,0,0,0,0,0,0,0
15/01/2008 20:00,0,0,0,0,0,0,0
15/01/2008 21:00,0,0,0,0,0,0,0
15/01/2008 22:00,0,0,0,0,0,0,0
15/01/2008 23:00,0,0,0,0,0,0,0
16/01/2008 00:00,0,0,0,0,0,0,0
16/01/2008 01:00,0,0,0,0,0,0,0
16/01/2008 02:00,0,0,0,0,0,0,0
16/01/2008 03:00,0,0,0,0,0,0,0
16/01/2008 04:00,0,0,0,0,0,0,0
16/01/2008 05:00,0,0,0,0,0,0,0
16/01/2008 06:00,0,0,0,0,0,0,0
16/01/2008 07:00,0,0,0,0,0.02854,0,0.06314
16/01/2008 08:00,0.02055,0.01192,0.00649,0.01697,0.08587,0.03532,0.02203
16/01/2008 09:00,0.0577,0.07656,0.01566,0.03504,0.0836,0.09546,0.03741
16/01/2008 10:00,0.14613,0.1196,0.04587,0.13079,0.19816,0.19744,0.06659
16/01/2008 11:00,0.17321,0.19236,0.14214,0.0815,0.14777,0.16359,0.04622
16/01/2008 12:00,0.20116,0.19427,0.16325,0.11264,0.1259,0.18448,0.03044
16/01/2008 13:00,0.17156,0.22008,0.18179,0.10739,0.08861,0.11963,0.0284
16/01/2008 14:00,0.13746,0.1737,0.15227,0.06025,0.0292,0.0545,0.01573
16/01/2008 15:00,0.08312,0.09488,0.10325,0.01369,0.00762,0.02681,0.01977
16/01/2008 16:00,0,0,0,0,0,0,0
16/01/2008 17:00,0,0,0,0,0,0,0
16/01/2008 18:00,0,0,0,0,0,0,0
16/01/2008 19:00,0,0,0,0,0,0,0
16/01/2008 20:00,0,0,0,0,0,0,0
16/01/2008 21:00,0,0,0,0,0,0,0
16/01/2008 22:00,0,0,0,0,0,0,0
16/01/2008 23:00,0,0,0,0,0,0,0
17/01/2008 00:00,0,0,0,0,0,0,0
17/01/2008 01:00,0,0,0,0,0,0,0
17/01/2008 02:00,0,0,0,0,0,0,0
17/01/2008 03:00,0,0,0,0,0,0,0
17/01/2008 04:00,0,0,0,0,0,0,0
17/01/2008 05:00,0,0,0,0,0,0,0
17/01/2008 06:00,0,0,0,0,0,0,0
17/01/2008 07:00,0,0,0,0,0.03516,0,0.06648
17/01/2008 08:00,0.0859,0.10381,0.14792,0.09209,0.12473,0.10222,0.09076
17/01/2008 09:00,0.17566,0.24378,0.19721,0.1682,0.20517,0.20099,0.1503
17/01/2008 10:00,0.20652,0.32801,0.47413,0.43864,0.14768,0.3509,0.18919
17/01/2008 11:00,0.27384,0.36031,0.47143,0.58552,0.21691,0.40076,0.2072
17/01/2008 12:00,0.27559,0.35889,0.48866,0.48839,0.22063,0.3368,0.20356
17/01/2008 13:00,0.21657,0.35947,0.44268,0.51653,0.20994,0.3177,0.19891
17/01/2008 14:00,0.15973,0.24521,0.38413,0.39437,0.1556,0.2907,0.22557
17/01/2008 15:00,0.0871,0.09194,0.23946,0.19176,0.10897,0.20635,0.07806
17/01/2008 16:00,0.00033,0,0,0,0,0,0
17/01/2008 17:00,0,0,0,0,0,0,0
17/01/2008 18:00,0,0,0,0,0,0,0
17/01/2008 19:00,0,0,0,0,0,0,0
17/01/2008 20:00,0,0,0,0,0,0,0
17/01/2008 21:00,0,0,0,0,0,0,0
17/01/2008 22:00,0,0,0,0,0,0,0
17/01/2008 23:00,0,0,0,0,0,0,0
18/01/2008 00:00,0,0,0,0,0,0,0
18/01/2008 01:00,0,0,0,0,0,0,0
18/01/2008 02:00,0,0,0,0,0,0,0
18/01/2008 03:00,0,0,0,0,0,0,0
18/01/2008 04:00,0,0,0,0,0,0,0
18/01/2008 05:00,0,0,0,0,0,0,0
18/01/2008 06:00,0,0,0,0,0,0,0
18/01/2008 07:00,0,0,0,0,0.0365,0.00379,0.05693
18/01/2008 08:00,0.05387,0.07995,0.06601,0.04494,0.0834,0.05328,0.09258
18/01/2008 09:00,0.14164,0.13372,0.14515,0.05097,0.1013,0.15103,0.18779
18/01/2008 10:00,0.17643,0.21333,0.31482,0.38517,0.14878,0.32738,0.2557
18/01/2008 11:00,0.2381,0.31456,0.50278,0.49157,0.21154,0.34892,0.25314
18/01/2008 12:00,0.1928,0.31271,0.34183,0.33677,0.15965,0.30097,0.24455
18/01/2008 13:00,0.0757,0.07851,0.0916,0.13002,0.1729,0.17655,0.21986
18/01/2008 14:00,0.03008,0.01494,0.02739,0.02902,0.07613,0.03887,0.19294
18/01/2008 15:00,0.0101,0.0092,0.00569,0.00972,0.04666,0.00691,0.10824
18/01/2008 16:00,0.00145,0,0,0,0,0,0
18/01/2008 17:00,0,0,0,0,0,0,0
18/01/2008 18:00,0,0,0,0,0,0,0
18/01/2008 19:00,0,0,0,0,0,0,0
18/01/2008 20:00,0,0,0,0,0,0,0
18/01/2008 21:00,0,0,0,0,0,0,0
18/01/2008 22:00,0,0,0,0,0,0,0
18/01/2008 23:00,0,0,0,0,0,0,0
19/01/2008 00:00,0,0,0,0,0,0,0
19/01/2008 01:00,0,0,0,0,0,0,0
19/01/2008 02:00,0,0,0,0,0,0,0
19/01/2008 03:00,0,0,0,0,0,0,0
19/01/2008 04:00,0,0,0,0,0,0,0
19/01/2008 05:00,0,0,0,0,0,0,0
19/01/2008 06:00,0,0,0,0,0,0,0
19/01/2008 07:00,0.00494,0,0,0,0.02858,0.03784,0.03275
19/01/2008 08:00,0.05533,0.0513,0.12032,0.14143,0.15625,0.09011,0.15002
19/01/2008 09:00,0.10246,0.09983,0.12925,0.27298,0.22396,0.13623,0.21701
19/01/2008 10:00,0.12123,0.17484,0.23556,0.24427,0.20812,0.2438,0.30342
19/01/2008 11:00,0.15095,0.22485,0.22901,0.42076,0.22419,0.35025,0.29508
19/01/2008 12:00,0.1597,0.22135,0.24442,0.21403,0.18982,0.30001,0.29223
19/01/2008 13:00,0.15766,0.21752,0.18234,0.17619,0.15483,0.25133,0.24585
19/01/2008 14:00,0.13514,0.16024,0.09367,0.07909,0.08519,0.16258,0.19769
19/01/2008 15:00,0.08782,0.07624,0.02179,0.00858,0.03777,0.05412,0.07324
19/01/2008 16:00,0.00412,0,0,0,0,0,0
19/01/2008 17:00,0,0,0,0,0,0,0
19/01/2008 18:00,0,0,0,0,0,0,0
19/01/2008 19:00,0,0,0,0,0,0,0
19/01/2008 20:00,0,0,0,0,0,0,0
19/01/2008 21:00,0,0,0,0,0,0,0
19/01/2008 22:00,0,0,0,0,0,0,0
19/01/2008 23:00,0,0,0,0,0,0,0
20/01/2008 00:00,0,0,0,0,0,0,0
20/01/2008 01:00,0,0,0,0,0,0,0
20/01/2008 02:00,0,0,0,0,0,0,0
20/01/2008 03:00,0,0,0,0,0,0,0
20/01/2008 04:00,0,0,0,0,0,0,0
20/01/2008 05:00,0,0,0,0,0,0,0
20/01/2008 06:00,0,0,0,0,0,0,0
20/01/2008 07:00,0.02257,0.0056,0,0.01879,0.02204,0.04502,0.01692
20/01/2008 08:00,0.192,0.17166,0.18275,0.20506,0.17368,0.15968,0.12362
20/01/2008 09:00,0.27182,0.33358,0.42444,0.50437,0.3065,0.32637,0.24039
20/01/2008 10:00,0.32393,0.46602,0.58018,0.59369,0.31451,0.40843,0.30873
20/01/2008 11:00,0.34048,0.52955,0.67572,0.67553,0.29478,0.45919,0.31523
20/01/2008 12:00,0.33886,0.51972,0.65113,0.67017,0.29629,0.42956,0.31702
20/01/2008 13:00,0.30963,0.4653,0.5854,0.59136,0.24631,0.37345,0.29509
20/01/2008 14:00,0.25234,0.35267,0.4374,0.425,0.18613,0.27729,0.23054
20/01/2008 15:00,0.10719,0.12836,0.12568,0.11532,0.05968,0.12583,0.11812
20/01/2008 16:00,0.00707,0.00085,0,0,0,0,0
20/01/2008 17:00,0,0,0,0,0,0,0
20/01/2008 18:00,0,0,0,0,0,0,0
20/01/2008 19:00,0,0,0,0,0,0,0
20/01/2008 20:00,0,0,0,0,0,0,0
20/01/2008 21:00,0,0,0,0,0,0,0
20/01/2008 22:00,0,0,0,0,0,0,0
20/01/2008 23:00,0,0,0,0,0,0,0
21/01/2008 00:00,0,0,0,0,0,0,0
21/01/2008 01:00,0,0,0,0,0,0,0
21/01/2008 02:00,0,0,0,0,0,0,0
21/01/2008 03:00,0,0,0,0,0,0,0
21/01/2008 04:00,0,0,0,0,0,0,0
21/01/2008 05:00,0,0,0,0,0,0,0
21/01/2008 06:00,0,0,0,0,0,0,0
21/01/2008 07:00,0.0277,0.00832,0,0.06029,0.01552,0.04374,0.0111
21/01/2008 08:00,0.22969,0.17971,0.15478,0.26965,0.14383,0.25939,0.12963
21/01/2008 09:00,0.32049,0.29015,0.28943,0.4965,0.27453,0.42361,0.21338
21/01/2008 10:00,0.36261,0.38467,0.42011,0.62391,0.32764,0.52557,0.31536
21/01/2008 11:00,0.43534,0.48231,0.52209,0.64211,0.38781,0.5755,0.33054
21/01/2008 12:00,0.41593,0.51561,0.5546,0.59191,0.38129,0.60436,0.28922
21/01/2008 13:00,0.40042,0.44816,0.51242,0.53169,0.36579,0.52333,0.1878
21/01/2008 14:00,0.25386,0.34897,0.41853,0.36721,0.30204,0.35157,0.11819
21/01/2008 15:00,0.12238,0.16862,0.18275,0.145,0.14649,0.11507,0.09024
21/01/2008 16:00,0.00652,0.00466,0,0,0,0,0
21/01/2008 17:00,0,0,0,0,0,0,0
21/01/2008 18:00,0,0,0,0,0,0,0
21/01/2008 19:00,0,0,0,0,0,0,0
21/01/2008 20:00,0,0,0,0,0,0,0
21/01/2008 21:00,0,0,0,0,0,0,0
21/01/2008 22:00,0,0,0,0,0,0,0
21/01/2008 23:00,0,0,0,0,0,0,0
22/01/2008 00:00,0,0,0,0,0,0,0
22/01/2008 01:00,0,0,0,0,0,0,0
22/01/2008 02:00,0,0,0,0,0,0,0
22/01/2008 03:00,0,0,0,0,0,0,0
22/01/2008 04:00,0,0,0,0,0,0,0
22/01/2008 05:00,0,0,0,0,0,0,0
22/01/2008 06:00,0,0,0,0,0,0,0
22/01/2008 07:00,0.02823,0.01283,0.00968,0.08359,0.00981,0.04256,0.00757
22/01/2008 08:00,0.05046,0.07869,0.10029,0.21777,0.05774,0.11989,0.07552
22/01/2008 09:00,0.0753,0.0629,0.07219,0.08665,0.06414,0.09369,0.23179
22/01/2008 10:00,0.0579,0.03339,0.02636,0.03143,0.04818,0.03517,0.24505
22/01/2008 11:00,0.0388,0.04256,0.04434,0.0398,0.04196,0.03004,0.21254
22/01/2008 12:00,0.08655,0.05545,0.0758,0.04583,0.03428,0.02753,0.24993
22/01/2008 13:00,0.14691,0.05708,0.10383,0.04086,0.03209,0.02392,0.19134
22/01/2008 14:00,0.11359,0.05434,0.19998,0.1276,0.0521,0.01915,0.19561
22/01/2008 15:00,0.08484,0.05045,0.1908,0.10658,0.0439,0.04386,0.10728
22/01/2008 16:00,0.00556,0.0084,0,0,0,0,0
22/01/2008 17:00,0,0,0,0,0,0,0
22/01/2008 18:00,0,0,0,0,0,0,0
22/01/2008 19:00,0,0,0,0,0,0,0
22/01/2008 20:00,0,0,0,0,0,0,0
22/01/2008 21:00,0,0,0,0,0,0,0
22/01/2008 22:00,0,0,0,0,0,0,0
22/01/2008 23:00,0,0,0,0,0,0,0
23/01/2008 00:00,0,0,0,0,0,0,0
23/01/2008 01:00,0,0,0,0,0,0,0
23/01/2008 02:00,0,0,0,0,0,0,0
23/01/2008 03:00,0,0,0,0,0,0,0
23/01/2008 04:00,0,0,0,0,0,0,0
23/01/2008 05:00,0,0,0,0,0,0,0
23/01/2008 06:00,0,0,0,0,0,0,0
23/01/2008 07:00,0.02854,0.01784,0.03536,0.05045,0.00936,0.04509,0.00557
23/01/2008 08:00,0.13782,0.19633,0.29424,0.31418,0.10484,0.1647,0.16603
23/01/2008 09:00,0.25975,0.34382,0.50868,0.53275,0.18949,0.27448,0.30045
23/01/2008 10:00,0.31492,0.44071,0.64833,0.67261,0.2446,0.33987,0.38048
23/01/2008 11:00,0.348,0.49367,0.70216,0.66206,0.25109,0.36939,0.39895
23/01/2008 12:00,0.34857,0.49555,0.69558,0.5955,0.19637,0.34127,0.38691
23/01/2008 13:00,0.32477,0.45084,0.49468,0.22051,0.20665,0.30884,0.37961
23/01/2008 14:00,0.2688,0.37349,0.46846,0.21385,0.13299,0.22227,0.28648
23/01/2008 15:00,0.15275,0.19837,0.22532,0.09005,0.08997,0.1127,0.14797
23/01/2008 16:00,0.00417,0.00735,0,0,0,0,0
23/01/2008 17:00,0,0,0,0,0,0,0
23/01/2008 18:00,0,0,0,0,0,0,0
23/01/2008 19:00,0,0,0,0,0,0,0
23/01/2008 20:00,0,0,0,0,0,0,0
23/01/2008 21:00,0,0,0,0,0,0,0
23/01/2008 22:00,0,0,0,0,0,0,0
23/01/2008 23:00,0,0,0,0,0,0,0
24/01/2008 00:00,0,0,0,0,0,0,0
24/01/2008 01:00,0,0,0,0,0,0,0
24/01/2008 02:00,0,0,0,0,0,0,0
24/01/2008 03:00,0,0,0,0,0,0,0
24/01/2008 04:00,0,0,0,0,0,0,0
24/01/2008 05:00,0,0,0,0,0,0,0
24/01/2008 06:00,0,0,0,0,0,0,0
24/01/2008 07:00,0.02243,0.02949,0.05938,0.02001,0.00515,0.025,0.00405
24/01/2008 08:00,0.1422,0.21487,0.31117,0.31997,0.12795,0.21217,0.18404
24/01/2008 09:00,0.27673,0.3852,0.51426,0.54128,0.2313,0.35565,0.31389
24/01/2008 10:00,0.32786,0.48123,0.64435,0.66921,0.30539,0.41659,0.418
24/01/2008 11:00,0.3439,0.52981,0.68866,0.70964,0.32399,0.45192,0.41787
24/01/2008 12:00,0.34674,0.50565,0.60644,0.67274,0.30686,0.4306,0.40057
24/01/2008 13:00,0.33825,0.43613,0.56199,0.57292,0.27557,0.38544,0.37578
24/01/2008 14:00,0.27624,0.34023,0.3751,0.36956,0.18869,0.2676,0.30447
24/01/2008 15:00,0.13572,0.18128,0.15205,0.16067,0.08531,0.10694,0.15739
24/01/2008 16:00,0.00294,0.00557,0.01103,0,0,0.00617,0.01142
24/01/2008 17:00,0,0,0,0,0,0,0
24/01/2008 18:00,0,0,0,0,0,0,0
24/01/2008 19:00,0,0,0,0,0,0,0
24/01/2008 20:00,0,0,0,0,0,0,0
24/01/2008 21:00,0,0,0,0,0,0,0
24/01/2008 22:00,0,0,0,0,0,0,0
24/01/2008 23:00,0,0,0,0,0,0,0
25/01/2008 00:00,0,0,0,0,0,0,0
25/01/2008 01:00,0,0,0,0,0,0,0
25/01/2008 02:00,0,0,0,0,0,0,0
25/01/2008 03:00,0,0,0,0,0,0,0
25/01/2008 04:00,0,0,0,0,0,0,0
25/01/2008 05:00,0,0,0,0,0,0,0
25/01/2008 06:00,0,0,0,0,0,0,0
25/01/2008 07:00,0.02133,0.0351,0.04694,0.01137,0.00334,0.01135,0.00295
25/01/2008 08:00,0.15954,0.17183,0.18427,0.12309,0.14531,0.16083,0.22655
25/01/2008 09:00,0.27192,0.27239,0.13547,0.09051,0.21064,0.22944,0.32917
25/01/2008 10:00,0.31982,0.29698,0.12111,0.07224,0.21554,0.16938,0.39498
25/01/2008 11:00,0.34278,0.31984,0.09865,0.0793,0.19316,0.1704,0.43052
25/01/2008 12:00,0.3513,0.28171,0.07476,0.05873,0.17861,0.13534,0.43778
25/01/2008 13:00,0.31916,0.29868,0.09378,0.07396,0.16981,0.15398,0.41154
25/01/2008 14:00,0.24908,0.26725,0.08204,0.08065,0.12932,0.15376,0.32126
25/01/2008 15:00,0.14388,0.13938,0.05488,0.02715,0.06528,0.06044,0.16292
25/01/2008 16:00,0.00193,0.00363,0.00923,0,7.00E-05,0.00877,0.00871
25/01/2008 17:00,0,0,0,0,0,0,0
25/01/2008 18:00,0,0,0,0,0,0,0
25/01/2008 19:00,0,0,0,0,0,0,0
25/01/2008 20:00,0,0,0,0,0,0,0
25/01/2008 21:00,0,0,0,0,0,0,0
25/01/2008 22:00,0,0,0,0,0,0,0
25/01/2008 23:00,0,0,0,0,0,0,0
26/01/2008 00:00,0,0,0,0,0,0,0
26/01/2008 01:00,0,0,0,0,0,0,0
26/01/2008 02:00,0,0,0,0,0,0,0
26/01/2008 03:00,0,0,0,0,0,0,0
26/01/2008 04:00,0,0,0,0,0,0,0
26/01/2008 05:00,0,0,0,0,0,0,0
26/01/2008 06:00,0,0,0,0,0,0,0
26/01/2008 07:00,0.01105,0.04006,0.03788,0.00739,0.00241,0.00706,0.0022
26/01/2008 08:00,0.10449,0.11965,0.06942,0.07841,0.08355,0.11941,0.15558
26/01/2008 09:00,0.22056,0.28771,0.21047,0.17254,0.18166,0.27183,0.31481
26/01/2008 10:00,0.2823,0.39115,0.26027,0.31716,0.29842,0.36102,0.44226
26/01/2008 11:00,0.35995,0.46862,0.37363,0.51396,0.40987,0.47245,0.46191
26/01/2008 12:00,0.35856,0.49146,0.48375,0.52318,0.37903,0.47204,0.43947
26/01/2008 13:00,0.33608,0.40538,0.41869,0.46029,0.38087,0.37266,0.41491
26/01/2008 14:00,0.27782,0.31166,0.43729,0.47366,0.24989,0.24841,0.31226
26/01/2008 15:00,0.11598,0.16133,0.24628,0.2714,0.1267,0.17629,0.13286
26/01/2008 16:00,0.00123,0.00231,0.00702,0.01098,0.00225,0.00647,0.00553
26/01/2008 17:00,0,0,0,0,0,0,0
26/01/2008 18:00,0,0,0,0,0,0,0
26/01/2008 19:00,0,0,0,0,0,0,0
26/01/2008 20:00,0,0,0,0,0,0,0
26/01/2008 21:00,0,0,0,0,0,0,0
26/01/2008 22:00,0,0,0,0,0,0,0
26/01/2008 23:00,0,0,0,0,0,0,0
27/01/2008 00:00,0,0,0,0,0,0,0
27/01/2008 01:00,0,0,0,0,0,0,0
27/01/2008 02:00,0,0,0,0,0,0,0
27/01/2008 03:00,0,0,0,0,0,0,0
27/01/2008 04:00,0,0,0,0,0,0,0
27/01/2008 05:00,0,0,0,0,0,0,0
27/01/2008 06:00,0,0,0,0,0,0,0
27/01/2008 07:00,0.01638,0.02804,0.01662,0.00488,0.00185,0.00456,0.00155
27/01/2008 08:00,0.14616,0.1495,0.01784,0.01674,0.08598,0.01704,0.28713
27/01/2008 09:00,0.26936,0.27925,0.06395,0.01952,0.11895,0.08348,0.42143
27/01/2008 10:00,0.36403,0.43355,0.09224,0.0421,0.16202,0.15846,0.47641
27/01/2008 11:00,0.49109,0.53325,0.14486,0.04031,0.14189,0.11993,0.48091
27/01/2008 12:00,0.54193,0.48628,0.11761,0.03728,0.12956,0.08268,0.4799
27/01/2008 13:00,0.39289,0.37926,0.15062,0.02835,0.13445,0.128,0.44688
27/01/2008 14:00,0.22518,0.36408,0.10105,0.01533,0.15889,0.24084,0.37588
27/01/2008 15:00,0.12917,0.26113,0.03494,0.00535,0.14904,0.20368,0.17693
27/01/2008 16:00,0.00077,0.00148,0.00413,0.00848,0.00635,0.00432,0.00338
27/01/2008 17:00,0,0,0,0,0,0,0
27/01/2008 18:00,0,0,0,0,0,0,0
27/01/2008 19:00,0,0,0,0,0,0,0
27/01/2008 20:00,0,0,0,0,0,0,0
27/01/2008 21:00,0,0,0,0,0,0,0
27/01/2008 22:00,0,0,0,0,0,0,0
27/01/2008 23:00,0,0,0,0,0,0,0
28/01/2008 00:00,0,0,0,0,0,0,0
28/01/2008 01:00,0,0,0,0,0,0,0
28/01/2008 02:00,0,0,0,0,0,0,0
28/01/2008 03:00,0,0,0,0,0,0,0
28/01/2008 04:00,0,0,0,0,0,0,0
28/01/2008 05:00,0,0,0,0,0,0,0
28/01/2008 06:00,0,0,0,0,0,0,0
28/01/2008 07:00,0.02696,0.02186,0.00868,0.00343,0.00135,0.00317,0.00109
28/01/2008 08:00,0.16829,0.24732,0.20864,0.11633,0.09417,0.22875,0.17947
28/01/2008 09:00,0.3013,0.42728,0.50485,0.4356,0.24869,0.29701,0.40102
28/01/2008 10:00,0.36099,0.53043,0.65453,0.62805,0.33366,0.53512,0.49142
28/01/2008 11:00,0.41025,0.57977,0.70662,0.70639,0.42183,0.52348,0.50699
28/01/2008 12:00,0.41311,0.57467,0.68466,0.69248,0.36611,0.48359,0.49614
28/01/2008 13:00,0.38987,0.52408,0.62989,0.62627,0.31783,0.42525,0.46334
28/01/2008 14:00,0.31165,0.41282,0.4948,0.47848,0.23805,0.34057,0.38233
28/01/2008 15:00,0.18177,0.2325,0.24406,0.23172,0.13231,0.1824,0.25669
28/01/2008 16:00,0.00043,0.00091,0.00254,0.0051,0.00651,0.00259,0.00205
28/01/2008 17:00,0,0,0,0,0,0,0
28/01/2008 18:00,0,0,0,0,0,0,0
28/01/2008 19:00,0,0,0,0,0,0,0
28/01/2008 20:00,0,0,0,0,0,0,0
28/01/2008 21:00,0,0,0,0,0,0,0
28/01/2008 22:00,0,0,0,0,0,0,0
28/01/2008 23:00,0,0,0,0,0,0,0
29/01/2008 00:00,0,0,0,0,0,0,0
29/01/2008 01:00,0,0,0,0,0,0,0
29/01/2008 02:00,0,0,0,0,0,0,0
29/01/2008 03:00,0,0,0,0,0,0,0
29/01/2008 04:00,0,0,0,0,0,0,0
29/01/2008 05:00,0,0,0,0,0,0,0
29/01/2008 06:00,0,0,0,0,0,0,0
29/01/2008 07:00,0.01036,0.00892,0.00536,0.00241,0.00135,0.00223,0.00078
29/01/2008 08:00,0.17203,0.23785,0.2881,0.31438,0.13391,0.24023,0.20737
29/01/2008 09:00,0.32552,0.41744,0.45826,0.49915,0.27412,0.37402,0.37257
29/01/2008 10:00,0.39943,0.54473,0.61833,0.59716,0.36126,0.48446,0.50954
29/01/2008 11:00,0.44303,0.59511,0.71238,0.70286,0.39089,0.52023,0.55535
29/01/2008 12:00,0.4424,0.5847,0.69376,0.70399,0.38321,0.49225,0.53997
29/01/2008 13:00,0.39246,0.5474,0.62095,0.64243,0.34678,0.4419,0.50664
29/01/2008 14:00,0.23649,0.36687,0.50165,0.42306,0.23344,0.35188,0.3984
29/01/2008 15:00,0.15458,0.11203,0.13095,0.2738,0.15998,0.11941,0.21274
29/01/2008 16:00,0.00026,0.00053,0.00161,0.00308,0.00481,0.00163,0.0013
29/01/2008 17:00,0,0,0,0,0,0,0
29/01/2008 18:00,0,0,0,0,0,0,0
29/01/2008 19:00,0,0,0,0,0,0,0
29/01/2008 20:00,0,0,0,0,0,0,0
29/01/2008 21:00,0,0,0,0,0,0,0
29/01/2008 22:00,0,0,0,0,0,0,0
29/01/2008 23:00,0,0,0,0,0,0,0
30/01/2008 00:00,0,0,0,0,0,0,0
30/01/2008 01:00,0,0,0,0,0,0,0
30/01/2008 02:00,0,0,0,0,0,0,0
30/01/2008 03:00,0,0,0,0,0,0,0
30/01/2008 04:00,0,0,0,0,0,0,0
30/01/2008 05:00,0,0,0,0,0,0,0
30/01/2008 06:00,0,0,0,0,0,0,0
30/01/2008 07:00,0.00494,0.00498,0.00345,0.00165,0.00081,0.00151,0.00055
30/01/2008 08:00,0.03865,0.03829,0.01927,0.04352,0.06503,0.02727,0.02477
30/01/2008 09:00,0.08068,0.09092,0.08389,0.03368,0.12919,0.08802,0.04228
30/01/2008 10:00,0.08702,0.17923,0.09544,0.08977,0.12953,0.07753,0.1216
30/01/2008 11:00,0.07098,0.12666,0.24801,0.05232,0.17336,0.14436,0.26583
30/01/2008 12:00,0.07105,0.05276,0.15718,0.11803,0.1554,0.06548,0.45854
30/01/2008 13:00,0.05535,0.03684,0.03796,0.04855,0.12206,0.04452,0.40983
30/01/2008 14:00,0.06052,0.02371,0.02959,0.03103,0.085,0.02088,0.25135
30/01/2008 15:00,0.05147,0.02194,0.02003,0.02228,0.04228,0.01965,0.15953
30/01/2008 16:00,2.00E-04,0.00031,0.00104,0.00198,0.00327,0.00105,0.00084
30/01/2008 17:00,0,0,0,0,0,0,0
30/01/2008 18:00,0,0,0,0,0,0,0
30/01/2008 19:00,0,0,0,0,0,0,0
30/01/2008 20:00,0,0,0,0,0,0,0
30/01/2008 21:00,0,0,0,0,0,0,0
30/01/2008 22:00,0,0,0,0,0,0,0
30/01/2008 23:00,0,0,0,0,0,0,0
31/01/2008 00:00,0,0,0,0,0,0,0
31/01/2008 01:00,0,0,0,0,0,0,0
31/01/2008 02:00,0,0,0,0,0,0,0
31/01/2008 03:00,0,0,0,0,0,0,0
31/01/2008 04:00,0,0,0,0,0,0,0
31/01/2008 05:00,0,0,0,0,0,0,0
31/01/2008 06:00,0,0,0,0,0,0,0
31/01/2008 07:00,0.00297,0.00317,0.00235,0.00115,0.00171,0.00104,0.00041
31/01/2008 08:00,0.06922,0.06848,0.06799,0.09382,0.07628,0.06453,0.21587
31/01/2008 09:00,0.1251,0.11677,0.08834,0.12349,0.16197,0.11784,0.39897
31/01/2008 10:00,0.18618,0.14225,0.06941,0.16367,0.19888,0.17278,0.56863
31/01/2008 11:00,0.28355,0.16556,0.07112,0.14287,0.24806,0.1483,0.59271
31/01/2008 12:00,0.32121,0.19719,0.0762,0.15288,0.20717,0.12278,0.55601
31/01/2008 13:00,0.33969,0.20966,0.12452,0.22242,0.23176,0.21165,0.47175
31/01/2008 14:00,0.29037,0.22541,0.05993,0.16576,0.18667,0.14018,0.37145
31/01/2008 15:00,0.1747,0.19644,0.09961,0.08012,0.11126,0.09624,0.20057
31/01/2008 16:00,0.00013,0.00016,0.00061,0.00123,0.00199,0.00061,0.00046
31/01/2008 17:00,0,0,0,0,0,0,0
31/01/2008 18:00,0,0,0,0,0,0,0
31/01/2008 19:00,0,0,0,0,0,0,0
31/01/2008 20:00,0,0,0,0,0,0,0
31/01/2008 21:00,0,0,0,0,0,0,0
31/01/2008 22:00,0,0,0,0,0,0,0
31/01/2008 23:00,0,0,0,0,0,0,0
01/02/2008 00:00,0,0,0,0,0,0,0
01/02/2008 01:00,0,0,0,0,0,0,0
01/02/2008 02:00,0,0,0,0,0,0,0
01/02/2008 03:00,0,0,0,0,0,0,0
01/02/2008 04:00,0,0,0,0,0,0,0
01/02/2008 05:00,0,0,0,0,0,0,0
01/02/2008 06:00,0,0,0,0,0,0,0
01/02/2008 07:00,0.00182,0.002,0.00151,0.00071,0.00193,0.00063,0.00092
01/02/2008 08:00,0.04343,0.05379,0.0581,0.05019,0.05656,0.0439,0.01353
01/02/2008 09:00,0.16774,0.11939,0.15014,0.09726,0.07958,0.14486,0.03446
01/02/2008 10:00,0.19435,0.23892,0.23337,0.16977,0.14071,0.36456,0.064
01/02/2008 11:00,0.25697,0.27292,0.20919,0.17329,0.30278,0.43908,0.10082
01/02/2008 12:00,0.30658,0.3208,0.42631,0.3088,0.37883,0.44936,0.09321
01/02/2008 13:00,0.26892,0.20412,0.28043,0.51009,0.39887,0.42233,0.05539
01/02/2008 14:00,0.17157,0.24251,0.26276,0.17132,0.26403,0.26402,0.06656
01/02/2008 15:00,0.09184,0.09667,0.10737,0.13168,0.1627,0.26129,0.01278
01/02/2008 16:00,0.0042,0.00215,0.00027,0.00069,0.00119,0.00028,0.00019
01/02/2008 17:00,0,0,0,0,0,0,0
01/02/2008 18:00,0,0,0,0,0,0,0
01/02/2008 19:00,0,0,0,0,0,0,0
01/02/2008 20:00,0,0,0,0,0,0,0
01/02/2008 21:00,0,0,0,0,0,0,0
01/02/2008 22:00,0,0,0,0,0,0,0
01/02/2008 23:00,0,0,0,0,0,0,0
02/02/2008 00:00,0,0,0,0,0,0,0
02/02/2008 01:00,0,0,0,0,0,0,0
02/02/2008 02:00,0,0,0,0,0,0,0
02/02/2008 03:00,0,0,0,0,0,0,0
02/02/2008 04:00,0,0,0,0,0,0,0
02/02/2008 05:00,0,0,0,0,0,0,0
02/02/2008 06:00,0,0,0,0,0,0,0
02/02/2008 07:00,0.00216,0.00131,0.001,0.00043,0.02629,0.00209,0.03707
02/02/2008 08:00,0.0949,0.10259,0.07962,0.11182,0.13448,0.07931,0.14551
02/02/2008 09:00,0.12886,0.10749,0.0661,0.06609,0.14493,0.1368,0.18972
02/02/2008 10:00,0.15666,0.10779,0.11551,0.06325,0.10131,0.05877,0.28057
02/02/2008 11:00,0.16362,0.14383,0.24754,0.11498,0.15569,0.05211,0.27812
02/02/2008 12:00,0.17866,0.1826,0.35052,0.16809,0.12651,0.04289,0.45328
02/02/2008 13:00,0.22225,0.20623,0.37215,0.22573,0.09966,0.05443,0.43658
02/02/2008 14:00,0.21794,0.18174,0.30455,0.2128,0.09856,0.06793,0.36827
02/02/2008 15:00,0.15066,0.12287,0.19841,0.14251,0.07656,0.0543,0.20384
02/02/2008 16:00,0.01943,0.00644,0.00019,0.00039,7.00E-04,0.00014,7.00E-05
02/02/2008 17:00,0,0,0,0,0,0,0
02/02/2008 18:00,0,0,0,0,0,0,0
02/02/2008 19:00,0,0,0,0,0,0,0
02/02/2008 20:00,0,0,0,0,0,0,0
02/02/2008 21:00,0,0,0,0,0,0,0
02/02/2008 22:00,0,0,0,0,0,0,0
02/02/2008 23:00,0,0,0,0,0,0,0
03/02/2008 00:00,0,0,0,0,0,0,0
03/02/2008 01:00,0,0,0,0,0,0,0
03/02/2008 02:00,0,0,0,0,0,0,0
03/02/2008 03:00,0,0,0,0,0,0,0
03/02/2008 04:00,0,0,0,0,0,0,0
03/02/2008 05:00,0,0,0,0,0,0,0
03/02/2008 06:00,0,0,0,0,0,0,0
03/02/2008 07:00,0.00235,0.00117,0.00066,0.00258,0.01384,0.0068,0.00244
03/02/2008 08:00,0.15945,0.10541,0.08896,0.13813,0.16021,0.12043,0.10658
03/02/2008 09:00,0.26055,0.16726,0.16015,0.20082,0.23215,0.14947,0.1243
03/02/2008 10:00,0.29478,0.20837,0.22541,0.27584,0.26001,0.18217,0.11839
03/02/2008 11:00,0.2986,0.23219,0.38347,0.40039,0.26859,0.19228,0.15964
03/02/2008 12:00,0.29959,0.24678,0.48051,0.42652,0.26951,0.19732,0.14511
03/02/2008 13:00,0.28841,0.26836,0.47762,0.40563,0.26404,0.21657,0.08492
03/02/2008 14:00,0.27188,0.25009,0.39151,0.32702,0.22129,0.20017,0.0644
03/02/2008 15:00,0.1828,0.1701,0.23473,0.18814,0.14207,0.123,0.0355
03/02/2008 16:00,0.0518,0.02874,0.01097,0.00012,0.00037,0.00406,0
03/02/2008 17:00,0,0,0,0,0,0,0
03/02/2008 18:00,0,0,0,0,0,0,0
03/02/2008 19:00,0,0,0,0,0,0,0
03/02/2008 20:00,0,0,0,0,0,0,0
03/02/2008 21:00,0,0,0,0,0,0,0
03/02/2008 22:00,0,0,0,0,0,0,0
03/02/2008 23:00,0,0,0,0,0,0,0
04/02/2008 00:00,0,0,0,0,0,0,0
04/02/2008 01:00,0,0,0,0,0,0,0
04/02/2008 02:00,0,0,0,0,0,0,0
04/02/2008 03:00,0,0,0,0,0,0,0
04/02/2008 04:00,0,0,0,0,0,0,0
04/02/2008 05:00,0,0,0,0,0,0,0
04/02/2008 06:00,0,0,0,0,0,0,0
04/02/2008 07:00,0.00173,6.00E-04,0.00034,0.00122,0.00885,0.00268,0.00184
04/02/2008 08:00,0.06575,0.04189,0.02509,0.02048,0.04117,0.02894,0.01542
04/02/2008 09:00,0.10716,0.07748,0.08941,0.05194,0.05569,0.10578,0.03935
04/02/2008 10:00,0.12122,0.12049,0.09863,0.18428,0.12981,0.16538,0.04348
04/02/2008 11:00,0.14709,0.15679,0.13628,0.11187,0.13126,0.11661,0.03919
04/02/2008 12:00,0.20131,0.17782,0.11509,0.11881,0.18736,0.21227,0.05291
04/02/2008 13:00,0.12541,0.13934,0.07323,0.05356,0.23059,0.17841,0.06772
04/02/2008 14:00,0.08931,0.0839,0.0534,0.04956,0.1588,0.09659,0.0487
04/02/2008 15:00,0.04841,0.04383,0.03631,0.01287,0.05423,0.03811,0.0181
04/02/2008 16:00,0.00589,0.00658,0.00434,1.00E-05,0.00017,0.00317,9.00E-04
04/02/2008 17:00,0,0,0,0,0,0,0
04/02/2008 18:00,0,0,0,0,0,0,0
04/02/2008 19:00,0,0,0,0,0,0,0
04/02/2008 20:00,0,0,0,0,0,0,0
04/02/2008 21:00,0,0,0,0,0,0,0
04/02/2008 22:00,0,0,0,0,0,0,0
04/02/2008 23:00,0,0,0,0,0,0,0
05/02/2008 00:00,0,0,0,0,0,0,0
05/02/2008 01:00,0,0,0,0,0,0,0
05/02/2008 02:00,0,0,0,0,0,0,0
05/02/2008 03:00,0,0,0,0,0,0,0
05/02/2008 04:00,0,0,0,0,0,0,0
05/02/2008 05:00,0,0,0,0,0,0,0
05/02/2008 06:00,0,0,0,0,0,0,0
05/02/2008 07:00,0.00364,0.00045,0.0018,0.00677,0.01667,0.00694,0.01963
05/02/2008 08:00,0.13553,0.14959,0.13019,0.10803,0.08837,0.07365,0.09273
05/02/2008 09:00,0.19994,0.20457,0.33806,0.25355,0.17037,0.21618,0.30658
05/02/2008 10:00,0.29653,0.29917,0.28252,0.29147,0.29958,0.29872,0.33477
05/02/2008 11:00,0.2105,0.17569,0.12125,0.3533,0.26203,0.22876,0.30705
05/02/2008 12:00,0.22186,0.15767,0.12686,0.33634,0.21556,0.23112,0.32451
05/02/2008 13:00,0.17994,0.11503,0.1228,0.21843,0.25351,0.21128,0.31812
05/02/2008 14:00,0.17125,0.11293,0.12087,0.13795,0.16389,0.18601,0.23589
05/02/2008 15:00,0.08355,0.05445,0.10291,0.08691,0.0745,0.17017,0.1315
05/02/2008 16:00,0.01215,0.00533,0,0.00023,0.00058,0.00032,0.0052
05/02/2008 17:00,0,0,0,0,0,0,0
05/02/2008 18:00,0,0,0,0,0,0,0
05/02/2008 19:00,0,0,0,0,0,0,0
05/02/2008 20:00,0,0,0,0,0,0,0
05/02/2008 21:00,0,0,0,0,0,0,0
05/02/2008 22:00,0,0,0,0,0,0,0
05/02/2008 23:00,0,0,0,0,0,0,0
06/02/2008 00:00,0,0,0,0,0,0,0
06/02/2008 01:00,0,0,0,0,0,0,0
06/02/2008 02:00,0,0,0,0,0,0,0
06/02/2008 03:00,0,0,0,0,0,0,0
06/02/2008 04:00,0,0,0,0,0,0,0
06/02/2008 05:00,0,0,0,0,0,0,0
06/02/2008 06:00,0,0,0,0,0,0,0
06/02/2008 07:00,0.00362,0.00733,0.01056,0.01016,0.06374,0.00845,0.06099
06/02/2008 08:00,0.07844,0.08098,0.08423,0.09482,0.1036,0.11774,0.14933
06/02/2008 09:00,0.08815,0.1023,0.08276,0.0877,0.1269,0.07045,0.27906
06/02/2008 10:00,0.14609,0.09309,0.07272,0.10857,0.14967,0.04966,0.34038
06/02/2008 11:00,0.13537,0.09074,0.06667,0.07735,0.15729,0.03154,0.36697
06/02/2008 12:00,0.16959,0.10778,0.08188,0.12388,0.1405,0.02945,0.37326
06/02/2008 13:00,0.10412,0.15309,0.30973,0.43351,0.17979,0.04215,0.35785
06/02/2008 14:00,0.13985,0.08751,0.27451,0.30935,0.15561,0.12451,0.35502
06/02/2008 15:00,0.1046,0.04941,0.09499,0.10105,0.10361,0.05526,0.18773
06/02/2008 16:00,0.02804,0.01084,0.00652,0.0059,0.00197,0.00392,0.01074
06/02/2008 17:00,0,0,0,0,0,0,0
06/02/2008 18:00,0,0,0,0,0,0,0
06/02/2008 19:00,0,0,0,0,0,0,0
06/02/2008 20:00,0,0,0,0,0,0,0
06/02/2008 21:00,0,0,0,0,0,0,0
06/02/2008 22:00,0,0,0,0,0,0,0
06/02/2008 23:00,0,0,0,0,0,0,0
07/02/2008 00:00,0,0,0,0,0,0,0
07/02/2008 01:00,0,0,0,0,0,0,0
07/02/2008 02:00,0,0,0,0,0,0,0
07/02/2008 03:00,0,0,0,0,0,0,0
07/02/2008 04:00,0,0,0,0,0,0,0
07/02/2008 05:00,0,0,0,0,0,0,0
07/02/2008 06:00,0,0,0,0,0,0,0
07/02/2008 07:00,0.01767,0.01616,0.02294,0.03508,0.02418,0.02647,0.0362
07/02/2008 08:00,0.19279,0.22039,0.30691,0.32013,0.14232,0.18561,0.24924
07/02/2008 09:00,0.31346,0.36346,0.49401,0.51807,0.22673,0.28198,0.39276
07/02/2008 10:00,0.37881,0.46246,0.63494,0.60531,0.24403,0.34802,0.46509
07/02/2008 11:00,0.40427,0.52867,0.71768,0.66811,0.27483,0.39697,0.4986
07/02/2008 12:00,0.41869,0.54738,0.71336,0.70407,0.28033,0.40795,0.49359
07/02/2008 13:00,0.386,0.51065,0.66336,0.65016,0.28434,0.39438,0.45318
07/02/2008 14:00,0.33643,0.41796,0.53685,0.52074,0.243,0.31665,0.36471
07/02/2008 15:00,0.2207,0.27201,0.33211,0.31967,0.14806,0.20042,0.2107
07/02/2008 16:00,0.05636,0.04506,0.0348,0.02319,0.01066,0.02417,0.01966
07/02/2008 17:00,0,0,0,0,0,0,0
07/02/2008 18:00,0,0,0,0,0,0,0
07/02/2008 19:00,0,0,0,0,0,0,0
07/02/2008 20:00,0,0,0,0,0,0,0
07/02/2008 21:00,0,0,0,0,0,0,0
07/02/2008 22:00,0,0,0,0,0,0,0
07/02/2008 23:00,0,0,0,0,0,0,0
08/02/2008 00:00,0,0,0,0,0,0,0
08/02/2008 01:00,0,0,0,0,0,0,0
08/02/2008 02:00,0,0,0,0,0,0,0
08/02/2008 03:00,0,0,0,0,0,0,0
08/02/2008 04:00,0,0,0,0,0,0,0
08/02/2008 05:00,0,0,0,0,0,0,0
08/02/2008 06:00,0,0,0,0,0,0,0
08/02/2008 07:00,0.02667,0.02659,0.03103,0.04454,0.04072,0.03958,0.04369
08/02/2008 08:00,0.21973,0.26646,0.33989,0.35036,0.1926,0.23621,0.25335
08/02/2008 09:00,0.3536,0.43116,0.55507,0.56051,0.29777,0.36093,0.41278
08/02/2008 10:00,0.41575,0.53491,0.68681,0.68918,0.34924,0.43417,0.49801
08/02/2008 11:00,0.4376,0.57516,0.74533,0.74497,0.36114,0.46083,0.53488
08/02/2008 12:00,0.44863,0.59193,0.74382,0.74281,0.3635,0.47284,0.52111
08/02/2008 13:00,0.41164,0.53863,0.67253,0.67102,0.33962,0.43724,0.48392
08/02/2008 14:00,0.36455,0.44316,0.54174,0.53565,0.27765,0.35064,0.38856
08/02/2008 15:00,0.24104,0.28719,0.33858,0.33027,0.17115,0.22386,0.22754
08/02/2008 16:00,0.06319,0.05522,0.04414,0.03273,0.01497,0.03181,0.02415
08/02/2008 17:00,0,0,0,0,0,0,0
08/02/2008 18:00,0,0,0,0,0,0,0
08/02/2008 19:00,0,0,0,0,0,0,0
08/02/2008 20:00,0,0,0,0,0,0,0
08/02/2008 21:00,0,0,0,0,0,0,0
08/02/2008 22:00,0,0,0,0,0,0,0
08/02/2008 23:00,0,0,0,0,0,0,0
09/02/2008 00:00,0,0,0,0,0,0,0
09/02/2008 01:00,0,0,0,0,0,0,0
09/02/2008 02:00,0,0,0,0,0,0,0
09/02/2008 03:00,0,0,0,0,0,0,0
09/02/2008 04:00,0,0,0,0,0,0,0
09/02/2008 05:00,0,0,0,0,0,0,0
09/02/2008 06:00,0,0,0,0,0,0,0
09/02/2008 07:00,0.03251,0.03331,0.04014,0.0528,0.04609,0.0473,0.05055
09/02/2008 08:00,0.23282,0.27634,0.34694,0.35963,0.21053,0.25305,0.27236
09/02/2008 09:00,0.38228,0.44802,0.55458,0.56298,0.32243,0.38995,0.42789
09/02/2008 10:00,0.45161,0.55344,0.6803,0.6869,0.37767,0.46894,0.51696
09/02/2008 11:00,0.46687,0.59581,0.73132,0.73812,0.39497,0.49618,0.55557
09/02/2008 12:00,0.49093,0.60427,0.72507,0.73007,0.39197,0.49687,0.55173
09/02/2008 13:00,0.44124,0.55854,0.66289,0.66579,0.37001,0.46937,0.50347
09/02/2008 14:00,0.38379,0.45678,0.53845,0.5358,0.30173,0.37566,0.41365
09/02/2008 15:00,0.25548,0.29825,0.34024,0.33248,0.18777,0.24091,0.24078
09/02/2008 16:00,0.06786,0.06067,0.05032,0.03996,0.01946,0.03532,0.02792
09/02/2008 17:00,0,0,0,0,0,0,0
09/02/2008 18:00,0,0,0,0,0,0,0
09/02/2008 19:00,0,0,0,0,0,0,0
09/02/2008 20:00,0,0,0,0,0,0,0
09/02/2008 21:00,0,0,0,0,0,0,0
09/02/2008 22:00,0,0,0,0,0,0,0
09/02/2008 23:00,0,0,0,0,0,0,0
10/02/2008 00:00,0,0,0,0,0,0,0
10/02/2008 01:00,0,0,0,0,0,0,0
10/02/2008 02:00,0,0,0,0,0,0,0
10/02/2008 03:00,0,0,0,0,0,0,0
10/02/2008 04:00,0,0,0,0,0,0,0
10/02/2008 05:00,0,0,0,0,0,0,0
10/02/2008 06:00,0,0,0,0,0,0,0
10/02/2008 07:00,0.03801,0.03873,0.03866,0.05088,0.04433,0.04141,0.05328
10/02/2008 08:00,0.23703,0.27888,0.34029,0.35142,0.21743,0.25814,0.28302
10/02/2008 09:00,0.39423,0.45699,0.55202,0.5046,0.31996,0.41549,0.4453
10/02/2008 10:00,0.48123,0.57793,0.66456,0.67112,0.39441,0.48718,0.53948
10/02/2008 11:00,0.49854,0.61955,0.73369,0.74191,0.42271,0.51974,0.58152
10/02/2008 12:00,0.54327,0.64215,0.72489,0.71697,0.41847,0.53105,0.5828
10/02/2008 13:00,0.47548,0.5702,0.65936,0.63311,0.39804,0.49327,0.52911
10/02/2008 14:00,0.40366,0.50335,0.54315,0.54101,0.34083,0.42876,0.39516
10/02/2008 15:00,0.28012,0.32427,0.34722,0.34011,0.21118,0.25732,0.25553
10/02/2008 16:00,0.07165,0.07236,0.06276,0.05006,0.02625,0.04108,0.05003
10/02/2008 17:00,0,0,0,0,0,0,0
10/02/2008 18:00,0,0,0,0,0,0,0
10/02/2008 19:00,0,0,0,0,0,0,0
10/02/2008 20:00,0,0,0,0,0,0,0
10/02/2008 21:00,0,0,0,0,0,0,0
10/02/2008 22:00,0,0,0,0,0,0,0
10/02/2008 23:00,0,0,0,0,0,0,0
11/02/2008 00:00,0,0,0,0,0,0,0
11/02/2008 01:00,0,0,0,0,0,0,0
11/02/2008 02:00,0,0,0,0,0,0,0
11/02/2008 03:00,0,0,0,0,0,0,0
11/02/2008 04:00,0,0,0,0,0,0,0
11/02/2008 05:00,0,0,0,0,0,0,0
11/02/2008 06:00,0,0,0,0,0,0,0
11/02/2008 07:00,0.04193,0.04172,0.04826,0.05746,0.0512,0.04819,0.06146
11/02/2008 08:00,0.236,0.27609,0.34479,0.3505,0.2316,0.19535,0.29207
11/02/2008 09:00,0.39214,0.45421,0.5501,0.55571,0.34778,0.27697,0.46246
11/02/2008 10:00,0.47523,0.57033,0.68293,0.6879,0.41221,0.31671,0.55055
11/02/2008 11:00,0.49458,0.61985,0.74578,0.75271,0.4352,0.33999,0.60467
11/02/2008 12:00,0.52941,0.64929,0.75074,0.75652,0.43162,0.38992,0.59304
11/02/2008 13:00,0.47298,0.58678,0.68053,0.681,0.40185,0.40593,0.54929
11/02/2008 14:00,0.41323,0.48042,0.54866,0.54303,0.32984,0.35007,0.44412
11/02/2008 15:00,0.27398,0.3098,0.34687,0.34087,0.20359,0.24474,0.26223
11/02/2008 16:00,0.07681,0.07544,0.06599,0.05789,0.0277,0.04559,0.03758
11/02/2008 17:00,0,0,0,0,0,0,0
11/02/2008 18:00,0,0,0,0,0,0,0
11/02/2008 19:00,0,0,0,0,0,0,0
11/02/2008 20:00,0,0,0,0,0,0,0
11/02/2008 21:00,0,0,0,0,0,0,0
11/02/2008 22:00,0,0,0,0,0,0,0
11/02/2008 23:00,0,0,0,0,0,0,0
12/02/2008 00:00,0,0,0,0,0,0,0
12/02/2008 01:00,0,0,0,0,0,0,0
12/02/2008 02:00,0,0,0,0,0,0,0
12/02/2008 03:00,0,0,0,0,0,0,0
12/02/2008 04:00,0,0,0,0,0,0,0
12/02/2008 05:00,0,0,0,0,0,0,0
12/02/2008 06:00,0,0,0,0,0,0,0
12/02/2008 07:00,0.03198,0.0268,0.02064,0.02429,0.04463,0.04648,0.07722
12/02/2008 08:00,0.23522,0.23242,0.19084,0.27225,0.23484,0.22702,0.3109
12/02/2008 09:00,0.39684,0.4031,0.37514,0.51186,0.35296,0.39444,0.4706
12/02/2008 10:00,0.48834,0.52082,0.54104,0.59331,0.41975,0.49135,0.56562
12/02/2008 11:00,0.50759,0.59428,0.69092,0.71993,0.43953,0.54195,0.6138
12/02/2008 12:00,0.52396,0.64111,0.74428,0.75334,0.43933,0.55242,0.59911
12/02/2008 13:00,0.47197,0.59068,0.68022,0.68107,0.40666,0.50863,0.56269
12/02/2008 14:00,0.42016,0.48768,0.54846,0.54677,0.34076,0.4192,0.45081
12/02/2008 15:00,0.28058,0.31946,0.35123,0.34473,0.21248,0.2667,0.26378
12/02/2008 16:00,0.08309,0.08575,0.08029,0.06451,0.03204,0.05114,0.0418
12/02/2008 17:00,0,0,0,0,0,0,0
12/02/2008 18:00,0,0,0,0,0,0,0
12/02/2008 19:00,0,0,0,0,0,0,0
12/02/2008 20:00,0,0,0,0,0,0,0
12/02/2008 21:00,0,0,0,0,0,0,0
12/02/2008 22:00,0,0,0,0,0,0,0
12/02/2008 23:00,0,0,0,0,0,0,0
13/02/2008 00:00,0,0,0,0,0,0,0
13/02/2008 01:00,0,0,0,0,0,0,0
13/02/2008 02:00,0,0,0,0,0,0,0
13/02/2008 03:00,0,0,0,0,0,0,0
13/02/2008 04:00,0,0,0,0,0,0,0
13/02/2008 05:00,0,0,0,0,0,0,0
13/02/2008 06:00,0,0,0,0,0,0,0
13/02/2008 07:00,0.05336,0.0558,0.05382,0.06612,0.05894,0.06957,0.07721
13/02/2008 08:00,0.26099,0.30094,0.32894,0.3503,0.24553,0.28751,0.31486
13/02/2008 09:00,0.42908,0.48598,0.54473,0.56333,0.36799,0.44294,0.48717
13/02/2008 10:00,0.51262,0.6052,0.68824,0.69714,0.4332,0.53717,0.57931
13/02/2008 11:00,0.52484,0.64081,0.7501,0.75567,0.44863,0.56125,0.62762
13/02/2008 12:00,0.54044,0.65161,0.7514,0.75298,0.44162,0.55624,0.61559
13/02/2008 13:00,0.48096,0.59309,0.68048,0.68285,0.4159,0.51527,0.571
13/02/2008 14:00,0.42143,0.4904,0.55183,0.55129,0.34443,0.42383,0.46316
13/02/2008 15:00,0.28493,0.32623,0.35439,0.34979,0.21763,0.27455,0.27678
13/02/2008 16:00,0.08926,0.09249,0.08048,0.07368,0.03733,0.05891,0.04941
13/02/2008 17:00,0,0,0,0,0,0,0
13/02/2008 18:00,0,0,0,0,0,0,0
13/02/2008 19:00,0,0,0,0,0,0,0
13/02/2008 20:00,0,0,0,0,0,0,0
13/02/2008 21:00,0,0,0,0,0,0,0
13/02/2008 22:00,0,0,0,0,0,0,0
13/02/2008 23:00,0,0,0,0,0,0,0
14/02/2008 00:00,0,0,0,0,0,0,0
14/02/2008 01:00,0,0,0,0,0,0,0
14/02/2008 02:00,0,0,0,0,0,0,0
14/02/2008 03:00,0,0,0,0,0,0,0
14/02/2008 04:00,0,0,0,0,0,0,0
14/02/2008 05:00,0,0,0,0,0,0,0
14/02/2008 06:00,0,0,0,0,0,0,0
14/02/2008 07:00,0.05828,0.06306,0.05257,0.07365,0.06257,0.07155,0.08657
14/02/2008 08:00,0.26378,0.30396,0.28532,0.334,0.2425,0.29328,0.33909
14/02/2008 09:00,0.43359,0.49051,0.45457,0.52045,0.35228,0.44314,0.4975
14/02/2008 10:00,0.51515,0.60776,0.57649,0.64828,0.41032,0.5354,0.59543
14/02/2008 11:00,0.52875,0.64659,0.68357,0.71664,0.43206,0.56233,0.63731
14/02/2008 12:00,0.54437,0.65864,0.74596,0.72902,0.43724,0.56793,0.62013
14/02/2008 13:00,0.48792,0.60097,0.68732,0.67261,0.41906,0.52294,0.58773
14/02/2008 14:00,0.43673,0.49744,0.56253,0.55199,0.35313,0.43471,0.47644
14/02/2008 15:00,0.29664,0.33828,0.36677,0.35548,0.22718,0.28268,0.28607
14/02/2008 16:00,0.09624,0.10203,0.09318,0.0844,0.04269,0.06557,0.05553
14/02/2008 17:00,0,0,0,0,0,0,0
14/02/2008 18:00,0,0,0,0,0,0,0
14/02/2008 19:00,0,0,0,0,0,0,0
14/02/2008 20:00,0,0,0,0,0,0,0
14/02/2008 21:00,0,0,0,0,0,0,0
14/02/2008 22:00,0,0,0,0,0,0,0
14/02/2008 23:00,0,0,0,0,0,0,0
15/02/2008 00:00,0,0,0,0,0,0,0
15/02/2008 01:00,0,0,0,0,0,0,0
15/02/2008 02:00,0,0,0,0,0,0,0
15/02/2008 03:00,0,0,0,0,0,0,0
15/02/2008 04:00,0,0,0,0,0,0,0
15/02/2008 05:00,0,0,0,0,0,0,0
15/02/2008 06:00,0,0,0,0,0,0,0
15/02/2008 07:00,0.06156,0.06145,0.01262,0.0229,0.05443,0.06459,0.09471
15/02/2008 08:00,0.27833,0.26405,0.0504,0.07146,0.19415,0.21449,0.3459
15/02/2008 09:00,0.45497,0.38535,0.05115,0.07727,0.26377,0.28348,0.51271
15/02/2008 10:00,0.53068,0.42725,0.04721,0.06911,0.2978,0.27705,0.62024
15/02/2008 11:00,0.50604,0.42677,0.04613,0.07619,0.31254,0.26525,0.66678
15/02/2008 12:00,0.49342,0.41977,0.03571,0.04877,0.2885,0.23549,0.65446
15/02/2008 13:00,0.43438,0.3795,0.03715,0.05036,0.27183,0.20105,0.60827
15/02/2008 14:00,0.38143,0.28916,0.03065,0.03996,0.2251,0.15154,0.50107
15/02/2008 15:00,0.24525,0.18628,0.01961,0.02747,0.13669,0.09905,0.30527
15/02/2008 16:00,0.07153,0.05345,0.00547,0.00678,0.02517,0.02522,0.06619
15/02/2008 17:00,0,0,0,0,0,0,0
15/02/2008 18:00,0,0,0,0,0,0,0
15/02/2008 19:00,0,0,0,0,0,0,0
15/02/2008 20:00,0,0,0,0,0,0,0
15/02/2008 21:00,0,0,0,0,0,0,0
15/02/2008 22:00,0,0,0,0,0,0,0
15/02/2008 23:00,0,0,0,0,0,0,0
16/02/2008 00:00,0,0,0,0,0,0,0
16/02/2008 01:00,0,0,0,0,0,0,0
16/02/2008 02:00,0,0,0,0,0,0,0
16/02/2008 03:00,0,0,0,0,0,0,0
16/02/2008 04:00,0,0,0,0,0,0,0
16/02/2008 05:00,0,0,0,0,0,0,0
16/02/2008 06:00,0,0,0,0,0,0,0
16/02/2008 07:00,0.04984,0.05085,0.05506,0.05549,0.05889,0.04838,0.03469
16/02/2008 08:00,0.18794,0.22253,0.30261,0.30708,0.21352,0.1669,0.15124
16/02/2008 09:00,0.31761,0.40516,0.55344,0.5387,0.3422,0.2878,0.26501
16/02/2008 10:00,0.39964,0.57073,0.70543,0.70939,0.43723,0.39884,0.37184
16/02/2008 11:00,0.46148,0.65785,0.79004,0.79309,0.47432,0.50579,0.48424
16/02/2008 12:00,0.53488,0.68387,0.78279,0.78742,0.46642,0.56484,0.51602
16/02/2008 13:00,0.5061,0.62604,0.72213,0.72184,0.44151,0.54305,0.53733
16/02/2008 14:00,0.45443,0.52177,0.59214,0.58778,0.36735,0.45296,0.47573
16/02/2008 15:00,0.30553,0.35279,0.39108,0.38165,0.2357,0.296,0.29204
16/02/2008 16:00,0.10459,0.11634,0.1194,0.10604,0.04954,0.07618,0.06583
16/02/2008 17:00,0,0,0,0,0,0,0
16/02/2008 18:00,0,0,0,0,0,0,0
16/02/2008 19:00,0,0,0,0,0,0,0
16/02/2008 20:00,0,0,0,0,0,0,0
16/02/2008 21:00,0,0,0,0,0,0,0
16/02/2008 22:00,0,0,0,0,0,0,0
16/02/2008 23:00,0,0,0,0,0,0,0
17/02/2008 00:00,0,0,0,0,0,0,0
17/02/2008 01:00,0,0,0,0,0,0,0
17/02/2008 02:00,0,0,0,0,0,0,0
17/02/2008 03:00,0,0,0,0,0,0,0
17/02/2008 04:00,0,0,0,0,0,0,0
17/02/2008 05:00,0,0,0,0,0,0,0
17/02/2008 06:00,0,0,0,0,0,0,0
17/02/2008 07:00,0.07374,0.08513,0.10099,0.11058,0.07946,0.08994,0.01937
17/02/2008 08:00,0.28499,0.32935,0.39152,0.40037,0.2566,0.30281,0.06145
17/02/2008 09:00,0.45911,0.51919,0.59098,0.59951,0.37344,0.47676,0.07736
17/02/2008 10:00,0.55105,0.63971,0.71942,0.72459,0.44225,0.58663,0.10545
17/02/2008 11:00,0.57072,0.68104,0.77578,0.78003,0.4719,0.61153,0.18695
17/02/2008 12:00,0.58117,0.68914,0.7656,0.76861,0.46536,0.59365,0.28179
17/02/2008 13:00,0.52303,0.62587,0.70044,0.70116,0.44866,0.55321,0.36719
17/02/2008 14:00,0.46588,0.51849,0.57297,0.57075,0.37545,0.45583,0.32807
17/02/2008 15:00,0.31374,0.35273,0.38058,0.37395,0.23381,0.29938,0.19993
17/02/2008 16:00,0.11159,0.1221,0.12236,0.11407,0.05118,0.08291,0.05203
17/02/2008 17:00,0,0,0,0,0,0,0
17/02/2008 18:00,0,0,0,0,0,0,0
17/02/2008 19:00,0,0,0,0,0,0,0
17/02/2008 20:00,0,0,0,0,0,0,0
17/02/2008 21:00,0,0,0,0,0,0,0
17/02/2008 22:00,0,0,0,0,0,0,0
17/02/2008 23:00,0,0,0,0,0,0,0
18/02/2008 00:00,0,0,0,0,0,0,0
18/02/2008 01:00,0,0,0,0,0,0,0
18/02/2008 02:00,0,0,0,0,0,0,0
18/02/2008 03:00,0,0,0,0,0,0,0
18/02/2008 04:00,0,0,0,0,0,0,0
18/02/2008 05:00,0,0,0,0,0,0,0
18/02/2008 06:00,0,0,0,0,0,0,0
18/02/2008 07:00,0.07647,0.08709,0.097,0.11802,0.09215,0.09973,0.11652
18/02/2008 08:00,0.2845,0.32393,0.37876,0.39669,0.27797,0.31756,0.36918
18/02/2008 09:00,0.46319,0.51086,0.58446,0.59582,0.40284,0.47298,0.53685
18/02/2008 10:00,0.55216,0.62869,0.71304,0.71911,0.47691,0.57708,0.64519
18/02/2008 11:00,0.56692,0.6652,0.7663,0.77282,0.49015,0.59778,0.6768
18/02/2008 12:00,0.57297,0.66302,0.75101,0.75735,0.47023,0.57812,0.66243
18/02/2008 13:00,0.52098,0.61324,0.69533,0.69783,0.44797,0.54391,0.62945
18/02/2008 14:00,0.46371,0.51368,0.57551,0.57345,0.37443,0.44961,0.51755
18/02/2008 15:00,0.3167,0.35428,0.38705,0.37993,0.24279,0.29761,0.31899
18/02/2008 16:00,0.11419,0.12645,0.12994,0.12304,0.05717,0.086,0.08004
18/02/2008 17:00,0,0,0,0,0,0,0
18/02/2008 18:00,0,0,0,0,0,0,0
18/02/2008 19:00,0,0,0,0,0,0,0
18/02/2008 20:00,0,0,0,0,0,0,0
18/02/2008 21:00,0,0,0,0,0,0,0
18/02/2008 22:00,0,0,0,0,0,0,0
18/02/2008 23:00,0,0,0,0,0,0,0
19/02/2008 00:00,0,0,0,0,0,0,0
19/02/2008 01:00,0,0,0,0,0,0,0
19/02/2008 02:00,0,0,0,0,0,0,0
19/02/2008 03:00,0,0,0,0,0,0,0
19/02/2008 04:00,0,0,0,0,0,0,0
19/02/2008 05:00,0,0,0,0,0,0,0
19/02/2008 06:00,0,0,0,0,0,0,0
19/02/2008 07:00,0.08323,0.09562,0.11049,0.1266,0.0953,0.10719,0.12452
19/02/2008 08:00,0.30056,0.33445,0.38697,0.40548,0.28863,0.32783,0.37061
19/02/2008 09:00,0.47605,0.5225,0.58973,0.60161,0.41963,0.4942,0.5414
19/02/2008 10:00,0.55816,0.62993,0.71471,0.72253,0.48726,0.57548,0.66501
19/02/2008 11:00,0.57283,0.6686,0.76651,0.77189,0.50461,0.60913,0.69638
19/02/2008 12:00,0.56618,0.662,0.75221,0.7528,0.47865,0.57441,0.6882
19/02/2008 13:00,0.53126,0.61898,0.69232,0.69398,0.46612,0.55001,0.64746
19/02/2008 14:00,0.47713,0.51992,0.5694,0.56913,0.39246,0.46147,0.53256
19/02/2008 15:00,0.32923,0.36123,0.38286,0.37842,0.25748,0.30775,0.33154
19/02/2008 16:00,0.1234,0.13484,0.13388,0.12877,0.06422,0.09439,0.08838
19/02/2008 17:00,0,0,0,0,0,0,0
19/02/2008 18:00,0,0,0,0,0,0,0
19/02/2008 19:00,0,0,0,0,0,0,0
19/02/2008 20:00,0,0,0,0,0,0,0
19/02/2008 21:00,0,0,0,0,0,0,0
19/02/2008 22:00,0,0,0,0,0,0,0
19/02/2008 23:00,0,0,0,0,0,0,0
20/02/2008 00:00,0,0,0,0,0,0,0
20/02/2008 01:00,0,0,0,0,0,0,0
20/02/2008 02:00,0,0,0,0,0,0,0
20/02/2008 03:00,0,0,0,0,0,0,0
20/02/2008 04:00,0,0,0,0,0,0,0
20/02/2008 05:00,0,0,0,0,0,0,0
20/02/2008 06:00,0,0,0,0,0,0,0
20/02/2008 07:00,0.0725,0.10554,0.13297,0.13536,0.09609,0.08858,0.07998
20/02/2008 08:00,0.24448,0.304,0.38966,0.40824,0.29868,0.28333,0.24631
20/02/2008 09:00,0.43361,0.52151,0.58158,0.57964,0.45385,0.50779,0.33913
20/02/2008 10:00,0.4986,0.54968,0.66707,0.68454,0.52963,0.61995,0.52696
20/02/2008 11:00,0.45635,0.53508,0.71415,0.74716,0.55749,0.66883,0.60458
20/02/2008 12:00,0.43809,0.37795,0.55398,0.69264,0.53774,0.64382,0.59848
20/02/2008 13:00,0.43147,0.34735,0.35152,0.62811,0.48477,0.56154,0.56907
20/02/2008 14:00,0.32903,0.24165,0.15581,0.41543,0.38122,0.43599,0.4933
20/02/2008 15:00,0.17618,0.1088,0.05763,0.16103,0.21147,0.20188,0.27523
20/02/2008 16:00,0.0612,0.0497,0.02169,0.03379,0.05138,0.04521,0.07662
20/02/2008 17:00,0,0,0,0,0,0,0
20/02/2008 18:00,0,0,0,0,0,0,0
20/02/2008 19:00,0,0,0,0,0,0,0
20/02/2008 20:00,0,0,0,0,0,0,0
20/02/2008 21:00,0,0,0,0,0,0,0
20/02/2008 22:00,0,0,0,0,0,0,0
20/02/2008 23:00,0,0,0,0,0,0,0
21/02/2008 00:00,0,0,0,0,0,0,0
21/02/2008 01:00,0,0,0,0,0,0,0
21/02/2008 02:00,0,0,0,0,0,0,0
21/02/2008 03:00,0,0,0,0,0,0,0
21/02/2008 04:00,0,0,0,0,0,0,0
21/02/2008 05:00,0,0,0,0,0,0,0
21/02/2008 06:00,0,0,0,0,0,0,0
21/02/2008 07:00,0.03988,0.03024,0.01854,0.01148,0.06125,0.03849,0.13398
21/02/2008 08:00,0.13548,0.09315,0.0578,0.05882,0.15674,0.08987,0.36893
21/02/2008 09:00,0.27404,0.13807,0.04974,0.05461,0.22617,0.13533,0.55308
21/02/2008 10:00,0.3033,0.16979,0.08715,0.06195,0.24185,0.13986,0.68399
21/02/2008 11:00,0.39009,0.20024,0.18099,0.0998,0.36017,0.19358,0.71642
21/02/2008 12:00,0.49468,0.24433,0.10386,0.18792,0.47882,0.25719,0.76408
21/02/2008 13:00,0.46489,0.1749,0.06175,0.09128,0.3378,0.17068,0.64845
21/02/2008 14:00,0.32783,0.1191,0.03193,0.04593,0.24224,0.08875,0.53404
21/02/2008 15:00,0.22553,0.06881,0.03138,0.02227,0.15073,0.04908,0.33245
21/02/2008 16:00,0.10225,0.04699,0.02382,0.03912,0.04542,0.01929,0.10082
21/02/2008 17:00,0,0,0,0,0,0,0
21/02/2008 18:00,0,0,0,0,0,0,0
21/02/2008 19:00,0,0,0,0,0,0,0
21/02/2008 20:00,0,0,0,0,0,0,0
21/02/2008 21:00,0,0,0,0,0,0,0
21/02/2008 22:00,0,0,0,0,0,0,0
21/02/2008 23:00,0,0,0,0,0,0,0
22/02/2008 00:00,0,0,0,0,0,0,0
22/02/2008 01:00,0,0,0,0,0,0,0
22/02/2008 02:00,0,0,0,0,0,0,0
22/02/2008 03:00,0,0,0,0,0,0,0
22/02/2008 04:00,0,0,0,0,0,0,0
22/02/2008 05:00,0,0,0,0,0,0,0
22/02/2008 06:00,0,0,0,0,0,0,0
22/02/2008 07:00,0.09887,0.0956,0.04024,0.0498,0.06063,0.05284,0.08861
22/02/2008 08:00,0.29568,0.30353,0.19695,0.23899,0.19898,0.20988,0.24833
22/02/2008 09:00,0.50835,0.42673,0.28065,0.25667,0.35538,0.31843,0.41225
22/02/2008 10:00,0.58838,0.48042,0.26194,0.26354,0.47555,0.33261,0.68415
22/02/2008 11:00,0.61577,0.58619,0.42431,0.5084,0.52434,0.42365,0.68648
22/02/2008 12:00,0.59537,0.55661,0.5513,0.54792,0.45015,0.57407,0.5928
22/02/2008 13:00,0.56527,0.48576,0.47269,0.67636,0.48499,0.57175,0.63554
22/02/2008 14:00,0.50518,0.42713,0.4348,0.52083,0.41408,0.46571,0.54054
22/02/2008 15:00,0.35395,0.332,0.31249,0.34853,0.29016,0.31885,0.31238
22/02/2008 16:00,0.1345,0.14134,0.13219,0.1147,0.06798,0.09459,0.09802
22/02/2008 17:00,0,0,0,0,0,0,0
22/02/2008 18:00,0,0,0,0,0,0,0
22/02/2008 19:00,0,0,0,0,0,0,0
22/02/2008 20:00,0,0,0,0,0,0,0
22/02/2008 21:00,0,0,0,0,0,0,0
22/02/2008 22:00,0,0,0,0,0,0,0
22/02/2008 23:00,0,0,0,0,0,0,0
23/02/2008 00:00,0,0,0,0,0,0,0
23/02/2008 01:00,0,0,0,0,0,0,0
23/02/2008 02:00,0,0,0,0,0,0,0
23/02/2008 03:00,0,0,0,0,0,0,0
23/02/2008 04:00,0,0,0,0,0,0,0
23/02/2008 05:00,0,0,0,0,0,0,0
23/02/2008 06:00,0,0,0,0,0,0,0
23/02/2008 07:00,0.1209,0.08114,0.03187,0.02873,0.08586,0.07133,0.14638
23/02/2008 08:00,0.33944,0.26471,0.26245,0.23749,0.27659,0.20074,0.40927
23/02/2008 09:00,0.52892,0.53625,0.5771,0.58824,0.45934,0.51571,0.57964
23/02/2008 10:00,0.63261,0.66232,0.67841,0.65833,0.52731,0.62067,0.71912
23/02/2008 11:00,0.65378,0.71186,0.75005,0.74597,0.62242,0.70036,0.75397
23/02/2008 12:00,0.66602,0.70856,0.73747,0.73632,0.63084,0.65505,0.71718
23/02/2008 13:00,0.62642,0.65931,0.68949,0.69944,0.56863,0.62145,0.6711
23/02/2008 14:00,0.5499,0.55027,0.5647,0.57087,0.45175,0.51625,0.55335
23/02/2008 15:00,0.37208,0.38688,0.39607,0.3969,0.30561,0.3333,0.35158
23/02/2008 16:00,0.14551,0.15992,0.15809,0.16151,0.08473,0.11427,0.10025
23/02/2008 17:00,0,0,0,0,0,0,0
23/02/2008 18:00,0,0,0,0,0,0,0
23/02/2008 19:00,0,0,0,0,0,0,0
23/02/2008 20:00,0,0,0,0,0,0,0
23/02/2008 21:00,0,0,0,0,0,0,0
23/02/2008 22:00,0,0,0,0,0,0,0
23/02/2008 23:00,0,0,0,0,0,0,0
24/02/2008 00:00,0,0,0,0,0,0,0
24/02/2008 01:00,0,0,0,0,0,0,0
24/02/2008 02:00,0,0,0,0,0,0,0
24/02/2008 03:00,0,0,0,0,0,0,0
24/02/2008 04:00,0,0,0,0,0,0,0
24/02/2008 05:00,0,0,0,0,0,0,0
24/02/2008 06:00,0,0,0,0,0,0,0
24/02/2008 07:00,0.1255,0.14472,0.15723,0.17264,0.13007,0.14326,0.15786
24/02/2008 08:00,0.35152,0.37936,0.42382,0.44419,0.34032,0.3724,0.40996
24/02/2008 09:00,0.54331,0.57015,0.61944,0.63137,0.48363,0.54563,0.57959
24/02/2008 10:00,0.64904,0.68878,0.74286,0.7504,0.57416,0.65719,0.72766
24/02/2008 11:00,0.68012,0.7328,0.79253,0.7971,0.61454,0.70066,0.77366
24/02/2008 12:00,0.68897,0.72118,0.76129,0.76179,0.57788,0.66117,0.75673
24/02/2008 13:00,0.64057,0.68261,0.7181,0.71808,0.57046,0.63865,0.71411
24/02/2008 14:00,0.56904,0.57142,0.59887,0.595,0.47936,0.53968,0.59422
24/02/2008 15:00,0.38982,0.4055,0.41579,0.41048,0.31962,0.36078,0.37479
24/02/2008 16:00,0.15708,0.17221,0.17225,0.16648,0.1009,0.12885,0.11962
24/02/2008 17:00,0,0,0,0,0,0,0
24/02/2008 18:00,0,0,0,0,0,0,0
24/02/2008 19:00,0,0,0,0,0,0,0
24/02/2008 20:00,0,0,0,0,0,0,0
24/02/2008 21:00,0,0,0,0,0,0,0
24/02/2008 22:00,0,0,0,0,0,0,0
24/02/2008 23:00,0,0,0,0,0,0,0
25/02/2008 00:00,0,0,0,0,0,0,0
25/02/2008 01:00,0,0,0,0,0,0,0
25/02/2008 02:00,0,0,0,0,0,0,0
25/02/2008 03:00,0,0,0,0,0,0,0
25/02/2008 04:00,0,0,0,0,0,0,0
25/02/2008 05:00,0,0,0,0,0,0,0
25/02/2008 06:00,0,0,0,0,0,0,0
25/02/2008 07:00,0.08398,0.09771,0.09922,0.09675,0.14207,0.09291,0.16958
25/02/2008 08:00,0.27776,0.26229,0.27403,0.35943,0.32427,0.30492,0.42477
25/02/2008 09:00,0.43387,0.42346,0.38203,0.47092,0.52697,0.49699,0.57709
25/02/2008 10:00,0.62337,0.56919,0.54135,0.63599,0.6562,0.68631,0.72457
25/02/2008 11:00,0.74405,0.61131,0.61473,0.65409,0.65362,0.67858,0.76251
25/02/2008 12:00,0.68663,0.64338,0.6612,0.6519,0.655,0.63807,0.77026
25/02/2008 13:00,0.63326,0.62023,0.63986,0.64756,0.60246,0.61789,0.71224
25/02/2008 14:00,0.5581,0.56122,0.56429,0.5499,0.50072,0.55332,0.5849
25/02/2008 15:00,0.41511,0.39809,0.39861,0.39816,0.32555,0.36077,0.3831
25/02/2008 16:00,0.14808,0.17118,0.1651,0.14315,0.10899,0.13438,0.12822
25/02/2008 17:00,0,0,0,0,0,0,0
25/02/2008 18:00,0,0,0,0,0,0,0
25/02/2008 19:00,0,0,0,0,0,0,0
25/02/2008 20:00,0,0,0,0,0,0,0
25/02/2008 21:00,0,0,0,0,0,0,0
25/02/2008 22:00,0,0,0,0,0,0,0
25/02/2008 23:00,0,0,0,0,0,0,0
26/02/2008 00:00,0,0,0,0,0,0,0
26/02/2008 01:00,0,0,0,0,0,0,0
26/02/2008 02:00,0,0,0,0,0,0,0
26/02/2008 03:00,0,0,0,0,0,0,0
26/02/2008 04:00,0,0,0,0,0,0,0
26/02/2008 05:00,0,0,0,0,0,0,0
26/02/2008 06:00,0,0,0,0,0.00011,0,0
26/02/2008 07:00,0.11509,0.12528,0.13599,0.1856,0.14429,0.15634,0.10171
26/02/2008 08:00,0.30595,0.35864,0.37329,0.43407,0.36526,0.39249,0.25686
26/02/2008 09:00,0.54762,0.54369,0.56645,0.63952,0.52442,0.5747,0.36646
26/02/2008 10:00,0.66879,0.66677,0.67752,0.76182,0.62164,0.708,0.47559
26/02/2008 11:00,0.7004,0.68383,0.72858,0.82022,0.68119,0.76209,0.54489
26/02/2008 12:00,0.6272,0.59595,0.58954,0.7881,0.64103,0.72218,0.59305
26/02/2008 13:00,0.5818,0.56831,0.53382,0.73446,0.63509,0.70087,0.65544
26/02/2008 14:00,0.33387,0.28848,0.36118,0.4717,0.52617,0.49799,0.56955
26/02/2008 15:00,0.20295,0.14453,0.14536,0.21251,0.30612,0.20882,0.36726
26/02/2008 16:00,0.08082,0.04121,0.04527,0.02902,0.11305,0.07707,0.14879
26/02/2008 17:00,2.00E-05,0,0,0,0,0,0
26/02/2008 18:00,0,0,0,0,0,0,0
26/02/2008 19:00,0,0,0,0,0,0,0
26/02/2008 20:00,0,0,0,0,0,0,0
26/02/2008 21:00,0,0,0,0,0,0,0
26/02/2008 22:00,0,0,0,0,0,0,0
26/02/2008 23:00,0,0,0,0,0,0,0
27/02/2008 00:00,0,0,0,0,0,0,0
27/02/2008 01:00,0,0,0,0,0,0,0
27/02/2008 02:00,0,0,0,0,0,0,0
27/02/2008 03:00,0,0,0,0,0,0,0
27/02/2008 04:00,0,0,0,0,0,0,0
27/02/2008 05:00,0,0,0,0,0,0,0
27/02/2008 06:00,0,0,0,0,0.00279,0,0
27/02/2008 07:00,0.05933,0.0486,0.10069,0.07668,0.06616,0.03115,0.125
27/02/2008 08:00,0.24439,0.15397,0.27915,0.1339,0.20796,0.09879,0.2949
27/02/2008 09:00,0.3061,0.20052,0.32035,0.19214,0.28967,0.14247,0.53787
27/02/2008 10:00,0.38653,0.17993,0.24341,0.17062,0.36703,0.09089,0.75636
27/02/2008 11:00,0.38785,0.19963,0.21426,0.18794,0.40559,0.10249,0.80217
27/02/2008 12:00,0.34561,0.16622,0.1301,0.12755,0.2884,0.06526,0.80447
27/02/2008 13:00,0.41323,0.16847,0.17175,0.09014,0.39559,0.1579,0.74665
27/02/2008 14:00,0.3083,0.17684,0.1776,0.06885,0.35807,0.09413,0.55129
27/02/2008 15:00,0.18428,0.17169,0.16315,0.07922,0.19818,0.07731,0.38115
27/02/2008 16:00,0.10791,0.10578,0.03446,0.02684,0.06849,0.03342,0.16275
27/02/2008 17:00,5.00E-05,0,0,0,0,0,0
27/02/2008 18:00,0,0,0,0,0,0,0
27/02/2008 19:00,0,0,0,0,0,0,0
27/02/2008 20:00,0,0,0,0,0,0,0
27/02/2008 21:00,0,0,0,0,0,0,0
27/02/2008 22:00,0,0,0,0,0,0,0
27/02/2008 23:00,0,0,0,0,0,0,0
28/02/2008 00:00,0,0,0,0,0,0,0
28/02/2008 01:00,0,0,0,0,0,0,0
28/02/2008 02:00,0,0,0,0,0,0,0
28/02/2008 03:00,0,0,0,0,0,0,0
28/02/2008 04:00,0,0,0,0,0,0,0
28/02/2008 05:00,0,0,0,0,0,0,0
28/02/2008 06:00,0,0,0,0,0.00421,0,0
28/02/2008 07:00,0.14209,0.15142,0.19309,0.20781,0.15008,0.15158,0.1296
28/02/2008 08:00,0.31404,0.37053,0.4611,0.47603,0.38694,0.39902,0.34323
28/02/2008 09:00,0.47415,0.45519,0.64571,0.66096,0.55095,0.58154,0.51701
28/02/2008 10:00,0.62239,0.45703,0.70208,0.7765,0.65189,0.67638,0.68986
28/02/2008 11:00,0.52949,0.42753,0.4242,0.74858,0.71157,0.61728,0.65302
28/02/2008 12:00,0.27873,0.17929,0.23468,0.32355,0.54792,0.36743,0.53487
28/02/2008 13:00,0.27822,0.19104,0.11226,0.2509,0.47785,0.33969,0.32323
28/02/2008 14:00,0.23685,0.22472,0.22943,0.11015,0.34387,0.20719,0.38463
28/02/2008 15:00,0.16384,0.16393,0.16391,0.10726,0.20833,0.13107,0.25237
28/02/2008 16:00,0.08401,0.07723,0.08964,0.07889,0.09083,0.0641,0.08007
28/02/2008 17:00,9.00E-05,1.00E-05,0,0,0,0,0
28/02/2008 18:00,0,0,0,0,0,0,0
28/02/2008 19:00,0,0,0,0,0,0,0
28/02/2008 20:00,0,0,0,0,0,0,0
28/02/2008 21:00,0,0,0,0,0,0,0
28/02/2008 22:00,0,0,0,0,0,0,0
28/02/2008 23:00,0,0,0,0,0,0,0
29/02/2008 00:00,0,0,0,0,0,0,0
29/02/2008 01:00,0,0,0,0,0,0,0
29/02/2008 02:00,0,0,0,0,0,0,0
29/02/2008 03:00,0,0,0,0,0,0,0
29/02/2008 04:00,0,0,0,0,0,0,0
29/02/2008 05:00,0,0,0,0,0,0,0
29/02/2008 06:00,0,0,0,0,0.00665,0,0.0047
29/02/2008 07:00,0.08484,0.03756,0.00669,0.02027,0.08109,0.10864,0.15024
29/02/2008 08:00,0.1575,0.08588,0.04563,0.02776,0.19723,0.19478,0.34829
29/02/2008 09:00,0.24794,0.12717,0.0829,0.06178,0.33505,0.20246,0.49902
29/02/2008 10:00,0.24454,0.08747,0.07932,0.05864,0.42997,0.17128,0.70978
29/02/2008 11:00,0.18704,0.07177,0.0746,0.05576,0.51615,0.11874,0.71516
29/02/2008 12:00,0.14679,0.06872,0.08107,0.05911,0.29917,0.07424,0.46294
29/02/2008 13:00,0.195,0.12193,0.06868,0.0574,0.2996,0.10426,0.65329
29/02/2008 14:00,0.15389,0.10932,0.06881,0.08013,0.17979,0.08075,0.4916
29/02/2008 15:00,0.13265,0.1016,0.04468,0.04676,0.13729,0.08662,0.34299
29/02/2008 16:00,0.04649,0.03835,0.03373,0.04141,0.05847,0.03963,0.12417
29/02/2008 17:00,6.00E-05,6.00E-05,0,0,0,0,0
29/02/2008 18:00,0,0,0,0,0,0,0
29/02/2008 19:00,0,0,0,0,0,0,0
29/02/2008 20:00,0,0,0,0,0,0,0
29/02/2008 21:00,0,0,0,0,0,0,0
29/02/2008 22:00,0,0,0,0,0,0,0
29/02/2008 23:00,0,0,0,0,0,0,0
01/03/2008 00:00,0,0,0,0,0,0,0
01/03/2008 01:00,0,0,0,0,0,0,0
01/03/2008 02:00,0,0,0,0,0,0,0
01/03/2008 03:00,0,0,0,0,0,0,0
01/03/2008 04:00,0,0,0,0,0,0,0
01/03/2008 05:00,0,0,0,0,0,0,0
01/03/2008 06:00,0,0,0,0.01913,0.00735,0.01346,0.02229
01/03/2008 07:00,0.0258,0.0127,0.01498,0.01465,0.04534,0.01954,0.03897
01/03/2008 08:00,0.05973,0.03684,0.04179,0.03976,0.12259,0.05726,0.11517
01/03/2008 09:00,0.11475,0.07982,0.11655,0.12492,0.27881,0.08453,0.26237
01/03/2008 10:00,0.16116,0.13316,0.13185,0.16364,0.38328,0.25419,0.43442
01/03/2008 11:00,0.3575,0.21416,0.11916,0.14399,0.4074,0.17216,0.56825
01/03/2008 12:00,0.29508,0.14363,0.15626,0.16512,0.22313,0.09071,0.4073
01/03/2008 13:00,0.27177,0.18467,0.37863,0.26827,0.18143,0.20953,0.51795
01/03/2008 14:00,0.2106,0.17592,0.32319,0.21435,0.17475,0.18769,0.37907
01/03/2008 15:00,0.14363,0.09768,0.20324,0.23193,0.0921,0.1055,0.23229
01/03/2008 16:00,0.06269,0.034,0.08202,0.03286,0.04661,0.04843,0.06173
01/03/2008 17:00,4.00E-05,5.00E-05,0,0,0,0,0
01/03/2008 18:00,0,0,0,0,0,0,0
01/03/2008 19:00,0,0,0,0,0,0,0
01/03/2008 20:00,0,0,0,0,0,0,0
01/03/2008 21:00,0,0,0,0,0,0,0
01/03/2008 22:00,0,0,0,0,0,0,0
01/03/2008 23:00,0,0,0,0,0,0,0
02/03/2008 00:00,0,0,0,0,0,0,0
02/03/2008 01:00,0,0,0,0,0,0,0
02/03/2008 02:00,0,0,0,0,0,0,0
02/03/2008 03:00,0,0,0,0,0,0,0
02/03/2008 04:00,0,0,0,0,0,0,0
02/03/2008 05:00,0,0,0,0,0,0,0
02/03/2008 06:00,0.00245,0.00192,0.01247,0.0285,0.00263,0.0101,0.001
02/03/2008 07:00,0.05777,0.03865,0.03272,0.03255,0.07387,0.06009,0.16602
02/03/2008 08:00,0.17713,0.11128,0.07396,0.06354,0.16577,0.11631,0.39667
02/03/2008 09:00,0.31549,0.16557,0.09352,0.05977,0.22493,0.12285,0.57224
02/03/2008 10:00,0.45398,0.31475,0.11597,0.05634,0.26363,0.201,0.67986
02/03/2008 11:00,0.58592,0.49928,0.19676,0.11613,0.34105,0.39112,0.74337
02/03/2008 12:00,0.5467,0.45641,0.25523,0.14478,0.35389,0.51539,0.71036
02/03/2008 13:00,0.58566,0.49204,0.3,0.24839,0.44457,0.58995,0.71227
02/03/2008 14:00,0.53963,0.43734,0.24001,0.24396,0.39609,0.48879,0.60221
02/03/2008 15:00,0.34347,0.28129,0.18288,0.17332,0.24801,0.32439,0.39755
02/03/2008 16:00,0.13486,0.08736,0.07794,0.06811,0.07273,0.14887,0.15563
02/03/2008 17:00,0,0,0,0,0,0,0
02/03/2008 18:00,0,0,0,0,0,0,0
02/03/2008 19:00,0,0,0,0,0,0,0
02/03/2008 20:00,0,0,0,0,0,0,0
02/03/2008 21:00,0,0,0,0,0,0,0
02/03/2008 22:00,0,0,0,0,0,0,0
02/03/2008 23:00,0,0,0,0,0,0,0
03/03/2008 00:00,0,0,0,0,0,0,0
03/03/2008 01:00,0,0,0,0,0,0,0
03/03/2008 02:00,0,0,0,0,0,0,0
03/03/2008 03:00,0,0,0,0,0,0,0
03/03/2008 04:00,0,0,0,0,0,0,0
03/03/2008 05:00,0,0,0,0,0,0,0
03/03/2008 06:00,0.00451,0.00924,0.00925,0.00034,0.00055,0.01273,0
03/03/2008 07:00,0.07868,0.03832,0.023,0.0279,0.09212,0.03691,0.19454
03/03/2008 08:00,0.21208,0.08364,0.07814,0.0723,0.21643,0.08891,0.4387
03/03/2008 09:00,0.28362,0.17258,0.11089,0.09496,0.29903,0.17082,0.63164
03/03/2008 10:00,0.3997,0.17134,0.15374,0.11945,0.36553,0.28003,0.72375
03/03/2008 11:00,0.41396,0.23699,0.18851,0.21235,0.42739,0.33866,0.78545
03/03/2008 12:00,0.27505,0.31381,0.33947,0.30344,0.24873,0.2389,0.40329
03/03/2008 13:00,0.39224,0.2096,0.23003,0.21953,0.42431,0.1991,0.72206
03/03/2008 14:00,0.29471,0.18901,0.16958,0.17955,0.36615,0.1689,0.59294
03/03/2008 15:00,0.23615,0.1307,0.10383,0.10198,0.22752,0.11032,0.3838
03/03/2008 16:00,0.09668,0.05762,0.01908,0.03783,0.0715,0.06281,0.13739
03/03/2008 17:00,0,0,0,0,0,0,0
03/03/2008 18:00,0,0,0,0,0,0,0
03/03/2008 19:00,0,0,0,0,0,0,0
03/03/2008 20:00,0,0,0,0,0,0,0
03/03/2008 21:00,0,0,0,0,0,0,0
03/03/2008 22:00,0,0,0,0,0,0,0
03/03/2008 23:00,0,0,0,0,0,0,0
04/03/2008 00:00,0,0,0,0,0,0,0
04/03/2008 01:00,0,0,0,0,0,0,0
04/03/2008 02:00,0,0,0,0,0,0,0
04/03/2008 03:00,0,0,0,0,0,0,0
04/03/2008 04:00,0,0,0,0,0,0,0
04/03/2008 05:00,0,0,0,0,0,0,0
04/03/2008 06:00,0.00858,0.01535,0.00612,0,0,0.00023,0
04/03/2008 07:00,0.05242,0.04319,0.02771,0.06264,0.13996,0.03272,0.21097
04/03/2008 08:00,0.17723,0.11835,0.09825,0.06037,0.29903,0.06604,0.45317
04/03/2008 09:00,0.275,0.13048,0.28882,0.13523,0.32174,0.12296,0.63207
04/03/2008 10:00,0.30883,0.17896,0.28553,0.15877,0.3337,0.15792,0.75817
04/03/2008 11:00,0.30762,0.18738,0.32726,0.13783,0.30955,0.13817,0.78017
04/03/2008 12:00,0.27775,0.31626,0.36209,0.32288,0.24121,0.21787,0.38629
04/03/2008 13:00,0.31809,0.25013,0.22951,0.25535,0.28537,0.09054,0.61828
04/03/2008 14:00,0.24505,0.19235,0.26747,0.18262,0.25013,0.12527,0.46517
04/03/2008 15:00,0.219,0.13281,0.16661,0.23105,0.13126,0.09101,0.20482
04/03/2008 16:00,0.08941,0.07537,0.06994,0.08885,0.03327,0.03806,0.03987
04/03/2008 17:00,0,0,0,0,0,0,0
04/03/2008 18:00,0,0,0,0,0,0,0
04/03/2008 19:00,0,0,0,0,0,0,0
04/03/2008 20:00,0,0,0,0,0,0,0
04/03/2008 21:00,0,0,0,0,0,0,0
04/03/2008 22:00,0,0,0,0,0,0,0
04/03/2008 23:00,0,0,0,0,0,0,0
05/03/2008 00:00,0,0,0,0,0,0,0
05/03/2008 01:00,0,0,0,0,0,0,0
05/03/2008 02:00,0,0,0,0,0,0,0
05/03/2008 03:00,0,0,0,0,0,0,0
05/03/2008 04:00,0,0,0,0,0,0,0
05/03/2008 05:00,0,0,0,0,0,0,0
05/03/2008 06:00,0.00417,0.01051,0.00024,0,0.00334,0,0
05/03/2008 07:00,0.08879,0.05515,0.06141,0.05977,0.08744,0.0418,0.17346
05/03/2008 08:00,0.21821,0.1067,0.11729,0.09918,0.17478,0.09797,0.39883
05/03/2008 09:00,0.31654,0.15142,0.25374,0.23177,0.2673,0.12062,0.62919
05/03/2008 10:00,0.35934,0.17509,0.45864,0.36785,0.27743,0.1037,0.74559
05/03/2008 11:00,0.36525,0.22266,0.59254,0.38926,0.29669,0.09036,0.80366
05/03/2008 12:00,0.28573,0.19332,0.42464,0.23072,0.19889,0.05357,0.75146
05/03/2008 13:00,0.36617,0.2427,0.36137,0.19178,0.26017,0.06895,0.75863
05/03/2008 14:00,0.33121,0.18116,0.24273,0.18852,0.24564,0.09053,0.6385
05/03/2008 15:00,0.26407,0.14043,0.19572,0.14216,0.19732,0.08592,0.42501
05/03/2008 16:00,0.13291,0.07768,0.1199,0.07565,0.0798,0.05639,0.16762
05/03/2008 17:00,0,0,0,0,0,0,0
05/03/2008 18:00,0,0,0,0,0,0,0
05/03/2008 19:00,0,0,0,0,0,0,0
05/03/2008 20:00,0,0,0,0,0,0,0
05/03/2008 21:00,0,0,0,0,0,0,0
05/03/2008 22:00,0,0,0,0,0,0,0
05/03/2008 23:00,0,0,0,0,0,0,0
06/03/2008 00:00,0,0,0,0,0,0,0
06/03/2008 01:00,0,0,0,0,0,0,0
06/03/2008 02:00,0,0,0,0,0,0,0
06/03/2008 03:00,0,0,0,0,0,0,0
06/03/2008 04:00,0,0,0,0,0,0,0
06/03/2008 05:00,0,0,0,0,0,0,0
06/03/2008 06:00,0.01295,0.00187,0,0,0.00554,0,0
06/03/2008 07:00,0.15733,0.12981,0.18989,0.17122,0.15324,0.10595,0.2298
06/03/2008 08:00,0.36278,0.25737,0.42209,0.34709,0.30228,0.17832,0.48042
06/03/2008 09:00,0.50619,0.34298,0.60225,0.48203,0.40549,0.20851,0.68426
06/03/2008 10:00,0.60472,0.40139,0.74263,0.5831,0.46161,0.24035,0.78788
06/03/2008 11:00,0.63455,0.44349,0.82197,0.64919,0.52008,0.26131,0.85491
06/03/2008 12:00,0.54701,0.39451,0.76393,0.60881,0.46339,0.21382,0.76789
06/03/2008 13:00,0.605,0.47098,0.75271,0.62283,0.54758,0.29826,0.78103
06/03/2008 14:00,0.52845,0.41214,0.6267,0.53058,0.43084,0.29599,0.62827
06/03/2008 15:00,0.37564,0.30741,0.43392,0.37487,0.25709,0.22113,0.25272
06/03/2008 16:00,0.15162,0.14176,0.19322,0.15775,0.10844,0.08545,0.09555
06/03/2008 17:00,0.00496,0,0,0,0,0,0
06/03/2008 18:00,0,0,0,0,0,0,0
06/03/2008 19:00,0,0,0,0,0,0,0
06/03/2008 20:00,0,0,0,0,0,0,0
06/03/2008 21:00,0,0,0,0,0,0,0
06/03/2008 22:00,0,0,0,0,0,0,0
06/03/2008 23:00,0,0,0,0,0,0,0
07/03/2008 00:00,0,0,0,0,0,0,0
07/03/2008 01:00,0,0,0,0,0,0,0
07/03/2008 02:00,0,0,0,0,0,0,0
07/03/2008 03:00,0,0,0,0,0,0,0
07/03/2008 04:00,0,0,0,0,0,0,0
07/03/2008 05:00,0,0,0,0,0,0,0
07/03/2008 06:00,0.00036,0,0,0,0.0019,0,5.00E-04
07/03/2008 07:00,0.07052,0.06888,0.08358,0.083,0.06521,0.0549,0.03054
07/03/2008 08:00,0.16516,0.14743,0.15613,0.15604,0.15392,0.13752,0.05779
07/03/2008 09:00,0.28285,0.23497,0.25307,0.23327,0.30517,0.20003,0.09017
07/03/2008 10:00,0.36325,0.31707,0.33375,0.31324,0.35837,0.32063,0.11517
07/03/2008 11:00,0.48688,0.37212,0.33436,0.32482,0.50119,0.41593,0.25242
07/03/2008 12:00,0.53179,0.41046,0.3437,0.35744,0.45162,0.43389,0.38116
07/03/2008 13:00,0.5347,0.37032,0.39734,0.50021,0.47906,0.32205,0.22447
07/03/2008 14:00,0.40438,0.25991,0.3412,0.45527,0.40615,0.31405,0.13683
07/03/2008 15:00,0.25487,0.19303,0.2162,0.33124,0.23191,0.30148,0.14751
07/03/2008 16:00,0.08268,0.08936,0.10665,0.12322,0.07389,0.1085,0.07976
07/03/2008 17:00,0.00248,0,0,0,0,0,0
07/03/2008 18:00,0,0,0,0,0,0,0
07/03/2008 19:00,0,0,0,0,0,0,0
07/03/2008 20:00,0,0,0,0,0,0,0
07/03/2008 21:00,0,0,0,0,0,0,0
07/03/2008 22:00,0,0,0,0,0,0,0
07/03/2008 23:00,0,0,0,0,0,0,0
08/03/2008 00:00,0,0,0,0,0,0,0
08/03/2008 01:00,0,0,0,0,0,0,0
08/03/2008 02:00,0,0,0,0,0,0,0
08/03/2008 03:00,0,0,0,0,0,0,0
08/03/2008 04:00,0,0,0,0,0,0,0
08/03/2008 05:00,0,0,0,0,0,0,0
08/03/2008 06:00,0,0,0,0.001,0.00866,0.00127,0.00523
08/03/2008 07:00,0.12334,0.08796,0.06291,0.04687,0.12841,0.09921,0.19333
08/03/2008 08:00,0.32763,0.16533,0.15189,0.09091,0.28196,0.21973,0.41261
08/03/2008 09:00,0.45143,0.22245,0.20049,0.22196,0.35864,0.23795,0.61837
08/03/2008 10:00,0.50095,0.23494,0.23853,0.2537,0.3189,0.28822,0.67591
08/03/2008 11:00,0.52221,0.33092,0.35201,0.33302,0.36676,0.30996,0.73102
08/03/2008 12:00,0.38637,0.30368,0.31723,0.54474,0.23984,0.26213,0.64342
08/03/2008 13:00,0.50383,0.33855,0.42751,0.54548,0.37751,0.36041,0.47127
08/03/2008 14:00,0.41381,0.28385,0.39554,0.39481,0.34703,0.29953,0.22001
08/03/2008 15:00,0.27403,0.21518,0.28695,0.2955,0.25175,0.19448,0.15192
08/03/2008 16:00,0.11666,0.10933,0.14066,0.14749,0.10484,0.0938,0.08298
08/03/2008 17:00,0.00198,0.00034,0,0,0,0,0
08/03/2008 18:00,0,0,0,0,0,0,0
08/03/2008 19:00,0,0,0,0,0,0,0
08/03/2008 20:00,0,0,0,0,0,0,0
08/03/2008 21:00,0,0,0,0,0,0,0
08/03/2008 22:00,0,0,0,0,0,0,0
08/03/2008 23:00,0,0,0,0,0,0,0
09/03/2008 00:00,0,0,0,0,0,0,0
09/03/2008 01:00,0,0,0,0,0,0,0
09/03/2008 02:00,0,0,0,0,0,0,0
09/03/2008 03:00,0,0,0,0,0,0,0
09/03/2008 04:00,0,0,0,0,0,0,0
09/03/2008 05:00,0,0,0,0,0,0,0
09/03/2008 06:00,0.00073,0.00252,0.00164,0.00391,0.00629,0.00373,0.00079
09/03/2008 07:00,0.14349,0.15029,0.13616,0.18535,0.13389,0.17568,0.04652
09/03/2008 08:00,0.35816,0.3368,0.34669,0.38405,0.28056,0.34155,0.06758
09/03/2008 09:00,0.49565,0.49211,0.54603,0.56561,0.38594,0.42549,0.06923
09/03/2008 10:00,0.52054,0.55914,0.74652,0.71454,0.38939,0.48243,0.06121
09/03/2008 11:00,0.52019,0.54141,0.80265,0.83185,0.41933,0.52033,0.06458
09/03/2008 12:00,0.46983,0.53541,0.75232,0.80888,0.30592,0.46569,0.03941
09/03/2008 13:00,0.40878,0.51853,0.64097,0.75694,0.37223,0.52481,0.05438
09/03/2008 14:00,0.3421,0.37519,0.51061,0.58258,0.33694,0.47943,0.05198
09/03/2008 15:00,0.22604,0.21449,0.28057,0.4316,0.24561,0.29125,0.04357
09/03/2008 16:00,0.09544,0.10579,0.12663,0.18084,0.10124,0.14518,0.05289
09/03/2008 17:00,0.00179,0.00179,0,0,0,0,0
09/03/2008 18:00,0,0,0,0,0,0,0
09/03/2008 19:00,0,0,0,0,0,0,0
09/03/2008 20:00,0,0,0,0,0,0,0
09/03/2008 21:00,0,0,0,0,0,0,0
09/03/2008 22:00,0,0,0,0,0,0,0
09/03/2008 23:00,0,0,0,0,0,0,0
10/03/2008 00:00,0,0,0,0,0,0,0
10/03/2008 01:00,0,0,0,0,0,0,0
10/03/2008 02:00,0,0,0,0,0,0,0
10/03/2008 03:00,0,0,0,0,0,0,0
10/03/2008 04:00,0,0,0,0,0,0,0
10/03/2008 05:00,0,0,0,0,0,0,0
10/03/2008 06:00,0.00431,0.00274,0.00151,0.00341,0.01128,0.00509,0.0038
10/03/2008 07:00,0.11281,0.1376,0.10136,0.12131,0.115,0.11298,0.04214
10/03/2008 08:00,0.28863,0.27015,0.36494,0.47174,0.28991,0.39395,0.06756
10/03/2008 09:00,0.40812,0.3977,0.47442,0.6501,0.4364,0.46199,0.07151
10/03/2008 10:00,0.34495,0.50848,0.50569,0.73929,0.45887,0.49506,0.05849
10/03/2008 11:00,0.25609,0.28028,0.57271,0.64769,0.44388,0.62607,0.06264
10/03/2008 12:00,0.24082,0.22058,0.17089,0.48646,0.35663,0.3049,0.05927
10/03/2008 13:00,0.17399,0.19699,0.14904,0.17658,0.23444,0.23759,0.07516
10/03/2008 14:00,0.11589,0.15097,0.12992,0.15497,0.15925,0.15751,0.06247
10/03/2008 15:00,0.06184,0.07211,0.06829,0.10767,0.09555,0.07069,0.03467
10/03/2008 16:00,0.03798,0.0316,0.03998,0.02406,0.03825,0.03836,0.02206
10/03/2008 17:00,8.00E-04,0.00064,0,0,0,0,0
10/03/2008 18:00,0,0,0,0,0,0,0
10/03/2008 19:00,0,0,0,0,0,0,0
10/03/2008 20:00,0,0,0,0,0,0,0
10/03/2008 21:00,0,0,0,0,0,0,0
10/03/2008 22:00,0,0,0,0,0,0,0
10/03/2008 23:00,0,0,0,0,0,0,0
11/03/2008 00:00,0,0,0,0,0,0,0
11/03/2008 01:00,0,0,0,0,0,0,0
11/03/2008 02:00,0,0,0,0,0,0,0
11/03/2008 03:00,0,0,0,0,0,0,0
11/03/2008 04:00,0,0,0,0,0,0,0
11/03/2008 05:00,0,0,0,0,0,0,0
11/03/2008 06:00,0.00259,0.00308,0.00562,0.00549,0.0181,0.0051,0.01517
11/03/2008 07:00,0.07802,0.08713,0.1278,0.1593,0.13595,0.07364,0.13788
11/03/2008 08:00,0.15789,0.14521,0.21391,0.2991,0.24324,0.14724,0.26842
11/03/2008 09:00,0.25612,0.23279,0.22491,0.26286,0.2938,0.20136,0.37641
11/03/2008 10:00,0.27915,0.33934,0.35778,0.36702,0.26559,0.30941,0.433
11/03/2008 11:00,0.31785,0.39575,0.45954,0.40381,0.32414,0.407,0.47204
11/03/2008 12:00,0.1665,0.21217,0.56322,0.57308,0.24649,0.39846,0.419
11/03/2008 13:00,0.15055,0.20554,0.31433,0.57259,0.40065,0.34891,0.4672
11/03/2008 14:00,0.10545,0.16856,0.29152,0.21809,0.22815,0.15779,0.3315
11/03/2008 15:00,0.10906,0.13203,0.14098,0.14431,0.12056,0.13191,0.18047
11/03/2008 16:00,0.07538,0.07433,0.07452,0.0727,0.05874,0.0592,0.05252
11/03/2008 17:00,0.00361,0.00103,7.00E-04,0,0,0,0
11/03/2008 18:00,0,0,0,0,0,0,0
11/03/2008 19:00,0,0,0,0,0,0,0
11/03/2008 20:00,0,0,0,0,0,0,0
11/03/2008 21:00,0,0,0,0,0,0,0
11/03/2008 22:00,0,0,0,0,0,0,0
11/03/2008 23:00,0,0,0,0,0,0,0
12/03/2008 00:00,0,0,0,0,0,0,0
12/03/2008 01:00,0,0,0,0,0,0,0
12/03/2008 02:00,0,0,0,0,0,0,0
12/03/2008 03:00,0,0,0,0,0,0,0
12/03/2008 04:00,0,0,0,0,0,0,0
12/03/2008 05:00,0,0,0,0,0,0,0
12/03/2008 06:00,0.00376,0.00414,0.00349,0.00328,0.01242,0.00617,0.01445
12/03/2008 07:00,0.04531,0.0533,0.05085,0.02941,0.04466,0.05374,0.15609
12/03/2008 08:00,0.07546,0.09708,0.12227,0.1086,0.09364,0.1166,0.23607
12/03/2008 09:00,0.10178,0.14395,0.2159,0.21082,0.13018,0.12735,0.2511
12/03/2008 10:00,0.08546,0.17489,0.12138,0.09221,0.14527,0.18869,0.37
12/03/2008 11:00,0.10001,0.18076,0.0642,0.05612,0.17489,0.08828,0.51157
12/03/2008 12:00,0.0746,0.09961,0.12402,0.06344,0.13481,0.04327,0.49097
12/03/2008 13:00,0.06878,0.08526,0.08529,0.1214,0.15287,0.06567,0.39734
12/03/2008 14:00,0.07403,0.17581,0.11676,0.14545,0.13119,0.07537,0.26322
12/03/2008 15:00,0.11306,0.13853,0.11406,0.13645,0.07515,0.11027,0.22643
12/03/2008 16:00,0.06625,0.06523,0.04801,0.06646,0.04982,0.07167,0.07497
12/03/2008 17:00,0.006,0.00341,0.00284,0,0,0.00247,0
12/03/2008 18:00,0,0,0,0,0,0,0
12/03/2008 19:00,0,0,0,0,0,0,0
12/03/2008 20:00,0,0,0,0,0,0,0
12/03/2008 21:00,0,0,0,0,0,0,0
12/03/2008 22:00,0,0,0,0,0,0,0
12/03/2008 23:00,0,0,0,0,0,0,0
13/03/2008 00:00,0,0,0,0,0,0,0
13/03/2008 01:00,0,0,0,0,0,0,0
13/03/2008 02:00,0,0,0,0,0,0,0
13/03/2008 03:00,0,0,0,0,0,0,0
13/03/2008 04:00,0,0,0,0,0,0,0
13/03/2008 05:00,0,0,0,0,0,0,0
13/03/2008 06:00,0.00528,0.00246,0.00358,0.00521,0.00861,0.00311,0.01727
13/03/2008 07:00,0.11919,0.10485,0.05361,0.04444,0.08999,0.05609,0.17447
13/03/2008 08:00,0.222,0.2122,0.17064,0.08525,0.19548,0.16483,0.38328
13/03/2008 09:00,0.30493,0.2201,0.12018,0.1058,0.28946,0.16532,0.51097
13/03/2008 10:00,0.4093,0.31459,0.20679,0.14852,0.37142,0.23971,0.59128
13/03/2008 11:00,0.41079,0.35051,0.30721,0.18056,0.36002,0.24167,0.62821
13/03/2008 12:00,0.34367,0.35202,0.24262,0.15423,0.28998,0.13844,0.61083
13/03/2008 13:00,0.40748,0.40685,0.27473,0.14321,0.31381,0.20977,0.57782
13/03/2008 14:00,0.45118,0.27153,0.16015,0.08937,0.2688,0.17598,0.48239
13/03/2008 15:00,0.2546,0.13084,0.07107,0.0541,0.18785,0.08331,0.33764
13/03/2008 16:00,0.10176,0.04533,0.04191,0.0413,0.07376,0.03549,0.17283
13/03/2008 17:00,0.00394,0.00244,0.00094,0,0,0.0015,0.00506
13/03/2008 18:00,0,0,0,0,0,0,0
13/03/2008 19:00,0,0,0,0,0,0,0
13/03/2008 20:00,0,0,0,0,0,0,0
13/03/2008 21:00,0,0,0,0,0,0,0
13/03/2008 22:00,0,0,0,0,0,0,0
13/03/2008 23:00,0,0,0,0,0,0,0
14/03/2008 00:00,0,0,0,0,0,0,0
14/03/2008 01:00,0,0,0,0,0,0,0
14/03/2008 02:00,0,0,0,0,0,0,0
14/03/2008 03:00,0,0,0,0,0,0,0
14/03/2008 04:00,0,0,0,0,0,0,0
14/03/2008 05:00,0,0,0,0,0,0,0
14/03/2008 06:00,0.00862,0.00547,0.00456,0.00309,0.01413,0.0082,0.02142
14/03/2008 07:00,0.13467,0.09514,0.04385,0.0483,0.09909,0.07855,0.19357
14/03/2008 08:00,0.30566,0.23288,0.09336,0.05797,0.18116,0.15366,0.41255
14/03/2008 09:00,0.42267,0.36629,0.11436,0.09035,0.18801,0.20752,0.52592
14/03/2008 10:00,0.47405,0.48078,0.23349,0.14771,0.19335,0.30384,0.6072
14/03/2008 11:00,0.53415,0.4905,0.46967,0.31055,0.31513,0.34763,0.68353
14/03/2008 12:00,0.50798,0.42623,0.41865,0.38111,0.26909,0.22894,0.64783
14/03/2008 13:00,0.53734,0.48584,0.36233,0.26464,0.36794,0.31654,0.63476
14/03/2008 14:00,0.47796,0.4361,0.31513,0.15011,0.30666,0.29503,0.54528
14/03/2008 15:00,0.37222,0.30928,0.23774,0.11473,0.22416,0.21315,0.38577
14/03/2008 16:00,0.19065,0.17727,0.15281,0.07229,0.09208,0.09846,0.17367
14/03/2008 17:00,0.01322,0.01148,0.00614,0.00083,0.00145,0.00398,0.00374
14/03/2008 18:00,0,0,0,0,0,0,0
14/03/2008 19:00,0,0,0,0,0,0,0
14/03/2008 20:00,0,0,0,0,0,0,0
14/03/2008 21:00,0,0,0,0,0,0,0
14/03/2008 22:00,0,0,0,0,0,0,0
14/03/2008 23:00,0,0,0,0,0,0,0
15/03/2008 00:00,0,0,0,0,0,0,0
15/03/2008 01:00,0,0,0,0,0,0,0
15/03/2008 02:00,0,0,0,0,0,0,0
15/03/2008 03:00,0,0,0,0,0,0,0
15/03/2008 04:00,0,0,0,0,0,0,0
15/03/2008 05:00,0,0,0,0,0,0,0
15/03/2008 06:00,0.01514,0.01294,0.0169,0.02632,0.02419,0.02916,0.03012
15/03/2008 07:00,0.1907,0.18358,0.22756,0.24208,0.22568,0.23269,0.24751
15/03/2008 08:00,0.41366,0.43123,0.41515,0.49605,0.42615,0.41324,0.40941
15/03/2008 09:00,0.56088,0.6022,0.64715,0.5916,0.57089,0.56468,0.58518
15/03/2008 10:00,0.6853,0.70899,0.72391,0.75477,0.66622,0.69777,0.62933
15/03/2008 11:00,0.76963,0.77266,0.80959,0.7782,0.77192,0.80918,0.66355
15/03/2008 12:00,0.75798,0.77018,0.79404,0.81122,0.71296,0.80623,0.62772
15/03/2008 13:00,0.61104,0.6636,0.49527,0.59926,0.66963,0.66847,0.56105
15/03/2008 14:00,0.48114,0.43667,0.34289,0.31309,0.47793,0.46441,0.34767
15/03/2008 15:00,0.26353,0.34995,0.2918,0.21551,0.26324,0.22111,0.22095
15/03/2008 16:00,0.13246,0.17258,0.182,0.15589,0.09644,0.10562,0.06731
15/03/2008 17:00,0.01112,0.00976,0.00967,0.00514,0.0026,0.0066,0.00134
15/03/2008 18:00,0,0,0,0,0,0,0
15/03/2008 19:00,0,0,0,0,0,0,0
15/03/2008 20:00,0,0,0,0,0,0,0
15/03/2008 21:00,0,0,0,0,0,0,0
15/03/2008 22:00,0,0,0,0,0,0,0
15/03/2008 23:00,0,0,0,0,0,0,0
16/03/2008 00:00,0,0,0,0,0,0,0
16/03/2008 01:00,0,0,0,0,0,0,0
16/03/2008 02:00,0,0,0,0,0,0,0
16/03/2008 03:00,0,0,0,0,0,0,0
16/03/2008 04:00,0,0,0,0,0,0,0
16/03/2008 05:00,0,0,0,0,0,0,0
16/03/2008 06:00,0.01048,0.01289,0.01831,0.0141,0.01141,0.0197,0.00824
16/03/2008 07:00,0.09049,0.15158,0.18436,0.14331,0.06624,0.14613,0.0422
16/03/2008 08:00,0.23336,0.31241,0.37097,0.38,0.13315,0.42099,0.05852
16/03/2008 09:00,0.34268,0.36179,0.55407,0.6398,0.15088,0.6374,0.07042
16/03/2008 10:00,0.41862,0.45421,0.64717,0.61603,0.13356,0.59643,0.2127
16/03/2008 11:00,0.31157,0.51355,0.68135,0.6667,0.19455,0.6043,0.38646
16/03/2008 12:00,0.29132,0.21467,0.36431,0.53781,0.19576,0.31702,0.37204
16/03/2008 13:00,0.28934,0.26721,0.20342,0.31246,0.18605,0.19227,0.3912
16/03/2008 14:00,0.20624,0.23414,0.25268,0.10839,0.23742,0.18611,0.32003
16/03/2008 15:00,0.13857,0.11949,0.27189,0.19173,0.19558,0.18433,0.26082
16/03/2008 16:00,0.05833,0.044,0.0858,0.08046,0.09634,0.05575,0.13375
16/03/2008 17:00,0.0089,0.0074,0.00502,0.00821,0.00396,0.00297,0.00513
16/03/2008 18:00,0,0,0,0,0,0,0
16/03/2008 19:00,0,0,0,0,0,0,0
16/03/2008 20:00,0,0,0,0,0,0,0
16/03/2008 21:00,0,0,0,0,0,0,0
16/03/2008 22:00,0,0,0,0,0,0,0
16/03/2008 23:00,0,0,0,0,0,0,0
17/03/2008 00:00,0,0,0,0,0,0,0
17/03/2008 01:00,0,0,0,0,0,0,0
17/03/2008 02:00,0,0,0,0,0,0,0
17/03/2008 03:00,0,0,0,0,0,0,0
17/03/2008 04:00,0,0,0,0,0,0,0
17/03/2008 05:00,0,0,0,0,0,0,0
17/03/2008 06:00,0.00669,0.00704,0.01032,0.00642,0.02321,0.00824,0.03456
17/03/2008 07:00,0.05337,0.04357,0.0416,0.02557,0.11984,0.06183,0.25315
17/03/2008 08:00,0.0917,0.05067,0.04213,0.03529,0.19525,0.07593,0.48124
17/03/2008 09:00,0.1018,0.0615,0.06468,0.04946,0.20365,0.05871,0.62933
17/03/2008 10:00,0.11169,0.09875,0.12254,0.08388,0.23649,0.0886,0.61037
17/03/2008 11:00,0.10846,0.15553,0.17222,0.098,0.30257,0.16113,0.56431
17/03/2008 12:00,0.08339,0.09024,0.14595,0.10188,0.36343,0.1744,0.41492
17/03/2008 13:00,0.11525,0.07823,0.09059,0.08349,0.2623,0.10114,0.56044
17/03/2008 14:00,0.09384,0.0661,0.06291,0.06617,0.18893,0.11197,0.36849
17/03/2008 15:00,0.09663,0.06615,0.0484,0.05969,0.11976,0.07326,0.26869
17/03/2008 16:00,0.08763,0.04298,0.02474,0.02991,0.07118,0.03299,0.14856
17/03/2008 17:00,0.00932,0.00518,0.00269,0.00131,0.00282,0.00448,0.00824
17/03/2008 18:00,0,0,0,0,0,0,0
17/03/2008 19:00,0,0,0,0,0,0,0
17/03/2008 20:00,0,0,0,0,0,0,0
17/03/2008 21:00,0,0,0,0,0,0,0
17/03/2008 22:00,0,0,0,0,0,0,0
17/03/2008 23:00,0,0,0,0,0,0,0
18/03/2008 00:00,0,0,0,0,0,0,0
18/03/2008 01:00,0,0,0,0,0,0,0
18/03/2008 02:00,0,0,0,0,0,0,0
18/03/2008 03:00,0,0,0,0,0,0,0
18/03/2008 04:00,0,0,0,0,0,0,0
18/03/2008 05:00,0,0,0,0,0,0,0
18/03/2008 06:00,0.01706,0.01441,0.01956,0.01825,0.02664,0.01117,0.03923
18/03/2008 07:00,0.14879,0.10945,0.10367,0.09187,0.13466,0.06607,0.27902
18/03/2008 08:00,0.29826,0.19297,0.28305,0.21283,0.25239,0.09107,0.50767
18/03/2008 09:00,0.36036,0.19892,0.32733,0.25209,0.28808,0.09989,0.68477
18/03/2008 10:00,0.38329,0.17561,0.15313,0.14713,0.29679,0.08768,0.78796
18/03/2008 11:00,0.42928,0.18968,0.22294,0.19603,0.33701,0.07846,0.84786
18/03/2008 12:00,0.44243,0.16259,0.25613,0.29069,0.32341,0.07176,0.84145
18/03/2008 13:00,0.46542,0.22342,0.34246,0.40787,0.37778,0.12855,0.77923
18/03/2008 14:00,0.42236,0.1895,0.24936,0.38999,0.36643,0.15119,0.65644
18/03/2008 15:00,0.33181,0.18238,0.30101,0.33353,0.28797,0.13659,0.45701
18/03/2008 16:00,0.17255,0.12406,0.20469,0.18021,0.12958,0.09163,0.2096
18/03/2008 17:00,0.01985,0.01478,0.01544,0.01161,0.00585,0.00733,0.0101
18/03/2008 18:00,0,0,0,0,0,0,0
18/03/2008 19:00,0,0,0,0,0,0,0
18/03/2008 20:00,0,0,0,0,0,0,0
18/03/2008 21:00,0,0,0,0,0,0,0
18/03/2008 22:00,0,0,0,0,0,0,0
18/03/2008 23:00,0,0,0,0,0,0,0
19/03/2008 00:00,0,0,0,0,0,0,0
19/03/2008 01:00,0,0,0,0,0,0,0
19/03/2008 02:00,0,0,0,0,0,0,0
19/03/2008 03:00,0,0,0,0,0,0,0
19/03/2008 04:00,0,0,0,0,0,0,0
19/03/2008 05:00,0,0,0,0,0,0,0
19/03/2008 06:00,0.02354,0.02608,0.03152,0.04326,0.04268,0.03172,0.03353
19/03/2008 07:00,0.19849,0.22517,0.23232,0.22861,0.20608,0.17966,0.20523
19/03/2008 08:00,0.39575,0.40353,0.42368,0.43031,0.39661,0.30216,0.39216
19/03/2008 09:00,0.50939,0.53724,0.61611,0.6132,0.51865,0.39328,0.44068
19/03/2008 10:00,0.56652,0.40979,0.41795,0.50036,0.51099,0.38014,0.51566
19/03/2008 11:00,0.53184,0.2938,0.23899,0.32131,0.49012,0.23915,0.51802
19/03/2008 12:00,0.44645,0.30219,0.37307,0.30714,0.42668,0.1402,0.51897
19/03/2008 13:00,0.43379,0.29068,0.33304,0.2717,0.39417,0.2563,0.51387
19/03/2008 14:00,0.33119,0.27683,0.2853,0.19834,0.33548,0.19373,0.39398
19/03/2008 15:00,0.28164,0.19735,0.24245,0.17294,0.23811,0.10641,0.28525
19/03/2008 16:00,0.14429,0.12151,0.20182,0.12282,0.10278,0.07439,0.15896
19/03/2008 17:00,0.01905,0.01575,0.01668,0.0129,0.00511,0.00789,0.01123
19/03/2008 18:00,0,0,0,0,0,0,0
19/03/2008 19:00,0,0,0,0,0,0,0
19/03/2008 20:00,0,0,0,0,0,0,0
19/03/2008 21:00,0,0,0,0,0,0,0
19/03/2008 22:00,0,0,0,0,0,0,0
19/03/2008 23:00,0,0,0,0,0,0,0
20/03/2008 00:00,0,0,0,0,0,0,0
20/03/2008 01:00,0,0,0,0,0,0,0
20/03/2008 02:00,0,0,0,0,0,0,0
20/03/2008 03:00,0,0,0,0,0,0,0
20/03/2008 04:00,0,0,0,0,0,0,0
20/03/2008 05:00,0,0,0,0,0,0,0
20/03/2008 06:00,0.02929,0.02801,0.03455,0.03521,0.03999,0.02924,0.05864
20/03/2008 07:00,0.22996,0.21418,0.18737,0.10207,0.17693,0.14945,0.30803
20/03/2008 08:00,0.44823,0.33786,0.28871,0.17528,0.32156,0.16535,0.54456
20/03/2008 09:00,0.58113,0.37441,0.30167,0.30137,0.40834,0.19749,0.72326
20/03/2008 10:00,0.63833,0.3706,0.28212,0.21671,0.40402,0.19729,0.82626
20/03/2008 11:00,0.61121,0.36259,0.30053,0.30645,0.42898,0.21851,0.87586
20/03/2008 12:00,0.59383,0.3282,0.47398,0.3671,0.37696,0.22438,0.87699
20/03/2008 13:00,0.54664,0.35831,0.34387,0.44787,0.4053,0.27405,0.8127
20/03/2008 14:00,0.48433,0.31142,0.27287,0.28592,0.38876,0.235,0.68028
20/03/2008 15:00,0.33288,0.21776,0.2726,0.32951,0.29067,0.17353,0.46457
20/03/2008 16:00,0.16205,0.10356,0.09391,0.12689,0.13094,0.08255,0.23097
20/03/2008 17:00,0.02056,0.01718,0.00862,0.00959,0.00724,0.00924,0.0119
20/03/2008 18:00,0,0,0,0,0,0,0
20/03/2008 19:00,0,0,0,0,0,0,0
20/03/2008 20:00,0,0,0,0,0,0,0
20/03/2008 21:00,0,0,0,0,0,0,0
20/03/2008 22:00,0,0,0,0,0,0,0
20/03/2008 23:00,0,0,0,0,0,0,0
21/03/2008 00:00,0,0,0,0,0,0,0
21/03/2008 01:00,0,0,0,0,0,0,0
21/03/2008 02:00,0,0,0,0,0,0,0
21/03/2008 03:00,0,0,0,0,0,0,0
21/03/2008 04:00,0,0,0,0,0,0,0
21/03/2008 05:00,0,0,0,0,0,0,0
21/03/2008 06:00,0.00401,0.0033,0.00335,0.00475,0.01151,0.00465,0.01939
21/03/2008 07:00,0.02033,0.01807,0.02055,0.02127,0.03772,0.02125,0.10253
21/03/2008 08:00,0.03815,0.03282,0.04226,0.04134,0.07883,0.03381,0.16141
21/03/2008 09:00,0.05474,0.05044,0.05618,0.05284,0.10956,0.05511,0.16659
21/03/2008 10:00,0.07506,0.06585,0.08206,0.06036,0.15997,0.06962,0.24293
21/03/2008 11:00,0.07895,0.08057,0.11248,0.08042,0.20135,0.08119,0.27291
21/03/2008 12:00,0.08201,0.08982,0.08507,0.07379,0.2381,0.08844,0.33186
21/03/2008 13:00,0.08645,0.08586,0.06253,0.06169,0.17977,0.08369,0.28035
21/03/2008 14:00,0.06289,0.05996,0.06012,0.05192,0.10961,0.05058,0.15818
21/03/2008 15:00,0.04476,0.03798,0.05463,0.03471,0.05478,0.03489,0.09018
21/03/2008 16:00,0.02629,0.03079,0.0261,0.02503,0.03159,0.02766,0.0384
21/03/2008 17:00,0.00722,0.00864,0.00443,0.00314,0.00521,0.00578,0.00766
21/03/2008 18:00,0,0,0,0,0,0,0
21/03/2008 19:00,0,0,0,0,0,0,0
21/03/2008 20:00,0,0,0,0,0,0,0
21/03/2008 21:00,0,0,0,0,0,0,0
21/03/2008 22:00,0,0,0,0,0,0,0
21/03/2008 23:00,0,0,0,0,0,0,0
22/03/2008 00:00,0,0,0,0,0,0,0
22/03/2008 01:00,0,0,0,0,0,0,0
22/03/2008 02:00,0,0,0,0,0,0,0
22/03/2008 03:00,0,0,0,0,0,0,0
22/03/2008 04:00,0,0,0,0,0,0,0
22/03/2008 05:00,0,0,0,0,0,0,0
22/03/2008 06:00,0.02164,0.02915,0.04224,0.05632,0.04594,0.04173,0.05838
22/03/2008 07:00,0.12837,0.15633,0.21324,0.23947,0.173,0.16472,0.25722
22/03/2008 08:00,0.21386,0.25704,0.35237,0.40957,0.27263,0.25752,0.42924
22/03/2008 09:00,0.23342,0.32825,0.53279,0.51621,0.35572,0.32681,0.56404
22/03/2008 10:00,0.22051,0.34437,0.62206,0.61408,0.40287,0.38227,0.67772
22/03/2008 11:00,0.24358,0.3739,0.59291,0.66038,0.44715,0.41675,0.70599
22/03/2008 12:00,0.26384,0.21278,0.45571,0.59985,0.48092,0.38032,0.75461
22/03/2008 13:00,0.23716,0.15765,0.25765,0.40017,0.46489,0.31505,0.65162
22/03/2008 14:00,0.18244,0.12511,0.14668,0.22235,0.36781,0.22848,0.48682
22/03/2008 15:00,0.15446,0.13547,0.07499,0.12042,0.28347,0.12362,0.32578
22/03/2008 16:00,0.09519,0.09446,0.08603,0.03859,0.11051,0.06394,0.15461
22/03/2008 17:00,0.02146,0.01635,0.01882,0.00825,0.00774,0.01209,0.00928
22/03/2008 18:00,0,0,0,0,0,0,0
22/03/2008 19:00,0,0,0,0,0,0,0
22/03/2008 20:00,0,0,0,0,0,0,0
22/03/2008 21:00,0,0,0,0,0,0,0
22/03/2008 22:00,0,0,0,0,0,0,0
22/03/2008 23:00,0,0,0,0,0,0,0
23/03/2008 00:00,0,0,0,0,0,0,0
23/03/2008 01:00,0,0,0,0,0,0,0
23/03/2008 02:00,0,0,0,0,0,0,0
23/03/2008 03:00,0,0,0,0,0,0,0
23/03/2008 04:00,0,0,0,0,0,0,0
23/03/2008 05:00,0,0,0,0,0,0,0
23/03/2008 06:00,0.03081,0.02712,0.03363,0.02762,0.02556,0.03357,0.0153
23/03/2008 07:00,0.10704,0.11692,0.12199,0.13299,0.07703,0.08569,0.0702
23/03/2008 08:00,0.20833,0.17677,0.12694,0.23634,0.15948,0.19338,0.25691
23/03/2008 09:00,0.26859,0.21096,0.13765,0.21642,0.22402,0.24749,0.34591
23/03/2008 10:00,0.26589,0.22354,0.18847,0.1663,0.19751,0.23944,0.35034
23/03/2008 11:00,0.25438,0.21415,0.21473,0.22181,0.22082,0.22534,0.41926
23/03/2008 12:00,0.18535,0.17114,0.28119,0.28218,0.22407,0.18743,0.52192
23/03/2008 13:00,0.17643,0.14506,0.26299,0.14609,0.23851,0.13851,0.56584
23/03/2008 14:00,0.14671,0.11048,0.19037,0.07105,0.19693,0.11176,0.52846
23/03/2008 15:00,0.16987,0.10091,0.12572,0.08139,0.14922,0.09013,0.38567
23/03/2008 16:00,0.11062,0.07691,0.09581,0.05672,0.07329,0.05692,0.19423
23/03/2008 17:00,0.02083,0.01448,0.01596,0.00968,0.00775,0.01073,0.01753
23/03/2008 18:00,0,0,0,0,0,0,0
23/03/2008 19:00,0,0,0,0,0,0,0
23/03/2008 20:00,0,0,0,0,0,0,0
23/03/2008 21:00,0,0,0,0,0,0,0
23/03/2008 22:00,0,0,0,0,0,0,0
23/03/2008 23:00,0,0,0,0,0,0,0
24/03/2008 00:00,0,0,0,0,0,0,0
24/03/2008 01:00,0,0,0,0,0,0,0
24/03/2008 02:00,0,0,0,0,0,0,0
24/03/2008 03:00,0,0,0,0,0,0,0
24/03/2008 04:00,0,0,0,0,0,0,0
24/03/2008 05:00,0,0,0,0,0,0,0
24/03/2008 06:00,0.02893,0.03329,0.06301,0.06356,0.04989,0.04577,0.0708
24/03/2008 07:00,0.12521,0.14572,0.27618,0.24472,0.17114,0.16939,0.29255
24/03/2008 08:00,0.22499,0.24191,0.46849,0.41809,0.2802,0.26275,0.48338
24/03/2008 09:00,0.26054,0.27642,0.56663,0.55281,0.35774,0.32087,0.62427
24/03/2008 10:00,0.26203,0.25237,0.40363,0.63923,0.38647,0.32763,0.72897
24/03/2008 11:00,0.24455,0.23202,0.31577,0.47179,0.40065,0.31307,0.79351
24/03/2008 12:00,0.2413,0.19613,0.29783,0.34989,0.37198,0.24489,0.76328
24/03/2008 13:00,0.20555,0.14683,0.19986,0.27247,0.33436,0.22087,0.6033
24/03/2008 14:00,0.19018,0.12078,0.11232,0.15083,0.26766,0.16145,0.48869
24/03/2008 15:00,0.13709,0.09746,0.11625,0.08304,0.19852,0.11625,0.37817
24/03/2008 16:00,0.07988,0.0484,0.05136,0.09827,0.07677,0.06276,0.18447
24/03/2008 17:00,0.0168,0.01046,0.01297,0.00849,0.01171,0.01442,0.02047
24/03/2008 18:00,0,0,0,0,0,0,0
24/03/2008 19:00,0,0,0,0,0,0,0
24/03/2008 20:00,0,0,0,0,0,0,0
24/03/2008 21:00,0,0,0,0,0,0,0
24/03/2008 22:00,0,0,0,0,0,0,0
24/03/2008 23:00,0,0,0,0,0,0,0
25/03/2008 00:00,0,0,0,0,0,0,0
25/03/2008 01:00,0,0,0,0,0,0,0
25/03/2008 02:00,0,0,0,0,0,0,0
25/03/2008 03:00,0,0,0,0,0,0,0
25/03/2008 04:00,0,0,0,0,0,0,0
25/03/2008 05:00,0,0,0,0,0,0,0
25/03/2008 06:00,0.02278,0.02314,0.02357,0.03748,0.02822,0.02407,0.03565
25/03/2008 07:00,0.08962,0.07622,0.09457,0.07261,0.07938,0.05652,0.16954
25/03/2008 08:00,0.17314,0.12861,0.12664,0.11081,0.1348,0.09293,0.31852
25/03/2008 09:00,0.22829,0.13862,0.14425,0.13748,0.17612,0.11366,0.46458
25/03/2008 10:00,0.2618,0.16133,0.1728,0.17646,0.18281,0.13593,0.60487
25/03/2008 11:00,0.27293,0.19629,0.26131,0.25852,0.20147,0.14505,0.68748
25/03/2008 12:00,0.24142,0.17153,0.29863,0.3344,0.21628,0.15814,0.71393
25/03/2008 13:00,0.22672,0.18695,0.27709,0.2739,0.2291,0.19194,0.67962
25/03/2008 14:00,0.21096,0.1443,0.11517,0.23232,0.18769,0.13983,0.58643
25/03/2008 15:00,0.19987,0.11882,0.07029,0.12738,0.14054,0.12276,0.42574
25/03/2008 16:00,0.13562,0.07721,0.05444,0.06812,0.07266,0.07259,0.20971
25/03/2008 17:00,0.03055,0.01691,0.01243,0.01564,0.01208,0.01264,0.02147
25/03/2008 18:00,0,0,0,0,0,0,0
25/03/2008 19:00,0,0,0,0,0,0,0
25/03/2008 20:00,0,0,0,0,0,0,0
25/03/2008 21:00,0,0,0,0,0,0,0
25/03/2008 22:00,0,0,0,0,0,0,0
25/03/2008 23:00,0,0,0,0,0,0,0
26/03/2008 00:00,0,0,0,0,0,0,0
26/03/2008 01:00,0,0,0,0,0,0,0
26/03/2008 02:00,0,0,0,0,0,0,0
26/03/2008 03:00,0,0,0,0,0,0,0
26/03/2008 04:00,0,0,0,0,0,0,0
26/03/2008 05:00,0,0,0,0,0,0,0
26/03/2008 06:00,0.0332,0.03115,0.02793,0.02209,0.04207,0.02914,0.07341
26/03/2008 07:00,0.12984,0.11531,0.09803,0.09587,0.13699,0.1186,0.29268
26/03/2008 08:00,0.22084,0.16885,0.12802,0.25157,0.23862,0.18597,0.48842
26/03/2008 09:00,0.29057,0.19481,0.11431,0.15252,0.27219,0.13998,0.63214
26/03/2008 10:00,0.36081,0.25386,0.0872,0.12335,0.23555,0.14765,0.72828
26/03/2008 11:00,0.42427,0.30071,0.12409,0.08046,0.25265,0.21463,0.76713
26/03/2008 12:00,0.47469,0.40875,0.21027,0.12078,0.24087,0.29676,0.75086
26/03/2008 13:00,0.43552,0.41464,0.33624,0.21554,0.30897,0.38444,0.64799
26/03/2008 14:00,0.32021,0.31388,0.33844,0.34237,0.2991,0.37759,0.50144
26/03/2008 15:00,0.21897,0.23796,0.24874,0.31215,0.24711,0.1721,0.33101
26/03/2008 16:00,0.11494,0.11533,0.13487,0.1332,0.1043,0.0989,0.11604
26/03/2008 17:00,0.02728,0.02811,0.02309,0.02114,0.00943,0.01642,0.01057
26/03/2008 18:00,0,0,0,0,0,0,0
26/03/2008 19:00,0,0,0,0,0,0,0
26/03/2008 20:00,0,0,0,0,0,0,0
26/03/2008 21:00,0,0,0,0,0,0,0
26/03/2008 22:00,0,0,0,0,0,0,0
26/03/2008 23:00,0,0,0,0,0,0,0
27/03/2008 00:00,0,0,0,0,0,0,0
27/03/2008 01:00,0,0,0,0,0,0,0
27/03/2008 02:00,0,0,0,0,0,0,0
27/03/2008 03:00,0,0,0,0,0,0,0
27/03/2008 04:00,0,0,0,0,0,0,0
27/03/2008 05:00,0,0,0,0,0,0,0
27/03/2008 06:00,0.03204,0.03211,0.04675,0.03339,0.03642,0.0265,0.04387
27/03/2008 07:00,0.11852,0.11251,0.13645,0.14051,0.14537,0.09661,0.12959
27/03/2008 08:00,0.23613,0.20368,0.19681,0.27854,0.28133,0.20123,0.25578
27/03/2008 09:00,0.35275,0.30991,0.23824,0.21972,0.40417,0.26685,0.32734
27/03/2008 10:00,0.44727,0.38254,0.35336,0.27282,0.44651,0.36086,0.36611
27/03/2008 11:00,0.48994,0.47246,0.45425,0.44138,0.47996,0.40403,0.38483
27/03/2008 12:00,0.49417,0.467,0.51971,0.40748,0.50697,0.39061,0.38869
27/03/2008 13:00,0.43573,0.45372,0.53227,0.33197,0.38946,0.32791,0.35797
27/03/2008 14:00,0.33876,0.36455,0.36052,0.26971,0.28172,0.25034,0.24271
27/03/2008 15:00,0.23685,0.24636,0.19024,0.17617,0.17861,0.12997,0.17795
27/03/2008 16:00,0.12139,0.13645,0.09829,0.09988,0.0672,0.04597,0.06796
27/03/2008 17:00,0.02463,0.02751,0.01743,0.01412,0.01019,0.00689,0.00996
27/03/2008 18:00,0,0,0,0,0,0,0
27/03/2008 19:00,0,0,0,0,0,0,0
27/03/2008 20:00,0,0,0,0,0,0,0
27/03/2008 21:00,0,0,0,0,0,0,0
27/03/2008 22:00,0,0,0,0,0,0,0
27/03/2008 23:00,0,0,0,0,0,0,0
28/03/2008 00:00,0,0,0,0,0,0,0
28/03/2008 01:00,0,0,0,0,0,0,0
28/03/2008 02:00,0,0,0,0,0,0,0
28/03/2008 03:00,0,0,0,0,0,0,0
28/03/2008 04:00,0,0,0,0,0,0,0
28/03/2008 05:00,0,0,0,0,0,0,0
28/03/2008 06:00,0.05404,0.06149,0.08149,0.08928,0.07069,0.06847,0.08281
28/03/2008 07:00,0.21341,0.24684,0.32035,0.32396,0.2207,0.23292,0.29595
28/03/2008 08:00,0.35521,0.39596,0.54483,0.52605,0.34785,0.36388,0.47898
28/03/2008 09:00,0.44306,0.49795,0.70586,0.66792,0.43402,0.4331,0.62999
28/03/2008 10:00,0.49457,0.5688,0.80399,0.73265,0.47064,0.47818,0.72565
28/03/2008 11:00,0.51555,0.6023,0.84665,0.79505,0.49869,0.52184,0.76716
28/03/2008 12:00,0.61615,0.66135,0.86027,0.8102,0.47939,0.56582,0.69351
28/03/2008 13:00,0.50497,0.63766,0.79076,0.77508,0.50033,0.55224,0.55288
28/03/2008 14:00,0.34134,0.51456,0.66459,0.64167,0.42566,0.45744,0.4503
28/03/2008 15:00,0.20446,0.24784,0.45447,0.45881,0.33153,0.34867,0.32106
28/03/2008 16:00,0.10996,0.08592,0.10456,0.2129,0.16006,0.1351,0.16824
28/03/2008 17:00,0.02342,0.01588,0.01762,0.0232,0.01819,0.02193,0.02614
28/03/2008 18:00,0,0,0,0,0,0,0
28/03/2008 19:00,0,0,0,0,0,0,0
28/03/2008 20:00,0,0,0,0,0,0,0
28/03/2008 21:00,0,0,0,0,0,0,0
28/03/2008 22:00,0,0,0,0,0,0,0
28/03/2008 23:00,0,0,0,0,0,0,0
29/03/2008 00:00,0,0,0,0,0,0,0
29/03/2008 01:00,0,0,0,0,0,0,0
29/03/2008 02:00,0,0,0,0,0,0,0
29/03/2008 03:00,0,0,0,0,0,0,0
29/03/2008 04:00,0,0,0,0,0,0,0
29/03/2008 05:00,0,0,0,0,0,0,0
29/03/2008 06:00,0.04914,0.04233,0.06037,0.03964,0.05413,0.04067,0.09085
29/03/2008 07:00,0.21898,0.21913,0.17142,0.2212,0.17367,0.12601,0.32338
29/03/2008 08:00,0.40418,0.39839,0.55747,0.51558,0.30741,0.34965,0.53072
29/03/2008 09:00,0.5247,0.54068,0.6558,0.52279,0.47664,0.44539,0.694
29/03/2008 10:00,0.60109,0.62691,0.74323,0.62594,0.53446,0.52864,0.77551
29/03/2008 11:00,0.63183,0.67644,0.77539,0.6678,0.59466,0.57073,0.82857
29/03/2008 12:00,0.64811,0.70634,0.88435,0.82645,0.61492,0.60072,0.84095
29/03/2008 13:00,0.59929,0.68348,0.81475,0.78968,0.59678,0.58876,0.77583
29/03/2008 14:00,0.52239,0.57473,0.68846,0.66873,0.52141,0.51096,0.65202
29/03/2008 15:00,0.39261,0.41652,0.49416,0.48524,0.37789,0.36893,0.46493
29/03/2008 16:00,0.19711,0.2059,0.24553,0.24199,0.1711,0.18518,0.23136
29/03/2008 17:00,0.03902,0.03674,0.03689,0.02954,0.02051,0.03046,0.03136
29/03/2008 18:00,0,0,0,0,0,0,0
29/03/2008 19:00,0,0,0,0,0,0,0
29/03/2008 20:00,0,0,0,0,0,0,0
29/03/2008 21:00,0,0,0,0,0,0,0
29/03/2008 22:00,0,0,0,0,0,0,0
29/03/2008 23:00,0,0,0,0,0,0,0
30/03/2008 00:00,0,0,0,0,0,0,0
30/03/2008 01:00,0,0,0,0,0,0,0
30/03/2008 02:00,0,0,0,0,0,0,0
30/03/2008 03:00,0,0,0,0,0,0,0
30/03/2008 04:00,0,0,0,0,0,0,0
30/03/2008 05:00,0,0,0,0,0,0,0
30/03/2008 06:00,0.06389,0.05842,0.07636,0.05732,0.06923,0.0573,0.04707
30/03/2008 07:00,0.2542,0.24279,0.19817,0.33616,0.27036,0.21554,0.15419
30/03/2008 08:00,0.44934,0.46328,0.48285,0.47254,0.48642,0.44441,0.23534
30/03/2008 09:00,0.51831,0.60057,0.74323,0.72803,0.61529,0.57415,0.22419
30/03/2008 10:00,0.58345,0.54796,0.85441,0.85465,0.66213,0.66112,0.24748
30/03/2008 11:00,0.60723,0.60749,0.57665,0.87686,0.68931,0.65734,0.35681
30/03/2008 12:00,0.61171,0.70745,0.62259,0.63173,0.67025,0.68041,0.36475
30/03/2008 13:00,0.6064,0.62051,0.75456,0.61345,0.57138,0.67652,0.35266
30/03/2008 14:00,0.43317,0.52797,0.57864,0.63345,0.52524,0.54207,0.30887
30/03/2008 15:00,0.2821,0.28277,0.42004,0.42378,0.38832,0.35146,0.24482
30/03/2008 16:00,0.11627,0.12941,0.11912,0.20915,0.18908,0.14451,0.14927
30/03/2008 17:00,0.0242,0.02638,0.02282,0.02054,0.02311,0.01916,0.02633
30/03/2008 18:00,0,0,0,0,0,0,0
30/03/2008 19:00,0,0,0,0,0,0,0
30/03/2008 20:00,0,0,0,0,0,0,0
30/03/2008 21:00,0,0,0,0,0,0,0
30/03/2008 22:00,0,0,0,0,0,0,0
30/03/2008 23:00,0,0,0,0,0,0,0
31/03/2008 00:00,0,0,0,0,0,0,0
31/03/2008 01:00,0,0,0,0,0,0,0
31/03/2008 02:00,0,0,0,0,0,0,0
31/03/2008 03:00,0,0,0,0,0,0,0
31/03/2008 04:00,0,0,0,0,0,0,0
31/03/2008 05:00,0,0,0,0,0,0,0
31/03/2008 06:00,0.02631,0.01729,0.01478,0.08675,0.06833,0.03971,0.0573
31/03/2008 07:00,0.08227,0.09276,0.0383,0.07511,0.20743,0.06443,0.17113
31/03/2008 08:00,0.15687,0.22257,0.1029,0.06416,0.35853,0.12082,0.29616
31/03/2008 09:00,0.23347,0.27938,0.11937,0.09796,0.47596,0.13898,0.41677
31/03/2008 10:00,0.32525,0.29637,0.18182,0.14672,0.46379,0.19244,0.36352
31/03/2008 11:00,0.38307,0.34602,0.21186,0.19253,0.51953,0.21338,0.34823
31/03/2008 12:00,0.35853,0.37224,0.20604,0.26234,0.54429,0.21472,0.42064
31/03/2008 13:00,0.26535,0.31558,0.2092,0.18412,0.48729,0.20527,0.38676
31/03/2008 14:00,0.16836,0.24763,0.22705,0.15029,0.37452,0.21709,0.40995
31/03/2008 15:00,0.12185,0.15192,0.21475,0.13693,0.23591,0.20673,0.21341
31/03/2008 16:00,0.08318,0.08395,0.12277,0.08722,0.10159,0.12204,0.13189
31/03/2008 17:00,0.03269,0.03144,0.03044,0.02967,0.01686,0.03514,0.02591
31/03/2008 18:00,0,0,0,0,0,0,0
31/03/2008 19:00,0,0,0,0,0,0,0
31/03/2008 20:00,0,0,0,0,0,0,0
31/03/2008 21:00,0,0,0,0,0,0,0
31/03/2008 22:00,0,0,0,0,0,0,0
31/03/2008 23:00,0,0,0,0,0,0,0
01/04/2008 00:00,0,0,0,0,0,0,0
01/04/2008 01:00,0,0,0,0,0,0,0
01/04/2008 02:00,0,0,0,0,0,0,0
01/04/2008 03:00,0,0,0,0,0,0,0
01/04/2008 04:00,0,0,0,0,0,0,0
01/04/2008 05:00,0,0,0,0,0,0,0
01/04/2008 06:00,0.0528,0.04653,0.03242,0.02177,0.05513,0.04776,0.09259
01/04/2008 07:00,0.20209,0.15078,0.09533,0.05464,0.16716,0.14297,0.32151
01/04/2008 08:00,0.33162,0.24866,0.16741,0.07595,0.30247,0.20502,0.54135
01/04/2008 09:00,0.43739,0.3042,0.18285,0.0826,0.40403,0.21482,0.71333
01/04/2008 10:00,0.4779,0.3201,0.20534,0.08669,0.42945,0.19435,0.8031
01/04/2008 11:00,0.46779,0.37188,0.37781,0.18007,0.46471,0.19378,0.83965
01/04/2008 12:00,0.4721,0.3488,0.4384,0.39034,0.465,0.25512,0.81195
01/04/2008 13:00,0.48686,0.31474,0.39713,0.46157,0.47446,0.34354,0.76627
01/04/2008 14:00,0.44911,0.28665,0.44202,0.30738,0.39885,0.26005,0.64012
01/04/2008 15:00,0.36914,0.32475,0.41002,0.33737,0.33995,0.2819,0.4648
01/04/2008 16:00,0.2071,0.18393,0.19224,0.22161,0.1886,0.21327,0.23753
01/04/2008 17:00,0.03774,0.03337,0.02907,0.02949,0.02707,0.0319,0.03512
01/04/2008 18:00,0,0,0,0,0,0,0
01/04/2008 19:00,0,0,0,0,0,0,0
01/04/2008 20:00,0,0,0,0,0,0,0
01/04/2008 21:00,0,0,0,0,0,0,0
01/04/2008 22:00,0,0,0,0,0,0,0
01/04/2008 23:00,0,0,0,0,0,0,0
02/04/2008 00:00,0,0,0,0,0,0,0
02/04/2008 01:00,0,0,0,0,0,0,0
02/04/2008 02:00,0,0,0,0,0,0,0
02/04/2008 03:00,0,0,0,0,0,0,0
02/04/2008 04:00,0,0,0,0,0,0,0
02/04/2008 05:00,0,0,0,0,0,0,0
02/04/2008 06:00,0.0153,0.01187,0.01041,0.01369,0.02767,0.01255,0.07431
02/04/2008 07:00,0.04966,0.03779,0.03465,0.04757,0.06395,0.03227,0.13964
02/04/2008 08:00,0.08872,0.05785,0.07567,0.06936,0.11549,0.05125,0.19676
02/04/2008 09:00,0.09793,0.09144,0.16425,0.1206,0.17694,0.07404,0.2998
02/04/2008 10:00,0.11222,0.12822,0.28535,0.16126,0.19739,0.09495,0.24087
02/04/2008 11:00,0.12119,0.20049,0.25496,0.20497,0.25442,0.16534,0.23977
02/04/2008 12:00,0.14725,0.25044,0.26752,0.1936,0.33787,0.22763,0.37283
02/04/2008 13:00,0.2128,0.25214,0.23153,0.20459,0.32202,0.17459,0.58267
02/04/2008 14:00,0.21586,0.19257,0.1453,0.11149,0.24206,0.11424,0.54735
02/04/2008 15:00,0.19888,0.13054,0.10821,0.09441,0.1612,0.07905,0.37364
02/04/2008 16:00,0.0989,0.06823,0.0892,0.0737,0.08884,0.06288,0.20131
02/04/2008 17:00,0.02184,0.0155,0.02695,0.02134,0.01492,0.01742,0.03107
02/04/2008 18:00,0,0,0,0,0,0,0
02/04/2008 19:00,0,0,0,0,0,0,0
02/04/2008 20:00,0,0,0,0,0,0,0
02/04/2008 21:00,0,0,0,0,0,0,0
02/04/2008 22:00,0,0,0,0,0,0,0
02/04/2008 23:00,0,0,0,0,0,0,0
03/04/2008 00:00,0,0,0,0,0,0,0
03/04/2008 01:00,0,0,0,0,0,0,0
03/04/2008 02:00,0,0,0,0,0,0,0
03/04/2008 03:00,0,0,0,0,0,0,0
03/04/2008 04:00,0,0,0,0,0,0,0
03/04/2008 05:00,0,0,0,0,0,0,0
03/04/2008 06:00,0.0467,0.04979,0.05992,0.06358,0.0425,0.01925,0.06178
03/04/2008 07:00,0.13112,0.13775,0.2147,0.16653,0.1089,0.08054,0.21747
03/04/2008 08:00,0.23858,0.20911,0.28039,0.19584,0.17494,0.17955,0.41776
03/04/2008 09:00,0.27827,0.18387,0.2606,0.20058,0.2051,0.16751,0.52872
03/04/2008 10:00,0.22082,0.13486,0.11045,0.12878,0.26169,0.07248,0.57819
03/04/2008 11:00,0.19456,0.141,0.20042,0.14425,0.26508,0.07508,0.60282
03/04/2008 12:00,0.22819,0.14279,0.35411,0.20671,0.26673,0.07507,0.57939
03/04/2008 13:00,0.26013,0.16949,0.25657,0.22508,0.242,0.07031,0.49062
03/04/2008 14:00,0.25984,0.11526,0.13423,0.17036,0.182,0.07783,0.47713
03/04/2008 15:00,0.19297,0.09689,0.13499,0.159,0.18199,0.10178,0.39121
03/04/2008 16:00,0.10813,0.07334,0.07729,0.07614,0.10656,0.06111,0.20241
03/04/2008 17:00,0.02858,0.01832,0.01844,0.00985,0.02009,0.00913,0.03608
03/04/2008 18:00,0,0,0,0,0,0,0
03/04/2008 19:00,0,0,0,0,0,0,0
03/04/2008 20:00,0,0,0,0,0,0,0
03/04/2008 21:00,0,0,0,0,0,0,0
03/04/2008 22:00,0,0,0,0,0,0,0
03/04/2008 23:00,0,0,0,0,0,0,0
04/04/2008 00:00,0,0,0,0,0,0,0
04/04/2008 01:00,0,0,0,0,0,0,0
04/04/2008 02:00,0,0,0,0,0,0,0
04/04/2008 03:00,0,0,0,0,0,0,0
04/04/2008 04:00,0,0,0,0,0,0,0
04/04/2008 05:00,0,0,0,0,0.00036,0,0
04/04/2008 06:00,0.06854,0.06933,0.08326,0.06879,0.06436,0.05674,0.10716
04/04/2008 07:00,0.23294,0.22216,0.24251,0.21388,0.17922,0.14122,0.33715
04/04/2008 08:00,0.37506,0.31903,0.31732,0.33109,0.27956,0.19863,0.55174
04/04/2008 09:00,0.49181,0.35203,0.38673,0.35455,0.33569,0.24543,0.71292
04/04/2008 10:00,0.56174,0.32303,0.29749,0.35109,0.34141,0.22609,0.80037
04/04/2008 11:00,0.57502,0.30689,0.22881,0.28138,0.34722,0.22662,0.84265
04/04/2008 12:00,0.57271,0.31235,0.24931,0.31376,0.33757,0.20729,0.84418
04/04/2008 13:00,0.56893,0.32125,0.23421,0.38343,0.34451,0.23625,0.78509
04/04/2008 14:00,0.51201,0.30566,0.25284,0.19852,0.27646,0.18444,0.6558
04/04/2008 15:00,0.40062,0.29239,0.23527,0.20139,0.25002,0.20661,0.48067
04/04/2008 16:00,0.22253,0.17503,0.12428,0.11731,0.14415,0.14266,0.24835
04/04/2008 17:00,0.04586,0.04231,0.03656,0.03249,0.02507,0.03033,0.03847
04/04/2008 18:00,0,0,0,0,0,0,0
04/04/2008 19:00,0,0,0,0,0,0,0
04/04/2008 20:00,0,0,0,0,0,0,0
04/04/2008 21:00,0,0,0,0,0,0,0
04/04/2008 22:00,0,0,0,0,0,0,0
04/04/2008 23:00,0,0,0,0,0,0,0
05/04/2008 00:00,0,0,0,0,0,0,0
05/04/2008 01:00,0,0,0,0,0,0,0
05/04/2008 02:00,0,0,0,0,0,0,0
05/04/2008 03:00,0,0,0,0,0,0,0
05/04/2008 04:00,0,0,0,0,0,0,0
05/04/2008 05:00,0,0,0,0,0.00155,0,0
05/04/2008 06:00,0.07463,0.05664,0.0525,0.05406,0.05933,0.05261,0.09969
05/04/2008 07:00,0.26931,0.22905,0.15233,0.13396,0.16933,0.20263,0.331
05/04/2008 08:00,0.46169,0.41294,0.38375,0.11979,0.26583,0.31073,0.56244
05/04/2008 09:00,0.60165,0.59763,0.44332,0.25242,0.32958,0.43234,0.66553
05/04/2008 10:00,0.6718,0.63448,0.57381,0.20996,0.35322,0.42292,0.80428
05/04/2008 11:00,0.66228,0.59431,0.59828,0.24386,0.38498,0.43451,0.80821
05/04/2008 12:00,0.63537,0.45592,0.40008,0.48898,0.35198,0.32238,0.6779
05/04/2008 13:00,0.5646,0.31651,0.16347,0.36922,0.30737,0.22534,0.51927
05/04/2008 14:00,0.44232,0.22389,0.11969,0.18632,0.27804,0.16013,0.46417
05/04/2008 15:00,0.33917,0.22885,0.17497,0.14424,0.3008,0.21014,0.38934
05/04/2008 16:00,0.18987,0.13239,0.18405,0.13692,0.16539,0.13537,0.22576
05/04/2008 17:00,0.03942,0.03249,0.0291,0.03934,0.02789,0.02962,0.03326
05/04/2008 18:00,0,0,0,0,0,0,0
05/04/2008 19:00,0,0,0,0,0,0,0
05/04/2008 20:00,0,0,0,0,0,0,0
05/04/2008 21:00,0,0,0,0,0,0,0
05/04/2008 22:00,0,0,0,0,0,0,0
05/04/2008 23:00,0,0,0,0,0,0,0
06/04/2008 00:00,0,0,0,0,0,0,0
06/04/2008 01:00,0,0,0,0,0,0,0
06/04/2008 02:00,0,0,0,0,0,0,0
06/04/2008 03:00,0,0,0,0,0,0,0
06/04/2008 04:00,0,0,0,0,0,0,0
06/04/2008 05:00,0,0,0,0,0.00156,0,0
06/04/2008 06:00,0.04508,0.03606,0.02966,0.03809,0.03284,0.03137,0.03958
06/04/2008 07:00,0.14955,0.09477,0.08182,0.08442,0.07691,0.06296,0.1289
06/04/2008 08:00,0.2242,0.13687,0.16109,0.10134,0.1244,0.08952,0.17614
06/04/2008 09:00,0.29771,0.16827,0.17882,0.12245,0.16175,0.12576,0.21219
06/04/2008 10:00,0.29739,0.18655,0.24607,0.18874,0.18634,0.15545,0.17773
06/04/2008 11:00,0.30146,0.17387,0.21699,0.28987,0.21022,0.1686,0.24889
06/04/2008 12:00,0.30697,0.14606,0.20573,0.22975,0.21516,0.14394,0.29445
06/04/2008 13:00,0.30518,0.12455,0.18073,0.22148,0.22259,0.15502,0.16278
06/04/2008 14:00,0.2933,0.09947,0.07323,0.11019,0.19605,0.12678,0.12186
06/04/2008 15:00,0.26869,0.13114,0.11048,0.10637,0.1522,0.0959,0.08173
06/04/2008 16:00,0.13873,0.11243,0.0631,0.0747,0.08483,0.05647,0.05225
06/04/2008 17:00,0.03064,0.02919,0.03197,0.02227,0.01853,0.01911,0.0186
06/04/2008 18:00,0,0,0,0,0,0,0
06/04/2008 19:00,0,0,0,0,0,0,0
06/04/2008 20:00,0,0,0,0,0,0,0
06/04/2008 21:00,0,0,0,0,0,0,0
06/04/2008 22:00,0,0,0,0,0,0,0
06/04/2008 23:00,0,0,0,0,0,0,0
07/04/2008 00:00,0,0,0,0,0,0,0
07/04/2008 01:00,0,0,0,0,0,0,0
07/04/2008 02:00,0,0,0,0,0,0,0
07/04/2008 03:00,0,0,0,0,0,0,0
07/04/2008 04:00,0,0,0,0,0,0,0
07/04/2008 05:00,0,0,0,0.00118,0.00274,0.00129,0.00155
07/04/2008 06:00,0.07451,0.0788,0.10135,0.11057,0.06644,0.07339,0.11208
07/04/2008 07:00,0.24592,0.20628,0.30604,0.2865,0.17508,0.18483,0.32369
07/04/2008 08:00,0.39172,0.30562,0.50418,0.45886,0.26099,0.25297,0.5005
07/04/2008 09:00,0.48257,0.34865,0.55007,0.60619,0.30103,0.3047,0.64216
07/04/2008 10:00,0.56095,0.39302,0.61973,0.63278,0.32362,0.34969,0.72546
07/04/2008 11:00,0.58024,0.44115,0.54421,0.5919,0.32933,0.38004,0.78204
07/04/2008 12:00,0.61363,0.46582,0.51926,0.6284,0.34031,0.40107,0.79691
07/04/2008 13:00,0.58579,0.46592,0.51708,0.6094,0.35788,0.40872,0.75138
07/04/2008 14:00,0.52278,0.43711,0.49859,0.59785,0.34464,0.38694,0.63962
07/04/2008 15:00,0.40821,0.34758,0.33655,0.45698,0.28483,0.31959,0.46922
07/04/2008 16:00,0.2325,0.22012,0.23301,0.23966,0.16473,0.19112,0.24868
07/04/2008 17:00,0.05125,0.05176,0.05108,0.04587,0.03065,0.04038,0.04282
07/04/2008 18:00,0,0,0,0,0,0,0
07/04/2008 19:00,0,0,0,0,0,0,0
07/04/2008 20:00,0,0,0,0,0,0,0
07/04/2008 21:00,0,0,0,0,0,0,0
07/04/2008 22:00,0,0,0,0,0,0,0
07/04/2008 23:00,0,0,0,0,0,0,0
08/04/2008 00:00,0,0,0,0,0,0,0
08/04/2008 01:00,0,0,0,0,0,0,0
08/04/2008 02:00,0,0,0,0,0,0,0
08/04/2008 03:00,0,0,0,0,0,0,0
08/04/2008 04:00,0,0,0,0,0,0,0
08/04/2008 05:00,0,0.00219,0.00043,0.0012,0.00177,0.00145,0.00229
08/04/2008 06:00,0.0451,0.03979,0.04606,0.05221,0.0811,0.05685,0.05384
08/04/2008 07:00,0.15316,0.10436,0.12153,0.12533,0.19277,0.15413,0.09982
08/04/2008 08:00,0.22526,0.16151,0.15094,0.29492,0.2806,0.24956,0.0991
08/04/2008 09:00,0.3061,0.21987,0.13609,0.23326,0.27615,0.2602,0.11366
08/04/2008 10:00,0.37766,0.27074,0.19973,0.28512,0.27677,0.37714,0.1454
08/04/2008 11:00,0.34567,0.27466,0.25284,0.25739,0.32257,0.39318,0.1666
08/04/2008 12:00,0.24699,0.1941,0.152,0.21415,0.32939,0.31579,0.18629
08/04/2008 13:00,0.18559,0.15898,0.11748,0.15245,0.3006,0.18517,0.14482
08/04/2008 14:00,0.19211,0.16891,0.13613,0.14694,0.18947,0.16022,0.15878
08/04/2008 15:00,0.2046,0.15675,0.14083,0.15492,0.14987,0.1227,0.12916
08/04/2008 16:00,0.11518,0.10503,0.0765,0.0739,0.07116,0.11741,0.14992
08/04/2008 17:00,0.03344,0.03349,0.03036,0.03009,0.01759,0.03073,0.03639
08/04/2008 18:00,0,0,0,0,0,0,0
08/04/2008 19:00,0,0,0,0,0,0,0
08/04/2008 20:00,0,0,0,0,0,0,0
08/04/2008 21:00,0,0,0,0,0,0,0
08/04/2008 22:00,0,0,0,0,0,0,0
08/04/2008 23:00,0,0,0,0,0,0,0
09/04/2008 00:00,0,0,0,0,0,0,0
09/04/2008 01:00,0,0,0,0,0,0,0
09/04/2008 02:00,0,0,0,0,0,0,0
09/04/2008 03:00,0,0,0,0,0,0,0
09/04/2008 04:00,0,0,0,0,0,0,0
09/04/2008 05:00,0.00151,0.00157,0.00243,0.00228,0.00455,0.00202,0.00341
09/04/2008 06:00,0.04956,0.06898,0.06982,0.06645,0.09039,0.09143,0.09482
09/04/2008 07:00,0.11133,0.12282,0.21834,0.18744,0.22044,0.21913,0.20326
09/04/2008 08:00,0.14031,0.14028,0.28972,0.33686,0.38115,0.23416,0.25976
09/04/2008 09:00,0.17742,0.15745,0.17441,0.27344,0.37974,0.17247,0.14847
09/04/2008 10:00,0.22936,0.12728,0.1265,0.13773,0.24261,0.12713,0.13239
09/04/2008 11:00,0.19526,0.11919,0.08955,0.17541,0.20777,0.18119,0.11631
09/04/2008 12:00,0.21157,0.10898,0.10102,0.18871,0.20097,0.11636,0.09505
09/04/2008 13:00,0.13294,0.09354,0.08886,0.11777,0.14418,0.13466,0.07702
09/04/2008 14:00,0.0772,0.11128,0.16022,0.08031,0.0865,0.10426,0.05817
09/04/2008 15:00,0.11553,0.17458,0.23847,0.22303,0.08062,0.15577,0.05852
09/04/2008 16:00,0.10728,0.15156,0.11508,0.21997,0.09361,0.1709,0.04796
09/04/2008 17:00,0.0369,0.03483,0.02052,0.03657,0.02656,0.04081,0.02199
09/04/2008 18:00,0,0,0,0,0,0,0
09/04/2008 19:00,0,0,0,0,0,0,0
09/04/2008 20:00,0,0,0,0,0,0,0
09/04/2008 21:00,0,0,0,0,0,0,0
09/04/2008 22:00,0,0,0,0,0,0,0
09/04/2008 23:00,0,0,0,0,0,0,0
10/04/2008 00:00,0,0,0,0,0,0,0
10/04/2008 01:00,0,0,0,0,0,0,0
10/04/2008 02:00,0,0,0,0,0,0,0
10/04/2008 03:00,0,0,0,0,0,0,0
10/04/2008 04:00,0,0,0,0,0,0,0
10/04/2008 05:00,0.00151,8.00E-04,0.00064,0.00155,0.00511,0.00228,0.00301
10/04/2008 06:00,0.03919,0.02081,0.01635,0.01186,0.04591,0.03232,0.03367
10/04/2008 07:00,0.13152,0.07089,0.03512,0.0552,0.11822,0.14059,0.08864
10/04/2008 08:00,0.22872,0.16624,0.09057,0.10831,0.27115,0.22707,0.07871
10/04/2008 09:00,0.23781,0.20307,0.16855,0.30001,0.27403,0.50108,0.08112
10/04/2008 10:00,0.27408,0.19559,0.16824,0.51058,0.28074,0.42825,0.09249
10/04/2008 11:00,0.28715,0.18968,0.1625,0.5274,0.39734,0.55612,0.11248
10/04/2008 12:00,0.30609,0.23621,0.14442,0.42489,0.37852,0.45616,0.08537
10/04/2008 13:00,0.3721,0.25147,0.13975,0.33005,0.28223,0.30101,0.11061
10/04/2008 14:00,0.3495,0.28332,0.10632,0.18803,0.1847,0.23745,0.05755
10/04/2008 15:00,0.32088,0.37445,0.17312,0.25249,0.15674,0.31328,0.06567
10/04/2008 16:00,0.1521,0.22258,0.20161,0.19608,0.10632,0.19977,0.05728
10/04/2008 17:00,0.03642,0.04369,0.05041,0.04617,0.02631,0.03523,0.0231
10/04/2008 18:00,0,0,0,0,0,0,0
10/04/2008 19:00,0,0,0,0,0,0,0
10/04/2008 20:00,0,0,0,0,0,0,0
10/04/2008 21:00,0,0,0,0,0,0,0
10/04/2008 22:00,0,0,0,0,0,0,0
10/04/2008 23:00,0,0,0,0,0,0,0
11/04/2008 00:00,0,0,0,0,0,0,0
11/04/2008 01:00,0,0,0,0,0,0,0
11/04/2008 02:00,0,0,0,0,0,0,0
11/04/2008 03:00,0,0,0,0,0,0,0
11/04/2008 04:00,0,0,0,0,0,0,0
11/04/2008 05:00,0.00215,0.00147,0.0017,0.00239,0.00596,0.00151,0.00297
11/04/2008 06:00,0.04464,0.06046,0.04616,0.05371,0.05962,0.04217,0.01602
11/04/2008 07:00,0.09605,0.14382,0.16718,0.13019,0.12943,0.08184,0.05277
11/04/2008 08:00,0.14038,0.18785,0.2799,0.22182,0.22645,0.18811,0.06896
11/04/2008 09:00,0.30358,0.24748,0.34558,0.31026,0.30289,0.31157,0.06206
11/04/2008 10:00,0.30722,0.45834,0.23087,0.23272,0.23715,0.27904,0.08159
11/04/2008 11:00,0.16857,0.28303,0.59156,0.51192,0.22225,0.56609,0.091
11/04/2008 12:00,0.27494,0.20436,0.33351,0.48839,0.23386,0.27161,0.09839
11/04/2008 13:00,0.17236,0.17598,0.12019,0.16559,0.18382,0.16936,0.07539
11/04/2008 14:00,0.1411,0.09335,0.07204,0.0878,0.09458,0.14142,0.05851
11/04/2008 15:00,0.10364,0.08779,0.04313,0.05445,0.10222,0.1172,0.08818
11/04/2008 16:00,0.04876,0.04608,0.03244,0.0415,0.06509,0.06425,0.04099
11/04/2008 17:00,0.02092,0.01438,0.00914,0.02183,0.02115,0.01492,0.01456
11/04/2008 18:00,0,0,0,0,0,0,0
11/04/2008 19:00,0,0,0,0,0,0,0
11/04/2008 20:00,0,0,0,0,0,0,0
11/04/2008 21:00,0,0,0,0,0,0,0
11/04/2008 22:00,0,0,0,0,0,0,0
11/04/2008 23:00,0,0,0,0,0,0,0
12/04/2008 00:00,0,0,0,0,0,0,0
12/04/2008 01:00,0,0,0,0,0,0,0
12/04/2008 02:00,0,0,0,0,0,0,0
12/04/2008 03:00,0,0,0,0,0,0,0
12/04/2008 04:00,0,0,0,0,0,0,0
12/04/2008 05:00,0.00238,0.00332,0.0052,0.00401,0.00672,0.00511,0.00325
12/04/2008 06:00,0.05567,0.08117,0.0986,0.07771,0.05273,0.05731,0.04465
12/04/2008 07:00,0.17155,0.25123,0.31398,0.29331,0.14379,0.19796,0.07972
12/04/2008 08:00,0.32065,0.4106,0.53656,0.52011,0.24879,0.35443,0.12374
12/04/2008 09:00,0.40567,0.45194,0.58583,0.57866,0.31821,0.43681,0.15892
12/04/2008 10:00,0.39498,0.40369,0.47562,0.43938,0.31573,0.31562,0.18165
12/04/2008 11:00,0.43676,0.40014,0.40561,0.32342,0.31427,0.2708,0.34161
12/04/2008 12:00,0.46274,0.37963,0.35051,0.37368,0.32661,0.29631,0.49366
12/04/2008 13:00,0.44865,0.35942,0.33237,0.32541,0.28038,0.33366,0.4532
12/04/2008 14:00,0.3773,0.29336,0.31109,0.41339,0.24459,0.27941,0.40471
12/04/2008 15:00,0.32101,0.24397,0.24022,0.27128,0.24116,0.28074,0.34043
12/04/2008 16:00,0.19658,0.15797,0.15231,0.10423,0.14061,0.17098,0.18115
12/04/2008 17:00,0.0489,0.04065,0.03059,0.04176,0.03718,0.03916,0.04817
12/04/2008 18:00,0,0,0,0,0,0,0
12/04/2008 19:00,0,0,0,0,0,0,0
12/04/2008 20:00,0,0,0,0,0,0,0
12/04/2008 21:00,0,0,0,0,0,0,0
12/04/2008 22:00,0,0,0,0,0,0,0
12/04/2008 23:00,0,0,0,0,0,0,0
13/04/2008 00:00,0,0,0,0,0,0,0
13/04/2008 01:00,0,0,0,0,0,0,0
13/04/2008 02:00,0,0,0,0,0,0,0
13/04/2008 03:00,0,0,0,0,0,0,0
13/04/2008 04:00,0,0,0,0,0,0,0
13/04/2008 05:00,0.0032,0.00369,0.00369,0.00712,0.00918,0.00672,0.00906
13/04/2008 06:00,0.10001,0.0989,0.07321,0.10735,0.10192,0.10608,0.13361
13/04/2008 07:00,0.2884,0.31346,0.25026,0.30295,0.25533,0.30398,0.34255
13/04/2008 08:00,0.4416,0.51492,0.54027,0.55686,0.37423,0.47204,0.52365
13/04/2008 09:00,0.55933,0.64811,0.74759,0.71046,0.44732,0.57595,0.63565
13/04/2008 10:00,0.59827,0.66517,0.72176,0.82893,0.4515,0.61463,0.66973
13/04/2008 11:00,0.59695,0.64266,0.69321,0.82605,0.46899,0.59964,0.5798
13/04/2008 12:00,0.59675,0.61923,0.66636,0.73307,0.44657,0.59385,0.45217
13/04/2008 13:00,0.57654,0.57078,0.57903,0.72397,0.44118,0.57549,0.37473
13/04/2008 14:00,0.50008,0.53114,0.54385,0.62776,0.40266,0.49772,0.30775
13/04/2008 15:00,0.38548,0.44099,0.46031,0.48039,0.34379,0.41305,0.2641
13/04/2008 16:00,0.21296,0.2518,0.25822,0.26293,0.19113,0.23783,0.15935
13/04/2008 17:00,0.05371,0.05981,0.05705,0.05189,0.03856,0.05062,0.04161
13/04/2008 18:00,0,0,0,0,0,0,0
13/04/2008 19:00,0,0,0,0,0,0,0
13/04/2008 20:00,0,0,0,0,0,0,0
13/04/2008 21:00,0,0,0,0,0,0,0
13/04/2008 22:00,0,0,0,0,0,0,0
13/04/2008 23:00,0,0,0,0,0,0,0
14/04/2008 00:00,0,0,0,0,0,0,0
14/04/2008 01:00,0,0,0,0,0,0,0
14/04/2008 02:00,0,0,0,0,0,0,0
14/04/2008 03:00,0,0,0,0,0,0,0
14/04/2008 04:00,0,0,0,0,0,0,0
14/04/2008 05:00,0.00235,0.00212,0.00248,0.0035,0.00819,0.00559,0.00411
14/04/2008 06:00,0.03469,0.02553,0.03287,0.03908,0.0701,0.01501,0.02768
14/04/2008 07:00,0.10425,0.07389,0.0692,0.03253,0.15506,0.031,0.04163
14/04/2008 08:00,0.13842,0.12591,0.10532,0.05985,0.17708,0.08409,0.06146
14/04/2008 09:00,0.1693,0.15273,0.14088,0.12357,0.22962,0.10411,0.0854
14/04/2008 10:00,0.22845,0.18256,0.2077,0.16716,0.20343,0.16474,0.10649
14/04/2008 11:00,0.28776,0.24042,0.20738,0.20174,0.22503,0.18771,0.13412
14/04/2008 12:00,0.29311,0.29745,0.23918,0.2096,0.27877,0.18112,0.09189
14/04/2008 13:00,0.223,0.26293,0.29407,0.12478,0.18777,0.15809,0.06589
14/04/2008 14:00,0.20234,0.14528,0.14875,0.15401,0.12943,0.13101,0.05907
14/04/2008 15:00,0.10951,0.10243,0.13099,0.10524,0.07193,0.08964,0.03593
14/04/2008 16:00,0.08824,0.05533,0.06167,0.04975,0.04739,0.05285,0.02671
14/04/2008 17:00,0.02367,0.01976,0.02303,0.01472,0.01661,0.01584,0.01438
14/04/2008 18:00,0,0,0,0,0,0,0
14/04/2008 19:00,0,0,0,0,0,0,0
14/04/2008 20:00,0,0,0,0,0,0,0
14/04/2008 21:00,0,0,0,0,0,0,0
14/04/2008 22:00,0,0,0,0,0,0,0
14/04/2008 23:00,0,0,0,0,0,0,0
15/04/2008 00:00,0,0,0,0,0,0,0
15/04/2008 01:00,0,0,0,0,0,0,0
15/04/2008 02:00,0,0,0,0,0,0,0
15/04/2008 03:00,0,0,0,0,0,0,0
15/04/2008 04:00,0,0,0,0,0,0,0
15/04/2008 05:00,0.00532,0.00613,0.00809,0.00744,0.0075,0.00788,0.01147
15/04/2008 06:00,0.05718,0.05527,0.04751,0.03928,0.04751,0.05007,0.13054
15/04/2008 07:00,0.15063,0.10603,0.09322,0.07629,0.10119,0.09023,0.28904
15/04/2008 08:00,0.21219,0.13051,0.10683,0.11055,0.17875,0.14609,0.42133
15/04/2008 09:00,0.30366,0.18275,0.1507,0.15635,0.25501,0.1666,0.52999
15/04/2008 10:00,0.34922,0.18731,0.16171,0.18303,0.32242,0.17952,0.6073
15/04/2008 11:00,0.35747,0.19331,0.15598,0.20345,0.33946,0.19887,0.66241
15/04/2008 12:00,0.35169,0.20203,0.19377,0.19839,0.35768,0.18347,0.63916
15/04/2008 13:00,0.35227,0.22427,0.2683,0.13421,0.28952,0.12587,0.55853
15/04/2008 14:00,0.3494,0.22045,0.23594,0.08859,0.22502,0.10101,0.4436
15/04/2008 15:00,0.28474,0.2392,0.32824,0.05719,0.17866,0.1049,0.36611
15/04/2008 16:00,0.17365,0.14648,0.19218,0.06711,0.1008,0.07485,0.22287
15/04/2008 17:00,0.05172,0.04843,0.05172,0.03456,0.02815,0.03541,0.05137
15/04/2008 18:00,0,0,0,0,0,0,0
15/04/2008 19:00,0,0,0,0,0,0,0
15/04/2008 20:00,0,0,0,0,0,0,0
15/04/2008 21:00,0,0,0,0,0,0,0
15/04/2008 22:00,0,0,0,0,0,0,0
15/04/2008 23:00,0,0,0,0,0,0,0
16/04/2008 00:00,0,0,0,0,0,0,0
16/04/2008 01:00,0,0,0,0,0,0,0
16/04/2008 02:00,0,0,0,0,0,0,0
16/04/2008 03:00,0,0,0,0,0,0,0
16/04/2008 04:00,0,0,0,0,0,0,0
16/04/2008 05:00,0.00709,0.00648,0.0065,0.00956,0.01256,0.00861,0.01341
16/04/2008 06:00,0.10452,0.08271,0.07737,0.08967,0.09225,0.06934,0.14657
16/04/2008 07:00,0.28451,0.22249,0.15842,0.22479,0.21961,0.18061,0.35739
16/04/2008 08:00,0.42386,0.3431,0.24402,0.30337,0.32022,0.28745,0.54149
16/04/2008 09:00,0.51452,0.41825,0.33096,0.37895,0.35575,0.32255,0.65884
16/04/2008 10:00,0.57923,0.4234,0.4438,0.376,0.33385,0.32576,0.71011
16/04/2008 11:00,0.61158,0.46425,0.52983,0.38315,0.33411,0.32898,0.73603
16/04/2008 12:00,0.61975,0.48021,0.4567,0.60845,0.33676,0.3538,0.73143
16/04/2008 13:00,0.57999,0.45108,0.45616,0.4643,0.34184,0.34614,0.65722
16/04/2008 14:00,0.54026,0.33475,0.39736,0.39016,0.28049,0.26923,0.48941
16/04/2008 15:00,0.3926,0.26624,0.25624,0.30428,0.23988,0.2104,0.32942
16/04/2008 16:00,0.21491,0.16215,0.1848,0.1404,0.13399,0.13118,0.17233
16/04/2008 17:00,0.06263,0.05241,0.04919,0.04074,0.03292,0.03715,0.04329
16/04/2008 18:00,0,0,0,0,0,0,0
16/04/2008 19:00,0,0,0,0,0,0,0
16/04/2008 20:00,0,0,0,0,0,0,0
16/04/2008 21:00,0,0,0,0,0,0,0
16/04/2008 22:00,0,0,0,0,0,0,0
16/04/2008 23:00,0,0,0,0,0,0,0
17/04/2008 00:00,0,0,0,0,0,0,0
17/04/2008 01:00,0,0,0,0,0,0,0
17/04/2008 02:00,0,0,0,0,0,0,0
17/04/2008 03:00,0,0,0,0,0,0,0
17/04/2008 04:00,0,0,0,0,0,0,0
17/04/2008 05:00,0.00706,0.00778,0.01023,0.00957,0.01108,0.00992,0.00791
17/04/2008 06:00,0.09705,0.09276,0.10845,0.09955,0.08579,0.08795,0.04546
17/04/2008 07:00,0.26963,0.25944,0.27027,0.26496,0.20472,0.22291,0.07075
17/04/2008 08:00,0.36779,0.41312,0.40846,0.35112,0.30972,0.37588,0.08736
17/04/2008 09:00,0.52229,0.50478,0.40335,0.46017,0.37071,0.4478,0.08623
17/04/2008 10:00,0.54554,0.58004,0.48967,0.52406,0.36073,0.4546,0.09064
17/04/2008 11:00,0.43024,0.66631,0.63732,0.65084,0.42314,0.58386,0.10497
17/04/2008 12:00,0.34905,0.45815,0.77138,0.79619,0.44323,0.58585,0.12597
17/04/2008 13:00,0.28628,0.24298,0.52753,0.65938,0.41556,0.37479,0.15597
17/04/2008 14:00,0.30012,0.22525,0.23772,0.26434,0.25911,0.29051,0.17986
17/04/2008 15:00,0.24121,0.2062,0.13832,0.27379,0.20948,0.25271,0.1075
17/04/2008 16:00,0.11195,0.13908,0.06991,0.09357,0.10958,0.14491,0.07163
17/04/2008 17:00,0.03165,0.04153,0.03596,0.03496,0.03348,0.04257,0.02758
17/04/2008 18:00,0,0,0,0,0,0,0
17/04/2008 19:00,0,0,0,0,0,0,0
17/04/2008 20:00,0,0,0,0,0,0,0
17/04/2008 21:00,0,0,0,0,0,0,0
17/04/2008 22:00,0,0,0,0,0,0,0
17/04/2008 23:00,0,0,0,0,0,0,0
18/04/2008 00:00,0,0,0,0,0,0,0
18/04/2008 01:00,0,0,0,0,0,0,0
18/04/2008 02:00,0,0,0,0,0,0,0
18/04/2008 03:00,0,0,0,0,0,0,0
18/04/2008 04:00,0,0,0,0,0,0,0
18/04/2008 05:00,0.00896,0.0109,0.01314,0.01258,0.00925,0.01421,0.01309
18/04/2008 06:00,0.09784,0.10178,0.08934,0.09771,0.06917,0.11301,0.04961
18/04/2008 07:00,0.2379,0.25292,0.25615,0.2525,0.17064,0.24325,0.08967
18/04/2008 08:00,0.3548,0.40281,0.39949,0.48646,0.30619,0.39009,0.11368
18/04/2008 09:00,0.4836,0.59906,0.55695,0.50134,0.38146,0.5295,0.11464
18/04/2008 10:00,0.57011,0.7318,0.79457,0.71015,0.41084,0.71153,0.1215
18/04/2008 11:00,0.64956,0.78769,0.8929,0.88677,0.45595,0.80211,0.16081
18/04/2008 12:00,0.53427,0.75962,0.8182,0.88099,0.54245,0.67097,0.13995
18/04/2008 13:00,0.27609,0.50568,0.68711,0.70469,0.40772,0.54234,0.11267
18/04/2008 14:00,0.14361,0.28107,0.33899,0.34959,0.27844,0.31532,0.04914
18/04/2008 15:00,0.11021,0.12013,0.19656,0.18742,0.12411,0.18024,0.10779
18/04/2008 16:00,0.07602,0.07871,0.07044,0.0772,0.10057,0.0671,0.03469
18/04/2008 17:00,0.02441,0.02023,0.02633,0.02592,0.02904,0.02875,0.02084
18/04/2008 18:00,0,0,0,0,0,0,0
18/04/2008 19:00,0,0,0,0,0,0,0
18/04/2008 20:00,0,0,0,0,0,0,0
18/04/2008 21:00,0,0,0,0,0,0,0
18/04/2008 22:00,0,0,0,0,0,0,0
18/04/2008 23:00,0,0,0,0,0,0,0
19/04/2008 00:00,0,0,0,0,0,0,0
19/04/2008 01:00,0,0,0,0,0,0,0
19/04/2008 02:00,0,0,0,0,0,0,0
19/04/2008 03:00,0,0,0,0,0,0,0
19/04/2008 04:00,0,0,0,0,0,0,0
19/04/2008 05:00,0.00637,0.00861,0.00806,0.00344,0.01038,0.01033,0.00412
19/04/2008 06:00,0.0508,0.05037,0.06731,0.04127,0.06381,0.06043,0.04528
19/04/2008 07:00,0.14203,0.14252,0.19154,0.11401,0.14721,0.13591,0.11834
19/04/2008 08:00,0.31011,0.23336,0.32586,0.27665,0.29667,0.30453,0.25056
19/04/2008 09:00,0.49351,0.35434,0.35125,0.38446,0.42211,0.36214,0.31179
19/04/2008 10:00,0.57873,0.57843,0.56689,0.36126,0.28714,0.40039,0.49638
19/04/2008 11:00,0.64838,0.70546,0.79309,0.69894,0.35443,0.55149,0.5792
19/04/2008 12:00,0.65542,0.77169,0.80833,0.77131,0.45462,0.63993,0.52416
19/04/2008 13:00,0.59823,0.70267,0.75069,0.73152,0.4856,0.60274,0.47235
19/04/2008 14:00,0.49794,0.58658,0.6078,0.62638,0.39149,0.44185,0.41719
19/04/2008 15:00,0.40375,0.42916,0.45474,0.40571,0.34259,0.3239,0.32572
19/04/2008 16:00,0.22535,0.25379,0.25604,0.23585,0.18539,0.16071,0.13847
19/04/2008 17:00,0.06309,0.0672,0.06494,0.05388,0.04228,0.04678,0.03555
19/04/2008 18:00,0,0,0,0,0,0,0
19/04/2008 19:00,0,0,0,0,0,0,0
19/04/2008 20:00,0,0,0,0,0,0,0
19/04/2008 21:00,0,0,0,0,0,0,0
19/04/2008 22:00,0,0,0,0,0,0,0
19/04/2008 23:00,0,0,0,0,0,0,0
20/04/2008 00:00,0,0,0,0,0,0,0
20/04/2008 01:00,0,0,0,0,0,0,0
20/04/2008 02:00,0,0,0,0,0,0,0
20/04/2008 03:00,0,0,0,0,0,0,0
20/04/2008 04:00,0,0,0,0,0,0,0
20/04/2008 05:00,0.0096,0.01016,0.01339,0.01712,0.01559,0.01584,0.00706
20/04/2008 06:00,0.0923,0.0708,0.1072,0.16524,0.12668,0.13805,0.04485
20/04/2008 07:00,0.23614,0.16636,0.16825,0.27744,0.30543,0.31623,0.0826
20/04/2008 08:00,0.38193,0.25804,0.26877,0.48432,0.45738,0.46404,0.14016
20/04/2008 09:00,0.44517,0.37198,0.19724,0.44829,0.56627,0.57204,0.13925
20/04/2008 10:00,0.50905,0.39833,0.2419,0.41867,0.5674,0.60349,0.21618
20/04/2008 11:00,0.48991,0.65048,0.41517,0.51422,0.62888,0.77315,0.24513
20/04/2008 12:00,0.47977,0.69133,0.6969,0.7524,0.63947,0.80735,0.28084
20/04/2008 13:00,0.47467,0.65479,0.77311,0.76931,0.54478,0.66291,0.41444
20/04/2008 14:00,0.34244,0.52945,0.60722,0.53776,0.38411,0.47622,0.14922
20/04/2008 15:00,0.17382,0.22598,0.22839,0.25169,0.18796,0.23469,0.10426
20/04/2008 16:00,0.09849,0.11115,0.11169,0.09168,0.08528,0.09978,0.07161
20/04/2008 17:00,0.03613,0.03634,0.03198,0.04157,0.03141,0.03405,0.02991
20/04/2008 18:00,0,0,0,0,0,0,0
20/04/2008 19:00,0,0,0,0,0,0,0
20/04/2008 20:00,0,0,0,0,0,0,0
20/04/2008 21:00,0,0,0,0,0,0,0
20/04/2008 22:00,0,0,0,0,0,0,0
20/04/2008 23:00,0,0,0,0,0,0,0
21/04/2008 00:00,0,0,0,0,0,0,0
21/04/2008 01:00,0,0,0,0,0,0,0
21/04/2008 02:00,0,0,0,0,0,0,0
21/04/2008 03:00,0,0,0,0,0,0,0
21/04/2008 04:00,0,0,0,0,0,0,0
21/04/2008 05:00,0.00695,0.00544,0.00621,0.00635,0.01101,0.00723,0.00303
21/04/2008 06:00,0.02415,0.0251,0.03055,0.0549,0.04809,0.03701,0.017
21/04/2008 07:00,0.05185,0.04957,0.06933,0.05003,0.06901,0.0626,0.04038
21/04/2008 08:00,0.08343,0.06789,0.12355,0.10936,0.08833,0.10016,0.07256
21/04/2008 09:00,0.12033,0.11654,0.11704,0.12426,0.12837,0.11798,0.09586
21/04/2008 10:00,0.17454,0.14991,0.10644,0.12434,0.20754,0.16576,0.1338
21/04/2008 11:00,0.20403,0.16546,0.10079,0.11303,0.29731,0.20215,0.18318
21/04/2008 12:00,0.16854,0.18045,0.10255,0.09081,0.22096,0.19938,0.17743
21/04/2008 13:00,0.15411,0.13926,0.10462,0.07979,0.20999,0.15654,0.15102
21/04/2008 14:00,0.14722,0.10953,0.07483,0.07338,0.13199,0.10532,0.12415
21/04/2008 15:00,0.10277,0.07778,0.0669,0.06179,0.09073,0.08392,0.08805
21/04/2008 16:00,0.06655,0.05483,0.0506,0.04274,0.05716,0.04654,0.03611
21/04/2008 17:00,0.03007,0.02278,0.01303,0.02293,0.0263,0.01452,0.01667
21/04/2008 18:00,0.00047,0,0,0,0,0,0
21/04/2008 19:00,0,0,0,0,0,0,0
21/04/2008 20:00,0,0,0,0,0,0,0
21/04/2008 21:00,0,0,0,0,0,0,0
21/04/2008 22:00,0,0,0,0,0,0,0
21/04/2008 23:00,0,0,0,0,0,0,0
22/04/2008 00:00,0,0,0,0,0,0,0
22/04/2008 01:00,0,0,0,0,0,0,0
22/04/2008 02:00,0,0,0,0,0,0,0
22/04/2008 03:00,0,0,0,0,0,0,0
22/04/2008 04:00,0,0,0,0,0,0,0
22/04/2008 05:00,0.00711,0.00603,0.00416,0.00332,0.01012,0.00402,0.00825
22/04/2008 06:00,0.03086,0.02786,0.02137,0.01277,0.02861,0.02318,0.0599
22/04/2008 07:00,0.08347,0.07648,0.03549,0.03732,0.07747,0.03655,0.09459
22/04/2008 08:00,0.15157,0.10598,0.07357,0.06002,0.13245,0.0721,0.37214
22/04/2008 09:00,0.2215,0.12359,0.09026,0.0907,0.17322,0.09558,0.52877
22/04/2008 10:00,0.23977,0.11419,0.10185,0.10269,0.19694,0.09507,0.6368
22/04/2008 11:00,0.21954,0.10036,0.08097,0.11778,0.19703,0.10303,0.62724
22/04/2008 12:00,0.20958,0.08902,0.09339,0.11362,0.19325,0.10565,0.62579
22/04/2008 13:00,0.19885,0.07863,0.08171,0.11549,0.19169,0.10771,0.50146
22/04/2008 14:00,0.17516,0.0652,0.05885,0.07106,0.15656,0.08021,0.41702
22/04/2008 15:00,0.15866,0.07761,0.06193,0.05832,0.16955,0.09798,0.35147
22/04/2008 16:00,0.08729,0.06208,0.04258,0.05102,0.1174,0.06532,0.20983
22/04/2008 17:00,0.0354,0.03036,0.02866,0.02985,0.03556,0.02971,0.05756
22/04/2008 18:00,0.00027,0.00057,0,0,0,0,0
22/04/2008 19:00,0,0,0,0,0,0,0
22/04/2008 20:00,0,0,0,0,0,0,0
22/04/2008 21:00,0,0,0,0,0,0,0
22/04/2008 22:00,0,0,0,0,0,0,0
22/04/2008 23:00,0,0,0,0,0,0,0
23/04/2008 00:00,0,0,0,0,0,0,0
23/04/2008 01:00,0,0,0,0,0,0,0
23/04/2008 02:00,0,0,0,0,0,0,0
23/04/2008 03:00,0,0,0,0,0,0,0
23/04/2008 04:00,0,0,0,0,0,0,0
23/04/2008 05:00,0.01276,0.01289,0.00993,0.00933,0.01403,0.01268,0.01789
23/04/2008 06:00,0.08884,0.0771,0.03553,0.04027,0.06519,0.04722,0.14945
23/04/2008 07:00,0.21006,0.14859,0.06001,0.06681,0.12936,0.08704,0.32866
23/04/2008 08:00,0.32602,0.17806,0.1079,0.09882,0.18062,0.10292,0.4374
23/04/2008 09:00,0.41857,0.18159,0.12971,0.13174,0.19649,0.10732,0.5537
23/04/2008 10:00,0.37221,0.15571,0.15187,0.1456,0.16659,0.10183,0.69239
23/04/2008 11:00,0.33307,0.16817,0.25034,0.1362,0.18439,0.15471,0.73492
23/04/2008 12:00,0.35145,0.17587,0.2932,0.16942,0.23805,0.20833,0.71513
23/04/2008 13:00,0.33363,0.17312,0.27193,0.25405,0.25183,0.2393,0.52345
23/04/2008 14:00,0.26234,0.12763,0.12136,0.23163,0.22309,0.27668,0.48832
23/04/2008 15:00,0.24571,0.19047,0.10435,0.10499,0.25349,0.2227,0.43712
23/04/2008 16:00,0.15352,0.12468,0.09268,0.06841,0.14614,0.10331,0.23156
23/04/2008 17:00,0.05309,0.04359,0.03842,0.02928,0.04524,0.03281,0.05816
23/04/2008 18:00,0.00209,0.00177,0,0,0,0,0
23/04/2008 19:00,0,0,0,0,0,0,0
23/04/2008 20:00,0,0,0,0,0,0,0
23/04/2008 21:00,0,0,0,0,0,0,0
23/04/2008 22:00,0,0,0,0,0,0,0
23/04/2008 23:00,0,0,0,0,0,0,0
24/04/2008 00:00,0,0,0,0,0,0,0
24/04/2008 01:00,0,0,0,0,0,0,0
24/04/2008 02:00,0,0,0,0,0,0,0
24/04/2008 03:00,0,0,0,0,0,0,0
24/04/2008 04:00,0,0,0,0,0,0,0
24/04/2008 05:00,0.0168,0.01655,0.01886,0.01255,0.01758,0.01313,0.01931
24/04/2008 06:00,0.11874,0.10384,0.09383,0.06906,0.09178,0.07414,0.11864
24/04/2008 07:00,0.30823,0.23124,0.22673,0.1165,0.18359,0.17166,0.2872
24/04/2008 08:00,0.44,0.38846,0.34315,0.17812,0.27758,0.27858,0.43475
24/04/2008 09:00,0.50157,0.42847,0.40739,0.24529,0.32616,0.29215,0.49551
24/04/2008 10:00,0.54156,0.33435,0.42002,0.37873,0.2799,0.24941,0.5386
24/04/2008 11:00,0.53458,0.39067,0.3927,0.54139,0.30246,0.34197,0.57476
24/04/2008 12:00,0.53328,0.46095,0.48075,0.66003,0.3823,0.38492,0.55393
24/04/2008 13:00,0.48565,0.44677,0.48516,0.68218,0.39861,0.44039,0.50656
24/04/2008 14:00,0.40993,0.40526,0.39989,0.44562,0.34594,0.4363,0.42886
24/04/2008 15:00,0.37251,0.35495,0.27095,0.37206,0.35979,0.35165,0.38596
24/04/2008 16:00,0.20028,0.19105,0.18413,0.19955,0.19108,0.18255,0.24788
24/04/2008 17:00,0.06166,0.06176,0.06104,0.05122,0.05005,0.04828,0.063
24/04/2008 18:00,0.00346,0.00277,0,0,0,0,0
24/04/2008 19:00,0,0,0,0,0,0,0
24/04/2008 20:00,0,0,0,0,0,0,0
24/04/2008 21:00,0,0,0,0,0,0,0
24/04/2008 22:00,0,0,0,0,0,0,0
24/04/2008 23:00,0,0,0,0,0,0,0
25/04/2008 00:00,0,0,0,0,0,0,0
25/04/2008 01:00,0,0,0,0,0,0,0
25/04/2008 02:00,0,0,0,0,0,0,0
25/04/2008 03:00,0,0,0,0,0,0,0
25/04/2008 04:00,0,0,0,0,0,0,0
25/04/2008 05:00,0.01989,0.0204,0.01706,0.01844,0.01309,0.02236,0.02491
25/04/2008 06:00,0.13615,0.1316,0.0569,0.04422,0.07097,0.06873,0.14873
25/04/2008 07:00,0.33452,0.25449,0.11654,0.04886,0.16045,0.17146,0.38909
25/04/2008 08:00,0.48365,0.39529,0.30552,0.10122,0.28826,0.26475,0.59753
25/04/2008 09:00,0.60657,0.51159,0.37347,0.26208,0.37792,0.32514,0.72901
25/04/2008 10:00,0.71384,0.53549,0.38844,0.35185,0.3794,0.31685,0.80452
25/04/2008 11:00,0.7,0.48995,0.36539,0.25865,0.42182,0.29913,0.79916
25/04/2008 12:00,0.6721,0.42248,0.35296,0.34443,0.46866,0.28643,0.82489
25/04/2008 13:00,0.60614,0.39636,0.35478,0.24028,0.37737,0.22529,0.71497
25/04/2008 14:00,0.54751,0.36857,0.48684,0.19908,0.23653,0.22666,0.5807
25/04/2008 15:00,0.42127,0.32443,0.4026,0.37176,0.23101,0.25795,0.43527
25/04/2008 16:00,0.24862,0.21324,0.25371,0.22119,0.15913,0.16581,0.25038
25/04/2008 17:00,0.0758,0.07548,0.07342,0.06513,0.05016,0.06174,0.0628
25/04/2008 18:00,0.00462,0.00353,0,0,0,0,0
25/04/2008 19:00,0,0,0,0,0,0,0
25/04/2008 20:00,0,0,0,0,0,0,0
25/04/2008 21:00,0,0,0,0,0,0,0
25/04/2008 22:00,0,0,0,0,0,0,0
25/04/2008 23:00,0,0,0,0,0,0,0
26/04/2008 00:00,0,0,0,0,0,0,0
26/04/2008 01:00,0,0,0,0,0,0,0
26/04/2008 02:00,0,0,0,0,0,0,0
26/04/2008 03:00,0,0,0,0,0,0,0
26/04/2008 04:00,0,0,0,0,0,0,0
26/04/2008 05:00,0.01964,0.02257,0.01804,0.02657,0.02446,0.02223,0.01687
26/04/2008 06:00,0.1483,0.14994,0.17081,0.17217,0.16805,0.16153,0.17843
26/04/2008 07:00,0.35248,0.3169,0.37418,0.39468,0.35127,0.3649,0.38939
26/04/2008 08:00,0.54559,0.5368,0.56838,0.58797,0.54467,0.52097,0.5814
26/04/2008 09:00,0.70521,0.73352,0.72383,0.73142,0.67003,0.68417,0.72459
26/04/2008 10:00,0.80476,0.81134,0.85658,0.79396,0.75498,0.80436,0.7237
26/04/2008 11:00,0.80151,0.82789,0.89866,0.88223,0.80262,0.82768,0.80106
26/04/2008 12:00,0.80796,0.82314,0.89117,0.87597,0.76382,0.82032,0.84954
26/04/2008 13:00,0.73891,0.76006,0.81405,0.82027,0.70518,0.76201,0.78468
26/04/2008 14:00,0.64028,0.64457,0.68274,0.68444,0.5815,0.62454,0.65756
26/04/2008 15:00,0.48966,0.49533,0.50734,0.5059,0.44691,0.4859,0.48146
26/04/2008 16:00,0.2755,0.28563,0.28795,0.27793,0.24102,0.27366,0.26196
26/04/2008 17:00,0.07677,0.07752,0.07308,0.06693,0.05609,0.06843,0.06145
26/04/2008 18:00,0.00544,0.00424,0,0,0,0,0
26/04/2008 19:00,0,0,0,0,0,0,0
26/04/2008 20:00,0,0,0,0,0,0,0
26/04/2008 21:00,0,0,0,0,0,0,0
26/04/2008 22:00,0,0,0,0,0,0,0
26/04/2008 23:00,0,0,0,0,0,0,0
27/04/2008 00:00,0,0,0,0,0,0,0
27/04/2008 01:00,0,0,0,0,0,0,0
27/04/2008 02:00,0,0,0,0,0,0,0
27/04/2008 03:00,0,0,0,0,0,0,0
27/04/2008 04:00,0,0,0,0,0,0,0
27/04/2008 05:00,0.02005,0.01967,0.01617,0.01788,0.02315,0.01786,0.0215
27/04/2008 06:00,0.14877,0.16303,0.17509,0.18569,0.16198,0.1755,0.10606
27/04/2008 07:00,0.36734,0.38973,0.41382,0.42377,0.35675,0.4016,0.22412
27/04/2008 08:00,0.55102,0.5753,0.59689,0.62469,0.53512,0.60229,0.3052
27/04/2008 09:00,0.69663,0.73193,0.72719,0.75749,0.65616,0.7277,0.35337
27/04/2008 10:00,0.80301,0.80839,0.81293,0.84681,0.71005,0.79279,0.41922
27/04/2008 11:00,0.82126,0.83322,0.84379,0.85638,0.75825,0.85519,0.51293
27/04/2008 12:00,0.79783,0.77836,0.81746,0.81446,0.74674,0.84011,0.53143
27/04/2008 13:00,0.71621,0.66339,0.64885,0.72619,0.70624,0.7535,0.53443
27/04/2008 14:00,0.6172,0.57533,0.48648,0.59252,0.59567,0.59095,0.48866
27/04/2008 15:00,0.45611,0.42154,0.35149,0.38939,0.44215,0.4075,0.3892
27/04/2008 16:00,0.24529,0.2335,0.19627,0.20905,0.22605,0.22147,0.22878
27/04/2008 17:00,0.07196,0.07296,0.06607,0.06709,0.05927,0.06397,0.06648
27/04/2008 18:00,0.00458,0.00469,0,0,0,0,0
27/04/2008 19:00,0,0,0,0,0,0,0
27/04/2008 20:00,0,0,0,0,0,0,0
27/04/2008 21:00,0,0,0,0,0,0,0
27/04/2008 22:00,0,0,0,0,0,0,0
27/04/2008 23:00,0,0,0,0,0,0,0
28/04/2008 00:00,0,0,0,0,0,0,0
28/04/2008 01:00,0,0,0,0,0,0,0
28/04/2008 02:00,0,0,0,0,0,0,0
28/04/2008 03:00,0,0,0,0,0,0,0
28/04/2008 04:00,0,0,0,0,0,0,0
28/04/2008 05:00,0.01667,0.01459,0.02413,0.01395,0.02308,0.02265,0.02294
28/04/2008 06:00,0.13526,0.12434,0.11061,0.12768,0.149,0.16141,0.18266
28/04/2008 07:00,0.3325,0.3281,0.1514,0.26727,0.36765,0.36249,0.3849
28/04/2008 08:00,0.41843,0.55155,0.39607,0.35741,0.57169,0.57141,0.42893
28/04/2008 09:00,0.33937,0.43514,0.67151,0.71153,0.73631,0.74978,0.34641
28/04/2008 10:00,0.26522,0.28794,0.45425,0.75808,0.78488,0.69024,0.17322
28/04/2008 11:00,0.28025,0.26636,0.31992,0.75447,0.77468,0.57099,0.15244
28/04/2008 12:00,0.25421,0.23918,0.16667,0.423,0.6535,0.43931,0.15464
28/04/2008 13:00,0.201,0.16213,0.11896,0.24698,0.49297,0.31811,0.13801
28/04/2008 14:00,0.14967,0.13019,0.09936,0.10272,0.26538,0.1319,0.07156
28/04/2008 15:00,0.11613,0.09881,0.08632,0.06079,0.14391,0.09551,0.05482
28/04/2008 16:00,0.05027,0.04377,0.04224,0.04769,0.06648,0.06401,0.06637
28/04/2008 17:00,0.01655,0.02521,0.02141,0.02644,0.02758,0.01091,0.0188
28/04/2008 18:00,0.00269,0.00132,0,0,0,0,0
28/04/2008 19:00,0,0,0,0,0,0,0
28/04/2008 20:00,0,0,0,0,0,0,0
28/04/2008 21:00,0,0,0,0,0,0,0
28/04/2008 22:00,0,0,0,0,0,0,0
28/04/2008 23:00,0,0,0,0,0,0,0
29/04/2008 00:00,0,0,0,0,0,0,0
29/04/2008 01:00,0,0,0,0,0,0,0
29/04/2008 02:00,0,0,0,0,0,0,0
29/04/2008 03:00,0,0,0,0,0,0,0
29/04/2008 04:00,0,0,0,0,0,0,0
29/04/2008 05:00,0.01871,0.02111,0.02324,0.01589,0.01453,0.01938,0.01388
29/04/2008 06:00,0.0868,0.0908,0.06739,0.10375,0.05298,0.09871,0.11967
29/04/2008 07:00,0.20855,0.19905,0.21295,0.12345,0.15322,0.14391,0.22931
29/04/2008 08:00,0.33329,0.29679,0.33915,0.2274,0.28108,0.22206,0.32524
29/04/2008 09:00,0.44042,0.44768,0.31195,0.37813,0.3875,0.29222,0.49227
29/04/2008 10:00,0.51504,0.45186,0.46569,0.46037,0.42377,0.41095,0.54682
29/04/2008 11:00,0.54187,0.55208,0.58902,0.52004,0.45107,0.46225,0.53099
29/04/2008 12:00,0.59599,0.58089,0.60382,0.59423,0.43193,0.48726,0.43019
29/04/2008 13:00,0.61727,0.56781,0.60057,0.632,0.34467,0.44674,0.46759
29/04/2008 14:00,0.57204,0.53459,0.54117,0.56875,0.25559,0.42104,0.31219
29/04/2008 15:00,0.38672,0.41751,0.45342,0.42222,0.29602,0.40116,0.23415
29/04/2008 16:00,0.21117,0.20195,0.27353,0.2663,0.19903,0.24946,0.16385
29/04/2008 17:00,0.07473,0.07122,0.06609,0.07037,0.0592,0.06552,0.03633
29/04/2008 18:00,0.00706,0.00661,0,0,0,0,0
29/04/2008 19:00,0,0,0,0,0,0,0
29/04/2008 20:00,0,0,0,0,0,0,0
29/04/2008 21:00,0,0,0,0,0,0,0
29/04/2008 22:00,0,0,0,0,0,0,0
29/04/2008 23:00,0,0,0,0,0,0,0
30/04/2008 00:00,0,0,0,0,0,0,0
30/04/2008 01:00,0,0,0,0,0,0,0
30/04/2008 02:00,0,0,0,0,0,0,0
30/04/2008 03:00,0,0,0,0,0,0,0
30/04/2008 04:00,0,0,0,0,0,0,0
30/04/2008 05:00,0.02052,0.02307,0.01844,0.02544,0.02518,0.02364,0.00779
30/04/2008 06:00,0.13058,0.12726,0.11448,0.14978,0.12497,0.1431,0.03845
30/04/2008 07:00,0.30105,0.25835,0.19079,0.36255,0.26754,0.3515,0.06513
30/04/2008 08:00,0.35164,0.34032,0.22808,0.55107,0.39045,0.48417,0.08802
30/04/2008 09:00,0.40217,0.38749,0.25261,0.3593,0.4722,0.58841,0.08674
30/04/2008 10:00,0.33395,0.34565,0.45503,0.76636,0.45304,0.68258,0.11244
30/04/2008 11:00,0.27582,0.1831,0.62076,0.91429,0.51799,0.65376,0.12979
30/04/2008 12:00,0.15836,0.12764,0.1613,0.86299,0.53059,0.41237,0.15193
30/04/2008 13:00,0.18111,0.1415,0.08347,0.08137,0.37499,0.18404,0.09764
30/04/2008 14:00,0.1427,0.12788,0.10407,0.07833,0.23745,0.12007,0.0689
30/04/2008 15:00,0.1673,0.10603,0.14283,0.13337,0.21087,0.12119,0.07332
30/04/2008 16:00,0.12604,0.08822,0.09527,0.12543,0.11882,0.0834,0.0465
30/04/2008 17:00,0.06109,0.04878,0.05025,0.05308,0.04206,0.03625,0.02402
30/04/2008 18:00,0.00886,0.00771,0,0,0,0,0
30/04/2008 19:00,0,0,0,0,0,0,0
30/04/2008 20:00,0,0,0,0,0,0,0
30/04/2008 21:00,0,0,0,0,0,0,0
30/04/2008 22:00,0,0,0,0,0,0,0
30/04/2008 23:00,0,0,0,0,0,0,0
01/05/2008 00:00,0,0,0,0,0,0,0
01/05/2008 01:00,0,0,0,0,0,0,0
01/05/2008 02:00,0,0,0,0,0,0,0
01/05/2008 03:00,0,0,0,0,0,0,0
01/05/2008 04:00,0,0,0,0,0,0,0
01/05/2008 05:00,0.01434,0.01752,0.01675,0.02997,0.01474,0.01487,0.02085
01/05/2008 06:00,0.10433,0.08889,0.12761,0.09387,0.06384,0.06649,0.09877
01/05/2008 07:00,0.23579,0.18562,0.18713,0.20567,0.16712,0.1313,0.32266
01/05/2008 08:00,0.34459,0.35853,0.31514,0.21139,0.24411,0.22981,0.47232
01/05/2008 09:00,0.44832,0.43539,0.5759,0.37887,0.25688,0.38451,0.56128
01/05/2008 10:00,0.50945,0.52913,0.52276,0.71324,0.28479,0.44971,0.58
01/05/2008 11:00,0.5325,0.54071,0.69439,0.70431,0.37703,0.48588,0.59982
01/05/2008 12:00,0.55236,0.54563,0.64744,0.69697,0.37299,0.41706,0.51057
01/05/2008 13:00,0.55944,0.57531,0.55852,0.60264,0.35493,0.38117,0.46693
01/05/2008 14:00,0.47553,0.50854,0.486,0.51484,0.31464,0.4234,0.44125
01/05/2008 15:00,0.35702,0.35474,0.43271,0.45041,0.27895,0.35969,0.35379
01/05/2008 16:00,0.19614,0.19319,0.25463,0.27236,0.19082,0.20858,0.23021
01/05/2008 17:00,0.05965,0.05902,0.07961,0.07644,0.06341,0.06272,0.07062
01/05/2008 18:00,0.00409,0.00421,0.00391,0.0026,0.00208,0.00158,0.00111
01/05/2008 19:00,0,0,0,0,0,0,0
01/05/2008 20:00,0,0,0,0,0,0,0
01/05/2008 21:00,0,0,0,0,0,0,0
01/05/2008 22:00,0,0,0,0,0,0,0
01/05/2008 23:00,0,0,0,0,0,0,0
02/05/2008 00:00,0,0,0,0,0,0,0
02/05/2008 01:00,0,0,0,0,0,0,0
02/05/2008 02:00,0,0,0,0,0,0,0
02/05/2008 03:00,0,0,0,0,0,0,0
02/05/2008 04:00,0,0,0,0,0,0,0
02/05/2008 05:00,0.02473,0.02397,0.02486,0.03191,0.03024,0.02525,0.02911
02/05/2008 06:00,0.13053,0.12334,0.17643,0.1677,0.14111,0.09961,0.18057
02/05/2008 07:00,0.27591,0.29266,0.39629,0.35754,0.25488,0.19686,0.37925
02/05/2008 08:00,0.43838,0.44162,0.55875,0.42979,0.34344,0.35819,0.5495
02/05/2008 09:00,0.53083,0.57376,0.69387,0.59359,0.41911,0.46907,0.65761
02/05/2008 10:00,0.57337,0.56572,0.68423,0.77652,0.44552,0.528,0.68694
02/05/2008 11:00,0.58045,0.54909,0.63296,0.7368,0.48963,0.47172,0.7503
02/05/2008 12:00,0.48207,0.4002,0.48291,0.5866,0.4449,0.45522,0.6649
02/05/2008 13:00,0.49515,0.40928,0.30106,0.46612,0.42547,0.36811,0.62619
02/05/2008 14:00,0.45217,0.38981,0.26941,0.39667,0.36363,0.31152,0.52163
02/05/2008 15:00,0.35992,0.35302,0.32162,0.38851,0.27295,0.26536,0.40647
02/05/2008 16:00,0.23619,0.24726,0.27417,0.21119,0.15188,0.17135,0.22472
02/05/2008 17:00,0.08077,0.08357,0.08048,0.07471,0.05029,0.06172,0.07133
02/05/2008 18:00,0.00705,0.0079,0.00725,0.0055,0.00263,0.00424,0.00316
02/05/2008 19:00,0,0,0,0,0,0,0
02/05/2008 20:00,0,0,0,0,0,0,0
02/05/2008 21:00,0,0,0,0,0,0,0
02/05/2008 22:00,0,0,0,0,0,0,0
02/05/2008 23:00,0,0,0,0,0,0,0
03/05/2008 00:00,0,0,0,0,0,0,0
03/05/2008 01:00,0,0,0,0,0,0,0
03/05/2008 02:00,0,0,0,0,0,0,0
03/05/2008 03:00,0,0,0,0,0,0,0
03/05/2008 04:00,0,0,0,0,0,0,0
03/05/2008 05:00,0.02762,0.02652,0.03161,0.02873,0.0359,0.03018,0.03685
03/05/2008 06:00,0.14656,0.13499,0.166,0.19088,0.16674,0.1447,0.16983
03/05/2008 07:00,0.32997,0.31444,0.35942,0.40683,0.33009,0.32538,0.34784
03/05/2008 08:00,0.4567,0.45802,0.53605,0.58918,0.44846,0.48122,0.50143
03/05/2008 09:00,0.55143,0.47826,0.4933,0.70879,0.54616,0.4879,0.66272
03/05/2008 10:00,0.57534,0.45967,0.43452,0.55495,0.58027,0.44562,0.74768
03/05/2008 11:00,0.63648,0.46074,0.40094,0.58295,0.58737,0.45298,0.67386
03/05/2008 12:00,0.59725,0.43,0.43335,0.57397,0.5288,0.40337,0.61646
03/05/2008 13:00,0.56156,0.39824,0.49073,0.57921,0.50569,0.34382,0.60926
03/05/2008 14:00,0.47602,0.41854,0.4996,0.52186,0.40335,0.22182,0.54726
03/05/2008 15:00,0.39484,0.39026,0.40593,0.38968,0.30631,0.22535,0.37639
03/05/2008 16:00,0.23332,0.2371,0.25093,0.21681,0.18535,0.16429,0.19384
03/05/2008 17:00,0.07389,0.07887,0.07657,0.03689,0.05383,0.05885,0.06631
03/05/2008 18:00,0.00534,0.00704,0.00697,0.0047,0.00242,0.00396,0.00393
03/05/2008 19:00,0,0,0,0,0,0,0
03/05/2008 20:00,0,0,0,0,0,0,0
03/05/2008 21:00,0,0,0,0,0,0,0
03/05/2008 22:00,0,0,0,0,0,0,0
03/05/2008 23:00,0,0,0,0,0,0,0
04/05/2008 00:00,0,0,0,0,0,0,0
04/05/2008 01:00,0,0,0,0,0,0,0
04/05/2008 02:00,0,0,0,0,0,0,0
04/05/2008 03:00,0,0,0,0,0,0,0
04/05/2008 04:00,0,0,0,0,0,0,0
04/05/2008 05:00,0.02855,0.02918,0.02743,0.03097,0.03298,0.0288,0.03345
04/05/2008 06:00,0.14906,0.15823,0.18285,0.19293,0.15203,0.13047,0.18111
04/05/2008 07:00,0.33448,0.35355,0.40037,0.41009,0.31986,0.31855,0.33105
04/05/2008 08:00,0.47939,0.51332,0.58086,0.59036,0.44939,0.46499,0.48162
04/05/2008 09:00,0.60817,0.61957,0.71924,0.72457,0.52472,0.58985,0.67537
04/05/2008 10:00,0.66971,0.69013,0.80414,0.81089,0.50717,0.61787,0.75211
04/05/2008 11:00,0.68246,0.68646,0.82503,0.8415,0.48465,0.55942,0.73066
04/05/2008 12:00,0.62032,0.66422,0.79645,0.80685,0.4301,0.50438,0.63431
04/05/2008 13:00,0.52126,0.56342,0.69055,0.72998,0.36927,0.41238,0.54643
04/05/2008 14:00,0.4171,0.43255,0.5678,0.5895,0.27625,0.26669,0.41672
04/05/2008 15:00,0.32124,0.32318,0.40536,0.39397,0.21243,0.20199,0.3018
04/05/2008 16:00,0.18638,0.20464,0.18955,0.23735,0.12895,0.12568,0.19159
04/05/2008 17:00,0.06771,0.07345,0.0703,0.07477,0.04731,0.05292,0.0541
04/05/2008 18:00,0.0086,0.00932,0.00631,0.00542,0.00294,0.00415,0.00371
04/05/2008 19:00,0,0,0,0,0,0,0
04/05/2008 20:00,0,0,0,0,0,0,0
04/05/2008 21:00,0,0,0,0,0,0,0
04/05/2008 22:00,0,0,0,0,0,0,0
04/05/2008 23:00,0,0,0,0,0,0,0
05/05/2008 00:00,0,0,0,0,0,0,0
05/05/2008 01:00,0,0,0,0,0,0,0
05/05/2008 02:00,0,0,0,0,0,0,0
05/05/2008 03:00,0,0,0,0,0,0,0
05/05/2008 04:00,0,0,0,0,0,0,0
05/05/2008 05:00,0.02646,0.03087,0.03193,0.03466,0.03256,0.03168,0.02778
05/05/2008 06:00,0.13973,0.16252,0.1856,0.19649,0.15512,0.15156,0.10286
05/05/2008 07:00,0.32307,0.36678,0.40752,0.41975,0.32525,0.32958,0.21483
05/05/2008 08:00,0.47691,0.5412,0.60209,0.61149,0.46545,0.48235,0.40606
05/05/2008 09:00,0.60092,0.66576,0.74879,0.75395,0.57965,0.63076,0.59834
05/05/2008 10:00,0.64934,0.73558,0.8446,0.84913,0.6259,0.71363,0.73301
05/05/2008 11:00,0.6864,0.76025,0.88703,0.89178,0.66178,0.7638,0.76557
05/05/2008 12:00,0.63362,0.75909,0.87532,0.87591,0.64886,0.74215,0.72341
05/05/2008 13:00,0.63613,0.7221,0.80393,0.80489,0.62084,0.70405,0.70987
05/05/2008 14:00,0.57345,0.62588,0.6825,0.67899,0.52732,0.60824,0.56241
05/05/2008 15:00,0.44881,0.47806,0.50421,0.49753,0.39499,0.45188,0.42605
05/05/2008 16:00,0.26643,0.28285,0.2904,0.28221,0.23568,0.26594,0.22683
05/05/2008 17:00,0.08533,0.08815,0.08343,0.0768,0.06924,0.07873,0.06685
05/05/2008 18:00,0.00959,0.01055,0.01012,0.00823,0.00434,0.00736,0.0043
05/05/2008 19:00,0,0,0,0,0,0,0
05/05/2008 20:00,0,0,0,0,0,0,0
05/05/2008 21:00,0,0,0,0,0,0,0
05/05/2008 22:00,0,0,0,0,0,0,0
05/05/2008 23:00,0,0,0,0,0,0,0
06/05/2008 00:00,0,0,0,0,0,0,0
06/05/2008 01:00,0,0,0,0,0,0,0
06/05/2008 02:00,0,0,0,0,0,0,0
06/05/2008 03:00,0,0,0,0,0,0,0
06/05/2008 04:00,0,0,0,0,0,0,0
06/05/2008 05:00,0.03016,0.02706,0.02519,0.02741,0.03787,0.03211,0.03804
06/05/2008 06:00,0.15724,0.17041,0.19002,0.20135,0.18869,0.18677,0.18555
06/05/2008 07:00,0.34216,0.37504,0.41105,0.42412,0.3664,0.38769,0.38136
06/05/2008 08:00,0.48708,0.54323,0.59631,0.60709,0.49329,0.53361,0.56024
06/05/2008 09:00,0.61319,0.66806,0.72977,0.73563,0.59838,0.66454,0.70503
06/05/2008 10:00,0.68278,0.74219,0.8194,0.8253,0.65814,0.74029,0.7877
06/05/2008 11:00,0.72028,0.75897,0.85915,0.86226,0.68375,0.76845,0.82592
06/05/2008 12:00,0.67196,0.73372,0.84595,0.8463,0.66271,0.73344,0.77714
06/05/2008 13:00,0.66039,0.68333,0.77696,0.78144,0.62532,0.69446,0.7423
06/05/2008 14:00,0.56541,0.58799,0.65955,0.65774,0.52786,0.59256,0.61957
06/05/2008 15:00,0.43395,0.45277,0.49105,0.48811,0.39403,0.43597,0.47152
06/05/2008 16:00,0.26771,0.27088,0.28625,0.27973,0.23642,0.25379,0.27436
06/05/2008 17:00,0.08641,0.08558,0.08357,0.07731,0.07013,0.07864,0.0725
06/05/2008 18:00,0.01021,0.01081,0.011,0.00909,0.00505,0.00794,0.0067
06/05/2008 19:00,0,0,0,0,0,0,0
06/05/2008 20:00,0,0,0,0,0,0,0
06/05/2008 21:00,0,0,0,0,0,0,0
06/05/2008 22:00,0,0,0,0,0,0,0
06/05/2008 23:00,0,0,0,0,0,0,0
07/05/2008 00:00,0,0,0,0,0,0,0
07/05/2008 01:00,0,0,0,0,0,0,0
07/05/2008 02:00,0,0,0,0,0,0,0
07/05/2008 03:00,0,0,0,0,0,0,0
07/05/2008 04:00,0,0,0,0,0,0,0
07/05/2008 05:00,0.03105,0.02823,0.02836,0.03204,0.03963,0.03317,0.02854
07/05/2008 06:00,0.1628,0.17657,0.19019,0.20092,0.17847,0.18722,0.08815
07/05/2008 07:00,0.35354,0.38114,0.40743,0.41911,0.34493,0.38339,0.18964
07/05/2008 08:00,0.50928,0.54548,0.58851,0.59795,0.48125,0.52568,0.44071
07/05/2008 09:00,0.64097,0.66407,0.71673,0.72241,0.59808,0.65821,0.64098
07/05/2008 10:00,0.70275,0.72932,0.80299,0.80796,0.64895,0.72011,0.74505
07/05/2008 11:00,0.72695,0.73292,0.84081,0.84486,0.67097,0.73916,0.78135
07/05/2008 12:00,0.67675,0.69961,0.8286,0.81923,0.63121,0.69496,0.72996
07/05/2008 13:00,0.64903,0.63969,0.7613,0.74642,0.58014,0.62438,0.71232
07/05/2008 14:00,0.57136,0.54402,0.65127,0.64107,0.49779,0.51795,0.60735
07/05/2008 15:00,0.43984,0.42587,0.48784,0.47792,0.38657,0.40981,0.45155
07/05/2008 16:00,0.25244,0.25638,0.28529,0.27778,0.23289,0.25446,0.26682
07/05/2008 17:00,0.08207,0.08503,0.08403,0.07788,0.07086,0.08117,0.07394
07/05/2008 18:00,0.00927,0.01052,0.01067,0.00965,0.00587,0.00959,0.0074
07/05/2008 19:00,0,0,0,0,0,0,0
07/05/2008 20:00,0,0,0,0,0,0,0
07/05/2008 21:00,0,0,0,0,0,0,0
07/05/2008 22:00,0,0,0,0,0,0,0
07/05/2008 23:00,0,0,0,0,0,0,0
08/05/2008 00:00,0,0,0,0,0,0,0
08/05/2008 01:00,0,0,0,0,0,0,0
08/05/2008 02:00,0,0,0,0,0,0,0
08/05/2008 03:00,0,0,0,0,0,0,0
08/05/2008 04:00,0,0,0,0,0,0,0
08/05/2008 05:00,0.03337,0.03266,0.02673,0.03147,0.04258,0.03708,0.04416
08/05/2008 06:00,0.1589,0.17413,0.19091,0.20202,0.18864,0.18559,0.13586
08/05/2008 07:00,0.35407,0.3774,0.40587,0.41839,0.36781,0.38449,0.25472
08/05/2008 08:00,0.51073,0.53576,0.58229,0.59351,0.49945,0.52491,0.43403
08/05/2008 09:00,0.63941,0.65248,0.70577,0.71346,0.60978,0.6578,0.62897
08/05/2008 10:00,0.7023,0.7153,0.79008,0.7976,0.66525,0.73325,0.70433
08/05/2008 11:00,0.72327,0.73194,0.82832,0.83524,0.68847,0.76926,0.73758
08/05/2008 12:00,0.66169,0.71438,0.81774,0.82059,0.65859,0.73855,0.69446
08/05/2008 13:00,0.64801,0.6767,0.75553,0.75533,0.62009,0.70006,0.64792
08/05/2008 14:00,0.57401,0.5913,0.64833,0.64265,0.52781,0.60498,0.53721
08/05/2008 15:00,0.44217,0.45899,0.48627,0.47706,0.39655,0.4515,0.4181
08/05/2008 16:00,0.25924,0.27756,0.28508,0.27737,0.23792,0.26687,0.25447
08/05/2008 17:00,0.08489,0.08915,0.08499,0.07897,0.07143,0.08098,0.07591
08/05/2008 18:00,0.01125,0.01275,0.01275,0.01074,0.00634,0.00984,0.00753
08/05/2008 19:00,0,0,0,0,0,0,0
08/05/2008 20:00,0,0,0,0,0,0,0
08/05/2008 21:00,0,0,0,0,0,0,0
08/05/2008 22:00,0,0,0,0,0,0,0
08/05/2008 23:00,0,0,0,0,0,0,0
09/05/2008 00:00,0,0,0,0,0,0,0
09/05/2008 01:00,0,0,0,0,0,0,0
09/05/2008 02:00,0,0,0,0,0,0,0
09/05/2008 03:00,0,0,0,0,0,0,0
09/05/2008 04:00,0,0,0,0,0,0,0
09/05/2008 05:00,0.034,0.03489,0.03068,0.03372,0.04341,0.03721,0.04334
09/05/2008 06:00,0.16702,0.17754,0.19105,0.20238,0.19395,0.19085,0.18766
09/05/2008 07:00,0.35075,0.3756,0.40327,0.41793,0.37983,0.39179,0.38455
09/05/2008 08:00,0.50227,0.53247,0.57958,0.59364,0.5205,0.54351,0.56046
09/05/2008 09:00,0.63147,0.65407,0.69868,0.71607,0.63367,0.67015,0.68636
09/05/2008 10:00,0.66808,0.72395,0.76552,0.7888,0.68973,0.74683,0.74328
09/05/2008 11:00,0.71129,0.70821,0.77506,0.80687,0.71592,0.76929,0.77106
09/05/2008 12:00,0.65132,0.6602,0.77182,0.75713,0.68111,0.72166,0.70482
09/05/2008 13:00,0.63812,0.56585,0.67091,0.71345,0.64293,0.63697,0.60905
09/05/2008 14:00,0.559,0.43833,0.50585,0.57749,0.51689,0.49148,0.55354
09/05/2008 15:00,0.42696,0.35743,0.30235,0.3693,0.35568,0.27271,0.31411
09/05/2008 16:00,0.24759,0.23,0.18063,0.17714,0.1834,0.16909,0.23675
09/05/2008 17:00,0.08526,0.08687,0.07969,0.07336,0.05428,0.07177,0.0779
09/05/2008 18:00,0.01136,0.01316,0.01212,0.00945,0.00527,0.00914,0.00889
09/05/2008 19:00,0,0,0,0,0,0,0
09/05/2008 20:00,0,0,0,0,0,0,0
09/05/2008 21:00,0,0,0,0,0,0,0
09/05/2008 22:00,0,0,0,0,0,0,0
09/05/2008 23:00,0,0,0,0,0,0,0
10/05/2008 00:00,0,0,0,0,0,0,0
10/05/2008 01:00,0,0,0,0,0,0,0
10/05/2008 02:00,0,0,0,0,0,0,0
10/05/2008 03:00,0,0,0,0,0,0,0
10/05/2008 04:00,0,0,0,0,0,0,0
10/05/2008 05:00,0.02594,0.02752,0.03888,0.03826,0.04106,0.03591,0.02657
10/05/2008 06:00,0.16115,0.14146,0.17242,0.20045,0.17168,0.15362,0.09034
10/05/2008 07:00,0.35651,0.31235,0.37013,0.41241,0.35777,0.33897,0.23822
10/05/2008 08:00,0.52092,0.46248,0.56208,0.59462,0.50294,0.49729,0.42372
10/05/2008 09:00,0.6574,0.60479,0.70418,0.71923,0.62579,0.67428,0.58146
10/05/2008 10:00,0.72416,0.70613,0.79178,0.80546,0.68208,0.76805,0.6797
10/05/2008 11:00,0.75427,0.72025,0.82721,0.84155,0.71765,0.80601,0.74772
10/05/2008 12:00,0.71997,0.69308,0.82296,0.82106,0.6765,0.77395,0.71069
10/05/2008 13:00,0.68828,0.66197,0.76326,0.76106,0.6322,0.74278,0.6644
10/05/2008 14:00,0.57103,0.56015,0.65126,0.64335,0.52127,0.63267,0.56673
10/05/2008 15:00,0.41286,0.42225,0.48226,0.47475,0.38365,0.46033,0.44529
10/05/2008 16:00,0.23319,0.26716,0.28223,0.27255,0.2256,0.26977,0.26196
10/05/2008 17:00,0.08752,0.09244,0.08848,0.08266,0.072,0.0843,0.0763
10/05/2008 18:00,0.01213,0.0144,0.0145,0.01254,0.00776,0.01176,0.00836
10/05/2008 19:00,0,0,0,0,0,0,0
10/05/2008 20:00,0,0,0,0,0,0,0
10/05/2008 21:00,0,0,0,0,0,0,0
10/05/2008 22:00,0,0,0,0,0,0,0
10/05/2008 23:00,0,0,0,0,0,0,0
11/05/2008 00:00,0,0,0,0,0,0,0
11/05/2008 01:00,0,0,0,0,0,0,0
11/05/2008 02:00,0,0,0,0,0,0,0
11/05/2008 03:00,0,0,0,0,0,0,0
11/05/2008 04:00,0,0,0,0,0.00071,0,0
11/05/2008 05:00,0.03254,0.03689,0.03485,0.03863,0.04001,0.03732,0.02901
11/05/2008 06:00,0.15307,0.17496,0.18873,0.19874,0.16982,0.19466,0.14055
11/05/2008 07:00,0.34589,0.37562,0.37896,0.4126,0.33589,0.40371,0.27083
11/05/2008 08:00,0.49784,0.54613,0.55263,0.57674,0.46586,0.54131,0.37839
11/05/2008 09:00,0.57701,0.67161,0.64587,0.69528,0.54727,0.68128,0.36937
11/05/2008 10:00,0.56766,0.71662,0.77428,0.78492,0.52641,0.68882,0.34046
11/05/2008 11:00,0.53063,0.64384,0.82811,0.82159,0.49195,0.62089,0.33618
11/05/2008 12:00,0.36573,0.54419,0.82416,0.76228,0.3972,0.50192,0.21046
11/05/2008 13:00,0.26765,0.36793,0.75945,0.54685,0.34468,0.45173,0.2194
11/05/2008 14:00,0.22411,0.22021,0.59514,0.22061,0.28656,0.37376,0.23947
11/05/2008 15:00,0.17686,0.1034,0.26016,0.25583,0.26479,0.24751,0.16928
11/05/2008 16:00,0.13895,0.06564,0.09019,0.19948,0.15617,0.15856,0.14092
11/05/2008 17:00,0.07475,0.04614,0.03233,0.0804,0.05846,0.05885,0.07344
11/05/2008 18:00,0.01288,0.011,0.01086,0.01222,0.00892,0.01046,0.0108
11/05/2008 19:00,0,0,0,0,0,0,0
11/05/2008 20:00,0,0,0,0,0,0,0
11/05/2008 21:00,0,0,0,0,0,0,0
11/05/2008 22:00,0,0,0,0,0,0,0
11/05/2008 23:00,0,0,0,0,0,0,0
12/05/2008 00:00,0,0,0,0,0,0,0
12/05/2008 01:00,0,0,0,0,0,0,0
12/05/2008 02:00,0,0,0,0,0,0,0
12/05/2008 03:00,0,0,0,0,0,0,0
12/05/2008 04:00,0,0,0,0,0.00088,0,0
12/05/2008 05:00,0.0285,0.03521,0.0369,0.03363,0.03796,0.0348,0.02753
12/05/2008 06:00,0.15253,0.17779,0.17959,0.20761,0.18387,0.17914,0.13937
12/05/2008 07:00,0.34103,0.38878,0.37832,0.42474,0.36284,0.40167,0.29293
12/05/2008 08:00,0.47347,0.56857,0.58733,0.60273,0.48903,0.55522,0.3631
12/05/2008 09:00,0.53801,0.63313,0.72036,0.72563,0.57858,0.6752,0.30559
12/05/2008 10:00,0.48249,0.56124,0.80373,0.80214,0.59606,0.66695,0.30427
12/05/2008 11:00,0.54744,0.58054,0.84047,0.82782,0.62519,0.67565,0.55094
12/05/2008 12:00,0.5178,0.57032,0.82663,0.78529,0.59133,0.64621,0.58312
12/05/2008 13:00,0.52815,0.50839,0.75552,0.69276,0.54612,0.59917,0.57282
12/05/2008 14:00,0.43215,0.44764,0.596,0.46455,0.4868,0.59334,0.4849
12/05/2008 15:00,0.36571,0.38727,0.36535,0.38412,0.36188,0.42958,0.3725
12/05/2008 16:00,0.23453,0.24953,0.2254,0.25401,0.21388,0.24914,0.19903
12/05/2008 17:00,0.08826,0.09125,0.08939,0.07284,0.07561,0.0839,0.06181
12/05/2008 18:00,0.01119,0.01527,0.01464,0.01169,0.00767,0.01219,0.00588
12/05/2008 19:00,0,0,0,0,0,0,0
12/05/2008 20:00,0,0,0,0,0,0,0
12/05/2008 21:00,0,0,0,0,0,0,0
12/05/2008 22:00,0,0,0,0,0,0,0
12/05/2008 23:00,0,0,0,0,0,0,0
13/05/2008 00:00,0,0,0,0,0,0,0
13/05/2008 01:00,0,0,0,0,0,0,0
13/05/2008 02:00,0,0,0,0,0,0,0
13/05/2008 03:00,0,0,0,0,0,0,0
13/05/2008 04:00,0,0,0,0.00147,0.0012,0,0
13/05/2008 05:00,0.03587,0.02855,0.02604,0.03005,0.04504,0.03417,0.04147
13/05/2008 06:00,0.17495,0.18693,0.19889,0.2095,0.20033,0.20045,0.17361
13/05/2008 07:00,0.37941,0.39949,0.41437,0.4256,0.39173,0.41506,0.32007
13/05/2008 08:00,0.53914,0.57003,0.58954,0.59882,0.53321,0.56735,0.45684
13/05/2008 09:00,0.6692,0.69769,0.71163,0.71626,0.64799,0.70646,0.57788
13/05/2008 10:00,0.73014,0.75998,0.79581,0.79682,0.6631,0.77876,0.64751
13/05/2008 11:00,0.77378,0.77223,0.8258,0.7997,0.65998,0.77875,0.70449
13/05/2008 12:00,0.72944,0.7454,0.81066,0.69627,0.62501,0.72479,0.68991
13/05/2008 13:00,0.69834,0.67757,0.72012,0.51225,0.57876,0.68657,0.66935
13/05/2008 14:00,0.57406,0.57076,0.59247,0.51689,0.49171,0.59467,0.48682
13/05/2008 15:00,0.40192,0.43709,0.47743,0.40542,0.37989,0.43831,0.39411
13/05/2008 16:00,0.2353,0.2569,0.28171,0.25063,0.22173,0.26621,0.24089
13/05/2008 17:00,0.08426,0.09217,0.09172,0.08415,0.0708,0.08715,0.07893
13/05/2008 18:00,0.01328,0.01664,0.01697,0.01445,0.00986,0.01492,0.01137
13/05/2008 19:00,0,0,0,0,0,0,0
13/05/2008 20:00,0,0,0,0,0,0,0
13/05/2008 21:00,0,0,0,0,0,0,0
13/05/2008 22:00,0,0,0,0,0,0,0
13/05/2008 23:00,0,0,0,0,0,0,0
14/05/2008 00:00,0,0,0,0,0,0,0
14/05/2008 01:00,0,0,0,0,0,0,0
14/05/2008 02:00,0,0,0,0,0,0,0
14/05/2008 03:00,0,0,0,0,0,0,0
14/05/2008 04:00,0,0,0,0.0013,0.00195,0.00095,0
14/05/2008 05:00,0.03433,0.0333,0.03432,0.03416,0.04446,0.03811,0.03541
14/05/2008 06:00,0.16439,0.17732,0.18407,0.20819,0.20932,0.19856,0.20653
14/05/2008 07:00,0.3544,0.37135,0.37623,0.41799,0.40255,0.40144,0.41754
14/05/2008 08:00,0.53044,0.52263,0.54789,0.58763,0.55166,0.55023,0.60567
14/05/2008 09:00,0.63897,0.55932,0.67176,0.70219,0.6257,0.63181,0.74281
14/05/2008 10:00,0.61695,0.54116,0.74538,0.75662,0.61864,0.57888,0.77653
14/05/2008 11:00,0.58408,0.54338,0.68916,0.74394,0.59402,0.5633,0.74408
14/05/2008 12:00,0.48678,0.53811,0.56443,0.63864,0.56353,0.59677,0.66666
14/05/2008 13:00,0.43038,0.48557,0.55295,0.6455,0.54994,0.6551,0.6698
14/05/2008 14:00,0.39204,0.38743,0.55725,0.60422,0.47852,0.59311,0.59506
14/05/2008 15:00,0.29716,0.32438,0.4287,0.46075,0.33925,0.42463,0.41717
14/05/2008 16:00,0.20101,0.19596,0.25838,0.27527,0.19993,0.24367,0.23777
14/05/2008 17:00,0.09001,0.0842,0.09242,0.08675,0.07075,0.0751,0.08259
14/05/2008 18:00,0.01608,0.01773,0.01594,0.01522,0.0099,0.01277,0.01279
14/05/2008 19:00,0,0,0,0,0,0,0
14/05/2008 20:00,0,0,0,0,0,0,0
14/05/2008 21:00,0,0,0,0,0,0,0
14/05/2008 22:00,0,0,0,0,0,0,0
14/05/2008 23:00,0,0,0,0,0,0,0
15/05/2008 00:00,0,0,0,0,0,0,0
15/05/2008 01:00,0,0,0,0,0,0,0
15/05/2008 02:00,0,0,0,0,0,0,0
15/05/2008 03:00,0,0,0,0,0,0,0
15/05/2008 04:00,0,0,0,0.00028,0.00148,0,0.00029
15/05/2008 05:00,0.03426,0.0426,0.04438,0.0535,0.05343,0.04797,0.04783
15/05/2008 06:00,0.12922,0.16177,0.16263,0.18947,0.18664,0.19434,0.16334
15/05/2008 07:00,0.21048,0.3205,0.33445,0.39077,0.37188,0.36909,0.25971
15/05/2008 08:00,0.2387,0.39331,0.50706,0.56109,0.50307,0.47791,0.33148
15/05/2008 09:00,0.25869,0.38916,0.59272,0.66127,0.56962,0.62255,0.29371
15/05/2008 10:00,0.2847,0.37339,0.6793,0.76398,0.57466,0.61867,0.31019
15/05/2008 11:00,0.21859,0.33053,0.57652,0.76509,0.5532,0.48941,0.28576
15/05/2008 12:00,0.20757,0.22527,0.45272,0.60832,0.47738,0.38625,0.24098
15/05/2008 13:00,0.22004,0.16957,0.33311,0.50358,0.34626,0.27567,0.19245
15/05/2008 14:00,0.23709,0.15082,0.19573,0.3721,0.23741,0.26407,0.09869
15/05/2008 15:00,0.2691,0.11587,0.0599,0.23695,0.16069,0.12791,0.04573
15/05/2008 16:00,0.20673,0.11812,0.03549,0.09929,0.10289,0.08075,0.03378
15/05/2008 17:00,0.0713,0.07707,0.01539,0.03727,0.03668,0.0354,0.01573
15/05/2008 18:00,0.01137,0.01552,0.00581,0.00339,0.00614,0.01068,0.0048
15/05/2008 19:00,0,0,0,0,0,0,0
15/05/2008 20:00,0,0,0,0,0,0,0
15/05/2008 21:00,0,0,0,0,0,0,0
15/05/2008 22:00,0,0,0,0,0,0,0
15/05/2008 23:00,0,0,0,0,0,0,0
16/05/2008 00:00,0,0,0,0,0,0,0
16/05/2008 01:00,0,0,0,0,0,0,0
16/05/2008 02:00,0,0,0,0,0,0,0
16/05/2008 03:00,0,0,0,0,0,0,0
16/05/2008 04:00,0,0,0.00107,0.00182,0.00238,0.00203,8.00E-04
16/05/2008 05:00,0.03747,0.03642,0.04593,0.04536,0.044,0.04317,0.0316
16/05/2008 06:00,0.13737,0.17474,0.18955,0.15838,0.15631,0.191,0.08554
16/05/2008 07:00,0.28456,0.33336,0.37685,0.31012,0.29282,0.38645,0.11076
16/05/2008 08:00,0.47143,0.49589,0.518,0.57947,0.38067,0.51702,0.17064
16/05/2008 09:00,0.48606,0.60413,0.63066,0.69813,0.43043,0.60435,0.18204
16/05/2008 10:00,0.54046,0.62404,0.70176,0.72715,0.46628,0.57692,0.11145
16/05/2008 11:00,0.58595,0.60678,0.68665,0.70865,0.40774,0.59328,0.19371
16/05/2008 12:00,0.43692,0.39962,0.42238,0.41325,0.39645,0.36056,0.55872
16/05/2008 13:00,0.40856,0.36418,0.36532,0.37133,0.34976,0.3139,0.50487
16/05/2008 14:00,0.34339,0.29657,0.31895,0.2932,0.27413,0.25503,0.40348
16/05/2008 15:00,0.25668,0.22497,0.24865,0.23321,0.20769,0.18799,0.29041
16/05/2008 16:00,0.16806,0.14521,0.14944,0.14865,0.12965,0.1283,0.17411
16/05/2008 17:00,0.06975,0.06522,0.0656,0.0573,0.05013,0.05429,0.06088
16/05/2008 18:00,0.01246,0.01298,0.01265,0.00977,0.00745,0.00993,0.00962
16/05/2008 19:00,0,0,0,0,0,0,0
16/05/2008 20:00,0,0,0,0,0,0,0
16/05/2008 21:00,0,0,0,0,0,0,0
16/05/2008 22:00,0,0,0,0,0,0,0
16/05/2008 23:00,0,0,0,0,0,0,0
17/05/2008 00:00,0,0,0,0,0,0,0
17/05/2008 01:00,0,0,0,0,0,0,0
17/05/2008 02:00,0,0,0,0,0,0,0
17/05/2008 03:00,0,0,0,0,0,0,0
17/05/2008 04:00,0,0,0,9.00E-05,0.00045,0,2.00E-05
17/05/2008 05:00,0.02658,0.02623,0.02718,0.0256,0.02995,0.0253,0.03035
17/05/2008 06:00,0.11361,0.11078,0.11858,0.12273,0.11039,0.10913,0.12255
17/05/2008 07:00,0.23718,0.22883,0.24741,0.25072,0.22035,0.21111,0.24238
17/05/2008 08:00,0.35212,0.34222,0.37044,0.3763,0.32013,0.30795,0.37025
17/05/2008 09:00,0.42955,0.41593,0.45885,0.46462,0.39174,0.38452,0.45978
17/05/2008 10:00,0.456,0.4379,0.4666,0.48121,0.41651,0.40083,0.51017
17/05/2008 11:00,0.47407,0.46341,0.50498,0.4976,0.42973,0.4097,0.53961
17/05/2008 12:00,0.44564,0.44,0.48674,0.45172,0.42165,0.40668,0.55335
17/05/2008 13:00,0.42492,0.40351,0.44623,0.42666,0.38283,0.36127,0.51512
17/05/2008 14:00,0.36463,0.33161,0.34292,0.34045,0.30884,0.29726,0.42029
17/05/2008 15:00,0.27687,0.2615,0.28299,0.25437,0.23727,0.22111,0.31037
17/05/2008 16:00,0.17023,0.16185,0.16734,0.15913,0.13649,0.14407,0.17491
17/05/2008 17:00,0.07253,0.06896,0.07184,0.0618,0.05536,0.06231,0.0645
17/05/2008 18:00,0.01339,0.01353,0.01328,0.01166,0.00906,0.01155,0.01073
17/05/2008 19:00,0,0,0,0,0,0,0
17/05/2008 20:00,0,0,0,0,0,0,0
17/05/2008 21:00,0,0,0,0,0,0,0
17/05/2008 22:00,0,0,0,0,0,0,0
17/05/2008 23:00,0,0,0,0,0,0,0
18/05/2008 00:00,0,0,0,0,0,0,0
18/05/2008 01:00,0,0,0,0,0,0,0
18/05/2008 02:00,0,0,0,0,0,0,0
18/05/2008 03:00,0,0,0,0,0,0,0
18/05/2008 04:00,0,0,2.00E-04,0.00028,0.00086,0.00011,0.00014
18/05/2008 05:00,0.02914,0.02895,0.02995,0.03198,0.03552,0.0299,0.03534
18/05/2008 06:00,0.12893,0.1259,0.12705,0.14151,0.13694,0.12728,0.14294
18/05/2008 07:00,0.26642,0.26478,0.27257,0.28945,0.26745,0.25193,0.27529
18/05/2008 08:00,0.38788,0.39474,0.4097,0.42652,0.38048,0.36098,0.39774
18/05/2008 09:00,0.48169,0.48094,0.51562,0.52684,0.45775,0.45104,0.50766
18/05/2008 10:00,0.52063,0.51563,0.53962,0.55026,0.48618,0.48036,0.58174
18/05/2008 11:00,0.53297,0.54067,0.57331,0.58422,0.51708,0.50217,0.61233
18/05/2008 12:00,0.5248,0.53294,0.60358,0.57607,0.51896,0.51557,0.59607
18/05/2008 13:00,0.49429,0.4838,0.5514,0.54629,0.46857,0.46771,0.54295
18/05/2008 14:00,0.4255,0.39556,0.42537,0.43755,0.38437,0.39248,0.44429
18/05/2008 15:00,0.32093,0.30912,0.33977,0.32258,0.29472,0.29195,0.33442
18/05/2008 16:00,0.19137,0.18864,0.19066,0.1864,0.16666,0.17545,0.1872
18/05/2008 17:00,0.08015,0.07918,0.07835,0.06822,0.06413,0.07186,0.06889
18/05/2008 18:00,0.01517,0.01576,0.01576,0.01304,0.0106,0.0136,0.01232
18/05/2008 19:00,0,0,0,0,0,0,0
18/05/2008 20:00,0,0,0,0,0,0,0
18/05/2008 21:00,0,0,0,0,0,0,0
18/05/2008 22:00,0,0,0,0,0,0,0
18/05/2008 23:00,0,0,0,0,0,0,0
19/05/2008 00:00,0,0,0,0,0,0,0
19/05/2008 01:00,0,0,0,0,0,0,0
19/05/2008 02:00,0,0,0,0,0,0,0
19/05/2008 03:00,0,0,0,0,0,0,0
19/05/2008 04:00,0,0.00011,0.00037,0.00101,0.00152,0.00034,0.00047
19/05/2008 05:00,0.03036,0.03096,0.03332,0.03616,0.04045,0.03303,0.03675
19/05/2008 06:00,0.1367,0.13498,0.14066,0.15453,0.15629,0.14384,0.14683
19/05/2008 07:00,0.27332,0.27597,0.28637,0.302,0.29448,0.26819,0.28216
19/05/2008 08:00,0.3909,0.40194,0.41679,0.43697,0.41522,0.3867,0.39914
19/05/2008 09:00,0.48212,0.49711,0.52587,0.54598,0.49566,0.48892,0.49633
19/05/2008 10:00,0.62912,0.32517,0.27052,0.29648,0.3809,0.28048,0.75893
19/05/2008 11:00,0.66001,0.4036,0.2845,0.33672,0.39475,0.34473,0.76431
19/05/2008 12:00,0.84167,0.62774,0.62425,0.58459,0.64402,0.57733,0.86482
19/05/2008 13:00,0.53054,0.34871,0.41435,0.27063,0.35951,0.23075,0.57912
19/05/2008 14:00,0.45517,0.27613,0.20827,0.19185,0.2977,0.18016,0.36338
19/05/2008 15:00,0.36178,0.20036,0.13656,0.17184,0.21939,0.15249,0.22041
19/05/2008 16:00,0.20627,0.12244,0.09963,0.14561,0.11475,0.0958,0.13937
19/05/2008 17:00,0.08056,0.05261,0.05794,0.03629,0.04839,0.02968,0.05253
19/05/2008 18:00,0.01209,0.01248,0.01407,0.00263,0.00586,0.00198,0.00879
19/05/2008 19:00,0,0,0,0,0,0,0
19/05/2008 20:00,0,0,0,0,0,0,0
19/05/2008 21:00,0,0,0,0,0,0,0
19/05/2008 22:00,0,0,0,0,0,0,0
19/05/2008 23:00,0,0,0,0,0,0,0
20/05/2008 00:00,0,0,0,0,0,0,0
20/05/2008 01:00,0,0,0,0,0,0,0
20/05/2008 02:00,0,0,0,0,0,0,0
20/05/2008 03:00,0,0,0,0,0,0,0
20/05/2008 04:00,5.00E-04,0,0,0.00363,0.00377,0.00202,0.00276
20/05/2008 05:00,0.03107,0.0323,0.03464,0.03738,0.03944,0.03516,0.03714
20/05/2008 06:00,0.13725,0.13482,0.12942,0.14217,0.15548,0.14444,0.14757
20/05/2008 07:00,0.12886,0.10636,0.17403,0.12921,0.12975,0.0482,0.28536
20/05/2008 08:00,0.21048,0.17966,0.23821,0.16554,0.21041,0.08569,0.30945
20/05/2008 09:00,0.24395,0.22927,0.26282,0.14996,0.26587,0.13316,0.54913
20/05/2008 10:00,0.30229,0.21699,0.2231,0.08932,0.20992,0.11435,0.66632
20/05/2008 11:00,0.31429,0.23052,0.1744,0.10813,0.24432,0.13663,0.59883
20/05/2008 12:00,0.11365,0.11257,0.11105,0.11172,0.11356,0.11304,0.11439
20/05/2008 13:00,0.2549,0.13882,0.0831,0.06757,0.14281,0.07877,0.40828
20/05/2008 14:00,0.43623,0.432,0.47023,0.45225,0.39479,0.40452,0.39896
20/05/2008 15:00,0.32844,0.32602,0.36459,0.35025,0.30431,0.31381,0.30441
20/05/2008 16:00,0.08667,0.06792,0.04502,0.04536,0.07095,0.04893,0.13841
20/05/2008 17:00,0.04547,0.04255,0.0313,0.03102,0.03656,0.03328,0.0459
20/05/2008 18:00,0.01589,0.01617,0.01624,0.01433,0.0118,0.01382,0.01341
20/05/2008 19:00,0,0,0,0,0,0,0
20/05/2008 20:00,0,0,0,0,0,0,0
20/05/2008 21:00,0,0,0,0,0,0,0
20/05/2008 22:00,0,0,0,0,0,0,0
20/05/2008 23:00,0,0,0,0,0,0,0
21/05/2008 00:00,0,0,0,0,0,0,0
21/05/2008 01:00,0,0,0,0,0,0,0
21/05/2008 02:00,0,0,0,0,0,0,0
21/05/2008 03:00,0,0,0,0,0,0,0
21/05/2008 04:00,0.00101,0.00154,0.00071,0.00248,0.00366,0.00135,0.00051
21/05/2008 05:00,0.03245,0.03143,0.02372,0.02612,0.0297,0.02577,0.01672
21/05/2008 06:00,0.10108,0.08531,0.05133,0.05479,0.07744,0.07187,0.04968
21/05/2008 07:00,0.193,0.14635,0.07771,0.08265,0.14604,0.12744,0.0872
21/05/2008 08:00,0.26158,0.19078,0.09786,0.12556,0.18334,0.1789,0.13477
21/05/2008 09:00,0.32684,0.22586,0.15309,0.13792,0.22056,0.23024,0.17536
21/05/2008 10:00,0.28465,0.21209,0.15187,0.12441,0.15662,0.15742,0.13957
21/05/2008 11:00,0.33387,0.24107,0.16325,0.12223,0.19789,0.15362,0.16894
21/05/2008 12:00,0.29684,0.19723,0.11724,0.12186,0.18631,0.11886,0.16971
21/05/2008 13:00,0.24764,0.1546,0.11835,0.09139,0.16472,0.09763,0.21539
21/05/2008 14:00,0.17057,0.10052,0.10211,0.07445,0.13477,0.08269,0.18923
21/05/2008 15:00,0.14657,0.08618,0.09328,0.06482,0.11266,0.07024,0.19247
21/05/2008 16:00,0.09315,0.06298,0.06292,0.05247,0.08095,0.05648,0.12768
21/05/2008 17:00,0.0458,0.03563,0.03459,0.02854,0.04254,0.03248,0.06455
21/05/2008 18:00,0.01041,0.01284,0.00956,0.00703,0.00844,0.00583,0.0141
21/05/2008 19:00,0,0,0,0,0,0,0
21/05/2008 20:00,0,0,0,0,0,0,0
21/05/2008 21:00,0,0,0,0,0,0,0
21/05/2008 22:00,0,0,0,0,0,0,0
21/05/2008 23:00,0,0,0,0,0,0,0
22/05/2008 00:00,0,0,0,0,0,0,0
22/05/2008 01:00,0,0,0,0,0,0,0
22/05/2008 02:00,0,0,0,0,0,0,0
22/05/2008 03:00,0,0,0,0,0,0,0
22/05/2008 04:00,0.00243,0.00118,0.00069,0.00101,0.00299,0.00119,0.00259
22/05/2008 05:00,0.02933,0.02561,0.01746,0.01854,0.02008,0.02213,0.0166
22/05/2008 06:00,0.08104,0.0859,0.05281,0.06745,0.06747,0.05856,0.04206
22/05/2008 07:00,0.1529,0.16326,0.11025,0.1148,0.13388,0.12671,0.06967
22/05/2008 08:00,0.21015,0.20897,0.21221,0.12888,0.16017,0.15966,0.08559
22/05/2008 09:00,0.29623,0.2271,0.2821,0.20909,0.17704,0.20092,0.10879
22/05/2008 10:00,0.31418,0.15909,0.23907,0.25101,0.14659,0.16041,0.08281
22/05/2008 11:00,0.38129,0.21356,0.18443,0.30925,0.19002,0.15312,0.11206
22/05/2008 12:00,0.32169,0.24675,0.17445,0.25704,0.18087,0.11266,0.10296
22/05/2008 13:00,0.32308,0.23818,0.23614,0.09764,0.12139,0.09959,0.10818
22/05/2008 14:00,0.32029,0.20263,0.20072,0.05971,0.10034,0.09944,0.07718
22/05/2008 15:00,0.2663,0.18709,0.18839,0.06665,0.09998,0.08844,0.0994
22/05/2008 16:00,0.17793,0.13677,0.12986,0.09139,0.06295,0.09105,0.07857
22/05/2008 17:00,0.07452,0.06306,0.06179,0.08178,0.03022,0.06275,0.065
22/05/2008 18:00,0.01814,0.01722,0.01647,0.01858,0.01003,0.01142,0.01592
22/05/2008 19:00,0,0,0,0,0,0,0
22/05/2008 20:00,0,0,0,0,0,0,0
22/05/2008 21:00,0,0,0,0,0,0,0
22/05/2008 22:00,0,0,0,0,0,0,0
22/05/2008 23:00,0,0,0,0,0,0,0
23/05/2008 00:00,0,0,0,0,0,0,0
23/05/2008 01:00,0,0,0,0,0,0,0
23/05/2008 02:00,0,0,0,0,0,0,0
23/05/2008 03:00,0,0,0,0,0,0,0
23/05/2008 04:00,0.00269,0.00212,0.0031,0.00222,0.00684,0.00291,0.00433
23/05/2008 05:00,0.0403,0.04278,0.0515,0.04921,0.05368,0.05271,0.04109
23/05/2008 06:00,0.18874,0.18952,0.14722,0.16621,0.19548,0.20226,0.21551
23/05/2008 07:00,0.39599,0.3878,0.26989,0.31826,0.36652,0.4073,0.41007
23/05/2008 08:00,0.55996,0.55093,0.47273,0.48597,0.50447,0.56565,0.56549
23/05/2008 09:00,0.70346,0.6686,0.67189,0.67405,0.63584,0.69934,0.66564
23/05/2008 10:00,0.7728,0.73011,0.72616,0.78027,0.69116,0.75812,0.67525
23/05/2008 11:00,0.81015,0.75231,0.75264,0.79783,0.71417,0.79442,0.65603
23/05/2008 12:00,0.74075,0.73343,0.74585,0.79425,0.68941,0.76373,0.63717
23/05/2008 13:00,0.69855,0.68346,0.68385,0.74147,0.64602,0.71008,0.53517
23/05/2008 14:00,0.59415,0.59304,0.60385,0.58458,0.54699,0.59029,0.30464
23/05/2008 15:00,0.44642,0.44475,0.48703,0.4795,0.42001,0.42994,0.25958
23/05/2008 16:00,0.25199,0.26513,0.28964,0.2907,0.25566,0.25355,0.18318
23/05/2008 17:00,0.09261,0.10103,0.10336,0.10108,0.08583,0.092,0.08331
23/05/2008 18:00,0.0171,0.02066,0.02444,0.02203,0.01765,0.02142,0.01927
23/05/2008 19:00,0,0,0,0,0,0,0
23/05/2008 20:00,0,0,0,0,0,0,0
23/05/2008 21:00,0,0,0,0,0,0,0
23/05/2008 22:00,0,0,0,0,0,0,0
23/05/2008 23:00,0,0,0,0,0,0,0
24/05/2008 00:00,0,0,0,0,0,0,0
24/05/2008 01:00,0,0,0,0,0,0,0
24/05/2008 02:00,0,0,0,0,0,0,0
24/05/2008 03:00,0,0,0,0,0,0,0
24/05/2008 04:00,0,0.00141,0.00457,0.00317,0.00487,0.00438,0.00413
24/05/2008 05:00,0.01881,0.02897,0.02134,0.03598,0.03324,0.02546,0.01614
24/05/2008 06:00,0.07813,0.098,0.1007,0.11645,0.10943,0.16103,0.02845
24/05/2008 07:00,0.12894,0.17149,0.25435,0.30741,0.21881,0.33475,0.04172
24/05/2008 08:00,0.22749,0.2142,0.33167,0.40038,0.31629,0.36863,0.06064
24/05/2008 09:00,0.208,0.32244,0.23311,0.58858,0.36202,0.52536,0.06553
24/05/2008 10:00,0.12959,0.25686,0.30861,0.40399,0.35151,0.58927,0.0705
24/05/2008 11:00,0.15672,0.16352,0.47884,0.56493,0.2794,0.50724,0.07732
24/05/2008 12:00,0.39277,0.17633,0.25821,0.6139,0.30274,0.25581,0.06714
24/05/2008 13:00,0.40096,0.40273,0.07786,0.22661,0.1917,0.11007,0.09195
24/05/2008 14:00,0.3195,0.53243,0.12049,0.093,0.11127,0.27401,0.06548
24/05/2008 15:00,0.25922,0.33226,0.3592,0.22517,0.13071,0.29099,0.06054
24/05/2008 16:00,0.12204,0.17669,0.22289,0.24862,0.11998,0.14763,0.02816
24/05/2008 17:00,0.04718,0.0694,0.07162,0.07816,0.05399,0.05071,0.01036
24/05/2008 18:00,0.01532,0.01116,0.00643,0.00644,0.00868,0.01068,0.00717
24/05/2008 19:00,0,0,0,0,0,0,0
24/05/2008 20:00,0,0,0,0,0,0,0
24/05/2008 21:00,0,0,0,0,0,0,0
24/05/2008 22:00,0,0,0,0,0,0,0
24/05/2008 23:00,0,0,0,0,0,0,0
25/05/2008 00:00,0,0,0,0,0,0,0
25/05/2008 01:00,0,0,0,0,0,0,0
25/05/2008 02:00,0,0,0,0,0,0,0
25/05/2008 03:00,0,0,0,0,0,0,0
25/05/2008 04:00,0,0.0024,0.00625,0.00553,0.00463,0.0054,0.00196
25/05/2008 05:00,0.02949,0.02301,0.03557,0.02625,0.03354,0.02298,0.00986
25/05/2008 06:00,0.11406,0.11155,0.10198,0.19828,0.12194,0.11239,0.04065
25/05/2008 07:00,0.15951,0.18342,0.13983,0.35668,0.28945,0.27896,0.04547
25/05/2008 08:00,0.16635,0.37506,0.242,0.27823,0.27385,0.2928,0.11967
25/05/2008 09:00,0.14543,0.35515,0.5452,0.65564,0.41471,0.39464,0.12121
25/05/2008 10:00,0.416,0.50911,0.61197,0.50439,0.33235,0.27832,0.10227
25/05/2008 11:00,0.38902,0.60186,0.65238,0.77848,0.38391,0.67697,0.17859
25/05/2008 12:00,0.275,0.41596,0.73822,0.68694,0.49335,0.49609,0.13534
25/05/2008 13:00,0.17343,0.51298,0.5241,0.46435,0.33174,0.3127,0.06935
25/05/2008 14:00,0.19695,0.29834,0.57413,0.52328,0.15598,0.24978,0.08654
25/05/2008 15:00,0.09695,0.1615,0.28591,0.24847,0.15237,0.33323,0.06256
25/05/2008 16:00,0.04264,0.05854,0.09193,0.18135,0.13492,0.08556,0.04742
25/05/2008 17:00,0.02773,0.02934,0.04092,0.02085,0.03502,0.03331,0.02917
25/05/2008 18:00,0.00944,0.01384,0.00883,0.01273,0.00843,0.01095,0.00725
25/05/2008 19:00,0,0,0,0,0,0,0
25/05/2008 20:00,0,0,0,0,0,0,0
25/05/2008 21:00,0,0,0,0,0,0,0
25/05/2008 22:00,0,0,0,0,0,0,0
25/05/2008 23:00,0,0,0,0,0,0,0
26/05/2008 00:00,0,0,0,0,0,0,0
26/05/2008 01:00,0,0,0,0,0,0,0
26/05/2008 02:00,0,0,0,0,0,0,0
26/05/2008 03:00,0,0,0,0,0,0,0
26/05/2008 04:00,0.00205,0.00254,0.00209,0.00314,0.00289,0.00265,0.00429
26/05/2008 05:00,0.00607,0.00511,0.00744,0.01254,0.0207,0.01231,0.00541
26/05/2008 06:00,0.01716,0.02055,0.02103,0.01915,0.02958,0.03098,0.02066
26/05/2008 07:00,0.04005,0.03008,0.03594,0.04772,0.05414,0.05251,0.04227
26/05/2008 08:00,0.0551,0.04539,0.05333,0.06975,0.09822,0.07386,0.06859
26/05/2008 09:00,0.07676,0.07841,0.09344,0.11583,0.13667,0.15563,0.11468
26/05/2008 10:00,0.23559,0.19315,0.38985,0.51452,0.19857,0.22884,0.17677
26/05/2008 11:00,0.28591,0.50251,0.62535,0.78353,0.38631,0.51332,0.16652
26/05/2008 12:00,0.24384,0.42832,0.79717,0.61897,0.34642,0.39479,0.16537
26/05/2008 13:00,0.29846,0.34201,0.46628,0.24462,0.371,0.27156,0.16999
26/05/2008 14:00,0.3258,0.33862,0.32143,0.18206,0.29077,0.15652,0.11861
26/05/2008 15:00,0.24656,0.25593,0.32996,0.10165,0.1915,0.17999,0.10106
26/05/2008 16:00,0.09441,0.16205,0.15076,0.10974,0.16117,0.11614,0.12484
26/05/2008 17:00,0.04638,0.0437,0.06785,0.05164,0.07162,0.0534,0.06014
26/05/2008 18:00,0.01588,0.0112,0.00817,0.01186,0.01693,0.01029,0.01752
26/05/2008 19:00,0,0,0,0,0,0,0
26/05/2008 20:00,0,0,0,0,0,0,0
26/05/2008 21:00,0,0,0,0,0,0,0
26/05/2008 22:00,0,0,0,0,0,0,0
26/05/2008 23:00,0,0,0,0,0,0,0
27/05/2008 00:00,0,0,0,0,0,0,0
27/05/2008 01:00,0,0,0,0,0,0,0
27/05/2008 02:00,0,0,0,0,0,0,0
27/05/2008 03:00,0,0,0,0,0,0,0
27/05/2008 04:00,0.00427,0.00406,0.00423,0.00343,0.00723,0.00507,0.00646
27/05/2008 05:00,0.02522,0.03161,0.04661,0.03399,0.04831,0.02903,0.04287
27/05/2008 06:00,0.1008,0.09179,0.10704,0.12623,0.18317,0.06156,0.12619
27/05/2008 07:00,0.15205,0.19726,0.28233,0.17432,0.341,0.119,0.1777
27/05/2008 08:00,0.25881,0.34147,0.31923,0.33957,0.41497,0.18525,0.34112
27/05/2008 09:00,0.25687,0.43798,0.33477,0.43666,0.53977,0.30376,0.48379
27/05/2008 10:00,0.41591,0.48407,0.14149,0.44223,0.57246,0.41168,0.53177
27/05/2008 11:00,0.39621,0.63346,0.25995,0.09002,0.59234,0.42369,0.64508
27/05/2008 12:00,0.24943,0.50703,0.53284,0.13485,0.50585,0.41341,0.55719
27/05/2008 13:00,0.48515,0.57153,0.56164,0.26403,0.37265,0.34588,0.49171
27/05/2008 14:00,0.36184,0.58662,0.45917,0.27621,0.45735,0.41144,0.5271
27/05/2008 15:00,0.20254,0.37041,0.4617,0.33547,0.37897,0.30559,0.30539
27/05/2008 16:00,0.10646,0.21409,0.26087,0.21778,0.21959,0.15921,0.15988
27/05/2008 17:00,0.06569,0.07523,0.10499,0.09756,0.08484,0.08487,0.05343
27/05/2008 18:00,0.01654,0.01434,0.01665,0.02436,0.01883,0.01903,0.00336
27/05/2008 19:00,0,0,0,0,0,0,0
27/05/2008 20:00,0,0,0,0,0,0,0
27/05/2008 21:00,0,0,0,0,0,0,0
27/05/2008 22:00,0,0,0,0,0,0,0
27/05/2008 23:00,0,0,0,0,0,0,0
28/05/2008 00:00,0,0,0,0,0,0,0
28/05/2008 01:00,0,0,0,0,0,0,0
28/05/2008 02:00,0,0,0,0,0,0,0
28/05/2008 03:00,0,0,0,0,0,0,0
28/05/2008 04:00,0.00431,0.00507,0.00715,0.00898,0.00877,0.00715,0.00533
28/05/2008 05:00,0.02691,0.03787,0.05015,0.04874,0.04621,0.03905,0.02412
28/05/2008 06:00,0.09132,0.12347,0.19165,0.14099,0.16832,0.15816,0.06806
28/05/2008 07:00,0.19331,0.25305,0.33025,0.18918,0.37941,0.30852,0.14447
28/05/2008 08:00,0.2679,0.32629,0.50561,0.33137,0.56459,0.44478,0.26251
28/05/2008 09:00,0.39546,0.46269,0.66179,0.53147,0.70738,0.57942,0.37986
28/05/2008 10:00,0.35971,0.55185,0.76116,0.69194,0.75099,0.61365,0.43835
28/05/2008 11:00,0.38835,0.50986,0.7529,0.54022,0.73733,0.58024,0.45374
28/05/2008 12:00,0.50928,0.47823,0.70789,0.73212,0.75615,0.68381,0.54305
28/05/2008 13:00,0.49805,0.51553,0.67678,0.64922,0.72474,0.66518,0.55104
28/05/2008 14:00,0.46298,0.52341,0.59324,0.54988,0.57705,0.54989,0.48767
28/05/2008 15:00,0.29125,0.36293,0.41876,0.37449,0.39817,0.38585,0.3301
28/05/2008 16:00,0.19742,0.19414,0.21407,0.09588,0.22929,0.18298,0.20447
28/05/2008 17:00,0.08382,0.09589,0.05515,0.02193,0.07999,0.08048,0.08112
28/05/2008 18:00,0.01473,0.02387,0.00592,0.00463,0.01733,0.01127,0.00935
28/05/2008 19:00,0,0,0,0,0,0,0
28/05/2008 20:00,0,0,0,0,0,0,0
28/05/2008 21:00,0,0,0,0,0,0,0
28/05/2008 22:00,0,0,0,0,0,0,0
28/05/2008 23:00,0,0,0,0,0,0,0
29/05/2008 00:00,0,0,0,0,0,0,0
29/05/2008 01:00,0,0,0,0,0,0,0
29/05/2008 02:00,0,0,0,0,0,0,0
29/05/2008 03:00,0,0,0,0,0,0,0
29/05/2008 04:00,0.00026,0.00243,0.00135,0.00462,0.00891,0.00345,0.00283
29/05/2008 05:00,0.00815,0.01753,0.01332,0.02006,0.03386,0.04136,0.0278
29/05/2008 06:00,0.03109,0.06906,0.13265,0.17012,0.09862,0.15129,0.03663
29/05/2008 07:00,0.07869,0.20995,0.27159,0.24837,0.17364,0.24474,0.0399
29/05/2008 08:00,0.16543,0.26817,0.43409,0.57217,0.2643,0.41234,0.13516
29/05/2008 09:00,0.19697,0.42517,0.62252,0.59899,0.54165,0.59596,0.08902
29/05/2008 10:00,0.2514,0.50906,0.7472,0.72924,0.60474,0.50829,0.15004
29/05/2008 11:00,0.26348,0.53628,0.59801,0.74427,0.7306,0.51191,0.14852
29/05/2008 12:00,0.31909,0.49249,0.21222,0.75237,0.65235,0.30179,0.18842
29/05/2008 13:00,0.26937,0.26184,0.41192,0.65223,0.47421,0.32638,0.16958
29/05/2008 14:00,0.20122,0.17632,0.25783,0.42845,0.34564,0.21121,0.08312
29/05/2008 15:00,0.14204,0.14785,0.31981,0.36238,0.27687,0.21841,0.0386
29/05/2008 16:00,0.08843,0.09174,0.09699,0.15217,0.14885,0.04512,0.02113
29/05/2008 17:00,0.03991,0.0415,0.02888,0.03591,0.06341,0.01841,0.01254
29/05/2008 18:00,0.01233,0.01305,0.01058,0.0189,0.01669,0.01012,0.00324
29/05/2008 19:00,0,0,0,0,0,0,0
29/05/2008 20:00,0,0,0,0,0,0,0
29/05/2008 21:00,0,0,0,0,0,0,0
29/05/2008 22:00,0,0,0,0,0,0,0
29/05/2008 23:00,0,0,0,0,0,0,0
30/05/2008 00:00,0,0,0,0,0,0,0
30/05/2008 01:00,0,0,0,0,0,0,0
30/05/2008 02:00,0,0,0,0,0,0,0
30/05/2008 03:00,0,0,0,0,0,0,0
30/05/2008 04:00,0.00533,0.00474,0.00747,0.00877,0.00738,0.00638,0.00787
30/05/2008 05:00,0.03906,0.03723,0.03737,0.02741,0.03563,0.03237,0.04726
30/05/2008 06:00,0.1203,0.09128,0.1301,0.08938,0.15754,0.1262,0.1877
30/05/2008 07:00,0.2823,0.23654,0.20702,0.27235,0.3142,0.28947,0.4083
30/05/2008 08:00,0.43601,0.39871,0.39879,0.41187,0.2209,0.3937,0.3774
30/05/2008 09:00,0.52716,0.45554,0.52149,0.30743,0.25444,0.4436,0.6096
30/05/2008 10:00,0.5386,0.45046,0.45432,0.22059,0.36891,0.33794,0.62676
30/05/2008 11:00,0.49822,0.50225,0.29706,0.22513,0.33926,0.60615,0.56682
30/05/2008 12:00,0.50183,0.51017,0.39846,0.4499,0.41504,0.58204,0.28068
30/05/2008 13:00,0.47763,0.50292,0.59606,0.57923,0.37941,0.41458,0.09196
30/05/2008 14:00,0.19391,0.24243,0.53997,0.51954,0.42174,0.36518,0.19144
30/05/2008 15:00,0.20509,0.24025,0.36202,0.37414,0.31471,0.4482,0.238
30/05/2008 16:00,0.16917,0.14213,0.24375,0.24411,0.18091,0.26255,0.11605
30/05/2008 17:00,0.07229,0.06077,0.09282,0.09193,0.07963,0.10071,0.05698
30/05/2008 18:00,0.01919,0.02111,0.02256,0.02535,0.01697,0.02444,0.02281
30/05/2008 19:00,0,0,0,0,0,0,0
30/05/2008 20:00,0,0,0,0,0,0,0
30/05/2008 21:00,0,0,0,0,0,0,0
30/05/2008 22:00,0,0,0,0,0,0,0
30/05/2008 23:00,0,0,0,0,0,0,0
31/05/2008 00:00,0,0,0,0,0,0,0
31/05/2008 01:00,0,0,0,0,0,0,0
31/05/2008 02:00,0,0,0,0,0,0,0
31/05/2008 03:00,0,0,0,0,0,0,0
31/05/2008 04:00,0.00508,0.00475,0.00132,0.00221,0.00866,0.00422,0.0033
31/05/2008 05:00,0.05115,0.05162,0.04456,0.05766,0.0586,0.05101,0.06162
31/05/2008 06:00,0.08874,0.07212,0.05071,0.11453,0.10758,0.11396,0.05966
31/05/2008 07:00,0.17423,0.16552,0.1473,0.2129,0.18161,0.17172,0.21475
31/05/2008 08:00,0.24366,0.27515,0.30164,0.33178,0.3153,0.32529,0.3853
31/05/2008 09:00,0.26608,0.33722,0.48479,0.35539,0.41276,0.48246,0.39707
31/05/2008 10:00,0.18774,0.3211,0.58532,0.48604,0.3852,0.52811,0.31049
31/05/2008 11:00,0.23926,0.34025,0.59359,0.71332,0.4727,0.37276,0.25158
31/05/2008 12:00,0.23902,0.30178,0.35991,0.47419,0.42356,0.21899,0.26309
31/05/2008 13:00,0.3743,0.31294,0.17041,0.15027,0.39698,0.20252,0.17216
31/05/2008 14:00,0.33072,0.33497,0.18196,0.11259,0.27526,0.13178,0.13061
31/05/2008 15:00,0.26569,0.29123,0.20791,0.31648,0.25017,0.16921,0.17697
31/05/2008 16:00,0.17253,0.21999,0.23914,0.16534,0.18396,0.1818,0.14006
31/05/2008 17:00,0.07339,0.08608,0.10828,0.07569,0.08402,0.07707,0.06367
31/05/2008 18:00,0.02085,0.02166,0.02649,0.02355,0.02118,0.0191,0.01438
31/05/2008 19:00,0,0,0,0,0,0,0
31/05/2008 20:00,0,0,0,0,0,0,0
31/05/2008 21:00,0,0,0,0,0,0,0
31/05/2008 22:00,0,0,0,0,0,0,0
31/05/2008 23:00,0,0,0,0,0,0,0
01/06/2008 00:00,0,0,0,0,0,0,0
01/06/2008 01:00,0,0,0,0,0,0,0
01/06/2008 02:00,0,0,0,0,0,0,0
01/06/2008 03:00,0,0,0,0,0,0,0
01/06/2008 04:00,0.00104,0.00115,0.00209,0.00255,0.00406,0.00167,0.00321
01/06/2008 05:00,0.0346,0.03343,0.03241,0.03341,0.03995,0.03292,0.04282
01/06/2008 06:00,0.06525,0.12411,0.10428,0.17159,0.15355,0.12317,0.14226
01/06/2008 07:00,0.15484,0.22347,0.34408,0.36755,0.34266,0.34464,0.28364
01/06/2008 08:00,0.26233,0.28227,0.50385,0.56689,0.48249,0.43275,0.37944
01/06/2008 09:00,0.33596,0.3068,0.45111,0.5462,0.55962,0.48038,0.56548
01/06/2008 10:00,0.28318,0.36979,0.46593,0.56042,0.61901,0.57337,0.50494
01/06/2008 11:00,0.24418,0.32145,0.59161,0.60733,0.6099,0.51841,0.53841
01/06/2008 12:00,0.18477,0.27219,0.31646,0.50139,0.54249,0.38647,0.53227
01/06/2008 13:00,0.23559,0.25542,0.2745,0.25918,0.48616,0.26688,0.45658
01/06/2008 14:00,0.25616,0.25039,0.17668,0.237,0.39486,0.31783,0.33558
01/06/2008 15:00,0.15404,0.18649,0.22483,0.27137,0.24735,0.20453,0.32981
01/06/2008 16:00,0.09909,0.1259,0.11841,0.1305,0.15526,0.18861,0.19959
01/06/2008 17:00,0.05116,0.06094,0.07747,0.09856,0.08528,0.06501,0.08717
01/06/2008 18:00,0.01135,0.01458,0.02186,0.01774,0.02077,0.01543,0.02107
01/06/2008 19:00,0,0,0,0,0,0,0
01/06/2008 20:00,0,0,0,0,0,0,0
01/06/2008 21:00,0,0,0,0,0,0,0
01/06/2008 22:00,0,0,0,0,0,0,0
01/06/2008 23:00,0,0,0,0,0,0,0
02/06/2008 00:00,0,0,0,0,0,0,0
02/06/2008 01:00,0,0,0,0,0,0,0
02/06/2008 02:00,0,0,0,0,0,0,0
02/06/2008 03:00,0,0,0,0,0,0,0
02/06/2008 04:00,0.00407,0.00289,0.00778,0.01152,0.00976,0.00661,0.00179
02/06/2008 05:00,0.03604,0.03468,0.03286,0.03407,0.03876,0.03521,0.03811
02/06/2008 06:00,0.05643,0.07173,0.18586,0.207,0.17253,0.06001,0.1299
02/06/2008 07:00,0.09731,0.14479,0.32672,0.3984,0.33726,0.18186,0.11033
02/06/2008 08:00,0.3585,0.34057,0.32811,0.32477,0.33071,0.31884,0.42941
02/06/2008 09:00,0.44036,0.41189,0.39913,0.39344,0.39276,0.37668,0.51045
02/06/2008 10:00,0.18741,0.2199,0.47912,0.67891,0.42618,0.30783,0.12896
02/06/2008 11:00,0.14284,0.19778,0.47576,0.66172,0.3525,0.33912,0.13119
02/06/2008 12:00,0.12576,0.21726,0.57642,0.62628,0.35018,0.27395,0.14657
02/06/2008 13:00,0.0838,0.14541,0.45971,0.55483,0.34822,0.25032,0.08549
02/06/2008 14:00,0.09059,0.07232,0.28796,0.44444,0.30458,0.19522,0.05458
02/06/2008 15:00,0.10553,0.07073,0.14809,0.30377,0.19316,0.07611,0.05086
02/06/2008 16:00,0.19935,0.17911,0.18449,0.17797,0.15487,0.1415,0.2063
02/06/2008 17:00,0.05081,0.04223,0.09628,0.08393,0.05327,0.08322,0.03495
02/06/2008 18:00,0.01564,0.01659,0.01764,0.02286,0.00812,0.014,0.00887
02/06/2008 19:00,0,0,0,0,0,0,0
02/06/2008 20:00,0,0,0,0,0,0,0
02/06/2008 21:00,0,0,0,0,0,0,0
02/06/2008 22:00,0,0,0,0,0,0,0
02/06/2008 23:00,0,0,0,0,0,0,0
03/06/2008 00:00,0,0,0,0,0,0,0
03/06/2008 01:00,0,0,0,0,0,0,0
03/06/2008 02:00,0,0,0,0,0,0,0
03/06/2008 03:00,0,0,0,0,0,0,0
03/06/2008 04:00,0.00561,0.00753,0.0083,0.00254,0.00584,0.00907,0.01005
03/06/2008 05:00,0.04454,0.0365,0.04588,0.04009,0.02186,0.0454,0.04743
03/06/2008 06:00,0.12721,0.08413,0.13219,0.11158,0.08437,0.08213,0.20431
03/06/2008 07:00,0.2616,0.24945,0.24111,0.25583,0.25706,0.23938,0.29389
03/06/2008 08:00,0.28699,0.27062,0.32215,0.26154,0.27574,0.23111,0.5427
03/06/2008 09:00,0.33269,0.3352,0.36396,0.31069,0.38353,0.26932,0.63034
03/06/2008 10:00,0.31831,0.33279,0.31568,0.36871,0.41506,0.24584,0.67021
03/06/2008 11:00,0.51503,0.48778,0.51311,0.52526,0.4266,0.41389,0.53898
03/06/2008 12:00,0.49231,0.4689,0.50558,0.47416,0.40682,0.38692,0.53734
03/06/2008 13:00,0.29415,0.29717,0.46273,0.54073,0.44437,0.24608,0.5771
03/06/2008 14:00,0.41672,0.38368,0.4088,0.40126,0.32844,0.3237,0.43728
03/06/2008 15:00,0.25145,0.14874,0.24282,0.20055,0.215,0.16463,0.39563
03/06/2008 16:00,0.16901,0.0997,0.11674,0.11631,0.10907,0.08189,0.22777
03/06/2008 17:00,0.06819,0.05584,0.04286,0.02109,0.04858,0.04816,0.07251
03/06/2008 18:00,0.02463,0.02434,0.02483,0.02347,0.01769,0.01941,0.02213
03/06/2008 19:00,0,0,0,0,0,0,0
03/06/2008 20:00,0,0,0,0,0,0,0
03/06/2008 21:00,0,0,0,0,0,0,0
03/06/2008 22:00,0,0,0,0,0,0,0
03/06/2008 23:00,0,0,0,0,0,0,0
04/06/2008 00:00,0,0,0,0,0,0,0
04/06/2008 01:00,0,0,0,0,0,0,0
04/06/2008 02:00,0,0,0,0,0,0,0
04/06/2008 03:00,0,0,0,0,0,0,0
04/06/2008 04:00,0.00286,0.00282,0.00461,0.00387,0.0072,0.0023,0.00139
04/06/2008 05:00,0.01782,0.00847,0.0172,0.01319,0.02235,0.01523,0.01281
04/06/2008 06:00,0.03972,0.03692,0.05824,0.03335,0.04942,0.05865,0.07971
04/06/2008 07:00,0.09296,0.09334,0.06852,0.0548,0.08918,0.07419,0.17336
04/06/2008 08:00,0.40744,0.40259,0.36694,0.37745,0.37107,0.36324,0.43181
04/06/2008 09:00,0.49499,0.48023,0.47014,0.47421,0.44131,0.42435,0.49616
04/06/2008 10:00,0.54664,0.53782,0.55005,0.57042,0.48201,0.48211,0.53896
04/06/2008 11:00,0.56437,0.55582,0.56082,0.58478,0.48877,0.4966,0.54903
04/06/2008 12:00,0.12079,0.12198,0.11169,0.11084,0.17113,0.12116,0.28487
04/06/2008 13:00,0.12896,0.11333,0.09426,0.11018,0.13941,0.12633,0.46143
04/06/2008 14:00,0.13842,0.09788,0.09024,0.11,0.10447,0.09444,0.31899
04/06/2008 15:00,0.34512,0.33196,0.36285,0.35165,0.28843,0.2806,0.34874
04/06/2008 16:00,0.06479,0.05633,0.03998,0.04608,0.04863,0.04039,0.02624
04/06/2008 17:00,0.02423,0.02624,0.0273,0.02628,0.02538,0.02675,0.01992
04/06/2008 18:00,0.00974,0.00894,0.01473,0.01334,0.00638,0.00829,0.00504
04/06/2008 19:00,0,0,0,0,0,0,0
04/06/2008 20:00,0,0,0,0,0,0,0
04/06/2008 21:00,0,0,0,0,0,0,0
04/06/2008 22:00,0,0,0,0,0,0,0
04/06/2008 23:00,0,0,0,0,0,0,0
05/06/2008 00:00,0,0,0,0,0,0,0
05/06/2008 01:00,0,0,0,0,0,0,0
05/06/2008 02:00,0,0,0,0,0,0,0
05/06/2008 03:00,0,0,0,0,0,0,0
05/06/2008 04:00,0.0035,0.00528,0.00487,0.00027,0.00692,0.00526,0.00329
05/06/2008 05:00,0.03786,0.03628,0.03556,0.03789,0.04348,0.03726,0.04027
05/06/2008 06:00,0.07006,0.05671,0.0377,0.02903,0.05297,0.04672,0.1136
05/06/2008 07:00,0.27887,0.27155,0.25895,0.26769,0.2652,0.24847,0.27658
05/06/2008 08:00,0.20423,0.1225,0.08001,0.09735,0.13831,0.12561,0.18332
05/06/2008 09:00,0.25038,0.13083,0.09461,0.10312,0.1732,0.15961,0.28646
05/06/2008 10:00,0.53308,0.5422,0.57202,0.57589,0.49064,0.49059,0.51853
05/06/2008 11:00,0.17855,0.11502,0.08612,0.16313,0.21017,0.18059,0.19341
05/06/2008 12:00,0.14558,0.11963,0.10636,0.13905,0.1733,0.18213,0.1558
05/06/2008 13:00,0.45916,0.46329,0.52539,0.48059,0.41777,0.4023,0.46837
05/06/2008 14:00,0.39274,0.38772,0.44669,0.42362,0.34341,0.32514,0.38981
05/06/2008 15:00,0.3143,0.3163,0.34487,0.32998,0.26915,0.26038,0.29891
05/06/2008 16:00,0.06388,0.05411,0.05068,0.05225,0.06591,0.05022,0.06783
05/06/2008 17:00,0.03627,0.02977,0.02114,0.02484,0.04218,0.0242,0.04019
05/06/2008 18:00,0.00652,0.01136,0.01259,0.00181,0.01086,0.0048,0.01065
05/06/2008 19:00,0,0,0,0,0,0,0
05/06/2008 20:00,0,0,0,0,0,0,0
05/06/2008 21:00,0,0,0,0,0,0,0
05/06/2008 22:00,0,0,0,0,0,0,0
05/06/2008 23:00,0,0,0,0,0,0,0
06/06/2008 00:00,0,0,0,0,0,0,0
06/06/2008 01:00,0,0,0,0,0,0,0
06/06/2008 02:00,0,0,0,0,0,0,0
06/06/2008 03:00,0,0,0,0,0,0,0
06/06/2008 04:00,0.00301,0.00223,0.00087,0.00165,0.00361,0.00088,0.00218
06/06/2008 05:00,0.01451,0.00877,0.00818,0.01336,0.02238,0.01009,0.01815
06/06/2008 06:00,0.04045,0.03308,0.02655,0.03041,0.07653,0.04421,0.06201
06/06/2008 07:00,0.07837,0.07256,0.05834,0.0581,0.12398,0.07843,0.11927
06/06/2008 08:00,0.10721,0.10229,0.07073,0.07274,0.15525,0.09943,0.16261
06/06/2008 09:00,0.49585,0.5101,0.50967,0.52202,0.47663,0.472,0.49349
06/06/2008 10:00,0.13027,0.10035,0.07399,0.06975,0.17973,0.10084,0.20513
06/06/2008 11:00,0.14017,0.11304,0.08214,0.07273,0.17827,0.11384,0.18309
06/06/2008 12:00,0.1352,0.11284,0.0775,0.07925,0.16086,0.11929,0.1892
06/06/2008 13:00,0.10163,0.09368,0.06677,0.06241,0.11704,0.08969,0.17195
06/06/2008 14:00,0.07325,0.07383,0.05815,0.06615,0.09332,0.07065,0.14414
06/06/2008 15:00,0.06625,0.05603,0.05854,0.06531,0.066,0.07543,0.098
06/06/2008 16:00,0.04545,0.04353,0.0418,0.05949,0.03589,0.05902,0.1011
06/06/2008 17:00,0.02346,0.02498,0.02919,0.0397,0.0185,0.03508,0.04882
06/06/2008 18:00,0.00442,0.00748,0.00829,0.00713,0.00499,0.00382,0.00569
06/06/2008 19:00,0,0,0,0,0,0,0
06/06/2008 20:00,0,0,0,0,0,0,0
06/06/2008 21:00,0,0,0,0,0,0,0
06/06/2008 22:00,0,0,0,0,0,0,0
06/06/2008 23:00,0,0,0,0,0,0,0
07/06/2008 00:00,0,0,0,0,0,0,0
07/06/2008 01:00,0,0,0,0,0,0,0
07/06/2008 02:00,0,0,0,0,0,0,0
07/06/2008 03:00,0,0,0,0,0,0,0
07/06/2008 04:00,0.00385,0.00568,0.00095,0.00067,0.00516,0.00579,0.00507
07/06/2008 05:00,0.03862,0.03617,0.03652,0.03988,0.04768,0.04014,0.04342
07/06/2008 06:00,0.05531,0.05583,0.02844,0.03194,0.07078,0.03606,0.074
07/06/2008 07:00,0.09415,0.08308,0.05328,0.06059,0.13266,0.08379,0.15122
07/06/2008 08:00,0.13202,0.10766,0.0866,0.07776,0.15323,0.13589,0.28295
07/06/2008 09:00,0.1544,0.13852,0.10012,0.09722,0.16962,0.1783,0.35157
07/06/2008 10:00,0.14543,0.12746,0.09507,0.09073,0.17175,0.12326,0.2894
07/06/2008 11:00,0.15865,0.13963,0.09111,0.10233,0.18086,0.1183,0.29268
07/06/2008 12:00,0.16483,0.15087,0.11093,0.09393,0.19236,0.12288,0.33866
07/06/2008 13:00,0.17261,0.11306,0.09314,0.10175,0.14433,0.10676,0.23303
07/06/2008 14:00,0.15948,0.11359,0.072,0.095,0.13062,0.08678,0.15459
07/06/2008 15:00,0.12725,0.09755,0.06913,0.09756,0.10482,0.08516,0.11999
07/06/2008 16:00,0.09401,0.07539,0.06148,0.08007,0.07306,0.06838,0.07144
07/06/2008 17:00,0.04418,0.04663,0.03835,0.03749,0.03808,0.04157,0.05345
07/06/2008 18:00,0.00802,0.0126,0.00945,0.01556,0.0105,0.01745,0.01805
07/06/2008 19:00,0,0,0,0,0,0,0
07/06/2008 20:00,0,0,0,0,0,0,0
07/06/2008 21:00,0,0,0,0,0,0,0
07/06/2008 22:00,0,0,0,0,0,0,0
07/06/2008 23:00,0,0,0,0,0,0,0
08/06/2008 00:00,0,0,0,0,0,0,0
08/06/2008 01:00,0,0,0,0,0,0,0
08/06/2008 02:00,0,0,0,0,0,0,0
08/06/2008 03:00,0,0,0,0,0,0,0
08/06/2008 04:00,0.00514,0.00647,0.00341,0.00414,0.00652,0.00749,0.003
08/06/2008 05:00,0.04277,0.02554,0.01748,0.02845,0.04079,0.03498,0.04345
08/06/2008 06:00,0.12757,0.0887,0.04634,0.13019,0.12205,0.10512,0.12009
08/06/2008 07:00,0.22614,0.16126,0.13742,0.23123,0.2395,0.2152,0.26691
08/06/2008 08:00,0.32571,0.23395,0.17681,0.27008,0.33822,0.33526,0.26144
08/06/2008 09:00,0.39101,0.29706,0.30458,0.34574,0.4029,0.41681,0.3032
08/06/2008 10:00,0.41445,0.3403,0.3044,0.43937,0.39804,0.41493,0.35586
08/06/2008 11:00,0.44815,0.34809,0.49476,0.56945,0.42074,0.36395,0.43696
08/06/2008 12:00,0.39281,0.33881,0.56727,0.6229,0.41346,0.30603,0.43004
08/06/2008 13:00,0.29772,0.31572,0.57471,0.59428,0.35928,0.26179,0.31842
08/06/2008 14:00,0.25794,0.31211,0.49202,0.44072,0.29255,0.22992,0.25984
08/06/2008 15:00,0.23645,0.27418,0.3508,0.29394,0.20217,0.18971,0.15082
08/06/2008 16:00,0.1438,0.16489,0.12017,0.10382,0.12397,0.10576,0.07307
08/06/2008 17:00,0.0768,0.08082,0.06945,0.02373,0.05083,0.06562,0.04338
08/06/2008 18:00,0.02199,0.0233,0.02023,0.00745,0.01332,0.01917,0.00992
08/06/2008 19:00,0,0,0,0,0,0,0
08/06/2008 20:00,0,0,0,0,0,0,0
08/06/2008 21:00,0,0,0,0,0,0,0
08/06/2008 22:00,0,0,0,0,0,0,0
08/06/2008 23:00,0,0,0,0,0,0,0
09/06/2008 00:00,0,0,0,0,0,0,0
09/06/2008 01:00,0,0,0,0,0,0,0
09/06/2008 02:00,0,0,0,0,0,0,0
09/06/2008 03:00,0,0,0,0,0,0,0
09/06/2008 04:00,0.00566,0.00699,0.00717,0.00948,0.00998,0.00999,0.00538
09/06/2008 05:00,0.0477,0.04936,0.05973,0.06328,0.05476,0.05411,0.04558
09/06/2008 06:00,0.13841,0.13979,0.14286,0.14737,0.14733,0.14018,0.13534
09/06/2008 07:00,0.26482,0.28494,0.38745,0.38922,0.29601,0.32418,0.24339
09/06/2008 08:00,0.39615,0.41503,0.43222,0.40597,0.3682,0.3918,0.35955
09/06/2008 09:00,0.4911,0.61617,0.71686,0.67299,0.45768,0.61151,0.45683
09/06/2008 10:00,0.47538,0.64241,0.77503,0.78633,0.50091,0.64098,0.44247
09/06/2008 11:00,0.44114,0.62608,0.77328,0.76681,0.46749,0.57381,0.41134
09/06/2008 12:00,0.40761,0.55541,0.70614,0.70534,0.40837,0.3912,0.2961
09/06/2008 13:00,0.36453,0.41366,0.68416,0.62715,0.27721,0.22935,0.27401
09/06/2008 14:00,0.34255,0.30543,0.58075,0.53277,0.21824,0.14101,0.21811
09/06/2008 15:00,0.28003,0.25618,0.34578,0.27113,0.19564,0.17216,0.12212
09/06/2008 16:00,0.1511,0.17051,0.21809,0.09243,0.12179,0.11739,0.07947
09/06/2008 17:00,0.07929,0.08354,0.09571,0.02431,0.06717,0.07682,0.03042
09/06/2008 18:00,0.02324,0.02923,0.02858,0.02377,0.01554,0.02877,0.00808
09/06/2008 19:00,0,0,0,0,0,0,0
09/06/2008 20:00,0,0,0,0,0,0,0
09/06/2008 21:00,0,0,0,0,0,0,0
09/06/2008 22:00,0,0,0,0,0,0,0
09/06/2008 23:00,0,0,0,0,0,0,0
10/06/2008 00:00,0,0,0,0,0,0,0
10/06/2008 01:00,0,0,0,0,0,0,0
10/06/2008 02:00,0,0,0,0,0,0,0
10/06/2008 03:00,0,0,0,0,0,0,0
10/06/2008 04:00,0.00658,0.00872,0.01165,0.01363,0.01282,0.01179,0.00744
10/06/2008 05:00,0.03757,0.03704,0.03763,0.03827,0.04283,0.03794,0.04045
10/06/2008 06:00,0.13927,0.13467,0.1391,0.13782,0.14092,0.13247,0.14133
10/06/2008 07:00,0.28001,0.28032,0.27809,0.26845,0.26416,0.25416,0.27035
10/06/2008 08:00,0.40991,0.4142,0.42699,0.40244,0.37064,0.37863,0.38892
10/06/2008 09:00,0.51951,0.51512,0.5408,0.52842,0.46856,0.489,0.48567
10/06/2008 10:00,0.42007,0.55747,0.73859,0.75923,0.55324,0.59529,0.56332
10/06/2008 11:00,0.56864,0.55765,0.5888,0.61022,0.49389,0.51288,0.54466
10/06/2008 12:00,0.55164,0.55318,0.59673,0.60799,0.47764,0.49639,0.5022
10/06/2008 13:00,0.39607,0.43539,0.62258,0.6768,0.37285,0.44657,0.34738
10/06/2008 14:00,0.41473,0.42379,0.48487,0.47357,0.36188,0.37097,0.39399
10/06/2008 15:00,0.31775,0.32529,0.36646,0.34609,0.26575,0.27816,0.30805
10/06/2008 16:00,0.19774,0.20612,0.22864,0.20888,0.1648,0.17632,0.19897
10/06/2008 17:00,0.08642,0.08924,0.09566,0.08868,0.07543,0.07978,0.08177
10/06/2008 18:00,0.02469,0.02593,0.02746,0.02474,0.02047,0.02181,0.0221
10/06/2008 19:00,0,0,0,0,0,0,0
10/06/2008 20:00,0,0,0,0,0,0,0
10/06/2008 21:00,0,0,0,0,0,0,0
10/06/2008 22:00,0,0,0,0,0,0,0
10/06/2008 23:00,0,0,0,0,0,0,0
11/06/2008 00:00,0,0,0,0,0,0,0
11/06/2008 01:00,0,0,0,0,0,0,0
11/06/2008 02:00,0,0,0,0,0,0,0
11/06/2008 03:00,0,0,0,0,0,0,0
11/06/2008 04:00,0.00538,0.00614,0.00791,0.0078,0.00843,0.00831,0.00957
11/06/2008 05:00,0.04103,0.0361,0.03603,0.01349,0.04315,0.02415,0.05378
11/06/2008 06:00,0.12062,0.10623,0.07358,0.03736,0.11838,0.09156,0.19805
11/06/2008 07:00,0.23579,0.19229,0.10536,0.08787,0.21285,0.13465,0.34528
11/06/2008 08:00,0.42053,0.40664,0.41728,0.41206,0.38732,0.39021,0.42165
11/06/2008 09:00,0.53034,0.50905,0.53229,0.52858,0.48758,0.50596,0.52255
11/06/2008 10:00,0.35626,0.26164,0.2036,0.16507,0.21634,0.16887,0.43354
11/06/2008 11:00,0.39454,0.23281,0.2874,0.26908,0.24543,0.2222,0.36224
11/06/2008 12:00,0.31597,0.23437,0.37996,0.28919,0.23041,0.22118,0.19236
11/06/2008 13:00,0.29652,0.23258,0.27737,0.31131,0.22328,0.18918,0.33817
11/06/2008 14:00,0.30032,0.17369,0.21652,0.23237,0.18123,0.10627,0.2883
11/06/2008 15:00,0.23362,0.22746,0.27245,0.25687,0.12975,0.09151,0.23302
11/06/2008 16:00,0.16948,0.19944,0.24546,0.21057,0.10358,0.10371,0.20211
11/06/2008 17:00,0.09008,0.09392,0.10523,0.09682,0.05862,0.06738,0.09703
11/06/2008 18:00,0.02611,0.02663,0.02762,0.02964,0.01473,0.02102,0.02894
11/06/2008 19:00,0,0,0,0,0,0,0
11/06/2008 20:00,0,0,0,0,0,0,0
11/06/2008 21:00,0,0,0,0,0,0,0
11/06/2008 22:00,0,0,0,0,0,0,0
11/06/2008 23:00,0,0,0,0,0,0,0
12/06/2008 00:00,0,0,0,0,0,0,0
12/06/2008 01:00,0,0,0,0,0,0,0
12/06/2008 02:00,0,0,0,0,0,0,0
12/06/2008 03:00,0,0,0,0,0,0,0
12/06/2008 04:00,0.00538,0.00515,0.0045,0.00342,0.00697,0.00615,0.00985
12/06/2008 05:00,0.04782,0.0487,0.05046,0.03943,0.03938,0.0509,0.04372
12/06/2008 06:00,0.16704,0.14608,0.11852,0.11034,0.12741,0.14638,0.21171
12/06/2008 07:00,0.32268,0.25953,0.21887,0.17956,0.26561,0.27414,0.41635
12/06/2008 08:00,0.47766,0.36321,0.31634,0.34382,0.38164,0.39766,0.57526
12/06/2008 09:00,0.58623,0.46573,0.35073,0.44316,0.49048,0.49968,0.70617
12/06/2008 10:00,0.6477,0.4966,0.41919,0.48709,0.54315,0.4859,0.76156
12/06/2008 11:00,0.5925,0.56037,0.58724,0.60858,0.52573,0.51975,0.59436
12/06/2008 12:00,0.59303,0.56416,0.61073,0.60119,0.52144,0.52499,0.55156
12/06/2008 13:00,0.53612,0.51566,0.57355,0.56244,0.4651,0.46765,0.49845
12/06/2008 14:00,0.45942,0.43817,0.48824,0.4879,0.39232,0.38047,0.43288
12/06/2008 15:00,0.34394,0.30797,0.40471,0.37259,0.30944,0.16189,0.19714
12/06/2008 16:00,0.22197,0.22148,0.29548,0.23691,0.19973,0.10626,0.1721
12/06/2008 17:00,0.09723,0.09991,0.10322,0.09363,0.08154,0.08,0.08915
12/06/2008 18:00,0.02483,0.02844,0.03567,0.02501,0.02084,0.02017,0.01944
12/06/2008 19:00,0,0,0,0,0,0,0
12/06/2008 20:00,0,0,0,0,0,0,0
12/06/2008 21:00,0,0,0,0,0,0,0
12/06/2008 22:00,0,0,0,0,0,0,0
12/06/2008 23:00,0,0,0,0,0,0,0
13/06/2008 00:00,0,0,0,0,0,0,0
13/06/2008 01:00,0,0,0,0,0,0,0
13/06/2008 02:00,0,0,0,0,0,0,0
13/06/2008 03:00,0,0,0,0,0,0,0
13/06/2008 04:00,0.00364,0.00409,0.00528,0.00713,0.00733,0.0057,0.00649
13/06/2008 05:00,0.04002,0.03955,0.04097,0.04275,0.04476,0.04243,0.04246
13/06/2008 06:00,0.15044,0.14744,0.1497,0.15088,0.15613,0.14977,0.1621
13/06/2008 07:00,0.29624,0.29189,0.30547,0.2963,0.29448,0.29495,0.31323
13/06/2008 08:00,0.4293,0.42038,0.43425,0.43921,0.4194,0.41345,0.43642
13/06/2008 09:00,0.52505,0.51313,0.53723,0.53314,0.49807,0.50053,0.53681
13/06/2008 10:00,0.56871,0.55607,0.59632,0.60472,0.52638,0.53622,0.58908
13/06/2008 11:00,0.60078,0.58882,0.63207,0.63832,0.55373,0.56341,0.60963
13/06/2008 12:00,0.59042,0.56905,0.62617,0.63046,0.55359,0.55539,0.57367
13/06/2008 13:00,0.52364,0.51652,0.56515,0.58248,0.49183,0.47387,0.50408
13/06/2008 14:00,0.53069,0.35825,0.33884,0.43761,0.40883,0.25133,0.68438
13/06/2008 15:00,0.40855,0.29023,0.34891,0.2789,0.35443,0.2286,0.52295
13/06/2008 16:00,0.21701,0.20541,0.22578,0.22302,0.19973,0.17732,0.20033
13/06/2008 17:00,0.10018,0.09442,0.09495,0.08889,0.08302,0.07995,0.08781
13/06/2008 18:00,0.02888,0.02783,0.02684,0.02466,0.02322,0.02376,0.02483
13/06/2008 19:00,0,0,0,0,0,0,0
13/06/2008 20:00,0,0,0,0,0,0,0
13/06/2008 21:00,0,0,0,0,0,0,0
13/06/2008 22:00,0,0,0,0,0,0,0
13/06/2008 23:00,0,0,0,0,0,0,0
14/06/2008 00:00,0,0,0,0,0,0,0
14/06/2008 01:00,0,0,0,0,0,0,0
14/06/2008 02:00,0,0,0,0,0,0,0
14/06/2008 03:00,0,0,0,0,0,0,0
14/06/2008 04:00,0.00659,0.00486,0.00165,0.00901,0.00682,0.00884,0.00498
14/06/2008 05:00,0.03764,0.03859,0.04054,0.0434,0.0427,0.04094,0.03997
14/06/2008 06:00,0.14984,0.13025,0.10389,0.11046,0.11324,0.1003,0.18018
14/06/2008 07:00,0.27262,0.23612,0.21978,0.16424,0.1624,0.19663,0.27063
14/06/2008 08:00,0.41364,0.36695,0.35484,0.31615,0.23909,0.30327,0.33859
14/06/2008 09:00,0.53121,0.46169,0.5997,0.50786,0.31352,0.37035,0.42525
14/06/2008 10:00,0.54594,0.40442,0.63169,0.69699,0.31263,0.36479,0.47989
14/06/2008 11:00,0.53988,0.38927,0.55728,0.58174,0.30243,0.29913,0.43218
14/06/2008 12:00,0.44585,0.32668,0.53745,0.37697,0.26251,0.25932,0.42464
14/06/2008 13:00,0.36836,0.24916,0.39276,0.3418,0.19457,0.17441,0.35438
14/06/2008 14:00,0.33631,0.24476,0.38346,0.27513,0.19991,0.16566,0.33225
14/06/2008 15:00,0.26947,0.20327,0.29343,0.17858,0.22177,0.13186,0.28834
14/06/2008 16:00,0.18031,0.16196,0.19727,0.14382,0.15675,0.08295,0.17843
14/06/2008 17:00,0.09645,0.08489,0.11286,0.08024,0.07711,0.05016,0.08792
14/06/2008 18:00,0.02998,0.02434,0.02654,0.0175,0.02121,0.01082,0.0262
14/06/2008 19:00,0,0,0,0,0,0,0
14/06/2008 20:00,0,0,0,0,0,0,0
14/06/2008 21:00,0,0,0,0,0,0,0
14/06/2008 22:00,0,0,0,0,0,0,0
14/06/2008 23:00,0,0,0,0,0,0,0
15/06/2008 00:00,0,0,0,0,0,0,0
15/06/2008 01:00,0,0,0,0,0,0,0
15/06/2008 02:00,0,0,0,0,0,0,0
15/06/2008 03:00,0,0,0,0,0,0,0
15/06/2008 04:00,0.00354,0.00574,0.00312,0.00353,0.00846,0.00559,0.00333
15/06/2008 05:00,0.01886,0.034,0.04821,0.06271,0.04977,0.04731,0.02491
15/06/2008 06:00,0.0615,0.07554,0.09756,0.10605,0.10172,0.06962,0.04066
15/06/2008 07:00,0.0952,0.101,0.09775,0.14934,0.155,0.09829,0.05471
15/06/2008 08:00,0.18028,0.14299,0.14455,0.13326,0.11922,0.10521,0.06053
15/06/2008 09:00,0.18767,0.16948,0.11682,0.14408,0.13145,0.11939,0.08297
15/06/2008 10:00,0.12543,0.17613,0.14102,0.12148,0.1405,0.11964,0.07923
15/06/2008 11:00,0.14772,0.13715,0.2428,0.14644,0.15648,0.11964,0.07321
15/06/2008 12:00,0.16339,0.13044,0.21403,0.24934,0.15282,0.18637,0.08799
15/06/2008 13:00,0.21736,0.12713,0.10777,0.20266,0.14798,0.1683,0.08348
15/06/2008 14:00,0.17731,0.13725,0.10248,0.11826,0.15445,0.15333,0.09352
15/06/2008 15:00,0.15862,0.13137,0.09043,0.12451,0.13045,0.12754,0.08274
15/06/2008 16:00,0.09857,0.08226,0.05734,0.07174,0.10025,0.10103,0.07281
15/06/2008 17:00,0.05677,0.05492,0.04103,0.03436,0.05381,0.04795,0.04434
15/06/2008 18:00,0.01848,0.02087,0.0204,0.02217,0.01478,0.0246,0.01748
15/06/2008 19:00,0,0,0,0,0,0,0
15/06/2008 20:00,0,0,0,0,0,0,0
15/06/2008 21:00,0,0,0,0,0,0,0
15/06/2008 22:00,0,0,0,0,0,0,0
15/06/2008 23:00,0,0,0,0,0,0,0
16/06/2008 00:00,0,0,0,0,0,0,0
16/06/2008 01:00,0,0,0,0,0,0,0
16/06/2008 02:00,0,0,0,0,0,0,0
16/06/2008 03:00,0,0,0,0,0,0,0
16/06/2008 04:00,0.00253,0.00373,0.00091,0.00562,0.00501,0.00817,0.0035
16/06/2008 05:00,0.01971,0.01745,0.01652,0.01507,0.01401,0.01209,0.00775
16/06/2008 06:00,0.0433,0.05594,0.04256,0.04305,0.03734,0.04377,0.02115
16/06/2008 07:00,0.07485,0.09403,0.13599,0.09996,0.0744,0.11298,0.05881
16/06/2008 08:00,0.13095,0.12354,0.16908,0.18415,0.16032,0.15896,0.08116
16/06/2008 09:00,0.14514,0.14748,0.16889,0.18622,0.21333,0.19846,0.10123
16/06/2008 10:00,0.11361,0.11729,0.28337,0.23948,0.24492,0.18391,0.08831
16/06/2008 11:00,0.12286,0.13996,0.15924,0.17069,0.23216,0.1208,0.10473
16/06/2008 12:00,0.13405,0.14523,0.18081,0.16791,0.18145,0.18105,0.08745
16/06/2008 13:00,0.13363,0.12227,0.15045,0.11267,0.12918,0.15347,0.0875
16/06/2008 14:00,0.10273,0.11189,0.10612,0.09343,0.1112,0.11982,0.06615
16/06/2008 15:00,0.0747,0.08636,0.10824,0.07246,0.08858,0.08753,0.05984
16/06/2008 16:00,0.04577,0.04966,0.05809,0.08223,0.05904,0.0636,0.05469
16/06/2008 17:00,0.02228,0.02615,0.0221,0.02932,0.03388,0.03099,0.0221
16/06/2008 18:00,0.00709,0.00694,0.0065,0.00569,0.00863,0.0077,0.0076
16/06/2008 19:00,0,0,0,0,0,0,0
16/06/2008 20:00,0,0,0,0,0,0,0
16/06/2008 21:00,0,0,0,0,0,0,0
16/06/2008 22:00,0,0,0,0,0,0,0
16/06/2008 23:00,0,0,0,0,0,0,0
17/06/2008 00:00,0,0,0,0,0,0,0
17/06/2008 01:00,0,0,0,0,0,0,0
17/06/2008 02:00,0,0,0,0,0,0,0
17/06/2008 03:00,0,0,0,0,0,0,0
17/06/2008 04:00,0.00539,0.00219,0.00145,0.00428,0.00528,0.00285,0.00628
17/06/2008 05:00,0.01574,0.01383,0.0089,0.00892,0.02017,0.01633,0.01809
17/06/2008 06:00,0.03531,0.03562,0.02676,0.03677,0.04304,0.04887,0.03391
17/06/2008 07:00,0.29349,0.29887,0.29278,0.29826,0.29356,0.28327,0.27852
17/06/2008 08:00,0.14829,0.14162,0.08511,0.08251,0.09873,0.09312,0.06925
17/06/2008 09:00,0.20491,0.19322,0.16126,0.12671,0.0875,0.1372,0.08509
17/06/2008 10:00,0.21686,0.17483,0.21856,0.16314,0.09359,0.15453,0.09306
17/06/2008 11:00,0.24209,0.18976,0.30419,0.15281,0.10752,0.13945,0.09121
17/06/2008 12:00,0.26979,0.23518,0.28486,0.29169,0.12241,0.14618,0.08065
17/06/2008 13:00,0.28918,0.27243,0.25599,0.33645,0.11833,0.14293,0.10265
17/06/2008 14:00,0.27112,0.28848,0.25109,0.33533,0.14198,0.16546,0.13406
17/06/2008 15:00,0.17928,0.19814,0.18686,0.30401,0.18895,0.16472,0.14136
17/06/2008 16:00,0.08492,0.12177,0.11298,0.16429,0.12747,0.11806,0.12485
17/06/2008 17:00,0.03983,0.06737,0.07888,0.10569,0.06629,0.07526,0.07128
17/06/2008 18:00,0.01471,0.02212,0.02273,0.02249,0.01251,0.01745,0.01748
17/06/2008 19:00,0,0,0,0,0,0,0
17/06/2008 20:00,0,0,0,0,0,0,0
17/06/2008 21:00,0,0,0,0,0,0,0
17/06/2008 22:00,0,0,0,0,0,0,0
17/06/2008 23:00,0,0,0,0,0,0,0
18/06/2008 00:00,0,0,0,0,0,0,0
18/06/2008 01:00,0,0,0,0,0,0,0
18/06/2008 02:00,0,0,0,0,0,0,0
18/06/2008 03:00,0,0,0,0,0,0,0
18/06/2008 04:00,0.00491,0.0053,0.00227,0.00164,0.00537,0.00389,0.01089
18/06/2008 05:00,0.04153,0.03893,0.04084,0.02084,0.03568,0.0236,0.04052
18/06/2008 06:00,0.14942,0.15462,0.15054,0.10394,0.12094,0.08934,0.20617
18/06/2008 07:00,0.30474,0.31237,0.2665,0.19099,0.22135,0.20678,0.41442
18/06/2008 08:00,0.43279,0.42336,0.37378,0.25385,0.31041,0.3224,0.59258
18/06/2008 09:00,0.53846,0.50946,0.52326,0.33801,0.38106,0.29636,0.72448
18/06/2008 10:00,0.59741,0.543,0.63642,0.48259,0.43085,0.31505,0.78212
18/06/2008 11:00,0.58596,0.60775,0.62557,0.66728,0.57626,0.57295,0.54148
18/06/2008 12:00,0.5541,0.59449,0.62135,0.64584,0.57635,0.5763,0.52007
18/06/2008 13:00,0.4904,0.5218,0.55551,0.56858,0.51161,0.50035,0.48324
18/06/2008 14:00,0.56154,0.49258,0.55976,0.60902,0.52287,0.54746,0.51696
18/06/2008 15:00,0.4525,0.42139,0.46532,0.4657,0.41096,0.42417,0.38601
18/06/2008 16:00,0.2951,0.28442,0.30493,0.30648,0.26549,0.27527,0.2514
18/06/2008 17:00,0.12754,0.12562,0.12787,0.12001,0.10728,0.11547,0.11267
18/06/2008 18:00,0.03366,0.03764,0.03498,0.0336,0.03027,0.03356,0.03043
18/06/2008 19:00,0,0,0,0,0,0,0
18/06/2008 20:00,0,0,0,0,0,0,0
18/06/2008 21:00,0,0,0,0,0,0,0
18/06/2008 22:00,0,0,0,0,0,0,0
18/06/2008 23:00,0,0,0,0,0,0,0
19/06/2008 00:00,0,0,0,0,0,0,0
19/06/2008 01:00,0,0,0,0,0,0,0
19/06/2008 02:00,0,0,0,0,0,0,0
19/06/2008 03:00,0,0,0,0,0,0,0
19/06/2008 04:00,0.00645,0.0087,0.01171,0.0125,0.01118,0.00958,0.00366
19/06/2008 05:00,0.04113,0.04137,0.04314,0.05009,0.05778,0.04837,0.06158
19/06/2008 06:00,0.17918,0.18463,0.17361,0.20212,0.20804,0.1893,0.18646
19/06/2008 07:00,0.28725,0.28291,0.27035,0.27622,0.29317,0.27075,0.30226
19/06/2008 08:00,0.50367,0.53878,0.56153,0.56576,0.4983,0.5163,0.47608
19/06/2008 09:00,0.62996,0.66432,0.67723,0.68797,0.65324,0.63312,0.57525
19/06/2008 10:00,0.55962,0.55329,0.56577,0.57925,0.558,0.52755,0.58949
19/06/2008 11:00,0.59469,0.59101,0.58368,0.64289,0.6044,0.55859,0.60244
19/06/2008 12:00,0.7754,0.78828,0.79752,0.78911,0.76306,0.75196,0.74671
19/06/2008 13:00,0.6962,0.70161,0.71202,0.73797,0.6963,0.69107,0.7218
19/06/2008 14:00,0.59785,0.55379,0.60299,0.60516,0.55175,0.53928,0.58453
19/06/2008 15:00,0.32068,0.30699,0.34915,0.34323,0.29857,0.29464,0.37787
19/06/2008 16:00,0.26244,0.24862,0.2502,0.26447,0.21551,0.21339,0.19915
19/06/2008 17:00,0.09885,0.09445,0.09195,0.08861,0.08435,0.07977,0.09751
19/06/2008 18:00,0.03093,0.03097,0.03909,0.03749,0.02357,0.03549,0.03005
19/06/2008 19:00,0,0,0,0,0,0,0
19/06/2008 20:00,0,0,0,0,0,0,0
19/06/2008 21:00,0,0,0,0,0,0,0
19/06/2008 22:00,0,0,0,0,0,0,0
19/06/2008 23:00,0,0,0,0,0,0,0
20/06/2008 00:00,0,0,0,0,0,0,0
20/06/2008 01:00,0,0,0,0,0,0,0
20/06/2008 02:00,0,0,0,0,0,0,0
20/06/2008 03:00,0,0,0,0,0,0,0
20/06/2008 04:00,0.00663,0.0071,0.00263,0.00629,0.01125,0.00935,0.01073
20/06/2008 05:00,0.04081,0.0385,0.0271,0.0344,0.05971,0.04615,0.04619
20/06/2008 06:00,0.17739,0.14479,0.06579,0.10245,0.20215,0.17496,0.20134
20/06/2008 07:00,0.28787,0.27549,0.27392,0.27042,0.29265,0.26459,0.31467
20/06/2008 08:00,0.54125,0.53755,0.54739,0.53378,0.5052,0.55191,0.55454
20/06/2008 09:00,0.66507,0.64002,0.66252,0.70738,0.65636,0.6771,0.68736
20/06/2008 10:00,0.56604,0.53399,0.54785,0.55572,0.53681,0.50459,0.5997
20/06/2008 11:00,0.77984,0.76943,0.77068,0.82621,0.73551,0.75429,0.79024
20/06/2008 12:00,0.77514,0.75629,0.75481,0.81031,0.71346,0.77007,0.77678
20/06/2008 13:00,0.49018,0.4901,0.50737,0.47064,0.47728,0.44815,0.5549
20/06/2008 14:00,0.41419,0.41782,0.44476,0.4265,0.39999,0.37895,0.48143
20/06/2008 15:00,0.30088,0.30857,0.3436,0.32736,0.30661,0.28981,0.37057
20/06/2008 16:00,0.29958,0.29929,0.30969,0.28836,0.25702,0.22264,0.29787
20/06/2008 17:00,0.12741,0.12436,0.12844,0.12122,0.10758,0.09275,0.11366
20/06/2008 18:00,0.03218,0.0325,0.03182,0.03447,0.02939,0.03077,0.0313
20/06/2008 19:00,0,0,0,0,0,0,0
20/06/2008 20:00,0,0,0,0,0,0,0
20/06/2008 21:00,0,0,0,0,0,0,0
20/06/2008 22:00,0,0,0,0,0,0,0
20/06/2008 23:00,0,0,0,0,0,0,0
21/06/2008 00:00,0,0,0,0,0,0,0
21/06/2008 01:00,0,0,0,0,0,0,0
21/06/2008 02:00,0,0,0,0,0,0,0
21/06/2008 03:00,0,0,0,0,0,0,0
21/06/2008 04:00,0.00654,0.00847,0.01132,0.0128,0.01411,0.01128,0.00672
21/06/2008 05:00,0.03521,0.03774,0.03862,0.04096,0.05371,0.04039,0.05842
21/06/2008 06:00,0.17912,0.18416,0.19299,0.20237,0.20875,0.19711,0.17092
21/06/2008 07:00,0.37224,0.38007,0.39183,0.40243,0.39339,0.39206,0.33748
21/06/2008 08:00,0.41243,0.39237,0.38546,0.36446,0.39949,0.35841,0.43482
21/06/2008 09:00,0.50199,0.4712,0.4758,0.47159,0.47205,0.43164,0.53205
21/06/2008 10:00,0.7309,0.7354,0.76084,0.77092,0.7314,0.74555,0.67907
21/06/2008 11:00,0.76755,0.76519,0.79221,0.80155,0.73803,0.77681,0.68303
21/06/2008 12:00,0.7618,0.75824,0.79257,0.79333,0.70584,0.75288,0.67913
21/06/2008 13:00,0.49067,0.45633,0.48001,0.44343,0.40595,0.38963,0.52661
21/06/2008 14:00,0.60518,0.59825,0.63373,0.63855,0.55374,0.59611,0.53433
21/06/2008 15:00,0.47503,0.46722,0.49127,0.48842,0.42755,0.44923,0.40654
21/06/2008 16:00,0.30726,0.3097,0.31447,0.30743,0.26931,0.2775,0.26338
21/06/2008 17:00,0.12789,0.1296,0.12542,0.11837,0.10627,0.11883,0.11227
21/06/2008 18:00,0.02882,0.0278,0.02525,0.02216,0.02218,0.02074,0.02562
21/06/2008 19:00,0,0,0,0,0,0,0
21/06/2008 20:00,0,0,0,0,0,0,0
21/06/2008 21:00,0,0,0,0,0,0,0
21/06/2008 22:00,0,0,0,0,0,0,0
21/06/2008 23:00,0,0,0,0,0,0,0
22/06/2008 00:00,0,0,0,0,0,0,0
22/06/2008 01:00,0,0,0,0,0,0,0
22/06/2008 02:00,0,0,0,0,0,0,0
22/06/2008 03:00,0,0,0,0,0,0,0
22/06/2008 04:00,0.00655,0.00834,0.01068,0.01222,0.01335,0.01066,0.00367
22/06/2008 05:00,0.0336,0.03115,0.03397,0.03676,0.05181,0.03665,0.05572
22/06/2008 06:00,0.17736,0.18282,0.19157,0.20113,0.20644,0.19569,0.16561
22/06/2008 07:00,0.29155,0.26806,0.27846,0.26481,0.29163,0.25225,0.31291
22/06/2008 08:00,0.42305,0.38769,0.38584,0.36862,0.40579,0.3449,0.45495
22/06/2008 09:00,0.51338,0.47101,0.46883,0.47392,0.4766,0.42643,0.54246
22/06/2008 10:00,0.57705,0.51466,0.52827,0.51811,0.51868,0.47026,0.59495
22/06/2008 11:00,0.59308,0.52844,0.54342,0.52503,0.52445,0.46385,0.61932
22/06/2008 12:00,0.58137,0.5225,0.53552,0.52362,0.49704,0.42866,0.58941
22/06/2008 13:00,0.63262,0.67191,0.73585,0.69817,0.51914,0.61117,0.50712
22/06/2008 14:00,0.52608,0.57562,0.64319,0.63692,0.47692,0.5588,0.41975
22/06/2008 15:00,0.41766,0.45094,0.49454,0.48841,0.41184,0.46866,0.32026
22/06/2008 16:00,0.26896,0.28494,0.31212,0.30581,0.25804,0.27743,0.18678
22/06/2008 17:00,0.11872,0.12475,0.10016,0.11818,0.1036,0.11252,0.08578
22/06/2008 18:00,0.03129,0.02912,0.02735,0.0236,0.02323,0.02252,0.02766
22/06/2008 19:00,0,0,0,0,0,0,0
22/06/2008 20:00,0,0,0,0,0,0,0
22/06/2008 21:00,0,0,0,0,0,0,0
22/06/2008 22:00,0,0,0,0,0,0,0
22/06/2008 23:00,0,0,0,0,0,0,0
23/06/2008 00:00,0,0,0,0,0,0,0
23/06/2008 01:00,0,0,0,0,0,0,0
23/06/2008 02:00,0,0,0,0,0,0,0
23/06/2008 03:00,0,0,0,0,0,0,0
23/06/2008 04:00,0.00614,0.00789,0.01047,0.00954,0.01146,0.0108,0.00878
23/06/2008 05:00,0.03698,0.04119,0.04928,0.05004,0.05428,0.04558,0.05398
23/06/2008 06:00,0.17658,0.18063,0.18801,0.19709,0.20721,0.19318,0.19465
23/06/2008 07:00,0.37142,0.37572,0.38248,0.39274,0.40345,0.38835,0.3878
23/06/2008 08:00,0.53455,0.54471,0.55663,0.56291,0.56987,0.5573,0.55543
23/06/2008 09:00,0.65403,0.67398,0.68562,0.69038,0.68206,0.68025,0.67499
23/06/2008 10:00,0.71296,0.75364,0.76631,0.77121,0.72422,0.74935,0.72311
23/06/2008 11:00,0.69755,0.76376,0.7964,0.80257,0.70962,0.71616,0.6892
23/06/2008 12:00,0.6654,0.72286,0.7843,0.79221,0.67015,0.63178,0.66677
23/06/2008 13:00,0.6232,0.63392,0.72462,0.74009,0.60627,0.5963,0.59373
23/06/2008 14:00,0.55578,0.55681,0.61282,0.63739,0.54482,0.46759,0.50169
23/06/2008 15:00,0.35935,0.32774,0.33245,0.31701,0.28222,0.26438,0.33239
23/06/2008 16:00,0.22615,0.19854,0.20725,0.19937,0.17203,0.16696,0.21475
23/06/2008 17:00,0.1271,0.12697,0.1284,0.12233,0.09259,0.10652,0.11644
23/06/2008 18:00,0.03369,0.03425,0.03869,0.0354,0.02795,0.02464,0.03344
23/06/2008 19:00,0,0,0,0,0,0,0
23/06/2008 20:00,0,0,0,0,0,0,0
23/06/2008 21:00,0,0,0,0,0,0,0
23/06/2008 22:00,0,0,0,0,0,0,0
23/06/2008 23:00,0,0,0,0,0,0,0
24/06/2008 00:00,0,0,0,0,0,0,0
24/06/2008 01:00,0,0,0,0,0,0,0
24/06/2008 02:00,0,0,0,0,0,0,0
24/06/2008 03:00,0,0,0,0,0,0,0
24/06/2008 04:00,0.00416,0.00399,0.00574,0.0046,0.0097,0.00598,0.00561
24/06/2008 05:00,0.04539,0.0308,0.02905,0.03352,0.05649,0.0546,0.05406
24/06/2008 06:00,0.14603,0.0986,0.03607,0.04328,0.16004,0.07903,0.14818
24/06/2008 07:00,0.30537,0.20165,0.22931,0.19674,0.25207,0.20429,0.29214
24/06/2008 08:00,0.48686,0.31636,0.32688,0.40381,0.48672,0.39033,0.44662
24/06/2008 09:00,0.60799,0.60861,0.53504,0.58076,0.6028,0.56094,0.59016
24/06/2008 10:00,0.63703,0.5983,0.56159,0.69616,0.69697,0.71997,0.68468
24/06/2008 11:00,0.71418,0.72555,0.5804,0.40549,0.73421,0.72311,0.7451
24/06/2008 12:00,0.683,0.75468,0.68673,0.67476,0.71213,0.71103,0.55864
24/06/2008 13:00,0.45486,0.60776,0.681,0.62124,0.60296,0.61177,0.59449
24/06/2008 14:00,0.36817,0.37119,0.57557,0.61029,0.5028,0.49078,0.51305
24/06/2008 15:00,0.29226,0.32856,0.29355,0.39042,0.3457,0.27892,0.37909
24/06/2008 16:00,0.19662,0.18411,0.28045,0.23094,0.18086,0.26759,0.19342
24/06/2008 17:00,0.11131,0.10467,0.12642,0.1233,0.07439,0.0802,0.07715
24/06/2008 18:00,0.03503,0.03503,0.02062,0.03707,0.02063,0.03,0.02246
24/06/2008 19:00,0,0,0,0,0,0,0
24/06/2008 20:00,0,0,0,0,0,0,0
24/06/2008 21:00,0,0,0,0,0,0,0
24/06/2008 22:00,0,0,0,0,0,0,0
24/06/2008 23:00,0,0,0,0,0,0,0
25/06/2008 00:00,0,0,0,0,0,0,0
25/06/2008 01:00,0,0,0,0,0,0,0
25/06/2008 02:00,0,0,0,0,0,0,0
25/06/2008 03:00,0,0,0,0,0,0,0
25/06/2008 04:00,0.0045,0.00638,0.00931,0.01079,0.01147,0.00883,0.00699
25/06/2008 05:00,0.05226,0.05438,0.05505,0.05589,0.06472,0.05868,0.06227
25/06/2008 06:00,0.16381,0.16995,0.17546,0.18873,0.19618,0.18737,0.18525
25/06/2008 07:00,0.33662,0.33433,0.32285,0.34489,0.38151,0.36439,0.34409
25/06/2008 08:00,0.48789,0.49892,0.47862,0.49387,0.54868,0.52742,0.48654
25/06/2008 09:00,0.63619,0.64823,0.64672,0.60775,0.67046,0.66113,0.61409
25/06/2008 10:00,0.73305,0.73424,0.74621,0.75631,0.77865,0.76331,0.70404
25/06/2008 11:00,0.77224,0.78118,0.73472,0.80005,0.81954,0.80777,0.75135
25/06/2008 12:00,0.77946,0.79331,0.76667,0.79461,0.79838,0.79484,0.7572
25/06/2008 13:00,0.70383,0.7021,0.62676,0.72675,0.73858,0.73614,0.71526
25/06/2008 14:00,0.58157,0.45022,0.50012,0.46209,0.60351,0.39926,0.59605
25/06/2008 15:00,0.41667,0.29627,0.36965,0.24108,0.39788,0.17706,0.45707
25/06/2008 16:00,0.24867,0.16406,0.23965,0.09222,0.25832,0.11731,0.28512
25/06/2008 17:00,0.1017,0.07254,0.0882,0.0326,0.08792,0.03646,0.11908
25/06/2008 18:00,0.03155,0.02194,0.02051,0.01219,0.02297,0.01338,0.03325
25/06/2008 19:00,0,0,0,0,0,0,0
25/06/2008 20:00,0,0,0,0,0,0,0
25/06/2008 21:00,0,0,0,0,0,0,0
25/06/2008 22:00,0,0,0,0,0,0,0
25/06/2008 23:00,0,0,0,0,0,0,0
26/06/2008 00:00,0,0,0,0,0,0,0
26/06/2008 01:00,0,0,0,0,0,0,0
26/06/2008 02:00,0,0,0,0,0,0,0
26/06/2008 03:00,0,0,0,0,0,0,0
26/06/2008 04:00,0.00447,0.00321,0.00131,0.0033,0.00714,0.00427,0.00636
26/06/2008 05:00,0.04802,0.03471,0.01447,0.01171,0.03929,0.02155,0.05985
26/06/2008 06:00,0.15813,0.10459,0.0369,0.06871,0.13227,0.07572,0.17188
26/06/2008 07:00,0.32035,0.21158,0.0815,0.13074,0.26542,0.15621,0.29281
26/06/2008 08:00,0.47692,0.32613,0.14949,0.17117,0.37598,0.22614,0.42861
26/06/2008 09:00,0.6042,0.42022,0.21231,0.27153,0.48069,0.27843,0.54275
26/06/2008 10:00,0.66652,0.49318,0.31436,0.30689,0.53619,0.31233,0.62858
26/06/2008 11:00,0.69688,0.51483,0.47408,0.325,0.55924,0.3568,0.6236
26/06/2008 12:00,0.67545,0.50747,0.44513,0.36371,0.54962,0.35655,0.62933
26/06/2008 13:00,0.59259,0.46879,0.44449,0.30767,0.44967,0.22751,0.43983
26/06/2008 14:00,0.48084,0.39212,0.41568,0.28203,0.26591,0.12513,0.18398
26/06/2008 15:00,0.37616,0.29063,0.26971,0.2254,0.1046,0.07709,0.09853
26/06/2008 16:00,0.24232,0.20997,0.18602,0.14348,0.05644,0.03469,0.06588
26/06/2008 17:00,0.10994,0.10379,0.10745,0.11556,0.0312,0.03501,0.03386
26/06/2008 18:00,0.0286,0.03192,0.03769,0.03415,0.00887,0.01767,0.01158
26/06/2008 19:00,0.00179,0,0,0,0,0,0
26/06/2008 20:00,0,0,0,0,0,0,0
26/06/2008 21:00,0,0,0,0,0,0,0
26/06/2008 22:00,0,0,0,0,0,0,0
26/06/2008 23:00,0,0,0,0,0,0,0
27/06/2008 00:00,0,0,0,0,0,0,0
27/06/2008 01:00,0,0,0,0,0,0,0
27/06/2008 02:00,0,0,0,0,0,0,0
27/06/2008 03:00,0,0,0,0,0,0,0
27/06/2008 04:00,0.00418,0.0057,0.00828,0.00452,0.00995,0.0063,0.00908
27/06/2008 05:00,0.03963,0.04587,0.04807,0.05324,0.04742,0.04385,0.04202
27/06/2008 06:00,0.1398,0.15724,0.1806,0.14835,0.17243,0.12048,0.19666
27/06/2008 07:00,0.32147,0.30523,0.35904,0.36331,0.3558,0.24593,0.40266
27/06/2008 08:00,0.48083,0.4559,0.43455,0.37114,0.44119,0.31768,0.55926
27/06/2008 09:00,0.61555,0.58206,0.55573,0.53657,0.46807,0.41244,0.6392
27/06/2008 10:00,0.70932,0.66581,0.65484,0.63787,0.55389,0.47633,0.78349
27/06/2008 11:00,0.73901,0.67908,0.69578,0.65746,0.634,0.46659,0.81532
27/06/2008 12:00,0.7543,0.69257,0.78879,0.67452,0.59842,0.46116,0.80474
27/06/2008 13:00,0.70317,0.63143,0.74475,0.68146,0.5487,0.42582,0.73323
27/06/2008 14:00,0.63069,0.55256,0.65011,0.61432,0.51584,0.37269,0.59152
27/06/2008 15:00,0.49966,0.42944,0.5074,0.47628,0.42028,0.27048,0.47454
27/06/2008 16:00,0.32025,0.27966,0.32458,0.30874,0.26996,0.16312,0.31057
27/06/2008 17:00,0.13146,0.11761,0.13148,0.1246,0.10487,0.07458,0.11675
27/06/2008 18:00,0.03471,0.03065,0.03526,0.03193,0.02706,0.01815,0.02967
27/06/2008 19:00,0.00139,0,0,0,0,0,0
27/06/2008 20:00,0,0,0,0,0,0,0
27/06/2008 21:00,0,0,0,0,0,0,0
27/06/2008 22:00,0,0,0,0,0,0,0
27/06/2008 23:00,0,0,0,0,0,0,0
28/06/2008 00:00,0,0,0,0,0,0,0
28/06/2008 01:00,0,0,0,0,0,0,0
28/06/2008 02:00,0,0,0,0,0,0,0
28/06/2008 03:00,0,0,0,0,0,0,0
28/06/2008 04:00,0.00562,0.00741,0.00991,0.00573,0.00997,0.00954,0.00933
28/06/2008 05:00,0.02649,0.02978,0.03559,0.04851,0.04516,0.03988,0.03906
28/06/2008 06:00,0.17567,0.18025,0.18854,0.19793,0.20922,0.19336,0.19503
28/06/2008 07:00,0.38579,0.38583,0.39113,0.40017,0.41302,0.39877,0.39164
28/06/2008 08:00,0.56243,0.56001,0.56155,0.56638,0.58719,0.57345,0.55609
28/06/2008 09:00,0.69663,0.69523,0.68925,0.68957,0.71431,0.70561,0.69813
28/06/2008 10:00,0.78465,0.77827,0.77578,0.78621,0.78522,0.79162,0.78392
28/06/2008 11:00,0.82447,0.82342,0.81243,0.82316,0.81166,0.82577,0.80684
28/06/2008 12:00,0.8118,0.818,0.81472,0.81847,0.77824,0.81836,0.78226
28/06/2008 13:00,0.73774,0.75723,0.76658,0.76449,0.70178,0.75957,0.70997
28/06/2008 14:00,0.63612,0.65394,0.65966,0.65928,0.58535,0.63902,0.59252
28/06/2008 15:00,0.50056,0.50035,0.5092,0.50535,0.44869,0.48238,0.4571
28/06/2008 16:00,0.3208,0.32534,0.32565,0.31958,0.28528,0.31069,0.29336
28/06/2008 17:00,0.13447,0.13294,0.12981,0.12174,0.11303,0.12279,0.11653
28/06/2008 18:00,0.03259,0.03349,0.03361,0.03113,0.03069,0.03354,0.0321
28/06/2008 19:00,0.00136,0,0,0,0,0,0
28/06/2008 20:00,0,0,0,0,0,0,0
28/06/2008 21:00,0,0,0,0,0,0,0
28/06/2008 22:00,0,0,0,0,0,0,0
28/06/2008 23:00,0,0,0,0,0,0,0
29/06/2008 00:00,0,0,0,0,0,0,0
29/06/2008 01:00,0,0,0,0,0,0,0
29/06/2008 02:00,0,0,0,0,0,0,0
29/06/2008 03:00,0,0,0,0,0,0,0
29/06/2008 04:00,0.00514,0.007,0.00956,0.01106,0.01159,0.00924,0.00449
29/06/2008 05:00,0.02705,0.02798,0.03259,0.03746,0.04136,0.03088,0.05709
29/06/2008 06:00,0.17198,0.17705,0.18559,0.19507,0.20556,0.19038,0.17584
29/06/2008 07:00,0.37543,0.3803,0.38624,0.39623,0.40948,0.39416,0.32776
29/06/2008 08:00,0.54383,0.55078,0.55705,0.56373,0.57473,0.56556,0.46758
29/06/2008 09:00,0.66618,0.67561,0.68013,0.68571,0.69362,0.68872,0.56639
29/06/2008 10:00,0.72981,0.74927,0.75925,0.76527,0.75397,0.765,0.63297
29/06/2008 11:00,0.7217,0.76081,0.791,0.79717,0.73571,0.78567,0.62671
29/06/2008 12:00,0.68789,0.70132,0.78365,0.78929,0.69513,0.73625,0.56562
29/06/2008 13:00,0.58099,0.5972,0.72885,0.73522,0.59268,0.59154,0.34959
29/06/2008 14:00,0.42671,0.46542,0.6213,0.63524,0.38653,0.4206,0.1341
29/06/2008 15:00,0.25356,0.29604,0.4612,0.47111,0.22366,0.22309,0.08564
29/06/2008 16:00,0.10463,0.14686,0.26758,0.19985,0.1374,0.07268,0.04021
29/06/2008 17:00,0.03892,0.0649,0.09239,0.05375,0.04483,0.02879,0.02746
29/06/2008 18:00,0.01863,0.0157,0.01667,0.00881,0.00919,0.01464,0.00621
29/06/2008 19:00,0,0,0,0,0,0,0
29/06/2008 20:00,0,0,0,0,0,0,0
29/06/2008 21:00,0,0,0,0,0,0,0
29/06/2008 22:00,0,0,0,0,0,0,0
29/06/2008 23:00,0,0,0,0,0,0,0
30/06/2008 00:00,0,0,0,0,0,0,0
30/06/2008 01:00,0,0,0,0,0,0,0
30/06/2008 02:00,0,0,0,0,0,0,0
30/06/2008 03:00,0,0,0,0,0,0,0
30/06/2008 04:00,0.00416,0.00376,0.00499,0.00495,0.00948,0.00626,0.0075
30/06/2008 05:00,0.03155,0.04137,0.05334,0.05466,0.03854,0.04196,0.04644
30/06/2008 06:00,0.15016,0.1302,0.16069,0.1443,0.15823,0.13778,0.18778
30/06/2008 07:00,0.30239,0.28176,0.32261,0.28551,0.33421,0.31367,0.39762
30/06/2008 08:00,0.43605,0.37335,0.51667,0.50714,0.53536,0.5035,0.57879
30/06/2008 09:00,0.54136,0.49286,0.51909,0.54805,0.62257,0.62418,0.6929
30/06/2008 10:00,0.61946,0.58342,0.47432,0.64943,0.65349,0.62133,0.74433
30/06/2008 11:00,0.5586,0.55331,0.44076,0.71625,0.61728,0.56627,0.71767
30/06/2008 12:00,0.46631,0.52273,0.63771,0.71324,0.58911,0.50419,0.61873
30/06/2008 13:00,0.49491,0.48867,0.58087,0.51925,0.55018,0.33862,0.37156
30/06/2008 14:00,0.46231,0.39472,0.50944,0.52271,0.46412,0.3958,0.2689
30/06/2008 15:00,0.35842,0.30813,0.41521,0.35257,0.3227,0.25398,0.29504
30/06/2008 16:00,0.21004,0.20216,0.25757,0.19467,0.22771,0.10342,0.27178
30/06/2008 17:00,0.10998,0.12125,0.1263,0.09205,0.09408,0.06456,0.09846
30/06/2008 18:00,0.03176,0.03699,0.03819,0.03659,0.02211,0.02576,0.02039
30/06/2008 19:00,0,0,0,0,0,0,0
30/06/2008 20:00,0,0,0,0,0,0,0
30/06/2008 21:00,0,0,0,0,0,0,0
30/06/2008 22:00,0,0,0,0,0,0,0
30/06/2008 23:00,0,0,0,0,0,0,0
01/07/2008 00:00,0,0,0,0,0,0,0
01/07/2008 01:00,0,0,0,0,0,0,0
01/07/2008 02:00,0,0,0,0,0,0,0
01/07/2008 03:00,0,0,0,0,0,0,0
01/07/2008 04:00,0.00535,0.00544,0.00664,0.01048,0.00988,0.00736,0.00442
01/07/2008 05:00,0.0393,0.04099,0.04719,0.04233,0.03408,0.0465,0.03266
01/07/2008 06:00,0.15548,0.17104,0.18288,0.19155,0.15851,0.18548,0.11938
01/07/2008 07:00,0.33829,0.37232,0.38061,0.39177,0.35358,0.38687,0.32495
01/07/2008 08:00,0.52622,0.54767,0.55513,0.56556,0.54242,0.55923,0.49177
01/07/2008 09:00,0.64781,0.67142,0.68113,0.69141,0.65736,0.68749,0.61216
01/07/2008 10:00,0.70421,0.72205,0.76414,0.77274,0.67966,0.73809,0.61856
01/07/2008 11:00,0.71838,0.70156,0.79621,0.79422,0.63535,0.68793,0.72079
01/07/2008 12:00,0.68414,0.63028,0.78326,0.79008,0.53232,0.61558,0.71489
01/07/2008 13:00,0.5907,0.5084,0.67729,0.6973,0.42074,0.54221,0.68459
01/07/2008 14:00,0.50555,0.3677,0.51699,0.45728,0.33029,0.42219,0.59837
01/07/2008 15:00,0.36304,0.19593,0.46246,0.28758,0.22622,0.26635,0.46444
01/07/2008 16:00,0.16732,0.10396,0.11349,0.13746,0.13219,0.11893,0.28869
01/07/2008 17:00,0.05517,0.04628,0.01897,0.02344,0.0732,0.04705,0.1166
01/07/2008 18:00,0.01581,0.02159,0.00624,0.00487,0.02579,0.01476,0.02924
01/07/2008 19:00,0,0,0,0,0,0,0
01/07/2008 20:00,0,0,0,0,0,0,0
01/07/2008 21:00,0,0,0,0,0,0,0
01/07/2008 22:00,0,0,0,0,0,0,0
01/07/2008 23:00,0,0,0,0,0,0,0
02/07/2008 00:00,0,0,0,0,0,0,0
02/07/2008 01:00,0,0,0,0,0,0,0
02/07/2008 02:00,0,0,0,0,0,0,0
02/07/2008 03:00,0,0,0,0,0,0,0
02/07/2008 04:00,0.00502,0.0057,0.00804,0.00571,0.00688,0.00612,0.00429
02/07/2008 05:00,0.03369,0.03669,0.0332,0.03587,0.04043,0.03696,0.03681
02/07/2008 06:00,0.17008,0.17426,0.18287,0.14427,0.16029,0.17452,0.1313
02/07/2008 07:00,0.36967,0.37014,0.37529,0.38767,0.34875,0.36805,0.34228
02/07/2008 08:00,0.54211,0.53514,0.49867,0.56572,0.53046,0.5029,0.5269
02/07/2008 09:00,0.66637,0.67364,0.63925,0.68704,0.58977,0.64289,0.64217
02/07/2008 10:00,0.73871,0.76036,0.74978,0.75821,0.48018,0.74069,0.68739
02/07/2008 11:00,0.7644,0.78662,0.79289,0.78782,0.47557,0.76967,0.71141
02/07/2008 12:00,0.72568,0.76275,0.78043,0.77962,0.50769,0.76315,0.70749
02/07/2008 13:00,0.65969,0.69256,0.73013,0.72609,0.50547,0.68065,0.60084
02/07/2008 14:00,0.55233,0.59571,0.62402,0.62053,0.48653,0.55863,0.52783
02/07/2008 15:00,0.41258,0.46466,0.4831,0.4876,0.40066,0.43974,0.39674
02/07/2008 16:00,0.27457,0.30196,0.3121,0.30502,0.25971,0.27039,0.25557
02/07/2008 17:00,0.11213,0.12246,0.12771,0.12223,0.10362,0.11739,0.11536
02/07/2008 18:00,0.03154,0.03399,0.03043,0.03335,0.02692,0.0323,0.02949
02/07/2008 19:00,0,0,0,0,0,0,0
02/07/2008 20:00,0,0,0,0,0,0,0
02/07/2008 21:00,0,0,0,0,0,0,0
02/07/2008 22:00,0,0,0,0,0,0,0
02/07/2008 23:00,0,0,0,0,0,0,0
03/07/2008 00:00,0,0,0,0,0,0,0
03/07/2008 01:00,0,0,0,0,0,0,0
03/07/2008 02:00,0,0,0,0,0,0,0
03/07/2008 03:00,0,0,0,0,0,0,0
03/07/2008 04:00,0.0027,0.00452,0.0079,0.00822,0.00971,0.00738,0.0066
03/07/2008 05:00,0.02114,0.02365,0.02494,0.04625,0.04165,0.02035,0.01976
03/07/2008 06:00,0.04353,0.08359,0.07259,0.14336,0.14484,0.0625,0.06081
03/07/2008 07:00,0.05353,0.06348,0.22518,0.13433,0.21201,0.17508,0.14079
03/07/2008 08:00,0.12426,0.06606,0.19158,0.31196,0.23113,0.15363,0.18645
03/07/2008 09:00,0.11892,0.09424,0.10122,0.28078,0.25846,0.13987,0.1955
03/07/2008 10:00,0.22514,0.30767,0.10737,0.1884,0.24357,0.14933,0.27355
03/07/2008 11:00,0.15948,0.40066,0.35287,0.10644,0.21127,0.23882,0.2675
03/07/2008 12:00,0.15607,0.27345,0.45889,0.07292,0.15007,0.19898,0.0784
03/07/2008 13:00,0.13152,0.241,0.12561,0.12626,0.0834,0.12938,0.23671
03/07/2008 14:00,0.09784,0.14116,0.20117,0.12371,0.14157,0.21815,0.16407
03/07/2008 15:00,0.07119,0.11192,0.06398,0.12724,0.17337,0.06408,0.06533
03/07/2008 16:00,0.07397,0.09244,0.06281,0.03606,0.04917,0.02338,0.04782
03/07/2008 17:00,0.0484,0.02558,0.01145,0.01081,0.01649,0.01206,0.06514
03/07/2008 18:00,0.0161,0.01192,0.00302,0.00231,0.01156,0.00943,0.02309
03/07/2008 19:00,0,0,0,0,0,0,0
03/07/2008 20:00,0,0,0,0,0,0,0
03/07/2008 21:00,0,0,0,0,0,0,0
03/07/2008 22:00,0,0,0,0,0,0,0
03/07/2008 23:00,0,0,0,0,0,0,0
04/07/2008 00:00,0,0,0,0,0,0,0
04/07/2008 01:00,0,0,0,0,0,0,0
04/07/2008 02:00,0,0,0,0,0,0,0
04/07/2008 03:00,0,0,0,0,0,0,0
04/07/2008 04:00,0.00365,0.0045,0.00432,0.00787,0.00588,0.00404,0.00504
04/07/2008 05:00,0.03877,0.03817,0.04033,0.03768,0.03024,0.04007,0.04646
04/07/2008 06:00,0.15954,0.16681,0.18274,0.14107,0.12017,0.14367,0.17929
04/07/2008 07:00,0.33297,0.32246,0.35707,0.2995,0.25502,0.2589,0.40249
04/07/2008 08:00,0.49483,0.46414,0.49695,0.49804,0.3759,0.34646,0.57603
04/07/2008 09:00,0.62442,0.56927,0.5333,0.54888,0.43634,0.3992,0.69931
04/07/2008 10:00,0.70012,0.58462,0.6242,0.63491,0.44469,0.44266,0.77362
04/07/2008 11:00,0.74781,0.64864,0.71556,0.69373,0.46024,0.50031,0.78633
04/07/2008 12:00,0.76613,0.64188,0.71023,0.70753,0.50513,0.57943,0.77451
04/07/2008 13:00,0.73331,0.59669,0.63388,0.63284,0.52234,0.4921,0.71679
04/07/2008 14:00,0.64591,0.55699,0.59272,0.51192,0.48011,0.43836,0.62863
04/07/2008 15:00,0.51073,0.45127,0.50073,0.38072,0.38484,0.34897,0.4936
04/07/2008 16:00,0.32593,0.30814,0.32524,0.27585,0.2598,0.25301,0.3137
04/07/2008 17:00,0.13864,0.13669,0.13461,0.12343,0.11296,0.11679,0.12009
04/07/2008 18:00,0.03301,0.03578,0.03209,0.03245,0.03076,0.03627,0.0292
04/07/2008 19:00,0,0,0,0,0,0,0
04/07/2008 20:00,0,0,0,0,0,0,0
04/07/2008 21:00,0,0,0,0,0,0,0
04/07/2008 22:00,0,0,0,0,0,0,0
04/07/2008 23:00,0,0,0,0,0,0,0
05/07/2008 00:00,0,0,0,0,0,0,0
05/07/2008 01:00,0,0,0,0,0,0,0
05/07/2008 02:00,0,0,0,0,0,0,0
05/07/2008 03:00,0,0,0,0,0,0,0
05/07/2008 04:00,0.00353,0.00259,0.00502,0.00791,0.00934,0.00563,0.00671
05/07/2008 05:00,0.03788,0.03489,0.02778,0.05045,0.04076,0.02966,0.02925
05/07/2008 06:00,0.16034,0.16768,0.15438,0.13002,0.18194,0.11563,0.18811
05/07/2008 07:00,0.36806,0.36251,0.36134,0.31445,0.32842,0.35365,0.39454
05/07/2008 08:00,0.54071,0.54259,0.49602,0.52665,0.53616,0.54372,0.56562
05/07/2008 09:00,0.64525,0.66108,0.64563,0.62621,0.65962,0.66076,0.68498
05/07/2008 10:00,0.70896,0.75547,0.73872,0.73709,0.64646,0.74353,0.75682
05/07/2008 11:00,0.74433,0.75667,0.81347,0.80543,0.68115,0.79999,0.78072
05/07/2008 12:00,0.67073,0.75654,0.80948,0.81493,0.72063,0.79592,0.76878
05/07/2008 13:00,0.51614,0.69059,0.73887,0.75203,0.65095,0.72035,0.66075
05/07/2008 14:00,0.29875,0.51523,0.61011,0.64414,0.55701,0.58916,0.55791
05/07/2008 15:00,0.21585,0.31917,0.48362,0.47756,0.42723,0.45159,0.44833
05/07/2008 16:00,0.15497,0.1873,0.29174,0.2864,0.2708,0.25945,0.29703
05/07/2008 17:00,0.09063,0.11425,0.12738,0.12482,0.11556,0.1047,0.11626
05/07/2008 18:00,0.03003,0.03337,0.03584,0.03263,0.03103,0.03021,0.0267
05/07/2008 19:00,0,0,0,0,0,0,0
05/07/2008 20:00,0,0,0,0,0,0,0
05/07/2008 21:00,0,0,0,0,0,0,0
05/07/2008 22:00,0,0,0,0,0,0,0
05/07/2008 23:00,0,0,0,0,0,0,0
06/07/2008 00:00,0,0,0,0,0,0,0
06/07/2008 01:00,0,0,0,0,0,0,0
06/07/2008 02:00,0,0,0,0,0,0,0
06/07/2008 03:00,0,0,0,0,0,0,0
06/07/2008 04:00,0.00304,0.00361,0.00607,0.008,0.00732,0.00644,0.00467
06/07/2008 05:00,0.027,0.03421,0.03741,0.03651,0.04559,0.0415,0.04286
06/07/2008 06:00,0.08143,0.103,0.10014,0.13466,0.15602,0.13244,0.05613
06/07/2008 07:00,0.19282,0.16174,0.19062,0.15732,0.20841,0.23155,0.08322
06/07/2008 08:00,0.09181,0.11132,0.31873,0.36442,0.22347,0.29949,0.06898
06/07/2008 09:00,0.18924,0.12731,0.08452,0.36329,0.17898,0.19584,0.11721
06/07/2008 10:00,0.12829,0.11887,0.09424,0.06716,0.16648,0.13061,0.06333
06/07/2008 11:00,0.1056,0.1161,0.12621,0.21313,0.09465,0.09716,0.12415
06/07/2008 12:00,0.10433,0.10671,0.10072,0.06497,0.06043,0.06542,0.10555
06/07/2008 13:00,0.21103,0.15067,0.11006,0.05805,0.09104,0.0866,0.08155
06/07/2008 14:00,0.22583,0.22464,0.23498,0.10171,0.12176,0.21281,0.11035
06/07/2008 15:00,0.17395,0.22255,0.28893,0.3654,0.18148,0.33234,0.11518
06/07/2008 16:00,0.08767,0.09956,0.11716,0.16491,0.10491,0.12163,0.0224
06/07/2008 17:00,0.03935,0.02364,0.04605,0.10024,0.03622,0.06686,0.07609
06/07/2008 18:00,0.01318,0.01338,0.01775,0.02081,0.0181,0.01377,0.02451
06/07/2008 19:00,0,0,0,0,0,0,0
06/07/2008 20:00,0,0,0,0,0,0,0
06/07/2008 21:00,0,0,0,0,0,0,0
06/07/2008 22:00,0,0,0,0,0,0,0
06/07/2008 23:00,0,0,0,0,0,0,0
07/07/2008 00:00,0,0,0,0,0,0,0
07/07/2008 01:00,0,0,0,0,0,0,0
07/07/2008 02:00,0,0,0,0,0,0,0
07/07/2008 03:00,0,0,0,0,0,0,0
07/07/2008 04:00,0.00203,0.00323,0.00446,0.00627,0.00684,0.00396,0.00393
07/07/2008 05:00,0.02986,0.019,0.02389,0.0285,0.01791,0.03338,0.04026
07/07/2008 06:00,0.11302,0.07096,0.05739,0.03471,0.06409,0.06978,0.08471
07/07/2008 07:00,0.15281,0.11127,0.06728,0.08363,0.09006,0.10765,0.11024
07/07/2008 08:00,0.1897,0.1892,0.09858,0.11079,0.12679,0.08729,0.10282
07/07/2008 09:00,0.29079,0.28818,0.21405,0.09933,0.11046,0.12544,0.10213
07/07/2008 10:00,0.22982,0.27091,0.27043,0.12216,0.07272,0.13571,0.13798
07/07/2008 11:00,0.23615,0.23654,0.27732,0.08027,0.07827,0.09114,0.14219
07/07/2008 12:00,0.34008,0.29851,0.2676,0.19066,0.07988,0.0756,0.09269
07/07/2008 13:00,0.41027,0.39483,0.30288,0.08416,0.06561,0.12344,0.26115
07/07/2008 14:00,0.49163,0.4785,0.47931,0.14345,0.07388,0.20296,0.18353
07/07/2008 15:00,0.40842,0.3953,0.4595,0.27146,0.14959,0.22722,0.32782
07/07/2008 16:00,0.27468,0.27715,0.29631,0.24237,0.12075,0.14178,0.23968
07/07/2008 17:00,0.1301,0.1261,0.12775,0.08339,0.07823,0.07483,0.11634
07/07/2008 18:00,0.03503,0.03241,0.03278,0.02162,0.02322,0.01965,0.03112
07/07/2008 19:00,0,0,0,0,0,0,0
07/07/2008 20:00,0,0,0,0,0,0,0
07/07/2008 21:00,0,0,0,0,0,0,0
07/07/2008 22:00,0,0,0,0,0,0,0
07/07/2008 23:00,0,0,0,0,0,0,0
08/07/2008 00:00,0,0,0,0,0,0,0
08/07/2008 01:00,0,0,0,0,0,0,0
08/07/2008 02:00,0,0,0,0,0,0,0
08/07/2008 03:00,0,0,0,0,0,0,0
08/07/2008 04:00,0.00267,0.00291,0.00535,0.00631,0.00465,0.00388,0.00432
08/07/2008 05:00,0.03837,0.03464,0.03526,0.04102,0.04158,0.0367,0.03282
08/07/2008 06:00,0.13578,0.12017,0.12836,0.15864,0.13977,0.14421,0.1895
08/07/2008 07:00,0.30493,0.24975,0.27115,0.24642,0.27209,0.26458,0.39975
08/07/2008 08:00,0.47268,0.364,0.31425,0.40139,0.3773,0.41224,0.57972
08/07/2008 09:00,0.6251,0.44877,0.40726,0.51503,0.49959,0.51307,0.71469
08/07/2008 10:00,0.65564,0.44664,0.38807,0.56581,0.5626,0.49382,0.77341
08/07/2008 11:00,0.69355,0.42638,0.59091,0.50445,0.54638,0.44033,0.78901
08/07/2008 12:00,0.65044,0.46599,0.51705,0.59783,0.59979,0.38224,0.77499
08/07/2008 13:00,0.58935,0.38676,0.60572,0.63195,0.56073,0.43202,0.73849
08/07/2008 14:00,0.50872,0.38249,0.40537,0.48302,0.48802,0.30029,0.61974
08/07/2008 15:00,0.38384,0.3006,0.37111,0.33188,0.33274,0.23979,0.47962
08/07/2008 16:00,0.25062,0.21886,0.20055,0.20842,0.21096,0.16972,0.30992
08/07/2008 17:00,0.12473,0.11524,0.12693,0.08138,0.09483,0.07646,0.11969
08/07/2008 18:00,0.03303,0.03144,0.02763,0.02678,0.02279,0.02437,0.02923
08/07/2008 19:00,0,0,0,0,0,0,0
08/07/2008 20:00,0,0,0,0,0,0,0
08/07/2008 21:00,0,0,0,0,0,0,0
08/07/2008 22:00,0,0,0,0,0,0,0
08/07/2008 23:00,0,0,0,0,0,0,0
09/07/2008 00:00,0,0,0,0,0,0,0
09/07/2008 01:00,0,0,0,0,0,0,0
09/07/2008 02:00,0,0,0,0,0,0,0
09/07/2008 03:00,0,0,0,0,0,0,0
09/07/2008 04:00,0.00242,0.0031,0.00325,0.00322,0.00691,0.00373,0.00501
09/07/2008 05:00,0.03538,0.03798,0.04584,0.04574,0.03861,0.0404,0.03126
09/07/2008 06:00,0.16507,0.15303,0.1533,0.15132,0.18324,0.14788,0.18686
09/07/2008 07:00,0.36571,0.34002,0.29133,0.27222,0.37436,0.31023,0.39344
09/07/2008 08:00,0.5387,0.52118,0.44379,0.42138,0.53368,0.50706,0.57057
09/07/2008 09:00,0.67653,0.62959,0.55777,0.53679,0.66595,0.64182,0.69919
09/07/2008 10:00,0.7777,0.7012,0.60664,0.63007,0.73315,0.73544,0.78516
09/07/2008 11:00,0.82688,0.76088,0.63685,0.66961,0.77468,0.7831,0.8196
09/07/2008 12:00,0.82228,0.77452,0.59597,0.67371,0.76335,0.77697,0.8053
09/07/2008 13:00,0.76766,0.74231,0.72249,0.71566,0.69709,0.69986,0.74504
09/07/2008 14:00,0.6673,0.64572,0.6549,0.66226,0.61986,0.62064,0.64409
09/07/2008 15:00,0.52051,0.50622,0.5091,0.51578,0.46853,0.49202,0.50175
09/07/2008 16:00,0.33414,0.32692,0.3258,0.32489,0.29952,0.31764,0.31532
09/07/2008 17:00,0.13723,0.13701,0.13203,0.12533,0.11493,0.1255,0.11796
09/07/2008 18:00,0.03213,0.03521,0.0342,0.03407,0.02817,0.03234,0.02759
09/07/2008 19:00,0,0,0,0,0,0,0
09/07/2008 20:00,0,0,0,0,0,0,0
09/07/2008 21:00,0,0,0,0,0,0,0
09/07/2008 22:00,0,0,0,0,0,0,0
09/07/2008 23:00,0,0,0,0,0,0,0
10/07/2008 00:00,0,0,0,0,0,0,0
10/07/2008 01:00,0,0,0,0,0,0,0
10/07/2008 02:00,0,0,0,0,0,0,0
10/07/2008 03:00,0,0,0,0,0,0,0
10/07/2008 04:00,0.00282,0.0032,0.00471,0.00677,0.00751,0.00508,0.00462
10/07/2008 05:00,0.02728,0.0237,0.02633,0.02699,0.03012,0.02513,0.0274
10/07/2008 06:00,0.16341,0.16821,0.17713,0.18649,0.19707,0.18167,0.18342
10/07/2008 07:00,0.37371,0.37762,0.38549,0.39415,0.40581,0.39042,0.38954
10/07/2008 08:00,0.55189,0.55628,0.56171,0.5675,0.57712,0.56378,0.56214
10/07/2008 09:00,0.68355,0.68996,0.69145,0.69349,0.70283,0.69265,0.6883
10/07/2008 10:00,0.77361,0.78132,0.78321,0.7842,0.78389,0.78443,0.77021
10/07/2008 11:00,0.81051,0.82524,0.82497,0.82893,0.81009,0.82629,0.79412
10/07/2008 12:00,0.79574,0.82037,0.82077,0.81878,0.78768,0.81471,0.75289
10/07/2008 13:00,0.7398,0.76314,0.76774,0.76144,0.71873,0.74719,0.69075
10/07/2008 14:00,0.63294,0.64886,0.65723,0.65797,0.60833,0.63168,0.59661
10/07/2008 15:00,0.49298,0.50556,0.51138,0.50569,0.46411,0.46602,0.45724
10/07/2008 16:00,0.3159,0.32837,0.32515,0.31811,0.28504,0.28272,0.29695
10/07/2008 17:00,0.13206,0.1344,0.12916,0.12184,0.11092,0.11821,0.11725
10/07/2008 18:00,0.02932,0.0303,0.03235,0.03222,0.02806,0.03057,0.03134
10/07/2008 19:00,0,0,0,0,0,0,0
10/07/2008 20:00,0,0,0,0,0,0,0
10/07/2008 21:00,0,0,0,0,0,0,0
10/07/2008 22:00,0,0,0,0,0,0,0
10/07/2008 23:00,0,0,0,0,0,0,0
11/07/2008 00:00,0,0,0,0,0,0,0
11/07/2008 01:00,0,0,0,0,0,0,0
11/07/2008 02:00,0,0,0,0,0,0,0
11/07/2008 03:00,0,0,0,0,0,0,0
11/07/2008 04:00,0.00097,0.00246,0.00356,0.00269,0.00642,0.00334,0.00226
11/07/2008 05:00,0.03676,0.03399,0.0332,0.03581,0.03737,0.03391,0.03781
11/07/2008 06:00,0.14724,0.16028,0.17127,0.17037,0.17445,0.15766,0.1291
11/07/2008 07:00,0.30108,0.33299,0.33797,0.37467,0.35721,0.36556,0.22695
11/07/2008 08:00,0.29838,0.45036,0.53585,0.52007,0.52357,0.54095,0.2643
11/07/2008 09:00,0.37294,0.43507,0.67435,0.69231,0.65277,0.58773,0.40118
11/07/2008 10:00,0.48646,0.5564,0.60538,0.48336,0.66716,0.45968,0.34478
11/07/2008 11:00,0.61331,0.77198,0.78285,0.73805,0.56235,0.6864,0.25583
11/07/2008 12:00,0.61069,0.736,0.8184,0.8163,0.51522,0.64774,0.07256
11/07/2008 13:00,0.51232,0.56335,0.70419,0.76621,0.35422,0.56521,0.14464
11/07/2008 14:00,0.33561,0.42187,0.31679,0.60886,0.30622,0.46687,0.34622
11/07/2008 15:00,0.14585,0.21013,0.23758,0.18991,0.31353,0.29943,0.11758
11/07/2008 16:00,0.07602,0.0468,0.04382,0.0941,0.21439,0.12891,0.16484
11/07/2008 17:00,0.04887,0.03683,0.01331,0.02125,0.0874,0.03961,0.0798
11/07/2008 18:00,0.00639,0.00625,0.00768,0.00235,0.01906,0.01243,0.01878
11/07/2008 19:00,0,0,0,0,0,0,0
11/07/2008 20:00,0,0,0,0,0,0,0
11/07/2008 21:00,0,0,0,0,0,0,0
11/07/2008 22:00,0,0,0,0,0,0,0
11/07/2008 23:00,0,0,0,0,0,0,0
12/07/2008 00:00,0,0,0,0,0,0,0
12/07/2008 01:00,0,0,0,0,0,0,0
12/07/2008 02:00,0,0,0,0,0,0,0
12/07/2008 03:00,0,0,0,0,0,0,0
12/07/2008 04:00,0.00025,0.00126,0.00111,0.00228,0.00491,0.00285,0.00151
12/07/2008 05:00,0.01243,0.01195,0.01368,0.00512,0.03107,0.00713,0.01794
12/07/2008 06:00,0.0343,0.02836,0.03774,0.02286,0.06272,0.02892,0.03194
12/07/2008 07:00,0.07131,0.0568,0.05907,0.04411,0.07066,0.04888,0.08803
12/07/2008 08:00,0.06491,0.06726,0.05127,0.05849,0.07975,0.06497,0.08709
12/07/2008 09:00,0.17129,0.08539,0.06839,0.06828,0.12518,0.06134,0.13535
12/07/2008 10:00,0.26957,0.14454,0.07906,0.08414,0.15296,0.06603,0.1362
12/07/2008 11:00,0.37593,0.26982,0.09041,0.08053,0.15504,0.06715,0.06139
12/07/2008 12:00,0.40893,0.21084,0.0791,0.06163,0.07645,0.1365,0.13179
12/07/2008 13:00,0.25457,0.15,0.13713,0.07986,0.08804,0.12461,0.16616
12/07/2008 14:00,0.2401,0.14946,0.1074,0.1142,0.07741,0.17354,0.20947
12/07/2008 15:00,0.15016,0.12536,0.13885,0.09818,0.12064,0.0771,0.15987
12/07/2008 16:00,0.06187,0.11049,0.11653,0.07603,0.10485,0.06357,0.12146
12/07/2008 17:00,0.02894,0.02554,0.07175,0.06351,0.07519,0.0347,0.01976
12/07/2008 18:00,0.02075,0.01346,0.00686,0.02166,0.01276,0.00614,0.00418
12/07/2008 19:00,0,0,0,0,0,0,0
12/07/2008 20:00,0,0,0,0,0,0,0
12/07/2008 21:00,0,0,0,0,0,0,0
12/07/2008 22:00,0,0,0,0,0,0,0
12/07/2008 23:00,0,0,0,0,0,0,0
13/07/2008 00:00,0,0,0,0,0,0,0
13/07/2008 01:00,0,0,0,0,0,0,0
13/07/2008 02:00,0,0,0,0,0,0,0
13/07/2008 03:00,0,0,0,0,0,0,0
13/07/2008 04:00,0.00157,0.00196,0.00216,0,0.00431,0.00148,0.00215
13/07/2008 05:00,0.02301,0.01705,0.01617,0.00592,0.00482,0.01657,0.02567
13/07/2008 06:00,0.05925,0.04591,0.04564,0.03232,0.02706,0.04881,0.07619
13/07/2008 07:00,0.10839,0.11597,0.07351,0.05695,0.06191,0.05377,0.13074
13/07/2008 08:00,0.15932,0.14046,0.22023,0.07875,0.07758,0.10484,0.15563
13/07/2008 09:00,0.21077,0.15226,0.14339,0.15522,0.09442,0.1457,0.15336
13/07/2008 10:00,0.21348,0.11699,0.13342,0.16435,0.13746,0.12875,0.12376
13/07/2008 11:00,0.21894,0.13527,0.12964,0.22536,0.15492,0.17413,0.18255
13/07/2008 12:00,0.20721,0.15641,0.24172,0.19052,0.13898,0.15025,0.15578
13/07/2008 13:00,0.18164,0.17304,0.20433,0.16093,0.10104,0.12265,0.0794
13/07/2008 14:00,0.14115,0.12795,0.2123,0.14759,0.08133,0.08181,0.15723
13/07/2008 15:00,0.12185,0.12522,0.13979,0.09606,0.07326,0.10312,0.31482
13/07/2008 16:00,0.08212,0.08954,0.10039,0.06327,0.05504,0.05595,0.06148
13/07/2008 17:00,0.0481,0.04135,0.03774,0.02963,0.01843,0.02068,0.01329
13/07/2008 18:00,0.01594,0.0178,0.01614,0.00311,0.00413,0.01013,0.00292
13/07/2008 19:00,0,0,0,0,0,0,0
13/07/2008 20:00,0,0,0,0,0,0,0
13/07/2008 21:00,0,0,0,0,0,0,0
13/07/2008 22:00,0,0,0,0,0,0,0
13/07/2008 23:00,0,0,0,0,0,0,0
14/07/2008 00:00,0,0,0,0,0,0,0
14/07/2008 01:00,0,0,0,0,0,0,0
14/07/2008 02:00,0,0,0,0,0,0,0
14/07/2008 03:00,0,0,0,0,0,0,0
14/07/2008 04:00,0.00096,0.00027,0.00112,0.00047,0.00225,0.00205,0.0013
14/07/2008 05:00,0.00516,0.00544,0.01253,0.00648,0.00653,0.00644,0.01127
14/07/2008 06:00,0.02127,0.02266,0.02031,0.01453,0.02051,0.01908,0.02648
14/07/2008 07:00,0.04447,0.04521,0.04499,0.04054,0.03754,0.03537,0.03976
14/07/2008 08:00,0.08671,0.08807,0.20399,0.0939,0.06704,0.0653,0.0728
14/07/2008 09:00,0.17913,0.16542,0.28805,0.12869,0.11275,0.10336,0.20126
14/07/2008 10:00,0.28472,0.18902,0.3503,0.21319,0.146,0.14493,0.44068
14/07/2008 11:00,0.41591,0.28393,0.2139,0.25635,0.20266,0.1624,0.7477
14/07/2008 12:00,0.49335,0.33967,0.29579,0.19646,0.23784,0.13544,0.7537
14/07/2008 13:00,0.50134,0.30074,0.20481,0.24556,0.20292,0.1418,0.7173
14/07/2008 14:00,0.43764,0.28016,0.16358,0.20885,0.15487,0.08321,0.6087
14/07/2008 15:00,0.34493,0.20291,0.17048,0.11798,0.14027,0.0923,0.41716
14/07/2008 16:00,0.23312,0.15224,0.16348,0.13851,0.11006,0.06366,0.28132
14/07/2008 17:00,0.12012,0.08095,0.06901,0.08284,0.05731,0.05149,0.11233
14/07/2008 18:00,0.03116,0.0272,0.02518,0.0212,0.01653,0.01893,0.02821
14/07/2008 19:00,0,0,0,0,0,0,0
14/07/2008 20:00,0,0,0,0,0,0,0
14/07/2008 21:00,0,0,0,0,0,0,0
14/07/2008 22:00,0,0,0,0,0,0,0
14/07/2008 23:00,0,0,0,0,0,0,0
15/07/2008 00:00,0,0,0,0,0,0,0
15/07/2008 01:00,0,0,0,0,0,0,0
15/07/2008 02:00,0,0,0,0,0,0,0
15/07/2008 03:00,0,0,0,0,0,0,0
15/07/2008 04:00,0.00167,0.00104,0.00076,0.003,0.00402,0.00212,0.00221
15/07/2008 05:00,0.03399,0.0366,0.04094,0.03861,0.04616,0.03455,0.02659
15/07/2008 06:00,0.15993,0.16063,0.14931,0.17974,0.17973,0.1764,0.18189
15/07/2008 07:00,0.35935,0.35202,0.31748,0.3855,0.35139,0.37065,0.3946
15/07/2008 08:00,0.52939,0.52982,0.5349,0.56645,0.49484,0.5345,0.57266
15/07/2008 09:00,0.65584,0.65441,0.69152,0.69334,0.60006,0.65392,0.70263
15/07/2008 10:00,0.74719,0.73206,0.77584,0.7684,0.6758,0.73184,0.79129
15/07/2008 11:00,0.79392,0.77629,0.80503,0.79533,0.71489,0.76735,0.83121
15/07/2008 12:00,0.79212,0.77892,0.81249,0.80495,0.72547,0.77374,0.82202
15/07/2008 13:00,0.75078,0.73545,0.77026,0.7639,0.69393,0.72967,0.76668
15/07/2008 14:00,0.65728,0.65413,0.66982,0.66422,0.61586,0.64559,0.66297
15/07/2008 15:00,0.5177,0.51388,0.52025,0.51266,0.4836,0.50438,0.51224
15/07/2008 16:00,0.33508,0.33403,0.33094,0.32335,0.30573,0.31925,0.32073
15/07/2008 17:00,0.13623,0.13633,0.1301,0.12287,0.11314,0.12514,0.11592
15/07/2008 18:00,0.0292,0.03115,0.03142,0.03081,0.02602,0.02964,0.02479
15/07/2008 19:00,0,0,0,0,0,0,0
15/07/2008 20:00,0,0,0,0,0,0,0
15/07/2008 21:00,0,0,0,0,0,0,0
15/07/2008 22:00,0,0,0,0,0,0,0
15/07/2008 23:00,0,0,0,0,0,0,0
16/07/2008 00:00,0,0,0,0,0,0,0
16/07/2008 01:00,0,0,0,0,0,0,0
16/07/2008 02:00,0,0,0,0,0,0,0
16/07/2008 03:00,0,0,0,0,0,0,0
16/07/2008 04:00,0.00173,0.00109,0.00076,0.00284,0.00415,0.00197,0.00174
16/07/2008 05:00,0.03133,0.0305,0.02887,0.0297,0.03357,0.02837,0.02622
16/07/2008 06:00,0.15737,0.16182,0.17072,0.18013,0.18914,0.1752,0.17748
16/07/2008 07:00,0.36402,0.36742,0.37851,0.38781,0.38859,0.38021,0.38453
16/07/2008 08:00,0.53938,0.5428,0.55493,0.56303,0.55439,0.55198,0.55946
16/07/2008 09:00,0.66889,0.67341,0.68344,0.69081,0.67914,0.67838,0.68706
16/07/2008 10:00,0.75809,0.75914,0.76676,0.77801,0.76314,0.76598,0.77271
16/07/2008 11:00,0.80163,0.80287,0.79475,0.82091,0.80289,0.80567,0.80924
16/07/2008 12:00,0.79436,0.79724,0.79489,0.81305,0.79793,0.80411,0.79977
16/07/2008 13:00,0.74436,0.74255,0.73379,0.76085,0.748,0.74735,0.72849
16/07/2008 14:00,0.64745,0.64033,0.61204,0.65994,0.64621,0.62525,0.61441
16/07/2008 15:00,0.50375,0.49756,0.50214,0.50764,0.4916,0.45534,0.47352
16/07/2008 16:00,0.31116,0.28844,0.27817,0.31291,0.29814,0.24662,0.29147
16/07/2008 17:00,0.12921,0.11986,0.11948,0.11981,0.10739,0.08612,0.10907
16/07/2008 18:00,0.02908,0.02885,0.03037,0.0282,0.02444,0.01581,0.02842
16/07/2008 19:00,0,0,0,0,0,0,0
16/07/2008 20:00,0,0,0,0,0,0,0
16/07/2008 21:00,0,0,0,0,0,0,0
16/07/2008 22:00,0,0,0,0,0,0,0
16/07/2008 23:00,0,0,0,0,0,0,0
17/07/2008 00:00,0,0,0,0,0,0,0
17/07/2008 01:00,0,0,0,0,0,0,0
17/07/2008 02:00,0,0,0,0,0,0,0
17/07/2008 03:00,0,0,0,0,0,0,0
17/07/2008 04:00,0,0,0,0,0.0025,0.00091,0.00139
17/07/2008 05:00,0.01596,0.00743,0.00354,0.00487,0.02939,0.00924,0.04279
17/07/2008 06:00,0.05013,0.02485,0.01468,0.01329,0.03855,0.02458,0.07855
17/07/2008 07:00,0.14364,0.03599,0.02504,0.03607,0.07948,0.03933,0.17571
17/07/2008 08:00,0.17449,0.05844,0.04759,0.04146,0.11074,0.06423,0.2476
17/07/2008 09:00,0.18439,0.08332,0.06663,0.06534,0.11646,0.0718,0.2965
17/07/2008 10:00,0.16595,0.08566,0.07135,0.06288,0.1221,0.09874,0.1978
17/07/2008 11:00,0.21874,0.11724,0.0765,0.07634,0.1458,0.13041,0.14926
17/07/2008 12:00,0.1767,0.11269,0.12126,0.07023,0.1488,0.09364,0.20341
17/07/2008 13:00,0.12874,0.11856,0.13711,0.10984,0.13701,0.05998,0.18456
17/07/2008 14:00,0.12991,0.13538,0.11293,0.11071,0.12747,0.07302,0.19924
17/07/2008 15:00,0.13191,0.1395,0.16828,0.13125,0.11938,0.07268,0.30742
17/07/2008 16:00,0.07995,0.08833,0.12617,0.13427,0.07608,0.06869,0.19558
17/07/2008 17:00,0.05278,0.04331,0.04974,0.05626,0.04892,0.03901,0.05406
17/07/2008 18:00,0.01708,0.01355,0.01262,0.00603,0.01106,0.0092,0.01497
17/07/2008 19:00,0,0,0,0,0,0,0
17/07/2008 20:00,0,0,0,0,0,0,0
17/07/2008 21:00,0,0,0,0,0,0,0
17/07/2008 22:00,0,0,0,0,0,0,0
17/07/2008 23:00,0,0,0,0,0,0,0
18/07/2008 00:00,0,0,0,0,0,0,0
18/07/2008 01:00,0,0,0,0,0,0,0
18/07/2008 02:00,0,0,0,0,0,0,0
18/07/2008 03:00,0,0,0,0,0,0,0
18/07/2008 04:00,0,0,0.00094,0.00114,0.00159,0,0
18/07/2008 05:00,0.01888,0.02053,0.027,0.02927,0.02382,0.01426,0.03595
18/07/2008 06:00,0.08803,0.09023,0.1041,0.12219,0.08297,0.05854,0.14102
18/07/2008 07:00,0.21435,0.21389,0.22224,0.25103,0.18256,0.12585,0.37647
18/07/2008 08:00,0.33388,0.33344,0.36651,0.42155,0.27789,0.19776,0.50658
18/07/2008 09:00,0.44373,0.43297,0.48354,0.35005,0.33135,0.28548,0.55515
18/07/2008 10:00,0.50334,0.50496,0.47132,0.32996,0.32372,0.34455,0.57638
18/07/2008 11:00,0.60931,0.50254,0.39846,0.59193,0.35953,0.50537,0.60092
18/07/2008 12:00,0.60441,0.5443,0.35476,0.42765,0.4184,0.52395,0.56584
18/07/2008 13:00,0.55305,0.52477,0.66249,0.53955,0.42795,0.37496,0.51317
18/07/2008 14:00,0.49547,0.44415,0.48335,0.53463,0.38243,0.33087,0.45598
18/07/2008 15:00,0.40211,0.35485,0.36024,0.39608,0.32805,0.23226,0.32053
18/07/2008 16:00,0.25172,0.22531,0.18438,0.14833,0.20783,0.1519,0.22677
18/07/2008 17:00,0.12128,0.11348,0.11606,0.0913,0.08865,0.06591,0.11275
18/07/2008 18:00,0.03086,0.03076,0.03306,0.03001,0.02286,0.02227,0.02708
18/07/2008 19:00,0,0,0,0,0,0,0
18/07/2008 20:00,0,0,0,0,0,0,0
18/07/2008 21:00,0,0,0,0,0,0,0
18/07/2008 22:00,0,0,0,0,0,0,0
18/07/2008 23:00,0,0,0,0,0,0,0
19/07/2008 00:00,0,0,0,0,0,0,0
19/07/2008 01:00,0,0,0,0,0,0,0
19/07/2008 02:00,0,0,0,0,0,0,0
19/07/2008 03:00,0,0,0,0,0,0,0
19/07/2008 04:00,0,0,0,0.00139,0.00271,0.0015,0
19/07/2008 05:00,0.03097,0.03684,0.0377,0.03645,0.03096,0.03008,0.03618
19/07/2008 06:00,0.15442,0.15741,0.16632,0.16421,0.18632,0.16852,0.1547
19/07/2008 07:00,0.3667,0.36961,0.3636,0.38673,0.39269,0.37462,0.3021
19/07/2008 08:00,0.54535,0.53878,0.55951,0.56431,0.55662,0.56365,0.46033
19/07/2008 09:00,0.67787,0.68174,0.66464,0.69801,0.67727,0.70197,0.53572
19/07/2008 10:00,0.75249,0.77166,0.75145,0.79491,0.75921,0.78835,0.56133
19/07/2008 11:00,0.78388,0.82442,0.80377,0.83557,0.78303,0.82717,0.56292
19/07/2008 12:00,0.76837,0.79442,0.74969,0.83546,0.75074,0.81015,0.56516
19/07/2008 13:00,0.65389,0.64473,0.59202,0.71555,0.65927,0.71821,0.47725
19/07/2008 14:00,0.47205,0.52289,0.53486,0.56165,0.48243,0.57406,0.37731
19/07/2008 15:00,0.37059,0.38123,0.40581,0.44821,0.30546,0.35976,0.3084
19/07/2008 16:00,0.24135,0.23559,0.20684,0.30622,0.17853,0.22436,0.20924
19/07/2008 17:00,0.10764,0.11691,0.08581,0.10097,0.079,0.08867,0.08703
19/07/2008 18:00,0.02703,0.02802,0.02852,0.02518,0.02076,0.02372,0.02782
19/07/2008 19:00,0,0,0,0,0,0,0
19/07/2008 20:00,0,0,0,0,0,0,0
19/07/2008 21:00,0,0,0,0,0,0,0
19/07/2008 22:00,0,0,0,0,0,0,0
19/07/2008 23:00,0,0,0,0,0,0,0
20/07/2008 00:00,0,0,0,0,0,0,0
20/07/2008 01:00,0,0,0,0,0,0,0
20/07/2008 02:00,0,0,0,0,0,0,0
20/07/2008 03:00,0,0,0,0,0,0,0
20/07/2008 04:00,0,0,0,0.00082,0.0018,5.00E-04,0
20/07/2008 05:00,0.03431,0.031,0.02301,0.01842,0.02901,0.0308,0.03615
20/07/2008 06:00,0.14609,0.12198,0.09627,0.06887,0.14077,0.1024,0.14689
20/07/2008 07:00,0.34543,0.2826,0.19024,0.13712,0.2747,0.21499,0.30439
20/07/2008 08:00,0.49988,0.39094,0.21633,0.18537,0.42032,0.42594,0.48273
20/07/2008 09:00,0.48486,0.40706,0.2328,0.28162,0.52002,0.42823,0.56171
20/07/2008 10:00,0.55673,0.39808,0.26807,0.28833,0.46043,0.33633,0.36947
20/07/2008 11:00,0.40093,0.35642,0.15219,0.28167,0.34218,0.25363,0.35509
20/07/2008 12:00,0.276,0.28807,0.24626,0.1791,0.25343,0.18701,0.18821
20/07/2008 13:00,0.23131,0.2078,0.14815,0.08589,0.2381,0.10115,0.19651
20/07/2008 14:00,0.18166,0.20758,0.40987,0.25402,0.16217,0.05791,0.12923
20/07/2008 15:00,0.12594,0.23271,0.26708,0.1239,0.11065,0.18022,0.05019
20/07/2008 16:00,0.15846,0.16894,0.23969,0.16476,0.07288,0.11271,0.08584
20/07/2008 17:00,0.08625,0.08953,0.12772,0.07181,0.03411,0.05165,0.07542
20/07/2008 18:00,0.02355,0.02222,0.02949,0.01771,0.01008,0.01287,0.02247
20/07/2008 19:00,0,0,0,0,0,0,0
20/07/2008 20:00,0,0,0,0,0,0,0
20/07/2008 21:00,0,0,0,0,0,0,0
20/07/2008 22:00,0,0,0,0,0,0,0
20/07/2008 23:00,0,0,0,0,0,0,0
21/07/2008 00:00,0,0,0,0,0,0,0
21/07/2008 01:00,0,0,0,0,0,0,0
21/07/2008 02:00,0,0,0,0,0,0,0
21/07/2008 03:00,0,0,0,0,0,0,0
21/07/2008 04:00,0,0,0,0,0.00127,0,0
21/07/2008 05:00,0.03582,0.03525,0.04017,0.04024,0.03216,0.02548,0.03036
21/07/2008 06:00,0.1472,0.14319,0.1592,0.1054,0.12524,0.0855,0.17492
21/07/2008 07:00,0.33873,0.303,0.28561,0.22872,0.25199,0.15871,0.38621
21/07/2008 08:00,0.51651,0.4124,0.29918,0.29003,0.38025,0.26259,0.57017
21/07/2008 09:00,0.63299,0.52904,0.46061,0.42631,0.52092,0.37948,0.69384
21/07/2008 10:00,0.71118,0.59776,0.5193,0.5019,0.60409,0.45788,0.78846
21/07/2008 11:00,0.74599,0.66614,0.6854,0.58895,0.66186,0.48565,0.7605
21/07/2008 12:00,0.7219,0.65143,0.56975,0.58503,0.67064,0.51076,0.69252
21/07/2008 13:00,0.70424,0.54748,0.53554,0.45291,0.61353,0.41029,0.59987
21/07/2008 14:00,0.61573,0.46015,0.60773,0.45225,0.51205,0.26452,0.55898
21/07/2008 15:00,0.46272,0.3288,0.42506,0.27403,0.38138,0.16251,0.4287
21/07/2008 16:00,0.29013,0.2038,0.24499,0.12149,0.22554,0.09595,0.28514
21/07/2008 17:00,0.12618,0.09258,0.10422,0.06957,0.0916,0.04955,0.11726
21/07/2008 18:00,0.02877,0.02327,0.02721,0.01965,0.02044,0.01144,0.02626
21/07/2008 19:00,0,0,0,0,0,0,0
21/07/2008 20:00,0,0,0,0,0,0,0
21/07/2008 21:00,0,0,0,0,0,0,0
21/07/2008 22:00,0,0,0,0,0,0,0
21/07/2008 23:00,0,0,0,0,0,0,0
22/07/2008 00:00,0,0,0,0,0,0,0
22/07/2008 01:00,0,0,0,0,0,0,0
22/07/2008 02:00,0,0,0,0,0,0,0
22/07/2008 03:00,0,0,0,0,0,0,0
22/07/2008 04:00,0,0,0,0,0.00099,0,0
22/07/2008 05:00,0.03369,0.02396,0.01915,0.01282,0.01987,0.01562,0.03449
22/07/2008 06:00,0.13781,0.08864,0.06295,0.03719,0.07629,0.05409,0.16618
22/07/2008 07:00,0.29655,0.21163,0.17132,0.09135,0.16198,0.14313,0.36548
22/07/2008 08:00,0.49784,0.39257,0.34738,0.20383,0.28326,0.25126,0.56908
22/07/2008 09:00,0.68299,0.49384,0.36393,0.48767,0.36879,0.37268,0.70861
22/07/2008 10:00,0.76102,0.47941,0.4857,0.54137,0.41951,0.35483,0.80709
22/07/2008 11:00,0.78307,0.50462,0.59898,0.51776,0.4796,0.43418,0.85661
22/07/2008 12:00,0.73695,0.53935,0.53976,0.3951,0.47024,0.40557,0.84848
22/07/2008 13:00,0.67688,0.53755,0.52217,0.45166,0.4449,0.33348,0.78266
22/07/2008 14:00,0.60052,0.49317,0.49673,0.51504,0.34621,0.29932,0.6606
22/07/2008 15:00,0.49198,0.39379,0.42676,0.40492,0.27868,0.26567,0.5075
22/07/2008 16:00,0.31574,0.25345,0.27542,0.23,0.18007,0.16247,0.31453
22/07/2008 17:00,0.13156,0.11537,0.12096,0.11695,0.07375,0.0717,0.11586
22/07/2008 18:00,0.02899,0.02674,0.02938,0.02207,0.0168,0.01639,0.02536
22/07/2008 19:00,0,0,0,0,0,0,0
22/07/2008 20:00,0,0,0,0,0,0,0
22/07/2008 21:00,0,0,0,0,0,0,0
22/07/2008 22:00,0,0,0,0,0,0,0
22/07/2008 23:00,0,0,0,0,0,0,0
23/07/2008 00:00,0,0,0,0,0,0,0
23/07/2008 01:00,0,0,0,0,0,0,0
23/07/2008 02:00,0,0,0,0,0,0,0
23/07/2008 03:00,0,0,0,0,0,0,0
23/07/2008 04:00,0,0,0,0,0.00083,0,0
23/07/2008 05:00,0.031,0.03395,0.03565,0.03831,0.03532,0.03573,0.02488
23/07/2008 06:00,0.15203,0.15694,0.15387,0.17246,0.14832,0.14897,0.17494
23/07/2008 07:00,0.36814,0.36753,0.37396,0.38535,0.31962,0.33024,0.39378
23/07/2008 08:00,0.561,0.54312,0.54319,0.55841,0.48175,0.48035,0.584
23/07/2008 09:00,0.70659,0.67616,0.64985,0.6954,0.60114,0.63254,0.7238
23/07/2008 10:00,0.80642,0.7651,0.73891,0.74925,0.66416,0.72134,0.81536
23/07/2008 11:00,0.85308,0.81961,0.76686,0.8197,0.69907,0.7542,0.85393
23/07/2008 12:00,0.84475,0.80979,0.80178,0.81998,0.70375,0.70884,0.8403
23/07/2008 13:00,0.78922,0.75672,0.77597,0.77205,0.6356,0.66561,0.78432
23/07/2008 14:00,0.68286,0.6615,0.68083,0.66702,0.53486,0.56189,0.66995
23/07/2008 15:00,0.53079,0.51799,0.52885,0.51668,0.43819,0.45354,0.51676
23/07/2008 16:00,0.33745,0.33323,0.33434,0.32444,0.27576,0.2989,0.32043
23/07/2008 17:00,0.13307,0.13278,0.12689,0.1195,0.10934,0.12158,0.11334
23/07/2008 18:00,0.02698,0.02771,0.02838,0.02758,0.02386,0.02663,0.02341
23/07/2008 19:00,0,0,0,0,0,0,0
23/07/2008 20:00,0,0,0,0,0,0,0
23/07/2008 21:00,0,0,0,0,0,0,0
23/07/2008 22:00,0,0,0,0,0,0,0
23/07/2008 23:00,0,0,0,0,0,0,0
24/07/2008 00:00,0,0,0,0,0,0,0
24/07/2008 01:00,0,0,0,0,0,0,0
24/07/2008 02:00,0,0,0,0,0,0,0
24/07/2008 03:00,0,0,0,0,0,0,0
24/07/2008 04:00,0,0,0,0,0.00095,0,0
24/07/2008 05:00,0.02958,0.03058,0.02741,0.02423,0.02716,0.02536,0.02374
24/07/2008 06:00,0.15022,0.15516,0.16418,0.17369,0.1851,0.16901,0.17118
24/07/2008 07:00,0.36415,0.3687,0.37754,0.38703,0.40112,0.38342,0.38311
24/07/2008 08:00,0.54502,0.55139,0.5603,0.56892,0.57952,0.56464,0.56025
24/07/2008 09:00,0.67431,0.68559,0.6952,0.70216,0.70911,0.69834,0.68753
24/07/2008 10:00,0.7636,0.77302,0.78514,0.78815,0.79146,0.78753,0.77106
24/07/2008 11:00,0.80532,0.81179,0.82126,0.82488,0.8249,0.82394,0.80682
24/07/2008 12:00,0.7984,0.79439,0.80856,0.80857,0.81169,0.81024,0.79698
24/07/2008 13:00,0.7521,0.75129,0.7514,0.75198,0.74921,0.73267,0.74607
24/07/2008 14:00,0.65832,0.65317,0.6561,0.63947,0.62207,0.588,0.64559
24/07/2008 15:00,0.51563,0.49663,0.51294,0.50497,0.47376,0.4661,0.49915
24/07/2008 16:00,0.33013,0.31166,0.32325,0.31602,0.29367,0.29123,0.31103
24/07/2008 17:00,0.12895,0.1271,0.1232,0.11586,0.1058,0.113,0.10975
24/07/2008 18:00,0.02591,0.02745,0.02788,0.02639,0.02222,0.0255,0.02281
24/07/2008 19:00,0,0,0,0,0,0,0
24/07/2008 20:00,0,0,0,0,0,0,0
24/07/2008 21:00,0,0,0,0,0,0,0
24/07/2008 22:00,0,0,0,0,0,0,0
24/07/2008 23:00,0,0,0,0,0,0,0
25/07/2008 00:00,0,0,0,0,0,0,0
25/07/2008 01:00,0,0,0,0,0,0,0
25/07/2008 02:00,0,0,0,0,0,0,0
25/07/2008 03:00,0,0,0,0,0,0,0
25/07/2008 04:00,0,0,0,0,0.0012,0,0
25/07/2008 05:00,0.03223,0.03364,0.03335,0.03057,0.02906,0.02805,0.02621
25/07/2008 06:00,0.14255,0.152,0.16005,0.16901,0.18046,0.16513,0.16728
25/07/2008 07:00,0.32967,0.3531,0.36382,0.37355,0.39045,0.37348,0.37424
25/07/2008 08:00,0.51025,0.51502,0.53573,0.54566,0.56367,0.54784,0.54911
25/07/2008 09:00,0.62422,0.63647,0.65795,0.66863,0.68906,0.67333,0.675
25/07/2008 10:00,0.71982,0.7381,0.74666,0.75866,0.77602,0.76453,0.75518
25/07/2008 11:00,0.76187,0.78487,0.78612,0.80348,0.8157,0.8038,0.78728
25/07/2008 12:00,0.75929,0.78217,0.78427,0.79637,0.80444,0.80249,0.78354
25/07/2008 13:00,0.72812,0.73253,0.73772,0.74463,0.74797,0.7558,0.73339
25/07/2008 14:00,0.60814,0.6264,0.63738,0.6401,0.64581,0.65542,0.64291
25/07/2008 15:00,0.46816,0.48584,0.49479,0.49212,0.49621,0.50771,0.49408
25/07/2008 16:00,0.2974,0.30031,0.31084,0.30895,0.30268,0.31425,0.3056
25/07/2008 17:00,0.11035,0.12143,0.12134,0.1141,0.10341,0.11567,0.10919
25/07/2008 18:00,0.0246,0.02662,0.02833,0.02411,0.0206,0.02506,0.0231
25/07/2008 19:00,0,0,0,0,0,0,0
25/07/2008 20:00,0,0,0,0,0,0,0
25/07/2008 21:00,0,0,0,0,0,0,0
25/07/2008 22:00,0,0,0,0,0,0,0
25/07/2008 23:00,0,0,0,0,0,0,0
26/07/2008 00:00,0,0,0,0,0,0,0
26/07/2008 01:00,0,0,0,0,0,0,0
26/07/2008 02:00,0,0,0,0,0,0,0
26/07/2008 03:00,0,0,0,0,0,0,0
26/07/2008 04:00,0,0,0,0,0,0,0
26/07/2008 05:00,0.02139,0.0178,0.01862,0.01128,0.02055,0.01165,0.00627
26/07/2008 06:00,0.0891,0.0576,0.09243,0.11281,0.12233,0.05428,0.02602
26/07/2008 07:00,0.24621,0.15714,0.23141,0.30034,0.2778,0.19324,0.09349
26/07/2008 08:00,0.43428,0.3389,0.34381,0.44693,0.36851,0.36021,0.23292
26/07/2008 09:00,0.55116,0.46172,0.41768,0.57677,0.46093,0.46734,0.34296
26/07/2008 10:00,0.56959,0.54822,0.42849,0.56806,0.50049,0.38064,0.31916
26/07/2008 11:00,0.54789,0.56004,0.41497,0.55062,0.52674,0.3383,0.40345
26/07/2008 12:00,0.50635,0.41443,0.50035,0.56309,0.51678,0.28551,0.37758
26/07/2008 13:00,0.09929,0.09745,0.09495,0.09494,0.09665,0.09644,0.0975
26/07/2008 14:00,0.2626,0.4157,0.52247,0.53244,0.40716,0.29947,0.28307
26/07/2008 15:00,0.15593,0.30345,0.21893,0.32983,0.29147,0.22688,0.27409
26/07/2008 16:00,0.08461,0.17957,0.09003,0.22597,0.14048,0.15719,0.13194
26/07/2008 17:00,0.04293,0.06994,0.03601,0.10299,0.0422,0.06423,0.04322
26/07/2008 18:00,0.01003,0.01778,0.01973,0.02162,0.00534,0.01433,0.01047
26/07/2008 19:00,0,0,0,0,0,0,0
26/07/2008 20:00,0,0,0,0,0,0,0
26/07/2008 21:00,0,0,0,0,0,0,0
26/07/2008 22:00,0,0,0,0,0,0,0
26/07/2008 23:00,0,0,0,0,0,0,0
27/07/2008 00:00,0,0,0,0,0,0,0
27/07/2008 01:00,0,0,0,0,0,0,0
27/07/2008 02:00,0,0,0,0,0,0,0
27/07/2008 03:00,0,0,0,0,0,0,0
27/07/2008 04:00,0,0,0,0,0,0,0
27/07/2008 05:00,0.03006,0.03087,0.01989,0.01418,0.02142,0.01369,0.03364
27/07/2008 06:00,0.13166,0.12373,0.07645,0.03829,0.10731,0.04975,0.09875
27/07/2008 07:00,0.31585,0.27512,0.12025,0.12194,0.23932,0.17794,0.19542
27/07/2008 08:00,0.48216,0.41748,0.24808,0.20712,0.31585,0.3914,0.30262
27/07/2008 09:00,0.59297,0.48426,0.346,0.35296,0.29904,0.4263,0.47173
27/07/2008 10:00,0.55607,0.52325,0.41133,0.54069,0.27108,0.33307,0.4557
27/07/2008 11:00,0.52052,0.53679,0.48835,0.6039,0.3986,0.33311,0.44587
27/07/2008 12:00,0.43543,0.49241,0.59102,0.6251,0.34772,0.30978,0.27975
27/07/2008 13:00,0.30832,0.45836,0.57204,0.57142,0.29221,0.31573,0.28377
27/07/2008 14:00,0.25611,0.36357,0.47758,0.42281,0.21312,0.23923,0.19688
27/07/2008 15:00,0.22559,0.24163,0.36267,0.29742,0.22947,0.22799,0.15972
27/07/2008 16:00,0.15806,0.17253,0.22491,0.1854,0.13357,0.13215,0.11593
27/07/2008 17:00,0.08715,0.08021,0.10835,0.10137,0.06969,0.06617,0.08185
27/07/2008 18:00,0.0211,0.01989,0.01866,0.02394,0.0163,0.02042,0.01954
27/07/2008 19:00,0,0,0,0,0,0,0
27/07/2008 20:00,0,0,0,0,0,0,0
27/07/2008 21:00,0,0,0,0,0,0,0
27/07/2008 22:00,0,0,0,0,0,0,0
27/07/2008 23:00,0,0,0,0,0,0,0
28/07/2008 00:00,0,0,0,0,0,0,0
28/07/2008 01:00,0,0,0,0,0,0,0
28/07/2008 02:00,0,0,0,0,0,0,0
28/07/2008 03:00,0,0,0,0,0,0,0
28/07/2008 04:00,0,0,0,0,0,0,0
28/07/2008 05:00,0.03138,0.03124,0.0245,0.02374,0.03421,0.02723,0.02615
28/07/2008 06:00,0.13758,0.14569,0.13918,0.12517,0.15806,0.14631,0.08966
28/07/2008 07:00,0.32236,0.34554,0.34537,0.30643,0.32734,0.32141,0.15417
28/07/2008 08:00,0.45841,0.51777,0.52658,0.42365,0.44188,0.48617,0.23438
28/07/2008 09:00,0.54238,0.59834,0.64366,0.57871,0.50279,0.52151,0.27544
28/07/2008 10:00,0.58562,0.58405,0.70831,0.68443,0.46224,0.47954,0.37169
28/07/2008 11:00,0.62687,0.57277,0.71525,0.73909,0.45845,0.56922,0.44392
28/07/2008 12:00,0.57446,0.55039,0.68545,0.62424,0.37147,0.45116,0.49003
28/07/2008 13:00,0.51929,0.41402,0.58533,0.58553,0.33982,0.34117,0.49639
28/07/2008 14:00,0.43931,0.33573,0.54974,0.43982,0.26791,0.21733,0.46839
28/07/2008 15:00,0.34323,0.30507,0.36451,0.18937,0.18831,0.06733,0.32502
28/07/2008 16:00,0.21769,0.22799,0.22564,0.04564,0.10335,0.10216,0.18446
28/07/2008 17:00,0.0915,0.10247,0.10699,0.0441,0.03846,0.06766,0.08028
28/07/2008 18:00,0.01872,0.02267,0.02131,0.00711,0.00485,0.0181,0.01696
28/07/2008 19:00,0,0,0,0,0,0,0
28/07/2008 20:00,0,0,0,0,0,0,0
28/07/2008 21:00,0,0,0,0,0,0,0
28/07/2008 22:00,0,0,0,0,0,0,0
28/07/2008 23:00,0,0,0,0,0,0,0
29/07/2008 00:00,0,0,0,0,0,0,0
29/07/2008 01:00,0,0,0,0,0,0,0
29/07/2008 02:00,0,0,0,0,0,0,0
29/07/2008 03:00,0,0,0,0,0,0,0
29/07/2008 04:00,0,0,0,0,0,0,0
29/07/2008 05:00,0.01686,0.00782,0.02605,0.00577,0.02586,0.0137,0.0315
29/07/2008 06:00,0.0747,0.04984,0.11972,0.06926,0.10185,0.05567,0.13484
29/07/2008 07:00,0.23568,0.17416,0.16227,0.22481,0.19906,0.12998,0.23054
29/07/2008 08:00,0.45548,0.37626,0.26468,0.37204,0.34328,0.16419,0.27639
29/07/2008 09:00,0.62945,0.57839,0.45908,0.445,0.51297,0.36247,0.50447
29/07/2008 10:00,0.67061,0.70708,0.51864,0.47111,0.58588,0.54839,0.59276
29/07/2008 11:00,0.52622,0.46053,0.49587,0.49014,0.47384,0.41614,0.5756
29/07/2008 12:00,0.33182,0.49239,0.7392,0.75107,0.51501,0.74043,0.68677
29/07/2008 13:00,0.36567,0.36231,0.5732,0.72772,0.5295,0.65065,0.64423
29/07/2008 14:00,0.36751,0.26713,0.50807,0.619,0.49303,0.38591,0.55689
29/07/2008 15:00,0.265,0.27027,0.26402,0.39671,0.39234,0.12543,0.39191
29/07/2008 16:00,0.17669,0.20101,0.21358,0.18438,0.19635,0.15148,0.11583
29/07/2008 17:00,0.08673,0.08155,0.08422,0.10368,0.05342,0.10134,0.05647
29/07/2008 18:00,0.02099,0.01517,0.01242,0.01994,0.00965,0.01744,0.01462
29/07/2008 19:00,0,0,0,0,0,0,0
29/07/2008 20:00,0,0,0,0,0,0,0
29/07/2008 21:00,0,0,0,0,0,0,0
29/07/2008 22:00,0,0,0,0,0,0,0
29/07/2008 23:00,0,0,0,0,0,0,0
30/07/2008 00:00,0,0,0,0,0,0,0
30/07/2008 01:00,0,0,0,0,0,0,0
30/07/2008 02:00,0,0,0,0,0,0,0
30/07/2008 03:00,0,0,0,0,0,0,0
30/07/2008 04:00,0,0,0,0,0,0,0
30/07/2008 05:00,0.02857,0.02878,0.03665,0.03452,0.03416,0.03263,0.03555
30/07/2008 06:00,0.13863,0.13956,0.14709,0.15659,0.17009,0.15338,0.15691
30/07/2008 07:00,0.33506,0.32251,0.33858,0.34905,0.37091,0.31454,0.35095
30/07/2008 08:00,0.51309,0.49841,0.50352,0.51982,0.52047,0.53039,0.54005
30/07/2008 09:00,0.60978,0.6197,0.62896,0.64628,0.60148,0.63157,0.6667
30/07/2008 10:00,0.63279,0.63459,0.69419,0.7218,0.56949,0.62119,0.7115
30/07/2008 11:00,0.59833,0.44881,0.60963,0.74982,0.574,0.62794,0.69408
30/07/2008 12:00,0.49811,0.33226,0.28896,0.66387,0.54357,0.46946,0.63328
30/07/2008 13:00,0.45211,0.28764,0.11334,0.33942,0.38883,0.22735,0.40783
30/07/2008 14:00,0.45178,0.27464,0.08478,0.14795,0.21269,0.05128,0.27487
30/07/2008 15:00,0.3133,0.31093,0.11315,0.03225,0.10682,0.02971,0.13582
30/07/2008 16:00,0.15638,0.23755,0.19864,0.03759,0.03111,0.08532,0.05667
30/07/2008 17:00,0.05177,0.07137,0.11465,0.05637,0.01364,0.0889,0.06771
30/07/2008 18:00,0.01212,0.01365,0.02181,0.02046,0.00831,0.02085,0.01746
30/07/2008 19:00,0,0,0,0,0,0,0
30/07/2008 20:00,0,0,0,0,0,0,0
30/07/2008 21:00,0,0,0,0,0,0,0
30/07/2008 22:00,0,0,0,0,0,0,0
30/07/2008 23:00,0,0,0,0,0,0,0
31/07/2008 00:00,0,0,0,0,0,0,0
31/07/2008 01:00,0,0,0,0,0,0,0
31/07/2008 02:00,0,0,0,0,0,0,0
31/07/2008 03:00,0,0,0,0,0,0,0
31/07/2008 04:00,0,0,0,0,0,0,0
31/07/2008 05:00,0.01647,0.02681,0.03164,0.02395,0.02713,0.02618,0.02901
31/07/2008 06:00,0.09569,0.1221,0.14994,0.15932,0.16347,0.15206,0.15466
31/07/2008 07:00,0.29731,0.30225,0.35592,0.36613,0.36125,0.36512,0.35243
31/07/2008 08:00,0.52232,0.52253,0.5318,0.54261,0.55743,0.54571,0.53222
31/07/2008 09:00,0.66825,0.66319,0.65882,0.66883,0.68049,0.67682,0.67853
31/07/2008 10:00,0.75487,0.7538,0.74636,0.75193,0.73154,0.7578,0.76197
31/07/2008 11:00,0.75184,0.78348,0.78171,0.79007,0.71037,0.77872,0.77673
31/07/2008 12:00,0.6589,0.72832,0.76932,0.77723,0.63398,0.73004,0.73875
31/07/2008 13:00,0.53808,0.61247,0.68006,0.72387,0.54325,0.65337,0.66195
31/07/2008 14:00,0.44303,0.48591,0.5039,0.61775,0.51003,0.51923,0.56578
31/07/2008 15:00,0.328,0.35823,0.36185,0.40003,0.39248,0.40057,0.4226
31/07/2008 16:00,0.22219,0.21884,0.20025,0.23653,0.23003,0.24352,0.24913
31/07/2008 17:00,0.09782,0.10228,0.06897,0.0887,0.0834,0.07791,0.0787
31/07/2008 18:00,0.01836,0.02211,0.02176,0.01853,0.01544,0.01339,0.01426
31/07/2008 19:00,0,0,0,0,0,0,0
31/07/2008 20:00,0,0,0,0,0,0,0
31/07/2008 21:00,0,0,0,0,0,0,0
31/07/2008 22:00,0,0,0,0,0,0,0
31/07/2008 23:00,0,0,0,0,0,0,0
01/08/2008 00:00,0,0,0,0,0,0,0
01/08/2008 01:00,0,0,0,0,0,0,0
01/08/2008 02:00,0,0,0,0,0,0,0
01/08/2008 03:00,0,0,0,0,0,0,0
01/08/2008 04:00,0,0,0,0,0,0,0
01/08/2008 05:00,0.02222,0.022,0.00293,0.00293,0.02178,0.01109,0.02039
01/08/2008 06:00,0.1077,0.08145,0.02313,0.01812,0.0955,0.06432,0.0756
01/08/2008 07:00,0.21953,0.16705,0.03491,0.04066,0.24165,0.14595,0.22499
01/08/2008 08:00,0.30274,0.23982,0.09417,0.06826,0.33689,0.25273,0.29918
01/08/2008 09:00,0.38376,0.27642,0.19757,0.2302,0.42036,0.29508,0.41207
01/08/2008 10:00,0.36784,0.27732,0.38383,0.48682,0.48972,0.40575,0.5439
01/08/2008 11:00,0.3354,0.23073,0.31451,0.47995,0.49281,0.33572,0.57594
01/08/2008 12:00,0.21548,0.19892,0.20924,0.23817,0.4208,0.13196,0.58255
01/08/2008 13:00,0.11079,0.15387,0.16108,0.07051,0.2558,0.10766,0.46868
01/08/2008 14:00,0.0755,0.11217,0.10971,0.04339,0.17394,0.04839,0.19438
01/08/2008 15:00,0.08958,0.06779,0.06399,0.03078,0.09794,0.0299,0.04078
01/08/2008 16:00,0.08573,0.05513,0.03808,0.01952,0.04455,0.02099,0.07266
01/08/2008 17:00,0.0354,0.05387,0.04411,0.01064,0.02148,0.0205,0.08798
01/08/2008 18:00,0.00568,0.00915,0.01375,0.00484,0.01184,0.00753,0.01129
01/08/2008 19:00,0,0,0,0,0,0,0
01/08/2008 20:00,0,0,0,0,0,0,0
01/08/2008 21:00,0,0,0,0,0,0,0
01/08/2008 22:00,0,0,0,0,0,0,0
01/08/2008 23:00,0,0,0,0,0,0,0
02/08/2008 00:00,0,0,0,0,0,0,0
02/08/2008 01:00,0,0,0,0,0,0,0
02/08/2008 02:00,0,0,0,0,0,0,0
02/08/2008 03:00,0,0,0,0,0,0,0
02/08/2008 04:00,0,0,0,0,0,0,0
02/08/2008 05:00,0.0242,0.02441,0.02832,0.0285,0.02644,0.02624,0.02464
02/08/2008 06:00,0.12102,0.10425,0.06834,0.13604,0.15911,0.1345,0.15903
02/08/2008 07:00,0.29784,0.24824,0.12954,0.23035,0.35657,0.2776,0.37654
02/08/2008 08:00,0.47572,0.37205,0.2718,0.27717,0.52159,0.42357,0.55872
02/08/2008 09:00,0.62498,0.49154,0.32893,0.47607,0.63539,0.50831,0.68746
02/08/2008 10:00,0.70748,0.49566,0.40015,0.64827,0.6837,0.49516,0.76691
02/08/2008 11:00,0.75531,0.51153,0.38849,0.5667,0.70672,0.46989,0.79877
02/08/2008 12:00,0.74147,0.57759,0.49616,0.6988,0.69217,0.45708,0.78738
02/08/2008 13:00,0.64059,0.57853,0.47467,0.54294,0.63324,0.45992,0.73421
02/08/2008 14:00,0.47046,0.44941,0.45221,0.36538,0.51906,0.35346,0.63264
02/08/2008 15:00,0.36337,0.37291,0.37256,0.34428,0.40588,0.28002,0.48018
02/08/2008 16:00,0.23529,0.22569,0.24496,0.24513,0.23793,0.18281,0.28625
02/08/2008 17:00,0.09514,0.0838,0.10066,0.09834,0.08802,0.08594,0.09755
02/08/2008 18:00,0.01775,0.01447,0.01532,0.01725,0.01367,0.01632,0.0154
02/08/2008 19:00,0,0,0,0,0,0,0
02/08/2008 20:00,0,0,0,0,0,0,0
02/08/2008 21:00,0,0,0,0,0,0,0
02/08/2008 22:00,0,0,0,0,0,0,0
02/08/2008 23:00,0,0,0,0,0,0,0
03/08/2008 00:00,0,0,0,0,0,0,0
03/08/2008 01:00,0,0,0,0,0,0,0
03/08/2008 02:00,0,0,0,0,0,0,0
03/08/2008 03:00,0,0,0,0,0,0,0
03/08/2008 04:00,0,0,0,0,0,0,0
03/08/2008 05:00,0.02273,0.02313,0.02266,0.01599,0.02419,0.02506,0.02502
03/08/2008 06:00,0.13357,0.12671,0.12863,0.10692,0.13176,0.1273,0.1574
03/08/2008 07:00,0.34698,0.31258,0.27291,0.3229,0.32365,0.34004,0.37446
03/08/2008 08:00,0.53519,0.47485,0.3713,0.40129,0.49885,0.5192,0.55686
03/08/2008 09:00,0.68497,0.63274,0.54264,0.61326,0.62846,0.65907,0.68971
03/08/2008 10:00,0.78077,0.74675,0.65563,0.69382,0.71432,0.75343,0.7742
03/08/2008 11:00,0.82352,0.8168,0.7512,0.75582,0.76525,0.80302,0.80568
03/08/2008 12:00,0.81242,0.81366,0.79416,0.78918,0.74915,0.79865,0.78841
03/08/2008 13:00,0.75622,0.75539,0.73529,0.74449,0.70475,0.73619,0.72228
03/08/2008 14:00,0.64692,0.63772,0.63155,0.64801,0.60269,0.61562,0.6127
03/08/2008 15:00,0.50021,0.49093,0.48873,0.50056,0.46332,0.45081,0.47149
03/08/2008 16:00,0.3152,0.31185,0.30747,0.30515,0.28012,0.25932,0.28317
03/08/2008 17:00,0.11459,0.114,0.10848,0.1007,0.09174,0.10082,0.09536
03/08/2008 18:00,0.01779,0.01922,0.01829,0.01751,0.01398,0.01748,0.01493
03/08/2008 19:00,0,0,0,0,0,0,0
03/08/2008 20:00,0,0,0,0,0,0,0
03/08/2008 21:00,0,0,0,0,0,0,0
03/08/2008 22:00,0,0,0,0,0,0,0
03/08/2008 23:00,0,0,0,0,0,0,0
04/08/2008 00:00,0,0,0,0,0,0,0
04/08/2008 01:00,0,0,0,0,0,0,0
04/08/2008 02:00,0,0,0,0,0,0,0
04/08/2008 03:00,0,0,0,0,0,0,0
04/08/2008 04:00,0,0,0,0,0,0,0
04/08/2008 05:00,0.0226,0.01681,0.0193,0.02581,0.02344,0.02392,0.0262
04/08/2008 06:00,0.13185,0.11941,0.08819,0.07393,0.12483,0.13442,0.12116
04/08/2008 07:00,0.30073,0.25973,0.24768,0.19129,0.25462,0.2914,0.24633
04/08/2008 08:00,0.47332,0.35999,0.35002,0.28848,0.35578,0.36602,0.39768
04/08/2008 09:00,0.59228,0.43057,0.32697,0.23295,0.38609,0.42342,0.43432
04/08/2008 10:00,0.64288,0.44124,0.16213,0.22152,0.28003,0.52949,0.26156
04/08/2008 11:00,0.58937,0.31224,0.26254,0.20887,0.26216,0.41473,0.29647
04/08/2008 12:00,0.42307,0.20146,0.40952,0.40143,0.32644,0.20418,0.38553
04/08/2008 13:00,0.25032,0.16884,0.36311,0.29996,0.22336,0.19839,0.21849
04/08/2008 14:00,0.20233,0.07331,0.14418,0.12892,0.13123,0.07118,0.18543
04/08/2008 15:00,0.20564,0.08767,0.08124,0.08541,0.10051,0.07083,0.14438
04/08/2008 16:00,0.18517,0.08384,0.09458,0.06135,0.07282,0.0639,0.12879
04/08/2008 17:00,0.08758,0.05503,0.05348,0.04458,0.05094,0.04928,0.06971
04/08/2008 18:00,0.01704,0.01453,0.01248,0.0125,0.00883,0.01,0.0109
04/08/2008 19:00,0,0,0,0,0,0,0
04/08/2008 20:00,0,0,0,0,0,0,0
04/08/2008 21:00,0,0,0,0,0,0,0
04/08/2008 22:00,0,0,0,0,0,0,0
04/08/2008 23:00,0,0,0,0,0,0,0
05/08/2008 00:00,0,0,0,0,0,0,0
05/08/2008 01:00,0,0,0,0,0,0,0
05/08/2008 02:00,0,0,0,0,0,0,0
05/08/2008 03:00,0,0,0,0,0,0,0
05/08/2008 04:00,0,0,0,0,0,0,0
05/08/2008 05:00,0.02356,0.02069,0.01267,0.01136,0.01496,0.01234,0.02977
05/08/2008 06:00,0.11092,0.08114,0.03424,0.03113,0.07167,0.07195,0.14723
05/08/2008 07:00,0.23803,0.13017,0.09407,0.06216,0.15246,0.10322,0.35605
05/08/2008 08:00,0.31118,0.20222,0.15268,0.11118,0.21411,0.10768,0.55437
05/08/2008 09:00,0.45673,0.40194,0.32533,0.2165,0.29625,0.1439,0.69571
05/08/2008 10:00,0.4623,0.44868,0.51008,0.15342,0.33157,0.15532,0.78518
05/08/2008 11:00,0.61332,0.53232,0.47386,0.43194,0.3834,0.23506,0.7994
05/08/2008 12:00,0.73246,0.56463,0.53743,0.34708,0.38296,0.23888,0.73531
05/08/2008 13:00,0.64769,0.56229,0.651,0.56933,0.3566,0.2399,0.62211
05/08/2008 14:00,0.50886,0.51417,0.53844,0.53007,0.31891,0.31287,0.43433
05/08/2008 15:00,0.39634,0.4282,0.45006,0.46119,0.32012,0.3292,0.39247
05/08/2008 16:00,0.25628,0.26003,0.29916,0.29579,0.2166,0.20867,0.26531
05/08/2008 17:00,0.09687,0.10129,0.1066,0.09965,0.0864,0.08112,0.09394
05/08/2008 18:00,0.01556,0.017,0.01698,0.01636,0.01238,0.01247,0.01327
05/08/2008 19:00,0,0,0,0,0,0,0
05/08/2008 20:00,0,0,0,0,0,0,0
05/08/2008 21:00,0,0,0,0,0,0,0
05/08/2008 22:00,0,0,0,0,0,0,0
05/08/2008 23:00,0,0,0,0,0,0,0
06/08/2008 00:00,0,0,0,0,0,0,0
06/08/2008 01:00,0,0,0,0,0,0,0
06/08/2008 02:00,0,0,0,0,0,0,0
06/08/2008 03:00,0,0,0,0,0,0,0
06/08/2008 04:00,0,0,0,0,0,0,0
06/08/2008 05:00,0.02185,0.02346,0.02543,0.02593,0.02088,0.02512,0.02439
06/08/2008 06:00,0.13351,0.13754,0.14511,0.1516,0.16314,0.14974,0.12737
06/08/2008 07:00,0.34068,0.34928,0.35508,0.35121,0.37003,0.36264,0.32583
06/08/2008 08:00,0.50178,0.52501,0.53315,0.54983,0.55492,0.54449,0.45412
06/08/2008 09:00,0.53488,0.62984,0.65984,0.6744,0.67129,0.67272,0.54866
06/08/2008 10:00,0.46541,0.6453,0.6874,0.72458,0.72828,0.75075,0.56792
06/08/2008 11:00,0.40592,0.60505,0.69974,0.76552,0.74521,0.75271,0.56116
06/08/2008 12:00,0.40617,0.61424,0.65735,0.75624,0.69394,0.66018,0.52956
06/08/2008 13:00,0.27206,0.50834,0.6512,0.69322,0.584,0.52208,0.39407
06/08/2008 14:00,0.21901,0.35914,0.55562,0.59538,0.3678,0.37526,0.10694
06/08/2008 15:00,0.26399,0.26342,0.40493,0.38959,0.19643,0.14275,0.20738
06/08/2008 16:00,0.1725,0.19961,0.20458,0.13057,0.10405,0.04417,0.16226
06/08/2008 17:00,0.08377,0.08865,0.08998,0.04592,0.03643,0.03792,0.05336
06/08/2008 18:00,0.01575,0.01674,0.0165,0.00951,0.00826,0.01245,0.01117
06/08/2008 19:00,0,0,0,0,0,0,0
06/08/2008 20:00,0,0,0,0,0,0,0
06/08/2008 21:00,0,0,0,0,0,0,0
06/08/2008 22:00,0,0,0,0,0,0,0
06/08/2008 23:00,0,0,0,0,0,0,0
07/08/2008 00:00,0,0,0,0,0,0,0
07/08/2008 01:00,0,0,0,0,0,0,0
07/08/2008 02:00,0,0,0,0,0,0,0
07/08/2008 03:00,0,0,0,0,0,0,0
07/08/2008 04:00,0,0,0,0,0,0,0
07/08/2008 05:00,0.01585,0.0193,0.02494,0.02599,0.0222,0.02488,0.02714
07/08/2008 06:00,0.11095,0.09277,0.12596,0.15245,0.16481,0.14162,0.1515
07/08/2008 07:00,0.29941,0.29615,0.19643,0.33191,0.37749,0.28268,0.33868
07/08/2008 08:00,0.40648,0.47254,0.50685,0.44315,0.55306,0.53068,0.54251
07/08/2008 09:00,0.4306,0.46075,0.63285,0.66124,0.70636,0.68431,0.67375
07/08/2008 10:00,0.32352,0.35906,0.70444,0.76967,0.80256,0.74771,0.74296
07/08/2008 11:00,0.32695,0.42089,0.39601,0.77103,0.82794,0.45063,0.74115
07/08/2008 12:00,0.23575,0.35985,0.35754,0.31596,0.68262,0.24675,0.46589
07/08/2008 13:00,0.09494,0.09314,0.09038,0.09017,0.09211,0.09195,0.09344
07/08/2008 14:00,0.09883,0.09064,0.19307,0.13056,0.20693,0.15355,0.34069
07/08/2008 15:00,0.1902,0.10919,0.0544,0.12429,0.25497,0.09099,0.20782
07/08/2008 16:00,0.15458,0.16138,0.10172,0.01987,0.13554,0.04206,0.07222
07/08/2008 17:00,0.06267,0.07531,0.04424,0.01323,0.03443,0.04544,0.03781
07/08/2008 18:00,0.01162,0.01123,0.01471,0.00473,0.00687,0.01261,0.00552
07/08/2008 19:00,0,0,0,0,0,0,0
07/08/2008 20:00,0,0,0,0,0,0,0
07/08/2008 21:00,0,0,0,0,0,0,0
07/08/2008 22:00,0,0,0,0,0,0,0
07/08/2008 23:00,0,0,0,0,0,0,0
08/08/2008 00:00,0,0,0,0,0,0,0
08/08/2008 01:00,0,0,0,0,0,0,0
08/08/2008 02:00,0,0,0,0,0,0,0
08/08/2008 03:00,0,0,0,0,0,0,0
08/08/2008 04:00,0,0,0,0,0,0,0
08/08/2008 05:00,0.02008,0.01834,0.02254,0.01371,0.02172,0.01467,0.02601
08/08/2008 06:00,0.11376,0.10587,0.13379,0.09459,0.12171,0.08409,0.15047
08/08/2008 07:00,0.26959,0.24861,0.3277,0.23994,0.2745,0.1583,0.34533
08/08/2008 08:00,0.39505,0.35467,0.49112,0.30751,0.34638,0.24841,0.46077
08/08/2008 09:00,0.48539,0.42836,0.5051,0.53749,0.35935,0.34859,0.59162
08/08/2008 10:00,0.46434,0.36961,0.58238,0.4297,0.41507,0.33757,0.69527
08/08/2008 11:00,0.44748,0.35712,0.53911,0.50334,0.43725,0.37039,0.69392
08/08/2008 12:00,0.3981,0.35956,0.3855,0.51793,0.42044,0.37477,0.62439
08/08/2008 13:00,0.45506,0.36731,0.17981,0.34356,0.39251,0.23673,0.56096
08/08/2008 14:00,0.44023,0.32689,0.3662,0.20817,0.25178,0.2061,0.51889
08/08/2008 15:00,0.33219,0.27271,0.19002,0.35022,0.21148,0.1544,0.41394
08/08/2008 16:00,0.18713,0.14306,0.15142,0.09696,0.09882,0.11549,0.25483
08/08/2008 17:00,0.07634,0.04308,0.06676,0.06968,0.04667,0.06142,0.08759
08/08/2008 18:00,0.01207,0.00922,0.00966,0.00968,0.00902,0.01063,0.01147
08/08/2008 19:00,0,0,0,0,0,0,0
08/08/2008 20:00,0,0,0,0,0,0,0
08/08/2008 21:00,0,0,0,0,0,0,0
08/08/2008 22:00,0,0,0,0,0,0,0
08/08/2008 23:00,0,0,0,0,0,0,0
09/08/2008 00:00,0,0,0,0,0,0,0
09/08/2008 01:00,0,0,0,0,0,0,0
09/08/2008 02:00,0,0,0,0,0,0,0
09/08/2008 03:00,0,0,0,0,0,0,0
09/08/2008 04:00,0,0,0,0,0,0,0
09/08/2008 05:00,0.01946,0.01598,0.00571,0.00306,0.01176,0.0086,0.02101
09/08/2008 06:00,0.12882,0.10623,0.05717,0.05111,0.06985,0.06935,0.14508
09/08/2008 07:00,0.32343,0.27623,0.18117,0.14676,0.14029,0.14104,0.28265
09/08/2008 08:00,0.40544,0.45521,0.39225,0.30027,0.1873,0.27452,0.30196
09/08/2008 09:00,0.66593,0.56983,0.44048,0.40928,0.32816,0.44813,0.55516
09/08/2008 10:00,0.75485,0.60419,0.46087,0.32545,0.43437,0.42566,0.80839
09/08/2008 11:00,0.79524,0.63719,0.50726,0.57597,0.51775,0.44359,0.85789
09/08/2008 12:00,0.79589,0.65819,0.47166,0.6217,0.55997,0.49267,0.84113
09/08/2008 13:00,0.74596,0.64128,0.63227,0.62397,0.56753,0.4968,0.77575
09/08/2008 14:00,0.65731,0.56765,0.58572,0.58573,0.52436,0.48713,0.66064
09/08/2008 15:00,0.51201,0.46397,0.44732,0.46973,0.44809,0.41009,0.50283
09/08/2008 16:00,0.31923,0.29046,0.29042,0.27972,0.28027,0.25816,0.30034
09/08/2008 17:00,0.10662,0.10722,0.10151,0.09416,0.08485,0.09254,0.08895
09/08/2008 18:00,0.01445,0.01499,0.01367,0.01163,0.00931,0.01162,0.0104
09/08/2008 19:00,0,0,0,0,0,0,0
09/08/2008 20:00,0,0,0,0,0,0,0
09/08/2008 21:00,0,0,0,0,0,0,0
09/08/2008 22:00,0,0,0,0,0,0,0
09/08/2008 23:00,0,0,0,0,0,0,0
10/08/2008 00:00,0,0,0,0,0,0,0
10/08/2008 01:00,0,0,0,0,0,0,0
10/08/2008 02:00,0,0,0,0,0,0,0
10/08/2008 03:00,0,0,0,0,0,0,0
10/08/2008 04:00,0,0,0,0,0,0,0
10/08/2008 05:00,0.01869,0.02017,0.02259,0.0232,0.02108,0.02238,0.02268
10/08/2008 06:00,0.13204,0.13581,0.14381,0.15299,0.16491,0.1493,0.15237
10/08/2008 07:00,0.35278,0.35431,0.36058,0.37075,0.38655,0.36765,0.37095
10/08/2008 08:00,0.54345,0.54715,0.54367,0.54485,0.57311,0.55546,0.55423
10/08/2008 09:00,0.68464,0.6902,0.6783,0.68484,0.70278,0.69322,0.68068
10/08/2008 10:00,0.77215,0.78824,0.77593,0.77115,0.78462,0.7848,0.74654
10/08/2008 11:00,0.81743,0.83401,0.83098,0.82056,0.81659,0.83197,0.74432
10/08/2008 12:00,0.80378,0.81261,0.80812,0.81718,0.81274,0.82443,0.73343
10/08/2008 13:00,0.74022,0.73335,0.69966,0.75126,0.74606,0.76004,0.66219
10/08/2008 14:00,0.62983,0.63709,0.60958,0.58163,0.62291,0.61757,0.56137
10/08/2008 15:00,0.48791,0.49928,0.48451,0.48085,0.46197,0.47963,0.41554
10/08/2008 16:00,0.3015,0.30444,0.2926,0.28278,0.26681,0.28394,0.25665
10/08/2008 17:00,0.10271,0.10179,0.09338,0.0903,0.08163,0.09106,0.08642
10/08/2008 18:00,0.01319,0.01368,0.01263,0.01083,0.00825,0.01009,0.00908
10/08/2008 19:00,0,0,0,0,0,0,0
10/08/2008 20:00,0,0,0,0,0,0,0
10/08/2008 21:00,0,0,0,0,0,0,0
10/08/2008 22:00,0,0,0,0,0,0,0
10/08/2008 23:00,0,0,0,0,0,0,0
11/08/2008 00:00,0,0,0,0,0,0,0
11/08/2008 01:00,0,0,0,0,0,0,0
11/08/2008 02:00,0,0,0,0,0,0,0
11/08/2008 03:00,0,0,0,0,0,0,0
11/08/2008 04:00,0,0,0,0,0,0,0
11/08/2008 05:00,0.01855,0.01747,0.01579,0.02447,0.02387,0.0205,0.02414
11/08/2008 06:00,0.12306,0.11863,0.12668,0.14569,0.15489,0.14287,0.11628
11/08/2008 07:00,0.30895,0.32602,0.27002,0.35789,0.35522,0.34503,0.26072
11/08/2008 08:00,0.44958,0.42901,0.41821,0.43688,0.52254,0.46931,0.35738
11/08/2008 09:00,0.55412,0.57076,0.36139,0.44711,0.59824,0.53315,0.40523
11/08/2008 10:00,0.4902,0.56572,0.58162,0.47225,0.57401,0.59485,0.41546
11/08/2008 11:00,0.28073,0.4564,0.51956,0.76047,0.55004,0.68646,0.32066
11/08/2008 12:00,0.22944,0.18162,0.47533,0.60946,0.48215,0.47154,0.1958
11/08/2008 13:00,0.10694,0.10378,0.1096,0.32191,0.38789,0.25492,0.3015
11/08/2008 14:00,0.11059,0.05992,0.04365,0.08358,0.28655,0.1025,0.21719
11/08/2008 15:00,0.195,0.09438,0.05866,0.03883,0.12711,0.05023,0.08197
11/08/2008 16:00,0.12109,0.15276,0.03431,0.02476,0.06171,0.03212,0.02441
11/08/2008 17:00,0.05562,0.07993,0.05544,0.02397,0.02839,0.0488,0.00763
11/08/2008 18:00,0.0094,0.0105,0.01239,0.00845,0.00403,0.00967,0.00691
11/08/2008 19:00,0,0,0,0,0,0,0
11/08/2008 20:00,0,0,0,0,0,0,0
11/08/2008 21:00,0,0,0,0,0,0,0
11/08/2008 22:00,0,0,0,0,0,0,0
11/08/2008 23:00,0,0,0,0,0,0,0
12/08/2008 00:00,0,0,0,0,0,0,0
12/08/2008 01:00,0,0,0,0,0,0,0
12/08/2008 02:00,0,0,0,0,0,0,0
12/08/2008 03:00,0,0,0,0,0,0,0
12/08/2008 04:00,0,0,0,0,0,0,0
12/08/2008 05:00,0.0042,0.00288,0.00178,0.00701,0.00763,0.00465,0.00124
12/08/2008 06:00,0.02486,0.0221,0.02511,0.03826,0.03029,0.02692,0.01787
12/08/2008 07:00,0.0694,0.08457,0.04728,0.1098,0.06389,0.10925,0.04203
12/08/2008 08:00,0.16515,0.20116,0.14239,0.10588,0.12093,0.09947,0.04843
12/08/2008 09:00,0.15463,0.17213,0.35042,0.37846,0.15671,0.17336,0.04925
12/08/2008 10:00,0.07419,0.05862,0.0659,0.10942,0.13533,0.07079,0.048
12/08/2008 11:00,0.07206,0.06134,0.05996,0.05415,0.08134,0.06659,0.05028
12/08/2008 12:00,0.06356,0.06764,0.05401,0.07128,0.0795,0.09118,0.04986
12/08/2008 13:00,0.07223,0.06778,0.05708,0.07845,0.05847,0.08443,0.05166
12/08/2008 14:00,0.09113,0.0627,0.04975,0.06716,0.0433,0.07078,0.06684
12/08/2008 15:00,0.05946,0.05786,0.0453,0.03808,0.05481,0.04018,0.04047
12/08/2008 16:00,0.0501,0.03924,0.04398,0.03352,0.0404,0.03113,0.06588
12/08/2008 17:00,0.02159,0.02823,0.03453,0.03679,0.02908,0.02922,0.01396
12/08/2008 18:00,0.00725,0.00846,0.00786,0.00742,0.00422,0.00656,0.00114
12/08/2008 19:00,0,0,0,0,0,0,0
12/08/2008 20:00,0,0,0,0,0,0,0
12/08/2008 21:00,0,0,0,0,0,0,0
12/08/2008 22:00,0,0,0,0,0,0,0
12/08/2008 23:00,0,0,0,0,0,0,0
13/08/2008 00:00,0,0,0,0,0,0,0
13/08/2008 01:00,0,0,0,0,0,0,0
13/08/2008 02:00,0,0,0,0,0,0,0
13/08/2008 03:00,0,0,0,0,0,0,0
13/08/2008 04:00,0,0,0,0,0,0,0
13/08/2008 05:00,0.0171,0.01768,0.02047,0.02301,0.00857,0.01747,0.01011
13/08/2008 06:00,0.12497,0.13129,0.14041,0.14685,0.05536,0.11375,0.05296
13/08/2008 07:00,0.33901,0.34666,0.36131,0.35792,0.16109,0.28616,0.10661
13/08/2008 08:00,0.5333,0.52369,0.53548,0.52979,0.28507,0.44755,0.22363
13/08/2008 09:00,0.67485,0.65413,0.56071,0.67117,0.37649,0.54896,0.29523
13/08/2008 10:00,0.76156,0.69569,0.51516,0.68357,0.4377,0.54714,0.32452
13/08/2008 11:00,0.79397,0.72683,0.68306,0.57473,0.46705,0.52381,0.34865
13/08/2008 12:00,0.76148,0.70533,0.65553,0.54233,0.45979,0.45306,0.44217
13/08/2008 13:00,0.6857,0.64014,0.56658,0.39422,0.4679,0.35244,0.45616
13/08/2008 14:00,0.54832,0.51068,0.47115,0.21308,0.36938,0.19268,0.39488
13/08/2008 15:00,0.42233,0.37402,0.3882,0.23067,0.27838,0.1426,0.32934
13/08/2008 16:00,0.2354,0.19592,0.24828,0.16087,0.1576,0.0835,0.18883
13/08/2008 17:00,0.07909,0.06963,0.08073,0.05567,0.05703,0.03345,0.05413
13/08/2008 18:00,0.0098,0.01022,0.00887,0.00779,0.00399,0.00547,0.00512
13/08/2008 19:00,0,0,0,0,0,0,0
13/08/2008 20:00,0,0,0,0,0,0,0
13/08/2008 21:00,0,0,0,0,0,0,0
13/08/2008 22:00,0,0,0,0,0,0,0
13/08/2008 23:00,0,0,0,0,0,0,0
14/08/2008 00:00,0,0,0,0,0,0,0
14/08/2008 01:00,0,0,0,0,0,0,0
14/08/2008 02:00,0,0,0,0,0,0,0
14/08/2008 03:00,0,0,0,0,0,0,0
14/08/2008 04:00,0,0,0,0,0,0,0
14/08/2008 05:00,0.01416,0.0118,0.01263,0.00944,0.0127,0.00962,0.01122
14/08/2008 06:00,0.10814,0.09987,0.08833,0.06224,0.08234,0.05971,0.08393
14/08/2008 07:00,0.27153,0.26311,0.23181,0.12833,0.21577,0.11679,0.15036
14/08/2008 08:00,0.46152,0.45992,0.44247,0.22815,0.34741,0.24661,0.24044
14/08/2008 09:00,0.58897,0.56253,0.62608,0.43383,0.47447,0.37285,0.18292
14/08/2008 10:00,0.68453,0.63409,0.68667,0.56494,0.46348,0.43986,0.10279
14/08/2008 11:00,0.64207,0.62638,0.68659,0.62788,0.3232,0.43482,0.14437
14/08/2008 12:00,0.562,0.54154,0.63593,0.50394,0.25339,0.42291,0.22797
14/08/2008 13:00,0.36871,0.4568,0.55658,0.44349,0.31651,0.37189,0.30701
14/08/2008 14:00,0.25574,0.32815,0.50277,0.42407,0.26197,0.24921,0.27334
14/08/2008 15:00,0.11658,0.2239,0.35044,0.29093,0.20034,0.22056,0.11726
14/08/2008 16:00,0.09926,0.09079,0.12542,0.11984,0.1212,0.08919,0.06079
14/08/2008 17:00,0.03839,0.04876,0.05901,0.03701,0.03866,0.04904,0.03717
14/08/2008 18:00,0.00703,0.00617,0.00438,0.00553,0.00314,0.0044,0.00347
14/08/2008 19:00,0,0,0,0,0,0,0
14/08/2008 20:00,0,0,0,0,0,0,0
14/08/2008 21:00,0,0,0,0,0,0,0
14/08/2008 22:00,0,0,0,0,0,0,0
14/08/2008 23:00,0,0,0,0,0,0,0
15/08/2008 00:00,0,0,0,0,0,0,0
15/08/2008 01:00,0,0,0,0,0,0,0
15/08/2008 02:00,0,0,0,0,0,0,0
15/08/2008 03:00,0,0,0,0,0,0,0
15/08/2008 04:00,0,0,0,0,0,0,0
15/08/2008 05:00,0.0119,0.01013,0.00134,0.00189,0.00419,0.0051,0.00774
15/08/2008 06:00,0.06642,0.05209,0.01287,0.01586,0.01733,0.02056,0.06223
15/08/2008 07:00,0.10645,0.05654,0.0651,0.02794,0.06805,0.08115,0.27171
15/08/2008 08:00,0.11992,0.07163,0.06301,0.04783,0.2062,0.09062,0.38159
15/08/2008 09:00,0.11412,0.07427,0.06006,0.05277,0.20117,0.09361,0.52912
15/08/2008 10:00,0.08379,0.06388,0.06021,0.04865,0.24548,0.06499,0.7197
15/08/2008 11:00,0.07571,0.07461,0.05993,0.05339,0.14379,0.06019,0.33449
15/08/2008 12:00,0.09351,0.06931,0.05329,0.05223,0.08086,0.05334,0.05155
15/08/2008 13:00,0.08949,0.06976,0.05237,0.04517,0.07022,0.04754,0.04578
15/08/2008 14:00,0.07607,0.061,0.05391,0.03857,0.03765,0.04133,0.04401
15/08/2008 15:00,0.08721,0.0455,0.04864,0.03439,0.02876,0.03284,0.13896
15/08/2008 16:00,0.04754,0.04069,0.03583,0.0241,0.04539,0.02687,0.05483
15/08/2008 17:00,0.02924,0.02068,0.0271,0.02661,0.03232,0.01802,0.02715
15/08/2008 18:00,0.00417,0.0026,0.0013,0.00221,0.00228,0.00308,0.00351
15/08/2008 19:00,0,0,0,0,0,0,0
15/08/2008 20:00,0,0,0,0,0,0,0
15/08/2008 21:00,0,0,0,0,0,0,0
15/08/2008 22:00,0,0,0,0,0,0,0
15/08/2008 23:00,0,0,0,0,0,0,0
16/08/2008 00:00,0,0,0,0,0,0,0
16/08/2008 01:00,0,0,0,0,0,0,0
16/08/2008 02:00,0,0,0,0,0,0,0
16/08/2008 03:00,0,0,0,0,0,0,0
16/08/2008 04:00,0,0,0,0,0,0,0
16/08/2008 05:00,0.01444,0.01437,0.015,0.01572,0.01315,0.0116,0.02029
16/08/2008 06:00,0.10854,0.11028,0.11856,0.11149,0.10227,0.10918,0.14582
16/08/2008 07:00,0.27375,0.28512,0.27976,0.29299,0.25257,0.25502,0.36966
16/08/2008 08:00,0.43756,0.44595,0.4599,0.50341,0.40992,0.41345,0.56762
16/08/2008 09:00,0.58333,0.59327,0.64653,0.67423,0.55421,0.52715,0.71765
16/08/2008 10:00,0.68023,0.69376,0.74403,0.76814,0.62417,0.58486,0.80885
16/08/2008 11:00,0.72645,0.74831,0.81509,0.82815,0.67942,0.67219,0.82525
16/08/2008 12:00,0.70186,0.73714,0.81903,0.80027,0.70069,0.67124,0.80949
16/08/2008 13:00,0.52303,0.6491,0.7553,0.73935,0.66142,0.57648,0.72603
16/08/2008 14:00,0.35512,0.45381,0.61034,0.62619,0.55835,0.46079,0.55299
16/08/2008 15:00,0.33003,0.27142,0.44503,0.44919,0.40752,0.30297,0.29406
16/08/2008 16:00,0.21267,0.17467,0.22526,0.23342,0.20304,0.15969,0.20797
16/08/2008 17:00,0.05923,0.06898,0.07035,0.07132,0.06547,0.06385,0.071
16/08/2008 18:00,0.00459,0.00477,0.00469,0.00393,0.00215,0.00353,0.0012
16/08/2008 19:00,0,0,0,0,0,0,0
16/08/2008 20:00,0,0,0,0,0,0,0
16/08/2008 21:00,0,0,0,0,0,0,0
16/08/2008 22:00,0,0,0,0,0,0,0
16/08/2008 23:00,0,0,0,0,0,0,0
17/08/2008 00:00,0,0,0,0,0,0,0
17/08/2008 01:00,0,0,0,0,0,0,0
17/08/2008 02:00,0,0,0,0,0,0,0
17/08/2008 03:00,0,0,0,0,0,0,0
17/08/2008 04:00,0,0,0,0,0,0,0
17/08/2008 05:00,0.00597,0.00649,0.00759,0.0184,0.01528,0.0093,0.00408
17/08/2008 06:00,0.03492,0.04259,0.04194,0.09919,0.10234,0.0526,0.06222
17/08/2008 07:00,0.07264,0.10191,0.11966,0.18533,0.24298,0.14313,0.21086
17/08/2008 08:00,0.15036,0.11019,0.27967,0.29289,0.36249,0.18588,0.28254
17/08/2008 09:00,0.21951,0.11199,0.1774,0.43728,0.42631,0.15724,0.29762
17/08/2008 10:00,0.25941,0.1352,0.08707,0.15492,0.33652,0.08416,0.2924
17/08/2008 11:00,0.33912,0.22195,0.12104,0.10845,0.25139,0.09437,0.34259
17/08/2008 12:00,0.36262,0.35058,0.19432,0.0741,0.24952,0.15768,0.32235
17/08/2008 13:00,0.34656,0.31466,0.41289,0.18765,0.18185,0.25373,0.39265
17/08/2008 14:00,0.32727,0.22188,0.30675,0.40819,0.20318,0.33311,0.35271
17/08/2008 15:00,0.30304,0.22177,0.18542,0.41667,0.22089,0.22112,0.37389
17/08/2008 16:00,0.1929,0.18479,0.12373,0.13613,0.14683,0.11748,0.23443
17/08/2008 17:00,0.06851,0.07347,0.07312,0.05467,0.05003,0.04951,0.07341
17/08/2008 18:00,0.00586,0.00561,0.00415,0.0019,0.00132,0.00322,0.00168
17/08/2008 19:00,0,0,0,0,0,0,0
17/08/2008 20:00,0,0,0,0,0,0,0
17/08/2008 21:00,0,0,0,0,0,0,0
17/08/2008 22:00,0,0,0,0,0,0,0
17/08/2008 23:00,0,0,0,0,0,0,0
18/08/2008 00:00,0,0,0,0,0,0,0
18/08/2008 01:00,0,0,0,0,0,0,0
18/08/2008 02:00,0,0,0,0,0,0,0
18/08/2008 03:00,0,0,0,0,0,0,0
18/08/2008 04:00,0,0,0,0,0,0,0
18/08/2008 05:00,0.01387,0.01467,0.01702,0.01904,0.02007,0.01806,0.01923
18/08/2008 06:00,0.12339,0.12427,0.12446,0.14369,0.15513,0.1399,0.1395
18/08/2008 07:00,0.33406,0.33228,0.32852,0.36042,0.37008,0.35296,0.32168
18/08/2008 08:00,0.51636,0.52218,0.53694,0.5349,0.54943,0.53512,0.45881
18/08/2008 09:00,0.65207,0.67253,0.67677,0.67991,0.67679,0.67249,0.56301
18/08/2008 10:00,0.73568,0.76649,0.7962,0.79893,0.74451,0.76377,0.59202
18/08/2008 11:00,0.7797,0.81478,0.83743,0.83859,0.78544,0.81166,0.61536
18/08/2008 12:00,0.77711,0.81028,0.82979,0.82529,0.77908,0.80211,0.63218
18/08/2008 13:00,0.7172,0.75366,0.7648,0.76186,0.72299,0.73948,0.58314
18/08/2008 14:00,0.61338,0.64665,0.64996,0.64791,0.60813,0.63065,0.47094
18/08/2008 15:00,0.46902,0.48919,0.48708,0.4804,0.45754,0.47396,0.38639
18/08/2008 16:00,0.28116,0.29132,0.28302,0.27589,0.25929,0.27302,0.22965
18/08/2008 17:00,0.08679,0.08713,0.08085,0.07411,0.06616,0.07559,0.06708
18/08/2008 18:00,0.00524,0.00529,0.0044,0.00262,0.00155,0.00305,0.00149
18/08/2008 19:00,0,0,0,0,0,0,0
18/08/2008 20:00,0,0,0,0,0,0,0
18/08/2008 21:00,0,0,0,0,0,0,0
18/08/2008 22:00,0,0,0,0,0,0,0
18/08/2008 23:00,0,0,0,0,0,0,0
19/08/2008 00:00,0,0,0,0,0,0,0
19/08/2008 01:00,0,0,0,0,0,0,0
19/08/2008 02:00,0,0,0,0,0,0,0
19/08/2008 03:00,0,0,0,0,0,0,0
19/08/2008 04:00,0,0,0,0,0,0,0
19/08/2008 05:00,0.00922,0.00956,0.0149,0.01365,0.01777,0.0113,0.01328
19/08/2008 06:00,0.09893,0.08773,0.10396,0.10833,0.13287,0.09535,0.10831
19/08/2008 07:00,0.28744,0.27775,0.2386,0.22712,0.33689,0.24702,0.18098
19/08/2008 08:00,0.44804,0.47915,0.51171,0.42007,0.47832,0.46843,0.21314
19/08/2008 09:00,0.60624,0.56481,0.63878,0.65294,0.6178,0.67409,0.38783
19/08/2008 10:00,0.68965,0.71864,0.67917,0.73022,0.73957,0.71826,0.27857
19/08/2008 11:00,0.61778,0.75958,0.77974,0.80045,0.74596,0.79174,0.40514
19/08/2008 12:00,0.45903,0.56302,0.75699,0.81319,0.75045,0.76158,0.39834
19/08/2008 13:00,0.31924,0.33954,0.55571,0.74756,0.6483,0.64775,0.31714
19/08/2008 14:00,0.19628,0.11901,0.21015,0.55555,0.50569,0.36582,0.16783
19/08/2008 15:00,0.17411,0.11317,0.14779,0.15112,0.33833,0.19531,0.23395
19/08/2008 16:00,0.08402,0.06651,0.03007,0.0432,0.187,0.08848,0.13368
19/08/2008 17:00,0.04079,0.01361,0.01099,0.01912,0.05621,0.03783,0.05546
19/08/2008 18:00,0.00286,0.00196,0.00053,0.00057,0,0.00079,0.00101
19/08/2008 19:00,0,0,0,0,0,0,0
19/08/2008 20:00,0,0,0,0,0,0,0
19/08/2008 21:00,0,0,0,0,0,0,0
19/08/2008 22:00,0,0,0,0,0,0,0
19/08/2008 23:00,0,0,0,0,0,0,0
20/08/2008 00:00,0,0,0,0,0,0,0
20/08/2008 01:00,0,0,0,0,0,0,0
20/08/2008 02:00,0,0,0,0,0,0,0
20/08/2008 03:00,0,0,0,0,0,0,0
20/08/2008 04:00,0,0,0,0,0,0,0
20/08/2008 05:00,0.00754,0.00592,0.00263,0.01195,0.01172,0.00694,0.01363
20/08/2008 06:00,0.07272,0.04655,0.02899,0.02242,0.08101,0.03467,0.13303
20/08/2008 07:00,0.18414,0.09626,0.07226,0.05079,0.17366,0.06532,0.31677
20/08/2008 08:00,0.32759,0.17376,0.17624,0.08804,0.25643,0.09612,0.48575
20/08/2008 09:00,0.4765,0.2617,0.15549,0.0938,0.29264,0.12874,0.61008
20/08/2008 10:00,0.4964,0.2464,0.22422,0.09731,0.31082,0.14265,0.64741
20/08/2008 11:00,0.53721,0.27368,0.21166,0.08509,0.35387,0.17555,0.6379
20/08/2008 12:00,0.53955,0.31841,0.2072,0.11888,0.38351,0.16414,0.6205
20/08/2008 13:00,0.50851,0.30493,0.19994,0.14393,0.36757,0.15869,0.53719
20/08/2008 14:00,0.45307,0.27808,0.16526,0.1142,0.30009,0.11686,0.43845
20/08/2008 15:00,0.3945,0.28397,0.2357,0.14417,0.2458,0.12909,0.35213
20/08/2008 16:00,0.24135,0.20448,0.17766,0.1073,0.14331,0.09126,0.21302
20/08/2008 17:00,0.07872,0.06416,0.05537,0.05756,0.04485,0.04941,0.0637
20/08/2008 18:00,0.00276,0.00206,0.00038,0,0,0.00024,0
20/08/2008 19:00,0,0,0,0,0,0,0
20/08/2008 20:00,0,0,0,0,0,0,0
20/08/2008 21:00,0,0,0,0,0,0,0
20/08/2008 22:00,0,0,0,0,0,0,0
20/08/2008 23:00,0,0,0,0,0,0,0
21/08/2008 00:00,0,0,0,0,0,0,0
21/08/2008 01:00,0,0,0,0,0,0,0
21/08/2008 02:00,0,0,0,0,0,0,0
21/08/2008 03:00,0,0,0,0,0,0,0
21/08/2008 04:00,0,0,0,0,0,0,0
21/08/2008 05:00,0.01093,0.0094,0.00676,0.00563,0.01349,0.00471,0.00786
21/08/2008 06:00,0.11313,0.11066,0.09417,0.09251,0.11119,0.08885,0.08203
21/08/2008 07:00,0.29334,0.30404,0.28515,0.26578,0.28141,0.24226,0.19962
21/08/2008 08:00,0.47386,0.48512,0.4921,0.47848,0.46199,0.37421,0.22309
21/08/2008 09:00,0.61294,0.59676,0.62216,0.62037,0.54542,0.44373,0.2343
21/08/2008 10:00,0.68216,0.62759,0.66228,0.66048,0.55226,0.4942,0.23657
21/08/2008 11:00,0.71452,0.68278,0.61735,0.58478,0.54321,0.48411,0.25672
21/08/2008 12:00,0.70776,0.65356,0.5916,0.49677,0.52194,0.44939,0.36272
21/08/2008 13:00,0.65233,0.62051,0.56738,0.44735,0.50818,0.38496,0.39832
21/08/2008 14:00,0.56071,0.51192,0.48954,0.37881,0.40583,0.34921,0.33808
21/08/2008 15:00,0.42909,0.3979,0.39009,0.3388,0.32022,0.29102,0.29822
21/08/2008 16:00,0.25314,0.23006,0.24436,0.21106,0.18344,0.16036,0.18235
21/08/2008 17:00,0.07793,0.07198,0.07334,0.06407,0.05533,0.05492,0.05726
21/08/2008 18:00,0.00258,0.00202,0.00109,0,0,0.00022,0
21/08/2008 19:00,0,0,0,0,0,0,0
21/08/2008 20:00,0,0,0,0,0,0,0
21/08/2008 21:00,0,0,0,0,0,0,0
21/08/2008 22:00,0,0,0,0,0,0,0
21/08/2008 23:00,0,0,0,0,0,0,0
22/08/2008 00:00,0,0,0,0,0,0,0
22/08/2008 01:00,0,0,0,0,0,0,0
22/08/2008 02:00,0,0,0,0,0,0,0
22/08/2008 03:00,0,0,0,0,0,0,0
22/08/2008 04:00,0,0,0,0,0,0,0
22/08/2008 05:00,0.00847,0.00946,0.01348,0.01548,0.01637,0.01421,0.00853
22/08/2008 06:00,0.0986,0.09475,0.1093,0.12404,0.12619,0.12228,0.04796
22/08/2008 07:00,0.25568,0.22768,0.27045,0.33758,0.31213,0.30486,0.09057
22/08/2008 08:00,0.27672,0.30664,0.38752,0.43612,0.43071,0.39742,0.09948
22/08/2008 09:00,0.22952,0.2205,0.26687,0.37504,0.44903,0.34015,0.09683
22/08/2008 10:00,0.18649,0.18354,0.17785,0.2634,0.33334,0.22805,0.11511
22/08/2008 11:00,0.17371,0.14863,0.14571,0.12728,0.21786,0.17022,0.11476
22/08/2008 12:00,0.09319,0.11141,0.13211,0.13592,0.14439,0.12832,0.22398
22/08/2008 13:00,0.19341,0.07879,0.04598,0.0784,0.14033,0.0475,0.11964
22/08/2008 14:00,0.27543,0.20591,0.07299,0.03782,0.11946,0.04276,0.06069
22/08/2008 15:00,0.26035,0.25969,0.19832,0.04769,0.07689,0.10467,0.04589
22/08/2008 16:00,0.104,0.12511,0.15773,0.07705,0.03763,0.07846,0.04247
22/08/2008 17:00,0.04264,0.0358,0.03966,0.01866,0.02159,0.03293,0.02567
22/08/2008 18:00,0.0018,0.0011,0,0,0,0,0
22/08/2008 19:00,0,0,0,0,0,0,0
22/08/2008 20:00,0,0,0,0,0,0,0
22/08/2008 21:00,0,0,0,0,0,0,0
22/08/2008 22:00,0,0,0,0,0,0,0
22/08/2008 23:00,0,0,0,0,0,0,0
23/08/2008 00:00,0,0,0,0,0,0,0
23/08/2008 01:00,0,0,0,0,0,0,0
23/08/2008 02:00,0,0,0,0,0,0,0
23/08/2008 03:00,0,0,0,0,0,0,0
23/08/2008 04:00,0,0,0,0,0,0,0
23/08/2008 05:00,0.00586,0.00545,0.00567,0.01356,0.01165,0.00946,0.01422
23/08/2008 06:00,0.08243,0.07144,0.04399,0.04667,0.08451,0.08772,0.13684
23/08/2008 07:00,0.22245,0.16883,0.07793,0.12688,0.20996,0.20751,0.35891
23/08/2008 08:00,0.3444,0.23186,0.11085,0.15196,0.30283,0.2764,0.55199
23/08/2008 09:00,0.42894,0.24269,0.13384,0.26621,0.3477,0.2928,0.67572
23/08/2008 10:00,0.42869,0.22189,0.12313,0.1254,0.33835,0.2624,0.78742
23/08/2008 11:00,0.46648,0.21759,0.12886,0.11579,0.32979,0.23269,0.80665
23/08/2008 12:00,0.42122,0.21766,0.17662,0.10022,0.29514,0.20341,0.79206
23/08/2008 13:00,0.41304,0.19147,0.1861,0.11586,0.28602,0.1518,0.73113
23/08/2008 14:00,0.30321,0.18537,0.09905,0.05956,0.27627,0.08687,0.60679
23/08/2008 15:00,0.25266,0.19698,0.11841,0.10734,0.21293,0.11187,0.41725
23/08/2008 16:00,0.15691,0.12507,0.1394,0.03717,0.1174,0.07295,0.21848
23/08/2008 17:00,0.05482,0.04222,0.0441,0.02855,0.03537,0.03063,0.05413
23/08/2008 18:00,0.00185,0.00061,0,0,0,0,0
23/08/2008 19:00,0,0,0,0,0,0,0
23/08/2008 20:00,0,0,0,0,0,0,0
23/08/2008 21:00,0,0,0,0,0,0,0
23/08/2008 22:00,0,0,0,0,0,0,0
23/08/2008 23:00,0,0,0,0,0,0,0
24/08/2008 00:00,0,0,0,0,0,0,0
24/08/2008 01:00,0,0,0,0,0,0,0
24/08/2008 02:00,0,0,0,0,0,0,0
24/08/2008 03:00,0,0,0,0,0,0,0
24/08/2008 04:00,0,0,0,0,0,0,0
24/08/2008 05:00,0.00861,0.00976,0.00974,0.01352,0.01579,0.01303,0.01367
24/08/2008 06:00,0.11875,0.11979,0.10021,0.12486,0.14405,0.13345,0.14125
24/08/2008 07:00,0.33962,0.33229,0.25187,0.3222,0.35509,0.34724,0.36655
24/08/2008 08:00,0.53545,0.52435,0.42693,0.51423,0.54469,0.53713,0.56017
24/08/2008 09:00,0.67353,0.66112,0.63581,0.67525,0.68859,0.67674,0.70265
24/08/2008 10:00,0.76562,0.74085,0.75211,0.76152,0.77878,0.76439,0.78735
24/08/2008 11:00,0.80519,0.78304,0.78567,0.79352,0.8163,0.80187,0.81589
24/08/2008 12:00,0.79828,0.77508,0.79108,0.795,0.79819,0.78853,0.79548
24/08/2008 13:00,0.7476,0.73617,0.73973,0.73901,0.73891,0.73133,0.74142
24/08/2008 14:00,0.64207,0.62731,0.62609,0.62618,0.62502,0.62556,0.62791
24/08/2008 15:00,0.48321,0.47397,0.46595,0.46207,0.46099,0.4617,0.46537
24/08/2008 16:00,0.27833,0.26911,0.26634,0.25595,0.25041,0.25945,0.25856
24/08/2008 17:00,0.07495,0.07334,0.0682,0.06203,0.05413,0.06376,0.05904
24/08/2008 18:00,0.00139,0.00061,0,0,0,0,0
24/08/2008 19:00,0,0,0,0,0,0,0
24/08/2008 20:00,0,0,0,0,0,0,0
24/08/2008 21:00,0,0,0,0,0,0,0
24/08/2008 22:00,0,0,0,0,0,0,0
24/08/2008 23:00,0,0,0,0,0,0,0
25/08/2008 00:00,0,0,0,0,0,0,0
25/08/2008 01:00,0,0,0,0,0,0,0
25/08/2008 02:00,0,0,0,0,0,0,0
25/08/2008 03:00,0,0,0,0,0,0,0
25/08/2008 04:00,0,0,0,0,0,0,0
25/08/2008 05:00,0.00509,0.00515,0.00759,0.01015,0.01297,0.00767,0.00866
25/08/2008 06:00,0.07385,0.05985,0.05276,0.09361,0.11402,0.06133,0.0863
25/08/2008 07:00,0.16192,0.1399,0.14224,0.12678,0.26785,0.12715,0.22363
25/08/2008 08:00,0.26929,0.22439,0.21671,0.19626,0.37214,0.14411,0.24053
25/08/2008 09:00,0.35423,0.38123,0.31526,0.24455,0.47567,0.18858,0.23953
25/08/2008 10:00,0.40378,0.57933,0.50256,0.37695,0.52645,0.35145,0.20068
25/08/2008 11:00,0.49606,0.65926,0.7172,0.56609,0.53061,0.51799,0.32098
25/08/2008 12:00,0.49932,0.59669,0.7523,0.66262,0.49129,0.46286,0.43462
25/08/2008 13:00,0.43614,0.50602,0.6852,0.66825,0.43988,0.37679,0.46338
25/08/2008 14:00,0.35363,0.36962,0.5775,0.57452,0.33544,0.32465,0.39874
25/08/2008 15:00,0.29611,0.25758,0.37008,0.44387,0.27896,0.27526,0.34877
25/08/2008 16:00,0.17692,0.14028,0.20094,0.24238,0.17024,0.13462,0.21885
25/08/2008 17:00,0.05342,0.05318,0.06363,0.0587,0.04209,0.03971,0.05198
25/08/2008 18:00,0,0,0,0,0,0,0
25/08/2008 19:00,0,0,0,0,0,0,0
25/08/2008 20:00,0,0,0,0,0,0,0
25/08/2008 21:00,0,0,0,0,0,0,0
25/08/2008 22:00,0,0,0,0,0,0,0
25/08/2008 23:00,0,0,0,0,0,0,0
26/08/2008 00:00,0,0,0,0,0,0,0
26/08/2008 01:00,0,0,0,0,0,0,0
26/08/2008 02:00,0,0,0,0,0,0,0
26/08/2008 03:00,0,0,0,0,0,0,0
26/08/2008 04:00,0,0,0,0,0,0,0
26/08/2008 05:00,0.00603,0.00692,0.00694,0.0111,0.01281,0.0089,0.01163
26/08/2008 06:00,0.1134,0.11102,0.10678,0.12358,0.13826,0.10676,0.13408
26/08/2008 07:00,0.32877,0.31567,0.3056,0.32632,0.34547,0.28804,0.35183
26/08/2008 08:00,0.51826,0.48413,0.4471,0.48627,0.51334,0.46828,0.5385
26/08/2008 09:00,0.64099,0.5897,0.49963,0.56671,0.59855,0.58633,0.65625
26/08/2008 10:00,0.6869,0.61675,0.61301,0.65818,0.6088,0.59226,0.67674
26/08/2008 11:00,0.68098,0.62755,0.57156,0.62737,0.61946,0.59057,0.68717
26/08/2008 12:00,0.64552,0.59659,0.53771,0.5917,0.58231,0.55002,0.64563
26/08/2008 13:00,0.57938,0.51701,0.55673,0.53629,0.51058,0.42471,0.57475
26/08/2008 14:00,0.4573,0.40894,0.49885,0.46848,0.3996,0.31669,0.47918
26/08/2008 15:00,0.32176,0.31012,0.38382,0.34948,0.28506,0.23375,0.38005
26/08/2008 16:00,0.18414,0.18638,0.23495,0.20479,0.1647,0.14604,0.22726
26/08/2008 17:00,0.05849,0.05819,0.05841,0.05371,0.04185,0.047,0.05434
26/08/2008 18:00,0,0,0,0,0,0,0
26/08/2008 19:00,0,0,0,0,0,0,0
26/08/2008 20:00,0,0,0,0,0,0,0
26/08/2008 21:00,0,0,0,0,0,0,0
26/08/2008 22:00,0,0,0,0,0,0,0
26/08/2008 23:00,0,0,0,0,0,0,0
27/08/2008 00:00,0,0,0,0,0,0,0
27/08/2008 01:00,0,0,0,0,0,0,0
27/08/2008 02:00,0,0,0,0,0,0,0
27/08/2008 03:00,0,0,0,0,0,0,0
27/08/2008 04:00,0,0,0,0,0,0,0
27/08/2008 05:00,0.0054,0.00641,0.00808,0.01065,0.01289,0.00961,0.01047
27/08/2008 06:00,0.11296,0.11527,0.11985,0.12667,0.13742,0.12329,0.13096
27/08/2008 07:00,0.32464,0.32686,0.33051,0.34029,0.34829,0.32545,0.34084
27/08/2008 08:00,0.50331,0.51622,0.51789,0.52782,0.53451,0.51058,0.52077
27/08/2008 09:00,0.62391,0.64647,0.6591,0.65974,0.66345,0.65213,0.64888
27/08/2008 10:00,0.69612,0.71051,0.75822,0.75185,0.7349,0.72066,0.72635
27/08/2008 11:00,0.70987,0.726,0.78468,0.77688,0.75259,0.74064,0.7564
27/08/2008 12:00,0.68242,0.66703,0.76358,0.75495,0.70525,0.6781,0.74882
27/08/2008 13:00,0.59685,0.58727,0.7144,0.70516,0.60831,0.58384,0.68978
27/08/2008 14:00,0.47485,0.47499,0.61366,0.59357,0.47177,0.46116,0.56748
27/08/2008 15:00,0.36051,0.37058,0.45433,0.44133,0.35153,0.32336,0.41662
27/08/2008 16:00,0.20359,0.2149,0.25144,0.24183,0.18939,0.18724,0.21738
27/08/2008 17:00,0.05573,0.05741,0.05955,0.05416,0.04319,0.04928,0.05079
27/08/2008 18:00,0,0,0,0,0,0,0
27/08/2008 19:00,0,0,0,0,0,0,0
27/08/2008 20:00,0,0,0,0,0,0,0
27/08/2008 21:00,0,0,0,0,0,0,0
27/08/2008 22:00,0,0,0,0,0,0,0
27/08/2008 23:00,0,0,0,0,0,0,0
28/08/2008 00:00,0,0,0,0,0,0,0
28/08/2008 01:00,0,0,0,0,0,0,0
28/08/2008 02:00,0,0,0,0,0,0,0
28/08/2008 03:00,0,0,0,0,0,0,0
28/08/2008 04:00,0,0,0,0,0,0,0
28/08/2008 05:00,0.00437,0.00534,0.00577,0.00856,0.01071,0.0083,0.00928
28/08/2008 06:00,0.10934,0.11058,0.10389,0.11539,0.13709,0.12218,0.12948
28/08/2008 07:00,0.3212,0.3151,0.27953,0.31903,0.34816,0.32978,0.34115
28/08/2008 08:00,0.51724,0.49478,0.43893,0.48354,0.53616,0.50208,0.53052
28/08/2008 09:00,0.65732,0.62478,0.57932,0.61349,0.65999,0.61642,0.67527
28/08/2008 10:00,0.7421,0.69001,0.67665,0.7028,0.72638,0.68425,0.74151
28/08/2008 11:00,0.77467,0.69843,0.71739,0.65137,0.75989,0.68312,0.75763
28/08/2008 12:00,0.75636,0.69238,0.70763,0.66478,0.71608,0.63598,0.72779
28/08/2008 13:00,0.70099,0.64804,0.6738,0.65819,0.65295,0.58737,0.68255
28/08/2008 14:00,0.59682,0.54691,0.588,0.5804,0.54721,0.4963,0.58707
28/08/2008 15:00,0.45075,0.41717,0.43959,0.43587,0.40018,0.36956,0.43239
28/08/2008 16:00,0.25363,0.23688,0.2425,0.2361,0.21648,0.19664,0.23483
28/08/2008 17:00,0.0632,0.06036,0.05704,0.05182,0.04449,0.04832,0.0496
28/08/2008 18:00,0,0,0,0,0,0,0
28/08/2008 19:00,0,0,0,0,0,0,0
28/08/2008 20:00,0,0,0,0,0,0,0
28/08/2008 21:00,0,0,0,0,0,0,0
28/08/2008 22:00,0,0,0,0,0,0,0
28/08/2008 23:00,0,0,0,0,0,0,0
29/08/2008 00:00,0,0,0,0,0,0,0
29/08/2008 01:00,0,0,0,0,0,0,0
29/08/2008 02:00,0,0,0,0,0,0,0
29/08/2008 03:00,0,0,0,0,0,0,0
29/08/2008 04:00,0,0,0,0,0,0,0
29/08/2008 05:00,0.00383,0.00378,0.00353,0.00768,0.01065,0.00694,0.00842
29/08/2008 06:00,0.10828,0.10203,0.06385,0.06159,0.12865,0.10837,0.12877
29/08/2008 07:00,0.32018,0.2935,0.14404,0.14093,0.30735,0.27914,0.34303
29/08/2008 08:00,0.5134,0.47937,0.2205,0.19033,0.44058,0.42913,0.52146
29/08/2008 09:00,0.65473,0.63201,0.26858,0.21328,0.56085,0.54308,0.60948
29/08/2008 10:00,0.74559,0.73131,0.36077,0.25541,0.64408,0.60675,0.70425
29/08/2008 11:00,0.77732,0.77117,0.60009,0.42305,0.72042,0.65312,0.7398
29/08/2008 12:00,0.76447,0.75995,0.64888,0.71741,0.75716,0.70971,0.73445
29/08/2008 13:00,0.71193,0.70436,0.62027,0.62904,0.70008,0.64426,0.69441
29/08/2008 14:00,0.60617,0.5778,0.57625,0.53482,0.56097,0.53203,0.59291
29/08/2008 15:00,0.44925,0.40645,0.44603,0.42747,0.40188,0.39505,0.42864
29/08/2008 16:00,0.22828,0.23451,0.24375,0.23289,0.21266,0.22492,0.19812
29/08/2008 17:00,0.0563,0.05918,0.05462,0.04936,0.04261,0.05115,0.03962
29/08/2008 18:00,0,0,0,0,0,0,0
29/08/2008 19:00,0,0,0,0,0,0,0
29/08/2008 20:00,0,0,0,0,0,0,0
29/08/2008 21:00,0,0,0,0,0,0,0
29/08/2008 22:00,0,0,0,0,0,0,0
29/08/2008 23:00,0,0,0,0,0,0,0
30/08/2008 00:00,0,0,0,0,0,0,0
30/08/2008 01:00,0,0,0,0,0,0,0
30/08/2008 02:00,0,0,0,0,0,0,0
30/08/2008 03:00,0,0,0,0,0,0,0
30/08/2008 04:00,0,0,0,0,0,0,0
30/08/2008 05:00,0.00339,0.00325,0.00457,0.00582,0.0094,0.0063,0.00744
30/08/2008 06:00,0.10812,0.10272,0.10208,0.08686,0.13247,0.1069,0.12805
30/08/2008 07:00,0.3097,0.29143,0.24958,0.16533,0.33514,0.27845,0.34097
30/08/2008 08:00,0.49612,0.46853,0.36137,0.25446,0.51051,0.43501,0.52501
30/08/2008 09:00,0.64545,0.62923,0.4903,0.42094,0.65617,0.54412,0.65725
30/08/2008 10:00,0.73646,0.74192,0.66666,0.70055,0.75867,0.62819,0.73829
30/08/2008 11:00,0.76429,0.78011,0.77534,0.77752,0.79245,0.74107,0.75976
30/08/2008 12:00,0.74756,0.76577,0.76913,0.7639,0.77353,0.76911,0.73729
30/08/2008 13:00,0.69075,0.71404,0.71245,0.70547,0.70942,0.71095,0.66681
30/08/2008 14:00,0.58355,0.60416,0.60212,0.59611,0.58937,0.60404,0.54424
30/08/2008 15:00,0.43069,0.44764,0.43885,0.43142,0.42183,0.43991,0.38671
30/08/2008 16:00,0.24096,0.24854,0.23772,0.22881,0.21407,0.23567,0.1957
30/08/2008 17:00,0.05614,0.05661,0.0514,0.04625,0.03862,0.04796,0.04041
30/08/2008 18:00,0,0,0,0,0,0,0
30/08/2008 19:00,0,0,0,0,0,0,0
30/08/2008 20:00,0,0,0,0,0,0,0
30/08/2008 21:00,0,0,0,0,0,0,0
30/08/2008 22:00,0,0,0,0,0,0,0
30/08/2008 23:00,0,0,0,0,0,0,0
31/08/2008 00:00,0,0,0,0,0,0,0
31/08/2008 01:00,0,0,0,0,0,0,0
31/08/2008 02:00,0,0,0,0,0,0,0
31/08/2008 03:00,0,0,0,0,0,0,0
31/08/2008 04:00,0,0,0,0,0,0,0
31/08/2008 05:00,0.0018,0.00158,0.00235,0.00566,0.00797,0.00434,0.00144
31/08/2008 06:00,0.0511,0.0687,0.06733,0.11076,0.11657,0.09073,0.02717
31/08/2008 07:00,0.16616,0.17346,0.23399,0.25936,0.29524,0.25047,0.0765
31/08/2008 08:00,0.27626,0.24292,0.21105,0.41565,0.4351,0.38713,0.12012
31/08/2008 09:00,0.41063,0.2734,0.23887,0.36666,0.48725,0.34332,0.16322
31/08/2008 10:00,0.45512,0.3975,0.32249,0.38712,0.4421,0.26882,0.18527
31/08/2008 11:00,0.47953,0.55992,0.43206,0.43201,0.39739,0.3013,0.27541
31/08/2008 12:00,0.42693,0.60298,0.61015,0.27573,0.33413,0.30381,0.23252
31/08/2008 13:00,0.48813,0.51245,0.49934,0.26466,0.25337,0.21882,0.29154
31/08/2008 14:00,0.41461,0.45432,0.334,0.20349,0.22229,0.30998,0.24427
31/08/2008 15:00,0.28781,0.35062,0.41732,0.15621,0.20184,0.24821,0.19124
31/08/2008 16:00,0.1306,0.17182,0.2257,0.1159,0.11976,0.14161,0.11544
31/08/2008 17:00,0.03151,0.03619,0.04503,0.03323,0.0245,0.02434,0.02383
31/08/2008 18:00,0,0,0,0,0,0,0
31/08/2008 19:00,0,0,0,0,0,0,0
31/08/2008 20:00,0,0,0,0,0,0,0
31/08/2008 21:00,0,0,0,0,0,0,0
31/08/2008 22:00,0,0,0,0,0,0,0
31/08/2008 23:00,0,0,0,0,0,0,0
01/09/2008 00:00,0,0,0,0,0,0,0
01/09/2008 01:00,0,0,0,0,0,0,0
01/09/2008 02:00,0,0,0,0,0,0,0
01/09/2008 03:00,0,0,0,0,0,0,0
01/09/2008 04:00,0,0,0,0,0,0,0
01/09/2008 05:00,0,0.00508,0,0.00611,0.00375,0.00545,0.00543
01/09/2008 06:00,0.04448,0.04165,0.06305,0.1072,0.06374,0.09276,0.10368
01/09/2008 07:00,0.12247,0.09223,0.09811,0.19446,0.21444,0.18125,0.29047
01/09/2008 08:00,0.20747,0.14402,0.18799,0.10575,0.35944,0.20991,0.38242
01/09/2008 09:00,0.20745,0.16983,0.128,0.22877,0.46849,0.24083,0.37211
01/09/2008 10:00,0.25398,0.17186,0.23067,0.30852,0.47593,0.22105,0.35094
01/09/2008 11:00,0.34721,0.20979,0.1685,0.29903,0.43161,0.12588,0.35972
01/09/2008 12:00,0.35473,0.25673,0.12412,0.23321,0.33069,0.08719,0.29174
01/09/2008 13:00,0.33742,0.28506,0.14698,0.11719,0.26492,0.10755,0.38503
01/09/2008 14:00,0.34211,0.23294,0.12099,0.11944,0.17326,0.08755,0.30236
01/09/2008 15:00,0.2804,0.23408,0.19183,0.12011,0.11481,0.11531,0.2405
01/09/2008 16:00,0.17041,0.1261,0.14998,0.06553,0.0593,0.09288,0.15117
01/09/2008 17:00,0.04374,0.03407,0.03562,0.0241,0.01947,0.02932,0.038
01/09/2008 18:00,0,0,0,0,0,0,0
01/09/2008 19:00,0,0,0,0,0,0,0
01/09/2008 20:00,0,0,0,0,0,0,0
01/09/2008 21:00,0,0,0,0,0,0,0
01/09/2008 22:00,0,0,0,0,0,0,0
01/09/2008 23:00,0,0,0,0,0,0,0
02/09/2008 00:00,0,0,0,0,0,0,0
02/09/2008 01:00,0,0,0,0,0,0,0
02/09/2008 02:00,0,0,0,0,0,0,0
02/09/2008 03:00,0,0,0,0,0,0,0
02/09/2008 04:00,0,0,0,0,0,0,0
02/09/2008 05:00,0,0.00451,0,0.0022,0.00588,0.00369,0.00287
02/09/2008 06:00,0.10456,0.1015,0.11179,0.12185,0.10796,0.11895,0.08647
02/09/2008 07:00,0.31822,0.29754,0.28256,0.35126,0.30934,0.34297,0.18059
02/09/2008 08:00,0.52051,0.49069,0.46896,0.53928,0.47382,0.52919,0.22505
02/09/2008 09:00,0.6634,0.6424,0.59142,0.66265,0.57788,0.65828,0.34291
02/09/2008 10:00,0.74559,0.76512,0.68517,0.76768,0.63299,0.74826,0.38501
02/09/2008 11:00,0.77109,0.82685,0.78513,0.83098,0.65289,0.787,0.35348
02/09/2008 12:00,0.74632,0.80161,0.79806,0.8191,0.62174,0.75537,0.37803
02/09/2008 13:00,0.66499,0.72471,0.73597,0.74976,0.55167,0.66158,0.28526
02/09/2008 14:00,0.52087,0.57877,0.62558,0.62938,0.44037,0.51327,0.19672
02/09/2008 15:00,0.35092,0.40645,0.43112,0.44196,0.32738,0.3565,0.18406
02/09/2008 16:00,0.16886,0.19856,0.22646,0.23136,0.17246,0.20449,0.14446
02/09/2008 17:00,0.03796,0.03684,0.04032,0.03879,0.03092,0.03805,0.03804
02/09/2008 18:00,0,0,0,0,0,0,0
02/09/2008 19:00,0,0,0,0,0,0,0
02/09/2008 20:00,0,0,0,0,0,0,0
02/09/2008 21:00,0,0,0,0,0,0,0
02/09/2008 22:00,0,0,0,0,0,0,0
02/09/2008 23:00,0,0,0,0,0,0,0
03/09/2008 00:00,0,0,0,0,0,0,0
03/09/2008 01:00,0,0,0,0,0,0,0
03/09/2008 02:00,0,0,0,0,0,0,0
03/09/2008 03:00,0,0,0,0,0,0,0
03/09/2008 04:00,0,0,0,0,0,0,0
03/09/2008 05:00,0,0,0,0.00251,0.00523,0.00157,0.00045
03/09/2008 06:00,0.08095,0.10033,0.11539,0.11607,0.0946,0.11161,0.04162
03/09/2008 07:00,0.25435,0.29194,0.33138,0.33925,0.25705,0.31271,0.08042
03/09/2008 08:00,0.46704,0.49152,0.53892,0.55003,0.33169,0.48042,0.08984
03/09/2008 09:00,0.55857,0.63932,0.66497,0.69133,0.38662,0.57685,0.10193
03/09/2008 10:00,0.55926,0.68464,0.76399,0.77897,0.39659,0.61725,0.07871
03/09/2008 11:00,0.51498,0.69652,0.8263,0.81725,0.3616,0.68955,0.05776
03/09/2008 12:00,0.40709,0.5938,0.7314,0.80857,0.31486,0.65805,0.06167
03/09/2008 13:00,0.33931,0.36118,0.62555,0.65374,0.32515,0.49429,0.11696
03/09/2008 14:00,0.24067,0.31437,0.19112,0.34361,0.2254,0.29064,0.0694
03/09/2008 15:00,0.16592,0.17786,0.17627,0.21913,0.13098,0.26727,0.04811
03/09/2008 16:00,0.05029,0.03983,0.06582,0.04978,0.06034,0.06688,0.03068
03/09/2008 17:00,0.02174,0.01873,0.00793,0.01052,0.01342,0.02156,0.01102
03/09/2008 18:00,0,0,0,0,0,0,0
03/09/2008 19:00,0,0,0,0,0,0,0
03/09/2008 20:00,0,0,0,0,0,0,0
03/09/2008 21:00,0,0,0,0,0,0,0
03/09/2008 22:00,0,0,0,0,0,0,0
03/09/2008 23:00,0,0,0,0,0,0,0
04/09/2008 00:00,0,0,0,0,0,0,0
04/09/2008 01:00,0,0,0,0,0,0,0
04/09/2008 02:00,0,0,0,0,0,0,0
04/09/2008 03:00,0,0,0,0,0,0,0
04/09/2008 04:00,0,0,0,0,0,0,0
04/09/2008 05:00,0,0,0,0.0011,0.00433,0.00112,0.00055
04/09/2008 06:00,0.03814,0.05275,0.05104,0.04347,0.03324,0.03645,0.02115
04/09/2008 07:00,0.0597,0.04521,0.07147,0.13039,0.09694,0.07365,0.03322
04/09/2008 08:00,0.07814,0.04835,0.04165,0.10353,0.11354,0.07526,0.06191
04/09/2008 09:00,0.08279,0.08258,0.06803,0.04433,0.12105,0.06516,0.06439
04/09/2008 10:00,0.10866,0.09637,0.12693,0.11991,0.08003,0.12509,0.06649
04/09/2008 11:00,0.08864,0.0859,0.08847,0.07165,0.11935,0.10991,0.07092
04/09/2008 12:00,0.07755,0.11198,0.13269,0.11152,0.13327,0.13385,0.08259
04/09/2008 13:00,0.07406,0.08829,0.05536,0.08087,0.10789,0.13654,0.07258
04/09/2008 14:00,0.07384,0.06311,0.06213,0.10417,0.07766,0.10463,0.03976
04/09/2008 15:00,0.0656,0.06984,0.05027,0.04532,0.06099,0.05509,0.0371
04/09/2008 16:00,0.04021,0.04736,0.04074,0.05272,0.06109,0.04099,0.03172
04/09/2008 17:00,0.01606,0.01558,0.01169,0.02381,0.01292,0.02024,0.01459
04/09/2008 18:00,0,0,0,0,0,0,0
04/09/2008 19:00,0,0,0,0,0,0,0
04/09/2008 20:00,0,0,0,0,0,0,0
04/09/2008 21:00,0,0,0,0,0,0,0
04/09/2008 22:00,0,0,0,0,0,0,0
04/09/2008 23:00,0,0,0,0,0,0,0
05/09/2008 00:00,0,0,0,0,0,0,0
05/09/2008 01:00,0,0,0,0,0,0,0
05/09/2008 02:00,0,0,0,0,0,0,0
05/09/2008 03:00,0,0,0,0,0,0,0
05/09/2008 04:00,0,0,0,0,0,0,0
05/09/2008 05:00,0,0.00219,0,0.00329,0.00326,0.00226,0.00051
05/09/2008 06:00,0.08081,0.09962,0.09349,0.10332,0.06373,0.10185,0.03573
05/09/2008 07:00,0.25941,0.2841,0.33496,0.35851,0.17332,0.33356,0.06692
05/09/2008 08:00,0.39236,0.33696,0.32055,0.53914,0.30309,0.44027,0.11499
05/09/2008 09:00,0.57921,0.44541,0.24096,0.32291,0.2957,0.55456,0.19342
05/09/2008 10:00,0.66267,0.72279,0.43049,0.61241,0.44557,0.6488,0.28676
05/09/2008 11:00,0.68771,0.81466,0.81133,0.86164,0.44332,0.70627,0.26756
05/09/2008 12:00,0.59891,0.78157,0.84743,0.8419,0.39724,0.64395,0.18326
05/09/2008 13:00,0.53371,0.69678,0.74662,0.64673,0.34748,0.46191,0.12571
05/09/2008 14:00,0.41674,0.56863,0.54791,0.41318,0.24206,0.41674,0.12067
05/09/2008 15:00,0.29684,0.3686,0.39838,0.39022,0.19007,0.31058,0.13492
05/09/2008 16:00,0.12469,0.18403,0.1879,0.17363,0.09376,0.12721,0.06786
05/09/2008 17:00,0.02507,0.02787,0.02581,0.02178,0.0179,0.02497,0.01764
05/09/2008 18:00,0,0,0,0,0,0,0
05/09/2008 19:00,0,0,0,0,0,0,0
05/09/2008 20:00,0,0,0,0,0,0,0
05/09/2008 21:00,0,0,0,0,0,0,0
05/09/2008 22:00,0,0,0,0,0,0,0
05/09/2008 23:00,0,0,0,0,0,0,0
06/09/2008 00:00,0,0,0,0,0,0,0
06/09/2008 01:00,0,0,0,0,0,0,0
06/09/2008 02:00,0,0,0,0,0,0,0
06/09/2008 03:00,0,0,0,0,0,0,0
06/09/2008 04:00,0,0,0,0,0,0,0
06/09/2008 05:00,0,0,0,0.00182,0.00395,0.00114,0.00096
06/09/2008 06:00,0.06229,0.05605,0.0713,0.09334,0.06533,0.08278,0.03071
06/09/2008 07:00,0.19987,0.16881,0.15162,0.19356,0.15947,0.23413,0.08037
06/09/2008 08:00,0.30493,0.25102,0.18496,0.34307,0.24605,0.31523,0.12602
06/09/2008 09:00,0.28326,0.22144,0.31292,0.38847,0.27966,0.38287,0.12196
06/09/2008 10:00,0.24957,0.14206,0.26543,0.49234,0.29637,0.37312,0.10817
06/09/2008 11:00,0.15038,0.09894,0.11528,0.2836,0.23809,0.14878,0.09498
06/09/2008 12:00,0.07448,0.07742,0.09223,0.11607,0.1751,0.08524,0.07954
06/09/2008 13:00,0.07029,0.05541,0.0625,0.07406,0.14156,0.05607,0.05153
06/09/2008 14:00,0.06515,0.04978,0.06472,0.03374,0.10667,0.04862,0.06865
06/09/2008 15:00,0.05055,0.03771,0.0465,0.05416,0.09183,0.06244,0.10035
06/09/2008 16:00,0.0434,0.02591,0.02617,0.01425,0.0559,0.0313,0.04745
06/09/2008 17:00,0.01596,0.00846,0.01448,0.01075,0.0135,0.01665,0.01597
06/09/2008 18:00,0,0,0,0,0,0,0
06/09/2008 19:00,0,0,0,0,0,0,0
06/09/2008 20:00,0,0,0,0,0,0,0
06/09/2008 21:00,0,0,0,0,0,0,0
06/09/2008 22:00,0,0,0,0,0,0,0
06/09/2008 23:00,0,0,0,0,0,0,0
07/09/2008 00:00,0,0,0,0,0,0,0
07/09/2008 01:00,0,0,0,0,0,0,0
07/09/2008 02:00,0,0,0,0,0,0,0
07/09/2008 03:00,0,0,0,0,0,0,0
07/09/2008 04:00,0,0,0,0,0,0,0
07/09/2008 05:00,0,0,0,0.00118,0.00223,0.00106,0
07/09/2008 06:00,0.06297,0.04468,0.06194,0.03488,0.01477,0.05703,0.02762
07/09/2008 07:00,0.17717,0.1145,0.08988,0.10128,0.03368,0.08214,0.04885
07/09/2008 08:00,0.30799,0.20223,0.15019,0.08955,0.0489,0.10498,0.06386
07/09/2008 09:00,0.43433,0.2946,0.22386,0.09595,0.07195,0.11788,0.08176
07/09/2008 10:00,0.49178,0.35546,0.21492,0.11934,0.07977,0.10462,0.11759
07/09/2008 11:00,0.55744,0.33578,0.16827,0.21381,0.10471,0.13162,0.09688
07/09/2008 12:00,0.57784,0.32554,0.1697,0.23925,0.10993,0.12654,0.11714
07/09/2008 13:00,0.54789,0.37066,0.31273,0.44916,0.14185,0.12092,0.17312
07/09/2008 14:00,0.47163,0.33526,0.33513,0.22749,0.12936,0.05808,0.16206
07/09/2008 15:00,0.35332,0.27637,0.35765,0.17821,0.15024,0.06522,0.08621
07/09/2008 16:00,0.18092,0.15281,0.20208,0.1499,0.07815,0.05268,0.0421
07/09/2008 17:00,0.03429,0.0299,0.03248,0.0232,0.00994,0.00978,0.00876
07/09/2008 18:00,0,0,0,0,0,0,0
07/09/2008 19:00,0,0,0,0,0,0,0
07/09/2008 20:00,0,0,0,0,0,0,0
07/09/2008 21:00,0,0,0,0,0,0,0
07/09/2008 22:00,0,0,0,0,0,0,0
07/09/2008 23:00,0,0,0,0,0,0,0
08/09/2008 00:00,0,0,0,0,0,0,0
08/09/2008 01:00,0,0,0,0,0,0,0
08/09/2008 02:00,0,0,0,0,0,0,0
08/09/2008 03:00,0,0,0,0,0,0,0
08/09/2008 04:00,0,0,0,0,0,0,0
08/09/2008 05:00,0,0,0,0,0.00258,0,0
08/09/2008 06:00,0.10537,0.10638,0.08334,0.11537,0.11617,0.1187,0.12783
08/09/2008 07:00,0.3323,0.33218,0.28898,0.32808,0.3036,0.34651,0.36626
08/09/2008 08:00,0.53811,0.5311,0.52613,0.53548,0.47113,0.53574,0.56291
08/09/2008 09:00,0.67824,0.64371,0.6526,0.68493,0.60572,0.674,0.71309
08/09/2008 10:00,0.77419,0.71337,0.68626,0.73813,0.70707,0.74936,0.79425
08/09/2008 11:00,0.82577,0.75783,0.7196,0.75654,0.74169,0.76694,0.80834
08/09/2008 12:00,0.81039,0.7616,0.7022,0.74881,0.74844,0.76263,0.78719
08/09/2008 13:00,0.75129,0.72323,0.67517,0.7095,0.7047,0.71005,0.72886
08/09/2008 14:00,0.63856,0.61801,0.59567,0.60391,0.58458,0.57687,0.60573
08/09/2008 15:00,0.467,0.45959,0.44858,0.43566,0.42344,0.42764,0.43628
08/09/2008 16:00,0.24449,0.2386,0.22659,0.22026,0.20771,0.2201,0.21751
08/09/2008 17:00,0.03655,0.03532,0.0305,0.02584,0.01835,0.02758,0.02443
08/09/2008 18:00,0,0,0,0,0,0,0
08/09/2008 19:00,0,0,0,0,0,0,0
08/09/2008 20:00,0,0,0,0,0,0,0
08/09/2008 21:00,0,0,0,0,0,0,0
08/09/2008 22:00,0,0,0,0,0,0,0
08/09/2008 23:00,0,0,0,0,0,0,0
09/09/2008 00:00,0,0,0,0,0,0,0
09/09/2008 01:00,0,0,0,0,0,0,0
09/09/2008 02:00,0,0,0,0,0,0,0
09/09/2008 03:00,0,0,0,0,0,0,0
09/09/2008 04:00,0,0,0,0,0,0,0
09/09/2008 05:00,0,0,0,0,0.00296,0,0
09/09/2008 06:00,0.10645,0.10569,0.09319,0.11946,0.13725,0.11868,0.12596
09/09/2008 07:00,0.33974,0.33558,0.27199,0.32981,0.37054,0.34709,0.3609
09/09/2008 08:00,0.5459,0.54189,0.48612,0.53838,0.57079,0.55357,0.55882
09/09/2008 09:00,0.69715,0.69349,0.68942,0.7003,0.71942,0.70379,0.70206
09/09/2008 10:00,0.79145,0.78919,0.78751,0.79161,0.81061,0.79543,0.80205
09/09/2008 11:00,0.81854,0.82107,0.81989,0.81974,0.84219,0.82808,0.83845
09/09/2008 12:00,0.78599,0.79689,0.79282,0.78868,0.81919,0.80663,0.81958
09/09/2008 13:00,0.64353,0.70088,0.72232,0.71868,0.74095,0.73134,0.73773
09/09/2008 14:00,0.29872,0.51665,0.59557,0.59333,0.60325,0.59976,0.58732
09/09/2008 15:00,0.16991,0.19105,0.41583,0.40669,0.40868,0.3986,0.39315
09/09/2008 16:00,0.14044,0.10072,0.13087,0.18858,0.1819,0.13201,0.17
09/09/2008 17:00,0.0236,0.02363,0.02343,0.02039,0.01491,0.01924,0.01797
09/09/2008 18:00,0,0,0,0,0,0,0
09/09/2008 19:00,0,0,0,0,0,0,0
09/09/2008 20:00,0,0,0,0,0,0,0
09/09/2008 21:00,0,0,0,0,0,0,0
09/09/2008 22:00,0,0,0,0,0,0,0
09/09/2008 23:00,0,0,0,0,0,0,0
10/09/2008 00:00,0,0,0,0,0,0,0
10/09/2008 01:00,0,0,0,0,0,0,0
10/09/2008 02:00,0,0,0,0,0,0,0
10/09/2008 03:00,0,0,0,0,0,0,0
10/09/2008 04:00,0,0,0,0,0,0,0
10/09/2008 05:00,0,0,0,0,0.00233,0,0
10/09/2008 06:00,0.04284,0.04352,0.03063,0.01337,0.08573,0.01806,0.07281
10/09/2008 07:00,0.13781,0.13527,0.1278,0.06713,0.18472,0.12027,0.20875
10/09/2008 08:00,0.17891,0.23301,0.161,0.19345,0.26709,0.35152,0.4622
10/09/2008 09:00,0.2926,0.16603,0.38114,0.28279,0.39317,0.40953,0.55389
10/09/2008 10:00,0.4059,0.25028,0.11698,0.38371,0.52543,0.3327,0.70209
10/09/2008 11:00,0.49176,0.60338,0.28694,0.06275,0.60816,0.15919,0.79338
10/09/2008 12:00,0.57167,0.71165,0.61929,0.14736,0.33142,0.25173,0.34371
10/09/2008 13:00,0.45933,0.6376,0.66121,0.57258,0.16222,0.43535,0.38691
10/09/2008 14:00,0.35239,0.45905,0.56689,0.54355,0.22689,0.51818,0.58291
10/09/2008 15:00,0.22343,0.33904,0.40193,0.37522,0.32098,0.32702,0.38765
10/09/2008 16:00,0.15445,0.17828,0.18953,0.17547,0.17286,0.16491,0.15928
10/09/2008 17:00,0.02475,0.02649,0.01869,0.01244,0.01291,0.01752,0.01466
10/09/2008 18:00,0,0,0,0,0,0,0
10/09/2008 19:00,0,0,0,0,0,0,0
10/09/2008 20:00,0,0,0,0,0,0,0
10/09/2008 21:00,0,0,0,0,0,0,0
10/09/2008 22:00,0,0,0,0,0,0,0
10/09/2008 23:00,0,0,0,0,0,0,0
11/09/2008 00:00,0,0,0,0,0,0,0
11/09/2008 01:00,0,0,0,0,0,0,0
11/09/2008 02:00,0,0,0,0,0,0,0
11/09/2008 03:00,0,0,0,0,0,0,0
11/09/2008 04:00,0,0,0,0,0,0,0
11/09/2008 05:00,0,0,0,0,0.00152,0,0
11/09/2008 06:00,0.06037,0.05655,0.06923,0.07575,0.10399,0.08313,0.07614
11/09/2008 07:00,0.15052,0.20124,0.20948,0.27038,0.29909,0.27831,0.20469
11/09/2008 08:00,0.3336,0.32263,0.3904,0.46983,0.49629,0.46528,0.33653
11/09/2008 09:00,0.41667,0.33047,0.47927,0.6254,0.62228,0.50988,0.62414
11/09/2008 10:00,0.368,0.39382,0.45521,0.56121,0.71943,0.62822,0.7478
11/09/2008 11:00,0.25448,0.14168,0.3826,0.7308,0.78939,0.69912,0.77965
11/09/2008 12:00,0.39439,0.29468,0.10218,0.6257,0.64721,0.25232,0.41081
11/09/2008 13:00,0.40962,0.48176,0.29018,0.08045,0.29368,0.18406,0.40535
11/09/2008 14:00,0.24342,0.50352,0.40491,0.29069,0.13151,0.20018,0.10679
11/09/2008 15:00,0.18151,0.23138,0.38679,0.21423,0.09683,0.24227,0.16373
11/09/2008 16:00,0.11692,0.11755,0.15617,0.15287,0.10282,0.11862,0.16042
11/09/2008 17:00,0.01839,0.02058,0.01172,0.01469,0.01098,0.01356,0.01487
11/09/2008 18:00,0,0,0,0,0,0,0
11/09/2008 19:00,0,0,0,0,0,0,0
11/09/2008 20:00,0,0,0,0,0,0,0
11/09/2008 21:00,0,0,0,0,0,0,0
11/09/2008 22:00,0,0,0,0,0,0,0
11/09/2008 23:00,0,0,0,0,0,0,0
12/09/2008 00:00,0,0,0,0,0,0,0
12/09/2008 01:00,0,0,0,0,0,0,0
12/09/2008 02:00,0,0,0,0,0,0,0
12/09/2008 03:00,0,0,0,0,0,0,0
12/09/2008 04:00,0,0,0,0,0,0,0
12/09/2008 05:00,0,0,0,0,0,0,0
12/09/2008 06:00,0.01719,0.02792,0.0554,0.02316,0.03113,0.01927,0.01357
12/09/2008 07:00,0.07704,0.0966,0.14875,0.0661,0.08001,0.0656,0.08668
12/09/2008 08:00,0.16784,0.14007,0.15132,0.1513,0.13599,0.11543,0.19493
12/09/2008 09:00,0.22749,0.09434,0.14749,0.12027,0.16356,0.08827,0.4172
12/09/2008 10:00,0.23914,0.09328,0.10342,0.13888,0.16024,0.08244,0.174
12/09/2008 11:00,0.24705,0.10144,0.08924,0.09588,0.12181,0.09325,0.19758
12/09/2008 12:00,0.26651,0.11334,0.11941,0.07481,0.12776,0.09298,0.49645
12/09/2008 13:00,0.27506,0.10442,0.08003,0.05386,0.12523,0.09239,0.45849
12/09/2008 14:00,0.22514,0.08158,0.042,0.04704,0.10307,0.06002,0.39284
12/09/2008 15:00,0.16274,0.08363,0.05294,0.04783,0.0833,0.0712,0.28495
12/09/2008 16:00,0.09361,0.07564,0.03177,0.04179,0.04175,0.04313,0.15784
12/09/2008 17:00,0.01105,0.01768,0.01417,0.00756,0.00503,0.00856,0.01213
12/09/2008 18:00,0,0,0,0,0,0,0
12/09/2008 19:00,0,0,0,0,0,0,0
12/09/2008 20:00,0,0,0,0,0,0,0
12/09/2008 21:00,0,0,0,0,0,0,0
12/09/2008 22:00,0,0,0,0,0,0,0
12/09/2008 23:00,0,0,0,0,0,0,0
13/09/2008 00:00,0,0,0,0,0,0,0
13/09/2008 01:00,0,0,0,0,0,0,0
13/09/2008 02:00,0,0,0,0,0,0,0
13/09/2008 03:00,0,0,0,0,0,0,0
13/09/2008 04:00,0,0,0,0,0,0,0
13/09/2008 05:00,0,0,0,0,0,0,0
13/09/2008 06:00,0.02484,0.01144,0.00678,0.00397,0.01077,0.01857,0.00451
13/09/2008 07:00,0.03119,0.02375,0.04535,0.02219,0.02438,0.04035,0.01753
13/09/2008 08:00,0.03795,0.03329,0.03624,0.04062,0.047,0.03781,0.04791
13/09/2008 09:00,0.04758,0.04598,0.03698,0.04947,0.08145,0.0411,0.03553
13/09/2008 10:00,0.05353,0.04603,0.04149,0.04574,0.05169,0.04059,0.0482
13/09/2008 11:00,0.06071,0.05063,0.04271,0.04203,0.04326,0.04261,0.04313
13/09/2008 12:00,0.05602,0.05067,0.04178,0.04099,0.04462,0.04265,0.04213
13/09/2008 13:00,0.06359,0.04418,0.04241,0.03821,0.05735,0.03797,0.03939
13/09/2008 14:00,0.08275,0.03954,0.0361,0.03624,0.03573,0.03667,0.03064
13/09/2008 15:00,0.05842,0.02776,0.02518,0.02188,0.02604,0.02268,0.04198
13/09/2008 16:00,0.03049,0.01555,0.01227,0.01338,0.01564,0.01445,0.0334
13/09/2008 17:00,0.00744,0.00422,0.00202,0.00087,0.00183,0.00104,0.00376
13/09/2008 18:00,0,0,0,0,0,0,0
13/09/2008 19:00,0,0,0,0,0,0,0
13/09/2008 20:00,0,0,0,0,0,0,0
13/09/2008 21:00,0,0,0,0,0,0,0
13/09/2008 22:00,0,0,0,0,0,0,0
13/09/2008 23:00,0,0,0,0,0,0,0
14/09/2008 00:00,0,0,0,0,0,0,0
14/09/2008 01:00,0,0,0,0,0,0,0
14/09/2008 02:00,0,0,0,0,0,0,0
14/09/2008 03:00,0,0,0,0,0,0,0
14/09/2008 04:00,0,0,0,0,0,0,0
14/09/2008 05:00,0,0,0,0,0,0,0
14/09/2008 06:00,0.02013,0.01623,0.01881,0.0289,0.01431,0.02277,0.02402
14/09/2008 07:00,0.05938,0.05155,0.02489,0.02844,0.02947,0.03218,0.04483
14/09/2008 08:00,0.1087,0.07522,0.06492,0.03595,0.06329,0.03554,0.06031
14/09/2008 09:00,0.12642,0.09098,0.11651,0.09047,0.09054,0.05735,0.13717
14/09/2008 10:00,0.14762,0.11718,0.11207,0.10951,0.09571,0.08844,0.14887
14/09/2008 11:00,0.21625,0.13817,0.14197,0.09745,0.11364,0.09858,0.18694
14/09/2008 12:00,0.21261,0.12214,0.12883,0.07512,0.13338,0.10722,0.25935
14/09/2008 13:00,0.17025,0.08406,0.12944,0.11352,0.11193,0.05803,0.26983
14/09/2008 14:00,0.09568,0.07439,0.10372,0.08379,0.05841,0.04463,0.14784
14/09/2008 15:00,0.11239,0.0666,0.04775,0.03916,0.05812,0.05222,0.10045
14/09/2008 16:00,0.08191,0.04626,0.02887,0.02445,0.03147,0.03366,0.08143
14/09/2008 17:00,0.01094,0.00717,0.00239,0.00056,0.0017,0.0017,0.00618
14/09/2008 18:00,0,0,0,0,0,0,0
14/09/2008 19:00,0,0,0,0,0,0,0
14/09/2008 20:00,0,0,0,0,0,0,0
14/09/2008 21:00,0,0,0,0,0,0,0
14/09/2008 22:00,0,0,0,0,0,0,0
14/09/2008 23:00,0,0,0,0,0,0,0
15/09/2008 00:00,0,0,0,0,0,0,0
15/09/2008 01:00,0,0,0,0,0,0,0
15/09/2008 02:00,0,0,0,0,0,0,0
15/09/2008 03:00,0,0,0,0,0,0,0
15/09/2008 04:00,0,0,0,0,0,0,0
15/09/2008 05:00,0,0,0,0,0,0,0
15/09/2008 06:00,0.0543,0.05902,0.04521,0.02051,0.03425,0.0302,0.08151
15/09/2008 07:00,0.21458,0.16055,0.09404,0.11254,0.0976,0.06074,0.25499
15/09/2008 08:00,0.41602,0.22416,0.1648,0.18072,0.14967,0.07705,0.39505
15/09/2008 09:00,0.50937,0.28879,0.30344,0.27766,0.1718,0.09287,0.63804
15/09/2008 10:00,0.61383,0.33634,0.19166,0.16834,0.15578,0.13075,0.78423
15/09/2008 11:00,0.68023,0.37535,0.17193,0.10897,0.13552,0.14749,0.79345
15/09/2008 12:00,0.6661,0.36303,0.14336,0.09228,0.11936,0.10015,0.73694
15/09/2008 13:00,0.60572,0.28743,0.09315,0.08547,0.09307,0.05291,0.61519
15/09/2008 14:00,0.4513,0.21876,0.06724,0.08331,0.06906,0.03363,0.42592
15/09/2008 15:00,0.29715,0.1837,0.06143,0.07497,0.06127,0.04141,0.29531
15/09/2008 16:00,0.13857,0.08751,0.04084,0.03725,0.0384,0.0425,0.14798
15/09/2008 17:00,0.01204,0.00711,0.00078,0.00038,0.0014,0.00256,0.00791
15/09/2008 18:00,0,0,0,0,0,0,0
15/09/2008 19:00,0,0,0,0,0,0,0
15/09/2008 20:00,0,0,0,0,0,0,0
15/09/2008 21:00,0,0,0,0,0,0,0
15/09/2008 22:00,0,0,0,0,0,0,0
15/09/2008 23:00,0,0,0,0,0,0,0
16/09/2008 00:00,0,0,0,0,0,0,0
16/09/2008 01:00,0,0,0,0,0,0,0
16/09/2008 02:00,0,0,0,0,0,0,0
16/09/2008 03:00,0,0,0,0,0,0,0
16/09/2008 04:00,0,0,0,0,0,0,0
16/09/2008 05:00,0,0,0,0,0,0,0
16/09/2008 06:00,0.07415,0.05284,0.04053,0.04978,0.05941,0.04664,0.11177
16/09/2008 07:00,0.25598,0.15499,0.14334,0.13716,0.14985,0.15722,0.35295
16/09/2008 08:00,0.41496,0.23703,0.25096,0.19216,0.25947,0.2211,0.56693
16/09/2008 09:00,0.51574,0.27192,0.24505,0.27841,0.31373,0.21814,0.72022
16/09/2008 10:00,0.60586,0.3256,0.25851,0.31448,0.36102,0.23983,0.81607
16/09/2008 11:00,0.7004,0.40265,0.21128,0.28076,0.40802,0.2347,0.85144
16/09/2008 12:00,0.69401,0.3808,0.35526,0.44031,0.43958,0.26604,0.82603
16/09/2008 13:00,0.66328,0.38951,0.29008,0.53566,0.45722,0.30005,0.75041
16/09/2008 14:00,0.56357,0.35273,0.36682,0.43539,0.40557,0.23124,0.61488
16/09/2008 15:00,0.40636,0.2966,0.26825,0.30891,0.30671,0.17458,0.42214
16/09/2008 16:00,0.19246,0.1486,0.11921,0.12399,0.13739,0.07809,0.18532
16/09/2008 17:00,0.01327,0.01138,0.008,0.0051,0.00335,0.00384,0.00693
16/09/2008 18:00,0,0,0,0,0,0,0
16/09/2008 19:00,0,0,0,0,0,0,0
16/09/2008 20:00,0,0,0,0,0,0,0
16/09/2008 21:00,0,0,0,0,0,0,0
16/09/2008 22:00,0,0,0,0,0,0,0
16/09/2008 23:00,0,0,0,0,0,0,0
17/09/2008 00:00,0,0,0,0,0,0,0
17/09/2008 01:00,0,0,0,0,0,0,0
17/09/2008 02:00,0,0,0,0,0,0,0
17/09/2008 03:00,0,0,0,0,0,0,0
17/09/2008 04:00,0,0,0,0,0,0,0
17/09/2008 05:00,0,0,0,0,0,0,0
17/09/2008 06:00,0.07863,0.07503,0.03222,0.04451,0.09793,0.07628,0.11311
17/09/2008 07:00,0.26661,0.21585,0.06625,0.10982,0.27408,0.22309,0.34883
17/09/2008 08:00,0.44197,0.33887,0.08369,0.12319,0.41949,0.33314,0.54691
17/09/2008 09:00,0.56212,0.41673,0.07928,0.11673,0.51908,0.38743,0.68645
17/09/2008 10:00,0.64312,0.48117,0.09161,0.13402,0.58926,0.43326,0.74738
17/09/2008 11:00,0.6833,0.50701,0.11274,0.14944,0.61992,0.43945,0.78467
17/09/2008 12:00,0.68359,0.52735,0.16437,0.15055,0.59492,0.42805,0.76432
17/09/2008 13:00,0.63681,0.49392,0.27372,0.1927,0.53623,0.4442,0.68185
17/09/2008 14:00,0.53203,0.44206,0.32492,0.27591,0.44396,0.38034,0.47554
17/09/2008 15:00,0.33243,0.33367,0.30837,0.27754,0.26508,0.2899,0.33345
17/09/2008 16:00,0.14749,0.13604,0.12934,0.12384,0.11459,0.13002,0.12895
17/09/2008 17:00,0.0094,0.0077,0.0064,0.00486,0.00247,0.00553,0.00419
17/09/2008 18:00,0,0,0,0,0,0,0
17/09/2008 19:00,0,0,0,0,0,0,0
17/09/2008 20:00,0,0,0,0,0,0,0
17/09/2008 21:00,0,0,0,0,0,0,0
17/09/2008 22:00,0,0,0,0,0,0,0
17/09/2008 23:00,0,0,0,0,0,0,0
18/09/2008 00:00,0,0,0,0,0,0,0
18/09/2008 01:00,0,0,0,0,0,0,0
18/09/2008 02:00,0,0,0,0,0,0,0
18/09/2008 03:00,0,0,0,0,0,0,0
18/09/2008 04:00,0,0,0,0,0,0,0
18/09/2008 05:00,0,0,0,0,0,0,0
18/09/2008 06:00,0.06993,0.04994,0.02088,0.04078,0.07182,0.07558,0.05832
18/09/2008 07:00,0.24343,0.19997,0.10719,0.10249,0.24415,0.23308,0.2003
18/09/2008 08:00,0.36643,0.3321,0.17244,0.15932,0.41765,0.37727,0.31381
18/09/2008 09:00,0.50349,0.43373,0.18585,0.18579,0.54938,0.4749,0.48601
18/09/2008 10:00,0.57976,0.46177,0.2078,0.30972,0.63972,0.56455,0.58044
18/09/2008 11:00,0.44897,0.32326,0.20158,0.45271,0.6944,0.49678,0.65105
18/09/2008 12:00,0.31605,0.21131,0.18738,0.35608,0.63797,0.32435,0.55466
18/09/2008 13:00,0.25534,0.16849,0.07896,0.1559,0.43055,0.15345,0.38727
18/09/2008 14:00,0.16823,0.1125,0.05183,0.05514,0.20526,0.09067,0.35758
18/09/2008 15:00,0.12374,0.06173,0.04893,0.03014,0.11418,0.06956,0.23123
18/09/2008 16:00,0.04942,0.03953,0.03173,0.02479,0.03556,0.03835,0.08862
18/09/2008 17:00,0.00408,0.0035,0.00221,0.00105,0.00055,0.00188,0.00083
18/09/2008 18:00,0,0,0,0,0,0,0
18/09/2008 19:00,0,0,0,0,0,0,0
18/09/2008 20:00,0,0,0,0,0,0,0
18/09/2008 21:00,0,0,0,0,0,0,0
18/09/2008 22:00,0,0,0,0,0,0,0
18/09/2008 23:00,0,0,0,0,0,0,0
19/09/2008 00:00,0,0,0,0,0,0,0
19/09/2008 01:00,0,0,0,0,0,0,0
19/09/2008 02:00,0,0,0,0,0,0,0
19/09/2008 03:00,0,0,0,0,0,0,0
19/09/2008 04:00,0,0,0,0,0,0,0
19/09/2008 05:00,0,0,0,0,0,0,0
19/09/2008 06:00,0.02031,0.03874,0.04765,0.02794,0.02206,0.01538,0.01834
19/09/2008 07:00,0.06788,0.1533,0.14027,0.12808,0.09888,0.0852,0.09212
19/09/2008 08:00,0.22194,0.32746,0.28488,0.2633,0.21381,0.18091,0.20671
19/09/2008 09:00,0.35726,0.44809,0.37635,0.37609,0.27786,0.21384,0.44564
19/09/2008 10:00,0.4681,0.52704,0.53544,0.48485,0.28891,0.42777,0.43638
19/09/2008 11:00,0.56362,0.52612,0.67544,0.61254,0.2915,0.36046,0.5003
19/09/2008 12:00,0.55201,0.47553,0.67376,0.548,0.24009,0.30691,0.44117
19/09/2008 13:00,0.46882,0.42746,0.62198,0.51658,0.27131,0.24744,0.35132
19/09/2008 14:00,0.37048,0.31234,0.49082,0.40759,0.28289,0.25477,0.27246
19/09/2008 15:00,0.22673,0.25931,0.31306,0.33871,0.22407,0.22895,0.30724
19/09/2008 16:00,0.11123,0.13281,0.10248,0.13877,0.09639,0.10147,0.13911
19/09/2008 17:00,0.00592,0.00562,0.00385,0.00228,0.00144,0.00161,0.00195
19/09/2008 18:00,0,0,0,0,0,0,0
19/09/2008 19:00,0,0,0,0,0,0,0
19/09/2008 20:00,0,0,0,0,0,0,0
19/09/2008 21:00,0,0,0,0,0,0,0
19/09/2008 22:00,0,0,0,0,0,0,0
19/09/2008 23:00,0,0,0,0,0,0,0
20/09/2008 00:00,0,0,0,0,0,0,0
20/09/2008 01:00,0,0,0,0,0,0,0
20/09/2008 02:00,0,0,0,0,0,0,0
20/09/2008 03:00,0,0,0,0,0,0,0
20/09/2008 04:00,0,0,0,0,0,0,0
20/09/2008 05:00,0,0,0,0,0,0,0
20/09/2008 06:00,0.06464,0.06497,0.0765,0.09418,0.08723,0.05567,0.09846
20/09/2008 07:00,0.24063,0.24444,0.30775,0.31857,0.26742,0.19879,0.33131
20/09/2008 08:00,0.43568,0.44385,0.53101,0.52545,0.45152,0.32309,0.53357
20/09/2008 09:00,0.58899,0.57954,0.69145,0.68743,0.6012,0.41904,0.68338
20/09/2008 10:00,0.67799,0.65748,0.79705,0.76783,0.70144,0.47453,0.77164
20/09/2008 11:00,0.7137,0.70957,0.83245,0.76551,0.72301,0.50121,0.78182
20/09/2008 12:00,0.70792,0.68896,0.79159,0.67425,0.70342,0.44943,0.74682
20/09/2008 13:00,0.66895,0.65575,0.7306,0.62909,0.62449,0.37205,0.66269
20/09/2008 14:00,0.56109,0.53116,0.59415,0.5277,0.4857,0.23782,0.53307
20/09/2008 15:00,0.38228,0.34234,0.39612,0.34607,0.30987,0.14884,0.3464
20/09/2008 16:00,0.16956,0.15061,0.16539,0.14489,0.11764,0.0763,0.13374
20/09/2008 17:00,0.00532,0.00409,0.00262,0,0,0.00124,0
20/09/2008 18:00,0,0,0,0,0,0,0
20/09/2008 19:00,0,0,0,0,0,0,0
20/09/2008 20:00,0,0,0,0,0,0,0
20/09/2008 21:00,0,0,0,0,0,0,0
20/09/2008 22:00,0,0,0,0,0,0,0
20/09/2008 23:00,0,0,0,0,0,0,0
21/09/2008 00:00,0,0,0,0,0,0,0
21/09/2008 01:00,0,0,0,0,0,0,0
21/09/2008 02:00,0,0,0,0,0,0,0
21/09/2008 03:00,0,0,0,0,0,0,0
21/09/2008 04:00,0,0,0,0,0,0,0
21/09/2008 05:00,0,0,0,0,0,0,0
21/09/2008 06:00,0.04778,0.04759,0.02966,0.00713,0.06701,0.04167,0.08092
21/09/2008 07:00,0.16252,0.15777,0.11015,0.06486,0.18777,0.09649,0.25157
21/09/2008 08:00,0.25311,0.18604,0.10771,0.19801,0.26625,0.17598,0.39829
21/09/2008 09:00,0.31883,0.25491,0.24954,0.15096,0.2307,0.24902,0.42297
21/09/2008 10:00,0.42426,0.37983,0.15005,0.25441,0.29106,0.21493,0.32515
21/09/2008 11:00,0.40247,0.31342,0.4265,0.28355,0.54757,0.27648,0.44036
21/09/2008 12:00,0.39444,0.32189,0.40788,0.40298,0.50615,0.22973,0.50507
21/09/2008 13:00,0.44938,0.34226,0.55334,0.38421,0.40394,0.1769,0.52952
21/09/2008 14:00,0.38774,0.32448,0.45145,0.2708,0.30552,0.17972,0.42022
21/09/2008 15:00,0.29646,0.25978,0.32285,0.11479,0.20552,0.16285,0.24696
21/09/2008 16:00,0.12818,0.12341,0.10842,0.07437,0.08087,0.0798,0.09969
21/09/2008 17:00,0.00445,0.00366,0.00225,0,0,0,0
21/09/2008 18:00,0,0,0,0,0,0,0
21/09/2008 19:00,0,0,0,0,0,0,0
21/09/2008 20:00,0,0,0,0,0,0,0
21/09/2008 21:00,0,0,0,0,0,0,0
21/09/2008 22:00,0,0,0,0,0,0,0
21/09/2008 23:00,0,0,0,0,0,0,0
22/09/2008 00:00,0,0,0,0,0,0,0
22/09/2008 01:00,0,0,0,0,0,0,0
22/09/2008 02:00,0,0,0,0,0,0,0
22/09/2008 03:00,0,0,0,0,0,0,0
22/09/2008 04:00,0,0,0,0,0,0,0
22/09/2008 05:00,0,0,0,0,0,0,0
22/09/2008 06:00,0.06326,0.07574,0.06839,0.0642,0.0921,0.07795,0.0961
22/09/2008 07:00,0.23502,0.28898,0.17722,0.20561,0.28195,0.26254,0.32945
22/09/2008 08:00,0.4125,0.47909,0.33329,0.4207,0.4685,0.41301,0.52875
22/09/2008 09:00,0.57311,0.63384,0.56244,0.65008,0.57375,0.55961,0.65358
22/09/2008 10:00,0.66872,0.71585,0.72775,0.71834,0.6138,0.60756,0.69163
22/09/2008 11:00,0.69024,0.73544,0.59965,0.65114,0.54946,0.62269,0.66207
22/09/2008 12:00,0.67007,0.66915,0.56607,0.59079,0.44826,0.42701,0.66805
22/09/2008 13:00,0.64156,0.5847,0.59039,0.55631,0.40126,0.32328,0.61022
22/09/2008 14:00,0.53035,0.45326,0.39143,0.40057,0.30215,0.2527,0.46208
22/09/2008 15:00,0.35672,0.30022,0.17207,0.24806,0.1966,0.2079,0.30581
22/09/2008 16:00,0.15154,0.1222,0.08609,0.06449,0.06227,0.09255,0.08659
22/09/2008 17:00,0.0036,0.00204,0,0,0,0,0
22/09/2008 18:00,0,0,0,0,0,0,0
22/09/2008 19:00,0,0,0,0,0,0,0
22/09/2008 20:00,0,0,0,0,0,0,0
22/09/2008 21:00,0,0,0,0,0,0,0
22/09/2008 22:00,0,0,0,0,0,0,0
22/09/2008 23:00,0,0,0,0,0,0,0
23/09/2008 00:00,0,0,0,0,0,0,0
23/09/2008 01:00,0,0,0,0,0,0,0
23/09/2008 02:00,0,0,0,0,0,0,0
23/09/2008 03:00,0,0,0,0,0,0,0
23/09/2008 04:00,0,0,0,0,0,0,0
23/09/2008 05:00,0,0,0,0,0,0,0
23/09/2008 06:00,0.04524,0.04117,0.03035,0.03002,0.02516,0.03113,0.02988
23/09/2008 07:00,0.14895,0.13469,0.07574,0.09743,0.07902,0.09166,0.1171
23/09/2008 08:00,0.25501,0.22554,0.11596,0.13694,0.13242,0.13831,0.22606
23/09/2008 09:00,0.3117,0.27088,0.17884,0.15987,0.17348,0.18123,0.22844
23/09/2008 10:00,0.38734,0.34858,0.2676,0.30613,0.2299,0.22081,0.2845
23/09/2008 11:00,0.39055,0.38517,0.26579,0.29955,0.27002,0.21652,0.3086
23/09/2008 12:00,0.43,0.35542,0.27797,0.35774,0.25158,0.16871,0.3012
23/09/2008 13:00,0.41195,0.34415,0.32283,0.32593,0.27381,0.13597,0.36808
23/09/2008 14:00,0.33871,0.28371,0.27338,0.30926,0.24567,0.09965,0.32793
23/09/2008 15:00,0.245,0.21655,0.20821,0.28794,0.19895,0.11025,0.28552
23/09/2008 16:00,0.11166,0.10552,0.11349,0.10315,0.07648,0.05979,0.12852
23/09/2008 17:00,0.00263,0.0019,0,0,0,0,0
23/09/2008 18:00,0,0,0,0,0,0,0
23/09/2008 19:00,0,0,0,0,0,0,0
23/09/2008 20:00,0,0,0,0,0,0,0
23/09/2008 21:00,0,0,0,0,0,0,0
23/09/2008 22:00,0,0,0,0,0,0,0
23/09/2008 23:00,0,0,0,0,0,0,0
24/09/2008 00:00,0,0,0,0,0,0,0
24/09/2008 01:00,0,0,0,0,0,0,0
24/09/2008 02:00,0,0,0,0,0,0,0
24/09/2008 03:00,0,0,0,0,0,0,0
24/09/2008 04:00,0,0,0,0,0,0,0
24/09/2008 05:00,0,0,0,0,0,0,0
24/09/2008 06:00,0.05856,0.06175,0.04168,0.0363,0.08189,0.06562,0.08624
24/09/2008 07:00,0.22703,0.24326,0.10466,0.07095,0.25905,0.23394,0.3125
24/09/2008 08:00,0.36895,0.40105,0.12474,0.09778,0.41919,0.36748,0.50386
24/09/2008 09:00,0.46841,0.47088,0.12683,0.09151,0.51751,0.44093,0.61882
24/09/2008 10:00,0.5365,0.50792,0.21627,0.11174,0.56089,0.44074,0.68767
24/09/2008 11:00,0.57404,0.48538,0.33421,0.21857,0.57237,0.39004,0.69486
24/09/2008 12:00,0.52359,0.46596,0.47744,0.39178,0.51979,0.32283,0.63996
24/09/2008 13:00,0.52599,0.44994,0.5378,0.35263,0.42635,0.24192,0.57994
24/09/2008 14:00,0.44179,0.34916,0.36135,0.23879,0.27656,0.14479,0.46738
24/09/2008 15:00,0.26809,0.19405,0.23691,0.19482,0.16926,0.11107,0.31661
24/09/2008 16:00,0.10886,0.07899,0.06345,0.04594,0.06334,0.04734,0.1126
24/09/2008 17:00,0.00102,0,0,0,0,0,0
24/09/2008 18:00,0,0,0,0,0,0,0
24/09/2008 19:00,0,0,0,0,0,0,0
24/09/2008 20:00,0,0,0,0,0,0,0
24/09/2008 21:00,0,0,0,0,0,0,0
24/09/2008 22:00,0,0,0,0,0,0,0
24/09/2008 23:00,0,0,0,0,0,0,0
25/09/2008 00:00,0,0,0,0,0,0,0
25/09/2008 01:00,0,0,0,0,0,0,0
25/09/2008 02:00,0,0,0,0,0,0,0
25/09/2008 03:00,0,0,0,0,0,0,0
25/09/2008 04:00,0,0,0,0,0,0,0
25/09/2008 05:00,0,0,0,0,0,0,0
25/09/2008 06:00,0.04816,0.04528,0.0325,0.02454,0.03501,0.02677,0.06494
25/09/2008 07:00,0.18278,0.17258,0.07667,0.06472,0.11489,0.07323,0.2934
25/09/2008 08:00,0.34279,0.26341,0.09823,0.07988,0.17363,0.13743,0.53627
25/09/2008 09:00,0.45483,0.27017,0.10152,0.06359,0.18194,0.14075,0.69183
25/09/2008 10:00,0.52922,0.26132,0.0794,0.1027,0.18353,0.13354,0.75137
25/09/2008 11:00,0.48615,0.19024,0.10189,0.08833,0.15551,0.10619,0.65887
25/09/2008 12:00,0.35099,0.11996,0.12652,0.08036,0.12338,0.07725,0.50455
25/09/2008 13:00,0.28078,0.10089,0.16553,0.10192,0.1168,0.0688,0.3269
25/09/2008 14:00,0.19361,0.07116,0.09076,0.04535,0.09528,0.05538,0.1831
25/09/2008 15:00,0.14936,0.06699,0.04772,0.03892,0.09348,0.05531,0.19015
25/09/2008 16:00,0.06862,0.03305,0.023,0.02229,0.03513,0.02238,0.10564
25/09/2008 17:00,0,0,0,0,0,0,0
25/09/2008 18:00,0,0,0,0,0,0,0
25/09/2008 19:00,0,0,0,0,0,0,0
25/09/2008 20:00,0,0,0,0,0,0,0
25/09/2008 21:00,0,0,0,0,0,0,0
25/09/2008 22:00,0,0,0,0,0,0,0
25/09/2008 23:00,0,0,0,0,0,0,0
26/09/2008 00:00,0,0,0,0,0,0,0
26/09/2008 01:00,0,0,0,0,0,0,0
26/09/2008 02:00,0,0,0,0,0,0,0
26/09/2008 03:00,0,0,0,0,0,0,0
26/09/2008 04:00,0,0,0,0,0,0,0
26/09/2008 05:00,0,0,0,0,0,0,0
26/09/2008 06:00,0.04929,0.03203,0.02256,0.03314,0.061,0.03787,0.06661
26/09/2008 07:00,0.21753,0.13071,0.08032,0.0884,0.20054,0.16055,0.32202
26/09/2008 08:00,0.39829,0.2133,0.12293,0.15393,0.32657,0.24519,0.53622
26/09/2008 09:00,0.48708,0.25051,0.08321,0.17389,0.42067,0.30187,0.68311
26/09/2008 10:00,0.54908,0.28841,0.22197,0.33337,0.53655,0.31971,0.74424
26/09/2008 11:00,0.53654,0.33759,0.37506,0.3777,0.5361,0.31509,0.71903
26/09/2008 12:00,0.48203,0.35163,0.34482,0.39784,0.51634,0.25144,0.66439
26/09/2008 13:00,0.47406,0.37237,0.43027,0.38559,0.49768,0.24166,0.62195
26/09/2008 14:00,0.38638,0.29528,0.34915,0.40348,0.38898,0.16746,0.52457
26/09/2008 15:00,0.29447,0.22156,0.24369,0.2774,0.2597,0.10896,0.34693
26/09/2008 16:00,0.12233,0.09061,0.10225,0.08242,0.08741,0.03759,0.12422
26/09/2008 17:00,0,0,0,0,0,0,0
26/09/2008 18:00,0,0,0,0,0,0,0
26/09/2008 19:00,0,0,0,0,0,0,0
26/09/2008 20:00,0,0,0,0,0,0,0
26/09/2008 21:00,0,0,0,0,0,0,0
26/09/2008 22:00,0,0,0,0,0,0,0
26/09/2008 23:00,0,0,0,0,0,0,0
27/09/2008 00:00,0,0,0,0,0,0,0
27/09/2008 01:00,0,0,0,0,0,0,0
27/09/2008 02:00,0,0,0,0,0,0,0
27/09/2008 03:00,0,0,0,0,0,0,0
27/09/2008 04:00,0,0,0,0,0,0,0
27/09/2008 05:00,0,0,0,0,0,0,0
27/09/2008 06:00,0.03995,0.03965,0.03592,0.05134,0.07579,0.04193,0.02866
27/09/2008 07:00,0.15411,0.16286,0.15236,0.16594,0.24483,0.1537,0.13145
27/09/2008 08:00,0.26958,0.31344,0.25546,0.237,0.38345,0.26188,0.24069
27/09/2008 09:00,0.36495,0.45269,0.2983,0.32846,0.4954,0.36063,0.28187
27/09/2008 10:00,0.49033,0.55036,0.38955,0.42698,0.58731,0.39351,0.23872
27/09/2008 11:00,0.51532,0.54569,0.45077,0.5156,0.58659,0.33775,0.14057
27/09/2008 12:00,0.45508,0.47587,0.44387,0.43271,0.52113,0.26288,0.11055
27/09/2008 13:00,0.43853,0.43727,0.31701,0.3138,0.48005,0.27275,0.15375
27/09/2008 14:00,0.36912,0.35595,0.2078,0.14562,0.33775,0.21425,0.10677
27/09/2008 15:00,0.2699,0.25168,0.16904,0.08846,0.19864,0.13568,0.08538
27/09/2008 16:00,0.10931,0.09724,0.0802,0.04142,0.0626,0.05959,0.0352
27/09/2008 17:00,0,0,0,0,0,0,0
27/09/2008 18:00,0,0,0,0,0,0,0
27/09/2008 19:00,0,0,0,0,0,0,0
27/09/2008 20:00,0,0,0,0,0,0,0
27/09/2008 21:00,0,0,0,0,0,0,0
27/09/2008 22:00,0,0,0,0,0,0,0
27/09/2008 23:00,0,0,0,0,0,0,0
28/09/2008 00:00,0,0,0,0,0,0,0
28/09/2008 01:00,0,0,0,0,0,0,0
28/09/2008 02:00,0,0,0,0,0,0,0
28/09/2008 03:00,0,0,0,0,0,0,0
28/09/2008 04:00,0,0,0,0,0,0,0
28/09/2008 05:00,0,0,0,0,0,0,0
28/09/2008 06:00,0.05725,0.05906,0.04765,0.05293,0.08926,0.07318,0.06998
28/09/2008 07:00,0.25909,0.25296,0.18501,0.16971,0.30587,0.29842,0.27619
28/09/2008 08:00,0.44025,0.42425,0.29053,0.24586,0.48767,0.49358,0.45286
28/09/2008 09:00,0.55636,0.54722,0.3649,0.31513,0.6168,0.63535,0.549
28/09/2008 10:00,0.65641,0.6494,0.52196,0.53764,0.70157,0.72313,0.63838
28/09/2008 11:00,0.70702,0.68046,0.6943,0.61549,0.71843,0.73128,0.66595
28/09/2008 12:00,0.69098,0.64754,0.68809,0.68395,0.69431,0.67732,0.64593
28/09/2008 13:00,0.64917,0.61689,0.61888,0.63076,0.64873,0.63841,0.60439
28/09/2008 14:00,0.53559,0.52065,0.51702,0.51849,0.50986,0.51923,0.47344
28/09/2008 15:00,0.35408,0.34027,0.33211,0.33209,0.31751,0.31847,0.29321
28/09/2008 16:00,0.13288,0.12321,0.12165,0.10741,0.09946,0.09186,0.0892
28/09/2008 17:00,5.00E-05,8.00E-05,2.00E-05,0,0,0,0
28/09/2008 18:00,0,0,0,0,0,0,0
28/09/2008 19:00,0,0,0,0,0,0,0
28/09/2008 20:00,0,0,0,0,0,0,0
28/09/2008 21:00,0,0,0,0,0,0,0
28/09/2008 22:00,0,0,0,0,0,0,0
28/09/2008 23:00,0,0,0,0,0,0,0
29/09/2008 00:00,0,0,0,0,0,0,0
29/09/2008 01:00,0,0,0,0,0,0,0
29/09/2008 02:00,0,0,0,0,0,0,0
29/09/2008 03:00,0,0,0,0,0,0,0
29/09/2008 04:00,0,0,0,0,0,0,0
29/09/2008 05:00,0,0,0,0,0,0,0
29/09/2008 06:00,0.06061,0.05861,0.04844,0.06333,0.09215,0.07507,0.05322
29/09/2008 07:00,0.28183,0.26503,0.19885,0.24519,0.32024,0.30944,0.19721
29/09/2008 08:00,0.48315,0.44756,0.34278,0.42668,0.51017,0.51284,0.35059
29/09/2008 09:00,0.62868,0.58561,0.52766,0.58311,0.63409,0.65886,0.48111
29/09/2008 10:00,0.71367,0.68904,0.7285,0.73319,0.7334,0.73326,0.60335
29/09/2008 11:00,0.71852,0.68288,0.70558,0.7572,0.74721,0.73711,0.62505
29/09/2008 12:00,0.68289,0.61049,0.58823,0.66952,0.67358,0.65324,0.58339
29/09/2008 13:00,0.64736,0.56757,0.48598,0.61273,0.61337,0.57627,0.54401
29/09/2008 14:00,0.52854,0.41538,0.31302,0.45365,0.43574,0.38632,0.44554
29/09/2008 15:00,0.33889,0.24475,0.20941,0.25075,0.24669,0.19768,0.27879
29/09/2008 16:00,0.11559,0.05753,0.04619,0.04785,0.06009,0.03731,0.08058
29/09/2008 17:00,0.00012,1.00E-04,0,0,0,0,0
29/09/2008 18:00,0,0,0,0,0,0,0
29/09/2008 19:00,0,0,0,0,0,0,0
29/09/2008 20:00,0,0,0,0,0,0,0
29/09/2008 21:00,0,0,0,0,0,0,0
29/09/2008 22:00,0,0,0,0,0,0,0
29/09/2008 23:00,0,0,0,0,0,0,0
30/09/2008 00:00,0,0,0,0,0,0,0
30/09/2008 01:00,0,0,0,0,0,0,0
30/09/2008 02:00,0,0,0,0,0,0,0
30/09/2008 03:00,0,0,0,0,0,0,0
30/09/2008 04:00,0,0,0,0,0,0,0
30/09/2008 05:00,0,0,0,0,0,0,0
30/09/2008 06:00,0.03086,0.0334,0.01956,0.01082,0.03073,0.02405,0.01535
30/09/2008 07:00,0.21707,0.15511,0.17958,0.13848,0.13261,0.14561,0.09892
30/09/2008 08:00,0.35971,0.251,0.21455,0.2306,0.32967,0.27053,0.34803
30/09/2008 09:00,0.44828,0.30519,0.27268,0.28985,0.43938,0.32361,0.34768
30/09/2008 10:00,0.56314,0.41096,0.23764,0.19351,0.44644,0.32878,0.30334
30/09/2008 11:00,0.54121,0.46282,0.34094,0.21357,0.31638,0.31414,0.32777
30/09/2008 12:00,0.48328,0.27674,0.15579,0.1993,0.28431,0.3077,0.27252
30/09/2008 13:00,0.3161,0.18551,0.12224,0.08048,0.24931,0.15719,0.19882
30/09/2008 14:00,0.15746,0.1312,0.10453,0.07477,0.16336,0.154,0.12604
30/09/2008 15:00,0.08815,0.06319,0.05793,0.0405,0.08018,0.10181,0.06372
30/09/2008 16:00,0.0303,0.02659,0.02514,0.02775,0.02635,0.02914,0.03385
30/09/2008 17:00,1.00E-04,2.00E-05,0,0,0,0,0
30/09/2008 18:00,0,0,0,0,0,0,0
30/09/2008 19:00,0,0,0,0,0,0,0
30/09/2008 20:00,0,0,0,0,0,0,0
30/09/2008 21:00,0,0,0,0,0,0,0
30/09/2008 22:00,0,0,0,0,0,0,0
30/09/2008 23:00,0,0,0,0,0,0,0
01/10/2008 00:00,0,0,0,0,0,0,0
01/10/2008 01:00,0,0,0,0,0,0,0
01/10/2008 02:00,0,0,0,0,0,0,0
01/10/2008 03:00,0,0,0,0,0,0,0
01/10/2008 04:00,0,0,0,0,0,0,0
01/10/2008 05:00,0,0,0,0,0,0,0
01/10/2008 06:00,0.03923,0.02657,0.03173,0.02589,0.0368,0.03778,0.02984
01/10/2008 07:00,0.17793,0.11484,0.07667,0.0539,0.11154,0.13403,0.12132
01/10/2008 08:00,0.33289,0.23547,0.25257,0.12775,0.23824,0.32888,0.2163
01/10/2008 09:00,0.45222,0.27665,0.23469,0.35766,0.37609,0.48585,0.32526
01/10/2008 10:00,0.59203,0.50513,0.3181,0.46045,0.53405,0.597,0.42792
01/10/2008 11:00,0.61203,0.5637,0.36811,0.53575,0.54379,0.72439,0.48269
01/10/2008 12:00,0.5764,0.40075,0.42347,0.68052,0.57701,0.6602,0.50541
01/10/2008 13:00,0.54682,0.42018,0.43144,0.47322,0.54252,0.54334,0.44953
01/10/2008 14:00,0.45872,0.29763,0.30851,0.32455,0.38332,0.36527,0.29743
01/10/2008 15:00,0.2985,0.2296,0.2069,0.16226,0.23352,0.22657,0.17374
01/10/2008 16:00,0.08779,0.07929,0.09846,0.06413,0.07435,0.06691,0.05065
01/10/2008 17:00,0.00012,0,0,0,0,0,0
01/10/2008 18:00,0,0,0,0,0,0,0
01/10/2008 19:00,0,0,0,0,0,0,0
01/10/2008 20:00,0,0,0,0,0,0,0
01/10/2008 21:00,0,0,0,0,0,0,0
01/10/2008 22:00,0,0,0,0,0,0,0
01/10/2008 23:00,0,0,0,0,0,0,0
02/10/2008 00:00,0,0,0,0,0,0,0
02/10/2008 01:00,0,0,0,0,0,0,0
02/10/2008 02:00,0,0,0,0,0,0,0
02/10/2008 03:00,0,0,0,0,0,0,0
02/10/2008 04:00,0,0,0,0,0,0,0
02/10/2008 05:00,0,0,0,0,0,0,0
02/10/2008 06:00,0.03869,0.04231,0.06779,0.05453,0.0275,0.04454,0.01695
02/10/2008 07:00,0.19244,0.19036,0.21196,0.28582,0.11902,0.21845,0.05304
02/10/2008 08:00,0.35227,0.29543,0.2263,0.29717,0.20691,0.318,0.08268
02/10/2008 09:00,0.44785,0.3398,0.34636,0.06878,0.17173,0.22851,0.08874
02/10/2008 10:00,0.47967,0.42056,0.29366,0.23172,0.20924,0.25027,0.1098
02/10/2008 11:00,0.45452,0.38679,0.34842,0.1584,0.20097,0.20654,0.08325
02/10/2008 12:00,0.4275,0.30238,0.24821,0.09988,0.13923,0.10562,0.06896
02/10/2008 13:00,0.30191,0.20299,0.12529,0.07643,0.12355,0.09512,0.09172
02/10/2008 14:00,0.13941,0.08985,0.10281,0.03677,0.09306,0.04389,0.05979
02/10/2008 15:00,0.08949,0.07199,0.06095,0.04247,0.07178,0.03557,0.07505
02/10/2008 16:00,0.04308,0.03985,0.03782,0.02591,0.0352,0.02271,0.02622
02/10/2008 17:00,0,0,0,0,0,0,0
02/10/2008 18:00,0,0,0,0,0,0,0
02/10/2008 19:00,0,0,0,0,0,0,0
02/10/2008 20:00,0,0,0,0,0,0,0
02/10/2008 21:00,0,0,0,0,0,0,0
02/10/2008 22:00,0,0,0,0,0,0,0
02/10/2008 23:00,0,0,0,0,0,0,0
03/10/2008 00:00,0,0,0,0,0,0,0
03/10/2008 01:00,0,0,0,0,0,0,0
03/10/2008 02:00,0,0,0,0,0,0,0
03/10/2008 03:00,0,0,0,0,0,0,0
03/10/2008 04:00,0,0,0,0,0,0,0
03/10/2008 05:00,0,0,0,0,0,0,0
03/10/2008 06:00,0.01841,0.01564,0.01329,0.00734,0.03275,0.01527,0.07284
03/10/2008 07:00,0.09122,0.06965,0.05391,0.02756,0.05815,0.03773,0.20894
03/10/2008 08:00,0.13324,0.11815,0.12592,0.05611,0.06622,0.0599,0.26047
03/10/2008 09:00,0.19466,0.19918,0.16391,0.05033,0.05795,0.06774,0.24177
03/10/2008 10:00,0.27783,0.22521,0.23405,0.14847,0.06961,0.13005,0.17918
03/10/2008 11:00,0.2939,0.2683,0.20603,0.13154,0.06069,0.10915,0.20889
03/10/2008 12:00,0.34592,0.30239,0.22836,0.08802,0.05886,0.09654,0.117
03/10/2008 13:00,0.38534,0.26748,0.2282,0.12639,0.06852,0.15302,0.1546
03/10/2008 14:00,0.27705,0.20989,0.26831,0.11954,0.057,0.11673,0.22443
03/10/2008 15:00,0.18576,0.17376,0.17953,0.16935,0.04865,0.10021,0.28708
03/10/2008 16:00,0.07928,0.07232,0.04871,0.06079,0.02132,0.03661,0.10247
03/10/2008 17:00,0,0,0,0,0,0,0
03/10/2008 18:00,0,0,0,0,0,0,0
03/10/2008 19:00,0,0,0,0,0,0,0
03/10/2008 20:00,0,0,0,0,0,0,0
03/10/2008 21:00,0,0,0,0,0,0,0
03/10/2008 22:00,0,0,0,0,0,0,0
03/10/2008 23:00,0,0,0,0,0,0,0
04/10/2008 00:00,0,0,0,0,0,0,0
04/10/2008 01:00,0,0,0,0,0,0,0
04/10/2008 02:00,0,0,0,0,0,0,0
04/10/2008 03:00,0,0,0,0,0,0,0
04/10/2008 04:00,0,0,0,0,0,0,0
04/10/2008 05:00,0,0,0,0,0,0,0
04/10/2008 06:00,0.01978,0.01893,0.02051,0.01565,0.02708,0.01427,0.07717
04/10/2008 07:00,0.07581,0.05694,0.09549,0.08255,0.07652,0.05722,0.26404
04/10/2008 08:00,0.11042,0.07512,0.12643,0.12376,0.11906,0.07537,0.46279
04/10/2008 09:00,0.13091,0.05965,0.11348,0.09379,0.12094,0.07427,0.60613
04/10/2008 10:00,0.1875,0.09728,0.19796,0.09106,0.13813,0.1,0.70508
04/10/2008 11:00,0.24268,0.12911,0.2289,0.23461,0.13336,0.11012,0.72303
04/10/2008 12:00,0.29607,0.19606,0.20423,0.25326,0.12446,0.12073,0.69361
04/10/2008 13:00,0.33212,0.26914,0.20799,0.18916,0.13971,0.1593,0.65575
04/10/2008 14:00,0.27758,0.2328,0.1227,0.09368,0.13586,0.10602,0.51921
04/10/2008 15:00,0.21378,0.17115,0.23961,0.0929,0.10045,0.07988,0.33777
04/10/2008 16:00,0.08307,0.06949,0.09088,0.04166,0.04433,0.03558,0.10637
04/10/2008 17:00,0,0,0,0,0,0,0
04/10/2008 18:00,0,0,0,0,0,0,0
04/10/2008 19:00,0,0,0,0,0,0,0
04/10/2008 20:00,0,0,0,0,0,0,0
04/10/2008 21:00,0,0,0,0,0,0,0
04/10/2008 22:00,0,0,0,0,0,0,0
04/10/2008 23:00,0,0,0,0,0,0,0
05/10/2008 00:00,0,0,0,0,0,0,0
05/10/2008 01:00,0,0,0,0,0,0,0
05/10/2008 02:00,0,0,0,0,0,0,0
05/10/2008 03:00,0,0,0,0,0,0,0
05/10/2008 04:00,0,0,0,0,0,0,0
05/10/2008 05:00,0,0,0,0,0,0,0
05/10/2008 06:00,0.04505,0.04396,0.05303,0.07646,0.0541,0.05093,0.08773
05/10/2008 07:00,0.23031,0.22729,0.29838,0.33504,0.18355,0.19901,0.33238
05/10/2008 08:00,0.39298,0.38069,0.50627,0.55739,0.2943,0.32866,0.53419
05/10/2008 09:00,0.52606,0.51611,0.69008,0.72135,0.37894,0.42226,0.68607
05/10/2008 10:00,0.61272,0.58631,0.78622,0.81047,0.43413,0.48361,0.78585
05/10/2008 11:00,0.66863,0.63358,0.78982,0.83454,0.45609,0.5024,0.82062
05/10/2008 12:00,0.65341,0.63293,0.73583,0.69223,0.44997,0.50976,0.78083
05/10/2008 13:00,0.56662,0.54771,0.62022,0.58594,0.40356,0.44678,0.67738
05/10/2008 14:00,0.3538,0.37023,0.38763,0.38825,0.30204,0.32102,0.50142
05/10/2008 15:00,0.15857,0.16988,0.24397,0.19263,0.17789,0.18984,0.31264
05/10/2008 16:00,0.04372,0.04454,0.06174,0.04408,0.04637,0.03718,0.07104
05/10/2008 17:00,0,0,0,0,0,0,0
05/10/2008 18:00,0,0,0,0,0,0,0
05/10/2008 19:00,0,0,0,0,0,0,0
05/10/2008 20:00,0,0,0,0,0,0,0
05/10/2008 21:00,0,0,0,0,0,0,0
05/10/2008 22:00,0,0,0,0,0,0,0
05/10/2008 23:00,0,0,0,0,0,0,0
06/10/2008 00:00,0,0,0,0,0,0,0
06/10/2008 01:00,0,0,0,0,0,0,0
06/10/2008 02:00,0,0,0,0,0,0,0
06/10/2008 03:00,0,0,0,0,0,0,0
06/10/2008 04:00,0,0,0,0,0,0,0
06/10/2008 05:00,0,0,0,0,0,0,0
06/10/2008 06:00,0.03939,0.02893,0.02034,0.02465,0.05204,0.03736,0.08396
06/10/2008 07:00,0.19721,0.16609,0.12568,0.11004,0.18313,0.18365,0.33419
06/10/2008 08:00,0.28204,0.19532,0.33781,0.20176,0.29111,0.30809,0.53687
06/10/2008 09:00,0.28712,0.17036,0.36552,0.27683,0.38941,0.34043,0.68215
06/10/2008 10:00,0.31069,0.2004,0.56775,0.5853,0.47983,0.33451,0.7723
06/10/2008 11:00,0.30498,0.13759,0.41547,0.71271,0.46966,0.36796,0.76522
06/10/2008 12:00,0.29569,0.12882,0.17388,0.25047,0.3932,0.15553,0.68109
06/10/2008 13:00,0.30914,0.15663,0.26844,0.08201,0.29219,0.15076,0.65017
06/10/2008 14:00,0.22313,0.16721,0.25213,0.06302,0.16476,0.12538,0.46183
06/10/2008 15:00,0.17266,0.1772,0.22286,0.08032,0.11961,0.09765,0.24036
06/10/2008 16:00,0.06461,0.06081,0.06763,0.06145,0.03281,0.05669,0.05161
06/10/2008 17:00,0,0,0,0,0,0,0
06/10/2008 18:00,0,0,0,0,0,0,0
06/10/2008 19:00,0,0,0,0,0,0,0
06/10/2008 20:00,0,0,0,0,0,0,0
06/10/2008 21:00,0,0,0,0,0,0,0
06/10/2008 22:00,0,0,0,0,0,0,0
06/10/2008 23:00,0,0,0,0,0,0,0
07/10/2008 00:00,0,0,0,0,0,0,0
07/10/2008 01:00,0,0,0,0,0,0,0
07/10/2008 02:00,0,0,0,0,0,0,0
07/10/2008 03:00,0,0,0,0,0,0,0
07/10/2008 04:00,0,0,0,0,0,0,0
07/10/2008 05:00,0,0,0,0,0,0,0
07/10/2008 06:00,0.0362,0.0351,0.0144,0.01832,0.05094,0.01921,0.04199
07/10/2008 07:00,0.18014,0.16676,0.12115,0.14292,0.18401,0.21488,0.17663
07/10/2008 08:00,0.3706,0.27629,0.31947,0.34011,0.35583,0.3957,0.46313
07/10/2008 09:00,0.41238,0.34217,0.21002,0.44486,0.47952,0.50853,0.55647
07/10/2008 10:00,0.50278,0.44737,0.32163,0.45669,0.55953,0.53487,0.62445
07/10/2008 11:00,0.57617,0.48063,0.52026,0.60868,0.54376,0.56268,0.52433
07/10/2008 12:00,0.52976,0.31574,0.43418,0.61252,0.45782,0.49563,0.55318
07/10/2008 13:00,0.49519,0.26795,0.21482,0.49538,0.42918,0.38456,0.37761
07/10/2008 14:00,0.39168,0.26795,0.122,0.1887,0.27775,0.2288,0.28249
07/10/2008 15:00,0.29028,0.22051,0.07313,0.09055,0.17828,0.13053,0.13677
07/10/2008 16:00,0.09572,0.08218,0.0668,0.02548,0.02965,0.05204,0.04189
07/10/2008 17:00,0,0,0,0,0,0,0
07/10/2008 18:00,0,0,0,0,0,0,0
07/10/2008 19:00,0,0,0,0,0,0,0
07/10/2008 20:00,0,0,0,0,0,0,0
07/10/2008 21:00,0,0,0,0,0,0,0
07/10/2008 22:00,0,0,0,0,0,0,0
07/10/2008 23:00,0,0,0,0,0,0,0
08/10/2008 00:00,0,0,0,0,0,0,0
08/10/2008 01:00,0,0,0,0,0,0,0
08/10/2008 02:00,0,0,0,0,0,0,0
08/10/2008 03:00,0,0,0,0,0,0,0
08/10/2008 04:00,0,0,0,0,0,0,0
08/10/2008 05:00,0,0,0,0,0,0,0
08/10/2008 06:00,0.01826,0.01375,0.03083,0.00552,0.03543,0.01475,0.00836
08/10/2008 07:00,0.07191,0.10182,0.12856,0.13795,0.15483,0.1566,0.0543
08/10/2008 08:00,0.13251,0.19778,0.25712,0.31645,0.29139,0.32589,0.05302
08/10/2008 09:00,0.21912,0.27201,0.36252,0.29083,0.40007,0.38964,0.05307
08/10/2008 10:00,0.28083,0.33197,0.52883,0.54037,0.40235,0.50483,0.06194
08/10/2008 11:00,0.25362,0.35305,0.56807,0.63233,0.36865,0.53886,0.09105
08/10/2008 12:00,0.18933,0.27478,0.43837,0.47942,0.32655,0.48369,0.09019
08/10/2008 13:00,0.1952,0.20697,0.41183,0.44757,0.3523,0.37409,0.11218
08/10/2008 14:00,0.15406,0.14641,0.30671,0.4186,0.306,0.18446,0.12824
08/10/2008 15:00,0.11923,0.09127,0.1436,0.21253,0.22548,0.12738,0.13942
08/10/2008 16:00,0.04411,0.0272,0.04411,0.04392,0.05144,0.0376,0.04751
08/10/2008 17:00,0,0,0,0,0,0,0
08/10/2008 18:00,0,0,0,0,0,0,0
08/10/2008 19:00,0,0,0,0,0,0,0
08/10/2008 20:00,0,0,0,0,0,0,0
08/10/2008 21:00,0,0,0,0,0,0,0
08/10/2008 22:00,0,0,0,0,0,0,0
08/10/2008 23:00,0,0,0,0,0,0,0
09/10/2008 00:00,0,0,0,0,0,0,0
09/10/2008 01:00,0,0,0,0,0,0,0
09/10/2008 02:00,0,0,0,0,0,0,0
09/10/2008 03:00,0,0,0,0,0,0,0
09/10/2008 04:00,0,0,0,0,0,0,0
09/10/2008 05:00,0,0,0,0,0,0,0
09/10/2008 06:00,0.03154,0.0187,0.00428,0.01187,0.06773,0.04169,0.05784
09/10/2008 07:00,0.22582,0.12342,0.04263,0.1073,0.27922,0.21507,0.31369
09/10/2008 08:00,0.403,0.24703,0.08904,0.26721,0.4574,0.3863,0.51913
09/10/2008 09:00,0.52348,0.30859,0.09706,0.28695,0.5816,0.44504,0.65491
09/10/2008 10:00,0.6017,0.36746,0.16184,0.29618,0.64874,0.45551,0.7256
09/10/2008 11:00,0.64501,0.36388,0.32125,0.43278,0.65242,0.40166,0.74244
09/10/2008 12:00,0.60027,0.35712,0.43291,0.46863,0.61225,0.35508,0.71465
09/10/2008 13:00,0.55382,0.40399,0.38835,0.45314,0.5672,0.34575,0.64964
09/10/2008 14:00,0.44487,0.32004,0.28788,0.40202,0.43172,0.321,0.50992
09/10/2008 15:00,0.29471,0.19929,0.17903,0.23791,0.26856,0.16908,0.31086
09/10/2008 16:00,0.08162,0.05138,0.02885,0.05323,0.05277,0.036,0.06981
09/10/2008 17:00,0,0,0,0,0,0,0
09/10/2008 18:00,0,0,0,0,0,0,0
09/10/2008 19:00,0,0,0,0,0,0,0
09/10/2008 20:00,0,0,0,0,0,0,0
09/10/2008 21:00,0,0,0,0,0,0,0
09/10/2008 22:00,0,0,0,0,0,0,0
09/10/2008 23:00,0,0,0,0,0,0,0
10/10/2008 00:00,0,0,0,0,0,0,0
10/10/2008 01:00,0,0,0,0,0,0,0
10/10/2008 02:00,0,0,0,0,0,0,0
10/10/2008 03:00,0,0,0,0,0,0,0
10/10/2008 04:00,0,0,0,0,0,0,0
10/10/2008 05:00,0,0,0,0,0,0,0
10/10/2008 06:00,0.03483,0.01805,0.00419,0.00734,0.06355,0.03506,0.05895
10/10/2008 07:00,0.23109,0.12766,0.04232,0.0545,0.2625,0.19032,0.31079
10/10/2008 08:00,0.39808,0.23087,0.09493,0.11678,0.42571,0.29477,0.51637
10/10/2008 09:00,0.50708,0.28758,0.16609,0.14188,0.54425,0.38643,0.64383
10/10/2008 10:00,0.59184,0.39682,0.3669,0.20675,0.62496,0.53713,0.71918
10/10/2008 11:00,0.64555,0.49067,0.37633,0.19765,0.63127,0.59972,0.71635
10/10/2008 12:00,0.6533,0.51269,0.16268,0.12446,0.57665,0.56369,0.69561
10/10/2008 13:00,0.6166,0.50193,0.21322,0.12798,0.51421,0.45547,0.62577
10/10/2008 14:00,0.49641,0.42931,0.14218,0.09391,0.39244,0.37898,0.49224
10/10/2008 15:00,0.32026,0.29139,0.13875,0.07886,0.24358,0.24879,0.30333
10/10/2008 16:00,0.08758,0.07992,0.04016,0.01825,0.04318,0.05616,0.05856
10/10/2008 17:00,0,0,0,0,0,0,0
10/10/2008 18:00,0,0,0,0,0,0,0
10/10/2008 19:00,0,0,0,0,0,0,0
10/10/2008 20:00,0,0,0,0,0,0,0
10/10/2008 21:00,0,0,0,0,0,0,0
10/10/2008 22:00,0,0,0,0,0,0,0
10/10/2008 23:00,0,0,0,0,0,0,0
11/10/2008 00:00,0,0,0,0,0,0,0
11/10/2008 01:00,0,0,0,0,0,0,0
11/10/2008 02:00,0,0,0,0,0,0,0
11/10/2008 03:00,0,0,0,0,0,0,0
11/10/2008 04:00,0,0,0,0,0,0,0
11/10/2008 05:00,0,0,0,0,0,0,0
11/10/2008 06:00,0.03106,0.01856,0.00782,0.01456,0.05375,0.03014,0.03401
11/10/2008 07:00,0.2496,0.19418,0.11243,0.15974,0.28091,0.2475,0.28762
11/10/2008 08:00,0.44443,0.38818,0.21982,0.31549,0.44731,0.45061,0.49549
11/10/2008 09:00,0.57339,0.5226,0.33335,0.49224,0.60547,0.57207,0.61517
11/10/2008 10:00,0.67052,0.62264,0.60157,0.68058,0.70695,0.70231,0.68793
11/10/2008 11:00,0.728,0.6663,0.70665,0.68647,0.75678,0.72467,0.75319
11/10/2008 12:00,0.72672,0.67678,0.67833,0.70966,0.72418,0.72909,0.71575
11/10/2008 13:00,0.66023,0.65328,0.64033,0.63545,0.64467,0.65389,0.63166
11/10/2008 14:00,0.51375,0.51211,0.49801,0.49826,0.49689,0.50552,0.49136
11/10/2008 15:00,0.31639,0.31048,0.30355,0.29803,0.29356,0.30905,0.29368
11/10/2008 16:00,0.072,0.0716,0.05955,0.05788,0.05098,0.06342,0.05377
11/10/2008 17:00,0,0,0,0,0,0,0
11/10/2008 18:00,0,0,0,0,0,0,0
11/10/2008 19:00,0,0,0,0,0,0,0
11/10/2008 20:00,0,0,0,0,0,0,0
11/10/2008 21:00,0,0,0,0,0,0,0
11/10/2008 22:00,0,0,0,0,0,0,0
11/10/2008 23:00,0,0,0,0,0,0,0
12/10/2008 00:00,0,0,0,0,0,0,0
12/10/2008 01:00,0,0,0,0,0,0,0
12/10/2008 02:00,0,0,0,0,0,0,0
12/10/2008 03:00,0,0,0,0,0,0,0
12/10/2008 04:00,0,0,0,0,0,0,0
12/10/2008 05:00,0,0,0,0,0,0,0
12/10/2008 06:00,0.02461,0.01587,0.01484,0.03526,0.06661,0.048,0.0518
12/10/2008 07:00,0.19737,0.15303,0.14113,0.18414,0.30836,0.23735,0.30508
12/10/2008 08:00,0.38023,0.31701,0.23735,0.29836,0.48922,0.41793,0.50534
12/10/2008 09:00,0.51023,0.45357,0.30604,0.47472,0.61662,0.56801,0.61849
12/10/2008 10:00,0.60137,0.56527,0.39261,0.55659,0.68789,0.54994,0.68776
12/10/2008 11:00,0.67036,0.64933,0.60576,0.44919,0.67846,0.66002,0.74179
12/10/2008 12:00,0.66383,0.66661,0.59166,0.66975,0.67754,0.62973,0.71821
12/10/2008 13:00,0.53312,0.57812,0.57141,0.42984,0.60794,0.57937,0.6337
12/10/2008 14:00,0.37901,0.35358,0.40793,0.41203,0.4441,0.39498,0.36153
12/10/2008 15:00,0.15652,0.18392,0.13726,0.22673,0.20761,0.16021,0.20837
12/10/2008 16:00,0.03424,0.04113,0.04021,0.01545,0.0266,0.01279,0.01963
12/10/2008 17:00,0,0,0,0,0,0,0
12/10/2008 18:00,0,0,0,0,0,0,0
12/10/2008 19:00,0,0,0,0,0,0,0
12/10/2008 20:00,0,0,0,0,0,0,0
12/10/2008 21:00,0,0,0,0,0,0,0
12/10/2008 22:00,0,0,0,0,0,0,0
12/10/2008 23:00,0,0,0,0,0,0,0
13/10/2008 00:00,0,0,0,0,0,0,0
13/10/2008 01:00,0,0,0,0,0,0,0
13/10/2008 02:00,0,0,0,0,0,0,0
13/10/2008 03:00,0,0,0,0,0,0,0
13/10/2008 04:00,0,0,0,0,0,0,0
13/10/2008 05:00,0,0,0,0,0,0,0
13/10/2008 06:00,0.01233,0.02633,0.02469,0.02989,0.02717,0.03268,0.00523
13/10/2008 07:00,0.14405,0.18712,0.1109,0.20769,0.1581,0.21194,0.06605
13/10/2008 08:00,0.28522,0.33751,0.2163,0.32994,0.39097,0.26517,0.28795
13/10/2008 09:00,0.38889,0.46301,0.14563,0.2237,0.51268,0.25306,0.44389
13/10/2008 10:00,0.56063,0.5837,0.57399,0.20856,0.50181,0.55716,0.64694
13/10/2008 11:00,0.61129,0.6147,0.7185,0.39138,0.55398,0.60136,0.67679
13/10/2008 12:00,0.57154,0.60674,0.63066,0.41105,0.54793,0.41708,0.66626
13/10/2008 13:00,0.48393,0.53758,0.55501,0.37869,0.45675,0.32226,0.60235
13/10/2008 14:00,0.32378,0.37011,0.38067,0.20804,0.30177,0.20321,0.38519
13/10/2008 15:00,0.16229,0.19596,0.15309,0.07922,0.16669,0.12982,0.26331
13/10/2008 16:00,0.02912,0.0386,0.03215,0.01875,0.02062,0.02365,0.02005
13/10/2008 17:00,0,0,0,0,0,0,0
13/10/2008 18:00,0,0,0,0,0,0,0
13/10/2008 19:00,0,0,0,0,0,0,0
13/10/2008 20:00,0,0,0,0,0,0,0
13/10/2008 21:00,0,0,0,0,0,0,0
13/10/2008 22:00,0,0,0,0,0,0,0
13/10/2008 23:00,0,0,0,0,0,0,0
14/10/2008 00:00,0,0,0,0,0,0,0
14/10/2008 01:00,0,0,0,0,0,0,0
14/10/2008 02:00,0,0,0,0,0,0,0
14/10/2008 03:00,0,0,0,0,0,0,0
14/10/2008 04:00,0,0,0,0,0,0,0
14/10/2008 05:00,0,0,0,0,0,0,0
14/10/2008 06:00,0.02035,0.0108,0.01583,0.01325,0.03888,0.01013,0.0363
14/10/2008 07:00,0.23717,0.14132,0.15603,0.1347,0.20428,0.09118,0.2642
14/10/2008 08:00,0.44155,0.28683,0.34292,0.26702,0.34942,0.16935,0.46348
14/10/2008 09:00,0.57348,0.42632,0.43817,0.35706,0.4172,0.2273,0.51724
14/10/2008 10:00,0.60792,0.54633,0.57712,0.5822,0.5306,0.37262,0.55396
14/10/2008 11:00,0.53957,0.53397,0.69428,0.67811,0.45867,0.38789,0.52044
14/10/2008 12:00,0.46812,0.49724,0.56803,0.65652,0.39786,0.41295,0.46434
14/10/2008 13:00,0.40785,0.45504,0.45466,0.57882,0.35655,0.41862,0.37277
14/10/2008 14:00,0.29702,0.33327,0.36367,0.44927,0.28572,0.27014,0.28643
14/10/2008 15:00,0.2072,0.20311,0.23449,0.25627,0.1903,0.18718,0.18017
14/10/2008 16:00,0.0443,0.03577,0.04118,0.03655,0.01948,0.01921,0.02354
14/10/2008 17:00,0,0,0,0,0,0,0
14/10/2008 18:00,0,0,0,0,0,0,0
14/10/2008 19:00,0,0,0,0,0,0,0
14/10/2008 20:00,0,0,0,0,0,0,0
14/10/2008 21:00,0,0,0,0,0,0,0
14/10/2008 22:00,0,0,0,0,0,0,0
14/10/2008 23:00,0,0,0,0,0,0,0
15/10/2008 00:00,0,0,0,0,0,0,0
15/10/2008 01:00,0,0,0,0,0,0,0
15/10/2008 02:00,0,0,0,0,0,0,0
15/10/2008 03:00,0,0,0,0,0,0,0
15/10/2008 04:00,0,0,0,0,0,0,0
15/10/2008 05:00,0,0,0,0,0,0,0
15/10/2008 06:00,0.01203,0.01789,0.02042,0.00614,0.0163,0.00986,0.01172
15/10/2008 07:00,0.2194,0.2043,0.14832,0.2322,0.16886,0.20012,0.20107
15/10/2008 08:00,0.40863,0.36207,0.29802,0.37051,0.36058,0.35008,0.46489
15/10/2008 09:00,0.56863,0.48403,0.5484,0.51154,0.45258,0.36281,0.62468
15/10/2008 10:00,0.64926,0.58602,0.67934,0.64078,0.49938,0.50748,0.69476
15/10/2008 11:00,0.63345,0.63321,0.65378,0.72073,0.5008,0.59008,0.68992
15/10/2008 12:00,0.60088,0.558,0.56301,0.68518,0.48695,0.61553,0.66421
15/10/2008 13:00,0.52658,0.48905,0.44334,0.59436,0.47927,0.56123,0.59017
15/10/2008 14:00,0.3765,0.35342,0.32778,0.41432,0.37835,0.38159,0.44848
15/10/2008 15:00,0.18783,0.16516,0.13233,0.212,0.21279,0.16752,0.25419
15/10/2008 16:00,0.03454,0.02527,0.01407,0.00693,0.01492,0.00952,0.01827
15/10/2008 17:00,0,0,0,0,0,0,0
15/10/2008 18:00,0,0,0,0,0,0,0
15/10/2008 19:00,0,0,0,0,0,0,0
15/10/2008 20:00,0,0,0,0,0,0,0
15/10/2008 21:00,0,0,0,0,0,0,0
15/10/2008 22:00,0,0,0,0,0,0,0
15/10/2008 23:00,0,0,0,0,0,0,0
16/10/2008 00:00,0,0,0,0,0,0,0
16/10/2008 01:00,0,0,0,0,0,0,0
16/10/2008 02:00,0,0,0,0,0,0,0
16/10/2008 03:00,0,0,0,0,0,0,0
16/10/2008 04:00,0,0,0,0,0,0,0
16/10/2008 05:00,0,0,0,0,0,0,0
16/10/2008 06:00,0.0051,0.00637,0.00131,0.01134,0.0206,0.01315,0.00666
16/10/2008 07:00,0.08564,0.0599,0.02942,0.01351,0.12955,0.09866,0.06643
16/10/2008 08:00,0.15968,0.07503,0.02698,0.04619,0.13618,0.16042,0.06717
16/10/2008 09:00,0.14634,0.03724,0.0334,0.0344,0.13143,0.10198,0.06829
16/10/2008 10:00,0.11353,0.06171,0.06373,0.04118,0.08913,0.07849,0.06194
16/10/2008 11:00,0.09997,0.06728,0.06311,0.05518,0.07092,0.04831,0.05813
16/10/2008 12:00,0.09519,0.06259,0.06551,0.05683,0.06196,0.06722,0.05473
16/10/2008 13:00,0.07868,0.06352,0.05501,0.03828,0.05775,0.05066,0.05325
16/10/2008 14:00,0.05475,0.05369,0.04391,0.06171,0.04287,0.07335,0.0556
16/10/2008 15:00,0.05139,0.04764,0.0265,0.02345,0.03075,0.03832,0.05116
16/10/2008 16:00,0.01077,0.00989,0.00887,0.00545,0.00323,0.00513,0.00604
16/10/2008 17:00,0,0,0,0,0,0,0
16/10/2008 18:00,0,0,0,0,0,0,0
16/10/2008 19:00,0,0,0,0,0,0,0
16/10/2008 20:00,0,0,0,0,0,0,0
16/10/2008 21:00,0,0,0,0,0,0,0
16/10/2008 22:00,0,0,0,0,0,0,0
16/10/2008 23:00,0,0,0,0,0,0,0
17/10/2008 00:00,0,0,0,0,0,0,0
17/10/2008 01:00,0,0,0,0,0,0,0
17/10/2008 02:00,0,0,0,0,0,0,0
17/10/2008 03:00,0,0,0,0,0,0,0
17/10/2008 04:00,0,0,0,0,0,0,0
17/10/2008 05:00,0,0,0,0,0,0,0
17/10/2008 06:00,0.01041,0.01234,0.00227,0.00348,0.01068,0.00359,0.01174
17/10/2008 07:00,0.18434,0.20845,0.21817,0.14942,0.13582,0.1074,0.20587
17/10/2008 08:00,0.36725,0.35523,0.38299,0.26466,0.27379,0.1392,0.44619
17/10/2008 09:00,0.47696,0.4052,0.47504,0.35525,0.37383,0.12731,0.65191
17/10/2008 10:00,0.5804,0.46539,0.51112,0.38859,0.47346,0.15945,0.76646
17/10/2008 11:00,0.63521,0.45912,0.52345,0.41529,0.51518,0.16543,0.78909
17/10/2008 12:00,0.63464,0.42398,0.52104,0.44208,0.51756,0.16192,0.75336
17/10/2008 13:00,0.5942,0.41571,0.57171,0.44687,0.52544,0.2583,0.66129
17/10/2008 14:00,0.46131,0.32204,0.4468,0.37978,0.41577,0.21944,0.50482
17/10/2008 15:00,0.27284,0.19365,0.2469,0.1817,0.24112,0.13038,0.28001
17/10/2008 16:00,0.03959,0.0254,0.02139,0.01,0.00975,0.00811,0.02012
17/10/2008 17:00,0,0,0,0,0,0,0
17/10/2008 18:00,0,0,0,0,0,0,0
17/10/2008 19:00,0,0,0,0,0,0,0
17/10/2008 20:00,0,0,0,0,0,0,0
17/10/2008 21:00,0,0,0,0,0,0,0
17/10/2008 22:00,0,0,0,0,0,0,0
17/10/2008 23:00,0,0,0,0,0,0,0
18/10/2008 00:00,0,0,0,0,0,0,0
18/10/2008 01:00,0,0,0,0,0,0,0
18/10/2008 02:00,0,0,0,0,0,0,0
18/10/2008 03:00,0,0,0,0,0,0,0
18/10/2008 04:00,0,0,0,0,0,0,0
18/10/2008 05:00,0,0,0,0,0,0,0
18/10/2008 06:00,0.00548,0.0053,0.00461,0.0098,0.02306,0.01098,0.00104
18/10/2008 07:00,0.15356,0.22164,0.2538,0.22848,0.22559,0.21999,0.0384
18/10/2008 08:00,0.31286,0.42128,0.46279,0.43508,0.39172,0.40747,0.05768
18/10/2008 09:00,0.43612,0.56462,0.62428,0.61065,0.47298,0.53618,0.04591
18/10/2008 10:00,0.51985,0.67836,0.72101,0.71859,0.53926,0.62877,0.06462
18/10/2008 11:00,0.58643,0.70445,0.76277,0.757,0.53192,0.66129,0.05807
18/10/2008 12:00,0.56181,0.67536,0.73399,0.73462,0.43778,0.6193,0.04279
18/10/2008 13:00,0.47999,0.58601,0.63871,0.63441,0.34055,0.53852,0.05255
18/10/2008 14:00,0.30168,0.36708,0.48209,0.47845,0.22541,0.40185,0.03738
18/10/2008 15:00,0.13241,0.15837,0.22698,0.26855,0.1385,0.2317,0.03714
18/10/2008 16:00,0.01601,0.00796,0.00714,0.01513,0.01203,0.01227,0.0038
18/10/2008 17:00,0,0,0,0,0,0,0
18/10/2008 18:00,0,0,0,0,0,0,0
18/10/2008 19:00,0,0,0,0,0,0,0
18/10/2008 20:00,0,0,0,0,0,0,0
18/10/2008 21:00,0,0,0,0,0,0,0
18/10/2008 22:00,0,0,0,0,0,0,0
18/10/2008 23:00,0,0,0,0,0,0,0
19/10/2008 00:00,0,0,0,0,0,0,0
19/10/2008 01:00,0,0,0,0,0,0,0
19/10/2008 02:00,0,0,0,0,0,0,0
19/10/2008 03:00,0,0,0,0,0,0,0
19/10/2008 04:00,0,0,0,0,0,0,0
19/10/2008 05:00,0,0,0,0,0,0,0
19/10/2008 06:00,0.00641,0.00757,0.00031,0.00368,0.02786,0.01226,0.0176
19/10/2008 07:00,0.23463,0.20537,0.196,0.19061,0.28267,0.24926,0.27219
19/10/2008 08:00,0.43168,0.37165,0.36502,0.36913,0.48687,0.47323,0.47547
19/10/2008 09:00,0.56695,0.50141,0.44789,0.47548,0.64024,0.62258,0.60188
19/10/2008 10:00,0.66887,0.66467,0.70196,0.70889,0.73339,0.71706,0.67339
19/10/2008 11:00,0.73013,0.72656,0.7395,0.73573,0.75019,0.74361,0.68371
19/10/2008 12:00,0.71095,0.70299,0.7059,0.70977,0.7104,0.69566,0.64818
19/10/2008 13:00,0.63726,0.62656,0.61929,0.61772,0.61509,0.61512,0.54551
19/10/2008 14:00,0.49114,0.48132,0.47074,0.46669,0.4627,0.467,0.40991
19/10/2008 15:00,0.282,0.27191,0.25554,0.24723,0.249,0.26075,0.22765
19/10/2008 16:00,0.02884,0.02239,0.01177,0.00666,0.00698,0.01167,0.00866
19/10/2008 17:00,0,0,0,0,0,0,0
19/10/2008 18:00,0,0,0,0,0,0,0
19/10/2008 19:00,0,0,0,0,0,0,0
19/10/2008 20:00,0,0,0,0,0,0,0
19/10/2008 21:00,0,0,0,0,0,0,0
19/10/2008 22:00,0,0,0,0,0,0,0
19/10/2008 23:00,0,0,0,0,0,0,0
20/10/2008 00:00,0,0,0,0,0,0,0
20/10/2008 01:00,0,0,0,0,0,0,0
20/10/2008 02:00,0,0,0,0,0,0,0
20/10/2008 03:00,0,0,0,0,0,0,0
20/10/2008 04:00,0,0,0,0,0,0,0
20/10/2008 05:00,0,0,0,0,0,0,0
20/10/2008 06:00,0.00279,0.00148,0,0.00654,0.02471,0.01295,0.00753
20/10/2008 07:00,0.20703,0.22737,0.21239,0.25604,0.28885,0.27561,0.16695
20/10/2008 08:00,0.42162,0.44392,0.37423,0.44663,0.5025,0.49857,0.31183
20/10/2008 09:00,0.5547,0.59809,0.61548,0.62593,0.65065,0.6543,0.40738
20/10/2008 10:00,0.59243,0.66401,0.70619,0.73145,0.7488,0.74522,0.52293
20/10/2008 11:00,0.61505,0.69337,0.73969,0.75524,0.76653,0.77021,0.55628
20/10/2008 12:00,0.55514,0.62054,0.67091,0.71901,0.72947,0.72689,0.62215
20/10/2008 13:00,0.50942,0.51719,0.60729,0.622,0.63226,0.63617,0.58945
20/10/2008 14:00,0.34891,0.35037,0.46504,0.46769,0.47259,0.46948,0.43311
20/10/2008 15:00,0.24278,0.21245,0.25617,0.247,0.24696,0.26042,0.21648
20/10/2008 16:00,0.02834,0.02505,0.01259,0.0111,0.00823,0.01131,0.00529
20/10/2008 17:00,0,0,0,0,0,0,0
20/10/2008 18:00,0,0,0,0,0,0,0
20/10/2008 19:00,0,0,0,0,0,0,0
20/10/2008 20:00,0,0,0,0,0,0,0
20/10/2008 21:00,0,0,0,0,0,0,0
20/10/2008 22:00,0,0,0,0,0,0,0
20/10/2008 23:00,0,0,0,0,0,0,0
21/10/2008 00:00,0,0,0,0,0,0,0
21/10/2008 01:00,0,0,0,0,0,0,0
21/10/2008 02:00,0,0,0,0,0,0,0
21/10/2008 03:00,0,0,0,0,0,0,0
21/10/2008 04:00,0,0,0,0,0,0,0
21/10/2008 05:00,0,0,0,0,0,0,0
21/10/2008 06:00,0.00143,0.00058,0.00018,0,0.01956,0.00058,0.00197
21/10/2008 07:00,0.07822,0.08133,0.04172,0.06366,0.16033,0.14025,0.15178
21/10/2008 08:00,0.16957,0.13181,0.14115,0.13855,0.28421,0.35353,0.33229
21/10/2008 09:00,0.23605,0.14974,0.13392,0.29971,0.45438,0.33473,0.43663
21/10/2008 10:00,0.3127,0.23746,0.151,0.13847,0.55769,0.25529,0.48793
21/10/2008 11:00,0.30267,0.33594,0.15956,0.22238,0.55603,0.3104,0.47403
21/10/2008 12:00,0.27953,0.31852,0.35708,0.11563,0.49668,0.49795,0.45646
21/10/2008 13:00,0.17297,0.23405,0.24445,0.3312,0.48119,0.38921,0.37531
21/10/2008 14:00,0.10414,0.17177,0.23242,0.11718,0.37339,0.24308,0.25686
21/10/2008 15:00,0.06989,0.05459,0.09249,0.10634,0.19685,0.15026,0.14186
21/10/2008 16:00,0.00781,0.00256,0.00102,0,0.00024,0.00115,0.00472
21/10/2008 17:00,0,0,0,0,0,0,0
21/10/2008 18:00,0,0,0,0,0,0,0
21/10/2008 19:00,0,0,0,0,0,0,0
21/10/2008 20:00,0,0,0,0,0,0,0
21/10/2008 21:00,0,0,0,0,0,0,0
21/10/2008 22:00,0,0,0,0,0,0,0
21/10/2008 23:00,0,0,0,0,0,0,0
22/10/2008 00:00,0,0,0,0,0,0,0
22/10/2008 01:00,0,0,0,0,0,0,0
22/10/2008 02:00,0,0,0,0,0,0,0
22/10/2008 03:00,0,0,0,0,0,0,0
22/10/2008 04:00,0,0,0,0,0,0,0
22/10/2008 05:00,0,0,0,0,0,0,0
22/10/2008 06:00,0.00363,0.00147,0.00045,0,0.00261,0.00012,4.00E-05
22/10/2008 07:00,0.10629,0.05272,0.01876,0.01846,0.0601,0.04313,0.00901
22/10/2008 08:00,0.21547,0.11671,0.03129,0.03573,0.16051,0.11587,0.04671
22/10/2008 09:00,0.23716,0.12225,0.03599,0.02934,0.18244,0.12331,0.05483
22/10/2008 10:00,0.29917,0.15795,0.0475,0.04376,0.20321,0.14111,0.06916
22/10/2008 11:00,0.30149,0.13663,0.04472,0.04501,0.21336,0.09759,0.05195
22/10/2008 12:00,0.25184,0.07896,0.03125,0.03245,0.16649,0.06887,0.03958
22/10/2008 13:00,0.17412,0.06163,0.0341,0.04323,0.16582,0.06076,0.05679
22/10/2008 14:00,0.11303,0.04782,0.01936,0.02254,0.11867,0.0485,0.08758
22/10/2008 15:00,0.04857,0.02567,0.03687,0.03848,0.07425,0.04554,0.05334
22/10/2008 16:00,0.00133,9.00E-04,0,0,4.00E-04,0,0
22/10/2008 17:00,0,0,0,0,0,0,0
22/10/2008 18:00,0,0,0,0,0,0,0
22/10/2008 19:00,0,0,0,0,0,0,0
22/10/2008 20:00,0,0,0,0,0,0,0
22/10/2008 21:00,0,0,0,0,0,0,0
22/10/2008 22:00,0,0,0,0,0,0,0
22/10/2008 23:00,0,0,0,0,0,0,0
23/10/2008 00:00,0,0,0,0,0,0,0
23/10/2008 01:00,0,0,0,0,0,0,0
23/10/2008 02:00,0,0,0,0,0,0,0
23/10/2008 03:00,0,0,0,0,0,0,0
23/10/2008 04:00,0,0,0,0,0,0,0
23/10/2008 05:00,0,0,0,0,0,0,0
23/10/2008 06:00,0.00893,0.00538,0.0014,0.00022,0.01452,0.00043,0.00991
23/10/2008 07:00,0.14549,0.10107,0.0879,0.10433,0.16549,0.10799,0.20892
23/10/2008 08:00,0.2628,0.20412,0.13215,0.17019,0.33598,0.20454,0.30752
23/10/2008 09:00,0.31478,0.22644,0.09599,0.10286,0.36375,0.18359,0.28459
23/10/2008 10:00,0.38521,0.24865,0.08915,0.07894,0.43972,0.20591,0.40509
23/10/2008 11:00,0.40326,0.23446,0.0751,0.0761,0.40035,0.19749,0.39534
23/10/2008 12:00,0.37321,0.21059,0.0479,0.05852,0.24413,0.17613,0.27436
23/10/2008 13:00,0.30935,0.18468,0.04509,0.05099,0.15966,0.15326,0.21741
23/10/2008 14:00,0.19518,0.11886,0.02901,0.03261,0.10957,0.10219,0.13525
23/10/2008 15:00,0.10466,0.07452,0.03232,0.03417,0.0726,0.07628,0.09093
23/10/2008 16:00,0.00365,0.0022,0,0.00013,0.001,6.00E-05,0
23/10/2008 17:00,0,0,0,0,0,0,0
23/10/2008 18:00,0,0,0,0,0,0,0
23/10/2008 19:00,0,0,0,0,0,0,0
23/10/2008 20:00,0,0,0,0,0,0,0
23/10/2008 21:00,0,0,0,0,0,0,0
23/10/2008 22:00,0,0,0,0,0,0,0
23/10/2008 23:00,0,0,0,0,0,0,0
24/10/2008 00:00,0,0,0,0,0,0,0
24/10/2008 01:00,0,0,0,0,0,0,0
24/10/2008 02:00,0,0,0,0,0,0,0
24/10/2008 03:00,0,0,0,0,0,0,0
24/10/2008 04:00,0,0,0,0,0,0,0
24/10/2008 05:00,0,0,0,0,0,0,0
24/10/2008 06:00,0.00629,0.01316,0.00391,0.00079,0.00638,0.00094,0.00013
24/10/2008 07:00,0.08747,0.10972,0.14165,0.06451,0.18707,0.08615,0.12246
24/10/2008 08:00,0.18833,0.2151,0.21931,0.13442,0.35541,0.22554,0.25812
24/10/2008 09:00,0.25214,0.24463,0.24378,0.11419,0.47712,0.30514,0.36796
24/10/2008 10:00,0.3777,0.34837,0.32442,0.20133,0.52236,0.41058,0.40108
24/10/2008 11:00,0.47517,0.38434,0.4392,0.46945,0.50007,0.28598,0.36765
24/10/2008 12:00,0.40898,0.44025,0.62075,0.37335,0.43634,0.1774,0.29488
24/10/2008 13:00,0.29805,0.36849,0.58205,0.42741,0.32158,0.18298,0.17163
24/10/2008 14:00,0.14965,0.24604,0.43759,0.38684,0.17664,0.13402,0.10771
24/10/2008 15:00,0.115,0.12472,0.21443,0.17877,0.09535,0.09034,0.08317
24/10/2008 16:00,0.00497,0.00071,0.00013,6.00E-04,0.00324,0.00026,0.00015
24/10/2008 17:00,0,0,0,0,0,0,0
24/10/2008 18:00,0,0,0,0,0,0,0
24/10/2008 19:00,0,0,0,0,0,0,0
24/10/2008 20:00,0,0,0,0,0,0,0
24/10/2008 21:00,0,0,0,0,0,0,0
24/10/2008 22:00,0,0,0,0,0,0,0
24/10/2008 23:00,0,0,0,0,0,0,0
25/10/2008 00:00,0,0,0,0,0,0,0
25/10/2008 01:00,0,0,0,0,0,0,0
25/10/2008 02:00,0,0,0,0,0,0,0
25/10/2008 03:00,0,0,0,0,0,0,0
25/10/2008 04:00,0,0,0,0,0,0,0
25/10/2008 05:00,0,0,0,0,0,0,0
25/10/2008 06:00,0.00971,0.0174,0.01687,0.00198,0.00284,0.00245,4.00E-04
25/10/2008 07:00,0.19251,0.16488,0.06496,0.05474,0.2113,0.17796,0.17981
25/10/2008 08:00,0.39341,0.31639,0.1202,0.11285,0.37909,0.31026,0.39256
25/10/2008 09:00,0.51608,0.39485,0.15836,0.11028,0.48379,0.37513,0.4947
25/10/2008 10:00,0.60107,0.46722,0.32887,0.18175,0.5437,0.44042,0.59342
25/10/2008 11:00,0.61884,0.52391,0.50675,0.37564,0.55249,0.43478,0.64364
25/10/2008 12:00,0.59961,0.54241,0.58954,0.4518,0.54451,0.40004,0.63052
25/10/2008 13:00,0.54714,0.51535,0.56111,0.44118,0.46456,0.35318,0.50597
25/10/2008 14:00,0.42196,0.39367,0.41488,0.3319,0.3384,0.2617,0.37577
25/10/2008 15:00,0.23015,0.21256,0.21367,0.16451,0.17898,0.1575,0.19897
25/10/2008 16:00,0.00561,0.00012,0.00047,0.00173,0.00615,0.00067,0.00061
25/10/2008 17:00,0,0,0,0,0,0,0
25/10/2008 18:00,0,0,0,0,0,0,0
25/10/2008 19:00,0,0,0,0,0,0,0
25/10/2008 20:00,0,0,0,0,0,0,0
25/10/2008 21:00,0,0,0,0,0,0,0
25/10/2008 22:00,0,0,0,0,0,0,0
25/10/2008 23:00,0,0,0,0,0,0,0
26/10/2008 00:00,0,0,0,0,0,0,0
26/10/2008 01:00,0,0,0,0,0,0,0
26/10/2008 02:00,0,0,0,0,0,0,0
26/10/2008 03:00,0,0,0,0,0,0,0
26/10/2008 04:00,0,0,0,0,0,0,0
26/10/2008 05:00,0,0,0,0,0,0,0
26/10/2008 06:00,0.01168,0.01546,0.02317,0.00493,0.0012,0.00804,0.00112
26/10/2008 07:00,0.19358,0.15903,0.0852,0.05587,0.23328,0.1966,0.23931
26/10/2008 08:00,0.40585,0.32163,0.20251,0.09251,0.42002,0.35402,0.45523
26/10/2008 09:00,0.55934,0.41747,0.27277,0.12922,0.5494,0.44962,0.6002
26/10/2008 10:00,0.66868,0.52417,0.37282,0.44565,0.65055,0.53398,0.69022
26/10/2008 11:00,0.71775,0.62386,0.43508,0.63376,0.71752,0.60664,0.71079
26/10/2008 12:00,0.70355,0.66903,0.63206,0.6333,0.69192,0.62836,0.68739
26/10/2008 13:00,0.60331,0.5888,0.57484,0.57637,0.59478,0.58551,0.58639
26/10/2008 14:00,0.44796,0.39196,0.37089,0.37633,0.42799,0.43356,0.42863
26/10/2008 15:00,0.22465,0.19354,0.17125,0.13652,0.19207,0.20664,0.20211
26/10/2008 16:00,0.0016,0.00032,0.00132,0.00454,0.01008,0.00184,0.0017
26/10/2008 17:00,0,0,0,0,0,0,0
26/10/2008 18:00,0,0,0,0,0,0,0
26/10/2008 19:00,0,0,0,0,0,0,0
26/10/2008 20:00,0,0,0,0,0,0,0
26/10/2008 21:00,0,0,0,0,0,0,0
26/10/2008 22:00,0,0,0,0,0,0,0
26/10/2008 23:00,0,0,0,0,0,0,0
27/10/2008 00:00,0,0,0,0,0,0,0
27/10/2008 01:00,0,0,0,0,0,0,0
27/10/2008 02:00,0,0,0,0,0,0,0
27/10/2008 03:00,0,0,0,0,0,0,0
27/10/2008 04:00,0,0,0,0,0,0,0
27/10/2008 05:00,0,0,0,0,0,0,0
27/10/2008 06:00,0.01175,0.00589,0.01666,0.01795,0.00314,0.02161,0.00255
27/10/2008 07:00,0.03922,0.04973,0.04014,0.1158,0.05995,0.08032,0.00863
27/10/2008 08:00,0.09007,0.11168,0.09498,0.12291,0.13322,0.0853,0.01704
27/10/2008 09:00,0.15232,0.11216,0.10888,0.24275,0.15157,0.1888,0.02501
27/10/2008 10:00,0.21581,0.12421,0.07774,0.19007,0.17662,0.15032,0.04296
27/10/2008 11:00,0.19476,0.12436,0.08584,0.19822,0.19793,0.14072,0.05567
27/10/2008 12:00,0.13789,0.08681,0.08582,0.08784,0.13449,0.11603,0.04065
27/10/2008 13:00,0.0935,0.07964,0.07106,0.096,0.07128,0.1238,0.03475
27/10/2008 14:00,0.10016,0.07893,0.0566,0.07533,0.04833,0.0948,0.03145
27/10/2008 15:00,0.05769,0.04278,0.03779,0.02061,0.02398,0.03371,0.01947
27/10/2008 16:00,0.00057,0.00073,0.00331,0.01745,0.00549,0.00532,0.00452
27/10/2008 17:00,0,0,0,0,0,0,0
27/10/2008 18:00,0,0,0,0,0,0,0
27/10/2008 19:00,0,0,0,0,0,0,0
27/10/2008 20:00,0,0,0,0,0,0,0
27/10/2008 21:00,0,0,0,0,0,0,0
27/10/2008 22:00,0,0,0,0,0,0,0
27/10/2008 23:00,0,0,0,0,0,0,0
28/10/2008 00:00,0,0,0,0,0,0,0
28/10/2008 01:00,0,0,0,0,0,0,0
28/10/2008 02:00,0,0,0,0,0,0,0
28/10/2008 03:00,0,0,0,0,0,0,0
28/10/2008 04:00,0,0,0,0,0,0,0
28/10/2008 05:00,0,0,0,0,0,0,0
28/10/2008 06:00,0.00801,0.00393,0,0.0365,0.00528,0.01913,0.00652
28/10/2008 07:00,0.03319,0.04174,0.0524,0.03705,0.01778,0.02243,0.01572
28/10/2008 08:00,0.03536,0.05983,0.09276,0.07397,0.03736,0.04009,0.02079
28/10/2008 09:00,0.05265,0.05948,0.08967,0.0624,0.03665,0.04781,0.03431
28/10/2008 10:00,0.05093,0.06556,0.06561,0.05589,0.05346,0.07024,0.03365
28/10/2008 11:00,0.06314,0.06796,0.06938,0.06974,0.05215,0.06817,0.04016
28/10/2008 12:00,0.06123,0.06669,0.09346,0.07634,0.05412,0.07151,0.0289
28/10/2008 13:00,0.04722,0.05873,0.06431,0.06026,0.04643,0.06075,0.0315
28/10/2008 14:00,0.04251,0.04239,0.05238,0.04958,0.03584,0.04452,0.02483
28/10/2008 15:00,0.03529,0.03017,0.03677,0.05996,0.02354,0.03616,0.00705
28/10/2008 16:00,0.00098,0.00179,0.0105,0.00879,0.00114,0.01145,0.01516
28/10/2008 17:00,0,0,0,0,0,0,0
28/10/2008 18:00,0,0,0,0,0,0,0
28/10/2008 19:00,0,0,0,0,0,0,0
28/10/2008 20:00,0,0,0,0,0,0,0
28/10/2008 21:00,0,0,0,0,0,0,0
28/10/2008 22:00,0,0,0,0,0,0,0
28/10/2008 23:00,0,0,0,0,0,0,0
29/10/2008 00:00,0,0,0,0,0,0,0
29/10/2008 01:00,0,0,0,0,0,0,0
29/10/2008 02:00,0,0,0,0,0,0,0
29/10/2008 03:00,0,0,0,0,0,0,0
29/10/2008 04:00,0,0,0,0,0,0,0
29/10/2008 05:00,0,0,0,0,0,0,0
29/10/2008 06:00,0,0,0,0,0.0153,0.01584,0.02938
29/10/2008 07:00,0.0213,0.02768,0.03492,0.02711,0.01135,0.0213,0.00845
29/10/2008 08:00,0.03648,0.03019,0.02637,0.05788,0.02624,0.0371,0.0198
29/10/2008 09:00,0.04312,0.04805,0.04261,0.03283,0.03266,0.0352,0.03548
29/10/2008 10:00,0.08012,0.05717,0.03785,0.0352,0.0462,0.04217,0.0354
29/10/2008 11:00,0.0778,0.06598,0.04621,0.04496,0.05005,0.03896,0.03781
29/10/2008 12:00,0.079,0.06807,0.04383,0.05278,0.04519,0.06239,0.03105
29/10/2008 13:00,0.0791,0.072,0.05083,0.0607,0.03403,0.05572,0.02276
29/10/2008 14:00,0.03486,0.04241,0.05058,0.0361,0.02548,0.0369,0.02129
29/10/2008 15:00,0.02351,0.02846,0.01092,0.01244,0.01213,0.0199,0.01389
29/10/2008 16:00,0.00229,0.00461,0.01459,0,0,0.0112,0.01282
29/10/2008 17:00,0,0,0,0,0,0,0
29/10/2008 18:00,0,0,0,0,0,0,0
29/10/2008 19:00,0,0,0,0,0,0,0
29/10/2008 20:00,0,0,0,0,0,0,0
29/10/2008 21:00,0,0,0,0,0,0,0
29/10/2008 22:00,0,0,0,0,0,0,0
29/10/2008 23:00,0,0,0,0,0,0,0
30/10/2008 00:00,0,0,0,0,0,0,0
30/10/2008 01:00,0,0,0,0,0,0,0
30/10/2008 02:00,0,0,0,0,0,0,0
30/10/2008 03:00,0,0,0,0,0,0,0
30/10/2008 04:00,0,0,0,0,0,0,0
30/10/2008 05:00,0,0,0,0,0,0,0
30/10/2008 06:00,0,0,0,0,0.01926,0,0.02941
30/10/2008 07:00,0.05164,0.01995,0.0215,0.01973,0.01377,0.02674,0.01416
30/10/2008 08:00,0.1073,0.0561,0.03207,0.03678,0.03593,0.03765,0.02187
30/10/2008 09:00,0.16462,0.09318,0.04363,0.06107,0.06652,0.04944,0.02352
30/10/2008 10:00,0.16912,0.12006,0.061,0.07082,0.07483,0.04564,0.02824
30/10/2008 11:00,0.18874,0.15072,0.13196,0.07384,0.05937,0.0522,0.02983
30/10/2008 12:00,0.13686,0.19349,0.15676,0.05902,0.0566,0.07783,0.04674
30/10/2008 13:00,0.08649,0.14179,0.20924,0.12958,0.06401,0.11017,0.05245
30/10/2008 14:00,0.03525,0.04724,0.08029,0.18348,0.07697,0.0736,0.08125
30/10/2008 15:00,0.02031,0.01931,0.01692,0.02741,0.04192,0.02137,0.02262
30/10/2008 16:00,0.00455,0.01001,0.00339,0,0,0.00147,0
30/10/2008 17:00,0,0,0,0,0,0,0
30/10/2008 18:00,0,0,0,0,0,0,0
30/10/2008 19:00,0,0,0,0,0,0,0
30/10/2008 20:00,0,0,0,0,0,0,0
30/10/2008 21:00,0,0,0,0,0,0,0
30/10/2008 22:00,0,0,0,0,0,0,0
30/10/2008 23:00,0,0,0,0,0,0,0
31/10/2008 00:00,0,0,0,0,0,0,0
31/10/2008 01:00,0,0,0,0,0,0,0
31/10/2008 02:00,0,0,0,0,0,0,0
31/10/2008 03:00,0,0,0,0,0,0,0
31/10/2008 04:00,0,0,0,0,0,0,0
31/10/2008 05:00,0,0,0,0,0,0,0
31/10/2008 06:00,0,0,0,0,0.01521,0,0.00655
31/10/2008 07:00,0.01324,0.02104,0.01325,0.09662,0.02601,0.05709,0.0073
31/10/2008 08:00,0.0298,0.03804,0.04584,0.08902,0.03232,0.03583,0.01479
31/10/2008 09:00,0.07039,0.05672,0.04285,0.03788,0.03767,0.03897,0.02814
31/10/2008 10:00,0.07256,0.08638,0.05315,0.06622,0.05422,0.06436,0.0341
31/10/2008 11:00,0.0757,0.08993,0.10653,0.0663,0.06228,0.05482,0.03914
31/10/2008 12:00,0.04954,0.07884,0.09978,0.05946,0.07747,0.09279,0.04309
31/10/2008 13:00,0.0692,0.05245,0.05261,0.07253,0.06797,0.04733,0.03368
31/10/2008 14:00,0.07195,0.05544,0.03434,0.06627,0.0555,0.05652,0.02232
31/10/2008 15:00,0.046,0.0403,0.04472,0.01791,0.01842,0.02162,0.00805
31/10/2008 16:00,0.0069,0.01117,0,0,0,0,0
31/10/2008 17:00,0,0,0,0,0,0,0
31/10/2008 18:00,0,0,0,0,0,0,0
31/10/2008 19:00,0,0,0,0,0,0,0
31/10/2008 20:00,0,0,0,0,0,0,0
31/10/2008 21:00,0,0,0,0,0,0,0
31/10/2008 22:00,0,0,0,0,0,0,0
31/10/2008 23:00,0,0,0,0,0,0,0
01/11/2008 00:00,0,0,0,0,0,0,0
01/11/2008 01:00,0,0,0,0,0,0,0
01/11/2008 02:00,0,0,0,0,0,0,0
01/11/2008 03:00,0,0,0,0,0,0,0
01/11/2008 04:00,0,0,0,0,0,0,0
01/11/2008 05:00,0,0,0,0,0,0,0
01/11/2008 06:00,0,0,0,0,0.01221,0,0
01/11/2008 07:00,0.06449,0.04624,0.02827,0.03948,0.07644,0.09019,0.04783
01/11/2008 08:00,0.1782,0.12918,0.12648,0.07615,0.14894,0.07332,0.1156
01/11/2008 09:00,0.24128,0.18763,0.11208,0.07888,0.1573,0.17848,0.05666
01/11/2008 10:00,0.27162,0.17513,0.24886,0.1739,0.21993,0.14721,0.22155
01/11/2008 11:00,0.30807,0.16608,0.12959,0.14462,0.27931,0.20239,0.23873
01/11/2008 12:00,0.28523,0.1932,0.13948,0.09399,0.24165,0.16325,0.13888
01/11/2008 13:00,0.26957,0.1731,0.13733,0.12473,0.19827,0.18279,0.18439
01/11/2008 14:00,0.22897,0.14517,0.08928,0.02693,0.18749,0.17413,0.04705
01/11/2008 15:00,0.0849,0.05768,0.05832,0.05123,0.12653,0.1066,0.1188
01/11/2008 16:00,0.00759,0.00749,0,0,0,0,0
01/11/2008 17:00,0,0,0,0,0,0,0
01/11/2008 18:00,0,0,0,0,0,0,0
01/11/2008 19:00,0,0,0,0,0,0,0
01/11/2008 20:00,0,0,0,0,0,0,0
01/11/2008 21:00,0,0,0,0,0,0,0
01/11/2008 22:00,0,0,0,0,0,0,0
01/11/2008 23:00,0,0,0,0,0,0,0
02/11/2008 00:00,0,0,0,0,0,0,0
02/11/2008 01:00,0,0,0,0,0,0,0
02/11/2008 02:00,0,0,0,0,0,0,0
02/11/2008 03:00,0,0,0,0,0,0,0
02/11/2008 04:00,0,0,0,0,0,0,0
02/11/2008 05:00,0,0,0,0,0,0,0
02/11/2008 06:00,0,0,0,0,0.00872,0,0
02/11/2008 07:00,0.03165,0.05362,0.05334,0.02223,0.02947,0.04883,0.06334
02/11/2008 08:00,0.0645,0.09683,0.23245,0.22764,0.12624,0.10557,0.1912
02/11/2008 09:00,0.1944,0.11534,0.26005,0.18653,0.1788,0.05227,0.18589
02/11/2008 10:00,0.32681,0.23344,0.11988,0.04698,0.24272,0.07823,0.25752
02/11/2008 11:00,0.40695,0.27086,0.23459,0.1831,0.37418,0.09561,0.27243
02/11/2008 12:00,0.38279,0.23111,0.17795,0.15653,0.29303,0.06536,0.24722
02/11/2008 13:00,0.34261,0.27469,0.15012,0.09235,0.17394,0.06083,0.24272
02/11/2008 14:00,0.2043,0.1317,0.0704,0.04459,0.15578,0.04166,0.18313
02/11/2008 15:00,0.1147,0.04044,0.02868,0.0173,0.0354,0.02077,0.10894
02/11/2008 16:00,0.0091,0.00259,0,0,0,0,0
02/11/2008 17:00,0,0,0,0,0,0,0
02/11/2008 18:00,0,0,0,0,0,0,0
02/11/2008 19:00,0,0,0,0,0,0,0
02/11/2008 20:00,0,0,0,0,0,0,0
02/11/2008 21:00,0,0,0,0,0,0,0
02/11/2008 22:00,0,0,0,0,0,0,0
02/11/2008 23:00,0,0,0,0,0,0,0
03/11/2008 00:00,0,0,0,0,0,0,0
03/11/2008 01:00,0,0,0,0,0,0,0
03/11/2008 02:00,0,0,0,0,0,0,0
03/11/2008 03:00,0,0,0,0,0,0,0
03/11/2008 04:00,0,0,0,0,0,0,0
03/11/2008 05:00,0,0,0,0,0,0,0
03/11/2008 06:00,0,0,0,0,0.00029,0,0
03/11/2008 07:00,0.13248,0.11967,0.14544,0.19671,0.10573,0.15674,0.03858
03/11/2008 08:00,0.22078,0.30781,0.33756,0.40414,0.20881,0.29988,0.06568
03/11/2008 09:00,0.37681,0.43593,0.50069,0.51849,0.26968,0.35979,0.05921
03/11/2008 10:00,0.42137,0.56435,0.67824,0.41389,0.27857,0.45217,0.05906
03/11/2008 11:00,0.33003,0.47912,0.63831,0.22197,0.23563,0.29729,0.0494
03/11/2008 12:00,0.25228,0.25394,0.4777,0.13474,0.18799,0.19157,0.06055
03/11/2008 13:00,0.18585,0.19277,0.09415,0.06497,0.13384,0.1865,0.02215
03/11/2008 14:00,0.11056,0.1312,0.13054,0.10515,0.06079,0.13402,0.02834
03/11/2008 15:00,0.06272,0.07467,0.0567,0.08584,0.05994,0.08082,0.01216
03/11/2008 16:00,0.00474,0.00011,0,0,0,0,0
03/11/2008 17:00,0,0,0,0,0,0,0
03/11/2008 18:00,0,0,0,0,0,0,0
03/11/2008 19:00,0,0,0,0,0,0,0
03/11/2008 20:00,0,0,0,0,0,0,0
03/11/2008 21:00,0,0,0,0,0,0,0
03/11/2008 22:00,0,0,0,0,0,0,0
03/11/2008 23:00,0,0,0,0,0,0,0
04/11/2008 00:00,0,0,0,0,0,0,0
04/11/2008 01:00,0,0,0,0,0,0,0
04/11/2008 02:00,0,0,0,0,0,0,0
04/11/2008 03:00,0,0,0,0,0,0,0
04/11/2008 04:00,0,0,0,0,0,0,0
04/11/2008 05:00,0,0,0,0,0,0,0
04/11/2008 06:00,0,0,0,0,0,0,0
04/11/2008 07:00,0.09732,0.12155,0.13769,0.13729,0.1581,0.10423,0.0544
04/11/2008 08:00,0.22596,0.29051,0.12047,0.22954,0.19467,0.32084,0.03147
04/11/2008 09:00,0.12166,0.22357,0.25182,0.12363,0.15166,0.07194,0.0589
04/11/2008 10:00,0.07538,0.08511,0.06132,0.07077,0.18188,0.07402,0.05194
04/11/2008 11:00,0.04209,0.05404,0.04695,0.07773,0.09494,0.06919,0.03824
04/11/2008 12:00,0.05693,0.07182,0.0488,0.11817,0.08491,0.06917,0.02321
04/11/2008 13:00,0.0594,0.1272,0.06951,0.10045,0.09305,0.15212,0.02409
04/11/2008 14:00,0.03084,0.05202,0.06004,0.08105,0.0465,0.0533,0.025
04/11/2008 15:00,0.01693,0.02265,0.02268,0.01745,0.01788,0.02899,0.01519
04/11/2008 16:00,0.00195,0,0,0,0,0,0
04/11/2008 17:00,0,0,0,0,0,0,0
04/11/2008 18:00,0,0,0,0,0,0,0
04/11/2008 19:00,0,0,0,0,0,0,0
04/11/2008 20:00,0,0,0,0,0,0,0
04/11/2008 21:00,0,0,0,0,0,0,0
04/11/2008 22:00,0,0,0,0,0,0,0
04/11/2008 23:00,0,0,0,0,0,0,0
05/11/2008 00:00,0,0,0,0,0,0,0
05/11/2008 01:00,0,0,0,0,0,0,0
05/11/2008 02:00,0,0,0,0,0,0,0
05/11/2008 03:00,0,0,0,0,0,0,0
05/11/2008 04:00,0,0,0,0,0,0,0
05/11/2008 05:00,0,0,0,0,0,0,0
05/11/2008 06:00,0,0,0,0,0,0,0
05/11/2008 07:00,0.03024,0.05222,0.02725,0.09078,0.10833,0.13842,0.00664
05/11/2008 08:00,0.0609,0.16522,0.09826,0.16559,0.23969,0.32199,0.0221
05/11/2008 09:00,0.12731,0.20395,0.14412,0.19209,0.27234,0.43391,0.05207
05/11/2008 10:00,0.14206,0.2578,0.11358,0.24031,0.37146,0.43231,0.06927
05/11/2008 11:00,0.11154,0.34965,0.24919,0.27338,0.36795,0.46945,0.03654
05/11/2008 12:00,0.1906,0.35378,0.32187,0.36689,0.34537,0.4224,0.04312
05/11/2008 13:00,0.19669,0.24372,0.28112,0.25276,0.28831,0.33827,0.08312
05/11/2008 14:00,0.1752,0.13096,0.20017,0.25628,0.16997,0.16666,0.08871
05/11/2008 15:00,0.08945,0.06899,0.10257,0.10758,0.09631,0.09264,0.07765
05/11/2008 16:00,0.00067,0,0,0,0,0,0
05/11/2008 17:00,0,0,0,0,0,0,0
05/11/2008 18:00,0,0,0,0,0,0,0
05/11/2008 19:00,0,0,0,0,0,0,0
05/11/2008 20:00,0,0,0,0,0,0,0
05/11/2008 21:00,0,0,0,0,0,0,0
05/11/2008 22:00,0,0,0,0,0,0,0
05/11/2008 23:00,0,0,0,0,0,0,0
06/11/2008 00:00,0,0,0,0,0,0,0
06/11/2008 01:00,0,0,0,0,0,0,0
06/11/2008 02:00,0,0,0,0,0,0,0
06/11/2008 03:00,0,0,0,0,0,0,0
06/11/2008 04:00,0,0,0,0,0,0,0
06/11/2008 05:00,0,0,0,0,0,0,0
06/11/2008 06:00,0,0,0,0,0,0,0
06/11/2008 07:00,0.08751,0.0553,0.04709,0.04695,0.0593,0.05413,0.07471
06/11/2008 08:00,0.18051,0.15761,0.13945,0.0207,0.18054,0.12753,0.06958
06/11/2008 09:00,0.24032,0.25966,0.0796,0.03695,0.30574,0.12732,0.0633
06/11/2008 10:00,0.33474,0.24176,0.04839,0.04988,0.36399,0.16452,0.07657
06/11/2008 11:00,0.30447,0.22556,0.06714,0.0731,0.29749,0.09402,0.07284
06/11/2008 12:00,0.24461,0.13505,0.06275,0.09152,0.25376,0.08807,0.07908
06/11/2008 13:00,0.20065,0.13504,0.07237,0.10697,0.19216,0.10251,0.09924
06/11/2008 14:00,0.12407,0.1323,0.11387,0.07085,0.10996,0.06885,0.07913
06/11/2008 15:00,0.09955,0.07548,0.07573,0.08521,0.05643,0.06235,0.09351
06/11/2008 16:00,0,0,0,0,0,0,0
06/11/2008 17:00,0,0,0,0,0,0,0
06/11/2008 18:00,0,0,0,0,0,0,0
06/11/2008 19:00,0,0,0,0,0,0,0
06/11/2008 20:00,0,0,0,0,0,0,0
06/11/2008 21:00,0,0,0,0,0,0,0
06/11/2008 22:00,0,0,0,0,0,0,0
06/11/2008 23:00,0,0,0,0,0,0,0
07/11/2008 00:00,0,0,0,0,0,0,0
07/11/2008 01:00,0,0,0,0,0,0,0
07/11/2008 02:00,0,0,0,0,0,0,0
07/11/2008 03:00,0,0,0,0,0,0,0
07/11/2008 04:00,0,0,0,0,0,0,0
07/11/2008 05:00,0,0,0,0,0,0,0
07/11/2008 06:00,0,0,0,0,0,0,0
07/11/2008 07:00,0.11002,0.12387,0.08174,0.12282,0.13262,0.08616,0.0427
07/11/2008 08:00,0.20153,0.2741,0.25402,0.35121,0.24977,0.22432,0.07851
07/11/2008 09:00,0.26787,0.3939,0.47405,0.54246,0.26766,0.35108,0.06229
07/11/2008 10:00,0.27262,0.49017,0.67986,0.6895,0.36806,0.50491,0.08121
07/11/2008 11:00,0.335,0.49752,0.66987,0.67865,0.34361,0.46202,0.08655
07/11/2008 12:00,0.33816,0.47518,0.62063,0.62057,0.31212,0.38748,0.17238
07/11/2008 13:00,0.32238,0.37592,0.55492,0.54136,0.24117,0.35896,0.13022
07/11/2008 14:00,0.23367,0.27222,0.3952,0.4049,0.13993,0.30286,0.08963
07/11/2008 15:00,0.12298,0.15222,0.19335,0.15151,0.0483,0.14572,0.0415
07/11/2008 16:00,0,0,0,0,0,0,0
07/11/2008 17:00,0,0,0,0,0,0,0
07/11/2008 18:00,0,0,0,0,0,0,0
07/11/2008 19:00,0,0,0,0,0,0,0
07/11/2008 20:00,0,0,0,0,0,0,0
07/11/2008 21:00,0,0,0,0,0,0,0
07/11/2008 22:00,0,0,0,0,0,0,0
07/11/2008 23:00,0,0,0,0,0,0,0
08/11/2008 00:00,0,0,0,0,0,0,0
08/11/2008 01:00,0,0,0,0,0,0,0
08/11/2008 02:00,0,0,0,0,0,0,0
08/11/2008 03:00,0,0,0,0,0,0,0
08/11/2008 04:00,0,0,0,0,0,0,0
08/11/2008 05:00,0,0,0,0,0,0,0
08/11/2008 06:00,0,0,0,0,0,0,0
08/11/2008 07:00,0.09101,0.08475,0.07939,0.09229,0.06976,0.12205,0.16671
08/11/2008 08:00,0.2003,0.22517,0.26557,0.22288,0.16976,0.34359,0.38951
08/11/2008 09:00,0.31472,0.36547,0.40744,0.34607,0.24339,0.48553,0.53661
08/11/2008 10:00,0.37423,0.53401,0.55985,0.63217,0.42899,0.55574,0.56312
08/11/2008 11:00,0.41506,0.57058,0.69372,0.6115,0.41804,0.5781,0.45176
08/11/2008 12:00,0.42005,0.5321,0.64956,0.64928,0.32892,0.50263,0.29819
08/11/2008 13:00,0.36354,0.4527,0.52111,0.52118,0.25952,0.4746,0.22747
08/11/2008 14:00,0.25723,0.33876,0.34488,0.37021,0.18514,0.32501,0.1512
08/11/2008 15:00,0.10061,0.16819,0.14488,0.15143,0.10155,0.139,0.12582
08/11/2008 16:00,0,0,0,0,0,0,0
08/11/2008 17:00,0,0,0,0,0,0,0
08/11/2008 18:00,0,0,0,0,0,0,0
08/11/2008 19:00,0,0,0,0,0,0,0
08/11/2008 20:00,0,0,0,0,0,0,0
08/11/2008 21:00,0,0,0,0,0,0,0
08/11/2008 22:00,0,0,0,0,0,0,0
08/11/2008 23:00,0,0,0,0,0,0,0
09/11/2008 00:00,0,0,0,0,0,0,0
09/11/2008 01:00,0,0,0,0,0,0,0
09/11/2008 02:00,0,0,0,0,0,0,0
09/11/2008 03:00,0,0,0,0,0,0,0
09/11/2008 04:00,0,0,0,0,0,0,0
09/11/2008 05:00,0,0,0,0,0,0,0
09/11/2008 06:00,0,0,0,0,0,0,0
09/11/2008 07:00,0.03527,0.04042,0.03634,0.06594,0.11949,0.06551,0.0851
09/11/2008 08:00,0.06935,0.11719,0.1397,0.22993,0.27272,0.20646,0.20883
09/11/2008 09:00,0.08156,0.13269,0.06618,0.33675,0.3689,0.19933,0.20555
09/11/2008 10:00,0.09566,0.09365,0.09547,0.07591,0.43441,0.12616,0.23565
09/11/2008 11:00,0.15457,0.14798,0.10616,0.10495,0.28798,0.19005,0.16962
09/11/2008 12:00,0.18639,0.15442,0.18347,0.08808,0.30569,0.09958,0.19324
09/11/2008 13:00,0.14978,0.14324,0.10023,0.14849,0.24722,0.21242,0.11492
09/11/2008 14:00,0.12759,0.13893,0.10623,0.08961,0.16973,0.17456,0.06343
09/11/2008 15:00,0.06608,0.07809,0.05313,0.05984,0.04913,0.07081,0.01891
09/11/2008 16:00,0,0,0,0,0,0,0
09/11/2008 17:00,0,0,0,0,0,0,0
09/11/2008 18:00,0,0,0,0,0,0,0
09/11/2008 19:00,0,0,0,0,0,0,0
09/11/2008 20:00,0,0,0,0,0,0,0
09/11/2008 21:00,0,0,0,0,0,0,0
09/11/2008 22:00,0,0,0,0,0,0,0
09/11/2008 23:00,0,0,0,0,0,0,0
10/11/2008 00:00,0,0,0,0,0,0,0
10/11/2008 01:00,0,0,0,0,0,0,0
10/11/2008 02:00,0,0,0,0,0,0,0
10/11/2008 03:00,0,0,0,0,0,0,0
10/11/2008 04:00,0,0,0,0,0,0,0
10/11/2008 05:00,0,0,0,0,0,0,0
10/11/2008 06:00,0,0,0,0,0,0,0
10/11/2008 07:00,0.09802,0.12166,0.10746,0.17563,0.12091,0.15255,0.06745
10/11/2008 08:00,0.2345,0.34233,0.33248,0.32853,0.3285,0.35626,0.11154
10/11/2008 09:00,0.36048,0.48969,0.53212,0.54827,0.46734,0.51036,0.07555
10/11/2008 10:00,0.39784,0.54525,0.60214,0.64441,0.5426,0.56902,0.11942
10/11/2008 11:00,0.3887,0.62024,0.6372,0.6693,0.51841,0.5983,0.10865
10/11/2008 12:00,0.3077,0.29841,0.24678,0.27563,0.30412,0.27298,0.40388
10/11/2008 13:00,0.2786,0.3732,0.41366,0.48728,0.41993,0.48882,0.11513
10/11/2008 14:00,0.2025,0.30326,0.26854,0.26794,0.2803,0.2379,0.07617
10/11/2008 15:00,0.08819,0.14697,0.11868,0.07327,0.08191,0.07343,0.02182
10/11/2008 16:00,0,0,0,0,0,0,0
10/11/2008 17:00,0,0,0,0,0,0,0
10/11/2008 18:00,0,0,0,0,0,0,0
10/11/2008 19:00,0,0,0,0,0,0,0
10/11/2008 20:00,0,0,0,0,0,0,0
10/11/2008 21:00,0,0,0,0,0,0,0
10/11/2008 22:00,0,0,0,0,0,0,0
10/11/2008 23:00,0,0,0,0,0,0,0
11/11/2008 00:00,0,0,0,0,0,0,0
11/11/2008 01:00,0,0,0,0,0,0,0
11/11/2008 02:00,0,0,0,0,0,0,0
11/11/2008 03:00,0,0,0,0,0,0,0
11/11/2008 04:00,0,0,0,0,0,0,0
11/11/2008 05:00,0,0,0,0,0,0,0
11/11/2008 06:00,0,0,0,0,0,0,0
11/11/2008 07:00,0.01858,0.02711,0.0956,0.13122,0.07546,0.11214,0.01407
11/11/2008 08:00,0.08426,0.06248,0.07336,0.32156,0.3002,0.20612,0.06237
11/11/2008 09:00,0.09274,0.09527,0.06786,0.2521,0.43823,0.22594,0.12616
11/11/2008 10:00,0.15805,0.10151,0.1144,0.15212,0.48488,0.25005,0.25397
11/11/2008 11:00,0.11148,0.11056,0.13023,0.20156,0.4771,0.3653,0.3092
11/11/2008 12:00,0.0937,0.0619,0.04798,0.04354,0.43871,0.16182,0.14921
11/11/2008 13:00,0.10484,0.05692,0.03255,0.04103,0.28678,0.10345,0.13931
11/11/2008 14:00,0.10106,0.06162,0.01876,0.0416,0.12832,0.08679,0.14817
11/11/2008 15:00,0.04855,0.02588,0.00279,0.00644,0.05482,0.03353,0.052
11/11/2008 16:00,0,0,0,0,0,0,0
11/11/2008 17:00,0,0,0,0,0,0,0
11/11/2008 18:00,0,0,0,0,0,0,0
11/11/2008 19:00,0,0,0,0,0,0,0
11/11/2008 20:00,0,0,0,0,0,0,0
11/11/2008 21:00,0,0,0,0,0,0,0
11/11/2008 22:00,0,0,0,0,0,0,0
11/11/2008 23:00,0,0,0,0,0,0,0
12/11/2008 00:00,0,0,0,0,0,0,0
12/11/2008 01:00,0,0,0,0,0,0,0
12/11/2008 02:00,0,0,0,0,0,0,0
12/11/2008 03:00,0,0,0,0,0,0,0
12/11/2008 04:00,0,0,0,0,0,0,0
12/11/2008 05:00,0,0,0,0,0,0,0
12/11/2008 06:00,0,0,0,0,0,0,0
12/11/2008 07:00,0.03902,0.03055,0.05274,0.02804,0.01977,0.02646,0.03461
12/11/2008 08:00,0.07515,0.11698,0.15103,0.08038,0.05084,0.05368,0.04975
12/11/2008 09:00,0.13451,0.14213,0.2703,0.12636,0.07764,0.08383,0.05755
12/11/2008 10:00,0.13693,0.14744,0.23505,0.12173,0.1351,0.06632,0.06753
12/11/2008 11:00,0.115,0.16405,0.26107,0.12961,0.09418,0.05314,0.06611
12/11/2008 12:00,0.0793,0.13631,0.16529,0.11752,0.08236,0.04269,0.05928
12/11/2008 13:00,0.07841,0.07653,0.11641,0.04977,0.04895,0.03825,0.04506
12/11/2008 14:00,0.06945,0.05878,0.04856,0.03005,0.03505,0.01705,0.01678
12/11/2008 15:00,0.04106,0.0431,0.05936,0.00872,0.00927,0.01528,0.00275
12/11/2008 16:00,0,0,0,0,0,0,0
12/11/2008 17:00,0,0,0,0,0,0,0
12/11/2008 18:00,0,0,0,0,0,0,0
12/11/2008 19:00,0,0,0,0,0,0,0
12/11/2008 20:00,0,0,0,0,0,0,0
12/11/2008 21:00,0,0,0,0,0,0,0
12/11/2008 22:00,0,0,0,0,0,0,0
12/11/2008 23:00,0,0,0,0,0,0,0
13/11/2008 00:00,0,0,0,0,0,0,0
13/11/2008 01:00,0,0,0,0,0,0,0
13/11/2008 02:00,0,0,0,0,0,0,0
13/11/2008 03:00,0,0,0,0,0,0,0
13/11/2008 04:00,0,0,0,0,0,0,0
13/11/2008 05:00,0,0,0,0,0,0,0
13/11/2008 06:00,0,0,0,0,0,0,0
13/11/2008 07:00,0.06163,0.04636,0.03301,0.07769,0.05966,0.04773,0.06843
13/11/2008 08:00,0.13752,0.10278,0.13711,0.08372,0.07659,0.08287,0.10973
13/11/2008 09:00,0.19489,0.08819,0.07173,0.09555,0.12725,0.06371,0.33465
13/11/2008 10:00,0.24587,0.08686,0.0948,0.0846,0.16131,0.06544,0.39247
13/11/2008 11:00,0.20893,0.10004,0.08899,0.09484,0.11989,0.04829,0.41602
13/11/2008 12:00,0.18428,0.08304,0.07292,0.08967,0.10823,0.04326,0.40272
13/11/2008 13:00,0.14532,0.05622,0.03823,0.05166,0.07965,0.07524,0.34758
13/11/2008 14:00,0.08114,0.02829,0.0182,0.04501,0.0455,0.06784,0.14672
13/11/2008 15:00,0.03528,0.01476,0.00726,0.00665,0.0118,0.00249,0.03676
13/11/2008 16:00,0,0,0,0,0,0,0
13/11/2008 17:00,0,0,0,0,0,0,0
13/11/2008 18:00,0,0,0,0,0,0,0
13/11/2008 19:00,0,0,0,0,0,0,0
13/11/2008 20:00,0,0,0,0,0,0,0
13/11/2008 21:00,0,0,0,0,0,0,0
13/11/2008 22:00,0,0,0,0,0,0,0
13/11/2008 23:00,0,0,0,0,0,0,0
14/11/2008 00:00,0,0,0,0,0,0,0
14/11/2008 01:00,0,0,0,0,0,0,0
14/11/2008 02:00,0,0,0,0,0,0,0
14/11/2008 03:00,0,0,0,0,0,0,0
14/11/2008 04:00,0,0,0,0,0,0,0
14/11/2008 05:00,0,0,0,0,0,0,0
14/11/2008 06:00,0,0,0,0,0,0,0
14/11/2008 07:00,0.05133,0.02785,0.03821,0.06865,0.0402,0.02774,0.07117
14/11/2008 08:00,0.15346,0.1168,0.19296,0.21034,0.10848,0.09182,0.24723
14/11/2008 09:00,0.21183,0.1586,0.28332,0.25633,0.10948,0.07471,0.39185
14/11/2008 10:00,0.22041,0.24016,0.31725,0.37422,0.15314,0.13868,0.54047
14/11/2008 11:00,0.28513,0.26679,0.37953,0.37515,0.15679,0.14384,0.54175
14/11/2008 12:00,0.31384,0.27568,0.29621,0.37462,0.13385,0.13774,0.54827
14/11/2008 13:00,0.28302,0.20883,0.1701,0.22827,0.1046,0.09249,0.46533
14/11/2008 14:00,0.18423,0.11803,0.10215,0.04674,0.06106,0.02832,0.30747
14/11/2008 15:00,0.07338,0.05197,0.02436,0.01449,0.01839,0.01725,0.09007
14/11/2008 16:00,0,0,0,0,0,0,0
14/11/2008 17:00,0,0,0,0,0,0,0
14/11/2008 18:00,0,0,0,0,0,0,0
14/11/2008 19:00,0,0,0,0,0,0,0
14/11/2008 20:00,0,0,0,0,0,0,0
14/11/2008 21:00,0,0,0,0,0,0,0
14/11/2008 22:00,0,0,0,0,0,0,0
14/11/2008 23:00,0,0,0,0,0,0,0
15/11/2008 00:00,0,0,0,0,0,0,0
15/11/2008 01:00,0,0,0,0,0,0,0
15/11/2008 02:00,0,0,0,0,0,0,0
15/11/2008 03:00,0,0,0,0,0,0,0
15/11/2008 04:00,0,0,0,0,0,0,0
15/11/2008 05:00,0,0,0,0,0,0,0
15/11/2008 06:00,0,0,0,0,0,0,0
15/11/2008 07:00,0.06674,0.08079,0.10985,0.06747,0.04582,0.06895,0.10261
15/11/2008 08:00,0.20709,0.30244,0.34043,0.19,0.15423,0.20616,0.32862
15/11/2008 09:00,0.33887,0.44533,0.44081,0.19836,0.21974,0.30063,0.50085
15/11/2008 10:00,0.39922,0.54303,0.52509,0.24163,0.25834,0.36292,0.58179
15/11/2008 11:00,0.43056,0.59789,0.55588,0.25937,0.27692,0.4301,0.59969
15/11/2008 12:00,0.4279,0.57566,0.59688,0.23683,0.26983,0.42528,0.56514
15/11/2008 13:00,0.37586,0.50089,0.55524,0.34407,0.25962,0.36098,0.47454
15/11/2008 14:00,0.26717,0.36062,0.38106,0.27592,0.18915,0.25317,0.31153
15/11/2008 15:00,0.10134,0.14665,0.12492,0.07045,0.04869,0.08797,0.08227
15/11/2008 16:00,0,0,0,0,0,0,0
15/11/2008 17:00,0,0,0,0,0,0,0
15/11/2008 18:00,0,0,0,0,0,0,0
15/11/2008 19:00,0,0,0,0,0,0,0
15/11/2008 20:00,0,0,0,0,0,0,0
15/11/2008 21:00,0,0,0,0,0,0,0
15/11/2008 22:00,0,0,0,0,0,0,0
15/11/2008 23:00,0,0,0,0,0,0,0
16/11/2008 00:00,0,0,0,0,0,0,0
16/11/2008 01:00,0,0,0,0,0,0,0
16/11/2008 02:00,0,0,0,0,0,0,0
16/11/2008 03:00,0,0,0,0,0,0,0
16/11/2008 04:00,0,0,0,0,0,0,0
16/11/2008 05:00,0,0,0,0,0,0,0
16/11/2008 06:00,0,0,0,0,0,0,0
16/11/2008 07:00,0.06821,0.06513,0.00649,0.01313,0.04679,0.07116,0.10147
16/11/2008 08:00,0.20431,0.23418,0.04044,0.05193,0.17055,0.22115,0.3471
16/11/2008 09:00,0.33134,0.30468,0.02729,0.0499,0.23797,0.31703,0.52971
16/11/2008 10:00,0.36466,0.34473,0.04048,0.05881,0.26574,0.32521,0.62649
16/11/2008 11:00,0.37281,0.37355,0.03978,0.04575,0.25655,0.32183,0.64884
16/11/2008 12:00,0.35707,0.35255,0.03841,0.04399,0.23444,0.30302,0.60516
16/11/2008 13:00,0.30152,0.27748,0.02642,0.03462,0.17788,0.26577,0.49648
16/11/2008 14:00,0.20091,0.17129,0.01026,0.01118,0.09656,0.14462,0.29884
16/11/2008 15:00,0.06692,0.05797,0.00207,0.00083,0.01157,0.03303,0.05066
16/11/2008 16:00,0,0,0,0,0,0,0
16/11/2008 17:00,0,0,0,0,0,0,0
16/11/2008 18:00,0,0,0,0,0,0,0
16/11/2008 19:00,0,0,0,0,0,0,0
16/11/2008 20:00,0,0,0,0,0,0,0
16/11/2008 21:00,0,0,0,0,0,0,0
16/11/2008 22:00,0,0,0,0,0,0,0
16/11/2008 23:00,0,0,0,0,0,0,0
17/11/2008 00:00,0,0,0,0,0,0,0
17/11/2008 01:00,0,0,0,0,0,0,0
17/11/2008 02:00,0,0,0,0,0,0,0
17/11/2008 03:00,0,0,0,0,0,0,0
17/11/2008 04:00,0,0,0,0,0,0,0
17/11/2008 05:00,0,0,0,0,0,0,0
17/11/2008 06:00,0,0,0,0,0,0,0
17/11/2008 07:00,0.05455,0.02452,0.00929,0.00803,0.02967,0.01239,0.1177
17/11/2008 08:00,0.09733,0.05632,0.03126,0.06283,0.08861,0.04769,0.30424
17/11/2008 09:00,0.12668,0.07167,0.03371,0.05994,0.12167,0.0478,0.52643
17/11/2008 10:00,0.17469,0.09788,0.0437,0.13973,0.1733,0.05927,0.64459
17/11/2008 11:00,0.20379,0.10919,0.06495,0.14516,0.16652,0.04802,0.67595
17/11/2008 12:00,0.22013,0.111,0.06621,0.21081,0.1777,0.04125,0.63279
17/11/2008 13:00,0.19453,0.10554,0.10053,0.21481,0.14556,0.04012,0.52247
17/11/2008 14:00,0.12173,0.06334,0.05452,0.0931,0.08494,0.02792,0.33949
17/11/2008 15:00,0.04807,0.04427,0.02132,0.02631,0.02058,0.01653,0.08302
17/11/2008 16:00,0,0,0,0,0,0,0
17/11/2008 17:00,0,0,0,0,0,0,0
17/11/2008 18:00,0,0,0,0,0,0,0
17/11/2008 19:00,0,0,0,0,0,0,0
17/11/2008 20:00,0,0,0,0,0,0,0
17/11/2008 21:00,0,0,0,0,0,0,0
17/11/2008 22:00,0,0,0,0,0,0,0
17/11/2008 23:00,0,0,0,0,0,0,0
18/11/2008 00:00,0,0,0,0,0,0,0
18/11/2008 01:00,0,0,0,0,0,0,0
18/11/2008 02:00,0,0,0,0,0,0,0
18/11/2008 03:00,0,0,0,0,0,0,0
18/11/2008 04:00,0,0,0,0,0,0,0
18/11/2008 05:00,0,0,0,0,0,0,0
18/11/2008 06:00,0,0,0,0,0,0,0
18/11/2008 07:00,0.0185,0.02558,0.0224,0.01266,0.00948,0.03378,0.00136
18/11/2008 08:00,0.02623,0.0248,0.08615,0.05717,0.05225,0.10383,0.04116
18/11/2008 09:00,0.07534,0.04005,0.10231,0.12709,0.08301,0.08915,0.03248
18/11/2008 10:00,0.09035,0.05195,0.05894,0.10256,0.09979,0.08591,0.06928
18/11/2008 11:00,0.07612,0.07021,0.0965,0.08524,0.10005,0.09657,0.12006
18/11/2008 12:00,0.01879,0.01786,0.01685,0.01682,0.01765,0.01758,0.01857
18/11/2008 13:00,0.05611,0.05121,0.07675,0.05934,0.09042,0.07274,0.07726
18/11/2008 14:00,0.0475,0.04233,0.05595,0.02488,0.06371,0.07157,0.12023
18/11/2008 15:00,0.02644,0.01658,0.03536,0.00461,0.02849,0.03874,0.03768
18/11/2008 16:00,0,0,0,0,0,0,0
18/11/2008 17:00,0,0,0,0,0,0,0
18/11/2008 18:00,0,0,0,0,0,0,0
18/11/2008 19:00,0,0,0,0,0,0,0
18/11/2008 20:00,0,0,0,0,0,0,0
18/11/2008 21:00,0,0,0,0,0,0,0
18/11/2008 22:00,0,0,0,0,0,0,0
18/11/2008 23:00,0,0,0,0,0,0,0
19/11/2008 00:00,0,0,0,0,0,0,0
19/11/2008 01:00,0,0,0,0,0,0,0
19/11/2008 02:00,0,0,0,0,0,0,0
19/11/2008 03:00,0,0,0,0,0,0,0
19/11/2008 04:00,0,0,0,0,0,0,0
19/11/2008 05:00,0,0,0,0,0,0,0
19/11/2008 06:00,0,0,0,0,0,0,0
19/11/2008 07:00,0.02599,0.02031,0.05457,0.04097,0.02249,0.0278,0.07538
19/11/2008 08:00,0.10006,0.13887,0.15924,0.14748,0.12288,0.16756,0.29815
19/11/2008 09:00,0.19585,0.21693,0.13218,0.1888,0.17899,0.27743,0.49848
19/11/2008 10:00,0.28867,0.24961,0.27153,0.39528,0.27835,0.26961,0.61358
19/11/2008 11:00,0.31137,0.2847,0.37743,0.54137,0.36318,0.38839,0.66254
19/11/2008 12:00,0.30618,0.25995,0.28111,0.43359,0.34464,0.45279,0.60856
19/11/2008 13:00,0.24929,0.20585,0.1862,0.21944,0.27053,0.33478,0.5031
19/11/2008 14:00,0.15742,0.1281,0.05394,0.06685,0.09363,0.12986,0.33215
19/11/2008 15:00,0.05775,0.03946,0.01113,0.00771,0.01885,0.03968,0.07798
19/11/2008 16:00,0,0,0,0,0,0,0
19/11/2008 17:00,0,0,0,0,0,0,0
19/11/2008 18:00,0,0,0,0,0,0,0
19/11/2008 19:00,0,0,0,0,0,0,0
19/11/2008 20:00,0,0,0,0,0,0,0
19/11/2008 21:00,0,0,0,0,0,0,0
19/11/2008 22:00,0,0,0,0,0,0,0
19/11/2008 23:00,0,0,0,0,0,0,0
20/11/2008 00:00,0,0,0,0,0,0,0
20/11/2008 01:00,0,0,0,0,0,0,0
20/11/2008 02:00,0,0,0,0,0,0,0
20/11/2008 03:00,0,0,0,0,0,0,0
20/11/2008 04:00,0,0,0,0,0,0,0
20/11/2008 05:00,0,0,0,0,0,0,0
20/11/2008 06:00,0,0,0,0,0,0,0
20/11/2008 07:00,0.05924,0.05251,0.00132,0.00174,0.03594,0.04414,0.05582
20/11/2008 08:00,0.214,0.127,0.03072,0.05998,0.16068,0.19293,0.2042
20/11/2008 09:00,0.33216,0.20712,0.02613,0.08385,0.32128,0.42766,0.32061
20/11/2008 10:00,0.49158,0.24517,0.09393,0.18285,0.34505,0.24758,0.41929
20/11/2008 11:00,0.42184,0.20215,0.08588,0.1133,0.34087,0.51554,0.31636
20/11/2008 12:00,0.44653,0.36157,0.20226,0.33782,0.42727,0.51394,0.23366
20/11/2008 13:00,0.46478,0.30434,0.12671,0.24094,0.41714,0.52832,0.1964
20/11/2008 14:00,0.30077,0.18664,0.16032,0.13483,0.2564,0.23012,0.2255
20/11/2008 15:00,0.11729,0.0814,0.01151,0.01207,0.05365,0.06872,0.09884
20/11/2008 16:00,0,0,0,0,0,0,0
20/11/2008 17:00,0,0,0,0,0,0,0
20/11/2008 18:00,0,0,0,0,0,0,0
20/11/2008 19:00,0,0,0,0,0,0,0
20/11/2008 20:00,0,0,0,0,0,0,0
20/11/2008 21:00,0,0,0,0,0,0,0
20/11/2008 22:00,0,0,0,0,0,0,0
20/11/2008 23:00,0,0,0,0,0,0,0
21/11/2008 00:00,0,0,0,0,0,0,0
21/11/2008 01:00,0,0,0,0,0,0,0
21/11/2008 02:00,0,0,0,0,0,0,0
21/11/2008 03:00,0,0,0,0,0,0,0
21/11/2008 04:00,0,0,0,0,0,0,0
21/11/2008 05:00,0,0,0,0,0,0,0
21/11/2008 06:00,0,0,0,0,0,0,0
21/11/2008 07:00,0.00129,0.00017,0.00079,0.00092,0.00377,0.00073,0.02097
21/11/2008 08:00,0.00985,0.01407,0.01481,0.01265,0.02488,0.0112,0.08891
21/11/2008 09:00,0.02062,0.02454,0.0167,0.02271,0.04168,0.01909,0.24093
21/11/2008 10:00,0.02513,0.03374,0.02332,0.02388,0.04901,0.02276,0.15385
21/11/2008 11:00,0.02826,0.0374,0.02018,0.03257,0.04419,0.02411,0.15568
21/11/2008 12:00,0.02487,0.0308,0.02605,0.02368,0.04689,0.02518,0.09357
21/11/2008 13:00,0.02183,0.02853,0.02858,0.0241,0.03524,0.02816,0.06122
21/11/2008 14:00,0.02052,0.01837,0.0105,0.01332,0.02385,0.01494,0.0518
21/11/2008 15:00,0.01314,0.00731,0.01357,0.00247,0.00588,0.0071,0.00964
21/11/2008 16:00,0,0,0,0,0,0,0
21/11/2008 17:00,0,0,0,0,0,0,0
21/11/2008 18:00,0,0,0,0,0,0,0
21/11/2008 19:00,0,0,0,0,0,0,0
21/11/2008 20:00,0,0,0,0,0,0,0
21/11/2008 21:00,0,0,0,0,0,0,0
21/11/2008 22:00,0,0,0,0,0,0,0
21/11/2008 23:00,0,0,0,0,0,0,0
22/11/2008 00:00,0,0,0,0,0,0,0
22/11/2008 01:00,0,0,0,0,0,0,0
22/11/2008 02:00,0,0,0,0,0,0,0
22/11/2008 03:00,0,0,0,0,0,0,0
22/11/2008 04:00,0,0,0,0,0,0,0
22/11/2008 05:00,0,0,0,0,0,0,0
22/11/2008 06:00,0,0,0,0,0,0,0
22/11/2008 07:00,0.01478,0.00968,0.00544,0.02448,0.0115,0.01754,0.00426
22/11/2008 08:00,0.04376,0.05049,0.02789,0.07949,0.03339,0.02968,0.04523
22/11/2008 09:00,0.06015,0.03809,0.06366,0.16305,0.04829,0.03072,0.05549
22/11/2008 10:00,0.0734,0.04041,0.08643,0.15119,0.04876,0.04426,0.11751
22/11/2008 11:00,0.07659,0.04834,0.04162,0.18667,0.04718,0.03242,0.09845
22/11/2008 12:00,0.06479,0.04668,0.0612,0.06541,0.03175,0.03849,0.09692
22/11/2008 13:00,0.05708,0.03838,0.05477,0.06941,0.02861,0.02416,0.07813
22/11/2008 14:00,0.0335,0.02558,0.03097,0.05164,0.01802,0.01248,0.05772
22/11/2008 15:00,0.01213,0.01121,0.01075,0.01087,0.00386,0.00217,0.01708
22/11/2008 16:00,0,0,0,0,0,0,0
22/11/2008 17:00,0,0,0,0,0,0,0
22/11/2008 18:00,0,0,0,0,0,0,0
22/11/2008 19:00,0,0,0,0,0,0,0
22/11/2008 20:00,0,0,0,0,0,0,0
22/11/2008 21:00,0,0,0,0,0,0,0
22/11/2008 22:00,0,0,0,0,0,0,0
22/11/2008 23:00,0,0,0,0,0,0,0
23/11/2008 00:00,0,0,0,0,0,0,0
23/11/2008 01:00,0,0,0,0,0,0,0
23/11/2008 02:00,0,0,0,0,0,0,0
23/11/2008 03:00,0,0,0,0,0,0,0
23/11/2008 04:00,0,0,0,0,0,0,0
23/11/2008 05:00,0,0,0,0,0,0,0
23/11/2008 06:00,0,0,0,0,0,0,0
23/11/2008 07:00,0.01619,0.00528,0.00284,0.01712,0.01768,0.00825,0.05079
23/11/2008 08:00,0.07387,0.06008,0.09453,0.10276,0.04961,0.04756,0.18014
23/11/2008 09:00,0.11502,0.07998,0.1275,0.07257,0.05823,0.04823,0.28079
23/11/2008 10:00,0.14498,0.10604,0.15091,0.16554,0.05597,0.06464,0.33014
23/11/2008 11:00,0.16743,0.1158,0.17424,0.24234,0.06288,0.08272,0.34075
23/11/2008 12:00,0.18794,0.12028,0.15084,0.26586,0.05837,0.07938,0.33154
23/11/2008 13:00,0.12854,0.08972,0.10473,0.17903,0.05605,0.08766,0.29687
23/11/2008 14:00,0.0858,0.05229,0.05715,0.08128,0.03696,0.05307,0.20372
23/11/2008 15:00,0.01749,0.01555,0.01153,0.01863,0.01786,0.0141,0.03517
23/11/2008 16:00,0,0,0,0,0,0,0
23/11/2008 17:00,0,0,0,0,0,0,0
23/11/2008 18:00,0,0,0,0,0,0,0
23/11/2008 19:00,0,0,0,0,0,0,0
23/11/2008 20:00,0,0,0,0,0,0,0
23/11/2008 21:00,0,0,0,0,0,0,0
23/11/2008 22:00,0,0,0,0,0,0,0
23/11/2008 23:00,0,0,0,0,0,0,0
24/11/2008 00:00,0,0,0,0,0,0,0
24/11/2008 01:00,0,0,0,0,0,0,0
24/11/2008 02:00,0,0,0,0,0,0,0
24/11/2008 03:00,0,0,0,0,0,0,0
24/11/2008 04:00,0,0,0,0,0,0,0
24/11/2008 05:00,0,0,0,0,0,0,0
24/11/2008 06:00,0,0,0,0,0,0,0
24/11/2008 07:00,0.01696,0.0041,0.00338,0.01736,0.033,0.01925,0.02107
24/11/2008 08:00,0.02365,0.0522,0.05472,0.0347,0.08449,0.03791,0.10464
24/11/2008 09:00,0.04584,0.06784,0.07907,0.06137,0.09745,0.04871,0.03595
24/11/2008 10:00,0.09336,0.07364,0.08259,0.09252,0.09763,0.07414,0.05098
24/11/2008 11:00,0.08957,0.09962,0.06212,0.06265,0.07863,0.06916,0.09996
24/11/2008 12:00,0.08158,0.09032,0.07028,0.05146,0.06371,0.05118,0.10897
24/11/2008 13:00,0.05669,0.0696,0.10821,0.05093,0.07288,0.03889,0.20891
24/11/2008 14:00,0.05636,0.05123,0.08187,0.04687,0.06696,0.04049,0.12326
24/11/2008 15:00,0.01992,0.02431,0.01544,0.01355,0.02174,0.0165,0.02738
24/11/2008 16:00,0,0,0,0,0,0,0
24/11/2008 17:00,0,0,0,0,0,0,0
24/11/2008 18:00,0,0,0,0,0,0,0
24/11/2008 19:00,0,0,0,0,0,0,0
24/11/2008 20:00,0,0,0,0,0,0,0
24/11/2008 21:00,0,0,0,0,0,0,0
24/11/2008 22:00,0,0,0,0,0,0,0
24/11/2008 23:00,0,0,0,0,0,0,0
25/11/2008 00:00,0,0,0,0,0,0,0
25/11/2008 01:00,0,0,0,0,0,0,0
25/11/2008 02:00,0,0,0,0,0,0,0
25/11/2008 03:00,0,0,0,0,0,0,0
25/11/2008 04:00,0,0,0,0,0,0,0
25/11/2008 05:00,0,0,0,0,0,0,0
25/11/2008 06:00,0,0,0,0,0,0,0
25/11/2008 07:00,0.01525,0.00372,0.00363,0.0059,0.00812,0.00333,0.04589
25/11/2008 08:00,0.09025,0.09023,0.06943,0.0845,0.06155,0.04864,0.19706
25/11/2008 09:00,0.12353,0.11889,0.07679,0.08072,0.06109,0.04039,0.27806
25/11/2008 10:00,0.14447,0.15279,0.09621,0.12358,0.0694,0.03346,0.32998
25/11/2008 11:00,0.1571,0.15561,0.09116,0.13406,0.06479,0.03732,0.35745
25/11/2008 12:00,0.11982,0.14976,0.09238,0.11547,0.0628,0.03437,0.34957
25/11/2008 13:00,0.11192,0.13707,0.10792,0.08547,0.0674,0.03153,0.29586
25/11/2008 14:00,0.09486,0.10221,0.08505,0.04908,0.03684,0.01604,0.20172
25/11/2008 15:00,0.03669,0.02957,0.02631,0.01358,0.00623,0.00369,0.04787
25/11/2008 16:00,0,0,0,0,0,0,0
25/11/2008 17:00,0,0,0,0,0,0,0
25/11/2008 18:00,0,0,0,0,0,0,0
25/11/2008 19:00,0,0,0,0,0,0,0
25/11/2008 20:00,0,0,0,0,0,0,0
25/11/2008 21:00,0,0,0,0,0,0,0
25/11/2008 22:00,0,0,0,0,0,0,0
25/11/2008 23:00,0,0,0,0,0,0,0
26/11/2008 00:00,0,0,0,0,0,0,0
26/11/2008 01:00,0,0,0,0,0,0,0
26/11/2008 02:00,0,0,0,0,0,0,0
26/11/2008 03:00,0,0,0,0,0,0,0
26/11/2008 04:00,0,0,0,0,0,0,0
26/11/2008 05:00,0,0,0,0,0,0,0
26/11/2008 06:00,0,0,0,0,0,0,0
26/11/2008 07:00,0.00623,0.00315,0.00393,0.00452,0.0094,0.00389,0.03455
26/11/2008 08:00,0.11315,0.11295,0.13492,0.10373,0.06513,0.05591,0.22454
26/11/2008 09:00,0.16538,0.16993,0.21821,0.19755,0.09134,0.06694,0.36364
26/11/2008 10:00,0.17934,0.19387,0.31739,0.27346,0.10289,0.08936,0.42512
26/11/2008 11:00,0.18562,0.2196,0.42467,0.30278,0.10153,0.11477,0.43629
26/11/2008 12:00,0.17222,0.2214,0.40511,0.28811,0.09468,0.10898,0.41136
26/11/2008 13:00,0.15628,0.19395,0.34722,0.24735,0.08959,0.08501,0.34852
26/11/2008 14:00,0.11836,0.1417,0.23855,0.16111,0.06752,0.05063,0.23458
26/11/2008 15:00,0.05117,0.0396,0.03938,0.01507,0.01156,0.0146,0.04538
26/11/2008 16:00,0,0,0,0,0,0,0
26/11/2008 17:00,0,0,0,0,0,0,0
26/11/2008 18:00,0,0,0,0,0,0,0
26/11/2008 19:00,0,0,0,0,0,0,0
26/11/2008 20:00,0,0,0,0,0,0,0
26/11/2008 21:00,0,0,0,0,0,0,0
26/11/2008 22:00,0,0,0,0,0,0,0
26/11/2008 23:00,0,0,0,0,0,0,0
27/11/2008 00:00,0,0,0,0,0,0,0
27/11/2008 01:00,0,0,0,0,0,0,0
27/11/2008 02:00,0,0,0,0,0,0,0
27/11/2008 03:00,0,0,0,0,0,0,0
27/11/2008 04:00,0,0,0,0,0,0,0
27/11/2008 05:00,0,0,0,0,0,0,0
27/11/2008 06:00,0,0,0,0,0,0,0
27/11/2008 07:00,0.00618,0.00276,0.00197,0.00149,0.01345,0.00538,0.0318
27/11/2008 08:00,0.08014,0.09549,0.11344,0.0471,0.06737,0.09419,0.23815
27/11/2008 09:00,0.14681,0.13989,0.1734,0.05699,0.09663,0.12404,0.38225
27/11/2008 10:00,0.16269,0.16546,0.25441,0.09354,0.10675,0.14691,0.45178
27/11/2008 11:00,0.18337,0.19135,0.29006,0.22648,0.10515,0.15102,0.45587
27/11/2008 12:00,0.19253,0.21894,0.32126,0.26909,0.10013,0.15187,0.43089
27/11/2008 13:00,0.18539,0.21101,0.37426,0.25388,0.09543,0.13927,0.36627
27/11/2008 14:00,0.14193,0.15931,0.25444,0.17556,0.07324,0.1021,0.23971
27/11/2008 15:00,0.05669,0.04131,0.03551,0.01268,0.01083,0.02288,0.04268
27/11/2008 16:00,0,0,0,0,0,0,0
27/11/2008 17:00,0,0,0,0,0,0,0
27/11/2008 18:00,0,0,0,0,0,0,0
27/11/2008 19:00,0,0,0,0,0,0,0
27/11/2008 20:00,0,0,0,0,0,0,0
27/11/2008 21:00,0,0,0,0,0,0,0
27/11/2008 22:00,0,0,0,0,0,0,0
27/11/2008 23:00,0,0,0,0,0,0,0
28/11/2008 00:00,0,0,0,0,0,0,0
28/11/2008 01:00,0,0,0,0,0,0,0
28/11/2008 02:00,0,0,0,0,0,0,0
28/11/2008 03:00,0,0,0,0,0,0,0
28/11/2008 04:00,0,0,0,0,0,0,0
28/11/2008 05:00,0,0,0,0,0,0,0
28/11/2008 06:00,0,0,0,0,0,0,0
28/11/2008 07:00,0.00272,0.00286,0.00251,0.00355,0.00277,0.00149,0.00258
28/11/2008 08:00,0.03977,0.03429,0.07213,0.04744,0.04087,0.02839,0.06062
28/11/2008 09:00,0.10177,0.06139,0.04756,0.03357,0.10183,0.07625,0.06472
28/11/2008 10:00,0.11957,0.094,0.04874,0.06115,0.12389,0.15357,0.05921
28/11/2008 11:00,0.18064,0.1417,0.05651,0.10725,0.05903,0.18621,0.02935
28/11/2008 12:00,0.15071,0.09802,0.05643,0.09496,0.06496,0.10458,0.08366
28/11/2008 13:00,0.10813,0.06089,0.09974,0.04936,0.09152,0.13834,0.03514
28/11/2008 14:00,0.08178,0.03521,0.03857,0.08806,0.0691,0.04789,0.03763
28/11/2008 15:00,0.07614,0.01209,0.00791,0.00509,0.01171,0.00717,0.00235
28/11/2008 16:00,0,0,0,0,0,0,0
28/11/2008 17:00,0,0,0,0,0,0,0
28/11/2008 18:00,0,0,0,0,0,0,0
28/11/2008 19:00,0,0,0,0,0,0,0
28/11/2008 20:00,0,0,0,0,0,0,0
28/11/2008 21:00,0,0,0,0,0,0,0
28/11/2008 22:00,0,0,0,0,0,0,0
28/11/2008 23:00,0,0,0,0,0,0,0
29/11/2008 00:00,0,0,0,0,0,0,0
29/11/2008 01:00,0,0,0,0,0,0,0
29/11/2008 02:00,0,0,0,0,0,0,0
29/11/2008 03:00,0,0,0,0,0,0,0
29/11/2008 04:00,0,0,0,0,0,0,0
29/11/2008 05:00,0,0,0,0,0,0,0
29/11/2008 06:00,0,0,0,0,0,0,0
29/11/2008 07:00,0.0062,0.00435,0.00324,0.00196,0.00612,0.00273,0.00913
29/11/2008 08:00,0.11949,0.12634,0.22848,0.18159,0.08303,0.12487,0.03344
29/11/2008 09:00,0.17367,0.13514,0.23705,0.18619,0.09677,0.19931,0.05467
29/11/2008 10:00,0.18269,0.17045,0.21664,0.32923,0.11231,0.18805,0.04002
29/11/2008 11:00,0.20232,0.24542,0.24325,0.31016,0.10814,0.09672,0.02325
29/11/2008 12:00,0.29683,0.26957,0.44273,0.2527,0.05976,0.19171,0.02447
29/11/2008 13:00,0.19746,0.30531,0.40999,0.30964,0.09242,0.18998,0.07348
29/11/2008 14:00,0.16893,0.07158,0.34426,0.28746,0.11934,0.10599,0.03162
29/11/2008 15:00,0.03907,0.05066,0.02115,0.00356,0.0335,0.03687,0.01149
29/11/2008 16:00,0,0,0,0,0,0,0
29/11/2008 17:00,0,0,0,0,0,0,0
29/11/2008 18:00,0,0,0,0,0,0,0
29/11/2008 19:00,0,0,0,0,0,0,0
29/11/2008 20:00,0,0,0,0,0,0,0
29/11/2008 21:00,0,0,0,0,0,0,0
29/11/2008 22:00,0,0,0,0,0,0,0
29/11/2008 23:00,0,0,0,0,0,0,0
30/11/2008 00:00,0,0,0,0,0,0,0
30/11/2008 01:00,0,0,0,0,0,0,0
30/11/2008 02:00,0,0,0,0,0,0,0
30/11/2008 03:00,0,0,0,0,0,0,0
30/11/2008 04:00,0,0,0,0,0,0,0
30/11/2008 05:00,0,0,0,0,0,0,0
30/11/2008 06:00,0,0,0,0,0,0,0
30/11/2008 07:00,0.00435,0.00484,0.00426,0.00249,0.01209,0.00215,0.00551
30/11/2008 08:00,0.15114,0.07095,0.15074,0.08149,0.15221,0.08838,0.13327
30/11/2008 09:00,0.30511,0.20018,0.20919,0.28684,0.19234,0.2143,0.07593
30/11/2008 10:00,0.21539,0.33838,0.42121,0.38752,0.18095,0.25601,0.10008
30/11/2008 11:00,0.22449,0.26159,0.57386,0.45393,0.1328,0.26002,0.06513
30/11/2008 12:00,0.27585,0.23227,0.34548,0.16841,0.11287,0.17333,0.0283
30/11/2008 13:00,0.23309,0.27848,0.37423,0.28567,0.14116,0.26292,0.05958
30/11/2008 14:00,0.16439,0.19413,0.25343,0.12548,0.07079,0.08686,0.0097
30/11/2008 15:00,0.07391,0.06549,0.04238,0.0128,0.00423,0.02732,0.00106
30/11/2008 16:00,0,0,0,0,0,0,0
30/11/2008 17:00,0,0,0,0,0,0,0
30/11/2008 18:00,0,0,0,0,0,0,0
30/11/2008 19:00,0,0,0,0,0,0,0
30/11/2008 20:00,0,0,0,0,0,0,0
30/11/2008 21:00,0,0,0,0,0,0,0
30/11/2008 22:00,0,0,0,0,0,0,0
30/11/2008 23:00,0,0,0,0,0,0,0
01/12/2008 00:00,0,0,0,0,0,0,0
01/12/2008 01:00,0,0,0,0,0,0,0
01/12/2008 02:00,0,0,0,0,0,0,0
01/12/2008 03:00,0,0,0,0,0,0,0
01/12/2008 04:00,0,0,0,0,0,0,0
01/12/2008 05:00,0,0,0,0,0,0,0
01/12/2008 06:00,0,0,0,0,0,0,0
01/12/2008 07:00,0.00558,0.00688,0.00582,0.00325,0.00214,0.00281,0.00158
01/12/2008 08:00,0.02995,0.03,0.03287,0.02237,0.0212,0.01923,0.01186
01/12/2008 09:00,0.06595,0.07415,0.04912,0.04053,0.04222,0.03404,0.04124
01/12/2008 10:00,0.12311,0.11501,0.06198,0.04083,0.06898,0.05859,0.05988
01/12/2008 11:00,0.17931,0.10848,0.06818,0.04501,0.10476,0.0779,0.07731
01/12/2008 12:00,0.11447,0.09956,0.08371,0.05723,0.12157,0.13331,0.0572
01/12/2008 13:00,0.10659,0.06935,0.05643,0.04717,0.14268,0.12759,0.07543
01/12/2008 14:00,0.06777,0.04465,0.03479,0.06095,0.11809,0.07816,0.04973
01/12/2008 15:00,0.01396,0.00667,0.00671,0.01975,0.02298,0.01001,0.04066
01/12/2008 16:00,0,0,0,0,0,0,0
01/12/2008 17:00,0,0,0,0,0,0,0
01/12/2008 18:00,0,0,0,0,0,0,0
01/12/2008 19:00,0,0,0,0,0,0,0
01/12/2008 20:00,0,0,0,0,0,0,0
01/12/2008 21:00,0,0,0,0,0,0,0
01/12/2008 22:00,0,0,0,0,0,0,0
01/12/2008 23:00,0,0,0,0,0,0,0
02/12/2008 00:00,0,0,0,0,0,0,0
02/12/2008 01:00,0,0,0,0,0,0,0
02/12/2008 02:00,0,0,0,0,0,0,0
02/12/2008 03:00,0,0,0,0,0,0,0
02/12/2008 04:00,0,0,0,0,0,0,0
02/12/2008 05:00,0,0,0,0,0,0,0
02/12/2008 06:00,0,0,0,0,0,0,0
02/12/2008 07:00,0.00849,0.01035,0.00813,0.00424,0.00728,0.00366,0.0018
02/12/2008 08:00,0.06029,0.06246,0.07025,0.02931,0.0605,0.05172,0.07509
02/12/2008 09:00,0.09913,0.08095,0.10849,0.05602,0.07724,0.07656,0.09352
02/12/2008 10:00,0.13193,0.15216,0.1368,0.08149,0.11706,0.11395,0.13092
02/12/2008 11:00,0.14077,0.13324,0.07026,0.06109,0.08553,0.08298,0.16605
02/12/2008 12:00,0.13562,0.17123,0.10164,0.06411,0.08367,0.08882,0.21169
02/12/2008 13:00,0.11444,0.17307,0.12677,0.08349,0.07685,0.06918,0.25424
02/12/2008 14:00,0.11895,0.14215,0.11332,0.09508,0.0704,0.07316,0.18382
02/12/2008 15:00,0.06018,0.05602,0.04794,0.01739,0.02205,0.02069,0.06393
02/12/2008 16:00,0,0,0,0,0,0,0
02/12/2008 17:00,0,0,0,0,0,0,0
02/12/2008 18:00,0,0,0,0,0,0,0
02/12/2008 19:00,0,0,0,0,0,0,0
02/12/2008 20:00,0,0,0,0,0,0,0
02/12/2008 21:00,0,0,0,0,0,0,0
02/12/2008 22:00,0,0,0,0,0,0,0
02/12/2008 23:00,0,0,0,0,0,0,0
03/12/2008 00:00,0,0,0,0,0,0,0
03/12/2008 01:00,0,0,0,0,0,0,0
03/12/2008 02:00,0,0,0,0,0,0,0
03/12/2008 03:00,0,0,0,0,0,0,0
03/12/2008 04:00,0,0,0,0,0,0,0
03/12/2008 05:00,0,0,0,0,0,0,0
03/12/2008 06:00,0,0,0,0,0,0,0
03/12/2008 07:00,0.01587,0.01892,0.01214,0.00565,0.00307,0.00486,0.00215
03/12/2008 08:00,0.11929,0.16585,0.15821,0.23546,0.08178,0.14458,0.10241
03/12/2008 09:00,0.24689,0.23616,0.17309,0.41994,0.12773,0.25458,0.16766
03/12/2008 10:00,0.26533,0.344,0.30479,0.3632,0.16109,0.27621,0.30903
03/12/2008 11:00,0.31646,0.37875,0.33962,0.43674,0.16285,0.30905,0.37348
03/12/2008 12:00,0.37413,0.4059,0.20962,0.28975,0.19124,0.35639,0.36205
03/12/2008 13:00,0.26054,0.25796,0.07202,0.10904,0.17363,0.17446,0.32632
03/12/2008 14:00,0.11689,0.19711,0.05414,0.09382,0.122,0.19677,0.3077
03/12/2008 15:00,0.03282,0.04315,0.08368,0.04508,0.05576,0.06112,0.06915
03/12/2008 16:00,0,0,0,0,0,0,0
03/12/2008 17:00,0,0,0,0,0,0,0
03/12/2008 18:00,0,0,0,0,0,0,0
03/12/2008 19:00,0,0,0,0,0,0,0
03/12/2008 20:00,0,0,0,0,0,0,0
03/12/2008 21:00,0,0,0,0,0,0,0
03/12/2008 22:00,0,0,0,0,0,0,0
03/12/2008 23:00,0,0,0,0,0,0,0
04/12/2008 00:00,0,0,0,0,0,0,0
04/12/2008 01:00,0,0,0,0,0,0,0
04/12/2008 02:00,0,0,0,0,0,0,0
04/12/2008 03:00,0,0,0,0,0,0,0
04/12/2008 04:00,0,0,0,0,0,0,0
04/12/2008 05:00,0,0,0,0,0,0,0
04/12/2008 06:00,0,0,0,0,0,0,0
04/12/2008 07:00,0.06342,0.05641,0.02,0.00744,0.00376,0.00634,0.00249
04/12/2008 08:00,0.03718,0.05167,0.07663,0.08048,0.0504,0.06531,0.102
04/12/2008 09:00,0.11071,0.1345,0.12983,0.12345,0.07328,0.10244,0.14883
04/12/2008 10:00,0.15403,0.15459,0.05509,0.07594,0.10117,0.09853,0.26557
04/12/2008 11:00,0.1865,0.09884,0.05028,0.06541,0.18516,0.14915,0.37022
04/12/2008 12:00,0.14294,0.08855,0.03755,0.05217,0.18986,0.07554,0.17488
04/12/2008 13:00,0.18412,0.1688,0.05828,0.05702,0.1184,0.0713,0.12481
04/12/2008 14:00,0.14273,0.13307,0.08592,0.02396,0.05551,0.08394,0.0391
04/12/2008 15:00,0.07406,0.04828,0.0529,0.02152,0.02272,0.0456,0.03101
04/12/2008 16:00,0,0,0,0,0,0,0
04/12/2008 17:00,0,0,0,0,0,0,0
04/12/2008 18:00,0,0,0,0,0,0,0
04/12/2008 19:00,0,0,0,0,0,0,0
04/12/2008 20:00,0,0,0,0,0,0,0
04/12/2008 21:00,0,0,0,0,0,0,0
04/12/2008 22:00,0,0,0,0,0,0,0
04/12/2008 23:00,0,0,0,0,0,0,0
05/12/2008 00:00,0,0,0,0,0,0,0
05/12/2008 01:00,0,0,0,0,0,0,0
05/12/2008 02:00,0,0,0,0,0,0,0
05/12/2008 03:00,0,0,0,0,0,0,0
05/12/2008 04:00,0,0,0,0,0,0,0
05/12/2008 05:00,0,0,0,0,0,0,0
05/12/2008 06:00,0,0,0,0,0,0,0
05/12/2008 07:00,0.03194,0.0442,0.05364,0.01019,0.00498,0.00864,0.00308
05/12/2008 08:00,0.01709,0.0317,0.11359,0.19816,0.1636,0.04731,0.13302
05/12/2008 09:00,0.02588,0.03384,0.06089,0.0865,0.18633,0.03858,0.07043
05/12/2008 10:00,0.1008,0.05434,0.05744,0.03433,0.13243,0.02545,0.03936
05/12/2008 11:00,0.06548,0.11585,0.06497,0.03915,0.13187,0.02358,0.18548
05/12/2008 12:00,0.08525,0.14483,0.14762,0.04813,0.15287,0.02973,0.04809
05/12/2008 13:00,0.11556,0.17986,0.11466,0.11336,0.07604,0.1885,0.13646
05/12/2008 14:00,0.08939,0.14943,0.14405,0.17221,0.05154,0.18454,0.13704
05/12/2008 15:00,0.04024,0.03118,0.04613,0.071,0.03274,0.09481,0.05161
05/12/2008 16:00,0,0,0,0,0,0,0
05/12/2008 17:00,0,0,0,0,0,0,0
05/12/2008 18:00,0,0,0,0,0,0,0
05/12/2008 19:00,0,0,0,0,0,0,0
05/12/2008 20:00,0,0,0,0,0,0,0
05/12/2008 21:00,0,0,0,0,0,0,0
05/12/2008 22:00,0,0,0,0,0,0,0
05/12/2008 23:00,0,0,0,0,0,0,0
06/12/2008 00:00,0,0,0,0,0,0,0
06/12/2008 01:00,0,0,0,0,0,0,0
06/12/2008 02:00,0,0,0,0,0,0,0
06/12/2008 03:00,0,0,0,0,0,0,0
06/12/2008 04:00,0,0,0,0,0,0,0
06/12/2008 05:00,0,0,0,0,0,0,0
06/12/2008 06:00,0,0,0,0,0,0,0
06/12/2008 07:00,0.01802,0.07476,0.09313,0.01482,0.00498,0.01257,0.00384
06/12/2008 08:00,0.02763,0.03762,0.02071,0.019,0.0445,0.04472,0.11331
06/12/2008 09:00,0.03649,0.03519,0.04628,0.04158,0.10836,0.08247,0.23968
06/12/2008 10:00,0.04599,0.0638,0.03528,0.07351,0.23233,0.04921,0.35401
06/12/2008 11:00,0.09891,0.07788,0.05432,0.03561,0.28371,0.0564,0.42151
06/12/2008 12:00,0.12414,0.08915,0.11154,0.05716,0.18634,0.06714,0.37479
06/12/2008 13:00,0.11362,0.08332,0.09114,0.08929,0.13073,0.06252,0.34338
06/12/2008 14:00,0.0721,0.03811,0.03525,0.03428,0.08227,0.04884,0.19761
06/12/2008 15:00,0.02493,0.0238,0.01467,0.01125,0.00806,0.01586,0.06962
06/12/2008 16:00,0,0,0,0,0,0,0
06/12/2008 17:00,0,0,0,0,0,0,0
06/12/2008 18:00,0,0,0,0,0,0,0
06/12/2008 19:00,0,0,0,0,0,0,0
06/12/2008 20:00,0,0,0,0,0,0,0
06/12/2008 21:00,0,0,0,0,0,0,0
06/12/2008 22:00,0,0,0,0,0,0,0
06/12/2008 23:00,0,0,0,0,0,0,0
07/12/2008 00:00,0,0,0,0,0,0,0
07/12/2008 01:00,0,0,0,0,0,0,0
07/12/2008 02:00,0,0,0,0,0,0,0
07/12/2008 03:00,0,0,0,0,0,0,0
07/12/2008 04:00,0,0,0,0,0,0,0
07/12/2008 05:00,0,0,0,0,0,0,0
07/12/2008 06:00,0,0,0,0,0,0,0
07/12/2008 07:00,0.03571,0.08518,0.10466,0.0238,0.00682,0.02101,0.00488
07/12/2008 08:00,0.09597,0.09633,0.17157,0.08847,0.05384,0.05847,0.13982
07/12/2008 09:00,0.13846,0.16726,0.15371,0.08511,0.05685,0.08672,0.21072
07/12/2008 10:00,0.1999,0.24371,0.20833,0.08191,0.05456,0.09618,0.28982
07/12/2008 11:00,0.22796,0.25935,0.25106,0.1162,0.06509,0.17266,0.33318
07/12/2008 12:00,0.25491,0.30929,0.26101,0.15115,0.09582,0.22058,0.35264
07/12/2008 13:00,0.24734,0.27762,0.28557,0.14925,0.09217,0.16904,0.31482
07/12/2008 14:00,0.19624,0.21041,0.22,0.16081,0.06731,0.15301,0.20212
07/12/2008 15:00,0.10091,0.07287,0.04011,0.03049,0.01189,0.04427,0.0627
07/12/2008 16:00,0,0,0,0,0,0,0
07/12/2008 17:00,0,0,0,0,0,0,0
07/12/2008 18:00,0,0,0,0,0,0,0
07/12/2008 19:00,0,0,0,0,0,0,0
07/12/2008 20:00,0,0,0,0,0,0,0
07/12/2008 21:00,0,0,0,0,0,0,0
07/12/2008 22:00,0,0,0,0,0,0,0
07/12/2008 23:00,0,0,0,0,0,0,0
08/12/2008 00:00,0,0,0,0,0,0,0
08/12/2008 01:00,0,0,0,0,0,0,0
08/12/2008 02:00,0,0,0,0,0,0,0
08/12/2008 03:00,0,0,0,0,0,0,0
08/12/2008 04:00,0,0,0,0,0,0,0
08/12/2008 05:00,0,0,0,0,0,0,0
08/12/2008 06:00,0,0,0,0,0,0,0
08/12/2008 07:00,0.04875,0.0616,0.13228,0.04875,0.01284,0.05832,0.00628
08/12/2008 08:00,0.07038,0.11767,0.09664,0.18635,0.08325,0.09115,0.14051
08/12/2008 09:00,0.09868,0.17589,0.15198,0.25909,0.12164,0.14427,0.22271
08/12/2008 10:00,0.1289,0.24681,0.2,0.34775,0.15271,0.20762,0.30004
08/12/2008 11:00,0.14994,0.28227,0.24078,0.39835,0.1651,0.24789,0.33913
08/12/2008 12:00,0.2107,0.35602,0.35327,0.45443,0.19519,0.29483,0.3629
08/12/2008 13:00,0.24435,0.30514,0.3802,0.43133,0.19589,0.29561,0.34764
08/12/2008 14:00,0.2107,0.21303,0.31881,0.31145,0.14617,0.20887,0.21677
08/12/2008 15:00,0.10464,0.10522,0.06218,0.02393,0.01611,0.05204,0.06614
08/12/2008 16:00,0,0,0,0,0,0,0
08/12/2008 17:00,0,0,0,0,0,0,0
08/12/2008 18:00,0,0,0,0,0,0,0
08/12/2008 19:00,0,0,0,0,0,0,0
08/12/2008 20:00,0,0,0,0,0,0,0
08/12/2008 21:00,0,0,0,0,0,0,0
08/12/2008 22:00,0,0,0,0,0,0,0
08/12/2008 23:00,0,0,0,0,0,0,0
09/12/2008 00:00,0,0,0,0,0,0,0
09/12/2008 01:00,0,0,0,0,0,0,0
09/12/2008 02:00,0,0,0,0,0,0,0
09/12/2008 03:00,0,0,0,0,0,0,0
09/12/2008 04:00,0,0,0,0,0,0,0
09/12/2008 05:00,0,0,0,0,0,0,0
09/12/2008 06:00,0,0,0,0,0,0,0
09/12/2008 07:00,0.05177,0.03769,0.04158,0.16831,0.01212,0.10054,0.00807
09/12/2008 08:00,0.11698,0.11705,0.07552,0.10997,0.09031,0.09738,0.18282
09/12/2008 09:00,0.16972,0.23962,0.1274,0.12816,0.21219,0.27249,0.2629
09/12/2008 10:00,0.20145,0.33748,0.28504,0.30265,0.21812,0.32314,0.39362
09/12/2008 11:00,0.28426,0.27998,0.38534,0.44294,0.23235,0.35272,0.38768
09/12/2008 12:00,0.22517,0.27744,0.20781,0.47081,0.2285,0.45798,0.26685
09/12/2008 13:00,0.16806,0.237,0.31609,0.2393,0.20864,0.21088,0.19208
09/12/2008 14:00,0.10125,0.08926,0.1782,0.06318,0.15213,0.07929,0.11501
09/12/2008 15:00,0.02031,0.01173,0.00998,0.00993,0.01098,0.00321,0.02721
09/12/2008 16:00,0,0,0,0,0,0,0
09/12/2008 17:00,0,0,0,0,0,0,0
09/12/2008 18:00,0,0,0,0,0,0,0
09/12/2008 19:00,0,0,0,0,0,0,0
09/12/2008 20:00,0,0,0,0,0,0,0
09/12/2008 21:00,0,0,0,0,0,0,0
09/12/2008 22:00,0,0,0,0,0,0,0
09/12/2008 23:00,0,0,0,0,0,0,0
10/12/2008 00:00,0,0,0,0,0,0,0
10/12/2008 01:00,0,0,0,0,0,0,0
10/12/2008 02:00,0,0,0,0,0,0,0
10/12/2008 03:00,0,0,0,0,0,0,0
10/12/2008 04:00,0,0,0,0,0,0,0
10/12/2008 05:00,0,0,0,0,0,0,0
10/12/2008 06:00,0,0,0,0,0,0,0
10/12/2008 07:00,0.04627,0.01836,0,0.13131,0.02122,0.06503,0.01066
10/12/2008 08:00,0.05651,0.03711,0.02026,0.02607,0.05645,0.09152,0.03673
10/12/2008 09:00,0.04595,0.06166,0.04199,0.08125,0.0836,0.19812,0.04581
10/12/2008 10:00,0.04482,0.04826,0.0284,0.04776,0.13823,0.09973,0.0886
10/12/2008 11:00,0.1038,0.06629,0.03326,0.02481,0.13874,0.11166,0.0877
10/12/2008 12:00,0.06343,0.06039,0.02062,0.01899,0.18152,0.18328,0.06866
10/12/2008 13:00,0.06089,0.04853,0.01706,0.03708,0.12693,0.12098,0.06121
10/12/2008 14:00,0.03308,0.03281,0.02376,0.02851,0.08385,0.04022,0.0315
10/12/2008 15:00,0.00603,0.00403,0.00106,8.00E-04,0.0035,0.00529,0.00407
10/12/2008 16:00,0,0,0,0,0,0,0
10/12/2008 17:00,0,0,0,0,0,0,0
10/12/2008 18:00,0,0,0,0,0,0,0
10/12/2008 19:00,0,0,0,0,0,0,0
10/12/2008 20:00,0,0,0,0,0,0,0
10/12/2008 21:00,0,0,0,0,0,0,0
10/12/2008 22:00,0,0,0,0,0,0,0
10/12/2008 23:00,0,0,0,0,0,0,0
11/12/2008 00:00,0,0,0,0,0,0,0
11/12/2008 01:00,0,0,0,0,0,0,0
11/12/2008 02:00,0,0,0,0,0,0,0
11/12/2008 03:00,0,0,0,0,0,0,0
11/12/2008 04:00,0,0,0,0,0,0,0
11/12/2008 05:00,0,0,0,0,0,0,0
11/12/2008 06:00,0,0,0,0,0,0,0
11/12/2008 07:00,0.06662,0.01788,0,0.07935,0.02687,0.09907,0.01477
11/12/2008 08:00,0.04306,0.04617,0.04667,0.02698,0.03538,0.07091,0.02465
11/12/2008 09:00,0.09696,0.07891,0.04469,0.02947,0.09363,0.07472,0.05182
11/12/2008 10:00,0.13641,0.0876,0.03882,0.07163,0.07133,0.08516,0.04479
11/12/2008 11:00,0.12215,0.12754,0.04864,0.06727,0.05532,0.0653,0.02788
11/12/2008 12:00,0.1468,0.07649,0.04329,0.03969,0.06297,0.05889,0.03952
11/12/2008 13:00,0.08151,0.07053,0.02976,0.05501,0.07198,0.08546,0.0646
11/12/2008 14:00,0.0886,0.04077,0.02459,0.11685,0.08359,0.13683,0.04984
11/12/2008 15:00,0.02989,0.03204,0.00565,0.0202,0.00728,0.05429,0.04666
11/12/2008 16:00,0,0,0,0,0,0,0
11/12/2008 17:00,0,0,0,0,0,0,0
11/12/2008 18:00,0,0,0,0,0,0,0
11/12/2008 19:00,0,0,0,0,0,0,0
11/12/2008 20:00,0,0,0,0,0,0,0
11/12/2008 21:00,0,0,0,0,0,0,0
11/12/2008 22:00,0,0,0,0,0,0,0
11/12/2008 23:00,0,0,0,0,0,0,0
12/12/2008 00:00,0,0,0,0,0,0,0
12/12/2008 01:00,0,0,0,0,0,0,0
12/12/2008 02:00,0,0,0,0,0,0,0
12/12/2008 03:00,0,0,0,0,0,0,0
12/12/2008 04:00,0,0,0,0,0,0,0
12/12/2008 05:00,0,0,0,0,0,0,0
12/12/2008 06:00,0,0,0,0,0,0,0
12/12/2008 07:00,0.06229,0.02037,0,0,0.03915,0.07779,0.02214
12/12/2008 08:00,0.09092,0.11582,0.12749,0.01962,0.07077,0.04214,0.09248
12/12/2008 09:00,0.11263,0.08548,0.0694,0.11428,0.10475,0.1465,0.13612
12/12/2008 10:00,0.12157,0.07932,0.07745,0.13553,0.18094,0.15608,0.23506
12/12/2008 11:00,0.09885,0.06944,0.06042,0.08722,0.207,0.21225,0.25923
12/12/2008 12:00,0.10369,0.05766,0.03785,0.0827,0.15067,0.12519,0.15615
12/12/2008 13:00,0.08716,0.04635,0.03263,0.04235,0.16681,0.03884,0.10416
12/12/2008 14:00,0.05955,0.03713,0.00883,0.03506,0.10879,0.01775,0.02895
12/12/2008 15:00,0.03033,0.01114,0.00036,0.00035,0.00555,0.00246,0.00113
12/12/2008 16:00,0,0,0,0,0,0,0
12/12/2008 17:00,0,0,0,0,0,0,0
12/12/2008 18:00,0,0,0,0,0,0,0
12/12/2008 19:00,0,0,0,0,0,0,0
12/12/2008 20:00,0,0,0,0,0,0,0
12/12/2008 21:00,0,0,0,0,0,0,0
12/12/2008 22:00,0,0,0,0,0,0,0
12/12/2008 23:00,0,0,0,0,0,0,0
13/12/2008 00:00,0,0,0,0,0,0,0
13/12/2008 01:00,0,0,0,0,0,0,0
13/12/2008 02:00,0,0,0,0,0,0,0
13/12/2008 03:00,0,0,0,0,0,0,0
13/12/2008 04:00,0,0,0,0,0,0,0
13/12/2008 05:00,0,0,0,0,0,0,0
13/12/2008 06:00,0,0,0,0,0,0,0
13/12/2008 07:00,0.04583,0,0,0,0.04775,0.06737,0.0395
13/12/2008 08:00,0.08047,0.07647,0.08231,0.12847,0.08324,0.07346,0.07547
13/12/2008 09:00,0.10919,0.10584,0.09642,0.07489,0.12659,0.11071,0.04385
13/12/2008 10:00,0.12291,0.11743,0.09713,0.11853,0.15755,0.0988,0.02527
13/12/2008 11:00,0.13289,0.11538,0.10655,0.07868,0.17513,0.117,0.01817
13/12/2008 12:00,0.13081,0.11215,0.09018,0.10587,0.14876,0.12077,0.01648
13/12/2008 13:00,0.13057,0.10554,0.09949,0.11332,0.11361,0.12128,0.01283
13/12/2008 14:00,0.13656,0.13451,0.0787,0.08981,0.06285,0.08214,0.00534
13/12/2008 15:00,0.05317,0.097,0.03301,0.00604,0.00394,0.04648,0.07247
13/12/2008 16:00,0,0,0,0,0,0,0
13/12/2008 17:00,0,0,0,0,0,0,0
13/12/2008 18:00,0,0,0,0,0,0,0
13/12/2008 19:00,0,0,0,0,0,0,0
13/12/2008 20:00,0,0,0,0,0,0,0
13/12/2008 21:00,0,0,0,0,0,0,0
13/12/2008 22:00,0,0,0,0,0,0,0
13/12/2008 23:00,0,0,0,0,0,0,0
14/12/2008 00:00,0,0,0,0,0,0,0
14/12/2008 01:00,0,0,0,0,0,0,0
14/12/2008 02:00,0,0,0,0,0,0,0
14/12/2008 03:00,0,0,0,0,0,0,0
14/12/2008 04:00,0,0,0,0,0,0,0
14/12/2008 05:00,0,0,0,0,0,0,0
14/12/2008 06:00,0,0,0,0,0,0,0
14/12/2008 07:00,0,0,0,0,0.06096,0.0119,0.09755
14/12/2008 08:00,0.04314,0.02068,0.034,0.03037,0.0306,0.01642,0.03064
14/12/2008 09:00,0.0732,0.06421,0.08887,0.11647,0.06448,0.06449,0.02968
14/12/2008 10:00,0.13813,0.05276,0.11611,0.24608,0.10449,0.04377,0.02122
14/12/2008 11:00,0.08004,0.03855,0.06138,0.26564,0.17097,0.13931,0.0195
14/12/2008 12:00,0.08716,0.05193,0.10806,0.3265,0.20415,0.08089,0.02233
14/12/2008 13:00,0.05945,0.04192,0.03731,0.13119,0.19819,0.02976,0.02902
14/12/2008 14:00,0.03207,0.04905,0.02654,0.037,0.09707,0.03043,0.04422
14/12/2008 15:00,0.0084,0.01182,0.00541,0.01518,0.01342,0.01199,0.00315
14/12/2008 16:00,0,0,0,0,0,0,0
14/12/2008 17:00,0,0,0,0,0,0,0
14/12/2008 18:00,0,0,0,0,0,0,0
14/12/2008 19:00,0,0,0,0,0,0,0
14/12/2008 20:00,0,0,0,0,0,0,0
14/12/2008 21:00,0,0,0,0,0,0,0
14/12/2008 22:00,0,0,0,0,0,0,0
14/12/2008 23:00,0,0,0,0,0,0,0
15/12/2008 00:00,0,0,0,0,0,0,0
15/12/2008 01:00,0,0,0,0,0,0,0
15/12/2008 02:00,0,0,0,0,0,0,0
15/12/2008 03:00,0,0,0,0,0,0,0
15/12/2008 04:00,0,0,0,0,0,0,0
15/12/2008 05:00,0,0,0,0,0,0,0
15/12/2008 06:00,0,0,0,0,0,0,0
15/12/2008 07:00,0,0,0,0,0.05825,0,0.09506
15/12/2008 08:00,0.03633,0.04876,0.16441,0.19183,0.08649,0.06974,0.0258
15/12/2008 09:00,0.11956,0.11398,0.24416,0.13203,0.16708,0.107,0.04229
15/12/2008 10:00,0.1884,0.22298,0.15231,0.35422,0.13195,0.1446,0.07603
15/12/2008 11:00,0.24967,0.28032,0.21892,0.19462,0.13869,0.07458,0.18126
15/12/2008 12:00,0.23641,0.28422,0.19077,0.2028,0.13533,0.09632,0.10923
15/12/2008 13:00,0.24517,0.11041,0.25839,0.32692,0.2136,0.07472,0.11945
15/12/2008 14:00,0.11279,0.08696,0.28462,0.16584,0.10525,0.09835,0.04246
15/12/2008 15:00,0.01571,0.04241,0.01905,0.01751,0.00717,0.01738,0.01571
15/12/2008 16:00,0,0,0,0,0,0,0
15/12/2008 17:00,0,0,0,0,0,0,0
15/12/2008 18:00,0,0,0,0,0,0,0
15/12/2008 19:00,0,0,0,0,0,0,0
15/12/2008 20:00,0,0,0,0,0,0,0
15/12/2008 21:00,0,0,0,0,0,0,0
15/12/2008 22:00,0,0,0,0,0,0,0
15/12/2008 23:00,0,0,0,0,0,0,0
16/12/2008 00:00,0,0,0,0,0,0,0
16/12/2008 01:00,0,0,0,0,0,0,0
16/12/2008 02:00,0,0,0,0,0,0,0
16/12/2008 03:00,0,0,0,0,0,0,0
16/12/2008 04:00,0,0,0,0,0,0,0
16/12/2008 05:00,0,0,0,0,0,0,0
16/12/2008 06:00,0,0,0,0,0,0,0
16/12/2008 07:00,0,0,0,0,0.03842,0,0.14778
16/12/2008 08:00,0.1494,0.18161,0.03595,0.08351,0.16263,0.26842,0.06145
16/12/2008 09:00,0.20017,0.24092,0.04949,0.14769,0.24938,0.2791,0.18653
16/12/2008 10:00,0.31864,0.26578,0.08535,0.14726,0.21974,0.38577,0.14812
16/12/2008 11:00,0.2102,0.27089,0.06581,0.19628,0.23104,0.31604,0.35148
16/12/2008 12:00,0.33169,0.22764,0.1154,0.16014,0.19584,0.14054,0.28102
16/12/2008 13:00,0.1689,0.24689,0.09997,0.06918,0.20524,0.22969,0.26153
16/12/2008 14:00,0.12237,0.12331,0.03416,0.0256,0.11723,0.14465,0.115
16/12/2008 15:00,0.03231,0.04389,0.00208,0.01543,0.01392,0.02965,0.01532
16/12/2008 16:00,0,0,0,0,0,0,0
16/12/2008 17:00,0,0,0,0,0,0,0
16/12/2008 18:00,0,0,0,0,0,0,0
16/12/2008 19:00,0,0,0,0,0,0,0
16/12/2008 20:00,0,0,0,0,0,0,0
16/12/2008 21:00,0,0,0,0,0,0,0
16/12/2008 22:00,0,0,0,0,0,0,0
16/12/2008 23:00,0,0,0,0,0,0,0
17/12/2008 00:00,0,0,0,0,0,0,0
17/12/2008 01:00,0,0,0,0,0,0,0
17/12/2008 02:00,0,0,0,0,0,0,0
17/12/2008 03:00,0,0,0,0,0,0,0
17/12/2008 04:00,0,0,0,0,0,0,0
17/12/2008 05:00,0,0,0,0,0,0,0
17/12/2008 06:00,0,0,0,0,0,0,0
17/12/2008 07:00,0,0,0,0,0.04278,0,0.05737
17/12/2008 08:00,0.05529,0.04355,0.02926,0.02807,0.06102,0.01798,0.01874
17/12/2008 09:00,0.08883,0.0629,0.05399,0.04072,0.11711,0.08802,0.0529
17/12/2008 10:00,0.10072,0.07351,0.0328,0.02988,0.15704,0.09611,0.12168
17/12/2008 11:00,0.15468,0.09547,0.02465,0.03026,0.2221,0.11166,0.15653
17/12/2008 12:00,0.104,0.04698,0.02735,0.02627,0.20162,0.06156,0.16672
17/12/2008 13:00,0.06487,0.0497,0.0377,0.03613,0.15005,0.06412,0.14942
17/12/2008 14:00,0.06991,0.06257,0.039,0.03811,0.06638,0.07764,0.19977
17/12/2008 15:00,0.04345,0.01795,0.01644,0.00942,0.00814,0.03027,0.10551
17/12/2008 16:00,0,0,0,0,0,0,0
17/12/2008 17:00,0,0,0,0,0,0,0
17/12/2008 18:00,0,0,0,0,0,0,0
17/12/2008 19:00,0,0,0,0,0,0,0
17/12/2008 20:00,0,0,0,0,0,0,0
17/12/2008 21:00,0,0,0,0,0,0,0
17/12/2008 22:00,0,0,0,0,0,0,0
17/12/2008 23:00,0,0,0,0,0,0,0
18/12/2008 00:00,0,0,0,0,0,0,0
18/12/2008 01:00,0,0,0,0,0,0,0
18/12/2008 02:00,0,0,0,0,0,0,0
18/12/2008 03:00,0,0,0,0,0,0,0
18/12/2008 04:00,0,0,0,0,0,0,0
18/12/2008 05:00,0,0,0,0,0,0,0
18/12/2008 06:00,0,0,0,0,0,0,0
18/12/2008 07:00,0,0,0,0,0.04895,0,0.04094
18/12/2008 08:00,0.08619,0.0625,0.03382,0.07147,0.05973,0.04421,0.13327
18/12/2008 09:00,0.1334,0.06862,0.03375,0.03105,0.0625,0.05168,0.22778
18/12/2008 10:00,0.11186,0.05247,0.0298,0.03542,0.07669,0.04495,0.30788
18/12/2008 11:00,0.06694,0.04929,0.03585,0.04049,0.10571,0.05286,0.36833
18/12/2008 12:00,0.0499,0.06331,0.04227,0.04487,0.09475,0.05127,0.33008
18/12/2008 13:00,0.05381,0.04787,0.04292,0.0303,0.086,0.03838,0.27229
18/12/2008 14:00,0.06379,0.02615,0.01999,0.01428,0.03314,0.02311,0.15108
18/12/2008 15:00,0.04267,0.00771,0.00107,0.00036,0.00322,0.00235,0.01674
18/12/2008 16:00,0,0,0,0,0,0,0
18/12/2008 17:00,0,0,0,0,0,0,0
18/12/2008 18:00,0,0,0,0,0,0,0
18/12/2008 19:00,0,0,0,0,0,0,0
18/12/2008 20:00,0,0,0,0,0,0,0
18/12/2008 21:00,0,0,0,0,0,0,0
18/12/2008 22:00,0,0,0,0,0,0,0
18/12/2008 23:00,0,0,0,0,0,0,0
19/12/2008 00:00,0,0,0,0,0,0,0
19/12/2008 01:00,0,0,0,0,0,0,0
19/12/2008 02:00,0,0,0,0,0,0,0
19/12/2008 03:00,0,0,0,0,0,0,0
19/12/2008 04:00,0,0,0,0,0,0,0
19/12/2008 05:00,0,0,0,0,0,0,0
19/12/2008 06:00,0,0,0,0,0,0,0
19/12/2008 07:00,0,0,0,0,0.04183,0,0.07406
19/12/2008 08:00,0.16939,0.08838,0.05982,0.06499,0.09673,0.22691,0.05877
19/12/2008 09:00,0.08951,0.0608,0.03534,0.04439,0.18631,0.08226,0.37312
19/12/2008 10:00,0.07805,0.03518,0.02861,0.02123,0.17666,0.02431,0.37922
19/12/2008 11:00,0.05389,0.04487,0.03555,0.03044,0.07953,0.03417,0.37409
19/12/2008 12:00,0.07012,0.06322,0.05429,0.04035,0.05382,0.03942,0.33152
19/12/2008 13:00,0.08387,0.04081,0.0474,0.03391,0.06681,0.04134,0.28905
19/12/2008 14:00,0.04783,0.02842,0.02454,0.00839,0.03065,0.02519,0.18246
19/12/2008 15:00,0.02559,0.00977,0.00366,0.00185,0.00502,0.01097,0.05133
19/12/2008 16:00,0,0,0,0,0,0,0
19/12/2008 17:00,0,0,0,0,0,0,0
19/12/2008 18:00,0,0,0,0,0,0,0
19/12/2008 19:00,0,0,0,0,0,0,0
19/12/2008 20:00,0,0,0,0,0,0,0
19/12/2008 21:00,0,0,0,0,0,0,0
19/12/2008 22:00,0,0,0,0,0,0,0
19/12/2008 23:00,0,0,0,0,0,0,0
20/12/2008 00:00,0,0,0,0,0,0,0
20/12/2008 01:00,0,0,0,0,0,0,0
20/12/2008 02:00,0,0,0,0,0,0,0
20/12/2008 03:00,0,0,0,0,0,0,0
20/12/2008 04:00,0,0,0,0,0,0,0
20/12/2008 05:00,0,0,0,0,0,0,0
20/12/2008 06:00,0,0,0,0,0,0,0
20/12/2008 07:00,0,0,0,0,0.04802,0,0.02449
20/12/2008 08:00,0.02976,0.01881,0.02099,0.01197,0.03372,0.00689,0.14236
20/12/2008 09:00,0.1033,0.0876,0.04396,0.03003,0.05448,0.05445,0.23194
20/12/2008 10:00,0.08184,0.07203,0.02835,0.02284,0.04866,0.02415,0.34293
20/12/2008 11:00,0.07492,0.05197,0.03487,0.02275,0.04498,0.02833,0.41023
20/12/2008 12:00,0.15047,0.09523,0.04258,0.04567,0.0393,0.02652,0.34156
20/12/2008 13:00,0.13857,0.06372,0.02785,0.03054,0.03477,0.02807,0.29118
20/12/2008 14:00,0.05294,0.03235,0.02965,0.02549,0.02708,0.05328,0.17537
20/12/2008 15:00,0.0277,0.01953,0.02341,0.00765,0.0223,0.025,0.09026
20/12/2008 16:00,0,0,0,0,0,0,0
20/12/2008 17:00,0,0,0,0,0,0,0
20/12/2008 18:00,0,0,0,0,0,0,0
20/12/2008 19:00,0,0,0,0,0,0,0
20/12/2008 20:00,0,0,0,0,0,0,0
20/12/2008 21:00,0,0,0,0,0,0,0
20/12/2008 22:00,0,0,0,0,0,0,0
20/12/2008 23:00,0,0,0,0,0,0,0
21/12/2008 00:00,0,0,0,0,0,0,0
21/12/2008 01:00,0,0,0,0,0,0,0
21/12/2008 02:00,0,0,0,0,0,0,0
21/12/2008 03:00,0,0,0,0,0,0,0
21/12/2008 04:00,0,0,0,0,0,0,0
21/12/2008 05:00,0,0,0,0,0,0,0
21/12/2008 06:00,0,0,0,0,0,0,0
21/12/2008 07:00,0,0,0,0,0.03161,0,0.02262
21/12/2008 08:00,0.07056,0.05001,0.0705,0.05538,0.07051,0.03319,0.16791
21/12/2008 09:00,0.11091,0.07516,0.04225,0.05224,0.0907,0.04038,0.28046
21/12/2008 10:00,0.13741,0.10461,0.04135,0.04726,0.08579,0.0616,0.40441
21/12/2008 11:00,0.21171,0.08908,0.04211,0.03548,0.08281,0.05349,0.47588
21/12/2008 12:00,0.22558,0.10697,0.04936,0.03575,0.06979,0.07446,0.41614
21/12/2008 13:00,0.19014,0.07325,0.05127,0.03054,0.06588,0.05977,0.34532
21/12/2008 14:00,0.1257,0.04756,0.02548,0.02512,0.03411,0.03395,0.20964
21/12/2008 15:00,0.08063,0.01526,0.00154,0.00192,0.02319,0.00749,0.06615
21/12/2008 16:00,0,0,0,0,0,0,0
21/12/2008 17:00,0,0,0,0,0,0,0
21/12/2008 18:00,0,0,0,0,0,0,0
21/12/2008 19:00,0,0,0,0,0,0,0
21/12/2008 20:00,0,0,0,0,0,0,0
21/12/2008 21:00,0,0,0,0,0,0,0
21/12/2008 22:00,0,0,0,0,0,0,0
21/12/2008 23:00,0,0,0,0,0,0,0
22/12/2008 00:00,0,0,0,0,0,0,0
22/12/2008 01:00,0,0,0,0,0,0,0
22/12/2008 02:00,0,0,0,0,0,0,0
22/12/2008 03:00,0,0,0,0,0,0,0
22/12/2008 04:00,0,0,0,0,0,0,0
22/12/2008 05:00,0,0,0,0,0,0,0
22/12/2008 06:00,0,0,0,0,0,0,0
22/12/2008 07:00,0,0,0,0,0.03433,0,0
22/12/2008 08:00,0.06064,0.06379,0.13475,0.16755,0.16211,0.08689,0.16476
22/12/2008 09:00,0.10532,0.17662,0.28646,0.25393,0.21392,0.19855,0.28939
22/12/2008 10:00,0.1825,0.2869,0.30663,0.1504,0.27963,0.34327,0.40809
22/12/2008 11:00,0.29485,0.33823,0.3628,0.25085,0.3135,0.3679,0.45868
22/12/2008 12:00,0.31948,0.33725,0.35188,0.20588,0.23336,0.36537,0.43261
22/12/2008 13:00,0.2892,0.26699,0.39264,0.24782,0.11417,0.27204,0.35656
22/12/2008 14:00,0.19995,0.17217,0.1703,0.11976,0.10793,0.15991,0.19392
22/12/2008 15:00,0.10131,0.05598,0.02127,0.01804,0.01921,0.02982,0.03414
22/12/2008 16:00,0,0,0,0,0,0,0
22/12/2008 17:00,0,0,0,0,0,0,0
22/12/2008 18:00,0,0,0,0,0,0,0
22/12/2008 19:00,0,0,0,0,0,0,0
22/12/2008 20:00,0,0,0,0,0,0,0
22/12/2008 21:00,0,0,0,0,0,0,0
22/12/2008 22:00,0,0,0,0,0,0,0
22/12/2008 23:00,0,0,0,0,0,0,0
23/12/2008 00:00,0,0,0,0,0,0,0
23/12/2008 01:00,0,0,0,0,0,0,0
23/12/2008 02:00,0,0,0,0,0,0,0
23/12/2008 03:00,0,0,0,0,0,0,0
23/12/2008 04:00,0,0,0,0,0,0,0
23/12/2008 05:00,0,0,0,0,0,0,0
23/12/2008 06:00,0,0,0,0,0,0,0
23/12/2008 07:00,0,0,0,0,0.03382,0,0
23/12/2008 08:00,0.12094,0.12606,0.08273,0.09207,0.08158,0.11898,0.21502
23/12/2008 09:00,0.18906,0.20088,0.06832,0.08127,0.13611,0.15782,0.25296
23/12/2008 10:00,0.2131,0.21945,0.07253,0.10242,0.1583,0.16392,0.45475
23/12/2008 11:00,0.24089,0.20849,0.14426,0.16941,0.16822,0.18385,0.52547
23/12/2008 12:00,0.21069,0.25083,0.15266,0.17144,0.15771,0.18683,0.46194
23/12/2008 13:00,0.19223,0.22071,0.05662,0.15013,0.14453,0.13161,0.38529
23/12/2008 14:00,0.14236,0.14268,0.06325,0.17712,0.09085,0.07892,0.23844
23/12/2008 15:00,0.07236,0.05458,0.01916,0.04781,0.02769,0.0253,0.06683
23/12/2008 16:00,0,0,0,0,0,0,0
23/12/2008 17:00,0,0,0,0,0,0,0
23/12/2008 18:00,0,0,0,0,0,0,0
23/12/2008 19:00,0,0,0,0,0,0,0
23/12/2008 20:00,0,0,0,0,0,0,0
23/12/2008 21:00,0,0,0,0,0,0,0
23/12/2008 22:00,0,0,0,0,0,0,0
23/12/2008 23:00,0,0,0,0,0,0,0
24/12/2008 00:00,0,0,0,0,0,0,0
24/12/2008 01:00,0,0,0,0,0,0,0
24/12/2008 02:00,0,0,0,0,0,0,0
24/12/2008 03:00,0,0,0,0,0,0,0
24/12/2008 04:00,0,0,0,0,0,0,0
24/12/2008 05:00,0,0,0,0,0,0,0
24/12/2008 06:00,0,0,0,0,0,0,0
24/12/2008 07:00,0,0,0,0,0.03588,0,0
24/12/2008 08:00,0.08121,0.1098,0.09188,0.0691,0.07982,0.09373,0.16779
24/12/2008 09:00,0.155,0.19144,0.1401,0.09888,0.13999,0.15904,0.30516
24/12/2008 10:00,0.19079,0.24334,0.14699,0.09055,0.18381,0.167,0.46211
24/12/2008 11:00,0.2246,0.23003,0.15293,0.08266,0.18277,0.17027,0.53633
24/12/2008 12:00,0.19726,0.26341,0.15178,0.06173,0.18396,0.16325,0.47507
24/12/2008 13:00,0.17592,0.17879,0.1281,0.05459,0.12597,0.13234,0.38359
24/12/2008 14:00,0.1162,0.11081,0.06812,0.03583,0.07956,0.11126,0.23069
24/12/2008 15:00,0.05757,0.03957,0.0157,0.00443,0.03349,0.03542,0.07218
24/12/2008 16:00,0,0,0,0,0,0,0
24/12/2008 17:00,0,0,0,0,0,0,0
24/12/2008 18:00,0,0,0,0,0,0,0
24/12/2008 19:00,0,0,0,0,0,0,0
24/12/2008 20:00,0,0,0,0,0,0,0
24/12/2008 21:00,0,0,0,0,0,0,0
24/12/2008 22:00,0,0,0,0,0,0,0
24/12/2008 23:00,0,0,0,0,0,0,0
25/12/2008 00:00,0,0,0,0,0,0,0
25/12/2008 01:00,0,0,0,0,0,0,0
25/12/2008 02:00,0,0,0,0,0,0,0
25/12/2008 03:00,0,0,0,0,0,0,0
25/12/2008 04:00,0,0,0,0,0,0,0
25/12/2008 05:00,0,0,0,0,0,0,0
25/12/2008 06:00,0,0,0,0,0,0,0
25/12/2008 07:00,0,0,0,0,0.03434,0,0
25/12/2008 08:00,0.11499,0.12628,0.0343,0.09745,0.09234,0.13688,0.03552
25/12/2008 09:00,0.15319,0.13815,0.02773,0.0503,0.12991,0.09169,0.14718
25/12/2008 10:00,0.20515,0.10335,0.06265,0.04962,0.10963,0.06535,0.31063
25/12/2008 11:00,0.23927,0.09436,0.02845,0.05788,0.13684,0.09975,0.22828
25/12/2008 12:00,0.23542,0.10495,0.02464,0.05486,0.11288,0.07833,0.33339
25/12/2008 13:00,0.22408,0.06641,0.01723,0.02905,0.10005,0.06385,0.33869
25/12/2008 14:00,0.13726,0.03783,0.00998,0.01141,0.05704,0.02792,0.27808
25/12/2008 15:00,0.06566,0.01544,0.00163,0.00093,0.02835,0.0174,0.08896
25/12/2008 16:00,0,0,0,0,0,0,0
25/12/2008 17:00,0,0,0,0,0,0,0
25/12/2008 18:00,0,0,0,0,0,0,0
25/12/2008 19:00,0,0,0,0,0,0,0
25/12/2008 20:00,0,0,0,0,0,0,0
25/12/2008 21:00,0,0,0,0,0,0,0
25/12/2008 22:00,0,0,0,0,0,0,0
25/12/2008 23:00,0,0,0,0,0,0,0
26/12/2008 00:00,0,0,0,0,0,0,0
26/12/2008 01:00,0,0,0,0,0,0,0
26/12/2008 02:00,0,0,0,0,0,0,0
26/12/2008 03:00,0,0,0,0,0,0,0
26/12/2008 04:00,0,0,0,0,0,0,0
26/12/2008 05:00,0,0,0,0,0,0,0
26/12/2008 06:00,0,0,0,0,0,0,0
26/12/2008 07:00,0,0,0,0,0.02977,0,0
26/12/2008 08:00,0.13762,0.19145,0.28869,0.29808,0.10804,0.1313,0.0856
26/12/2008 09:00,0.29908,0.35317,0.50342,0.49986,0.19493,0.25929,0.12065
26/12/2008 10:00,0.33468,0.45623,0.62837,0.62608,0.25176,0.30839,0.15702
26/12/2008 11:00,0.3827,0.4628,0.68202,0.67838,0.25435,0.33591,0.18301
26/12/2008 12:00,0.36026,0.47227,0.65908,0.65547,0.23719,0.31285,0.19896
26/12/2008 13:00,0.31172,0.37168,0.56965,0.55044,0.2081,0.26987,0.19913
26/12/2008 14:00,0.22155,0.24658,0.37251,0.39668,0.14353,0.18721,0.14454
26/12/2008 15:00,0.11838,0.09771,0.10883,0.11024,0.06372,0.0732,0.06384
26/12/2008 16:00,0,0,0,0,0,0,0
26/12/2008 17:00,0,0,0,0,0,0,0
26/12/2008 18:00,0,0,0,0,0,0,0
26/12/2008 19:00,0,0,0,0,0,0,0
26/12/2008 20:00,0,0,0,0,0,0,0
26/12/2008 21:00,0,0,0,0,0,0,0
26/12/2008 22:00,0,0,0,0,0,0,0
26/12/2008 23:00,0,0,0,0,0,0,0
27/12/2008 00:00,0,0,0,0,0,0,0
27/12/2008 01:00,0,0,0,0,0,0,0
27/12/2008 02:00,0,0,0,0,0,0,0
27/12/2008 03:00,0,0,0,0,0,0,0
27/12/2008 04:00,0,0,0,0,0,0,0
27/12/2008 05:00,0,0,0,0,0,0,0
27/12/2008 06:00,0,0,0,0,0,0,0
27/12/2008 07:00,0,0,0,0,0.02161,0,0
27/12/2008 08:00,0.08149,0.05775,0.01414,0.02481,0.05435,0.04323,0.09736
27/12/2008 09:00,0.14374,0.10162,0.02298,0.02948,0.09263,0.05843,0.09829
27/12/2008 10:00,0.16375,0.12657,0.01934,0.02265,0.10272,0.04945,0.08411
27/12/2008 11:00,0.19808,0.11521,0.01894,0.02254,0.09474,0.04258,0.0844
27/12/2008 12:00,0.16953,0.10577,0.01728,0.02001,0.07432,0.03695,0.07503
27/12/2008 13:00,0.13933,0.0636,0.01716,0.01678,0.06975,0.02884,0.08823
27/12/2008 14:00,0.09574,0.03428,0.01001,0.009,0.04844,0.0173,0.09059
27/12/2008 15:00,0.04823,0.01351,7.00E-04,0.00036,0.02725,0.01415,0.04507
27/12/2008 16:00,0,0,0,0,0,0,0
27/12/2008 17:00,0,0,0,0,0,0,0
27/12/2008 18:00,0,0,0,0,0,0,0
27/12/2008 19:00,0,0,0,0,0,0,0
27/12/2008 20:00,0,0,0,0,0,0,0
27/12/2008 21:00,0,0,0,0,0,0,0
27/12/2008 22:00,0,0,0,0,0,0,0
27/12/2008 23:00,0,0,0,0,0,0,0
28/12/2008 00:00,0,0,0,0,0,0,0
28/12/2008 01:00,0,0,0,0,0,0,0
28/12/2008 02:00,0,0,0,0,0,0,0
28/12/2008 03:00,0,0,0,0,0,0,0
28/12/2008 04:00,0,0,0,0,0,0,0
28/12/2008 05:00,0,0,0,0,0,0,0
28/12/2008 06:00,0,0,0,0,0,0,0
28/12/2008 07:00,0,0,0,0,0.01711,0,0
28/12/2008 08:00,0.08885,0.06432,0.01394,0.05513,0.08389,0.05951,0.12015
28/12/2008 09:00,0.18072,0.13024,0.03028,0.11191,0.20194,0.1233,0.23396
28/12/2008 10:00,0.23722,0.19071,0.03283,0.14517,0.23946,0.17002,0.30496
28/12/2008 11:00,0.33336,0.20482,0.05622,0.26243,0.25231,0.21422,0.33553
28/12/2008 12:00,0.28391,0.24653,0.09248,0.30922,0.24731,0.23767,0.24565
28/12/2008 13:00,0.25306,0.21567,0.10815,0.28019,0.24459,0.24055,0.28632
28/12/2008 14:00,0.17915,0.15515,0.09871,0.23027,0.16603,0.15373,0.15898
28/12/2008 15:00,0.08721,0.06908,0.04036,0.07643,0.07613,0.05623,0.05492
28/12/2008 16:00,0,0,0,0,0,0,0
28/12/2008 17:00,0,0,0,0,0,0,0
28/12/2008 18:00,0,0,0,0,0,0,0
28/12/2008 19:00,0,0,0,0,0,0,0
28/12/2008 20:00,0,0,0,0,0,0,0
28/12/2008 21:00,0,0,0,0,0,0,0
28/12/2008 22:00,0,0,0,0,0,0,0
28/12/2008 23:00,0,0,0,0,0,0,0
29/12/2008 00:00,0,0,0,0,0,0,0
29/12/2008 01:00,0,0,0,0,0,0,0
29/12/2008 02:00,0,0,0,0,0,0,0
29/12/2008 03:00,0,0,0,0,0,0,0
29/12/2008 04:00,0,0,0,0,0,0,0
29/12/2008 05:00,0,0,0,0,0,0,0
29/12/2008 06:00,0,0,0,0,0,0,0
29/12/2008 07:00,0,0,0,0,0.00926,0,0
29/12/2008 08:00,0.12958,0.18547,0.24529,0.19063,0.10797,0.16898,0.01343
29/12/2008 09:00,0.26578,0.3484,0.41931,0.31844,0.19659,0.31211,0.02121
29/12/2008 10:00,0.32324,0.46387,0.54045,0.38835,0.24481,0.37606,0.02506
29/12/2008 11:00,0.3943,0.46949,0.61275,0.54273,0.27631,0.42136,0.03783
29/12/2008 12:00,0.35771,0.48545,0.6268,0.61585,0.26004,0.45003,0.03723
29/12/2008 13:00,0.30925,0.36895,0.56108,0.54033,0.2246,0.3884,0.03087
29/12/2008 14:00,0.21939,0.24406,0.35707,0.39465,0.1376,0.26576,0.02466
29/12/2008 15:00,0.10486,0.10707,0.12176,0.12927,0.06541,0.07855,0.02712
29/12/2008 16:00,0,0,0,0,0,0,0
29/12/2008 17:00,0,0,0,0,0,0,0
29/12/2008 18:00,0,0,0,0,0,0,0
29/12/2008 19:00,0,0,0,0,0,0,0
29/12/2008 20:00,0,0,0,0,0,0,0
29/12/2008 21:00,0,0,0,0,0,0,0
29/12/2008 22:00,0,0,0,0,0,0,0
29/12/2008 23:00,0,0,0,0,0,0,0
30/12/2008 00:00,0,0,0,0,0,0,0
30/12/2008 01:00,0,0,0,0,0,0,0
30/12/2008 02:00,0,0,0,0,0,0,0
30/12/2008 03:00,0,0,0,0,0,0,0
30/12/2008 04:00,0,0,0,0,0,0,0
30/12/2008 05:00,0,0,0,0,0,0,0
30/12/2008 06:00,0,0,0,0,0,0,0
30/12/2008 07:00,0,0,0,0,0.01404,0,0
30/12/2008 08:00,0.10387,0.1617,0.08611,0.06829,0.09403,0.13155,0.07141
30/12/2008 09:00,0.24825,0.27014,0.15046,0.10801,0.1713,0.26443,0.08241
30/12/2008 10:00,0.32071,0.37257,0.18302,0.13146,0.22546,0.33025,0.06779
30/12/2008 11:00,0.36425,0.38276,0.22029,0.19757,0.24968,0.35275,0.1155
30/12/2008 12:00,0.30764,0.40456,0.2818,0.18946,0.24201,0.35539,0.10333
30/12/2008 13:00,0.22802,0.36287,0.30499,0.22426,0.20971,0.29488,0.08836
30/12/2008 14:00,0.12487,0.16607,0.30164,0.19913,0.14508,0.21204,0.0883
30/12/2008 15:00,0.10631,0.05898,0.12869,0.11634,0.06054,0.11877,0.09571
30/12/2008 16:00,0,0,0,0,0,0,0
30/12/2008 17:00,0,0,0,0,0,0,0
30/12/2008 18:00,0,0,0,0,0,0,0
30/12/2008 19:00,0,0,0,0,0,0,0
30/12/2008 20:00,0,0,0,0,0,0,0
30/12/2008 21:00,0,0,0,0,0,0,0
30/12/2008 22:00,0,0,0,0,0,0,0
30/12/2008 23:00,0,0,0,0,0,0,0
31/12/2008 00:00,,,,,,,
31/12/2008 01:00,,,,,,,
31/12/2008 02:00,,,,,,,
31/12/2008 03:00,,,,,,,
31/12/2008 04:00,,,,,,,
31/12/2008 05:00,,,,,,,
31/12/2008 06:00,,,,,,,
31/12/2008 07:00,,,,,,,
31/12/2008 08:00,,,,,,,
31/12/2008 09:00,,,,,,,
31/12/2008 10:00,,,,,,,
31/12/2008 11:00,,,,,,,
31/12/2008 12:00,,,,,,,
31/12/2008 13:00,,,,,,,
31/12/2008 14:00,,,,,,,
31/12/2008 15:00,,,,,,,
31/12/2008 16:00,,,,,,,
31/12/2008 17:00,,,,,,,
31/12/2008 18:00,,,,,,,
31/12/2008 19:00,,,,,,,
31/12/2008 20:00,,,,,,,
31/12/2008 21:00,,,,,,,
31/12/2008 22:00,,,,,,,
31/12/2008 23:00,,,,,,,
