t,CH01,CH02,CH03,CH04,CH05,CH06,CH07
t_1,0.632,0.632,0.632,0.762,0.697,0.762,0.0206
t_2,0.530,0.530,0.530,0.684,0.607,0.684,0.0407
t_3,0.475,0.475,0.475,0.633,0.554,0.633,0.0665
t_4,0.421,0.421,0.421,0.636,0.529,0.636,0.1323
t_5,0.416,0.416,0.416,0.665,0.541,0.665,0.1709
t_6,0.463,0.463,0.463,0.662,0.563,0.662,0.1602
t_7,0.402,0.402,0.402,0.640,0.521,0.640,0.1578
t_8,0.347,0.347,0.347,0.589,0.468,0.589,0.1859
t_9,0.243,0.243,0.243,0.494,0.369,0.494,0.2089
t_10,0.403,0.403,0.403,0.492,0.448,0.492,0.192
t_11,0.452,0.452,0.452,0.623,0.538,0.623,0.2014
t_12,0.540,0.540,0.540,0.660,0.600,0.660,0.3243
t_13,0.586,0.586,0.586,0.643,0.615,0.643,0.4289
t_14,0.600,0.600,0.600,0.577,0.589,0.577,0.4889
t_15,0.540,0.540,0.540,0.498,0.519,0.498,0.588
t_16,0.250,0.250,0.250,0.454,0.352,0.454,0.64
t_17,0.299,0.299,0.299,0.454,0.377,0.454,0.6093
t_18,0.360,0.360,0.360,0.473,0.417,0.473,0.6482
t_19,0.403,0.403,0.403,0.554,0.479,0.554,0.6912
t_20,0.390,0.390,0.390,0.673,0.532,0.673,0.7719
t_21,0.370,0.370,0.370,0.793,0.582,0.793,0.8522
t_22,0.304,0.304,0.304,0.867,0.586,0.867,0.8852
t_23,0.352,0.352,0.352,0.903,0.628,0.903,0.8915
t_24,0.393,0.393,0.393,0.921,0.657,0.921,0.8583
t_25,0.718,0.718,0.718,0.931,0.825,0.931,0.7905
t_26,0.761,0.761,0.761,0.932,0.847,0.932,0.6414
t_27,0.756,0.756,0.756,0.920,0.838,0.920,0.3665
t_28,0.513,0.513,0.513,0.912,0.713,0.912,0.1169
t_29,0.537,0.537,0.537,0.877,0.707,0.877,0.075
t_30,0.810,0.810,0.810,0.832,0.821,0.832,0.0935
t_31,0.804,0.804,0.804,0.754,0.779,0.754,0.1338
t_32,0.813,0.813,0.813,0.708,0.761,0.708,0.2154
t_33,0.525,0.525,0.525,0.685,0.605,0.685,0.3131
t_34,0.431,0.431,0.431,0.731,0.581,0.731,0.3253
t_35,0.454,0.454,0.454,0.852,0.653,0.852,0.6179
t_36,0.485,0.485,0.485,0.940,0.713,0.940,0.7837
t_37,0.539,0.539,0.539,0.966,0.753,0.966,0.8124
t_38,0.531,0.531,0.531,0.941,0.736,0.941,0.7787
t_39,0.317,0.317,0.317,0.906,0.612,0.906,0.7424
t_40,0.442,0.442,0.442,0.911,0.677,0.911,0.6902
t_41,0.552,0.552,0.552,0.888,0.720,0.888,0.5866
t_42,0.619,0.619,0.619,0.827,0.723,0.827,0.6877
t_43,0.667,0.667,0.667,0.750,0.709,0.750,0.7823
t_44,0.699,0.699,0.699,0.662,0.681,0.662,0.7867
t_45,0.698,0.698,0.698,0.576,0.637,0.576,0.7732
t_46,0.625,0.625,0.625,0.503,0.564,0.503,0.7612
t_47,0.748,0.748,0.748,0.452,0.600,0.452,0.7375
t_48,0.660,0.660,0.660,0.389,0.525,0.389,0.6886
t_49,0.724,0.724,0.724,0.346,0.535,0.346,0.6474
t_50,0.699,0.699,0.699,0.253,0.476,0.253,0.6367
t_51,0.715,0.715,0.715,0.239,0.477,0.239,0.6421
t_52,0.697,0.697,0.697,0.209,0.453,0.209,0.637
t_53,0.635,0.635,0.635,0.168,0.402,0.168,0.6
t_54,0.307,0.307,0.307,0.127,0.217,0.127,0.5806
t_55,0.215,0.215,0.215,0.089,0.152,0.089,0.575
t_56,0.154,0.154,0.154,0.061,0.108,0.061,0.5957
t_57,0.058,0.058,0.058,0.040,0.049,0.040,0.5955
t_58,0.018,0.018,0.018,0.053,0.036,0.053,0.6248
t_59,0.005,0.005,0.005,0.058,0.032,0.058,0.6756
t_60,0.000,0.000,0.000,0.064,0.032,0.064,0.6386
t_61,0.001,0.001,0.001,0.082,0.042,0.082,0.6014
t_62,0.006,0.006,0.006,0.097,0.052,0.097,0.579
t_63,0.009,0.009,0.009,0.082,0.046,0.082,0.5634
t_64,0.023,0.023,0.023,0.071,0.047,0.071,0.5789
t_65,0.050,0.050,0.050,0.078,0.064,0.078,0.6297
t_66,0.041,0.041,0.041,0.078,0.060,0.078,0.6457
t_67,0.070,0.070,0.070,0.089,0.080,0.089,0.6178
t_68,0.100,0.100,0.100,0.106,0.103,0.106,0.6075
t_69,0.118,0.118,0.118,0.127,0.123,0.127,0.6021
t_70,0.122,0.122,0.122,0.129,0.126,0.129,0.5733
t_71,0.138,0.138,0.138,0.117,0.128,0.117,0.5532
t_72,0.164,0.164,0.164,0.087,0.126,0.087,0.5218
t_73,0.199,0.199,0.199,0.052,0.126,0.052,0.5173
t_74,0.246,0.246,0.246,0.034,0.140,0.034,0.4857
t_75,0.296,0.296,0.296,0.026,0.161,0.026,0.4536
t_76,0.362,0.362,0.362,0.014,0.188,0.014,0.4655
t_77,0.374,0.374,0.374,0.015,0.195,0.015,0.4775
t_78,0.355,0.355,0.355,0.016,0.186,0.016,0.4707
t_79,0.350,0.350,0.350,0.017,0.184,0.017,0.4589
t_80,0.359,0.359,0.359,0.016,0.188,0.016,0.4285
t_81,0.306,0.306,0.306,0.044,0.175,0.044,0.3451
t_82,0.228,0.228,0.228,0.077,0.153,0.077,0.2347
t_83,0.248,0.248,0.248,0.080,0.164,0.080,0.18
t_84,0.350,0.350,0.350,0.085,0.218,0.085,0.0873
t_85,0.418,0.418,0.418,0.099,0.259,0.099,0.0281
t_86,0.458,0.458,0.458,0.128,0.293,0.128,0.0143
t_87,0.488,0.488,0.488,0.138,0.313,0.138,0.0074
t_88,0.484,0.484,0.484,0.102,0.293,0.102,0.0053
t_89,0.480,0.480,0.480,0.093,0.287,0.093,0.0036
t_90,0.409,0.409,0.409,0.112,0.261,0.112,0.0158
t_91,0.304,0.304,0.304,0.134,0.219,0.134,0.0413
t_92,0.207,0.207,0.207,0.146,0.177,0.146,0.0514
t_93,0.138,0.138,0.138,0.157,0.148,0.157,0.0625
t_94,0.125,0.125,0.125,0.193,0.159,0.193,0.08
t_95,0.122,0.122,0.122,0.235,0.179,0.235,0.0789
t_96,0.115,0.115,0.115,0.261,0.188,0.261,0.0735
t_97,0.100,0.100,0.100,0.287,0.194,0.287,0.0637
t_98,0.073,0.073,0.073,0.301,0.187,0.301,0.0484
t_99,0.056,0.056,0.056,0.292,0.174,0.292,0.0534
t_100,0.042,0.042,0.042,0.244,0.143,0.244,0.0673
t_101,0.045,0.045,0.045,0.189,0.117,0.189,0.0884
t_102,0.066,0.066,0.066,0.161,0.114,0.161,0.1057
t_103,0.090,0.090,0.090,0.147,0.119,0.147,0.1135
t_104,0.113,0.113,0.113,0.139,0.126,0.139,0.1117
t_105,0.129,0.129,0.129,0.127,0.128,0.127,0.0934
t_106,0.084,0.084,0.084,0.125,0.105,0.125,0.0704
t_107,0.005,0.005,0.005,0.163,0.084,0.163,0.023
t_108,0.000,0.000,0.000,0.165,0.083,0.165,0.0038
t_109,0.000,0.000,0.000,0.173,0.087,0.173,0.0041
t_110,0.000,0.000,0.000,0.184,0.092,0.184,0.0017
t_111,0.000,0.000,0.000,0.185,0.093,0.185,0.0008
t_112,0.000,0.000,0.000,0.211,0.106,0.211,0.0004
t_113,0.008,0.008,0.008,0.212,0.110,0.212,0.0001
t_114,0.040,0.040,0.040,0.191,0.116,0.191,0
t_115,0.094,0.094,0.094,0.168,0.131,0.168,0.0007
t_116,0.146,0.146,0.146,0.140,0.143,0.140,0.0087
t_117,0.209,0.209,0.209,0.123,0.166,0.123,0.0221
t_118,0.297,0.297,0.297,0.099,0.198,0.099,0.0313
t_119,0.615,0.615,0.615,0.078,0.347,0.078,0.0348
t_120,0.700,0.700,0.700,0.030,0.365,0.030,0.0264
t_121,0.713,0.713,0.713,0.024,0.369,0.024,0.0188
t_122,0.704,0.704,0.704,0.020,0.362,0.020,0.0155
t_123,0.669,0.669,0.669,0.018,0.344,0.018,0.0129
t_124,0.574,0.574,0.574,0.018,0.296,0.018,0.0095
t_125,0.300,0.300,0.300,0.021,0.161,0.021,0.0079
t_126,0.217,0.217,0.217,0.019,0.118,0.019,0.01
t_127,0.148,0.148,0.148,0.019,0.084,0.019,0.013
t_128,0.096,0.096,0.096,0.017,0.057,0.017,0.0153
t_129,0.056,0.056,0.056,0.008,0.032,0.008,0.0167
t_130,0.037,0.037,0.037,0.001,0.019,0.001,0.01
t_131,0.022,0.022,0.022,0.000,0.011,0.000,0.0009
t_132,0.016,0.016,0.016,0.000,0.008,0.000,0.0001
t_133,0.016,0.016,0.016,0.000,0.008,0.000,0
t_134,0.012,0.012,0.012,0.000,0.006,0.000,0.0002
t_135,0.009,0.009,0.009,0.001,0.005,0.001,0.0003
t_136,0.006,0.006,0.006,0.001,0.004,0.001,0.0004
t_137,0.001,0.001,0.001,0.002,0.002,0.002,0.0055
t_138,0.000,0.000,0.000,0.004,0.002,0.004,0.0233
t_139,0.000,0.000,0.000,0.010,0.005,0.010,0.0438
t_140,0.000,0.000,0.000,0.023,0.012,0.023,0.0635
t_141,0.000,0.000,0.000,0.045,0.023,0.045,0.079
t_142,0.000,0.000,0.000,0.084,0.042,0.084,0.0972
t_143,0.000,0.000,0.000,0.111,0.056,0.111,0.117
t_144,0.000,0.000,0.000,0.109,0.055,0.109,0.1333
t_145,0.000,0.000,0.000,0.108,0.054,0.108,0.1509
t_146,0.000,0.000,0.000,0.099,0.050,0.099,0.1816
t_147,0.000,0.000,0.000,0.093,0.047,0.093,0.2251
t_148,0.000,0.000,0.000,0.088,0.044,0.088,0.2657
t_149,0.000,0.000,0.000,0.085,0.043,0.085,0.3212
t_150,0.000,0.000,0.000,0.082,0.041,0.082,0.3699
t_151,0.000,0.000,0.000,0.075,0.038,0.075,0.3924
t_152,0.000,0.000,0.000,0.062,0.031,0.062,0.4085
t_153,0.000,0.000,0.000,0.038,0.019,0.038,0.3889
t_154,0.000,0.000,0.000,0.023,0.012,0.023,0.2871
t_155,0.000,0.000,0.000,0.016,0.008,0.016,0.1618
t_156,0.000,0.000,0.000,0.013,0.007,0.013,0.1106
t_157,0.000,0.000,0.000,0.009,0.005,0.009,0.0719
t_158,0.000,0.000,0.000,0.007,0.004,0.007,0.0324
t_159,0.002,0.002,0.002,0.004,0.003,0.004,0.023
t_160,0.006,0.006,0.006,0.001,0.004,0.001,0.0484
t_161,0.004,0.004,0.004,0.001,0.003,0.001,0.0806
t_162,0.004,0.004,0.004,0.000,0.002,0.000,0.1017
t_163,0.002,0.002,0.002,0.000,0.001,0.000,0.13
t_164,0.001,0.001,0.001,0.000,0.001,0.000,0.1542
t_165,0.000,0.000,0.000,0.000,0.000,0.000,0.1797
t_166,0.000,0.000,0.000,0.000,0.000,0.000,0.1801
t_167,0.000,0.000,0.000,0.000,0.000,0.000,0.1841
t_168,0.000,0.000,0.000,0.000,0.000,0.000,0.2114
t_169,0.000,0.000,0.000,0.000,0.000,0.000,0.2127
t_170,0.001,0.001,0.001,0.000,0.001,0.000,0.1814
t_171,0.001,0.001,0.001,0.000,0.001,0.000,0.1596
t_172,0.002,0.002,0.002,0.000,0.001,0.000,0.1384
t_173,0.006,0.006,0.006,0.000,0.003,0.000,0.1142
t_174,0.008,0.008,0.008,0.000,0.004,0.000,0.0917
t_175,0.011,0.011,0.011,0.000,0.006,0.000,0.0852
t_176,0.023,0.023,0.023,0.000,0.012,0.000,0.0741
t_177,0.028,0.028,0.028,0.000,0.014,0.000,0.0505
t_178,0.002,0.002,0.002,0.000,0.001,0.000,0.0312
t_179,0.000,0.000,0.000,0.000,0.000,0.000,0.0022
t_180,0.000,0.000,0.000,0.000,0.000,0.000,0
t_181,0.000,0.000,0.000,0.000,0.000,0.000,0
t_182,0.000,0.000,0.000,0.000,0.000,0.000,0.0022
t_183,0.000,0.000,0.000,0.000,0.000,0.000,0.0177
t_184,0.000,0.000,0.000,0.000,0.000,0.000,0.0144
t_185,0.001,0.001,0.001,0.000,0.001,0.000,0.0048
t_186,0.006,0.006,0.006,0.000,0.003,0.000,0.0027
t_187,0.027,0.027,0.027,0.002,0.015,0.002,0.0091
t_188,0.063,0.063,0.063,0.005,0.034,0.005,0.0155
t_189,0.102,0.102,0.102,0.010,0.056,0.010,0.0187
t_190,0.137,0.137,0.137,0.017,0.077,0.017,0.0156
t_191,0.150,0.150,0.150,0.031,0.091,0.031,0.0112
t_192,0.123,0.123,0.123,0.042,0.083,0.042,0.0063
t_193,0.112,0.112,0.112,0.040,0.076,0.040,0.0036
t_194,0.108,0.108,0.108,0.040,0.074,0.040,0.0032
t_195,0.106,0.106,0.106,0.042,0.074,0.042,0.0062
t_196,0.099,0.099,0.099,0.049,0.074,0.049,0.0094
t_197,0.073,0.073,0.073,0.071,0.072,0.071,0.0158
t_198,0.048,0.048,0.048,0.102,0.075,0.102,0.0312
t_199,0.014,0.014,0.014,0.132,0.073,0.132,0.0352
t_200,0.008,0.008,0.008,0.157,0.083,0.157,0.0266
t_201,0.005,0.005,0.005,0.159,0.082,0.159,0.0331
t_202,0.002,0.002,0.002,0.146,0.074,0.146,0.0355
t_203,0.002,0.002,0.002,0.160,0.081,0.160,0.0178
t_204,0.003,0.003,0.003,0.211,0.107,0.211,0.0248
t_205,0.011,0.011,0.011,0.270,0.141,0.270,0.0379
t_206,0.008,0.008,0.008,0.277,0.143,0.277,0.0436
t_207,0.003,0.003,0.003,0.243,0.123,0.243,0.0592
t_208,0.002,0.002,0.002,0.252,0.127,0.252,0.0838
t_209,0.008,0.008,0.008,0.290,0.149,0.290,0.1288
t_210,0.016,0.016,0.016,0.312,0.164,0.312,0.1912
t_211,0.046,0.046,0.046,0.363,0.205,0.363,0.2323
t_212,0.107,0.107,0.107,0.455,0.281,0.455,0.2723
t_213,0.343,0.343,0.343,0.598,0.471,0.598,0.288
t_214,0.534,0.534,0.534,0.818,0.676,0.818,0.3035
t_215,0.467,0.467,0.467,0.938,0.703,0.938,0.286
t_216,0.617,0.617,0.617,0.979,0.798,0.979,0.2537
t_217,0.735,0.735,0.735,0.989,0.862,0.989,0.2346
t_218,0.820,0.820,0.820,0.993,0.907,0.993,0.1945
t_219,0.902,0.902,0.902,0.997,0.950,0.997,0.2223
t_220,0.938,0.938,0.938,0.997,0.968,0.997,0.2141
t_221,0.942,0.942,0.942,0.996,0.969,0.996,0.22
t_222,0.935,0.935,0.935,0.990,0.963,0.990,0.267
t_223,0.915,0.915,0.915,0.988,0.952,0.988,0.3925
t_224,0.833,0.833,0.833,0.983,0.908,0.983,0.4666
t_225,0.791,0.791,0.791,0.986,0.889,0.986,0.5553
t_226,0.697,0.697,0.697,0.987,0.842,0.987,0.6684
t_227,0.625,0.625,0.625,0.989,0.807,0.989,0.7118
t_228,0.579,0.579,0.579,0.988,0.784,0.988,0.7174
t_229,0.570,0.570,0.570,0.986,0.778,0.986,0.739
t_230,0.603,0.603,0.603,0.983,0.793,0.983,0.7776
t_231,0.625,0.625,0.625,0.973,0.799,0.973,0.7998
t_232,0.626,0.626,0.626,0.977,0.802,0.977,0.8232
t_233,0.611,0.611,0.611,0.974,0.793,0.974,0.8404
t_234,0.610,0.610,0.610,0.968,0.789,0.968,0.8162
t_235,0.649,0.649,0.649,0.960,0.805,0.960,0.7438
t_236,0.673,0.673,0.673,0.959,0.816,0.959,0.6566
t_237,0.771,0.771,0.771,0.966,0.869,0.966,0.5659
t_238,0.902,0.902,0.902,0.955,0.929,0.955,0.4592
t_239,0.984,0.984,0.984,0.902,0.943,0.902,0.3593
t_240,0.996,0.996,0.996,0.823,0.910,0.823,0.2923
t_241,0.982,0.982,0.982,0.674,0.828,0.674,0.3459
t_242,0.981,0.981,0.981,0.591,0.786,0.591,0.4279
t_243,0.981,0.981,0.981,0.540,0.761,0.540,0.448
t_244,0.981,0.981,0.981,0.588,0.785,0.588,0.4333
t_245,0.981,0.981,0.981,0.631,0.806,0.631,0.4793
t_246,0.999,0.999,0.999,0.732,0.866,0.732,0.5863
t_247,0.981,0.981,0.981,0.769,0.875,0.769,0.6816
t_248,0.910,0.910,0.910,0.747,0.829,0.747,0.7289
t_249,0.830,0.830,0.830,0.706,0.768,0.706,0.8287
t_250,0.660,0.660,0.660,0.731,0.696,0.731,0.8793
t_251,0.622,0.622,0.622,0.811,0.717,0.811,0.8887
t_252,0.415,0.415,0.415,0.829,0.622,0.829,0.8997
t_253,0.419,0.419,0.419,0.844,0.632,0.844,0.9169
t_254,0.403,0.403,0.403,0.853,0.628,0.853,0.9101
t_255,0.359,0.359,0.359,0.874,0.617,0.874,0.9091
t_256,0.314,0.314,0.314,0.892,0.603,0.892,0.9071
t_257,0.327,0.327,0.327,0.896,0.612,0.896,0.919
t_258,0.336,0.336,0.336,0.903,0.620,0.903,0.9124
t_259,0.334,0.334,0.334,0.908,0.621,0.908,0.9149
t_260,0.335,0.335,0.335,0.908,0.622,0.908,0.9149
t_261,0.342,0.342,0.342,0.901,0.622,0.901,0.911
t_262,0.341,0.341,0.341,0.892,0.617,0.892,0.8986
t_263,0.313,0.313,0.313,0.875,0.594,0.875,0.8773
t_264,0.253,0.253,0.253,0.861,0.557,0.861,0.8335
t_265,0.217,0.217,0.217,0.837,0.527,0.837,0.7827
t_266,0.219,0.219,0.219,0.825,0.522,0.825,0.7429
t_267,0.241,0.241,0.241,0.805,0.523,0.805,0.7109
t_268,0.307,0.307,0.307,0.793,0.550,0.793,0.706
t_269,0.405,0.405,0.405,0.755,0.580,0.755,0.6956
t_270,0.540,0.540,0.540,0.731,0.636,0.731,0.6478
t_271,0.621,0.621,0.621,0.702,0.662,0.702,0.5432
t_272,0.635,0.635,0.635,0.671,0.653,0.671,0.4892
t_273,0.562,0.562,0.562,0.594,0.578,0.594,0.5197
t_274,0.504,0.504,0.504,0.530,0.517,0.530,0.5227
t_275,0.673,0.673,0.673,0.523,0.598,0.523,0.5118
t_276,0.880,0.880,0.880,0.505,0.693,0.505,0.4168
t_277,0.915,0.915,0.915,0.458,0.687,0.458,0.3044
t_278,0.901,0.901,0.901,0.411,0.656,0.411,0.406
t_279,0.913,0.913,0.913,0.394,0.654,0.394,0.4829
t_280,0.927,0.927,0.927,0.460,0.694,0.460,0.6184
t_281,0.942,0.942,0.942,0.589,0.766,0.589,0.763
t_282,0.918,0.918,0.918,0.569,0.744,0.569,0.859
t_283,0.870,0.870,0.870,0.514,0.692,0.514,0.8893
t_284,0.853,0.853,0.853,0.479,0.666,0.479,0.8803
t_285,0.726,0.726,0.726,0.450,0.588,0.450,0.8826
t_286,0.554,0.554,0.554,0.447,0.501,0.447,0.9124
t_287,0.456,0.456,0.456,0.478,0.467,0.478,0.9242
t_288,0.452,0.452,0.452,0.509,0.481,0.509,0.9232
t_289,0.461,0.461,0.461,0.524,0.493,0.524,0.9208
t_290,0.434,0.434,0.434,0.519,0.477,0.519,0.9194
t_291,0.388,0.388,0.388,0.479,0.434,0.479,0.9157
t_292,0.336,0.336,0.336,0.403,0.370,0.403,0.9144
t_293,0.288,0.288,0.288,0.328,0.308,0.328,0.9148
t_294,0.137,0.137,0.137,0.267,0.202,0.267,0.9189
t_295,0.101,0.101,0.101,0.214,0.158,0.214,0.9206
t_296,0.065,0.065,0.065,0.183,0.124,0.183,0.9055
t_297,0.045,0.045,0.045,0.143,0.094,0.143,0.8691
t_298,0.038,0.038,0.038,0.089,0.064,0.089,0.818
t_299,0.090,0.090,0.090,0.094,0.092,0.094,0.8116
t_300,0.107,0.107,0.107,0.135,0.121,0.135,0.8161
t_301,0.094,0.094,0.094,0.127,0.111,0.127,0.7909
t_302,0.082,0.082,0.082,0.100,0.091,0.100,0.7694
t_303,0.049,0.049,0.049,0.077,0.063,0.077,0.7454
t_304,0.014,0.014,0.014,0.070,0.042,0.070,0.7383
t_305,0.007,0.007,0.007,0.066,0.037,0.066,0.724
t_306,0.007,0.007,0.007,0.057,0.032,0.057,0.7137
t_307,0.012,0.012,0.012,0.049,0.031,0.049,0.6724
t_308,0.015,0.015,0.015,0.042,0.029,0.042,0.6621
t_309,0.019,0.019,0.019,0.035,0.027,0.035,0.6455
t_310,0.027,0.027,0.027,0.033,0.030,0.033,0.6291
t_311,0.034,0.034,0.034,0.032,0.033,0.032,0.617
t_312,0.037,0.037,0.037,0.030,0.034,0.030,0.5994
t_313,0.043,0.043,0.043,0.029,0.036,0.029,0.5865
t_314,0.051,0.051,0.051,0.034,0.043,0.034,0.589
t_315,0.056,0.056,0.056,0.038,0.047,0.038,0.5908
t_316,0.063,0.063,0.063,0.028,0.046,0.028,0.5951
t_317,0.069,0.069,0.069,0.020,0.045,0.020,0.574
t_318,0.074,0.074,0.074,0.020,0.047,0.020,0.5136
t_319,0.077,0.077,0.077,0.019,0.048,0.019,0.451
t_320,0.087,0.087,0.087,0.022,0.055,0.022,0.3858
t_321,0.091,0.091,0.091,0.017,0.054,0.017,0.2777
t_322,0.051,0.051,0.051,0.004,0.028,0.004,0.1435
t_323,0.013,0.013,0.013,0.001,0.007,0.001,0.0542
t_324,0.009,0.009,0.009,0.001,0.005,0.001,0.0366
t_325,0.004,0.004,0.004,0.001,0.003,0.001,0.041
t_326,0.002,0.002,0.002,0.001,0.002,0.001,0.0356
t_327,0.001,0.001,0.001,0.001,0.001,0.001,0.0378
t_328,0.004,0.004,0.004,0.002,0.003,0.002,0.0523
t_329,0.015,0.015,0.015,0.005,0.010,0.005,0.0689
t_330,0.027,0.027,0.027,0.007,0.017,0.007,0.0918
t_331,0.044,0.044,0.044,0.007,0.026,0.007,0.1259
t_332,0.064,0.064,0.064,0.008,0.036,0.008,0.1435
t_333,0.081,0.081,0.081,0.011,0.046,0.011,0.1391
t_334,0.081,0.081,0.081,0.019,0.050,0.019,0.1219
t_335,0.085,0.085,0.085,0.027,0.056,0.027,0.1056
t_336,0.095,0.095,0.095,0.036,0.066,0.036,0.1187
t_337,0.097,0.097,0.097,0.035,0.066,0.035,0.1443
t_338,0.088,0.088,0.088,0.036,0.062,0.036,0.1725
t_339,0.073,0.073,0.073,0.038,0.056,0.038,0.1929
t_340,0.071,0.071,0.071,0.032,0.052,0.032,0.2008
t_341,0.079,0.079,0.079,0.032,0.056,0.032,0.1882
t_342,0.089,0.089,0.089,0.031,0.060,0.031,0.1491
t_343,0.101,0.101,0.101,0.032,0.067,0.032,0.1018
t_344,0.123,0.123,0.123,0.031,0.077,0.031,0.0638
t_345,0.138,0.138,0.138,0.025,0.082,0.025,0.0279
t_346,0.084,0.084,0.084,0.007,0.046,0.007,0.0046
t_347,0.048,0.048,0.048,0.002,0.025,0.002,0.0029
t_348,0.042,0.042,0.042,0.001,0.022,0.001,0.003
t_349,0.062,0.062,0.062,0.000,0.031,0.000,0.0026
t_350,0.090,0.090,0.090,0.000,0.045,0.000,0.0026
t_351,0.125,0.125,0.125,0.000,0.063,0.000,0.0043
t_352,0.161,0.161,0.161,0.000,0.081,0.000,0.0016
t_353,0.197,0.197,0.197,0.000,0.099,0.000,0.0006
t_354,0.184,0.184,0.184,0.000,0.092,0.000,0.0011
t_355,0.174,0.174,0.174,0.001,0.088,0.001,0.0032
t_356,0.169,0.169,0.169,0.009,0.089,0.009,0.0039
t_357,0.145,0.145,0.145,0.022,0.084,0.022,0.0076
t_358,0.118,0.118,0.118,0.028,0.073,0.028,0.0152
t_359,0.136,0.136,0.136,0.030,0.083,0.030,0.0306
t_360,0.157,0.157,0.157,0.047,0.102,0.047,0.0522
t_361,0.298,0.298,0.298,0.073,0.186,0.073,0.0742
t_362,0.328,0.328,0.328,0.101,0.215,0.101,0.0939
t_363,0.215,0.215,0.215,0.142,0.179,0.142,0.1174
t_364,0.263,0.263,0.263,0.196,0.230,0.196,0.125
t_365,0.280,0.280,0.280,0.247,0.264,0.247,0.1084
t_366,0.276,0.276,0.276,0.263,0.270,0.263,0.0869
t_367,0.266,0.266,0.266,0.248,0.257,0.248,0.0689
t_368,0.288,0.288,0.288,0.208,0.248,0.208,0.0546
t_369,0.324,0.324,0.324,0.116,0.220,0.116,0.0459
t_370,0.259,0.259,0.259,0.032,0.146,0.032,0.0363
t_371,0.194,0.194,0.194,0.007,0.101,0.007,0.0193
t_372,0.191,0.191,0.191,0.003,0.097,0.003,0.0105
t_373,0.193,0.193,0.193,0.005,0.099,0.005,0.0104
t_374,0.199,0.199,0.199,0.005,0.102,0.005,0.0115
t_375,0.209,0.209,0.209,0.005,0.107,0.005,0.0111
t_376,0.216,0.216,0.216,0.003,0.110,0.003,0.0149
t_377,0.277,0.277,0.277,0.001,0.139,0.001,0.0248
t_378,0.377,0.377,0.377,0.001,0.189,0.001,0.0405
t_379,0.461,0.461,0.461,0.003,0.232,0.003,0.059
t_380,0.532,0.532,0.532,0.006,0.269,0.006,0.0727
t_381,0.581,0.581,0.581,0.011,0.296,0.011,0.0756
t_382,0.590,0.590,0.590,0.013,0.302,0.013,0.0737
t_383,0.584,0.584,0.584,0.004,0.294,0.004,0.0755
t_384,0.573,0.573,0.573,0.009,0.291,0.009,0.0828
t_385,0.567,0.567,0.567,0.012,0.290,0.012,0.0918
t_386,0.553,0.553,0.553,0.010,0.282,0.010,0.104
t_387,0.528,0.528,0.528,0.017,0.273,0.017,0.1154
t_388,0.550,0.550,0.550,0.016,0.283,0.016,0.118
t_389,0.746,0.746,0.746,0.006,0.376,0.006,0.1197
t_390,0.717,0.717,0.717,0.003,0.360,0.003,0.1238
t_391,0.694,0.694,0.694,0.003,0.349,0.003,0.1374
t_392,0.698,0.698,0.698,0.007,0.353,0.007,0.1512
t_393,0.695,0.695,0.695,0.017,0.356,0.017,0.1505
t_394,0.616,0.616,0.616,0.021,0.319,0.021,0.1174
t_395,0.525,0.525,0.525,0.024,0.275,0.024,0.0751
t_396,0.501,0.501,0.501,0.034,0.268,0.034,0.0445
t_397,0.505,0.505,0.505,0.037,0.271,0.037,0.0334
t_398,0.539,0.539,0.539,0.046,0.293,0.046,0.0355
t_399,0.606,0.606,0.606,0.061,0.334,0.061,0.0567
t_400,0.706,0.706,0.706,0.077,0.392,0.077,0.0872
t_401,0.830,0.830,0.830,0.073,0.452,0.073,0.1162
t_402,0.862,0.862,0.862,0.064,0.463,0.064,0.1474
t_403,0.906,0.906,0.906,0.054,0.480,0.054,0.1791
t_404,0.936,0.936,0.936,0.059,0.498,0.059,0.1994
t_405,0.950,0.950,0.950,0.070,0.510,0.070,0.2084
t_406,0.958,0.958,0.958,0.083,0.521,0.083,0.2109
t_407,0.965,0.965,0.965,0.112,0.539,0.112,0.1991
t_408,0.969,0.969,0.969,0.147,0.558,0.147,0.19
t_409,0.973,0.973,0.973,0.176,0.575,0.176,0.189
t_410,0.974,0.974,0.974,0.194,0.584,0.194,0.1993
t_411,0.976,0.976,0.976,0.220,0.598,0.220,0.2157
t_412,0.972,0.972,0.972,0.201,0.587,0.201,0.2243
t_413,0.972,0.972,0.972,0.168,0.570,0.168,0.2059
t_414,0.992,0.992,0.992,0.133,0.563,0.133,0.1935
t_415,0.981,0.981,0.981,0.097,0.539,0.097,0.1915
t_416,0.975,0.975,0.975,0.078,0.527,0.078,0.1856
t_417,0.981,0.981,0.981,0.054,0.518,0.054,0.1661
t_418,0.967,0.967,0.967,0.032,0.500,0.032,0.1258
t_419,0.871,0.871,0.871,0.021,0.446,0.021,0.1356
t_420,0.961,0.961,0.961,0.016,0.489,0.016,0.15
t_421,0.963,0.963,0.963,0.011,0.487,0.011,0.1676
t_422,0.938,0.938,0.938,0.008,0.473,0.008,0.1571
t_423,0.897,0.897,0.897,0.006,0.452,0.006,0.1363
t_424,0.827,0.827,0.827,0.003,0.415,0.003,0.1224
t_425,0.779,0.779,0.779,0.004,0.392,0.004,0.1028
t_426,0.733,0.733,0.733,0.003,0.368,0.003,0.089
t_427,0.450,0.450,0.450,0.001,0.226,0.001,0.082
t_428,0.286,0.286,0.286,0.001,0.144,0.001,0.0738
t_429,0.179,0.179,0.179,0.001,0.090,0.001,0.0752
t_430,0.214,0.214,0.214,0.002,0.108,0.002,0.0791
t_431,0.149,0.149,0.149,0.005,0.077,0.005,0.0568
t_432,0.153,0.153,0.153,0.036,0.095,0.036,0.0339
t_433,0.134,0.134,0.134,0.076,0.105,0.076,0.0131
t_434,0.127,0.127,0.127,0.114,0.121,0.114,0.0064
t_435,0.140,0.140,0.140,0.141,0.141,0.141,0.011
t_436,0.155,0.155,0.155,0.168,0.162,0.168,0.0423
t_437,0.165,0.165,0.165,0.170,0.168,0.170,0.0941
t_438,0.163,0.163,0.163,0.177,0.170,0.177,0.1389
t_439,0.165,0.165,0.165,0.183,0.174,0.183,0.1689
t_440,0.294,0.294,0.294,0.170,0.232,0.170,0.2314
t_441,0.251,0.251,0.251,0.124,0.188,0.124,0.2317
t_442,0.168,0.168,0.168,0.072,0.120,0.072,0.1842
t_443,0.142,0.142,0.142,0.047,0.095,0.047,0.1691
t_444,0.172,0.172,0.172,0.034,0.103,0.034,0.1759
t_445,0.215,0.215,0.215,0.033,0.124,0.033,0.1366
t_446,0.260,0.260,0.260,0.026,0.143,0.026,0.0551
t_447,0.539,0.539,0.539,0.017,0.278,0.017,0.0078
t_448,0.792,0.792,0.792,0.012,0.402,0.012,0.0023
t_449,0.934,0.934,0.934,0.009,0.472,0.009,0.0076
t_450,0.950,0.950,0.950,0.030,0.490,0.030,0.0234
t_451,0.896,0.896,0.896,0.068,0.482,0.068,0.0278
t_452,0.911,0.911,0.911,0.143,0.527,0.143,0.0317
t_453,0.928,0.928,0.928,0.245,0.587,0.245,0.0407
t_454,0.921,0.921,0.921,0.303,0.612,0.303,0.0558
t_455,0.923,0.923,0.923,0.293,0.608,0.293,0.073
t_456,0.934,0.934,0.934,0.291,0.613,0.291,0.0875
t_457,0.965,0.965,0.965,0.239,0.602,0.239,0.1025
t_458,0.992,0.992,0.992,0.246,0.619,0.246,0.1141
t_459,0.987,0.987,0.987,0.227,0.607,0.227,0.1209
t_460,0.987,0.987,0.987,0.234,0.611,0.234,0.1177
t_461,0.967,0.967,0.967,0.248,0.608,0.248,0.1042
t_462,0.929,0.929,0.929,0.295,0.612,0.295,0.0928
t_463,0.949,0.949,0.949,0.297,0.623,0.297,0.0906
t_464,0.965,0.965,0.965,0.275,0.620,0.275,0.0692
t_465,0.963,0.963,0.963,0.192,0.578,0.192,0.0643
t_466,0.974,0.974,0.974,0.102,0.538,0.102,0.0728
t_467,0.983,0.983,0.983,0.096,0.540,0.096,0.0798
t_468,0.996,0.996,0.996,0.110,0.553,0.110,0.0961
t_469,0.932,0.932,0.932,0.124,0.528,0.124,0.0967
t_470,0.834,0.834,0.834,0.156,0.495,0.156,0.1062
t_471,0.659,0.659,0.659,0.155,0.407,0.155,0.087
t_472,0.443,0.443,0.443,0.120,0.282,0.120,0.0599
t_473,0.369,0.369,0.369,0.083,0.226,0.083,0.0487
t_474,0.328,0.328,0.328,0.052,0.190,0.052,0.0401
t_475,0.263,0.263,0.263,0.030,0.147,0.030,0.0289
t_476,0.260,0.260,0.260,0.018,0.139,0.018,0.0206
t_477,0.311,0.311,0.311,0.010,0.161,0.010,0.0154
t_478,0.202,0.202,0.202,0.010,0.106,0.010,0.0138
t_479,0.224,0.224,0.224,0.013,0.119,0.013,0.0125
t_480,0.269,0.269,0.269,0.021,0.145,0.021,0.0042
t_481,0.312,0.312,0.312,0.034,0.173,0.034,0.0036
t_482,0.531,0.531,0.531,0.045,0.288,0.045,0.0032
t_483,0.535,0.535,0.535,0.064,0.300,0.064,0.0058
t_484,0.528,0.528,0.528,0.108,0.318,0.108,0.0089
t_485,0.523,0.523,0.523,0.142,0.333,0.142,0.0143
t_486,0.570,0.570,0.570,0.159,0.365,0.159,0.0177
t_487,0.575,0.575,0.575,0.191,0.383,0.191,0.016
t_488,0.581,0.581,0.581,0.206,0.394,0.206,0.0155
t_489,0.551,0.551,0.551,0.169,0.360,0.169,0.0186
t_490,0.485,0.485,0.485,0.111,0.298,0.111,0.0166
t_491,0.442,0.442,0.442,0.088,0.265,0.088,0.0083
t_492,0.494,0.494,0.494,0.068,0.281,0.068,0.0076
t_493,0.537,0.537,0.537,0.049,0.293,0.049,0.0046
t_494,0.584,0.584,0.584,0.044,0.314,0.044,0.0006
t_495,0.677,0.677,0.677,0.054,0.366,0.054,0.0002
t_496,0.849,0.849,0.849,0.059,0.454,0.059,0
t_497,0.981,0.981,0.981,0.062,0.522,0.062,0
t_498,0.981,0.981,0.981,0.109,0.545,0.109,0
t_499,0.984,0.984,0.984,0.195,0.590,0.195,0.0014
t_500,0.995,0.995,0.995,0.286,0.641,0.286,0.0068
t_501,0.995,0.995,0.995,0.361,0.678,0.361,0.0104
t_502,0.995,0.995,0.995,0.436,0.716,0.436,0.0101
t_503,0.995,0.995,0.995,0.514,0.755,0.514,0.0171
t_504,0.981,0.981,0.981,0.602,0.792,0.602,0.029
t_505,0.839,0.839,0.839,0.642,0.741,0.642,0.0306
t_506,0.839,0.839,0.839,0.659,0.749,0.659,0.0403
t_507,0.696,0.696,0.696,0.723,0.710,0.723,0.0457
t_508,0.490,0.490,0.490,0.822,0.656,0.822,0.0428
t_509,0.484,0.484,0.484,0.919,0.702,0.919,0.0438
t_510,0.484,0.484,0.484,0.958,0.721,0.958,0.0457
t_511,0.484,0.484,0.484,0.984,0.734,0.984,0.0457
t_512,0.484,0.484,0.484,0.991,0.738,0.991,0.0418
t_513,0.499,0.499,0.499,0.994,0.747,0.994,0.0334
t_514,0.531,0.531,0.531,0.992,0.762,0.992,0.0332
t_515,0.500,0.500,0.500,0.993,0.747,0.993,0.0557
t_516,0.488,0.488,0.488,0.990,0.739,0.990,0.0847
t_517,0.484,0.484,0.484,0.982,0.733,0.982,0.102
t_518,0.484,0.484,0.484,0.958,0.721,0.958,0.1016
t_519,0.484,0.484,0.484,0.952,0.718,0.952,0.0906
t_520,0.484,0.484,0.484,0.961,0.723,0.961,0.0689
t_521,0.484,0.484,0.484,0.976,0.730,0.976,0.0421
t_522,0.484,0.484,0.484,0.984,0.734,0.984,0.0422
t_523,0.484,0.484,0.484,0.992,0.738,0.992,0.0422
t_524,0.484,0.484,0.484,0.996,0.740,0.996,0.0446
t_525,0.484,0.484,0.484,0.996,0.740,0.996,0.0495
t_526,0.482,0.482,0.482,0.997,0.740,0.997,0.059
t_527,0.419,0.419,0.419,0.998,0.709,0.998,0.0712
t_528,0.422,0.422,0.422,0.998,0.710,0.998,0.1012
t_529,0.452,0.452,0.452,0.999,0.726,0.999,0.1161
t_530,0.452,0.452,0.452,1.000,0.726,1.000,0.1222
t_531,0.440,0.440,0.440,0.999,0.720,0.999,0.1249
t_532,0.422,0.422,0.422,1.000,0.711,1.000,0.1112
t_533,0.409,0.409,0.409,1.000,0.705,1.000,0.0883
t_534,0.436,0.436,0.436,0.999,0.718,0.999,0.0821
t_535,0.484,0.484,0.484,0.999,0.742,0.999,0.0831
t_536,0.484,0.484,0.484,1.000,0.742,1.000,0.0893
t_537,0.839,0.839,0.839,0.990,0.915,0.990,0.0687
t_538,0.993,0.993,0.993,0.976,0.985,0.976,0.0854
t_539,0.985,0.985,0.985,0.948,0.967,0.948,0.1228
t_540,0.922,0.922,0.922,0.914,0.918,0.914,0.1803
t_541,0.794,0.794,0.794,0.879,0.837,0.879,0.1973
t_542,0.650,0.650,0.650,0.830,0.740,0.830,0.1704
t_543,0.559,0.559,0.559,0.769,0.664,0.769,0.1206
t_544,0.466,0.466,0.466,0.675,0.571,0.675,0.0829
t_545,0.465,0.465,0.465,0.566,0.516,0.566,0.0555
t_546,0.519,0.519,0.519,0.490,0.505,0.490,0.033
t_547,0.532,0.532,0.532,0.495,0.514,0.495,0.0312
t_548,0.513,0.513,0.513,0.529,0.521,0.529,0.0595
t_549,0.521,0.521,0.521,0.575,0.548,0.575,0.0988
t_550,0.578,0.578,0.578,0.667,0.623,0.667,0.1641
t_551,0.654,0.654,0.654,0.765,0.710,0.765,0.2372
t_552,0.742,0.742,0.742,0.836,0.789,0.836,0.3735
t_553,0.800,0.800,0.800,0.897,0.849,0.897,0.4445
t_554,0.839,0.839,0.839,0.933,0.886,0.933,0.3977
t_555,0.853,0.853,0.853,0.958,0.906,0.958,0.3691
t_556,0.881,0.881,0.881,0.964,0.923,0.964,0.4631
t_557,0.937,0.937,0.937,0.960,0.949,0.960,0.642
t_558,0.929,0.929,0.929,0.976,0.953,0.976,0.7154
t_559,0.913,0.913,0.913,0.980,0.947,0.980,0.6914
t_560,0.804,0.804,0.804,0.984,0.894,0.984,0.6261
t_561,0.687,0.687,0.687,0.982,0.835,0.982,0.5754
t_562,0.592,0.592,0.592,0.979,0.786,0.979,0.5266
t_563,0.552,0.552,0.552,0.977,0.765,0.977,0.4919
t_564,0.581,0.581,0.581,0.979,0.780,0.979,0.4905
t_565,0.627,0.627,0.627,0.970,0.799,0.970,0.44
t_566,0.588,0.588,0.588,0.953,0.771,0.953,0.2781
t_567,0.508,0.508,0.508,0.954,0.731,0.954,0.1127
t_568,0.466,0.466,0.466,0.962,0.714,0.962,0.0443
t_569,0.433,0.433,0.433,0.963,0.698,0.963,0.0087
t_570,0.663,0.663,0.663,0.948,0.806,0.948,0.001
t_571,0.668,0.668,0.668,0.925,0.797,0.925,0.0116
t_572,0.679,0.679,0.679,0.904,0.792,0.904,0.0237
t_573,0.765,0.765,0.765,0.859,0.812,0.859,0.0311
t_574,0.875,0.875,0.875,0.814,0.845,0.814,0.0347
t_575,0.932,0.932,0.932,0.724,0.828,0.724,0.0354
t_576,0.964,0.964,0.964,0.602,0.783,0.602,0.0326
t_577,0.995,0.995,0.995,0.462,0.729,0.462,0.0204
t_578,0.995,0.995,0.995,0.306,0.651,0.306,0.0148
t_579,0.995,0.995,0.995,0.211,0.603,0.211,0.0174
t_580,0.958,0.958,0.958,0.176,0.567,0.176,0.0221
t_581,0.981,0.981,0.981,0.180,0.581,0.180,0.0204
t_582,0.981,0.981,0.981,0.242,0.612,0.242,0.0207
t_583,0.981,0.981,0.981,0.352,0.667,0.352,0.0183
t_584,0.981,0.981,0.981,0.526,0.754,0.526,0.0416
t_585,0.985,0.985,0.985,0.737,0.861,0.737,0.1101
t_586,0.988,0.988,0.988,0.910,0.949,0.910,0.1379
t_587,0.989,0.989,0.989,0.968,0.979,0.968,0.2059
t_588,0.984,0.984,0.984,0.995,0.990,0.995,0.2366
t_589,0.981,0.981,0.981,0.999,0.990,0.999,0.2187
t_590,0.981,0.981,0.981,0.999,0.990,0.999,0.1985
t_591,0.981,0.981,0.981,0.999,0.990,0.999,0.1782
t_592,0.981,0.981,0.981,0.999,0.990,0.999,0.1501
t_593,0.981,0.981,0.981,1.000,0.991,1.000,0.1294
t_594,0.981,0.981,0.981,0.998,0.990,0.998,0.0841
t_595,0.981,0.981,0.981,0.999,0.990,0.999,0.0607
t_596,0.981,0.981,0.981,0.999,0.990,0.999,0.0536
t_597,0.993,0.993,0.993,1.000,0.997,1.000,0.0343
t_598,0.995,0.995,0.995,1.000,0.998,1.000,0.0184
t_599,0.995,0.995,0.995,1.000,0.998,1.000,0.008
t_600,0.991,0.991,0.991,0.999,0.995,0.999,0.0038
t_601,0.960,0.960,0.960,0.998,0.979,0.998,0.0033
t_602,0.965,0.965,0.965,0.998,0.982,0.998,0.0082
t_603,0.946,0.946,0.946,0.996,0.971,0.996,0.0163
t_604,0.931,0.931,0.931,0.994,0.963,0.994,0.0242
t_605,0.934,0.934,0.934,0.989,0.962,0.989,0.0215
t_606,0.968,0.968,0.968,0.979,0.974,0.979,0.0139
t_607,0.982,0.982,0.982,0.947,0.965,0.947,0.0176
t_608,0.981,0.981,0.981,0.830,0.906,0.830,0.0256
t_609,0.981,0.981,0.981,0.603,0.792,0.603,0.0403
t_610,0.981,0.981,0.981,0.317,0.649,0.317,0.0908
t_611,0.984,0.984,0.984,0.199,0.592,0.199,0.1561
t_612,0.995,0.995,0.995,0.224,0.610,0.224,0.1969
t_613,0.995,0.995,0.995,0.399,0.697,0.399,0.2674
t_614,0.995,0.995,0.995,0.661,0.828,0.661,0.2917
t_615,0.995,0.995,0.995,0.798,0.897,0.798,0.2306
t_616,0.985,0.985,0.985,0.858,0.922,0.858,0.1828
t_617,0.981,0.981,0.981,0.885,0.933,0.885,0.1755
t_618,0.981,0.981,0.981,0.934,0.958,0.934,0.1848
t_619,0.981,0.981,0.981,0.980,0.981,0.980,0.0969
t_620,0.981,0.981,0.981,0.994,0.988,0.994,0.0438
t_621,0.981,0.981,0.981,0.985,0.983,0.985,0.1496
t_622,0.991,0.991,0.991,0.991,0.991,0.991,0.5324
t_623,0.974,0.974,0.974,0.995,0.985,0.995,0.8263
t_624,0.984,0.984,0.984,0.996,0.990,0.996,0.9183
t_625,0.909,0.909,0.909,0.997,0.953,0.997,0.8893
t_626,0.821,0.821,0.821,0.999,0.910,0.999,0.9048
t_627,0.671,0.671,0.671,0.999,0.835,0.999,0.9053
t_628,0.586,0.586,0.586,0.998,0.792,0.998,0.9185
t_629,0.537,0.537,0.537,0.975,0.756,0.975,0.9234
t_630,0.265,0.265,0.265,0.923,0.594,0.923,0.89
t_631,0.229,0.229,0.229,0.861,0.545,0.861,0.843
t_632,0.176,0.176,0.176,0.817,0.497,0.817,0.802
t_633,0.146,0.146,0.146,0.819,0.483,0.819,0.8102
t_634,0.175,0.175,0.175,0.937,0.556,0.937,0.8692
t_635,0.166,0.166,0.166,0.966,0.566,0.966,0.8896
t_636,0.141,0.141,0.141,0.970,0.556,0.970,0.8934
t_637,0.101,0.101,0.101,0.948,0.525,0.948,0.8844
t_638,0.059,0.059,0.059,0.903,0.481,0.903,0.8232
t_639,0.053,0.053,0.053,0.806,0.430,0.806,0.638
t_640,0.126,0.126,0.126,0.701,0.414,0.701,0.3088
t_641,0.288,0.288,0.288,0.612,0.450,0.612,0.098
t_642,0.520,0.520,0.520,0.532,0.526,0.532,0.0231
t_643,0.733,0.733,0.733,0.450,0.592,0.450,0.0186
t_644,0.879,0.879,0.879,0.429,0.654,0.429,0.0489
t_645,0.952,0.952,0.952,0.370,0.661,0.370,0.0289
t_646,0.972,0.972,0.972,0.338,0.655,0.338,0.0252
t_647,0.981,0.981,0.981,0.315,0.648,0.315,0.0208
t_648,0.995,0.995,0.995,0.375,0.685,0.375,0.0178
t_649,0.995,0.995,0.995,0.459,0.727,0.459,0.0251
t_650,0.995,0.995,0.995,0.569,0.782,0.569,0.0337
t_651,0.981,0.981,0.981,0.711,0.846,0.711,0.0334
t_652,0.926,0.926,0.926,0.819,0.873,0.819,0.0502
t_653,0.884,0.884,0.884,0.917,0.901,0.917,0.0709
t_654,0.955,0.955,0.955,0.950,0.953,0.950,0.0756
t_655,0.981,0.981,0.981,0.970,0.976,0.970,0.0633
t_656,0.981,0.981,0.981,0.978,0.980,0.978,0.057
t_657,0.981,0.981,0.981,0.990,0.986,0.990,0.0421
t_658,0.995,0.995,0.995,0.992,0.994,0.992,0.0449
t_659,0.995,0.995,0.995,0.994,0.995,0.994,0.0483
t_660,0.995,0.995,0.995,0.995,0.995,0.995,0.0382
t_661,0.995,0.995,0.995,0.996,0.996,0.996,0.0363
t_662,0.995,0.995,0.995,0.995,0.995,0.995,0.038
t_663,0.981,0.981,0.981,0.996,0.989,0.996,0.0292
t_664,0.989,0.989,0.989,0.995,0.992,0.995,0.0162
t_665,0.993,0.993,0.993,0.992,0.993,0.992,0.009
t_666,0.994,0.994,0.994,0.986,0.990,0.986,0.0136
t_667,0.996,0.996,0.996,0.982,0.989,0.982,0.0152
t_668,0.997,0.997,0.997,0.977,0.987,0.977,0.0131
t_669,0.998,0.998,0.998,0.974,0.986,0.974,0.0167
t_670,0.997,0.997,0.997,0.969,0.983,0.969,0.0226
t_671,0.997,0.997,0.997,0.966,0.982,0.966,0.0332
t_672,0.996,0.996,0.996,0.968,0.982,0.968,0.0256
t_673,0.995,0.995,0.995,0.971,0.983,0.971,0.0201
t_674,0.995,0.995,0.995,0.968,0.982,0.968,0.0212
t_675,0.995,0.995,0.995,0.964,0.980,0.964,0.0258
t_676,0.992,0.992,0.992,0.959,0.976,0.959,0.0234
t_677,0.999,0.999,0.999,0.959,0.979,0.959,0.0152
t_678,0.988,0.988,0.988,0.967,0.978,0.967,0.021
t_679,0.957,0.957,0.957,0.979,0.968,0.979,0.045
t_680,0.930,0.930,0.930,0.976,0.953,0.976,0.063
t_681,0.867,0.867,0.867,0.974,0.921,0.974,0.0714
t_682,0.851,0.851,0.851,0.952,0.902,0.952,0.058
t_683,0.927,0.927,0.927,0.929,0.928,0.929,0.0598
t_684,0.966,0.966,0.966,0.918,0.942,0.918,0.0887
t_685,0.984,0.984,0.984,0.913,0.949,0.913,0.1025
t_686,0.966,0.966,0.966,0.912,0.939,0.912,0.092
t_687,0.981,0.981,0.981,0.947,0.964,0.947,0.0347
t_688,0.972,0.972,0.972,0.977,0.975,0.977,0.0013
t_689,0.971,0.971,0.971,0.982,0.977,0.982,0.0029
t_690,0.980,0.980,0.980,0.974,0.977,0.974,0.005
t_691,0.995,0.995,0.995,0.961,0.978,0.961,0.0068
t_692,0.995,0.995,0.995,0.932,0.964,0.932,0.0092
t_693,0.995,0.995,0.995,0.890,0.943,0.890,0.0188
t_694,0.995,0.995,0.995,0.858,0.927,0.858,0.0125
t_695,0.995,0.995,0.995,0.834,0.915,0.834,0.006
t_696,0.995,0.995,0.995,0.802,0.899,0.802,0.0051
t_697,0.995,0.995,0.995,0.735,0.865,0.735,0.0084
t_698,0.995,0.995,0.995,0.644,0.820,0.644,0.0133
t_699,0.987,0.987,0.987,0.637,0.812,0.637,0.0224
t_700,0.973,0.973,0.973,0.711,0.842,0.711,0.0174
t_701,0.937,0.937,0.937,0.785,0.861,0.785,0.0074
t_702,0.924,0.924,0.924,0.843,0.884,0.843,0.0035
t_703,0.852,0.852,0.852,0.873,0.863,0.873,0.0028
t_704,0.789,0.789,0.789,0.881,0.835,0.881,0.0037
t_705,0.678,0.678,0.678,0.853,0.766,0.853,0.0026
t_706,0.600,0.600,0.600,0.813,0.707,0.813,0.0011
t_707,0.511,0.511,0.511,0.745,0.628,0.745,0.0028
t_708,0.503,0.503,0.503,0.716,0.610,0.716,0.0075
t_709,0.599,0.599,0.599,0.632,0.616,0.632,0.015
t_710,0.499,0.499,0.499,0.542,0.521,0.542,0.0186
t_711,0.340,0.340,0.340,0.496,0.418,0.496,0.0239
t_712,0.213,0.213,0.213,0.431,0.322,0.431,0.0648
t_713,0.217,0.217,0.217,0.383,0.300,0.383,0.1008
t_714,0.369,0.369,0.369,0.369,0.369,0.369,0.1046
t_715,0.613,0.613,0.613,0.328,0.471,0.328,0.1263
t_716,0.592,0.592,0.592,0.283,0.438,0.283,0.2098
t_717,0.389,0.389,0.389,0.185,0.287,0.185,0.3388
t_718,0.199,0.199,0.199,0.131,0.165,0.131,0.5754
t_719,0.044,0.044,0.044,0.087,0.066,0.087,0.7066
t_720,0.010,0.010,0.010,0.048,0.029,0.048,0.7468
t_721,0.001,0.001,0.001,0.021,0.011,0.021,0.8114
t_722,0.000,0.000,0.000,0.013,0.007,0.013,0.8582
t_723,0.003,0.003,0.003,0.014,0.009,0.014,0.886
t_724,0.008,0.008,0.008,0.025,0.017,0.025,0.8815
t_725,0.007,0.007,0.007,0.030,0.019,0.030,0.87
t_726,0.003,0.003,0.003,0.022,0.013,0.022,0.8182
t_727,0.004,0.004,0.004,0.017,0.011,0.017,0.7611
t_728,0.024,0.024,0.024,0.010,0.017,0.010,0.7129
t_729,0.038,0.038,0.038,0.006,0.022,0.006,0.6059
t_730,0.028,0.028,0.028,0.007,0.018,0.007,0.3825
t_731,0.011,0.011,0.011,0.002,0.007,0.002,0.1682
t_732,0.001,0.001,0.001,0.000,0.001,0.000,0.0375
t_733,0.000,0.000,0.000,0.000,0.000,0.000,0.0015
t_734,0.000,0.000,0.000,0.000,0.000,0.000,0
t_735,0.001,0.001,0.001,0.000,0.001,0.000,0
t_736,0.002,0.002,0.002,0.001,0.002,0.001,0
t_737,0.031,0.031,0.031,0.014,0.023,0.014,0.0001
t_738,0.088,0.088,0.088,0.030,0.059,0.030,0.0001
t_739,0.141,0.141,0.141,0.040,0.091,0.040,0.0001
t_740,0.194,0.194,0.194,0.039,0.117,0.039,0
t_741,0.259,0.259,0.259,0.055,0.157,0.055,0
t_742,0.321,0.321,0.321,0.096,0.209,0.096,0
t_743,0.352,0.352,0.352,0.133,0.243,0.133,0.0001
t_744,0.385,0.385,0.385,0.164,0.275,0.164,0.0007
t_745,0.423,0.423,0.423,0.231,0.327,0.231,0.0007
t_746,0.446,0.446,0.446,0.279,0.363,0.279,0.0008
t_747,0.447,0.447,0.447,0.343,0.395,0.343,0.0011
t_748,0.447,0.447,0.447,0.394,0.421,0.394,0.0013
t_749,0.458,0.458,0.458,0.450,0.454,0.450,0.0012
t_750,0.466,0.466,0.466,0.500,0.483,0.500,0.0009
t_751,0.524,0.524,0.524,0.531,0.528,0.531,0.001
t_752,0.549,0.549,0.549,0.518,0.534,0.518,0.0013
t_753,0.535,0.535,0.535,0.436,0.486,0.436,0.0006
t_754,0.481,0.481,0.481,0.373,0.427,0.373,0.0008
t_755,0.428,0.428,0.428,0.312,0.370,0.312,0.0009
t_756,0.427,0.427,0.427,0.256,0.342,0.256,0.0011
t_757,0.445,0.445,0.445,0.206,0.326,0.206,0.0014
t_758,0.455,0.455,0.455,0.178,0.317,0.178,0.0008
t_759,0.574,0.574,0.574,0.172,0.373,0.172,0.0003
t_760,0.713,0.713,0.713,0.135,0.424,0.135,0.0003
t_761,0.840,0.840,0.840,0.175,0.508,0.175,0.0008
t_762,0.902,0.902,0.902,0.226,0.564,0.226,0.0067
t_763,0.890,0.890,0.890,0.283,0.587,0.283,0.0225
t_764,0.926,0.926,0.926,0.316,0.621,0.316,0.0453
t_765,0.940,0.940,0.940,0.369,0.655,0.369,0.0522
t_766,0.948,0.948,0.948,0.402,0.675,0.402,0.0579
t_767,0.948,0.948,0.948,0.412,0.680,0.412,0.0609
t_768,0.946,0.946,0.946,0.408,0.677,0.408,0.063
t_769,0.946,0.946,0.946,0.409,0.678,0.409,0.07
t_770,0.947,0.947,0.947,0.385,0.666,0.385,0.0735
t_771,0.947,0.947,0.947,0.365,0.656,0.365,0.0674
t_772,0.797,0.797,0.797,0.366,0.582,0.366,0.0527
t_773,0.797,0.797,0.797,0.367,0.582,0.367,0.0349
t_774,0.739,0.739,0.739,0.375,0.557,0.375,0.0222
t_775,0.603,0.603,0.603,0.385,0.494,0.385,0.0139
t_776,0.421,0.421,0.421,0.386,0.404,0.386,0.0132
t_777,0.264,0.264,0.264,0.332,0.298,0.332,0.0084
t_778,0.136,0.136,0.136,0.329,0.233,0.329,0.0044
t_779,0.063,0.063,0.063,0.312,0.188,0.312,0.0032
t_780,0.038,0.038,0.038,0.284,0.161,0.284,0.0081
t_781,0.025,0.025,0.025,0.266,0.146,0.266,0.0161
t_782,0.052,0.052,0.052,0.275,0.164,0.275,0.0197
t_783,0.149,0.149,0.149,0.278,0.214,0.278,0.0166
t_784,0.150,0.150,0.150,0.232,0.191,0.232,0.0259
t_785,0.054,0.054,0.054,0.160,0.107,0.160,0.0637
t_786,0.048,0.048,0.048,0.071,0.060,0.071,0.1254
t_787,0.029,0.029,0.029,0.032,0.031,0.032,0.1721
t_788,0.027,0.027,0.027,0.013,0.020,0.013,0.1885
t_789,0.031,0.031,0.031,0.003,0.017,0.003,0.2041
t_790,0.041,0.041,0.041,0.001,0.021,0.001,0.2045
t_791,0.055,0.055,0.055,0.000,0.028,0.000,0.184
t_792,0.057,0.057,0.057,0.000,0.029,0.000,0.1545
t_793,0.050,0.050,0.050,0.000,0.025,0.000,0.129
t_794,0.039,0.039,0.039,0.000,0.020,0.000,0.1002
t_795,0.046,0.046,0.046,0.000,0.023,0.000,0.0689
t_796,0.035,0.035,0.035,0.000,0.018,0.000,0.0499
t_797,0.008,0.008,0.008,0.002,0.005,0.002,0.0586
t_798,0.002,0.002,0.002,0.003,0.003,0.003,0.0687
t_799,0.002,0.002,0.002,0.004,0.003,0.004,0.0678
t_800,0.012,0.012,0.012,0.005,0.009,0.005,0.0655
t_801,0.018,0.018,0.018,0.013,0.016,0.013,0.0676
t_802,0.001,0.001,0.001,0.050,0.026,0.050,0.0282
t_803,0.000,0.000,0.000,0.049,0.025,0.049,0.0164
t_804,0.000,0.000,0.000,0.012,0.006,0.012,0.0406
t_805,0.003,0.003,0.003,0.002,0.003,0.002,0.0271
t_806,0.007,0.007,0.007,0.000,0.004,0.000,0.0119
t_807,0.010,0.010,0.010,0.000,0.005,0.000,0.0012
t_808,0.003,0.003,0.003,0.000,0.002,0.000,0
t_809,0.001,0.001,0.001,0.000,0.001,0.000,0
t_810,0.001,0.001,0.001,0.000,0.001,0.000,0.0001
t_811,0.005,0.005,0.005,0.000,0.003,0.000,0.0027
t_812,0.018,0.018,0.018,0.000,0.009,0.000,0.008
t_813,0.048,0.048,0.048,0.001,0.025,0.001,0.012
t_814,0.040,0.040,0.040,0.009,0.025,0.009,0.0096
t_815,0.015,0.015,0.015,0.025,0.020,0.025,0.0087
t_816,0.004,0.004,0.004,0.047,0.026,0.047,0.0154
t_817,0.002,0.002,0.002,0.066,0.034,0.066,0.0215
t_818,0.002,0.002,0.002,0.077,0.040,0.077,0.0276
t_819,0.002,0.002,0.002,0.083,0.043,0.083,0.0293
t_820,0.003,0.003,0.003,0.072,0.038,0.072,0.036
t_821,0.016,0.016,0.016,0.074,0.045,0.074,0.0503
t_822,0.038,0.038,0.038,0.084,0.061,0.084,0.0484
t_823,0.039,0.039,0.039,0.071,0.055,0.071,0.0467
t_824,0.034,0.034,0.034,0.062,0.048,0.062,0.0348
t_825,0.018,0.018,0.018,0.036,0.027,0.036,0.0178
t_826,0.006,0.006,0.006,0.046,0.026,0.046,0.0071
t_827,0.004,0.004,0.004,0.094,0.049,0.094,0.0041
t_828,0.008,0.008,0.008,0.153,0.081,0.153,0.0039
t_829,0.017,0.017,0.017,0.240,0.129,0.240,0.0072
t_830,0.041,0.041,0.041,0.325,0.183,0.325,0.012
t_831,0.070,0.070,0.070,0.405,0.238,0.405,0.0122
t_832,0.083,0.083,0.083,0.446,0.265,0.446,0.0412
t_833,0.102,0.102,0.102,0.463,0.283,0.463,0.0558
t_834,0.116,0.116,0.116,0.475,0.296,0.475,0.0825
t_835,0.109,0.109,0.109,0.510,0.310,0.510,0.1716
t_836,0.100,0.100,0.100,0.592,0.346,0.592,0.3155
t_837,0.084,0.084,0.084,0.605,0.345,0.605,0.415
t_838,0.063,0.063,0.063,0.589,0.326,0.589,0.46
t_839,0.030,0.030,0.030,0.622,0.326,0.622,0.4882
t_840,0.018,0.018,0.018,0.663,0.341,0.663,0.5497
t_841,0.018,0.018,0.018,0.701,0.360,0.701,0.5645
t_842,0.015,0.015,0.015,0.726,0.371,0.726,0.5613
t_843,0.012,0.012,0.012,0.742,0.377,0.742,0.6201
t_844,0.010,0.010,0.010,0.750,0.380,0.750,0.6612
t_845,0.007,0.007,0.007,0.703,0.355,0.703,0.6627
t_846,0.004,0.004,0.004,0.626,0.315,0.626,0.6936
t_847,0.003,0.003,0.003,0.557,0.280,0.557,0.7197
t_848,0.002,0.002,0.002,0.506,0.254,0.506,0.722
t_849,0.001,0.001,0.001,0.445,0.223,0.445,0.6976
t_850,0.000,0.000,0.000,0.407,0.204,0.407,0.6346
t_851,0.000,0.000,0.000,0.390,0.195,0.390,0.5167
t_852,0.000,0.000,0.000,0.440,0.220,0.440,0.4707
t_853,0.000,0.000,0.000,0.458,0.229,0.458,0.3912
t_854,0.000,0.000,0.000,0.398,0.199,0.398,0.3258
t_855,0.000,0.000,0.000,0.306,0.153,0.306,0.279
t_856,0.000,0.000,0.000,0.261,0.131,0.261,0.2898
t_857,0.000,0.000,0.000,0.263,0.132,0.263,0.3439
t_858,0.000,0.000,0.000,0.264,0.132,0.264,0.4116
t_859,0.000,0.000,0.000,0.238,0.119,0.238,0.4636
t_860,0.000,0.000,0.000,0.205,0.103,0.205,0.4048
t_861,0.000,0.000,0.000,0.171,0.086,0.171,0.3886
t_862,0.001,0.001,0.001,0.156,0.079,0.156,0.3811
t_863,0.005,0.005,0.005,0.152,0.079,0.152,0.3541
t_864,0.011,0.011,0.011,0.162,0.087,0.162,0.3309
t_865,0.017,0.017,0.017,0.192,0.105,0.192,0.3148
t_866,0.025,0.025,0.025,0.236,0.131,0.236,0.3037
t_867,0.034,0.034,0.034,0.273,0.154,0.273,0.2827
t_868,0.036,0.036,0.036,0.286,0.161,0.286,0.2321
t_869,0.037,0.037,0.037,0.290,0.164,0.290,0.1845
t_870,0.035,0.035,0.035,0.301,0.168,0.301,0.1351
t_871,0.032,0.032,0.032,0.324,0.178,0.324,0.0969
t_872,0.051,0.051,0.051,0.345,0.198,0.345,0.0887
t_873,0.030,0.030,0.030,0.365,0.198,0.365,0.0827
t_874,0.026,0.026,0.026,0.437,0.232,0.437,0.0498
t_875,0.017,0.017,0.017,0.527,0.272,0.527,0.0321
t_876,0.028,0.028,0.028,0.613,0.321,0.613,0.0354
t_877,0.040,0.040,0.040,0.672,0.356,0.672,0.0464
t_878,0.040,0.040,0.040,0.709,0.375,0.709,0.0392
t_879,0.027,0.027,0.027,0.741,0.384,0.741,0.0244
t_880,0.010,0.010,0.010,0.763,0.387,0.763,0.0258
t_881,0.014,0.014,0.014,0.772,0.393,0.772,0.0473
t_882,0.044,0.044,0.044,0.760,0.402,0.760,0.11
t_883,0.064,0.064,0.064,0.731,0.398,0.731,0.2034
t_884,0.081,0.081,0.081,0.685,0.383,0.685,0.2788
t_885,0.095,0.095,0.095,0.645,0.370,0.645,0.3274
t_886,0.101,0.101,0.101,0.672,0.387,0.672,0.3551
t_887,0.084,0.084,0.084,0.679,0.382,0.679,0.353
t_888,0.059,0.059,0.059,0.699,0.379,0.699,0.3306
t_889,0.037,0.037,0.037,0.690,0.364,0.690,0.2779
t_890,0.028,0.028,0.028,0.728,0.378,0.728,0.2184
t_891,0.030,0.030,0.030,0.765,0.398,0.765,0.1763
t_892,0.019,0.019,0.019,0.786,0.403,0.786,0.1532
t_893,0.033,0.033,0.033,0.803,0.418,0.803,0.1386
t_894,0.052,0.052,0.052,0.805,0.429,0.805,0.1199
t_895,0.076,0.076,0.076,0.806,0.441,0.806,0.1002
t_896,0.094,0.094,0.094,0.804,0.449,0.804,0.083
t_897,0.087,0.087,0.087,0.808,0.448,0.808,0.0573
t_898,0.075,0.075,0.075,0.846,0.461,0.846,0.0309
t_899,0.098,0.098,0.098,0.887,0.493,0.887,0.0264
t_900,0.116,0.116,0.116,0.916,0.516,0.916,0.0219
t_901,0.142,0.142,0.142,0.909,0.526,0.909,0.0193
t_902,0.161,0.161,0.161,0.870,0.516,0.870,0.0171
t_903,0.155,0.155,0.155,0.802,0.479,0.802,0.0177
t_904,0.162,0.162,0.162,0.750,0.456,0.750,0.0127
t_905,0.208,0.208,0.208,0.705,0.457,0.705,0.0132
t_906,0.473,0.473,0.473,0.661,0.567,0.661,0.0083
t_907,0.566,0.566,0.566,0.632,0.599,0.632,0.0074
t_908,0.400,0.400,0.400,0.613,0.507,0.613,0.0092
t_909,0.445,0.445,0.445,0.601,0.523,0.601,0.0123
t_910,0.493,0.493,0.493,0.613,0.553,0.613,0.0194
t_911,0.516,0.516,0.516,0.636,0.576,0.636,0.0235
t_912,0.485,0.485,0.485,0.657,0.571,0.657,0.0218
t_913,0.414,0.414,0.414,0.680,0.547,0.680,0.0184
t_914,0.353,0.353,0.353,0.727,0.540,0.727,0.0171
t_915,0.301,0.301,0.301,0.744,0.523,0.744,0.0317
t_916,0.245,0.245,0.245,0.756,0.501,0.756,0.0497
t_917,0.178,0.178,0.178,0.774,0.476,0.774,0.0512
t_918,0.150,0.150,0.150,0.771,0.461,0.771,0.0419
t_919,0.158,0.158,0.158,0.742,0.450,0.742,0.037
t_920,0.324,0.324,0.324,0.692,0.508,0.692,0.037
t_921,0.364,0.364,0.364,0.675,0.520,0.675,0.03
t_922,0.287,0.287,0.287,0.735,0.511,0.735,0.0044
t_923,0.430,0.430,0.430,0.820,0.625,0.820,0.0009
t_924,0.569,0.569,0.569,0.890,0.730,0.890,0.0115
t_925,0.567,0.567,0.567,0.922,0.745,0.922,0.0215
t_926,0.531,0.531,0.531,0.919,0.725,0.919,0.0262
t_927,0.772,0.772,0.772,0.873,0.823,0.873,0.0277
t_928,0.784,0.784,0.784,0.852,0.818,0.852,0.0111
t_929,0.808,0.808,0.808,0.843,0.826,0.843,0.0019
t_930,0.830,0.830,0.830,0.874,0.852,0.874,0.0004
t_931,0.848,0.848,0.848,0.862,0.855,0.862,0.0014
t_932,0.850,0.850,0.850,0.844,0.847,0.844,0.0046
t_933,0.848,0.848,0.848,0.837,0.843,0.837,0.0107
t_934,0.830,0.830,0.830,0.833,0.832,0.833,0.0085
t_935,0.826,0.826,0.826,0.831,0.829,0.831,0.0038
t_936,0.807,0.807,0.807,0.790,0.799,0.790,0.0013
t_937,0.798,0.798,0.798,0.759,0.779,0.759,0.0009
t_938,0.768,0.768,0.768,0.720,0.744,0.720,0.0009
t_939,0.512,0.512,0.512,0.698,0.605,0.698,0.002
t_940,0.475,0.475,0.475,0.640,0.558,0.640,0.0068
t_941,0.445,0.445,0.445,0.586,0.516,0.586,0.012
t_942,0.399,0.399,0.399,0.479,0.439,0.479,0.0169
t_943,0.376,0.376,0.376,0.413,0.395,0.413,0.03
t_944,0.340,0.340,0.340,0.327,0.334,0.327,0.0454
t_945,0.253,0.253,0.253,0.247,0.250,0.247,0.0521
t_946,0.175,0.175,0.175,0.203,0.189,0.203,0.0722
t_947,0.176,0.176,0.176,0.178,0.177,0.178,0.0872
t_948,0.180,0.180,0.180,0.165,0.173,0.165,0.0877
t_949,0.178,0.178,0.178,0.170,0.174,0.170,0.082
t_950,0.161,0.161,0.161,0.188,0.175,0.188,0.0946
t_951,0.127,0.127,0.127,0.183,0.155,0.183,0.0776
t_952,0.064,0.064,0.064,0.098,0.081,0.098,0.0691
t_953,0.039,0.039,0.039,0.034,0.037,0.034,0.0915
t_954,0.018,0.018,0.018,0.015,0.017,0.015,0.1582
t_955,0.003,0.003,0.003,0.005,0.004,0.005,0.1671
t_956,0.000,0.000,0.000,0.000,0.000,0.000,0.164
t_957,0.000,0.000,0.000,0.000,0.000,0.000,0.194
t_958,0.000,0.000,0.000,0.000,0.000,0.000,0.2398
t_959,0.002,0.002,0.002,0.000,0.001,0.000,0.2681
t_960,0.007,0.007,0.007,0.000,0.004,0.000,0.2694
t_961,0.022,0.022,0.022,0.000,0.011,0.000,0.2456
t_962,0.043,0.043,0.043,0.000,0.022,0.000,0.201
t_963,0.054,0.054,0.054,0.000,0.027,0.000,0.1419
t_964,0.110,0.110,0.110,0.000,0.055,0.000,0.1038
t_965,0.139,0.139,0.139,0.001,0.070,0.001,0.1219
t_966,0.190,0.190,0.190,0.002,0.096,0.002,0.1314
t_967,0.262,0.262,0.262,0.004,0.133,0.004,0.1014
t_968,0.296,0.296,0.296,0.002,0.149,0.002,0.0569
t_969,0.139,0.139,0.139,0.001,0.070,0.001,0.0126
t_970,0.122,0.122,0.122,0.004,0.063,0.004,0.0256
t_971,0.166,0.166,0.166,0.014,0.090,0.014,0.0805
t_972,0.222,0.222,0.222,0.029,0.126,0.029,0.0974
t_973,0.273,0.273,0.273,0.024,0.149,0.024,0.1046
t_974,0.267,0.267,0.267,0.012,0.140,0.012,0.1045
t_975,0.285,0.285,0.285,0.003,0.144,0.003,0.0817
t_976,0.455,0.455,0.455,0.002,0.229,0.002,0.0442
t_977,0.687,0.687,0.687,0.005,0.346,0.005,0.0233
t_978,0.820,0.820,0.820,0.011,0.416,0.011,0.0142
t_979,0.891,0.891,0.891,0.029,0.460,0.029,0.0133
t_980,0.914,0.914,0.914,0.095,0.505,0.095,0.0196
t_981,0.920,0.920,0.920,0.218,0.569,0.218,0.0351
t_982,0.899,0.899,0.899,0.330,0.615,0.330,0.0313
t_983,0.627,0.627,0.627,0.394,0.511,0.394,0.0383
t_984,0.503,0.503,0.503,0.432,0.468,0.432,0.0441
t_985,0.422,0.422,0.422,0.455,0.439,0.455,0.0505
t_986,0.382,0.382,0.382,0.432,0.407,0.432,0.0474
t_987,0.599,0.599,0.599,0.407,0.503,0.407,0.0384
t_988,0.655,0.655,0.655,0.353,0.504,0.353,0.049
t_989,0.823,0.823,0.823,0.298,0.561,0.298,0.0417
t_990,0.886,0.886,0.886,0.271,0.579,0.271,0.0225
t_991,0.894,0.894,0.894,0.267,0.581,0.267,0.0155
t_992,0.881,0.881,0.881,0.224,0.553,0.224,0.0117
t_993,0.859,0.859,0.859,0.176,0.518,0.176,0.0093
t_994,0.891,0.891,0.891,0.145,0.518,0.145,0.0036
t_995,0.895,0.895,0.895,0.190,0.543,0.190,0.0028
t_996,0.733,0.733,0.733,0.281,0.507,0.281,0.0022
t_997,0.748,0.748,0.748,0.355,0.552,0.355,0.0018
t_998,0.928,0.928,0.928,0.373,0.651,0.373,0.0155
t_999,0.907,0.907,0.907,0.295,0.601,0.295,0.0336
t_1000,0.842,0.842,0.842,0.257,0.550,0.257,0.0442
t_1001,0.838,0.838,0.838,0.298,0.568,0.298,0.0157
t_1002,0.915,0.915,0.915,0.333,0.624,0.333,0.0015
t_1003,0.947,0.947,0.947,0.355,0.651,0.355,0.0002
t_1004,0.963,0.963,0.963,0.366,0.665,0.366,0.0002
t_1005,0.969,0.969,0.969,0.388,0.679,0.388,0.0003
t_1006,0.966,0.966,0.966,0.443,0.705,0.443,0.0006
t_1007,0.975,0.975,0.975,0.493,0.734,0.493,0.001
t_1008,0.980,0.980,0.980,0.540,0.760,0.540,0.0014
t_1009,0.970,0.970,0.970,0.571,0.771,0.571,0.0026
t_1010,0.977,0.977,0.977,0.620,0.799,0.620,0.0058
t_1011,0.979,0.979,0.979,0.670,0.825,0.670,0.0085
t_1012,0.948,0.948,0.948,0.720,0.834,0.720,0.0102
t_1013,0.923,0.923,0.923,0.827,0.875,0.827,0.0124
t_1014,0.845,0.845,0.845,0.871,0.858,0.871,0.0162
t_1015,0.725,0.725,0.725,0.912,0.819,0.912,0.0137
t_1016,0.535,0.535,0.535,0.936,0.736,0.936,0.0085
t_1017,0.349,0.349,0.349,0.939,0.644,0.939,0.0066
t_1018,0.253,0.253,0.253,0.912,0.583,0.912,0.0058
t_1019,0.214,0.214,0.214,0.845,0.530,0.845,0.0034
t_1020,0.128,0.128,0.128,0.843,0.486,0.843,0.0033
t_1021,0.059,0.059,0.059,0.763,0.411,0.763,0.0033
t_1022,0.036,0.036,0.036,0.641,0.339,0.641,0.0043
t_1023,0.009,0.009,0.009,0.436,0.223,0.436,0.003
t_1024,0.001,0.001,0.001,0.250,0.126,0.250,0.0011
t_1025,0.001,0.001,0.001,0.180,0.091,0.180,0.0014
t_1026,0.024,0.024,0.024,0.103,0.064,0.103,0.0012
t_1027,0.090,0.090,0.090,0.044,0.067,0.044,0.0089
t_1028,0.164,0.164,0.164,0.020,0.092,0.020,0.0222
t_1029,0.432,0.432,0.432,0.006,0.219,0.006,0.0385
t_1030,0.594,0.594,0.594,0.013,0.304,0.013,0.0534
t_1031,0.706,0.706,0.706,0.037,0.372,0.037,0.0632
t_1032,0.644,0.644,0.644,0.089,0.367,0.089,0.0612
t_1033,0.688,0.688,0.688,0.243,0.466,0.243,0.0583
t_1034,0.716,0.716,0.716,0.268,0.492,0.268,0.0465
t_1035,0.862,0.862,0.862,0.278,0.570,0.278,0.0411
t_1036,0.862,0.862,0.862,0.218,0.540,0.218,0.0454
t_1037,0.863,0.863,0.863,0.217,0.540,0.217,0.0434
t_1038,0.857,0.857,0.857,0.152,0.505,0.152,0.0307
t_1039,0.846,0.846,0.846,0.172,0.509,0.172,0.0295
t_1040,0.819,0.819,0.819,0.169,0.494,0.169,0.0261
t_1041,0.763,0.763,0.763,0.105,0.434,0.105,0.0244
t_1042,0.705,0.705,0.705,0.047,0.376,0.047,0.0516
t_1043,0.684,0.684,0.684,0.034,0.359,0.034,0.0907
t_1044,0.731,0.731,0.731,0.025,0.378,0.025,0.13
t_1045,0.595,0.595,0.595,0.012,0.304,0.012,0.1539
t_1046,0.511,0.511,0.511,0.007,0.259,0.007,0.1552
t_1047,0.363,0.363,0.363,0.005,0.184,0.005,0.1185
t_1048,0.292,0.292,0.292,0.016,0.154,0.016,0.0833
t_1049,0.367,0.367,0.367,0.040,0.204,0.040,0.0871
t_1050,0.766,0.766,0.766,0.059,0.413,0.059,0.1393
t_1051,0.847,0.847,0.847,0.078,0.463,0.078,0.1499
t_1052,0.846,0.846,0.846,0.112,0.479,0.112,0.1054
t_1053,0.871,0.871,0.871,0.150,0.511,0.150,0.0917
t_1054,0.890,0.890,0.890,0.205,0.548,0.205,0.0693
t_1055,0.859,0.859,0.859,0.274,0.567,0.274,0.0451
t_1056,0.836,0.836,0.836,0.265,0.551,0.265,0.0306
t_1057,0.783,0.783,0.783,0.235,0.509,0.235,0.0213
t_1058,0.820,0.820,0.820,0.248,0.534,0.248,0.0206
t_1059,0.645,0.645,0.645,0.304,0.475,0.304,0.0097
t_1060,0.704,0.704,0.704,0.380,0.542,0.380,0.0052
t_1061,0.736,0.736,0.736,0.427,0.582,0.427,0.0025
t_1062,0.698,0.698,0.698,0.455,0.577,0.455,0.0035
t_1063,0.579,0.579,0.579,0.464,0.522,0.464,0.0148
t_1064,0.415,0.415,0.415,0.487,0.451,0.487,0.0462
t_1065,0.362,0.362,0.362,0.553,0.458,0.553,0.104
t_1066,0.321,0.321,0.321,0.653,0.487,0.653,0.1986
t_1067,0.262,0.262,0.262,0.718,0.490,0.718,0.2852
t_1068,0.253,0.253,0.253,0.729,0.491,0.729,0.3825
t_1069,0.195,0.195,0.195,0.659,0.427,0.659,0.4751
t_1070,0.140,0.140,0.140,0.518,0.329,0.518,0.4806
t_1071,0.065,0.065,0.065,0.370,0.218,0.370,0.3709
t_1072,0.032,0.032,0.032,0.217,0.125,0.217,0.2719
t_1073,0.021,0.021,0.021,0.161,0.091,0.161,0.2167
t_1074,0.089,0.089,0.089,0.161,0.125,0.161,0.1638
t_1075,0.181,0.181,0.181,0.170,0.176,0.170,0.1127
t_1076,0.483,0.483,0.483,0.178,0.331,0.178,0.083
t_1077,0.690,0.690,0.690,0.187,0.439,0.187,0.0936
t_1078,0.761,0.761,0.761,0.167,0.464,0.167,0.1114
t_1079,0.805,0.805,0.805,0.144,0.475,0.144,0.0997
t_1080,0.724,0.724,0.724,0.129,0.427,0.129,0.0749
t_1081,0.812,0.812,0.812,0.094,0.453,0.094,0.0563
t_1082,0.873,0.873,0.873,0.086,0.480,0.086,0.0391
t_1083,0.944,0.944,0.944,0.099,0.522,0.099,0.0269
t_1084,0.969,0.969,0.969,0.146,0.558,0.146,0.0201
t_1085,0.975,0.975,0.975,0.192,0.584,0.192,0.0168
t_1086,0.979,0.979,0.979,0.244,0.612,0.244,0.0217
t_1087,0.981,0.981,0.981,0.311,0.646,0.311,0.0302
t_1088,0.981,0.981,0.981,0.346,0.664,0.346,0.0301
t_1089,0.982,0.982,0.982,0.399,0.691,0.399,0.0212
t_1090,0.995,0.995,0.995,0.523,0.759,0.523,0.0239
t_1091,0.995,0.995,0.995,0.657,0.826,0.657,0.0353
t_1092,0.995,0.995,0.995,0.780,0.888,0.780,0.0445
t_1093,0.995,0.995,0.995,0.903,0.949,0.903,0.0559
t_1094,0.995,0.995,0.995,0.948,0.972,0.948,0.0617
t_1095,0.995,0.995,0.995,0.962,0.979,0.962,0.061
t_1096,0.995,0.995,0.995,0.964,0.980,0.964,0.0465
t_1097,0.995,0.995,0.995,0.963,0.979,0.963,0.03
t_1098,0.995,0.995,0.995,0.956,0.976,0.956,0.0187
t_1099,0.995,0.995,0.995,0.946,0.971,0.946,0.0144
t_1100,0.973,0.973,0.973,0.940,0.957,0.940,0.0151
t_1101,0.958,0.958,0.958,0.927,0.943,0.927,0.0203
t_1102,0.960,0.960,0.960,0.897,0.929,0.897,0.0215
t_1103,0.963,0.963,0.963,0.852,0.908,0.852,0.0211
t_1104,0.954,0.954,0.954,0.800,0.877,0.800,0.019
t_1105,0.943,0.943,0.943,0.738,0.841,0.738,0.0165
t_1106,0.936,0.936,0.936,0.705,0.821,0.705,0.014
t_1107,0.936,0.936,0.936,0.686,0.811,0.686,0.0116
t_1108,0.938,0.938,0.938,0.673,0.806,0.673,0.0175
t_1109,0.938,0.938,0.938,0.634,0.786,0.634,0.0138
t_1110,0.941,0.941,0.941,0.559,0.750,0.559,0.0079
t_1111,0.944,0.944,0.944,0.464,0.704,0.464,0.0044
t_1112,0.934,0.934,0.934,0.419,0.677,0.419,0.0076
t_1113,0.947,0.947,0.947,0.440,0.694,0.440,0.2154
t_1114,0.934,0.934,0.934,0.525,0.730,0.525,0.5265
t_1115,0.904,0.904,0.904,0.640,0.772,0.640,0.6979
t_1116,0.879,0.879,0.879,0.751,0.815,0.751,0.807
t_1117,0.863,0.863,0.863,0.830,0.847,0.830,0.817
t_1118,0.660,0.660,0.660,0.848,0.754,0.848,0.7431
t_1119,0.429,0.429,0.429,0.769,0.599,0.769,0.5428
t_1120,0.421,0.421,0.421,0.662,0.542,0.662,0.3742
t_1121,0.513,0.513,0.513,0.663,0.588,0.663,0.3145
t_1122,0.576,0.576,0.576,0.679,0.628,0.679,0.2995
t_1123,0.579,0.579,0.579,0.710,0.645,0.710,0.2638
t_1124,0.819,0.819,0.819,0.739,0.779,0.739,0.1831
t_1125,0.838,0.838,0.838,0.746,0.792,0.746,0.1549
t_1126,0.894,0.894,0.894,0.724,0.809,0.724,0.1273
t_1127,0.969,0.969,0.969,0.717,0.843,0.717,0.088
t_1128,0.975,0.975,0.975,0.684,0.830,0.684,0.0706
t_1129,0.981,0.981,0.981,0.655,0.818,0.655,0.0564
t_1130,0.995,0.995,0.995,0.656,0.826,0.656,0.073
t_1131,0.995,0.995,0.995,0.643,0.819,0.643,0.0604
t_1132,0.995,0.995,0.995,0.707,0.851,0.707,0.0368
t_1133,0.990,0.990,0.990,0.782,0.886,0.782,0.0188
t_1134,0.995,0.995,0.995,0.862,0.929,0.862,0.017
t_1135,0.995,0.995,0.995,0.925,0.960,0.925,0.0262
t_1136,0.995,0.995,0.995,0.963,0.979,0.963,0.0465
t_1137,0.995,0.995,0.995,0.985,0.990,0.985,0.0544
t_1138,0.979,0.979,0.979,0.985,0.982,0.985,0.0582
t_1139,0.897,0.897,0.897,0.979,0.938,0.979,0.0632
t_1140,0.852,0.852,0.852,0.969,0.911,0.969,0.0817
t_1141,0.827,0.827,0.827,0.947,0.887,0.947,0.0904
t_1142,0.739,0.739,0.739,0.949,0.844,0.949,0.097
t_1143,0.543,0.543,0.543,0.859,0.701,0.859,0.0964
t_1144,0.289,0.289,0.289,0.682,0.486,0.682,0.0774
t_1145,0.163,0.163,0.163,0.534,0.349,0.534,0.0754
t_1146,0.066,0.066,0.066,0.413,0.240,0.413,0.1136
t_1147,0.018,0.018,0.018,0.302,0.160,0.302,0.1185
t_1148,0.012,0.012,0.012,0.220,0.116,0.220,0.1366
t_1149,0.006,0.006,0.006,0.154,0.080,0.154,0.1266
t_1150,0.002,0.002,0.002,0.115,0.059,0.115,0.1535
t_1151,0.012,0.012,0.012,0.086,0.049,0.086,0.1382
t_1152,0.022,0.022,0.022,0.064,0.043,0.064,0.0947
t_1153,0.021,0.021,0.021,0.046,0.034,0.046,0.068
t_1154,0.010,0.010,0.010,0.033,0.022,0.033,0.0216
t_1155,0.020,0.020,0.020,0.028,0.024,0.028,0.0489
t_1156,0.041,0.041,0.041,0.032,0.037,0.032,0.1366
t_1157,0.068,0.068,0.068,0.041,0.055,0.041,0.2103
t_1158,0.132,0.132,0.132,0.043,0.088,0.043,0.2594
t_1159,0.137,0.137,0.137,0.037,0.087,0.037,0.4505
t_1160,0.121,0.121,0.121,0.030,0.076,0.030,0.4806
t_1161,0.198,0.198,0.198,0.027,0.113,0.027,0.4197
t_1162,0.176,0.176,0.176,0.038,0.107,0.038,0.5853
t_1163,0.203,0.203,0.203,0.076,0.140,0.076,0.7064
t_1164,0.129,0.129,0.129,0.128,0.129,0.128,0.8298
t_1165,0.147,0.147,0.147,0.165,0.156,0.165,0.8871
t_1166,0.178,0.178,0.178,0.196,0.187,0.196,0.9022
t_1167,0.196,0.196,0.196,0.216,0.206,0.216,0.896
t_1168,0.203,0.203,0.203,0.237,0.220,0.237,0.8766
t_1169,0.232,0.232,0.232,0.297,0.265,0.297,0.8654
t_1170,0.227,0.227,0.227,0.342,0.285,0.342,0.8736
t_1171,0.201,0.201,0.201,0.356,0.279,0.356,0.8792
t_1172,0.172,0.172,0.172,0.350,0.261,0.350,0.8776
t_1173,0.124,0.124,0.124,0.333,0.229,0.333,0.8741
t_1174,0.074,0.074,0.074,0.341,0.208,0.341,0.8391
t_1175,0.060,0.060,0.060,0.351,0.206,0.351,0.7693
t_1176,0.037,0.037,0.037,0.352,0.195,0.352,0.6666
t_1177,0.036,0.036,0.036,0.336,0.186,0.336,0.5
t_1178,0.100,0.100,0.100,0.297,0.199,0.297,0.4268
t_1179,0.167,0.167,0.167,0.280,0.224,0.280,0.2883
t_1180,0.231,0.231,0.231,0.259,0.245,0.259,0.2013
t_1181,0.353,0.353,0.353,0.232,0.293,0.232,0.2025
t_1182,0.463,0.463,0.463,0.225,0.344,0.225,0.201
t_1183,0.551,0.551,0.551,0.239,0.395,0.239,0.2018
t_1184,0.564,0.564,0.564,0.241,0.403,0.241,0.1634
t_1185,0.503,0.503,0.503,0.257,0.380,0.257,0.0726
t_1186,0.477,0.477,0.477,0.354,0.416,0.354,0.0432
t_1187,0.536,0.536,0.536,0.484,0.510,0.484,0.0044
t_1188,0.608,0.608,0.608,0.578,0.593,0.578,0.0002
t_1189,0.695,0.695,0.695,0.625,0.660,0.625,0.017
t_1190,0.663,0.663,0.663,0.627,0.645,0.627,0.0397
t_1191,0.657,0.657,0.657,0.595,0.626,0.595,0.0485
t_1192,0.712,0.712,0.712,0.552,0.632,0.552,0.048
t_1193,0.816,0.816,0.816,0.578,0.697,0.578,0.0369
t_1194,0.871,0.871,0.871,0.606,0.739,0.606,0.0129
t_1195,0.908,0.908,0.908,0.639,0.774,0.639,0.001
t_1196,0.922,0.922,0.922,0.672,0.797,0.672,0.0022
t_1197,0.920,0.920,0.920,0.705,0.813,0.705,0.0119
t_1198,0.921,0.921,0.921,0.784,0.853,0.784,0.0157
t_1199,0.916,0.916,0.916,0.874,0.895,0.874,0.0146
t_1200,0.919,0.919,0.919,0.924,0.922,0.924,0.0059
t_1201,0.921,0.921,0.921,0.959,0.940,0.959,0.0037
t_1202,0.925,0.925,0.925,0.977,0.951,0.977,0.0031
t_1203,0.926,0.926,0.926,0.985,0.956,0.985,0.0044
t_1204,0.920,0.920,0.920,0.985,0.953,0.985,0.0128
t_1205,0.920,0.920,0.920,0.980,0.950,0.980,0.0267
t_1206,0.913,0.913,0.913,0.960,0.937,0.960,0.0361
t_1207,0.881,0.881,0.881,0.946,0.914,0.946,0.0403
t_1208,0.811,0.811,0.811,0.923,0.867,0.923,0.0359
t_1209,0.700,0.700,0.700,0.897,0.799,0.897,0.0145
t_1210,0.583,0.583,0.583,0.850,0.717,0.850,0.0002
t_1211,0.533,0.533,0.533,0.815,0.674,0.815,0
t_1212,0.332,0.332,0.332,0.781,0.557,0.781,0.0002
t_1213,0.316,0.316,0.316,0.737,0.527,0.737,0.0066
t_1214,0.279,0.279,0.279,0.658,0.469,0.658,0.0116
t_1215,0.197,0.197,0.197,0.571,0.384,0.571,0.0103
t_1216,0.196,0.196,0.196,0.463,0.330,0.463,0.0078
t_1217,0.212,0.212,0.212,0.363,0.288,0.363,0.0032
t_1218,0.291,0.291,0.291,0.256,0.274,0.256,0.0002
t_1219,0.341,0.341,0.341,0.197,0.269,0.197,0.0001
t_1220,0.375,0.375,0.375,0.147,0.261,0.147,0.0004
t_1221,0.423,0.423,0.423,0.112,0.268,0.112,0.0007
t_1222,0.478,0.478,0.478,0.097,0.288,0.097,0.0057
t_1223,0.516,0.516,0.516,0.110,0.313,0.110,0.0103
t_1224,0.595,0.595,0.595,0.126,0.361,0.126,0.0208
t_1225,0.696,0.696,0.696,0.144,0.420,0.144,0.0364
t_1226,0.785,0.785,0.785,0.128,0.457,0.128,0.0334
t_1227,0.850,0.850,0.850,0.114,0.482,0.114,0.0205
t_1228,0.889,0.889,0.889,0.109,0.499,0.109,0.0136
t_1229,0.911,0.911,0.911,0.131,0.521,0.131,0.0138
t_1230,0.938,0.938,0.938,0.148,0.543,0.148,0.0186
t_1231,0.979,0.979,0.979,0.146,0.563,0.146,0.0248
t_1232,0.992,0.992,0.992,0.108,0.550,0.108,0.0252
t_1233,0.997,0.997,0.997,0.057,0.527,0.057,0.0295
t_1234,0.961,0.961,0.961,0.064,0.513,0.064,0.0384
t_1235,0.963,0.963,0.963,0.100,0.532,0.100,0.0472
t_1236,0.933,0.933,0.933,0.192,0.563,0.192,0.0399
t_1237,0.955,0.955,0.955,0.292,0.624,0.292,0.0311
t_1238,0.955,0.955,0.955,0.379,0.667,0.379,0.0243
t_1239,0.943,0.943,0.943,0.384,0.664,0.384,0.0179
t_1240,0.786,0.786,0.786,0.384,0.585,0.384,0.0156
t_1241,0.705,0.705,0.705,0.501,0.603,0.501,0.0131
t_1242,0.652,0.652,0.652,0.608,0.630,0.608,0.0045
t_1243,0.688,0.688,0.688,0.671,0.680,0.671,0.0005
t_1244,0.646,0.646,0.646,0.691,0.669,0.691,0
t_1245,0.649,0.649,0.649,0.734,0.692,0.734,0.0007
t_1246,0.185,0.185,0.185,0.821,0.503,0.821,0.0144
t_1247,0.076,0.076,0.076,0.829,0.453,0.829,0.0472
t_1248,0.026,0.026,0.026,0.793,0.410,0.793,0.0696
t_1249,0.011,0.011,0.011,0.712,0.362,0.712,0.1131
t_1250,0.003,0.003,0.003,0.642,0.323,0.642,0.1607
t_1251,0.000,0.000,0.000,0.563,0.282,0.563,0.1691
t_1252,0.000,0.000,0.000,0.418,0.209,0.418,0.1665
t_1253,0.000,0.000,0.000,0.283,0.142,0.283,0.1726
t_1254,0.002,0.002,0.002,0.172,0.087,0.172,0.168
t_1255,0.007,0.007,0.007,0.081,0.044,0.081,0.1359
t_1256,0.006,0.006,0.006,0.035,0.021,0.035,0.0966
t_1257,0.004,0.004,0.004,0.011,0.008,0.011,0.0455
t_1258,0.003,0.003,0.003,0.001,0.002,0.001,0.0196
t_1259,0.006,0.006,0.006,0.000,0.003,0.000,0.0126
t_1260,0.008,0.008,0.008,0.000,0.004,0.000,0.0364
t_1261,0.006,0.006,0.006,0.000,0.003,0.000,0.0794
t_1262,0.002,0.002,0.002,0.000,0.001,0.000,0.0989
t_1263,0.000,0.000,0.000,0.003,0.002,0.003,0.093
t_1264,0.000,0.000,0.000,0.017,0.009,0.017,0.0697
t_1265,0.000,0.000,0.000,0.061,0.031,0.061,0.0533
t_1266,0.000,0.000,0.000,0.106,0.053,0.106,0.045
t_1267,0.004,0.004,0.004,0.120,0.062,0.120,0.0617
t_1268,0.017,0.017,0.017,0.070,0.044,0.070,0.079
t_1269,0.104,0.104,0.104,0.067,0.086,0.067,0.0486
t_1270,0.160,0.160,0.160,0.056,0.108,0.056,0.0362
t_1271,0.190,0.190,0.190,0.073,0.132,0.073,0.0411
t_1272,0.224,0.224,0.224,0.097,0.161,0.097,0.0457
t_1273,0.279,0.279,0.279,0.126,0.203,0.126,0.0411
t_1274,0.341,0.341,0.341,0.151,0.246,0.151,0.0309
t_1275,0.399,0.399,0.399,0.168,0.284,0.168,0.0242
t_1276,0.483,0.483,0.483,0.191,0.337,0.191,0.0185
t_1277,0.566,0.566,0.566,0.208,0.387,0.208,0.014
t_1278,0.863,0.863,0.863,0.167,0.515,0.167,0.0085
t_1279,0.905,0.905,0.905,0.142,0.524,0.142,0.0038
t_1280,0.892,0.892,0.892,0.111,0.502,0.111,0.0014
t_1281,0.859,0.859,0.859,0.120,0.490,0.120,0.0005
t_1282,0.654,0.654,0.654,0.212,0.433,0.212,0.0022
t_1283,0.670,0.670,0.670,0.363,0.517,0.363,0.0148
t_1284,0.614,0.614,0.614,0.481,0.548,0.481,0.0365
t_1285,0.547,0.547,0.547,0.565,0.556,0.565,0.0556
t_1286,0.476,0.476,0.476,0.551,0.514,0.551,0.066
t_1287,0.380,0.380,0.380,0.437,0.409,0.437,0.0612
t_1288,0.293,0.293,0.293,0.279,0.286,0.279,0.0459
t_1289,0.267,0.267,0.267,0.184,0.226,0.184,0.0237
t_1290,0.319,0.319,0.319,0.175,0.247,0.175,0.0092
t_1291,0.600,0.600,0.600,0.178,0.389,0.178,0.0118
t_1292,0.639,0.639,0.639,0.190,0.415,0.190,0.017
t_1293,0.654,0.654,0.654,0.203,0.429,0.203,0.0234
t_1294,0.656,0.656,0.656,0.249,0.453,0.249,0.0327
t_1295,0.691,0.691,0.691,0.283,0.487,0.283,0.0476
t_1296,0.788,0.788,0.788,0.283,0.536,0.283,0.0603
t_1297,0.911,0.911,0.911,0.269,0.590,0.269,0.0631
t_1298,0.958,0.958,0.958,0.242,0.600,0.242,0.0624
t_1299,0.962,0.962,0.962,0.189,0.576,0.189,0.0514
t_1300,0.965,0.965,0.965,0.106,0.536,0.106,0.0347
t_1301,0.968,0.968,0.968,0.070,0.519,0.070,0.0309
t_1302,0.995,0.995,0.995,0.057,0.526,0.057,0.0294
t_1303,0.995,0.995,0.995,0.095,0.545,0.095,0.0364
t_1304,0.995,0.995,0.995,0.107,0.551,0.107,0.0579
t_1305,0.995,0.995,0.995,0.129,0.562,0.129,0.0847
t_1306,0.995,0.995,0.995,0.249,0.622,0.249,0.1512
t_1307,0.998,0.998,0.998,0.345,0.672,0.345,0.1516
t_1308,0.990,0.990,0.990,0.464,0.727,0.464,0.096
t_1309,0.974,0.974,0.974,0.581,0.778,0.581,0.0569
t_1310,0.967,0.967,0.967,0.767,0.867,0.767,0.033
t_1311,0.958,0.958,0.958,0.911,0.935,0.911,0.0448
t_1312,0.940,0.940,0.940,0.980,0.960,0.980,0.0782
t_1313,0.907,0.907,0.907,0.990,0.949,0.990,0.0721
t_1314,0.719,0.719,0.719,0.990,0.855,0.990,0.0444
t_1315,0.485,0.485,0.485,0.983,0.734,0.983,0.037
t_1316,0.324,0.324,0.324,0.968,0.646,0.968,0.0737
t_1317,0.238,0.238,0.238,0.945,0.592,0.945,0.1154
t_1318,0.184,0.184,0.184,0.883,0.534,0.883,0.1346
t_1319,0.191,0.191,0.191,0.778,0.485,0.778,0.1218
t_1320,0.316,0.316,0.316,0.648,0.482,0.648,0.1124
t_1321,0.480,0.480,0.480,0.516,0.498,0.516,0.1118
t_1322,0.619,0.619,0.619,0.371,0.495,0.371,0.1053
t_1323,0.688,0.688,0.688,0.259,0.474,0.259,0.0919
t_1324,0.739,0.739,0.739,0.154,0.447,0.154,0.0703
t_1325,0.758,0.758,0.758,0.093,0.426,0.093,0.0739
t_1326,0.752,0.752,0.752,0.082,0.417,0.082,0.0519
t_1327,0.752,0.752,0.752,0.095,0.424,0.095,0.0287
t_1328,0.694,0.694,0.694,0.133,0.414,0.133,0.011
t_1329,0.741,0.741,0.741,0.226,0.484,0.226,0.0006
t_1330,0.928,0.928,0.928,0.311,0.620,0.311,0.0137
t_1331,0.998,0.998,0.998,0.354,0.676,0.354,0.0687
t_1332,0.995,0.995,0.995,0.285,0.640,0.285,0.1111
t_1333,0.994,0.994,0.994,0.217,0.606,0.217,0.1208
t_1334,0.975,0.975,0.975,0.305,0.640,0.305,0.125
t_1335,0.959,0.959,0.959,0.497,0.728,0.497,0.1053
t_1336,0.939,0.939,0.939,0.767,0.853,0.767,0.1134
t_1337,0.869,0.869,0.869,0.946,0.908,0.946,0.1613
t_1338,0.752,0.752,0.752,0.980,0.866,0.980,0.1795
t_1339,0.506,0.506,0.506,0.987,0.747,0.987,0.1458
t_1340,0.355,0.355,0.355,0.984,0.670,0.984,0.0926
t_1341,0.219,0.219,0.219,0.968,0.594,0.968,0.041
t_1342,0.140,0.140,0.140,0.934,0.537,0.934,0.01
t_1343,0.172,0.172,0.172,0.870,0.521,0.870,0.0006
t_1344,0.131,0.131,0.131,0.772,0.452,0.772,0.0028
t_1345,0.100,0.100,0.100,0.615,0.358,0.615,0.0007
t_1346,0.145,0.145,0.145,0.441,0.293,0.441,0.0023
t_1347,0.111,0.111,0.111,0.264,0.188,0.264,0.0078
t_1348,0.020,0.020,0.020,0.158,0.089,0.158,0.0103
t_1349,0.002,0.002,0.002,0.102,0.052,0.102,0.0137
t_1350,0.000,0.000,0.000,0.023,0.012,0.023,0.0124
t_1351,0.001,0.001,0.001,0.000,0.001,0.000,0.0092
t_1352,0.005,0.005,0.005,0.000,0.003,0.000,0.0052
t_1353,0.028,0.028,0.028,0.000,0.014,0.000,0.0106
t_1354,0.215,0.215,0.215,0.000,0.108,0.000,0.0275
t_1355,0.509,0.509,0.509,0.003,0.256,0.003,0.0568
t_1356,0.668,0.668,0.668,0.013,0.341,0.013,0.0707
t_1357,0.685,0.685,0.685,0.034,0.360,0.034,0.0825
t_1358,0.610,0.610,0.610,0.053,0.332,0.053,0.102
t_1359,0.498,0.498,0.498,0.070,0.284,0.070,0.1881
t_1360,0.443,0.443,0.443,0.063,0.253,0.063,0.3034
t_1361,0.331,0.331,0.331,0.066,0.199,0.066,0.4776
t_1362,0.378,0.378,0.378,0.095,0.237,0.095,0.5857
t_1363,0.382,0.382,0.382,0.109,0.246,0.109,0.657
t_1364,0.333,0.333,0.333,0.104,0.219,0.104,0.7251
t_1365,0.258,0.258,0.258,0.096,0.177,0.096,0.7697
t_1366,0.192,0.192,0.192,0.104,0.148,0.104,0.7813
t_1367,0.175,0.175,0.175,0.136,0.156,0.136,0.779
t_1368,0.160,0.160,0.160,0.165,0.163,0.165,0.7575
t_1369,0.162,0.162,0.162,0.182,0.172,0.182,0.761
t_1370,0.184,0.184,0.184,0.183,0.184,0.183,0.7226
t_1371,0.222,0.222,0.222,0.183,0.203,0.183,0.7264
t_1372,0.266,0.266,0.266,0.158,0.212,0.158,0.7479
t_1373,0.337,0.337,0.337,0.129,0.233,0.129,0.7301
t_1374,0.381,0.381,0.381,0.090,0.236,0.090,0.6955
t_1375,0.344,0.344,0.344,0.050,0.197,0.050,0.6481
t_1376,0.319,0.319,0.319,0.031,0.175,0.031,0.5402
t_1377,0.381,0.381,0.381,0.052,0.217,0.052,0.6236
t_1378,0.137,0.137,0.137,0.071,0.104,0.071,0.6335
t_1379,0.139,0.139,0.139,0.086,0.113,0.086,0.5481
t_1380,0.069,0.069,0.069,0.110,0.090,0.110,0.458
t_1381,0.026,0.026,0.026,0.131,0.079,0.131,0.3957
t_1382,0.008,0.008,0.008,0.135,0.072,0.135,0.3466
t_1383,0.001,0.001,0.001,0.117,0.059,0.117,0.3029
t_1384,0.000,0.000,0.000,0.074,0.037,0.074,0.2395
t_1385,0.000,0.000,0.000,0.061,0.031,0.061,0.2547
t_1386,0.000,0.000,0.000,0.083,0.042,0.083,0.2673
t_1387,0.000,0.000,0.000,0.105,0.053,0.105,0.245
t_1388,0.000,0.000,0.000,0.143,0.072,0.143,0.2156
t_1389,0.005,0.005,0.005,0.201,0.103,0.201,0.1593
t_1390,0.006,0.006,0.006,0.290,0.148,0.290,0.1312
t_1391,0.012,0.012,0.012,0.358,0.185,0.358,0.1071
t_1392,0.022,0.022,0.022,0.432,0.227,0.432,0.0891
t_1393,0.055,0.055,0.055,0.512,0.284,0.512,0.0823
t_1394,0.091,0.091,0.091,0.579,0.335,0.579,0.0835
t_1395,0.108,0.108,0.108,0.648,0.378,0.648,0.0811
t_1396,0.114,0.114,0.114,0.677,0.396,0.677,0.0674
t_1397,0.112,0.112,0.112,0.693,0.403,0.693,0.0755
t_1398,0.104,0.104,0.104,0.713,0.409,0.713,0.0945
t_1399,0.087,0.087,0.087,0.720,0.404,0.720,0.0866
t_1400,0.041,0.041,0.041,0.673,0.357,0.673,0.0437
t_1401,0.014,0.014,0.014,0.661,0.338,0.661,0.0044
t_1402,0.011,0.011,0.011,0.667,0.339,0.667,0.001
t_1403,0.007,0.007,0.007,0.668,0.338,0.668,0
t_1404,0.005,0.005,0.005,0.639,0.322,0.639,0
t_1405,0.003,0.003,0.003,0.592,0.298,0.592,0
t_1406,0.002,0.002,0.002,0.517,0.260,0.517,0
t_1407,0.001,0.001,0.001,0.445,0.223,0.445,0.0009
t_1408,0.001,0.001,0.001,0.309,0.155,0.309,0.0022
t_1409,0.000,0.000,0.000,0.271,0.136,0.271,0.0053
t_1410,0.000,0.000,0.000,0.250,0.125,0.250,0.0037
t_1411,0.000,0.000,0.000,0.202,0.101,0.202,0.0025
t_1412,0.000,0.000,0.000,0.161,0.081,0.161,0.0017
t_1413,0.000,0.000,0.000,0.127,0.064,0.127,0.0024
t_1414,0.000,0.000,0.000,0.119,0.060,0.119,0.0041
t_1415,0.000,0.000,0.000,0.099,0.050,0.099,0.0095
t_1416,0.001,0.001,0.001,0.072,0.037,0.072,0.0168
t_1417,0.018,0.018,0.018,0.050,0.034,0.050,0.0209
t_1418,0.061,0.061,0.061,0.038,0.050,0.038,0.0245
t_1419,0.104,0.104,0.104,0.029,0.067,0.029,0.0325
t_1420,0.151,0.151,0.151,0.020,0.086,0.020,0.0374
t_1421,0.186,0.186,0.186,0.017,0.102,0.017,0.0372
t_1422,0.192,0.192,0.192,0.022,0.107,0.022,0.0401
t_1423,0.211,0.211,0.211,0.025,0.118,0.025,0.0388
t_1424,0.196,0.196,0.196,0.008,0.102,0.008,0.0253
t_1425,0.162,0.162,0.162,0.002,0.082,0.002,0.0078
t_1426,0.263,0.263,0.263,0.006,0.135,0.006,0.0122
t_1427,0.483,0.483,0.483,0.007,0.245,0.007,0.0319
t_1428,0.424,0.424,0.424,0.013,0.219,0.013,0.0513
t_1429,0.488,0.488,0.488,0.022,0.255,0.022,0.064
t_1430,0.505,0.505,0.505,0.032,0.269,0.032,0.0644
t_1431,0.436,0.436,0.436,0.038,0.237,0.038,0.0477
t_1432,0.357,0.357,0.357,0.042,0.200,0.042,0.0294
t_1433,0.372,0.372,0.372,0.098,0.235,0.098,0.0213
t_1434,0.395,0.395,0.395,0.231,0.313,0.231,0.0119
t_1435,0.412,0.412,0.412,0.383,0.398,0.383,0.0091
t_1436,0.418,0.418,0.418,0.511,0.465,0.511,0.0124
t_1437,0.401,0.401,0.401,0.540,0.471,0.540,0.0179
t_1438,0.364,0.364,0.364,0.545,0.455,0.545,0.0152
t_1439,0.342,0.342,0.342,0.476,0.409,0.476,0.0046
t_1440,0.351,0.351,0.351,0.373,0.362,0.373,0.0031
t_1441,0.391,0.391,0.391,0.280,0.336,0.280,0.0083
t_1442,0.435,0.435,0.435,0.202,0.319,0.202,0.0125
t_1443,0.445,0.445,0.445,0.163,0.304,0.163,0.0158
t_1444,0.414,0.414,0.414,0.169,0.292,0.169,0.0081
t_1445,0.390,0.390,0.390,0.201,0.296,0.201,0.0024
t_1446,0.369,0.369,0.369,0.247,0.308,0.247,0.0094
t_1447,0.335,0.335,0.335,0.290,0.313,0.290,0.0383
t_1448,0.244,0.244,0.244,0.263,0.254,0.263,0.0576
t_1449,0.240,0.240,0.240,0.357,0.299,0.357,0.0636
t_1450,0.364,0.364,0.364,0.548,0.456,0.548,0.0786
t_1451,0.463,0.463,0.463,0.547,0.505,0.547,0.0719
t_1452,0.539,0.539,0.539,0.490,0.515,0.490,0.0444
t_1453,0.602,0.602,0.602,0.436,0.519,0.436,0.0556
t_1454,0.610,0.610,0.610,0.374,0.492,0.374,0.0884
t_1455,0.548,0.548,0.548,0.308,0.428,0.308,0.1419
t_1456,0.399,0.399,0.399,0.217,0.308,0.217,0.1891
t_1457,0.222,0.222,0.222,0.188,0.205,0.188,0.2342
t_1458,0.180,0.180,0.180,0.254,0.217,0.254,0.234
t_1459,0.344,0.344,0.344,0.330,0.337,0.330,0.207
t_1460,0.534,0.534,0.534,0.358,0.446,0.358,0.1571
t_1461,0.741,0.741,0.741,0.327,0.534,0.327,0.1126
t_1462,0.890,0.890,0.890,0.264,0.577,0.264,0.0924
t_1463,0.982,0.982,0.982,0.214,0.598,0.214,0.1235
t_1464,0.981,0.981,0.981,0.163,0.572,0.163,0.1334
t_1465,0.981,0.981,0.981,0.166,0.574,0.166,0.0704
t_1466,0.995,0.995,0.995,0.185,0.590,0.185,0.0471
t_1467,0.995,0.995,0.995,0.188,0.592,0.188,0.0418
t_1468,0.995,0.995,0.995,0.212,0.604,0.212,0.0259
t_1469,0.995,0.995,0.995,0.258,0.627,0.258,0.0229
t_1470,0.995,0.995,0.995,0.250,0.623,0.250,0.0244
t_1471,0.988,0.988,0.988,0.206,0.597,0.206,0.0414
t_1472,0.962,0.962,0.962,0.065,0.514,0.065,0.0562
t_1473,0.935,0.935,0.935,0.013,0.474,0.013,0.0932
t_1474,0.713,0.713,0.713,0.009,0.361,0.009,0.1844
t_1475,0.629,0.629,0.629,0.035,0.332,0.035,0.1994
t_1476,0.631,0.631,0.631,0.141,0.386,0.141,0.2073
t_1477,0.609,0.609,0.609,0.209,0.409,0.209,0.193
t_1478,0.477,0.477,0.477,0.227,0.352,0.227,0.1601
t_1479,0.337,0.337,0.337,0.196,0.267,0.196,0.0884
t_1480,0.293,0.293,0.293,0.129,0.211,0.129,0.0218
t_1481,0.164,0.164,0.164,0.049,0.107,0.049,0.007
t_1482,0.132,0.132,0.132,0.005,0.069,0.005,0.0065
t_1483,0.106,0.106,0.106,0.000,0.053,0.000,0.0055
t_1484,0.077,0.077,0.077,0.001,0.039,0.001,0.0099
t_1485,0.051,0.051,0.051,0.006,0.029,0.006,0.0275
t_1486,0.118,0.118,0.118,0.019,0.069,0.019,0.052
t_1487,0.089,0.089,0.089,0.032,0.061,0.032,0.1372
t_1488,0.052,0.052,0.052,0.044,0.048,0.044,0.2689
t_1489,0.063,0.063,0.063,0.063,0.063,0.063,0.3503
t_1490,0.029,0.029,0.029,0.089,0.059,0.089,0.3008
t_1491,0.023,0.023,0.023,0.105,0.064,0.105,0.2731
t_1492,0.020,0.020,0.020,0.117,0.069,0.117,0.3581
t_1493,0.021,0.021,0.021,0.134,0.078,0.134,0.4138
t_1494,0.029,0.029,0.029,0.146,0.088,0.146,0.464
t_1495,0.049,0.049,0.049,0.138,0.094,0.138,0.4577
t_1496,0.115,0.115,0.115,0.128,0.122,0.128,0.5847
t_1497,0.078,0.078,0.078,0.131,0.105,0.131,0.6873
t_1498,0.077,0.077,0.077,0.142,0.110,0.142,0.8055
t_1499,0.080,0.080,0.080,0.151,0.116,0.151,0.7902
t_1500,0.092,0.092,0.092,0.174,0.133,0.174,0.7787
t_1501,0.090,0.090,0.090,0.144,0.117,0.144,0.7854
t_1502,0.071,0.071,0.071,0.113,0.092,0.113,0.7936
t_1503,0.045,0.045,0.045,0.111,0.078,0.111,0.826
t_1504,0.021,0.021,0.021,0.083,0.052,0.083,0.8407
t_1505,0.004,0.004,0.004,0.064,0.034,0.064,0.8487
t_1506,0.001,0.001,0.001,0.061,0.031,0.061,0.8648
t_1507,0.000,0.000,0.000,0.060,0.030,0.060,0.8185
t_1508,0.000,0.000,0.000,0.057,0.029,0.057,0.7735
t_1509,0.000,0.000,0.000,0.040,0.020,0.040,0.7452
t_1510,0.000,0.000,0.000,0.026,0.013,0.026,0.7128
t_1511,0.001,0.001,0.001,0.013,0.007,0.013,0.6355
t_1512,0.002,0.002,0.002,0.005,0.004,0.005,0.5031
t_1513,0.009,0.009,0.009,0.002,0.006,0.002,0.3415
t_1514,0.018,0.018,0.018,0.002,0.010,0.002,0.2347
t_1515,0.035,0.035,0.035,0.002,0.019,0.002,0.2035
t_1516,0.067,0.067,0.067,0.003,0.035,0.003,0.1874
t_1517,0.138,0.138,0.138,0.002,0.070,0.002,0.159
t_1518,0.278,0.278,0.278,0.003,0.141,0.003,0.1112
t_1519,0.426,0.426,0.426,0.019,0.223,0.019,0.0585
t_1520,0.413,0.413,0.413,0.019,0.216,0.019,0.0308
t_1521,0.320,0.320,0.320,0.031,0.176,0.031,0.0006
t_1522,0.337,0.337,0.337,0.035,0.186,0.035,0.0158
t_1523,0.468,0.468,0.468,0.039,0.254,0.039,0.086
t_1524,0.526,0.526,0.526,0.080,0.303,0.080,0.1158
t_1525,0.730,0.730,0.730,0.110,0.420,0.110,0.1519
t_1526,0.811,0.811,0.811,0.142,0.477,0.142,0.1992
t_1527,0.880,0.880,0.880,0.134,0.507,0.134,0.2097
t_1528,0.993,0.993,0.993,0.124,0.559,0.124,0.1972
t_1529,0.981,0.981,0.981,0.138,0.560,0.138,0.2115
t_1530,0.966,0.966,0.966,0.234,0.600,0.234,0.2197
t_1531,0.982,0.982,0.982,0.289,0.636,0.289,0.2238
t_1532,0.980,0.980,0.980,0.395,0.688,0.395,0.2003
t_1533,0.973,0.973,0.973,0.485,0.729,0.485,0.1228
t_1534,0.962,0.962,0.962,0.495,0.729,0.495,0.0834
t_1535,0.887,0.887,0.887,0.547,0.717,0.547,0.0623
t_1536,0.783,0.783,0.783,0.599,0.691,0.599,0.042
t_1537,0.687,0.687,0.687,0.648,0.668,0.648,0.0275
t_1538,0.673,0.673,0.673,0.671,0.672,0.671,0.013
t_1539,0.733,0.733,0.733,0.705,0.719,0.705,0.0059
t_1540,0.670,0.670,0.670,0.723,0.697,0.723,0.0042
t_1541,0.544,0.544,0.544,0.705,0.625,0.705,0.0038
t_1542,0.566,0.566,0.566,0.652,0.609,0.652,0.0183
t_1543,0.576,0.576,0.576,0.589,0.583,0.589,0.0521
t_1544,0.526,0.526,0.526,0.556,0.541,0.556,0.0723
t_1545,0.516,0.516,0.516,0.578,0.547,0.578,0.1231
t_1546,0.584,0.584,0.584,0.609,0.597,0.609,0.2367
t_1547,0.769,0.769,0.769,0.611,0.690,0.611,0.3316
t_1548,0.783,0.783,0.783,0.612,0.698,0.612,0.3623
t_1549,0.720,0.720,0.720,0.576,0.648,0.576,0.3287
t_1550,0.618,0.618,0.618,0.534,0.576,0.534,0.3288
t_1551,0.482,0.482,0.482,0.467,0.475,0.467,0.3437
t_1552,0.246,0.246,0.246,0.372,0.309,0.372,0.3275
t_1553,0.204,0.204,0.204,0.337,0.271,0.337,0.3475
t_1554,0.214,0.214,0.214,0.327,0.271,0.327,0.3312
t_1555,0.215,0.215,0.215,0.306,0.261,0.306,0.2476
t_1556,0.229,0.229,0.229,0.257,0.243,0.257,0.1801
t_1557,0.290,0.290,0.290,0.220,0.255,0.220,0.1298
t_1558,0.348,0.348,0.348,0.166,0.257,0.166,0.1205
t_1559,0.370,0.370,0.370,0.123,0.247,0.123,0.1147
t_1560,0.380,0.380,0.380,0.091,0.236,0.091,0.1179
t_1561,0.342,0.342,0.342,0.062,0.202,0.062,0.1395
t_1562,0.250,0.250,0.250,0.044,0.147,0.044,0.1766
t_1563,0.193,0.193,0.193,0.034,0.114,0.034,0.2087
t_1564,0.157,0.157,0.157,0.038,0.098,0.038,0.2266
t_1565,0.091,0.091,0.091,0.056,0.074,0.056,0.2424
t_1566,0.081,0.081,0.081,0.089,0.085,0.089,0.2422
t_1567,0.074,0.074,0.074,0.106,0.090,0.106,0.2282
t_1568,0.071,0.071,0.071,0.141,0.106,0.141,0.2302
t_1569,0.085,0.085,0.085,0.321,0.203,0.321,0.4448
t_1570,0.086,0.086,0.086,0.472,0.279,0.472,0.5037
t_1571,0.092,0.092,0.092,0.496,0.294,0.496,0.4296
t_1572,0.111,0.111,0.111,0.440,0.276,0.440,0.3294
t_1573,0.139,0.139,0.139,0.339,0.239,0.339,0.2446
t_1574,0.173,0.173,0.173,0.234,0.204,0.234,0.1851
t_1575,0.205,0.205,0.205,0.133,0.169,0.133,0.1362
t_1576,0.342,0.342,0.342,0.043,0.193,0.043,0.0838
t_1577,0.375,0.375,0.375,0.011,0.193,0.011,0.0441
t_1578,0.517,0.517,0.517,0.012,0.265,0.012,0.0198
t_1579,0.650,0.650,0.650,0.026,0.338,0.026,0.0153
t_1580,0.750,0.750,0.750,0.061,0.406,0.061,0.0196
t_1581,0.818,0.818,0.818,0.081,0.450,0.081,0.0271
t_1582,0.864,0.864,0.864,0.078,0.471,0.078,0.0295
t_1583,0.872,0.872,0.872,0.064,0.468,0.064,0.028
t_1584,0.886,0.886,0.886,0.063,0.475,0.063,0.0263
t_1585,0.907,0.907,0.907,0.070,0.489,0.070,0.0286
t_1586,0.930,0.930,0.930,0.081,0.506,0.081,0.0325
t_1587,0.953,0.953,0.953,0.138,0.546,0.138,0.0372
t_1588,0.982,0.982,0.982,0.165,0.574,0.165,0.0304
t_1589,0.992,0.992,0.992,0.173,0.583,0.173,0.0288
t_1590,0.995,0.995,0.995,0.179,0.587,0.179,0.032
t_1591,0.994,0.994,0.994,0.100,0.547,0.100,0.039
t_1592,0.953,0.953,0.953,0.050,0.502,0.050,0.0421
t_1593,0.900,0.900,0.900,0.033,0.467,0.033,0.0841
t_1594,0.833,0.833,0.833,0.018,0.426,0.018,0.2586
t_1595,0.768,0.768,0.768,0.008,0.388,0.008,0.3708
t_1596,0.660,0.660,0.660,0.007,0.334,0.007,0.3985
t_1597,0.574,0.574,0.574,0.012,0.293,0.012,0.3977
t_1598,0.490,0.490,0.490,0.009,0.250,0.009,0.3854
t_1599,0.454,0.454,0.454,0.003,0.229,0.003,0.2125
t_1600,0.488,0.488,0.488,0.002,0.245,0.002,0.0809
t_1601,0.577,0.577,0.577,0.010,0.294,0.010,0.058
t_1602,0.714,0.714,0.714,0.031,0.373,0.031,0.0652
t_1603,0.551,0.551,0.551,0.053,0.302,0.053,0.0453
t_1604,0.636,0.636,0.636,0.073,0.355,0.073,0.0535
t_1605,0.646,0.646,0.646,0.091,0.369,0.091,0.0604
t_1606,0.513,0.513,0.513,0.156,0.335,0.156,0.0389
t_1607,0.369,0.369,0.369,0.253,0.311,0.253,0.0361
t_1608,0.251,0.251,0.251,0.291,0.271,0.291,0.0633
t_1609,0.144,0.144,0.144,0.296,0.220,0.296,0.1169
t_1610,0.086,0.086,0.086,0.293,0.190,0.293,0.181
t_1611,0.046,0.046,0.046,0.282,0.164,0.282,0.2442
t_1612,0.034,0.034,0.034,0.261,0.148,0.261,0.3125
t_1613,0.064,0.064,0.064,0.227,0.146,0.227,0.3699
t_1614,0.070,0.070,0.070,0.193,0.132,0.193,0.41
t_1615,0.074,0.074,0.074,0.148,0.111,0.148,0.408
t_1616,0.019,0.019,0.019,0.134,0.077,0.134,0.3421
t_1617,0.020,0.020,0.020,0.138,0.079,0.138,0.4127
t_1618,0.035,0.035,0.035,0.094,0.065,0.094,0.4711
t_1619,0.022,0.022,0.022,0.056,0.039,0.056,0.4466
t_1620,0.009,0.009,0.009,0.031,0.020,0.031,0.3624
t_1621,0.003,0.003,0.003,0.014,0.009,0.014,0.2989
t_1622,0.001,0.001,0.001,0.006,0.004,0.006,0.2621
t_1623,0.000,0.000,0.000,0.002,0.001,0.002,0.2095
t_1624,0.000,0.000,0.000,0.001,0.001,0.001,0.1287
t_1625,0.000,0.000,0.000,0.000,0.000,0.000,0.0828
t_1626,0.000,0.000,0.000,0.000,0.000,0.000,0.0603
t_1627,0.007,0.007,0.007,0.000,0.004,0.000,0.0524
t_1628,0.084,0.084,0.084,0.000,0.042,0.000,0.0493
t_1629,0.190,0.190,0.190,0.000,0.095,0.000,0.0324
t_1630,0.248,0.248,0.248,0.000,0.124,0.000,0.0234
t_1631,0.258,0.258,0.258,0.000,0.129,0.000,0.0198
t_1632,0.284,0.284,0.284,0.005,0.145,0.005,0.0175
t_1633,0.297,0.297,0.297,0.011,0.154,0.011,0.0185
t_1634,0.297,0.297,0.297,0.023,0.160,0.023,0.0201
t_1635,0.487,0.487,0.487,0.051,0.269,0.051,0.0199
t_1636,0.450,0.450,0.450,0.083,0.267,0.083,0.0205
t_1637,0.420,0.420,0.420,0.116,0.268,0.116,0.0175
t_1638,0.408,0.408,0.408,0.150,0.279,0.150,0.017
t_1639,0.394,0.394,0.394,0.150,0.272,0.150,0.0191
t_1640,0.251,0.251,0.251,0.098,0.175,0.098,0.0019
t_1641,0.087,0.087,0.087,0.200,0.144,0.200,0.0023
t_1642,0.030,0.030,0.030,0.264,0.147,0.264,0.0095
t_1643,0.007,0.007,0.007,0.259,0.133,0.259,0.0191
t_1644,0.006,0.006,0.006,0.254,0.130,0.254,0.028
t_1645,0.004,0.004,0.004,0.248,0.126,0.248,0.0383
t_1646,0.002,0.002,0.002,0.243,0.123,0.243,0.0444
t_1647,0.000,0.000,0.000,0.237,0.119,0.237,0.0437
t_1648,0.000,0.000,0.000,0.221,0.111,0.221,0.0436
t_1649,0.001,0.001,0.001,0.293,0.147,0.293,0.0319
t_1650,0.032,0.032,0.032,0.407,0.220,0.407,0.0173
t_1651,0.119,0.119,0.119,0.430,0.275,0.430,0.0041
t_1652,0.208,0.208,0.208,0.395,0.302,0.395,0.0019
t_1653,0.281,0.281,0.281,0.374,0.328,0.374,0.0021
t_1654,0.361,0.361,0.361,0.349,0.355,0.349,0.0034
t_1655,0.436,0.436,0.436,0.310,0.373,0.310,0.0086
t_1656,0.469,0.469,0.469,0.259,0.364,0.259,0.0142
t_1657,0.473,0.473,0.473,0.200,0.337,0.200,0.0199
t_1658,0.448,0.448,0.448,0.132,0.290,0.132,0.0283
t_1659,0.407,0.407,0.407,0.091,0.249,0.091,0.0342
t_1660,0.319,0.319,0.319,0.055,0.187,0.055,0.0394
t_1661,0.209,0.209,0.209,0.023,0.116,0.023,0.0386
t_1662,0.123,0.123,0.123,0.018,0.071,0.018,0.0367
t_1663,0.056,0.056,0.056,0.009,0.033,0.009,0.0317
t_1664,0.012,0.012,0.012,0.004,0.008,0.004,0.01
t_1665,0.002,0.002,0.002,0.004,0.003,0.004,0.0003
t_1666,0.000,0.000,0.000,0.007,0.004,0.007,0.0019
t_1667,0.000,0.000,0.000,0.006,0.003,0.006,0.0131
t_1668,0.000,0.000,0.000,0.003,0.002,0.003,0.0194
t_1669,0.000,0.000,0.000,0.001,0.001,0.001,0.0147
t_1670,0.000,0.000,0.000,0.001,0.001,0.001,0.0092
t_1671,0.000,0.000,0.000,0.001,0.001,0.001,0.0038
t_1672,0.000,0.000,0.000,0.001,0.001,0.001,0.0015
t_1673,0.000,0.000,0.000,0.009,0.005,0.009,0.0003
t_1674,0.000,0.000,0.000,0.048,0.024,0.048,0
t_1675,0.000,0.000,0.000,0.080,0.040,0.080,0
t_1676,0.000,0.000,0.000,0.094,0.047,0.094,0
t_1677,0.000,0.000,0.000,0.091,0.046,0.091,0.0001
t_1678,0.000,0.000,0.000,0.083,0.042,0.083,0
t_1679,0.000,0.000,0.000,0.073,0.037,0.073,0
t_1680,0.000,0.000,0.000,0.053,0.027,0.053,0.0002
t_1681,0.001,0.001,0.001,0.037,0.019,0.037,0.0008
t_1682,0.001,0.001,0.001,0.025,0.013,0.025,0.0018
t_1683,0.001,0.001,0.001,0.021,0.011,0.021,0.0032
t_1684,0.001,0.001,0.001,0.023,0.012,0.023,0.0043
t_1685,0.000,0.000,0.000,0.033,0.017,0.033,0.0037
t_1686,0.000,0.000,0.000,0.044,0.022,0.044,0.0006
t_1687,0.000,0.000,0.000,0.051,0.026,0.051,0.0001
t_1688,0.000,0.000,0.000,0.026,0.013,0.026,0
t_1689,0.003,0.003,0.003,0.038,0.021,0.038,0
t_1690,0.009,0.009,0.009,0.042,0.026,0.042,0.0022
t_1691,0.021,0.021,0.021,0.039,0.030,0.039,0.01
t_1692,0.038,0.038,0.038,0.045,0.042,0.045,0.0187
t_1693,0.054,0.054,0.054,0.061,0.058,0.061,0.026
t_1694,0.065,0.065,0.065,0.080,0.073,0.080,0.0271
t_1695,0.073,0.073,0.073,0.091,0.082,0.091,0.0208
t_1696,0.055,0.055,0.055,0.095,0.075,0.095,0.0084
t_1697,0.055,0.055,0.055,0.132,0.094,0.132,0.0023
t_1698,0.085,0.085,0.085,0.246,0.166,0.246,0.0003
t_1699,0.124,0.124,0.124,0.306,0.215,0.306,0.0016
t_1700,0.180,0.180,0.180,0.348,0.264,0.348,0.0024
t_1701,0.226,0.226,0.226,0.388,0.307,0.388,0.0017
t_1702,0.247,0.247,0.247,0.456,0.352,0.456,0.0043
t_1703,0.254,0.254,0.254,0.481,0.368,0.481,0.0145
t_1704,0.247,0.247,0.247,0.468,0.358,0.468,0.0099
t_1705,0.238,0.238,0.238,0.438,0.338,0.438,0.0045
t_1706,0.230,0.230,0.230,0.413,0.322,0.413,0.0033
t_1707,0.223,0.223,0.223,0.395,0.309,0.395,0.0025
t_1708,0.203,0.203,0.203,0.370,0.287,0.370,0.001
t_1709,0.161,0.161,0.161,0.356,0.259,0.356,0.0005
t_1710,0.154,0.154,0.154,0.320,0.237,0.320,0.0004
t_1711,0.175,0.175,0.175,0.244,0.210,0.244,0.0007
t_1712,0.138,0.138,0.138,0.258,0.198,0.258,0.0053
t_1713,0.167,0.167,0.167,0.382,0.275,0.382,0.0484
t_1714,0.282,0.282,0.282,0.527,0.405,0.527,0.0923
t_1715,0.350,0.350,0.350,0.609,0.480,0.609,0.1036
t_1716,0.380,0.380,0.380,0.669,0.525,0.669,0.0865
t_1717,0.367,0.367,0.367,0.720,0.544,0.720,0.049
t_1718,0.334,0.334,0.334,0.759,0.547,0.759,0.019
t_1719,0.296,0.296,0.296,0.760,0.528,0.760,0.0053
t_1720,0.272,0.272,0.272,0.711,0.492,0.711,0.0011
t_1721,0.210,0.210,0.210,0.601,0.406,0.601,0.0004
t_1722,0.226,0.226,0.226,0.635,0.431,0.635,0.0039
t_1723,0.225,0.225,0.225,0.617,0.421,0.617,0.013
t_1724,0.206,0.206,0.206,0.525,0.366,0.525,0.0199
t_1725,0.141,0.141,0.141,0.424,0.283,0.424,0.0192
t_1726,0.112,0.112,0.112,0.324,0.218,0.324,0.0155
t_1727,0.076,0.076,0.076,0.240,0.158,0.240,0.0132
t_1728,0.055,0.055,0.055,0.163,0.109,0.163,0.0092
t_1729,0.033,0.033,0.033,0.110,0.072,0.110,0.0035
t_1730,0.026,0.026,0.026,0.083,0.055,0.083,0.0019
t_1731,0.017,0.017,0.017,0.065,0.041,0.065,0.0018
t_1732,0.010,0.010,0.010,0.036,0.023,0.036,0.0022
t_1733,0.006,0.006,0.006,0.019,0.013,0.019,0.0031
t_1734,0.002,0.002,0.002,0.011,0.007,0.011,0.0086
t_1735,0.001,0.001,0.001,0.003,0.002,0.003,0.0182
t_1736,0.001,0.001,0.001,0.001,0.001,0.001,0.0012
t_1737,0.001,0.001,0.001,0.000,0.001,0.000,0.005
t_1738,0.001,0.001,0.001,0.000,0.001,0.000,0.0205
t_1739,0.000,0.000,0.000,0.000,0.000,0.000,0.0438
t_1740,0.000,0.000,0.000,0.005,0.003,0.005,0.0591
t_1741,0.002,0.002,0.002,0.013,0.008,0.013,0.0748
t_1742,0.013,0.013,0.013,0.026,0.020,0.026,0.0774
t_1743,0.058,0.058,0.058,0.044,0.051,0.044,0.0632
t_1744,0.028,0.028,0.028,0.031,0.030,0.031,0.0431
t_1745,0.019,0.019,0.019,0.009,0.014,0.009,0.0379
t_1746,0.021,0.021,0.021,0.002,0.012,0.002,0.0422
t_1747,0.032,0.032,0.032,0.000,0.016,0.000,0.0314
t_1748,0.041,0.041,0.041,0.000,0.021,0.000,0.0258
t_1749,0.043,0.043,0.043,0.000,0.022,0.000,0.0385
t_1750,0.104,0.104,0.104,0.000,0.052,0.000,0.039
t_1751,0.190,0.190,0.190,0.002,0.096,0.002,0.025
t_1752,0.263,0.263,0.263,0.006,0.135,0.006,0.0168
t_1753,0.330,0.330,0.330,0.013,0.172,0.013,0.0137
t_1754,0.402,0.402,0.402,0.024,0.213,0.024,0.0146
t_1755,0.472,0.472,0.472,0.038,0.255,0.038,0.0129
t_1756,0.519,0.519,0.519,0.058,0.289,0.058,0.0067
t_1757,0.818,0.818,0.818,0.091,0.455,0.091,0.0027
t_1758,0.884,0.884,0.884,0.147,0.516,0.147,0.0006
t_1759,0.911,0.911,0.911,0.209,0.560,0.209,0.0001
t_1760,0.900,0.900,0.900,0.282,0.591,0.282,0
t_1761,0.756,0.756,0.756,0.379,0.568,0.379,0.0001
t_1762,0.719,0.719,0.719,0.443,0.581,0.443,0.0156
t_1763,0.669,0.669,0.669,0.503,0.586,0.503,0.0468
t_1764,0.673,0.673,0.673,0.608,0.641,0.608,0.057
t_1765,0.711,0.711,0.711,0.684,0.698,0.684,0.0653
t_1766,0.737,0.737,0.737,0.684,0.711,0.684,0.0702
t_1767,0.711,0.711,0.711,0.626,0.669,0.626,0.0647
t_1768,0.602,0.602,0.602,0.454,0.528,0.454,0.0415
t_1769,0.444,0.444,0.444,0.329,0.387,0.329,0.0158
t_1770,0.415,0.415,0.415,0.256,0.336,0.256,0.0087
t_1771,0.421,0.421,0.421,0.177,0.299,0.177,0.0045
t_1772,0.419,0.419,0.419,0.104,0.262,0.104,0.0043
t_1773,0.418,0.418,0.418,0.065,0.242,0.065,0.0042
t_1774,0.404,0.404,0.404,0.065,0.235,0.065,0.0028
t_1775,0.393,0.393,0.393,0.079,0.236,0.079,0.0007
t_1776,0.378,0.378,0.378,0.100,0.239,0.100,0
t_1777,0.374,0.374,0.374,0.121,0.248,0.121,0
t_1778,0.379,0.379,0.379,0.148,0.264,0.148,0
t_1779,0.425,0.425,0.425,0.195,0.310,0.195,0
t_1780,0.441,0.441,0.441,0.276,0.359,0.276,0.0002
t_1781,0.363,0.363,0.363,0.388,0.376,0.388,0.0011
t_1782,0.283,0.283,0.283,0.497,0.390,0.497,0.0058
t_1783,0.204,0.204,0.204,0.532,0.368,0.532,0.0213
t_1784,0.155,0.155,0.155,0.608,0.382,0.608,0.0377
t_1785,0.138,0.138,0.138,0.740,0.439,0.740,0.0894
t_1786,0.126,0.126,0.126,0.771,0.449,0.771,0.1822
t_1787,0.123,0.123,0.123,0.711,0.417,0.711,0.2222
t_1788,0.130,0.130,0.130,0.649,0.390,0.649,0.2432
t_1789,0.142,0.142,0.142,0.586,0.364,0.586,0.2715
t_1790,0.149,0.149,0.149,0.528,0.339,0.528,0.2808
t_1791,0.146,0.146,0.146,0.471,0.309,0.471,0.2702
t_1792,0.149,0.149,0.149,0.353,0.251,0.353,0.2215
t_1793,0.105,0.105,0.105,0.215,0.160,0.215,0.1486
t_1794,0.220,0.220,0.220,0.184,0.202,0.184,0.1263
t_1795,0.311,0.311,0.311,0.183,0.247,0.183,0.1071
t_1796,0.433,0.433,0.433,0.198,0.316,0.198,0.0987
t_1797,0.502,0.502,0.502,0.216,0.359,0.216,0.0965
t_1798,0.554,0.554,0.554,0.246,0.400,0.246,0.0955
t_1799,0.605,0.605,0.605,0.268,0.437,0.268,0.0895
t_1800,0.656,0.656,0.656,0.278,0.467,0.278,0.0784
t_1801,0.706,0.706,0.706,0.280,0.493,0.280,0.0638
t_1802,0.760,0.760,0.760,0.289,0.525,0.289,0.0436
t_1803,0.822,0.822,0.822,0.267,0.545,0.267,0.0247
t_1804,0.885,0.885,0.885,0.298,0.592,0.298,0.0088
t_1805,0.959,0.959,0.959,0.337,0.648,0.337,0.0006
t_1806,0.982,0.982,0.982,0.374,0.678,0.374,0.0013
t_1807,0.979,0.979,0.979,0.377,0.678,0.377,0.0162
t_1808,0.981,0.981,0.981,0.346,0.664,0.346,0.0411
t_1809,0.981,0.981,0.981,0.515,0.748,0.515,0.0738
t_1810,0.981,0.981,0.981,0.702,0.842,0.702,0.1358
t_1811,0.981,0.981,0.981,0.726,0.854,0.726,0.1508
t_1812,0.995,0.995,0.995,0.740,0.868,0.740,0.1681
t_1813,0.995,0.995,0.995,0.697,0.846,0.697,0.1802
t_1814,0.995,0.995,0.995,0.689,0.842,0.689,0.1717
t_1815,0.995,0.995,0.995,0.752,0.874,0.752,0.1595
t_1816,0.995,0.995,0.995,0.842,0.919,0.842,0.1429
t_1817,0.995,0.995,0.995,0.909,0.952,0.909,0.1258
t_1818,0.990,0.990,0.990,0.943,0.967,0.943,0.1015
t_1819,0.981,0.981,0.981,0.979,0.980,0.979,0.0757
t_1820,0.983,0.983,0.983,0.988,0.986,0.988,0.064
t_1821,0.981,0.981,0.981,0.992,0.987,0.992,0.0517
t_1822,0.982,0.982,0.982,0.994,0.988,0.994,0.0394
t_1823,0.984,0.984,0.984,0.995,0.990,0.995,0.0414
t_1824,0.993,0.993,0.993,0.992,0.993,0.992,0.0379
t_1825,0.999,0.999,0.999,0.986,0.993,0.986,0.0296
t_1826,0.997,0.997,0.997,0.982,0.990,0.982,0.0221
t_1827,0.980,0.980,0.980,0.985,0.983,0.985,0.0195
t_1828,0.952,0.952,0.952,0.957,0.955,0.957,0.0214
t_1829,0.933,0.933,0.933,0.937,0.935,0.937,0.0187
t_1830,0.908,0.908,0.908,0.919,0.914,0.919,0.0239
t_1831,0.869,0.869,0.869,0.881,0.875,0.881,0.0496
t_1832,0.846,0.846,0.846,0.836,0.841,0.836,0.0693
t_1833,0.876,0.876,0.876,0.882,0.879,0.882,0.0954
t_1834,0.956,0.956,0.956,0.921,0.939,0.921,0.1204
t_1835,0.974,0.974,0.974,0.929,0.952,0.929,0.1481
t_1836,0.969,0.969,0.969,0.924,0.947,0.924,0.1826
t_1837,0.941,0.941,0.941,0.914,0.928,0.914,0.1807
t_1838,0.884,0.884,0.884,0.870,0.877,0.870,0.1559
t_1839,0.820,0.820,0.820,0.777,0.799,0.777,0.1333
t_1840,0.713,0.713,0.713,0.663,0.688,0.663,0.1026
t_1841,0.683,0.683,0.683,0.628,0.656,0.628,0.0753
t_1842,0.854,0.854,0.854,0.617,0.736,0.617,0.0502
t_1843,0.944,0.944,0.944,0.635,0.790,0.635,0.03
t_1844,0.994,0.994,0.994,0.588,0.791,0.588,0.0178
t_1845,0.997,0.997,0.997,0.517,0.757,0.517,0.0119
t_1846,0.999,0.999,0.999,0.481,0.740,0.481,0.0137
t_1847,0.995,0.995,0.995,0.600,0.798,0.600,0.0149
t_1848,0.982,0.982,0.982,0.763,0.873,0.763,0.0144
t_1849,0.995,0.995,0.995,0.900,0.948,0.900,0.0136
t_1850,0.986,0.986,0.986,0.965,0.976,0.965,0.0139
t_1851,0.981,0.981,0.981,0.983,0.982,0.983,0.0138
t_1852,0.982,0.982,0.982,0.994,0.988,0.994,0.0128
t_1853,0.981,0.981,0.981,0.997,0.989,0.997,0.0164
t_1854,0.982,0.982,0.982,0.996,0.989,0.996,0.0257
t_1855,0.982,0.982,0.982,0.992,0.987,0.992,0.0352
t_1856,0.998,0.998,0.998,0.982,0.990,0.982,0.055
t_1857,0.994,0.994,0.994,0.968,0.981,0.968,0.1033
t_1858,0.982,0.982,0.982,0.947,0.965,0.947,0.1445
t_1859,0.972,0.972,0.972,0.955,0.964,0.955,0.186
t_1860,0.958,0.958,0.958,0.899,0.929,0.899,0.1848
t_1861,0.919,0.919,0.919,0.804,0.862,0.804,0.1649
t_1862,0.885,0.885,0.885,0.613,0.749,0.613,0.1577
t_1863,0.860,0.860,0.860,0.434,0.647,0.434,0.171
t_1864,0.813,0.813,0.813,0.243,0.528,0.243,0.1485
t_1865,0.738,0.738,0.738,0.115,0.427,0.115,0.1124
t_1866,0.655,0.655,0.655,0.035,0.345,0.035,0.0898
t_1867,0.553,0.553,0.553,0.009,0.281,0.009,0.0755
t_1868,0.416,0.416,0.416,0.003,0.210,0.003,0.0634
t_1869,0.282,0.282,0.282,0.001,0.142,0.001,0.0457
t_1870,0.142,0.142,0.142,0.001,0.072,0.001,0.0267
t_1871,0.113,0.113,0.113,0.002,0.058,0.002,0.0973
t_1872,0.225,0.225,0.225,0.004,0.115,0.004,0.3563
t_1873,0.134,0.134,0.134,0.007,0.071,0.007,0.5145
t_1874,0.225,0.225,0.225,0.026,0.126,0.026,0.7218
t_1875,0.336,0.336,0.336,0.074,0.205,0.074,0.7924
t_1876,0.673,0.673,0.673,0.145,0.409,0.145,0.8085
t_1877,0.739,0.739,0.739,0.232,0.486,0.232,0.8121
t_1878,0.808,0.808,0.808,0.328,0.568,0.328,0.8391
t_1879,0.852,0.852,0.852,0.413,0.633,0.413,0.8565
t_1880,0.893,0.893,0.893,0.571,0.732,0.571,0.8894
t_1881,0.863,0.863,0.863,0.670,0.767,0.670,0.8568
t_1882,0.784,0.784,0.784,0.669,0.727,0.669,0.8538
t_1883,0.652,0.652,0.652,0.646,0.649,0.646,0.8871
t_1884,0.542,0.542,0.542,0.644,0.593,0.644,0.9126
t_1885,0.470,0.470,0.470,0.648,0.559,0.648,0.9201
t_1886,0.455,0.455,0.455,0.657,0.556,0.657,0.921
t_1887,0.447,0.447,0.447,0.645,0.546,0.645,0.9053
t_1888,0.242,0.242,0.242,0.591,0.417,0.591,0.8582
t_1889,0.154,0.154,0.154,0.628,0.391,0.628,0.7728
t_1890,0.125,0.125,0.125,0.710,0.418,0.710,0.7154
t_1891,0.144,0.144,0.144,0.768,0.456,0.768,0.6514
t_1892,0.271,0.271,0.271,0.803,0.537,0.803,0.6299
t_1893,0.241,0.241,0.241,0.824,0.533,0.824,0.6456
t_1894,0.230,0.230,0.230,0.828,0.529,0.828,0.6668
t_1895,0.198,0.198,0.198,0.831,0.515,0.831,0.6765
t_1896,0.151,0.151,0.151,0.820,0.486,0.820,0.7026
t_1897,0.107,0.107,0.107,0.809,0.458,0.809,0.7106
t_1898,0.062,0.062,0.062,0.803,0.433,0.803,0.7271
t_1899,0.029,0.029,0.029,0.801,0.415,0.801,0.7306
t_1900,0.015,0.015,0.015,0.798,0.407,0.798,0.7193
t_1901,0.008,0.008,0.008,0.789,0.399,0.789,0.7023
t_1902,0.006,0.006,0.006,0.766,0.386,0.766,0.6448
t_1903,0.004,0.004,0.004,0.711,0.358,0.711,0.6021
t_1904,0.004,0.004,0.004,0.645,0.325,0.645,0.636
t_1905,0.015,0.015,0.015,0.685,0.350,0.685,0.7354
t_1906,0.072,0.072,0.072,0.751,0.412,0.751,0.7752
t_1907,0.145,0.145,0.145,0.755,0.450,0.755,0.7655
t_1908,0.215,0.215,0.215,0.735,0.475,0.735,0.731
t_1909,0.268,0.268,0.268,0.696,0.482,0.696,0.7221
t_1910,0.288,0.288,0.288,0.663,0.476,0.663,0.7317
t_1911,0.273,0.273,0.273,0.618,0.446,0.618,0.7102
t_1912,0.243,0.243,0.243,0.511,0.377,0.511,0.666
t_1913,0.117,0.117,0.117,0.461,0.289,0.461,0.6043
t_1914,0.071,0.071,0.071,0.441,0.256,0.441,0.6312
t_1915,0.054,0.054,0.054,0.409,0.232,0.409,0.6424
t_1916,0.049,0.049,0.049,0.366,0.208,0.366,0.6645
t_1917,0.052,0.052,0.052,0.320,0.186,0.320,0.6923
t_1918,0.019,0.019,0.019,0.294,0.157,0.294,0.6648
t_1919,0.024,0.024,0.024,0.276,0.150,0.276,0.5764
t_1920,0.040,0.040,0.040,0.266,0.153,0.266,0.4939
t_1921,0.031,0.031,0.031,0.268,0.150,0.268,0.4196
t_1922,0.051,0.051,0.051,0.279,0.165,0.279,0.3561
t_1923,0.089,0.089,0.089,0.260,0.175,0.260,0.3282
t_1924,0.098,0.098,0.098,0.197,0.148,0.197,0.3356
t_1925,0.100,0.100,0.100,0.135,0.118,0.135,0.3639
t_1926,0.112,0.112,0.112,0.083,0.098,0.083,0.4014
t_1927,0.090,0.090,0.090,0.020,0.055,0.020,0.3997
t_1928,0.085,0.085,0.085,0.015,0.050,0.015,0.4287
t_1929,0.128,0.128,0.128,0.013,0.071,0.013,0.4353
t_1930,0.133,0.133,0.133,0.007,0.070,0.007,0.3758
t_1931,0.132,0.132,0.132,0.007,0.070,0.007,0.2938
t_1932,0.115,0.115,0.115,0.009,0.062,0.009,0.2148
t_1933,0.103,0.103,0.103,0.012,0.058,0.012,0.161
t_1934,0.095,0.095,0.095,0.014,0.055,0.014,0.1375
t_1935,0.068,0.068,0.068,0.015,0.042,0.015,0.1313
t_1936,0.035,0.035,0.035,0.011,0.023,0.011,0.1148
t_1937,0.019,0.019,0.019,0.008,0.014,0.008,0.0874
t_1938,0.027,0.027,0.027,0.017,0.022,0.017,0.0761
t_1939,0.070,0.070,0.070,0.037,0.054,0.037,0.053
t_1940,0.165,0.165,0.165,0.056,0.111,0.056,0.0593
t_1941,0.211,0.211,0.211,0.071,0.141,0.071,0.0818
t_1942,0.200,0.200,0.200,0.088,0.144,0.088,0.1133
t_1943,0.187,0.187,0.187,0.112,0.150,0.112,0.0894
t_1944,0.168,0.168,0.168,0.132,0.150,0.132,0.0561
t_1945,0.119,0.119,0.119,0.184,0.152,0.184,0.0396
t_1946,0.054,0.054,0.054,0.226,0.140,0.226,0.0325
t_1947,0.017,0.017,0.017,0.239,0.128,0.239,0.0267
t_1948,0.002,0.002,0.002,0.242,0.122,0.242,0.0281
t_1949,0.000,0.000,0.000,0.231,0.116,0.231,0.0432
t_1950,0.000,0.000,0.000,0.216,0.108,0.216,0.0585
t_1951,0.001,0.001,0.001,0.154,0.078,0.154,0.0738
t_1952,0.001,0.001,0.001,0.093,0.047,0.093,0.0571
t_1953,0.000,0.000,0.000,0.105,0.053,0.105,0.0889
t_1954,0.000,0.000,0.000,0.105,0.053,0.105,0.0966
t_1955,0.000,0.000,0.000,0.086,0.043,0.086,0.0831
t_1956,0.000,0.000,0.000,0.079,0.040,0.079,0.0527
t_1957,0.000,0.000,0.000,0.082,0.041,0.082,0.0375
t_1958,0.000,0.000,0.000,0.098,0.049,0.098,0.0216
t_1959,0.000,0.000,0.000,0.114,0.057,0.114,0.0193
t_1960,0.000,0.000,0.000,0.102,0.051,0.102,0.0185
t_1961,0.000,0.000,0.000,0.101,0.051,0.101,0.0189
t_1962,0.000,0.000,0.000,0.132,0.066,0.132,0.0234
t_1963,0.002,0.002,0.002,0.162,0.082,0.162,0.0307
t_1964,0.006,0.006,0.006,0.150,0.078,0.150,0.0423
t_1965,0.016,0.016,0.016,0.141,0.079,0.141,0.0568
t_1966,0.034,0.034,0.034,0.137,0.086,0.137,0.0631
t_1967,0.054,0.054,0.054,0.139,0.097,0.139,0.053
t_1968,0.052,0.052,0.052,0.139,0.096,0.139,0.0398
t_1969,0.039,0.039,0.039,0.140,0.090,0.140,0.0307
t_1970,0.028,0.028,0.028,0.145,0.087,0.145,0.0266
t_1971,0.038,0.038,0.038,0.158,0.098,0.158,0.0273
t_1972,0.037,0.037,0.037,0.164,0.101,0.164,0.0284
t_1973,0.040,0.040,0.040,0.172,0.106,0.172,0.032
t_1974,0.054,0.054,0.054,0.174,0.114,0.174,0.0351
t_1975,0.058,0.058,0.058,0.139,0.099,0.139,0.0313
t_1976,0.031,0.031,0.031,0.057,0.044,0.057,0.0183
t_1977,0.008,0.008,0.008,0.054,0.031,0.054,0.0071
t_1978,0.014,0.014,0.014,0.126,0.070,0.126,0.0017
t_1979,0.022,0.022,0.022,0.168,0.095,0.168,0.0008
t_1980,0.039,0.039,0.039,0.195,0.117,0.195,0.001
t_1981,0.062,0.062,0.062,0.227,0.145,0.227,0.0023
t_1982,0.088,0.088,0.088,0.256,0.172,0.256,0.0051
t_1983,0.113,0.113,0.113,0.276,0.195,0.276,0.0084
t_1984,0.101,0.101,0.101,0.215,0.158,0.215,0.0066
t_1985,0.059,0.059,0.059,0.193,0.126,0.193,0.0016
t_1986,0.054,0.054,0.054,0.251,0.153,0.251,0.0007
t_1987,0.049,0.049,0.049,0.284,0.167,0.284,0.0018
t_1988,0.038,0.038,0.038,0.306,0.172,0.306,0.0078
t_1989,0.044,0.044,0.044,0.335,0.190,0.335,0.0177
t_1990,0.082,0.082,0.082,0.392,0.237,0.392,0.0261
t_1991,0.114,0.114,0.114,0.449,0.282,0.449,0.0351
t_1992,0.137,0.137,0.137,0.498,0.318,0.498,0.0489
t_1993,0.162,0.162,0.162,0.549,0.356,0.549,0.0554
t_1994,0.203,0.203,0.203,0.606,0.405,0.606,0.0576
t_1995,0.253,0.253,0.253,0.666,0.460,0.666,0.0603
t_1996,0.301,0.301,0.301,0.763,0.532,0.763,0.0607
t_1997,0.327,0.327,0.327,0.842,0.585,0.842,0.0641
t_1998,0.340,0.340,0.340,0.882,0.611,0.882,0.0666
t_1999,0.320,0.320,0.320,0.893,0.607,0.893,0.0637
t_2000,0.256,0.256,0.256,0.902,0.579,0.902,0.0329
t_2001,0.385,0.385,0.385,0.972,0.679,0.972,0.0092
t_2002,0.478,0.478,0.478,0.976,0.727,0.976,0.0076
t_2003,0.559,0.559,0.559,0.989,0.774,0.989,0.0084
t_2004,0.669,0.669,0.669,0.992,0.831,0.992,0.0167
t_2005,0.686,0.686,0.686,0.994,0.840,0.994,0.0242
t_2006,0.688,0.688,0.688,0.994,0.841,0.994,0.0316
t_2007,0.663,0.663,0.663,0.994,0.829,0.994,0.0362
t_2008,0.615,0.615,0.615,0.982,0.799,0.982,0.0315
t_2009,0.492,0.492,0.492,0.941,0.717,0.941,0.0297
t_2010,0.353,0.353,0.353,0.895,0.624,0.895,0.0485
t_2011,0.312,0.312,0.312,0.855,0.584,0.855,0.1052
t_2012,0.232,0.232,0.232,0.805,0.519,0.805,0.1605
t_2013,0.209,0.209,0.209,0.757,0.483,0.757,0.2036
t_2014,0.225,0.225,0.225,0.721,0.473,0.721,0.2695
t_2015,0.238,0.238,0.238,0.674,0.456,0.674,0.3657
t_2016,0.233,0.233,0.233,0.621,0.427,0.621,0.4338
t_2017,0.230,0.230,0.230,0.596,0.413,0.596,0.5102
t_2018,0.227,0.227,0.227,0.579,0.403,0.579,0.555
t_2019,0.226,0.226,0.226,0.539,0.383,0.539,0.5807
t_2020,0.200,0.200,0.200,0.503,0.352,0.503,0.5914
t_2021,0.182,0.182,0.182,0.506,0.344,0.506,0.5899
t_2022,0.162,0.162,0.162,0.594,0.378,0.594,0.576
t_2023,0.127,0.127,0.127,0.735,0.431,0.735,0.5495
t_2024,0.104,0.104,0.104,0.854,0.479,0.854,0.5352
t_2025,0.140,0.140,0.140,0.910,0.525,0.910,0.646
t_2026,0.142,0.142,0.142,0.958,0.550,0.958,0.6463
t_2027,0.121,0.121,0.121,0.983,0.552,0.983,0.5951
t_2028,0.136,0.136,0.136,0.992,0.564,0.992,0.5476
t_2029,0.178,0.178,0.178,0.990,0.584,0.990,0.5141
t_2030,0.248,0.248,0.248,0.981,0.615,0.981,0.4991
t_2031,0.295,0.295,0.295,0.957,0.626,0.957,0.4874
t_2032,0.332,0.332,0.332,0.878,0.605,0.878,0.4129
t_2033,0.332,0.332,0.332,0.843,0.588,0.843,0.3127
t_2034,0.367,0.367,0.367,0.866,0.617,0.866,0.253
t_2035,0.469,0.469,0.469,0.872,0.671,0.872,0.2117
t_2036,0.543,0.543,0.543,0.909,0.726,0.909,0.1827
t_2037,0.593,0.593,0.593,0.906,0.750,0.906,0.1471
t_2038,0.685,0.685,0.685,0.899,0.792,0.899,0.1054
t_2039,0.765,0.765,0.765,0.904,0.835,0.904,0.0723
t_2040,0.810,0.810,0.810,0.906,0.858,0.906,0.0398
t_2041,0.842,0.842,0.842,0.919,0.881,0.919,0.0191
t_2042,0.870,0.870,0.870,0.934,0.902,0.934,0.0182
t_2043,0.909,0.909,0.909,0.960,0.935,0.960,0.0177
t_2044,0.935,0.935,0.935,0.981,0.958,0.981,0.0095
t_2045,0.947,0.947,0.947,0.984,0.966,0.984,0.0064
t_2046,0.952,0.952,0.952,0.991,0.972,0.991,0.0078
t_2047,0.961,0.961,0.961,0.992,0.977,0.992,0.0087
t_2048,0.969,0.969,0.969,0.991,0.980,0.991,0.0103
t_2049,0.989,0.989,0.989,0.989,0.989,0.989,0.0458
t_2050,0.999,0.999,0.999,0.989,0.994,0.989,0.1262
t_2051,0.988,0.988,0.988,0.994,0.991,0.994,0.2442
t_2052,0.986,0.986,0.986,0.998,0.992,0.998,0.3329
t_2053,0.988,0.988,0.988,0.987,0.988,0.987,0.3985
t_2054,0.999,0.999,0.999,0.972,0.986,0.972,0.4067
t_2055,0.997,0.997,0.997,0.980,0.989,0.980,0.3272
t_2056,0.995,0.995,0.995,0.943,0.969,0.943,0.2288
t_2057,0.979,0.979,0.979,0.916,0.948,0.916,0.279
t_2058,0.862,0.862,0.862,0.763,0.813,0.763,0.6769
t_2059,0.835,0.835,0.835,0.616,0.726,0.616,0.9184
t_2060,0.846,0.846,0.846,0.597,0.722,0.597,0.9322
t_2061,0.863,0.863,0.863,0.654,0.759,0.654,0.8673
t_2062,0.868,0.868,0.868,0.765,0.817,0.765,0.8242
t_2063,0.863,0.863,0.863,0.875,0.869,0.875,0.7879
t_2064,0.824,0.824,0.824,0.907,0.866,0.907,0.6527
t_2065,0.786,0.786,0.786,0.873,0.830,0.873,0.5046
t_2066,0.720,0.720,0.720,0.806,0.763,0.806,0.3543
t_2067,0.583,0.583,0.583,0.710,0.647,0.710,0.3839
t_2068,0.347,0.347,0.347,0.547,0.447,0.547,0.5134
t_2069,0.150,0.150,0.150,0.406,0.278,0.406,0.6582
t_2070,0.028,0.028,0.028,0.320,0.174,0.320,0.7881
t_2071,0.003,0.003,0.003,0.288,0.146,0.288,0.8732
t_2072,0.005,0.005,0.005,0.346,0.176,0.346,0.9003
t_2073,0.008,0.008,0.008,0.384,0.196,0.384,0.9106
t_2074,0.010,0.010,0.010,0.419,0.215,0.419,0.894
t_2075,0.020,0.020,0.020,0.501,0.261,0.501,0.8166
t_2076,0.041,0.041,0.041,0.554,0.298,0.554,0.6373
t_2077,0.103,0.103,0.103,0.595,0.349,0.595,0.4036
t_2078,0.154,0.154,0.154,0.637,0.396,0.637,0.2661
t_2079,0.269,0.269,0.269,0.637,0.453,0.637,0.2082
t_2080,0.420,0.420,0.420,0.600,0.510,0.600,0.1678
t_2081,0.500,0.500,0.500,0.481,0.491,0.481,0.0848
t_2082,0.908,0.908,0.908,0.491,0.700,0.491,0.0209
t_2083,0.959,0.959,0.959,0.527,0.743,0.527,0.0009
t_2084,0.995,0.995,0.995,0.548,0.772,0.548,0.0008
t_2085,0.995,0.995,0.995,0.540,0.768,0.540,0.0042
t_2086,0.981,0.981,0.981,0.496,0.739,0.496,0.0103
t_2087,0.888,0.888,0.888,0.473,0.681,0.473,0.0161
t_2088,0.839,0.839,0.839,0.527,0.683,0.527,0.0245
t_2089,0.981,0.981,0.981,0.612,0.797,0.612,0.0379
t_2090,0.981,0.981,0.981,0.737,0.859,0.737,0.0525
t_2091,0.982,0.982,0.982,0.851,0.917,0.851,0.06
t_2092,0.987,0.987,0.987,0.963,0.975,0.963,0.0589
t_2093,0.962,0.962,0.962,0.982,0.972,0.982,0.0533
t_2094,0.985,0.985,0.985,0.992,0.989,0.992,0.0734
t_2095,0.942,0.942,0.942,0.987,0.965,0.987,0.1872
t_2096,0.837,0.837,0.837,0.979,0.908,0.979,0.4121
t_2097,0.872,0.872,0.872,0.980,0.926,0.980,0.6874
t_2098,0.915,0.915,0.915,0.984,0.950,0.984,0.8928
t_2099,0.924,0.924,0.924,0.999,0.962,0.999,0.9096
t_2100,0.886,0.886,0.886,0.997,0.942,0.997,0.8735
t_2101,0.855,0.855,0.855,0.999,0.927,0.999,0.7879
t_2102,0.835,0.835,0.835,0.998,0.917,0.998,0.6988
t_2103,0.831,0.831,0.831,0.991,0.911,0.991,0.7098
t_2104,0.779,0.779,0.779,0.958,0.869,0.958,0.7543
t_2105,0.646,0.646,0.646,0.931,0.789,0.931,0.8149
t_2106,0.504,0.504,0.504,0.917,0.711,0.917,0.8728
t_2107,0.521,0.521,0.521,0.902,0.712,0.902,0.9122
t_2108,0.634,0.634,0.634,0.875,0.755,0.875,0.9297
t_2109,0.761,0.761,0.761,0.810,0.786,0.810,0.8771
t_2110,0.805,0.805,0.805,0.712,0.759,0.712,0.7504
t_2111,0.814,0.814,0.814,0.584,0.699,0.584,0.6698
t_2112,0.796,0.796,0.796,0.466,0.631,0.466,0.6815
t_2113,0.769,0.769,0.769,0.359,0.564,0.359,0.7235
t_2114,0.742,0.742,0.742,0.283,0.513,0.283,0.7479
t_2115,0.698,0.698,0.698,0.245,0.472,0.245,0.7746
t_2116,0.687,0.687,0.687,0.224,0.456,0.224,0.7886
t_2117,0.678,0.678,0.678,0.188,0.433,0.188,0.8182
t_2118,0.419,0.419,0.419,0.142,0.281,0.142,0.8615
t_2119,0.358,0.358,0.358,0.067,0.213,0.067,0.8891
t_2120,0.376,0.376,0.376,0.046,0.211,0.046,0.9164
t_2121,0.285,0.285,0.285,0.098,0.192,0.098,0.9163
t_2122,0.219,0.219,0.219,0.121,0.170,0.121,0.9126
t_2123,0.212,0.212,0.212,0.156,0.184,0.156,0.9111
t_2124,0.212,0.212,0.212,0.210,0.211,0.210,0.9099
t_2125,0.207,0.207,0.207,0.245,0.226,0.245,0.9102
t_2126,0.219,0.219,0.219,0.241,0.230,0.241,0.9071
t_2127,0.226,0.226,0.226,0.214,0.220,0.214,0.8979
t_2128,0.214,0.214,0.214,0.164,0.189,0.164,0.8745
t_2129,0.151,0.151,0.151,0.107,0.129,0.107,0.8423
t_2130,0.091,0.091,0.091,0.095,0.093,0.095,0.8271
t_2131,0.036,0.036,0.036,0.091,0.064,0.091,0.8172
t_2132,0.037,0.037,0.037,0.067,0.052,0.067,0.7851
t_2133,0.032,0.032,0.032,0.054,0.043,0.054,0.7555
t_2134,0.024,0.024,0.024,0.052,0.038,0.052,0.726
t_2135,0.013,0.013,0.013,0.057,0.035,0.057,0.6543
t_2136,0.012,0.012,0.012,0.065,0.039,0.065,0.585
t_2137,0.007,0.007,0.007,0.073,0.040,0.073,0.5306
t_2138,0.004,0.004,0.004,0.079,0.042,0.079,0.4037
t_2139,0.000,0.000,0.000,0.084,0.042,0.084,0.3107
t_2140,0.000,0.000,0.000,0.070,0.035,0.070,0.2735
t_2141,0.000,0.000,0.000,0.065,0.033,0.065,0.2553
t_2142,0.000,0.000,0.000,0.065,0.033,0.065,0.2324
t_2143,0.000,0.000,0.000,0.036,0.018,0.036,0.1984
t_2144,0.000,0.000,0.000,0.049,0.025,0.049,0.146
t_2145,0.000,0.000,0.000,0.080,0.040,0.080,0.1738
t_2146,0.000,0.000,0.000,0.099,0.050,0.099,0.1631
t_2147,0.000,0.000,0.000,0.124,0.062,0.124,0.1693
t_2148,0.001,0.001,0.001,0.169,0.085,0.169,0.2095
t_2149,0.004,0.004,0.004,0.219,0.112,0.219,0.2691
t_2150,0.011,0.011,0.011,0.266,0.139,0.266,0.347
t_2151,0.019,0.019,0.019,0.279,0.149,0.279,0.3872
t_2152,0.020,0.020,0.020,0.242,0.131,0.242,0.3457
t_2153,0.021,0.021,0.021,0.239,0.130,0.239,0.2466
t_2154,0.044,0.044,0.044,0.325,0.185,0.325,0.2252
t_2155,0.076,0.076,0.076,0.413,0.245,0.413,0.2316
t_2156,0.082,0.082,0.082,0.492,0.287,0.492,0.1973
t_2157,0.076,0.076,0.076,0.603,0.340,0.603,0.1889
t_2158,0.073,0.073,0.073,0.638,0.356,0.638,0.2715
t_2159,0.060,0.060,0.060,0.669,0.365,0.669,0.3096
t_2160,0.042,0.042,0.042,0.658,0.350,0.658,0.3677
t_2161,0.022,0.022,0.022,0.633,0.328,0.633,0.3874
t_2162,0.010,0.010,0.010,0.604,0.307,0.604,0.3912
t_2163,0.008,0.008,0.008,0.603,0.306,0.603,0.3805
t_2164,0.006,0.006,0.006,0.567,0.287,0.567,0.4231
t_2165,0.005,0.005,0.005,0.558,0.282,0.558,0.4257
t_2166,0.006,0.006,0.006,0.573,0.290,0.573,0.4382
t_2167,0.006,0.006,0.006,0.594,0.300,0.594,0.4532
t_2168,0.005,0.005,0.005,0.608,0.307,0.608,0.4292
t_2169,0.005,0.005,0.005,0.647,0.326,0.647,0.5607
t_2170,0.005,0.005,0.005,0.656,0.331,0.656,0.6962
t_2171,0.004,0.004,0.004,0.665,0.335,0.665,0.7713
t_2172,0.005,0.005,0.005,0.654,0.330,0.654,0.8159
t_2173,0.005,0.005,0.005,0.640,0.323,0.640,0.8019
t_2174,0.008,0.008,0.008,0.595,0.302,0.595,0.7552
t_2175,0.008,0.008,0.008,0.565,0.287,0.565,0.6952
t_2176,0.007,0.007,0.007,0.562,0.285,0.562,0.6328
t_2177,0.007,0.007,0.007,0.622,0.315,0.622,0.6399
t_2178,0.013,0.013,0.013,0.707,0.360,0.707,0.6578
t_2179,0.021,0.021,0.021,0.811,0.416,0.811,0.6465
t_2180,0.026,0.026,0.026,0.871,0.449,0.871,0.6462
t_2181,0.022,0.022,0.022,0.887,0.455,0.887,0.6542
t_2182,0.032,0.032,0.032,0.860,0.446,0.860,0.6865
t_2183,0.075,0.075,0.075,0.831,0.453,0.831,0.7271
t_2184,0.049,0.049,0.049,0.792,0.421,0.792,0.7498
t_2185,0.020,0.020,0.020,0.757,0.389,0.757,0.76
t_2186,0.008,0.008,0.008,0.727,0.368,0.727,0.7668
t_2187,0.006,0.006,0.006,0.720,0.363,0.720,0.7753
t_2188,0.003,0.003,0.003,0.706,0.355,0.706,0.7739
t_2189,0.001,0.001,0.001,0.678,0.340,0.678,0.7579
t_2190,0.001,0.001,0.001,0.639,0.320,0.639,0.7387
t_2191,0.000,0.000,0.000,0.588,0.294,0.588,0.715
t_2192,0.000,0.000,0.000,0.520,0.260,0.520,0.7115
t_2193,0.000,0.000,0.000,0.462,0.231,0.462,0.6742
t_2194,0.001,0.001,0.001,0.443,0.222,0.443,0.6111
t_2195,0.006,0.006,0.006,0.511,0.259,0.511,0.5744
t_2196,0.009,0.009,0.009,0.547,0.278,0.547,0.5053
t_2197,0.014,0.014,0.014,0.554,0.284,0.554,0.4303
t_2198,0.021,0.021,0.021,0.557,0.289,0.557,0.3601
t_2199,0.027,0.027,0.027,0.560,0.294,0.560,0.2898
t_2200,0.024,0.024,0.024,0.515,0.270,0.515,0.2034
t_2201,0.013,0.013,0.013,0.463,0.238,0.463,0.1371
t_2202,0.009,0.009,0.009,0.525,0.267,0.525,0.1451
t_2203,0.015,0.015,0.015,0.569,0.292,0.569,0.1752
t_2204,0.029,0.029,0.029,0.618,0.324,0.618,0.1925
t_2205,0.032,0.032,0.032,0.624,0.328,0.624,0.1943
t_2206,0.038,0.038,0.038,0.656,0.347,0.656,0.1725
t_2207,0.044,0.044,0.044,0.693,0.369,0.693,0.1323
t_2208,0.061,0.061,0.061,0.718,0.390,0.718,0.0895
t_2209,0.081,0.081,0.081,0.732,0.407,0.732,0.0679
t_2210,0.083,0.083,0.083,0.740,0.412,0.740,0.0746
t_2211,0.084,0.084,0.084,0.745,0.415,0.745,0.0549
t_2212,0.089,0.089,0.089,0.737,0.413,0.737,0.0295
t_2213,0.052,0.052,0.052,0.709,0.381,0.709,0.0181
t_2214,0.053,0.053,0.053,0.660,0.357,0.660,0.0128
t_2215,0.059,0.059,0.059,0.551,0.305,0.551,0.0096
t_2216,0.074,0.074,0.074,0.425,0.250,0.425,0.0003
t_2217,0.059,0.059,0.059,0.384,0.222,0.384,0
t_2218,0.115,0.115,0.115,0.450,0.283,0.450,0.0003
t_2219,0.158,0.158,0.158,0.488,0.323,0.488,0.0094
t_2220,0.184,0.184,0.184,0.510,0.347,0.510,0.0237
t_2221,0.210,0.210,0.210,0.513,0.362,0.513,0.0369
t_2222,0.234,0.234,0.234,0.475,0.355,0.475,0.0518
t_2223,0.252,0.252,0.252,0.416,0.334,0.416,0.0787
t_2224,0.212,0.212,0.212,0.303,0.258,0.303,0.1041
t_2225,0.160,0.160,0.160,0.325,0.243,0.325,0.0996
t_2226,0.360,0.360,0.360,0.410,0.385,0.410,0.0705
t_2227,0.465,0.465,0.465,0.478,0.472,0.478,0.0254
t_2228,0.549,0.549,0.549,0.530,0.540,0.530,0.0018
t_2229,0.619,0.619,0.619,0.585,0.602,0.585,0.0006
t_2230,0.705,0.705,0.705,0.632,0.669,0.632,0.0014
t_2231,0.515,0.515,0.515,0.673,0.594,0.673,0.0005
t_2232,0.559,0.559,0.559,0.710,0.635,0.710,0.0002
t_2233,0.800,0.800,0.800,0.717,0.759,0.717,0.0003
t_2234,0.792,0.792,0.792,0.681,0.737,0.681,0.0009
t_2235,0.778,0.778,0.778,0.689,0.734,0.689,0.0044
t_2236,0.755,0.755,0.755,0.715,0.735,0.715,0.0105
t_2237,0.719,0.719,0.719,0.709,0.714,0.709,0.0212
t_2238,0.684,0.684,0.684,0.694,0.689,0.694,0.0328
t_2239,0.560,0.560,0.560,0.635,0.598,0.635,0.0359
t_2240,0.361,0.361,0.361,0.582,0.472,0.582,0.0051
t_2241,0.175,0.175,0.175,0.717,0.446,0.717,0.0053
t_2242,0.151,0.151,0.151,0.845,0.498,0.845,0.0018
t_2243,0.132,0.132,0.132,0.879,0.506,0.879,0.0029
t_2244,0.124,0.124,0.124,0.885,0.505,0.885,0.0057
t_2245,0.121,0.121,0.121,0.864,0.493,0.864,0.0083
t_2246,0.157,0.157,0.157,0.817,0.487,0.817,0.0096
t_2247,0.131,0.131,0.131,0.712,0.422,0.712,0.0099
t_2248,0.078,0.078,0.078,0.536,0.307,0.536,0.008
t_2249,0.027,0.027,0.027,0.316,0.172,0.316,0.0048
t_2250,0.007,0.007,0.007,0.209,0.108,0.209,0.005
t_2251,0.001,0.001,0.001,0.117,0.059,0.117,0.0108
t_2252,0.000,0.000,0.000,0.043,0.022,0.043,0.025
t_2253,0.000,0.000,0.000,0.008,0.004,0.008,0.042
t_2254,0.000,0.000,0.000,0.001,0.001,0.001,0.0415
t_2255,0.012,0.012,0.012,0.000,0.006,0.000,0.0318
t_2256,0.042,0.042,0.042,0.000,0.021,0.000,0.0164
t_2257,0.082,0.082,0.082,0.000,0.041,0.000,0.0128
t_2258,0.119,0.119,0.119,0.000,0.060,0.000,0.0129
t_2259,0.144,0.144,0.144,0.000,0.072,0.000,0.0148
t_2260,0.159,0.159,0.159,0.000,0.080,0.000,0.0183
t_2261,0.154,0.154,0.154,0.000,0.077,0.000,0.0254
t_2262,0.151,0.151,0.151,0.000,0.076,0.000,0.0345
t_2263,0.127,0.127,0.127,0.000,0.064,0.000,0.0256
t_2264,0.048,0.048,0.048,0.000,0.024,0.000,0
t_2265,0.009,0.009,0.009,0.001,0.005,0.001,0
t_2266,0.006,0.006,0.006,0.002,0.004,0.002,0
t_2267,0.009,0.009,0.009,0.003,0.006,0.003,0.0018
t_2268,0.021,0.021,0.021,0.005,0.013,0.005,0.01
t_2269,0.029,0.029,0.029,0.008,0.019,0.008,0.0234
t_2270,0.041,0.041,0.041,0.008,0.025,0.008,0.0334
t_2271,0.052,0.052,0.052,0.007,0.030,0.007,0.0365
t_2272,0.058,0.058,0.058,0.003,0.031,0.003,0.0304
t_2273,0.036,0.036,0.036,0.000,0.018,0.000,0.0182
t_2274,0.024,0.024,0.024,0.000,0.012,0.000,0.0046
t_2275,0.024,0.024,0.024,0.000,0.012,0.000,0.0001
t_2276,0.029,0.029,0.029,0.000,0.015,0.000,0
t_2277,0.047,0.047,0.047,0.000,0.024,0.000,0.0001
t_2278,0.066,0.066,0.066,0.001,0.034,0.001,0.0077
t_2279,0.093,0.093,0.093,0.016,0.055,0.016,0.0274
t_2280,0.101,0.101,0.101,0.062,0.082,0.062,0.0346
t_2281,0.103,0.103,0.103,0.099,0.101,0.099,0.0381
t_2282,0.074,0.074,0.074,0.128,0.101,0.128,0.0473
t_2283,0.037,0.037,0.037,0.151,0.094,0.151,0.0542
t_2284,0.019,0.019,0.019,0.162,0.091,0.162,0.0596
t_2285,0.006,0.006,0.006,0.162,0.084,0.162,0.0621
t_2286,0.003,0.003,0.003,0.158,0.081,0.158,0.0671
t_2287,0.002,0.002,0.002,0.121,0.062,0.121,0.072
t_2288,0.008,0.008,0.008,0.094,0.051,0.094,0.0645
t_2289,0.017,0.017,0.017,0.180,0.099,0.180,0.0778
t_2290,0.024,0.024,0.024,0.246,0.135,0.246,0.1002
t_2291,0.030,0.030,0.030,0.292,0.161,0.292,0.1512
t_2292,0.087,0.087,0.087,0.360,0.224,0.360,0.2202
t_2293,0.083,0.083,0.083,0.428,0.256,0.428,0.2833
t_2294,0.068,0.068,0.068,0.481,0.275,0.481,0.337
t_2295,0.047,0.047,0.047,0.521,0.284,0.521,0.3721
t_2296,0.030,0.030,0.030,0.487,0.259,0.487,0.3055
t_2297,0.020,0.020,0.020,0.341,0.181,0.341,0.1874
t_2298,0.012,0.012,0.012,0.257,0.135,0.257,0.1707
t_2299,0.009,0.009,0.009,0.229,0.119,0.229,0.1777
t_2300,0.005,0.005,0.005,0.186,0.096,0.186,0.1731
t_2301,0.003,0.003,0.003,0.149,0.076,0.149,0.1916
t_2302,0.003,0.003,0.003,0.133,0.068,0.133,0.2274
t_2303,0.003,0.003,0.003,0.137,0.070,0.137,0.2485
t_2304,0.002,0.002,0.002,0.146,0.074,0.146,0.2491
t_2305,0.001,0.001,0.001,0.156,0.079,0.156,0.2353
t_2306,0.001,0.001,0.001,0.174,0.088,0.174,0.1938
t_2307,0.000,0.000,0.000,0.187,0.094,0.187,0.1545
t_2308,0.000,0.000,0.000,0.196,0.098,0.196,0.127
t_2309,0.000,0.000,0.000,0.181,0.091,0.181,0.1103
t_2310,0.000,0.000,0.000,0.152,0.076,0.152,0.1002
t_2311,0.000,0.000,0.000,0.155,0.078,0.155,0.0806
t_2312,0.001,0.001,0.001,0.266,0.134,0.266,0.0578
t_2313,0.002,0.002,0.002,0.386,0.194,0.386,0.0338
t_2314,0.004,0.004,0.004,0.499,0.252,0.499,0.0352
t_2315,0.008,0.008,0.008,0.599,0.304,0.599,0.0446
t_2316,0.021,0.021,0.021,0.681,0.351,0.681,0.0682
t_2317,0.035,0.035,0.035,0.739,0.387,0.739,0.1183
t_2318,0.047,0.047,0.047,0.801,0.424,0.801,0.1725
t_2319,0.027,0.027,0.027,0.865,0.446,0.865,0.2213
t_2320,0.040,0.040,0.040,0.870,0.455,0.870,0.225
t_2321,0.057,0.057,0.057,0.783,0.420,0.783,0.1665
t_2322,0.047,0.047,0.047,0.806,0.427,0.806,0.1134
t_2323,0.055,0.055,0.055,0.852,0.454,0.852,0.1403
t_2324,0.110,0.110,0.110,0.875,0.493,0.875,0.1922
t_2325,0.084,0.084,0.084,0.874,0.479,0.874,0.275
t_2326,0.069,0.069,0.069,0.885,0.477,0.885,0.364
t_2327,0.040,0.040,0.040,0.875,0.458,0.875,0.4505
t_2328,0.025,0.025,0.025,0.846,0.436,0.846,0.4926
t_2329,0.035,0.035,0.035,0.809,0.422,0.809,0.4907
t_2330,0.045,0.045,0.045,0.786,0.416,0.786,0.5157
t_2331,0.075,0.075,0.075,0.777,0.426,0.777,0.5853
t_2332,0.115,0.115,0.115,0.731,0.423,0.731,0.6031
t_2333,0.107,0.107,0.107,0.679,0.393,0.679,0.5853
t_2334,0.167,0.167,0.167,0.637,0.402,0.637,0.5541
t_2335,0.347,0.347,0.347,0.702,0.525,0.702,0.585
t_2336,0.455,0.455,0.455,0.798,0.627,0.798,0.8585
t_2337,0.427,0.427,0.427,0.820,0.624,0.820,0.8721
t_2338,0.370,0.370,0.370,0.786,0.578,0.786,0.8704
t_2339,0.371,0.371,0.371,0.747,0.559,0.747,0.8685
t_2340,0.383,0.383,0.383,0.731,0.557,0.731,0.865
t_2341,0.375,0.375,0.375,0.750,0.563,0.750,0.8571
t_2342,0.373,0.373,0.373,0.797,0.585,0.797,0.8497
t_2343,0.417,0.417,0.417,0.848,0.633,0.848,0.8513
t_2344,0.531,0.531,0.531,0.871,0.701,0.871,0.8592
t_2345,0.578,0.578,0.578,0.803,0.691,0.803,0.8765
t_2346,0.469,0.469,0.469,0.721,0.595,0.721,0.8944
t_2347,0.466,0.466,0.466,0.707,0.587,0.707,0.8985
t_2348,0.246,0.246,0.246,0.685,0.466,0.685,0.8954
t_2349,0.191,0.191,0.191,0.651,0.421,0.651,0.8972
t_2350,0.216,0.216,0.216,0.643,0.430,0.643,0.9015
t_2351,0.137,0.137,0.137,0.636,0.387,0.636,0.9115
t_2352,0.078,0.078,0.078,0.626,0.352,0.626,0.9032
t_2353,0.029,0.029,0.029,0.557,0.293,0.557,0.8685
t_2354,0.028,0.028,0.028,0.478,0.253,0.478,0.8307
t_2355,0.032,0.032,0.032,0.366,0.199,0.366,0.797
t_2356,0.029,0.029,0.029,0.285,0.157,0.285,0.7667
t_2357,0.028,0.028,0.028,0.218,0.123,0.218,0.7112
t_2358,0.029,0.029,0.029,0.147,0.088,0.147,0.6549
t_2359,0.031,0.031,0.031,0.151,0.091,0.151,0.6136
t_2360,0.050,0.050,0.050,0.166,0.108,0.166,0.6563
t_2361,0.049,0.049,0.049,0.185,0.117,0.185,0.6116
t_2362,0.039,0.039,0.039,0.174,0.107,0.174,0.5505
t_2363,0.033,0.033,0.033,0.210,0.122,0.210,0.5028
t_2364,0.038,0.038,0.038,0.252,0.145,0.252,0.4593
t_2365,0.034,0.034,0.034,0.305,0.170,0.305,0.4498
t_2366,0.027,0.027,0.027,0.362,0.195,0.362,0.4467
t_2367,0.027,0.027,0.027,0.413,0.220,0.413,0.4425
t_2368,0.034,0.034,0.034,0.422,0.228,0.422,0.4239
t_2369,0.037,0.037,0.037,0.341,0.189,0.341,0.3411
t_2370,0.029,0.029,0.029,0.210,0.120,0.210,0.2809
t_2371,0.029,0.029,0.029,0.191,0.110,0.191,0.2986
t_2372,0.039,0.039,0.039,0.179,0.109,0.179,0.2737
t_2373,0.046,0.046,0.046,0.165,0.106,0.165,0.2303
t_2374,0.051,0.051,0.051,0.143,0.097,0.143,0.1849
t_2375,0.061,0.061,0.061,0.123,0.092,0.123,0.1797
t_2376,0.079,0.079,0.079,0.120,0.100,0.120,0.1702
t_2377,0.108,0.108,0.108,0.129,0.119,0.129,0.1331
t_2378,0.104,0.104,0.104,0.172,0.138,0.172,0.0919
t_2379,0.078,0.078,0.078,0.197,0.138,0.197,0.06
t_2380,0.041,0.041,0.041,0.227,0.134,0.227,0.0461
t_2381,0.012,0.012,0.012,0.245,0.129,0.245,0.0417
t_2382,0.005,0.005,0.005,0.210,0.108,0.210,0.0313
t_2383,0.003,0.003,0.003,0.150,0.077,0.150,0.0143
t_2384,0.001,0.001,0.001,0.195,0.098,0.195,0.0028
t_2385,0.000,0.000,0.000,0.195,0.098,0.195,0.0068
t_2386,0.000,0.000,0.000,0.169,0.085,0.169,0.0203
t_2387,0.000,0.000,0.000,0.135,0.068,0.135,0.0258
t_2388,0.000,0.000,0.000,0.122,0.061,0.122,0.0355
t_2389,0.000,0.000,0.000,0.113,0.057,0.113,0.0344
t_2390,0.001,0.001,0.001,0.109,0.055,0.109,0.0302
t_2391,0.001,0.001,0.001,0.094,0.048,0.094,0.0248
t_2392,0.001,0.001,0.001,0.078,0.040,0.078,0.0235
t_2393,0.002,0.002,0.002,0.053,0.028,0.053,0.0232
t_2394,0.007,0.007,0.007,0.032,0.020,0.032,0.0209
t_2395,0.018,0.018,0.018,0.034,0.026,0.034,0.0214
t_2396,0.019,0.019,0.019,0.030,0.025,0.030,0.0234
t_2397,0.018,0.018,0.018,0.027,0.023,0.027,0.0231
t_2398,0.020,0.020,0.020,0.026,0.023,0.026,0.0199
t_2399,0.016,0.016,0.016,0.027,0.022,0.027,0.0283
t_2400,0.014,0.014,0.014,0.035,0.025,0.035,0.0398
t_2401,0.010,0.010,0.010,0.042,0.026,0.042,0.0456
t_2402,0.009,0.009,0.009,0.047,0.028,0.047,0.0488
t_2403,0.009,0.009,0.009,0.047,0.028,0.047,0.0554
t_2404,0.007,0.007,0.007,0.053,0.030,0.053,0.0593
t_2405,0.008,0.008,0.008,0.063,0.036,0.063,0.0674
t_2406,0.010,0.010,0.010,0.068,0.039,0.068,0.0766
t_2407,0.009,0.009,0.009,0.060,0.035,0.060,0.0594
t_2408,0.006,0.006,0.006,0.097,0.052,0.097,0.043
t_2409,0.008,0.008,0.008,0.120,0.064,0.120,0.0437
t_2410,0.009,0.009,0.009,0.134,0.072,0.134,0.0976
t_2411,0.007,0.007,0.007,0.142,0.075,0.142,0.1573
t_2412,0.012,0.012,0.012,0.148,0.080,0.148,0.2271
t_2413,0.027,0.027,0.027,0.159,0.093,0.159,0.3023
t_2414,0.045,0.045,0.045,0.168,0.107,0.168,0.39
t_2415,0.073,0.073,0.073,0.161,0.117,0.161,0.4619
t_2416,0.078,0.078,0.078,0.123,0.101,0.123,0.4892
t_2417,0.069,0.069,0.069,0.070,0.070,0.070,0.4798
t_2418,0.050,0.050,0.050,0.060,0.055,0.060,0.4114
t_2419,0.083,0.083,0.083,0.065,0.074,0.065,0.4387
t_2420,0.078,0.078,0.078,0.049,0.064,0.049,0.4316
t_2421,0.092,0.092,0.092,0.025,0.059,0.025,0.3626
t_2422,0.089,0.089,0.089,0.012,0.051,0.012,0.3462
t_2423,0.101,0.101,0.101,0.008,0.055,0.008,0.3574
t_2424,0.111,0.111,0.111,0.004,0.058,0.004,0.3635
t_2425,0.110,0.110,0.110,0.002,0.056,0.002,0.3748
t_2426,0.104,0.104,0.104,0.001,0.053,0.001,0.3909
t_2427,0.090,0.090,0.090,0.000,0.045,0.000,0.4028
t_2428,0.131,0.131,0.131,0.000,0.066,0.000,0.4122
t_2429,0.147,0.147,0.147,0.000,0.074,0.000,0.4089
t_2430,0.141,0.141,0.141,0.000,0.071,0.000,0.3619
t_2431,0.096,0.096,0.096,0.001,0.049,0.001,0.3219
t_2432,0.052,0.052,0.052,0.003,0.028,0.003,0.3904
t_2433,0.065,0.065,0.065,0.015,0.040,0.015,0.3229
t_2434,0.072,0.072,0.072,0.027,0.050,0.027,0.2414
t_2435,0.064,0.064,0.064,0.032,0.048,0.032,0.194
t_2436,0.091,0.091,0.091,0.048,0.070,0.048,0.1785
t_2437,0.099,0.099,0.099,0.084,0.092,0.084,0.177
t_2438,0.132,0.132,0.132,0.130,0.131,0.130,0.1809
t_2439,0.290,0.290,0.290,0.164,0.227,0.164,0.2038
t_2440,0.305,0.305,0.305,0.170,0.238,0.170,0.2301
t_2441,0.302,0.302,0.302,0.145,0.224,0.145,0.2232
t_2442,0.240,0.240,0.240,0.131,0.186,0.131,0.1431
t_2443,0.132,0.132,0.132,0.136,0.134,0.136,0.1236
t_2444,0.139,0.139,0.139,0.130,0.135,0.130,0.0977
t_2445,0.146,0.146,0.146,0.114,0.130,0.114,0.0741
t_2446,0.183,0.183,0.183,0.088,0.136,0.088,0.0484
t_2447,0.226,0.226,0.226,0.061,0.144,0.061,0.0395
t_2448,0.299,0.299,0.299,0.037,0.168,0.037,0.0415
t_2449,0.411,0.411,0.411,0.026,0.219,0.026,0.0418
t_2450,0.452,0.452,0.452,0.026,0.239,0.026,0.0604
t_2451,0.340,0.340,0.340,0.032,0.186,0.032,0.0777
t_2452,0.322,0.322,0.322,0.032,0.177,0.032,0.0896
t_2453,0.338,0.338,0.338,0.025,0.182,0.025,0.1251
t_2454,0.337,0.337,0.337,0.020,0.179,0.020,0.1732
t_2455,0.384,0.384,0.384,0.031,0.208,0.031,0.2971
t_2456,0.616,0.616,0.616,0.061,0.339,0.061,0.3958
t_2457,0.717,0.717,0.717,0.090,0.404,0.090,0.3806
t_2458,0.730,0.730,0.730,0.117,0.424,0.117,0.3424
t_2459,0.724,0.724,0.724,0.143,0.434,0.143,0.272
t_2460,0.736,0.736,0.736,0.173,0.455,0.173,0.1922
t_2461,0.734,0.734,0.734,0.204,0.469,0.204,0.1557
t_2462,0.732,0.732,0.732,0.233,0.483,0.233,0.156
t_2463,0.764,0.764,0.764,0.282,0.523,0.282,0.1804
t_2464,0.808,0.808,0.808,0.320,0.564,0.320,0.2083
t_2465,0.814,0.814,0.814,0.310,0.562,0.310,0.221
t_2466,0.707,0.707,0.707,0.213,0.460,0.213,0.2577
t_2467,0.705,0.705,0.705,0.151,0.428,0.151,0.4574
t_2468,0.715,0.715,0.715,0.091,0.403,0.091,0.6358
t_2469,0.668,0.668,0.668,0.049,0.359,0.049,0.6459
t_2470,0.587,0.587,0.587,0.034,0.311,0.034,0.5862
t_2471,0.541,0.541,0.541,0.028,0.285,0.028,0.5395
t_2472,0.522,0.522,0.522,0.018,0.270,0.018,0.5377
t_2473,0.510,0.510,0.510,0.010,0.260,0.010,0.5238
t_2474,0.486,0.486,0.486,0.004,0.245,0.004,0.4539
t_2475,0.457,0.457,0.457,0.002,0.230,0.002,0.2842
t_2476,0.442,0.442,0.442,0.003,0.223,0.003,0.1452
t_2477,0.430,0.430,0.430,0.008,0.219,0.008,0.0994
t_2478,0.410,0.410,0.410,0.008,0.209,0.008,0.0858
t_2479,0.384,0.384,0.384,0.012,0.198,0.012,0.1361
t_2480,0.616,0.616,0.616,0.061,0.339,0.061,0.2015
t_2481,0.792,0.792,0.792,0.114,0.453,0.114,0.2497
t_2482,0.820,0.820,0.820,0.167,0.494,0.167,0.2988
t_2483,0.812,0.812,0.812,0.218,0.515,0.218,0.323
t_2484,0.766,0.766,0.766,0.299,0.533,0.299,0.2509
t_2485,0.706,0.706,0.706,0.413,0.560,0.413,0.196
t_2486,0.676,0.676,0.676,0.431,0.554,0.431,0.243
t_2487,0.684,0.684,0.684,0.414,0.549,0.414,0.3809
t_2488,0.832,0.832,0.832,0.267,0.550,0.267,0.4357
t_2489,0.783,0.783,0.783,0.158,0.471,0.158,0.4306
t_2490,0.591,0.591,0.591,0.115,0.353,0.115,0.4499
t_2491,0.378,0.378,0.378,0.099,0.239,0.099,0.439
t_2492,0.326,0.326,0.326,0.084,0.205,0.084,0.3757
t_2493,0.273,0.273,0.273,0.036,0.155,0.036,0.3843
t_2494,0.225,0.225,0.225,0.006,0.116,0.006,0.3353
t_2495,0.187,0.187,0.187,0.000,0.094,0.000,0.2294
t_2496,0.151,0.151,0.151,0.000,0.076,0.000,0.1684
t_2497,0.109,0.109,0.109,0.002,0.056,0.002,0.1195
t_2498,0.068,0.068,0.068,0.008,0.038,0.008,0.0926
t_2499,0.038,0.038,0.038,0.028,0.033,0.028,0.0758
t_2500,0.022,0.022,0.022,0.051,0.037,0.051,0.0727
t_2501,0.016,0.016,0.016,0.072,0.044,0.072,0.081
t_2502,0.018,0.018,0.018,0.081,0.050,0.081,0.0877
t_2503,0.012,0.012,0.012,0.082,0.047,0.082,0.1364
t_2504,0.009,0.009,0.009,0.102,0.056,0.102,0.1782
t_2505,0.010,0.010,0.010,0.122,0.066,0.122,0.1785
t_2506,0.011,0.011,0.011,0.133,0.072,0.133,0.1495
t_2507,0.008,0.008,0.008,0.110,0.059,0.110,0.1214
t_2508,0.005,0.005,0.005,0.084,0.045,0.084,0.0889
t_2509,0.000,0.000,0.000,0.068,0.034,0.068,0.0684
t_2510,0.000,0.000,0.000,0.068,0.034,0.068,0.0427
t_2511,0.000,0.000,0.000,0.054,0.027,0.054,0.0352
t_2512,0.000,0.000,0.000,0.040,0.020,0.040,0.0323
t_2513,0.000,0.000,0.000,0.039,0.020,0.039,0.0295
t_2514,0.000,0.000,0.000,0.051,0.026,0.051,0.0241
t_2515,0.000,0.000,0.000,0.064,0.032,0.064,0.0163
t_2516,0.000,0.000,0.000,0.071,0.036,0.071,0.0135
t_2517,0.000,0.000,0.000,0.070,0.035,0.070,0.0207
t_2518,0.000,0.000,0.000,0.070,0.035,0.070,0.0253
t_2519,0.000,0.000,0.000,0.079,0.040,0.079,0.0212
t_2520,0.001,0.001,0.001,0.089,0.045,0.089,0.0185
t_2521,0.002,0.002,0.002,0.097,0.050,0.097,0.0239
t_2522,0.010,0.010,0.010,0.098,0.054,0.098,0.0432
t_2523,0.016,0.016,0.016,0.093,0.055,0.093,0.0644
t_2524,0.015,0.015,0.015,0.086,0.051,0.086,0.0731
t_2525,0.018,0.018,0.018,0.076,0.047,0.076,0.0747
t_2526,0.021,0.021,0.021,0.059,0.040,0.059,0.0759
t_2527,0.032,0.032,0.032,0.022,0.027,0.022,0.0878
t_2528,0.125,0.125,0.125,0.030,0.078,0.030,0.1133
t_2529,0.153,0.153,0.153,0.037,0.095,0.037,0.1181
t_2530,0.126,0.126,0.126,0.030,0.078,0.030,0.132
t_2531,0.126,0.126,0.126,0.027,0.077,0.027,0.1595
t_2532,0.156,0.156,0.156,0.037,0.097,0.037,0.196
t_2533,0.206,0.206,0.206,0.070,0.138,0.070,0.2496
t_2534,0.261,0.261,0.261,0.132,0.197,0.132,0.3297
t_2535,0.318,0.318,0.318,0.206,0.262,0.206,0.4112
t_2536,0.339,0.339,0.339,0.264,0.302,0.264,0.4731
t_2537,0.307,0.307,0.307,0.246,0.277,0.246,0.4998
t_2538,0.239,0.239,0.239,0.179,0.209,0.179,0.5257
t_2539,0.188,0.188,0.188,0.171,0.180,0.171,0.5693
t_2540,0.174,0.174,0.174,0.165,0.170,0.165,0.5455
t_2541,0.160,0.160,0.160,0.158,0.159,0.158,0.5072
t_2542,0.111,0.111,0.111,0.165,0.138,0.165,0.427
t_2543,0.064,0.064,0.064,0.206,0.135,0.206,0.3646
t_2544,0.014,0.014,0.014,0.248,0.131,0.248,0.3403
t_2545,0.008,0.008,0.008,0.297,0.153,0.297,0.3034
t_2546,0.012,0.012,0.012,0.357,0.185,0.357,0.3159
t_2547,0.019,0.019,0.019,0.432,0.226,0.432,0.3508
t_2548,0.039,0.039,0.039,0.494,0.267,0.494,0.4019
t_2549,0.070,0.070,0.070,0.524,0.297,0.524,0.4286
t_2550,0.088,0.088,0.088,0.526,0.307,0.526,0.4239
t_2551,0.057,0.057,0.057,0.548,0.303,0.548,0.4684
t_2552,0.104,0.104,0.104,0.643,0.374,0.643,0.5836
t_2553,0.137,0.137,0.137,0.714,0.426,0.714,0.6039
t_2554,0.190,0.190,0.190,0.781,0.486,0.781,0.5808
t_2555,0.214,0.214,0.214,0.852,0.533,0.852,0.571
t_2556,0.264,0.264,0.264,0.892,0.578,0.892,0.5531
t_2557,0.286,0.286,0.286,0.920,0.603,0.920,0.5306
t_2558,0.321,0.321,0.321,0.925,0.623,0.925,0.5168
t_2559,0.417,0.417,0.417,0.914,0.666,0.914,0.4927
t_2560,0.532,0.532,0.532,0.854,0.693,0.854,0.3902
t_2561,0.574,0.574,0.574,0.803,0.689,0.803,0.2351
t_2562,0.514,0.514,0.514,0.840,0.677,0.840,0.1064
t_2563,0.584,0.584,0.584,0.902,0.743,0.902,0.0416
t_2564,0.672,0.672,0.672,0.939,0.806,0.939,0.0118
t_2565,0.720,0.720,0.720,0.955,0.838,0.955,0.0049
t_2566,0.748,0.748,0.748,0.961,0.855,0.961,0.0046
t_2567,0.763,0.763,0.763,0.960,0.862,0.960,0.0042
t_2568,0.775,0.775,0.775,0.956,0.866,0.956,0.0045
t_2569,0.782,0.782,0.782,0.950,0.866,0.950,0.0074
t_2570,0.793,0.793,0.793,0.936,0.865,0.936,0.0093
t_2571,0.811,0.811,0.811,0.916,0.864,0.916,0.0065
t_2572,0.850,0.850,0.850,0.882,0.866,0.882,0.0052
t_2573,0.884,0.884,0.884,0.837,0.861,0.837,0.0049
t_2574,0.900,0.900,0.900,0.807,0.854,0.807,0.0049
t_2575,0.910,0.910,0.910,0.797,0.854,0.797,0.0101
t_2576,0.955,0.955,0.955,0.780,0.868,0.780,0.0466
t_2577,0.983,0.983,0.983,0.747,0.865,0.747,0.0847
t_2578,0.991,0.991,0.991,0.739,0.865,0.739,0.1265
t_2579,0.995,0.995,0.995,0.775,0.885,0.775,0.1998
t_2580,0.997,0.997,0.997,0.788,0.893,0.788,0.2486
t_2581,0.997,0.997,0.997,0.782,0.890,0.782,0.276
t_2582,0.997,0.997,0.997,0.761,0.879,0.761,0.3003
t_2583,0.994,0.994,0.994,0.747,0.871,0.747,0.3111
t_2584,0.978,0.978,0.978,0.665,0.822,0.665,0.304
t_2585,0.877,0.877,0.877,0.588,0.733,0.588,0.2752
t_2586,0.691,0.691,0.691,0.603,0.647,0.603,0.2388
t_2587,0.659,0.659,0.659,0.673,0.666,0.673,0.2134
t_2588,0.657,0.657,0.657,0.675,0.666,0.675,0.1817
t_2589,0.661,0.661,0.661,0.639,0.650,0.639,0.129
t_2590,0.641,0.641,0.641,0.547,0.594,0.547,0.0922
t_2591,0.597,0.597,0.597,0.455,0.526,0.455,0.0634
t_2592,0.803,0.803,0.803,0.362,0.583,0.362,0.0519
t_2593,0.787,0.787,0.787,0.328,0.558,0.328,0.05
t_2594,0.793,0.793,0.793,0.295,0.544,0.295,0.0482
t_2595,0.788,0.788,0.788,0.276,0.532,0.276,0.0484
t_2596,0.790,0.790,0.790,0.273,0.532,0.273,0.0545
t_2597,0.793,0.793,0.793,0.249,0.521,0.249,0.0647
t_2598,0.788,0.788,0.788,0.187,0.488,0.187,0.0794
t_2599,0.782,0.782,0.782,0.097,0.440,0.097,0.1216
t_2600,0.822,0.822,0.822,0.124,0.473,0.124,0.1871
t_2601,0.916,0.916,0.916,0.152,0.534,0.152,0.2315
t_2602,0.906,0.906,0.906,0.098,0.502,0.098,0.2745
t_2603,0.907,0.907,0.907,0.063,0.485,0.063,0.3582
t_2604,0.892,0.892,0.892,0.027,0.460,0.027,0.5285
t_2605,0.830,0.830,0.830,0.009,0.420,0.009,0.6656
t_2606,0.805,0.805,0.805,0.005,0.405,0.005,0.7365
t_2607,0.791,0.791,0.791,0.014,0.403,0.014,0.7261
t_2608,0.814,0.814,0.814,0.027,0.421,0.027,0.5981
t_2609,0.643,0.643,0.643,0.031,0.337,0.031,0.5982
t_2610,0.704,0.704,0.704,0.071,0.388,0.071,0.6365
t_2611,0.745,0.745,0.745,0.179,0.462,0.179,0.5934
t_2612,0.747,0.747,0.747,0.295,0.521,0.295,0.4199
t_2613,0.611,0.611,0.611,0.383,0.497,0.383,0.2553
t_2614,0.376,0.376,0.376,0.501,0.439,0.501,0.1491
t_2615,0.260,0.260,0.260,0.586,0.423,0.586,0.0854
t_2616,0.161,0.161,0.161,0.600,0.381,0.600,0.0588
t_2617,0.099,0.099,0.099,0.491,0.295,0.491,0.0471
t_2618,0.054,0.054,0.054,0.403,0.229,0.403,0.0326
t_2619,0.028,0.028,0.028,0.320,0.174,0.320,0.0508
t_2620,0.014,0.014,0.014,0.242,0.128,0.242,0.0661
t_2621,0.004,0.004,0.004,0.155,0.080,0.155,0.0597
t_2622,0.002,0.002,0.002,0.083,0.043,0.083,0.0317
t_2623,0.001,0.001,0.001,0.059,0.030,0.059,0.0158
t_2624,0.001,0.001,0.001,0.020,0.011,0.020,0.0246
t_2625,0.000,0.000,0.000,0.007,0.004,0.007,0.0325
t_2626,0.000,0.000,0.000,0.006,0.003,0.006,0.0513
t_2627,0.000,0.000,0.000,0.015,0.008,0.015,0.071
t_2628,0.000,0.000,0.000,0.031,0.016,0.031,0.0587
t_2629,0.000,0.000,0.000,0.061,0.031,0.061,0.0411
t_2630,0.000,0.000,0.000,0.075,0.038,0.075,0.0265
t_2631,0.000,0.000,0.000,0.089,0.045,0.089,0.0144
t_2632,0.000,0.000,0.000,0.088,0.044,0.088,0.0081
t_2633,0.005,0.005,0.005,0.077,0.041,0.077,0.004
t_2634,0.073,0.073,0.073,0.060,0.067,0.060,0.0042
t_2635,0.195,0.195,0.195,0.048,0.122,0.048,0.0094
t_2636,0.109,0.109,0.109,0.029,0.069,0.029,0.0188
t_2637,0.080,0.080,0.080,0.015,0.048,0.015,0.0451
t_2638,0.037,0.037,0.037,0.014,0.026,0.014,0.0634
t_2639,0.042,0.042,0.042,0.012,0.027,0.012,0.0702
t_2640,0.049,0.049,0.049,0.009,0.029,0.009,0.0928
t_2641,0.053,0.053,0.053,0.007,0.030,0.007,0.1212
t_2642,0.062,0.062,0.062,0.005,0.034,0.005,0.193
t_2643,0.068,0.068,0.068,0.005,0.037,0.005,0.2208
t_2644,0.098,0.098,0.098,0.007,0.053,0.007,0.2749
t_2645,0.140,0.140,0.140,0.011,0.076,0.011,0.3711
t_2646,0.177,0.177,0.177,0.013,0.095,0.013,0.4611
t_2647,0.181,0.181,0.181,0.018,0.100,0.018,0.5535
t_2648,0.222,0.222,0.222,0.026,0.124,0.026,0.6862
t_2649,0.299,0.299,0.299,0.042,0.171,0.042,0.7162
t_2650,0.348,0.348,0.348,0.060,0.204,0.060,0.7064
t_2651,0.356,0.356,0.356,0.065,0.211,0.065,0.6864
t_2652,0.392,0.392,0.392,0.057,0.225,0.057,0.6001
t_2653,0.425,0.425,0.425,0.028,0.227,0.028,0.5971
t_2654,0.480,0.480,0.480,0.027,0.254,0.027,0.6149
t_2655,0.508,0.508,0.508,0.036,0.272,0.036,0.6982
t_2656,0.530,0.530,0.530,0.040,0.285,0.040,0.7711
t_2657,0.498,0.498,0.498,0.080,0.289,0.080,0.8057
t_2658,0.572,0.572,0.572,0.182,0.377,0.182,0.7984
t_2659,0.601,0.601,0.601,0.343,0.472,0.343,0.8143
t_2660,0.643,0.643,0.643,0.375,0.509,0.375,0.8126
t_2661,0.730,0.730,0.730,0.396,0.563,0.396,0.7482
t_2662,0.745,0.745,0.745,0.381,0.563,0.381,0.7358
t_2663,0.703,0.703,0.703,0.359,0.531,0.359,0.697
t_2664,0.668,0.668,0.668,0.369,0.519,0.369,0.6451
t_2665,0.670,0.670,0.670,0.400,0.535,0.400,0.5933
t_2666,0.576,0.576,0.576,0.416,0.496,0.416,0.5643
t_2667,0.229,0.229,0.229,0.424,0.327,0.424,0.5483
t_2668,0.137,0.137,0.137,0.394,0.266,0.394,0.5349
t_2669,0.205,0.205,0.205,0.363,0.284,0.363,0.4939
t_2670,0.203,0.203,0.203,0.319,0.261,0.319,0.4549
t_2671,0.204,0.204,0.204,0.232,0.218,0.232,0.5949
t_2672,0.168,0.168,0.168,0.180,0.174,0.180,0.7758
t_2673,0.158,0.158,0.158,0.345,0.252,0.345,0.8638
t_2674,0.083,0.083,0.083,0.254,0.169,0.254,0.8824
t_2675,0.081,0.081,0.081,0.148,0.115,0.148,0.8828
t_2676,0.026,0.026,0.026,0.148,0.087,0.148,0.8509
t_2677,0.021,0.021,0.021,0.149,0.085,0.149,0.7784
t_2678,0.015,0.015,0.015,0.116,0.066,0.116,0.702
t_2679,0.015,0.015,0.015,0.082,0.049,0.082,0.6808
t_2680,0.010,0.010,0.010,0.059,0.035,0.059,0.632
t_2681,0.011,0.011,0.011,0.065,0.038,0.065,0.6069
t_2682,0.032,0.032,0.032,0.103,0.068,0.103,0.5908
t_2683,0.035,0.035,0.035,0.115,0.075,0.115,0.533
t_2684,0.014,0.014,0.014,0.114,0.064,0.114,0.4642
t_2685,0.011,0.011,0.011,0.112,0.062,0.112,0.3819
t_2686,0.011,0.011,0.011,0.090,0.051,0.090,0.3248
t_2687,0.010,0.010,0.010,0.068,0.039,0.068,0.2328
t_2688,0.010,0.010,0.010,0.058,0.034,0.058,0.1698
t_2689,0.013,0.013,0.013,0.045,0.029,0.045,0.1543
t_2690,0.022,0.022,0.022,0.025,0.024,0.025,0.1338
t_2691,0.027,0.027,0.027,0.010,0.019,0.010,0.1428
t_2692,0.040,0.040,0.040,0.005,0.023,0.005,0.1278
t_2693,0.083,0.083,0.083,0.004,0.044,0.004,0.1041
t_2694,0.167,0.167,0.167,0.000,0.084,0.000,0.0803
t_2695,0.181,0.181,0.181,0.000,0.091,0.000,0.0931
t_2696,0.256,0.256,0.256,0.000,0.128,0.000,0.2991
t_2697,0.477,0.477,0.477,0.000,0.239,0.000,0.3524
t_2698,0.577,0.577,0.577,0.004,0.291,0.004,0.2823
t_2699,0.585,0.585,0.585,0.044,0.315,0.044,0.2654
t_2700,0.539,0.539,0.539,0.125,0.332,0.125,0.2538
t_2701,0.434,0.434,0.434,0.231,0.333,0.231,0.2414
t_2702,0.513,0.513,0.513,0.310,0.412,0.310,0.2147
t_2703,0.230,0.230,0.230,0.306,0.268,0.306,0.2088
t_2704,0.057,0.057,0.057,0.223,0.140,0.223,0.2015
t_2705,0.002,0.002,0.002,0.219,0.111,0.219,0.1458
t_2706,0.005,0.005,0.005,0.243,0.124,0.243,0.0756
t_2707,0.009,0.009,0.009,0.254,0.132,0.254,0.059
t_2708,0.007,0.007,0.007,0.180,0.094,0.180,0.0634
t_2709,0.005,0.005,0.005,0.135,0.070,0.135,0.0872
t_2710,0.003,0.003,0.003,0.099,0.051,0.099,0.0804
t_2711,0.002,0.002,0.002,0.052,0.027,0.052,0.0687
t_2712,0.002,0.002,0.002,0.025,0.014,0.025,0.0518
t_2713,0.001,0.001,0.001,0.016,0.009,0.016,0.0379
t_2714,0.000,0.000,0.000,0.042,0.021,0.042,0.0325
t_2715,0.000,0.000,0.000,0.052,0.026,0.052,0.0368
t_2716,0.000,0.000,0.000,0.055,0.028,0.055,0.0598
t_2717,0.000,0.000,0.000,0.067,0.034,0.067,0.0783
t_2718,0.000,0.000,0.000,0.081,0.041,0.081,0.0975
t_2719,0.000,0.000,0.000,0.043,0.022,0.043,0.1102
t_2720,0.000,0.000,0.000,0.056,0.028,0.056,0.0813
t_2721,0.000,0.000,0.000,0.182,0.091,0.182,0.0686
t_2722,0.000,0.000,0.000,0.269,0.135,0.269,0.2236
t_2723,0.002,0.002,0.002,0.267,0.135,0.267,0.327
t_2724,0.004,0.004,0.004,0.252,0.128,0.252,0.3452
t_2725,0.008,0.008,0.008,0.254,0.131,0.254,0.3157
t_2726,0.010,0.010,0.010,0.278,0.144,0.278,0.2227
t_2727,0.007,0.007,0.007,0.322,0.165,0.322,0.1187
t_2728,0.002,0.002,0.002,0.359,0.181,0.359,0.0516
t_2729,0.000,0.000,0.000,0.350,0.175,0.350,0.0294
t_2730,0.000,0.000,0.000,0.443,0.222,0.443,0.0197
t_2731,0.000,0.000,0.000,0.518,0.259,0.518,0.0057
t_2732,0.000,0.000,0.000,0.521,0.261,0.521,0.0032
t_2733,0.000,0.000,0.000,0.473,0.237,0.473,0.0014
t_2734,0.000,0.000,0.000,0.415,0.208,0.415,0.002
t_2735,0.000,0.000,0.000,0.353,0.177,0.353,0.0069
t_2736,0.000,0.000,0.000,0.297,0.149,0.297,0.0138
t_2737,0.000,0.000,0.000,0.254,0.127,0.254,0.0237
t_2738,0.000,0.000,0.000,0.248,0.124,0.248,0.0335
t_2739,0.000,0.000,0.000,0.255,0.128,0.255,0.0224
t_2740,0.001,0.001,0.001,0.241,0.121,0.241,0.01
t_2741,0.001,0.001,0.001,0.220,0.111,0.220,0.0015
t_2742,0.001,0.001,0.001,0.172,0.087,0.172,0
t_2743,0.001,0.001,0.001,0.161,0.081,0.161,0.0001
t_2744,0.001,0.001,0.001,0.199,0.100,0.199,0.001
t_2745,0.003,0.003,0.003,0.171,0.087,0.171,0.0092
t_2746,0.002,0.002,0.002,0.128,0.065,0.128,0.0551
t_2747,0.000,0.000,0.000,0.085,0.043,0.085,0.1104
t_2748,0.001,0.001,0.001,0.054,0.028,0.054,0.1453
t_2749,0.007,0.007,0.007,0.035,0.021,0.035,0.1481
t_2750,0.013,0.013,0.013,0.022,0.018,0.022,0.1302
t_2751,0.025,0.025,0.025,0.014,0.020,0.014,0.0912
t_2752,0.133,0.133,0.133,0.011,0.072,0.011,0.0592
t_2753,0.254,0.254,0.254,0.005,0.130,0.005,0.0364
t_2754,0.195,0.195,0.195,0.001,0.098,0.001,0.0198
t_2755,0.218,0.218,0.218,0.001,0.110,0.001,0.0162
t_2756,0.242,0.242,0.242,0.001,0.122,0.001,0.0123
t_2757,0.220,0.220,0.220,0.004,0.112,0.004,0.0061
t_2758,0.232,0.232,0.232,0.014,0.123,0.014,0.0023
t_2759,0.237,0.237,0.237,0.040,0.139,0.040,0.0058
t_2760,0.222,0.222,0.222,0.044,0.133,0.044,0.0149
t_2761,0.194,0.194,0.194,0.039,0.117,0.039,0.0216
t_2762,0.165,0.165,0.165,0.030,0.098,0.030,0.0271
t_2763,0.140,0.140,0.140,0.030,0.085,0.030,0.0232
t_2764,0.128,0.128,0.128,0.037,0.083,0.037,0.0306
t_2765,0.122,0.122,0.122,0.046,0.084,0.046,0.0414
t_2766,0.112,0.112,0.112,0.050,0.081,0.050,0.0458
t_2767,0.097,0.097,0.097,0.061,0.079,0.061,0.0672
t_2768,0.092,0.092,0.092,0.083,0.088,0.083,0.0937
t_2769,0.104,0.104,0.104,0.102,0.103,0.102,0.0858
t_2770,0.110,0.110,0.110,0.105,0.108,0.105,0.0635
t_2771,0.127,0.127,0.127,0.098,0.113,0.098,0.0586
t_2772,0.150,0.150,0.150,0.092,0.121,0.092,0.0716
t_2773,0.179,0.179,0.179,0.087,0.133,0.087,0.083
t_2774,0.200,0.200,0.200,0.082,0.141,0.082,0.0899
t_2775,0.213,0.213,0.213,0.065,0.139,0.065,0.0931
t_2776,0.223,0.223,0.223,0.061,0.142,0.061,0.0768
t_2777,0.207,0.207,0.207,0.062,0.135,0.062,0.0578
t_2778,0.161,0.161,0.161,0.087,0.124,0.087,0.0322
t_2779,0.120,0.120,0.120,0.133,0.127,0.133,0.016
t_2780,0.198,0.198,0.198,0.166,0.182,0.166,0.0079
t_2781,0.233,0.233,0.233,0.177,0.205,0.177,0.0055
t_2782,0.252,0.252,0.252,0.166,0.209,0.166,0.0046
t_2783,0.244,0.244,0.244,0.168,0.206,0.168,0.0052
t_2784,0.127,0.127,0.127,0.173,0.150,0.173,0.0058
t_2785,0.119,0.119,0.119,0.194,0.157,0.194,0.0087
t_2786,0.104,0.104,0.104,0.200,0.152,0.200,0.0113
t_2787,0.085,0.085,0.085,0.194,0.140,0.194,0.0128
t_2788,0.069,0.069,0.069,0.190,0.130,0.190,0.0118
t_2789,0.063,0.063,0.063,0.167,0.115,0.167,0.0088
t_2790,0.045,0.045,0.045,0.143,0.094,0.143,0.0049
t_2791,0.028,0.028,0.028,0.153,0.091,0.153,0.0043
t_2792,0.021,0.021,0.021,0.191,0.106,0.191,0.0177
t_2793,0.035,0.035,0.035,0.202,0.119,0.202,0.0348
t_2794,0.029,0.029,0.029,0.198,0.114,0.198,0.048
t_2795,0.028,0.028,0.028,0.180,0.104,0.180,0.0569
t_2796,0.030,0.030,0.030,0.166,0.098,0.166,0.0576
t_2797,0.027,0.027,0.027,0.155,0.091,0.155,0.0563
t_2798,0.019,0.019,0.019,0.146,0.083,0.146,0.051
t_2799,0.013,0.013,0.013,0.144,0.079,0.144,0.0443
t_2800,0.003,0.003,0.003,0.129,0.066,0.129,0.0405
t_2801,0.005,0.005,0.005,0.088,0.047,0.088,0.0296
t_2802,0.000,0.000,0.000,0.048,0.024,0.048,0.018
t_2803,0.000,0.000,0.000,0.050,0.025,0.050,0.0093
t_2804,0.000,0.000,0.000,0.055,0.028,0.055,0.0031
t_2805,0.000,0.000,0.000,0.054,0.027,0.054,0.0009
t_2806,0.000,0.000,0.000,0.040,0.020,0.040,0.0015
t_2807,0.000,0.000,0.000,0.029,0.015,0.029,0.003
t_2808,0.000,0.000,0.000,0.024,0.012,0.024,0.0048
t_2809,0.000,0.000,0.000,0.022,0.011,0.022,0.0045
t_2810,0.000,0.000,0.000,0.020,0.010,0.020,0.0034
t_2811,0.000,0.000,0.000,0.020,0.010,0.020,0.0023
t_2812,0.000,0.000,0.000,0.026,0.013,0.026,0.0027
t_2813,0.000,0.000,0.000,0.027,0.014,0.027,0.0048
t_2814,0.000,0.000,0.000,0.015,0.008,0.015,0.0053
t_2815,0.000,0.000,0.000,0.013,0.007,0.013,0.0017
t_2816,0.005,0.005,0.005,0.011,0.008,0.011,0.0001
t_2817,0.009,0.009,0.009,0.006,0.008,0.006,0
t_2818,0.011,0.011,0.011,0.003,0.007,0.003,0
t_2819,0.007,0.007,0.007,0.002,0.005,0.002,0
t_2820,0.001,0.001,0.001,0.002,0.002,0.002,0
t_2821,0.000,0.000,0.000,0.001,0.001,0.001,0
t_2822,0.000,0.000,0.000,0.000,0.000,0.000,0.0001
t_2823,0.000,0.000,0.000,0.000,0.000,0.000,0
t_2824,0.000,0.000,0.000,0.000,0.000,0.000,0.0034
t_2825,0.001,0.001,0.001,0.000,0.001,0.000,0.0132
t_2826,0.003,0.003,0.003,0.000,0.002,0.000,0.017
t_2827,0.004,0.004,0.004,0.000,0.002,0.000,0.0071
t_2828,0.006,0.006,0.006,0.000,0.003,0.000,0.0011
t_2829,0.005,0.005,0.005,0.000,0.003,0.000,0
t_2830,0.004,0.004,0.004,0.001,0.003,0.001,0
t_2831,0.006,0.006,0.006,0.004,0.005,0.004,0
t_2832,0.003,0.003,0.003,0.008,0.006,0.008,0
t_2833,0.004,0.004,0.004,0.013,0.009,0.013,0.0001
t_2834,0.017,0.017,0.017,0.002,0.010,0.002,0.0001
t_2835,0.029,0.029,0.029,0.003,0.016,0.003,0
t_2836,0.049,0.049,0.049,0.003,0.026,0.003,0
t_2837,0.085,0.085,0.085,0.004,0.045,0.004,0
t_2838,0.112,0.112,0.112,0.001,0.057,0.001,0
t_2839,0.066,0.066,0.066,0.000,0.033,0.000,0.0001
t_2840,0.033,0.033,0.033,0.000,0.017,0.000,0.0114
t_2841,0.026,0.026,0.026,0.000,0.013,0.000,0.018
t_2842,0.012,0.012,0.012,0.000,0.006,0.000,0.0272
t_2843,0.009,0.009,0.009,0.000,0.005,0.000,0.0473
t_2844,0.008,0.008,0.008,0.000,0.004,0.000,0.0593
t_2845,0.009,0.009,0.009,0.001,0.005,0.001,0.0632
t_2846,0.010,0.010,0.010,0.001,0.006,0.001,0.0597
t_2847,0.018,0.018,0.018,0.002,0.010,0.002,0.053
t_2848,0.025,0.025,0.025,0.002,0.014,0.002,0.0564
t_2849,0.022,0.022,0.022,0.003,0.013,0.003,0.0614
t_2850,0.017,0.017,0.017,0.006,0.012,0.006,0.0486
t_2851,0.018,0.018,0.018,0.009,0.014,0.009,0.0251
t_2852,0.014,0.014,0.014,0.013,0.014,0.013,0.0167
t_2853,0.018,0.018,0.018,0.026,0.022,0.026,0.017
t_2854,0.024,0.024,0.024,0.020,0.022,0.020,0.0197
t_2855,0.032,0.032,0.032,0.009,0.021,0.009,0.0213
t_2856,0.042,0.042,0.042,0.001,0.022,0.001,0.0349
t_2857,0.035,0.035,0.035,0.008,0.022,0.008,0.0345
t_2858,0.023,0.023,0.023,0.028,0.026,0.028,0.0235
t_2859,0.020,0.020,0.020,0.067,0.044,0.067,0.0152
t_2860,0.020,0.020,0.020,0.087,0.054,0.087,0.0215
t_2861,0.014,0.014,0.014,0.087,0.051,0.087,0.0406
t_2862,0.016,0.016,0.016,0.052,0.034,0.052,0.0582
t_2863,0.015,0.015,0.015,0.034,0.025,0.034,0.0644
t_2864,0.013,0.013,0.013,0.029,0.021,0.029,0.075
t_2865,0.010,0.010,0.010,0.012,0.011,0.012,0.0635
t_2866,0.007,0.007,0.007,0.004,0.006,0.004,0.0389
t_2867,0.003,0.003,0.003,0.002,0.003,0.002,0.0227
t_2868,0.002,0.002,0.002,0.002,0.002,0.002,0.0173
t_2869,0.003,0.003,0.003,0.001,0.002,0.001,0.0167
t_2870,0.003,0.003,0.003,0.001,0.002,0.001,0.018
t_2871,0.008,0.008,0.008,0.001,0.005,0.001,0.0187
t_2872,0.009,0.009,0.009,0.001,0.005,0.001,0.025
t_2873,0.011,0.011,0.011,0.001,0.006,0.001,0.0328
t_2874,0.016,0.016,0.016,0.001,0.009,0.001,0.0201
t_2875,0.019,0.019,0.019,0.001,0.010,0.001,0.0264
t_2876,0.028,0.028,0.028,0.001,0.015,0.001,0.0633
t_2877,0.010,0.010,0.010,0.001,0.006,0.001,0.116
t_2878,0.018,0.018,0.018,0.001,0.010,0.001,0.1489
t_2879,0.026,0.026,0.026,0.001,0.014,0.001,0.18
t_2880,0.031,0.031,0.031,0.001,0.016,0.001,0.2101
t_2881,0.017,0.017,0.017,0.002,0.010,0.002,0.2128
t_2882,0.018,0.018,0.018,0.002,0.010,0.002,0.1978
t_2883,0.021,0.021,0.021,0.002,0.012,0.002,0.1816
t_2884,0.026,0.026,0.026,0.001,0.014,0.001,0.1683
t_2885,0.041,0.041,0.041,0.000,0.021,0.000,0.1487
t_2886,0.043,0.043,0.043,0.000,0.022,0.000,0.1168
t_2887,0.061,0.061,0.061,0.000,0.031,0.000,0.0701
t_2888,0.143,0.143,0.143,0.000,0.072,0.000,0.0032
t_2889,0.179,0.179,0.179,0.000,0.090,0.000,0.0007
t_2890,0.141,0.141,0.141,0.000,0.071,0.000,0.0002
t_2891,0.095,0.095,0.095,0.000,0.048,0.000,0
t_2892,0.075,0.075,0.075,0.000,0.038,0.000,0.0001
t_2893,0.068,0.068,0.068,0.001,0.035,0.001,0.0002
t_2894,0.077,0.077,0.077,0.003,0.040,0.003,0.0011
t_2895,0.100,0.100,0.100,0.006,0.053,0.006,0.004
t_2896,0.156,0.156,0.156,0.016,0.086,0.016,0.0066
t_2897,0.226,0.226,0.226,0.028,0.127,0.028,0.0082
t_2898,0.235,0.235,0.235,0.023,0.129,0.023,0.0066
t_2899,0.301,0.301,0.301,0.034,0.168,0.034,0.0042
t_2900,0.351,0.351,0.351,0.051,0.201,0.051,0.0029
t_2901,0.350,0.350,0.350,0.057,0.204,0.057,0.0053
t_2902,0.288,0.288,0.288,0.059,0.174,0.059,0.011
t_2903,0.223,0.223,0.223,0.060,0.142,0.060,0.0227
t_2904,0.208,0.208,0.208,0.060,0.134,0.060,0.0295
t_2905,0.163,0.163,0.163,0.062,0.113,0.062,0.0329
t_2906,0.134,0.134,0.134,0.069,0.102,0.069,0.0362
t_2907,0.104,0.104,0.104,0.072,0.088,0.072,0.0315
t_2908,0.071,0.071,0.071,0.071,0.071,0.071,0.0332
t_2909,0.065,0.065,0.065,0.074,0.070,0.074,0.0365
t_2910,0.054,0.054,0.054,0.057,0.056,0.057,0.0334
t_2911,0.016,0.016,0.016,0.090,0.053,0.090,0.0156
t_2912,0.019,0.019,0.019,0.129,0.074,0.129,0.0025
t_2913,0.022,0.022,0.022,0.139,0.081,0.139,0.0036
t_2914,0.020,0.020,0.020,0.131,0.076,0.131,0.0032
t_2915,0.020,0.020,0.020,0.112,0.066,0.112,0.0049
t_2916,0.024,0.024,0.024,0.103,0.064,0.103,0.0062
t_2917,0.035,0.035,0.035,0.109,0.072,0.109,0.0211
t_2918,0.047,0.047,0.047,0.113,0.080,0.113,0.057
t_2919,0.056,0.056,0.056,0.109,0.083,0.109,0.0697
t_2920,0.068,0.068,0.068,0.113,0.091,0.113,0.0804
t_2921,0.079,0.079,0.079,0.113,0.096,0.113,0.0772
t_2922,0.097,0.097,0.097,0.087,0.092,0.087,0.0491
t_2923,0.166,0.166,0.166,0.138,0.152,0.138,0.0209
t_2924,0.195,0.195,0.195,0.162,0.179,0.162,0.0056
t_2925,0.150,0.150,0.150,0.156,0.153,0.156,0.0016
t_2926,0.155,0.155,0.155,0.184,0.170,0.184,0.0009
t_2927,0.123,0.123,0.123,0.195,0.159,0.195,0.0015
t_2928,0.112,0.112,0.112,0.198,0.155,0.198,0.0014
t_2929,0.126,0.126,0.126,0.190,0.158,0.190,0.0022
t_2930,0.269,0.269,0.269,0.178,0.224,0.178,0.0055
t_2931,0.336,0.336,0.336,0.168,0.252,0.168,0.0071
t_2932,0.354,0.354,0.354,0.134,0.244,0.134,0.0053
t_2933,0.347,0.347,0.347,0.112,0.230,0.112,0.0008
t_2934,0.274,0.274,0.274,0.064,0.169,0.064,0
t_2935,0.094,0.094,0.094,0.024,0.059,0.024,0
t_2936,0.001,0.001,0.001,0.052,0.027,0.052,0.0004
t_2937,0.000,0.000,0.000,0.052,0.026,0.052,0.003
t_2938,0.001,0.001,0.001,0.056,0.029,0.056,0.0088
t_2939,0.000,0.000,0.000,0.058,0.029,0.058,0.0139
t_2940,0.000,0.000,0.000,0.068,0.034,0.068,0.0175
t_2941,0.000,0.000,0.000,0.072,0.036,0.072,0.0322
t_2942,0.000,0.000,0.000,0.072,0.036,0.072,0.0413
t_2943,0.000,0.000,0.000,0.069,0.035,0.069,0.0572
t_2944,0.000,0.000,0.000,0.056,0.028,0.056,0.0607
t_2945,0.000,0.000,0.000,0.034,0.017,0.034,0.0575
t_2946,0.000,0.000,0.000,0.020,0.010,0.020,0.0339
t_2947,0.000,0.000,0.000,0.024,0.012,0.024,0.0077
t_2948,0.001,0.001,0.001,0.019,0.010,0.019,0.0008
t_2949,0.009,0.009,0.009,0.013,0.011,0.013,0
t_2950,0.015,0.015,0.015,0.014,0.015,0.014,0
t_2951,0.012,0.012,0.012,0.017,0.015,0.017,0
t_2952,0.011,0.011,0.011,0.022,0.017,0.022,0
t_2953,0.009,0.009,0.009,0.025,0.017,0.025,0
t_2954,0.005,0.005,0.005,0.012,0.009,0.012,0
t_2955,0.002,0.002,0.002,0.001,0.002,0.001,0
t_2956,0.002,0.002,0.002,0.000,0.001,0.000,0
t_2957,0.001,0.001,0.001,0.000,0.001,0.000,0
t_2958,0.000,0.000,0.000,0.000,0.000,0.000,0
t_2959,0.000,0.000,0.000,0.000,0.000,0.000,0.0001
t_2960,0.000,0.000,0.000,0.000,0.000,0.000,0.006
t_2961,0.000,0.000,0.000,0.000,0.000,0.000,0.0153
t_2962,0.000,0.000,0.000,0.000,0.000,0.000,0.0228
t_2963,0.000,0.000,0.000,0.000,0.000,0.000,0.0297
t_2964,0.000,0.000,0.000,0.002,0.001,0.002,0.0355
t_2965,0.010,0.010,0.010,0.003,0.007,0.003,0.0411
t_2966,0.024,0.024,0.024,0.004,0.014,0.004,0.0472
t_2967,0.009,0.009,0.009,0.006,0.008,0.006,0.0505
t_2968,0.014,0.014,0.014,0.006,0.010,0.006,0.0574
t_2969,0.013,0.013,0.013,0.003,0.008,0.003,0.048
t_2970,0.009,0.009,0.009,0.002,0.006,0.002,0.0263
t_2971,0.011,0.011,0.011,0.002,0.007,0.002,0.0223
t_2972,0.007,0.007,0.007,0.001,0.004,0.001,0.0484
t_2973,0.006,0.006,0.006,0.001,0.004,0.001,0.069
t_2974,0.007,0.007,0.007,0.002,0.005,0.002,0.0695
t_2975,0.006,0.006,0.006,0.003,0.005,0.003,0.0645
t_2976,0.006,0.006,0.006,0.003,0.005,0.003,0.0635
t_2977,0.008,0.008,0.008,0.002,0.005,0.002,0.0692
t_2978,0.007,0.007,0.007,0.001,0.004,0.001,0.0809
t_2979,0.009,0.009,0.009,0.000,0.005,0.000,0.0923
t_2980,0.013,0.013,0.013,0.000,0.007,0.000,0.0915
t_2981,0.022,0.022,0.022,0.000,0.011,0.000,0.0609
t_2982,0.028,0.028,0.028,0.000,0.014,0.000,0.0462
t_2983,0.011,0.011,0.011,0.000,0.006,0.000,0.0197
t_2984,0.001,0.001,0.001,0.000,0.001,0.000,0.006
t_2985,0.001,0.001,0.001,0.001,0.001,0.001,0.0043
t_2986,0.000,0.000,0.000,0.004,0.002,0.004,0.0046
t_2987,0.000,0.000,0.000,0.011,0.006,0.011,0.0103
t_2988,0.002,0.002,0.002,0.014,0.008,0.014,0.0192
t_2989,0.009,0.009,0.009,0.011,0.010,0.011,0.0285
t_2990,0.017,0.017,0.017,0.008,0.013,0.008,0.0404
t_2991,0.020,0.020,0.020,0.009,0.015,0.009,0.0552
t_2992,0.021,0.021,0.021,0.007,0.014,0.007,0.0417
t_2993,0.016,0.016,0.016,0.002,0.009,0.002,0.0261
t_2994,0.015,0.015,0.015,0.000,0.008,0.000,0.0103
t_2995,0.022,0.022,0.022,0.000,0.011,0.000,0.0051
t_2996,0.026,0.026,0.026,0.000,0.013,0.000,0.0057
t_2997,0.030,0.030,0.030,0.000,0.015,0.000,0.0073
t_2998,0.049,0.049,0.049,0.000,0.025,0.000,0.0068
t_2999,0.046,0.046,0.046,0.000,0.023,0.000,0.0077
t_3000,0.046,0.046,0.046,0.001,0.024,0.001,0.0119
t_3001,0.044,0.044,0.044,0.002,0.023,0.002,0.016
t_3002,0.045,0.045,0.045,0.004,0.025,0.004,0.0198
t_3003,0.043,0.043,0.043,0.008,0.026,0.008,0.0196
t_3004,0.079,0.079,0.079,0.015,0.047,0.015,0.0174
t_3005,0.083,0.083,0.083,0.030,0.057,0.030,0.015
t_3006,0.064,0.064,0.064,0.033,0.049,0.033,0.0104
t_3007,0.020,0.020,0.020,0.009,0.015,0.009,0
t_3008,0.001,0.001,0.001,0.009,0.005,0.009,0.0085
t_3009,0.000,0.000,0.000,0.014,0.007,0.014,0.0193
t_3010,0.000,0.000,0.000,0.014,0.007,0.014,0.0239
t_3011,0.000,0.000,0.000,0.013,0.007,0.013,0.0351
t_3012,0.000,0.000,0.000,0.018,0.009,0.018,0.0492
t_3013,0.000,0.000,0.000,0.033,0.017,0.033,0.0653
t_3014,0.000,0.000,0.000,0.056,0.028,0.056,0.0843
t_3015,0.000,0.000,0.000,0.079,0.040,0.079,0.0979
t_3016,0.001,0.001,0.001,0.081,0.041,0.081,0.0952
t_3017,0.002,0.002,0.002,0.034,0.018,0.034,0.0777
t_3018,0.001,0.001,0.001,0.019,0.010,0.019,0.0509
t_3019,0.002,0.002,0.002,0.015,0.009,0.015,0.027
t_3020,0.001,0.001,0.001,0.011,0.006,0.011,0.0129
t_3021,0.001,0.001,0.001,0.016,0.009,0.016,0.0103
t_3022,0.001,0.001,0.001,0.028,0.015,0.028,0.016
t_3023,0.002,0.002,0.002,0.045,0.024,0.045,0.0308
t_3024,0.002,0.002,0.002,0.059,0.031,0.059,0.0398
t_3025,0.002,0.002,0.002,0.065,0.034,0.065,0.0431
t_3026,0.002,0.002,0.002,0.067,0.035,0.067,0.0428
t_3027,0.003,0.003,0.003,0.078,0.041,0.078,0.0434
t_3028,0.002,0.002,0.002,0.061,0.032,0.061,0.0382
t_3029,0.002,0.002,0.002,0.058,0.030,0.058,0.0318
t_3030,0.004,0.004,0.004,0.047,0.026,0.047,0.0262
t_3031,0.001,0.001,0.001,0.019,0.010,0.019,0.0143
t_3032,0.001,0.001,0.001,0.032,0.017,0.032,0.0004
t_3033,0.001,0.001,0.001,0.040,0.021,0.040,0
t_3034,0.001,0.001,0.001,0.044,0.023,0.044,0
t_3035,0.001,0.001,0.001,0.047,0.024,0.047,0.0001
t_3036,0.002,0.002,0.002,0.048,0.025,0.048,0.0013
t_3037,0.005,0.005,0.005,0.051,0.028,0.051,0.0028
t_3038,0.012,0.012,0.012,0.055,0.034,0.055,0.0028
t_3039,0.019,0.019,0.019,0.055,0.037,0.055,0.0049
t_3040,0.026,0.026,0.026,0.045,0.036,0.045,0.0211
t_3041,0.033,0.033,0.033,0.014,0.024,0.014,0.0479
t_3042,0.015,0.015,0.015,0.005,0.010,0.005,0.0624
t_3043,0.019,0.019,0.019,0.004,0.012,0.004,0.0915
t_3044,0.039,0.039,0.039,0.005,0.022,0.005,0.1601
t_3045,0.061,0.061,0.061,0.009,0.035,0.009,0.2029
t_3046,0.098,0.098,0.098,0.019,0.059,0.019,0.1855
t_3047,0.141,0.141,0.141,0.039,0.090,0.039,0.1477
t_3048,0.324,0.324,0.324,0.071,0.198,0.071,0.1079
t_3049,0.379,0.379,0.379,0.129,0.254,0.129,0.0857
t_3050,0.410,0.410,0.410,0.198,0.304,0.198,0.0744
t_3051,0.416,0.416,0.416,0.272,0.344,0.272,0.0638
t_3052,0.398,0.398,0.398,0.329,0.364,0.329,0.0621
t_3053,0.375,0.375,0.375,0.352,0.364,0.352,0.0626
t_3054,0.320,0.320,0.320,0.305,0.313,0.305,0.0562
t_3055,0.111,0.111,0.111,0.254,0.183,0.254,0.0561
t_3056,0.108,0.108,0.108,0.320,0.214,0.320,0.0551
t_3057,0.140,0.140,0.140,0.468,0.304,0.468,0.045
t_3058,0.198,0.198,0.198,0.555,0.377,0.555,0.0398
t_3059,0.247,0.247,0.247,0.646,0.447,0.646,0.0369
t_3060,0.280,0.280,0.280,0.708,0.494,0.708,0.0491
t_3061,0.329,0.329,0.329,0.725,0.527,0.725,0.0723
t_3062,0.402,0.402,0.402,0.709,0.556,0.709,0.1197
t_3063,0.482,0.482,0.482,0.666,0.574,0.666,0.1588
t_3064,0.491,0.491,0.491,0.559,0.525,0.559,0.144
t_3065,0.359,0.359,0.359,0.390,0.375,0.390,0.1152
t_3066,0.222,0.222,0.222,0.360,0.291,0.360,0.074
t_3067,0.166,0.166,0.166,0.368,0.267,0.368,0.0398
t_3068,0.204,0.204,0.204,0.390,0.297,0.390,0.017
t_3069,0.259,0.259,0.259,0.409,0.334,0.409,0.0077
t_3070,0.289,0.289,0.289,0.420,0.355,0.420,0.0052
t_3071,0.307,0.307,0.307,0.436,0.372,0.436,0.0045
t_3072,0.319,0.319,0.319,0.435,0.377,0.435,0.0039
t_3073,0.310,0.310,0.310,0.428,0.369,0.428,0.0044
t_3074,0.266,0.266,0.266,0.434,0.350,0.434,0.008
t_3075,0.197,0.197,0.197,0.390,0.294,0.390,0.0108
t_3076,0.198,0.198,0.198,0.392,0.295,0.392,0.0135
t_3077,0.177,0.177,0.177,0.348,0.263,0.348,0.017
t_3078,0.149,0.149,0.149,0.305,0.227,0.305,0.0211
t_3079,0.189,0.189,0.189,0.326,0.258,0.326,0.0724
t_3080,0.265,0.265,0.265,0.375,0.320,0.375,0.1596
t_3081,0.311,0.311,0.311,0.434,0.373,0.434,0.2317
t_3082,0.294,0.294,0.294,0.477,0.386,0.477,0.2435
t_3083,0.485,0.485,0.485,0.526,0.506,0.526,0.224
t_3084,0.476,0.476,0.476,0.573,0.525,0.573,0.2084
t_3085,0.474,0.474,0.474,0.620,0.547,0.620,0.1909
t_3086,0.448,0.448,0.448,0.659,0.554,0.659,0.1701
t_3087,0.416,0.416,0.416,0.670,0.543,0.670,0.1603
t_3088,0.360,0.360,0.360,0.665,0.513,0.665,0.1761
t_3089,0.276,0.276,0.276,0.570,0.423,0.570,0.2073
t_3090,0.160,0.160,0.160,0.360,0.260,0.360,0.1928
t_3091,0.105,0.105,0.105,0.232,0.169,0.232,0.1871
t_3092,0.031,0.031,0.031,0.170,0.101,0.170,0.2474
t_3093,0.009,0.009,0.009,0.115,0.062,0.115,0.3225
t_3094,0.007,0.007,0.007,0.074,0.041,0.074,0.3841
t_3095,0.006,0.006,0.006,0.047,0.027,0.047,0.3667
t_3096,0.008,0.008,0.008,0.033,0.021,0.033,0.3129
t_3097,0.007,0.007,0.007,0.018,0.013,0.018,0.3029
t_3098,0.004,0.004,0.004,0.009,0.007,0.009,0.2692
t_3099,0.005,0.005,0.005,0.004,0.005,0.004,0.2442
t_3100,0.006,0.006,0.006,0.002,0.004,0.002,0.1985
t_3101,0.008,0.008,0.008,0.001,0.005,0.001,0.138
t_3102,0.006,0.006,0.006,0.000,0.003,0.000,0.0755
t_3103,0.001,0.001,0.001,0.000,0.001,0.000,0.0172
t_3104,0.000,0.000,0.000,0.000,0.000,0.000,0.004
t_3105,0.000,0.000,0.000,0.000,0.000,0.000,0.0072
t_3106,0.000,0.000,0.000,0.000,0.000,0.000,0.0168
t_3107,0.000,0.000,0.000,0.000,0.000,0.000,0.0273
t_3108,0.000,0.000,0.000,0.000,0.000,0.000,0.0474
t_3109,0.011,0.011,0.011,0.001,0.006,0.001,0.0539
t_3110,0.034,0.034,0.034,0.002,0.018,0.002,0.0725
t_3111,0.039,0.039,0.039,0.002,0.021,0.002,0.0786
t_3112,0.018,0.018,0.018,0.001,0.010,0.001,0.0921
t_3113,0.005,0.005,0.005,0.001,0.003,0.001,0.1079
t_3114,0.006,0.006,0.006,0.001,0.004,0.001,0.0928
t_3115,0.013,0.013,0.013,0.001,0.007,0.001,0.0513
t_3116,0.035,0.035,0.035,0.002,0.019,0.002,0.0181
t_3117,0.035,0.035,0.035,0.001,0.018,0.001,0.0043
t_3118,0.029,0.029,0.029,0.001,0.015,0.001,0.0007
t_3119,0.024,0.024,0.024,0.000,0.012,0.000,0.0007
t_3120,0.019,0.019,0.019,0.000,0.010,0.000,0.0031
t_3121,0.015,0.015,0.015,0.000,0.008,0.000,0.0121
t_3122,0.011,0.011,0.011,0.000,0.006,0.000,0.0299
t_3123,0.008,0.008,0.008,0.000,0.004,0.000,0.0439
t_3124,0.007,0.007,0.007,0.000,0.004,0.000,0.0482
t_3125,0.006,0.006,0.006,0.001,0.004,0.001,0.0358
t_3126,0.003,0.003,0.003,0.001,0.002,0.001,0.0134
t_3127,0.003,0.003,0.003,0.001,0.002,0.001,0.0043
t_3128,0.002,0.002,0.002,0.001,0.002,0.001,0.0021
t_3129,0.001,0.001,0.001,0.001,0.001,0.001,0.0053
t_3130,0.000,0.000,0.000,0.000,0.000,0.000,0.0126
t_3131,0.000,0.000,0.000,0.000,0.000,0.000,0.0175
t_3132,0.000,0.000,0.000,0.000,0.000,0.000,0.0182
t_3133,0.000,0.000,0.000,0.000,0.000,0.000,0.0314
t_3134,0.000,0.000,0.000,0.000,0.000,0.000,0.0423
t_3135,0.000,0.000,0.000,0.000,0.000,0.000,0.0398
t_3136,0.000,0.000,0.000,0.000,0.000,0.000,0.0369
t_3137,0.009,0.009,0.009,0.001,0.005,0.001,0.0301
t_3138,0.005,0.005,0.005,0.003,0.004,0.003,0.0235
t_3139,0.010,0.010,0.010,0.011,0.011,0.011,0.0296
t_3140,0.010,0.010,0.010,0.030,0.020,0.030,0.0599
t_3141,0.007,0.007,0.007,0.043,0.025,0.043,0.0733
t_3142,0.005,0.005,0.005,0.054,0.030,0.054,0.0852
t_3143,0.002,0.002,0.002,0.056,0.029,0.056,0.1591
t_3144,0.001,0.001,0.001,0.055,0.028,0.055,0.2311
t_3145,0.000,0.000,0.000,0.050,0.025,0.050,0.255
t_3146,0.000,0.000,0.000,0.041,0.021,0.041,0.2222
t_3147,0.005,0.005,0.005,0.019,0.012,0.019,0.17
t_3148,0.020,0.020,0.020,0.007,0.014,0.007,0.1309
t_3149,0.027,0.027,0.027,0.003,0.015,0.003,0.1286
t_3150,0.012,0.012,0.012,0.001,0.007,0.001,0.1012
t_3151,0.000,0.000,0.000,0.000,0.000,0.000,0.1012
t_3152,0.000,0.000,0.000,0.001,0.001,0.001,0.1605
t_3153,0.000,0.000,0.000,0.001,0.001,0.001,0.2494
t_3154,0.000,0.000,0.000,0.001,0.001,0.001,0.3184
t_3155,0.001,0.001,0.001,0.001,0.001,0.001,0.3257
t_3156,0.003,0.003,0.003,0.001,0.002,0.001,0.2976
t_3157,0.005,0.005,0.005,0.001,0.003,0.001,0.187
t_3158,0.008,0.008,0.008,0.001,0.005,0.001,0.1616
t_3159,0.040,0.040,0.040,0.004,0.022,0.004,0.129
t_3160,0.133,0.133,0.133,0.008,0.071,0.008,0.0874
t_3161,0.121,0.121,0.121,0.010,0.066,0.010,0.0586
t_3162,0.128,0.128,0.128,0.017,0.073,0.017,0.029
t_3163,0.132,0.132,0.132,0.040,0.086,0.040,0.0154
t_3164,0.141,0.141,0.141,0.066,0.104,0.066,0.0103
t_3165,0.130,0.130,0.130,0.073,0.102,0.073,0.0166
t_3166,0.099,0.099,0.099,0.066,0.083,0.066,0.056
t_3167,0.072,0.072,0.072,0.059,0.066,0.059,0.074
t_3168,0.072,0.072,0.072,0.059,0.066,0.059,0.0453
t_3169,0.070,0.070,0.070,0.061,0.066,0.061,0.0326
t_3170,0.076,0.076,0.076,0.061,0.069,0.061,0.0304
t_3171,0.171,0.171,0.171,0.069,0.120,0.069,0.0314
t_3172,0.163,0.163,0.163,0.078,0.121,0.078,0.0393
t_3173,0.188,0.188,0.188,0.085,0.137,0.085,0.043
t_3174,0.220,0.220,0.220,0.092,0.156,0.092,0.0616
t_3175,0.283,0.283,0.283,0.111,0.197,0.111,0.1328
t_3176,0.363,0.363,0.363,0.177,0.270,0.177,0.298
t_3177,0.462,0.462,0.462,0.292,0.377,0.292,0.4709
t_3178,0.490,0.490,0.490,0.460,0.475,0.460,0.5853
t_3179,0.504,0.504,0.504,0.563,0.534,0.563,0.6429
t_3180,0.561,0.561,0.561,0.626,0.594,0.626,0.7007
t_3181,0.641,0.641,0.641,0.650,0.646,0.650,0.7666
t_3182,0.712,0.712,0.712,0.647,0.680,0.647,0.8341
t_3183,0.742,0.742,0.742,0.598,0.670,0.598,0.8815
t_3184,0.726,0.726,0.726,0.559,0.643,0.559,0.8946
t_3185,0.707,0.707,0.707,0.553,0.630,0.553,0.9021
t_3186,0.629,0.629,0.629,0.552,0.591,0.552,0.9139
t_3187,0.609,0.609,0.609,0.541,0.575,0.541,0.9149
t_3188,0.652,0.652,0.652,0.534,0.593,0.534,0.9107
t_3189,0.646,0.646,0.646,0.519,0.583,0.519,0.9098
t_3190,0.595,0.595,0.595,0.498,0.547,0.498,0.9084
t_3191,0.522,0.522,0.522,0.481,0.502,0.481,0.9066
t_3192,0.467,0.467,0.467,0.469,0.468,0.469,0.8999
t_3193,0.411,0.411,0.411,0.466,0.439,0.466,0.8947
t_3194,0.357,0.357,0.357,0.465,0.411,0.465,0.8794
t_3195,0.298,0.298,0.298,0.467,0.383,0.467,0.8718
t_3196,0.310,0.310,0.310,0.482,0.396,0.482,0.858
t_3197,0.319,0.319,0.319,0.479,0.399,0.479,0.8268
t_3198,0.352,0.352,0.352,0.498,0.425,0.498,0.7996
t_3199,0.350,0.350,0.350,0.543,0.447,0.543,0.758
t_3200,0.297,0.297,0.297,0.532,0.415,0.532,0.6781
t_3201,0.235,0.235,0.235,0.498,0.367,0.498,0.6
t_3202,0.089,0.089,0.089,0.453,0.271,0.453,0.5398
t_3203,0.123,0.123,0.123,0.396,0.260,0.396,0.5
t_3204,0.083,0.083,0.083,0.350,0.217,0.350,0.4891
t_3205,0.058,0.058,0.058,0.327,0.193,0.327,0.5174
t_3206,0.047,0.047,0.047,0.308,0.178,0.308,0.5765
t_3207,0.046,0.046,0.046,0.280,0.163,0.280,0.6432
t_3208,0.046,0.046,0.046,0.226,0.136,0.226,0.6841
t_3209,0.048,0.048,0.048,0.147,0.098,0.147,0.6939
t_3210,0.035,0.035,0.035,0.065,0.050,0.065,0.6902
t_3211,0.002,0.002,0.002,0.033,0.018,0.033,0.6768
t_3212,0.001,0.001,0.001,0.020,0.011,0.020,0.6279
t_3213,0.000,0.000,0.000,0.014,0.007,0.014,0.5465
t_3214,0.000,0.000,0.000,0.007,0.004,0.007,0.4569
t_3215,0.000,0.000,0.000,0.004,0.002,0.004,0.332
t_3216,0.000,0.000,0.000,0.002,0.001,0.002,0.2381
t_3217,0.001,0.001,0.001,0.002,0.002,0.002,0.162
t_3218,0.007,0.007,0.007,0.001,0.004,0.001,0.1021
t_3219,0.037,0.037,0.037,0.002,0.020,0.002,0.0634
t_3220,0.073,0.073,0.073,0.002,0.038,0.002,0.0332
t_3221,0.098,0.098,0.098,0.000,0.049,0.000,0.0136
t_3222,0.080,0.080,0.080,0.000,0.040,0.000,0.0022
t_3223,0.023,0.023,0.023,0.000,0.012,0.000,0.042
t_3224,0.008,0.008,0.008,0.000,0.004,0.000,0.1211
t_3225,0.001,0.001,0.001,0.000,0.001,0.000,0.1696
t_3226,0.000,0.000,0.000,0.000,0.000,0.000,0.1522
t_3227,0.000,0.000,0.000,0.000,0.000,0.000,0.119
t_3228,0.000,0.000,0.000,0.000,0.000,0.000,0.0544
t_3229,0.024,0.024,0.024,0.000,0.012,0.000,0.0392
t_3230,0.076,0.076,0.076,0.000,0.038,0.000,0.0371
t_3231,0.124,0.124,0.124,0.000,0.062,0.000,0.0389
t_3232,0.121,0.121,0.121,0.000,0.061,0.000,0.087
t_3233,0.075,0.075,0.075,0.000,0.038,0.000,0.1133
t_3234,0.011,0.011,0.011,0.000,0.006,0.000,0.0824
t_3235,0.004,0.004,0.004,0.004,0.004,0.004,0.0623
t_3236,0.006,0.006,0.006,0.015,0.011,0.015,0.0692
t_3237,0.010,0.010,0.010,0.022,0.016,0.022,0.0645
t_3238,0.022,0.022,0.022,0.021,0.022,0.021,0.0552
t_3239,0.035,0.035,0.035,0.016,0.026,0.016,0.0618
t_3240,0.053,0.053,0.053,0.015,0.034,0.015,0.0604
t_3241,0.150,0.150,0.150,0.020,0.085,0.020,0.0518
t_3242,0.302,0.302,0.302,0.028,0.165,0.028,0.0577
t_3243,0.485,0.485,0.485,0.036,0.261,0.036,0.0617
t_3244,0.482,0.482,0.482,0.037,0.260,0.037,0.0618
t_3245,0.604,0.604,0.604,0.034,0.319,0.034,0.0826
t_3246,0.696,0.696,0.696,0.021,0.359,0.021,0.0752
t_3247,0.695,0.695,0.695,0.014,0.355,0.014,0.1067
t_3248,0.651,0.651,0.651,0.038,0.345,0.038,0.126
t_3249,0.563,0.563,0.563,0.065,0.314,0.065,0.1383
t_3250,0.545,0.545,0.545,0.058,0.302,0.058,0.163
t_3251,0.603,0.603,0.603,0.059,0.331,0.059,0.2089
t_3252,0.645,0.645,0.645,0.069,0.357,0.069,0.2501
t_3253,0.614,0.614,0.614,0.076,0.345,0.076,0.2718
t_3254,0.590,0.590,0.590,0.071,0.331,0.071,0.3226
t_3255,0.536,0.536,0.536,0.048,0.292,0.048,0.3808
t_3256,0.371,0.371,0.371,0.023,0.197,0.023,0.3974
t_3257,0.226,0.226,0.226,0.005,0.116,0.005,0.3548
t_3258,0.250,0.250,0.250,0.001,0.126,0.001,0.2517
t_3259,0.491,0.491,0.491,0.000,0.246,0.000,0.1766
t_3260,0.735,0.735,0.735,0.000,0.368,0.000,0.1374
t_3261,0.899,0.899,0.899,0.000,0.450,0.000,0.1149
t_3262,0.972,0.972,0.972,0.001,0.487,0.001,0.097
t_3263,0.982,0.982,0.982,0.007,0.495,0.007,0.0829
t_3264,0.981,0.981,0.981,0.022,0.502,0.022,0.0688
t_3265,0.991,0.991,0.991,0.040,0.516,0.040,0.0597
t_3266,0.994,0.994,0.994,0.066,0.530,0.066,0.0352
t_3267,0.958,0.958,0.958,0.102,0.530,0.102,0.0247
t_3268,0.938,0.938,0.938,0.188,0.563,0.188,0.0155
t_3269,0.851,0.851,0.851,0.338,0.595,0.338,0.0081
t_3270,0.747,0.747,0.747,0.503,0.625,0.503,0.0023
t_3271,0.671,0.671,0.671,0.668,0.670,0.668,0.0026
t_3272,0.709,0.709,0.709,0.730,0.720,0.730,0.0056
t_3273,0.739,0.739,0.739,0.808,0.774,0.808,0.007
t_3274,0.736,0.736,0.736,0.838,0.787,0.838,0.0149
t_3275,0.793,0.793,0.793,0.800,0.797,0.800,0.0959
t_3276,0.867,0.867,0.867,0.712,0.790,0.712,0.1521
t_3277,0.934,0.934,0.934,0.630,0.782,0.630,0.2041
t_3278,0.955,0.955,0.955,0.546,0.751,0.546,0.2458
t_3279,0.978,0.978,0.978,0.466,0.722,0.466,0.2682
t_3280,0.991,0.991,0.991,0.384,0.688,0.384,0.2501
t_3281,0.966,0.966,0.966,0.268,0.617,0.268,0.2202
t_3282,0.917,0.917,0.917,0.162,0.540,0.162,0.1918
t_3283,0.923,0.923,0.923,0.195,0.559,0.195,0.1611
t_3284,0.931,0.931,0.931,0.295,0.613,0.295,0.134
t_3285,0.897,0.897,0.897,0.381,0.639,0.381,0.1168
t_3286,0.815,0.815,0.815,0.456,0.636,0.456,0.0852
t_3287,0.679,0.679,0.679,0.498,0.589,0.498,0.0438
t_3288,0.509,0.509,0.509,0.508,0.509,0.508,0.0274
t_3289,0.337,0.337,0.337,0.485,0.411,0.485,0.0174
t_3290,0.235,0.235,0.235,0.361,0.298,0.361,0.0198
t_3291,0.318,0.318,0.318,0.229,0.274,0.229,0.0344
t_3292,0.343,0.343,0.343,0.156,0.250,0.156,0.0555
t_3293,0.430,0.430,0.430,0.105,0.268,0.105,0.0715
t_3294,0.555,0.555,0.555,0.056,0.306,0.056,0.0837
t_3295,0.705,0.705,0.705,0.046,0.376,0.046,0.1043
t_3296,0.831,0.831,0.831,0.046,0.439,0.046,0.1312
t_3297,0.896,0.896,0.896,0.025,0.461,0.025,0.1962
t_3298,0.967,0.967,0.967,0.009,0.488,0.009,0.2399
t_3299,0.975,0.975,0.975,0.008,0.492,0.008,0.3017
t_3300,0.981,0.981,0.981,0.013,0.497,0.013,0.3533
t_3301,0.962,0.962,0.962,0.013,0.488,0.013,0.3685
t_3302,0.967,0.967,0.967,0.014,0.491,0.014,0.3557
t_3303,0.938,0.938,0.938,0.024,0.481,0.024,0.2897
t_3304,0.923,0.923,0.923,0.025,0.474,0.025,0.1529
t_3305,0.687,0.687,0.687,0.026,0.357,0.026,0.0477
t_3306,0.465,0.465,0.465,0.068,0.267,0.068,0.0185
t_3307,0.560,0.560,0.560,0.152,0.356,0.152,0.0292
t_3308,0.442,0.442,0.442,0.261,0.352,0.261,0.0149
t_3309,0.449,0.449,0.449,0.407,0.428,0.407,0.0053
t_3310,0.162,0.162,0.162,0.476,0.319,0.476,0.0177
t_3311,0.022,0.022,0.022,0.436,0.229,0.436,0.0377
t_3312,0.001,0.001,0.001,0.360,0.181,0.360,0.0568
t_3313,0.000,0.000,0.000,0.269,0.135,0.269,0.0825
t_3314,0.000,0.000,0.000,0.169,0.085,0.169,0.109
t_3315,0.000,0.000,0.000,0.081,0.041,0.081,0.1422
t_3316,0.000,0.000,0.000,0.027,0.014,0.027,0.1863
t_3317,0.000,0.000,0.000,0.011,0.006,0.011,0.2423
t_3318,0.000,0.000,0.000,0.004,0.002,0.004,0.3093
t_3319,0.000,0.000,0.000,0.002,0.001,0.002,0.3942
t_3320,0.000,0.000,0.000,0.001,0.001,0.001,0.341
t_3321,0.000,0.000,0.000,0.001,0.001,0.001,0.2325
t_3322,0.000,0.000,0.000,0.001,0.001,0.001,0.1472
t_3323,0.000,0.000,0.000,0.001,0.001,0.001,0.0928
t_3324,0.000,0.000,0.000,0.001,0.001,0.001,0.0628
t_3325,0.002,0.002,0.002,0.001,0.002,0.001,0.0512
t_3326,0.019,0.019,0.019,0.002,0.011,0.002,0.0566
t_3327,0.057,0.057,0.057,0.003,0.030,0.003,0.0973
t_3328,0.116,0.116,0.116,0.005,0.061,0.005,0.1329
t_3329,0.186,0.186,0.186,0.006,0.096,0.006,0.1651
t_3330,0.264,0.264,0.264,0.006,0.135,0.006,0.2183
t_3331,0.223,0.223,0.223,0.012,0.118,0.012,0.3197
t_3332,0.184,0.184,0.184,0.018,0.101,0.018,0.4338
t_3333,0.148,0.148,0.148,0.018,0.083,0.018,0.5478
t_3334,0.134,0.134,0.134,0.010,0.072,0.010,0.6298
t_3335,0.045,0.045,0.045,0.004,0.025,0.004,0.6738
t_3336,0.032,0.032,0.032,0.002,0.017,0.002,0.6617
t_3337,0.021,0.021,0.021,0.000,0.011,0.000,0.6495
t_3338,0.012,0.012,0.012,0.000,0.006,0.000,0.6071
t_3339,0.005,0.005,0.005,0.000,0.003,0.000,0.5779
t_3340,0.003,0.003,0.003,0.000,0.002,0.000,0.5636
t_3341,0.006,0.006,0.006,0.000,0.003,0.000,0.5453
t_3342,0.004,0.004,0.004,0.000,0.002,0.000,0.5648
t_3343,0.020,0.020,0.020,0.001,0.011,0.001,0.5879
t_3344,0.086,0.086,0.086,0.002,0.044,0.002,0.5819
t_3345,0.137,0.137,0.137,0.004,0.071,0.004,0.5835
t_3346,0.163,0.163,0.163,0.004,0.084,0.004,0.6177
t_3347,0.172,0.172,0.172,0.002,0.087,0.002,0.6625
t_3348,0.182,0.182,0.182,0.002,0.092,0.002,0.7063
t_3349,0.200,0.200,0.200,0.002,0.101,0.002,0.7387
t_3350,0.226,0.226,0.226,0.002,0.114,0.002,0.769
t_3351,0.261,0.261,0.261,0.003,0.132,0.003,0.795
t_3352,0.297,0.297,0.297,0.005,0.151,0.005,0.8091
t_3353,0.321,0.321,0.321,0.005,0.163,0.005,0.8061
t_3354,0.276,0.276,0.276,0.001,0.139,0.001,0.776
t_3355,0.162,0.162,0.162,0.000,0.081,0.000,0.7148
t_3356,0.132,0.132,0.132,0.000,0.066,0.000,0.6801
t_3357,0.095,0.095,0.095,0.000,0.048,0.000,0.6269
t_3358,0.062,0.062,0.062,0.000,0.031,0.000,0.5667
t_3359,0.046,0.046,0.046,0.000,0.023,0.000,0.528
t_3360,0.043,0.043,0.043,0.000,0.022,0.000,0.4963
t_3361,0.049,0.049,0.049,0.000,0.025,0.000,0.4859
t_3362,0.054,0.054,0.054,0.001,0.028,0.001,0.4889
t_3363,0.058,0.058,0.058,0.001,0.030,0.001,0.5095
t_3364,0.076,0.076,0.076,0.001,0.039,0.001,0.5036
t_3365,0.041,0.041,0.041,0.001,0.021,0.001,0.5149
t_3366,0.026,0.026,0.026,0.000,0.013,0.000,0.5561
t_3367,0.062,0.062,0.062,0.003,0.033,0.003,0.5767
t_3368,0.190,0.190,0.190,0.007,0.099,0.007,0.5804
t_3369,0.270,0.270,0.270,0.011,0.141,0.011,0.5106
t_3370,0.322,0.322,0.322,0.016,0.169,0.016,0.4291
t_3371,0.369,0.369,0.369,0.019,0.194,0.019,0.3266
t_3372,0.393,0.393,0.393,0.022,0.208,0.022,0.2207
t_3373,0.413,0.413,0.413,0.030,0.222,0.030,0.1325
t_3374,0.433,0.433,0.433,0.041,0.237,0.041,0.0826
t_3375,0.453,0.453,0.453,0.050,0.252,0.050,0.0608
t_3376,0.471,0.471,0.471,0.052,0.262,0.052,0.0494
t_3377,0.469,0.469,0.469,0.039,0.254,0.039,0.0428
t_3378,0.385,0.385,0.385,0.013,0.199,0.013,0.0346
t_3379,0.312,0.312,0.312,0.013,0.163,0.013,0.015
t_3380,0.352,0.352,0.352,0.028,0.190,0.028,0.007
t_3381,0.358,0.358,0.358,0.055,0.207,0.055,0.0055
t_3382,0.370,0.370,0.370,0.072,0.221,0.072,0.0068
t_3383,0.315,0.315,0.315,0.078,0.197,0.078,0.0065
t_3384,0.238,0.238,0.238,0.087,0.163,0.087,0.0049
t_3385,0.203,0.203,0.203,0.092,0.148,0.092,0.0025
t_3386,0.152,0.152,0.152,0.084,0.118,0.084,0.0017
t_3387,0.128,0.128,0.128,0.069,0.099,0.069,0.0023
t_3388,0.098,0.098,0.098,0.050,0.074,0.050,0.0031
t_3389,0.097,0.097,0.097,0.035,0.066,0.035,0.0033
t_3390,0.046,0.046,0.046,0.009,0.028,0.009,0.0013
t_3391,0.003,0.003,0.003,0.017,0.010,0.017,0.0003
t_3392,0.003,0.003,0.003,0.018,0.011,0.018,0.0001
t_3393,0.005,0.005,0.005,0.019,0.012,0.019,0.0002
t_3394,0.004,0.004,0.004,0.021,0.013,0.021,0.0013
t_3395,0.001,0.001,0.001,0.019,0.010,0.019,0.0122
t_3396,0.000,0.000,0.000,0.016,0.008,0.016,0.0347
t_3397,0.000,0.000,0.000,0.019,0.010,0.019,0.0642
t_3398,0.000,0.000,0.000,0.023,0.012,0.023,0.0748
t_3399,0.000,0.000,0.000,0.025,0.013,0.025,0.0857
t_3400,0.000,0.000,0.000,0.020,0.010,0.020,0.0816
t_3401,0.000,0.000,0.000,0.015,0.008,0.015,0.0657
t_3402,0.000,0.000,0.000,0.011,0.006,0.011,0.0418
t_3403,0.000,0.000,0.000,0.018,0.009,0.018,0.0224
t_3404,0.002,0.002,0.002,0.039,0.021,0.039,0.0183
t_3405,0.009,0.009,0.009,0.041,0.025,0.041,0.0254
t_3406,0.011,0.011,0.011,0.070,0.041,0.070,0.0306
t_3407,0.011,0.011,0.011,0.097,0.054,0.097,0.0275
t_3408,0.035,0.035,0.035,0.109,0.072,0.109,0.0234
t_3409,0.103,0.103,0.103,0.102,0.103,0.102,0.0137
t_3410,0.198,0.198,0.198,0.078,0.138,0.078,0.0076
t_3411,0.280,0.280,0.280,0.044,0.162,0.044,0.0033
t_3412,0.329,0.329,0.329,0.020,0.175,0.020,0.0019
t_3413,0.356,0.356,0.356,0.014,0.185,0.014,0.0014
t_3414,0.275,0.275,0.275,0.002,0.139,0.002,0.0021
t_3415,0.110,0.110,0.110,0.000,0.055,0.000,0.007
t_3416,0.052,0.052,0.052,0.001,0.027,0.001,0.0278
t_3417,0.026,0.026,0.026,0.001,0.014,0.001,0.0434
t_3418,0.025,0.025,0.025,0.004,0.015,0.004,0.0677
t_3419,0.031,0.031,0.031,0.004,0.018,0.004,0.0974
t_3420,0.041,0.041,0.041,0.004,0.023,0.004,0.1576
t_3421,0.056,0.056,0.056,0.004,0.030,0.004,0.1763
t_3422,0.070,0.070,0.070,0.003,0.037,0.003,0.1677
t_3423,0.082,0.082,0.082,0.002,0.042,0.002,0.1482
t_3424,0.092,0.092,0.092,0.000,0.046,0.000,0.1054
t_3425,0.099,0.099,0.099,0.000,0.050,0.000,0.0615
t_3426,0.045,0.045,0.045,0.002,0.024,0.002,0.0331
t_3427,0.039,0.039,0.039,0.003,0.021,0.003,0.0167
t_3428,0.047,0.047,0.047,0.006,0.027,0.006,0.0121
t_3429,0.101,0.101,0.101,0.014,0.058,0.014,0.0113
t_3430,0.116,0.116,0.116,0.032,0.074,0.032,0.0049
t_3431,0.102,0.102,0.102,0.054,0.078,0.054,0.0061
t_3432,0.083,0.083,0.083,0.042,0.063,0.042,0.0091
t_3433,0.086,0.086,0.086,0.022,0.054,0.022,0.0105
t_3434,0.064,0.064,0.064,0.017,0.041,0.017,0.0088
t_3435,0.041,0.041,0.041,0.013,0.027,0.013,0.0073
t_3436,0.032,0.032,0.032,0.009,0.021,0.009,0.0043
t_3437,0.033,0.033,0.033,0.006,0.020,0.006,0.0022
t_3438,0.036,0.036,0.036,0.001,0.019,0.001,0.0025
t_3439,0.009,0.009,0.009,0.000,0.005,0.000,0.0369
t_3440,0.000,0.000,0.000,0.000,0.000,0.000,0.0892
t_3441,0.000,0.000,0.000,0.000,0.000,0.000,0.1368
t_3442,0.000,0.000,0.000,0.000,0.000,0.000,0.1597
t_3443,0.000,0.000,0.000,0.000,0.000,0.000,0.168
t_3444,0.000,0.000,0.000,0.000,0.000,0.000,0.1628
t_3445,0.000,0.000,0.000,0.000,0.000,0.000,0.15
t_3446,0.000,0.000,0.000,0.000,0.000,0.000,0.13
t_3447,0.000,0.000,0.000,0.003,0.002,0.003,0.1122
t_3448,0.002,0.002,0.002,0.006,0.004,0.006,0.1029
t_3449,0.006,0.006,0.006,0.008,0.007,0.008,0.0964
t_3450,0.017,0.017,0.017,0.013,0.015,0.013,0.0772
t_3451,0.012,0.012,0.012,0.020,0.016,0.020,0.0482
t_3452,0.005,0.005,0.005,0.025,0.015,0.025,0.0338
t_3453,0.008,0.008,0.008,0.016,0.012,0.016,0.0151
t_3454,0.013,0.013,0.013,0.017,0.015,0.017,0.005
t_3455,0.018,0.018,0.018,0.018,0.018,0.018,0.0021
t_3456,0.020,0.020,0.020,0.015,0.018,0.015,0.0011
t_3457,0.020,0.020,0.020,0.010,0.015,0.010,0.0017
t_3458,0.015,0.015,0.015,0.005,0.010,0.005,0.003
t_3459,0.008,0.008,0.008,0.003,0.006,0.003,0.004
t_3460,0.002,0.002,0.002,0.008,0.005,0.008,0.0071
t_3461,0.002,0.002,0.002,0.011,0.007,0.011,0.0073
t_3462,0.002,0.002,0.002,0.006,0.004,0.006,0.0048
t_3463,0.000,0.000,0.000,0.000,0.000,0.000,0.0014
t_3464,0.000,0.000,0.000,0.000,0.000,0.000,0.0184
t_3465,0.000,0.000,0.000,0.000,0.000,0.000,0.0787
t_3466,0.000,0.000,0.000,0.000,0.000,0.000,0.1401
t_3467,0.000,0.000,0.000,0.000,0.000,0.000,0.1705
t_3468,0.000,0.000,0.000,0.000,0.000,0.000,0.1886
t_3469,0.000,0.000,0.000,0.000,0.000,0.000,0.1817
t_3470,0.001,0.001,0.001,0.001,0.001,0.001,0.1539
t_3471,0.004,0.004,0.004,0.008,0.006,0.008,0.1292
t_3472,0.016,0.016,0.016,0.042,0.029,0.042,0.1292
t_3473,0.034,0.034,0.034,0.075,0.055,0.075,0.1328
t_3474,0.042,0.042,0.042,0.135,0.089,0.135,0.1186
t_3475,0.014,0.014,0.014,0.191,0.103,0.191,0.0896
t_3476,0.010,0.010,0.010,0.215,0.113,0.215,0.0682
t_3477,0.007,0.007,0.007,0.186,0.097,0.186,0.0768
t_3478,0.003,0.003,0.003,0.147,0.075,0.147,0.0565
t_3479,0.000,0.000,0.000,0.092,0.046,0.092,0.0348
t_3480,0.000,0.000,0.000,0.027,0.014,0.027,0.0235
t_3481,0.000,0.000,0.000,0.055,0.028,0.055,0.0195
t_3482,0.000,0.000,0.000,0.125,0.063,0.125,0.0212
t_3483,0.000,0.000,0.000,0.261,0.131,0.261,0.0149
t_3484,0.000,0.000,0.000,0.365,0.183,0.365,0.0204
t_3485,0.000,0.000,0.000,0.320,0.160,0.320,0.0218
t_3486,0.000,0.000,0.000,0.224,0.112,0.224,0.0357
t_3487,0.001,0.001,0.001,0.178,0.090,0.178,0.0449
t_3488,0.003,0.003,0.003,0.131,0.067,0.131,0.0652
t_3489,0.002,0.002,0.002,0.070,0.036,0.070,0.0792
t_3490,0.005,0.005,0.005,0.025,0.015,0.025,0.0308
t_3491,0.014,0.014,0.014,0.006,0.010,0.006,0.046
t_3492,0.035,0.035,0.035,0.001,0.018,0.001,0.0421
t_3493,0.045,0.045,0.045,0.003,0.024,0.003,0.0514
t_3494,0.097,0.097,0.097,0.014,0.056,0.014,0.0704
t_3495,0.200,0.200,0.200,0.030,0.115,0.030,0.0605
t_3496,0.302,0.302,0.302,0.043,0.173,0.043,0.0565
t_3497,0.341,0.341,0.341,0.043,0.192,0.043,0.022
t_3498,0.272,0.272,0.272,0.045,0.159,0.045,0.0047
t_3499,0.167,0.167,0.167,0.041,0.104,0.041,0.0059
t_3500,0.099,0.099,0.099,0.021,0.060,0.021,0.0172
t_3501,0.039,0.039,0.039,0.005,0.022,0.005,0.0328
t_3502,0.012,0.012,0.012,0.002,0.007,0.002,0.0389
t_3503,0.007,0.007,0.007,0.001,0.004,0.001,0.0488
t_3504,0.005,0.005,0.005,0.012,0.009,0.012,0.0352
t_3505,0.002,0.002,0.002,0.060,0.031,0.060,0.0253
t_3506,0.001,0.001,0.001,0.140,0.071,0.140,0.0145
t_3507,0.001,0.001,0.001,0.203,0.102,0.203,0.008
t_3508,0.001,0.001,0.001,0.216,0.109,0.216,0.0034
t_3509,0.003,0.003,0.003,0.206,0.105,0.206,0.0013
t_3510,0.007,0.007,0.007,0.248,0.128,0.248,0.0005
t_3511,0.014,0.014,0.014,0.314,0.164,0.314,0.0005
t_3512,0.020,0.020,0.020,0.364,0.192,0.364,0.0037
t_3513,0.022,0.022,0.022,0.357,0.190,0.357,0.0108
t_3514,0.020,0.020,0.020,0.286,0.153,0.286,0.0015
t_3515,0.018,0.018,0.018,0.218,0.118,0.218,0.0026
t_3516,0.015,0.015,0.015,0.167,0.091,0.167,0.0037
t_3517,0.018,0.018,0.018,0.134,0.076,0.134,0.0102
t_3518,0.015,0.015,0.015,0.109,0.062,0.109,0.0291
t_3519,0.011,0.011,0.011,0.093,0.052,0.093,0.0402
t_3520,0.014,0.014,0.014,0.073,0.044,0.073,0.0432
t_3521,0.010,0.010,0.010,0.046,0.028,0.046,0.0503
t_3522,0.004,0.004,0.004,0.012,0.008,0.012,0.0504
t_3523,0.000,0.000,0.000,0.003,0.002,0.003,0.0361
t_3524,0.000,0.000,0.000,0.001,0.001,0.001,0.019
t_3525,0.000,0.000,0.000,0.000,0.000,0.000,0.0132
t_3526,0.000,0.000,0.000,0.000,0.000,0.000,0.0152
t_3527,0.001,0.001,0.001,0.000,0.001,0.000,0.0269
t_3528,0.005,0.005,0.005,0.000,0.003,0.000,0.0421
t_3529,0.015,0.015,0.015,0.000,0.008,0.000,0.0539
t_3530,0.024,0.024,0.024,0.000,0.012,0.000,0.0613
t_3531,0.026,0.026,0.026,0.000,0.013,0.000,0.0716
t_3532,0.042,0.042,0.042,0.000,0.021,0.000,0.0828
t_3533,0.077,0.077,0.077,0.000,0.039,0.000,0.0979
t_3534,0.054,0.054,0.054,0.000,0.027,0.000,0.0915
t_3535,0.017,0.017,0.017,0.000,0.009,0.000,0.0439
t_3536,0.003,0.003,0.003,0.000,0.002,0.000,0.0034
t_3537,0.001,0.001,0.001,0.001,0.001,0.001,0.0012
t_3538,0.000,0.000,0.000,0.000,0.000,0.000,0.0289
t_3539,0.000,0.000,0.000,0.000,0.000,0.000,0.0772
t_3540,0.000,0.000,0.000,0.000,0.000,0.000,0.0782
t_3541,0.000,0.000,0.000,0.002,0.001,0.002,0.059
t_3542,0.000,0.000,0.000,0.005,0.003,0.005,0.0437
t_3543,0.000,0.000,0.000,0.014,0.007,0.014,0.0418
t_3544,0.000,0.000,0.000,0.028,0.014,0.028,0.0601
t_3545,0.000,0.000,0.000,0.041,0.021,0.041,0.064
t_3546,0.000,0.000,0.000,0.050,0.025,0.050,0.0581
t_3547,0.000,0.000,0.000,0.089,0.045,0.089,0.0357
t_3548,0.000,0.000,0.000,0.113,0.057,0.113,0.0302
t_3549,0.000,0.000,0.000,0.107,0.054,0.107,0.0213
t_3550,0.011,0.011,0.011,0.118,0.065,0.118,0.0138
t_3551,0.118,0.118,0.118,0.115,0.117,0.115,0.0091
t_3552,0.273,0.273,0.273,0.093,0.183,0.093,0.005
t_3553,0.613,0.613,0.613,0.056,0.335,0.056,0.0049
t_3554,0.496,0.496,0.496,0.038,0.267,0.038,0.0059
t_3555,0.503,0.503,0.503,0.013,0.258,0.013,0.006
t_3556,0.412,0.412,0.412,0.016,0.214,0.016,0.0074
t_3557,0.289,0.289,0.289,0.016,0.153,0.016,0.0096
t_3558,0.064,0.064,0.064,0.009,0.037,0.009,0.0084
t_3559,0.015,0.015,0.015,0.005,0.010,0.005,0.0199
t_3560,0.011,0.011,0.011,0.009,0.010,0.009,0.0359
t_3561,0.013,0.013,0.013,0.014,0.014,0.014,0.0226
t_3562,0.013,0.013,0.013,0.010,0.012,0.010,0.0319
t_3563,0.023,0.023,0.023,0.008,0.016,0.008,0.0919
t_3564,0.036,0.036,0.036,0.005,0.021,0.005,0.1204
t_3565,0.146,0.146,0.146,0.003,0.075,0.003,0.1429
t_3566,0.194,0.194,0.194,0.006,0.100,0.006,0.1478
t_3567,0.231,0.231,0.231,0.044,0.138,0.044,0.1281
t_3568,0.085,0.085,0.085,0.103,0.094,0.103,0.1104
t_3569,0.020,0.020,0.020,0.121,0.071,0.121,0.1038
t_3570,0.015,0.015,0.015,0.129,0.072,0.129,0.0604
t_3571,0.016,0.016,0.016,0.127,0.072,0.127,0.0145
t_3572,0.012,0.012,0.012,0.110,0.061,0.110,0.001
t_3573,0.003,0.003,0.003,0.083,0.043,0.083,0.0073
t_3574,0.001,0.001,0.001,0.065,0.033,0.065,0.0292
t_3575,0.002,0.002,0.002,0.049,0.026,0.049,0.0363
t_3576,0.002,0.002,0.002,0.033,0.018,0.033,0.033
t_3577,0.002,0.002,0.002,0.017,0.010,0.017,0.0316
t_3578,0.003,0.003,0.003,0.006,0.005,0.006,0.0363
t_3579,0.007,0.007,0.007,0.003,0.005,0.003,0.0625
t_3580,0.006,0.006,0.006,0.001,0.004,0.001,0.0595
t_3581,0.000,0.000,0.000,0.000,0.000,0.000,0.0393
t_3582,0.000,0.000,0.000,0.000,0.000,0.000,0.032
t_3583,0.000,0.000,0.000,0.000,0.000,0.000,0.0127
t_3584,0.000,0.000,0.000,0.000,0.000,0.000,0.0243
t_3585,0.000,0.000,0.000,0.000,0.000,0.000,0.0828
t_3586,0.000,0.000,0.000,0.000,0.000,0.000,0.1329
t_3587,0.019,0.019,0.019,0.000,0.010,0.000,0.1689
t_3588,0.064,0.064,0.064,0.000,0.032,0.000,0.1589
t_3589,0.119,0.119,0.119,0.000,0.060,0.000,0.1318
t_3590,0.156,0.156,0.156,0.002,0.079,0.002,0.1108
t_3591,0.165,0.165,0.165,0.004,0.085,0.004,0.0639
t_3592,0.168,0.168,0.168,0.004,0.086,0.004,0.0354
t_3593,0.164,0.164,0.164,0.005,0.085,0.005,0.0189
t_3594,0.154,0.154,0.154,0.006,0.080,0.006,0.0166
t_3595,0.133,0.133,0.133,0.006,0.070,0.006,0.0184
t_3596,0.126,0.126,0.126,0.005,0.066,0.005,0.0235
t_3597,0.136,0.136,0.136,0.004,0.070,0.004,0.0419
t_3598,0.189,0.189,0.189,0.002,0.096,0.002,0.0763
t_3599,0.253,0.253,0.253,0.001,0.127,0.001,0.076
t_3600,0.283,0.283,0.283,0.000,0.142,0.000,0.0477
t_3601,0.302,0.302,0.302,0.000,0.151,0.000,0.0225
t_3602,0.310,0.310,0.310,0.000,0.155,0.000,0.0016
t_3603,0.328,0.328,0.328,0.000,0.164,0.000,0.0059
t_3604,0.365,0.365,0.365,0.000,0.183,0.000,0.1107
t_3605,0.393,0.393,0.393,0.000,0.197,0.000,0.0615
t_3606,0.473,0.473,0.473,0.000,0.237,0.000,0.0392
t_3607,0.498,0.498,0.498,0.000,0.249,0.000,0.039
t_3608,0.454,0.454,0.454,0.001,0.228,0.001,0.0676
t_3609,0.365,0.365,0.365,0.001,0.183,0.001,0.1411
t_3610,0.329,0.329,0.329,0.002,0.166,0.002,0.079
t_3611,0.351,0.351,0.351,0.009,0.180,0.009,0.0924
t_3612,0.435,0.435,0.435,0.025,0.230,0.025,0.1157
t_3613,0.545,0.545,0.545,0.054,0.300,0.054,0.1168
t_3614,0.656,0.656,0.656,0.089,0.373,0.089,0.1115
t_3615,0.712,0.712,0.712,0.127,0.420,0.127,0.0775
t_3616,0.736,0.736,0.736,0.137,0.437,0.137,0.0516
t_3617,0.737,0.737,0.737,0.111,0.424,0.111,0.0379
t_3618,0.699,0.699,0.699,0.071,0.385,0.071,0.0168
t_3619,0.600,0.600,0.600,0.057,0.329,0.057,0.0022
t_3620,0.519,0.519,0.519,0.055,0.287,0.055,0.0054
t_3621,0.464,0.464,0.464,0.046,0.255,0.046,0.0467
t_3622,0.377,0.377,0.377,0.033,0.205,0.033,0.0902
t_3623,0.284,0.284,0.284,0.019,0.152,0.019,0.0979
t_3624,0.229,0.229,0.229,0.010,0.120,0.010,0.1082
t_3625,0.229,0.229,0.229,0.006,0.118,0.006,0.1203
t_3626,0.265,0.265,0.265,0.004,0.135,0.004,0.1277
t_3627,0.318,0.318,0.318,0.003,0.161,0.003,0.1325
t_3628,0.404,0.404,0.404,0.001,0.203,0.001,0.138
t_3629,0.498,0.498,0.498,0.001,0.250,0.001,0.1505
t_3630,0.607,0.607,0.607,0.001,0.304,0.001,0.1606
t_3631,0.745,0.745,0.745,0.002,0.374,0.002,0.1877
t_3632,0.822,0.822,0.822,0.002,0.412,0.002,0.2121
t_3633,0.824,0.824,0.824,0.005,0.415,0.005,0.2319
t_3634,0.781,0.781,0.781,0.008,0.395,0.008,0.272
t_3635,0.690,0.690,0.690,0.015,0.353,0.015,0.344
t_3636,0.597,0.597,0.597,0.027,0.312,0.027,0.4154
t_3637,0.472,0.472,0.472,0.050,0.261,0.050,0.4647
t_3638,0.343,0.343,0.343,0.097,0.220,0.097,0.4768
t_3639,0.264,0.264,0.264,0.158,0.211,0.158,0.4919
t_3640,0.241,0.241,0.241,0.224,0.233,0.224,0.4909
t_3641,0.175,0.175,0.175,0.271,0.223,0.271,0.4603
t_3642,0.103,0.103,0.103,0.272,0.188,0.272,0.3765
t_3643,0.065,0.065,0.065,0.288,0.177,0.288,0.2503
t_3644,0.071,0.071,0.071,0.317,0.194,0.317,0.2466
t_3645,0.079,0.079,0.079,0.358,0.219,0.358,0.3026
t_3646,0.066,0.066,0.066,0.408,0.237,0.408,0.2888
t_3647,0.049,0.049,0.049,0.466,0.258,0.466,0.2461
t_3648,0.033,0.033,0.033,0.513,0.273,0.513,0.2169
t_3649,0.012,0.012,0.012,0.548,0.280,0.548,0.2152
t_3650,0.001,0.001,0.001,0.531,0.266,0.531,0.2095
t_3651,0.000,0.000,0.000,0.487,0.244,0.487,0.2044
t_3652,0.000,0.000,0.000,0.426,0.213,0.426,0.208
t_3653,0.000,0.000,0.000,0.352,0.176,0.352,0.2114
t_3654,0.000,0.000,0.000,0.267,0.134,0.267,0.276
t_3655,0.000,0.000,0.000,0.192,0.096,0.192,0.3765
t_3656,0.000,0.000,0.000,0.122,0.061,0.122,0.364
t_3657,0.000,0.000,0.000,0.079,0.040,0.079,0.2913
t_3658,0.000,0.000,0.000,0.073,0.037,0.073,0.1745
t_3659,0.000,0.000,0.000,0.063,0.032,0.063,0.0733
t_3660,0.000,0.000,0.000,0.047,0.024,0.047,0.0188
t_3661,0.000,0.000,0.000,0.032,0.016,0.032,0.0078
t_3662,0.000,0.000,0.000,0.016,0.008,0.016,0.0314
t_3663,0.000,0.000,0.000,0.006,0.003,0.006,0.0548
t_3664,0.000,0.000,0.000,0.001,0.001,0.001,0.0591
t_3665,0.000,0.000,0.000,0.000,0.000,0.000,0.0621
t_3666,0.001,0.001,0.001,0.000,0.001,0.000,0.0581
t_3667,0.001,0.001,0.001,0.000,0.001,0.000,0.0473
t_3668,0.000,0.000,0.000,0.000,0.000,0.000,0.0362
t_3669,0.000,0.000,0.000,0.000,0.000,0.000,0.0225
t_3670,0.000,0.000,0.000,0.002,0.001,0.002,0.0087
t_3671,0.000,0.000,0.000,0.000,0.000,0.000,0.0029
t_3672,0.000,0.000,0.000,0.000,0.000,0.000,0.0027
t_3673,0.000,0.000,0.000,0.000,0.000,0.000,0.0046
t_3674,0.000,0.000,0.000,0.000,0.000,0.000,0.0084
t_3675,0.000,0.000,0.000,0.000,0.000,0.000,0.0154
t_3676,0.000,0.000,0.000,0.000,0.000,0.000,0.0244
t_3677,0.000,0.000,0.000,0.000,0.000,0.000,0.0307
t_3678,0.000,0.000,0.000,0.000,0.000,0.000,0.0369
t_3679,0.000,0.000,0.000,0.000,0.000,0.000,0.0263
t_3680,0.000,0.000,0.000,0.000,0.000,0.000,0.0022
t_3681,0.000,0.000,0.000,0.000,0.000,0.000,0
t_3682,0.000,0.000,0.000,0.000,0.000,0.000,0.0001
t_3683,0.000,0.000,0.000,0.000,0.000,0.000,0.0005
t_3684,0.000,0.000,0.000,0.000,0.000,0.000,0.0024
t_3685,0.003,0.003,0.003,0.000,0.002,0.000,0.0335
t_3686,0.011,0.011,0.011,0.000,0.006,0.000,0.0512
t_3687,0.017,0.017,0.017,0.000,0.009,0.000,0.0537
t_3688,0.011,0.011,0.011,0.000,0.006,0.000,0.0432
t_3689,0.002,0.002,0.002,0.000,0.001,0.000,0.0309
t_3690,0.000,0.000,0.000,0.000,0.000,0.000,0.0231
t_3691,0.001,0.001,0.001,0.000,0.001,0.000,0.0181
t_3692,0.000,0.000,0.000,0.000,0.000,0.000,0.0166
t_3693,0.000,0.000,0.000,0.000,0.000,0.000,0.0247
t_3694,0.000,0.000,0.000,0.001,0.001,0.001,0.0356
t_3695,0.001,0.001,0.001,0.001,0.001,0.001,0.0358
t_3696,0.005,0.005,0.005,0.001,0.003,0.001,0.0329
t_3697,0.011,0.011,0.011,0.000,0.006,0.000,0.0249
t_3698,0.017,0.017,0.017,0.000,0.009,0.000,0.0148
t_3699,0.033,0.033,0.033,0.000,0.017,0.000,0.0092
t_3700,0.047,0.047,0.047,0.000,0.024,0.000,0.0051
t_3701,0.057,0.057,0.057,0.000,0.029,0.000,0.0031
t_3702,0.043,0.043,0.043,0.001,0.022,0.001,0.0024
t_3703,0.028,0.028,0.028,0.002,0.015,0.002,0.0076
t_3704,0.009,0.009,0.009,0.019,0.014,0.019,0.0172
t_3705,0.008,0.008,0.008,0.047,0.028,0.047,0.0244
t_3706,0.008,0.008,0.008,0.087,0.048,0.087,0.0291
t_3707,0.009,0.009,0.009,0.107,0.058,0.107,0.0395
t_3708,0.011,0.011,0.011,0.090,0.051,0.090,0.0482
t_3709,0.015,0.015,0.015,0.056,0.036,0.056,0.0517
t_3710,0.027,0.027,0.027,0.030,0.029,0.030,0.0441
t_3711,0.030,0.030,0.030,0.017,0.024,0.017,0.0372
t_3712,0.029,0.029,0.029,0.004,0.017,0.004,0.0251
t_3713,0.022,0.022,0.022,0.001,0.012,0.001,0.0162
t_3714,0.013,0.013,0.013,0.000,0.007,0.000,0.0114
t_3715,0.006,0.006,0.006,0.000,0.003,0.000,0.0062
t_3716,0.000,0.000,0.000,0.000,0.000,0.000,0.0034
t_3717,0.000,0.000,0.000,0.000,0.000,0.000,0.0021
t_3718,0.000,0.000,0.000,0.000,0.000,0.000,0.0011
t_3719,0.001,0.001,0.001,0.000,0.001,0.000,0.0007
t_3720,0.003,0.003,0.003,0.000,0.002,0.000,0.0003
t_3721,0.005,0.005,0.005,0.000,0.003,0.000,0.0001
t_3722,0.008,0.008,0.008,0.000,0.004,0.000,0.0001
t_3723,0.011,0.011,0.011,0.000,0.006,0.000,0.0001
t_3724,0.023,0.023,0.023,0.000,0.012,0.000,0.0001
t_3725,0.027,0.027,0.027,0.001,0.014,0.001,0.0001
t_3726,0.029,0.029,0.029,0.000,0.015,0.000,0.0003
t_3727,0.051,0.051,0.051,0.000,0.026,0.000,0.0031
t_3728,0.087,0.087,0.087,0.001,0.044,0.001,0.007
t_3729,0.112,0.112,0.112,0.001,0.057,0.001,0.0069
t_3730,0.117,0.117,0.117,0.001,0.059,0.001,0.003
t_3731,0.097,0.097,0.097,0.000,0.049,0.000,0.0009
t_3732,0.170,0.170,0.170,0.000,0.085,0.000,0.0126
t_3733,0.125,0.125,0.125,0.000,0.063,0.000,0.0271
t_3734,0.084,0.084,0.084,0.001,0.043,0.001,0.0434
t_3735,0.044,0.044,0.044,0.003,0.024,0.003,0.0444
t_3736,0.009,0.009,0.009,0.004,0.007,0.004,0.0954
t_3737,0.001,0.001,0.001,0.004,0.003,0.004,0.2084
t_3738,0.000,0.000,0.000,0.004,0.002,0.004,0.2521
t_3739,0.000,0.000,0.000,0.006,0.003,0.006,0.1847
t_3740,0.000,0.000,0.000,0.013,0.007,0.013,0.135
t_3741,0.001,0.001,0.001,0.022,0.012,0.022,0.135
t_3742,0.001,0.001,0.001,0.029,0.015,0.029,0.1572
t_3743,0.001,0.001,0.001,0.034,0.018,0.034,0.1642
t_3744,0.001,0.001,0.001,0.033,0.017,0.033,0.1732
t_3745,0.000,0.000,0.000,0.025,0.013,0.025,0.2066
t_3746,0.001,0.001,0.001,0.015,0.008,0.015,0.2397
t_3747,0.001,0.001,0.001,0.007,0.004,0.007,0.2608
t_3748,0.000,0.000,0.000,0.003,0.002,0.003,0.3019
t_3749,0.000,0.000,0.000,0.001,0.001,0.001,0.317
t_3750,0.000,0.000,0.000,0.001,0.001,0.001,0.3145
t_3751,0.016,0.016,0.016,0.001,0.009,0.001,0.3632
t_3752,0.040,0.040,0.040,0.001,0.021,0.001,0.4295
t_3753,0.016,0.016,0.016,0.001,0.009,0.001,0.4799
t_3754,0.054,0.054,0.054,0.001,0.028,0.001,0.5267
t_3755,0.056,0.056,0.056,0.001,0.029,0.001,0.5347
t_3756,0.085,0.085,0.085,0.002,0.044,0.002,0.5162
t_3757,0.132,0.132,0.132,0.012,0.072,0.012,0.4741
t_3758,0.171,0.171,0.171,0.052,0.112,0.052,0.4208
t_3759,0.180,0.180,0.180,0.110,0.145,0.110,0.386
t_3760,0.169,0.169,0.169,0.125,0.147,0.125,0.3089
t_3761,0.161,0.161,0.161,0.112,0.137,0.112,0.2759
t_3762,0.143,0.143,0.143,0.112,0.128,0.112,0.2451
t_3763,0.035,0.035,0.035,0.123,0.079,0.123,0.1498
t_3764,0.026,0.026,0.026,0.122,0.074,0.122,0.2068
t_3765,0.019,0.019,0.019,0.110,0.065,0.110,0.2731
t_3766,0.018,0.018,0.018,0.098,0.058,0.098,0.2988
t_3767,0.018,0.018,0.018,0.089,0.054,0.089,0.264
t_3768,0.011,0.011,0.011,0.085,0.048,0.085,0.2474
t_3769,0.008,0.008,0.008,0.074,0.041,0.074,0.228
t_3770,0.004,0.004,0.004,0.058,0.031,0.058,0.2372
t_3771,0.003,0.003,0.003,0.038,0.021,0.038,0.252
t_3772,0.005,0.005,0.005,0.020,0.013,0.020,0.2453
t_3773,0.004,0.004,0.004,0.009,0.007,0.009,0.2408
t_3774,0.000,0.000,0.000,0.004,0.002,0.004,0.2171
t_3775,0.000,0.000,0.000,0.003,0.002,0.003,0.2015
t_3776,0.000,0.000,0.000,0.003,0.002,0.003,0.0854
t_3777,0.000,0.000,0.000,0.002,0.001,0.002,0.0118
t_3778,0.000,0.000,0.000,0.001,0.001,0.001,0.0001
t_3779,0.000,0.000,0.000,0.001,0.001,0.001,0
t_3780,0.000,0.000,0.000,0.002,0.001,0.002,0.0012
t_3781,0.004,0.004,0.004,0.002,0.003,0.002,0.0517
t_3782,0.023,0.023,0.023,0.002,0.013,0.002,0.0856
t_3783,0.063,0.063,0.063,0.002,0.033,0.002,0.1168
t_3784,0.102,0.102,0.102,0.001,0.052,0.001,0.1348
t_3785,0.115,0.115,0.115,0.000,0.058,0.000,0.1075
t_3786,0.087,0.087,0.087,0.000,0.044,0.000,0.0634
t_3787,0.026,0.026,0.026,0.000,0.013,0.000,0.0364
t_3788,0.009,0.009,0.009,0.000,0.005,0.000,0.0208
t_3789,0.006,0.006,0.006,0.001,0.004,0.001,0.0088
t_3790,0.006,0.006,0.006,0.003,0.005,0.003,0.0031
t_3791,0.004,0.004,0.004,0.012,0.008,0.012,0.0006
t_3792,0.005,0.005,0.005,0.032,0.019,0.032,0.0003
t_3793,0.005,0.005,0.005,0.055,0.030,0.055,0.0011
t_3794,0.006,0.006,0.006,0.073,0.040,0.073,0.0013
t_3795,0.007,0.007,0.007,0.081,0.044,0.081,0
t_3796,0.007,0.007,0.007,0.069,0.038,0.069,0.0001
t_3797,0.004,0.004,0.004,0.038,0.021,0.038,0.0015
t_3798,0.001,0.001,0.001,0.005,0.003,0.005,0.0161
t_3799,0.001,0.001,0.001,0.006,0.004,0.006,0.0602
t_3800,0.006,0.006,0.006,0.015,0.011,0.015,0.1053
t_3801,0.008,0.008,0.008,0.014,0.011,0.014,0.1467
t_3802,0.018,0.018,0.018,0.011,0.015,0.011,0.1907
t_3803,0.022,0.022,0.022,0.007,0.015,0.007,0.2326
t_3804,0.024,0.024,0.024,0.004,0.014,0.004,0.2616
t_3805,0.081,0.081,0.081,0.004,0.043,0.004,0.2696
t_3806,0.078,0.078,0.078,0.008,0.043,0.008,0.2544
t_3807,0.060,0.060,0.060,0.011,0.036,0.011,0.2252
t_3808,0.043,0.043,0.043,0.022,0.033,0.022,0.1754
t_3809,0.054,0.054,0.054,0.026,0.040,0.026,0.1351
t_3810,0.032,0.032,0.032,0.029,0.031,0.029,0.0915
t_3811,0.022,0.022,0.022,0.046,0.034,0.046,0.0509
t_3812,0.013,0.013,0.013,0.046,0.030,0.046,0.0296
t_3813,0.006,0.006,0.006,0.033,0.020,0.033,0.02
t_3814,0.005,0.005,0.005,0.019,0.012,0.019,0.0185
t_3815,0.005,0.005,0.005,0.013,0.009,0.013,0.0111
t_3816,0.005,0.005,0.005,0.009,0.007,0.009,0.0086
t_3817,0.006,0.006,0.006,0.006,0.006,0.006,0.0098
t_3818,0.008,0.008,0.008,0.004,0.006,0.004,0.0112
t_3819,0.010,0.010,0.010,0.002,0.006,0.002,0.013
t_3820,0.013,0.013,0.013,0.001,0.007,0.001,0.0115
t_3821,0.017,0.017,0.017,0.000,0.009,0.000,0.0107
t_3822,0.017,0.017,0.017,0.000,0.009,0.000,0.0121
t_3823,0.008,0.008,0.008,0.000,0.004,0.000,0.0335
t_3824,0.003,0.003,0.003,0.000,0.002,0.000,0.0519
t_3825,0.001,0.001,0.001,0.000,0.001,0.000,0.0661
t_3826,0.000,0.000,0.000,0.000,0.000,0.000,0.0559
t_3827,0.000,0.000,0.000,0.003,0.002,0.003,0.0377
t_3828,0.000,0.000,0.000,0.019,0.010,0.019,0.0309
t_3829,0.000,0.000,0.000,0.060,0.030,0.060,0.0313
t_3830,0.000,0.000,0.000,0.106,0.053,0.106,0.0308
t_3831,0.000,0.000,0.000,0.115,0.058,0.115,0.028
t_3832,0.000,0.000,0.000,0.086,0.043,0.086,0.0291
t_3833,0.000,0.000,0.000,0.042,0.021,0.042,0.0346
t_3834,0.005,0.005,0.005,0.016,0.011,0.016,0.035
t_3835,0.029,0.029,0.029,0.002,0.016,0.002,0.0303
t_3836,0.016,0.016,0.016,0.000,0.008,0.000,0.0255
t_3837,0.017,0.017,0.017,0.000,0.009,0.000,0.0184
t_3838,0.016,0.016,0.016,0.000,0.008,0.000,0.0139
t_3839,0.009,0.009,0.009,0.002,0.006,0.002,0.0114
t_3840,0.010,0.010,0.010,0.006,0.008,0.006,0.0125
t_3841,0.017,0.017,0.017,0.006,0.012,0.006,0.0165
t_3842,0.022,0.022,0.022,0.003,0.013,0.003,0.0225
t_3843,0.024,0.024,0.024,0.002,0.013,0.002,0.0223
t_3844,0.022,0.022,0.022,0.003,0.013,0.003,0.0147
t_3845,0.017,0.017,0.017,0.004,0.011,0.004,0.0098
t_3846,0.011,0.011,0.011,0.000,0.006,0.000,0.0059
t_3847,0.009,0.009,0.009,0.000,0.005,0.000,0.006
t_3848,0.012,0.012,0.012,0.000,0.006,0.000,0.0079
t_3849,0.014,0.014,0.014,0.000,0.007,0.000,0.0379
t_3850,0.094,0.094,0.094,0.000,0.047,0.000,0.0705
t_3851,0.155,0.155,0.155,0.000,0.078,0.000,0.0762
t_3852,0.138,0.138,0.138,0.000,0.069,0.000,0.0866
t_3853,0.086,0.086,0.086,0.000,0.043,0.000,0.1245
t_3854,0.048,0.048,0.048,0.000,0.024,0.000,0.1898
t_3855,0.027,0.027,0.027,0.000,0.014,0.000,0.2975
t_3856,0.023,0.023,0.023,0.000,0.012,0.000,0.3269
t_3857,0.020,0.020,0.020,0.000,0.010,0.000,0.1955
t_3858,0.023,0.023,0.023,0.000,0.012,0.000,0.1163
t_3859,0.046,0.046,0.046,0.003,0.025,0.003,0.0836
t_3860,0.080,0.080,0.080,0.005,0.043,0.005,0.0711
t_3861,0.081,0.081,0.081,0.004,0.043,0.004,0.0434
t_3862,0.075,0.075,0.075,0.003,0.039,0.003,0.0318
t_3863,0.019,0.019,0.019,0.005,0.012,0.005,0.0221
t_3864,0.008,0.008,0.008,0.006,0.007,0.006,0.0153
t_3865,0.002,0.002,0.002,0.005,0.004,0.005,0.0091
t_3866,0.001,0.001,0.001,0.008,0.005,0.008,0.009
t_3867,0.000,0.000,0.000,0.015,0.008,0.015,0.0142
t_3868,0.000,0.000,0.000,0.025,0.013,0.025,0.0243
t_3869,0.000,0.000,0.000,0.033,0.017,0.033,0.0379
t_3870,0.000,0.000,0.000,0.046,0.023,0.046,0.0762
t_3871,0.000,0.000,0.000,0.085,0.043,0.085,0.1062
t_3872,0.000,0.000,0.000,0.134,0.067,0.134,0.151
t_3873,0.000,0.000,0.000,0.165,0.083,0.165,0.1754
t_3874,0.000,0.000,0.000,0.176,0.088,0.176,0.133
t_3875,0.000,0.000,0.000,0.173,0.087,0.173,0.0973
t_3876,0.000,0.000,0.000,0.156,0.078,0.156,0.0436
t_3877,0.000,0.000,0.000,0.111,0.056,0.111,0.0103
t_3878,0.000,0.000,0.000,0.062,0.031,0.062,0.0083
t_3879,0.000,0.000,0.000,0.033,0.017,0.033,0.0062
t_3880,0.000,0.000,0.000,0.013,0.007,0.013,0.0018
t_3881,0.000,0.000,0.000,0.005,0.003,0.005,0.0025
t_3882,0.000,0.000,0.000,0.003,0.002,0.003,0.0224
t_3883,0.000,0.000,0.000,0.004,0.002,0.004,0.037
t_3884,0.001,0.001,0.001,0.008,0.005,0.008,0.0431
t_3885,0.001,0.001,0.001,0.012,0.007,0.012,0.0414
t_3886,0.001,0.001,0.001,0.017,0.009,0.017,0.0376
t_3887,0.001,0.001,0.001,0.017,0.009,0.017,0.0462
t_3888,0.000,0.000,0.000,0.017,0.009,0.017,0.0535
t_3889,0.000,0.000,0.000,0.014,0.007,0.014,0.0489
t_3890,0.000,0.000,0.000,0.009,0.005,0.009,0.0385
t_3891,0.000,0.000,0.000,0.006,0.003,0.006,0.0382
t_3892,0.000,0.000,0.000,0.003,0.002,0.003,0.0415
t_3893,0.000,0.000,0.000,0.002,0.001,0.002,0.0421
t_3894,0.000,0.000,0.000,0.001,0.001,0.001,0.0389
t_3895,0.000,0.000,0.000,0.001,0.001,0.001,0.0385
t_3896,0.002,0.002,0.002,0.001,0.002,0.001,0.0269
t_3897,0.004,0.004,0.004,0.001,0.003,0.001,0.0216
t_3898,0.004,0.004,0.004,0.001,0.003,0.001,0.0129
t_3899,0.006,0.006,0.006,0.001,0.004,0.001,0.0065
t_3900,0.006,0.006,0.006,0.002,0.004,0.002,0.004
t_3901,0.005,0.005,0.005,0.005,0.005,0.005,0.0029
t_3902,0.009,0.009,0.009,0.010,0.010,0.010,0.0024
t_3903,0.040,0.040,0.040,0.010,0.025,0.010,0.0016
t_3904,0.066,0.066,0.066,0.006,0.036,0.006,0.0019
t_3905,0.077,0.077,0.077,0.002,0.040,0.002,0.0054
t_3906,0.059,0.059,0.059,0.000,0.030,0.000,0.0081
t_3907,0.029,0.029,0.029,0.000,0.015,0.000,0.0077
t_3908,0.010,0.010,0.010,0.000,0.005,0.000,0.0079
t_3909,0.002,0.002,0.002,0.000,0.001,0.000,0.0112
t_3910,0.001,0.001,0.001,0.000,0.001,0.000,0.0135
t_3911,0.000,0.000,0.000,0.001,0.001,0.001,0.0179
t_3912,0.000,0.000,0.000,0.001,0.001,0.001,0.0207
t_3913,0.000,0.000,0.000,0.000,0.000,0.000,0.0233
t_3914,0.000,0.000,0.000,0.000,0.000,0.000,0.0258
t_3915,0.002,0.002,0.002,0.001,0.002,0.001,0.027
t_3916,0.002,0.002,0.002,0.002,0.002,0.002,0.0316
t_3917,0.002,0.002,0.002,0.003,0.003,0.003,0.0369
t_3918,0.003,0.003,0.003,0.004,0.004,0.004,0.0478
t_3919,0.005,0.005,0.005,0.008,0.007,0.008,0.0633
t_3920,0.007,0.007,0.007,0.007,0.007,0.007,0.0501
t_3921,0.009,0.009,0.009,0.004,0.007,0.004,0.0308
t_3922,0.011,0.011,0.011,0.003,0.007,0.003,0.0093
t_3923,0.012,0.012,0.012,0.002,0.007,0.002,0.0008
t_3924,0.009,0.009,0.009,0.002,0.006,0.002,0.0098
t_3925,0.008,0.008,0.008,0.002,0.005,0.002,0.0261
t_3926,0.008,0.008,0.008,0.001,0.005,0.001,0.0396
t_3927,0.008,0.008,0.008,0.000,0.004,0.000,0.0512
t_3928,0.026,0.026,0.026,0.000,0.013,0.000,0.0478
t_3929,0.016,0.016,0.016,0.000,0.008,0.000,0.0347
t_3930,0.002,0.002,0.002,0.000,0.001,0.000,0.0191
t_3931,0.001,0.001,0.001,0.000,0.001,0.000,0.0235
t_3932,0.001,0.001,0.001,0.000,0.001,0.000,0.0483
t_3933,0.001,0.001,0.001,0.001,0.001,0.001,0.0847
t_3934,0.002,0.002,0.002,0.002,0.002,0.002,0.0987
t_3935,0.002,0.002,0.002,0.003,0.003,0.003,0.1133
t_3936,0.002,0.002,0.002,0.003,0.003,0.003,0.1198
t_3937,0.001,0.001,0.001,0.005,0.003,0.005,0.1159
t_3938,0.001,0.001,0.001,0.006,0.004,0.006,0.1049
t_3939,0.001,0.001,0.001,0.007,0.004,0.007,0.0988
t_3940,0.001,0.001,0.001,0.008,0.005,0.008,0.0942
t_3941,0.001,0.001,0.001,0.010,0.006,0.010,0.0951
t_3942,0.001,0.001,0.001,0.008,0.005,0.008,0.1252
t_3943,0.000,0.000,0.000,0.008,0.004,0.008,0.1306
t_3944,0.000,0.000,0.000,0.008,0.004,0.008,0.0871
t_3945,0.000,0.000,0.000,0.009,0.005,0.009,0.0432
t_3946,0.000,0.000,0.000,0.007,0.004,0.007,0.0164
t_3947,0.000,0.000,0.000,0.003,0.002,0.003,0.0033
t_3948,0.001,0.001,0.001,0.001,0.001,0.001,0.0011
t_3949,0.004,0.004,0.004,0.001,0.003,0.001,0.002
t_3950,0.014,0.014,0.014,0.006,0.010,0.006,0.0172
t_3951,0.024,0.024,0.024,0.017,0.021,0.017,0.0509
t_3952,0.021,0.021,0.021,0.025,0.023,0.025,0.06
t_3953,0.008,0.008,0.008,0.025,0.017,0.025,0.057
t_3954,0.002,0.002,0.002,0.016,0.009,0.016,0.0467
t_3955,0.001,0.001,0.001,0.014,0.008,0.014,0.0294
t_3956,0.001,0.001,0.001,0.026,0.014,0.026,0.0171
t_3957,0.000,0.000,0.000,0.039,0.020,0.039,0.0139
t_3958,0.000,0.000,0.000,0.045,0.023,0.045,0.02
t_3959,0.000,0.000,0.000,0.044,0.022,0.044,0.0379
t_3960,0.000,0.000,0.000,0.038,0.019,0.038,0.0834
t_3961,0.000,0.000,0.000,0.034,0.017,0.034,0.1194
t_3962,0.000,0.000,0.000,0.031,0.016,0.031,0.139
t_3963,0.000,0.000,0.000,0.034,0.017,0.034,0.1443
t_3964,0.000,0.000,0.000,0.040,0.020,0.040,0.1544
t_3965,0.000,0.000,0.000,0.034,0.017,0.034,0.1408
t_3966,0.000,0.000,0.000,0.012,0.006,0.012,0.0959
t_3967,0.000,0.000,0.000,0.015,0.008,0.015,0.0275
t_3968,0.000,0.000,0.000,0.015,0.008,0.015,0.0001
t_3969,0.000,0.000,0.000,0.009,0.005,0.009,0.0001
t_3970,0.000,0.000,0.000,0.004,0.002,0.004,0.0043
t_3971,0.000,0.000,0.000,0.002,0.001,0.002,0.0196
t_3972,0.011,0.011,0.011,0.001,0.006,0.001,0.0424
t_3973,0.054,0.054,0.054,0.000,0.027,0.000,0.0472
t_3974,0.100,0.100,0.100,0.000,0.050,0.000,0.0411
t_3975,0.126,0.126,0.126,0.000,0.063,0.000,0.0326
t_3976,0.129,0.129,0.129,0.000,0.065,0.000,0.0259
t_3977,0.120,0.120,0.120,0.000,0.060,0.000,0.0196
t_3978,0.091,0.091,0.091,0.001,0.046,0.001,0.0159
t_3979,0.038,0.038,0.038,0.003,0.021,0.003,0.0134
t_3980,0.008,0.008,0.008,0.005,0.007,0.005,0.0099
t_3981,0.003,0.003,0.003,0.003,0.003,0.003,0.007
t_3982,0.001,0.001,0.001,0.001,0.001,0.001,0.0035
t_3983,0.002,0.002,0.002,0.000,0.001,0.000,0.0003
t_3984,0.005,0.005,0.005,0.000,0.003,0.000,0
t_3985,0.004,0.004,0.004,0.000,0.002,0.000,0
t_3986,0.010,0.010,0.010,0.000,0.005,0.000,0
t_3987,0.020,0.020,0.020,0.001,0.011,0.001,0.0025
t_3988,0.024,0.024,0.024,0.002,0.013,0.002,0.0093
t_3989,0.024,0.024,0.024,0.006,0.015,0.006,0.0122
t_3990,0.013,0.013,0.013,0.004,0.009,0.004,0.0091
t_3991,0.022,0.022,0.022,0.029,0.026,0.029,0.0009
t_3992,0.019,0.019,0.019,0.081,0.050,0.081,0.0008
t_3993,0.018,0.018,0.018,0.132,0.075,0.132,0.0064
t_3994,0.014,0.014,0.014,0.154,0.084,0.154,0.0057
t_3995,0.013,0.013,0.013,0.164,0.089,0.164,0.0202
t_3996,0.017,0.017,0.017,0.160,0.089,0.160,0.0426
t_3997,0.031,0.031,0.031,0.154,0.093,0.154,0.0574
t_3998,0.055,0.055,0.055,0.156,0.106,0.156,0.0663
t_3999,0.081,0.081,0.081,0.152,0.117,0.152,0.0715
t_4000,0.109,0.109,0.109,0.133,0.121,0.133,0.0715
t_4001,0.107,0.107,0.107,0.108,0.108,0.108,0.0676
t_4002,0.067,0.067,0.067,0.051,0.059,0.051,0.0567
t_4003,0.022,0.022,0.022,0.016,0.019,0.016,0.0354
t_4004,0.015,0.015,0.015,0.013,0.014,0.013,0.0175
t_4005,0.014,0.014,0.014,0.037,0.026,0.037,0.0072
t_4006,0.010,0.010,0.010,0.077,0.044,0.077,0.0067
t_4007,0.013,0.013,0.013,0.120,0.067,0.120,0.0098
t_4008,0.049,0.049,0.049,0.152,0.101,0.152,0.0191
t_4009,0.072,0.072,0.072,0.171,0.122,0.171,0.0396
t_4010,0.087,0.087,0.087,0.180,0.134,0.180,0.0701
t_4011,0.094,0.094,0.094,0.184,0.139,0.184,0.1012
t_4012,0.117,0.117,0.117,0.199,0.158,0.199,0.1276
t_4013,0.115,0.115,0.115,0.184,0.150,0.184,0.1362
t_4014,0.101,0.101,0.101,0.129,0.115,0.129,0.126
t_4015,0.058,0.058,0.058,0.162,0.110,0.162,0.0955
t_4016,0.033,0.033,0.033,0.245,0.139,0.245,0.0492
t_4017,0.014,0.014,0.014,0.270,0.142,0.270,0.0027
t_4018,0.011,0.011,0.011,0.246,0.129,0.246,0
t_4019,0.012,0.012,0.012,0.215,0.114,0.215,0.0001
t_4020,0.015,0.015,0.015,0.180,0.098,0.180,0.0231
t_4021,0.023,0.023,0.023,0.139,0.081,0.139,0.075
t_4022,0.041,0.041,0.041,0.080,0.061,0.080,0.1151
t_4023,0.082,0.082,0.082,0.035,0.059,0.035,0.1604
t_4024,0.142,0.142,0.142,0.024,0.083,0.024,0.1754
t_4025,0.154,0.154,0.154,0.016,0.085,0.016,0.1582
t_4026,0.114,0.114,0.114,0.020,0.067,0.020,0.1117
t_4027,0.131,0.131,0.131,0.033,0.082,0.033,0.0654
t_4028,0.300,0.300,0.300,0.050,0.175,0.050,0.0459
t_4029,0.367,0.367,0.367,0.070,0.219,0.070,0.0353
t_4030,0.427,0.427,0.427,0.093,0.260,0.093,0.023
t_4031,0.461,0.461,0.461,0.101,0.281,0.101,0.014
t_4032,0.262,0.262,0.262,0.100,0.181,0.100,0.0048
t_4033,0.261,0.261,0.261,0.088,0.175,0.088,0.0007
t_4034,0.269,0.269,0.269,0.087,0.178,0.087,0.0013
t_4035,0.292,0.292,0.292,0.098,0.195,0.098,0.0018
t_4036,0.339,0.339,0.339,0.105,0.222,0.105,0.0008
t_4037,0.383,0.383,0.383,0.098,0.241,0.098,0.0003
t_4038,0.436,0.436,0.436,0.082,0.259,0.082,0.0003
t_4039,0.515,0.515,0.515,0.090,0.303,0.090,0.0101
t_4040,0.628,0.628,0.628,0.162,0.395,0.162,0.0428
t_4041,0.632,0.632,0.632,0.347,0.490,0.347,0.0671
t_4042,0.527,0.527,0.527,0.541,0.534,0.541,0.0843
t_4043,0.449,0.449,0.449,0.596,0.523,0.596,0.0943
t_4044,0.412,0.412,0.412,0.618,0.515,0.618,0.113
t_4045,0.386,0.386,0.386,0.583,0.485,0.583,0.1479
t_4046,0.345,0.345,0.345,0.537,0.441,0.537,0.1706
t_4047,0.296,0.296,0.296,0.501,0.399,0.501,0.1908
t_4048,0.244,0.244,0.244,0.380,0.312,0.380,0.1979
t_4049,0.185,0.185,0.185,0.232,0.209,0.232,0.1518
t_4050,0.101,0.101,0.101,0.139,0.120,0.139,0.0968
t_4051,0.046,0.046,0.046,0.103,0.075,0.103,0.0448
t_4052,0.040,0.040,0.040,0.097,0.069,0.097,0.0271
t_4053,0.087,0.087,0.087,0.091,0.089,0.091,0.0185
t_4054,0.097,0.097,0.097,0.093,0.095,0.093,0.0205
t_4055,0.093,0.093,0.093,0.098,0.096,0.098,0.0298
t_4056,0.082,0.082,0.082,0.104,0.093,0.104,0.0566
t_4057,0.060,0.060,0.060,0.099,0.080,0.099,0.0935
t_4058,0.020,0.020,0.020,0.091,0.056,0.091,0.1168
t_4059,0.012,0.012,0.012,0.078,0.045,0.078,0.1253
t_4060,0.005,0.005,0.005,0.052,0.029,0.052,0.1228
t_4061,0.001,0.001,0.001,0.023,0.012,0.023,0.1144
t_4062,0.000,0.000,0.000,0.005,0.003,0.005,0.0931
t_4063,0.000,0.000,0.000,0.008,0.004,0.008,0.0634
t_4064,0.000,0.000,0.000,0.011,0.006,0.011,0.0082
t_4065,0.000,0.000,0.000,0.011,0.006,0.011,0.002
t_4066,0.000,0.000,0.000,0.017,0.009,0.017,0.0136
t_4067,0.000,0.000,0.000,0.029,0.015,0.029,0.034
t_4068,0.000,0.000,0.000,0.043,0.022,0.043,0.0454
t_4069,0.000,0.000,0.000,0.035,0.018,0.035,0.0423
t_4070,0.000,0.000,0.000,0.028,0.014,0.028,0.0421
t_4071,0.000,0.000,0.000,0.017,0.009,0.017,0.0438
t_4072,0.000,0.000,0.000,0.007,0.004,0.007,0.0401
t_4073,0.000,0.000,0.000,0.002,0.001,0.002,0.0389
t_4074,0.000,0.000,0.000,0.000,0.000,0.000,0.0274
t_4075,0.006,0.006,0.006,0.000,0.003,0.000,0.0131
t_4076,0.001,0.001,0.001,0.000,0.001,0.000,0.0032
t_4077,0.001,0.001,0.001,0.000,0.001,0.000,0.0001
t_4078,0.002,0.002,0.002,0.000,0.001,0.000,0
t_4079,0.007,0.007,0.007,0.000,0.004,0.000,0
t_4080,0.011,0.011,0.011,0.006,0.009,0.006,0.0003
t_4081,0.010,0.010,0.010,0.019,0.015,0.019,0.0007
t_4082,0.008,0.008,0.008,0.042,0.025,0.042,0.0015
t_4083,0.016,0.016,0.016,0.065,0.041,0.065,0.002
t_4084,0.053,0.053,0.053,0.074,0.064,0.074,0.0022
t_4085,0.066,0.066,0.066,0.056,0.061,0.056,0.0032
t_4086,0.067,0.067,0.067,0.004,0.036,0.004,0.0027
t_4087,0.021,0.021,0.021,0.000,0.011,0.000,0.0087
t_4088,0.018,0.018,0.018,0.001,0.010,0.001,0.0229
t_4089,0.011,0.011,0.011,0.000,0.006,0.000,0.0484
t_4090,0.012,0.012,0.012,0.000,0.006,0.000,0.0773
t_4091,0.012,0.012,0.012,0.000,0.006,0.000,0.1089
t_4092,0.015,0.015,0.015,0.000,0.008,0.000,0.1318
t_4093,0.022,0.022,0.022,0.000,0.011,0.000,0.1325
t_4094,0.044,0.044,0.044,0.001,0.023,0.001,0.0984
t_4095,0.061,0.061,0.061,0.001,0.031,0.001,0.0587
t_4096,0.057,0.057,0.057,0.002,0.030,0.002,0.0367
t_4097,0.028,0.028,0.028,0.002,0.015,0.002,0.0303
t_4098,0.006,0.006,0.006,0.002,0.004,0.002,0.0259
t_4099,0.004,0.004,0.004,0.001,0.003,0.001,0.0143
t_4100,0.006,0.006,0.006,0.001,0.004,0.001,0.0068
t_4101,0.013,0.013,0.013,0.003,0.008,0.003,0.0073
t_4102,0.034,0.034,0.034,0.004,0.019,0.004,0.0069
t_4103,0.063,0.063,0.063,0.005,0.034,0.005,0.0068
t_4104,0.078,0.078,0.078,0.005,0.042,0.005,0.0052
t_4105,0.041,0.041,0.041,0.004,0.023,0.004,0.0022
t_4106,0.041,0.041,0.041,0.005,0.023,0.005,0.0005
t_4107,0.043,0.043,0.043,0.007,0.025,0.007,0.0001
t_4108,0.033,0.033,0.033,0.015,0.024,0.015,0
t_4109,0.023,0.023,0.023,0.023,0.023,0.023,0
t_4110,0.005,0.005,0.005,0.014,0.010,0.014,0
t_4111,0.002,0.002,0.002,0.008,0.005,0.008,0.0021
t_4112,0.007,0.007,0.007,0.025,0.016,0.025,0.0112
t_4113,0.007,0.007,0.007,0.067,0.037,0.067,0.0103
t_4114,0.008,0.008,0.008,0.099,0.054,0.099,0.0079
t_4115,0.009,0.009,0.009,0.138,0.074,0.138,0.0059
t_4116,0.012,0.012,0.012,0.175,0.094,0.175,0.0194
t_4117,0.004,0.004,0.004,0.190,0.097,0.190,0.0242
t_4118,0.007,0.007,0.007,0.161,0.084,0.161,0.0282
t_4119,0.007,0.007,0.007,0.131,0.069,0.131,0.0265
t_4120,0.014,0.014,0.014,0.110,0.062,0.110,0.023
t_4121,0.037,0.037,0.037,0.103,0.070,0.103,0.0182
t_4122,0.056,0.056,0.056,0.088,0.072,0.088,0.0169
t_4123,0.053,0.053,0.053,0.095,0.074,0.095,0.024
t_4124,0.031,0.031,0.031,0.100,0.066,0.100,0.0401
t_4125,0.009,0.009,0.009,0.097,0.053,0.097,0.053
t_4126,0.003,0.003,0.003,0.078,0.041,0.078,0.05
t_4127,0.003,0.003,0.003,0.060,0.032,0.060,0.0608
t_4128,0.003,0.003,0.003,0.054,0.029,0.054,0.0745
t_4129,0.005,0.005,0.005,0.053,0.029,0.053,0.111
t_4130,0.007,0.007,0.007,0.053,0.030,0.053,0.1649
t_4131,0.008,0.008,0.008,0.052,0.030,0.052,0.1978
t_4132,0.010,0.010,0.010,0.063,0.037,0.063,0.217
t_4133,0.012,0.012,0.012,0.095,0.054,0.095,0.2214
t_4134,0.014,0.014,0.014,0.122,0.068,0.122,0.3087
t_4135,0.019,0.019,0.019,0.144,0.082,0.144,0.4048
t_4136,0.029,0.029,0.029,0.155,0.092,0.155,0.3673
t_4137,0.047,0.047,0.047,0.176,0.112,0.176,0.3057
t_4138,0.063,0.063,0.063,0.184,0.124,0.184,0.2295
t_4139,0.091,0.091,0.091,0.189,0.140,0.189,0.2387
t_4140,0.246,0.246,0.246,0.208,0.227,0.208,0.2893
t_4141,0.345,0.345,0.345,0.238,0.292,0.238,0.345
t_4142,0.442,0.442,0.442,0.271,0.357,0.271,0.3918
t_4143,0.493,0.493,0.493,0.288,0.391,0.288,0.5183
t_4144,0.492,0.492,0.492,0.295,0.394,0.295,0.6679
t_4145,0.480,0.480,0.480,0.283,0.382,0.283,0.7339
t_4146,0.287,0.287,0.287,0.203,0.245,0.203,0.7138
t_4147,0.229,0.229,0.229,0.115,0.172,0.115,0.6291
t_4148,0.241,0.241,0.241,0.090,0.166,0.090,0.5885
t_4149,0.222,0.222,0.222,0.054,0.138,0.054,0.6334
t_4150,0.203,0.203,0.203,0.030,0.117,0.030,0.6826
t_4151,0.110,0.110,0.110,0.020,0.065,0.020,0.6792
t_4152,0.096,0.096,0.096,0.018,0.057,0.018,0.6673
t_4153,0.099,0.099,0.099,0.018,0.059,0.018,0.5779
t_4154,0.106,0.106,0.106,0.015,0.061,0.015,0.3636
t_4155,0.123,0.123,0.123,0.010,0.067,0.010,0.1548
t_4156,0.161,0.161,0.161,0.008,0.085,0.008,0.0755
t_4157,0.251,0.251,0.251,0.006,0.129,0.006,0.0633
t_4158,0.380,0.380,0.380,0.012,0.196,0.012,0.0957
t_4159,0.579,0.579,0.579,0.012,0.296,0.012,0.1337
t_4160,0.606,0.606,0.606,0.015,0.311,0.015,0.1665
t_4161,0.601,0.601,0.601,0.025,0.313,0.025,0.2043
t_4162,0.634,0.634,0.634,0.030,0.332,0.030,0.2402
t_4163,0.691,0.691,0.691,0.022,0.357,0.022,0.2621
t_4164,0.708,0.708,0.708,0.018,0.363,0.018,0.2941
t_4165,0.699,0.699,0.699,0.015,0.357,0.015,0.3499
t_4166,0.594,0.594,0.594,0.016,0.305,0.016,0.357
t_4167,0.558,0.558,0.558,0.018,0.288,0.018,0.2823
t_4168,0.634,0.634,0.634,0.023,0.329,0.023,0.2428
t_4169,0.564,0.564,0.564,0.034,0.299,0.034,0.2117
t_4170,0.480,0.480,0.480,0.025,0.253,0.025,0.1716
t_4171,0.348,0.348,0.348,0.008,0.178,0.008,0.1516
t_4172,0.278,0.278,0.278,0.007,0.143,0.007,0.1675
t_4173,0.256,0.256,0.256,0.010,0.133,0.010,0.3158
t_4174,0.238,0.238,0.238,0.019,0.129,0.019,0.3994
t_4175,0.226,0.226,0.226,0.034,0.130,0.034,0.4615
t_4176,0.206,0.206,0.206,0.048,0.127,0.048,0.4967
t_4177,0.196,0.196,0.196,0.048,0.122,0.048,0.4998
t_4178,0.208,0.208,0.208,0.043,0.126,0.043,0.4704
t_4179,0.214,0.214,0.214,0.035,0.125,0.035,0.4182
t_4180,0.222,0.222,0.222,0.024,0.123,0.024,0.3819
t_4181,0.246,0.246,0.246,0.006,0.126,0.006,0.3589
t_4182,0.304,0.304,0.304,0.003,0.154,0.003,0.3515
t_4183,0.504,0.504,0.504,0.008,0.256,0.008,0.3501
t_4184,0.665,0.665,0.665,0.012,0.339,0.012,0.2978
t_4185,0.713,0.713,0.713,0.018,0.366,0.018,0.3013
t_4186,0.721,0.721,0.721,0.035,0.378,0.035,0.3277
t_4187,0.578,0.578,0.578,0.064,0.321,0.064,0.2936
t_4188,0.570,0.570,0.570,0.094,0.332,0.094,0.2237
t_4189,0.557,0.557,0.557,0.109,0.333,0.109,0.1759
t_4190,0.668,0.668,0.668,0.120,0.394,0.120,0.1178
t_4191,0.593,0.593,0.593,0.125,0.359,0.125,0.1345
t_4192,0.485,0.485,0.485,0.114,0.300,0.114,0.1315
t_4193,0.479,0.479,0.479,0.107,0.293,0.107,0.0999
t_4194,0.405,0.405,0.405,0.054,0.230,0.054,0.08
t_4195,0.252,0.252,0.252,0.031,0.142,0.031,0.054
t_4196,0.230,0.230,0.230,0.041,0.136,0.041,0.0309
t_4197,0.227,0.227,0.227,0.042,0.135,0.042,0.0328
t_4198,0.196,0.196,0.196,0.036,0.116,0.036,0.0468
t_4199,0.174,0.174,0.174,0.022,0.098,0.022,0.052
t_4200,0.160,0.160,0.160,0.008,0.084,0.008,0.0526
t_4201,0.153,0.153,0.153,0.003,0.078,0.003,0.0603
t_4202,0.135,0.135,0.135,0.002,0.069,0.002,0.0583
t_4203,0.141,0.141,0.141,0.001,0.071,0.001,0.0586
t_4204,0.134,0.134,0.134,0.000,0.067,0.000,0.0672
t_4205,0.129,0.129,0.129,0.000,0.065,0.000,0.0804
t_4206,0.083,0.083,0.083,0.000,0.042,0.000,0.0905
t_4207,0.193,0.193,0.193,0.001,0.097,0.001,0.0826
t_4208,0.307,0.307,0.307,0.003,0.155,0.003,0.0582
t_4209,0.390,0.390,0.390,0.016,0.203,0.016,0.0477
t_4210,0.380,0.380,0.380,0.060,0.220,0.060,0.0474
t_4211,0.318,0.318,0.318,0.124,0.221,0.124,0.025
t_4212,0.273,0.273,0.273,0.184,0.229,0.184,0.0169
t_4213,0.266,0.266,0.266,0.234,0.250,0.234,0.0307
t_4214,0.307,0.307,0.307,0.232,0.270,0.232,0.0926
t_4215,0.362,0.362,0.362,0.189,0.276,0.189,0.107
t_4216,0.430,0.430,0.430,0.145,0.288,0.145,0.1161
t_4217,0.481,0.481,0.481,0.073,0.277,0.073,0.1113
t_4218,0.445,0.445,0.445,0.036,0.241,0.036,0.0791
t_4219,0.370,0.370,0.370,0.039,0.205,0.039,0.0354
t_4220,0.376,0.376,0.376,0.060,0.218,0.060,0.0229
t_4221,0.343,0.343,0.343,0.077,0.210,0.077,0.0587
t_4222,0.276,0.276,0.276,0.104,0.190,0.104,0.1496
t_4223,0.236,0.236,0.236,0.115,0.176,0.115,0.1798
t_4224,0.257,0.257,0.257,0.113,0.185,0.113,0.1777
t_4225,0.239,0.239,0.239,0.104,0.172,0.104,0.1483
t_4226,0.217,0.217,0.217,0.089,0.153,0.089,0.1294
t_4227,0.198,0.198,0.198,0.076,0.137,0.076,0.1442
t_4228,0.207,0.207,0.207,0.055,0.131,0.055,0.1514
t_4229,0.220,0.220,0.220,0.022,0.121,0.022,0.1516
t_4230,0.179,0.179,0.179,0.011,0.095,0.011,0.1376
t_4231,0.244,0.244,0.244,0.014,0.129,0.014,0.183
t_4232,0.354,0.354,0.354,0.016,0.185,0.016,0.191
t_4233,0.451,0.451,0.451,0.018,0.235,0.018,0.1629
t_4234,0.468,0.468,0.468,0.024,0.246,0.024,0.1126
t_4235,0.459,0.459,0.459,0.036,0.248,0.036,0.0619
t_4236,0.478,0.478,0.478,0.052,0.265,0.052,0.053
t_4237,0.538,0.538,0.538,0.069,0.304,0.069,0.0515
t_4238,0.626,0.626,0.626,0.084,0.355,0.084,0.0587
t_4239,0.722,0.722,0.722,0.095,0.409,0.095,0.0654
t_4240,0.814,0.814,0.814,0.083,0.449,0.083,0.0672
t_4241,0.833,0.833,0.833,0.058,0.446,0.058,0.068
t_4242,0.759,0.759,0.759,0.026,0.393,0.026,0.0521
t_4243,0.706,0.706,0.706,0.015,0.361,0.015,0.0327
t_4244,0.655,0.655,0.655,0.015,0.335,0.015,0.0091
t_4245,0.581,0.581,0.581,0.011,0.296,0.011,0.0011
t_4246,0.531,0.531,0.531,0.010,0.271,0.010,0.0003
t_4247,0.449,0.449,0.449,0.010,0.230,0.010,0.0001
t_4248,0.369,0.369,0.369,0.007,0.188,0.007,0.0001
t_4249,0.314,0.314,0.314,0.004,0.159,0.004,0.0004
t_4250,0.324,0.324,0.324,0.005,0.165,0.005,0.0012
t_4251,0.302,0.302,0.302,0.007,0.155,0.007,0.0025
t_4252,0.280,0.280,0.280,0.007,0.144,0.007,0.003
t_4253,0.250,0.250,0.250,0.005,0.128,0.005,0.0029
t_4254,0.159,0.159,0.159,0.001,0.080,0.001,0.004
t_4255,0.089,0.089,0.089,0.003,0.046,0.003,0.0244
t_4256,0.107,0.107,0.107,0.010,0.059,0.010,0.0424
t_4257,0.114,0.114,0.114,0.020,0.067,0.020,0.0438
t_4258,0.124,0.124,0.124,0.033,0.079,0.033,0.0309
t_4259,0.128,0.128,0.128,0.054,0.091,0.054,0.0158
t_4260,0.133,0.133,0.133,0.086,0.110,0.086,0.0136
t_4261,0.118,0.118,0.118,0.109,0.114,0.109,0.0165
t_4262,0.115,0.115,0.115,0.132,0.124,0.132,0.0313
t_4263,0.117,0.117,0.117,0.175,0.146,0.175,0.0553
t_4264,0.112,0.112,0.112,0.200,0.156,0.200,0.0623
t_4265,0.103,0.103,0.103,0.205,0.154,0.205,0.0564
t_4266,0.097,0.097,0.097,0.170,0.134,0.170,0.0429
t_4267,0.104,0.104,0.104,0.185,0.145,0.185,0.0277
t_4268,0.107,0.107,0.107,0.229,0.168,0.229,0.017
t_4269,0.090,0.090,0.090,0.223,0.157,0.223,0.0126
t_4270,0.093,0.093,0.093,0.217,0.155,0.217,0.0165
t_4271,0.096,0.096,0.096,0.202,0.149,0.202,0.0187
t_4272,0.149,0.149,0.149,0.191,0.170,0.191,0.0188
t_4273,0.353,0.353,0.353,0.165,0.259,0.165,0.0225
t_4274,0.400,0.400,0.400,0.145,0.273,0.145,0.0241
t_4275,0.373,0.373,0.373,0.138,0.256,0.138,0.0211
t_4276,0.298,0.298,0.298,0.114,0.206,0.114,0.0134
t_4277,0.177,0.177,0.177,0.063,0.120,0.063,0.0032
t_4278,0.031,0.031,0.031,0.021,0.026,0.021,0
t_4279,0.000,0.000,0.000,0.044,0.022,0.044,0.0015
t_4280,0.001,0.001,0.001,0.067,0.034,0.067,0.0109
t_4281,0.010,0.010,0.010,0.083,0.047,0.083,0.0174
t_4282,0.026,0.026,0.026,0.078,0.052,0.078,0.0379
t_4283,0.062,0.062,0.062,0.072,0.067,0.072,0.0654
t_4284,0.071,0.071,0.071,0.065,0.068,0.065,0.0812
t_4285,0.097,0.097,0.097,0.069,0.083,0.069,0.0795
t_4286,0.113,0.113,0.113,0.083,0.098,0.083,0.0902
t_4287,0.128,0.128,0.128,0.094,0.111,0.094,0.0852
t_4288,0.161,0.161,0.161,0.090,0.126,0.090,0.0715
t_4289,0.202,0.202,0.202,0.079,0.141,0.079,0.0642
t_4290,0.199,0.199,0.199,0.062,0.131,0.062,0.0473
t_4291,0.209,0.209,0.209,0.078,0.144,0.078,0.0249
t_4292,0.240,0.240,0.240,0.088,0.164,0.088,0.0095
t_4293,0.236,0.236,0.236,0.080,0.158,0.080,0.0019
t_4294,0.197,0.197,0.197,0.074,0.136,0.074,0
t_4295,0.173,0.173,0.173,0.067,0.120,0.067,0
t_4296,0.125,0.125,0.125,0.065,0.095,0.065,0
t_4297,0.093,0.093,0.093,0.051,0.072,0.051,0
t_4298,0.071,0.071,0.071,0.036,0.054,0.036,0
t_4299,0.071,0.071,0.071,0.024,0.048,0.024,0
t_4300,0.057,0.057,0.057,0.014,0.036,0.014,0
t_4301,0.041,0.041,0.041,0.006,0.024,0.006,0
t_4302,0.019,0.019,0.019,0.000,0.010,0.000,0
t_4303,0.013,0.013,0.013,0.000,0.007,0.000,0.0071
t_4304,0.018,0.018,0.018,0.002,0.010,0.002,0.0233
t_4305,0.024,0.024,0.024,0.002,0.013,0.002,0.0144
t_4306,0.028,0.028,0.028,0.003,0.016,0.003,0.0042
t_4307,0.048,0.048,0.048,0.004,0.026,0.004,0.0014
t_4308,0.087,0.087,0.087,0.006,0.047,0.006,0.0007
t_4309,0.143,0.143,0.143,0.009,0.076,0.009,0.0003
t_4310,0.200,0.200,0.200,0.013,0.107,0.013,0.0016
t_4311,0.255,0.255,0.255,0.015,0.135,0.015,0.0175
t_4312,0.184,0.184,0.184,0.012,0.098,0.012,0.053
t_4313,0.190,0.190,0.190,0.006,0.098,0.006,0.0784
t_4314,0.165,0.165,0.165,0.001,0.083,0.001,0.0787
t_4315,0.179,0.179,0.179,0.000,0.090,0.000,0.0563
t_4316,0.206,0.206,0.206,0.000,0.103,0.000,0.02
t_4317,0.190,0.190,0.190,0.000,0.095,0.000,0.0025
t_4318,0.174,0.174,0.174,0.000,0.087,0.000,0.0003
t_4319,0.121,0.121,0.121,0.000,0.061,0.000,0.0001
t_4320,0.073,0.073,0.073,0.000,0.037,0.000,0
t_4321,0.057,0.057,0.057,0.000,0.029,0.000,0
t_4322,0.026,0.026,0.026,0.000,0.013,0.000,0
t_4323,0.013,0.013,0.013,0.000,0.007,0.000,0
t_4324,0.008,0.008,0.008,0.000,0.004,0.000,0
t_4325,0.005,0.005,0.005,0.000,0.003,0.000,0
t_4326,0.002,0.002,0.002,0.000,0.001,0.000,0
t_4327,0.000,0.000,0.000,0.000,0.000,0.000,0.0057
t_4328,0.000,0.000,0.000,0.000,0.000,0.000,0.0124
t_4329,0.000,0.000,0.000,0.000,0.000,0.000,0.0166
t_4330,0.000,0.000,0.000,0.000,0.000,0.000,0.0177
t_4331,0.000,0.000,0.000,0.000,0.000,0.000,0.0232
t_4332,0.000,0.000,0.000,0.000,0.000,0.000,0.0284
t_4333,0.000,0.000,0.000,0.000,0.000,0.000,0.0316
t_4334,0.000,0.000,0.000,0.000,0.000,0.000,0.0382
t_4335,0.000,0.000,0.000,0.000,0.000,0.000,0.0414
t_4336,0.000,0.000,0.000,0.000,0.000,0.000,0.0456
t_4337,0.000,0.000,0.000,0.000,0.000,0.000,0.0464
t_4338,0.000,0.000,0.000,0.000,0.000,0.000,0.0372
t_4339,0.000,0.000,0.000,0.000,0.000,0.000,0.0194
t_4340,0.000,0.000,0.000,0.000,0.000,0.000,0.0048
t_4341,0.000,0.000,0.000,0.000,0.000,0.000,0.0019
t_4342,0.001,0.001,0.001,0.000,0.001,0.000,0.0003
t_4343,0.003,0.003,0.003,0.000,0.002,0.000,0
t_4344,0.006,0.006,0.006,0.000,0.003,0.000,0
t_4345,0.016,0.016,0.016,0.001,0.009,0.001,0
t_4346,0.041,0.041,0.041,0.003,0.022,0.003,0
t_4347,0.076,0.076,0.076,0.006,0.041,0.006,0
t_4348,0.116,0.116,0.116,0.013,0.065,0.013,0
t_4349,0.140,0.140,0.140,0.013,0.077,0.013,0
t_4350,0.111,0.111,0.111,0.008,0.060,0.008,0
t_4351,0.041,0.041,0.041,0.001,0.021,0.001,0.0005
t_4352,0.020,0.020,0.020,0.000,0.010,0.000,0.0056
t_4353,0.011,0.011,0.011,0.000,0.006,0.000,0.0167
t_4354,0.011,0.011,0.011,0.000,0.006,0.000,0.0284
t_4355,0.011,0.011,0.011,0.000,0.006,0.000,0.0395
t_4356,0.010,0.010,0.010,0.000,0.005,0.000,0.0408
t_4357,0.008,0.008,0.008,0.001,0.005,0.001,0.031
t_4358,0.012,0.012,0.012,0.003,0.008,0.003,0.0187
t_4359,0.010,0.010,0.010,0.007,0.009,0.007,0.0067
t_4360,0.006,0.006,0.006,0.009,0.008,0.009,0.0015
t_4361,0.000,0.000,0.000,0.005,0.003,0.005,0.0005
t_4362,0.000,0.000,0.000,0.001,0.001,0.001,0.0001
t_4363,0.000,0.000,0.000,0.000,0.000,0.000,0
t_4364,0.000,0.000,0.000,0.000,0.000,0.000,0
t_4365,0.001,0.001,0.001,0.000,0.001,0.000,0
t_4366,0.022,0.022,0.022,0.000,0.011,0.000,0
t_4367,0.162,0.162,0.162,0.002,0.082,0.002,0
t_4368,0.317,0.317,0.317,0.011,0.164,0.011,0
t_4369,0.281,0.281,0.281,0.035,0.158,0.035,0
t_4370,0.323,0.323,0.323,0.062,0.193,0.062,0
t_4371,0.334,0.334,0.334,0.108,0.221,0.108,0
t_4372,0.289,0.289,0.289,0.119,0.204,0.119,0
t_4373,0.231,0.231,0.231,0.089,0.160,0.089,0
t_4374,0.136,0.136,0.136,0.024,0.080,0.024,0
t_4375,0.048,0.048,0.048,0.004,0.026,0.004,0.0045
t_4376,0.046,0.046,0.046,0.001,0.024,0.001,0.0641
t_4377,0.035,0.035,0.035,0.001,0.018,0.001,0.1251
t_4378,0.047,0.047,0.047,0.000,0.024,0.000,0.1807
t_4379,0.073,0.073,0.073,0.002,0.038,0.002,0.2356
t_4380,0.106,0.106,0.106,0.001,0.054,0.001,0.3017
t_4381,0.135,0.135,0.135,0.000,0.068,0.000,0.3501
t_4382,0.138,0.138,0.138,0.000,0.069,0.000,0.3844
t_4383,0.125,0.125,0.125,0.000,0.063,0.000,0.4044
t_4384,0.145,0.145,0.145,0.000,0.073,0.000,0.3788
t_4385,0.096,0.096,0.096,0.000,0.048,0.000,0.2964
t_4386,0.027,0.027,0.027,0.000,0.014,0.000,0.2146
t_4387,0.012,0.012,0.012,0.004,0.008,0.004,0.2381
t_4388,0.009,0.009,0.009,0.020,0.015,0.020,0.32
t_4389,0.005,0.005,0.005,0.065,0.035,0.065,0.3321
t_4390,0.004,0.004,0.004,0.148,0.076,0.148,0.2695
t_4391,0.006,0.006,0.006,0.193,0.100,0.193,0.2064
t_4392,0.008,0.008,0.008,0.205,0.107,0.205,0.1334
t_4393,0.007,0.007,0.007,0.194,0.101,0.194,0.0932
t_4394,0.015,0.015,0.015,0.185,0.100,0.185,0.0806
t_4395,0.031,0.031,0.031,0.177,0.104,0.177,0.0676
t_4396,0.040,0.040,0.040,0.168,0.104,0.168,0.0541
t_4397,0.034,0.034,0.034,0.137,0.086,0.137,0.0479
t_4398,0.020,0.020,0.020,0.087,0.054,0.087,0.0868
t_4399,0.027,0.027,0.027,0.056,0.042,0.056,0.1752
t_4400,0.036,0.036,0.036,0.082,0.059,0.082,0.2683
t_4401,0.033,0.033,0.033,0.075,0.054,0.075,0.3654
t_4402,0.041,0.041,0.041,0.025,0.033,0.025,0.4368
t_4403,0.067,0.067,0.067,0.002,0.035,0.002,0.4917
t_4404,0.080,0.080,0.080,0.000,0.040,0.000,0.5836
t_4405,0.084,0.084,0.084,0.000,0.042,0.000,0.6538
t_4406,0.089,0.089,0.089,0.000,0.045,0.000,0.6117
t_4407,0.093,0.093,0.093,0.000,0.047,0.000,0.4018
t_4408,0.087,0.087,0.087,0.001,0.044,0.001,0.3318
t_4409,0.067,0.067,0.067,0.004,0.036,0.004,0.2126
t_4410,0.051,0.051,0.051,0.008,0.030,0.008,0.0911
t_4411,0.032,0.032,0.032,0.025,0.029,0.025,0.0346
t_4412,0.037,0.037,0.037,0.074,0.056,0.074,0.0385
t_4413,0.103,0.103,0.103,0.140,0.122,0.140,0.0605
t_4414,0.123,0.123,0.123,0.180,0.152,0.180,0.1074
t_4415,0.070,0.070,0.070,0.192,0.131,0.192,0.145
t_4416,0.066,0.066,0.066,0.204,0.135,0.204,0.1726
t_4417,0.058,0.058,0.058,0.212,0.135,0.212,0.2083
t_4418,0.058,0.058,0.058,0.214,0.136,0.214,0.2133
t_4419,0.064,0.064,0.064,0.204,0.134,0.204,0.1976
t_4420,0.060,0.060,0.060,0.208,0.134,0.208,0.1834
t_4421,0.050,0.050,0.050,0.174,0.112,0.174,0.1545
t_4422,0.043,0.043,0.043,0.155,0.099,0.155,0.1245
t_4423,0.030,0.030,0.030,0.205,0.118,0.205,0.1462
t_4424,0.026,0.026,0.026,0.264,0.145,0.264,0.1288
t_4425,0.016,0.016,0.016,0.309,0.163,0.309,0.0623
t_4426,0.011,0.011,0.011,0.333,0.172,0.333,0.0114
t_4427,0.030,0.030,0.030,0.357,0.194,0.357,0.0007
t_4428,0.025,0.025,0.025,0.364,0.195,0.364,0.0001
t_4429,0.023,0.023,0.023,0.348,0.186,0.348,0.0173
t_4430,0.055,0.055,0.055,0.318,0.187,0.318,0.027
t_4431,0.064,0.064,0.064,0.291,0.178,0.291,0.0346
t_4432,0.063,0.063,0.063,0.248,0.156,0.248,0.0351
t_4433,0.060,0.060,0.060,0.184,0.122,0.184,0.0297
t_4434,0.053,0.053,0.053,0.091,0.072,0.091,0.0193
t_4435,0.060,0.060,0.060,0.027,0.044,0.027,0.0089
t_4436,0.068,0.068,0.068,0.009,0.039,0.009,0.0032
t_4437,0.019,0.019,0.019,0.003,0.011,0.003,0.0016
t_4438,0.016,0.016,0.016,0.001,0.009,0.001,0.0007
t_4439,0.012,0.012,0.012,0.000,0.006,0.000,0.0006
t_4440,0.012,0.012,0.012,0.000,0.006,0.000,0.0007
t_4441,0.007,0.007,0.007,0.000,0.004,0.000,0.0012
t_4442,0.012,0.012,0.012,0.000,0.006,0.000,0.0019
t_4443,0.013,0.013,0.013,0.000,0.007,0.000,0.0032
t_4444,0.017,0.017,0.017,0.000,0.009,0.000,0.0045
t_4445,0.020,0.020,0.020,0.000,0.010,0.000,0.0057
t_4446,0.013,0.013,0.013,0.000,0.007,0.000,0.0028
t_4447,0.017,0.017,0.017,0.000,0.009,0.000,0.0018
t_4448,0.028,0.028,0.028,0.000,0.014,0.000,0.0054
t_4449,0.063,0.063,0.063,0.000,0.032,0.000,0.0036
t_4450,0.108,0.108,0.108,0.000,0.054,0.000,0.0016
t_4451,0.146,0.146,0.146,0.001,0.074,0.001,0.0014
t_4452,0.164,0.164,0.164,0.003,0.084,0.003,0.0097
t_4453,0.157,0.157,0.157,0.004,0.081,0.004,0.0264
t_4454,0.300,0.300,0.300,0.005,0.153,0.005,0.0525
t_4455,0.285,0.285,0.285,0.005,0.145,0.005,0.0667
t_4456,0.253,0.253,0.253,0.004,0.129,0.004,0.0585
t_4457,0.230,0.230,0.230,0.002,0.116,0.002,0.0491
t_4458,0.191,0.191,0.191,0.001,0.096,0.001,0.0536
t_4459,0.077,0.077,0.077,0.001,0.039,0.001,0.0468
t_4460,0.080,0.080,0.080,0.001,0.041,0.001,0.0464
t_4461,0.067,0.067,0.067,0.000,0.034,0.000,0.0587
t_4462,0.046,0.046,0.046,0.000,0.023,0.000,0.0643
t_4463,0.026,0.026,0.026,0.000,0.013,0.000,0.0771
t_4464,0.004,0.004,0.004,0.000,0.002,0.000,0.0808
t_4465,0.004,0.004,0.004,0.000,0.002,0.000,0.0823
t_4466,0.002,0.002,0.002,0.000,0.001,0.000,0.0886
t_4467,0.004,0.004,0.004,0.000,0.002,0.000,0.1215
t_4468,0.005,0.005,0.005,0.000,0.003,0.000,0.1813
t_4469,0.005,0.005,0.005,0.000,0.003,0.000,0.2086
t_4470,0.003,0.003,0.003,0.000,0.002,0.000,0.2307
t_4471,0.000,0.000,0.000,0.000,0.000,0.000,0.1978
t_4472,0.012,0.012,0.012,0.000,0.006,0.000,0.1494
t_4473,0.084,0.084,0.084,0.000,0.042,0.000,0.0974
t_4474,0.081,0.081,0.081,0.000,0.041,0.000,0.0541
t_4475,0.060,0.060,0.060,0.000,0.030,0.000,0.0282
t_4476,0.053,0.053,0.053,0.000,0.027,0.000,0.0145
t_4477,0.060,0.060,0.060,0.000,0.030,0.000,0.0248
t_4478,0.079,0.079,0.079,0.000,0.040,0.000,0.047
t_4479,0.097,0.097,0.097,0.000,0.049,0.000,0.0568
t_4480,0.124,0.124,0.124,0.000,0.062,0.000,0.0565
t_4481,0.085,0.085,0.085,0.000,0.043,0.000,0.0445
t_4482,0.091,0.091,0.091,0.000,0.046,0.000,0.0329
t_4483,0.100,0.100,0.100,0.002,0.051,0.002,0.0201
t_4484,0.137,0.137,0.137,0.008,0.073,0.008,0.013
t_4485,0.140,0.140,0.140,0.011,0.076,0.011,0.0077
t_4486,0.096,0.096,0.096,0.009,0.053,0.009,0.0043
t_4487,0.050,0.050,0.050,0.008,0.029,0.008,0.0042
t_4488,0.032,0.032,0.032,0.008,0.020,0.008,0.007
t_4489,0.020,0.020,0.020,0.007,0.014,0.007,0.0124
t_4490,0.011,0.011,0.011,0.007,0.009,0.007,0.0156
t_4491,0.005,0.005,0.005,0.007,0.006,0.007,0.0158
t_4492,0.011,0.011,0.011,0.007,0.009,0.007,0.0126
t_4493,0.017,0.017,0.017,0.006,0.012,0.006,0.0064
t_4494,0.003,0.003,0.003,0.000,0.002,0.000,0.0031
t_4495,0.000,0.000,0.000,0.000,0.000,0.000,0.0022
t_4496,0.001,0.001,0.001,0.001,0.001,0.001,0.004
t_4497,0.001,0.001,0.001,0.003,0.002,0.003,0.0014
t_4498,0.001,0.001,0.001,0.007,0.004,0.007,0
t_4499,0.001,0.001,0.001,0.014,0.008,0.014,0
t_4500,0.000,0.000,0.000,0.018,0.009,0.018,0.0044
t_4501,0.000,0.000,0.000,0.029,0.015,0.029,0.0118
t_4502,0.000,0.000,0.000,0.043,0.022,0.043,0.0297
t_4503,0.000,0.000,0.000,0.058,0.029,0.058,0.0336
t_4504,0.000,0.000,0.000,0.065,0.033,0.065,0.0319
t_4505,0.000,0.000,0.000,0.060,0.030,0.060,0.0332
t_4506,0.002,0.002,0.002,0.036,0.019,0.036,0.0261
t_4507,0.017,0.017,0.017,0.035,0.026,0.035,0.0157
t_4508,0.021,0.021,0.021,0.049,0.035,0.049,0.0087
t_4509,0.030,0.030,0.030,0.037,0.034,0.037,0.0022
t_4510,0.019,0.019,0.019,0.038,0.029,0.038,0.0021
t_4511,0.018,0.018,0.018,0.033,0.026,0.033,0.0035
t_4512,0.013,0.013,0.013,0.022,0.018,0.022,0.0053
t_4513,0.009,0.009,0.009,0.020,0.015,0.020,0.006
t_4514,0.013,0.013,0.013,0.023,0.018,0.023,0.0034
t_4515,0.071,0.071,0.071,0.005,0.038,0.005,0.0024
t_4516,0.157,0.157,0.157,0.004,0.081,0.004,0.0019
t_4517,0.240,0.240,0.240,0.002,0.121,0.002,0.0015
t_4518,0.178,0.178,0.178,0.000,0.089,0.000,0.0027
t_4519,0.055,0.055,0.055,0.000,0.028,0.000,0.0095
t_4520,0.002,0.002,0.002,0.000,0.001,0.000,0.0235
t_4521,0.000,0.000,0.000,0.000,0.000,0.000,0.0355
t_4522,0.000,0.000,0.000,0.000,0.000,0.000,0.0457
t_4523,0.000,0.000,0.000,0.001,0.001,0.001,0.0531
t_4524,0.000,0.000,0.000,0.001,0.001,0.001,0.0395
t_4525,0.000,0.000,0.000,0.001,0.001,0.001,0.0197
t_4526,0.000,0.000,0.000,0.002,0.001,0.002,0.0089
t_4527,0.000,0.000,0.000,0.002,0.001,0.002,0.0043
t_4528,0.002,0.002,0.002,0.004,0.003,0.004,0.0068
t_4529,0.020,0.020,0.020,0.007,0.014,0.007,0.0094
t_4530,0.008,0.008,0.008,0.010,0.009,0.010,0.01
t_4531,0.011,0.011,0.011,0.014,0.013,0.014,0.0092
t_4532,0.001,0.001,0.001,0.014,0.008,0.014,0.0085
t_4533,0.004,0.004,0.004,0.016,0.010,0.016,0.0068
t_4534,0.013,0.013,0.013,0.019,0.016,0.019,0.0081
t_4535,0.041,0.041,0.041,0.006,0.024,0.006,0.0105
t_4536,0.130,0.130,0.130,0.008,0.069,0.008,0.0081
t_4537,0.400,0.400,0.400,0.008,0.204,0.008,0.0073
t_4538,0.517,0.517,0.517,0.006,0.262,0.006,0.0071
t_4539,0.567,0.567,0.567,0.005,0.286,0.005,0.0101
t_4540,0.563,0.563,0.563,0.004,0.284,0.004,0.0186
t_4541,0.452,0.452,0.452,0.002,0.227,0.002,0.0233
t_4542,0.149,0.149,0.149,0.000,0.075,0.000,0.0153
t_4543,0.021,0.021,0.021,0.000,0.011,0.000,0.002
t_4544,0.000,0.000,0.000,0.000,0.000,0.000,0.0158
t_4545,0.000,0.000,0.000,0.000,0.000,0.000,0.0329
t_4546,0.000,0.000,0.000,0.000,0.000,0.000,0.0501
t_4547,0.000,0.000,0.000,0.000,0.000,0.000,0.0641
t_4548,0.000,0.000,0.000,0.000,0.000,0.000,0.0514
t_4549,0.000,0.000,0.000,0.000,0.000,0.000,0.0381
t_4550,0.003,0.003,0.003,0.000,0.002,0.000,0.0299
t_4551,0.011,0.011,0.011,0.000,0.006,0.000,0.0298
t_4552,0.015,0.015,0.015,0.000,0.008,0.000,0.0366
t_4553,0.001,0.001,0.001,0.000,0.001,0.000,0.0408
t_4554,0.001,0.001,0.001,0.000,0.001,0.000,0.0414
t_4555,0.001,0.001,0.001,0.000,0.001,0.000,0.0305
t_4556,0.003,0.003,0.003,0.000,0.002,0.000,0.0185
t_4557,0.002,0.002,0.002,0.000,0.001,0.000,0.0111
t_4558,0.005,0.005,0.005,0.000,0.003,0.000,0.0087
t_4559,0.064,0.064,0.064,0.000,0.032,0.000,0.0074
t_4560,0.162,0.162,0.162,0.000,0.081,0.000,0.0068
t_4561,0.236,0.236,0.236,0.001,0.119,0.001,0.0065
t_4562,0.251,0.251,0.251,0.002,0.127,0.002,0.004
t_4563,0.138,0.138,0.138,0.002,0.070,0.002,0.0016
t_4564,0.131,0.131,0.131,0.002,0.067,0.002,0.0008
t_4565,0.119,0.119,0.119,0.001,0.060,0.001,0.0018
t_4566,0.069,0.069,0.069,0.000,0.035,0.000,0.0009
t_4567,0.007,0.007,0.007,0.000,0.004,0.000,0.0059
t_4568,0.000,0.000,0.000,0.000,0.000,0.000,0.0235
t_4569,0.000,0.000,0.000,0.000,0.000,0.000,0.0341
t_4570,0.000,0.000,0.000,0.000,0.000,0.000,0.0487
t_4571,0.000,0.000,0.000,0.000,0.000,0.000,0.0503
t_4572,0.000,0.000,0.000,0.000,0.000,0.000,0.0535
t_4573,0.000,0.000,0.000,0.000,0.000,0.000,0.0572
t_4574,0.000,0.000,0.000,0.000,0.000,0.000,0.0661
t_4575,0.000,0.000,0.000,0.000,0.000,0.000,0.0554
t_4576,0.000,0.000,0.000,0.000,0.000,0.000,0.041
t_4577,0.000,0.000,0.000,0.000,0.000,0.000,0.0357
t_4578,0.000,0.000,0.000,0.000,0.000,0.000,0.027
t_4579,0.000,0.000,0.000,0.000,0.000,0.000,0.0139
t_4580,0.000,0.000,0.000,0.000,0.000,0.000,0.0083
t_4581,0.003,0.003,0.003,0.000,0.002,0.000,0.0052
t_4582,0.094,0.094,0.094,0.000,0.047,0.000,0.0034
t_4583,0.290,0.290,0.290,0.000,0.145,0.000,0.0049
t_4584,0.434,0.434,0.434,0.000,0.217,0.000,0.0065
t_4585,0.485,0.485,0.485,0.000,0.243,0.000,0.0069
t_4586,0.452,0.452,0.452,0.000,0.226,0.000,0.0054
t_4587,0.398,0.398,0.398,0.000,0.199,0.000,0.0059
t_4588,0.221,0.221,0.221,0.001,0.111,0.001,0.0058
t_4589,0.187,0.187,0.187,0.003,0.095,0.003,0.0038
t_4590,0.110,0.110,0.110,0.001,0.056,0.001,0.004
t_4591,0.026,0.026,0.026,0.000,0.013,0.000,0.0135
t_4592,0.007,0.007,0.007,0.000,0.004,0.000,0.0222
t_4593,0.006,0.006,0.006,0.000,0.003,0.000,0.0365
t_4594,0.009,0.009,0.009,0.000,0.005,0.000,0.0423
t_4595,0.005,0.005,0.005,0.000,0.003,0.000,0.0425
t_4596,0.007,0.007,0.007,0.000,0.004,0.000,0.0596
t_4597,0.005,0.005,0.005,0.000,0.003,0.000,0.082
t_4598,0.006,0.006,0.006,0.000,0.003,0.000,0.0944
t_4599,0.008,0.008,0.008,0.000,0.004,0.000,0.0898
t_4600,0.004,0.004,0.004,0.000,0.002,0.000,0.0665
t_4601,0.001,0.001,0.001,0.000,0.001,0.000,0.0361
t_4602,0.001,0.001,0.001,0.000,0.001,0.000,0.0114
t_4603,0.000,0.000,0.000,0.000,0.000,0.000,0.0004
t_4604,0.000,0.000,0.000,0.000,0.000,0.000,0
t_4605,0.000,0.000,0.000,0.000,0.000,0.000,0.0001
t_4606,0.000,0.000,0.000,0.000,0.000,0.000,0.0029
t_4607,0.001,0.001,0.001,0.008,0.005,0.008,0.0138
t_4608,0.003,0.003,0.003,0.027,0.015,0.027,0.0166
t_4609,0.004,0.004,0.004,0.056,0.030,0.056,0.0309
t_4610,0.008,0.008,0.008,0.082,0.045,0.082,0.051
t_4611,0.008,0.008,0.008,0.086,0.047,0.086,0.0599
t_4612,0.003,0.003,0.003,0.075,0.039,0.075,0.0674
t_4613,0.001,0.001,0.001,0.040,0.021,0.040,0.0778
t_4614,0.000,0.000,0.000,0.030,0.015,0.030,0.072
t_4615,0.000,0.000,0.000,0.027,0.014,0.027,0.0387
t_4616,0.000,0.000,0.000,0.013,0.007,0.013,0.0135
t_4617,0.000,0.000,0.000,0.005,0.003,0.005,0.0023
t_4618,0.000,0.000,0.000,0.003,0.002,0.003,0.0001
t_4619,0.000,0.000,0.000,0.002,0.001,0.002,0
t_4620,0.000,0.000,0.000,0.001,0.001,0.001,0
t_4621,0.000,0.000,0.000,0.001,0.001,0.001,0.006
t_4622,0.000,0.000,0.000,0.001,0.001,0.001,0.021
t_4623,0.000,0.000,0.000,0.001,0.001,0.001,0.0312
t_4624,0.000,0.000,0.000,0.000,0.000,0.000,0.0356
t_4625,0.009,0.009,0.009,0.000,0.005,0.000,0.0337
t_4626,0.031,0.031,0.031,0.000,0.016,0.000,0.0221
t_4627,0.047,0.047,0.047,0.000,0.024,0.000,0.0096
t_4628,0.006,0.006,0.006,0.000,0.003,0.000,0.0011
t_4629,0.001,0.001,0.001,0.000,0.001,0.000,0
t_4630,0.000,0.000,0.000,0.001,0.001,0.001,0
t_4631,0.000,0.000,0.000,0.002,0.001,0.002,0
t_4632,0.000,0.000,0.000,0.002,0.001,0.002,0
t_4633,0.000,0.000,0.000,0.002,0.001,0.002,0.0001
t_4634,0.000,0.000,0.000,0.001,0.001,0.001,0.0003
t_4635,0.000,0.000,0.000,0.001,0.001,0.001,0.0005
t_4636,0.000,0.000,0.000,0.000,0.000,0.000,0.0004
t_4637,0.000,0.000,0.000,0.000,0.000,0.000,0.0004
t_4638,0.000,0.000,0.000,0.000,0.000,0.000,0.001
t_4639,0.000,0.000,0.000,0.000,0.000,0.000,0.0119
t_4640,0.000,0.000,0.000,0.000,0.000,0.000,0.0322
t_4641,0.000,0.000,0.000,0.000,0.000,0.000,0.0539
t_4642,0.000,0.000,0.000,0.000,0.000,0.000,0.076
t_4643,0.000,0.000,0.000,0.000,0.000,0.000,0.0877
t_4644,0.005,0.005,0.005,0.000,0.003,0.000,0.0851
t_4645,0.006,0.006,0.006,0.000,0.003,0.000,0.0797
t_4646,0.007,0.007,0.007,0.000,0.004,0.000,0.0726
t_4647,0.007,0.007,0.007,0.000,0.004,0.000,0.0584
t_4648,0.006,0.006,0.006,0.000,0.003,0.000,0.0524
t_4649,0.004,0.004,0.004,0.000,0.002,0.000,0.0558
t_4650,0.001,0.001,0.001,0.000,0.001,0.000,0.0546
t_4651,0.000,0.000,0.000,0.000,0.000,0.000,0.0532
t_4652,0.000,0.000,0.000,0.000,0.000,0.000,0.0543
t_4653,0.001,0.001,0.001,0.001,0.001,0.001,0.0496
t_4654,0.004,0.004,0.004,0.002,0.003,0.002,0.0126
t_4655,0.025,0.025,0.025,0.001,0.013,0.001,0.0025
t_4656,0.120,0.120,0.120,0.002,0.061,0.002,0.0008
t_4657,0.242,0.242,0.242,0.001,0.122,0.001,0.0002
t_4658,0.255,0.255,0.255,0.002,0.129,0.002,0.0004
t_4659,0.362,0.362,0.362,0.004,0.183,0.004,0.0001
t_4660,0.447,0.447,0.447,0.020,0.234,0.020,0.0003
t_4661,0.456,0.456,0.456,0.025,0.241,0.025,0.0006
t_4662,0.318,0.318,0.318,0.010,0.164,0.010,0.001
t_4663,0.230,0.230,0.230,0.004,0.117,0.004,0.0067
t_4664,0.159,0.159,0.159,0.007,0.083,0.007,0.0099
t_4665,0.139,0.139,0.139,0.021,0.080,0.021,0.0099
t_4666,0.102,0.102,0.102,0.017,0.060,0.017,0.016
t_4667,0.090,0.090,0.090,0.009,0.050,0.009,0.0343
t_4668,0.117,0.117,0.117,0.007,0.062,0.007,0.0593
t_4669,0.086,0.086,0.086,0.008,0.047,0.008,0.0703
t_4670,0.042,0.042,0.042,0.015,0.029,0.015,0.056
t_4671,0.015,0.015,0.015,0.024,0.020,0.024,0.0311
t_4672,0.005,0.005,0.005,0.031,0.018,0.031,0.0098
t_4673,0.010,0.010,0.010,0.027,0.019,0.027,0.0029
t_4674,0.007,0.007,0.007,0.023,0.015,0.023,0.0007
t_4675,0.003,0.003,0.003,0.026,0.015,0.026,0
t_4676,0.002,0.002,0.002,0.027,0.015,0.027,0
t_4677,0.001,0.001,0.001,0.027,0.014,0.027,0.0056
t_4678,0.000,0.000,0.000,0.023,0.012,0.023,0.0109
t_4679,0.001,0.001,0.001,0.022,0.012,0.022,0.0134
t_4680,0.001,0.001,0.001,0.028,0.015,0.028,0.0276
t_4681,0.002,0.002,0.002,0.025,0.014,0.025,0.0504
t_4682,0.003,0.003,0.003,0.024,0.014,0.024,0.0743
t_4683,0.003,0.003,0.003,0.024,0.014,0.024,0.1058
t_4684,0.004,0.004,0.004,0.030,0.017,0.030,0.1368
t_4685,0.006,0.006,0.006,0.020,0.013,0.020,0.1359
t_4686,0.005,0.005,0.005,0.012,0.009,0.012,0.1525
t_4687,0.004,0.004,0.004,0.022,0.013,0.022,0.1482
t_4688,0.011,0.011,0.011,0.029,0.020,0.029,0.1008
t_4689,0.022,0.022,0.022,0.025,0.024,0.025,0.0544
t_4690,0.028,0.028,0.028,0.016,0.022,0.016,0.0233
t_4691,0.036,0.036,0.036,0.009,0.023,0.009,0.0083
t_4692,0.046,0.046,0.046,0.005,0.026,0.005,0.0044
t_4693,0.051,0.051,0.051,0.005,0.028,0.005,0.009
t_4694,0.051,0.051,0.051,0.004,0.028,0.004,0.0231
t_4695,0.049,0.049,0.049,0.002,0.026,0.002,0.0361
t_4696,0.070,0.070,0.070,0.001,0.036,0.001,0.0442
t_4697,0.093,0.093,0.093,0.000,0.047,0.000,0.0383
t_4698,0.065,0.065,0.065,0.000,0.033,0.000,0.0267
t_4699,0.041,0.041,0.041,0.000,0.021,0.000,0.0153
t_4700,0.053,0.053,0.053,0.000,0.027,0.000,0.0084
t_4701,0.165,0.165,0.165,0.002,0.084,0.002,0.0025
t_4702,0.220,0.220,0.220,0.014,0.117,0.014,0.0001
t_4703,0.262,0.262,0.262,0.044,0.153,0.044,0
t_4704,0.303,0.303,0.303,0.075,0.189,0.075,0.0001
t_4705,0.197,0.197,0.197,0.094,0.146,0.094,0.0003
t_4706,0.208,0.208,0.208,0.109,0.159,0.109,0.0002
t_4707,0.211,0.211,0.211,0.131,0.171,0.131,0.0002
t_4708,0.208,0.208,0.208,0.143,0.176,0.143,0
t_4709,0.188,0.188,0.188,0.134,0.161,0.134,0
t_4710,0.164,0.164,0.164,0.101,0.133,0.101,0
t_4711,0.195,0.195,0.195,0.113,0.154,0.113,0.0028
t_4712,0.239,0.239,0.239,0.164,0.202,0.164,0.0206
t_4713,0.280,0.280,0.280,0.200,0.240,0.200,0.0362
t_4714,0.353,0.353,0.353,0.265,0.309,0.265,0.0388
t_4715,0.414,0.414,0.414,0.300,0.357,0.300,0.0415
t_4716,0.386,0.386,0.386,0.321,0.354,0.321,0.047
t_4717,0.348,0.348,0.348,0.341,0.345,0.341,0.0497
t_4718,0.297,0.297,0.297,0.362,0.330,0.362,0.0518
t_4719,0.236,0.236,0.236,0.366,0.301,0.366,0.0654
t_4720,0.188,0.188,0.188,0.317,0.253,0.317,0.0785
t_4721,0.135,0.135,0.135,0.229,0.182,0.229,0.0635
t_4722,0.065,0.065,0.065,0.123,0.094,0.123,0.0404
t_4723,0.015,0.015,0.015,0.052,0.034,0.052,0.031
t_4724,0.007,0.007,0.007,0.042,0.025,0.042,0.0543
t_4725,0.001,0.001,0.001,0.033,0.017,0.033,0.1083
t_4726,0.000,0.000,0.000,0.025,0.013,0.025,0.2272
t_4727,0.000,0.000,0.000,0.023,0.012,0.023,0.2951
t_4728,0.000,0.000,0.000,0.027,0.014,0.027,0.3396
t_4729,0.000,0.000,0.000,0.027,0.014,0.027,0.3205
t_4730,0.000,0.000,0.000,0.024,0.012,0.024,0.2866
t_4731,0.000,0.000,0.000,0.020,0.010,0.020,0.2387
t_4732,0.000,0.000,0.000,0.014,0.007,0.014,0.2045
t_4733,0.000,0.000,0.000,0.006,0.003,0.006,0.1565
t_4734,0.000,0.000,0.000,0.001,0.001,0.001,0.082
t_4735,0.000,0.000,0.000,0.000,0.000,0.000,0.0044
t_4736,0.000,0.000,0.000,0.000,0.000,0.000,0.006
t_4737,0.000,0.000,0.000,0.000,0.000,0.000,0.0208
t_4738,0.000,0.000,0.000,0.000,0.000,0.000,0.0174
t_4739,0.000,0.000,0.000,0.000,0.000,0.000,0.0086
t_4740,0.000,0.000,0.000,0.000,0.000,0.000,0.0042
t_4741,0.000,0.000,0.000,0.000,0.000,0.000,0.0058
t_4742,0.000,0.000,0.000,0.000,0.000,0.000,0.0227
t_4743,0.000,0.000,0.000,0.000,0.000,0.000,0.0345
t_4744,0.001,0.001,0.001,0.000,0.001,0.000,0.062
t_4745,0.003,0.003,0.003,0.000,0.002,0.000,0.0786
t_4746,0.001,0.001,0.001,0.000,0.001,0.000,0.067
t_4747,0.000,0.000,0.000,0.000,0.000,0.000,0.0437
t_4748,0.000,0.000,0.000,0.000,0.000,0.000,0.0229
t_4749,0.000,0.000,0.000,0.000,0.000,0.000,0.0115
t_4750,0.000,0.000,0.000,0.000,0.000,0.000,0.0067
t_4751,0.000,0.000,0.000,0.000,0.000,0.000,0.0064
t_4752,0.000,0.000,0.000,0.001,0.001,0.001,0.0063
t_4753,0.000,0.000,0.000,0.002,0.001,0.002,0.0079
t_4754,0.000,0.000,0.000,0.003,0.002,0.003,0.0091
t_4755,0.000,0.000,0.000,0.005,0.003,0.005,0.0102
t_4756,0.001,0.001,0.001,0.009,0.005,0.009,0.015
t_4757,0.003,0.003,0.003,0.013,0.008,0.013,0.0232
t_4758,0.002,0.002,0.002,0.006,0.004,0.006,0.0454
t_4759,0.003,0.003,0.003,0.004,0.004,0.004,0.0561
t_4760,0.008,0.008,0.008,0.009,0.009,0.009,0.0391
t_4761,0.008,0.008,0.008,0.024,0.016,0.024,0.0255
t_4762,0.007,0.007,0.007,0.046,0.027,0.046,0.014
t_4763,0.006,0.006,0.006,0.080,0.043,0.080,0.0117
t_4764,0.007,0.007,0.007,0.123,0.065,0.123,0.0251
t_4765,0.006,0.006,0.006,0.187,0.097,0.187,0.0424
t_4766,0.011,0.011,0.011,0.262,0.137,0.262,0.0529
t_4767,0.009,0.009,0.009,0.326,0.168,0.326,0.0551
t_4768,0.007,0.007,0.007,0.348,0.178,0.348,0.0476
t_4769,0.005,0.005,0.005,0.301,0.153,0.301,0.0558
t_4770,0.003,0.003,0.003,0.183,0.093,0.183,0.0654
t_4771,0.002,0.002,0.002,0.125,0.064,0.125,0.0308
t_4772,0.001,0.001,0.001,0.114,0.058,0.114,0.0368
t_4773,0.001,0.001,0.001,0.101,0.051,0.101,0.0908
t_4774,0.000,0.000,0.000,0.097,0.049,0.097,0.1354
t_4775,0.000,0.000,0.000,0.090,0.045,0.090,0.1567
t_4776,0.000,0.000,0.000,0.086,0.043,0.086,0.1763
t_4777,0.000,0.000,0.000,0.084,0.042,0.084,0.1895
t_4778,0.000,0.000,0.000,0.084,0.042,0.084,0.1891
t_4779,0.000,0.000,0.000,0.095,0.048,0.095,0.169
t_4780,0.000,0.000,0.000,0.110,0.055,0.110,0.1447
t_4781,0.005,0.005,0.005,0.111,0.058,0.111,0.1145
t_4782,0.007,0.007,0.007,0.063,0.035,0.063,0.0876
t_4783,0.007,0.007,0.007,0.093,0.050,0.093,0.0639
t_4784,0.010,0.010,0.010,0.138,0.074,0.138,0.0217
t_4785,0.013,0.013,0.013,0.138,0.076,0.138,0.0118
t_4786,0.012,0.012,0.012,0.122,0.067,0.122,0.0057
t_4787,0.012,0.012,0.012,0.108,0.060,0.108,0.0057
t_4788,0.013,0.013,0.013,0.102,0.058,0.102,0.0218
t_4789,0.019,0.019,0.019,0.100,0.060,0.100,0.0517
t_4790,0.027,0.027,0.027,0.096,0.062,0.096,0.0633
t_4791,0.035,0.035,0.035,0.080,0.058,0.080,0.0654
t_4792,0.042,0.042,0.042,0.056,0.049,0.056,0.0651
t_4793,0.052,0.052,0.052,0.024,0.038,0.024,0.0468
t_4794,0.052,0.052,0.052,0.004,0.028,0.004,0.021
t_4795,0.063,0.063,0.063,0.001,0.032,0.001,0.0095
t_4796,0.084,0.084,0.084,0.000,0.042,0.000,0.0031
t_4797,0.103,0.103,0.103,0.000,0.052,0.000,0.002
t_4798,0.127,0.127,0.127,0.000,0.064,0.000,0.0017
t_4799,0.118,0.118,0.118,0.000,0.059,0.000,0.0008
t_4800,0.099,0.099,0.099,0.000,0.050,0.000,0.0005
t_4801,0.088,0.088,0.088,0.000,0.044,0.000,0.0004
t_4802,0.098,0.098,0.098,0.001,0.050,0.001,0.0004
t_4803,0.111,0.111,0.111,0.000,0.056,0.000,0.0005
t_4804,0.215,0.215,0.215,0.000,0.108,0.000,0.0022
t_4805,0.232,0.232,0.232,0.009,0.121,0.009,0.0043
t_4806,0.167,0.167,0.167,0.004,0.086,0.004,0.006
t_4807,0.033,0.033,0.033,0.000,0.017,0.000,0.0431
t_4808,0.000,0.000,0.000,0.000,0.000,0.000,0.0738
t_4809,0.000,0.000,0.000,0.001,0.001,0.001,0.0673
t_4810,0.000,0.000,0.000,0.000,0.000,0.000,0.0469
t_4811,0.000,0.000,0.000,0.000,0.000,0.000,0.0363
t_4812,0.000,0.000,0.000,0.000,0.000,0.000,0.0311
t_4813,0.000,0.000,0.000,0.000,0.000,0.000,0.0244
t_4814,0.000,0.000,0.000,0.000,0.000,0.000,0.0346
t_4815,0.000,0.000,0.000,0.000,0.000,0.000,0.0303
t_4816,0.000,0.000,0.000,0.001,0.001,0.001,0.0206
t_4817,0.000,0.000,0.000,0.001,0.001,0.001,0.0149
t_4818,0.000,0.000,0.000,0.001,0.001,0.001,0.01
t_4819,0.000,0.000,0.000,0.002,0.001,0.002,0.0047
t_4820,0.000,0.000,0.000,0.005,0.003,0.005,0.0006
t_4821,0.002,0.002,0.002,0.008,0.005,0.008,0.0004
t_4822,0.060,0.060,0.060,0.019,0.040,0.019,0.001
t_4823,0.194,0.194,0.194,0.018,0.106,0.018,0.0012
t_4824,0.344,0.344,0.344,0.011,0.178,0.011,0.001
t_4825,0.457,0.457,0.457,0.009,0.233,0.009,0.0007
t_4826,0.368,0.368,0.368,0.007,0.188,0.007,0.0004
t_4827,0.432,0.432,0.432,0.006,0.219,0.006,0.0002
t_4828,0.471,0.471,0.471,0.005,0.238,0.005,0
t_4829,0.469,0.469,0.469,0.005,0.237,0.005,0
t_4830,0.380,0.380,0.380,0.002,0.191,0.002,0
t_4831,0.224,0.224,0.224,0.001,0.113,0.001,0.0002
t_4832,0.128,0.128,0.128,0.000,0.064,0.000,0.0048
t_4833,0.061,0.061,0.061,0.001,0.031,0.001,0.0081
t_4834,0.045,0.045,0.045,0.002,0.024,0.002,0.0115
t_4835,0.029,0.029,0.029,0.001,0.015,0.001,0.0062
t_4836,0.018,0.018,0.018,0.001,0.010,0.001,0.0084
t_4837,0.015,0.015,0.015,0.001,0.008,0.001,0.0115
t_4838,0.015,0.015,0.015,0.001,0.008,0.001,0.0164
t_4839,0.014,0.014,0.014,0.000,0.007,0.000,0.0114
t_4840,0.012,0.012,0.012,0.001,0.007,0.001,0.011
t_4841,0.007,0.007,0.007,0.001,0.004,0.001,0.0116
t_4842,0.003,0.003,0.003,0.001,0.002,0.001,0.0062
t_4843,0.001,0.001,0.001,0.001,0.001,0.001,0.0055
t_4844,0.000,0.000,0.000,0.002,0.001,0.002,0.0024
t_4845,0.003,0.003,0.003,0.007,0.005,0.007,0.0001
t_4846,0.028,0.028,0.028,0.015,0.022,0.015,0
t_4847,0.123,0.123,0.123,0.020,0.072,0.020,0
t_4848,0.231,0.231,0.231,0.028,0.130,0.028,0
t_4849,0.334,0.334,0.334,0.042,0.188,0.042,0
t_4850,0.417,0.417,0.417,0.049,0.233,0.049,0
t_4851,0.464,0.464,0.464,0.056,0.260,0.056,0
t_4852,0.454,0.454,0.454,0.060,0.257,0.060,0.0001
t_4853,0.429,0.429,0.429,0.067,0.248,0.067,0.0015
t_4854,0.319,0.319,0.319,0.040,0.180,0.040,0.0017
t_4855,0.196,0.196,0.196,0.012,0.104,0.012,0.0001
t_4856,0.106,0.106,0.106,0.016,0.061,0.016,0.0002
t_4857,0.118,0.118,0.118,0.031,0.075,0.031,0.0019
t_4858,0.129,0.129,0.129,0.045,0.087,0.045,0.0089
t_4859,0.140,0.140,0.140,0.057,0.099,0.057,0.0212
t_4860,0.228,0.228,0.228,0.066,0.147,0.066,0.0452
t_4861,0.293,0.293,0.293,0.075,0.184,0.075,0.0625
t_4862,0.316,0.316,0.316,0.079,0.198,0.079,0.0642
t_4863,0.378,0.378,0.378,0.071,0.225,0.071,0.0536
t_4864,0.183,0.183,0.183,0.061,0.122,0.061,0.0293
t_4865,0.042,0.042,0.042,0.047,0.045,0.047,0.0135
t_4866,0.046,0.046,0.046,0.030,0.038,0.030,0.0041
t_4867,0.051,0.051,0.051,0.019,0.035,0.019,0.0002
t_4868,0.155,0.155,0.155,0.012,0.084,0.012,0
t_4869,0.204,0.204,0.204,0.011,0.108,0.011,0
t_4870,0.180,0.180,0.180,0.029,0.105,0.029,0.0001
t_4871,0.156,0.156,0.156,0.045,0.101,0.045,0.0012
t_4872,0.194,0.194,0.194,0.057,0.126,0.057,0.008
t_4873,0.160,0.160,0.160,0.079,0.120,0.079,0.0417
t_4874,0.140,0.140,0.140,0.117,0.129,0.117,0.1137
t_4875,0.054,0.054,0.054,0.161,0.108,0.161,0.2054
t_4876,0.051,0.051,0.051,0.187,0.119,0.187,0.2891
t_4877,0.061,0.061,0.061,0.219,0.140,0.219,0.3876
t_4878,0.047,0.047,0.047,0.252,0.150,0.252,0.4608
t_4879,0.072,0.072,0.072,0.230,0.151,0.230,0.4689
t_4880,0.123,0.123,0.123,0.175,0.149,0.175,0.4183
t_4881,0.186,0.186,0.186,0.115,0.151,0.115,0.275
t_4882,0.255,0.255,0.255,0.073,0.164,0.073,0.1229
t_4883,0.308,0.308,0.308,0.044,0.176,0.044,0.0524
t_4884,0.356,0.356,0.356,0.028,0.192,0.028,0.025
t_4885,0.389,0.389,0.389,0.014,0.202,0.014,0.0225
t_4886,0.398,0.398,0.398,0.006,0.202,0.006,0.0229
t_4887,0.397,0.397,0.397,0.004,0.201,0.004,0.0232
t_4888,0.419,0.419,0.419,0.005,0.212,0.005,0.0245
t_4889,0.462,0.462,0.462,0.009,0.236,0.009,0.0239
t_4890,0.501,0.501,0.501,0.011,0.256,0.011,0.0254
t_4891,0.419,0.419,0.419,0.011,0.215,0.011,0.0251
t_4892,0.407,0.407,0.407,0.013,0.210,0.013,0.0274
t_4893,0.380,0.380,0.380,0.011,0.196,0.011,0.0211
t_4894,0.281,0.281,0.281,0.009,0.145,0.009,0.0068
t_4895,0.191,0.191,0.191,0.010,0.101,0.010,0.0029
t_4896,0.121,0.121,0.121,0.012,0.067,0.012,0.0032
t_4897,0.077,0.077,0.077,0.015,0.046,0.015,0.0025
t_4898,0.052,0.052,0.052,0.016,0.034,0.016,0.0043
t_4899,0.041,0.041,0.041,0.016,0.029,0.016,0.0103
t_4900,0.040,0.040,0.040,0.019,0.030,0.019,0.0208
t_4901,0.037,0.037,0.037,0.017,0.027,0.017,0.0337
t_4902,0.025,0.025,0.025,0.016,0.021,0.016,0.0446
t_4903,0.020,0.020,0.020,0.035,0.028,0.035,0.071
t_4904,0.012,0.012,0.012,0.037,0.025,0.037,0.0578
t_4905,0.009,0.009,0.009,0.028,0.019,0.028,0.0325
t_4906,0.010,0.010,0.010,0.024,0.017,0.024,0.0214
t_4907,0.011,0.011,0.011,0.017,0.014,0.017,0.0062
t_4908,0.012,0.012,0.012,0.012,0.012,0.012,0.0022
t_4909,0.018,0.018,0.018,0.007,0.013,0.007,0.0048
t_4910,0.039,0.039,0.039,0.004,0.022,0.004,0.0114
t_4911,0.020,0.020,0.020,0.004,0.012,0.004,0.0126
t_4912,0.032,0.032,0.032,0.004,0.018,0.004,0.0146
t_4913,0.059,0.059,0.059,0.004,0.032,0.004,0.0151
t_4914,0.102,0.102,0.102,0.005,0.054,0.005,0.013
t_4915,0.144,0.144,0.144,0.007,0.076,0.007,0.0084
t_4916,0.120,0.120,0.120,0.014,0.067,0.014,0.003
t_4917,0.112,0.112,0.112,0.015,0.064,0.015,0.0001
t_4918,0.067,0.067,0.067,0.013,0.040,0.013,0
t_4919,0.051,0.051,0.051,0.010,0.031,0.010,0
t_4920,0.045,0.045,0.045,0.010,0.028,0.010,0.0003
t_4921,0.035,0.035,0.035,0.007,0.021,0.007,0.0015
t_4922,0.030,0.030,0.030,0.004,0.017,0.004,0.0046
t_4923,0.027,0.027,0.027,0.002,0.015,0.002,0.0064
t_4924,0.050,0.050,0.050,0.001,0.026,0.001,0.0083
t_4925,0.036,0.036,0.036,0.001,0.019,0.001,0.0116
t_4926,0.004,0.004,0.004,0.000,0.002,0.000,0.0147
t_4927,0.000,0.000,0.000,0.001,0.001,0.001,0.022
t_4928,0.000,0.000,0.000,0.016,0.008,0.016,0.0224
t_4929,0.000,0.000,0.000,0.023,0.012,0.023,0.0151
t_4930,0.000,0.000,0.000,0.022,0.011,0.022,0.0113
t_4931,0.000,0.000,0.000,0.019,0.010,0.019,0.0047
t_4932,0.000,0.000,0.000,0.014,0.007,0.014,0.0051
t_4933,0.000,0.000,0.000,0.011,0.006,0.011,0.0095
t_4934,0.000,0.000,0.000,0.009,0.005,0.009,0.0143
t_4935,0.000,0.000,0.000,0.009,0.005,0.009,0.0228
t_4936,0.000,0.000,0.000,0.012,0.006,0.012,0.0255
t_4937,0.000,0.000,0.000,0.015,0.008,0.015,0.0246
t_4938,0.002,0.002,0.002,0.021,0.012,0.021,0.0191
t_4939,0.010,0.010,0.010,0.052,0.031,0.052,0.0134
t_4940,0.025,0.025,0.025,0.094,0.060,0.094,0.0109
t_4941,0.059,0.059,0.059,0.112,0.086,0.112,0.0144
t_4942,0.067,0.067,0.067,0.121,0.094,0.121,0.0219
t_4943,0.119,0.119,0.119,0.122,0.121,0.122,0.0398
t_4944,0.299,0.299,0.299,0.099,0.199,0.099,0.0613
t_4945,0.402,0.402,0.402,0.082,0.242,0.082,0.0581
t_4946,0.489,0.489,0.489,0.068,0.279,0.068,0.0363
t_4947,0.540,0.540,0.540,0.056,0.298,0.056,0.0192
t_4948,0.550,0.550,0.550,0.030,0.290,0.030,0.015
t_4949,0.530,0.530,0.530,0.016,0.273,0.016,0.0147
t_4950,0.346,0.346,0.346,0.005,0.176,0.005,0.0132
t_4951,0.132,0.132,0.132,0.002,0.067,0.002,0.0207
t_4952,0.050,0.050,0.050,0.003,0.027,0.003,0.0287
t_4953,0.013,0.013,0.013,0.001,0.007,0.001,0.0517
t_4954,0.009,0.009,0.009,0.000,0.005,0.000,0.0613
t_4955,0.008,0.008,0.008,0.000,0.004,0.000,0.0641
t_4956,0.008,0.008,0.008,0.000,0.004,0.000,0.0457
t_4957,0.009,0.009,0.009,0.000,0.005,0.000,0.0308
t_4958,0.009,0.009,0.009,0.000,0.005,0.000,0.0204
t_4959,0.014,0.014,0.014,0.000,0.007,0.000,0.0135
t_4960,0.009,0.009,0.009,0.000,0.005,0.000,0.0211
t_4961,0.004,0.004,0.004,0.000,0.002,0.000,0.0238
t_4962,0.000,0.000,0.000,0.000,0.000,0.000,0.0201
t_4963,0.002,0.002,0.002,0.000,0.001,0.000,0.0083
t_4964,0.002,0.002,0.002,0.003,0.003,0.003,0.0145
t_4965,0.003,0.003,0.003,0.016,0.010,0.016,0.0311
t_4966,0.002,0.002,0.002,0.025,0.014,0.025,0.0375
t_4967,0.000,0.000,0.000,0.028,0.014,0.028,0.0328
t_4968,0.000,0.000,0.000,0.025,0.013,0.025,0.0272
t_4969,0.026,0.026,0.026,0.008,0.017,0.008,0.0258
t_4970,0.067,0.067,0.067,0.006,0.037,0.006,0.0313
t_4971,0.082,0.082,0.082,0.005,0.044,0.005,0.0339
t_4972,0.085,0.085,0.085,0.003,0.044,0.003,0.0352
t_4973,0.080,0.080,0.080,0.002,0.041,0.002,0.0271
t_4974,0.034,0.034,0.034,0.000,0.017,0.000,0.0274
t_4975,0.012,0.012,0.012,0.000,0.006,0.000,0.0481
t_4976,0.023,0.023,0.023,0.000,0.012,0.000,0.0663
t_4977,0.025,0.025,0.025,0.000,0.013,0.000,0.0511
t_4978,0.015,0.015,0.015,0.000,0.008,0.000,0.0596
t_4979,0.013,0.013,0.013,0.000,0.007,0.000,0.0742
t_4980,0.013,0.013,0.013,0.000,0.007,0.000,0.0854
t_4981,0.025,0.025,0.025,0.000,0.013,0.000,0.0758
t_4982,0.043,0.043,0.043,0.000,0.022,0.000,0.0503
t_4983,0.167,0.167,0.167,0.000,0.084,0.000,0.0218
t_4984,0.238,0.238,0.238,0.001,0.120,0.001,0.0046
t_4985,0.248,0.248,0.248,0.002,0.125,0.002,0.0005
t_4986,0.173,0.173,0.173,0.007,0.090,0.007,0
t_4987,0.069,0.069,0.069,0.037,0.053,0.037,0.0003
t_4988,0.009,0.009,0.009,0.093,0.051,0.093,0.0126
t_4989,0.002,0.002,0.002,0.137,0.070,0.137,0.0277
t_4990,0.001,0.001,0.001,0.119,0.060,0.119,0.038
t_4991,0.000,0.000,0.000,0.090,0.045,0.090,0.0583
t_4992,0.000,0.000,0.000,0.081,0.041,0.081,0.0923
t_4993,0.000,0.000,0.000,0.072,0.036,0.072,0.1349
t_4994,0.000,0.000,0.000,0.059,0.030,0.059,0.1754
t_4995,0.000,0.000,0.000,0.045,0.023,0.045,0.2198
t_4996,0.000,0.000,0.000,0.043,0.022,0.043,0.2656
t_4997,0.000,0.000,0.000,0.033,0.017,0.033,0.273
t_4998,0.000,0.000,0.000,0.021,0.011,0.021,0.2804
t_4999,0.000,0.000,0.000,0.018,0.009,0.018,0.359
t_5000,0.000,0.000,0.000,0.013,0.007,0.013,0.3051
t_5001,0.000,0.000,0.000,0.009,0.005,0.009,0.2151
t_5002,0.000,0.000,0.000,0.008,0.004,0.008,0.1354
t_5003,0.001,0.001,0.001,0.012,0.007,0.012,0.0979
t_5004,0.002,0.002,0.002,0.018,0.010,0.018,0.091
t_5005,0.022,0.022,0.022,0.025,0.024,0.025,0.1017
t_5006,0.062,0.062,0.062,0.026,0.044,0.026,0.1183
t_5007,0.102,0.102,0.102,0.020,0.061,0.020,0.1314
t_5008,0.135,0.135,0.135,0.012,0.074,0.012,0.1323
t_5009,0.142,0.142,0.142,0.005,0.074,0.005,0.1458
t_5010,0.125,0.125,0.125,0.002,0.064,0.002,0.1483
t_5011,0.086,0.086,0.086,0.002,0.044,0.002,0.127
t_5012,0.068,0.068,0.068,0.006,0.037,0.006,0.1454
t_5013,0.016,0.016,0.016,0.009,0.013,0.009,0.1973
t_5014,0.009,0.009,0.009,0.009,0.009,0.009,0.2237
t_5015,0.006,0.006,0.006,0.007,0.007,0.007,0.1864
t_5016,0.005,0.005,0.005,0.005,0.005,0.005,0.1598
t_5017,0.006,0.006,0.006,0.003,0.005,0.003,0.1281
t_5018,0.006,0.006,0.006,0.002,0.004,0.002,0.0992
t_5019,0.007,0.007,0.007,0.003,0.005,0.003,0.0734
t_5020,0.010,0.010,0.010,0.002,0.006,0.002,0.0594
t_5021,0.014,0.014,0.014,0.001,0.008,0.001,0.0473
t_5022,0.011,0.011,0.011,0.000,0.006,0.000,0.0437
t_5023,0.016,0.016,0.016,0.000,0.008,0.000,0.0335
t_5024,0.025,0.025,0.025,0.000,0.013,0.000,0.0216
t_5025,0.040,0.040,0.040,0.000,0.020,0.000,0.0156
t_5026,0.043,0.043,0.043,0.000,0.022,0.000,0.0057
t_5027,0.046,0.046,0.046,0.000,0.023,0.000,0.0035
t_5028,0.051,0.051,0.051,0.000,0.026,0.000,0.0122
t_5029,0.059,0.059,0.059,0.000,0.030,0.000,0.0512
t_5030,0.058,0.058,0.058,0.002,0.030,0.002,0.073
t_5031,0.071,0.071,0.071,0.003,0.037,0.003,0.095
t_5032,0.106,0.106,0.106,0.006,0.056,0.006,0.0907
t_5033,0.143,0.143,0.143,0.008,0.076,0.008,0.0695
t_5034,0.187,0.187,0.187,0.009,0.098,0.009,0.0482
t_5035,0.171,0.171,0.171,0.015,0.093,0.015,0.0285
t_5036,0.195,0.195,0.195,0.018,0.107,0.018,0.0102
t_5037,0.172,0.172,0.172,0.014,0.093,0.014,0.0037
t_5038,0.117,0.117,0.117,0.011,0.064,0.011,0.0054
t_5039,0.057,0.057,0.057,0.008,0.033,0.008,0.0172
t_5040,0.037,0.037,0.037,0.008,0.023,0.008,0.0233
t_5041,0.026,0.026,0.026,0.008,0.017,0.008,0.0239
t_5042,0.020,0.020,0.020,0.010,0.015,0.010,0.0251
t_5043,0.022,0.022,0.022,0.012,0.017,0.012,0.0237
t_5044,0.031,0.031,0.031,0.015,0.023,0.015,0.0205
t_5045,0.046,0.046,0.046,0.017,0.032,0.017,0.0139
t_5046,0.021,0.021,0.021,0.006,0.014,0.006,0.0136
t_5047,0.005,0.005,0.005,0.007,0.006,0.007,0.0116
t_5048,0.008,0.008,0.008,0.036,0.022,0.036,0.0067
t_5049,0.008,0.008,0.008,0.077,0.043,0.077,0.0012
t_5050,0.008,0.008,0.008,0.116,0.062,0.116,0
t_5051,0.008,0.008,0.008,0.148,0.078,0.148,0.0001
t_5052,0.011,0.011,0.011,0.182,0.097,0.182,0.0054
t_5053,0.016,0.016,0.016,0.219,0.118,0.219,0.0329
t_5054,0.027,0.027,0.027,0.261,0.144,0.261,0.0394
t_5055,0.059,0.059,0.059,0.302,0.181,0.302,0.0397
t_5056,0.076,0.076,0.076,0.289,0.183,0.289,0.0313
t_5057,0.140,0.140,0.140,0.230,0.185,0.230,0.0204
t_5058,0.179,0.179,0.179,0.176,0.178,0.176,0.0124
t_5059,0.160,0.160,0.160,0.186,0.173,0.186,0.0038
t_5060,0.169,0.169,0.169,0.211,0.190,0.211,0.0004
t_5061,0.124,0.124,0.124,0.198,0.161,0.198,0.0014
t_5062,0.129,0.129,0.129,0.194,0.162,0.194,0.0241
t_5063,0.098,0.098,0.098,0.179,0.139,0.179,0.0463
t_5064,0.082,0.082,0.082,0.163,0.123,0.163,0.0607
t_5065,0.114,0.114,0.114,0.159,0.137,0.159,0.0622
t_5066,0.251,0.251,0.251,0.153,0.202,0.153,0.0503
t_5067,0.266,0.266,0.266,0.149,0.208,0.149,0.0384
t_5068,0.185,0.185,0.185,0.118,0.152,0.118,0.0278
t_5069,0.119,0.119,0.119,0.096,0.108,0.096,0.0174
t_5070,0.035,0.035,0.035,0.035,0.035,0.035,0.0112
t_5071,0.000,0.000,0.000,0.014,0.007,0.014,0.0098
t_5072,0.000,0.000,0.000,0.072,0.036,0.072,0.0103
t_5073,0.000,0.000,0.000,0.156,0.078,0.156,0.0158
t_5074,0.000,0.000,0.000,0.182,0.091,0.182,0.031
t_5075,0.000,0.000,0.000,0.176,0.088,0.176,0.0404
t_5076,0.000,0.000,0.000,0.169,0.085,0.169,0.0424
t_5077,0.000,0.000,0.000,0.151,0.076,0.151,0.0334
t_5078,0.000,0.000,0.000,0.118,0.059,0.118,0.0241
t_5079,0.000,0.000,0.000,0.094,0.047,0.094,0.0187
t_5080,0.000,0.000,0.000,0.079,0.040,0.079,0.0137
t_5081,0.000,0.000,0.000,0.055,0.028,0.055,0.0108
t_5082,0.000,0.000,0.000,0.033,0.017,0.033,0.0109
t_5083,0.000,0.000,0.000,0.035,0.018,0.035,0.0164
t_5084,0.000,0.000,0.000,0.051,0.026,0.051,0.0248
t_5085,0.000,0.000,0.000,0.057,0.029,0.057,0.0236
t_5086,0.000,0.000,0.000,0.072,0.036,0.072,0.0131
t_5087,0.000,0.000,0.000,0.083,0.042,0.083,0.0057
t_5088,0.000,0.000,0.000,0.058,0.029,0.058,0.0068
t_5089,0.002,0.002,0.002,0.037,0.020,0.037,0.0084
t_5090,0.027,0.027,0.027,0.015,0.021,0.015,0.0087
t_5091,0.052,0.052,0.052,0.007,0.030,0.007,0.0098
t_5092,0.054,0.054,0.054,0.004,0.029,0.004,0.0144
t_5093,0.043,0.043,0.043,0.002,0.023,0.002,0.0269
t_5094,0.016,0.016,0.016,0.000,0.008,0.000,0.0369
t_5095,0.001,0.001,0.001,0.000,0.001,0.000,0.0377
t_5096,0.000,0.000,0.000,0.000,0.000,0.000,0.027
t_5097,0.000,0.000,0.000,0.000,0.000,0.000,0.0248
t_5098,0.000,0.000,0.000,0.000,0.000,0.000,0.0193
t_5099,0.000,0.000,0.000,0.000,0.000,0.000,0.011
t_5100,0.000,0.000,0.000,0.000,0.000,0.000,0.0112
t_5101,0.000,0.000,0.000,0.000,0.000,0.000,0.0162
t_5102,0.000,0.000,0.000,0.000,0.000,0.000,0.0149
t_5103,0.000,0.000,0.000,0.000,0.000,0.000,0.0103
t_5104,0.001,0.001,0.001,0.000,0.001,0.000,0.0055
t_5105,0.001,0.001,0.001,0.001,0.001,0.001,0.0054
t_5106,0.008,0.008,0.008,0.002,0.005,0.002,0.0022
t_5107,0.011,0.011,0.011,0.008,0.010,0.008,0.0021
t_5108,0.029,0.029,0.029,0.022,0.026,0.022,0.0019
t_5109,0.048,0.048,0.048,0.039,0.044,0.039,0.007
t_5110,0.035,0.035,0.035,0.050,0.043,0.050,0.0177
t_5111,0.016,0.016,0.016,0.049,0.033,0.049,0.0179
t_5112,0.010,0.010,0.010,0.038,0.024,0.038,0.018
t_5113,0.006,0.006,0.006,0.027,0.017,0.027,0.0223
t_5114,0.002,0.002,0.002,0.018,0.010,0.018,0.0289
t_5115,0.000,0.000,0.000,0.011,0.006,0.011,0.0379
t_5116,0.000,0.000,0.000,0.007,0.004,0.007,0.0496
t_5117,0.004,0.004,0.004,0.004,0.004,0.004,0.0649
t_5118,0.003,0.003,0.003,0.001,0.002,0.001,0.0789
t_5119,0.001,0.001,0.001,0.002,0.002,0.002,0.0937
t_5120,0.002,0.002,0.002,0.007,0.005,0.007,0.0633
t_5121,0.008,0.008,0.008,0.002,0.005,0.002,0.041
t_5122,0.008,0.008,0.008,0.002,0.005,0.002,0.025
t_5123,0.013,0.013,0.013,0.001,0.007,0.001,0.0187
t_5124,0.016,0.016,0.016,0.001,0.009,0.001,0.0151
t_5125,0.033,0.033,0.033,0.001,0.017,0.001,0.0178
t_5126,0.062,0.062,0.062,0.001,0.032,0.001,0.0322
t_5127,0.097,0.097,0.097,0.002,0.050,0.002,0.0536
t_5128,0.111,0.111,0.111,0.002,0.057,0.002,0.0597
t_5129,0.062,0.062,0.062,0.004,0.033,0.004,0.0483
t_5130,0.071,0.071,0.071,0.005,0.038,0.005,0.0264
t_5131,0.064,0.064,0.064,0.011,0.038,0.011,0.0325
t_5132,0.074,0.074,0.074,0.021,0.048,0.021,0.0234
t_5133,0.084,0.084,0.084,0.025,0.055,0.025,0.0183
t_5134,0.111,0.111,0.111,0.024,0.068,0.024,0.0285
t_5135,0.101,0.101,0.101,0.013,0.057,0.013,0.0531
t_5136,0.086,0.086,0.086,0.005,0.046,0.005,0.0527
t_5137,0.062,0.062,0.062,0.002,0.032,0.002,0.0479
t_5138,0.049,0.049,0.049,0.001,0.025,0.001,0.032
t_5139,0.040,0.040,0.040,0.000,0.020,0.000,0.0211
t_5140,0.026,0.026,0.026,0.000,0.013,0.000,0.0218
t_5141,0.013,0.013,0.013,0.000,0.007,0.000,0.0223
t_5142,0.007,0.007,0.007,0.000,0.004,0.000,0.0161
t_5143,0.002,0.002,0.002,0.000,0.001,0.000,0.0021
t_5144,0.004,0.004,0.004,0.000,0.002,0.000,0.0003
t_5145,0.004,0.004,0.004,0.000,0.002,0.000,0.0023
t_5146,0.003,0.003,0.003,0.000,0.002,0.000,0.0148
t_5147,0.002,0.002,0.002,0.000,0.001,0.000,0.0246
t_5148,0.003,0.003,0.003,0.000,0.002,0.000,0.0341
t_5149,0.003,0.003,0.003,0.000,0.002,0.000,0.0425
t_5150,0.006,0.006,0.006,0.000,0.003,0.000,0.047
t_5151,0.011,0.011,0.011,0.000,0.006,0.000,0.051
t_5152,0.009,0.009,0.009,0.000,0.005,0.000,0.0537
t_5153,0.022,0.022,0.022,0.000,0.011,0.000,0.0467
t_5154,0.052,0.052,0.052,0.000,0.026,0.000,0.0285
t_5155,0.094,0.094,0.094,0.001,0.048,0.001,0.01
t_5156,0.153,0.153,0.153,0.002,0.078,0.002,0.0037
t_5157,0.187,0.187,0.187,0.001,0.094,0.001,0.0044
t_5158,0.152,0.152,0.152,0.002,0.077,0.002,0.0063
t_5159,0.103,0.103,0.103,0.003,0.053,0.003,0.0097
t_5160,0.086,0.086,0.086,0.002,0.044,0.002,0.0246
t_5161,0.046,0.046,0.046,0.001,0.024,0.001,0.0216
t_5162,0.023,0.023,0.023,0.000,0.012,0.000,0.0099
t_5163,0.011,0.011,0.011,0.000,0.006,0.000,0.0032
t_5164,0.005,0.005,0.005,0.000,0.003,0.000,0.0012
t_5165,0.003,0.003,0.003,0.000,0.002,0.000,0.0005
t_5166,0.002,0.002,0.002,0.000,0.001,0.000,0.0004
t_5167,0.000,0.000,0.000,0.000,0.000,0.000,0.0019
t_5168,0.002,0.002,0.002,0.000,0.001,0.000,0.0062
t_5169,0.002,0.002,0.002,0.000,0.001,0.000,0.0094
t_5170,0.002,0.002,0.002,0.000,0.001,0.000,0.0083
t_5171,0.002,0.002,0.002,0.000,0.001,0.000,0.016
t_5172,0.002,0.002,0.002,0.000,0.001,0.000,0.0326
t_5173,0.002,0.002,0.002,0.000,0.001,0.000,0.0472
t_5174,0.003,0.003,0.003,0.000,0.002,0.000,0.0513
t_5175,0.004,0.004,0.004,0.000,0.002,0.000,0.0532
t_5176,0.006,0.006,0.006,0.000,0.003,0.000,0.0533
t_5177,0.010,0.010,0.010,0.000,0.005,0.000,0.0551
t_5178,0.023,0.023,0.023,0.000,0.012,0.000,0.042
t_5179,0.062,0.062,0.062,0.000,0.031,0.000,0.0214
t_5180,0.110,0.110,0.110,0.000,0.055,0.000,0.0022
t_5181,0.140,0.140,0.140,0.002,0.071,0.002,0.0001
t_5182,0.109,0.109,0.109,0.006,0.058,0.006,0
t_5183,0.092,0.092,0.092,0.013,0.053,0.013,0.0002
t_5184,0.046,0.046,0.046,0.009,0.028,0.009,0.0006
t_5185,0.017,0.017,0.017,0.001,0.009,0.001,0.0009
t_5186,0.006,0.006,0.006,0.001,0.004,0.001,0.001
t_5187,0.003,0.003,0.003,0.002,0.003,0.002,0.0004
t_5188,0.002,0.002,0.002,0.001,0.002,0.001,0
t_5189,0.001,0.001,0.001,0.001,0.001,0.001,0
t_5190,0.000,0.000,0.000,0.001,0.001,0.001,0
t_5191,0.000,0.000,0.000,0.000,0.000,0.000,0
t_5192,0.000,0.000,0.000,0.000,0.000,0.000,0.0014
t_5193,0.000,0.000,0.000,0.001,0.001,0.001,0.0004
t_5194,0.000,0.000,0.000,0.001,0.001,0.001,0.0001
t_5195,0.000,0.000,0.000,0.001,0.001,0.001,0.0169
t_5196,0.000,0.000,0.000,0.000,0.000,0.000,0.0227
t_5197,0.000,0.000,0.000,0.000,0.000,0.000,0.0269
t_5198,0.000,0.000,0.000,0.000,0.000,0.000,0.0278
t_5199,0.000,0.000,0.000,0.000,0.000,0.000,0.0271
t_5200,0.004,0.004,0.004,0.000,0.002,0.000,0.0276
t_5201,0.006,0.006,0.006,0.000,0.003,0.000,0.0319
t_5202,0.006,0.006,0.006,0.000,0.003,0.000,0.0322
t_5203,0.001,0.001,0.001,0.002,0.002,0.002,0.0206
t_5204,0.002,0.002,0.002,0.007,0.005,0.007,0.0075
t_5205,0.003,0.003,0.003,0.019,0.011,0.019,0.0042
t_5206,0.006,0.006,0.006,0.043,0.025,0.043,0.002
t_5207,0.005,0.005,0.005,0.067,0.036,0.067,0.001
t_5208,0.009,0.009,0.009,0.077,0.043,0.077,0.0005
t_5209,0.012,0.012,0.012,0.073,0.043,0.073,0.0002
t_5210,0.034,0.034,0.034,0.060,0.047,0.060,0
t_5211,0.064,0.064,0.064,0.043,0.054,0.043,0
t_5212,0.077,0.077,0.077,0.030,0.054,0.030,0
t_5213,0.083,0.083,0.083,0.016,0.050,0.016,0.0001
t_5214,0.071,0.071,0.071,0.001,0.036,0.001,0.0001
t_5215,0.039,0.039,0.039,0.000,0.020,0.000,0
t_5216,0.031,0.031,0.031,0.001,0.016,0.001,0
t_5217,0.017,0.017,0.017,0.001,0.009,0.001,0.0024
t_5218,0.009,0.009,0.009,0.000,0.005,0.000,0.0058
t_5219,0.004,0.004,0.004,0.000,0.002,0.000,0.0058
t_5220,0.007,0.007,0.007,0.000,0.004,0.000,0.0015
t_5221,0.006,0.006,0.006,0.000,0.003,0.000,0.0003
t_5222,0.005,0.005,0.005,0.000,0.003,0.000,0
t_5223,0.003,0.003,0.003,0.000,0.002,0.000,0.0001
t_5224,0.000,0.000,0.000,0.000,0.000,0.000,0.0009
t_5225,0.000,0.000,0.000,0.000,0.000,0.000,0.0018
t_5226,0.000,0.000,0.000,0.000,0.000,0.000,0.0014
t_5227,0.000,0.000,0.000,0.000,0.000,0.000,0.0005
t_5228,0.000,0.000,0.000,0.000,0.000,0.000,0.0004
t_5229,0.000,0.000,0.000,0.000,0.000,0.000,0.0005
t_5230,0.000,0.000,0.000,0.000,0.000,0.000,0.0002
t_5231,0.000,0.000,0.000,0.000,0.000,0.000,0.0017
t_5232,0.000,0.000,0.000,0.001,0.001,0.001,0.0018
t_5233,0.001,0.001,0.001,0.008,0.005,0.008,0.0001
t_5234,0.001,0.001,0.001,0.029,0.015,0.029,0
t_5235,0.000,0.000,0.000,0.040,0.020,0.040,0
t_5236,0.000,0.000,0.000,0.031,0.016,0.031,0
t_5237,0.000,0.000,0.000,0.018,0.009,0.018,0.0014
t_5238,0.000,0.000,0.000,0.005,0.003,0.005,0.0012
t_5239,0.000,0.000,0.000,0.000,0.000,0.000,0.0001
t_5240,0.000,0.000,0.000,0.000,0.000,0.000,0.007
t_5241,0.000,0.000,0.000,0.000,0.000,0.000,0.0324
t_5242,0.000,0.000,0.000,0.000,0.000,0.000,0.0281
t_5243,0.000,0.000,0.000,0.000,0.000,0.000,0.0027
t_5244,0.002,0.002,0.002,0.000,0.001,0.000,0.0047
t_5245,0.019,0.019,0.019,0.001,0.010,0.001,0.0365
t_5246,0.062,0.062,0.062,0.009,0.036,0.009,0.0403
t_5247,0.085,0.085,0.085,0.028,0.057,0.028,0.0281
t_5248,0.061,0.061,0.061,0.044,0.053,0.044,0.0244
t_5249,0.008,0.008,0.008,0.051,0.030,0.051,0.0267
t_5250,0.001,0.001,0.001,0.051,0.026,0.051,0.0306
t_5251,0.000,0.000,0.000,0.047,0.024,0.047,0.0338
t_5252,0.000,0.000,0.000,0.029,0.015,0.029,0.0354
t_5253,0.000,0.000,0.000,0.016,0.008,0.016,0.0676
t_5254,0.000,0.000,0.000,0.007,0.004,0.007,0.1196
t_5255,0.000,0.000,0.000,0.003,0.002,0.003,0.1027
t_5256,0.000,0.000,0.000,0.002,0.001,0.002,0.0696
t_5257,0.000,0.000,0.000,0.001,0.001,0.001,0.0324
t_5258,0.000,0.000,0.000,0.001,0.001,0.001,0.0135
t_5259,0.000,0.000,0.000,0.000,0.000,0.000,0.0305
t_5260,0.000,0.000,0.000,0.000,0.000,0.000,0.0942
t_5261,0.000,0.000,0.000,0.000,0.000,0.000,0.1247
t_5262,0.000,0.000,0.000,0.000,0.000,0.000,0.1365
t_5263,0.000,0.000,0.000,0.000,0.000,0.000,0.2098
t_5264,0.000,0.000,0.000,0.000,0.000,0.000,0.207
t_5265,0.000,0.000,0.000,0.000,0.000,0.000,0.1174
t_5266,0.000,0.000,0.000,0.000,0.000,0.000,0.038
t_5267,0.000,0.000,0.000,0.000,0.000,0.000,0.0144
t_5268,0.000,0.000,0.000,0.001,0.001,0.001,0.0183
t_5269,0.017,0.017,0.017,0.001,0.009,0.001,0.0259
t_5270,0.054,0.054,0.054,0.005,0.030,0.005,0.0266
t_5271,0.097,0.097,0.097,0.013,0.055,0.013,0.0236
t_5272,0.102,0.102,0.102,0.035,0.069,0.035,0.0146
t_5273,0.118,0.118,0.118,0.052,0.085,0.052,0.006
t_5274,0.126,0.126,0.126,0.057,0.092,0.057,0.0007
t_5275,0.101,0.101,0.101,0.087,0.094,0.087,0.0005
t_5276,0.030,0.030,0.030,0.122,0.076,0.122,0.0282
t_5277,0.012,0.012,0.012,0.144,0.078,0.144,0.0215
t_5278,0.013,0.013,0.013,0.178,0.096,0.178,0.0117
t_5279,0.015,0.015,0.015,0.187,0.101,0.187,0.0143
t_5280,0.016,0.016,0.016,0.179,0.098,0.179,0.0213
t_5281,0.015,0.015,0.015,0.155,0.085,0.155,0.0366
t_5282,0.013,0.013,0.013,0.134,0.074,0.134,0.0462
t_5283,0.011,0.011,0.011,0.119,0.065,0.119,0.0436
t_5284,0.009,0.009,0.009,0.119,0.064,0.119,0.0381
t_5285,0.006,0.006,0.006,0.120,0.063,0.120,0.0308
t_5286,0.001,0.001,0.001,0.120,0.061,0.120,0.0207
t_5287,0.002,0.002,0.002,0.138,0.070,0.138,0.0145
t_5288,0.005,0.005,0.005,0.202,0.104,0.202,0.0128
t_5289,0.011,0.011,0.011,0.285,0.148,0.285,0.0115
t_5290,0.019,0.019,0.019,0.331,0.175,0.331,0.0106
t_5291,0.025,0.025,0.025,0.340,0.183,0.340,0.0078
t_5292,0.027,0.027,0.027,0.317,0.172,0.317,0.004
t_5293,0.027,0.027,0.027,0.296,0.162,0.296,0.0027
t_5294,0.031,0.031,0.031,0.263,0.147,0.263,0.0025
t_5295,0.047,0.047,0.047,0.221,0.134,0.221,0.0054
t_5296,0.090,0.090,0.090,0.181,0.136,0.181,0.0213
t_5297,0.148,0.148,0.148,0.153,0.151,0.153,0.0272
t_5298,0.181,0.181,0.181,0.105,0.143,0.105,0.0196
t_5299,0.136,0.136,0.136,0.088,0.112,0.088,0.0086
t_5300,0.131,0.131,0.131,0.088,0.110,0.088,0.0026
t_5301,0.138,0.138,0.138,0.072,0.105,0.072,0.0032
t_5302,0.084,0.084,0.084,0.032,0.058,0.032,0.0029
t_5303,0.052,0.052,0.052,0.011,0.032,0.011,0.0012
t_5304,0.039,0.039,0.039,0.005,0.022,0.005,0
t_5305,0.034,0.034,0.034,0.003,0.019,0.003,0
t_5306,0.030,0.030,0.030,0.002,0.016,0.002,0.0003
t_5307,0.022,0.022,0.022,0.001,0.012,0.001,0.0022
t_5308,0.026,0.026,0.026,0.001,0.014,0.001,0.0023
t_5309,0.039,0.039,0.039,0.002,0.021,0.002,0.0018
t_5310,0.035,0.035,0.035,0.002,0.019,0.002,0.0016
t_5311,0.004,0.004,0.004,0.007,0.006,0.007,0.0064
t_5312,0.000,0.000,0.000,0.045,0.023,0.045,0.0104
t_5313,0.000,0.000,0.000,0.088,0.044,0.088,0.0056
t_5314,0.000,0.000,0.000,0.091,0.046,0.091,0.0002
t_5315,0.000,0.000,0.000,0.076,0.038,0.076,0.0001
t_5316,0.001,0.001,0.001,0.060,0.031,0.060,0
t_5317,0.002,0.002,0.002,0.046,0.024,0.046,0.0001
t_5318,0.003,0.003,0.003,0.043,0.023,0.043,0.0007
t_5319,0.005,0.005,0.005,0.051,0.028,0.051,0.0021
t_5320,0.007,0.007,0.007,0.061,0.034,0.061,0.0112
t_5321,0.009,0.009,0.009,0.060,0.035,0.060,0.0199
t_5322,0.013,0.013,0.013,0.046,0.030,0.046,0.0434
t_5323,0.020,0.020,0.020,0.062,0.041,0.062,0.0413
t_5324,0.030,0.030,0.030,0.087,0.059,0.087,0.0252
t_5325,0.024,0.024,0.024,0.094,0.059,0.094,0.0144
t_5326,0.035,0.035,0.035,0.114,0.075,0.114,0.0184
t_5327,0.160,0.160,0.160,0.133,0.147,0.133,0.0252
t_5328,0.252,0.252,0.252,0.148,0.200,0.148,0.0248
t_5329,0.303,0.303,0.303,0.143,0.223,0.143,0.0164
t_5330,0.307,0.307,0.307,0.128,0.218,0.128,0.0081
t_5331,0.263,0.263,0.263,0.105,0.184,0.105,0.0027
t_5332,0.229,0.229,0.229,0.072,0.151,0.072,0.0009
t_5333,0.231,0.231,0.231,0.053,0.142,0.053,0.0005
t_5334,0.195,0.195,0.195,0.023,0.109,0.023,0.0005
t_5335,0.079,0.079,0.079,0.003,0.041,0.003,0.0016
t_5336,0.049,0.049,0.049,0.022,0.036,0.022,0.0039
t_5337,0.036,0.036,0.036,0.073,0.055,0.073,0.0078
t_5338,0.020,0.020,0.020,0.074,0.047,0.074,0.0083
t_5339,0.016,0.016,0.016,0.062,0.039,0.062,0.0103
t_5340,0.010,0.010,0.010,0.045,0.028,0.045,0.0245
t_5341,0.006,0.006,0.006,0.030,0.018,0.030,0.037
t_5342,0.003,0.003,0.003,0.016,0.010,0.016,0.0441
t_5343,0.001,0.001,0.001,0.007,0.004,0.007,0.0425
t_5344,0.007,0.007,0.007,0.006,0.007,0.006,0.0486
t_5345,0.009,0.009,0.009,0.007,0.008,0.007,0.0438
t_5346,0.009,0.009,0.009,0.007,0.008,0.007,0.0063
t_5347,0.008,0.008,0.008,0.012,0.010,0.012,0
t_5348,0.009,0.009,0.009,0.013,0.011,0.013,0
t_5349,0.010,0.010,0.010,0.012,0.011,0.012,0
t_5350,0.006,0.006,0.006,0.015,0.011,0.015,0
t_5351,0.001,0.001,0.001,0.017,0.009,0.017,0
t_5352,0.001,0.001,0.001,0.014,0.008,0.014,0
t_5353,0.002,0.002,0.002,0.011,0.007,0.011,0
t_5354,0.020,0.020,0.020,0.008,0.014,0.008,0.0001
t_5355,0.027,0.027,0.027,0.006,0.017,0.006,0.0003
t_5356,0.017,0.017,0.017,0.005,0.011,0.005,0.0004
t_5357,0.006,0.006,0.006,0.004,0.005,0.004,0.0003
t_5358,0.001,0.001,0.001,0.001,0.001,0.001,0.0006
t_5359,0.000,0.000,0.000,0.000,0.000,0.000,0.0021
t_5360,0.000,0.000,0.000,0.000,0.000,0.000,0.0057
t_5361,0.000,0.000,0.000,0.001,0.001,0.001,0.0101
t_5362,0.000,0.000,0.000,0.003,0.002,0.003,0.0069
t_5363,0.000,0.000,0.000,0.003,0.002,0.003,0.0106
t_5364,0.000,0.000,0.000,0.004,0.002,0.004,0.0291
t_5365,0.000,0.000,0.000,0.003,0.002,0.003,0.0346
t_5366,0.002,0.002,0.002,0.003,0.003,0.003,0.0165
t_5367,0.002,0.002,0.002,0.003,0.003,0.003,0.0041
t_5368,0.001,0.001,0.001,0.003,0.002,0.003,0.001
t_5369,0.000,0.000,0.000,0.003,0.002,0.003,0.0006
t_5370,0.000,0.000,0.000,0.003,0.002,0.003,0.0003
t_5371,0.000,0.000,0.000,0.003,0.002,0.003,0
t_5372,0.000,0.000,0.000,0.003,0.002,0.003,0
t_5373,0.000,0.000,0.000,0.001,0.001,0.001,0
t_5374,0.000,0.000,0.000,0.001,0.001,0.001,0
t_5375,0.000,0.000,0.000,0.000,0.000,0.000,0
t_5376,0.000,0.000,0.000,0.002,0.001,0.002,0.0002
t_5377,0.001,0.001,0.001,0.007,0.004,0.007,0.0006
t_5378,0.003,0.003,0.003,0.015,0.009,0.015,0.0008
t_5379,0.006,0.006,0.006,0.023,0.015,0.023,0.0007
t_5380,0.008,0.008,0.008,0.028,0.018,0.028,0.0009
t_5381,0.010,0.010,0.010,0.026,0.018,0.026,0.0018
t_5382,0.004,0.004,0.004,0.010,0.007,0.010,0.0025
t_5383,0.002,0.002,0.002,0.002,0.002,0.002,0.0042
t_5384,0.001,0.001,0.001,0.002,0.002,0.002,0.007
t_5385,0.005,0.005,0.005,0.001,0.003,0.001,0.0118
t_5386,0.006,0.006,0.006,0.000,0.003,0.000,0.0108
t_5387,0.007,0.007,0.007,0.001,0.004,0.001,0.0107
t_5388,0.006,0.006,0.006,0.002,0.004,0.002,0.0072
t_5389,0.003,0.003,0.003,0.003,0.003,0.003,0.0054
t_5390,0.001,0.001,0.001,0.004,0.003,0.004,0.0044
t_5391,0.000,0.000,0.000,0.005,0.003,0.005,0.0033
t_5392,0.000,0.000,0.000,0.006,0.003,0.006,0.0037
t_5393,0.000,0.000,0.000,0.005,0.003,0.005,0.0063
t_5394,0.000,0.000,0.000,0.004,0.002,0.004,0.0035
t_5395,0.000,0.000,0.000,0.006,0.003,0.006,0.0037
t_5396,0.000,0.000,0.000,0.009,0.005,0.009,0.009
t_5397,0.000,0.000,0.000,0.013,0.007,0.013,0.054
t_5398,0.000,0.000,0.000,0.022,0.011,0.022,0.0742
t_5399,0.000,0.000,0.000,0.031,0.016,0.031,0.0841
t_5400,0.000,0.000,0.000,0.034,0.017,0.034,0.0827
t_5401,0.001,0.001,0.001,0.033,0.017,0.033,0.0773
t_5402,0.001,0.001,0.001,0.031,0.016,0.031,0.0709
t_5403,0.001,0.001,0.001,0.027,0.014,0.027,0.0595
t_5404,0.001,0.001,0.001,0.021,0.011,0.021,0.0573
t_5405,0.000,0.000,0.000,0.013,0.007,0.013,0.0587
t_5406,0.000,0.000,0.000,0.006,0.003,0.006,0.0579
t_5407,0.000,0.000,0.000,0.007,0.004,0.007,0.0914
t_5408,0.000,0.000,0.000,0.006,0.003,0.006,0.0673
t_5409,0.001,0.001,0.001,0.004,0.003,0.004,0.0372
t_5410,0.001,0.001,0.001,0.003,0.002,0.003,0.0176
t_5411,0.001,0.001,0.001,0.002,0.002,0.002,0.008
t_5412,0.001,0.001,0.001,0.002,0.002,0.002,0.0026
t_5413,0.005,0.005,0.005,0.003,0.004,0.003,0.004
t_5414,0.017,0.017,0.017,0.004,0.011,0.004,0.0211
t_5415,0.040,0.040,0.040,0.008,0.024,0.008,0.029
t_5416,0.110,0.110,0.110,0.021,0.066,0.021,0.0327
t_5417,0.108,0.108,0.108,0.029,0.069,0.029,0.0454
t_5418,0.172,0.172,0.172,0.020,0.096,0.020,0.0728
t_5419,0.181,0.181,0.181,0.021,0.101,0.021,0.0756
t_5420,0.166,0.166,0.166,0.022,0.094,0.022,0.1049
t_5421,0.079,0.079,0.079,0.021,0.050,0.021,0.1291
t_5422,0.056,0.056,0.056,0.009,0.033,0.009,0.1444
t_5423,0.040,0.040,0.040,0.002,0.021,0.002,0.1246
t_5424,0.030,0.030,0.030,0.001,0.016,0.001,0.1213
t_5425,0.023,0.023,0.023,0.000,0.012,0.000,0.1155
t_5426,0.020,0.020,0.020,0.000,0.010,0.000,0.1099
t_5427,0.019,0.019,0.019,0.000,0.010,0.000,0.1251
t_5428,0.022,0.022,0.022,0.000,0.011,0.000,0.1415
t_5429,0.025,0.025,0.025,0.000,0.013,0.000,0.1563
t_5430,0.026,0.026,0.026,0.000,0.013,0.000,0.1605
t_5431,0.050,0.050,0.050,0.000,0.025,0.000,0.1732
t_5432,0.115,0.115,0.115,0.000,0.058,0.000,0.1509
t_5433,0.189,0.189,0.189,0.001,0.095,0.001,0.0778
t_5434,0.219,0.219,0.219,0.002,0.111,0.002,0.0342
t_5435,0.216,0.216,0.216,0.002,0.109,0.002,0.019
t_5436,0.216,0.216,0.216,0.003,0.110,0.003,0.0163
t_5437,0.234,0.234,0.234,0.006,0.120,0.006,0.0156
t_5438,0.272,0.272,0.272,0.015,0.144,0.015,0.0185
t_5439,0.319,0.319,0.319,0.024,0.172,0.024,0.04
t_5440,0.370,0.370,0.370,0.020,0.195,0.020,0.0548
t_5441,0.404,0.404,0.404,0.012,0.208,0.012,0.0595
t_5442,0.376,0.376,0.376,0.006,0.191,0.006,0.0448
t_5443,0.257,0.257,0.257,0.006,0.132,0.006,0.0294
t_5444,0.236,0.236,0.236,0.005,0.121,0.005,0.0315
t_5445,0.198,0.198,0.198,0.002,0.100,0.002,0.0564
t_5446,0.185,0.185,0.185,0.000,0.093,0.000,0.0983
t_5447,0.161,0.161,0.161,0.000,0.081,0.000,0.1385
t_5448,0.123,0.123,0.123,0.001,0.062,0.001,0.1435
t_5449,0.096,0.096,0.096,0.001,0.049,0.001,0.1252
t_5450,0.076,0.076,0.076,0.002,0.039,0.002,0.093
t_5451,0.067,0.067,0.067,0.006,0.037,0.006,0.0645
t_5452,0.071,0.071,0.071,0.012,0.042,0.012,0.052
t_5453,0.065,0.065,0.065,0.021,0.043,0.021,0.0539
t_5454,0.054,0.054,0.054,0.016,0.035,0.016,0.0602
t_5455,0.033,0.033,0.033,0.008,0.021,0.008,0.0616
t_5456,0.101,0.101,0.101,0.024,0.063,0.024,0.0576
t_5457,0.175,0.175,0.175,0.037,0.106,0.037,0.062
t_5458,0.199,0.199,0.199,0.042,0.121,0.042,0.0691
t_5459,0.203,0.203,0.203,0.050,0.127,0.050,0.067
t_5460,0.209,0.209,0.209,0.053,0.131,0.053,0.0776
t_5461,0.313,0.313,0.313,0.056,0.185,0.056,0.0976
t_5462,0.301,0.301,0.301,0.051,0.176,0.051,0.1345
t_5463,0.308,0.308,0.308,0.040,0.174,0.040,0.1755
t_5464,0.311,0.311,0.311,0.032,0.172,0.032,0.1888
t_5465,0.324,0.324,0.324,0.023,0.174,0.023,0.2249
t_5466,0.192,0.192,0.192,0.009,0.101,0.009,0.2398
t_5467,0.116,0.116,0.116,0.008,0.062,0.008,0.2559
t_5468,0.093,0.093,0.093,0.008,0.051,0.008,0.2429
t_5469,0.072,0.072,0.072,0.007,0.040,0.007,0.2689
t_5470,0.072,0.072,0.072,0.006,0.039,0.006,0.2269
t_5471,0.059,0.059,0.059,0.007,0.033,0.007,0.1669
t_5472,0.054,0.054,0.054,0.007,0.031,0.007,0.119
t_5473,0.055,0.055,0.055,0.007,0.031,0.007,0.0854
t_5474,0.061,0.061,0.061,0.007,0.034,0.007,0.0554
t_5475,0.074,0.074,0.074,0.007,0.041,0.007,0.0266
t_5476,0.100,0.100,0.100,0.005,0.053,0.005,0.0198
t_5477,0.126,0.126,0.126,0.003,0.065,0.003,0.0105
t_5478,0.114,0.114,0.114,0.001,0.058,0.001,0.0071
t_5479,0.152,0.152,0.152,0.006,0.079,0.006,0.0085
t_5480,0.327,0.327,0.327,0.075,0.201,0.075,0.0105
t_5481,0.427,0.427,0.427,0.153,0.290,0.153,0.0083
t_5482,0.479,0.479,0.479,0.218,0.349,0.218,0.0158
t_5483,0.509,0.509,0.509,0.259,0.384,0.259,0.0342
t_5484,0.510,0.510,0.510,0.267,0.389,0.267,0.0607
t_5485,0.474,0.474,0.474,0.265,0.370,0.265,0.0798
t_5486,0.420,0.420,0.420,0.255,0.338,0.255,0.0875
t_5487,0.371,0.371,0.371,0.242,0.307,0.242,0.0688
t_5488,0.344,0.344,0.344,0.238,0.291,0.238,0.0396
t_5489,0.343,0.343,0.343,0.213,0.278,0.213,0.0117
t_5490,0.287,0.287,0.287,0.141,0.214,0.141,0.0067
t_5491,0.257,0.257,0.257,0.127,0.192,0.127,0.008
t_5492,0.299,0.299,0.299,0.117,0.208,0.117,0.0156
t_5493,0.293,0.293,0.293,0.111,0.202,0.111,0.022
t_5494,0.224,0.224,0.224,0.102,0.163,0.102,0.0263
t_5495,0.190,0.190,0.190,0.084,0.137,0.084,0.0268
t_5496,0.142,0.142,0.142,0.065,0.104,0.065,0.028
t_5497,0.132,0.132,0.132,0.063,0.098,0.063,0.034
t_5498,0.197,0.197,0.197,0.061,0.129,0.061,0.0344
t_5499,0.201,0.201,0.201,0.061,0.131,0.061,0.0273
t_5500,0.215,0.215,0.215,0.049,0.132,0.049,0.0218
t_5501,0.221,0.221,0.221,0.040,0.131,0.040,0.0211
t_5502,0.154,0.154,0.154,0.012,0.083,0.012,0.0276
t_5503,0.019,0.019,0.019,0.002,0.011,0.002,0.0172
t_5504,0.000,0.000,0.000,0.018,0.009,0.018,0.0017
t_5505,0.000,0.000,0.000,0.055,0.028,0.055,0.0035
t_5506,0.000,0.000,0.000,0.076,0.038,0.076,0.0017
t_5507,0.000,0.000,0.000,0.111,0.056,0.111,0.0019
t_5508,0.000,0.000,0.000,0.156,0.078,0.156,0.0007
t_5509,0.002,0.002,0.002,0.219,0.111,0.219,0.0003
t_5510,0.006,0.006,0.006,0.297,0.152,0.297,0.0031
t_5511,0.021,0.021,0.021,0.376,0.199,0.376,0.0126
t_5512,0.020,0.020,0.020,0.385,0.203,0.385,0.0161
t_5513,0.033,0.033,0.033,0.307,0.170,0.307,0.0209
t_5514,0.036,0.036,0.036,0.243,0.140,0.243,0.0126
t_5515,0.042,0.042,0.042,0.257,0.150,0.257,0.0091
t_5516,0.053,0.053,0.053,0.245,0.149,0.245,0.0081
t_5517,0.056,0.056,0.056,0.210,0.133,0.210,0.0103
t_5518,0.037,0.037,0.037,0.206,0.122,0.206,0.0067
t_5519,0.022,0.022,0.022,0.207,0.115,0.207,0.0045
t_5520,0.023,0.023,0.023,0.182,0.103,0.182,0.0027
t_5521,0.033,0.033,0.033,0.163,0.098,0.163,0.0016
t_5522,0.028,0.028,0.028,0.146,0.087,0.146,0.0014
t_5523,0.016,0.016,0.016,0.127,0.072,0.127,0.002
t_5524,0.014,0.014,0.014,0.106,0.060,0.106,0.0051
t_5525,0.005,0.005,0.005,0.082,0.044,0.082,0.0129
t_5526,0.002,0.002,0.002,0.030,0.016,0.030,0.0206
t_5527,0.000,0.000,0.000,0.006,0.003,0.006,0.0281
t_5528,0.000,0.000,0.000,0.033,0.017,0.033,0.0252
t_5529,0.000,0.000,0.000,0.113,0.057,0.113,0.0199
t_5530,0.000,0.000,0.000,0.166,0.083,0.166,0.0167
t_5531,0.000,0.000,0.000,0.205,0.103,0.205,0.013
t_5532,0.001,0.001,0.001,0.241,0.121,0.241,0.0461
t_5533,0.012,0.012,0.012,0.264,0.138,0.264,0.0841
t_5534,0.027,0.027,0.027,0.273,0.150,0.273,0.0831
t_5535,0.045,0.045,0.045,0.271,0.158,0.271,0.0657
t_5536,0.016,0.016,0.016,0.252,0.134,0.252,0.058
t_5537,0.014,0.014,0.014,0.202,0.108,0.202,0.0555
t_5538,0.008,0.008,0.008,0.140,0.074,0.140,0.0473
t_5539,0.001,0.001,0.001,0.131,0.066,0.131,0.0401
t_5540,0.001,0.001,0.001,0.099,0.050,0.099,0.0302
t_5541,0.002,0.002,0.002,0.057,0.030,0.057,0.0188
t_5542,0.002,0.002,0.002,0.027,0.015,0.027,0.0149
t_5543,0.001,0.001,0.001,0.014,0.008,0.014,0.0122
t_5544,0.001,0.001,0.001,0.009,0.005,0.009,0.0097
t_5545,0.001,0.001,0.001,0.006,0.004,0.006,0.0111
t_5546,0.000,0.000,0.000,0.004,0.002,0.004,0.0148
t_5547,0.000,0.000,0.000,0.001,0.001,0.001,0.0256
t_5548,0.000,0.000,0.000,0.001,0.001,0.001,0.0568
t_5549,0.000,0.000,0.000,0.001,0.001,0.001,0.0881
t_5550,0.000,0.000,0.000,0.000,0.000,0.000,0.0849
t_5551,0.000,0.000,0.000,0.000,0.000,0.000,0.0916
t_5552,0.000,0.000,0.000,0.001,0.001,0.001,0.1132
t_5553,0.002,0.002,0.002,0.002,0.002,0.002,0.1278
t_5554,0.001,0.001,0.001,0.002,0.002,0.002,0.1189
t_5555,0.001,0.001,0.001,0.003,0.002,0.003,0.0923
t_5556,0.000,0.000,0.000,0.003,0.002,0.003,0.0407
t_5557,0.000,0.000,0.000,0.002,0.001,0.002,0.0267
t_5558,0.001,0.001,0.001,0.000,0.001,0.000,0.0244
t_5559,0.001,0.001,0.001,0.000,0.001,0.000,0.0216
t_5560,0.003,0.003,0.003,0.000,0.002,0.000,0.0228
t_5561,0.006,0.006,0.006,0.000,0.003,0.000,0.0171
t_5562,0.005,0.005,0.005,0.000,0.003,0.000,0.0118
t_5563,0.006,0.006,0.006,0.000,0.003,0.000,0.0097
t_5564,0.006,0.006,0.006,0.000,0.003,0.000,0.0082
t_5565,0.006,0.006,0.006,0.000,0.003,0.000,0.0115
t_5566,0.006,0.006,0.006,0.000,0.003,0.000,0.0209
t_5567,0.006,0.006,0.006,0.000,0.003,0.000,0.0304
t_5568,0.007,0.007,0.007,0.000,0.004,0.000,0.0422
t_5569,0.007,0.007,0.007,0.000,0.004,0.000,0.0507
t_5570,0.008,0.008,0.008,0.000,0.004,0.000,0.0482
t_5571,0.009,0.009,0.009,0.000,0.005,0.000,0.0529
t_5572,0.011,0.011,0.011,0.000,0.006,0.000,0.0609
t_5573,0.016,0.016,0.016,0.000,0.008,0.000,0.0649
t_5574,0.020,0.020,0.020,0.000,0.010,0.000,0.0533
t_5575,0.016,0.016,0.016,0.000,0.008,0.000,0.0273
t_5576,0.085,0.085,0.085,0.000,0.043,0.000,0.0173
t_5577,0.155,0.155,0.155,0.000,0.078,0.000,0.017
t_5578,0.188,0.188,0.188,0.001,0.095,0.001,0.0149
t_5579,0.221,0.221,0.221,0.003,0.112,0.003,0.0172
t_5580,0.288,0.288,0.288,0.006,0.147,0.006,0.0186
t_5581,0.367,0.367,0.367,0.012,0.190,0.012,0.042
t_5582,0.445,0.445,0.445,0.020,0.233,0.020,0.0436
t_5583,0.517,0.517,0.517,0.027,0.272,0.027,0.0411
t_5584,0.587,0.587,0.587,0.024,0.306,0.024,0.0241
t_5585,0.608,0.608,0.608,0.011,0.310,0.011,0.0118
t_5586,0.470,0.470,0.470,0.005,0.238,0.005,0.0032
t_5587,0.363,0.363,0.363,0.004,0.184,0.004,0.0002
t_5588,0.333,0.333,0.333,0.004,0.169,0.004,0.0001
t_5589,0.272,0.272,0.272,0.003,0.138,0.003,0
t_5590,0.208,0.208,0.208,0.003,0.106,0.003,0
t_5591,0.149,0.149,0.149,0.002,0.076,0.002,0
t_5592,0.089,0.089,0.089,0.001,0.045,0.001,0.0024
t_5593,0.064,0.064,0.064,0.001,0.033,0.001,0.0064
t_5594,0.054,0.054,0.054,0.003,0.029,0.003,0.0085
t_5595,0.061,0.061,0.061,0.005,0.033,0.005,0.0107
t_5596,0.037,0.037,0.037,0.008,0.023,0.008,0.0083
t_5597,0.023,0.023,0.023,0.009,0.016,0.009,0.0071
t_5598,0.015,0.015,0.015,0.006,0.011,0.006,0.0092
t_5599,0.003,0.003,0.003,0.002,0.003,0.002,0.0044
t_5600,0.003,0.003,0.003,0.011,0.007,0.011,0.0035
t_5601,0.000,0.000,0.000,0.030,0.015,0.030,0.0079
t_5602,0.000,0.000,0.000,0.042,0.021,0.042,0.0035
t_5603,0.000,0.000,0.000,0.056,0.028,0.056,0.0059
t_5604,0.000,0.000,0.000,0.091,0.046,0.091,0.0261
t_5605,0.000,0.000,0.000,0.135,0.068,0.135,0.0591
t_5606,0.000,0.000,0.000,0.177,0.089,0.177,0.0581
t_5607,0.000,0.000,0.000,0.209,0.105,0.209,0.0462
t_5608,0.000,0.000,0.000,0.208,0.104,0.208,0.0352
t_5609,0.000,0.000,0.000,0.149,0.075,0.149,0.0287
t_5610,0.000,0.000,0.000,0.113,0.057,0.113,0.0183
t_5611,0.000,0.000,0.000,0.119,0.060,0.119,0.0096
t_5612,0.000,0.000,0.000,0.113,0.057,0.113,0.0062
t_5613,0.000,0.000,0.000,0.091,0.046,0.091,0.006
t_5614,0.000,0.000,0.000,0.082,0.041,0.082,0.0044
t_5615,0.001,0.001,0.001,0.045,0.023,0.045,0.0045
t_5616,0.003,0.003,0.003,0.037,0.020,0.037,0.0042
t_5617,0.017,0.017,0.017,0.028,0.023,0.028,0.0029
t_5618,0.060,0.060,0.060,0.049,0.055,0.049,0.0026
t_5619,0.115,0.115,0.115,0.071,0.093,0.071,0.0032
t_5620,0.162,0.162,0.162,0.098,0.130,0.098,0.0037
t_5621,0.186,0.186,0.186,0.121,0.154,0.121,0.0058
t_5622,0.177,0.177,0.177,0.123,0.150,0.123,0.0094
t_5623,0.095,0.095,0.095,0.118,0.107,0.118,0.0065
t_5624,0.061,0.061,0.061,0.131,0.096,0.131,0.0061
t_5625,0.034,0.034,0.034,0.141,0.088,0.141,0.0138
t_5626,0.022,0.022,0.022,0.107,0.065,0.107,0.022
t_5627,0.021,0.021,0.021,0.075,0.048,0.075,0.0276
t_5628,0.023,0.023,0.023,0.049,0.036,0.049,0.0562
t_5629,0.027,0.027,0.027,0.030,0.029,0.030,0.0807
t_5630,0.042,0.042,0.042,0.019,0.031,0.019,0.0861
t_5631,0.059,0.059,0.059,0.011,0.035,0.011,0.0778
t_5632,0.064,0.064,0.064,0.007,0.036,0.007,0.0674
t_5633,0.056,0.056,0.056,0.003,0.030,0.003,0.0533
t_5634,0.026,0.026,0.026,0.002,0.014,0.002,0.0403
t_5635,0.015,0.015,0.015,0.001,0.008,0.001,0.0298
t_5636,0.035,0.035,0.035,0.000,0.018,0.000,0.0211
t_5637,0.108,0.108,0.108,0.005,0.057,0.005,0.0214
t_5638,0.163,0.163,0.163,0.028,0.096,0.028,0.0193
t_5639,0.200,0.200,0.200,0.059,0.130,0.059,0.0145
t_5640,0.214,0.214,0.214,0.087,0.151,0.087,0.0103
t_5641,0.178,0.178,0.178,0.091,0.135,0.091,0.0046
t_5642,0.152,0.152,0.152,0.095,0.124,0.095,0.0022
t_5643,0.125,0.125,0.125,0.091,0.108,0.091,0.0008
t_5644,0.051,0.051,0.051,0.080,0.066,0.080,0.0004
t_5645,0.035,0.035,0.035,0.066,0.051,0.066,0.0003
t_5646,0.020,0.020,0.020,0.036,0.028,0.036,0.0002
t_5647,0.006,0.006,0.006,0.016,0.011,0.016,0
t_5648,0.004,0.004,0.004,0.022,0.013,0.022,0.0001
t_5649,0.007,0.007,0.007,0.033,0.020,0.033,0.0034
t_5650,0.003,0.003,0.003,0.038,0.021,0.038,0.0021
t_5651,0.003,0.003,0.003,0.045,0.024,0.045,0.0025
t_5652,0.004,0.004,0.004,0.058,0.031,0.058,0.0117
t_5653,0.005,0.005,0.005,0.075,0.040,0.075,0.0162
t_5654,0.009,0.009,0.009,0.087,0.048,0.087,0.0219
t_5655,0.009,0.009,0.009,0.094,0.052,0.094,0.0299
t_5656,0.007,0.007,0.007,0.087,0.047,0.087,0.03
t_5657,0.012,0.012,0.012,0.053,0.033,0.053,0.02
t_5658,0.004,0.004,0.004,0.019,0.012,0.019,0.016
t_5659,0.001,0.001,0.001,0.010,0.006,0.010,0.0158
t_5660,0.001,0.001,0.001,0.006,0.004,0.006,0.0223
t_5661,0.000,0.000,0.000,0.003,0.002,0.003,0.0377
t_5662,0.000,0.000,0.000,0.002,0.001,0.002,0.05
t_5663,0.002,0.002,0.002,0.002,0.002,0.002,0.061
t_5664,0.002,0.002,0.002,0.003,0.003,0.003,0.071
t_5665,0.001,0.001,0.001,0.004,0.003,0.004,0.08
t_5666,0.001,0.001,0.001,0.005,0.003,0.005,0.0887
t_5667,0.002,0.002,0.002,0.005,0.004,0.005,0.0975
t_5668,0.002,0.002,0.002,0.003,0.003,0.003,0.1028
t_5669,0.002,0.002,0.002,0.002,0.002,0.002,0.12
t_5670,0.000,0.000,0.000,0.000,0.000,0.000,0.1293
t_5671,0.000,0.000,0.000,0.001,0.001,0.001,0.2048
t_5672,0.001,0.001,0.001,0.003,0.002,0.003,0.2749
t_5673,0.003,0.003,0.003,0.007,0.005,0.007,0.3007
t_5674,0.011,0.011,0.011,0.019,0.015,0.019,0.3136
t_5675,0.022,0.022,0.022,0.040,0.031,0.040,0.3043
t_5676,0.043,0.043,0.043,0.069,0.056,0.069,0.2896
t_5677,0.074,0.074,0.074,0.101,0.088,0.101,0.2886
t_5678,0.218,0.218,0.218,0.127,0.173,0.127,0.3224
t_5679,0.287,0.287,0.287,0.150,0.219,0.150,0.3736
t_5680,0.175,0.175,0.175,0.179,0.177,0.179,0.4165
t_5681,0.171,0.171,0.171,0.159,0.165,0.159,0.4604
t_5682,0.114,0.114,0.114,0.125,0.120,0.125,0.3476
t_5683,0.081,0.081,0.081,0.185,0.133,0.185,0.333
t_5684,0.106,0.106,0.106,0.260,0.183,0.260,0.3049
t_5685,0.109,0.109,0.109,0.316,0.213,0.316,0.2891
t_5686,0.113,0.113,0.113,0.358,0.236,0.358,0.3117
t_5687,0.129,0.129,0.129,0.386,0.258,0.386,0.3304
t_5688,0.148,0.148,0.148,0.383,0.266,0.383,0.3412
t_5689,0.189,0.189,0.189,0.394,0.292,0.394,0.3146
t_5690,0.208,0.208,0.208,0.422,0.315,0.422,0.2906
t_5691,0.221,0.221,0.221,0.429,0.325,0.429,0.2722
t_5692,0.214,0.214,0.214,0.415,0.315,0.415,0.222
t_5693,0.239,0.239,0.239,0.383,0.311,0.383,0.197
t_5694,0.217,0.217,0.217,0.370,0.294,0.370,0.1654
t_5695,0.241,0.241,0.241,0.361,0.301,0.361,0.186
t_5696,0.252,0.252,0.252,0.452,0.352,0.452,0.2609
t_5697,0.212,0.212,0.212,0.531,0.372,0.531,0.3126
t_5698,0.184,0.184,0.184,0.569,0.377,0.569,0.333
t_5699,0.188,0.188,0.188,0.545,0.367,0.545,0.334
t_5700,0.180,0.180,0.180,0.532,0.356,0.532,0.3421
t_5701,0.191,0.191,0.191,0.533,0.362,0.533,0.3735
t_5702,0.210,0.210,0.210,0.525,0.368,0.525,0.4195
t_5703,0.192,0.192,0.192,0.494,0.343,0.494,0.4873
t_5704,0.303,0.303,0.303,0.447,0.375,0.447,0.5368
t_5705,0.236,0.236,0.236,0.364,0.300,0.364,0.5363
t_5706,0.135,0.135,0.135,0.264,0.200,0.264,0.4604
t_5707,0.048,0.048,0.048,0.246,0.147,0.246,0.4467
t_5708,0.015,0.015,0.015,0.223,0.119,0.223,0.4486
t_5709,0.004,0.004,0.004,0.191,0.098,0.191,0.4545
t_5710,0.002,0.002,0.002,0.173,0.088,0.173,0.4206
t_5711,0.001,0.001,0.001,0.162,0.082,0.162,0.4042
t_5712,0.001,0.001,0.001,0.156,0.079,0.156,0.3644
t_5713,0.001,0.001,0.001,0.147,0.074,0.147,0.3272
t_5714,0.001,0.001,0.001,0.158,0.080,0.158,0.3308
t_5715,0.002,0.002,0.002,0.164,0.083,0.164,0.3091
t_5716,0.002,0.002,0.002,0.172,0.087,0.172,0.2878
t_5717,0.004,0.004,0.004,0.178,0.091,0.178,0.283
t_5718,0.006,0.006,0.006,0.177,0.092,0.177,0.2811
t_5719,0.015,0.015,0.015,0.196,0.106,0.196,0.3044
t_5720,0.033,0.033,0.033,0.337,0.185,0.337,0.3599
t_5721,0.042,0.042,0.042,0.465,0.254,0.465,0.255
t_5722,0.044,0.044,0.044,0.554,0.299,0.554,0.1521
t_5723,0.078,0.078,0.078,0.563,0.321,0.563,0.1122
t_5724,0.128,0.128,0.128,0.540,0.334,0.540,0.1102
t_5725,0.160,0.160,0.160,0.519,0.340,0.519,0.0752
t_5726,0.196,0.196,0.196,0.489,0.343,0.489,0.0981
t_5727,0.246,0.246,0.246,0.468,0.357,0.468,0.1127
t_5728,0.306,0.306,0.306,0.377,0.342,0.377,0.1224
t_5729,0.381,0.381,0.381,0.227,0.304,0.227,0.0917
t_5730,0.337,0.337,0.337,0.165,0.251,0.165,0.0379
t_5731,0.322,0.322,0.322,0.164,0.243,0.164,0.0096
t_5732,0.415,0.415,0.415,0.177,0.296,0.177,0.0037
t_5733,0.422,0.422,0.422,0.218,0.320,0.218,0.007
t_5734,0.483,0.483,0.483,0.271,0.377,0.271,0.0102
t_5735,0.505,0.505,0.505,0.342,0.424,0.342,0.012
t_5736,0.576,0.576,0.576,0.414,0.495,0.414,0.0124
t_5737,0.787,0.787,0.787,0.466,0.627,0.466,0.0249
t_5738,0.741,0.741,0.741,0.530,0.636,0.530,0.0213
t_5739,0.646,0.646,0.646,0.554,0.600,0.554,0.0578
t_5740,0.351,0.351,0.351,0.507,0.429,0.507,0.3203
t_5741,0.186,0.186,0.186,0.455,0.321,0.455,0.6716
t_5742,0.114,0.114,0.114,0.436,0.275,0.436,0.7605
t_5743,0.182,0.182,0.182,0.434,0.308,0.434,0.7778
t_5744,0.329,0.329,0.329,0.418,0.374,0.418,0.8707
t_5745,0.443,0.443,0.443,0.405,0.424,0.405,0.9051
t_5746,0.540,0.540,0.540,0.379,0.460,0.379,0.9017
t_5747,0.589,0.589,0.589,0.345,0.467,0.345,0.903
t_5748,0.519,0.519,0.519,0.343,0.431,0.343,0.9059
t_5749,0.631,0.631,0.631,0.367,0.499,0.367,0.9146
t_5750,0.712,0.712,0.712,0.380,0.546,0.380,0.9122
t_5751,0.730,0.730,0.730,0.351,0.541,0.351,0.8978
t_5752,0.724,0.724,0.724,0.341,0.533,0.341,0.8928
t_5753,0.642,0.642,0.642,0.322,0.482,0.322,0.8787
t_5754,0.555,0.555,0.555,0.306,0.431,0.306,0.8263
t_5755,0.509,0.509,0.509,0.329,0.419,0.329,0.7847
t_5756,0.456,0.456,0.456,0.343,0.400,0.343,0.7839
t_5757,0.358,0.358,0.358,0.391,0.375,0.391,0.7878
t_5758,0.304,0.304,0.304,0.437,0.371,0.437,0.7637
t_5759,0.262,0.262,0.262,0.441,0.352,0.441,0.7764
t_5760,0.241,0.241,0.241,0.439,0.340,0.439,0.8002
t_5761,0.219,0.219,0.219,0.445,0.332,0.445,0.8136
t_5762,0.239,0.239,0.239,0.464,0.352,0.464,0.825
t_5763,0.258,0.258,0.258,0.515,0.387,0.515,0.8555
t_5764,0.226,0.226,0.226,0.564,0.395,0.564,0.8643
t_5765,0.179,0.179,0.179,0.603,0.391,0.603,0.8706
t_5766,0.149,0.149,0.149,0.628,0.389,0.628,0.8656
t_5767,0.167,0.167,0.167,0.624,0.396,0.624,0.8247
t_5768,0.228,0.228,0.228,0.607,0.418,0.607,0.8134
t_5769,0.265,0.265,0.265,0.572,0.419,0.572,0.8167
t_5770,0.369,0.369,0.369,0.579,0.474,0.579,0.8337
t_5771,0.516,0.516,0.516,0.624,0.570,0.624,0.8356
t_5772,0.579,0.579,0.579,0.684,0.632,0.684,0.8418
t_5773,0.554,0.554,0.554,0.707,0.631,0.707,0.8615
t_5774,0.476,0.476,0.476,0.700,0.588,0.700,0.8683
t_5775,0.375,0.375,0.375,0.653,0.514,0.653,0.8628
t_5776,0.304,0.304,0.304,0.612,0.458,0.612,0.8146
t_5777,0.207,0.207,0.207,0.598,0.403,0.598,0.7257
t_5778,0.096,0.096,0.096,0.573,0.335,0.573,0.5859
t_5779,0.080,0.080,0.080,0.506,0.293,0.506,0.4912
t_5780,0.081,0.081,0.081,0.447,0.264,0.447,0.4309
t_5781,0.071,0.071,0.071,0.395,0.233,0.395,0.4114
t_5782,0.050,0.050,0.050,0.365,0.208,0.365,0.4149
t_5783,0.035,0.035,0.035,0.326,0.181,0.326,0.4347
t_5784,0.044,0.044,0.044,0.284,0.164,0.284,0.4141
t_5785,0.027,0.027,0.027,0.236,0.132,0.236,0.3486
t_5786,0.013,0.013,0.013,0.194,0.104,0.194,0.3339
t_5787,0.007,0.007,0.007,0.151,0.079,0.151,0.3124
t_5788,0.006,0.006,0.006,0.103,0.055,0.103,0.2946
t_5789,0.005,0.005,0.005,0.059,0.032,0.059,0.2765
t_5790,0.003,0.003,0.003,0.035,0.019,0.035,0.2523
t_5791,0.014,0.014,0.014,0.029,0.022,0.029,0.3092
t_5792,0.038,0.038,0.038,0.034,0.036,0.034,0.4827
t_5793,0.064,0.064,0.064,0.034,0.049,0.034,0.5515
t_5794,0.075,0.075,0.075,0.042,0.059,0.042,0.5444
t_5795,0.067,0.067,0.067,0.044,0.056,0.044,0.5253
t_5796,0.058,0.058,0.058,0.038,0.048,0.038,0.5293
t_5797,0.085,0.085,0.085,0.026,0.056,0.026,0.5753
t_5798,0.128,0.128,0.128,0.020,0.074,0.020,0.6399
t_5799,0.164,0.164,0.164,0.019,0.092,0.019,0.6565
t_5800,0.189,0.189,0.189,0.016,0.103,0.016,0.6442
t_5801,0.118,0.118,0.118,0.015,0.067,0.015,0.5919
t_5802,0.069,0.069,0.069,0.031,0.050,0.031,0.4833
t_5803,0.013,0.013,0.013,0.067,0.040,0.067,0.4528
t_5804,0.008,0.008,0.008,0.083,0.046,0.083,0.4371
t_5805,0.008,0.008,0.008,0.088,0.048,0.088,0.3577
t_5806,0.004,0.004,0.004,0.079,0.042,0.079,0.2786
t_5807,0.001,0.001,0.001,0.075,0.038,0.075,0.2327
t_5808,0.000,0.000,0.000,0.079,0.040,0.079,0.2036
t_5809,0.001,0.001,0.001,0.083,0.042,0.083,0.2034
t_5810,0.000,0.000,0.000,0.076,0.038,0.076,0.2083
t_5811,0.000,0.000,0.000,0.065,0.033,0.065,0.2025
t_5812,0.000,0.000,0.000,0.053,0.027,0.053,0.201
t_5813,0.000,0.000,0.000,0.042,0.021,0.042,0.2063
t_5814,0.000,0.000,0.000,0.030,0.015,0.030,0.1948
t_5815,0.000,0.000,0.000,0.023,0.012,0.023,0.2281
t_5816,0.001,0.001,0.001,0.029,0.015,0.029,0.2153
t_5817,0.004,0.004,0.004,0.045,0.025,0.045,0.1811
t_5818,0.016,0.016,0.016,0.077,0.047,0.077,0.172
t_5819,0.008,0.008,0.008,0.116,0.062,0.116,0.1437
t_5820,0.008,0.008,0.008,0.150,0.079,0.150,0.1151
t_5821,0.018,0.018,0.018,0.157,0.088,0.157,0.09
t_5822,0.026,0.026,0.026,0.154,0.090,0.154,0.0749
t_5823,0.021,0.021,0.021,0.152,0.087,0.152,0.0843
t_5824,0.017,0.017,0.017,0.121,0.069,0.121,0.0793
t_5825,0.017,0.017,0.017,0.079,0.048,0.079,0.069
t_5826,0.006,0.006,0.006,0.068,0.037,0.068,0.0371
t_5827,0.003,0.003,0.003,0.093,0.048,0.093,0.0235
t_5828,0.004,0.004,0.004,0.140,0.072,0.140,0.035
t_5829,0.003,0.003,0.003,0.175,0.089,0.175,0.0682
t_5830,0.001,0.001,0.001,0.236,0.119,0.236,0.0953
t_5831,0.001,0.001,0.001,0.261,0.131,0.261,0.1219
t_5832,0.000,0.000,0.000,0.312,0.156,0.312,0.1361
t_5833,0.000,0.000,0.000,0.421,0.211,0.421,0.1391
t_5834,0.000,0.000,0.000,0.528,0.264,0.528,0.1483
t_5835,0.000,0.000,0.000,0.621,0.311,0.621,0.1753
t_5836,0.000,0.000,0.000,0.717,0.359,0.717,0.1744
t_5837,0.000,0.000,0.000,0.793,0.397,0.793,0.1927
t_5838,0.000,0.000,0.000,0.846,0.423,0.846,0.2124
t_5839,0.000,0.000,0.000,0.870,0.435,0.870,0.3715
t_5840,0.005,0.005,0.005,0.880,0.443,0.880,0.4627
t_5841,0.026,0.026,0.026,0.887,0.457,0.887,0.4086
t_5842,0.046,0.046,0.046,0.879,0.463,0.879,0.3568
t_5843,0.057,0.057,0.057,0.857,0.457,0.857,0.311
t_5844,0.080,0.080,0.080,0.851,0.466,0.851,0.2977
t_5845,0.115,0.115,0.115,0.829,0.472,0.829,0.3159
t_5846,0.147,0.147,0.147,0.792,0.470,0.792,0.3725
t_5847,0.160,0.160,0.160,0.737,0.449,0.737,0.4247
t_5848,0.089,0.089,0.089,0.722,0.406,0.722,0.4367
t_5849,0.067,0.067,0.067,0.746,0.407,0.746,0.4012
t_5850,0.027,0.027,0.027,0.777,0.402,0.777,0.2605
t_5851,0.013,0.013,0.013,0.796,0.405,0.796,0.1997
t_5852,0.009,0.009,0.009,0.797,0.403,0.797,0.1747
t_5853,0.007,0.007,0.007,0.774,0.391,0.774,0.1442
t_5854,0.004,0.004,0.004,0.764,0.384,0.764,0.1345
t_5855,0.004,0.004,0.004,0.746,0.375,0.746,0.1281
t_5856,0.004,0.004,0.004,0.715,0.360,0.715,0.1225
t_5857,0.003,0.003,0.003,0.668,0.336,0.668,0.1424
t_5858,0.003,0.003,0.003,0.613,0.308,0.613,0.1693
t_5859,0.002,0.002,0.002,0.554,0.278,0.554,0.1829
t_5860,0.002,0.002,0.002,0.477,0.240,0.477,0.1884
t_5861,0.003,0.003,0.003,0.413,0.208,0.413,0.2043
t_5862,0.003,0.003,0.003,0.356,0.180,0.356,0.2095
t_5863,0.002,0.002,0.002,0.297,0.150,0.297,0.2254
t_5864,0.003,0.003,0.003,0.311,0.157,0.311,0.235
t_5865,0.005,0.005,0.005,0.349,0.177,0.349,0.1464
t_5866,0.006,0.006,0.006,0.369,0.188,0.369,0.0709
t_5867,0.010,0.010,0.010,0.380,0.195,0.380,0.0377
t_5868,0.014,0.014,0.014,0.374,0.194,0.374,0.0304
t_5869,0.016,0.016,0.016,0.353,0.185,0.353,0.0486
t_5870,0.017,0.017,0.017,0.304,0.161,0.304,0.0791
t_5871,0.019,0.019,0.019,0.226,0.123,0.226,0.1022
t_5872,0.017,0.017,0.017,0.150,0.084,0.150,0.1076
t_5873,0.011,0.011,0.011,0.061,0.036,0.061,0.0795
t_5874,0.007,0.007,0.007,0.041,0.024,0.041,0.0527
t_5875,0.006,0.006,0.006,0.045,0.026,0.045,0.0273
t_5876,0.004,0.004,0.004,0.044,0.024,0.044,0.008
t_5877,0.002,0.002,0.002,0.057,0.030,0.057,0.002
t_5878,0.004,0.004,0.004,0.069,0.037,0.069,0.0011
t_5879,0.040,0.040,0.040,0.080,0.060,0.080,0.0027
t_5880,0.076,0.076,0.076,0.094,0.085,0.094,0.0066
t_5881,0.111,0.111,0.111,0.107,0.109,0.107,0.0098
t_5882,0.148,0.148,0.148,0.122,0.135,0.122,0.0078
t_5883,0.162,0.162,0.162,0.130,0.146,0.130,0.0048
t_5884,0.226,0.226,0.226,0.151,0.189,0.151,0.0037
t_5885,0.304,0.304,0.304,0.152,0.228,0.152,0.0028
t_5886,0.375,0.375,0.375,0.125,0.250,0.125,0.0032
t_5887,0.319,0.319,0.319,0.053,0.186,0.053,0.0009
t_5888,0.377,0.377,0.377,0.088,0.233,0.088,0.0042
t_5889,0.363,0.363,0.363,0.146,0.255,0.146,0.0432
t_5890,0.437,0.437,0.437,0.142,0.290,0.142,0.0895
t_5891,0.558,0.558,0.558,0.131,0.345,0.131,0.1332
t_5892,0.717,0.717,0.717,0.138,0.428,0.138,0.1561
t_5893,0.832,0.832,0.832,0.185,0.509,0.185,0.1693
t_5894,0.872,0.872,0.872,0.229,0.551,0.229,0.172
t_5895,0.899,0.899,0.899,0.286,0.593,0.286,0.1606
t_5896,0.721,0.721,0.721,0.271,0.496,0.271,0.1106
t_5897,0.458,0.458,0.458,0.157,0.308,0.157,0.0332
t_5898,0.237,0.237,0.237,0.116,0.177,0.116,0.0067
t_5899,0.157,0.157,0.157,0.121,0.139,0.121,0.0048
t_5900,0.159,0.159,0.159,0.138,0.149,0.138,0.0078
t_5901,0.148,0.148,0.148,0.194,0.171,0.194,0.0432
t_5902,0.144,0.144,0.144,0.233,0.189,0.233,0.0784
t_5903,0.132,0.132,0.132,0.240,0.186,0.240,0.106
t_5904,0.112,0.112,0.112,0.238,0.175,0.238,0.1634
t_5905,0.082,0.082,0.082,0.230,0.156,0.230,0.1856
t_5906,0.056,0.056,0.056,0.213,0.135,0.213,0.1856
t_5907,0.042,0.042,0.042,0.183,0.113,0.183,0.1714
t_5908,0.038,0.038,0.038,0.176,0.107,0.176,0.1478
t_5909,0.037,0.037,0.037,0.171,0.104,0.171,0.1181
t_5910,0.044,0.044,0.044,0.150,0.097,0.150,0.1133
t_5911,0.049,0.049,0.049,0.147,0.098,0.147,0.1605
t_5912,0.086,0.086,0.086,0.239,0.163,0.239,0.2651
t_5913,0.184,0.184,0.184,0.316,0.250,0.316,0.2979
t_5914,0.273,0.273,0.273,0.331,0.302,0.331,0.2768
t_5915,0.342,0.342,0.342,0.322,0.332,0.322,0.2358
t_5916,0.336,0.336,0.336,0.308,0.322,0.308,0.2114
t_5917,0.278,0.278,0.278,0.295,0.287,0.295,0.2126
t_5918,0.186,0.186,0.186,0.280,0.233,0.280,0.2427
t_5919,0.129,0.129,0.129,0.275,0.202,0.275,0.2565
t_5920,0.079,0.079,0.079,0.266,0.173,0.266,0.1935
t_5921,0.041,0.041,0.041,0.224,0.133,0.224,0.1027
t_5922,0.012,0.012,0.012,0.169,0.091,0.169,0.0534
t_5923,0.005,0.005,0.005,0.186,0.096,0.186,0.0494
t_5924,0.002,0.002,0.002,0.195,0.099,0.195,0.0636
t_5925,0.002,0.002,0.002,0.222,0.112,0.222,0.0752
t_5926,0.002,0.002,0.002,0.253,0.128,0.253,0.0941
t_5927,0.001,0.001,0.001,0.272,0.137,0.272,0.1058
t_5928,0.002,0.002,0.002,0.275,0.139,0.275,0.089
t_5929,0.003,0.003,0.003,0.233,0.118,0.233,0.0688
t_5930,0.010,0.010,0.010,0.165,0.088,0.165,0.0487
t_5931,0.022,0.022,0.022,0.124,0.073,0.124,0.0381
t_5932,0.021,0.021,0.021,0.082,0.052,0.082,0.0296
t_5933,0.027,0.027,0.027,0.048,0.038,0.048,0.0197
t_5934,0.038,0.038,0.038,0.024,0.031,0.024,0.0118
t_5935,0.013,0.013,0.013,0.001,0.007,0.001,0.0118
t_5936,0.000,0.000,0.000,0.000,0.000,0.000,0.0884
t_5937,0.001,0.001,0.001,0.000,0.001,0.000,0.1096
t_5938,0.001,0.001,0.001,0.000,0.001,0.000,0.1491
t_5939,0.001,0.001,0.001,0.001,0.001,0.001,0.1777
t_5940,0.004,0.004,0.004,0.001,0.003,0.001,0.1802
t_5941,0.006,0.006,0.006,0.001,0.004,0.001,0.1606
t_5942,0.009,0.009,0.009,0.000,0.005,0.000,0.1168
t_5943,0.012,0.012,0.012,0.000,0.006,0.000,0.0698
t_5944,0.013,0.013,0.013,0.000,0.007,0.000,0.0354
t_5945,0.013,0.013,0.013,0.002,0.008,0.002,0.0181
t_5946,0.016,0.016,0.016,0.006,0.011,0.006,0.0083
t_5947,0.008,0.008,0.008,0.007,0.008,0.007,0.0044
t_5948,0.002,0.002,0.002,0.006,0.004,0.006,0.0022
t_5949,0.000,0.000,0.000,0.006,0.003,0.006,0.0006
t_5950,0.000,0.000,0.000,0.005,0.003,0.005,0.0002
t_5951,0.000,0.000,0.000,0.001,0.001,0.001,0
t_5952,0.006,0.006,0.006,0.001,0.004,0.001,0
t_5953,0.025,0.025,0.025,0.003,0.014,0.003,0.0001
t_5954,0.044,0.044,0.044,0.006,0.025,0.006,0.0018
t_5955,0.056,0.056,0.056,0.007,0.032,0.007,0.0095
t_5956,0.064,0.064,0.064,0.013,0.039,0.013,0.0184
t_5957,0.072,0.072,0.072,0.015,0.044,0.015,0.0244
t_5958,0.086,0.086,0.086,0.018,0.052,0.018,0.0295
t_5959,0.106,0.106,0.106,0.006,0.056,0.006,0.0125
t_5960,0.020,0.020,0.020,0.002,0.011,0.002,0
t_5961,0.017,0.017,0.017,0.002,0.010,0.002,0.0048
t_5962,0.009,0.009,0.009,0.000,0.005,0.000,0.0295
t_5963,0.014,0.014,0.014,0.000,0.007,0.000,0.0401
t_5964,0.019,0.019,0.019,0.000,0.010,0.000,0.0435
t_5965,0.022,0.022,0.022,0.000,0.011,0.000,0.0466
t_5966,0.024,0.024,0.024,0.000,0.012,0.000,0.0523
t_5967,0.024,0.024,0.024,0.000,0.012,0.000,0.0579
t_5968,0.024,0.024,0.024,0.000,0.012,0.000,0.0698
t_5969,0.016,0.016,0.016,0.000,0.008,0.000,0.0683
t_5970,0.006,0.006,0.006,0.000,0.003,0.000,0.0564
t_5971,0.007,0.007,0.007,0.001,0.004,0.001,0.0529
t_5972,0.021,0.021,0.021,0.004,0.013,0.004,0.0583
t_5973,0.178,0.178,0.178,0.036,0.107,0.036,0.0619
t_5974,0.395,0.395,0.395,0.099,0.247,0.099,0.0501
t_5975,0.577,0.577,0.577,0.076,0.327,0.076,0.0418
t_5976,0.662,0.662,0.662,0.075,0.369,0.075,0.0269
t_5977,0.767,0.767,0.767,0.043,0.405,0.043,0.0209
t_5978,0.765,0.765,0.765,0.038,0.402,0.038,0.025
t_5979,0.761,0.761,0.761,0.047,0.404,0.047,0.0383
t_5980,0.770,0.770,0.770,0.055,0.413,0.055,0.0713
t_5981,0.804,0.804,0.804,0.070,0.437,0.070,0.111
t_5982,0.828,0.828,0.828,0.070,0.449,0.070,0.161
t_5983,0.824,0.824,0.824,0.029,0.427,0.029,0.2944
t_5984,0.844,0.844,0.844,0.011,0.428,0.011,0.4035
t_5985,0.937,0.937,0.937,0.011,0.474,0.011,0.6272
t_5986,0.971,0.971,0.971,0.015,0.493,0.015,0.6833
t_5987,0.908,0.908,0.908,0.019,0.464,0.019,0.6391
t_5988,0.891,0.891,0.891,0.030,0.461,0.030,0.6264
t_5989,0.760,0.760,0.760,0.036,0.398,0.036,0.6458
t_5990,0.347,0.347,0.347,0.029,0.188,0.029,0.6394
t_5991,0.188,0.188,0.188,0.015,0.102,0.015,0.6154
t_5992,0.084,0.084,0.084,0.018,0.051,0.018,0.5182
t_5993,0.151,0.151,0.151,0.061,0.106,0.061,0.3318
t_5994,0.456,0.456,0.456,0.202,0.329,0.202,0.0973
t_5995,0.755,0.755,0.755,0.335,0.545,0.335,0.0304
t_5996,0.899,0.899,0.899,0.323,0.611,0.323,0.0083
t_5997,0.943,0.943,0.943,0.176,0.560,0.176,0.0059
t_5998,0.869,0.869,0.869,0.085,0.477,0.085,0.0133
t_5999,0.895,0.895,0.895,0.053,0.474,0.053,0.0326
t_6000,0.913,0.913,0.913,0.046,0.480,0.046,0.0474
t_6001,0.944,0.944,0.944,0.046,0.495,0.046,0.0545
t_6002,0.979,0.979,0.979,0.044,0.512,0.044,0.0534
t_6003,0.998,0.998,0.998,0.043,0.521,0.043,0.0563
t_6004,0.982,0.982,0.982,0.053,0.518,0.053,0.0558
t_6005,0.981,0.981,0.981,0.071,0.526,0.071,0.0395
t_6006,0.989,0.989,0.989,0.085,0.537,0.085,0.0267
t_6007,0.995,0.995,0.995,0.051,0.523,0.051,0.0129
t_6008,0.981,0.981,0.981,0.025,0.503,0.025,0.0182
t_6009,0.981,0.981,0.981,0.032,0.507,0.032,0.0952
t_6010,0.981,0.981,0.981,0.060,0.521,0.060,0.1277
t_6011,0.981,0.981,0.981,0.099,0.540,0.099,0.1513
t_6012,0.980,0.980,0.980,0.161,0.571,0.161,0.1599
t_6013,0.957,0.957,0.957,0.220,0.589,0.220,0.1392
t_6014,0.839,0.839,0.839,0.261,0.550,0.261,0.0984
t_6015,0.779,0.779,0.779,0.254,0.517,0.254,0.0517
t_6016,0.721,0.721,0.721,0.226,0.474,0.226,0.0178
t_6017,0.642,0.642,0.642,0.242,0.442,0.242,0.0039
t_6018,0.611,0.611,0.611,0.311,0.461,0.311,0.0011
t_6019,0.619,0.619,0.619,0.379,0.499,0.379,0.0051
t_6020,0.613,0.613,0.613,0.444,0.529,0.444,0.0316
t_6021,0.621,0.621,0.621,0.510,0.566,0.510,0.0987
t_6022,0.563,0.563,0.563,0.553,0.558,0.553,0.1378
t_6023,0.486,0.486,0.486,0.571,0.529,0.571,0.1702
t_6024,0.435,0.435,0.435,0.566,0.501,0.566,0.1805
t_6025,0.393,0.393,0.393,0.548,0.471,0.548,0.1787
t_6026,0.374,0.374,0.374,0.468,0.421,0.468,0.1801
t_6027,0.369,0.369,0.369,0.440,0.405,0.440,0.1495
t_6028,0.340,0.340,0.340,0.428,0.384,0.428,0.1367
t_6029,0.285,0.285,0.285,0.400,0.343,0.400,0.1626
t_6030,0.282,0.282,0.282,0.350,0.316,0.350,0.1873
t_6031,0.274,0.274,0.274,0.295,0.285,0.295,0.151
t_6032,0.297,0.297,0.297,0.410,0.354,0.410,0.1638
t_6033,0.381,0.381,0.381,0.607,0.494,0.607,0.1298
t_6034,0.370,0.370,0.370,0.667,0.519,0.667,0.041
t_6035,0.341,0.341,0.341,0.632,0.487,0.632,0.0191
t_6036,0.297,0.297,0.297,0.594,0.446,0.594,0.0379
t_6037,0.244,0.244,0.244,0.584,0.414,0.584,0.0531
t_6038,0.190,0.190,0.190,0.570,0.380,0.570,0.0572
t_6039,0.133,0.133,0.133,0.524,0.329,0.524,0.0604
t_6040,0.068,0.068,0.068,0.419,0.244,0.419,0.0493
t_6041,0.029,0.029,0.029,0.244,0.137,0.244,0.029
t_6042,0.006,0.006,0.006,0.174,0.090,0.174,0.0108
t_6043,0.003,0.003,0.003,0.162,0.083,0.162,0.0083
t_6044,0.001,0.001,0.001,0.171,0.086,0.171,0.0114
t_6045,0.002,0.002,0.002,0.166,0.084,0.166,0.0218
t_6046,0.002,0.002,0.002,0.128,0.065,0.128,0.0393
t_6047,0.004,0.004,0.004,0.097,0.051,0.097,0.0517
t_6048,0.020,0.020,0.020,0.075,0.048,0.075,0.0499
t_6049,0.065,0.065,0.065,0.053,0.059,0.053,0.0321
t_6050,0.116,0.116,0.116,0.035,0.076,0.035,0.0224
t_6051,0.170,0.170,0.170,0.010,0.090,0.010,0.016
t_6052,0.221,0.221,0.221,0.003,0.112,0.003,0.0101
t_6053,0.248,0.248,0.248,0.002,0.125,0.002,0.0079
t_6054,0.244,0.244,0.244,0.002,0.123,0.002,0.0089
t_6055,0.153,0.153,0.153,0.000,0.077,0.000,0.009
t_6056,0.050,0.050,0.050,0.000,0.025,0.000,0.031
t_6057,0.028,0.028,0.028,0.000,0.014,0.000,0.0864
t_6058,0.045,0.045,0.045,0.000,0.023,0.000,0.1721
t_6059,0.066,0.066,0.066,0.000,0.033,0.000,0.217
t_6060,0.086,0.086,0.086,0.000,0.043,0.000,0.222
t_6061,0.112,0.112,0.112,0.000,0.056,0.000,0.1857
t_6062,0.126,0.126,0.126,0.000,0.063,0.000,0.1467
t_6063,0.062,0.062,0.062,0.000,0.031,0.000,0.1135
t_6064,0.033,0.033,0.033,0.000,0.017,0.000,0.0894
t_6065,0.013,0.013,0.013,0.000,0.007,0.000,0.065
t_6066,0.006,0.006,0.006,0.000,0.003,0.000,0.0447
t_6067,0.008,0.008,0.008,0.002,0.005,0.002,0.0357
t_6068,0.038,0.038,0.038,0.015,0.027,0.015,0.0347
t_6069,0.219,0.219,0.219,0.031,0.125,0.031,0.0239
t_6070,0.304,0.304,0.304,0.034,0.169,0.034,0.0164
t_6071,0.418,0.418,0.418,0.033,0.226,0.033,0.0143
t_6072,0.499,0.499,0.499,0.027,0.263,0.027,0.0162
t_6073,0.579,0.579,0.579,0.040,0.310,0.040,0.0211
t_6074,0.643,0.643,0.643,0.061,0.352,0.061,0.0196
t_6075,0.664,0.664,0.664,0.084,0.374,0.084,0.0172
t_6076,0.707,0.707,0.707,0.112,0.410,0.112,0.0216
t_6077,0.748,0.748,0.748,0.122,0.435,0.122,0.0289
t_6078,0.746,0.746,0.746,0.110,0.428,0.110,0.0288
t_6079,0.709,0.709,0.709,0.060,0.385,0.060,0.03
t_6080,0.734,0.734,0.734,0.019,0.377,0.019,0.0534
t_6081,0.906,0.906,0.906,0.028,0.467,0.028,0.0687
t_6082,0.942,0.942,0.942,0.043,0.493,0.043,0.0765
t_6083,0.783,0.783,0.783,0.046,0.415,0.046,0.0702
t_6084,0.774,0.774,0.774,0.038,0.406,0.038,0.0701
t_6085,0.726,0.726,0.726,0.027,0.377,0.027,0.0726
t_6086,0.647,0.647,0.647,0.023,0.335,0.023,0.0622
t_6087,0.529,0.529,0.529,0.020,0.275,0.020,0.0466
t_6088,0.400,0.400,0.400,0.014,0.207,0.014,0.0339
t_6089,0.291,0.291,0.291,0.006,0.149,0.006,0.0209
t_6090,0.135,0.135,0.135,0.005,0.070,0.005,0.0106
t_6091,0.052,0.052,0.052,0.007,0.030,0.007,0.0056
t_6092,0.015,0.015,0.015,0.013,0.014,0.013,0.004
t_6093,0.004,0.004,0.004,0.020,0.012,0.020,0.0032
t_6094,0.000,0.000,0.000,0.032,0.016,0.032,0.0034
t_6095,0.000,0.000,0.000,0.041,0.021,0.041,0.0059
t_6096,0.000,0.000,0.000,0.034,0.017,0.034,0.0168
t_6097,0.000,0.000,0.000,0.018,0.009,0.018,0.022
t_6098,0.000,0.000,0.000,0.005,0.003,0.005,0.0206
t_6099,0.000,0.000,0.000,0.001,0.001,0.001,0.0217
t_6100,0.000,0.000,0.000,0.000,0.000,0.000,0.0195
t_6101,0.000,0.000,0.000,0.000,0.000,0.000,0.0201
t_6102,0.000,0.000,0.000,0.000,0.000,0.000,0.0237
t_6103,0.000,0.000,0.000,0.000,0.000,0.000,0.0334
t_6104,0.000,0.000,0.000,0.000,0.000,0.000,0.0747
t_6105,0.000,0.000,0.000,0.000,0.000,0.000,0.1618
t_6106,0.000,0.000,0.000,0.000,0.000,0.000,0.2008
t_6107,0.000,0.000,0.000,0.002,0.001,0.002,0.248
t_6108,0.000,0.000,0.000,0.003,0.002,0.003,0.299
t_6109,0.000,0.000,0.000,0.009,0.005,0.009,0.3264
t_6110,0.000,0.000,0.000,0.017,0.009,0.017,0.3321
t_6111,0.001,0.001,0.001,0.021,0.011,0.021,0.3088
t_6112,0.008,0.008,0.008,0.016,0.012,0.016,0.2645
t_6113,0.030,0.030,0.030,0.017,0.024,0.017,0.1549
t_6114,0.046,0.046,0.046,0.032,0.039,0.032,0.0976
t_6115,0.033,0.033,0.033,0.037,0.035,0.037,0.0902
t_6116,0.017,0.017,0.017,0.042,0.030,0.042,0.0999
t_6117,0.012,0.012,0.012,0.018,0.015,0.018,0.1627
t_6118,0.005,0.005,0.005,0.036,0.021,0.036,0.1861
t_6119,0.000,0.000,0.000,0.063,0.032,0.063,0.2157
t_6120,0.000,0.000,0.000,0.119,0.060,0.119,0.2181
t_6121,0.000,0.000,0.000,0.155,0.078,0.155,0.2276
t_6122,0.000,0.000,0.000,0.144,0.072,0.144,0.249
t_6123,0.000,0.000,0.000,0.110,0.055,0.110,0.259
t_6124,0.000,0.000,0.000,0.048,0.024,0.048,0.2538
t_6125,0.001,0.001,0.001,0.008,0.005,0.008,0.3329
t_6126,0.001,0.001,0.001,0.002,0.002,0.002,0.4053
t_6127,0.004,0.004,0.004,0.000,0.002,0.000,0.4693
t_6128,0.012,0.012,0.012,0.000,0.006,0.000,0.4992
t_6129,0.035,0.035,0.035,0.002,0.019,0.002,0.4542
t_6130,0.098,0.098,0.098,0.021,0.060,0.021,0.4116
t_6131,0.205,0.205,0.205,0.069,0.137,0.069,0.4431
t_6132,0.380,0.380,0.380,0.136,0.258,0.136,0.4373
t_6133,0.596,0.596,0.596,0.150,0.373,0.150,0.4648
t_6134,0.698,0.698,0.698,0.071,0.385,0.071,0.3945
t_6135,0.728,0.728,0.728,0.034,0.381,0.034,0.1502
t_6136,0.538,0.538,0.538,0.009,0.274,0.009,0.0546
t_6137,0.377,0.377,0.377,0.000,0.189,0.000,0.0193
t_6138,0.236,0.236,0.236,0.000,0.118,0.000,0.021
t_6139,0.134,0.134,0.134,0.004,0.069,0.004,0.0513
t_6140,0.071,0.071,0.071,0.017,0.044,0.017,0.0865
t_6141,0.036,0.036,0.036,0.076,0.056,0.076,0.1529
t_6142,0.020,0.020,0.020,0.121,0.071,0.121,0.1668
t_6143,0.015,0.015,0.015,0.139,0.077,0.139,0.2027
t_6144,0.001,0.001,0.001,0.140,0.071,0.140,0.2647
t_6145,0.001,0.001,0.001,0.118,0.060,0.118,0.2884
t_6146,0.001,0.001,0.001,0.090,0.046,0.090,0.3472
t_6147,0.002,0.002,0.002,0.060,0.031,0.060,0.368
t_6148,0.002,0.002,0.002,0.043,0.023,0.043,0.522
t_6149,0.001,0.001,0.001,0.036,0.019,0.036,0.5487
t_6150,0.000,0.000,0.000,0.025,0.013,0.025,0.5739
t_6151,0.000,0.000,0.000,0.020,0.010,0.020,0.5833
t_6152,0.010,0.010,0.010,0.016,0.013,0.016,0.6597
t_6153,0.025,0.025,0.025,0.008,0.017,0.008,0.6714
t_6154,0.033,0.033,0.033,0.003,0.018,0.003,0.6274
t_6155,0.015,0.015,0.015,0.001,0.008,0.001,0.5004
t_6156,0.002,0.002,0.002,0.000,0.001,0.000,0.3326
t_6157,0.000,0.000,0.000,0.000,0.000,0.000,0.1979
t_6158,0.000,0.000,0.000,0.000,0.000,0.000,0.1326
t_6159,0.000,0.000,0.000,0.000,0.000,0.000,0.1047
t_6160,0.000,0.000,0.000,0.000,0.000,0.000,0.0988
t_6161,0.000,0.000,0.000,0.000,0.000,0.000,0.084
t_6162,0.000,0.000,0.000,0.000,0.000,0.000,0.066
t_6163,0.000,0.000,0.000,0.001,0.001,0.001,0.0814
t_6164,0.000,0.000,0.000,0.002,0.001,0.002,0.1025
t_6165,0.000,0.000,0.000,0.004,0.002,0.004,0.1518
t_6166,0.001,0.001,0.001,0.008,0.005,0.008,0.1758
t_6167,0.011,0.011,0.011,0.013,0.012,0.013,0.1932
t_6168,0.033,0.033,0.033,0.015,0.024,0.015,0.225
t_6169,0.082,0.082,0.082,0.014,0.048,0.014,0.2765
t_6170,0.138,0.138,0.138,0.015,0.077,0.015,0.3078
t_6171,0.167,0.167,0.167,0.014,0.091,0.014,0.3241
t_6172,0.181,0.181,0.181,0.009,0.095,0.009,0.3373
t_6173,0.084,0.084,0.084,0.007,0.046,0.007,0.3379
t_6174,0.081,0.081,0.081,0.004,0.043,0.004,0.3327
t_6175,0.072,0.072,0.072,0.001,0.037,0.001,0.3031
t_6176,0.114,0.114,0.114,0.001,0.058,0.001,0.2862
t_6177,0.165,0.165,0.165,0.001,0.083,0.001,0.249
t_6178,0.153,0.153,0.153,0.001,0.077,0.001,0.0906
t_6179,0.123,0.123,0.123,0.001,0.062,0.001,0.0056
t_6180,0.095,0.095,0.095,0.001,0.048,0.001,0.0003
t_6181,0.077,0.077,0.077,0.000,0.039,0.000,0.0189
t_6182,0.068,0.068,0.068,0.000,0.034,0.000,0.0337
t_6183,0.061,0.061,0.061,0.000,0.031,0.000,0.0386
t_6184,0.054,0.054,0.054,0.000,0.027,0.000,0.0341
t_6185,0.029,0.029,0.029,0.000,0.015,0.000,0.0223
t_6186,0.014,0.014,0.014,0.001,0.008,0.001,0.009
t_6187,0.019,0.019,0.019,0.001,0.010,0.001,0.0075
t_6188,0.079,0.079,0.079,0.001,0.040,0.001,0.0066
t_6189,0.174,0.174,0.174,0.001,0.088,0.001,0.0046
t_6190,0.303,0.303,0.303,0.000,0.152,0.000,0.0064
t_6191,0.393,0.393,0.393,0.000,0.197,0.000,0.0102
t_6192,0.418,0.418,0.418,0.000,0.209,0.000,0.0108
t_6193,0.406,0.406,0.406,0.000,0.203,0.000,0.0086
t_6194,0.408,0.408,0.408,0.000,0.204,0.000,0.0062
t_6195,0.432,0.432,0.432,0.001,0.217,0.001,0.0046
t_6196,0.457,0.457,0.457,0.001,0.229,0.001,0.0039
t_6197,0.470,0.470,0.470,0.001,0.236,0.001,0.0031
t_6198,0.492,0.492,0.492,0.001,0.247,0.001,0.0015
t_6199,0.453,0.453,0.453,0.001,0.227,0.001,0.0007
t_6200,0.495,0.495,0.495,0.000,0.248,0.000,0.0286
t_6201,0.619,0.619,0.619,0.000,0.310,0.000,0.0867
t_6202,0.583,0.583,0.583,0.000,0.292,0.000,0.1192
t_6203,0.521,0.521,0.521,0.000,0.261,0.000,0.1501
t_6204,0.387,0.387,0.387,0.000,0.194,0.000,0.1694
t_6205,0.205,0.205,0.205,0.000,0.103,0.000,0.1541
t_6206,0.165,0.165,0.165,0.000,0.083,0.000,0.1218
t_6207,0.125,0.125,0.125,0.002,0.064,0.002,0.0806
t_6208,0.091,0.091,0.091,0.002,0.047,0.002,0.0437
t_6209,0.044,0.044,0.044,0.004,0.024,0.004,0.0156
t_6210,0.020,0.020,0.020,0.006,0.013,0.006,0.0045
t_6211,0.018,0.018,0.018,0.007,0.013,0.007,0.0014
t_6212,0.032,0.032,0.032,0.005,0.019,0.005,0.0016
t_6213,0.061,0.061,0.061,0.004,0.033,0.004,0.005
t_6214,0.080,0.080,0.080,0.001,0.041,0.001,0.0101
t_6215,0.121,0.121,0.121,0.000,0.061,0.000,0.011
t_6216,0.114,0.114,0.114,0.000,0.057,0.000,0.0093
t_6217,0.105,0.105,0.105,0.000,0.053,0.000,0.0078
t_6218,0.092,0.092,0.092,0.000,0.046,0.000,0.0054
t_6219,0.073,0.073,0.073,0.000,0.037,0.000,0.0063
t_6220,0.061,0.061,0.061,0.000,0.031,0.000,0.0093
t_6221,0.074,0.074,0.074,0.000,0.037,0.000,0.0081
t_6222,0.098,0.098,0.098,0.000,0.049,0.000,0.0041
t_6223,0.091,0.091,0.091,0.000,0.046,0.000,0.0003
t_6224,0.016,0.016,0.016,0.000,0.008,0.000,0.0029
t_6225,0.001,0.001,0.001,0.000,0.001,0.000,0.0053
t_6226,0.000,0.000,0.000,0.000,0.000,0.000,0.0129
t_6227,0.000,0.000,0.000,0.000,0.000,0.000,0.0175
t_6228,0.000,0.000,0.000,0.000,0.000,0.000,0.0292
t_6229,0.000,0.000,0.000,0.001,0.001,0.001,0.0278
t_6230,0.000,0.000,0.000,0.003,0.002,0.003,0.0302
t_6231,0.000,0.000,0.000,0.007,0.004,0.007,0.0324
t_6232,0.000,0.000,0.000,0.018,0.009,0.018,0.0236
t_6233,0.000,0.000,0.000,0.028,0.014,0.028,0.0143
t_6234,0.007,0.007,0.007,0.074,0.041,0.074,0.0029
t_6235,0.018,0.018,0.018,0.111,0.065,0.111,0.0018
t_6236,0.026,0.026,0.026,0.130,0.078,0.130,0.0051
t_6237,0.059,0.059,0.059,0.121,0.090,0.121,0.0147
t_6238,0.116,0.116,0.116,0.098,0.107,0.098,0.0315
t_6239,0.167,0.167,0.167,0.072,0.120,0.072,0.0465
t_6240,0.362,0.362,0.362,0.067,0.215,0.067,0.0358
t_6241,0.413,0.413,0.413,0.066,0.240,0.066,0.0318
t_6242,0.449,0.449,0.449,0.060,0.255,0.060,0.0303
t_6243,0.440,0.440,0.440,0.049,0.245,0.049,0.0341
t_6244,0.356,0.356,0.356,0.030,0.193,0.030,0.0311
t_6245,0.290,0.290,0.290,0.025,0.158,0.025,0.0199
t_6246,0.250,0.250,0.250,0.024,0.137,0.024,0.0142
t_6247,0.172,0.172,0.172,0.016,0.094,0.016,0.0164
t_6248,0.067,0.067,0.067,0.019,0.043,0.019,0.08
t_6249,0.022,0.022,0.022,0.033,0.028,0.033,0.1616
t_6250,0.002,0.002,0.002,0.048,0.025,0.048,0.2125
t_6251,0.000,0.000,0.000,0.050,0.025,0.050,0.1878
t_6252,0.000,0.000,0.000,0.036,0.018,0.036,0.1557
t_6253,0.000,0.000,0.000,0.015,0.008,0.015,0.1154
t_6254,0.000,0.000,0.000,0.004,0.002,0.004,0.083
t_6255,0.000,0.000,0.000,0.002,0.001,0.002,0.0748
t_6256,0.001,0.001,0.001,0.004,0.003,0.004,0.0998
t_6257,0.006,0.006,0.006,0.019,0.013,0.019,0.095
t_6258,0.008,0.008,0.008,0.063,0.036,0.063,0.0532
t_6259,0.021,0.021,0.021,0.072,0.047,0.072,0.0361
t_6260,0.029,0.029,0.029,0.049,0.039,0.049,0.0339
t_6261,0.024,0.024,0.024,0.023,0.024,0.023,0.0429
t_6262,0.039,0.039,0.039,0.025,0.032,0.025,0.0331
t_6263,0.088,0.088,0.088,0.033,0.061,0.033,0.0277
t_6264,0.186,0.186,0.186,0.034,0.110,0.034,0.043
t_6265,0.164,0.164,0.164,0.017,0.091,0.017,0.0202
t_6266,0.172,0.172,0.172,0.012,0.092,0.012,0.0237
t_6267,0.212,0.212,0.212,0.014,0.113,0.014,0.0337
t_6268,0.035,0.035,0.035,0.010,0.023,0.010,0.0426
t_6269,0.020,0.020,0.020,0.026,0.023,0.026,0.0495
t_6270,0.018,0.018,0.018,0.028,0.023,0.028,0.0587
t_6271,0.008,0.008,0.008,0.019,0.014,0.019,0.0288
t_6272,0.001,0.001,0.001,0.023,0.012,0.023,0.089
t_6273,0.000,0.000,0.000,0.033,0.017,0.033,0.4505
t_6274,0.000,0.000,0.000,0.044,0.022,0.044,0.8512
t_6275,0.001,0.001,0.001,0.054,0.028,0.054,0.9069
t_6276,0.002,0.002,0.002,0.068,0.035,0.068,0.9158
t_6277,0.070,0.070,0.070,0.077,0.074,0.077,0.8977
t_6278,0.223,0.223,0.223,0.093,0.158,0.093,0.898
t_6279,0.289,0.289,0.289,0.135,0.212,0.135,0.912
t_6280,0.145,0.145,0.145,0.182,0.164,0.182,0.8321
t_6281,0.080,0.080,0.080,0.262,0.171,0.262,0.6556
t_6282,0.037,0.037,0.037,0.292,0.165,0.292,0.5945
t_6283,0.002,0.002,0.002,0.276,0.139,0.276,0.5207
t_6284,0.001,0.001,0.001,0.180,0.091,0.180,0.5837
t_6285,0.005,0.005,0.005,0.185,0.095,0.185,0.6091
t_6286,0.014,0.014,0.014,0.279,0.147,0.279,0.5416
t_6287,0.033,0.033,0.033,0.345,0.189,0.345,0.3901
t_6288,0.055,0.055,0.055,0.349,0.202,0.349,0.2146
t_6289,0.081,0.081,0.081,0.289,0.185,0.289,0.1131
t_6290,0.106,0.106,0.106,0.210,0.158,0.210,0.0962
t_6291,0.212,0.212,0.212,0.139,0.176,0.139,0.0683
t_6292,0.270,0.270,0.270,0.118,0.194,0.118,0.0601
t_6293,0.327,0.327,0.327,0.115,0.221,0.115,0.0547
t_6294,0.363,0.363,0.363,0.118,0.241,0.118,0.0618
t_6295,0.343,0.343,0.343,0.120,0.232,0.120,0.0549
t_6296,0.287,0.287,0.287,0.133,0.210,0.133,0.0675
t_6297,0.165,0.165,0.165,0.220,0.193,0.220,0.0786
t_6298,0.148,0.148,0.148,0.299,0.224,0.299,0.1018
t_6299,0.156,0.156,0.156,0.369,0.263,0.369,0.1135
t_6300,0.167,0.167,0.167,0.417,0.292,0.417,0.0993
t_6301,0.156,0.156,0.156,0.449,0.303,0.449,0.0749
t_6302,0.157,0.157,0.157,0.457,0.307,0.457,0.0443
t_6303,0.129,0.129,0.129,0.430,0.280,0.430,0.0243
t_6304,0.061,0.061,0.061,0.377,0.219,0.377,0.0071
t_6305,0.049,0.049,0.049,0.324,0.187,0.324,0.0029
t_6306,0.006,0.006,0.006,0.322,0.164,0.322,0.0064
t_6307,0.005,0.005,0.005,0.340,0.173,0.340,0.0186
t_6308,0.004,0.004,0.004,0.372,0.188,0.372,0.0271
t_6309,0.002,0.002,0.002,0.416,0.209,0.416,0.0363
t_6310,0.001,0.001,0.001,0.435,0.218,0.435,0.0466
t_6311,0.000,0.000,0.000,0.425,0.213,0.425,0.0697
t_6312,0.000,0.000,0.000,0.404,0.202,0.404,0.0993
t_6313,0.000,0.000,0.000,0.371,0.186,0.371,0.1376
t_6314,0.003,0.003,0.003,0.325,0.164,0.325,0.1785
t_6315,0.004,0.004,0.004,0.280,0.142,0.280,0.2114
t_6316,0.003,0.003,0.003,0.255,0.129,0.255,0.2413
t_6317,0.003,0.003,0.003,0.217,0.110,0.217,0.2735
t_6318,0.001,0.001,0.001,0.174,0.088,0.174,0.3028
t_6319,0.000,0.000,0.000,0.126,0.063,0.126,0.2875
t_6320,0.002,0.002,0.002,0.092,0.047,0.092,0.3169
t_6321,0.007,0.007,0.007,0.087,0.047,0.087,0.3487
t_6322,0.015,0.015,0.015,0.075,0.045,0.075,0.3144
t_6323,0.035,0.035,0.035,0.053,0.044,0.053,0.2215
t_6324,0.066,0.066,0.066,0.043,0.055,0.043,0.1264
t_6325,0.102,0.102,0.102,0.041,0.072,0.041,0.0685
t_6326,0.131,0.131,0.131,0.040,0.086,0.040,0.0453
t_6327,0.171,0.171,0.171,0.038,0.105,0.038,0.0395
t_6328,0.200,0.200,0.200,0.023,0.112,0.023,0.0408
t_6329,0.163,0.163,0.163,0.008,0.086,0.008,0.0336
t_6330,0.162,0.162,0.162,0.007,0.085,0.007,0.0191
t_6331,0.189,0.189,0.189,0.005,0.097,0.005,0.014
t_6332,0.116,0.116,0.116,0.004,0.060,0.004,0.0363
t_6333,0.100,0.100,0.100,0.002,0.051,0.002,0.0429
t_6334,0.096,0.096,0.096,0.001,0.049,0.001,0.0596
t_6335,0.092,0.092,0.092,0.000,0.046,0.000,0.0615
t_6336,0.073,0.073,0.073,0.000,0.037,0.000,0.0686
t_6337,0.056,0.056,0.056,0.000,0.028,0.000,0.0648
t_6338,0.041,0.041,0.041,0.000,0.021,0.000,0.0599
t_6339,0.036,0.036,0.036,0.000,0.018,0.000,0.053
t_6340,0.030,0.030,0.030,0.000,0.015,0.000,0.0384
t_6341,0.023,0.023,0.023,0.000,0.012,0.000,0.027
t_6342,0.022,0.022,0.022,0.000,0.011,0.000,0.0191
t_6343,0.021,0.021,0.021,0.000,0.011,0.000,0.0112
t_6344,0.024,0.024,0.024,0.000,0.012,0.000,0.0008
t_6345,0.048,0.048,0.048,0.000,0.024,0.000,0.0003
t_6346,0.073,0.073,0.073,0.000,0.037,0.000,0.0002
t_6347,0.098,0.098,0.098,0.000,0.049,0.000,0.0003
t_6348,0.118,0.118,0.118,0.000,0.059,0.000,0.0004
t_6349,0.131,0.131,0.131,0.000,0.066,0.000,0.0003
t_6350,0.140,0.140,0.140,0.000,0.070,0.000,0.0204
t_6351,0.148,0.148,0.148,0.000,0.074,0.000,0.0406
t_6352,0.168,0.168,0.168,0.000,0.084,0.000,0.053
t_6353,0.235,0.235,0.235,0.000,0.118,0.000,0.0522
t_6354,0.260,0.260,0.260,0.000,0.130,0.000,0.0297
t_6355,0.269,0.269,0.269,0.000,0.135,0.000,0.0085
t_6356,0.139,0.139,0.139,0.000,0.070,0.000,0.0066
t_6357,0.114,0.114,0.114,0.000,0.057,0.000,0.0154
t_6358,0.085,0.085,0.085,0.000,0.043,0.000,0.0225
t_6359,0.070,0.070,0.070,0.001,0.036,0.001,0.0239
t_6360,0.064,0.064,0.064,0.002,0.033,0.002,0.0242
t_6361,0.062,0.062,0.062,0.003,0.033,0.003,0.0259
t_6362,0.062,0.062,0.062,0.003,0.033,0.003,0.0212
t_6363,0.063,0.063,0.063,0.003,0.033,0.003,0.0143
t_6364,0.061,0.061,0.061,0.003,0.032,0.003,0.0104
t_6365,0.056,0.056,0.056,0.003,0.030,0.003,0.0075
t_6366,0.047,0.047,0.047,0.003,0.025,0.003,0.0048
t_6367,0.036,0.036,0.036,0.002,0.019,0.002,0.0046
t_6368,0.021,0.021,0.021,0.000,0.011,0.000,0.0052
t_6369,0.076,0.076,0.076,0.000,0.038,0.000,0.0041
t_6370,0.147,0.147,0.147,0.000,0.074,0.000,0.0021
t_6371,0.151,0.151,0.151,0.000,0.076,0.000,0.0005
t_6372,0.133,0.133,0.133,0.000,0.067,0.000,0.0001
t_6373,0.107,0.107,0.107,0.000,0.054,0.000,0.0004
t_6374,0.083,0.083,0.083,0.000,0.042,0.000,0.0281
t_6375,0.067,0.067,0.067,0.000,0.034,0.000,0.0407
t_6376,0.061,0.061,0.061,0.000,0.031,0.000,0.0455
t_6377,0.125,0.125,0.125,0.000,0.063,0.000,0.0308
t_6378,0.156,0.156,0.156,0.000,0.078,0.000,0.0132
t_6379,0.092,0.092,0.092,0.001,0.047,0.001,0.0036
t_6380,0.062,0.062,0.062,0.003,0.033,0.003,0.0045
t_6381,0.032,0.032,0.032,0.007,0.020,0.007,0.0161
t_6382,0.011,0.011,0.011,0.010,0.011,0.010,0.0218
t_6383,0.003,0.003,0.003,0.016,0.010,0.016,0.0299
t_6384,0.001,0.001,0.001,0.025,0.013,0.025,0.0294
t_6385,0.000,0.000,0.000,0.032,0.016,0.032,0.022
t_6386,0.000,0.000,0.000,0.034,0.017,0.034,0.0149
t_6387,0.000,0.000,0.000,0.030,0.015,0.030,0.0145
t_6388,0.005,0.005,0.005,0.008,0.007,0.008,0.0194
t_6389,0.028,0.028,0.028,0.004,0.016,0.004,0.0262
t_6390,0.054,0.054,0.054,0.003,0.029,0.003,0.0252
t_6391,0.077,0.077,0.077,0.002,0.040,0.002,0.0272
t_6392,0.043,0.043,0.043,0.001,0.022,0.001,0.0418
t_6393,0.027,0.027,0.027,0.003,0.015,0.003,0.0611
t_6394,0.035,0.035,0.035,0.008,0.022,0.008,0.0904
t_6395,0.052,0.052,0.052,0.008,0.030,0.008,0.1143
t_6396,0.084,0.084,0.084,0.008,0.046,0.008,0.1124
t_6397,0.135,0.135,0.135,0.017,0.076,0.017,0.1017
t_6398,0.185,0.185,0.185,0.020,0.103,0.020,0.093
t_6399,0.257,0.257,0.257,0.023,0.140,0.023,0.0911
t_6400,0.248,0.248,0.248,0.019,0.134,0.019,0.0842
t_6401,0.190,0.190,0.190,0.010,0.100,0.010,0.0608
t_6402,0.187,0.187,0.187,0.014,0.101,0.014,0.0359
t_6403,0.269,0.269,0.269,0.026,0.148,0.026,0.0237
t_6404,0.603,0.603,0.603,0.039,0.321,0.039,0.0184
t_6405,0.697,0.697,0.697,0.065,0.381,0.065,0.0191
t_6406,0.742,0.742,0.742,0.078,0.410,0.078,0.025
t_6407,0.793,0.793,0.793,0.078,0.436,0.078,0.0386
t_6408,0.738,0.738,0.738,0.064,0.401,0.064,0.0465
t_6409,0.718,0.718,0.718,0.054,0.386,0.054,0.0505
t_6410,0.420,0.420,0.420,0.032,0.226,0.032,0.0539
t_6411,0.277,0.277,0.277,0.026,0.152,0.026,0.0459
t_6412,0.193,0.193,0.193,0.034,0.114,0.034,0.0349
t_6413,0.090,0.090,0.090,0.045,0.068,0.045,0.0244
t_6414,0.112,0.112,0.112,0.047,0.080,0.047,0.027
t_6415,0.059,0.059,0.059,0.026,0.043,0.026,0.0361
t_6416,0.055,0.055,0.055,0.013,0.034,0.013,0.0539
t_6417,0.022,0.022,0.022,0.016,0.019,0.016,0.0767
t_6418,0.008,0.008,0.008,0.007,0.008,0.007,0.1115
t_6419,0.000,0.000,0.000,0.005,0.003,0.005,0.1387
t_6420,0.001,0.001,0.001,0.003,0.002,0.003,0.1399
t_6421,0.004,0.004,0.004,0.004,0.004,0.004,0.117
t_6422,0.010,0.010,0.010,0.004,0.007,0.004,0.0824
t_6423,0.028,0.028,0.028,0.005,0.017,0.005,0.029
t_6424,0.056,0.056,0.056,0.005,0.031,0.005,0.0023
t_6425,0.081,0.081,0.081,0.004,0.043,0.004,0
t_6426,0.095,0.095,0.095,0.004,0.050,0.004,0.0003
t_6427,0.075,0.075,0.075,0.004,0.040,0.004,0.0106
t_6428,0.011,0.011,0.011,0.004,0.008,0.004,0.0162
t_6429,0.010,0.010,0.010,0.004,0.007,0.004,0.014
t_6430,0.004,0.004,0.004,0.001,0.003,0.001,0.014
t_6431,0.000,0.000,0.000,0.001,0.001,0.001,0.0167
t_6432,0.000,0.000,0.000,0.001,0.001,0.001,0.0139
t_6433,0.000,0.000,0.000,0.001,0.001,0.001,0.0103
t_6434,0.000,0.000,0.000,0.001,0.001,0.001,0.0116
t_6435,0.000,0.000,0.000,0.002,0.001,0.002,0.0164
t_6436,0.000,0.000,0.000,0.004,0.002,0.004,0.0238
t_6437,0.000,0.000,0.000,0.008,0.004,0.008,0.0431
t_6438,0.001,0.001,0.001,0.018,0.010,0.018,0.0936
t_6439,0.002,0.002,0.002,0.016,0.009,0.016,0.1194
t_6440,0.002,0.002,0.002,0.023,0.013,0.023,0.1085
t_6441,0.002,0.002,0.002,0.078,0.040,0.078,0.0552
t_6442,0.002,0.002,0.002,0.134,0.068,0.134,0.0169
t_6443,0.001,0.001,0.001,0.180,0.091,0.180,0.0095
t_6444,0.001,0.001,0.001,0.209,0.105,0.209,0.0037
t_6445,0.001,0.001,0.001,0.224,0.113,0.224,0.0095
t_6446,0.002,0.002,0.002,0.228,0.115,0.228,0.0371
t_6447,0.002,0.002,0.002,0.223,0.113,0.223,0.0591
t_6448,0.004,0.004,0.004,0.197,0.101,0.197,0.0733
t_6449,0.004,0.004,0.004,0.135,0.070,0.135,0.0673
t_6450,0.004,0.004,0.004,0.151,0.078,0.151,0.0369
t_6451,0.007,0.007,0.007,0.231,0.119,0.231,0.007
t_6452,0.011,0.011,0.011,0.304,0.158,0.304,0.0027
t_6453,0.047,0.047,0.047,0.351,0.199,0.351,0.0052
t_6454,0.099,0.099,0.099,0.390,0.245,0.390,0.0111
t_6455,0.149,0.149,0.149,0.421,0.285,0.421,0.018
t_6456,0.189,0.189,0.189,0.428,0.309,0.428,0.0269
t_6457,0.226,0.226,0.226,0.440,0.333,0.440,0.0274
t_6458,0.265,0.265,0.265,0.445,0.355,0.445,0.0129
t_6459,0.306,0.306,0.306,0.439,0.373,0.439,0.0072
t_6460,0.383,0.383,0.383,0.435,0.409,0.435,0.0088
t_6461,0.496,0.496,0.496,0.443,0.470,0.443,0.0102
t_6462,0.694,0.694,0.694,0.458,0.576,0.458,0.0076
t_6463,0.797,0.797,0.797,0.434,0.616,0.434,0.0071
t_6464,0.790,0.790,0.790,0.437,0.614,0.437,0.0005
t_6465,0.883,0.883,0.883,0.555,0.719,0.555,0.001
t_6466,0.815,0.815,0.815,0.637,0.726,0.637,0.0347
t_6467,0.894,0.894,0.894,0.683,0.789,0.683,0.0692
t_6468,0.922,0.922,0.922,0.687,0.805,0.687,0.1103
t_6469,0.928,0.928,0.928,0.698,0.813,0.698,0.1506
t_6470,0.854,0.854,0.854,0.722,0.788,0.722,0.183
t_6471,0.776,0.776,0.776,0.753,0.765,0.753,0.1717
t_6472,0.769,0.769,0.769,0.841,0.805,0.841,0.1393
t_6473,0.780,0.780,0.780,0.900,0.840,0.900,0.0807
t_6474,0.757,0.757,0.757,0.899,0.828,0.899,0.0327
t_6475,0.701,0.701,0.701,0.866,0.784,0.866,0.0074
t_6476,0.610,0.610,0.610,0.830,0.720,0.830,0.0008
t_6477,0.467,0.467,0.467,0.786,0.627,0.786,0.0004
t_6478,0.387,0.387,0.387,0.763,0.575,0.763,0.0011
t_6479,0.315,0.315,0.315,0.715,0.515,0.715,0.0061
t_6480,0.366,0.366,0.366,0.659,0.513,0.659,0.017
t_6481,0.277,0.277,0.277,0.564,0.421,0.564,0.0269
t_6482,0.172,0.172,0.172,0.460,0.316,0.460,0.0535
t_6483,0.076,0.076,0.076,0.375,0.226,0.375,0.0881
t_6484,0.048,0.048,0.048,0.290,0.169,0.290,0.154
t_6485,0.002,0.002,0.002,0.227,0.115,0.227,0.2084
t_6486,0.000,0.000,0.000,0.204,0.102,0.204,0.3453
t_6487,0.000,0.000,0.000,0.166,0.083,0.166,0.4578
t_6488,0.000,0.000,0.000,0.184,0.092,0.184,0.5397
t_6489,0.000,0.000,0.000,0.300,0.150,0.300,0.5923
t_6490,0.001,0.001,0.001,0.386,0.194,0.386,0.562
t_6491,0.003,0.003,0.003,0.411,0.207,0.411,0.4917
t_6492,0.008,0.008,0.008,0.428,0.218,0.428,0.4156
t_6493,0.026,0.026,0.026,0.456,0.241,0.456,0.4055
t_6494,0.093,0.093,0.093,0.469,0.281,0.469,0.4509
t_6495,0.134,0.134,0.134,0.432,0.283,0.432,0.5725
t_6496,0.124,0.124,0.124,0.287,0.206,0.287,0.6796
t_6497,0.057,0.057,0.057,0.145,0.101,0.145,0.7333
t_6498,0.009,0.009,0.009,0.102,0.056,0.102,0.6745
t_6499,0.002,0.002,0.002,0.079,0.041,0.079,0.6255
t_6500,0.001,0.001,0.001,0.062,0.032,0.062,0.621
t_6501,0.000,0.000,0.000,0.053,0.027,0.053,0.5842
t_6502,0.000,0.000,0.000,0.036,0.018,0.036,0.5171
t_6503,0.000,0.000,0.000,0.035,0.018,0.035,0.4799
t_6504,0.000,0.000,0.000,0.037,0.019,0.037,0.4621
t_6505,0.000,0.000,0.000,0.037,0.019,0.037,0.4208
t_6506,0.001,0.001,0.001,0.038,0.020,0.038,0.385
t_6507,0.001,0.001,0.001,0.047,0.024,0.047,0.3463
t_6508,0.001,0.001,0.001,0.061,0.031,0.061,0.2779
t_6509,0.000,0.000,0.000,0.080,0.040,0.080,0.196
t_6510,0.000,0.000,0.000,0.103,0.052,0.103,0.1161
t_6511,0.000,0.000,0.000,0.096,0.048,0.096,0.1473
t_6512,0.000,0.000,0.000,0.131,0.066,0.131,0.2384
t_6513,0.001,0.001,0.001,0.244,0.123,0.244,0.2938
t_6514,0.001,0.001,0.001,0.286,0.144,0.286,0.3342
t_6515,0.001,0.001,0.001,0.315,0.158,0.315,0.3162
t_6516,0.001,0.001,0.001,0.326,0.164,0.326,0.2846
t_6517,0.001,0.001,0.001,0.323,0.162,0.323,0.2494
t_6518,0.001,0.001,0.001,0.337,0.169,0.337,0.1863
t_6519,0.001,0.001,0.001,0.341,0.171,0.341,0.1116
t_6520,0.002,0.002,0.002,0.310,0.156,0.310,0.0713
t_6521,0.002,0.002,0.002,0.196,0.099,0.196,0.0406
t_6522,0.002,0.002,0.002,0.205,0.104,0.205,0.0285
t_6523,0.001,0.001,0.001,0.230,0.116,0.230,0.0302
t_6524,0.001,0.001,0.001,0.254,0.128,0.254,0.0881
t_6525,0.000,0.000,0.000,0.273,0.137,0.273,0.1159
t_6526,0.000,0.000,0.000,0.301,0.151,0.301,0.1012
t_6527,0.000,0.000,0.000,0.312,0.156,0.312,0.0832
t_6528,0.000,0.000,0.000,0.309,0.155,0.309,0.0672
t_6529,0.000,0.000,0.000,0.294,0.147,0.294,0.0572
t_6530,0.000,0.000,0.000,0.270,0.135,0.270,0.0517
t_6531,0.000,0.000,0.000,0.244,0.122,0.244,0.0452
t_6532,0.000,0.000,0.000,0.215,0.108,0.215,0.034
t_6533,0.000,0.000,0.000,0.177,0.089,0.177,0.0244
t_6534,0.000,0.000,0.000,0.176,0.088,0.176,0.0164
t_6535,0.000,0.000,0.000,0.138,0.069,0.138,0.0105
t_6536,0.000,0.000,0.000,0.101,0.051,0.101,0.0028
t_6537,0.000,0.000,0.000,0.106,0.053,0.106,0.0103
t_6538,0.000,0.000,0.000,0.173,0.087,0.173,0.0306
t_6539,0.000,0.000,0.000,0.252,0.126,0.252,0.0351
t_6540,0.000,0.000,0.000,0.303,0.152,0.303,0.0482
t_6541,0.000,0.000,0.000,0.332,0.166,0.332,0.0892
t_6542,0.001,0.001,0.001,0.356,0.179,0.356,0.0974
t_6543,0.006,0.006,0.006,0.357,0.182,0.357,0.1035
t_6544,0.007,0.007,0.007,0.319,0.163,0.319,0.1133
t_6545,0.001,0.001,0.001,0.199,0.100,0.199,0.0776
t_6546,0.001,0.001,0.001,0.230,0.116,0.230,0.0351
t_6547,0.001,0.001,0.001,0.325,0.163,0.325,0.0122
t_6548,0.002,0.002,0.002,0.381,0.192,0.381,0.01
t_6549,0.006,0.006,0.006,0.446,0.226,0.446,0.0168
t_6550,0.041,0.041,0.041,0.499,0.270,0.499,0.0333
t_6551,0.099,0.099,0.099,0.511,0.305,0.511,0.0429
t_6552,0.143,0.143,0.143,0.509,0.326,0.509,0.0523
t_6553,0.164,0.164,0.164,0.454,0.309,0.454,0.0651
t_6554,0.181,0.181,0.181,0.386,0.284,0.386,0.079
t_6555,0.192,0.192,0.192,0.305,0.249,0.305,0.0855
t_6556,0.326,0.326,0.326,0.210,0.268,0.210,0.0854
t_6557,0.323,0.323,0.323,0.151,0.237,0.151,0.1041
t_6558,0.340,0.340,0.340,0.102,0.221,0.102,0.1228
t_6559,0.365,0.365,0.365,0.062,0.214,0.062,0.1225
t_6560,0.316,0.316,0.316,0.030,0.173,0.030,0.1158
t_6561,0.153,0.153,0.153,0.046,0.100,0.046,0.1118
t_6562,0.187,0.187,0.187,0.076,0.132,0.076,0.0814
t_6563,0.209,0.209,0.209,0.099,0.154,0.099,0.0479
t_6564,0.229,0.229,0.229,0.111,0.170,0.111,0.0636
t_6565,0.255,0.255,0.255,0.128,0.192,0.128,0.0826
t_6566,0.239,0.239,0.239,0.126,0.183,0.126,0.0979
t_6567,0.209,0.209,0.209,0.103,0.156,0.103,0.0823
t_6568,0.177,0.177,0.177,0.102,0.140,0.102,0.0489
t_6569,0.136,0.136,0.136,0.171,0.154,0.171,0.0227
t_6570,0.145,0.145,0.145,0.257,0.201,0.257,0.0045
t_6571,0.155,0.155,0.155,0.335,0.245,0.335,0.0007
t_6572,0.144,0.144,0.144,0.387,0.266,0.387,0.0004
t_6573,0.122,0.122,0.122,0.407,0.265,0.407,0.0002
t_6574,0.088,0.088,0.088,0.398,0.243,0.398,0.0001
t_6575,0.060,0.060,0.060,0.349,0.205,0.349,0
t_6576,0.094,0.094,0.094,0.318,0.206,0.318,0.0001
t_6577,0.079,0.079,0.079,0.300,0.190,0.300,0.0003
t_6578,0.073,0.073,0.073,0.274,0.174,0.274,0.0006
t_6579,0.073,0.073,0.073,0.255,0.164,0.255,0.001
t_6580,0.064,0.064,0.064,0.222,0.143,0.222,0.0013
t_6581,0.058,0.058,0.058,0.179,0.119,0.179,0.0015
t_6582,0.057,0.057,0.057,0.136,0.097,0.136,0.0022
t_6583,0.044,0.044,0.044,0.081,0.063,0.081,0.0023
t_6584,0.022,0.022,0.022,0.028,0.025,0.028,0
t_6585,0.003,0.003,0.003,0.010,0.007,0.010,0.0006
t_6586,0.006,0.006,0.006,0.010,0.008,0.010,0.0303
t_6587,0.005,0.005,0.005,0.006,0.006,0.006,0.0552
t_6588,0.006,0.006,0.006,0.002,0.004,0.002,0.0891
t_6589,0.008,0.008,0.008,0.001,0.005,0.001,0.0972
t_6590,0.009,0.009,0.009,0.001,0.005,0.001,0.0923
t_6591,0.008,0.008,0.008,0.000,0.004,0.000,0.0773
t_6592,0.009,0.009,0.009,0.000,0.005,0.000,0.0643
t_6593,0.006,0.006,0.006,0.000,0.003,0.000,0.0461
t_6594,0.006,0.006,0.006,0.000,0.003,0.000,0.029
t_6595,0.012,0.012,0.012,0.000,0.006,0.000,0.0311
t_6596,0.067,0.067,0.067,0.000,0.034,0.000,0.0204
t_6597,0.198,0.198,0.198,0.000,0.099,0.000,0.0162
t_6598,0.465,0.465,0.465,0.001,0.233,0.001,0.0147
t_6599,0.565,0.565,0.565,0.005,0.285,0.005,0.0121
t_6600,0.434,0.434,0.434,0.016,0.225,0.016,0.0089
t_6601,0.455,0.455,0.455,0.029,0.242,0.029,0.0036
t_6602,0.458,0.458,0.458,0.040,0.249,0.040,0.0012
t_6603,0.459,0.459,0.459,0.045,0.252,0.045,0.0007
t_6604,0.530,0.530,0.530,0.056,0.293,0.056,0.0003
t_6605,0.597,0.597,0.597,0.065,0.331,0.065,0.0001
t_6606,0.654,0.654,0.654,0.066,0.360,0.066,0.0001
t_6607,0.685,0.685,0.685,0.051,0.368,0.051,0.0002
t_6608,0.628,0.628,0.628,0.015,0.322,0.015,0.0003
t_6609,0.556,0.556,0.556,0.004,0.280,0.004,0.0067
t_6610,0.614,0.614,0.614,0.004,0.309,0.004,0.0453
t_6611,0.636,0.636,0.636,0.023,0.330,0.023,0.069
t_6612,0.561,0.561,0.561,0.044,0.303,0.044,0.0896
t_6613,0.304,0.304,0.304,0.065,0.185,0.065,0.0926
t_6614,0.254,0.254,0.254,0.078,0.166,0.078,0.0937
t_6615,0.211,0.211,0.211,0.054,0.133,0.054,0.1003
t_6616,0.190,0.190,0.190,0.018,0.104,0.018,0.0909
t_6617,0.121,0.121,0.121,0.004,0.063,0.004,0.0604
t_6618,0.158,0.158,0.158,0.002,0.080,0.002,0.043
t_6619,0.254,0.254,0.254,0.001,0.128,0.001,0.0304
t_6620,0.368,0.368,0.368,0.001,0.185,0.001,0.0226
t_6621,0.472,0.472,0.472,0.003,0.238,0.003,0.0174
t_6622,0.545,0.545,0.545,0.009,0.277,0.009,0.012
t_6623,0.560,0.560,0.560,0.021,0.291,0.021,0.0106
t_6624,0.540,0.540,0.540,0.037,0.289,0.037,0.0108
t_6625,0.512,0.512,0.512,0.051,0.282,0.051,0.0113
t_6626,0.479,0.479,0.479,0.059,0.269,0.059,0.0132
t_6627,0.453,0.453,0.453,0.061,0.257,0.061,0.0091
t_6628,0.417,0.417,0.417,0.059,0.238,0.059,0.0063
t_6629,0.578,0.578,0.578,0.067,0.323,0.067,0.0053
t_6630,0.572,0.572,0.572,0.066,0.319,0.066,0.0056
t_6631,0.545,0.545,0.545,0.049,0.297,0.049,0.0055
t_6632,0.372,0.372,0.372,0.010,0.191,0.010,0.0067
t_6633,0.281,0.281,0.281,0.004,0.143,0.004,0.0218
t_6634,0.323,0.323,0.323,0.008,0.166,0.008,0.0466
t_6635,0.444,0.444,0.444,0.005,0.225,0.005,0.0763
t_6636,0.491,0.491,0.491,0.002,0.247,0.002,0.1028
t_6637,0.493,0.493,0.493,0.000,0.247,0.000,0.1267
t_6638,0.464,0.464,0.464,0.000,0.232,0.000,0.1406
t_6639,0.412,0.412,0.412,0.001,0.207,0.001,0.1294
t_6640,0.240,0.240,0.240,0.010,0.125,0.010,0.1004
t_6641,0.142,0.142,0.142,0.043,0.093,0.043,0.0483
t_6642,0.232,0.232,0.232,0.095,0.164,0.095,0.0391
t_6643,0.336,0.336,0.336,0.117,0.227,0.117,0.0353
t_6644,0.449,0.449,0.449,0.094,0.272,0.094,0.0366
t_6645,0.571,0.571,0.571,0.051,0.311,0.051,0.0556
t_6646,0.581,0.581,0.581,0.027,0.304,0.027,0.0524
t_6647,0.525,0.525,0.525,0.014,0.270,0.014,0.0483
t_6648,0.500,0.500,0.500,0.015,0.258,0.015,0.0431
t_6649,0.483,0.483,0.483,0.019,0.251,0.019,0.0302
t_6650,0.472,0.472,0.472,0.020,0.246,0.020,0.0223
t_6651,0.459,0.459,0.459,0.017,0.238,0.017,0.0185
t_6652,0.461,0.461,0.461,0.017,0.239,0.017,0.0177
t_6653,0.475,0.475,0.475,0.016,0.246,0.016,0.0161
t_6654,0.494,0.494,0.494,0.014,0.254,0.014,0.018
t_6655,0.484,0.484,0.484,0.007,0.246,0.007,0.0183
t_6656,0.321,0.321,0.321,0.001,0.161,0.001,0.0309
t_6657,0.164,0.164,0.164,0.000,0.082,0.000,0.1015
t_6658,0.286,0.286,0.286,0.000,0.143,0.000,0.1665
t_6659,0.301,0.301,0.301,0.001,0.151,0.001,0.184
t_6660,0.157,0.157,0.157,0.002,0.080,0.002,0.2055
t_6661,0.118,0.118,0.118,0.002,0.060,0.002,0.2128
t_6662,0.073,0.073,0.073,0.003,0.038,0.003,0.1935
t_6663,0.039,0.039,0.039,0.003,0.021,0.003,0.1409
t_6664,0.011,0.011,0.011,0.003,0.007,0.003,0.0941
t_6665,0.003,0.003,0.003,0.009,0.006,0.009,0.0535
t_6666,0.001,0.001,0.001,0.026,0.014,0.026,0.0569
t_6667,0.000,0.000,0.000,0.044,0.022,0.044,0.0632
t_6668,0.000,0.000,0.000,0.051,0.026,0.051,0.0647
t_6669,0.000,0.000,0.000,0.038,0.019,0.038,0.067
t_6670,0.000,0.000,0.000,0.019,0.010,0.019,0.0758
t_6671,0.000,0.000,0.000,0.007,0.004,0.007,0.0812
t_6672,0.000,0.000,0.000,0.002,0.001,0.002,0.0739
t_6673,0.001,0.001,0.001,0.001,0.001,0.001,0.0719
t_6674,0.001,0.001,0.001,0.000,0.001,0.000,0.0582
t_6675,0.000,0.000,0.000,0.000,0.000,0.000,0.0471
t_6676,0.000,0.000,0.000,0.000,0.000,0.000,0.0457
t_6677,0.000,0.000,0.000,0.000,0.000,0.000,0.051
t_6678,0.000,0.000,0.000,0.000,0.000,0.000,0.0505
t_6679,0.000,0.000,0.000,0.000,0.000,0.000,0.0458
t_6680,0.000,0.000,0.000,0.000,0.000,0.000,0.0337
t_6681,0.000,0.000,0.000,0.000,0.000,0.000,0.0204
t_6682,0.000,0.000,0.000,0.001,0.001,0.001,0.0212
t_6683,0.000,0.000,0.000,0.002,0.001,0.002,0.0227
t_6684,0.000,0.000,0.000,0.004,0.002,0.004,0.0303
t_6685,0.000,0.000,0.000,0.005,0.003,0.005,0.0478
t_6686,0.000,0.000,0.000,0.006,0.003,0.006,0.075
t_6687,0.000,0.000,0.000,0.011,0.006,0.011,0.0708
t_6688,0.005,0.005,0.005,0.014,0.010,0.014,0.0412
t_6689,0.006,0.006,0.006,0.021,0.014,0.021,0.0221
t_6690,0.005,0.005,0.005,0.026,0.016,0.026,0.0251
t_6691,0.001,0.001,0.001,0.013,0.007,0.013,0.032
t_6692,0.000,0.000,0.000,0.002,0.001,0.002,0.0299
t_6693,0.000,0.000,0.000,0.000,0.000,0.000,0.0144
t_6694,0.000,0.000,0.000,0.000,0.000,0.000,0.0058
t_6695,0.000,0.000,0.000,0.002,0.001,0.002,0.0063
t_6696,0.001,0.001,0.001,0.008,0.005,0.008,0.0104
t_6697,0.001,0.001,0.001,0.017,0.009,0.017,0.0145
t_6698,0.003,0.003,0.003,0.022,0.013,0.022,0.0193
t_6699,0.005,0.005,0.005,0.021,0.013,0.021,0.0213
t_6700,0.012,0.012,0.012,0.022,0.017,0.022,0.0246
t_6701,0.014,0.014,0.014,0.017,0.016,0.017,0.0304
t_6702,0.010,0.010,0.010,0.014,0.012,0.014,0.0394
t_6703,0.004,0.004,0.004,0.009,0.007,0.009,0.0471
t_6704,0.001,0.001,0.001,0.003,0.002,0.003,0.0323
t_6705,0.000,0.000,0.000,0.003,0.002,0.003,0.0066
t_6706,0.000,0.000,0.000,0.003,0.002,0.003,0.0001
t_6707,0.000,0.000,0.000,0.001,0.001,0.001,0.0001
t_6708,0.000,0.000,0.000,0.000,0.000,0.000,0.0002
t_6709,0.000,0.000,0.000,0.000,0.000,0.000,0.0003
t_6710,0.000,0.000,0.000,0.000,0.000,0.000,0.0008
t_6711,0.000,0.000,0.000,0.000,0.000,0.000,0.0007
t_6712,0.000,0.000,0.000,0.000,0.000,0.000,0.0006
t_6713,0.006,0.006,0.006,0.000,0.003,0.000,0.0005
t_6714,0.033,0.033,0.033,0.002,0.018,0.002,0.0001
t_6715,0.012,0.012,0.012,0.004,0.008,0.004,0.0035
t_6716,0.016,0.016,0.016,0.003,0.010,0.003,0.0107
t_6717,0.026,0.026,0.026,0.001,0.014,0.001,0.0102
t_6718,0.030,0.030,0.030,0.001,0.016,0.001,0.0069
t_6719,0.020,0.020,0.020,0.001,0.011,0.001,0.0053
t_6720,0.012,0.012,0.012,0.001,0.007,0.001,0.0046
t_6721,0.007,0.007,0.007,0.000,0.004,0.000,0.0056
t_6722,0.001,0.001,0.001,0.000,0.001,0.000,0.0074
t_6723,0.000,0.000,0.000,0.000,0.000,0.000,0.009
t_6724,0.000,0.000,0.000,0.000,0.000,0.000,0.0111
t_6725,0.001,0.001,0.001,0.000,0.001,0.000,0.0172
t_6726,0.002,0.002,0.002,0.000,0.001,0.000,0.022
t_6727,0.001,0.001,0.001,0.000,0.001,0.000,0.0232
t_6728,0.000,0.000,0.000,0.000,0.000,0.000,0.0174
t_6729,0.000,0.000,0.000,0.000,0.000,0.000,0.0017
t_6730,0.000,0.000,0.000,0.000,0.000,0.000,0.003
t_6731,0.000,0.000,0.000,0.000,0.000,0.000,0.0027
t_6732,0.000,0.000,0.000,0.000,0.000,0.000,0.0008
t_6733,0.000,0.000,0.000,0.000,0.000,0.000,0.0004
t_6734,0.000,0.000,0.000,0.001,0.001,0.001,0.001
t_6735,0.000,0.000,0.000,0.002,0.001,0.002,0.0039
t_6736,0.000,0.000,0.000,0.005,0.003,0.005,0.0031
t_6737,0.001,0.001,0.001,0.021,0.011,0.021,0.0018
t_6738,0.003,0.003,0.003,0.035,0.019,0.035,0.0003
t_6739,0.007,0.007,0.007,0.040,0.024,0.040,0.0013
t_6740,0.008,0.008,0.008,0.033,0.021,0.033,0.005
t_6741,0.025,0.025,0.025,0.030,0.028,0.030,0.0097
t_6742,0.089,0.089,0.089,0.028,0.059,0.028,0.0113
t_6743,0.167,0.167,0.167,0.027,0.097,0.027,0.0115
t_6744,0.228,0.228,0.228,0.028,0.128,0.028,0.0104
t_6745,0.250,0.250,0.250,0.033,0.142,0.033,0.0109
t_6746,0.236,0.236,0.236,0.037,0.137,0.037,0.0121
t_6747,0.189,0.189,0.189,0.040,0.115,0.040,0.0115
t_6748,0.160,0.160,0.160,0.050,0.105,0.050,0.0092
t_6749,0.121,0.121,0.121,0.051,0.086,0.051,0.0077
t_6750,0.071,0.071,0.071,0.040,0.056,0.040,0.0057
t_6751,0.033,0.033,0.033,0.030,0.032,0.030,0.0044
t_6752,0.010,0.010,0.010,0.006,0.008,0.006,0.0013
t_6753,0.001,0.001,0.001,0.001,0.001,0.001,0
t_6754,0.000,0.000,0.000,0.001,0.001,0.001,0
t_6755,0.000,0.000,0.000,0.003,0.002,0.003,0.0041
t_6756,0.000,0.000,0.000,0.011,0.006,0.011,0.0125
t_6757,0.000,0.000,0.000,0.024,0.012,0.024,0.018
t_6758,0.000,0.000,0.000,0.040,0.020,0.040,0.0178
t_6759,0.001,0.001,0.001,0.045,0.023,0.045,0.0146
t_6760,0.008,0.008,0.008,0.056,0.032,0.056,0.0136
t_6761,0.002,0.002,0.002,0.100,0.051,0.100,0.0045
t_6762,0.001,0.001,0.001,0.122,0.062,0.122,0.0001
t_6763,0.004,0.004,0.004,0.112,0.058,0.112,0
t_6764,0.011,0.011,0.011,0.095,0.053,0.095,0
t_6765,0.014,0.014,0.014,0.075,0.045,0.075,0.0009
t_6766,0.013,0.013,0.013,0.056,0.035,0.056,0.003
t_6767,0.005,0.005,0.005,0.052,0.029,0.052,0.0045
t_6768,0.000,0.000,0.000,0.046,0.023,0.046,0.0061
t_6769,0.000,0.000,0.000,0.034,0.017,0.034,0.0079
t_6770,0.000,0.000,0.000,0.026,0.013,0.026,0.0108
t_6771,0.000,0.000,0.000,0.005,0.003,0.005,0.0185
t_6772,0.000,0.000,0.000,0.004,0.002,0.004,0.0312
t_6773,0.000,0.000,0.000,0.003,0.002,0.003,0.0408
t_6774,0.000,0.000,0.000,0.006,0.003,0.006,0.0464
t_6775,0.000,0.000,0.000,0.005,0.003,0.005,0.0478
t_6776,0.000,0.000,0.000,0.002,0.001,0.002,0.0385
t_6777,0.000,0.000,0.000,0.003,0.002,0.003,0.0188
t_6778,0.000,0.000,0.000,0.002,0.001,0.002,0.0174
t_6779,0.000,0.000,0.000,0.001,0.001,0.001,0.0235
t_6780,0.000,0.000,0.000,0.001,0.001,0.001,0.0194
t_6781,0.000,0.000,0.000,0.001,0.001,0.001,0.0174
t_6782,0.000,0.000,0.000,0.001,0.001,0.001,0.015
t_6783,0.001,0.001,0.001,0.001,0.001,0.001,0.0116
t_6784,0.004,0.004,0.004,0.001,0.003,0.001,0.0137
t_6785,0.002,0.002,0.002,0.004,0.003,0.004,0.011
t_6786,0.000,0.000,0.000,0.008,0.004,0.008,0.0048
t_6787,0.000,0.000,0.000,0.015,0.008,0.015,0.002
t_6788,0.000,0.000,0.000,0.005,0.003,0.005,0.002
t_6789,0.000,0.000,0.000,0.006,0.003,0.006,0.0028
t_6790,0.000,0.000,0.000,0.006,0.003,0.006,0.0047
t_6791,0.004,0.004,0.004,0.008,0.006,0.008,0.0047
t_6792,0.038,0.038,0.038,0.006,0.022,0.006,0.0023
t_6793,0.051,0.051,0.051,0.007,0.029,0.007,0.0014
t_6794,0.080,0.080,0.080,0.008,0.044,0.008,0.0009
t_6795,0.094,0.094,0.094,0.007,0.051,0.007,0.0004
t_6796,0.099,0.099,0.099,0.005,0.052,0.005,0.0003
t_6797,0.101,0.101,0.101,0.004,0.053,0.004,0.0014
t_6798,0.095,0.095,0.095,0.003,0.049,0.003,0.0009
t_6799,0.083,0.083,0.083,0.002,0.043,0.002,0.0011
t_6800,0.034,0.034,0.034,0.000,0.017,0.000,0.0007
t_6801,0.005,0.005,0.005,0.000,0.003,0.000,0.0049
t_6802,0.001,0.001,0.001,0.000,0.001,0.000,0.0232
t_6803,0.001,0.001,0.001,0.000,0.001,0.000,0.03
t_6804,0.000,0.000,0.000,0.000,0.000,0.000,0.0144
t_6805,0.000,0.000,0.000,0.000,0.000,0.000,0.0071
t_6806,0.000,0.000,0.000,0.000,0.000,0.000,0.0044
t_6807,0.000,0.000,0.000,0.000,0.000,0.000,0.0046
t_6808,0.008,0.008,0.008,0.000,0.004,0.000,0.0124
t_6809,0.033,0.033,0.033,0.000,0.017,0.000,0.0067
t_6810,0.021,0.021,0.021,0.000,0.011,0.000,0.0024
t_6811,0.000,0.000,0.000,0.000,0.000,0.000,0.0051
t_6812,0.000,0.000,0.000,0.001,0.001,0.001,0.0186
t_6813,0.000,0.000,0.000,0.003,0.002,0.003,0.0429
t_6814,0.000,0.000,0.000,0.006,0.003,0.006,0.0498
t_6815,0.001,0.001,0.001,0.005,0.003,0.005,0.0444
t_6816,0.002,0.002,0.002,0.005,0.004,0.005,0.0424
t_6817,0.006,0.006,0.006,0.004,0.005,0.004,0.0407
t_6818,0.023,0.023,0.023,0.004,0.014,0.004,0.0399
t_6819,0.037,0.037,0.037,0.003,0.020,0.003,0.0378
t_6820,0.017,0.017,0.017,0.003,0.010,0.003,0.0354
t_6821,0.007,0.007,0.007,0.002,0.005,0.002,0.0304
t_6822,0.002,0.002,0.002,0.001,0.002,0.001,0.0289
t_6823,0.001,0.001,0.001,0.000,0.001,0.000,0.028
t_6824,0.000,0.000,0.000,0.000,0.000,0.000,0.0177
t_6825,0.000,0.000,0.000,0.000,0.000,0.000,0.0047
t_6826,0.000,0.000,0.000,0.000,0.000,0.000,0.0048
t_6827,0.000,0.000,0.000,0.000,0.000,0.000,0.0117
t_6828,0.000,0.000,0.000,0.000,0.000,0.000,0.0157
t_6829,0.000,0.000,0.000,0.000,0.000,0.000,0.0208
t_6830,0.000,0.000,0.000,0.000,0.000,0.000,0.0208
t_6831,0.000,0.000,0.000,0.000,0.000,0.000,0.0244
t_6832,0.000,0.000,0.000,0.000,0.000,0.000,0.0152
t_6833,0.020,0.020,0.020,0.002,0.011,0.002,0.0041
t_6834,0.004,0.004,0.004,0.001,0.003,0.001,0.0006
t_6835,0.000,0.000,0.000,0.000,0.000,0.000,0.0017
t_6836,0.000,0.000,0.000,0.000,0.000,0.000,0.0061
t_6837,0.000,0.000,0.000,0.000,0.000,0.000,0.0099
t_6838,0.000,0.000,0.000,0.000,0.000,0.000,0.0176
t_6839,0.000,0.000,0.000,0.000,0.000,0.000,0.0125
t_6840,0.006,0.006,0.006,0.001,0.004,0.001,0.0102
t_6841,0.022,0.022,0.022,0.002,0.012,0.002,0.01
t_6842,0.041,0.041,0.041,0.005,0.023,0.005,0.0112
t_6843,0.044,0.044,0.044,0.020,0.032,0.020,0.0135
t_6844,0.038,0.038,0.038,0.019,0.029,0.019,0.0167
t_6845,0.027,0.027,0.027,0.016,0.022,0.016,0.0177
t_6846,0.014,0.014,0.014,0.014,0.014,0.014,0.0153
t_6847,0.006,0.006,0.006,0.010,0.008,0.010,0.013
t_6848,0.003,0.003,0.003,0.002,0.003,0.002,0.0069
t_6849,0.001,0.001,0.001,0.001,0.001,0.001,0.0002
t_6850,0.000,0.000,0.000,0.002,0.001,0.002,0.0001
t_6851,0.000,0.000,0.000,0.001,0.001,0.001,0.0002
t_6852,0.000,0.000,0.000,0.001,0.001,0.001,0.0015
t_6853,0.000,0.000,0.000,0.000,0.000,0.000,0.0039
t_6854,0.000,0.000,0.000,0.000,0.000,0.000,0.0094
t_6855,0.000,0.000,0.000,0.000,0.000,0.000,0.0146
t_6856,0.000,0.000,0.000,0.000,0.000,0.000,0.0049
t_6857,0.020,0.020,0.020,0.001,0.011,0.001,0.0002
t_6858,0.006,0.006,0.006,0.002,0.004,0.002,0
t_6859,0.000,0.000,0.000,0.000,0.000,0.000,0.0011
t_6860,0.000,0.000,0.000,0.000,0.000,0.000,0.008
t_6861,0.001,0.001,0.001,0.000,0.001,0.000,0.0148
t_6862,0.001,0.001,0.001,0.000,0.001,0.000,0.0139
t_6863,0.001,0.001,0.001,0.000,0.001,0.000,0.0119
t_6864,0.001,0.001,0.001,0.000,0.001,0.000,0.0112
t_6865,0.001,0.001,0.001,0.000,0.001,0.000,0.011
t_6866,0.001,0.001,0.001,0.000,0.001,0.000,0.0115
t_6867,0.000,0.000,0.000,0.000,0.000,0.000,0.0135
t_6868,0.000,0.000,0.000,0.000,0.000,0.000,0.016
t_6869,0.000,0.000,0.000,0.000,0.000,0.000,0.0203
t_6870,0.000,0.000,0.000,0.000,0.000,0.000,0.0259
t_6871,0.001,0.001,0.001,0.000,0.001,0.000,0.0295
t_6872,0.001,0.001,0.001,0.000,0.001,0.000,0.0221
t_6873,0.000,0.000,0.000,0.000,0.000,0.000,0.001
t_6874,0.000,0.000,0.000,0.000,0.000,0.000,0.0009
t_6875,0.000,0.000,0.000,0.000,0.000,0.000,0.0023
t_6876,0.000,0.000,0.000,0.000,0.000,0.000,0.0071
t_6877,0.000,0.000,0.000,0.000,0.000,0.000,0.0168
t_6878,0.000,0.000,0.000,0.000,0.000,0.000,0.0236
t_6879,0.000,0.000,0.000,0.000,0.000,0.000,0.0186
t_6880,0.000,0.000,0.000,0.000,0.000,0.000,0.01
t_6881,0.000,0.000,0.000,0.000,0.000,0.000,0.0024
t_6882,0.000,0.000,0.000,0.001,0.001,0.001,0
t_6883,0.000,0.000,0.000,0.003,0.002,0.003,0
t_6884,0.003,0.003,0.003,0.006,0.005,0.006,0.0001
t_6885,0.010,0.010,0.010,0.006,0.008,0.006,0.0012
t_6886,0.020,0.020,0.020,0.002,0.011,0.002,0.0019
t_6887,0.035,0.035,0.035,0.000,0.018,0.000,0.003
t_6888,0.034,0.034,0.034,0.000,0.017,0.000,0.0052
t_6889,0.031,0.031,0.031,0.001,0.016,0.001,0.0136
t_6890,0.034,0.034,0.034,0.002,0.018,0.002,0.0312
t_6891,0.028,0.028,0.028,0.002,0.015,0.002,0.0456
t_6892,0.020,0.020,0.020,0.002,0.011,0.002,0.0611
t_6893,0.024,0.024,0.024,0.002,0.013,0.002,0.0649
t_6894,0.029,0.029,0.029,0.003,0.016,0.003,0.0611
t_6895,0.039,0.039,0.039,0.001,0.020,0.001,0.0465
t_6896,0.022,0.022,0.022,0.001,0.012,0.001,0.0239
t_6897,0.003,0.003,0.003,0.000,0.002,0.000,0.0023
t_6898,0.000,0.000,0.000,0.000,0.000,0.000,0.001
t_6899,0.000,0.000,0.000,0.000,0.000,0.000,0
t_6900,0.000,0.000,0.000,0.000,0.000,0.000,0
t_6901,0.000,0.000,0.000,0.000,0.000,0.000,0
t_6902,0.000,0.000,0.000,0.000,0.000,0.000,0
t_6903,0.026,0.026,0.026,0.000,0.013,0.000,0.0056
t_6904,0.019,0.019,0.019,0.000,0.010,0.000,0.0102
t_6905,0.031,0.031,0.031,0.002,0.017,0.002,0.0049
t_6906,0.046,0.046,0.046,0.011,0.029,0.011,0.0033
t_6907,0.016,0.016,0.016,0.021,0.019,0.021,0.0181
t_6908,0.021,0.021,0.021,0.018,0.020,0.018,0.0227
t_6909,0.019,0.019,0.019,0.013,0.016,0.013,0.0153
t_6910,0.011,0.011,0.011,0.003,0.007,0.003,0.009
t_6911,0.006,0.006,0.006,0.000,0.003,0.000,0.0042
t_6912,0.005,0.005,0.005,0.000,0.003,0.000,0.0044
t_6913,0.005,0.005,0.005,0.000,0.003,0.000,0.0057
t_6914,0.007,0.007,0.007,0.000,0.004,0.000,0.01
t_6915,0.009,0.009,0.009,0.000,0.005,0.000,0.016
t_6916,0.017,0.017,0.017,0.000,0.009,0.000,0.0183
t_6917,0.023,0.023,0.023,0.000,0.012,0.000,0.0184
t_6918,0.042,0.042,0.042,0.000,0.021,0.000,0.0163
t_6919,0.056,0.056,0.056,0.000,0.028,0.000,0.0127
t_6920,0.045,0.045,0.045,0.000,0.023,0.000,0.0109
t_6921,0.042,0.042,0.042,0.000,0.021,0.000,0.0001
t_6922,0.041,0.041,0.041,0.000,0.021,0.000,0.002
t_6923,0.040,0.040,0.040,0.000,0.020,0.000,0.0049
t_6924,0.032,0.032,0.032,0.000,0.016,0.000,0.0079
t_6925,0.026,0.026,0.026,0.003,0.015,0.003,0.0101
t_6926,0.021,0.021,0.021,0.009,0.015,0.009,0.0132
t_6927,0.018,0.018,0.018,0.020,0.019,0.020,0.0171
t_6928,0.019,0.019,0.019,0.026,0.023,0.026,0.0084
t_6929,0.040,0.040,0.040,0.036,0.038,0.036,0.0013
t_6930,0.044,0.044,0.044,0.041,0.043,0.041,0.0012
t_6931,0.038,0.038,0.038,0.041,0.040,0.041,0.0097
t_6932,0.042,0.042,0.042,0.032,0.037,0.032,0.0299
t_6933,0.027,0.027,0.027,0.026,0.027,0.026,0.0394
t_6934,0.025,0.025,0.025,0.017,0.021,0.017,0.033
t_6935,0.063,0.063,0.063,0.009,0.036,0.009,0.0349
t_6936,0.087,0.087,0.087,0.003,0.045,0.003,0.0375
t_6937,0.066,0.066,0.066,0.001,0.034,0.001,0.0376
t_6938,0.076,0.076,0.076,0.000,0.038,0.000,0.0365
t_6939,0.070,0.070,0.070,0.000,0.035,0.000,0.0331
t_6940,0.055,0.055,0.055,0.000,0.028,0.000,0.0256
t_6941,0.045,0.045,0.045,0.000,0.023,0.000,0.0223
t_6942,0.038,0.038,0.038,0.000,0.019,0.000,0.0248
t_6943,0.042,0.042,0.042,0.000,0.021,0.000,0.0243
t_6944,0.062,0.062,0.062,0.000,0.031,0.000,0.019
t_6945,0.001,0.001,0.001,0.000,0.001,0.000,0.0019
t_6946,0.001,0.001,0.001,0.000,0.001,0.000,0
t_6947,0.001,0.001,0.001,0.000,0.001,0.000,0.0001
t_6948,0.002,0.002,0.002,0.000,0.001,0.000,0.0004
t_6949,0.009,0.009,0.009,0.000,0.005,0.000,0.0137
t_6950,0.012,0.012,0.012,0.000,0.006,0.000,0.0419
t_6951,0.008,0.008,0.008,0.000,0.004,0.000,0.0522
t_6952,0.001,0.001,0.001,0.000,0.001,0.000,0.0376
t_6953,0.000,0.000,0.000,0.000,0.000,0.000,0.0207
t_6954,0.000,0.000,0.000,0.000,0.000,0.000,0.0047
t_6955,0.000,0.000,0.000,0.000,0.000,0.000,0.0063
t_6956,0.000,0.000,0.000,0.001,0.001,0.001,0.0069
t_6957,0.003,0.003,0.003,0.006,0.005,0.006,0.0048
t_6958,0.013,0.013,0.013,0.023,0.018,0.023,0.0037
t_6959,0.009,0.009,0.009,0.071,0.040,0.071,0.0042
t_6960,0.003,0.003,0.003,0.113,0.058,0.113,0.0091
t_6961,0.002,0.002,0.002,0.143,0.073,0.143,0.0152
t_6962,0.002,0.002,0.002,0.167,0.085,0.167,0.0237
t_6963,0.002,0.002,0.002,0.172,0.087,0.172,0.0406
t_6964,0.001,0.001,0.001,0.155,0.078,0.155,0.0522
t_6965,0.002,0.002,0.002,0.134,0.068,0.134,0.0552
t_6966,0.006,0.006,0.006,0.124,0.065,0.124,0.0478
t_6967,0.009,0.009,0.009,0.105,0.057,0.105,0.039
t_6968,0.015,0.015,0.015,0.059,0.037,0.059,0.0281
t_6969,0.005,0.005,0.005,0.032,0.019,0.032,0.0096
t_6970,0.001,0.001,0.001,0.037,0.019,0.037,0.0148
t_6971,0.001,0.001,0.001,0.061,0.031,0.061,0.0052
t_6972,0.001,0.001,0.001,0.084,0.043,0.084,0.0011
t_6973,0.002,0.002,0.002,0.070,0.036,0.070,0.0018
t_6974,0.004,0.004,0.004,0.044,0.024,0.044,0.0083
t_6975,0.005,0.005,0.005,0.018,0.012,0.018,0.0141
t_6976,0.009,0.009,0.009,0.005,0.007,0.005,0.0151
t_6977,0.013,0.013,0.013,0.003,0.008,0.003,0.0112
t_6978,0.003,0.003,0.003,0.002,0.003,0.002,0.0079
t_6979,0.002,0.002,0.002,0.001,0.002,0.001,0.0139
t_6980,0.001,0.001,0.001,0.002,0.002,0.002,0.0249
t_6981,0.000,0.000,0.000,0.002,0.001,0.002,0.0399
t_6982,0.000,0.000,0.000,0.003,0.002,0.003,0.0446
t_6983,0.000,0.000,0.000,0.004,0.002,0.004,0.0369
t_6984,0.000,0.000,0.000,0.006,0.003,0.006,0.0365
t_6985,0.000,0.000,0.000,0.007,0.004,0.007,0.0332
t_6986,0.000,0.000,0.000,0.008,0.004,0.008,0.0249
t_6987,0.004,0.004,0.004,0.008,0.006,0.008,0.0201
t_6988,0.005,0.005,0.005,0.005,0.005,0.005,0.0214
t_6989,0.006,0.006,0.006,0.003,0.005,0.003,0.028
t_6990,0.006,0.006,0.006,0.004,0.005,0.004,0.0345
t_6991,0.007,0.007,0.007,0.003,0.005,0.003,0.0344
t_6992,0.004,0.004,0.004,0.001,0.003,0.001,0.0278
t_6993,0.000,0.000,0.000,0.002,0.001,0.002,0.0039
t_6994,0.000,0.000,0.000,0.012,0.006,0.012,0
t_6995,0.000,0.000,0.000,0.043,0.022,0.043,0
t_6996,0.000,0.000,0.000,0.088,0.044,0.088,0.004
t_6997,0.000,0.000,0.000,0.131,0.066,0.131,0.0113
t_6998,0.003,0.003,0.003,0.170,0.087,0.170,0.0222
t_6999,0.014,0.014,0.014,0.179,0.097,0.179,0.0407
t_7000,0.034,0.034,0.034,0.113,0.074,0.113,0.0357
t_7001,0.040,0.040,0.040,0.086,0.063,0.086,0.0195
t_7002,0.016,0.016,0.016,0.092,0.054,0.092,0.0254
t_7003,0.004,0.004,0.004,0.081,0.043,0.081,0.052
t_7004,0.001,0.001,0.001,0.058,0.030,0.058,0.0801
t_7005,0.000,0.000,0.000,0.040,0.020,0.040,0.1002
t_7006,0.000,0.000,0.000,0.051,0.026,0.051,0.1142
t_7007,0.000,0.000,0.000,0.062,0.031,0.062,0.1261
t_7008,0.000,0.000,0.000,0.064,0.032,0.064,0.1443
t_7009,0.000,0.000,0.000,0.073,0.037,0.073,0.1574
t_7010,0.000,0.000,0.000,0.074,0.037,0.074,0.1354
t_7011,0.000,0.000,0.000,0.069,0.035,0.069,0.0964
t_7012,0.000,0.000,0.000,0.065,0.033,0.065,0.0753
t_7013,0.000,0.000,0.000,0.060,0.030,0.060,0.0622
t_7014,0.000,0.000,0.000,0.066,0.033,0.066,0.0534
t_7015,0.000,0.000,0.000,0.067,0.034,0.067,0.0531
t_7016,0.000,0.000,0.000,0.085,0.043,0.085,0.0545
t_7017,0.000,0.000,0.000,0.221,0.111,0.221,0.0323
t_7018,0.000,0.000,0.000,0.261,0.131,0.261,0.0105
t_7019,0.000,0.000,0.000,0.261,0.131,0.261,0.0063
t_7020,0.001,0.001,0.001,0.240,0.121,0.240,0.0074
t_7021,0.002,0.002,0.002,0.199,0.101,0.199,0.0244
t_7022,0.003,0.003,0.003,0.157,0.080,0.157,0.0387
t_7023,0.006,0.006,0.006,0.115,0.061,0.115,0.0411
t_7024,0.017,0.017,0.017,0.062,0.040,0.062,0.035
t_7025,0.041,0.041,0.041,0.028,0.035,0.028,0.0336
t_7026,0.018,0.018,0.018,0.020,0.019,0.020,0.0319
t_7027,0.016,0.016,0.016,0.015,0.016,0.015,0.0529
t_7028,0.012,0.012,0.012,0.017,0.015,0.017,0.0632
t_7029,0.015,0.015,0.015,0.017,0.016,0.017,0.0671
t_7030,0.011,0.011,0.011,0.019,0.015,0.019,0.0811
t_7031,0.010,0.010,0.010,0.019,0.015,0.019,0.1038
t_7032,0.013,0.013,0.013,0.017,0.015,0.017,0.1268
t_7033,0.018,0.018,0.018,0.014,0.016,0.014,0.1555
t_7034,0.031,0.031,0.031,0.008,0.020,0.008,0.1809
t_7035,0.055,0.055,0.055,0.005,0.030,0.005,0.1921
t_7036,0.098,0.098,0.098,0.003,0.051,0.003,0.177
t_7037,0.135,0.135,0.135,0.002,0.069,0.002,0.1392
t_7038,0.149,0.149,0.149,0.001,0.075,0.001,0.0938
t_7039,0.151,0.151,0.151,0.001,0.076,0.001,0.0592
t_7040,0.122,0.122,0.122,0.001,0.062,0.001,0.0348
t_7041,0.181,0.181,0.181,0.003,0.092,0.003,0.0045
t_7042,0.282,0.282,0.282,0.004,0.143,0.004,0.0085
t_7043,0.397,0.397,0.397,0.004,0.201,0.004,0.024
t_7044,0.479,0.479,0.479,0.005,0.242,0.005,0.0305
t_7045,0.509,0.509,0.509,0.007,0.258,0.007,0.0286
t_7046,0.526,0.526,0.526,0.013,0.270,0.013,0.0239
t_7047,0.525,0.525,0.525,0.021,0.273,0.021,0.0216
t_7048,0.515,0.515,0.515,0.032,0.274,0.032,0.0191
t_7049,0.504,0.504,0.504,0.048,0.276,0.048,0.0075
t_7050,0.533,0.533,0.533,0.083,0.308,0.083,0.0012
t_7051,0.464,0.464,0.464,0.094,0.279,0.094,0.0009
t_7052,0.351,0.351,0.351,0.103,0.227,0.103,0.0024
t_7053,0.247,0.247,0.247,0.110,0.179,0.110,0.005
t_7054,0.191,0.191,0.191,0.125,0.158,0.125,0.0104
t_7055,0.155,0.155,0.155,0.146,0.151,0.146,0.0132
t_7056,0.122,0.122,0.122,0.170,0.146,0.170,0.0184
t_7057,0.127,0.127,0.127,0.187,0.157,0.187,0.025
t_7058,0.150,0.150,0.150,0.190,0.170,0.190,0.0365
t_7059,0.329,0.329,0.329,0.183,0.256,0.183,0.0508
t_7060,0.336,0.336,0.336,0.171,0.254,0.171,0.0351
t_7061,0.337,0.337,0.337,0.156,0.247,0.156,0.0255
t_7062,0.341,0.341,0.341,0.143,0.242,0.143,0.0258
t_7063,0.327,0.327,0.327,0.128,0.228,0.128,0.0201
t_7064,0.215,0.215,0.215,0.075,0.145,0.075,0.014
t_7065,0.041,0.041,0.041,0.055,0.048,0.055,0.015
t_7066,0.016,0.016,0.016,0.059,0.038,0.059,0.0166
t_7067,0.015,0.015,0.015,0.055,0.035,0.055,0.0258
t_7068,0.013,0.013,0.013,0.036,0.025,0.036,0.0413
t_7069,0.011,0.011,0.011,0.020,0.016,0.020,0.0546
t_7070,0.007,0.007,0.007,0.013,0.010,0.013,0.0561
t_7071,0.004,0.004,0.004,0.007,0.006,0.007,0.0519
t_7072,0.000,0.000,0.000,0.004,0.002,0.004,0.0386
t_7073,0.000,0.000,0.000,0.010,0.005,0.010,0.023
t_7074,0.000,0.000,0.000,0.014,0.007,0.014,0.0158
t_7075,0.000,0.000,0.000,0.009,0.005,0.009,0.0078
t_7076,0.005,0.005,0.005,0.003,0.004,0.003,0.0027
t_7077,0.127,0.127,0.127,0.004,0.066,0.004,0.0014
t_7078,0.262,0.262,0.262,0.005,0.134,0.005,0.0005
t_7079,0.348,0.348,0.348,0.005,0.177,0.005,0.0002
t_7080,0.372,0.372,0.372,0.006,0.189,0.006,0.0001
t_7081,0.349,0.349,0.349,0.008,0.179,0.008,0
t_7082,0.288,0.288,0.288,0.009,0.149,0.009,0
t_7083,0.217,0.217,0.217,0.011,0.114,0.011,0
t_7084,0.150,0.150,0.150,0.010,0.080,0.010,0
t_7085,0.123,0.123,0.123,0.008,0.066,0.008,0
t_7086,0.128,0.128,0.128,0.007,0.068,0.007,0
t_7087,0.140,0.140,0.140,0.002,0.071,0.002,0
t_7088,0.088,0.088,0.088,0.000,0.044,0.000,0
t_7089,0.020,0.020,0.020,0.000,0.010,0.000,0.0009
t_7090,0.003,0.003,0.003,0.000,0.002,0.000,0.0168
t_7091,0.002,0.002,0.002,0.000,0.001,0.000,0.0254
t_7092,0.001,0.001,0.001,0.000,0.001,0.000,0.0299
t_7093,0.000,0.000,0.000,0.000,0.000,0.000,0.0296
t_7094,0.000,0.000,0.000,0.002,0.001,0.002,0.0277
t_7095,0.000,0.000,0.000,0.006,0.003,0.006,0.0205
t_7096,0.000,0.000,0.000,0.031,0.016,0.031,0.0187
t_7097,0.000,0.000,0.000,0.085,0.043,0.085,0.0092
t_7098,0.000,0.000,0.000,0.115,0.058,0.115,0.0064
t_7099,0.000,0.000,0.000,0.095,0.048,0.095,0.0096
t_7100,0.000,0.000,0.000,0.071,0.036,0.071,0.0102
t_7101,0.003,0.003,0.003,0.048,0.026,0.048,0.0164
t_7102,0.019,0.019,0.019,0.018,0.019,0.018,0.0275
t_7103,0.059,0.059,0.059,0.005,0.032,0.005,0.0351
t_7104,0.108,0.108,0.108,0.002,0.055,0.002,0.0368
t_7105,0.144,0.144,0.144,0.001,0.073,0.001,0.0433
t_7106,0.159,0.159,0.159,0.001,0.080,0.001,0.0512
t_7107,0.142,0.142,0.142,0.001,0.072,0.001,0.0516
t_7108,0.135,0.135,0.135,0.001,0.068,0.001,0.0427
t_7109,0.129,0.129,0.129,0.002,0.066,0.002,0.0327
t_7110,0.122,0.122,0.122,0.002,0.062,0.002,0.0251
t_7111,0.078,0.078,0.078,0.002,0.040,0.002,0.0172
t_7112,0.071,0.071,0.071,0.000,0.036,0.000,0.0062
t_7113,0.026,0.026,0.026,0.000,0.013,0.000,0.0027
t_7114,0.020,0.020,0.020,0.000,0.010,0.000,0.016
t_7115,0.050,0.050,0.050,0.000,0.025,0.000,0.0228
t_7116,0.075,0.075,0.075,0.000,0.038,0.000,0.0333
t_7117,0.093,0.093,0.093,0.000,0.047,0.000,0.0404
t_7118,0.089,0.089,0.089,0.000,0.045,0.000,0.0383
t_7119,0.063,0.063,0.063,0.000,0.032,0.000,0.0293
t_7120,0.026,0.026,0.026,0.000,0.013,0.000,0.0316
t_7121,0.027,0.027,0.027,0.000,0.014,0.000,0.0204
t_7122,0.090,0.090,0.090,0.001,0.046,0.001,0.0109
t_7123,0.254,0.254,0.254,0.003,0.129,0.003,0.0145
t_7124,0.486,0.486,0.486,0.002,0.244,0.002,0.0213
t_7125,0.683,0.683,0.683,0.006,0.345,0.006,0.0275
t_7126,0.797,0.797,0.797,0.016,0.407,0.016,0.0352
t_7127,0.870,0.870,0.870,0.035,0.453,0.035,0.0507
t_7128,0.880,0.880,0.880,0.049,0.465,0.049,0.0632
t_7129,0.893,0.893,0.893,0.057,0.475,0.057,0.062
t_7130,0.903,0.903,0.903,0.059,0.481,0.059,0.0555
t_7131,0.910,0.910,0.910,0.049,0.480,0.049,0.0453
t_7132,0.902,0.902,0.902,0.066,0.484,0.066,0.0321
t_7133,0.820,0.820,0.820,0.076,0.448,0.076,0.0261
t_7134,0.776,0.776,0.776,0.079,0.428,0.079,0.0149
t_7135,0.722,0.722,0.722,0.082,0.402,0.082,0.0061
t_7136,0.600,0.600,0.600,0.067,0.334,0.067,0.0027
t_7137,0.388,0.388,0.388,0.032,0.210,0.032,0
t_7138,0.325,0.325,0.325,0.014,0.170,0.014,0.0009
t_7139,0.322,0.322,0.322,0.017,0.170,0.017,0.0033
t_7140,0.301,0.301,0.301,0.038,0.170,0.038,0.0052
t_7141,0.269,0.269,0.269,0.052,0.161,0.052,0.0072
t_7142,0.134,0.134,0.134,0.048,0.091,0.048,0.0256
t_7143,0.100,0.100,0.100,0.015,0.058,0.015,0.0259
t_7144,0.073,0.073,0.073,0.002,0.038,0.002,0.0235
t_7145,0.028,0.028,0.028,0.001,0.015,0.001,0.0139
t_7146,0.024,0.024,0.024,0.000,0.012,0.000,0.0106
t_7147,0.063,0.063,0.063,0.000,0.032,0.000,0.0092
t_7148,0.087,0.087,0.087,0.000,0.044,0.000,0.0085
t_7149,0.122,0.122,0.122,0.002,0.062,0.002,0.0053
t_7150,0.139,0.139,0.139,0.013,0.076,0.013,0.0039
t_7151,0.171,0.171,0.171,0.011,0.091,0.011,0.0037
t_7152,0.248,0.248,0.248,0.006,0.127,0.006,0.0037
t_7153,0.305,0.305,0.305,0.003,0.154,0.003,0.0062
t_7154,0.339,0.339,0.339,0.001,0.170,0.001,0.0094
t_7155,0.353,0.353,0.353,0.000,0.177,0.000,0.0155
t_7156,0.302,0.302,0.302,0.000,0.151,0.000,0.0246
t_7157,0.307,0.307,0.307,0.000,0.154,0.000,0.0358
t_7158,0.347,0.347,0.347,0.002,0.175,0.002,0.0438
t_7159,0.377,0.377,0.377,0.010,0.194,0.010,0.0524
t_7160,0.312,0.312,0.312,0.011,0.162,0.011,0.0562
t_7161,0.120,0.120,0.120,0.001,0.061,0.001,0.032
t_7162,0.022,0.022,0.022,0.001,0.012,0.001,0.0107
t_7163,0.008,0.008,0.008,0.001,0.005,0.001,0.0496
t_7164,0.011,0.011,0.011,0.000,0.006,0.000,0.06
t_7165,0.014,0.014,0.014,0.000,0.007,0.000,0.0489
t_7166,0.017,0.017,0.017,0.000,0.009,0.000,0.0395
t_7167,0.019,0.019,0.019,0.001,0.010,0.001,0.0258
t_7168,0.016,0.016,0.016,0.004,0.010,0.004,0.0119
t_7169,0.023,0.023,0.023,0.009,0.016,0.009,0.0014
t_7170,0.032,0.032,0.032,0.016,0.024,0.016,0.0001
t_7171,0.066,0.066,0.066,0.016,0.041,0.016,0.0029
t_7172,0.114,0.114,0.114,0.008,0.061,0.008,0.0053
t_7173,0.169,0.169,0.169,0.004,0.087,0.004,0.0057
t_7174,0.203,0.203,0.203,0.004,0.104,0.004,0.0066
t_7175,0.231,0.231,0.231,0.011,0.121,0.011,0.0087
t_7176,0.257,0.257,0.257,0.015,0.136,0.015,0.0127
t_7177,0.275,0.275,0.275,0.033,0.154,0.033,0.0184
t_7178,0.289,0.289,0.289,0.036,0.163,0.036,0.0223
t_7179,0.291,0.291,0.291,0.039,0.165,0.039,0.0211
t_7180,0.316,0.316,0.316,0.044,0.180,0.044,0.0144
t_7181,0.341,0.341,0.341,0.051,0.196,0.051,0.0076
t_7182,0.334,0.334,0.334,0.064,0.199,0.064,0.0043
t_7183,0.366,0.366,0.366,0.073,0.220,0.073,0.0029
t_7184,0.376,0.376,0.376,0.061,0.219,0.061,0.0013
t_7185,0.338,0.338,0.338,0.024,0.181,0.024,0
t_7186,0.361,0.361,0.361,0.008,0.185,0.008,0
t_7187,0.229,0.229,0.229,0.007,0.118,0.007,0.0029
t_7188,0.233,0.233,0.233,0.010,0.122,0.010,0.0086
t_7189,0.215,0.215,0.215,0.011,0.113,0.011,0.0145
t_7190,0.168,0.168,0.168,0.009,0.089,0.009,0.0226
t_7191,0.100,0.100,0.100,0.005,0.053,0.005,0.0328
t_7192,0.076,0.076,0.076,0.008,0.042,0.008,0.0315
t_7193,0.171,0.171,0.171,0.019,0.095,0.019,0.0114
t_7194,0.216,0.216,0.216,0.039,0.128,0.039,0.0027
t_7195,0.238,0.238,0.238,0.071,0.155,0.071,0.0075
t_7196,0.228,0.228,0.228,0.119,0.174,0.119,0.0136
t_7197,0.203,0.203,0.203,0.158,0.181,0.158,0.0186
t_7198,0.172,0.172,0.172,0.185,0.179,0.185,0.0262
t_7199,0.073,0.073,0.073,0.196,0.135,0.196,0.0349
t_7200,0.061,0.061,0.061,0.198,0.130,0.198,0.0483
t_7201,0.044,0.044,0.044,0.191,0.118,0.191,0.0672
t_7202,0.027,0.027,0.027,0.163,0.095,0.163,0.0976
t_7203,0.015,0.015,0.015,0.140,0.078,0.140,0.134
t_7204,0.004,0.004,0.004,0.130,0.067,0.130,0.1708
t_7205,0.002,0.002,0.002,0.124,0.063,0.124,0.2103
t_7206,0.001,0.001,0.001,0.119,0.060,0.119,0.2331
t_7207,0.000,0.000,0.000,0.119,0.060,0.119,0.218
t_7208,0.001,0.001,0.001,0.095,0.048,0.095,0.1419
t_7209,0.000,0.000,0.000,0.065,0.033,0.065,0.066
t_7210,0.000,0.000,0.000,0.088,0.044,0.088,0.017
t_7211,0.000,0.000,0.000,0.110,0.055,0.110,0.0002
t_7212,0.000,0.000,0.000,0.094,0.047,0.094,0
t_7213,0.000,0.000,0.000,0.049,0.025,0.049,0.0013
t_7214,0.000,0.000,0.000,0.015,0.008,0.015,0.0065
t_7215,0.000,0.000,0.000,0.002,0.001,0.002,0.011
t_7216,0.000,0.000,0.000,0.000,0.000,0.000,0.008
t_7217,0.000,0.000,0.000,0.000,0.000,0.000,0.0028
t_7218,0.000,0.000,0.000,0.000,0.000,0.000,0
t_7219,0.000,0.000,0.000,0.000,0.000,0.000,0
t_7220,0.026,0.026,0.026,0.000,0.013,0.000,0.0003
t_7221,0.123,0.123,0.123,0.000,0.062,0.000,0.0011
t_7222,0.255,0.255,0.255,0.004,0.130,0.004,0.0035
t_7223,0.375,0.375,0.375,0.008,0.192,0.008,0.0059
t_7224,0.446,0.446,0.446,0.009,0.228,0.009,0.0064
t_7225,0.484,0.484,0.484,0.011,0.248,0.011,0.0066
t_7226,0.513,0.513,0.513,0.011,0.262,0.011,0.0064
t_7227,0.479,0.479,0.479,0.011,0.245,0.011,0.0058
t_7228,0.481,0.481,0.481,0.012,0.247,0.012,0.006
t_7229,0.440,0.440,0.440,0.017,0.229,0.017,0.0042
t_7230,0.383,0.383,0.383,0.032,0.208,0.032,0.0048
t_7231,0.351,0.351,0.351,0.052,0.202,0.052,0.01
t_7232,0.281,0.281,0.281,0.067,0.174,0.067,0.0122
t_7233,0.182,0.182,0.182,0.082,0.132,0.082,0.0106
t_7234,0.138,0.138,0.138,0.096,0.117,0.096,0.0444
t_7235,0.171,0.171,0.171,0.129,0.150,0.129,0.0973
t_7236,0.218,0.218,0.218,0.148,0.183,0.148,0.1211
t_7237,0.250,0.250,0.250,0.118,0.184,0.118,0.1116
t_7238,0.251,0.251,0.251,0.054,0.153,0.054,0.0871
t_7239,0.229,0.229,0.229,0.007,0.118,0.007,0.0641
t_7240,0.086,0.086,0.086,0.000,0.043,0.000,0.029
t_7241,0.072,0.072,0.072,0.000,0.036,0.000,0.0147
t_7242,0.123,0.123,0.123,0.000,0.062,0.000,0.0125
t_7243,0.107,0.107,0.107,0.000,0.054,0.000,0.0099
t_7244,0.099,0.099,0.099,0.001,0.050,0.001,0.0103
t_7245,0.099,0.099,0.099,0.006,0.053,0.006,0.0142
t_7246,0.104,0.104,0.104,0.016,0.060,0.016,0.0147
t_7247,0.107,0.107,0.107,0.031,0.069,0.031,0.012
t_7248,0.108,0.108,0.108,0.059,0.084,0.059,0.0108
t_7249,0.107,0.107,0.107,0.073,0.090,0.073,0.0112
t_7250,0.106,0.106,0.106,0.079,0.093,0.079,0.0132
t_7251,0.099,0.099,0.099,0.076,0.088,0.076,0.0113
t_7252,0.095,0.095,0.095,0.070,0.083,0.070,0.0084
t_7253,0.087,0.087,0.087,0.060,0.074,0.060,0.0066
t_7254,0.065,0.065,0.065,0.054,0.060,0.054,0.0061
t_7255,0.046,0.046,0.046,0.048,0.047,0.048,0.0066
t_7256,0.026,0.026,0.026,0.028,0.027,0.028,0.0074
t_7257,0.008,0.008,0.008,0.008,0.008,0.008,0.0018
t_7258,0.010,0.010,0.010,0.010,0.010,0.010,0.0005
t_7259,0.009,0.009,0.009,0.016,0.013,0.016,0.0005
t_7260,0.009,0.009,0.009,0.013,0.011,0.013,0.0002
t_7261,0.008,0.008,0.008,0.008,0.008,0.008,0.0004
t_7262,0.005,0.005,0.005,0.005,0.005,0.005,0.0037
t_7263,0.000,0.000,0.000,0.002,0.001,0.002,0.008
t_7264,0.000,0.000,0.000,0.000,0.000,0.000,0.0125
t_7265,0.010,0.010,0.010,0.000,0.005,0.000,0.0094
t_7266,0.005,0.005,0.005,0.000,0.003,0.000,0.008
t_7267,0.000,0.000,0.000,0.000,0.000,0.000,0.0249
t_7268,0.000,0.000,0.000,0.000,0.000,0.000,0.0433
t_7269,0.000,0.000,0.000,0.000,0.000,0.000,0.0573
t_7270,0.000,0.000,0.000,0.000,0.000,0.000,0.0559
t_7271,0.000,0.000,0.000,0.001,0.001,0.001,0.0469
t_7272,0.000,0.000,0.000,0.001,0.001,0.001,0.0385
t_7273,0.000,0.000,0.000,0.002,0.001,0.002,0.0278
t_7274,0.000,0.000,0.000,0.003,0.002,0.003,0.0296
t_7275,0.000,0.000,0.000,0.005,0.003,0.005,0.033
t_7276,0.000,0.000,0.000,0.004,0.002,0.004,0.0398
t_7277,0.000,0.000,0.000,0.003,0.002,0.003,0.0493
t_7278,0.000,0.000,0.000,0.002,0.001,0.002,0.0609
t_7279,0.000,0.000,0.000,0.001,0.001,0.001,0.0768
t_7280,0.000,0.000,0.000,0.000,0.000,0.000,0.0701
t_7281,0.000,0.000,0.000,0.000,0.000,0.000,0.0538
t_7282,0.000,0.000,0.000,0.000,0.000,0.000,0.0334
t_7283,0.000,0.000,0.000,0.000,0.000,0.000,0.0083
t_7284,0.000,0.000,0.000,0.000,0.000,0.000,0
t_7285,0.000,0.000,0.000,0.000,0.000,0.000,0.0001
t_7286,0.000,0.000,0.000,0.001,0.001,0.001,0.0122
t_7287,0.000,0.000,0.000,0.000,0.000,0.000,0.0259
t_7288,0.007,0.007,0.007,0.000,0.004,0.000,0.0276
t_7289,0.008,0.008,0.008,0.000,0.004,0.000,0.0085
t_7290,0.002,0.002,0.002,0.000,0.001,0.000,0.0032
t_7291,0.000,0.000,0.000,0.002,0.001,0.002,0.0099
t_7292,0.000,0.000,0.000,0.007,0.004,0.007,0.0251
t_7293,0.000,0.000,0.000,0.022,0.011,0.022,0.0307
t_7294,0.000,0.000,0.000,0.044,0.022,0.044,0.0319
t_7295,0.000,0.000,0.000,0.076,0.038,0.076,0.0345
t_7296,0.000,0.000,0.000,0.106,0.053,0.106,0.039
t_7297,0.000,0.000,0.000,0.129,0.065,0.129,0.0468
t_7298,0.000,0.000,0.000,0.148,0.074,0.148,0.0623
t_7299,0.000,0.000,0.000,0.170,0.085,0.170,0.0876
t_7300,0.000,0.000,0.000,0.186,0.093,0.186,0.1162
t_7301,0.000,0.000,0.000,0.190,0.095,0.190,0.1202
t_7302,0.000,0.000,0.000,0.165,0.083,0.165,0.1067
t_7303,0.000,0.000,0.000,0.140,0.070,0.140,0.1066
t_7304,0.002,0.002,0.002,0.110,0.056,0.110,0.0878
t_7305,0.001,0.001,0.001,0.098,0.050,0.098,0.0638
t_7306,0.000,0.000,0.000,0.126,0.063,0.126,0.0735
t_7307,0.000,0.000,0.000,0.165,0.083,0.165,0.0638
t_7308,0.001,0.001,0.001,0.185,0.093,0.185,0.0381
t_7309,0.004,0.004,0.004,0.207,0.106,0.207,0.052
t_7310,0.015,0.015,0.015,0.231,0.123,0.231,0.0788
t_7311,0.025,0.025,0.025,0.243,0.134,0.243,0.0854
t_7312,0.014,0.014,0.014,0.285,0.150,0.285,0.0623
t_7313,0.007,0.007,0.007,0.336,0.172,0.336,0.0452
t_7314,0.011,0.011,0.011,0.321,0.166,0.321,0.0435
t_7315,0.026,0.026,0.026,0.281,0.154,0.281,0.0492
t_7316,0.037,0.037,0.037,0.244,0.141,0.244,0.0674
t_7317,0.042,0.042,0.042,0.228,0.135,0.228,0.0849
t_7318,0.056,0.056,0.056,0.222,0.139,0.222,0.0856
t_7319,0.061,0.061,0.061,0.205,0.133,0.205,0.0832
t_7320,0.048,0.048,0.048,0.191,0.120,0.191,0.0929
t_7321,0.122,0.122,0.122,0.188,0.155,0.188,0.1295
t_7322,0.171,0.171,0.171,0.164,0.168,0.164,0.2019
t_7323,0.139,0.139,0.139,0.148,0.144,0.148,0.2403
t_7324,0.202,0.202,0.202,0.138,0.170,0.138,0.3142
t_7325,0.303,0.303,0.303,0.138,0.221,0.138,0.4162
t_7326,0.339,0.339,0.339,0.154,0.247,0.154,0.5416
t_7327,0.317,0.317,0.317,0.167,0.242,0.167,0.6435
t_7328,0.162,0.162,0.162,0.139,0.151,0.139,0.6727
t_7329,0.202,0.202,0.202,0.119,0.161,0.119,0.8118
t_7330,0.190,0.190,0.190,0.113,0.152,0.113,0.9
t_7331,0.162,0.162,0.162,0.125,0.144,0.125,0.9112
t_7332,0.305,0.305,0.305,0.147,0.226,0.147,0.9132
t_7333,0.308,0.308,0.308,0.164,0.236,0.164,0.9138
t_7334,0.258,0.258,0.258,0.170,0.214,0.170,0.9141
t_7335,0.220,0.220,0.220,0.155,0.188,0.155,0.9083
t_7336,0.147,0.147,0.147,0.132,0.140,0.132,0.8897
t_7337,0.083,0.083,0.083,0.174,0.129,0.174,0.8474
t_7338,0.050,0.050,0.050,0.227,0.139,0.227,0.8391
t_7339,0.014,0.014,0.014,0.262,0.138,0.262,0.8078
t_7340,0.002,0.002,0.002,0.297,0.150,0.297,0.7572
t_7341,0.001,0.001,0.001,0.345,0.173,0.345,0.7043
t_7342,0.000,0.000,0.000,0.416,0.208,0.416,0.7323
t_7343,0.001,0.001,0.001,0.538,0.270,0.538,0.7437
t_7344,0.003,0.003,0.003,0.651,0.327,0.651,0.7466
t_7345,0.006,0.006,0.006,0.767,0.387,0.767,0.7195
t_7346,0.008,0.008,0.008,0.849,0.429,0.849,0.6732
t_7347,0.010,0.010,0.010,0.908,0.459,0.908,0.6233
t_7348,0.010,0.010,0.010,0.921,0.466,0.921,0.5994
t_7349,0.016,0.016,0.016,0.922,0.469,0.922,0.6113
t_7350,0.030,0.030,0.030,0.920,0.475,0.920,0.6311
t_7351,0.046,0.046,0.046,0.926,0.486,0.926,0.6186
t_7352,0.061,0.061,0.061,0.927,0.494,0.927,0.6001
t_7353,0.070,0.070,0.070,0.935,0.503,0.935,0.697
t_7354,0.138,0.138,0.138,0.944,0.541,0.944,0.7749
t_7355,0.250,0.250,0.250,0.956,0.603,0.956,0.7897
t_7356,0.388,0.388,0.388,0.971,0.680,0.971,0.7908
t_7357,0.478,0.478,0.478,0.972,0.725,0.972,0.793
t_7358,0.474,0.474,0.474,0.967,0.721,0.967,0.8066
t_7359,0.413,0.413,0.413,0.969,0.691,0.969,0.8155
t_7360,0.277,0.277,0.277,0.971,0.624,0.971,0.8411
t_7361,0.254,0.254,0.254,0.970,0.612,0.970,0.8753
t_7362,0.272,0.272,0.272,0.970,0.621,0.970,0.8918
t_7363,0.252,0.252,0.252,0.949,0.601,0.949,0.8963
t_7364,0.404,0.404,0.404,0.918,0.661,0.918,0.8908
t_7365,0.369,0.369,0.369,0.878,0.624,0.878,0.8786
t_7366,0.381,0.381,0.381,0.828,0.605,0.828,0.865
t_7367,0.632,0.632,0.632,0.816,0.724,0.816,0.8635
t_7368,0.724,0.724,0.724,0.807,0.766,0.807,0.8675
t_7369,0.723,0.723,0.723,0.835,0.779,0.835,0.8654
t_7370,0.604,0.604,0.604,0.859,0.732,0.859,0.8655
t_7371,0.547,0.547,0.547,0.875,0.711,0.875,0.8803
t_7372,0.521,0.521,0.521,0.876,0.699,0.876,0.8802
t_7373,0.492,0.492,0.492,0.865,0.679,0.865,0.8659
t_7374,0.482,0.482,0.482,0.831,0.657,0.831,0.8732
t_7375,0.454,0.454,0.454,0.787,0.621,0.787,0.8886
t_7376,0.227,0.227,0.227,0.713,0.470,0.713,0.8905
t_7377,0.374,0.374,0.374,0.652,0.513,0.652,0.8963
t_7378,0.415,0.415,0.415,0.632,0.524,0.632,0.9131
t_7379,0.378,0.378,0.378,0.638,0.508,0.638,0.9217
t_7380,0.381,0.381,0.381,0.601,0.491,0.601,0.9238
t_7381,0.648,0.648,0.648,0.565,0.607,0.565,0.9237
t_7382,0.694,0.694,0.694,0.554,0.624,0.554,0.9177
t_7383,0.437,0.437,0.437,0.499,0.468,0.499,0.9048
t_7384,0.365,0.365,0.365,0.428,0.397,0.428,0.8957
t_7385,0.291,0.291,0.291,0.432,0.362,0.432,0.8968
t_7386,0.297,0.297,0.297,0.426,0.362,0.426,0.9197
t_7387,0.298,0.298,0.298,0.397,0.348,0.397,0.9209
t_7388,0.289,0.289,0.289,0.361,0.325,0.361,0.9133
t_7389,0.170,0.170,0.170,0.321,0.246,0.321,0.9021
t_7390,0.155,0.155,0.155,0.283,0.219,0.283,0.8864
t_7391,0.159,0.159,0.159,0.254,0.207,0.254,0.8619
t_7392,0.175,0.175,0.175,0.221,0.198,0.221,0.8315
t_7393,0.232,0.232,0.232,0.181,0.207,0.181,0.7963
t_7394,0.261,0.261,0.261,0.148,0.205,0.148,0.7579
t_7395,0.275,0.275,0.275,0.121,0.198,0.121,0.6887
t_7396,0.252,0.252,0.252,0.104,0.178,0.104,0.6048
t_7397,0.215,0.215,0.215,0.095,0.155,0.095,0.5763
t_7398,0.187,0.187,0.187,0.082,0.135,0.082,0.5763
t_7399,0.184,0.184,0.184,0.070,0.127,0.070,0.5793
t_7400,0.143,0.143,0.143,0.051,0.097,0.051,0.5923
t_7401,0.214,0.214,0.214,0.068,0.141,0.068,0.6869
t_7402,0.342,0.342,0.342,0.095,0.219,0.095,0.6651
t_7403,0.392,0.392,0.392,0.095,0.244,0.095,0.5707
t_7404,0.417,0.417,0.417,0.103,0.260,0.103,0.4731
t_7405,0.427,0.427,0.427,0.127,0.277,0.127,0.4068
t_7406,0.442,0.442,0.442,0.158,0.300,0.158,0.4284
t_7407,0.427,0.427,0.427,0.160,0.294,0.160,0.4721
t_7408,0.307,0.307,0.307,0.112,0.210,0.112,0.515
t_7409,0.276,0.276,0.276,0.115,0.196,0.115,0.5961
t_7410,0.291,0.291,0.291,0.109,0.200,0.109,0.6494
t_7411,0.358,0.358,0.358,0.083,0.221,0.083,0.6459
t_7412,0.388,0.388,0.388,0.049,0.219,0.049,0.5792
t_7413,0.418,0.418,0.418,0.020,0.219,0.020,0.4948
t_7414,0.392,0.392,0.392,0.014,0.203,0.014,0.4142
t_7415,0.360,0.360,0.360,0.017,0.189,0.017,0.3591
t_7416,0.354,0.354,0.354,0.019,0.187,0.019,0.3221
t_7417,0.345,0.345,0.345,0.022,0.184,0.022,0.2942
t_7418,0.318,0.318,0.318,0.025,0.172,0.025,0.2867
t_7419,0.278,0.278,0.278,0.026,0.152,0.026,0.2802
t_7420,0.243,0.243,0.243,0.027,0.135,0.027,0.2801
t_7421,0.215,0.215,0.215,0.029,0.122,0.029,0.2853
t_7422,0.193,0.193,0.193,0.037,0.115,0.037,0.2761
t_7423,0.178,0.178,0.178,0.044,0.111,0.044,0.2558
t_7424,0.136,0.136,0.136,0.036,0.086,0.036,0.2315
t_7425,0.068,0.068,0.068,0.025,0.047,0.025,0.1799
t_7426,0.058,0.058,0.058,0.036,0.047,0.036,0.2345
t_7427,0.040,0.040,0.040,0.046,0.043,0.046,0.3196
t_7428,0.018,0.018,0.018,0.065,0.042,0.065,0.2984
t_7429,0.012,0.012,0.012,0.082,0.047,0.082,0.2907
t_7430,0.010,0.010,0.010,0.098,0.054,0.098,0.1985
t_7431,0.007,0.007,0.007,0.126,0.067,0.126,0.1535
t_7432,0.004,0.004,0.004,0.165,0.085,0.165,0.1847
t_7433,0.005,0.005,0.005,0.250,0.128,0.250,0.2654
t_7434,0.004,0.004,0.004,0.317,0.161,0.317,0.3714
t_7435,0.002,0.002,0.002,0.374,0.188,0.374,0.483
t_7436,0.000,0.000,0.000,0.412,0.206,0.412,0.6077
t_7437,0.000,0.000,0.000,0.426,0.213,0.426,0.6748
t_7438,0.000,0.000,0.000,0.463,0.232,0.463,0.672
t_7439,0.000,0.000,0.000,0.499,0.250,0.499,0.6142
t_7440,0.000,0.000,0.000,0.523,0.262,0.523,0.5439
t_7441,0.000,0.000,0.000,0.547,0.274,0.547,0.4802
t_7442,0.000,0.000,0.000,0.570,0.285,0.570,0.4818
t_7443,0.000,0.000,0.000,0.598,0.299,0.598,0.5199
t_7444,0.000,0.000,0.000,0.572,0.286,0.572,0.5751
t_7445,0.000,0.000,0.000,0.544,0.272,0.544,0.611
t_7446,0.000,0.000,0.000,0.527,0.264,0.527,0.6432
t_7447,0.000,0.000,0.000,0.486,0.243,0.486,0.6762
t_7448,0.000,0.000,0.000,0.431,0.216,0.431,0.6734
t_7449,0.000,0.000,0.000,0.355,0.178,0.355,0.5883
t_7450,0.000,0.000,0.000,0.364,0.182,0.364,0.4813
t_7451,0.001,0.001,0.001,0.408,0.205,0.408,0.6054
t_7452,0.002,0.002,0.002,0.404,0.203,0.404,0.7165
t_7453,0.003,0.003,0.003,0.391,0.197,0.391,0.7026
t_7454,0.003,0.003,0.003,0.359,0.181,0.359,0.6608
t_7455,0.002,0.002,0.002,0.312,0.157,0.312,0.6037
t_7456,0.004,0.004,0.004,0.277,0.141,0.277,0.6165
t_7457,0.003,0.003,0.003,0.249,0.126,0.249,0.6468
t_7458,0.002,0.002,0.002,0.209,0.106,0.209,0.6602
t_7459,0.001,0.001,0.001,0.162,0.082,0.162,0.6356
t_7460,0.000,0.000,0.000,0.124,0.062,0.124,0.6292
t_7461,0.000,0.000,0.000,0.098,0.049,0.098,0.6211
t_7462,0.001,0.001,0.001,0.077,0.039,0.077,0.584
t_7463,0.004,0.004,0.004,0.064,0.034,0.064,0.5884
t_7464,0.006,0.006,0.006,0.059,0.033,0.059,0.5773
t_7465,0.007,0.007,0.007,0.062,0.035,0.062,0.5261
t_7466,0.008,0.008,0.008,0.071,0.040,0.071,0.4421
t_7467,0.009,0.009,0.009,0.079,0.044,0.079,0.3724
t_7468,0.011,0.011,0.011,0.071,0.041,0.071,0.2846
t_7469,0.017,0.017,0.017,0.060,0.039,0.060,0.2046
t_7470,0.014,0.014,0.014,0.055,0.035,0.055,0.1908
t_7471,0.010,0.010,0.010,0.058,0.034,0.058,0.1486
t_7472,0.007,0.007,0.007,0.047,0.027,0.047,0.1236
t_7473,0.004,0.004,0.004,0.019,0.012,0.019,0.1064
t_7474,0.002,0.002,0.002,0.022,0.012,0.022,0.0871
t_7475,0.008,0.008,0.008,0.034,0.021,0.034,0.0667
t_7476,0.010,0.010,0.010,0.034,0.022,0.034,0.0501
t_7477,0.011,0.011,0.011,0.031,0.021,0.031,0.0516
t_7478,0.012,0.012,0.012,0.020,0.016,0.020,0.0499
t_7479,0.011,0.011,0.011,0.015,0.013,0.015,0.0379
t_7480,0.012,0.012,0.012,0.011,0.012,0.011,0.0296
t_7481,0.015,0.015,0.015,0.006,0.011,0.006,0.025
t_7482,0.014,0.014,0.014,0.002,0.008,0.002,0.0426
t_7483,0.013,0.013,0.013,0.001,0.007,0.001,0.0688
t_7484,0.020,0.020,0.020,0.001,0.011,0.001,0.0726
t_7485,0.023,0.023,0.023,0.002,0.013,0.002,0.0627
t_7486,0.029,0.029,0.029,0.005,0.017,0.005,0.0594
t_7487,0.030,0.030,0.030,0.008,0.019,0.008,0.0531
t_7488,0.038,0.038,0.038,0.015,0.027,0.015,0.0421
t_7489,0.043,0.043,0.043,0.026,0.035,0.026,0.0277
t_7490,0.040,0.040,0.040,0.034,0.037,0.034,0.0128
t_7491,0.037,0.037,0.037,0.039,0.038,0.039,0.0064
t_7492,0.056,0.056,0.056,0.035,0.046,0.035,0.005
t_7493,0.088,0.088,0.088,0.032,0.060,0.032,0.0057
t_7494,0.106,0.106,0.106,0.032,0.069,0.032,0.0061
t_7495,0.104,0.104,0.104,0.032,0.068,0.032,0.0059
t_7496,0.093,0.093,0.093,0.029,0.061,0.029,0.0044
t_7497,0.046,0.046,0.046,0.019,0.033,0.019,0.0002
t_7498,0.011,0.011,0.011,0.011,0.011,0.011,0.0005
t_7499,0.005,0.005,0.005,0.006,0.006,0.006,0.011
t_7500,0.001,0.001,0.001,0.003,0.002,0.003,0.0186
t_7501,0.001,0.001,0.001,0.001,0.001,0.001,0.0261
t_7502,0.001,0.001,0.001,0.000,0.001,0.000,0.0359
t_7503,0.000,0.000,0.000,0.000,0.000,0.000,0.0393
t_7504,0.000,0.000,0.000,0.000,0.000,0.000,0.0393
t_7505,0.000,0.000,0.000,0.000,0.000,0.000,0.0234
t_7506,0.004,0.004,0.004,0.000,0.002,0.000,0.0123
t_7507,0.024,0.024,0.024,0.000,0.012,0.000,0.0095
t_7508,0.072,0.072,0.072,0.002,0.037,0.002,0.0214
t_7509,0.118,0.118,0.118,0.004,0.061,0.004,0.0306
t_7510,0.247,0.247,0.247,0.004,0.126,0.004,0.034
t_7511,0.317,0.317,0.317,0.007,0.162,0.007,0.0322
t_7512,0.409,0.409,0.409,0.018,0.214,0.018,0.0315
t_7513,0.481,0.481,0.481,0.024,0.253,0.024,0.0342
t_7514,0.523,0.523,0.523,0.029,0.276,0.029,0.0425
t_7515,0.540,0.540,0.540,0.028,0.284,0.028,0.0513
t_7516,0.534,0.534,0.534,0.020,0.277,0.020,0.0561
t_7517,0.504,0.504,0.504,0.011,0.258,0.011,0.0542
t_7518,0.498,0.498,0.498,0.008,0.253,0.008,0.0518
t_7519,0.530,0.530,0.530,0.007,0.269,0.007,0.0527
t_7520,0.592,0.592,0.592,0.006,0.299,0.006,0.0508
t_7521,0.576,0.576,0.576,0.003,0.290,0.003,0.0523
t_7522,0.436,0.436,0.436,0.005,0.221,0.005,0.0724
t_7523,0.372,0.372,0.372,0.005,0.189,0.005,0.0985
t_7524,0.350,0.350,0.350,0.003,0.177,0.003,0.1228
t_7525,0.301,0.301,0.301,0.002,0.152,0.002,0.1398
t_7526,0.119,0.119,0.119,0.001,0.060,0.001,0.1457
t_7527,0.054,0.054,0.054,0.001,0.028,0.001,0.1377
t_7528,0.081,0.081,0.081,0.005,0.043,0.005,0.107
t_7529,0.214,0.214,0.214,0.010,0.112,0.010,0.0804
t_7530,0.446,0.446,0.446,0.018,0.232,0.018,0.0624
t_7531,0.603,0.603,0.603,0.026,0.315,0.026,0.0617
t_7532,0.437,0.437,0.437,0.034,0.236,0.034,0.0638
t_7533,0.480,0.480,0.480,0.039,0.260,0.039,0.0655
t_7534,0.780,0.780,0.780,0.050,0.415,0.050,0.0555
t_7535,0.798,0.798,0.798,0.061,0.430,0.061,0.0486
t_7536,0.813,0.813,0.813,0.064,0.439,0.064,0.0518
t_7537,0.818,0.818,0.818,0.059,0.439,0.059,0.0578
t_7538,0.809,0.809,0.809,0.065,0.437,0.065,0.0513
t_7539,0.807,0.807,0.807,0.062,0.435,0.062,0.0445
t_7540,0.792,0.792,0.792,0.058,0.425,0.058,0.0423
t_7541,0.597,0.597,0.597,0.044,0.321,0.044,0.0405
t_7542,0.800,0.800,0.800,0.044,0.422,0.044,0.0362
t_7543,0.812,0.812,0.812,0.048,0.430,0.048,0.0349
t_7544,0.812,0.812,0.812,0.042,0.427,0.042,0.0321
t_7545,0.799,0.799,0.799,0.025,0.412,0.025,0.0307
t_7546,0.794,0.794,0.794,0.010,0.402,0.010,0.0333
t_7547,0.782,0.782,0.782,0.007,0.395,0.007,0.0352
t_7548,0.781,0.781,0.781,0.010,0.396,0.010,0.0671
t_7549,0.773,0.773,0.773,0.009,0.391,0.009,0.0864
t_7550,0.764,0.764,0.764,0.006,0.385,0.006,0.0757
t_7551,0.767,0.767,0.767,0.006,0.387,0.006,0.0606
t_7552,0.797,0.797,0.797,0.020,0.409,0.020,0.0511
t_7553,0.846,0.846,0.846,0.042,0.444,0.042,0.0469
t_7554,0.868,0.868,0.868,0.041,0.455,0.041,0.046
t_7555,0.866,0.866,0.866,0.037,0.452,0.037,0.0507
t_7556,0.856,0.856,0.856,0.037,0.447,0.037,0.0529
t_7557,0.846,0.846,0.846,0.039,0.443,0.039,0.0475
t_7558,0.830,0.830,0.830,0.041,0.436,0.041,0.0374
t_7559,0.808,0.808,0.808,0.046,0.427,0.046,0.0331
t_7560,0.783,0.783,0.783,0.043,0.413,0.043,0.0298
t_7561,0.775,0.775,0.775,0.032,0.404,0.032,0.0236
t_7562,0.735,0.735,0.735,0.023,0.379,0.023,0.0238
t_7563,0.698,0.698,0.698,0.015,0.357,0.015,0.026
t_7564,0.657,0.657,0.657,0.010,0.334,0.010,0.026
t_7565,0.617,0.617,0.617,0.007,0.312,0.007,0.0254
t_7566,0.582,0.582,0.582,0.005,0.294,0.005,0.0279
t_7567,0.542,0.542,0.542,0.004,0.273,0.004,0.0316
t_7568,0.475,0.475,0.475,0.002,0.239,0.002,0.0388
t_7569,0.292,0.292,0.292,0.001,0.147,0.001,0.0271
t_7570,0.131,0.131,0.131,0.001,0.066,0.001,0.0189
t_7571,0.096,0.096,0.096,0.003,0.050,0.003,0.0179
t_7572,0.034,0.034,0.034,0.020,0.027,0.020,0.0217
t_7573,0.037,0.037,0.037,0.058,0.048,0.058,0.0217
t_7574,0.070,0.070,0.070,0.104,0.087,0.104,0.019
t_7575,0.075,0.075,0.075,0.147,0.111,0.147,0.0124
t_7576,0.192,0.192,0.192,0.204,0.198,0.204,0.0136
t_7577,0.401,0.401,0.401,0.253,0.327,0.253,0.0164
t_7578,0.512,0.512,0.512,0.245,0.379,0.245,0.0192
t_7579,0.499,0.499,0.499,0.210,0.355,0.210,0.0211
t_7580,0.439,0.439,0.439,0.169,0.304,0.169,0.0232
t_7581,0.405,0.405,0.405,0.130,0.268,0.130,0.0231
t_7582,0.426,0.426,0.426,0.110,0.268,0.110,0.0181
t_7583,0.291,0.291,0.291,0.096,0.194,0.096,0.0121
t_7584,0.271,0.271,0.271,0.060,0.166,0.060,0.013
t_7585,0.105,0.105,0.105,0.034,0.070,0.034,0.0236
t_7586,0.048,0.048,0.048,0.010,0.029,0.010,0.0384
t_7587,0.029,0.029,0.029,0.006,0.018,0.006,0.0426
t_7588,0.014,0.014,0.014,0.006,0.010,0.006,0.0443
t_7589,0.010,0.010,0.010,0.014,0.012,0.014,0.0421
t_7590,0.007,0.007,0.007,0.015,0.011,0.015,0.0371
t_7591,0.005,0.005,0.005,0.014,0.010,0.014,0.0295
t_7592,0.003,0.003,0.003,0.017,0.010,0.017,0.0194
t_7593,0.001,0.001,0.001,0.007,0.004,0.007,0.01
t_7594,0.000,0.000,0.000,0.002,0.001,0.002,0.0055
t_7595,0.000,0.000,0.000,0.013,0.007,0.013,0.0076
t_7596,0.000,0.000,0.000,0.018,0.009,0.018,0.0064
t_7597,0.000,0.000,0.000,0.020,0.010,0.020,0.0008
t_7598,0.004,0.004,0.004,0.014,0.009,0.014,0.0001
t_7599,0.006,0.006,0.006,0.006,0.006,0.006,0.001
t_7600,0.009,0.009,0.009,0.003,0.006,0.003,0.0125
t_7601,0.012,0.012,0.012,0.004,0.008,0.004,0.0289
t_7602,0.013,0.013,0.013,0.004,0.009,0.004,0.0336
t_7603,0.013,0.013,0.013,0.006,0.010,0.006,0.0386
t_7604,0.011,0.011,0.011,0.009,0.010,0.009,0.0485
t_7605,0.006,0.006,0.006,0.017,0.012,0.017,0.0609
t_7606,0.003,0.003,0.003,0.024,0.014,0.024,0.0704
t_7607,0.002,0.002,0.002,0.031,0.017,0.031,0.0817
t_7608,0.001,0.001,0.001,0.040,0.021,0.040,0.097
t_7609,0.001,0.001,0.001,0.046,0.024,0.046,0.1255
t_7610,0.001,0.001,0.001,0.045,0.023,0.045,0.1611
t_7611,0.000,0.000,0.000,0.040,0.020,0.040,0.2037
t_7612,0.000,0.000,0.000,0.051,0.026,0.051,0.236
t_7613,0.000,0.000,0.000,0.067,0.034,0.067,0.2548
t_7614,0.000,0.000,0.000,0.074,0.037,0.074,0.2584
t_7615,0.000,0.000,0.000,0.076,0.038,0.076,0.2528
t_7616,0.000,0.000,0.000,0.070,0.035,0.070,0.23
t_7617,0.000,0.000,0.000,0.070,0.035,0.070,0.2069
t_7618,0.000,0.000,0.000,0.058,0.029,0.058,0.1659
t_7619,0.000,0.000,0.000,0.057,0.029,0.057,0.1223
t_7620,0.000,0.000,0.000,0.063,0.032,0.063,0.0653
t_7621,0.000,0.000,0.000,0.071,0.036,0.071,0.0334
t_7622,0.000,0.000,0.000,0.057,0.029,0.057,0.0228
t_7623,0.000,0.000,0.000,0.042,0.021,0.042,0.0046
t_7624,0.000,0.000,0.000,0.036,0.018,0.036,0.0022
t_7625,0.000,0.000,0.000,0.030,0.015,0.030,0.0014
t_7626,0.000,0.000,0.000,0.023,0.012,0.023,0.0004
t_7627,0.000,0.000,0.000,0.021,0.011,0.021,0.0007
t_7628,0.000,0.000,0.000,0.018,0.009,0.018,0.0008
t_7629,0.000,0.000,0.000,0.015,0.008,0.015,0.0012
t_7630,0.000,0.000,0.000,0.010,0.005,0.010,0.0012
t_7631,0.000,0.000,0.000,0.004,0.002,0.004,0.0005
t_7632,0.001,0.001,0.001,0.001,0.001,0.001,0.0017
t_7633,0.011,0.011,0.011,0.000,0.006,0.000,0.0046
t_7634,0.037,0.037,0.037,0.000,0.019,0.000,0.0067
t_7635,0.087,0.087,0.087,0.000,0.044,0.000,0.0052
t_7636,0.146,0.146,0.146,0.000,0.073,0.000,0.006
t_7637,0.220,0.220,0.220,0.000,0.110,0.000,0.0174
t_7638,0.302,0.302,0.302,0.001,0.152,0.001,0.0237
t_7639,0.369,0.369,0.369,0.002,0.186,0.002,0.0185
t_7640,0.430,0.430,0.430,0.003,0.217,0.003,0.0172
t_7641,0.457,0.457,0.457,0.004,0.231,0.004,0.0135
t_7642,0.423,0.423,0.423,0.007,0.215,0.007,0.0076
t_7643,0.390,0.390,0.390,0.009,0.200,0.009,0.0083
t_7644,0.415,0.415,0.415,0.014,0.215,0.014,0.009
t_7645,0.437,0.437,0.437,0.013,0.225,0.013,0.0112
t_7646,0.431,0.431,0.431,0.010,0.221,0.010,0.018
t_7647,0.448,0.448,0.448,0.010,0.229,0.010,0.022
t_7648,0.608,0.608,0.608,0.027,0.318,0.027,0.0318
t_7649,0.862,0.862,0.862,0.070,0.466,0.070,0.0299
t_7650,0.963,0.963,0.963,0.145,0.554,0.145,0.03
t_7651,0.999,0.999,0.999,0.207,0.603,0.207,0.0351
t_7652,0.985,0.985,0.985,0.286,0.636,0.286,0.0458
t_7653,0.983,0.983,0.983,0.388,0.686,0.388,0.0596
t_7654,0.982,0.982,0.982,0.453,0.718,0.453,0.0653
t_7655,0.995,0.995,0.995,0.489,0.742,0.489,0.0833
t_7656,0.992,0.992,0.992,0.524,0.758,0.524,0.1069
t_7657,0.948,0.948,0.948,0.528,0.738,0.528,0.121
t_7658,0.918,0.918,0.918,0.471,0.695,0.471,0.129
t_7659,0.933,0.933,0.933,0.393,0.663,0.393,0.132
t_7660,0.955,0.955,0.955,0.372,0.664,0.372,0.1452
t_7661,0.968,0.968,0.968,0.374,0.671,0.374,0.1294
t_7662,0.979,0.979,0.979,0.351,0.665,0.351,0.0997
t_7663,0.975,0.975,0.975,0.326,0.651,0.326,0.0672
t_7664,0.917,0.917,0.917,0.318,0.618,0.318,0.049
t_7665,0.885,0.885,0.885,0.293,0.589,0.293,0.0489
t_7666,0.875,0.875,0.875,0.295,0.585,0.295,0.0485
t_7667,0.864,0.864,0.864,0.287,0.576,0.287,0.0449
t_7668,0.868,0.868,0.868,0.293,0.581,0.293,0.0348
t_7669,0.861,0.861,0.861,0.288,0.575,0.288,0.0296
t_7670,0.670,0.670,0.670,0.268,0.469,0.268,0.0246
t_7671,0.722,0.722,0.722,0.245,0.484,0.245,0.0259
t_7672,0.761,0.761,0.761,0.271,0.516,0.271,0.0247
t_7673,0.771,0.771,0.771,0.336,0.554,0.336,0.0196
t_7674,0.787,0.787,0.787,0.414,0.601,0.414,0.0164
t_7675,0.803,0.803,0.803,0.509,0.656,0.509,0.0136
t_7676,0.799,0.799,0.799,0.598,0.699,0.598,0.0107
t_7677,0.779,0.779,0.779,0.660,0.720,0.660,0.0065
t_7678,0.747,0.747,0.747,0.752,0.750,0.752,0.0024
t_7679,0.731,0.731,0.731,0.783,0.757,0.783,0.0017
t_7680,0.706,0.706,0.706,0.769,0.738,0.769,0.0036
t_7681,0.674,0.674,0.674,0.732,0.703,0.732,0.0112
t_7682,0.671,0.671,0.671,0.684,0.678,0.684,0.019
t_7683,0.672,0.672,0.672,0.597,0.635,0.597,0.0251
t_7684,0.727,0.727,0.727,0.583,0.655,0.583,0.0384
t_7685,0.786,0.786,0.786,0.616,0.701,0.616,0.0451
t_7686,0.858,0.858,0.858,0.602,0.730,0.602,0.0327
t_7687,0.920,0.920,0.920,0.616,0.768,0.616,0.0211
t_7688,0.944,0.944,0.944,0.629,0.787,0.629,0.0162
t_7689,0.948,0.948,0.948,0.618,0.783,0.618,0.0213
t_7690,0.930,0.930,0.930,0.608,0.769,0.608,0.0131
t_7691,0.881,0.881,0.881,0.628,0.755,0.628,0.0187
t_7692,0.834,0.834,0.834,0.650,0.742,0.650,0.0434
t_7693,0.773,0.773,0.773,0.618,0.696,0.618,0.0713
t_7694,0.649,0.649,0.649,0.523,0.586,0.523,0.0768
t_7695,0.629,0.629,0.629,0.464,0.547,0.464,0.0495
t_7696,0.716,0.716,0.716,0.354,0.535,0.354,0.0894
t_7697,0.545,0.545,0.545,0.258,0.402,0.258,0.1657
t_7698,0.405,0.405,0.405,0.210,0.308,0.210,0.2299
t_7699,0.251,0.251,0.251,0.166,0.209,0.166,0.3437
t_7700,0.244,0.244,0.244,0.133,0.189,0.133,0.4246
t_7701,0.270,0.270,0.270,0.155,0.213,0.155,0.4522
t_7702,0.124,0.124,0.124,0.159,0.142,0.159,0.4674
t_7703,0.171,0.171,0.171,0.165,0.168,0.165,0.5415
t_7704,0.236,0.236,0.236,0.195,0.216,0.195,0.6374
t_7705,0.570,0.570,0.570,0.229,0.400,0.229,0.7695
t_7706,0.652,0.652,0.652,0.272,0.462,0.272,0.8244
t_7707,0.711,0.711,0.711,0.325,0.518,0.325,0.8187
t_7708,0.692,0.692,0.692,0.384,0.538,0.384,0.8703
t_7709,0.665,0.665,0.665,0.453,0.559,0.453,0.8973
t_7710,0.574,0.574,0.574,0.500,0.537,0.500,0.8854
t_7711,0.561,0.561,0.561,0.551,0.556,0.551,0.8881
t_7712,0.400,0.400,0.400,0.644,0.522,0.644,0.9168
t_7713,0.359,0.359,0.359,0.617,0.488,0.617,0.921
t_7714,0.456,0.456,0.456,0.572,0.514,0.572,0.9116
t_7715,0.310,0.310,0.310,0.520,0.415,0.520,0.903
t_7716,0.210,0.210,0.210,0.546,0.378,0.546,0.9038
t_7717,0.206,0.206,0.206,0.584,0.395,0.584,0.9066
t_7718,0.189,0.189,0.189,0.610,0.400,0.610,0.9014
t_7719,0.113,0.113,0.113,0.572,0.343,0.572,0.8662
t_7720,0.021,0.021,0.021,0.560,0.291,0.560,0.785
t_7721,0.002,0.002,0.002,0.567,0.285,0.567,0.7379
t_7722,0.002,0.002,0.002,0.535,0.269,0.535,0.7221
t_7723,0.004,0.004,0.004,0.487,0.246,0.487,0.7245
t_7724,0.000,0.000,0.000,0.460,0.230,0.460,0.74
t_7725,0.000,0.000,0.000,0.457,0.229,0.457,0.7209
t_7726,0.000,0.000,0.000,0.484,0.242,0.484,0.6326
t_7727,0.000,0.000,0.000,0.531,0.266,0.531,0.4982
t_7728,0.000,0.000,0.000,0.555,0.278,0.555,0.3794
t_7729,0.000,0.000,0.000,0.592,0.296,0.592,0.3349
t_7730,0.000,0.000,0.000,0.629,0.315,0.629,0.3181
t_7731,0.000,0.000,0.000,0.660,0.330,0.660,0.2791
t_7732,0.001,0.001,0.001,0.666,0.334,0.666,0.2439
t_7733,0.002,0.002,0.002,0.681,0.342,0.681,0.2405
t_7734,0.004,0.004,0.004,0.696,0.350,0.696,0.2339
t_7735,0.006,0.006,0.006,0.729,0.368,0.729,0.2268
t_7736,0.009,0.009,0.009,0.779,0.394,0.779,0.21
t_7737,0.012,0.012,0.012,0.836,0.424,0.836,0.1798
t_7738,0.032,0.032,0.032,0.873,0.453,0.873,0.2528
t_7739,0.109,0.109,0.109,0.931,0.520,0.931,0.3462
t_7740,0.209,0.209,0.209,0.967,0.588,0.967,0.4601
t_7741,0.251,0.251,0.251,0.975,0.613,0.975,0.5179
t_7742,0.243,0.243,0.243,0.958,0.601,0.958,0.5679
t_7743,0.220,0.220,0.220,0.965,0.593,0.965,0.594
t_7744,0.194,0.194,0.194,0.966,0.580,0.966,0.6239
t_7745,0.241,0.241,0.241,0.949,0.595,0.949,0.6483
t_7746,0.247,0.247,0.247,0.908,0.578,0.908,0.6254
t_7747,0.291,0.291,0.291,0.881,0.586,0.881,0.5955
t_7748,0.318,0.318,0.318,0.893,0.606,0.893,0.5645
t_7749,0.365,0.365,0.365,0.931,0.648,0.931,0.5369
t_7750,0.418,0.418,0.418,0.974,0.696,0.974,0.5464
t_7751,0.490,0.490,0.490,0.986,0.738,0.986,0.5461
t_7752,0.463,0.463,0.463,0.991,0.727,0.991,0.5768
t_7753,0.413,0.413,0.413,0.986,0.700,0.986,0.6473
t_7754,0.356,0.356,0.356,0.982,0.669,0.982,0.7367
t_7755,0.281,0.281,0.281,0.941,0.611,0.941,0.7918
t_7756,0.190,0.190,0.190,0.854,0.522,0.854,0.8405
t_7757,0.115,0.115,0.115,0.642,0.379,0.642,0.8669
t_7758,0.040,0.040,0.040,0.400,0.220,0.400,0.8732
t_7759,0.030,0.030,0.030,0.210,0.120,0.210,0.8662
t_7760,0.001,0.001,0.001,0.091,0.046,0.091,0.8294
t_7761,0.000,0.000,0.000,0.036,0.018,0.036,0.7833
t_7762,0.000,0.000,0.000,0.039,0.020,0.039,0.7816
t_7763,0.000,0.000,0.000,0.051,0.026,0.051,0.7324
t_7764,0.000,0.000,0.000,0.066,0.033,0.066,0.6682
t_7765,0.001,0.001,0.001,0.088,0.045,0.088,0.5784
t_7766,0.005,0.005,0.005,0.090,0.048,0.090,0.494
t_7767,0.008,0.008,0.008,0.056,0.032,0.056,0.3682
t_7768,0.028,0.028,0.028,0.018,0.023,0.018,0.3325
t_7769,0.105,0.105,0.105,0.005,0.055,0.005,0.2529
t_7770,0.258,0.258,0.258,0.001,0.130,0.001,0.1395
t_7771,0.369,0.369,0.369,0.007,0.188,0.007,0.0526
t_7772,0.460,0.460,0.460,0.030,0.245,0.030,0.0234
t_7773,0.518,0.518,0.518,0.065,0.292,0.065,0.0194
t_7774,0.490,0.490,0.490,0.100,0.295,0.100,0.0142
t_7775,0.431,0.431,0.431,0.113,0.272,0.113,0.0102
t_7776,0.408,0.408,0.408,0.128,0.268,0.128,0.0165
t_7777,0.409,0.409,0.409,0.135,0.272,0.135,0.0222
t_7778,0.382,0.382,0.382,0.167,0.275,0.167,0.0117
t_7779,0.351,0.351,0.351,0.172,0.262,0.172,0.0072
t_7780,0.566,0.566,0.566,0.177,0.372,0.177,0.005
t_7781,0.576,0.576,0.576,0.196,0.386,0.196,0.0036
t_7782,0.611,0.611,0.611,0.207,0.409,0.207,0.0025
t_7783,0.657,0.657,0.657,0.213,0.435,0.213,0.003
t_7784,0.689,0.689,0.689,0.199,0.444,0.199,0.0054
t_7785,0.612,0.612,0.612,0.129,0.371,0.129,0.0075
t_7786,0.449,0.449,0.449,0.089,0.269,0.089,0.0246
t_7787,0.332,0.332,0.332,0.121,0.227,0.121,0.0349
t_7788,0.260,0.260,0.260,0.140,0.200,0.140,0.0353
t_7789,0.216,0.216,0.216,0.131,0.174,0.131,0.0201
t_7790,0.219,0.219,0.219,0.115,0.167,0.115,0.0079
t_7791,0.266,0.266,0.266,0.119,0.193,0.119,0.0019
t_7792,0.364,0.364,0.364,0.141,0.253,0.141,0.0005
t_7793,0.448,0.448,0.448,0.146,0.297,0.146,0.0002
t_7794,0.492,0.492,0.492,0.129,0.311,0.129,0
t_7795,0.507,0.507,0.507,0.096,0.302,0.096,0.0001
t_7796,0.346,0.346,0.346,0.070,0.208,0.070,0.0003
t_7797,0.367,0.367,0.367,0.030,0.199,0.030,0.0007
t_7798,0.371,0.371,0.371,0.021,0.196,0.021,0.0019
t_7799,0.381,0.381,0.381,0.018,0.200,0.018,0.0035
t_7800,0.388,0.388,0.388,0.020,0.204,0.020,0.0048
t_7801,0.359,0.359,0.359,0.027,0.193,0.027,0.0064
t_7802,0.285,0.285,0.285,0.029,0.157,0.029,0.0084
t_7803,0.197,0.197,0.197,0.025,0.111,0.025,0.0105
t_7804,0.183,0.183,0.183,0.017,0.100,0.017,0.0103
t_7805,0.100,0.100,0.100,0.009,0.055,0.009,0.009
t_7806,0.026,0.026,0.026,0.004,0.015,0.004,0.008
t_7807,0.013,0.013,0.013,0.002,0.008,0.002,0.0086
t_7808,0.013,0.013,0.013,0.002,0.008,0.002,0.0097
t_7809,0.010,0.010,0.010,0.001,0.006,0.001,0.0029
t_7810,0.003,0.003,0.003,0.001,0.002,0.001,0
t_7811,0.002,0.002,0.002,0.000,0.001,0.000,0
t_7812,0.001,0.001,0.001,0.001,0.001,0.001,0.0154
t_7813,0.001,0.001,0.001,0.001,0.001,0.001,0.0056
t_7814,0.001,0.001,0.001,0.001,0.001,0.001,0
t_7815,0.001,0.001,0.001,0.003,0.002,0.003,0.0001
t_7816,0.001,0.001,0.001,0.010,0.006,0.010,0.0003
t_7817,0.002,0.002,0.002,0.022,0.012,0.022,0.0003
t_7818,0.002,0.002,0.002,0.033,0.018,0.033,0.0005
t_7819,0.001,0.001,0.001,0.042,0.022,0.042,0.0016
t_7820,0.001,0.001,0.001,0.049,0.025,0.049,0.0047
t_7821,0.001,0.001,0.001,0.052,0.027,0.052,0.0107
t_7822,0.000,0.000,0.000,0.060,0.030,0.060,0.0183
t_7823,0.000,0.000,0.000,0.062,0.031,0.062,0.0285
t_7824,0.000,0.000,0.000,0.065,0.033,0.065,0.045
t_7825,0.000,0.000,0.000,0.057,0.029,0.057,0.0474
t_7826,0.003,0.003,0.003,0.050,0.027,0.050,0.0339
t_7827,0.004,0.004,0.004,0.044,0.024,0.044,0.021
t_7828,0.000,0.000,0.000,0.033,0.017,0.033,0.0134
t_7829,0.000,0.000,0.000,0.026,0.013,0.026,0.0107
t_7830,0.000,0.000,0.000,0.021,0.011,0.021,0.008
t_7831,0.000,0.000,0.000,0.019,0.010,0.019,0.0035
t_7832,0.000,0.000,0.000,0.014,0.007,0.014,0.0049
t_7833,0.000,0.000,0.000,0.009,0.005,0.009,0.007
t_7834,0.000,0.000,0.000,0.006,0.003,0.006,0.0014
t_7835,0.000,0.000,0.000,0.003,0.002,0.003,0.0001
t_7836,0.000,0.000,0.000,0.002,0.001,0.002,0.0004
t_7837,0.000,0.000,0.000,0.001,0.001,0.001,0.0027
t_7838,0.000,0.000,0.000,0.001,0.001,0.001,0.005
t_7839,0.000,0.000,0.000,0.001,0.001,0.001,0.0054
t_7840,0.000,0.000,0.000,0.001,0.001,0.001,0.0015
t_7841,0.000,0.000,0.000,0.000,0.000,0.000,0.0005
t_7842,0.000,0.000,0.000,0.000,0.000,0.000,0.0001
t_7843,0.001,0.001,0.001,0.000,0.001,0.000,0
t_7844,0.005,0.005,0.005,0.000,0.003,0.000,0
t_7845,0.006,0.006,0.006,0.000,0.003,0.000,0.0003
t_7846,0.003,0.003,0.003,0.000,0.002,0.000,0.0026
t_7847,0.006,0.006,0.006,0.000,0.003,0.000,0.0084
t_7848,0.006,0.006,0.006,0.001,0.004,0.001,0.0115
t_7849,0.002,0.002,0.002,0.001,0.002,0.001,0.0095
t_7850,0.000,0.000,0.000,0.001,0.001,0.001,0.0095
t_7851,0.000,0.000,0.000,0.001,0.001,0.001,0.013
t_7852,0.001,0.001,0.001,0.001,0.001,0.001,0.0192
t_7853,0.001,0.001,0.001,0.001,0.001,0.001,0.0235
t_7854,0.001,0.001,0.001,0.001,0.001,0.001,0.0238
t_7855,0.001,0.001,0.001,0.001,0.001,0.001,0.0213
t_7856,0.013,0.013,0.013,0.001,0.007,0.001,0.0186
t_7857,0.040,0.040,0.040,0.001,0.021,0.001,0.0138
t_7858,0.018,0.018,0.018,0.000,0.009,0.000,0.0084
t_7859,0.004,0.004,0.004,0.000,0.002,0.000,0.0165
t_7860,0.018,0.018,0.018,0.000,0.009,0.000,0.0212
t_7861,0.021,0.021,0.021,0.000,0.011,0.000,0.0225
t_7862,0.027,0.027,0.027,0.000,0.014,0.000,0.021
t_7863,0.036,0.036,0.036,0.001,0.019,0.001,0.0147
t_7864,0.036,0.036,0.036,0.004,0.020,0.004,0.0196
t_7865,0.106,0.106,0.106,0.005,0.056,0.005,0.0316
t_7866,0.214,0.214,0.214,0.005,0.110,0.005,0.0416
t_7867,0.333,0.333,0.333,0.004,0.169,0.004,0.0453
t_7868,0.407,0.407,0.407,0.006,0.207,0.006,0.0457
t_7869,0.447,0.447,0.447,0.010,0.229,0.010,0.0467
t_7870,0.504,0.504,0.504,0.012,0.258,0.012,0.057
t_7871,0.542,0.542,0.542,0.017,0.280,0.017,0.081
t_7872,0.563,0.563,0.563,0.022,0.293,0.022,0.0968
t_7873,0.566,0.566,0.566,0.025,0.296,0.025,0.1018
t_7874,0.602,0.602,0.602,0.026,0.314,0.026,0.0993
t_7875,0.602,0.602,0.602,0.024,0.313,0.024,0.0931
t_7876,0.591,0.591,0.591,0.019,0.305,0.019,0.0869
t_7877,0.574,0.574,0.574,0.012,0.293,0.012,0.0821
t_7878,0.548,0.548,0.548,0.006,0.277,0.006,0.079
t_7879,0.537,0.537,0.537,0.004,0.271,0.004,0.0755
t_7880,0.515,0.515,0.515,0.003,0.259,0.003,0.0695
t_7881,0.393,0.393,0.393,0.001,0.197,0.001,0.0517
t_7882,0.207,0.207,0.207,0.000,0.104,0.000,0.0296
t_7883,0.104,0.104,0.104,0.000,0.052,0.000,0.0505
t_7884,0.105,0.105,0.105,0.000,0.053,0.000,0.068
t_7885,0.097,0.097,0.097,0.000,0.049,0.000,0.0692
t_7886,0.164,0.164,0.164,0.001,0.083,0.001,0.0643
t_7887,0.287,0.287,0.287,0.001,0.144,0.001,0.042
t_7888,0.425,0.425,0.425,0.002,0.214,0.002,0.0241
t_7889,0.561,0.561,0.561,0.004,0.283,0.004,0.0281
t_7890,0.628,0.628,0.628,0.007,0.318,0.007,0.0348
t_7891,0.653,0.653,0.653,0.013,0.333,0.013,0.0328
t_7892,0.661,0.661,0.661,0.022,0.342,0.022,0.0272
t_7893,0.667,0.667,0.667,0.032,0.350,0.032,0.0213
t_7894,0.715,0.715,0.715,0.039,0.377,0.039,0.0192
t_7895,0.740,0.740,0.740,0.050,0.395,0.050,0.0208
t_7896,0.784,0.784,0.784,0.059,0.422,0.059,0.0244
t_7897,0.814,0.814,0.814,0.056,0.435,0.056,0.0251
t_7898,0.829,0.829,0.829,0.049,0.439,0.049,0.0295
t_7899,0.837,0.837,0.837,0.041,0.439,0.041,0.0383
t_7900,0.833,0.833,0.833,0.032,0.433,0.032,0.0479
t_7901,0.821,0.821,0.821,0.027,0.424,0.027,0.0482
t_7902,0.810,0.810,0.810,0.030,0.420,0.030,0.0439
t_7903,0.805,0.805,0.805,0.029,0.417,0.029,0.0377
t_7904,0.806,0.806,0.806,0.028,0.417,0.028,0.0337
t_7905,0.774,0.774,0.774,0.015,0.395,0.015,0.0314
t_7906,0.729,0.729,0.729,0.007,0.368,0.007,0.0552
t_7907,0.697,0.697,0.697,0.006,0.352,0.006,0.0797
t_7908,0.662,0.662,0.662,0.012,0.337,0.012,0.0948
t_7909,0.616,0.616,0.616,0.022,0.319,0.022,0.1052
t_7910,0.550,0.550,0.550,0.034,0.292,0.034,0.0931
t_7911,0.556,0.556,0.556,0.051,0.304,0.051,0.0665
t_7912,0.619,0.619,0.619,0.077,0.348,0.077,0.0577
t_7913,0.666,0.666,0.666,0.088,0.377,0.088,0.0512
t_7914,0.640,0.640,0.640,0.094,0.367,0.094,0.0532
t_7915,0.613,0.613,0.613,0.096,0.355,0.096,0.056
t_7916,0.568,0.568,0.568,0.093,0.331,0.093,0.0564
t_7917,0.507,0.507,0.507,0.102,0.305,0.102,0.0576
t_7918,0.429,0.429,0.429,0.089,0.259,0.089,0.0628
t_7919,0.332,0.332,0.332,0.080,0.206,0.080,0.0439
t_7920,0.245,0.245,0.245,0.080,0.163,0.080,0.0434
t_7921,0.172,0.172,0.172,0.074,0.123,0.074,0.0573
t_7922,0.133,0.133,0.133,0.071,0.102,0.071,0.0647
t_7923,0.129,0.129,0.129,0.061,0.095,0.061,0.0641
t_7924,0.157,0.157,0.157,0.056,0.107,0.056,0.0538
t_7925,0.210,0.210,0.210,0.046,0.128,0.046,0.0646
t_7926,0.274,0.274,0.274,0.033,0.154,0.033,0.0664
t_7927,0.331,0.331,0.331,0.035,0.183,0.035,0.0568
t_7928,0.360,0.360,0.360,0.029,0.195,0.029,0.0461
t_7929,0.260,0.260,0.260,0.013,0.137,0.013,0.0525
t_7930,0.086,0.086,0.086,0.003,0.045,0.003,0.0705
t_7931,0.000,0.000,0.000,0.000,0.000,0.000,0.1224
t_7932,0.000,0.000,0.000,0.000,0.000,0.000,0.1907
t_7933,0.000,0.000,0.000,0.000,0.000,0.000,0.188
t_7934,0.002,0.002,0.002,0.000,0.001,0.000,0.1677
t_7935,0.003,0.003,0.003,0.000,0.002,0.000,0.1372
t_7936,0.008,0.008,0.008,0.004,0.006,0.004,0.1268
t_7937,0.003,0.003,0.003,0.013,0.008,0.013,0.1209
t_7938,0.001,0.001,0.001,0.020,0.011,0.020,0.0823
t_7939,0.000,0.000,0.000,0.020,0.010,0.020,0.0473
t_7940,0.000,0.000,0.000,0.017,0.009,0.017,0.0561
t_7941,0.000,0.000,0.000,0.015,0.008,0.015,0.0653
t_7942,0.000,0.000,0.000,0.013,0.007,0.013,0.0558
t_7943,0.000,0.000,0.000,0.015,0.008,0.015,0.0467
t_7944,0.000,0.000,0.000,0.017,0.009,0.017,0.0365
t_7945,0.000,0.000,0.000,0.012,0.006,0.012,0.0287
t_7946,0.000,0.000,0.000,0.006,0.003,0.006,0.0226
t_7947,0.000,0.000,0.000,0.004,0.002,0.004,0.02
t_7948,0.000,0.000,0.000,0.002,0.001,0.002,0.0159
t_7949,0.000,0.000,0.000,0.001,0.001,0.001,0.0094
t_7950,0.000,0.000,0.000,0.001,0.001,0.001,0.0073
t_7951,0.000,0.000,0.000,0.002,0.001,0.002,0.0054
t_7952,0.000,0.000,0.000,0.001,0.001,0.001,0.003
t_7953,0.000,0.000,0.000,0.000,0.000,0.000,0.0009
t_7954,0.000,0.000,0.000,0.001,0.001,0.001,0
t_7955,0.000,0.000,0.000,0.000,0.000,0.000,0
t_7956,0.000,0.000,0.000,0.000,0.000,0.000,0
t_7957,0.000,0.000,0.000,0.000,0.000,0.000,0
t_7958,0.000,0.000,0.000,0.000,0.000,0.000,0.0001
t_7959,0.000,0.000,0.000,0.000,0.000,0.000,0.0024
t_7960,0.000,0.000,0.000,0.000,0.000,0.000,0.0052
t_7961,0.000,0.000,0.000,0.000,0.000,0.000,0.003
t_7962,0.000,0.000,0.000,0.000,0.000,0.000,0.0024
t_7963,0.000,0.000,0.000,0.000,0.000,0.000,0.0041
t_7964,0.000,0.000,0.000,0.000,0.000,0.000,0.0098
t_7965,0.000,0.000,0.000,0.000,0.000,0.000,0.0158
t_7966,0.000,0.000,0.000,0.001,0.001,0.001,0.0192
t_7967,0.000,0.000,0.000,0.002,0.001,0.002,0.0258
t_7968,0.001,0.001,0.001,0.004,0.003,0.004,0.0248
t_7969,0.003,0.003,0.003,0.005,0.004,0.005,0.0321
t_7970,0.004,0.004,0.004,0.006,0.005,0.006,0.042
t_7971,0.001,0.001,0.001,0.005,0.003,0.005,0.051
t_7972,0.000,0.000,0.000,0.005,0.003,0.005,0.071
t_7973,0.000,0.000,0.000,0.005,0.003,0.005,0.1031
t_7974,0.000,0.000,0.000,0.005,0.003,0.005,0.1373
t_7975,0.000,0.000,0.000,0.004,0.002,0.004,0.1606
t_7976,0.000,0.000,0.000,0.003,0.002,0.003,0.1624
t_7977,0.000,0.000,0.000,0.002,0.001,0.002,0.1291
t_7978,0.000,0.000,0.000,0.002,0.001,0.002,0.0594
t_7979,0.000,0.000,0.000,0.001,0.001,0.001,0.011
t_7980,0.000,0.000,0.000,0.001,0.001,0.001,0
t_7981,0.000,0.000,0.000,0.001,0.001,0.001,0
t_7982,0.000,0.000,0.000,0.000,0.000,0.000,0
t_7983,0.000,0.000,0.000,0.000,0.000,0.000,0
t_7984,0.001,0.001,0.001,0.000,0.001,0.000,0
t_7985,0.003,0.003,0.003,0.000,0.002,0.000,0.0003
t_7986,0.003,0.003,0.003,0.000,0.002,0.000,0.0062
t_7987,0.003,0.003,0.003,0.000,0.002,0.000,0.0145
t_7988,0.002,0.002,0.002,0.000,0.001,0.000,0.0199
t_7989,0.001,0.001,0.001,0.000,0.001,0.000,0.0219
t_7990,0.001,0.001,0.001,0.000,0.001,0.000,0.0227
t_7991,0.003,0.003,0.003,0.000,0.002,0.000,0.0265
t_7992,0.003,0.003,0.003,0.000,0.002,0.000,0.034
t_7993,0.004,0.004,0.004,0.001,0.003,0.001,0.0464
t_7994,0.004,0.004,0.004,0.001,0.003,0.001,0.0586
t_7995,0.003,0.003,0.003,0.002,0.003,0.002,0.0673
t_7996,0.003,0.003,0.003,0.005,0.004,0.005,0.0724
t_7997,0.001,0.001,0.001,0.010,0.006,0.010,0.0703
t_7998,0.000,0.000,0.000,0.018,0.009,0.018,0.0621
t_7999,0.000,0.000,0.000,0.023,0.012,0.023,0.0548
t_8000,0.000,0.000,0.000,0.023,0.012,0.023,0.0496
t_8001,0.000,0.000,0.000,0.020,0.010,0.020,0.0396
t_8002,0.000,0.000,0.000,0.035,0.018,0.035,0.0222
t_8003,0.000,0.000,0.000,0.082,0.041,0.082,0.0051
t_8004,0.000,0.000,0.000,0.127,0.064,0.127,0.0069
t_8005,0.000,0.000,0.000,0.161,0.081,0.161,0.0105
t_8006,0.000,0.000,0.000,0.164,0.082,0.164,0.0092
t_8007,0.000,0.000,0.000,0.187,0.094,0.187,0.0053
t_8008,0.002,0.002,0.002,0.219,0.111,0.219,0.0065
t_8009,0.005,0.005,0.005,0.217,0.111,0.217,0.0194
t_8010,0.003,0.003,0.003,0.201,0.102,0.201,0.0302
t_8011,0.001,0.001,0.001,0.182,0.092,0.182,0.0325
t_8012,0.001,0.001,0.001,0.151,0.076,0.151,0.0386
t_8013,0.009,0.009,0.009,0.120,0.065,0.120,0.0494
t_8014,0.011,0.011,0.011,0.109,0.060,0.109,0.0563
t_8015,0.021,0.021,0.021,0.101,0.061,0.101,0.0592
t_8016,0.031,0.031,0.031,0.083,0.057,0.083,0.0602
t_8017,0.036,0.036,0.036,0.064,0.050,0.064,0.0571
t_8018,0.034,0.034,0.034,0.050,0.042,0.050,0.0517
t_8019,0.028,0.028,0.028,0.038,0.033,0.038,0.046
t_8020,0.018,0.018,0.018,0.024,0.021,0.024,0.0409
t_8021,0.010,0.010,0.010,0.016,0.013,0.016,0.0345
t_8022,0.006,0.006,0.006,0.011,0.009,0.011,0.0292
t_8023,0.006,0.006,0.006,0.007,0.007,0.007,0.026
t_8024,0.005,0.005,0.005,0.004,0.005,0.004,0.0258
t_8025,0.011,0.011,0.011,0.003,0.007,0.003,0.0219
t_8026,0.008,0.008,0.008,0.001,0.005,0.001,0.005
t_8027,0.006,0.006,0.006,0.000,0.003,0.000,0
t_8028,0.006,0.006,0.006,0.000,0.003,0.000,0
t_8029,0.006,0.006,0.006,0.000,0.003,0.000,0
t_8030,0.003,0.003,0.003,0.000,0.002,0.000,0.0008
t_8031,0.003,0.003,0.003,0.000,0.002,0.000,0.0016
t_8032,0.009,0.009,0.009,0.001,0.005,0.001,0
t_8033,0.025,0.025,0.025,0.001,0.013,0.001,0
t_8034,0.035,0.035,0.035,0.000,0.018,0.000,0.0022
t_8035,0.033,0.033,0.033,0.000,0.017,0.000,0.0125
t_8036,0.037,0.037,0.037,0.001,0.019,0.001,0.0177
t_8037,0.040,0.040,0.040,0.005,0.023,0.005,0.0207
t_8038,0.044,0.044,0.044,0.008,0.026,0.008,0.0213
t_8039,0.048,0.048,0.048,0.011,0.030,0.011,0.0228
t_8040,0.053,0.053,0.053,0.016,0.035,0.016,0.027
t_8041,0.058,0.058,0.058,0.021,0.040,0.021,0.0321
t_8042,0.058,0.058,0.058,0.028,0.043,0.028,0.0368
t_8043,0.050,0.050,0.050,0.034,0.042,0.034,0.0439
t_8044,0.034,0.034,0.034,0.042,0.038,0.042,0.046
t_8045,0.019,0.019,0.019,0.046,0.033,0.046,0.0408
t_8046,0.010,0.010,0.010,0.045,0.028,0.045,0.0367
t_8047,0.009,0.009,0.009,0.045,0.027,0.045,0.0414
t_8048,0.009,0.009,0.009,0.041,0.025,0.041,0.0381
t_8049,0.011,0.011,0.011,0.030,0.021,0.030,0.0259
t_8050,0.004,0.004,0.004,0.019,0.012,0.019,0.0059
t_8051,0.001,0.001,0.001,0.024,0.013,0.024,0
t_8052,0.001,0.001,0.001,0.039,0.020,0.039,0.0003
t_8053,0.001,0.001,0.001,0.034,0.018,0.034,0.0028
t_8054,0.000,0.000,0.000,0.018,0.009,0.018,0.0071
t_8055,0.000,0.000,0.000,0.008,0.004,0.008,0.0125
t_8056,0.000,0.000,0.000,0.006,0.003,0.006,0.004
t_8057,0.000,0.000,0.000,0.003,0.002,0.003,0.0004
t_8058,0.000,0.000,0.000,0.004,0.002,0.004,0.0002
t_8059,0.000,0.000,0.000,0.004,0.002,0.004,0.0001
t_8060,0.000,0.000,0.000,0.006,0.003,0.006,0.0001
t_8061,0.000,0.000,0.000,0.007,0.004,0.007,0.0001
t_8062,0.000,0.000,0.000,0.007,0.004,0.007,0.0004
t_8063,0.000,0.000,0.000,0.006,0.003,0.006,0.0021
t_8064,0.000,0.000,0.000,0.004,0.002,0.004,0.007
t_8065,0.000,0.000,0.000,0.002,0.001,0.002,0.0153
t_8066,0.000,0.000,0.000,0.001,0.001,0.001,0.0263
t_8067,0.000,0.000,0.000,0.001,0.001,0.001,0.0425
t_8068,0.000,0.000,0.000,0.001,0.001,0.001,0.0575
t_8069,0.000,0.000,0.000,0.001,0.001,0.001,0.0698
t_8070,0.000,0.000,0.000,0.001,0.001,0.001,0.0767
t_8071,0.000,0.000,0.000,0.001,0.001,0.001,0.0792
t_8072,0.000,0.000,0.000,0.001,0.001,0.001,0.0763
t_8073,0.000,0.000,0.000,0.000,0.000,0.000,0.083
t_8074,0.000,0.000,0.000,0.000,0.000,0.000,0.0147
t_8075,0.000,0.000,0.000,0.000,0.000,0.000,0.0182
t_8076,0.000,0.000,0.000,0.000,0.000,0.000,0.0322
t_8077,0.000,0.000,0.000,0.000,0.000,0.000,0.0353
t_8078,0.000,0.000,0.000,0.000,0.000,0.000,0.0354
t_8079,0.000,0.000,0.000,0.000,0.000,0.000,0.0441
t_8080,0.000,0.000,0.000,0.000,0.000,0.000,0.0388
t_8081,0.001,0.001,0.001,0.000,0.001,0.000,0.0414
t_8082,0.001,0.001,0.001,0.000,0.001,0.000,0.0528
t_8083,0.001,0.001,0.001,0.000,0.001,0.000,0.0787
t_8084,0.001,0.001,0.001,0.000,0.001,0.000,0.1002
t_8085,0.001,0.001,0.001,0.000,0.001,0.000,0.112
t_8086,0.004,0.004,0.004,0.000,0.002,0.000,0.1164
t_8087,0.008,0.008,0.008,0.000,0.004,0.000,0.1112
t_8088,0.010,0.010,0.010,0.000,0.005,0.000,0.1085
t_8089,0.012,0.012,0.012,0.001,0.007,0.001,0.0977
t_8090,0.020,0.020,0.020,0.002,0.011,0.002,0.0666
t_8091,0.029,0.029,0.029,0.004,0.017,0.004,0.0449
t_8092,0.027,0.027,0.027,0.005,0.016,0.005,0.0355
t_8093,0.025,0.025,0.025,0.008,0.017,0.008,0.0367
t_8094,0.028,0.028,0.028,0.016,0.022,0.016,0.0427
t_8095,0.032,0.032,0.032,0.024,0.028,0.024,0.0465
t_8096,0.035,0.035,0.035,0.025,0.030,0.025,0.0287
t_8097,0.030,0.030,0.030,0.018,0.024,0.018,0.0285
t_8098,0.039,0.039,0.039,0.021,0.030,0.021,0.0034
t_8099,0.049,0.049,0.049,0.049,0.049,0.049,0.0006
t_8100,0.071,0.071,0.071,0.068,0.070,0.068,0.0003
t_8101,0.110,0.110,0.110,0.109,0.110,0.109,0.0002
t_8102,0.175,0.175,0.175,0.155,0.165,0.155,0.0003
t_8103,0.210,0.210,0.210,0.166,0.188,0.166,0.0003
t_8104,0.290,0.290,0.290,0.178,0.234,0.178,0.0024
t_8105,0.395,0.395,0.395,0.205,0.300,0.205,0.0151
t_8106,0.414,0.414,0.414,0.203,0.309,0.203,0.0293
t_8107,0.379,0.379,0.379,0.193,0.286,0.193,0.0341
t_8108,0.322,0.322,0.322,0.186,0.254,0.186,0.0369
t_8109,0.292,0.292,0.292,0.180,0.236,0.180,0.0411
t_8110,0.267,0.267,0.267,0.168,0.218,0.168,0.0458
t_8111,0.235,0.235,0.235,0.164,0.200,0.164,0.0517
t_8112,0.196,0.196,0.196,0.166,0.181,0.166,0.0599
t_8113,0.172,0.172,0.172,0.172,0.172,0.172,0.0732
t_8114,0.158,0.158,0.158,0.186,0.172,0.186,0.0823
t_8115,0.143,0.143,0.143,0.186,0.165,0.186,0.0889
t_8116,0.140,0.140,0.140,0.208,0.174,0.208,0.0889
t_8117,0.128,0.128,0.128,0.245,0.187,0.245,0.0785
t_8118,0.109,0.109,0.109,0.259,0.184,0.259,0.0815
t_8119,0.094,0.094,0.094,0.273,0.184,0.273,0.0878
t_8120,0.080,0.080,0.080,0.290,0.185,0.290,0.0942
t_8121,0.074,0.074,0.074,0.284,0.179,0.284,0.0934
t_8122,0.061,0.061,0.061,0.347,0.204,0.347,0.0705
t_8123,0.042,0.042,0.042,0.402,0.222,0.402,0.0091
t_8124,0.019,0.019,0.019,0.426,0.223,0.426,0.0517
t_8125,0.011,0.011,0.011,0.439,0.225,0.439,0.0663
t_8126,0.008,0.008,0.008,0.444,0.226,0.444,0.0557
t_8127,0.008,0.008,0.008,0.390,0.199,0.390,0.0405
t_8128,0.014,0.014,0.014,0.352,0.183,0.352,0.0261
t_8129,0.022,0.022,0.022,0.356,0.189,0.356,0.0099
t_8130,0.025,0.025,0.025,0.356,0.191,0.356,0.0042
t_8131,0.044,0.044,0.044,0.341,0.193,0.341,0.0036
t_8132,0.099,0.099,0.099,0.329,0.214,0.329,0.004
t_8133,0.140,0.140,0.140,0.312,0.226,0.312,0.0053
t_8134,0.149,0.149,0.149,0.302,0.226,0.302,0.0062
t_8135,0.145,0.145,0.145,0.280,0.213,0.280,0.0056
t_8136,0.129,0.129,0.129,0.252,0.191,0.252,0.0054
t_8137,0.178,0.178,0.178,0.223,0.201,0.223,0.0045
t_8138,0.158,0.158,0.158,0.197,0.178,0.197,0.0044
t_8139,0.144,0.144,0.144,0.179,0.162,0.179,0.006
t_8140,0.126,0.126,0.126,0.155,0.141,0.155,0.0092
t_8141,0.103,0.103,0.103,0.141,0.122,0.141,0.0101
t_8142,0.084,0.084,0.084,0.133,0.109,0.133,0.0096
t_8143,0.047,0.047,0.047,0.126,0.087,0.126,0.0088
t_8144,0.053,0.053,0.053,0.118,0.086,0.118,0.0097
t_8145,0.041,0.041,0.041,0.078,0.060,0.078,0.011
t_8146,0.006,0.006,0.006,0.063,0.035,0.063,0.0004
t_8147,0.001,0.001,0.001,0.065,0.033,0.065,0.0066
t_8148,0.000,0.000,0.000,0.054,0.027,0.054,0.0149
t_8149,0.000,0.000,0.000,0.038,0.019,0.038,0.014
t_8150,0.000,0.000,0.000,0.029,0.015,0.029,0.0123
t_8151,0.000,0.000,0.000,0.022,0.011,0.022,0.0088
t_8152,0.001,0.001,0.001,0.028,0.015,0.028,0.013
t_8153,0.002,0.002,0.002,0.048,0.025,0.048,0.0251
t_8154,0.014,0.014,0.014,0.063,0.039,0.063,0.0375
t_8155,0.139,0.139,0.139,0.061,0.100,0.061,0.0382
t_8156,0.302,0.302,0.302,0.051,0.177,0.051,0.0381
t_8157,0.442,0.442,0.442,0.030,0.236,0.030,0.0402
t_8158,0.490,0.490,0.490,0.019,0.255,0.019,0.0471
t_8159,0.481,0.481,0.481,0.017,0.249,0.017,0.0469
t_8160,0.464,0.464,0.464,0.009,0.237,0.009,0.0497
t_8161,0.449,0.449,0.449,0.002,0.226,0.002,0.0599
t_8162,0.439,0.439,0.439,0.001,0.220,0.001,0.0635
t_8163,0.416,0.416,0.416,0.001,0.209,0.001,0.071
t_8164,0.403,0.403,0.403,0.000,0.202,0.000,0.0695
t_8165,0.358,0.358,0.358,0.000,0.179,0.000,0.065
t_8166,0.306,0.306,0.306,0.000,0.153,0.000,0.0615
t_8167,0.277,0.277,0.277,0.000,0.139,0.000,0.0604
t_8168,0.287,0.287,0.287,0.000,0.144,0.000,0.0579
t_8169,0.260,0.260,0.260,0.000,0.130,0.000,0.049
t_8170,0.166,0.166,0.166,0.000,0.083,0.000,0.0258
t_8171,0.162,0.162,0.162,0.000,0.081,0.000,0.0485
t_8172,0.214,0.214,0.214,0.000,0.107,0.000,0.0861
t_8173,0.232,0.232,0.232,0.000,0.116,0.000,0.0976
t_8174,0.152,0.152,0.152,0.000,0.076,0.000,0.0973
t_8175,0.118,0.118,0.118,0.000,0.059,0.000,0.0688
t_8176,0.172,0.172,0.172,0.000,0.086,0.000,0.0486
t_8177,0.260,0.260,0.260,0.000,0.130,0.000,0.0519
t_8178,0.331,0.331,0.331,0.000,0.166,0.000,0.066
t_8179,0.368,0.368,0.368,0.003,0.186,0.003,0.0689
t_8180,0.391,0.391,0.391,0.009,0.200,0.009,0.0696
t_8181,0.414,0.414,0.414,0.019,0.217,0.019,0.0669
t_8182,0.456,0.456,0.456,0.023,0.240,0.023,0.0591
t_8183,0.525,0.525,0.525,0.025,0.275,0.025,0.064
t_8184,0.594,0.594,0.594,0.025,0.310,0.025,0.0739
t_8185,0.656,0.656,0.656,0.020,0.338,0.020,0.077
t_8186,0.671,0.671,0.671,0.016,0.344,0.016,0.0652
t_8187,0.675,0.675,0.675,0.013,0.344,0.013,0.0571
t_8188,0.636,0.636,0.636,0.013,0.325,0.013,0.0574
t_8189,0.585,0.585,0.585,0.011,0.298,0.011,0.056
t_8190,0.547,0.547,0.547,0.009,0.278,0.009,0.0522
t_8191,0.538,0.538,0.538,0.012,0.275,0.012,0.0464
t_8192,0.545,0.545,0.545,0.016,0.281,0.016,0.0457
t_8193,0.499,0.499,0.499,0.010,0.255,0.010,0.0494
t_8194,0.438,0.438,0.438,0.003,0.221,0.003,0.0555
t_8195,0.405,0.405,0.405,0.003,0.204,0.003,0.0637
t_8196,0.371,0.371,0.371,0.004,0.188,0.004,0.0868
t_8197,0.395,0.395,0.395,0.005,0.200,0.005,0.0876
t_8198,0.444,0.444,0.444,0.005,0.225,0.005,0.0771
t_8199,0.515,0.515,0.515,0.005,0.260,0.005,0.0552
t_8200,0.557,0.557,0.557,0.024,0.291,0.024,0.0602
t_8201,0.595,0.595,0.595,0.023,0.309,0.023,0.0694
t_8202,0.599,0.599,0.599,0.004,0.302,0.004,0.0707
t_8203,0.579,0.579,0.579,0.003,0.291,0.003,0.0752
t_8204,0.537,0.537,0.537,0.002,0.270,0.002,0.0823
t_8205,0.453,0.453,0.453,0.002,0.228,0.002,0.0876
t_8206,0.371,0.371,0.371,0.001,0.186,0.001,0.0875
t_8207,0.246,0.246,0.246,0.001,0.124,0.001,0.0822
t_8208,0.120,0.120,0.120,0.001,0.061,0.001,0.0741
t_8209,0.031,0.031,0.031,0.002,0.017,0.002,0.0688
t_8210,0.002,0.002,0.002,0.003,0.003,0.003,0.0663
t_8211,0.000,0.000,0.000,0.004,0.002,0.004,0.0614
t_8212,0.000,0.000,0.000,0.003,0.002,0.003,0.056
t_8213,0.000,0.000,0.000,0.002,0.001,0.002,0.0549
t_8214,0.000,0.000,0.000,0.000,0.000,0.000,0.0608
t_8215,0.000,0.000,0.000,0.000,0.000,0.000,0.0631
t_8216,0.000,0.000,0.000,0.000,0.000,0.000,0.0615
t_8217,0.000,0.000,0.000,0.000,0.000,0.000,0.0505
t_8218,0.000,0.000,0.000,0.000,0.000,0.000,0.033
t_8219,0.000,0.000,0.000,0.000,0.000,0.000,0.0166
t_8220,0.000,0.000,0.000,0.000,0.000,0.000,0.0023
t_8221,0.000,0.000,0.000,0.000,0.000,0.000,0.0003
t_8222,0.000,0.000,0.000,0.000,0.000,0.000,0
t_8223,0.000,0.000,0.000,0.000,0.000,0.000,0.0001
t_8224,0.003,0.003,0.003,0.001,0.002,0.001,0.0014
t_8225,0.008,0.008,0.008,0.001,0.005,0.001,0.0041
t_8226,0.012,0.012,0.012,0.001,0.007,0.001,0.0073
t_8227,0.014,0.014,0.014,0.002,0.008,0.002,0.0107
t_8228,0.021,0.021,0.021,0.002,0.012,0.002,0.0124
t_8229,0.022,0.022,0.022,0.002,0.012,0.002,0.011
t_8230,0.019,0.019,0.019,0.004,0.012,0.004,0.0103
t_8231,0.017,0.017,0.017,0.005,0.011,0.005,0.0131
t_8232,0.012,0.012,0.012,0.005,0.009,0.005,0.017
t_8233,0.012,0.012,0.012,0.005,0.009,0.005,0.0214
t_8234,0.012,0.012,0.012,0.005,0.009,0.005,0.0256
t_8235,0.013,0.013,0.013,0.005,0.009,0.005,0.0294
t_8236,0.012,0.012,0.012,0.004,0.008,0.004,0.0321
t_8237,0.012,0.012,0.012,0.004,0.008,0.004,0.0334
t_8238,0.013,0.013,0.013,0.005,0.009,0.005,0.0333
t_8239,0.016,0.016,0.016,0.006,0.011,0.006,0.0308
t_8240,0.022,0.022,0.022,0.006,0.014,0.006,0.0269
t_8241,0.021,0.021,0.021,0.005,0.013,0.005,0.0184
t_8242,0.021,0.021,0.021,0.004,0.013,0.004,0.0112
t_8243,0.011,0.011,0.011,0.001,0.006,0.001,0.0026
t_8244,0.004,0.004,0.004,0.000,0.002,0.000,0.0003
t_8245,0.003,0.003,0.003,0.000,0.002,0.000,0.0005
t_8246,0.006,0.006,0.006,0.001,0.004,0.001,0.0003
t_8247,0.015,0.015,0.015,0.003,0.009,0.003,0.0004
t_8248,0.019,0.019,0.019,0.006,0.013,0.006,0.0039
t_8249,0.024,0.024,0.024,0.009,0.017,0.009,0.0095
t_8250,0.025,0.025,0.025,0.012,0.019,0.012,0.0113
t_8251,0.026,0.026,0.026,0.014,0.020,0.014,0.0078
t_8252,0.025,0.025,0.025,0.013,0.019,0.013,0.006
t_8253,0.025,0.025,0.025,0.011,0.018,0.011,0.0078
t_8254,0.026,0.026,0.026,0.008,0.017,0.008,0.0084
t_8255,0.026,0.026,0.026,0.006,0.016,0.006,0.0156
t_8256,0.032,0.032,0.032,0.004,0.018,0.004,0.0294
t_8257,0.034,0.034,0.034,0.001,0.018,0.001,0.0381
t_8258,0.028,0.028,0.028,0.000,0.014,0.000,0.0423
t_8259,0.023,0.023,0.023,0.000,0.012,0.000,0.0425
t_8260,0.014,0.014,0.014,0.000,0.007,0.000,0.0403
t_8261,0.000,0.000,0.000,0.001,0.001,0.001,0.0376
t_8262,0.000,0.000,0.000,0.001,0.001,0.001,0.0362
t_8263,0.000,0.000,0.000,0.002,0.001,0.002,0.0389
t_8264,0.000,0.000,0.000,0.002,0.001,0.002,0.0403
t_8265,0.000,0.000,0.000,0.001,0.001,0.001,0.0374
t_8266,0.000,0.000,0.000,0.000,0.000,0.000,0.0258
t_8267,0.000,0.000,0.000,0.000,0.000,0.000,0.0133
t_8268,0.000,0.000,0.000,0.000,0.000,0.000,0.008
t_8269,0.000,0.000,0.000,0.000,0.000,0.000,0.005
t_8270,0.001,0.001,0.001,0.001,0.001,0.001,0.0058
t_8271,0.002,0.002,0.002,0.003,0.003,0.003,0.0145
t_8272,0.005,0.005,0.005,0.008,0.007,0.008,0.0311
t_8273,0.011,0.011,0.011,0.018,0.015,0.018,0.0642
t_8274,0.021,0.021,0.021,0.026,0.024,0.026,0.1108
t_8275,0.030,0.030,0.030,0.031,0.031,0.031,0.1473
t_8276,0.043,0.043,0.043,0.035,0.039,0.035,0.187
t_8277,0.065,0.065,0.065,0.038,0.052,0.038,0.25
t_8278,0.087,0.087,0.087,0.045,0.066,0.045,0.3129
t_8279,0.100,0.100,0.100,0.048,0.074,0.048,0.3616
t_8280,0.082,0.082,0.082,0.041,0.062,0.041,0.4339
t_8281,0.058,0.058,0.058,0.041,0.050,0.041,0.5023
t_8282,0.046,0.046,0.046,0.038,0.042,0.038,0.5687
t_8283,0.047,0.047,0.047,0.047,0.047,0.047,0.629
t_8284,0.050,0.050,0.050,0.045,0.048,0.045,0.6542
t_8285,0.056,0.056,0.056,0.032,0.044,0.032,0.6624
t_8286,0.057,0.057,0.057,0.016,0.037,0.016,0.6688
t_8287,0.061,0.061,0.061,0.008,0.035,0.008,0.6378
t_8288,0.052,0.052,0.052,0.008,0.030,0.008,0.5242
t_8289,0.036,0.036,0.036,0.011,0.024,0.011,0.3798
t_8290,0.034,0.034,0.034,0.021,0.028,0.021,0.2432
t_8291,0.080,0.080,0.080,0.049,0.065,0.049,0.2205
t_8292,0.171,0.171,0.171,0.089,0.130,0.089,0.1791
t_8293,0.252,0.252,0.252,0.120,0.186,0.120,0.1424
t_8294,0.295,0.295,0.295,0.110,0.203,0.110,0.1094
t_8295,0.248,0.248,0.248,0.076,0.162,0.076,0.0845
t_8296,0.201,0.201,0.201,0.080,0.141,0.080,0.096
t_8297,0.219,0.219,0.219,0.103,0.161,0.103,0.1199
t_8298,0.230,0.230,0.230,0.134,0.182,0.134,0.1529
t_8299,0.229,0.229,0.229,0.158,0.194,0.158,0.2043
t_8300,0.246,0.246,0.246,0.186,0.216,0.186,0.2221
t_8301,0.283,0.283,0.283,0.182,0.233,0.182,0.2192
t_8302,0.444,0.444,0.444,0.154,0.299,0.154,0.1925
t_8303,0.486,0.486,0.486,0.122,0.304,0.122,0.2104
t_8304,0.576,0.576,0.576,0.105,0.341,0.105,0.2461
t_8305,0.639,0.639,0.639,0.097,0.368,0.097,0.3408
t_8306,0.652,0.652,0.652,0.084,0.368,0.084,0.3543
t_8307,0.631,0.631,0.631,0.067,0.349,0.067,0.3638
t_8308,0.664,0.664,0.664,0.065,0.365,0.065,0.3777
t_8309,0.650,0.650,0.650,0.075,0.363,0.075,0.3777
t_8310,0.622,0.622,0.622,0.090,0.356,0.090,0.3894
t_8311,0.610,0.610,0.610,0.113,0.362,0.113,0.4048
t_8312,0.637,0.637,0.637,0.139,0.388,0.139,0.4547
t_8313,0.697,0.697,0.697,0.138,0.418,0.138,0.4588
t_8314,0.833,0.833,0.833,0.160,0.497,0.160,0.518
t_8315,0.955,0.955,0.955,0.265,0.610,0.265,0.6285
t_8316,0.948,0.948,0.948,0.376,0.662,0.376,0.6287
t_8317,0.951,0.951,0.951,0.422,0.687,0.422,0.6195
t_8318,0.951,0.951,0.951,0.429,0.690,0.429,0.6132
t_8319,0.929,0.929,0.929,0.419,0.674,0.419,0.6125
t_8320,0.959,0.959,0.959,0.381,0.670,0.381,0.6185
t_8321,0.977,0.977,0.977,0.389,0.683,0.389,0.613
t_8322,0.980,0.980,0.980,0.401,0.691,0.401,0.5956
t_8323,0.981,0.981,0.981,0.405,0.693,0.405,0.5701
t_8324,0.981,0.981,0.981,0.405,0.693,0.405,0.5253
t_8325,0.982,0.982,0.982,0.415,0.699,0.415,0.4877
t_8326,0.981,0.981,0.981,0.450,0.716,0.450,0.4671
t_8327,0.993,0.993,0.993,0.478,0.736,0.478,0.4087
t_8328,0.969,0.969,0.969,0.494,0.732,0.494,0.3455
t_8329,0.961,0.961,0.961,0.524,0.743,0.524,0.2731
t_8330,0.945,0.945,0.945,0.553,0.749,0.553,0.2142
t_8331,0.913,0.913,0.913,0.576,0.745,0.576,0.1753
t_8332,0.771,0.771,0.771,0.596,0.684,0.596,0.1385
t_8333,0.754,0.754,0.754,0.622,0.688,0.622,0.128
t_8334,0.746,0.746,0.746,0.609,0.678,0.609,0.1021
t_8335,0.713,0.713,0.713,0.587,0.650,0.587,0.0906
t_8336,0.649,0.649,0.649,0.570,0.610,0.570,0.0628
t_8337,0.555,0.555,0.555,0.552,0.554,0.552,0.0342
t_8338,0.436,0.436,0.436,0.524,0.480,0.524,0.0244
t_8339,0.302,0.302,0.302,0.511,0.407,0.511,0.0205
t_8340,0.177,0.177,0.177,0.502,0.340,0.502,0.0217
t_8341,0.094,0.094,0.094,0.482,0.288,0.482,0.0291
t_8342,0.053,0.053,0.053,0.444,0.249,0.444,0.0221
t_8343,0.032,0.032,0.032,0.445,0.239,0.445,0.0132
t_8344,0.020,0.020,0.020,0.461,0.241,0.461,0.0205
t_8345,0.017,0.017,0.017,0.458,0.238,0.458,0.0359
t_8346,0.013,0.013,0.013,0.417,0.215,0.417,0.0495
t_8347,0.013,0.013,0.013,0.362,0.188,0.362,0.0651
t_8348,0.014,0.014,0.014,0.300,0.157,0.300,0.08
t_8349,0.029,0.029,0.029,0.256,0.143,0.256,0.1086
t_8350,0.076,0.076,0.076,0.233,0.155,0.233,0.1422
t_8351,0.145,0.145,0.145,0.209,0.177,0.209,0.1299
t_8352,0.216,0.216,0.216,0.172,0.194,0.172,0.1441
t_8353,0.265,0.265,0.265,0.115,0.190,0.115,0.1348
t_8354,0.290,0.290,0.290,0.091,0.191,0.091,0.1104
t_8355,0.298,0.298,0.298,0.074,0.186,0.074,0.0945
t_8356,0.284,0.284,0.284,0.059,0.172,0.059,0.0965
t_8357,0.277,0.277,0.277,0.055,0.166,0.055,0.1005
t_8358,0.289,0.289,0.289,0.065,0.177,0.065,0.1159
t_8359,0.530,0.530,0.530,0.078,0.304,0.078,0.1203
t_8360,0.503,0.503,0.503,0.075,0.289,0.075,0.1259
t_8361,0.374,0.374,0.374,0.037,0.206,0.037,0.1273
t_8362,0.221,0.221,0.221,0.004,0.113,0.004,0.1157
t_8363,0.099,0.099,0.099,0.001,0.050,0.001,0.116
t_8364,0.103,0.103,0.103,0.002,0.053,0.002,0.1266
t_8365,0.125,0.125,0.125,0.005,0.065,0.005,0.1433
t_8366,0.169,0.169,0.169,0.015,0.092,0.015,0.1484
t_8367,0.264,0.264,0.264,0.043,0.154,0.043,0.1424
t_8368,0.341,0.341,0.341,0.091,0.216,0.091,0.156
t_8369,0.370,0.370,0.370,0.132,0.251,0.132,0.1366
t_8370,0.383,0.383,0.383,0.148,0.266,0.148,0.144
t_8371,0.396,0.396,0.396,0.135,0.266,0.135,0.0896
t_8372,0.434,0.434,0.434,0.108,0.271,0.108,0.0775
t_8373,0.460,0.460,0.460,0.096,0.278,0.096,0.0739
t_8374,0.470,0.470,0.470,0.072,0.271,0.072,0.0752
t_8375,0.491,0.491,0.491,0.055,0.273,0.055,0.0895
t_8376,0.520,0.520,0.520,0.046,0.283,0.046,0.0983
t_8377,0.544,0.544,0.544,0.010,0.277,0.010,0.0818
t_8378,0.550,0.550,0.550,0.007,0.279,0.007,0.0654
t_8379,0.548,0.548,0.548,0.007,0.278,0.007,0.0583
t_8380,0.559,0.559,0.559,0.012,0.286,0.012,0.06
t_8381,0.552,0.552,0.552,0.043,0.298,0.043,0.0672
t_8382,0.539,0.539,0.539,0.059,0.299,0.059,0.0707
t_8383,0.534,0.534,0.534,0.075,0.305,0.075,0.0616
t_8384,0.532,0.532,0.532,0.078,0.305,0.078,0.0623
t_8385,0.514,0.514,0.514,0.046,0.280,0.046,0.061
t_8386,0.671,0.671,0.671,0.012,0.342,0.012,0.0516
t_8387,0.619,0.619,0.619,0.008,0.314,0.008,0.0548
t_8388,0.516,0.516,0.516,0.007,0.262,0.007,0.0706
t_8389,0.427,0.427,0.427,0.009,0.218,0.009,0.0826
t_8390,0.378,0.378,0.378,0.012,0.195,0.012,0.0839
t_8391,0.389,0.389,0.389,0.019,0.204,0.019,0.0731
t_8392,0.425,0.425,0.425,0.030,0.228,0.030,0.0567
t_8393,0.483,0.483,0.483,0.044,0.264,0.044,0.0479
t_8394,0.523,0.523,0.523,0.051,0.287,0.051,0.0422
t_8395,0.547,0.547,0.547,0.053,0.300,0.053,0.0347
t_8396,0.568,0.568,0.568,0.037,0.303,0.037,0.0271
t_8397,0.553,0.553,0.553,0.026,0.290,0.026,0.0261
t_8398,0.555,0.555,0.555,0.031,0.293,0.031,0.0243
t_8399,0.548,0.548,0.548,0.040,0.294,0.040,0.0236
t_8400,0.528,0.528,0.528,0.053,0.291,0.053,0.026
t_8401,0.495,0.495,0.495,0.068,0.282,0.068,0.0268
t_8402,0.466,0.466,0.466,0.074,0.270,0.074,0.0293
t_8403,0.448,0.448,0.448,0.074,0.261,0.074,0.032
t_8404,0.423,0.423,0.423,0.062,0.243,0.062,0.0321
t_8405,0.372,0.372,0.372,0.049,0.211,0.049,0.0284
t_8406,0.332,0.332,0.332,0.039,0.186,0.039,0.0265
t_8407,0.306,0.306,0.306,0.033,0.170,0.033,0.0286
t_8408,0.274,0.274,0.274,0.028,0.151,0.028,0.0279
t_8409,0.191,0.191,0.191,0.016,0.104,0.016,0.0244
t_8410,0.067,0.067,0.067,0.010,0.039,0.010,0.023
t_8411,0.020,0.020,0.020,0.007,0.014,0.007,0.0214
t_8412,0.002,0.002,0.002,0.011,0.007,0.011,0.021
t_8413,0.002,0.002,0.002,0.013,0.008,0.013,0.0201
t_8414,0.002,0.002,0.002,0.017,0.010,0.017,0.0179
t_8415,0.004,0.004,0.004,0.027,0.016,0.027,0.0183
t_8416,0.009,0.009,0.009,0.052,0.031,0.052,0.0193
t_8417,0.012,0.012,0.012,0.080,0.046,0.080,0.0194
t_8418,0.021,0.021,0.021,0.105,0.063,0.105,0.018
t_8419,0.023,0.023,0.023,0.117,0.070,0.117,0.0161
t_8420,0.024,0.024,0.024,0.126,0.075,0.126,0.0148
t_8421,0.017,0.017,0.017,0.132,0.075,0.132,0.0143
t_8422,0.014,0.014,0.014,0.129,0.072,0.129,0.014
t_8423,0.012,0.012,0.012,0.107,0.060,0.107,0.0128
t_8424,0.013,0.013,0.013,0.079,0.046,0.079,0.0128
t_8425,0.014,0.014,0.014,0.048,0.031,0.048,0.0094
t_8426,0.014,0.014,0.014,0.021,0.018,0.021,0.0064
t_8427,0.013,0.013,0.013,0.008,0.011,0.008,0.0039
t_8428,0.030,0.030,0.030,0.003,0.017,0.003,0.0034
t_8429,0.041,0.041,0.041,0.001,0.021,0.001,0.0026
t_8430,0.049,0.049,0.049,0.001,0.025,0.001,0.0068
t_8431,0.035,0.035,0.035,0.001,0.018,0.001,0.0223
t_8432,0.018,0.018,0.018,0.000,0.009,0.000,0.0551
t_8433,0.005,0.005,0.005,0.002,0.004,0.002,0.0924
t_8434,0.004,0.004,0.004,0.006,0.005,0.006,0.1175
t_8435,0.003,0.003,0.003,0.020,0.012,0.020,0.1478
t_8436,0.003,0.003,0.003,0.032,0.018,0.032,0.1867
t_8437,0.003,0.003,0.003,0.048,0.026,0.048,0.2137
t_8438,0.003,0.003,0.003,0.064,0.034,0.064,0.2595
t_8439,0.002,0.002,0.002,0.083,0.043,0.083,0.3995
t_8440,0.001,0.001,0.001,0.104,0.053,0.104,0.5009
t_8441,0.000,0.000,0.000,0.122,0.061,0.122,0.5929
t_8442,0.000,0.000,0.000,0.122,0.061,0.122,0.6412
t_8443,0.000,0.000,0.000,0.111,0.056,0.111,0.634
t_8444,0.000,0.000,0.000,0.091,0.046,0.091,0.6021
t_8445,0.000,0.000,0.000,0.071,0.036,0.071,0.5884
t_8446,0.000,0.000,0.000,0.062,0.031,0.062,0.6122
t_8447,0.000,0.000,0.000,0.060,0.030,0.060,0.581
t_8448,0.000,0.000,0.000,0.062,0.031,0.062,0.5151
t_8449,0.000,0.000,0.000,0.061,0.031,0.061,0.4577
t_8450,0.000,0.000,0.000,0.059,0.030,0.059,0.4225
t_8451,0.000,0.000,0.000,0.058,0.029,0.058,0.3564
t_8452,0.000,0.000,0.000,0.047,0.024,0.047,0.3617
t_8453,0.000,0.000,0.000,0.042,0.021,0.042,0.3646
t_8454,0.004,0.004,0.004,0.041,0.023,0.041,0.3486
t_8455,0.013,0.013,0.013,0.045,0.029,0.045,0.2874
t_8456,0.027,0.027,0.027,0.046,0.037,0.046,0.2201
t_8457,0.026,0.026,0.026,0.034,0.030,0.034,0.1654
t_8458,0.004,0.004,0.004,0.029,0.017,0.029,0.1106
t_8459,0.000,0.000,0.000,0.031,0.016,0.031,0.0459
t_8460,0.000,0.000,0.000,0.035,0.018,0.035,0.0076
t_8461,0.000,0.000,0.000,0.033,0.017,0.033,0.0004
t_8462,0.000,0.000,0.000,0.027,0.014,0.027,0.0002
t_8463,0.000,0.000,0.000,0.019,0.010,0.019,0.0008
t_8464,0.000,0.000,0.000,0.015,0.008,0.015,0.0014
t_8465,0.000,0.000,0.000,0.013,0.007,0.013,0.0019
t_8466,0.000,0.000,0.000,0.011,0.006,0.011,0.0076
t_8467,0.000,0.000,0.000,0.013,0.007,0.013,0.0131
t_8468,0.000,0.000,0.000,0.018,0.009,0.018,0.0165
t_8469,0.000,0.000,0.000,0.024,0.012,0.024,0.017
t_8470,0.013,0.013,0.013,0.029,0.021,0.029,0.0154
t_8471,0.033,0.033,0.033,0.030,0.032,0.030,0.0153
t_8472,0.062,0.062,0.062,0.031,0.047,0.031,0.0178
t_8473,0.103,0.103,0.103,0.010,0.057,0.010,0.0199
t_8474,0.140,0.140,0.140,0.009,0.075,0.009,0.0191
t_8475,0.169,0.169,0.169,0.023,0.096,0.023,0.0234
t_8476,0.228,0.228,0.228,0.033,0.131,0.033,0.0311
t_8477,0.307,0.307,0.307,0.053,0.180,0.053,0.0472
t_8478,0.417,0.417,0.417,0.084,0.251,0.084,0.0478
t_8479,0.568,0.568,0.568,0.126,0.347,0.126,0.0383
t_8480,0.709,0.709,0.709,0.155,0.432,0.155,0.032
t_8481,0.783,0.783,0.783,0.217,0.500,0.217,0.022
t_8482,0.848,0.848,0.848,0.329,0.589,0.329,0.0104
t_8483,0.732,0.732,0.732,0.566,0.649,0.566,0.0008
t_8484,0.778,0.778,0.778,0.770,0.774,0.770,0.0004
t_8485,0.807,0.807,0.807,0.895,0.851,0.895,0.0004
t_8486,0.819,0.819,0.819,0.911,0.865,0.911,0.0006
t_8487,0.832,0.832,0.832,0.922,0.877,0.922,0.0019
t_8488,0.849,0.849,0.849,0.921,0.885,0.921,0.0087
t_8489,0.848,0.848,0.848,0.872,0.860,0.872,0.0165
t_8490,0.813,0.813,0.813,0.833,0.823,0.833,0.0274
t_8491,0.746,0.746,0.746,0.734,0.740,0.734,0.0371
t_8492,0.623,0.623,0.623,0.610,0.617,0.610,0.0394
t_8493,0.483,0.483,0.483,0.462,0.473,0.462,0.0591
t_8494,0.363,0.363,0.363,0.295,0.329,0.295,0.1115
t_8495,0.256,0.256,0.256,0.167,0.212,0.167,0.1305
t_8496,0.174,0.174,0.174,0.084,0.129,0.084,0.1642
t_8497,0.136,0.136,0.136,0.024,0.080,0.024,0.1639
t_8498,0.111,0.111,0.111,0.005,0.058,0.005,0.1414
t_8499,0.091,0.091,0.091,0.001,0.046,0.001,0.1421
t_8500,0.062,0.062,0.062,0.000,0.031,0.000,0.1608
t_8501,0.061,0.061,0.061,0.001,0.031,0.001,0.1498
t_8502,0.063,0.063,0.063,0.007,0.035,0.007,0.1256
t_8503,0.064,0.064,0.064,0.017,0.041,0.017,0.1214
t_8504,0.162,0.162,0.162,0.052,0.107,0.052,0.0933
t_8505,0.238,0.238,0.238,0.101,0.170,0.101,0.0246
t_8506,0.294,0.294,0.294,0.086,0.190,0.086,0.0059
t_8507,0.326,0.326,0.326,0.081,0.204,0.081,0.0001
t_8508,0.325,0.325,0.325,0.066,0.196,0.066,0.0048
t_8509,0.330,0.330,0.330,0.040,0.185,0.040,0.0306
t_8510,0.344,0.344,0.344,0.020,0.182,0.020,0.0244
t_8511,0.357,0.357,0.357,0.016,0.187,0.016,0.0242
t_8512,0.426,0.426,0.426,0.028,0.227,0.028,0.0235
t_8513,0.555,0.555,0.555,0.069,0.312,0.069,0.0133
t_8514,0.647,0.647,0.647,0.148,0.398,0.148,0.0073
t_8515,0.804,0.804,0.804,0.348,0.576,0.348,0.0059
t_8516,0.853,0.853,0.853,0.552,0.703,0.552,0.0041
t_8517,0.865,0.865,0.865,0.643,0.754,0.643,0.0025
t_8518,0.865,0.865,0.865,0.673,0.769,0.673,0.0031
t_8519,0.811,0.811,0.811,0.678,0.745,0.678,0.0029
t_8520,0.795,0.795,0.795,0.710,0.753,0.710,0.0016
t_8521,0.840,0.840,0.840,0.699,0.770,0.699,0.0008
t_8522,0.833,0.833,0.833,0.678,0.756,0.678,0.0008
t_8523,0.828,0.828,0.828,0.643,0.736,0.643,0.0026
t_8524,0.814,0.814,0.814,0.546,0.680,0.546,0.0081
t_8525,0.826,0.826,0.826,0.426,0.626,0.426,0.02
t_8526,0.865,0.865,0.865,0.303,0.584,0.303,0.0355
t_8527,0.906,0.906,0.906,0.215,0.561,0.215,0.0438
t_8528,0.974,0.974,0.974,0.148,0.561,0.148,0.0508
t_8529,0.993,0.993,0.993,0.156,0.575,0.156,0.0604
t_8530,0.983,0.983,0.983,0.165,0.574,0.165,0.0514
t_8531,0.982,0.982,0.982,0.176,0.579,0.176,0.0642
t_8532,0.956,0.956,0.956,0.238,0.597,0.238,0.0872
t_8533,0.967,0.967,0.967,0.376,0.672,0.376,0.1238
t_8534,0.978,0.978,0.978,0.578,0.778,0.578,0.1782
t_8535,0.981,0.981,0.981,0.638,0.810,0.638,0.214
t_8536,0.981,0.981,0.981,0.673,0.827,0.673,0.2047
t_8537,0.978,0.978,0.978,0.765,0.872,0.765,0.1651
t_8538,0.981,0.981,0.981,0.811,0.896,0.811,0.1257
t_8539,0.981,0.981,0.981,0.815,0.898,0.815,0.1287
t_8540,0.981,0.981,0.981,0.814,0.898,0.814,0.125
t_8541,0.981,0.981,0.981,0.802,0.892,0.802,0.1029
t_8542,0.981,0.981,0.981,0.747,0.864,0.747,0.0762
t_8543,0.981,0.981,0.981,0.682,0.832,0.682,0.0721
t_8544,0.981,0.981,0.981,0.619,0.800,0.619,0.083
t_8545,0.981,0.981,0.981,0.611,0.796,0.611,0.0735
t_8546,0.981,0.981,0.981,0.616,0.799,0.616,0.0732
t_8547,0.981,0.981,0.981,0.629,0.805,0.629,0.0846
t_8548,0.981,0.981,0.981,0.658,0.820,0.658,0.1173
t_8549,0.995,0.995,0.995,0.701,0.848,0.701,0.1328
t_8550,0.995,0.995,0.995,0.760,0.878,0.760,0.0808
t_8551,0.995,0.995,0.995,0.789,0.892,0.789,0.0599
t_8552,0.995,0.995,0.995,0.781,0.888,0.781,0.0493
t_8553,0.995,0.995,0.995,0.777,0.886,0.777,0.047
t_8554,0.995,0.995,0.995,0.771,0.883,0.771,0.0415
t_8555,0.995,0.995,0.995,0.782,0.889,0.782,0.0297
t_8556,0.995,0.995,0.995,0.809,0.902,0.809,0.0245
t_8557,0.995,0.995,0.995,0.877,0.936,0.877,0.0317
t_8558,0.999,0.999,0.999,0.900,0.950,0.900,0.0344
t_8559,0.997,0.997,0.997,0.923,0.960,0.923,0.038
t_8560,0.993,0.993,0.993,0.962,0.978,0.962,0.0212
t_8561,0.966,0.966,0.966,0.982,0.974,0.982,0.0082
t_8562,0.939,0.939,0.939,0.984,0.962,0.984,0.0137
t_8563,0.923,0.923,0.923,0.982,0.953,0.982,0.0144
t_8564,0.928,0.928,0.928,0.977,0.953,0.977,0.016
t_8565,0.946,0.946,0.946,0.971,0.959,0.971,0.0249
t_8566,0.967,0.967,0.967,0.970,0.969,0.970,0.0431
t_8567,0.967,0.967,0.967,0.973,0.970,0.973,0.0587
t_8568,0.958,0.958,0.958,0.977,0.968,0.977,0.0719
t_8569,0.953,0.953,0.953,0.978,0.966,0.978,0.1088
t_8570,0.938,0.938,0.938,0.979,0.959,0.979,0.1336
t_8571,0.888,0.888,0.888,0.979,0.934,0.979,0.1069
t_8572,0.860,0.860,0.860,0.982,0.921,0.982,0.0713
t_8573,0.865,0.865,0.865,0.976,0.921,0.976,0.0554
t_8574,0.867,0.867,0.867,0.957,0.912,0.957,0.0351
t_8575,0.907,0.907,0.907,0.934,0.921,0.934,0.0243
t_8576,0.901,0.901,0.901,0.900,0.901,0.900,0.0234
t_8577,0.864,0.864,0.864,0.848,0.856,0.848,0.0219
t_8578,0.843,0.843,0.843,0.751,0.797,0.751,0.0144
t_8579,0.902,0.902,0.902,0.682,0.792,0.682,0.0103
t_8580,0.919,0.919,0.919,0.662,0.791,0.662,0.0202
t_8581,0.834,0.834,0.834,0.647,0.741,0.647,0.0298
t_8582,0.880,0.880,0.880,0.643,0.762,0.643,0.0354
t_8583,0.898,0.898,0.898,0.586,0.742,0.586,0.0357
t_8584,0.850,0.850,0.850,0.521,0.686,0.521,0.0183
t_8585,0.723,0.723,0.723,0.434,0.579,0.434,0.0144
t_8586,0.566,0.566,0.566,0.377,0.472,0.377,0.015
t_8587,0.429,0.429,0.429,0.292,0.361,0.292,0.0146
t_8588,0.335,0.335,0.335,0.202,0.269,0.202,0.0156
t_8589,0.501,0.501,0.501,0.113,0.307,0.113,0.0182
t_8590,0.566,0.566,0.566,0.059,0.313,0.059,0.0243
t_8591,0.727,0.727,0.727,0.039,0.383,0.039,0.0234
t_8592,0.828,0.828,0.828,0.034,0.431,0.034,0.0244
t_8593,0.860,0.860,0.860,0.031,0.446,0.031,0.0236
t_8594,0.855,0.855,0.855,0.017,0.436,0.017,0.0215
t_8595,0.870,0.870,0.870,0.015,0.443,0.015,0.0279
t_8596,0.862,0.862,0.862,0.031,0.447,0.031,0.0275
t_8597,0.823,0.823,0.823,0.055,0.439,0.055,0.0208
t_8598,0.778,0.778,0.778,0.090,0.434,0.090,0.0151
t_8599,0.735,0.735,0.735,0.144,0.440,0.144,0.0126
t_8600,0.609,0.609,0.609,0.155,0.382,0.155,0.0071
t_8601,0.459,0.459,0.459,0.135,0.297,0.135,0.0026
t_8602,0.370,0.370,0.370,0.117,0.244,0.117,0.0033
t_8603,0.311,0.311,0.311,0.133,0.222,0.133,0.0177
t_8604,0.314,0.314,0.314,0.146,0.230,0.146,0.0316
t_8605,0.276,0.276,0.276,0.155,0.216,0.155,0.0307
t_8606,0.261,0.261,0.261,0.176,0.219,0.176,0.0251
t_8607,0.217,0.217,0.217,0.209,0.213,0.209,0.0296
t_8608,0.245,0.245,0.245,0.260,0.253,0.260,0.0224
t_8609,0.182,0.182,0.182,0.271,0.227,0.271,0.007
t_8610,0.097,0.097,0.097,0.255,0.176,0.255,0.0093
t_8611,0.031,0.031,0.031,0.203,0.117,0.203,0.0161
t_8612,0.013,0.013,0.013,0.131,0.072,0.131,0.0263
t_8613,0.007,0.007,0.007,0.063,0.035,0.063,0.0331
t_8614,0.001,0.001,0.001,0.023,0.012,0.023,0.033
t_8615,0.001,0.001,0.001,0.013,0.007,0.013,0.0273
t_8616,0.001,0.001,0.001,0.016,0.009,0.016,0.0318
t_8617,0.001,0.001,0.001,0.021,0.011,0.021,0.0409
t_8618,0.001,0.001,0.001,0.020,0.011,0.020,0.0506
t_8619,0.001,0.001,0.001,0.017,0.009,0.017,0.0388
t_8620,0.003,0.003,0.003,0.012,0.008,0.012,0.0204
t_8621,0.005,0.005,0.005,0.006,0.006,0.006,0.0137
t_8622,0.010,0.010,0.010,0.002,0.006,0.002,0.0089
t_8623,0.020,0.020,0.020,0.001,0.011,0.001,0.0102
t_8624,0.033,0.033,0.033,0.000,0.017,0.000,0.0121
t_8625,0.060,0.060,0.060,0.000,0.030,0.000,0.0158
t_8626,0.101,0.101,0.101,0.000,0.051,0.000,0.0193
t_8627,0.123,0.123,0.123,0.000,0.062,0.000,0.0221
t_8628,0.129,0.129,0.129,0.003,0.066,0.003,0.0072
t_8629,0.276,0.276,0.276,0.023,0.150,0.023,0.0078
t_8630,0.343,0.343,0.343,0.057,0.200,0.057,0.0415
t_8631,0.348,0.348,0.348,0.103,0.226,0.103,0.0546
t_8632,0.292,0.292,0.292,0.146,0.219,0.146,0.031
t_8633,0.242,0.242,0.242,0.171,0.207,0.171,0.0417
t_8634,0.197,0.197,0.197,0.169,0.183,0.169,0.107
t_8635,0.154,0.154,0.154,0.129,0.142,0.129,0.1761
t_8636,0.117,0.117,0.117,0.086,0.102,0.086,0.3359
t_8637,0.084,0.084,0.084,0.053,0.069,0.053,0.5704
t_8638,0.074,0.074,0.074,0.038,0.056,0.038,0.684
t_8639,0.076,0.076,0.076,0.029,0.053,0.029,0.8037
t_8640,0.077,0.077,0.077,0.033,0.055,0.033,0.8577
t_8641,0.079,0.079,0.079,0.044,0.062,0.044,0.8841
t_8642,0.081,0.081,0.081,0.066,0.074,0.066,0.8624
t_8643,0.085,0.085,0.085,0.085,0.085,0.085,0.835
t_8644,0.090,0.090,0.090,0.096,0.093,0.096,0.811
t_8645,0.101,0.101,0.101,0.096,0.099,0.096,0.8052
t_8646,0.115,0.115,0.115,0.088,0.102,0.088,0.8049
t_8647,0.119,0.119,0.119,0.069,0.094,0.069,0.7552
t_8648,0.105,0.105,0.105,0.050,0.078,0.050,0.7204
t_8649,0.074,0.074,0.074,0.028,0.051,0.028,0.688
t_8650,0.013,0.013,0.013,0.011,0.012,0.011,0.6458
t_8651,0.013,0.013,0.013,0.003,0.008,0.003,0.6478
t_8652,0.016,0.016,0.016,0.001,0.009,0.001,0.6426
t_8653,0.010,0.010,0.010,0.002,0.006,0.002,0.5994
t_8654,0.010,0.010,0.010,0.003,0.007,0.003,0.5062
t_8655,0.016,0.016,0.016,0.003,0.010,0.003,0.36
t_8656,0.027,0.027,0.027,0.005,0.016,0.005,0.3735
t_8657,0.076,0.076,0.076,0.007,0.042,0.007,0.3635
t_8658,0.151,0.151,0.151,0.006,0.079,0.006,0.3858
t_8659,0.158,0.158,0.158,0.003,0.081,0.003,0.3426
t_8660,0.231,0.231,0.231,0.002,0.117,0.002,0.221
t_8661,0.244,0.244,0.244,0.001,0.123,0.001,0.1392
t_8662,0.242,0.242,0.242,0.001,0.122,0.001,0.0946
t_8663,0.248,0.248,0.248,0.001,0.125,0.001,0.0754
t_8664,0.267,0.267,0.267,0.000,0.134,0.000,0.0697
t_8665,0.306,0.306,0.306,0.000,0.153,0.000,0.0571
t_8666,0.302,0.302,0.302,0.000,0.151,0.000,0.045
t_8667,0.334,0.334,0.334,0.000,0.167,0.000,0.0397
t_8668,0.311,0.311,0.311,0.001,0.156,0.001,0.0332
t_8669,0.321,0.321,0.321,0.002,0.162,0.002,0.0279
t_8670,0.274,0.274,0.274,0.011,0.143,0.011,0.0246
t_8671,0.215,0.215,0.215,0.034,0.125,0.034,0.0239
t_8672,0.146,0.146,0.146,0.062,0.104,0.062,0.0214
t_8673,0.071,0.071,0.071,0.058,0.065,0.058,0.0171
t_8674,0.043,0.043,0.043,0.056,0.050,0.056,0.0135
t_8675,0.014,0.014,0.014,0.088,0.051,0.088,0.0396
t_8676,0.007,0.007,0.007,0.135,0.071,0.135,0.0811
t_8677,0.004,0.004,0.004,0.190,0.097,0.190,0.076
t_8678,0.004,0.004,0.004,0.241,0.123,0.241,0.0499
t_8679,0.006,0.006,0.006,0.281,0.144,0.281,0.0219
t_8680,0.007,0.007,0.007,0.350,0.179,0.350,0.01
t_8681,0.009,0.009,0.009,0.396,0.203,0.396,0.0084
t_8682,0.009,0.009,0.009,0.400,0.205,0.400,0.0104
t_8683,0.006,0.006,0.006,0.380,0.193,0.380,0.0136
t_8684,0.006,0.006,0.006,0.348,0.177,0.348,0.0124
t_8685,0.031,0.031,0.031,0.318,0.175,0.318,0.0078
t_8686,0.093,0.093,0.093,0.294,0.194,0.294,0.0044
t_8687,0.165,0.165,0.165,0.257,0.211,0.257,0.0027
t_8688,0.233,0.233,0.233,0.208,0.221,0.208,0.0031
t_8689,0.281,0.281,0.281,0.165,0.223,0.165,0.0068
t_8690,0.269,0.269,0.269,0.136,0.203,0.136,0.0065
t_8691,0.203,0.203,0.203,0.111,0.157,0.111,0.0038
t_8692,0.132,0.132,0.132,0.095,0.114,0.095,0.0024
t_8693,0.094,0.094,0.094,0.097,0.096,0.097,0.0013
t_8694,0.066,0.066,0.066,0.114,0.090,0.114,0.0011
t_8695,0.040,0.040,0.040,0.140,0.090,0.140,0.0023
t_8696,0.013,0.013,0.013,0.169,0.091,0.169,0.004
t_8697,0.010,0.010,0.010,0.174,0.092,0.174,0.003
t_8698,0.009,0.009,0.009,0.145,0.077,0.145,0.0004
t_8699,0.011,0.011,0.011,0.134,0.073,0.134,0.0007
t_8700,0.009,0.009,0.009,0.155,0.082,0.155,0.0034
t_8701,0.008,0.008,0.008,0.182,0.095,0.182,0.0079
t_8702,0.007,0.007,0.007,0.215,0.111,0.215,0.0111
t_8703,0.004,0.004,0.004,0.238,0.121,0.238,0.0126
t_8704,0.002,0.002,0.002,0.248,0.125,0.248,0.014
t_8705,0.003,0.003,0.003,0.232,0.118,0.232,0.0134
t_8706,0.005,0.005,0.005,0.197,0.101,0.197,0.0124
t_8707,0.010,0.010,0.010,0.162,0.086,0.162,0.012
t_8708,0.029,0.029,0.029,0.133,0.081,0.133,0.0104
t_8709,0.060,0.060,0.060,0.108,0.084,0.108,0.0075
t_8710,0.089,0.089,0.089,0.086,0.088,0.086,0.0048
t_8711,0.115,0.115,0.115,0.064,0.090,0.064,0.0053
t_8712,0.265,0.265,0.265,0.038,0.152,0.038,0.0073
t_8713,0.388,0.388,0.388,0.023,0.206,0.023,0.0107
t_8714,0.494,0.494,0.494,0.014,0.254,0.014,0.0148
t_8715,0.569,0.569,0.569,0.013,0.291,0.013,0.0161
t_8716,0.617,0.617,0.617,0.013,0.315,0.013,0.0142
t_8717,0.645,0.645,0.645,0.022,0.334,0.022,0.0149
t_8718,0.641,0.641,0.641,0.034,0.338,0.034,0.022
t_8719,0.645,0.645,0.645,0.045,0.345,0.045,0.0179
t_8720,0.669,0.669,0.669,0.042,0.356,0.042,0.0111
t_8721,0.672,0.672,0.672,0.030,0.351,0.030,0.0094
t_8722,0.616,0.616,0.616,0.015,0.316,0.015,0.0101
t_8723,0.634,0.634,0.634,0.010,0.322,0.010,0.0231
t_8724,0.721,0.721,0.721,0.009,0.365,0.009,0.0422
t_8725,0.827,0.827,0.827,0.010,0.419,0.010,0.0598
t_8726,0.851,0.851,0.851,0.013,0.432,0.013,0.0658
t_8727,0.763,0.763,0.763,0.021,0.392,0.021,0.0559
t_8728,0.753,0.753,0.753,0.061,0.407,0.061,0.0434
t_8729,0.765,0.765,0.765,0.098,0.432,0.098,0.0502
t_8730,0.727,0.727,0.727,0.081,0.404,0.081,0.0611
t_8731,0.683,0.683,0.683,0.036,0.360,0.036,0.0562
t_8732,0.634,0.634,0.634,0.022,0.328,0.022,0.0466
t_8733,0.538,0.538,0.538,0.024,0.281,0.024,0.0413
t_8734,0.613,0.613,0.613,0.026,0.320,0.026,0.0464
t_8735,0.582,0.582,0.582,0.025,0.304,0.025,0.0676
t_8736,0.649,0.649,0.649,0.024,0.337,0.024,0.0945
t_8737,0.636,0.636,0.636,0.030,0.333,0.030,0.0934
t_8738,0.571,0.571,0.571,0.035,0.303,0.035,0.1378
t_8739,0.493,0.493,0.493,0.038,0.266,0.038,0.1321
t_8740,0.248,0.248,0.248,0.035,0.142,0.035,0.1218
t_8741,0.245,0.245,0.245,0.037,0.141,0.037,0.1276
t_8742,0.436,0.436,0.436,0.051,0.244,0.051,0.1116
t_8743,0.383,0.383,0.383,0.053,0.218,0.053,0.0855
t_8744,0.276,0.276,0.276,0.076,0.176,0.076,0.0713
t_8745,0.165,0.165,0.165,0.040,0.103,0.040,0.0531
t_8746,0.160,0.160,0.160,0.009,0.085,0.009,0.0379
t_8747,0.124,0.124,0.124,0.004,0.064,0.004,0.0229
t_8748,0.118,0.118,0.118,0.002,0.060,0.002,0.0107
t_8749,0.100,0.100,0.100,0.002,0.051,0.002,0.0073
t_8750,0.079,0.079,0.079,0.003,0.041,0.003,0.0085
t_8751,0.077,0.077,0.077,0.001,0.039,0.001,0.0266
t_8752,0.070,0.070,0.070,0.001,0.036,0.001,0.0591
t_8753,0.061,0.061,0.061,0.001,0.031,0.001,0.0824
t_8754,0.045,0.045,0.045,0.001,0.023,0.001,0.103
t_8755,0.026,0.026,0.026,0.001,0.014,0.001,0.1285
t_8756,0.013,0.013,0.013,0.000,0.007,0.000,0.1613
t_8757,0.011,0.011,0.011,0.000,0.006,0.000,0.1858
t_8758,0.012,0.012,0.012,0.000,0.006,0.000,0.2052
t_8759,0.016,0.016,0.016,0.000,0.008,0.000,0.2401
t_8760,0.028,0.028,0.028,0.001,0.015,0.001,0.2797
