t,CH00
1,5506.1
2,5330.23
3,5112.39
4,4894.55
5,4737.3
6,4791.99
7,4858.03
8,4760.78
9,4798.42
10,4769.77
11,5035.9
12,5216.93
13,5487.56
14,5517.21
15,5422.13
16,5404.3
17,5539.83
18,6177.96
19,6098.98
20,5857.41
21,5580.61
22,5233.87
23,5281.26
24,4924.53
25,5544.44
26,5269.65
27,5186.71
28,5204.69
29,5261.24
30,5191.89
31,5340.77
32,5488.29
33,5865.66
34,6221.75
35,6546.88
36,6775.87
37,7024.53
38,6975.19
39,6883.1
40,6890.25
41,7162.75
42,7582.12
43,7746.05
44,7432.54
45,6994.87
46,6809
47,6766.54
48,6406.8
49,6184.3
50,6061.39
51,5973.45
52,5932.48
53,5807.81
54,5847.93
55,6338.28
56,6969.05
57,7421.93
58,7549.62
59,7631.32
60,7642.68
61,7367.51
62,7338.77
63,7250.45
64,7292.81
65,7522.16
66,8125.25
67,8426.35
68,8092.31
69,7561.7
70,7273.91
71,7155.58
72,6751.88
73,6509.69
74,6360.8
75,6221.9
76,6147.96
77,6034.27
78,6005.69
79,6507.6
80,7117.58
81,7628.6
82,7736.12
83,7850.6
84,7936.33
85,7754.68
86,7661.17
87,7577.43
88,7606.21
89,7868.17
90,8418.91
91,8683.46
92,8323.29
93,7789.68
94,7496.9
95,7353.07
96,6919.39
97,6804.54
98,6606.68
99,6478.78
100,6356.87
101,6166.1
102,6116.09
103,6606.77
104,7249.33
105,7757.92
106,7919.83
107,8103.67
108,8294.01
109,8100.67
110,8124.68
111,7983.27
112,7992.78
113,8298.52
114,8703.17
115,8883.31
116,8429.48
117,7891.87
118,7566.11
119,7448.06
120,7061.35
121,6932.93
122,6757.06
123,6638.14
124,6551.21
125,6351.44
126,6305.51
127,6737.4
128,7220.12
129,7642.91
130,7768.71
131,7921.52
132,8051.41
133,7979.48
134,7932.59
135,7802.76
136,7822.67
137,8033.37
138,8430.94
139,8641.55
140,8306.58
141,7747
142,7484.19
143,7424.56
144,7155.76
145,6444.55
146,6289.67
147,6095.81
148,5942.92
149,5793.17
150,5929.95
151,6090.05
152,6206.97
153,6466.87
154,6644.64
155,6933.43
156,7026.82
157,7249.19
158,7387.09
159,7320.67
160,7317.15
161,7348.07
162,7730.61
163,7700.6
164,7355.09
165,6868.45
166,6447.76
167,6418.57
168,6127.79
169,5619.31
170,5319.53
171,5205.61
172,5076.71
173,5003.43
174,5149.83
175,5302.22
176,5279.74
177,5539.05
178,5686.44
179,6034.67
180,6346.18
181,6636.23
182,6640.74
183,6468.11
184,6423.9
185,6495.81
186,7020.44
187,6933.04
188,6625.61
189,6272.87
190,5875.17
191,5869.12
192,5510.39
193,6098.39
194,5958.49
195,5942.5
196,5928.51
197,5910.32
198,6051.03
199,6787.09
200,7638.31
201,8087.84
202,8064.99
203,8135.09
204,8301.03
205,7909.26
206,8006.04
207,7938.02
208,7978.06
209,8197.19
210,8526.2
211,8676.61
212,8184.16
213,7614.58
214,7304.81
215,7094.65
216,6647.98
217,6444.86
218,6276.98
219,6188.05
220,6167.06
221,6048.7
222,6086.31
223,6782.74
224,7625.76
225,8059.08
226,8002.48
227,8051.8
228,8161.41
229,7693.07
230,7668.73
231,7555.14
232,7556.81
233,7776.37
234,8373.62
235,8615.63
236,8207.37
237,7692.75
238,7378.99
239,7145.34
240,6740.64
241,6534.99
242,6367.11
243,6307.15
244,6226.21
245,6072.87
246,6091.2
247,6808.19
248,7734.98
249,8138.17
250,8073.73
251,8124.22
252,8220.4
253,7892.39
254,7889.86
255,7772.7
256,7780.94
257,8001.82
258,8412.49
259,8645.08
260,8320.8
261,7853.15
262,7505.41
263,7313.41
264,6854.75
265,6683.52
266,6523.64
267,6418.72
268,6349.77
269,6201.55
270,6254.01
271,6915.02
272,7786.89
273,8239.05
274,8241.55
275,8223.05
276,8224.79
277,7814.36
278,7814.87
279,7663.22
280,7652.99
281,7906.77
282,8400.42
283,8846.63
284,8556.18
285,7993.6
286,7625.87
287,7426.97
288,7037.26
289,6883.96
290,6741.07
291,6648.14
292,6538.22
293,6378.6
294,6412.12
295,7015.08
296,7842.93
297,8277.08
298,8303.59
299,8349.09
300,8398.31
301,8069.3
302,7996.82
303,7775.73
304,7654.07
305,7853
306,8408.64
307,8717.94
308,8337.92
309,7761.35
310,7447.58
311,7392.59
312,7153.76
313,6449.69
314,6224.85
315,6091.95
316,5965.05
317,5810.21
318,5940.92
319,6134.46
320,6348.19
321,6678.84
322,6831.83
323,6986.83
324,6997.88
325,7031.8
326,6998.71
327,6874.76
328,6847.82
329,6889.03
330,7548.73
331,7729.05
332,7422.36
333,7007.66
334,6623.95
335,6634.55
336,6477.67
337,5989.93
338,5772.09
339,5621.21
340,5483.31
341,5379.39
342,5488.11
343,5687.71
344,5730.59
345,5943.37
346,6068.34
347,6269.28
348,6342.26
349,6453.14
350,6354.13
351,6210.22
352,6183.26
353,6285.36
354,6996.99
355,7092.25
356,6824.73
357,6492.98
358,6133.25
359,6186.79
360,5921.98
361,6532.62
362,6335.77
363,6337.77
364,6305.79
365,6232.23
366,6320.48
367,7039.7
368,7957.27
369,8343.24
370,8280.03
371,8375.71
372,8408.05
373,8025.97
374,8060.19
375,7975.86
376,7972.26
377,8156.58
378,8661.75
379,8989.61
380,8604.81
381,8056.22
382,7712.48
383,7582.85
384,7242.1
385,7071.33
386,6957.41
387,6822.51
388,6771.55
389,6555.93
390,6545.25
391,7238.53
392,8144.11
393,8477.15
394,8403.92
395,8363.7
396,8348.56
397,7952
398,7938.27
399,7819.5
400,7813.36
401,8137.59
402,8637.7
403,8990.69
404,8615.88
405,8074.29
406,7756.52
407,7614.93
408,7235.21
409,7062.31
410,6893.43
411,6806.49
412,6751.54
413,6560.93
414,6509.98
415,7203.92
416,8090.38
417,8445.27
418,8333.2
419,8159.21
420,8220.57
421,7805.47
422,7813.58
423,7880.12
424,7817.58
425,8075.12
426,8629.41
427,8916.95
428,8552.94
429,7972.37
430,7598.65
431,7460.01
432,7044.32
433,6891.06
434,6637.24
435,6517.33
436,6405.42
437,6195.33
438,6210.91
439,6875.46
440,7717.55
441,8185.9
442,8200.19
443,8335.37
444,8535.92
445,8139.52
446,8160.22
447,8052.66
448,8008.34
449,8135.87
450,8494.22
451,8705.87
452,8276.56
453,7703.98
454,7333.26
455,7076.92
456,6576.29
457,6237.44
458,5954.65
459,5863.72
460,5892.7
461,5808.08
462,5889.29
463,6661.74
464,7566.41
465,8080.36
466,8190.94
467,8423.44
468,8513.7
469,8108.67
470,8076.03
471,8013.75
472,7947.13
473,8088.35
474,8435.4
475,8576.42
476,8159.42
477,7589.84
478,7233.11
479,7137.78
480,6834
481,6104.75
482,5847.94
483,5720.03
484,5604.12
485,5479.71
486,5526.19
487,5761.73
488,5923.17
489,6371.4
490,6619.65
491,6854.92
492,7016.53
493,7083.75
494,7079.31
495,6876.74
496,6784.53
497,6771.43
498,7198.95
499,7237.19
500,6884.02
501,6402.37
502,6003.67
503,5920.88
504,5562.15
505,5001.72
506,4679.96
507,4591.03
508,4558.05
509,4600.82
510,4715.47
511,4905.66
512,4961.41
513,5295.95
514,5469.04
515,5771.02
516,5967.49
517,6188.71
518,6078.59
519,5876.14
520,5800.79
521,5807.27
522,6405.21
523,6498.8
524,6213.12
525,5829.4
526,5436.69
527,5399.43
528,4968.75
529,5720.8
530,5533.94
531,5573.91
532,5639.86
533,5613.56
534,5769.18
535,6580.67
536,7471.71
537,7969.06
538,8009.31
539,8144.51
540,8355.49
541,7939.66
542,7951.35
543,7939.21
544,7914.38
545,8008.92
546,8335.28
547,8584.07
548,8142.62
549,7559.05
550,7215.3
551,7011.85
552,6514.22
553,6253.33
554,6166.39
555,6120.43
556,6134.42
557,6044.92
558,6121.21
559,6875.14
560,7755.98
561,8163.14
562,8174.67
563,8255.12
564,8409.26
565,8014.3
566,8063.76
567,7961.57
568,7972.82
569,8163.71
570,8510.44
571,8727.76
572,8260.66
573,7746.04
574,7396.3
575,7195.63
576,6779.94
577,6528.68
578,6392.78
579,6278.86
580,6282.86
581,6148.48
582,6206.92
583,6891.99
584,7717.87
585,8133.13
586,8147.55
587,8303.95
588,8448.58
589,8083.11
590,8075.6
591,7973.97
592,7933.71
593,8121.54
594,8434.27
595,8726.26
596,8304.38
597,7734.8
598,7391.05
599,7178.2
600,6773.49
601,6575.79
602,6421.91
603,6374.94
604,6309.99
605,6183.6
606,6204.37
607,6859.72
608,7738.68
609,8169.98
610,8197.34
611,8333.63
612,8453.73
613,8031.86
614,8081.43
615,8019.3
616,8012.48
617,8211.09
618,8532.64
619,8758.7
620,8404.1
621,7855.5
622,7483.78
623,7318.24
624,6882.57
625,6705.85
626,6525.99
627,6403.08
628,6370.1
629,6227.52
630,6168.95
631,6797.52
632,7659.24
633,8124.3
634,8222.82
635,8326.39
636,8519.58
637,8149.52
638,8154.88
639,8031.66
640,7927.04
641,8016.28
642,8348.34
643,8545.01
644,8174.1
645,7643.5
646,7289.76
647,7191.49
648,6871.73
649,6114.44
650,5896.6
651,5793.68
652,5726.73
653,5610.6
654,5666.42
655,5901.78
656,6087.52
657,6443.05
658,6667.1
659,6898.05
660,6997.55
661,7100.9
662,7149.74
663,7132.13
664,7085.78
665,7112.06
666,7490.07
667,7559.69
668,7193.89
669,6747.22
670,6362.5
671,6357.26
672,6179.39
673,5637.43
674,5374.62
675,5240.72
676,5133.8
677,5049.68
678,5154.35
679,5283.51
680,5303.27
681,5609.75
682,5847.86
683,6200.83
684,6421.82
685,6692.47
686,6675.25
687,6522.24
688,6423.44
689,6501.88
690,6925.04
691,6860.84
692,6540.23
693,6173.5
694,5836.75
695,5905.23
696,5603.45
697,5777.78
698,5543.95
699,5558.94
700,5587.92
701,5554.4
702,5654.93
703,6371.19
704,7290.07
705,7797.31
706,7918.61
707,8146.88
708,8288.99
709,7947.02
710,8052.51
711,7968.4
712,7937.59
713,8065.37
714,8330.94
715,8574.97
716,8132.83
717,7578.24
718,7223.51
719,7041.84
720,6577.19
721,6365.13
722,6171.28
723,6141.3
724,6085.34
725,5958.89
726,5962.56
727,6620.91
728,7497.9
729,7898.19
730,7963.56
731,8169.76
732,8282.88
733,7990.89
734,8037.5
735,7957.36
736,7914.6
737,8051.24
738,8313.82
739,8678.74
740,8323.25
741,7808.63
742,7450.9
743,7322.42
744,6932.71
745,6617.79
746,6439.93
747,6361.98
748,6313.02
749,6124.64
750,6097.73
751,6764.39
752,7619.52
753,8059.94
754,8113.15
755,8210.32
756,8295.89
757,8024.46
758,8110.15
759,8051.59
760,8060.19
761,8216.57
762,8547.91
763,8871.38
764,8523.75
765,7999.14
766,7611.43
767,7521.13
768,7171.38
769,6930.34
770,6705.51
771,6624.57
772,6573.6
773,6370.1
774,6284.48
775,6975.7
776,7820.33
777,8222.3
778,8295.98
779,8472.59
780,8514.45
781,8275.74
782,8348.94
783,8311.13
784,8265
785,8450.38
786,8741.66
787,9147.62
788,8885.39
789,8353.78
790,7948.08
791,7854.66
792,7551.88
793,7324.17
794,7091.34
795,7000.41
796,6928.46
797,6721.22
798,6648.18
799,7250.55
800,8039.87
801,8426.52
802,8508.52
803,8598.55
804,8568.63
805,8377.72
806,8417.59
807,8321.63
808,8198.75
809,8290.88
810,8655.69
811,9202.62
812,8976.99
813,8456.38
814,8099.64
815,8133.57
816,7957.7
817,7168.09
818,6825.35
819,6659.47
820,6553.55
821,6355.18
822,6355.67
823,6451.71
824,6658.92
825,7020.08
826,7246.49
827,7433.98
828,7432.29
829,7598.86
830,7710.14
831,7617.93
832,7548.26
833,7466.54
834,7794.6
835,8193.95
836,7911.93
837,7465.26
838,7086.54
839,7208.06
840,7060.17
841,6383.39
842,6029.65
843,5887.76
844,5775.84
845,5728.43
846,5799.85
847,5901.04
848,5905.45
849,6246.6
850,6394.09
851,6643.49
852,6719.22
853,6968.25
854,6930.69
855,6763
856,6649.9
857,6557.1
858,6981.98
859,7282.33
860,7086.1
861,6747.35
862,6370.63
863,6593.23
864,6356.41
865,6995.35
866,6680.59
867,6652.61
868,6683.58
869,6611.51
870,6563.41
871,7203.65
872,8049.91
873,8459.51
874,8628.48
875,8702.54
876,8670.12
877,8434.74
878,8520.56
879,8389.08
880,8312.71
881,8485.81
882,8769.77
883,9397.63
884,9104.04
885,8603.41
886,8200.7
887,8097.54
888,7786.77
889,7503.53
890,7263.71
891,7207.75
892,7128.81
893,6888.24
894,6901.37
895,7470.6
896,8303.17
897,8696.03
898,8742.85
899,8808.61
900,8822.53
901,8647.73
902,8748.84
903,8653.01
904,8689.89
905,8880.4
906,9147.71
907,9611.15
908,9279.81
909,8745.21
910,8350.5
911,8242.98
912,7847.28
913,7603.36
914,7341.55
915,7250.62
916,7194.66
917,6911.46
918,6838.39
919,7411.01
920,8202.15
921,8612.56
922,8711.78
923,8776
924,8746.18
925,8564.16
926,8620.84
927,8426.86
928,8351.04
929,8586.44
930,8930.84
931,9499.05
932,9119.64
933,8578.04
934,8138.36
935,8036.04
936,7666.31
937,7381.47
938,7153.64
939,7114.67
940,6992.76
941,6726.19
942,6662.65
943,7334.19
944,8113.97
945,8487.03
946,8521.66
947,8578.27
948,8492.67
949,8245.52
950,8298.83
951,8220.58
952,8235.88
953,8480.01
954,8781.08
955,9239.64
956,8932.56
957,8407.95
958,7999.25
959,7866.11
960,7519.37
961,7289.17
962,7086.32
963,7042.35
964,6980.4
965,6725.07
966,6661.75
967,7284.35
968,8069.4
969,8469.75
970,8506.08
971,8560.4
972,8502.59
973,8381.54
974,8409.15
975,8290.05
976,8258.26
977,8349.91
978,8644.28
979,9230.89
980,8915.6
981,8322.04
982,7916.34
983,7907.71
984,7668.89
985,6850.48
986,6519.73
987,6434.79
988,6266.92
989,6045.35
990,6109.41
991,6336.15
992,6507.33
993,6967.24
994,7234.79
995,7438.34
996,7444.73
997,7590.22
998,7683.46
999,7631.09
1000,7588.53
1001,7516.04
1002,7796.16
1003,8039.36
1004,7756.33
1005,7298.67
1006,6816.03
1007,6925.43
1008,6766.55
1009,6163.35
1010,5832.6
1011,5712.69
1012,5651.73
1013,5572.71
1014,5660.37
1015,5788.85
1016,5831.65
1017,6178.23
1018,6333.28
1019,6532.3
1020,6532.87
1021,6803.1
1022,6758.96
1023,6596.51
1024,6480.17
1025,6439.51
1026,6788.54
1027,7154.6
1028,7004.87
1029,6652.14
1030,6268.42
1031,6458.14
1032,6200.33
1033,7783.6
1034,7568.76
1035,7534.79
1036,7458.84
1037,7265.06
1038,7254.16
1039,7775.39
1040,8480.04
1041,8860.93
1042,9005.65
1043,9138.38
1044,9151.77
1045,8959.52
1046,9010.64
1047,8890.32
1048,8778.82
1049,8902.36
1050,9078.8
1051,9674.95
1052,9340
1053,8784.41
1054,8455.66
1055,8353.18
1056,8032.42
1057,7975.28
1058,7745.45
1059,7672.5
1060,7548.59
1061,7255.94
1062,7161.19
1063,7655.4
1064,8290.12
1065,8683.03
1066,8711.81
1067,8730.61
1068,8790.45
1069,8468.8
1070,8474.98
1071,8358.17
1072,8359.07
1073,8498.6
1074,8759.01
1075,9312.8
1076,8928.98
1077,8337.42
1078,7977.69
1079,7791.41
1080,7454.66
1081,7360.08
1082,7192.21
1083,7093.28
1084,7003.35
1085,6832.39
1086,6797.49
1087,7299.22
1088,7977.74
1089,8375.45
1090,8528.33
1091,8693.19
1092,8744.62
1093,8509.32
1094,8502.35
1095,8413.89
1096,8354.46
1097,8507.28
1098,8666.1
1099,9124.83
1100,8712.04
1101,8196.42
1102,7821.7
1103,7693.83
1104,7284.14
1105,7044.93
1106,6886.05
1107,6803.11
1108,6766.14
1109,6589.87
1110,6545.55
1111,7143.72
1112,7800.79
1113,8187.07
1114,8227.47
1115,8320.85
1116,8419.02
1117,8090.02
1118,8083.58
1119,7985.44
1120,7983.65
1121,8155.42
1122,8347.22
1123,8899.12
1124,8632.95
1125,8081.35
1126,7705.63
1127,7521.58
1128,7155.85
1129,7040.41
1130,6889.52
1131,6795.59
1132,6727.64
1133,6562.57
1134,6595.64
1135,7169.3
1136,7777.89
1137,8191.59
1138,8214.57
1139,8274.48
1140,8295.46
1141,7940.73
1142,7863.83
1143,7733.91
1144,7606.02
1145,7714.85
1146,8000.6
1147,8641.05
1148,8418.27
1149,7814.72
1150,7499.95
1151,7335.19
1152,7038.41
1153,6460.79
1154,6180
1155,6049.1
1156,5923.19
1157,5788.63
1158,5925.9
1159,6110.97
1160,6168.3
1161,6477.5
1162,6603.98
1163,6725.52
1164,6753.8
1165,6792.47
1166,6758.86
1167,6624.68
1168,6549.02
1169,6513.29
1170,6781.26
1171,7343.78
1172,7100.68
1173,6690.98
1174,6292.28
1175,6199.98
1176,5884.22
1177,5290.86
1178,4987.09
1179,4914.14
1180,4916.14
1181,4882.34
1182,5008.19
1183,5218.89
1184,5228.87
1185,5582.56
1186,5781.46
1187,6076.25
1188,6286.62
1189,6589.87
1190,6492.93
1191,6298.52
1192,6207.14
1193,6220.17
1194,6496.09
1195,6804.85
1196,6599.01
1197,6250.26
1198,5851.56
1199,5925.39
1200,5520.69
1201,6598.02
1202,6448.13
1203,6433.14
1204,6439.13
1205,6413.21
1206,6522.08
1207,7174.49
1208,7829.94
1209,8250.62
1210,8319.58
1211,8430.56
1212,8498.52
1213,8229.71
1214,8225.65
1215,8103.73
1216,8090.75
1217,8225.73
1218,8418.67
1219,9050.18
1220,8787.8
1221,8255.19
1222,7977.4
1223,7805.12
1224,7495.35
1225,7429.01
1226,7312.1
1227,7224.16
1228,7167.2
1229,6954.89
1230,6937.38
1231,7568.49
1232,8137.56
1233,8484.87
1234,8485.3
1235,8510.79
1236,8544.5
1237,8185.03
1238,8148.55
1239,7907.02
1240,7908.73
1241,8091.57
1242,8355.33
1243,9074
1244,8826.99
1245,8252.42
1246,7930.65
1247,7803.73
1248,7451.99
1249,7389.46
1250,7265.55
1251,7120.66
1252,7041.72
1253,6866.46
1254,6873.8
1255,7525.7
1256,8077.76
1257,8400.98
1258,8380.53
1259,8402.05
1260,8434.8
1261,8072.3
1262,7970.84
1263,7792.18
1264,7687.05
1265,7911.93
1266,8166.84
1267,8894.75
1268,8672.59
1269,8081.03
1270,7786.25
1271,7610.3
1272,7246.57
1273,7216.91
1274,7025.06
1275,6942.12
1276,6865.18
1277,6654.09
1278,6619.72
1279,7242.27
1280,7844.53
1281,8260.85
1282,8319.18
1283,8430.39
1284,8521
1285,8104.64
1286,8053.37
1287,7998.72
1288,8012.4
1289,8167.92
1290,8340.44
1291,8839.17
1292,8530.4
1293,7928.85
1294,7579.11
1295,7357.81
1296,6892.16
1297,6661.51
1298,6514.62
1299,6444.67
1300,6506.63
1301,6321.3
1302,6408.85
1303,7046.9
1304,7682.93
1305,8005.21
1306,7903.77
1307,7882.28
1308,7933.98
1309,7504.56
1310,7365.17
1311,7157.6
1312,7041.41
1313,7126.32
1314,7447.08
1315,8129.06
1316,7997.44
1317,7433.86
1318,7090.11
1319,6935.31
1320,6576.57
1321,5910.5
1322,5595.74
1323,5493.81
1324,5473.83
1325,5422.53
1326,5593.88
1327,5823.56
1328,5919.09
1329,6304.39
1330,6410.72
1331,6602.98
1332,6782.59
1333,6779.85
1334,6780.45
1335,6606.9
1336,6528.64
1337,6474.49
1338,6716.04
1339,7112.14
1340,6900.52
1341,6441.85
1342,6054.14
1343,5985.45
1344,5690.67
1345,5123.37
1346,4863.57
1347,4761.64
1348,4735.66
1349,4740.03
1350,4885.57
1351,5072.19
1352,5054.77
1353,5412.1
1354,5600.37
1355,5829.63
1356,6035.16
1357,6255.31
1358,6106.99
1359,5892.44
1360,5743.26
1361,5756.1
1362,6087.68
1363,6449.73
1364,6378.36
1365,6028.62
1366,5700.86
1367,5718.93
1368,5353.2
1369,6334.93
1370,6207.02
1371,6214.02
1372,6252.99
1373,6222.82
1374,6425.77
1375,7101.35
1376,7639.99
1377,7959.76
1378,7951.76
1379,8003.68
1380,8135.57
1381,7730.89
1382,7708.94
1383,7563.03
1384,7483.11
1385,7555.97
1386,7766.77
1387,8440.2
1388,8300.36
1389,7739.77
1390,7467.97
1391,7223.27
1392,6829.56
1393,6799.59
1394,6699.67
1395,6660.7
1396,6636.72
1397,6489.52
1398,6561.44
1399,7245.63
1400,7822.08
1401,8106.76
1402,7946.98
1403,7875.16
1404,8031.58
1405,7587.37
1406,7554.28
1407,7442.84
1408,7451.35
1409,7632.47
1410,7842.49
1411,8412.42
1412,8191.59
1413,7637
1414,7331.22
1415,7093.38
1416,6635.72
1417,6286.32
1418,6108.45
1419,6039.51
1420,6069.48
1421,5959.38
1422,6073.08
1423,6745.17
1424,7313.57
1425,7678.15
1426,7667.31
1427,7748.43
1428,7878.43
1429,7396.69
1430,7320.56
1431,7154.6
1432,7115.71
1433,7161.03
1434,7307.17
1435,7995.06
1436,7922.55
1437,7379.95
1438,7057.19
1439,6803.94
1440,6429.22
1441,6210.9
1442,6046.02
1443,5966.08
1444,5968.08
1445,5917.73
1446,6007.25
1447,6679.82
1448,7221.01
1449,7569.42
1450,7530.78
1451,7545.18
1452,7659.24
1453,7168.46
1454,7093.11
1455,6915.08
1456,6729.38
1457,6738.09
1458,6969.54
1459,7664
1460,7638.61
1461,7149.97
1462,6837.2
1463,6677.55
1464,6316.82
1465,5580.75
1466,5362.91
1467,5191.03
1468,5199.03
1469,5172.28
1470,5397.27
1471,5695.75
1472,5749.95
1473,6109.9
1474,6166.64
1475,6269.33
1476,6401.6
1477,6327.29
1478,6248.58
1479,6103.3
1480,5995.77
1481,6007.28
1482,6251.64
1483,6665.65
1484,6553.45
1485,6127.76
1486,5784.02
1487,5707.65
1488,5351.91
1489,4789.94
1490,4455.19
1491,4326.28
1492,4341.27
1493,4402.14
1494,4661.79
1495,4930.31
1496,4851.29
1497,5172.93
1498,5313.95
1499,5561.85
1500,5730.79
1501,5805.66
1502,5659.69
1503,5478.77
1504,5349.92
1505,5386.09
1506,5754.98
1507,6192.94
1508,6143.99
1509,5793.25
1510,5457.5
1511,5388.5
1512,4936.83
1513,5469.86
1514,5285
1515,5297.99
1516,5419.9
1517,5551.64
1518,5833.52
1519,6726.76
1520,7450.17
1521,7943.81
1522,8009.76
1523,8158.7
1524,8391.5
1525,7954.85
1526,7981.78
1527,7858.89
1528,7813.9
1529,7887.88
1530,7978.93
1531,8486.53
1532,8285.77
1533,7696.21
1534,7378.45
1535,7159.61
1536,6777.9
1537,6602.79
1538,6506.86
1539,6449.9
1540,6472.88
1541,6284.81
1542,6434.42
1543,7177.08
1544,7733.42
1545,8081.93
1546,8047.18
1547,8121.38
1548,8283.89
1549,7610.76
1550,7596.52
1551,7499.96
1552,7489.6
1553,7726.94
1554,7929.32
1555,8442.62
1556,8260.02
1557,7695.44
1558,7359.68
1559,7161.37
1560,6736.69
1561,6577.17
1562,6450.26
1563,6411.29
1564,6387.31
1565,6253.08
1566,6345.76
1567,7141.25
1568,7585.63
1569,7925.1
1570,7862.42
1571,7772.78
1572,7873.85
1573,7398.06
1574,7358.79
1575,7261.72
1576,7207.91
1577,7397.37
1578,7631.8
1579,8235.33
1580,8110.64
1581,7560.05
1582,7229.29
1583,6961.89
1584,6488.24
1585,6307.51
1586,6126.65
1587,6033.72
1588,6006.74
1589,5915.38
1590,5988.19
1591,6833.12
1592,7537.42
1593,7962.95
1594,8013.07
1595,8081.19
1596,8213.68
1597,7792.41
1598,7753.26
1599,7670.74
1600,7666.32
1601,7820.55
1602,7905.77
1603,8351.19
1604,8234.3
1605,7740.67
1606,7385.93
1607,7142.9
1608,6800.15
1609,6688.51
1610,6538.62
1611,6478.67
1612,6435.7
1613,6296.99
1614,6383.95
1615,7094.94
1616,7615.71
1617,7932.64
1618,7812.57
1619,7816.4
1620,7922.76
1621,7500.64
1622,7400.87
1623,7207.63
1624,7017.16
1625,7027.86
1626,7322.26
1627,7893.49
1628,7997.26
1629,7476.64
1630,7157.88
1631,7001.28
1632,6719.49
1633,6075.16
1634,5870.31
1635,5771.39
1636,5674.46
1637,5545.48
1638,5690.19
1639,5949.65
1640,5971.5
1641,6300.13
1642,6376.2
1643,6489.25
1644,6573.26
1645,6548.21
1646,6511.1
1647,6361.15
1648,6227.31
1649,6150.63
1650,6316.73
1651,6701.06
1652,6760.9
1653,6384.18
1654,6042.43
1655,5935.27
1656,5674.46
1657,5184.42
1658,4921.61
1659,4786.71
1660,4729.76
1661,4760.87
1662,4929.8
1663,5087.77
1664,5006.86
1665,5308.7
1666,5439.54
1667,5704.32
1668,5860.69
1669,5961.13
1670,5836.25
1671,5682.93
1672,5576.44
1673,5622.34
1674,5908.07
1675,6141.87
1676,6106.73
1677,5724.01
1678,5429.23
1679,5406.26
1680,4949.59
1681,5821.76
1682,5693.86
1683,5710.84
1684,5747.82
1685,5784.46
1686,6061.76
1687,6836.93
1688,7446.04
1689,7809.33
1690,7711.84
1691,7786.23
1692,8026.76
1693,7474.46
1694,7494
1695,7353.35
1696,7280.16
1697,7403.92
1698,7467.72
1699,7937.76
1700,8016.18
1701,7468.59
1702,7155.82
1703,6864.99
1704,6376.35
1705,6192.75
1706,6050.86
1707,5983.91
1708,6020.88
1709,5939.99
1710,6129.96
1711,6914.99
1712,7456.77
1713,7744.73
1714,7590.67
1715,7599.49
1716,7790.74
1717,7299.71
1718,7320.87
1719,7155.59
1720,7109.03
1721,7175.63
1722,7268.12
1723,7749.28
1724,7891.81
1725,7347.21
1726,7070.42
1727,6821.29
1728,6328.65
1729,6121.11
1730,5920.26
1731,5865.3
1732,5879.29
1733,5880.98
1734,6019.63
1735,6832.35
1736,7369.7
1737,7647.25
1738,7620.52
1739,7702.71
1740,7874.72
1741,7344.97
1742,7333.73
1743,7186.74
1744,7100.9
1745,7150.35
1746,7300.69
1747,7771.97
1748,7865.29
1749,7309.7
1750,7099.85
1751,6848.57
1752,6359.94
1753,6128.64
1754,5924.79
1755,5831.86
1756,5873.83
1757,5870.18
1758,6014.26
1759,6784.14
1760,7301.93
1761,7554.91
1762,7457.82
1763,7458.64
1764,7642.93
1765,7098.9
1766,7047.12
1767,6897.8
1768,6853.26
1769,6945.84
1770,7013.52
1771,7451.4
1772,7667.39
1773,7171.76
1774,6927.94
1775,6679.23
1776,6215.58
1777,6024.41
1778,5827.55
1779,5718.63
1780,5745.61
1781,5735.21
1782,5889.74
1783,6643.92
1784,7147.14
1785,7419.57
1786,7194.1
1787,7197.51
1788,7411.55
1789,6880.75
1790,6814.39
1791,6639.34
1792,6463.65
1793,6445.45
1794,6600.21
1795,7031.07
1796,7217.32
1797,6720.69
1798,6453.88
1799,6298.2
1800,5985.44
1801,5357.91
1802,5099.1
1803,4915.23
1804,4867.27
1805,4841.82
1806,5145.3
1807,5430.83
1808,5533.36
1809,5869.72
1810,5913.08
1811,6051.37
1812,6216.44
1813,6225.24
1814,6158.9
1815,6019.81
1816,5923.07
1817,5856.9
1818,6035.64
1819,6268.72
1820,6354.94
1821,5965.23
1822,5646.47
1823,5573.75
1824,5263.97
1825,4747.9
1826,4452.12
1827,4321.21
1828,4296.23
1829,4345.74
1830,4535.1
1831,4757.55
1832,4707.15
1833,4979.46
1834,5080.87
1835,5280.17
1836,5588.18
1837,5843.75
1838,5915.25
1839,5790.07
1840,5818.32
1841,5944.13
1842,6211.86
1843,6326.05
1844,6230.78
1845,5864.06
1846,5547.29
1847,5467.36
1848,5094.64
1849,5722.78
1850,5576.89
1851,5581.88
1852,5596.87
1853,5606.93
1854,5789.82
1855,6581.97
1856,7192.44
1857,7614.09
1858,7744.03
1859,7893
1860,8131.87
1861,7757.1
1862,7727.04
1863,7617.11
1864,7631.11
1865,7817.09
1866,7924.24
1867,8287.07
1868,8167.22
1869,7620.62
1870,7343.83
1871,7052.79
1872,6633.11
1873,6488.56
1874,6394.63
1875,6280.71
1876,6255.73
1877,6154.45
1878,6252.16
1879,6974.54
1880,7569.74
1881,7870.17
1882,7737.62
1883,7778.95
1884,7961.94
1885,7410.22
1886,7367.89
1887,7239.81
1888,7146.06
1889,7248.65
1890,7326.37
1891,7740.95
1892,7956.07
1893,7437.45
1894,7211.62
1895,6953.22
1896,6520.54
1897,6366.04
1898,6196.17
1899,6101.24
1900,6126.22
1901,6044.88
1902,6114.47
1903,6768.78
1904,7307.03
1905,7583.44
1906,7450.92
1907,7521.22
1908,7719.29
1909,7219.44
1910,7183.12
1911,7008.06
1912,6917.32
1913,7023.98
1914,7101.73
1915,7503.56
1916,7728.8
1917,7212.19
1918,6967.37
1919,6718.78
1920,6277.11
1921,6140.87
1922,5914.04
1923,5855.08
1924,5838.09
1925,5785.91
1926,5982.77
1927,6658.97
1928,7160.53
1929,7394.27
1930,7250.47
1931,7271.51
1932,7528.34
1933,7002.71
1934,6947.69
1935,6852.71
1936,6757.83
1937,6841.92
1938,6933.07
1939,7308.87
1940,7555.87
1941,7088.22
1942,6809.42
1943,6557.56
1944,6101.9
1945,5949.45
1946,5734.61
1947,5604.71
1948,5622.69
1949,5567.1
1950,5783.2
1951,6442.82
1952,6950.83
1953,7221.97
1954,7135.7
1955,7176.28
1956,7352.99
1957,6801.56
1958,6757.98
1959,6630.25
1960,6465.19
1961,6432.47
1962,6615.59
1963,6976.43
1964,7248.82
1965,6805.15
1966,6588.31
1967,6445.09
1968,6083.35
1969,5440.89
1970,5168.09
1971,4965.24
1972,4913.28
1973,4890.36
1974,5177.26
1975,5424.34
1976,5468.42
1977,5768.29
1978,5799.18
1979,5898.99
1980,5991.37
1981,5948.95
1982,5902.1
1983,5772.73
1984,5673.27
1985,5560.15
1986,5778.81
1987,5987.22
1988,6206.01
1989,5829.29
1990,5527.52
1991,5446.88
1992,5155.1
1993,4604.5
1994,4348.69
1995,4409.65
1996,4152.84
1997,4370.47
1998,4418.2
1999,4599.14
2000,4891.63
2001,5139.17
2002,5083.49
2003,5228.68
2004,5399.69
2005,5163.72
2006,4933.6
2007,4849.54
2008,4834.67
2009,4956.16
2010,5299.54
2011,5200.6
2012,5387.73
2013,5284.8
2014,5094.94
2015,4692.44
2016,4527.53
2017,5083.66
2018,4989.73
2019,5061.67
2020,5227.55
2021,5864.75
2022,6427.88
2023,7205.32
2024,7523.77
2025,7429.5
2026,7416.85
2027,7550.07
2028,7092.57
2029,7055.43
2030,6872.25
2031,6731.17
2032,6578.47
2033,6553.16
2034,6775.62
2035,6847.48
2036,7023.8
2037,6752
2038,6559.14
2039,6053.94
2040,5812.12
2041,5640.07
2042,5444.22
2043,5407.25
2044,5482.19
2045,6060.31
2046,6571.62
2047,7314.63
2048,7564.99
2049,7373.67
2050,7344.15
2051,7481.5
2052,7014.05
2053,7014.85
2054,6833.53
2055,6709.37
2056,6586.71
2057,6510.65
2058,6739.5
2059,6768.87
2060,6929.17
2061,6722.32
2062,6486.5
2063,5979.82
2064,5742
2065,5611.15
2066,5424.29
2067,5391.32
2068,5411.3
2069,5971.13
2070,6484.11
2071,7179.46
2072,7425.58
2073,7275.96
2074,7223.73
2075,7345.34
2076,6936.5
2077,6872.69
2078,6702.12
2079,6549.39
2080,6443.31
2081,6391.76
2082,6620.01
2083,6617.03
2084,6783.51
2085,6571.67
2086,6402.79
2087,5853.97
2088,5580.18
2089,5428.58
2090,5215.74
2091,5156.78
2092,5191.76
2093,5806.68
2094,6312.7
2095,7024.31
2096,7368.43
2097,7278.89
2098,7244.52
2099,7379.05
2100,6950.18
2101,6927.38
2102,6839.82
2103,6717.12
2104,6638.97
2105,6588.26
2106,6883.28
2107,6906.06
2108,6909.71
2109,6577.95
2110,6359.12
2111,5836.28
2112,5572.47
2113,5388.77
2114,5116.97
2115,5016.05
2116,4963.09
2117,5559.98
2118,6111.95
2119,6972.39
2120,7412.46
2121,7411.82
2122,7452.43
2123,7551.96
2124,7137.61
2125,7048.33
2126,6874.86
2127,6693.66
2128,6460.16
2129,6494.4
2130,6687.53
2131,6651.41
2132,6714.16
2133,6489.33
2134,6343.44
2135,5936.37
2136,5743.51
2137,5121.81
2138,4857.01
2139,4795.06
2140,4699.13
2141,4941.26
2142,5133.44
2143,5463.46
2144,5879.52
2145,6049.81
2146,5940.48
2147,6024.04
2148,6053.81
2149,5990.07
2150,5848.55
2151,5748.83
2152,5616.72
2153,5665.91
2154,5878.88
2155,5769.77
2156,5868.53
2157,5745.62
2158,5613.72
2159,5163.78
2160,5032.88
2161,4407.43
2162,4183.6
2163,4083.67
2164,4098.66
2165,4336.01
2166,4401.46
2167,4702.68
2168,5045.93
2169,5337.23
2170,5254.77
2171,5395.17
2172,5572.28
2173,5336.21
2174,5204.81
2175,5097.66
2176,5127.86
2177,5275.75
2178,5555.61
2179,5342.26
2180,5552.72
2181,5489.77
2182,5297.91
2183,4896.07
2184,4718.2
2185,5136.24
2186,5051.31
2187,5085.28
2188,5192.2
2189,5808.36
2190,6329.7
2191,7027.34
2192,7396.75
2193,7318.54
2194,7320.8
2195,7396.07
2196,6966.02
2197,6950.4
2198,6821.17
2199,6658.69
2200,6517.4
2201,6501.05
2202,6704.42
2203,6675.38
2204,6775.54
2205,6567.69
2206,6290.9
2207,5726.81
2208,5472
2209,5327.31
2210,5082.5
2211,4998.56
2212,4955.59
2213,5492.33
2214,6008
2215,6851.47
2216,7315.15
2217,7247.26
2218,7292.17
2219,7449.02
2220,6996.85
2221,6950.39
2222,6809.53
2223,6634.23
2224,6523.74
2225,6509.68
2226,6769.43
2227,6803.38
2228,6740.26
2229,6492.44
2230,6224.64
2231,5662.07
2232,5398.26
2233,5248.14
2234,5011.32
2235,4949.36
2236,4960.36
2237,5553.93
2238,6076.64
2239,6890.3
2240,7325.07
2241,7353.13
2242,7408.01
2243,7617.76
2244,7320.92
2245,7346.96
2246,7200.16
2247,7050.3
2248,6922.37
2249,6900.2
2250,7121.86
2251,7098.56
2252,6949.58
2253,6684.78
2254,6438.96
2255,5911.65
2256,5604.88
2257,5414.51
2258,5183.68
2259,5137.72
2260,5146.71
2261,5677.69
2262,6140.49
2263,6921.74
2264,7425.63
2265,7492.85
2266,7519.56
2267,7618.23
2268,7277.85
2269,7153.57
2270,6963.97
2271,6807.73
2272,6612.23
2273,6663.67
2274,6923.91
2275,6879.19
2276,6618.09
2277,6379.27
2278,6280.34
2279,5791.23
2280,5548.41
2281,4595.21
2282,4300.42
2283,4232.47
2284,4088.58
2285,4297.42
2286,4413.53
2287,4733.74
2288,5135.56
2289,5461.48
2290,5390.37
2291,5519.15
2292,5721.42
2293,5431.22
2294,5250.47
2295,5124.13
2296,5088.59
2297,5161.28
2298,5357.83
2299,5076.73
2300,5105.49
2301,5098.5
2302,5050.53
2303,4754.09
2304,4568.23
2305,4614.27
2306,4344.47
2307,4290.51
2308,4189.58
2309,4441.55
2310,4606.4
2311,4930.06
2312,5354.73
2313,5659.49
2314,5653.51
2315,5832.39
2316,5989.29
2317,5976.28
2318,5905.33
2319,5816.4
2320,5759.43
2321,5880.38
2322,6096.3
2323,5956.42
2324,5776.52
2325,5626.63
2326,5454.76
2327,5066.93
2328,4878.07
2329,4285.93
2330,4105.06
2331,4075.08
2332,4020.12
2333,4249.09
2334,4258.25
2335,4568.68
2336,4965.57
2337,5295.52
2338,5264.35
2339,5341.11
2340,5475.87
2341,5205.21
2342,5051.5
2343,4971.7
2344,4965.57
2345,5054.13
2346,5176.57
2347,4940.3
2348,5064.76
2349,5136.7
2350,5033.78
2351,4827.53
2352,4763.57
2353,4593.07
2354,4416.2
2355,4335.26
2356,4217.34
2357,4460.51
2358,4470.17
2359,4643.62
2360,5007.9
2361,5311.19
2362,5254.72
2363,5309.13
2364,5494.73
2365,5283.15
2366,5179.78
2367,5149.04
2368,5212.75
2369,5295.58
2370,5428.46
2371,5143.98
2372,5263.3
2373,5210.34
2374,5036.47
2375,4647.03
2376,4475.15
2377,5213.6
2378,4962.79
2379,4940.81
2380,4969.79
2381,5584.12
2382,5988.44
2383,6610.86
2384,7037.19
2385,7009.85
2386,6950.25
2387,7063.53
2388,6742.94
2389,6773.74
2390,6625.49
2391,6455.42
2392,6429.64
2393,6477.28
2394,6737.88
2395,6741.05
2396,6616.43
2397,6381.6
2398,6153.77
2399,5695.25
2400,5400.47
2401,5327.36
2402,5113.52
2403,5071.55
2404,5165.48
2405,5747.96
2406,6238.78
2407,6889.4
2408,7432.05
2409,7481.08
2410,7616.91
2411,7740.77
2412,7519.89
2413,7469.97
2414,7276.16
2415,7046.36
2416,6947.41
2417,6858.36
2418,7093.14
2419,7003.8
2420,7026.05
2421,6930.12
2422,6772.23
2423,6287.65
2424,6091.79
2425,5965.81
2426,5737.98
2427,5701.01
2428,5656.04
2429,6102.92
2430,6388.67
2431,6963.37
2432,7312.16
2433,7201.3
2434,7298.17
2435,7417.04
2436,7134.74
2437,7128.25
2438,6996.39
2439,6988.93
2440,6971.41
2441,7039.29
2442,7329.98
2443,7284.97
2444,7107.08
2445,6814.3
2446,6629.43
2447,6128.69
2448,5908.86
2449,5768.94
2450,5589.08
2451,5552.1
2452,5562.1
2453,6012.88
2454,6323.46
2455,6937.78
2456,7380.35
2457,7331.32
2458,7330.38
2459,7350.47
2460,7053.71
2461,7050.69
2462,6789.78
2463,6550.95
2464,6424.05
2465,6563.14
2466,6864.06
2467,6842.41
2468,6685.56
2469,6544.66
2470,6436.74
2471,6011.76
2472,5789.93
2473,5151.27
2474,4932.43
2475,4814.52
2476,4720.59
2477,4992.56
2478,5130.89
2479,5362.67
2480,5736.73
2481,5935.92
2482,5896.61
2483,6057.16
2484,6174.91
2485,6152.09
2486,6115.45
2487,6110.63
2488,6125.44
2489,6253.67
2490,6388.96
2491,6188.12
2492,5969.77
2493,5800.89
2494,5620.03
2495,5200.23
2496,4988.39
2497,4437.06
2498,4226.22
2499,4153.27
2500,4054.34
2501,4262.23
2502,4251.31
2503,4486.21
2504,4877.98
2505,5250.74
2506,5286.68
2507,5519.44
2508,5760.24
2509,5602.38
2510,5540.49
2511,5543.47
2512,5609.44
2513,5725.26
2514,5952.05
2515,5628.11
2516,5522.18
2517,5426.26
2518,5256.38
2519,4837.76
2520,4721.85
2521,5421.25
2522,5498.19
2523,5515.18
2524,5550.15
2525,6095.52
2526,6493.77
2527,7160.36
2528,7693.63
2529,7716.29
2530,7772.57
2531,7863.84
2532,7583.72
2533,7606.03
2534,7492.77
2535,7301.26
2536,7220.98
2537,7134.75
2538,7326.15
2539,7289.29
2540,7200.64
2541,7025.77
2542,6892.87
2543,6348.56
2544,6165.7
2545,6016.42
2546,5922.49
2547,5887.51
2548,5846.54
2549,6294.05
2550,6630.37
2551,7206.2
2552,7499.66
2553,7321.53
2554,7323.79
2555,7365.08
2556,7066.44
2557,7049.31
2558,6860.14
2559,6686.12
2560,6601.33
2561,6577.92
2562,6796.25
2563,6755.38
2564,6850.52
2565,6845.52
2566,6699.63
2567,6128.33
2568,5874.52
2569,5700.28
2570,5505.42
2571,5486.44
2572,5536.4
2573,6006.5
2574,6327.8
2575,6951.96
2576,7386.15
2577,7405.66
2578,7484.08
2579,7550.52
2580,7186.51
2581,7138.82
2582,6925.49
2583,6783.85
2584,6698.66
2585,6709.6
2586,6896.38
2587,6769.1
2588,6758.45
2589,6748.45
2590,6591.57
2591,6127.96
2592,5892.14
2593,5839.11
2594,5658.24
2595,5649.25
2596,5640.25
2597,6093.45
2598,6352.8
2599,6903.97
2600,7236.26
2601,7214.78
2602,7305.21
2603,7383.61
2604,6991.13
2605,6983.91
2606,6843.55
2607,6709.39
2608,6665.68
2609,6721.58
2610,7033.29
2611,7009.76
2612,6920.1
2613,6799.19
2614,6590.35
2615,6102.91
2616,5855.09
2617,5695.54
2618,5508.68
2619,5448.73
2620,5507.68
2621,5972.67
2622,6226.87
2623,6805.51
2624,7242.58
2625,7214.97
2626,7342.51
2627,7447.04
2628,7167.59
2629,7117.28
2630,6888.85
2631,6770.6
2632,6611.05
2633,6651.28
2634,6882.38
2635,6816.29
2636,6668.2
2637,6711.16
2638,6614.24
2639,6163.2
2640,6035.29
2641,5375.93
2642,5143.1
2643,5038.18
2644,4873.3
2645,5066.67
2646,5114.92
2647,5346.72
2648,5673.81
2649,5884.98
2650,5803.71
2651,5922.3
2652,6034.05
2653,6001.24
2654,5840.68
2655,5650.97
2656,5620.84
2657,5830
2658,6100.19
2659,6061.2
2660,5966.98
2661,5872.05
2662,5736.15
2663,5328.96
2664,5102.13
2665,4431.54
2666,4219.69
2667,4149.75
2668,4094.79
2669,4333.24
2670,4278.84
2671,4488.56
2672,4882.86
2673,5218.22
2674,5241.59
2675,5386.89
2676,5587.95
2677,5387.89
2678,5203.62
2679,5133.49
2680,5153.66
2681,5282.37
2682,5484.95
2683,5177.47
2684,5294.9
2685,5449.78
2686,5267.92
2687,4845.23
2688,4641.38
2689,5461.7
2690,5406.74
2691,5416.74
2692,5485.69
2693,6071.88
2694,6449.08
2695,7090.52
2696,7484.89
2697,7431.53
2698,7515.87
2699,7646.11
2700,7233.65
2701,7337.34
2702,7034.22
2703,6888.14
2704,6845.36
2705,6854.1
2706,7193.52
2707,7203.9
2708,7021.11
2709,6856.24
2710,6646.39
2711,6126.21
2712,5931.36
2713,5840.9
2714,5617.06
2715,5615.06
2716,5677.02
2717,6151.78
2718,6559.75
2719,7251.73
2720,7689.61
2721,7664.8
2722,7791.54
2723,7891.26
2724,7434.04
2725,7475.56
2726,7322.88
2727,7193.59
2728,7128.03
2729,7106.67
2730,7354.16
2731,7248.64
2732,7080.53
2733,7040.56
2734,6890.67
2735,6334.53
2736,6138.68
2737,6047.69
2738,5893.81
2739,5870.82
2740,5875.82
2741,6330.8
2742,6590.97
2743,7120.46
2744,7366.6
2745,7223.01
2746,7267.67
2747,7455.21
2748,7108.83
2749,7132.45
2750,6958.9
2751,6842.66
2752,6777.04
2753,6838.37
2754,7022.65
2755,6915.74
2756,6846.52
2757,6805.55
2758,6671.65
2759,6104.65
2760,5858.83
2761,5747.76
2762,5498.94
2763,5377.03
2764,5329.07
2765,5811.77
2766,6174.6
2767,6739.44
2768,7041.31
2769,6972.42
2770,7007.33
2771,7165.12
2772,6785.85
2773,6814.38
2774,6651.6
2775,6510.21
2776,6465.73
2777,6400.63
2778,6566.31
2779,6434.29
2780,6382.09
2781,6480.02
2782,6265.18
2783,5736.77
2784,5486.95
2785,5307.01
2786,5050.2
2787,4946.28
2788,4909.3
2789,5467.4
2790,5825.6
2791,6496.47
2792,6778.73
2793,6742.2
2794,6852.68
2795,6999.1
2796,6600.21
2797,6572.41
2798,6439.98
2799,6239.39
2800,6046.27
2801,6110.32
2802,6357.21
2803,6175.91
2804,6027.48
2805,6088.44
2806,6013.49
2807,5578.81
2808,5311.01
2809,4718.15
2810,4355.42
2811,4156.57
2812,3921.74
2813,4240.86
2814,4424.23
2815,4878.94
2816,5316
2817,5484.24
2818,5404.94
2819,5540.45
2820,5590.73
2821,5627.38
2822,5542.84
2823,5447.58
2824,5341.99
2825,5336.24
2826,5383.52
2827,5155.65
2828,5053.26
2829,5242.12
2830,5096.22
2831,4711.16
2832,4506.31
2833,3829.27
2834,3559.47
2835,3389.6
2836,3150.77
2837,3287.96
2838,3377.17
2839,3853.84
2840,4226.89
2841,4614.91
2842,4590.62
2843,4778.15
2844,4887.41
2845,4783.15
2846,4669.56
2847,4625.26
2848,4634.59
2849,4781.81
2850,4969.99
2851,4592.3
2852,4472.01
2853,4758.8
2854,4566.94
2855,4168.02
2856,3988.15
2857,4757.01
2858,4631.1
2859,4555.16
2860,4523.18
2861,5010.39
2862,5360.63
2863,6066.69
2864,6546.81
2865,6575.31
2866,6637.74
2867,6867.09
2868,6484.59
2869,6536.34
2870,6438.89
2871,6340.71
2872,6265.02
2873,6230.02
2874,6397.86
2875,6220.41
2876,6050.3
2877,6104.26
2878,5975.35
2879,5542.43
2880,5323.59
2881,4257.72
2882,3992.91
2883,3841.02
2884,3707.12
2885,4147.51
2886,4718.77
2887,5521.41
2888,6006.77
2889,6208.34
2890,6147.66
2891,6391.77
2892,6168.04
2893,6117.97
2894,6118.68
2895,6026.62
2896,5941.81
2897,5825.45
2898,5826.95
2899,5366.14
2900,5281.52
2901,5297.5
2902,5057.68
2903,4598.46
2904,4422.59
2905,5281.55
2906,5124.66
2907,4993.76
2908,4838.88
2909,5339.39
2910,5793.1
2911,6536.73
2912,6914.49
2913,6944.51
2914,7033.4
2915,7250.2
2916,6854.47
2917,6874.48
2918,6738.62
2919,6616.71
2920,6528.77
2921,6474.72
2922,6659.46
2923,6484.66
2924,6295.9
2925,6458.78
2926,6274.91
2927,5752.2
2928,5512.38
2929,5375.9
2930,5190.04
2931,5068.13
2932,4957.21
2933,5463.03
2934,5788.78
2935,6510.55
2936,6856.4
2937,6874.48
2938,6942.34
2939,7133.09
2940,6692.86
2941,6784.35
2942,6694.52
2943,6531.2
2944,6463.69
2945,6418.52
2946,6543.22
2947,6375.15
2948,6182.16
2949,6369.02
2950,6200.14
2951,5686.67
2952,5507.81
2953,5384.23
2954,5145.41
2955,5033.49
2956,4943.56
2957,5451.16
2958,5757.75
2959,6484.05
2960,6831.72
2961,6813.7
2962,6949.64
2963,7093.6
2964,6663.44
2965,6651.92
2966,6529.95
2967,6325.58
2968,6192.2
2969,6248.29
2970,6438.24
2971,6272.44
2972,6169.84
2973,6243.79
2974,6080.91
2975,5673.02
2976,5493.15
2977,4864.42
2978,4581.63
2979,4355.8
2980,4112.98
2981,4343.36
2982,4643.8
2983,5131.16
2984,5662.34
2985,5969.67
2986,5963.11
2987,6104.44
2988,6123.62
2989,6042.48
2990,5904.16
2991,5797.99
2992,5719.3
2993,5767.11
2994,5964.82
2995,5724.21
2996,5589.78
2997,5722.68
2998,5554.8
2999,5114.24
3000,4972.34
3001,4391.31
3002,4158.49
3003,4029.58
3004,3901.68
3005,4042.75
3006,4011.94
3007,4356.03
3008,4683.92
3009,4974.85
3010,5045.66
3011,5304.33
3012,5480.63
3013,5329.31
3014,5232.52
3015,5124.16
3016,5174.56
3017,5318.16
3018,5564.79
3019,5218.69
3020,5074.58
3021,5350.38
3022,5160.52
3023,4742.05
3024,4563.19
3025,4980.97
3026,4857.07
3027,4828.09
3028,4852.07
3029,5378.93
3030,5818.88
3031,6648
3032,7081.91
3033,7118.16
3034,7272.77
3035,7522.35
3036,6995.12
3037,7073.69
3038,7023.33
3039,6736.82
3040,6654.23
3041,6484.87
3042,6701.23
3043,6602.22
3044,6327.62
3045,6516.48
3046,6282.65
3047,5715.43
3048,5484.6
3049,5401.39
3050,5149.57
3051,5080.62
3052,5118.02
3053,5554.92
3054,5934.27
3055,6632.74
3056,6953.17
3057,6895.89
3058,6963.16
3059,7177.34
3060,6775.26
3061,6721.68
3062,6653.39
3063,6559.82
3064,6531.48
3065,6535.14
3066,6755.66
3067,6635.71
3068,6414.21
3069,6423.2
3070,6182.38
3071,5628.22
3072,5370.41
3073,5270.83
3074,5011.02
3075,4878.12
3076,4736.23
3077,5268.26
3078,5633.6
3079,6526.32
3080,6927.52
3081,6926.05
3082,7052.43
3083,7268.78
3084,6823.4
3085,6798.12
3086,6676.71
3087,6551.58
3088,6461.87
3089,6566.64
3090,6735.58
3091,6504.19
3092,6094.3
3093,6310.15
3094,6153.26
3095,5570.61
3096,5334.78
3097,5185.83
3098,5028.39
3099,4744.16
3100,4592.27
3101,5123.17
3102,5494.3
3103,6292.87
3104,6780.87
3105,6685.35
3106,6793.88
3107,7030.32
3108,6584.95
3109,6664.59
3110,6597.03
3111,6506.77
3112,6381.19
3113,6375.43
3114,6567.89
3115,6360.2
3116,5990.55
3117,6204.39
3118,6121.46
3119,5677.1
3120,5414.6
3121,5221.35
3122,4925.75
3123,4745.89
3124,4555.87
3125,5023.21
3126,5262.96
3127,6252.15
3128,6725.06
3129,6653.78
3130,6808.71
3131,6992.61
3132,6569.96
3133,6642.87
3134,6551.9
3135,6390.98
3136,6187.17
3137,6270.18
3138,6535.86
3139,6161.52
3140,5811.76
3141,6011.61
3142,6078.13
3143,5662.28
3144,5456.43
3145,4821.82
3146,4407.56
3147,4168.74
3148,3850.97
3149,4158.19
3150,4244.12
3151,4843.9
3152,5368.24
3153,5720.7
3154,5881.43
3155,5974.06
3156,6031.12
3157,6000.04
3158,5962.8
3159,5868.73
3160,5834.89
3161,5872.4
3162,5914.88
3163,5686.37
3164,5297.49
3165,5439.38
3166,5280.5
3167,5059.65
3168,4762.3
3169,4288.47
3170,4136.58
3171,4043.65
3172,3852.79
3173,3963.45
3174,4065.57
3175,4384.73
3176,4747.18
3177,4940.23
3178,4945.46
3179,5111.62
3180,5181.66
3181,5005.7
3182,4898.49
3183,4824.43
3184,4888.5
3185,4991.94
3186,5202.16
3187,4912.16
3188,4791.34
3189,5200.04
3190,5194.61
3191,4631.21
3192,4453.34
3193,5005
3194,4904.07
3195,4892.08
3196,4914.06
3197,5480.73
3198,5874.7
3199,6487.25
3200,6917.71
3201,6827.98
3202,6922.71
3203,7126.34
3204,6699.07
3205,6765.61
3206,6599.95
3207,6501.62
3208,6417.08
3209,6357.72
3210,6571.19
3211,6339.66
3212,6076.09
3213,6429.4
3214,6291.5
3215,5676.5
3216,5442.67
3217,5312.57
3218,5114.72
3219,5055.76
3220,5023.79
3221,5503.04
3222,5728.72
3223,6454.53
3224,6811.27
3225,6809.75
3226,6973.15
3227,7278.49
3228,6880.07
3229,6918.76
3230,6799.28
3231,6691.09
3232,6696.35
3233,6711.45
3234,6942.39
3235,6836.12
3236,6658.91
3237,6773.82
3238,6538
3239,5980.08
3240,5732.26
3241,5577.45
3242,5363.61
3243,5304.65
3244,5232.7
3245,5708.77
3246,6067.05
3247,6873.8
3248,7302.94
3249,7315.38
3250,7467.82
3251,7603.26
3252,7195.32
3253,7141.6
3254,6999.16
3255,6691.59
3256,6475.72
3257,6472.59
3258,6634.73
3259,6580.6
3260,6335.89
3261,6472.35
3262,6458.02
3263,5988.93
3264,5785.94
3265,4764.39
3266,4542.63
3267,4308.53
3268,4119.67
3269,4366.15
3270,4210.61
3271,4448.38
3272,4815.21
3273,5017.04
3274,4977.07
3275,5085.03
3276,5223.41
3277,5027.05
3278,4896.06
3279,4780.51
3280,4818.97
3281,4906.82
3282,5029.53
3283,4586.44
3284,4607.73
3285,4982.49
3286,4935.28
3287,4570.94
3288,4223.59
3289,4976.52
3290,4692.85
3291,4588.74
3292,4362.8
3293,4788.92
3294,4784.43
3295,5243.17
3296,5644.94
3297,5809.63
3298,5886.02
3299,6014.13
3300,5835.31
3301,5703.39
3302,5517.38
3303,5471.05
3304,5490.49
3305,5694.5
3306,5957.39
3307,5811.34
3308,5536.55
3309,5658.49
3310,5551.62
3311,5245.04
3312,5039.14
3313,4424.78
3314,4108.07
3315,3948.23
3316,3752.4
3317,3917.25
3318,4031.01
3319,4430.55
3320,4849.18
3321,5076.97
3322,5052.03
3323,5345.03
3324,5434.14
3325,5424.19
3326,5348.67
3327,5285.6
3328,5180.48
3329,5074.16
3330,5255.91
3331,4903.44
3332,4689.92
3333,4988.7
3334,4923.75
3335,4557.77
3336,4403.44
3337,3762.92
3338,3502.47
3339,3367.75
3340,3202.86
3341,3361.49
3342,3376.87
3343,3690.29
3344,4053.9
3345,4478.88
3346,4424.67
3347,4612.01
3348,4735.07
3349,4638.86
3350,4555.71
3351,4571.33
3352,4631.65
3353,4775.71
3354,4987.47
3355,4639.54
3356,4490.53
3357,4709.84
3358,4523.99
3359,4106.62
3360,3879.86
3361,4734.24
3362,4598.79
3363,4506.88
3364,4417.59
3365,5002.6
3366,5493.54
3367,6364.6
3368,6872.34
3369,6879.43
3370,7072.5
3371,7327.01
3372,6868.48
3373,7015.58
3374,6947.29
3375,6891.42
3376,6827.57
3377,6766.53
3378,6969.26
3379,6778.14
3380,6509.22
3381,6471.38
3382,6277.69
3383,5732.73
3384,5543.13
3385,5406.59
3386,5177.8
3387,5019.02
3388,4918.24
3389,5350.68
3390,5718.5
3391,6519.13
3392,7032.51
3393,7028.41
3394,7148.07
3395,7414.63
3396,6917.51
3397,6991.59
3398,6904.53
3399,6796.69
3400,6734.41
3401,6686.73
3402,6860.82
3403,6687.81
3404,6427.14
3405,6461.86
3406,6341
3407,5781.57
3408,5549.96
3409,5415.78
3410,5145.07
3411,4838.04
3412,4699.15
3413,5132.9
3414,5577.53
3415,6563.84
3416,7035.49
3417,7043.45
3418,7309.59
3419,7604.28
3420,7133.88
3421,7159.93
3422,7045.43
3423,6934.34
3424,6804.11
3425,6703.21
3426,6812.95
3427,6588.06
3428,6256.66
3429,6301.05
3430,6238.1
3431,5868.85
3432,5596.05
3433,5474.2
3434,5219.39
3435,5029.53
3436,4727.18
3437,5170.01
3438,5575.66
3439,6419.95
3440,6853.62
3441,6965.09
3442,7068.04
3443,7291.88
3444,6876.21
3445,7003.09
3446,6956.12
3447,6841.21
3448,6798.24
3449,6705.34
3450,6733.81
3451,6585.96
3452,6191.21
3453,6244.17
3454,6184.22
3455,5692.47
3456,5608.1
3457,5430.75
3458,5179.93
3459,4875.59
3460,4659.75
3461,5065.02
3462,5424.51
3463,6269.99
3464,6672.36
3465,6724.02
3466,6771.29
3467,7140.92
3468,6730.87
3469,6763.2
3470,6634.96
3471,6462.43
3472,6277.23
3473,6301.85
3474,6444.33
3475,6121.04
3476,5764.67
3477,5838.61
3478,5937.54
3479,5576.07
3480,5339.24
3481,4785.4
3482,4483.62
3483,4260.79
3484,3981.99
3485,4126.89
3486,4276.47
3487,4687.7
3488,5146.2
3489,5386.86
3490,5377.03
3491,5626.58
3492,5724.1
3493,5751.48
3494,5712.35
3495,5629.8
3496,5513.5
3497,5465.86
3498,5509.13
3499,5201.02
3500,4859.83
3501,5125.64
3502,5124.64
3503,4812.38
3504,4637.51
3505,4072.7
3506,3844.87
3507,3612.04
3508,3396.2
3509,3514.67
3510,3511.22
3511,3965.26
3512,4314.49
3513,4601.78
3514,4575.29
3515,4859.42
3516,4984.74
3517,4908.24
3518,4862.4
3519,4815.4
3520,4804.29
3521,4887.87
3522,5061.38
3523,4548.88
3524,4351.63
3525,4614.44
3526,4608.44
3527,4309.53
3528,4125.66
3529,4018.52
3530,3865.97
3531,3705.4
3532,3523.8
3533,3565.55
3534,3647.5
3535,4116.85
3536,4491.51
3537,4924.34
3538,4932.16
3539,5077.74
3540,5213.13
3541,5132.49
3542,5087.61
3543,5043.57
3544,5062.39
3545,5133.07
3546,5257.56
3547,4874.06
3548,4702.28
3549,4898.84
3550,4935.81
3551,4582.02
3552,4469.36
3553,5012.48
3554,4787.83
3555,4645.86
3556,4457.68
3557,4885.09
3558,5242.11
3559,6206.72
3560,6665.16
3561,6891.84
3562,7051.49
3563,7318.19
3564,6899.6
3565,7032.28
3566,7009.44
3567,6885.25
3568,6806.17
3569,6692.92
3570,6776.55
3571,6498.59
3572,6152.31
3573,6199.24
3574,6209.24
3575,5659.29
3576,5384.49
3577,5228.6
3578,4981.78
3579,4800.92
3580,4589.07
3581,4999.85
3582,5356.69
3583,6286.56
3584,6703.39
3585,6762.51
3586,7030.18
3587,7291.82
3588,6888.53
3589,6999.05
3590,6944.25
3591,6831.96
3592,6728.52
3593,6698.31
3594,6822.89
3595,6592.76
3596,6122.67
3597,6218.6
3598,6196.62
3599,5649.29
3600,5419.46
3601,5266.98
3602,5034.15
3603,4837.3
3604,4627.45
3605,4987.4
3606,5410.38
3607,6391.27
3608,6836.14
3609,6891.35
3610,7072.97
3611,7407.73
3612,6977.02
3613,7105.16
3614,7060.01
3615,6954.33
3616,6838.44
3617,6764.7
3618,6901.89
3619,6721.89
3620,6307.88
3621,6320.87
3622,6218.95
3623,5704.66
3624,5554.87
3625,5468.53
3626,5236.76
3627,4927.8
3628,4799.29
3629,5080.76
3630,5445.44
3631,6499.77
3632,7169.43
3633,7313.62
3634,7459.75
3635,7680.87
3636,7194.02
3637,7200.91
3638,7090.96
3639,6923.6
3640,6707.28
3641,6645.33
3642,6762.21
3643,6523.39
3644,6161.84
3645,6206.89
3646,6152.97
3647,5763.18
3648,5636.52
3649,5022.84
3650,4740.52
3651,4502.15
3652,4164.84
3653,4302.94
3654,4532.91
3655,5071.94
3656,5526.6
3657,5774.4
3658,5773.83
3659,5954.18
3660,5969.23
3661,6002.91
3662,5944.42
3663,5805.05
3664,5668.84
3665,5612.92
3666,5637.82
3667,5350.09
3668,5121.19
3669,5355.31
3670,5401.37
3671,5089.63
3672,4889.41
3673,4321.09
3674,4063.99
3675,3837.59
3676,3573.89
3677,3636.87
3678,3554.34
3679,4086.28
3680,4595.3
3681,4886.08
3682,4976.47
3683,5279.57
3684,5480.45
3685,5398.9
3686,5371.19
3687,5365.37
3688,5403.32
3689,5502.27
3690,5705.29
3691,5325.99
3692,5055.61
3693,5073.53
3694,4912.65
3695,4507.78
3696,4304.93
3697,4798.97
3698,4634.17
3699,4444.7
3700,4492.65
3701,5041.59
3702,5456.88
3703,6466.54
3704,7056.53
3705,7273.42
3706,7387.85
3707,7652.23
3708,7184.38
3709,7274.51
3710,7209.98
3711,7076.35
3712,6955.17
3713,6784.42
3714,6957.34
3715,6685.3
3716,6341.19
3717,6420.13
3718,6321.21
3719,5740.31
3720,5486.5
3721,5378.61
3722,5134.79
3723,4990.9
3724,4815.03
3725,5282.06
3726,5592.48
3727,6596.78
3728,7061.77
3729,7190.58
3730,7327.15
3731,7575.62
3732,7061.85
3733,7127.95
3734,7032.37
3735,6900.62
3736,6785.55
3737,6687.96
3738,6776.18
3739,6505.39
3740,6080.81
3741,6216.71
3742,6204.72
3743,5642.84
3744,5478.54
3745,5335.79
3746,5092.97
3747,4942.08
3748,4720.25
3749,5134.25
3750,5466.92
3751,6510.53
3752,7066.54
3753,7142.94
3754,7331.34
3755,7705.22
3756,7276.31
3757,7335.49
3758,7306.93
3759,7152.29
3760,6963.19
3761,6823.44
3762,6881.44
3763,6578.39
3764,6216.29
3765,6156.77
3766,6152.77
3767,5602.02
3768,5450.7
3769,4738.55
3770,4377.25
3771,4276.89
3772,4065.05
3773,4340.07
3774,5008.46
3775,6012.95
3776,6540.31
3777,6718.91
3778,6804.68
3779,7087.72
3780,6827.52
3781,6856.89
3782,6817.67
3783,6738.09
3784,6617.82
3785,6439.42
3786,6459.96
3787,6106.09
3788,5751.21
3789,5781.18
3790,5522.38
3791,5079.3
3792,4801.5
3793,5185.85
3794,4907.06
3795,4741.18
3796,4509.35
3797,4874.64
3798,5211.01
3799,6206.99
3800,6736.13
3801,6898.59
3802,7082.88
3803,7318.17
3804,6942.65
3805,6875.49
3806,6720.15
3807,6576.06
3808,6438.36
3809,6493.21
3810,6683.91
3811,6458.52
3812,6077.31
3813,6050.33
3814,6007.37
3815,5561.57
3816,5357.72
3817,4741.23
3818,4452.44
3819,4233.6
3820,4001.77
3821,4147.19
3822,4329.34
3823,4844.76
3824,5320.73
3825,5620.76
3826,5636.49
3827,5812.04
3828,5838.87
3829,5805.05
3830,5734.42
3831,5600.66
3832,5480.61
3833,5478.03
3834,5606.4
3835,5365.58
3836,5185.27
3837,5299.19
3838,5170.29
3839,4830.16
3840,4623.31
3841,4031.28
3842,3830.42
3843,3650.56
3844,3424.72
3845,3548.9
3846,3551.08
3847,4002.55
3848,4394.51
3849,4717.51
3850,4754.24
3851,4978.83
3852,5148.55
3853,5001.81
3854,4907.13
3855,4825.27
3856,4883.15
3857,5076.48
3858,5303.78
3859,4946.46
3860,4771.37
3861,4975.22
3862,4848.31
3863,4435.98
3864,4206.15
3865,4775.6
3866,4631.7
3867,4519.79
3868,4452.84
3869,4942.14
3870,5317.83
3871,6312.08
3872,6812.35
3873,7039.38
3874,7188.64
3875,7476.79
3876,6977.35
3877,7078.09
3878,6967.8
3879,6848.7
3880,6733.98
3881,6667.73
3882,6763.33
3883,6440.75
3884,6100.29
3885,6072.74
3886,6201.22
3887,5624.97
3888,5381.15
3889,5261.75
3890,5060.9
3891,4896.02
3892,4711.15
3893,5163.73
3894,5645.23
3895,6599.36
3896,7105.79
3897,7314.03
3898,7538.04
3899,7813.03
3900,7298.51
3901,7346.38
3902,7216.28
3903,7086.29
3904,7018.42
3905,6978.84
3906,7132.13
3907,6881
3908,6500.5
3909,6485.51
3910,6401.58
3911,5703.85
3912,5585.51
3913,5471.37
3914,5235.54
3915,5095.64
3916,4929.77
3917,5198.31
3918,5595.23
3919,6538.14
3920,7031.01
3921,7074.21
3922,7357.34
3923,7600.92
3924,7132.64
3925,7210.21
3926,7123.52
3927,6982.23
3928,6906.68
3929,6862.24
3930,6989.77
3931,6709.29
3932,6366.28
3933,6245.79
3934,6267.78
3935,5732.6
3936,5464.8
3937,5466.61
3938,5226.79
3939,5078.9
3940,4910.02
3941,5162.91
3942,5547.28
3943,6416.76
3944,6877.15
3945,7005.36
3946,7154.52
3947,7366.63
3948,6894.66
3949,6972.92
3950,6854.74
3951,6710.21
3952,6655.88
3953,6543.56
3954,6656.04
3955,6440.96
3956,6120.76
3957,6216.69
3958,6188.14
3959,5644.91
3960,5396.09
3961,5367.61
3962,5112.8
3963,4940.93
3964,4730.08
3965,4967.48
3966,5373.39
3967,6311.37
3968,6767.21
3969,6931.88
3970,7065.56
3971,7256.25
3972,6853.95
3973,6888.52
3974,6792.76
3975,6587.52
3976,6451.02
3977,6451.64
3978,6585.07
3979,6367.56
3980,5939.61
3981,5991.57
3982,6176.44
3983,5751.33
3984,5533.49
3985,4840.03
3986,4548.25
3987,4299.43
3988,3957.69
3989,4036.78
3990,4290.54
3991,4892.38
3992,5392.1
3993,5672.94
3994,5672.89
3995,5822.69
3996,5852.01
3997,5878.99
3998,5823.05
3999,5720.05
4000,5618.91
4001,5557.59
4002,5601.04
4003,5341.79
4004,5132.22
4005,5301.62
4006,5381
4007,5021.18
4008,4791.23
4009,4130.9
4010,3910.46
4011,3670.93
4012,3389.31
4013,3446.92
4014,3574.49
4015,4097.97
4016,4452.15
4017,4767.21
4018,4775.21
4019,4959.66
4020,5060.33
4021,4953.64
4022,4897.05
4023,4815.97
4024,4843.07
4025,4943.97
4026,5119.58
4027,4826.78
4028,4670.98
4029,4815.84
4030,4916.76
4031,4478.42
4032,4339.26
4033,4847.94
4034,4673.78
4035,4550.41
4036,4444.99
4037,4882.68
4038,5243.61
4039,6323.91
4040,6924.83
4041,7170.96
4042,7392.61
4043,7639.51
4044,7170.67
4045,7313.75
4046,7245.16
4047,7107.44
4048,7006.34
4049,6861.72
4050,6936.93
4051,6681.1
4052,6360.8
4053,6265.3
4054,6291.28
4055,5755.61
4056,5448.84
4057,5251.37
4058,4997.56
4059,4796.7
4060,4568.87
4061,4871.86
4062,5317.72
4063,6357.43
4064,6877.23
4065,7012.3
4066,7203.99
4067,7588.09
4068,7135.84
4069,7285.31
4070,7270.51
4071,7187.17
4072,7072.66
4073,6949.39
4074,6990.05
4075,6625.2
4076,6331.25
4077,6317.26
4078,6263.3
4079,5684.05
4080,5417.24
4081,5302.78
4082,5055.97
4083,4810.15
4084,4595.31
4085,4952.74
4086,5416.39
4087,6467.27
4088,7019.72
4089,7094.53
4090,7331.49
4091,7608.43
4092,7277.78
4093,7409.15
4094,7377.03
4095,7201.59
4096,6997.31
4097,6894.64
4098,6938.83
4099,6654.34
4100,6193.27
4101,6157.29
4102,6196.26
4103,5671.51
4104,5422.69
4105,5276.3
4106,5005.5
4107,4815.64
4108,4581.82
4109,4912.69
4110,5346.44
4111,6392.79
4112,6931.44
4113,7029.42
4114,7304.73
4115,7570.49
4116,7123.25
4117,7249.72
4118,7228.79
4119,7127.34
4120,7006.95
4121,6904.93
4122,7007.78
4123,6822.74
4124,6518.98
4125,6362.09
4126,6299.14
4127,5750.52
4128,5506.7
4129,5354.94
4130,5094.13
4131,4902.27
4132,4655.46
4133,4984.48
4134,5384.21
4135,6443.97
4136,6946.79
4137,7026.89
4138,7160.63
4139,7347.3
4140,6905.54
4141,6945.6
4142,6848.86
4143,6665.02
4144,6497.12
4145,6476.75
4146,6572.33
4147,6313.08
4148,5926.36
4149,5942.34
4150,6082.24
4151,5704.68
4152,5463.86
4153,4843.44
4154,4540.66
4155,4294.84
4156,4012.05
4157,4109.92
4158,4308.48
4159,4888.9
4160,5359.45
4161,5649.15
4162,5665.22
4163,5789.23
4164,5825.74
4165,5805.22
4166,5769.14
4167,5634.68
4168,5517.33
4169,5457.54
4170,5471.61
4171,5200.28
4172,4984.47
4173,5175.33
4174,5254.27
4175,4929.37
4176,4703.54
4177,4122.07
4178,3913.22
4179,3735.35
4180,3460.56
4181,3495.3
4182,3553.22
4183,4072.52
4184,4460.28
4185,4722.25
4186,4781.47
4187,4956.04
4188,5061.42
4189,4988.5
4190,5000.12
4191,4978.48
4192,5044.89
4193,5179.15
4194,5326.14
4195,4995.38
4196,4857.77
4197,5060.63
4198,5011.35
4199,4687.85
4200,4407.06
4201,4894.59
4202,4728.98
4203,4609
4204,4492.73
4205,4956.4
4206,5401.81
4207,6537.69
4208,7139.68
4209,7270.82
4210,7508.52
4211,7752.05
4212,7213.32
4213,7323.58
4214,7276.15
4215,7170.03
4216,6991.87
4217,6845.79
4218,6912.59
4219,6595.03
4220,6239.65
4221,6242.64
4222,6238.65
4223,5727.17
4224,5462.36
4225,5375.73
4226,5133.91
4227,4949.05
4228,4734.21
4229,5075.09
4230,5474.1
4231,6564.81
4232,7086.63
4233,7123.76
4234,7343.44
4235,7669.99
4236,7129.31
4237,7233.31
4238,7161.58
4239,7050.75
4240,6905.77
4241,6792.45
4242,6854.08
4243,6592.72
4244,6240.63
4245,6242.63
4246,6185.1
4247,5637.96
4248,5380.16
4249,5361.93
4250,5109.12
4251,4938.25
4252,4697.42
4253,4947.3
4254,5403.56
4255,6429.89
4256,6953.2
4257,7133.28
4258,7308.51
4259,7557.63
4260,7123.09
4261,7239.86
4262,7188.6
4263,7104.47
4264,6990.74
4265,6846.47
4266,6868.05
4267,6631.23
4268,6245.88
4269,6174.36
4270,6305.26
4271,5854.99
4272,5546.22
4273,5320.4
4274,5039.61
4275,4862.74
4276,4618.92
4277,4942.24
4278,5353.68
4279,6379.92
4280,6865.25
4281,7017.79
4282,7341.47
4283,7574.6
4284,7070.1
4285,7342.78
4286,7318.48
4287,7234.89
4288,7202.57
4289,7140.27
4290,7124.94
4291,6694.75
4292,6337.14
4293,6291.18
4294,6551.55
4295,6072.42
4296,5801.62
4297,5556.73
4298,5270.94
4299,5077.09
4300,4808.29
4301,4998.68
4302,5525.02
4303,6467.91
4304,7020.68
4305,7180.72
4306,7242.95
4307,7509.14
4308,7187.29
4309,7259.32
4310,7155.58
4311,6977.79
4312,6817.83
4313,6751.51
4314,6777.1
4315,6573.94
4316,6154.65
4317,6127.67
4318,6272.57
4319,5789.99
4320,5578.15
4321,5002.05
4322,4708.26
4323,4457.45
4324,4113.71
4325,4189.84
4326,4384.12
4327,5048.56
4328,5567.47
4329,5862.58
4330,5862.25
4331,5994.85
4332,6024.2
4333,6063.8
4334,6054.11
4335,5980.84
4336,5841.26
4337,5754.72
4338,5769.1
4339,5392.83
4340,5205.25
4341,5241.65
4342,5366.13
4343,5046.01
4344,4736.67
4345,4195.3
4346,3981.63
4347,3768.7
4348,3467.7
4349,3515.38
4350,3574.4
4351,4094.37
4352,4498.57
4353,4837.64
4354,4892.28
4355,5165.75
4356,5347.09
4357,5260.69
4358,5252.54
4359,5223.89
4360,5236.8
4361,5332.79
4362,5455.5
4363,5018.72
4364,4720.3
4365,4830
4366,4811.55
4367,4536.02
4368,4234.18
4369,4684.17
4370,4500.31
4371,4421.36
4372,4344.42
4373,4813.62
4374,5249.66
4375,6355.42
4376,7046.42
4377,7170.84
4378,7377.18
4379,7605.49
4380,7107.1
4381,7245.76
4382,7201.31
4383,7070.16
4384,6946.5
4385,6906.1
4386,6828.49
4387,6584.14
4388,6288.41
4389,6191.91
4390,6090.98
4391,5558.52
4392,5297.71
4393,5181.3
4394,4930.48
4395,4756.61
4396,4523.78
4397,4901.34
4398,5344.83
4399,6410.47
4400,6958.89
4401,7095.6
4402,7264.67
4403,7506.66
4404,7026.64
4405,7129.94
4406,7088.8
4407,6952.32
4408,6833.99
4409,6685.48
4410,6674.84
4411,6432.7
4412,6059.04
4413,6116.99
4414,6209.92
4415,5666.94
4416,5523.62
4417,5228.74
4418,4970.93
4419,4783.07
4420,4568.23
4421,4910.87
4422,5329.67
4423,6374.92
4424,6884.56
4425,7023.45
4426,7234.3
4427,7456.12
4428,7034.94
4429,7150.35
4430,7108.4
4431,7008.96
4432,6884.56
4433,6772.61
4434,6828.56
4435,6647.14
4436,6296.38
4437,6196.88
4438,6142.92
4439,5767.91
4440,5519.09
4441,5235.41
4442,4971.61
4443,4902.23
4444,4565.91
4445,4997.01
4446,5278.23
4447,6272.25
4448,6816.76
4449,6945.6
4450,7300.98
4451,7575.85
4452,6988.77
4453,7161.59
4454,7110.55
4455,7128.1
4456,6835.75
4457,6734
4458,6920.58
4459,6629.03
4460,6114.96
4461,6164.92
4462,6171.92
4463,5757.6
4464,5507.78
4465,5358.1
4466,5089.29
4467,4860.46
4468,4643.62
4469,4898.16
4470,5267.17
4471,6290.2
4472,6904.02
4473,7065.17
4474,7310.29
4475,7363.4
4476,6922.08
4477,6914.74
4478,6837.07
4479,6666.83
4480,6460.35
4481,6389.85
4482,6600.75
4483,6242.63
4484,6008.17
4485,5887.69
4486,5876.69
4487,5492.42
4488,5296.57
4489,4664.25
4490,4368.47
4491,4269.11
4492,3957.34
4493,3956.58
4494,4109.91
4495,4731.33
4496,5188.58
4497,5611.47
4498,5619.84
4499,5781.13
4500,5815.3
4501,5799.11
4502,5758.73
4503,5662.64
4504,5537.9
4505,5341.27
4506,5418.51
4507,5151.07
4508,4919.51
4509,4968.9
4510,5051.84
4511,4778.17
4512,4643.84
4513,4049.42
4514,3837.58
4515,3630.73
4516,3352.93
4517,3418.34
4518,3461.72
4519,3998.3
4520,4350.34
4521,4625.46
4522,4693.08
4523,4933.6
4524,5085.81
4525,5006.55
4526,4960.88
4527,4902.62
4528,4888.94
4529,4979.2
4530,5076.53
4531,4658.66
4532,4542.4
4533,4771.23
4534,4801.21
4535,4445.13
4536,4211.3
4537,4701.02
4538,4539.14
4539,4411.24
4540,4286.33
4541,4721.15
4542,5095.21
4543,6005.59
4544,6678.88
4545,6733.46
4546,7053.61
4547,7253.24
4548,6879.41
4549,6999.43
4550,6966.67
4551,6869.83
4552,6737.84
4553,6556.55
4554,6571.12
4555,6305.48
4556,5991.58
4557,6054.53
4558,6014.99
4559,5593.36
4560,5366.53
4561,5279.13
4562,5023.32
4563,4823.46
4564,4590.64
4565,4839.67
4566,5168.05
4567,6149.21
4568,6651.47
4569,6846.96
4570,7153.67
4571,7334.9
4572,6957.35
4573,7096.08
4574,7096.71
4575,7035.54
4576,6896.86
4577,6781.63
4578,6828.39
4579,6557.76
4580,6206.28
4581,6070.81
4582,6004.86
4583,5493.4
4584,5399.04
4585,5234.51
4586,4983.7
4587,4835.8
4588,4640.95
4589,4968.64
4590,5196.72
4591,6204.52
4592,6679.01
4593,6926.26
4594,7104.27
4595,7326.27
4596,6914.66
4597,7015.5
4598,6946.39
4599,6848.4
4600,6652.6
4601,6550
4602,6591.26
4603,6309.93
4604,5982.3
4605,6035.26
4606,6071.23
4607,5584.25
4608,5310.45
4609,5192.67
4610,4967.84
4611,4794.97
4612,4583.3
4613,4966.78
4614,5295.32
4615,6248.61
4616,6737.96
4617,6891.54
4618,7108.68
4619,7294.78
4620,6864.18
4621,6955.87
4622,6893.52
4623,6772.27
4624,6657.34
4625,6522.87
4626,6588.47
4627,6382.42
4628,6053.83
4629,6095.64
4630,6064.45
4631,5615.82
4632,5400.63
4633,5280.2
4634,5035.14
4635,4877.96
4636,4657.77
4637,4912.88
4638,5221.75
4639,6162.08
4640,6641.73
4641,6790.63
4642,6959.49
4643,7222.01
4644,6774.44
4645,6839.5
4646,6719.19
4647,6531.44
4648,6398.65
4649,6376.29
4650,6552.78
4651,6382.38
4652,6045.56
4653,6014.31
4654,5957.11
4655,5544.16
4656,5365.13
4657,4746.15
4658,4474.89
4659,4245.65
4660,3945.52
4661,4079.78
4662,4248.09
4663,4709.44
4664,5176.33
4665,5573.62
4666,5576.05
4667,5761.42
4668,5749.57
4669,5740.99
4670,5679.07
4671,5565.58
4672,5435.79
4673,5397.06
4674,5435.23
4675,5186.11
4676,4978.49
4677,5145.67
4678,5116.86
4679,4780.49
4680,4592.51
4681,3988.36
4682,3763.7
4683,3608.8
4684,3364.8
4685,3463.26
4686,3486.64
4687,3943.69
4688,4315.52
4689,4625.23
4690,4629.97
4691,4859.36
4692,5017.1
4693,4917.89
4694,4845.95
4695,4802.31
4696,4828.4
4697,4944.76
4698,5079.8
4699,4744.01
4700,4529.1
4701,4745.6
4702,4708.08
4703,4353.32
4704,4136.07
4705,4679.65
4706,4547.99
4707,4467.12
4708,4390.08
4709,4804.07
4710,5100.39
4711,5993.04
4712,6489.01
4713,6624.2
4714,6777.48
4715,6930.75
4716,6613.31
4717,6691.46
4718,6628.64
4719,6555.9
4720,6371.32
4721,6262.07
4722,6351.02
4723,6113.34
4724,5807.75
4725,5884.71
4726,5988.73
4727,5459.97
4728,5273.43
4729,5111.72
4730,4872.87
4731,4705.07
4732,4524.38
4733,4861.92
4734,5144.32
4735,5923.17
4736,6473.9
4737,6649.8
4738,6793
4739,6921.33
4740,6600.2
4741,6697.38
4742,6630.31
4743,6556.13
4744,6452.63
4745,6384.32
4746,6487
4747,6219.64
4748,5854.38
4749,5983.84
4750,6044.33
4751,5558.66
4752,5357.3
4753,5212.47
4754,4964.37
4755,4788.2
4756,4582.01
4757,4893.06
4758,5058.3
4759,5931.47
4760,6431.68
4761,6677.52
4762,6864.26
4763,6986.07
4764,6692.45
4765,6805.1
4766,6779.12
4767,6696.9
4768,6588.05
4769,6492.31
4770,6545.41
4771,6321.26
4772,5947.23
4773,6068.47
4774,6103.76
4775,5654.56
4776,5443.02
4777,5276.15
4778,5014.15
4779,4825.09
4780,4582.07
4781,4775.53
4782,5136.98
4783,6062.41
4784,6531.24
4785,6793.92
4786,7014.65
4787,7135.43
4788,6825.4
4789,6898.86
4790,6867.26
4791,6788.74
4792,6648.45
4793,6535.35
4794,6609.19
4795,6349.3
4796,5892.43
4797,6029.64
4798,5997.05
4799,5526.09
4800,5348.48
4801,5211.78
4802,4979.89
4803,4780.93
4804,4551.95
4805,4887.58
4806,5145.33
4807,6018.02
4808,6466.66
4809,6632.5
4810,6671.37
4811,6849.05
4812,6627.08
4813,6685.51
4814,6584.74
4815,6382.51
4816,6190.15
4817,6244.93
4818,6386.7
4819,6242.65
4820,5787.55
4821,5694.62
4822,5649.65
4823,5255.48
4824,5146.41
4825,4588.49
4826,4329.82
4827,4121.25
4828,3828.87
4829,3971.32
4830,4043.97
4831,4556.93
4832,5096.11
4833,5364.03
4834,5382.42
4835,5561.86
4836,5627.59
4837,5615.9
4838,5559.43
4839,5480.77
4840,5380.65
4841,5381.77
4842,5432.84
4843,5131.53
4844,4928.25
4845,5124.9
4846,5014.69
4847,4664.39
4848,4499.03
4849,3940.5
4850,3742.25
4851,3549.87
4852,3329.39
4853,3440.79
4854,3436.13
4855,3800.01
4856,4204.49
4857,4487.22
4858,4477.54
4859,4672.8
4860,4799.5
4861,4707.53
4862,4638.94
4863,4591.62
4864,4581.96
4865,4668.11
4866,4813.92
4867,4466.67
4868,4289.81
4869,4567.51
4870,4572.18
4871,4214.33
4872,4029.66
4873,4434.51
4874,4376.26
4875,4194.69
4876,4188.96
4877,4544.16
4878,4683.37
4879,5542.02
4880,6029.17
4881,6176.46
4882,6304.75
4883,6485.93
4884,6222.09
4885,6270.5
4886,6178.7
4887,6098.14
4888,6003.12
4889,5969.82
4890,6109.52
4891,5801.24
4892,5564.47
4893,5700.25
4894,5778.15
4895,5280.53
4896,5020.08
4897,4842.25
4898,4579.45
4899,4407.57
4900,4183.74
4901,4575.75
4902,4748.23
4903,5456.25
4904,5891.38
4905,6103.2
4906,6195.15
4907,6435.8
4908,6081.05
4909,6175.72
4910,6159.18
4911,6095.96
4912,6017.29
4913,6093.22
4914,6201.87
4915,5879.12
4916,5629.56
4917,5676.68
4918,5837.58
4919,5341.42
4920,5162.03
4921,4963.43
4922,4635.51
4923,4541.89
4924,4214.82
4925,4596.4
4926,4715.66
4927,5546.78
4928,6057.99
4929,6325.29
4930,6493.4
4931,6542.05
4932,6339.39
4933,6417.14
4934,6364.76
4935,6274.64
4936,6180.9
4937,6144.75
4938,6235.54
4939,5950.97
4940,5684.85
4941,5791.29
4942,5847.78
4943,5396.63
4944,5198.39
4945,5032.36
4946,4782.87
4947,4496.18
4948,4338.95
4949,4621.71
4950,4710.83
4951,5535.38
4952,6019.43
4953,6295.58
4954,6485.59
4955,6599.63
4956,6301.13
4957,6384.75
4958,6336.2
4959,6230.98
4960,6142.34
4961,6174.85
4962,6187.74
4963,5963.89
4964,5665.27
4965,5735.71
4966,5710.35
4967,5354.12
4968,5154.86
4969,4992.11
4970,4733.23
4971,4453.37
4972,4286.35
4973,4559.97
4974,4652.27
4975,5475.62
4976,5973.22
4977,6295
4978,6387.91
4979,6489.87
4980,6273.54
4981,6301.01
4982,6236.03
4983,6119.63
4984,6063.55
4985,5997.22
4986,6187.11
4987,5941.94
4988,5585.38
4989,5667.16
4990,5694.01
4991,5346.93
4992,5200.95
4993,4497.11
4994,4178.84
4995,3941.53
4996,3548.21
4997,3779.81
4998,3873
4999,4501.31
5000,4952.53
5001,5257.82
5002,5297.45
5003,5415.78
5004,5482.25
5005,5506.72
5006,5480.71
5007,5399.23
5008,5277.86
5009,5220.96
5010,5309.58
5011,4960.13
5012,4700.51
5013,4852.48
5014,4739.59
5015,4424.61
5016,4275.61
5017,3677.03
5018,3481.17
5019,3375.51
5020,3111.67
5021,3213.95
5022,3239.28
5023,3712.15
5024,4082.03
5025,4400.94
5026,4408.97
5027,4536.83
5028,4757.9
5029,4680.59
5030,4638.4
5031,4570.96
5032,4577.89
5033,4624.04
5034,4670.27
5035,4293.2
5036,4091.86
5037,4412.38
5038,4342.3
5039,4025.22
5040,3850.12
5041,4302.28
5042,4132.41
5043,4015.5
5044,3903.58
5045,4235.42
5046,4409.39
5047,5187.37
5048,5725.11
5049,5946.12
5050,6086.84
5051,6231.6
5052,6023.18
5053,6053.73
5054,6015.9
5055,5927.54
5056,5856.02
5057,5832.73
5058,5931.26
5059,5639.1
5060,5308.28
5061,5572.86
5062,5502.13
5063,5158.2
5064,4867.87
5065,4768.2
5066,4511.39
5067,4279.56
5068,4030.74
5069,4298.69
5070,4454.69
5071,5186.48
5072,5632.28
5073,5818.25
5074,5966.03
5075,6078.82
5076,5887.86
5077,5927.93
5078,5861.11
5079,5732.24
5080,5606.3
5081,5559.05
5082,5647.81
5083,5410.57
5084,5168.74
5085,5209.79
5086,5278.74
5087,5055.51
5088,5043.97
5089,4850.64
5090,4449.1
5091,4225.27
5092,3927.49
5093,3982.94
5094,3842.61
5095,4123.01
5096,4551.29
5097,4715.64
5098,4865
5099,4974.38
5100,5083.04
5101,5004.36
5102,4931.95
5103,4910.23
5104,4971.92
5105,5115.72
5106,5285.61
5107,5151.89
5108,4953.67
5109,5218.51
5110,5361.23
5111,5096.62
5112,4956.72
5113,4687.59
5114,4408.8
5115,4315.67
5116,4069.69
5117,4393.42
5118,4506.19
5119,5213.83
5120,5738.77
5121,6001.9
5122,6197.43
5123,6346.99
5124,6176.48
5125,6234.07
5126,6210.42
5127,6132.14
5128,6059.53
5129,6042.94
5130,6137.17
5131,5903.57
5132,5602.33
5133,5744.42
5134,5683.63
5135,5233.72
5136,4977.38
5137,4867.03
5138,4523.54
5139,4332.68
5140,4092.86
5141,4506.71
5142,4575.63
5143,5345.38
5144,5859.12
5145,6089.05
5146,6345.41
5147,6374.62
5148,6126.26
5149,6102.82
5150,6018
5151,5893.66
5152,5787.18
5153,5826.92
5154,5931.63
5155,5761.2
5156,5449.08
5157,5453.61
5158,5414.64
5159,5157.91
5160,4996.12
5161,4352.56
5162,3965.81
5163,3761.96
5164,3547.71
5165,3656.49
5166,3798.64
5167,4309.39
5168,4761.43
5169,5054.57
5170,5083.19
5171,5292.67
5172,5338.95
5173,5363.61
5174,5349
5175,5296.69
5176,5226.09
5177,5164.4
5178,5197.61
5179,4892.84
5180,4799.42
5181,4911.51
5182,4779.61
5183,4468.44
5184,4317.55
5185,3719.09
5186,3494.26
5187,3292.41
5188,3027.6
5189,3212.29
5190,3254.83
5191,3637.99
5192,4009.02
5193,4344.1
5194,4362.76
5195,4603.28
5196,4754.49
5197,4669.23
5198,4617.57
5199,4589.28
5200,4606.58
5201,4656.87
5202,4767.19
5203,4418.26
5204,4371.96
5205,4670.95
5206,4481.84
5207,4038.85
5208,3849
5209,4456.43
5210,4287.91
5211,4156.15
5212,4038.19
5213,4462.97
5214,4818.46
5215,5620.6
5216,6283.98
5217,6517.35
5218,6702.48
5219,6941.53
5220,6623.8
5221,6760.63
5222,6724.06
5223,6615.73
5224,6499.89
5225,6418.57
5226,6455.29
5227,6070.8
5228,5727.58
5229,5843.87
5230,5738.44
5231,5288.8
5232,5106.7
5233,4987.29
5234,4735.71
5235,4573.23
5236,4384.91
5237,4719.01
5238,4943.42
5239,5769.87
5240,6298.32
5241,6458.2
5242,6602.77
5243,6788.48
5244,6485.56
5245,6574.16
5246,6486.91
5247,6384.96
5248,6273.41
5249,6215.44
5250,6276.5
5251,6001.23
5252,5696.58
5253,5834.37
5254,5771.45
5255,5305.3
5256,5139.7
5257,5002.61
5258,4750.58
5259,4571.61
5260,4347.8
5261,4712.93
5262,4960.15
5263,5794.35
5264,6255.61
5265,6411.19
5266,6556.51
5267,6713.91
5268,6411.81
5269,6498.7
5270,6428.85
5271,6363.99
5272,6269.02
5273,6212.83
5274,6260.67
5275,6021.54
5276,5742.65
5277,5817.41
5278,5866.26
5279,5418.46
5280,5218.34
5281,5049.05
5282,4789.91
5283,4583.73
5284,4352.57
5285,4743.61
5286,4920.67
5287,5731.72
5288,6222.92
5289,6376.38
5290,6567.07
5291,6751.32
5292,6477.66
5293,6533.34
5294,6469.85
5295,6418.54
5296,6353.7
5297,6315.78
5298,6384.93
5299,6149.52
5300,5884.39
5301,5951.59
5302,5949.6
5303,5502.08
5304,5303.24
5305,5126.08
5306,4836.54
5307,4621.9
5308,4421.22
5309,4768.95
5310,4948.51
5311,5759.13
5312,6256.54
5313,6572.44
5314,6738.6
5315,6869.73
5316,6583.58
5317,6602.95
5318,6526.79
5319,6407.25
5320,6241.04
5321,6237.57
5322,6300.1
5323,6047.15
5324,5722.7
5325,5845.75
5326,5805.95
5327,5434.78
5328,5300.13
5329,4672.69
5330,4380.87
5331,4125.54
5332,3810.33
5333,3883.71
5334,4054.93
5335,4564.42
5336,5014.38
5337,5297.44
5338,5297.17
5339,5573.33
5340,5653.33
5341,5647.77
5342,5620.84
5343,5548.2
5344,5450.2
5345,5386.13
5346,5378.87
5347,5079.39
5348,4810.06
5349,5076.86
5350,4954.95
5351,4691.77
5352,4549
5353,3958.79
5354,3750.66
5355,3563.25
5356,3304.63
5357,3418.21
5358,3464.45
5359,3926.8
5360,4263.75
5361,4569.42
5362,4569.61
5363,4733.38
5364,4855.36
5365,4798.94
5366,4762.69
5367,4735.78
5368,4765.83
5369,4861.43
5370,5023.74
5371,4633.58
5372,4513.3
5373,4813.3
5374,4631.41
5375,4294.06
5376,4155.65
5377,4629.46
5378,4445.6
5379,4333.49
5380,4217.2
5381,4704.51
5382,5119.85
5383,5941.55
5384,6580
5385,6707.19
5386,6916.83
5387,7123.92
5388,6791.99
5389,6904.01
5390,6873.03
5391,6788.98
5392,6679.75
5393,6561.72
5394,6611.64
5395,6342.62
5396,6104.09
5397,6174.74
5398,5905.86
5399,5387.73
5400,5306.83
5401,5167.07
5402,4908.56
5403,4634.3
5404,4445.44
5405,4816.09
5406,5256.96
5407,6063.58
5408,6560.05
5409,6685.87
5410,6874.82
5411,7178.51
5412,6824.78
5413,6947.74
5414,6882.88
5415,6777.3
5416,6642.32
5417,6519.96
5418,6610.61
5419,6275.3
5420,6005.7
5421,6131.61
5422,5979.72
5423,5461.69
5424,5262.84
5425,5070.71
5426,4899.42
5427,4637.03
5428,4396.21
5429,4709.7
5430,4986.52
5431,5627.53
5432,6094.84
5433,6372.83
5434,6535.26
5435,6721.55
5436,6491.34
5437,6503.42
5438,6433.72
5439,6368.45
5440,6317.3
5441,6322.88
5442,6455.11
5443,6259.35
5444,6088.94
5445,6220.44
5446,6078.77
5447,5558.31
5448,5335.88
5449,5110.92
5450,4787.13
5451,4616.25
5452,4371.44
5453,4848.01
5454,5323.57
5455,6296.37
5456,6777.9
5457,6987.71
5458,7032.71
5459,7163.7
5460,6789.22
5461,6895.59
5462,6866.54
5463,6820.03
5464,6701.75
5465,6569.2
5466,6600.6
5467,6351.6
5468,6116.64
5469,6095.35
5470,5997.96
5471,5526.6
5472,5315.53
5473,5172.17
5474,4928.53
5475,4768.14
5476,4548.09
5477,4933.14
5478,5297.23
5479,6075.67
5480,6602.47
5481,6803.6
5482,6886.26
5483,7148.95
5484,6798.93
5485,6867
5486,6795.48
5487,6661.05
5488,6470.78
5489,6411.25
5490,6410.87
5491,6249.69
5492,5963.19
5493,6082.54
5494,5967.2
5495,5472.28
5496,5316.4
5497,4616.78
5498,4316
5499,4077.18
5500,3738.43
5501,3907.96
5502,4194.71
5503,4644.77
5504,5217.41
5505,5504.93
5506,5450.97
5507,5708.03
5508,5772.53
5509,5786.84
5510,5760.55
5511,5699.98
5512,5632.55
5513,5554.87
5514,5581.99
5515,5231.52
5516,5154.6
5517,5380.92
5518,5230.4
5519,4895.36
5520,4727.56
5521,4025.14
5522,3782.54
5523,3568.74
5524,3291.81
5525,3411.22
5526,3505.36
5527,4012.37
5528,4428.85
5529,4732.2
5530,4611.83
5531,4828.74
5532,4947.94
5533,4891.79
5534,4871.21
5535,4860.49
5536,4907.79
5537,4990.19
5538,5086.65
5539,4810.86
5540,4741.26
5541,4986.93
5542,4849.43
5543,4482.12
5544,4276.14
5545,4720.95
5546,4544.09
5547,4421.18
5548,4291.27
5549,4739.58
5550,5279.76
5551,6272.05
5552,6844.27
5553,7036.79
5554,7281.94
5555,7549.1
5556,7134.58
5557,7274.31
5558,7214.99
5559,7147.9
5560,6995.15
5561,6896.92
5562,6919.55
5563,6641.77
5564,6464.25
5565,6363.33
5566,6120.51
5567,5593.31
5568,5435.43
5569,5292.29
5570,5025.49
5571,4827.64
5572,4634.78
5573,5025.64
5574,5548.44
5575,6463.32
5576,7031.07
5577,7167.17
5578,7368.82
5579,7613.46
5580,7199.69
5581,7342.66
5582,7336.85
5583,7238.02
5584,7147.99
5585,7006.72
5586,7004.36
5587,6692.94
5588,6500.95
5589,6522.93
5590,6272.12
5591,5754.95
5592,5557.1
5593,5423.65
5594,5156.85
5595,4934.02
5596,4713.18
5597,5096.86
5598,5565.59
5599,6516.85
5600,7108.38
5601,7271.31
5602,7431.14
5603,7654.01
5604,7254.81
5605,7333.25
5606,7307.23
5607,7232.8
5608,7111.38
5609,6953.51
5610,6965.55
5611,6622.64
5612,6422.14
5613,6452.12
5614,6242.28
5615,5739.42
5616,5532.57
5617,5378.36
5618,5108.56
5619,4903.71
5620,4679.88
5621,5085.28
5622,5580.52
5623,6480.86
5624,6978.18
5625,7119.73
5626,7278.95
5627,7561.06
5628,7164.54
5629,7271.28
5630,7285.95
5631,7247.81
5632,7137.06
5633,6978.83
5634,6960.5
5635,6693.76
5636,6497.25
5637,6439.29
5638,6176.48
5639,5664.15
5640,5435.32
5641,5281.18
5642,5078.33
5643,4873.48
5644,4669.63
5645,5030.53
5646,5572.32
5647,6569.23
5648,7158.99
5649,7305.06
5650,7433.78
5651,7678.4
5652,7222.14
5653,7196.76
5654,7099.03
5655,6943.77
5656,6726.31
5657,6708.93
5658,6801.41
5659,6609.99
5660,6340.99
5661,6143.13
5662,5958.27
5663,5578.96
5664,5441.06
5665,4776.05
5666,4473.27
5667,4240.45
5668,3881.71
5669,4074.13
5670,4400.41
5671,4895.5
5672,5384.68
5673,5682.95
5674,5705.44
5675,5918.74
5676,5925
5677,5967.89
5678,5908.46
5679,5799.22
5680,5679.46
5681,5689.44
5682,5766.39
5683,5500.97
5684,5308.62
5685,5261.65
5686,5064.8
5687,4732.08
5688,4596.18
5689,3987.13
5690,3759.3
5691,3535.46
5692,3283.65
5693,3354.11
5694,3506.62
5695,3940
5696,4346.31
5697,4653.64
5698,4694.05
5699,4899.29
5700,5127.15
5701,4969.1
5702,4915.31
5703,4874.23
5704,4921.51
5705,5046.89
5706,5095.45
5707,4723.98
5708,4677.41
5709,4797.32
5710,4585.48
5711,4227.95
5712,4089.05
5713,4615.42
5714,4455.54
5715,4338.62
5716,4256.68
5717,4869.33
5718,5346.18
5719,6208.27
5720,6662.54
5721,6793.04
5722,6964.32
5723,7237.51
5724,6757.57
5725,6884.77
5726,6806.44
5727,6676.82
5728,6589.6
5729,6489.48
5730,6569.27
5731,6270.7
5732,6174.12
5733,6183.12
5734,5932.3
5735,5420.82
5736,5273.93
5737,5141.57
5738,4906.74
5739,4725.88
5740,4530.02
5741,4960.39
5742,5494.91
5743,6382.57
5744,6832.05
5745,6910.75
5746,7071.87
5747,7381.83
5748,6932.24
5749,7037.09
5750,7009.91
5751,6945.82
5752,6904.99
5753,6875.41
5754,6916.86
5755,6605.89
5756,6416.91
5757,6295
5758,6034.2
5759,5533.28
5760,5379.39
5761,5200.02
5762,4923.22
5763,4753.35
5764,4533.51
5765,4969.55
5766,5530.65
5767,6390.49
5768,6863.61
5769,6933.05
5770,7108.42
5771,7429.72
5772,6973.3
5773,7020.02
5774,6970.53
5775,6881.33
5776,6843.62
5777,6838.67
5778,7041.53
5779,6766.11
5780,6518.09
5781,6270.28
5782,6004.47
5783,5519.78
5784,5332.92
5785,5142.89
5786,4909.06
5787,4730.19
5788,4512.36
5789,4923.84
5790,5516.12
5791,6613.36
5792,7059.94
5793,7283.68
5794,7437.08
5795,7650.77
5796,7177.76
5797,7249.06
5798,7185.84
5799,7112.26
5800,7068.93
5801,6959.51
5802,7053.99
5803,6726.92
5804,6601.52
5805,6249.51
5806,5963.72
5807,5484.64
5808,5320.76
5809,5220.17
5810,4975.35
5811,4794.49
5812,4682.96
5813,4996
5814,5572.32
5815,6566.66
5816,7103.97
5817,7260.59
5818,7445.72
5819,7627.88
5820,7105.42
5821,7044.31
5822,6928.1
5823,6763.09
5824,6616.33
5825,6701.88
5826,6918.32
5827,6731.34
5828,6460.9
5829,6211.08
5830,6017.23
5831,5615.88
5832,5472.98
5833,4854.42
5834,4569.63
5835,4363.78
5836,4042.02
5837,4323.28
5838,4516.03
5839,4979.36
5840,5451.18
5841,5723.21
5842,5762.95
5843,5984.62
5844,6054.97
5845,6013.6
5846,5963.8
5847,5911.45
5848,5880.87
5849,5949.44
5850,6069.88
5851,5812.4
5852,5612.28
5853,5475.39
5854,5251.55
5855,4909.38
5856,4742.5
5857,4264.42
5858,4022.74
5859,3753.99
5860,3526.16
5861,3656.05
5862,3774.98
5863,4221.62
5864,4592.17
5865,4786.13
5866,4834.1
5867,5077.97
5868,5196.37
5869,5054.99
5870,4977
5871,4931.54
5872,4947.02
5873,5096.96
5874,5400.46
5875,5005.27
5876,5059.03
5877,4957.1
5878,4700.29
5879,4302.58
5880,4261.71
5881,4776.53
5882,4626.57
5883,4507.21
5884,4482.4
5885,4922.68
5886,5640.41
5887,6482.6
5888,6955.01
5889,6938.75
5890,7039.95
5891,7368.66
5892,6951.97
5893,6938.27
5894,6884.06
5895,6928.81
5896,6853.11
5897,6827.14
5898,7023.88
5899,6855.97
5900,6668.56
5901,6347.1
5902,6070.78
5903,5529.59
5904,5348.43
5905,5232.93
5906,4986.51
5907,4855.03
5908,4643.19
5909,4982.14
5910,5638.42
5911,6610.28
5912,7051.76
5913,7159.24
5914,7259.32
5915,7483.39
5916,6843.19
5917,6894.07
5918,6863.9
5919,6801.89
5920,6730
5921,6700.39
5922,6815.55
5923,6744.18
5924,6612.34
5925,6336.25
5926,6082.02
5927,5556.47
5928,5413.89
5929,5171.31
5930,5035.51
5931,4830.07
5932,4573.55
5933,4829.88
5934,5591.91
5935,6511.52
5936,6892.68
5937,6921.08
5938,7135.9
5939,7276.94
5940,6801.6
5941,6919.38
5942,6842.43
5943,6736.51
5944,6667.84
5945,6650.95
5946,6815.96
5947,6768.88
5948,6587.1
5949,6277.83
5950,5957.69
5951,5540.46
5952,5278.23
5953,5161.13
5954,4885.33
5955,4710.46
5956,4469.64
5957,5006.28
5958,5607.36
5959,6550.44
5960,6973.6
5961,6979.05
5962,7105.04
5963,7220.2
5964,6706.72
5965,6715.58
5966,6693.32
5967,6658.17
5968,6559.42
5969,6518.04
5970,6625.6
5971,6462.57
5972,6443.85
5973,6227.02
5974,5989.19
5975,5505.87
5976,5302.02
5977,5219.3
5978,4962.49
5979,4772.63
5980,4587.77
5981,5030.08
5982,5579.41
5983,6487.57
5984,6816.25
5985,6932.6
5986,6935.16
5987,7108.34
5988,6658.86
5989,6612.71
5990,6582.43
5991,6449.36
5992,6295.64
5993,6343.22
5994,6497.73
5995,6373.76
5996,6350.04
5997,6211.37
5998,6017.65
5999,5522.07
6000,5346.2
6001,4704.05
6002,4404.27
6003,4193.43
6004,3993.31
6005,4110.23
6006,4511.88
6007,4874.75
6008,5434.42
6009,5579.75
6010,5516.01
6011,5711.13
6012,5728.71
6013,5690.14
6014,5601.95
6015,5524.4
6016,5468.05
6017,5466.51
6018,5576.88
6019,5366.57
6020,5433.78
6021,5338.85
6022,5133.01
6023,4771
6024,4584.14
6025,4015.79
6026,3770.97
6027,3571.12
6028,3403.53
6029,3449.76
6030,3625.04
6031,4056.19
6032,4433.39
6033,4714.7
6034,4713.18
6035,4896.57
6036,4960.27
6037,4852.6
6038,4832.1
6039,4805.36
6040,4882.06
6041,5012.99
6042,5237.85
6043,4989.31
6044,5131.62
6045,4954.24
6046,4691.44
6047,4955.09
6048,4721.27
6049,4788.59
6050,4599.68
6051,4485.08
6052,4335.12
6053,4861.91
6054,5525.21
6055,6488.42
6056,6909.56
6057,7063.69
6058,7202.35
6059,7485.9
6060,7015.75
6061,7103.68
6062,7073.51
6063,7022.56
6064,6922.07
6065,6798.3
6066,6881.36
6067,6697.38
6068,6605.55
6069,6318.65
6070,6038.95
6071,5592.92
6072,5382.12
6073,5181.26
6074,4898.34
6075,4746.68
6076,4534.68
6077,4917.4
6078,5563.19
6079,6470.04
6080,6904.27
6081,6942.9
6082,7079.35
6083,7348.75
6084,6891.67
6085,7000.15
6086,6989.64
6087,6947.03
6088,6882.21
6089,6847.19
6090,7003.74
6091,6865.34
6092,6573.85
6093,6230.03
6094,5984.79
6095,5472.27
6096,5300.23
6097,5192.61
6098,4943.24
6099,4787.47
6100,4587.45
6101,5016.97
6102,5645.23
6103,6594.73
6104,7074.72
6105,7278.7
6106,7421.97
6107,7646.11
6108,7166.38
6109,7144.85
6110,7041.09
6111,6946.71
6112,6898.04
6113,6932.42
6114,7134.95
6115,7022.87
6116,6764.85
6117,6389.49
6118,6117.29
6119,5639.45
6120,5457.14
6121,5389.16
6122,5200.9
6123,5045.9
6124,4896.25
6125,5298.75
6126,5878.11
6127,6744.47
6128,7100.43
6129,7118.75
6130,7215.23
6131,7427.72
6132,6962.92
6133,6981.89
6134,6876.14
6135,6772.48
6136,6707.99
6137,6769.52
6138,6992.04
6139,7016.85
6140,6916.84
6141,6562.2
6142,6307.61
6143,5793.32
6144,5601.91
6145,5504.89
6146,5285.35
6147,5137
6148,5020.8
6149,5428.67
6150,6021.36
6151,6766.28
6152,7077.35
6153,7102.73
6154,7169.7
6155,7331.69
6156,6920.27
6157,6871.9
6158,6711.77
6159,6535.59
6160,6371.22
6161,6470.33
6162,6700.34
6163,6751.31
6164,6739.89
6165,6420.08
6166,6231.34
6167,5767.18
6168,5634.36
6169,4976.67
6170,4693.89
6171,4492
6172,4231.1
6173,4407.15
6174,4685.14
6175,5142.62
6176,5601.29
6177,5824.04
6178,5786.09
6179,5935.89
6180,5914.95
6181,5838.45
6182,5746.54
6183,5640.31
6184,5603.5
6185,5635.92
6186,5787.09
6187,5679.81
6188,5673.12
6189,5480.72
6190,5259.14
6191,4899.21
6192,4771.12
6193,4210.54
6194,3919.87
6195,3709.87
6196,3570.54
6197,3707.9
6198,3871.94
6199,4230.87
6200,4587.05
6201,4834.02
6202,4803.41
6203,5009.3
6204,5113.38
6205,4906.52
6206,4826.65
6207,4808.74
6208,4856.12
6209,4996.21
6210,5229.71
6211,5110.67
6212,5168.9
6213,5010.46
6214,4713.56
6215,4315.15
6216,4200.94
6217,4499.58
6218,4351.69
6219,4265.76
6220,4255.76
6221,4806.99
6222,5429.92
6223,6207.71
6224,6583.87
6225,6624.32
6226,6768.73
6227,7027.1
6228,6620.65
6229,6665.37
6230,6581.87
6231,6512.65
6232,6433.98
6233,6436.07
6234,6595.06
6235,6575.69
6236,6531.41
6237,6212.65
6238,5926.86
6239,5448.88
6240,5285
6241,5147.87
6242,4898.06
6243,4722.19
6244,4580.29
6245,5033.95
6246,5660.67
6247,6534.44
6248,6880.29
6249,6899.42
6250,6976.22
6251,7211.93
6252,6728.66
6253,6813.23
6254,6777.37
6255,6725.97
6256,6720.41
6257,6767.11
6258,6976.7
6259,6960.27
6260,6592.4
6261,6248.66
6262,6004.84
6263,5483.62
6264,5324.74
6265,5179.57
6266,4943.74
6267,4798.85
6268,4640.97
6269,5113.76
6270,5787.46
6271,6802.17
6272,7225
6273,7291.12
6274,7419.85
6275,7648.54
6276,7203.28
6277,7155.91
6278,7041.13
6279,6907.82
6280,6795.32
6281,6769.03
6282,6938.6
6283,7005.01
6284,6807.19
6285,6502.42
6286,6239.62
6287,5725.16
6288,5560.29
6289,5522.73
6290,5282.91
6291,5171.99
6292,5045.08
6293,5436.28
6294,6047.3
6295,6835.17
6296,7121.43
6297,7029.98
6298,7072.46
6299,7278.84
6300,6789.98
6301,6781.21
6302,6687.75
6303,6645.01
6304,6572.83
6305,6587.84
6306,6858.69
6307,7066.19
6308,6930.74
6309,6623.97
6310,6349.17
6311,5809.52
6312,5603.67
6313,5469.48
6314,5245.65
6315,5154.72
6316,5032.81
6317,5449.38
6318,6049.05
6319,6852.5
6320,7108.35
6321,7012.45
6322,7036.41
6323,7194.25
6324,6708.12
6325,6721.6
6326,6562.76
6327,6394.41
6328,6277.97
6329,6357.83
6330,6627.62
6331,6808.33
6332,6501.62
6333,6151.88
6334,5984.01
6335,5593.39
6336,5412.53
6337,4808.29
6338,4488.53
6339,4305.66
6340,4054.85
6341,4238.72
6342,4572.38
6343,5129.95
6344,5611.56
6345,5863.34
6346,5867.37
6347,6156.19
6348,6205.15
6349,6157.19
6350,6066.22
6351,6023.23
6352,6069.83
6353,6149.91
6354,6303.68
6355,6012.28
6356,5652.63
6357,5472.77
6358,5255.93
6359,4896.23
6360,4740.34
6361,4157.82
6362,3935.99
6363,3748.12
6364,3593.24
6365,3793.57
6366,3920.97
6367,4302.09
6368,4726.28
6369,4986.5
6370,4965.08
6371,5171.45
6372,5244.16
6373,5061.53
6374,4918.11
6375,4875.39
6376,4859.15
6377,5041.12
6378,5344.92
6379,5402.44
6380,5203.07
6381,4986.23
6382,4720.43
6383,4344.68
6384,4256.75
6385,4640.22
6386,4477.34
6387,4412.39
6388,4405.39
6389,4962.84
6390,5744.2
6391,6819.53
6392,7291.32
6393,7463.78
6394,7630.31
6395,7866.78
6396,7341.78
6397,7347.37
6398,7252.51
6399,7187.31
6400,7011.42
6401,6930.71
6402,7035.96
6403,7111.56
6404,6787.1
6405,6455.99
6406,6229.91
6407,5708.06
6408,5517.21
6409,5362.61
6410,5032.41
6411,4918.5
6412,4875.53
6413,5347.31
6414,5995.42
6415,6835.79
6416,7121.36
6417,7063.2
6418,7125.72
6419,7343.16
6420,6898.28
6421,6803.06
6422,6786.28
6423,6748.4
6424,6708.34
6425,6779.89
6426,7024.38
6427,7201.38
6428,6794.73
6429,6448.31
6430,6092.17
6431,5706.72
6432,5505.91
6433,5245.61
6434,5094.66
6435,5003.07
6436,4897.34
6437,5352.21
6438,5984.87
6439,6905.47
6440,7207.03
6441,7194.69
6442,7319.8
6443,7522.71
6444,7044.57
6445,7072.99
6446,6971.92
6447,6924.06
6448,6933.79
6449,7057.48
6450,7429.72
6451,7438.89
6452,6926.8
6453,6568.22
6454,6341.29
6455,5868.47
6456,5657.97
6457,5542.59
6458,5293.57
6459,5202.22
6460,5074.72
6461,5530.16
6462,6144.35
6463,7005.98
6464,7314.28
6465,7204.92
6466,7252.46
6467,7443.96
6468,6997.23
6469,6982.62
6470,6895.29
6471,6835.82
6472,6835.82
6473,6932.18
6474,7223.41
6475,7418.47
6476,7054.92
6477,6644.9
6478,6398.88
6479,5887.84
6480,5673.04
6481,5593.42
6482,5327.42
6483,5228.42
6484,5146.52
6485,5643.68
6486,6212.93
6487,7048.79
6488,7346.41
6489,7202.46
6490,7209.67
6491,7340.23
6492,6909.53
6493,6862.99
6494,6685.82
6495,6525.49
6496,6290.25
6497,6373.45
6498,6781.47
6499,7053.39
6500,6768.21
6501,6416.17
6502,6240.65
6503,5822.55
6504,5587.5
6505,4954.35
6506,4654.57
6507,4461.72
6508,4253.87
6509,4474.09
6510,4755.1
6511,5323.59
6512,5773.92
6513,6026.04
6514,5942.6
6515,6199.07
6516,6292.84
6517,6253.03
6518,6182.42
6519,6107.64
6520,6157.44
6521,6276.69
6522,6454.84
6523,6342.94
6524,5904.94
6525,5620.15
6526,5462.27
6527,5089.25
6528,4932.37
6529,4321.92
6530,4084.09
6531,3941.2
6532,3798.31
6533,3960.08
6534,4054.76
6535,4538.36
6536,4854.86
6537,5074.12
6538,5178.22
6539,5399.25
6540,5564.72
6541,5398.25
6542,5266.15
6543,5217.6
6544,5382.98
6545,5580.98
6546,5913.73
6547,5768.77
6548,5299.87
6549,5158.11
6550,4925.14
6551,4476.8
6552,4370.88
6553,4798.16
6554,4679.25
6555,4630.28
6556,4696.23
6557,5323.24
6558,5905.86
6559,6886.42
6560,7310.93
6561,7289.65
6562,7331.81
6563,7385.96
6564,6934.42
6565,6942.29
6566,6831.13
6567,6847.44
6568,6768.49
6569,6685.74
6570,7102.02
6571,7239.49
6572,6648.17
6573,6257.46
6574,6104.08
6575,5553.6
6576,5411.7
6577,5301.6
6578,5039.79
6579,4958.85
6580,4917.88
6581,5504.35
6582,6066.73
6583,6979.93
6584,7269.67
6585,7232.68
6586,7261.7
6587,7411.66
6588,6921.52
6589,6908.52
6590,6729.68
6591,6631.76
6592,6530.83
6593,6630.1
6594,6896.42
6595,7173.82
6596,6664.61
6597,6464.66
6598,6139
6599,5648.34
6600,5470.47
6601,4772.6
6602,4542.78
6603,4440.85
6604,4392.89
6605,4954.04
6606,5939.86
6607,7183.11
6608,7512.98
6609,7620.18
6610,7514.86
6611,7653.31
6612,7219.4
6613,7210.64
6614,7179.23
6615,7115.57
6616,6983.37
6617,6780.4
6618,6871.18
6619,6747.56
6620,6260.36
6621,5913.62
6622,5541.89
6623,5102.36
6624,4907.51
6625,5315.56
6626,5056.75
6627,4887.88
6628,4821.93
6629,5387.6
6630,5844.33
6631,6777.19
6632,7193.29
6633,7235.74
6634,7286.97
6635,7577.71
6636,7109.39
6637,7122.93
6638,7060.13
6639,7025.73
6640,7062.13
6641,7059.81
6642,7399.18
6643,7396.71
6644,6871.2
6645,6437.52
6646,6208.69
6647,5730.25
6648,5532.4
6649,5413.26
6650,5170.44
6651,5069.52
6652,4999.57
6653,5485.14
6654,5991.91
6655,6903.39
6656,7238.17
6657,7183.31
6658,7225.18
6659,7307.09
6660,6858.35
6661,6748.5
6662,6598.65
6663,6485.77
6664,6360.82
6665,6457.62
6666,6743.35
6667,7006.8
6668,6553.37
6669,6197.63
6670,6054.73
6671,5669.07
6672,5517.19
6673,4910.16
6674,4596.39
6675,4455.5
6676,4269.64
6677,4553.24
6678,4898.49
6679,5300.55
6680,5742.46
6681,5944.94
6682,5834.15
6683,5869.13
6684,5883.77
6685,5863.14
6686,5754.93
6687,5701.35
6688,5716.96
6689,5776.46
6690,6150.49
6691,6223.2
6692,5667.3
6693,5504.36
6694,5255.6
6695,4956.32
6696,4807.14
6697,4246.47
6698,3912.45
6699,3816.56
6700,3584.69
6701,3797.05
6702,3934.41
6703,4496.63
6704,4863.3
6705,5214.74
6706,5206.69
6707,5424.51
6708,5615.1
6709,5452.45
6710,5283.63
6711,5228.25
6712,5362.57
6713,5535.4
6714,5929.49
6715,5720.9
6716,5319.56
6717,5071.51
6718,4870.65
6719,4482.03
6720,4366.11
6721,4599.77
6722,4500.86
6723,4529.32
6724,4662.16
6725,5238.34
6726,5797.2
6727,6725.79
6728,7117.61
6729,7140.89
6730,7223.28
6731,7291.35
6732,6943.19
6733,6887.65
6734,6830.97
6735,6860.78
6736,6859.53
6737,6954.3
6738,7285.42
6739,7251.51
6740,6747.94
6741,6357.75
6742,6207.07
6743,5731.93
6744,5365.25
6745,5148.79
6746,4921.96
6747,4817.03
6748,4808.76
6749,5253.01
6750,5786.07
6751,6824.45
6752,7243.55
6753,7310.87
6754,7468.38
6755,7541.91
6756,7062.59
6757,7081.26
6758,6945.77
6759,6842.52
6760,6788.89
6761,6934.78
6762,7281.89
6763,7244.85
6764,6622.56
6765,6245.8
6766,5960.23
6767,5378.62
6768,5251.86
6769,5041.19
6770,4782.38
6771,4701.44
6772,4646.48
6773,5135.23
6774,5676.98
6775,6662.02
6776,7083.94
6777,7193.11
6778,7412.7
6779,7571.35
6780,7157.54
6781,7133.67
6782,6991.01
6783,6940.18
6784,6880.09
6785,7012.99
6786,7212.84
6787,7225.25
6788,6631.47
6789,6291.72
6790,6173.33
6791,5585.78
6792,5374.94
6793,5323.79
6794,5065.98
6795,4874.49
6796,4839.51
6797,5343.47
6798,5861.37
6799,6787.7
6800,7114.77
6801,7121.08
6802,7138.76
6803,7252.36
6804,6846.5
6805,6801.69
6806,6706.08
6807,6579.33
6808,6496.23
6809,6551.55
6810,6947.56
6811,7201.43
6812,6667.58
6813,6252.89
6814,5974.1
6815,5533
6816,5311.16
6817,5167.65
6818,4903.84
6819,4797.92
6820,4779.93
6821,5281.28
6822,5795.69
6823,6778.3
6824,7205.78
6825,7294.47
6826,7415.62
6827,7562.72
6828,7201.59
6829,7138.03
6830,6996.93
6831,6833.43
6832,6644.2
6833,6682.62
6834,7001.8
6835,7152.41
6836,6540.9
6837,6194.16
6838,6020.29
6839,5657.28
6840,5492.41
6841,4893.47
6842,4582.7
6843,4532.73
6844,4410.82
6845,4632.8
6846,4863.94
6847,5320.16
6848,5692.09
6849,5870.12
6850,5791.02
6851,5888.74
6852,5956.56
6853,5839.77
6854,5761.04
6855,5680.14
6856,5683.1
6857,5805.58
6858,6254.91
6859,6333.32
6860,5809.34
6861,5595.5
6862,5411.64
6863,5038.36
6864,4900.46
6865,4398.18
6866,4152.2
6867,4072.02
6868,3975.75
6869,4106.7
6870,4155.33
6871,4463.38
6872,4743.49
6873,5057.6
6874,5044.27
6875,5250.79
6876,5371.54
6877,5213.82
6878,5132.21
6879,5154.34
6880,5246.12
6881,5519.23
6882,6028.24
6883,5784.41
6884,5283.48
6885,5106.62
6886,4869.79
6887,4480.59
6888,4352.68
6889,4998.93
6890,4859.04
6891,4852.04
6892,4980.95
6893,5604.07
6894,6146.22
6895,7090.93
6896,7595.06
6897,7664.5
6898,7839.88
6899,7953.29
6900,7605.29
6901,7579.57
6902,7423.19
6903,7303.55
6904,7266.31
6905,7272.32
6906,7694.08
6907,7870.29
6908,7266.36
6909,6920.62
6910,6698.78
6911,6202.04
6912,6141.09
6913,6051.41
6914,5869.55
6915,5822.58
6916,5774.62
6917,6242.89
6918,6659.1
6919,7515.3
6920,7725.72
6921,7627.42
6922,7614.8
6923,7669.19
6924,7286.17
6925,7211.53
6926,7103.18
6927,7064.53
6928,7116.17
6929,7268.88
6930,7763.28
6931,7865.53
6932,7251.37
6933,6953.59
6934,6714.77
6935,6178.32
6936,5950.49
6937,5832.5
6938,5539.71
6939,5481.76
6940,5460.77
6941,5980.58
6942,6375.56
6943,7291.6
6944,7563.6
6945,7433.95
6946,7457.68
6947,7546.41
6948,7199.53
6949,7151.7
6950,7013.01
6951,6908.18
6952,6841.14
6953,6888.65
6954,7364.82
6955,7545.89
6956,6987.3
6957,6657.54
6958,6385.74
6959,5933.42
6960,5671.62
6961,5578.07
6962,5307.27
6963,5223.33
6964,5196.35
6965,5712.75
6966,6201.92
6967,7081.82
6968,7351.15
6969,7274.74
6970,7286.2
6971,7353.61
6972,6936.66
6973,6919.94
6974,6763.58
6975,6629.93
6976,6583.72
6977,6662.58
6978,7209.17
6979,7415.12
6980,6884.13
6981,6544.38
6982,6304.56
6983,5812.89
6984,5646.02
6985,5445.65
6986,5174.85
6987,5091.92
6988,5108.9
6989,5615.74
6990,6095.48
6991,6935.17
6992,7222.08
6993,7185.21
6994,7214.09
6995,7278.92
6996,6830.71
6997,6755.31
6998,6578.56
6999,6373.29
7000,6255.8
7001,6396.46
7002,6983.82
7003,7152.34
7004,6518.56
7005,6217.79
7006,6091.88
7007,5676.48
7008,5531.59
7009,4837.13
7010,4522.36
7011,4410.45
7012,4304.52
7013,4589.13
7014,4834.73
7015,5251.54
7016,5578.06
7017,5793.62
7018,5696.97
7019,5838.1
7020,5879.24
7021,5732.18
7022,5600.04
7023,5520.98
7024,5529.1
7025,5659.52
7026,6172.74
7027,6114.48
7028,5589.96
7029,5390.1
7030,5209.24
7031,4842.13
7032,4702.23
7033,4131.85
7034,3869.05
7035,3726.15
7036,3662.2
7037,3895.66
7038,3966
7039,4376.07
7040,4695.26
7041,4974.54
7042,4951.07
7043,5088.54
7044,5175.72
7045,4916.67
7046,4800.19
7047,4739.97
7048,4836.16
7049,5088.07
7050,5701.72
7051,5637.39
7052,5173.42
7053,4972.57
7054,4672.79
7055,4266.75
7056,4166.83
7057,4513.68
7058,4357.79
7059,4300.83
7060,4434.73
7061,5086.16
7062,5695.44
7063,6689.23
7064,7087.76
7065,7098.58
7066,7175.7
7067,7366.72
7068,6881.66
7069,6879.09
7070,6750.01
7071,6640.51
7072,6546.16
7073,6543.54
7074,7132.38
7075,7224.83
7076,6622.47
7077,6292.71
7078,5975.95
7079,5476.96
7080,5310.09
7081,5117.38
7082,4869.57
7083,4768.64
7084,4792.62
7085,5357.02
7086,5943.67
7087,6932.7
7088,7373.3
7089,7369.29
7090,7462.24
7091,7647.17
7092,7235.5
7093,7260.45
7094,7140.48
7095,7047.54
7096,7059.54
7097,7139.6
7098,7621.43
7099,7477.59
7100,6881.3
7101,6557.54
7102,6275.75
7103,5751.91
7104,5581.04
7105,5400.02
7106,5172.19
7107,5124.22
7108,5127.22
7109,5609.48
7110,6079.83
7111,7036.33
7112,7443.73
7113,7439.45
7114,7520.67
7115,7693.85
7116,7355.74
7117,7324.12
7118,7181.92
7119,7037.39
7120,7076
7121,7184.52
7122,7670.65
7123,7530.78
7124,6908.56
7125,6571.81
7126,6317
7127,5832.7
7128,5555.9
7129,5388.33
7130,5148.51
7131,5110.54
7132,5099.55
7133,5582.14
7134,6046.66
7135,7010.71
7136,7432.33
7137,7400.27
7138,7493.29
7139,7744.36
7140,7366.41
7141,7325.09
7142,7150.4
7143,7040.21
7144,7052.02
7145,7173.37
7146,7766.38
7147,7673.84
7148,7047.3
7149,6775.19
7150,6556.18
7151,6039.16
7152,5825.07
7153,5662.91
7154,5407.07
7155,5388.01
7156,5405.88
7157,5864.44
7158,6298.94
7159,7229.74
7160,7638.11
7161,7644.07
7162,7757.02
7163,7935.79
7164,7592.62
7165,7444.19
7166,7314.66
7167,7176.18
7168,7071.65
7169,7201.55
7170,7696.41
7171,7621.57
7172,7034.36
7173,6686.82
7174,6475.47
7175,6123.31
7176,5983.52
7177,5315.64
7178,5022.71
7179,4926.61
7180,4726.26
7181,5003.74
7182,5202.22
7183,5676.63
7184,6193.87
7185,6508.25
7186,6582.58
7187,6804.8
7188,6985.36
7189,6869.75
7190,6797.42
7191,6764.73
7192,6851.38
7193,7018.02
7194,7399.59
7195,7105.8
7196,6624.74
7197,6466.86
7198,6338.96
7199,6101.24
7200,6055.28
7201,5409.99
7202,5242.12
7203,4934.34
7204,4836.42
7205,4860.04
7206,5022.32
7207,5438.87
7208,5481.71
7209,5768.97
7210,5899.41
7211,6223.56
7212,6403.74
7213,6478.55
7214,6392.04
7215,6247.87
7216,6193.19
7217,6363.2
7218,7065.35
7219,6939.89
7220,6546.35
7221,6223.85
7222,5944.05
7223,5928.39
7224,5620.05
7225,5982.89
7226,5832
7227,5837.99
7228,5890.95
7229,5787.17
7230,5944.05
7231,6772.08
7232,7442.76
7233,7742.74
7234,7745.54
7235,7834.29
7236,7981.58
7237,7548.5
7238,7587.65
7239,7477.33
7240,7483.73
7241,7735.18
7242,8286.32
7243,8587.6
7244,8151.63
7245,7593.04
7246,7260.29
7247,6995.14
7248,6571.45
7249,6441.7
7250,6310.79
7251,6179.89
7252,6128.93
7253,5955.43
7254,6033.15
7255,6836.58
7256,7535.75
7257,7906.12
7258,7784.57
7259,7827.85
7260,7983.92
7261,7481.11
7262,7444.82
7263,7361.7
7264,7358.88
7265,7633.35
7266,8241.52
7267,8527.27
7268,8013.76
7269,7456.17
7270,7207.36
7271,6953.32
7272,6525.63
7273,6318.49
7274,6164.61
7275,6114.64
7276,6099.65
7277,5912.96
7278,5991.02
7279,6792.5
7280,7469.03
7281,7768.87
7282,7741.83
7283,7814.75
7284,7952.61
7285,7539.95
7286,7486.02
7287,7404.11
7288,7393.09
7289,7623.8
7290,8146.42
7291,8308.9
7292,7837.44
7293,7308.83
7294,6985.07
7295,6711.2
7296,6352.47
7297,5199.01
7298,5020.14
7299,4889.24
7300,4823.29
7301,4848.18
7302,5290.97
7303,6192.15
7304,6703.73
7305,7001.49
7306,6828.64
7307,6896.63
7308,7003.07
7309,6800.7
7310,6740.71
7311,6724.21
7312,6761.69
7313,6835.7
7314,7222.54
7315,6994.78
7316,6503.93
7317,6043.27
7318,5642.57
7319,5522.77
7320,5051.12
7321,5681.58
7322,5496.72
7323,5381.8
7324,5393.8
7325,5328.04
7326,5419.33
7327,6132.43
7328,6767.21
7329,7088.19
7330,7033.01
7331,7025.77
7332,7172.06
7333,6745.98
7334,6630.31
7335,6592.94
7336,6664.29
7337,6975.56
7338,7520.77
7339,7618.11
7340,7159.11
7341,6613.52
7342,6326.73
7343,6178.21
7344,5765.52
7345,5080.6
7346,4771.83
7347,4553.99
7348,4518.02
7349,4449.55
7350,4688.06
7351,5113.26
7352,5273.7
7353,5525.03
7354,5622.44
7355,5799.75
7356,5937.39
7357,5927.66
7358,5977.18
7359,5918.48
7360,5914.22
7361,5967.09
7362,6589.65
7363,6561.82
7364,6121.63
7365,5651.98
7366,5334.21
7367,5266.46
7368,4925.72
7369,4377.84
7370,4013.11
7371,3847.23
7372,3826.25
7373,3863.88
7374,4078.28
7375,4389.72
7376,4448.23
7377,4777.56
7378,4796.97
7379,4997.27
7380,5173.34
7381,5337.02
7382,5310.59
7383,5240.41
7384,5325.58
7385,5615.2
7386,6253.67
7387,6071.02
7388,5699.78
7389,5334.05
7390,5003.29
7391,4900.45
7392,4456.78
7393,5183.06
7394,5009.18
7395,4998.19
7396,5118.1
7397,5219.64
7398,5430.01
7399,6345.17
7400,6990.27
7401,7332.64
7402,7300.04
7403,7443.35
7404,7807.79
7405,7351.42
7406,7477.91
7407,7537.18
7408,7576.83
7409,7870.43
7410,8226.93
7411,8353.17
7412,7836.94
7413,7275.35
7414,6983.57
7415,6714.92
7416,6303.23
7417,6082.31
7418,5949.41
7419,5844.48
7420,5812.51
7421,5731.17
7422,5831.48
7423,6794.99
7424,7531.17
7425,7939.3
7426,7924.88
7427,8002.34
7428,8135.01
7429,7658.59
7430,7659.08
7431,7585.33
7432,7608.12
7433,7900.93
7434,8398.58
7435,8572.03
7436,8057.86
7437,7582.21
7438,7328.4
7439,7047.59
7440,6627.9
7441,6431.59
7442,6315.68
7443,6206.76
7444,6137.81
7445,5974.12
7446,6051.28
7447,6833.16
7448,7602.63
7449,7933.28
7450,7774.61
7451,7817.43
7452,8160.1
7453,7675.57
7454,7545.78
7455,7379.47
7456,7394.89
7457,7669.39
7458,8295.61
7459,8513.03
7460,8013.38
7461,7484.77
7462,7196.99
7463,6943.21
7464,6512.53
7465,6362.64
7466,6258.72
7467,6153.79
7468,6101.83
7469,5949.95
7470,6049.87
7471,6825.49
7472,7553.51
7473,7812.55
7474,7714.7
7475,7853.65
7476,8058.02
7477,7521.95
7478,7593.9
7479,7588.36
7480,7624.72
7481,7914.3
7482,8390.14
7483,8475.95
7484,8023.43
7485,7570.67
7486,7249.68
7487,6922.66
7488,6477.74
7489,6274.15
7490,6153.99
7491,6071.79
7492,6067.54
7493,5977.64
7494,6109.73
7495,6792.58
7496,7395.49
7497,7683.62
7498,7592.34
7499,7633.96
7500,7854.55
7501,7296.5
7502,7269.75
7503,7175.41
7504,7124.73
7505,7312.89
7506,7890.75
7507,8028.48
7508,7559.47
7509,7054.84
7510,6824.55
7511,6580.77
7512,6257.3
7513,5433.02
7514,5198.8
7515,4992.57
7516,4893.26
7517,4816.61
7518,5038.47
7519,5420.44
7520,5680.04
7521,6057.35
7522,6250.26
7523,6472.89
7524,6597.67
7525,6635.87
7526,6651.03
7527,6547.59
7528,6591.88
7529,6757.68
7530,7166.81
7531,6940.18
7532,6518.41
7533,6098.76
7534,5716.52
7535,5649.8
7536,5343.23
7537,4817.54
7538,4496.23
7539,4329.21
7540,4286.06
7541,4291.58
7542,4459.86
7543,4745.04
7544,4819.9
7545,5144.82
7546,5379.86
7547,5690.55
7548,5991.04
7549,6158.73
7550,6036.36
7551,5898.68
7552,5881.74
7553,6038.93
7554,6607
7555,6450.74
7556,6075.12
7557,5707.91
7558,5390.18
7559,5365.81
7560,4936.43
7561,5256.19
7562,5052.34
7563,5027.36
7564,5119.29
7565,5131.95
7566,5347.34
7567,6241.35
7568,7071.29
7569,7465.57
7570,7517.96
7571,7671.29
7572,7967.27
7573,7466.44
7574,7527.95
7575,7502.74
7576,7544.94
7577,7850.55
7578,8176.25
7579,8239.41
7580,7761.25
7581,7217.65
7582,6943.86
7583,6657.15
7584,6182.5
7585,5864.34
7586,5666.49
7587,5575.55
7588,5602.53
7589,5490.78
7590,5606.66
7591,6481.91
7592,7356.25
7593,7678.99
7594,7614.06
7595,7745.97
7596,7925.86
7597,7351.27
7598,7406.21
7599,7362.26
7600,7436.19
7601,7755.99
7602,8189.75
7603,8221.75
7604,7752.05
7605,7222.45
7606,6870.71
7607,6611.79
7608,6132.14
7609,5838.87
7610,5675.99
7611,5588.06
7612,5596.05
7613,5537.46
7614,5674.39
7615,6457.35
7616,7272.93
7617,7687.79
7618,7607.68
7619,7664.46
7620,7817.76
7621,7332.7
7622,7254.94
7623,7180.59
7624,7182.99
7625,7486.43
7626,8120.57
7627,8312.82
7628,7876.98
7629,7332.38
7630,7018.61
7631,6765.18
7632,6313.52
7633,6018.87
7634,5876.98
7635,5821.02
7636,5817.02
7637,5683.33
7638,5752.72
7639,6591.91
7640,7406.58
7641,7699.68
7642,7679.38
7643,7825
7644,8053.67
7645,7536.21
7646,7542.48
7647,7431.74
7648,7467.53
7649,7829.72
7650,8335.81
7651,8401.69
7652,7999.94
7653,7481.33
7654,7131.59
7655,6845.26
7656,6375.61
7657,6170.49
7658,5978.63
7659,5880.71
7660,5853.73
7661,5737.14
7662,5784.36
7663,6584.8
7664,7448.49
7665,7759.6
7666,7766.26
7667,7947.79
7668,8092.01
7669,7640.02
7670,7596.38
7671,7493.13
7672,7457.49
7673,7704.64
7674,8213.57
7675,8231.67
7676,7818.68
7677,7233.11
7678,6873.38
7679,6745.07
7680,6501.25
7681,5732.79
7682,5507.95
7683,5384.05
7684,5258.14
7685,5109.89
7686,5215.54
7687,5545.42
7688,5777.97
7689,6151.39
7690,6280.6
7691,6445.75
7692,6509.32
7693,6485.72
7694,6450.47
7695,6326.92
7696,6352.54
7697,6553.93
7698,7226.05
7699,7078.94
7700,6682.52
7701,6219.86
7702,5779.19
7703,5742.78
7704,5518.95
7705,4939.96
7706,4649.17
7707,4581.22
7708,4489.29
7709,4485.37
7710,4585.22
7711,4829.06
7712,4871.03
7713,5123.87
7714,5187.8
7715,5433.61
7716,5629.96
7717,5789.35
7718,5674.44
7719,5487.08
7720,5478.58
7721,5734.39
7722,6547.77
7723,6391.69
7724,6104.11
7725,5736.38
7726,5313.69
7727,5274.71
7728,4942.95
7729,5669.88
7730,5514.99
7731,5548.97
7732,5557.96
7733,5516.21
7734,5701.23
7735,6559.16
7736,7465.71
7737,7841.63
7738,7864.41
7739,7957.12
7740,8135.38
7741,7604.38
7742,7660.56
7743,7567.23
7744,7634.58
7745,7961.9
7746,8404.23
7747,8413.44
7748,7973.48
7749,7406.9
7750,7084.14
7751,6848
7752,6472.28
7753,6277.6
7754,6172.68
7755,6073.75
7756,6025.79
7757,5895.3
7758,5970.62
7759,6742.4
7760,7660.14
7761,8031.29
7762,8022.87
7763,8052.43
7764,8212.1
7765,7715.68
7766,7765.06
7767,7714.32
7768,7780.05
7769,8139.96
7770,8562.7
7771,8612.52
7772,8134.29
7773,7575.71
7774,7216.97
7775,6985.08
7776,6627.34
7777,6404.43
7778,6277.52
7779,6129.63
7780,6078.67
7781,5967.35
7782,5990.8
7783,6795.91
7784,7648.86
7785,8022.16
7786,8028.58
7787,8140.91
7788,8290.03
7789,7872.11
7790,7842.72
7791,7751.57
7792,7753.78
7793,8137.32
7794,8575.88
7795,8622.07
7796,8162.98
7797,7557.43
7798,7188.7
7799,6945.03
7800,6556.32
7801,6257.24
7802,6084.37
7803,5946.47
7804,5841.55
7805,5697.09
7806,5745.55
7807,6496.38
7808,7371.22
7809,7777.43
7810,7782.92
7811,7874.36
7812,8034.53
7813,7511.63
7814,7532.11
7815,7494.89
7816,7524.11
7817,7929.88
7818,8327.64
7819,8323.99
7820,7912.99
7821,7370.39
7822,6996.67
7823,6781.85
7824,6390.14
7825,6140.63
7826,5932.78
7827,5844.85
7828,5841.85
7829,5800.23
7830,5872.37
7831,6707.19
7832,7551.75
7833,7884.67
7834,7808.56
7835,7822.37
7836,7960.7
7837,7485.62
7838,7390.87
7839,7270.52
7840,7257.96
7841,7591.36
7842,8080.73
7843,8116.91
7844,7663.4
7845,7176.76
7846,6833.01
7847,6674.24
7848,6425.42
7849,5661.27
7850,5393.47
7851,5262.57
7852,5160.64
7853,5075.5
7854,5196.03
7855,5514.68
7856,5743.15
7857,6023.58
7858,6079.9
7859,6231.15
7860,6334.24
7861,6360.05
7862,6371.68
7863,6325.51
7864,6387.67
7865,6650.16
7866,7185.55
7867,6973.88
7868,6552.48
7869,6134.78
7870,5763.06
7871,5669.27
7872,5425.45
7873,4862.31
7874,4526.56
7875,4466.61
7876,4417.64
7877,4403.49
7878,4562.46
7879,4807.18
7880,4830.11
7881,5050.95
7882,5080.93
7883,5303.82
7884,5557.6
7885,5752.48
7886,5684.48
7887,5571.58
7888,5601.54
7889,5885.37
7890,6468.05
7891,6220.21
7892,5930.52
7893,5593.77
7894,5180.07
7895,5147.1
7896,4738.41
7897,5301.24
7898,5046.43
7899,5046.43
7900,5105.38
7901,5245.74
7902,5433.17
7903,6325.71
7904,7262.43
7905,7641.57
7906,7664.13
7907,7856.58
7908,8128.63
7909,7619.75
7910,7721.09
7911,7668.84
7912,7676.12
7913,7982.06
7914,8243.09
7915,8215.76
7916,7730.58
7917,7226.95
7918,6886.2
7919,6665.23
7920,6229.55
7921,5869.37
7922,5712.49
7923,5643.54
7924,5657.53
7925,5627.56
7926,5687.51
7927,6521.85
7928,7428.16
7929,7800.9
7930,7820.87
7931,7967.78
7932,8227.06
7933,7790.91
7934,7885.82
7935,7886.32
7936,7920.8
7937,8291.52
7938,8528.41
7939,8515.53
7940,8051.82
7941,7511.22
7942,7138.5
7943,6919.6
7944,6493.91
7945,6236.5
7946,6089.6
7947,5988.68
7948,5931.72
7949,5814.06
7950,5841.22
7951,6631.18
7952,7557.7
7953,8024.54
7954,8093.31
7955,8306.94
7956,8548.67
7957,8179.04
7958,8196.23
7959,8118.35
7960,8149.27
7961,8450.62
7962,8716.09
7963,8736.46
7964,8255.64
7965,7674.08
7966,7352.31
7967,7144.82
7968,6738.12
7969,6466.11
7970,6322.22
7971,6271.26
7972,6265.26
7973,6142.14
7974,6214.91
7975,6968.95
7976,7845.16
7977,8222.74
7978,8282.83
7979,8467.84
7980,8668.76
7981,8322.95
7982,8400.74
7983,8312.74
7984,8291.82
7985,8572.92
7986,8911.91
7987,8911.43
7988,8586.86
7989,8079.24
7990,7715.51
7991,7511.34
7992,7216.56
7993,6975.97
7994,6803.1
7995,6682.19
7996,6589.26
7997,6423.42
7998,6404.25
7999,7155.56
8000,8022.86
8001,8347.53
8002,8305.65
8003,8431.61
8004,8568.51
8005,8204.78
8006,8193.73
8007,8092.77
8008,8073.82
8009,8363.7
8010,8888.41
8011,8923.76
8012,8507.87
8013,7986.26
8014,7693.47
8015,7617.5
8016,7411.65
8017,6619.07
8018,6387.24
8019,6203.38
8020,6039.5
8021,5864.41
8022,5965.2
8023,6296.49
8024,6488.23
8025,6790.79
8026,6955.88
8027,7153.86
8028,7234.37
8029,7337.72
8030,7423.53
8031,7360.96
8032,7345.59
8033,7567.72
8034,8044.66
8035,7855.47
8036,7527.64
8037,7150.92
8038,6756.21
8039,6768.96
8040,6673.03
8041,6046.45
8042,5753.67
8043,5621.77
8044,5470.88
8045,5293.78
8046,5390.54
8047,5612.98
8048,5712.76
8049,5979.39
8050,6215.39
8051,6522.31
8052,6688.25
8053,6890.04
8054,6795.96
8055,6660.96
8056,6675.04
8057,6819.22
8058,7407.04
8059,7176.76
8060,6951.02
8061,6593.29
8062,6201.58
8063,6197.34
8064,5980.5
8065,6288.2
8066,6013.41
8067,6054.38
8068,6089.35
8069,6133.85
8070,6313.36
8071,7105.61
8072,7939.58
8073,8247.97
8074,8184.4
8075,8257.76
8076,8460.32
8077,8209.8
8078,8444.21
8079,8472.49
8080,8510.16
8081,8805.74
8082,9019.36
8083,9042.77
8084,8648.34
8085,8073.77
8086,7674.06
8087,7410.37
8088,6970.7
8089,6687.99
8090,6443.17
8091,6316.26
8092,6234.33
8093,6091.8
8094,6138.21
8095,6909.54
8096,7759.25
8097,8062.35
8098,8082.01
8099,8218.57
8100,8319.33
8101,7992.74
8102,8187.93
8103,8172.1
8104,8217.91
8105,8582.99
8106,8851.2
8107,8883.07
8108,8455.91
8109,7908.31
8110,7523.6
8111,7302.53
8112,6864.86
8113,6637.78
8114,6442.92
8115,6397.95
8116,6390.96
8117,6266.58
8118,6273.12
8119,6996.03
8120,7852.87
8121,8202.11
8122,8209.61
8123,8346.03
8124,8483.19
8125,8176.15
8126,8204.61
8127,8140.39
8128,8166.64
8129,8534.41
8130,8921.16
8131,8990.53
8132,8624.49
8133,8115.86
8134,7736.15
8135,7516.12
8136,7140.4
8137,6852.27
8138,6634.43
8139,6520.52
8140,6482.54
8141,6316.36
8142,6369.19
8143,7095.02
8144,7910.25
8145,8219.78
8146,8230.01
8147,8382.07
8148,8494.1
8149,8163.23
8150,8250.99
8151,8207.9
8152,8213.02
8153,8561.16
8154,8986.25
8155,9095.85
8156,8810.15
8157,8370.47
8158,8024.73
8159,7859.52
8160,7593.72
8161,7321.11
8162,7179.21
8163,7045.31
8164,6919.4
8165,6691.04
8166,6660.49
8167,7391.04
8168,8231.78
8169,8534.97
8170,8527.56
8171,8647.11
8172,8800.81
8173,8592.15
8174,8653.47
8175,8531.74
8176,8408.65
8177,8602.8
8178,8951.79
8179,8984.49
8180,8599.46
8181,8069.85
8182,7741.1
8183,7702.82
8184,7518.96
8185,6712.61
8186,6387.85
8187,6203.99
8188,6078.08
8189,5869.77
8190,5928.17
8191,6218.96
8192,6401.18
8193,6709.35
8194,6882.82
8195,7090.32
8196,7200.04
8197,7385.1
8198,7439.41
8199,7356.66
8200,7369.46
8201,7563.61
8202,8046.6
8203,7872.57
8204,7574.52
8205,7180.81
8206,6759.12
8207,6747.59
8208,6555.73
8209,5910.39
8210,5621.6
8211,5546.66
8212,5422.75
8213,5401.32
8214,5474.86
8215,5760.52
8216,5866.07
8217,6096.55
8218,6189.83
8219,6393.05
8220,6529.16
8221,6760.78
8222,6747.42
8223,6675.31
8224,6686.46
8225,6888.07
8226,7416.42
8227,7138.73
8228,6895.5
8229,6523.78
8230,6087.1
8231,6105.24
8232,5762.5
8233,6476.31
8234,6223.5
8235,6154.55
8236,6135.56
8237,6182.6
8238,6276.58
8239,7029.24
8240,7785.77
8241,8156.54
8242,8266.41
8243,8364.25
8244,8458.65
8245,8222.36
8246,8395.32
8247,8378.86
8248,8348.35
8249,8625.99
8250,8897.64
8251,8988.52
8252,8611.38
8253,8095.76
8254,7690.06
8255,7462.58
8256,7099.85
8257,6897.79
8258,6684.95
8259,6633.98
8260,6617
8261,6494.46
8262,6524.01
8263,7248.83
8264,8018.77
8265,8384.97
8266,8350.52
8267,8419.96
8268,8526.17
8269,8202.12
8270,8303.56
8271,8267.3
8272,8331.53
8273,8680.28
8274,9093.11
8275,9272.48
8276,8951.18
8277,8429.56
8278,8059.84
8279,7907.04
8280,7649.23
8281,7313.77
8282,7114.92
8283,7036.97
8284,6969.03
8285,6773.72
8286,6763.11
8287,7407.88
8288,8262.67
8289,8586.88
8290,8544.47
8291,8616.98
8292,8597.81
8293,8330.19
8294,8385.58
8295,8293.9
8296,8362.6
8297,8791.43
8298,9307.23
8299,9492.9
8300,9191.51
8301,8672.89
8302,8310.16
8303,8222.1
8304,8024.24
8305,7780.97
8306,7528.15
8307,7405.24
8308,7260.35
8309,6975.89
8310,6908.23
8311,7620.34
8312,8389.02
8313,8718.97
8314,8692.8
8315,8745.51
8316,8812.85
8317,8540.66
8318,8622.85
8319,8573.49
8320,8584.88
8321,8950.13
8322,9263.49
8323,9330.96
8324,9000.68
8325,8504.05
8326,8116.34
8327,7992.81
8328,7684.04
8329,7336.38
8330,6997.63
8331,6855.74
8332,6732.83
8333,6560.97
8334,6530.84
8335,7153.83
8336,7993.05
8337,8310.67
8338,8269.84
8339,8320.97
8340,8381.02
8341,8031.18
8342,8032.02
8343,7951.01
8344,7871.14
8345,8163.23
8346,8538.35
8347,8530.85
8348,8145.18
8349,7625.57
8350,7232.86
8351,7053.59
8352,6832.75
8353,6090.96
8354,5745.22
8355,5587.34
8356,5480.42
8357,5364.62
8358,5514.38
8359,5865.25
8360,6070.1
8361,6465.86
8362,6632.68
8363,6830.54
8364,6875.49
8365,6927.47
8366,6984.42
8367,6977.45
8368,6960.44
8369,7150.26
8370,7565.86
8371,7364.97
8372,7034.26
8373,6607.58
8374,6100.95
8375,5996.03
8376,5730.23
8377,5159.14
8378,4807.4
8379,4710.47
8380,4635.53
8381,4655.76
8382,4792.8
8383,5043.31
8384,5147.42
8385,5456.43
8386,5606.08
8387,5990.6
8388,6187.85
8389,6420.29
8390,6326.54
8391,6161.29
8392,6136.69
8393,6311.16
8394,6855.27
8395,6682.87
8396,6413.92
8397,6038.2
8398,5596.53
8399,5550.85
8400,5150.14
8401,6127.72
8402,5920.87
8403,5869.91
8404,5897.89
8405,5948.99
8406,6107.92
8407,6937.4
8408,7777.81
8409,8253.52
8410,8265.45
8411,8397.32
8412,8557.69
8413,8157.5
8414,8237.47
8415,8187.08
8416,8228.48
8417,8553.17
8418,8815.92
8419,8900.83
8420,8477.97
8421,7914.39
8422,7585.63
8423,7374.8
8424,6990.08
8425,6696.64
8426,6520.77
8427,6466.81
8428,6383.87
8429,6263.35
8430,6365.53
8431,7153.17
8432,7961
8433,8375.06
8434,8339.72
8435,8418.23
8436,8598.92
8437,8275.34
8438,8389.68
8439,8374.89
8440,8458.63
8441,8714.63
8442,8873.67
8443,8930.67
8444,8504.35
8445,7948.77
8446,7620.01
8447,7471.07
8448,7078.36
8449,6759.69
8450,6711.87
8451,6627.37
8452,6463.91
8453,6389.39
8454,6346.03
8455,7120.41
8456,7857.83
8457,8196.59
8458,8148.62
8459,8210.6
8460,8283.05
8461,7952.79
8462,7916.79
8463,7848.35
8464,7988.06
8465,8265.55
8466,8713.28
8467,8840.21
8468,8476.33
8469,7971.7
8470,7738.83
8471,7497.14
8472,7201.36
8473,6925.56
8474,6774.67
8475,6649.77
8476,6552.84
8477,6353.52
8478,6393.03
8479,7064.98
8480,7845.88
8481,8212.1
8482,8168.64
8483,8272.08
8484,8449.22
8485,8171.16
8486,8260.57
8487,8212.34
8488,8248.58
8489,8573.38
8490,8828.23
8491,8900.6
8492,8494.58
8493,7923.01
8494,7559.28
8495,7378.23
8496,7127.41
8497,6946.17
8498,6754.31
8499,6607.42
8500,6464.53
8501,6272.84
8502,6208.07
8503,6803.11
8504,7498.77
8505,7836.67
8506,7792.55
8507,7773.39
8508,7742.35
8509,7444.63
8510,7280.93
8511,7166.12
8512,7147.03
8513,7520.43
8514,8047.71
8515,8196.15
8516,7941
8517,7386.26
8518,7087.48
8519,7027.11
8520,6749.31
8521,5987.13
8522,5788.27
8523,5629.39
8524,5533.46
8525,5407.27
8526,5512.08
8527,5777.11
8528,5956.73
8529,6278.26
8530,6390.41
8531,6545.54
8532,6599.62
8533,6756.38
8534,6909.02
8535,6901.92
8536,6957.99
8537,7176.32
8538,7473.63
8539,7337.4
8540,7016.93
8541,6600.23
8542,6120.59
8543,6064.07
8544,5755.3
8545,5240.96
8546,4910.21
8547,4768.31
8548,4643.4
8549,4566.86
8550,4648.61
8551,4947.15
8552,5095.68
8553,5449.99
8554,5600.31
8555,5876.46
8556,5996.56
8557,6161.25
8558,6081.95
8559,5899.86
8560,5862.11
8561,5908.82
8562,6430.29
8563,6220.54
8564,5932.9
8565,5588.16
8566,5250.41
8567,5264.94
8568,4939.18
8569,4944.58
8570,4682.52
8571,4623.39
8572,4645.29
8573,4810.01
8574,5186.5
8575,5630.06
8576,5943.65
8577,6296.21
8578,6289.39
8579,6316.56
8580,6174.77
8581,6323.55
8582,6291.39
8583,6179.39
8584,6131.51
8585,6198.85
8586,6587.88
8587,6126.01
8588,5625.53
8589,5205.85
8590,4956.03
8591,5204.36
8592,5147.4
8593,5097.17
8594,4878.34
8595,4677.49
8596,4536.59
8597,4444.57
8598,4575.47
8599,4825.18
8600,4781.19
8601,4960.02
8602,4951.06
8603,5138.95
8604,5179.96
8605,5462.71
8606,5402.73
8607,5300.79
8608,5348.77
8609,5559.7
8610,5885.5
8611,5550.68
8612,5317.99
8613,5104.15
8614,4866.33
8615,5060.2
8616,4893.33
8617,4722.34
8618,4474.52
8619,4338.62
8620,4298.65
8621,4334.28
8622,4577.77
8623,4934.22
8624,5005.77
8625,5245.19
8626,5404.47
8627,5643.69
8628,5635.4
8629,5854.54
8630,5777.2
8631,5683.56
8632,5698.26
8633,5845.96
8634,6335.46
8635,6134.8
8636,5866.35
8637,5539.59
8638,5236.82
8639,5361.86
8640,5165.01
8641,5299.71
8642,5097.86
8643,4991.94
8644,4900.01
8645,4878.46
8646,5124.7
8647,5635.37
8648,6043.43
8649,6495.48
8650,6688.95
8651,6935.41
8652,6950.71
8653,7102.29
8654,7060.67
8655,6977.42
8656,7025.7
8657,7180.86
8658,7527.92
8659,7487.83
8660,7185.54
8661,6676.92
8662,6203.27
8663,6114.11
8664,5812.33
8665,5505.57
8666,5280.74
8667,5201.79
8668,5158.83
8669,5160.51
8670,5441.06
8671,5890.05
8672,6215.56
8673,6578.04
8674,6728.18
8675,6945.27
8676,6934.42
8677,7014.22
8678,6935.03
8679,6850.99
8680,6887.06
8681,7043.43
8682,7532.51
8683,7471.2
8684,7157.81
8685,6684.16
8686,6212.51
8687,6139.1
8688,5912.27
8689,5861.12
8690,5695.25
8691,5545.36
8692,5402.46
8693,5276.75
8694,5392.68
8695,5660
8696,5765.08
8697,6009.07
8698,6083.85
8699,6225.58
8700,6223.02
8701,6293.53
8702,6334.66
8703,6242.34
8704,6261.72
8705,6391.33
8706,7077.44
8707,7103.07
8708,6831.12
8709,6428.42
8710,6008.73
8711,5951.06
8712,5716.23
8713,5219.05
8714,4935.26
8715,4776.38
8716,4647.47
8717,4595.35
8718,4732.34
8719,5019.03
8720,5022.97
8721,5224.82
8722,5348.73
8723,5524.65
8724,5657.53
8725,5880.39
8726,5853.36
8727,5716.48
8728,5685.48
8729,5834.41
8730,6533
8731,6468.03
8732,6211.31
8733,5850.58
8734,5514.83
8735,5602.77
8736,5375.93
8737,5216.87
8738,4933.08
8739,4774.2
8740,4645.29
8741,4593.65
8742,4730.7
8743,5018.25
8744,5022.51
8745,5224.55
8746,5348.27
8747,5523.87
8748,5656.63
8749,5879.61
8750,5852.9
8751,5716.09
8752,5685.02
8753,5833.41
8754,6531.36
8755,6465.86
8756,6208.58
8757,5847.85
8758,5512.1
8759,5600.59
8760,5373.75
