Unnamed: 0,0
2009-01-01 00:00:00,198.3095
2009-01-01 01:00:00,198.4038
2009-01-01 02:00:00,199.2952
2009-01-01 03:00:00,201.0714
2009-01-01 04:00:00,203.7623
2009-01-01 05:00:00,206.2704
2009-01-01 06:00:00,209.1591
2009-01-01 07:00:00,212.8046
2009-01-01 08:00:00,214.3896
2009-01-01 09:00:00,208.8765
2009-01-01 10:00:00,201.5441
2009-01-01 11:00:00,196.4512
2009-01-01 12:00:00,193.0873
2009-01-01 13:00:00,193.3673
2009-01-01 14:00:00,195.1153
2009-01-01 15:00:00,199.8568
2009-01-01 16:00:00,206.5701
2009-01-01 17:00:00,209.835
2009-01-01 18:00:00,211.2359
2009-01-01 19:00:00,212.1703
2009-01-01 20:00:00,212.9401
2009-01-01 21:00:00,213.7474
2009-01-01 22:00:00,214.743
2009-01-01 23:00:00,215.4834
2009-01-02 00:00:00,216.2766
2009-01-02 01:00:00,217.1081
2009-01-02 02:00:00,218.9165
2009-01-02 03:00:00,220.2855
2009-01-02 04:00:00,221.0576
2009-01-02 05:00:00,222.0202
2009-01-02 06:00:00,222.973
2009-01-02 07:00:00,223.428
2009-01-02 08:00:00,223.3229
2009-01-02 09:00:00,221.7655
2009-01-02 10:00:00,219.5881
2009-01-02 11:00:00,217.9404
2009-01-02 12:00:00,216.4435
2009-01-02 13:00:00,215.7095
2009-01-02 14:00:00,216.1383
2009-01-02 15:00:00,217.709
2009-01-02 16:00:00,219.6543
2009-01-02 17:00:00,221.3507
2009-01-02 18:00:00,221.867
2009-01-02 19:00:00,222.9465
2009-01-02 20:00:00,224.4524
2009-01-02 21:00:00,227.6878
2009-01-02 22:00:00,230.3779
2009-01-02 23:00:00,232.4897
2009-01-03 00:00:00,234.6983
2009-01-03 01:00:00,236.7557
2009-01-03 02:00:00,238.3742
2009-01-03 03:00:00,240.0366
2009-01-03 04:00:00,241.2971
2009-01-03 05:00:00,242.7601
2009-01-03 06:00:00,245.9075
2009-01-03 07:00:00,249.4091
2009-01-03 08:00:00,250.7166
2009-01-03 09:00:00,248.7226
2009-01-03 10:00:00,243.9229
2009-01-03 11:00:00,240.6075
2009-01-03 12:00:00,239.0841
2009-01-03 13:00:00,238.7329
2009-01-03 14:00:00,239.6983
2009-01-03 15:00:00,241.6418
2009-01-03 16:00:00,243.6467
2009-01-03 17:00:00,244.5922
2009-01-03 18:00:00,245.6961
2009-01-03 19:00:00,245.84
2009-01-03 20:00:00,246.237
2009-01-03 21:00:00,247.4194
2009-01-03 22:00:00,248.0898
2009-01-03 23:00:00,249.0129
2009-01-04 00:00:00,250.513
2009-01-04 01:00:00,251.7361
2009-01-04 02:00:00,252.5544
2009-01-04 03:00:00,253.595
2009-01-04 04:00:00,254.7239
2009-01-04 05:00:00,256.0195
2009-01-04 06:00:00,258.0448
2009-01-04 07:00:00,259.3037
2009-01-04 08:00:00,257.9177
2009-01-04 09:00:00,251.7138
2009-01-04 10:00:00,245.4057
2009-01-04 11:00:00,240.3919
2009-01-04 12:00:00,236.646
2009-01-04 13:00:00,234.1951
2009-01-04 14:00:00,234.8068
2009-01-04 15:00:00,239.6644
2009-01-04 16:00:00,245.6736
2009-01-04 17:00:00,251.257
2009-01-04 18:00:00,254.3604
2009-01-04 19:00:00,256.1564
2009-01-04 20:00:00,256.5491
2009-01-04 21:00:00,256.7847
2009-01-04 22:00:00,258.1263
2009-01-04 23:00:00,258.7596
2009-01-05 00:00:00,258.5192
2009-01-05 01:00:00,258.891
2009-01-05 02:00:00,259.5939
2009-01-05 03:00:00,261.1468
2009-01-05 04:00:00,262.504
2009-01-05 05:00:00,262.6496
2009-01-05 06:00:00,261.3605
2009-01-05 07:00:00,260.8919
2009-01-05 08:00:00,259.7009
2009-01-05 09:00:00,255.2292
2009-01-05 10:00:00,250.1237
2009-01-05 11:00:00,245.7765
2009-01-05 12:00:00,242.2083
2009-01-05 13:00:00,240.709
2009-01-05 14:00:00,240.4771
2009-01-05 15:00:00,241.228
2009-01-05 16:00:00,242.9148
2009-01-05 17:00:00,243.9591
2009-01-05 18:00:00,244.9855
2009-01-05 19:00:00,246.1652
2009-01-05 20:00:00,248.0305
2009-01-05 21:00:00,249.3501
2009-01-05 22:00:00,250.1584
2009-01-05 23:00:00,250.5072
2009-01-06 00:00:00,251.4273
2009-01-06 01:00:00,252.2617
2009-01-06 02:00:00,252.4771
2009-01-06 03:00:00,251.4329
2009-01-06 04:00:00,250.0808
2009-01-06 05:00:00,248.6937
2009-01-06 06:00:00,247.2073
2009-01-06 07:00:00,245.9442
2009-01-06 08:00:00,244.7642
2009-01-06 09:00:00,243.1167
2009-01-06 10:00:00,240.394
2009-01-06 11:00:00,238.297
2009-01-06 12:00:00,237.15
2009-01-06 13:00:00,236.4447
2009-01-06 14:00:00,236.4552
2009-01-06 15:00:00,237.8011
2009-01-06 16:00:00,239.4947
2009-01-06 17:00:00,240.6675
2009-01-06 18:00:00,241.5054
2009-01-06 19:00:00,242.3504
2009-01-06 20:00:00,243.1442
2009-01-06 21:00:00,243.7838
2009-01-06 22:00:00,244.5108
2009-01-06 23:00:00,245.5924
2009-01-07 00:00:00,246.9753
2009-01-07 01:00:00,247.8553
2009-01-07 02:00:00,247.8793
2009-01-07 03:00:00,248.9629
2009-01-07 04:00:00,249.7509
2009-01-07 05:00:00,250.0313
2009-01-07 06:00:00,249.7097
2009-01-07 07:00:00,249.6506
2009-01-07 08:00:00,249.3303
2009-01-07 09:00:00,247.8437
2009-01-07 10:00:00,245.7065
2009-01-07 11:00:00,243.7905
2009-01-07 12:00:00,242.7557
2009-01-07 13:00:00,242.7868
2009-01-07 14:00:00,243.1372
2009-01-07 15:00:00,244.6399
2009-01-07 16:00:00,246.674
2009-01-07 17:00:00,247.9744
2009-01-07 18:00:00,250.6066
2009-01-07 19:00:00,253.0639
2009-01-07 20:00:00,255.7548
2009-01-07 21:00:00,258.6233
2009-01-07 22:00:00,262.1435
2009-01-07 23:00:00,265.6113
2009-01-08 00:00:00,267.8161
2009-01-08 01:00:00,269.005
2009-01-08 02:00:00,269.1678
2009-01-08 03:00:00,267.9184
2009-01-08 04:00:00,265.4421
2009-01-08 05:00:00,263.6679
2009-01-08 06:00:00,263.8826
2009-01-08 07:00:00,263.4354
2009-01-08 08:00:00,260.9603
2009-01-08 09:00:00,257.0247
2009-01-08 10:00:00,252.8891
2009-01-08 11:00:00,247.8479
2009-01-08 12:00:00,243.3365
2009-01-08 13:00:00,241.6983
2009-01-08 14:00:00,241.9065
2009-01-08 15:00:00,243.7843
2009-01-08 16:00:00,247.2468
2009-01-08 17:00:00,249.1161
2009-01-08 18:00:00,249.1035
2009-01-08 19:00:00,250.3423
2009-01-08 20:00:00,254.585
2009-01-08 21:00:00,256.5337
2009-01-08 22:00:00,259.7822
2009-01-08 23:00:00,261.2803
2009-01-09 00:00:00,261.9442
2009-01-09 01:00:00,261.3936
2009-01-09 02:00:00,261.5756
2009-01-09 03:00:00,262.0319
2009-01-09 04:00:00,262.235
2009-01-09 05:00:00,261.9937
2009-01-09 06:00:00,261.9126
2009-01-09 07:00:00,261.633
2009-01-09 08:00:00,259.7042
2009-01-09 09:00:00,254.0443
2009-01-09 10:00:00,246.7936
2009-01-09 11:00:00,240.0357
2009-01-09 12:00:00,235.2041
2009-01-09 13:00:00,232.5841
2009-01-09 14:00:00,231.8583
2009-01-09 15:00:00,235.7439
2009-01-09 16:00:00,241.5407
2009-01-09 17:00:00,244.8713
2009-01-09 18:00:00,246.7272
2009-01-09 19:00:00,248.3428
2009-01-09 20:00:00,251.4656
2009-01-09 21:00:00,253.9086
2009-01-09 22:00:00,254.5318
2009-01-09 23:00:00,254.8012
2009-01-10 00:00:00,255.2649
2009-01-10 01:00:00,257.9504
2009-01-10 02:00:00,260.0146
2009-01-10 03:00:00,259.7784
2009-01-10 04:00:00,259.5124
2009-01-10 05:00:00,261.6431
2009-01-10 06:00:00,264.8324
2009-01-10 07:00:00,265.0779
2009-01-10 08:00:00,263.3667
2009-01-10 09:00:00,257.5741
2009-01-10 10:00:00,249.6888
2009-01-10 11:00:00,243.4961
2009-01-10 12:00:00,238.8535
2009-01-10 13:00:00,236.2393
2009-01-10 14:00:00,236.0622
2009-01-10 15:00:00,239.0823
2009-01-10 16:00:00,243.0498
2009-01-10 17:00:00,246.0606
2009-01-10 18:00:00,247.9668
2009-01-10 19:00:00,249.726
2009-01-10 20:00:00,251.0787
2009-01-10 21:00:00,252.5103
2009-01-10 22:00:00,253.9597
2009-01-10 23:00:00,255.814
2009-01-11 00:00:00,257.1141
2009-01-11 01:00:00,257.78
2009-01-11 02:00:00,258.2157
2009-01-11 03:00:00,260.2972
2009-01-11 04:00:00,261.1862
2009-01-11 05:00:00,261.0921
2009-01-11 06:00:00,260.9863
2009-01-11 07:00:00,261.7001
2009-01-11 08:00:00,260.9812
2009-01-11 09:00:00,255.8974
2009-01-11 10:00:00,248.7026
2009-01-11 11:00:00,241.9436
2009-01-11 12:00:00,236.7886
2009-01-11 13:00:00,234.2535
2009-01-11 14:00:00,233.8637
2009-01-11 15:00:00,238.4156
2009-01-11 16:00:00,242.9654
2009-01-11 17:00:00,247.7339
2009-01-11 18:00:00,251.417
2009-01-11 19:00:00,254.6163
2009-01-11 20:00:00,255.3796
2009-01-11 21:00:00,256.804
2009-01-11 22:00:00,257.7135
2009-01-11 23:00:00,258.2627
2009-01-12 00:00:00,260.173
2009-01-12 01:00:00,262.2968
2009-01-12 02:00:00,263.7719
2009-01-12 03:00:00,263.8028
2009-01-12 04:00:00,265.1447
2009-01-12 05:00:00,266.2222
2009-01-12 06:00:00,265.6768
2009-01-12 07:00:00,265.5607
2009-01-12 08:00:00,262.4691
2009-01-12 09:00:00,256.6856
2009-01-12 10:00:00,247.7246
2009-01-12 11:00:00,238.7719
2009-01-12 12:00:00,231.1359
2009-01-12 13:00:00,226.5006
2009-01-12 14:00:00,225.2538
2009-01-12 15:00:00,228.9106
2009-01-12 16:00:00,235.6088
2009-01-12 17:00:00,239.8761
2009-01-12 18:00:00,242.5136
2009-01-12 19:00:00,243.6241
2009-01-12 20:00:00,245.4462
2009-01-12 21:00:00,247.0651
2009-01-12 22:00:00,248.324
2009-01-12 23:00:00,250.1061
2009-01-13 00:00:00,250.9096
2009-01-13 01:00:00,252.1709
2009-01-13 02:00:00,253.9679
2009-01-13 03:00:00,254.8156
2009-01-13 04:00:00,255.7079
2009-01-13 05:00:00,256.1855
2009-01-13 06:00:00,256.2208
2009-01-13 07:00:00,257.549
2009-01-13 08:00:00,256.908
2009-01-13 09:00:00,250.6662
2009-01-13 10:00:00,240.7361
2009-01-13 11:00:00,229.8198
2009-01-13 12:00:00,219.8812
2009-01-13 13:00:00,213.1919
2009-01-13 14:00:00,211.3935
2009-01-13 15:00:00,215.3384
2009-01-13 16:00:00,223.5433
2009-01-13 17:00:00,228.857
2009-01-13 18:00:00,232.6993
2009-01-13 19:00:00,236.3953
2009-01-13 20:00:00,238.2681
2009-01-13 21:00:00,240.1797
2009-01-13 22:00:00,243.0503
2009-01-13 23:00:00,245.4619
2009-01-14 00:00:00,247.5598
2009-01-14 01:00:00,249.6539
2009-01-14 02:00:00,251.206
2009-01-14 03:00:00,252.8744
2009-01-14 04:00:00,253.7687
2009-01-14 05:00:00,253.7036
2009-01-14 06:00:00,253.6502
2009-01-14 07:00:00,254.1763
2009-01-14 08:00:00,251.9257
2009-01-14 09:00:00,244.6056
2009-01-14 10:00:00,234.681
2009-01-14 11:00:00,225.6128
2009-01-14 12:00:00,217.0546
2009-01-14 13:00:00,211.9917
2009-01-14 14:00:00,209.0668
2009-01-14 15:00:00,208.8648
2009-01-14 16:00:00,210.2073
2009-01-14 17:00:00,210.7
2009-01-14 18:00:00,210.3234
2009-01-14 19:00:00,211.5344
2009-01-14 20:00:00,211.8164
2009-01-14 21:00:00,211.9234
2009-01-14 22:00:00,211.1813
2009-01-14 23:00:00,210.821
2009-01-15 00:00:00,211.4228
2009-01-15 01:00:00,211.5481
2009-01-15 02:00:00,211.5506
2009-01-15 03:00:00,212.644
2009-01-15 04:00:00,213.0191
2009-01-15 05:00:00,212.585
2009-01-15 06:00:00,211.6691
2009-01-15 07:00:00,210.7972
2009-01-15 08:00:00,208.6934
2009-01-15 09:00:00,205.0203
2009-01-15 10:00:00,199.3892
2009-01-15 11:00:00,193.9505
2009-01-15 12:00:00,190.4179
2009-01-15 13:00:00,189.7256
2009-01-15 14:00:00,190.4075
2009-01-15 15:00:00,195.0909
2009-01-15 16:00:00,199.6781
2009-01-15 17:00:00,202.4555
2009-01-15 18:00:00,204.2482
2009-01-15 19:00:00,205.0748
2009-01-15 20:00:00,206.8149
2009-01-15 21:00:00,209.3567
2009-01-15 22:00:00,211.6229
2009-01-15 23:00:00,213.777
2009-01-16 00:00:00,215.2545
2009-01-16 01:00:00,217.2615
2009-01-16 02:00:00,218.717
2009-01-16 03:00:00,219.0045
2009-01-16 04:00:00,219.2123
2009-01-16 05:00:00,221.1938
2009-01-16 06:00:00,221.8317
2009-01-16 07:00:00,222.8997
2009-01-16 08:00:00,220.4014
2009-01-16 09:00:00,215.1848
2009-01-16 10:00:00,207.8962
2009-01-16 11:00:00,201.7788
2009-01-16 12:00:00,196.6021
2009-01-16 13:00:00,193.7386
2009-01-16 14:00:00,193.0209
2009-01-16 15:00:00,197.781
2009-01-16 16:00:00,205.1527
2009-01-16 17:00:00,212.2657
2009-01-16 18:00:00,216.2559
2009-01-16 19:00:00,219.6965
2009-01-16 20:00:00,221.2155
2009-01-16 21:00:00,222.9567
2009-01-16 22:00:00,225.0243
2009-01-16 23:00:00,227.8558
2009-01-17 00:00:00,230.0708
2009-01-17 01:00:00,231.4801
2009-01-17 02:00:00,231.5422
2009-01-17 03:00:00,233.598
2009-01-17 04:00:00,234.5919
2009-01-17 05:00:00,235.3286
2009-01-17 06:00:00,235.5512
2009-01-17 07:00:00,235.5759
2009-01-17 08:00:00,233.4695
2009-01-17 09:00:00,228.2493
2009-01-17 10:00:00,218.3419
2009-01-17 11:00:00,207.2464
2009-01-17 12:00:00,196.2124
2009-01-17 13:00:00,188.8426
2009-01-17 14:00:00,186.2963
2009-01-17 15:00:00,187.9071
2009-01-17 16:00:00,192.4089
2009-01-17 17:00:00,195.6081
2009-01-17 18:00:00,197.0902
2009-01-17 19:00:00,198.5815
2009-01-17 20:00:00,203.2912
2009-01-17 21:00:00,207.3702
2009-01-17 22:00:00,211.7888
2009-01-17 23:00:00,215.9392
2009-01-18 00:00:00,219.5322
2009-01-18 01:00:00,222.7091
2009-01-18 02:00:00,224.1407
2009-01-18 03:00:00,224.8107
2009-01-18 04:00:00,225.4594
2009-01-18 05:00:00,224.8404
2009-01-18 06:00:00,219.0149
2009-01-18 07:00:00,212.1812
2009-01-18 08:00:00,203.0394
2009-01-18 09:00:00,195.0265
2009-01-18 10:00:00,186.4204
2009-01-18 11:00:00,170.7148
2009-01-18 12:00:00,164.6826
2009-01-18 13:00:00,163.2357
2009-01-18 14:00:00,164.8575
2009-01-18 15:00:00,167.9905
2009-01-18 16:00:00,169.6757
2009-01-18 17:00:00,167.569
2009-01-18 18:00:00,164.9683
2009-01-18 19:00:00,164.5924
2009-01-18 20:00:00,164.9804
2009-01-18 21:00:00,164.6394
2009-01-18 22:00:00,167.9931
2009-01-18 23:00:00,172.7599
2009-01-19 00:00:00,175.2511
2009-01-19 01:00:00,178.0265
2009-01-19 02:00:00,180.3894
2009-01-19 03:00:00,181.024
2009-01-19 04:00:00,182.6143
2009-01-19 05:00:00,183.6714
2009-01-19 06:00:00,181.1583
2009-01-19 07:00:00,178.0764
2009-01-19 08:00:00,175.4934
2009-01-19 09:00:00,171.3263
2009-01-19 10:00:00,160.1089
2009-01-19 11:00:00,151.644
2009-01-19 12:00:00,142.4572
2009-01-19 13:00:00,139.6199
2009-01-19 14:00:00,141.5717
2009-01-19 15:00:00,142.4069
2009-01-19 16:00:00,144.2504
2009-01-19 17:00:00,146.7254
2009-01-19 18:00:00,148.8513
2009-01-19 19:00:00,151.5068
2009-01-19 20:00:00,152.3425
2009-01-19 21:00:00,154.5979
2009-01-19 22:00:00,156.2722
2009-01-19 23:00:00,160.9889
2009-01-20 00:00:00,164.3842
2009-01-20 01:00:00,166.8824
2009-01-20 02:00:00,171.3686
2009-01-20 03:00:00,175.0558
2009-01-20 04:00:00,177.7352
2009-01-20 05:00:00,179.6679
2009-01-20 06:00:00,181.2176
2009-01-20 07:00:00,183.2607
2009-01-20 08:00:00,185.2045
2009-01-20 09:00:00,183.1056
2009-01-20 10:00:00,180.2472
2009-01-20 11:00:00,178.0244
2009-01-20 12:00:00,176.3413
2009-01-20 13:00:00,175.1967
2009-01-20 14:00:00,175.2409
2009-01-20 15:00:00,176.3398
2009-01-20 16:00:00,180.1118
2009-01-20 17:00:00,182.9861
2009-01-20 18:00:00,185.3553
2009-01-20 19:00:00,187.207
2009-01-20 20:00:00,188.6196
2009-01-20 21:00:00,190.3818
2009-01-20 22:00:00,191.562
2009-01-20 23:00:00,193.4044
2009-01-21 00:00:00,194.7658
2009-01-21 01:00:00,195.423
2009-01-21 02:00:00,196.7965
2009-01-21 03:00:00,198.1516
2009-01-21 04:00:00,198.4633
2009-01-21 05:00:00,198.9858
2009-01-21 06:00:00,198.2077
2009-01-21 07:00:00,197.7602
2009-01-21 08:00:00,196.0295
2009-01-21 09:00:00,191.9751
2009-01-21 10:00:00,186.5203
2009-01-21 11:00:00,182.1055
2009-01-21 12:00:00,177.7462
2009-01-21 13:00:00,175.109
2009-01-21 14:00:00,174.6055
2009-01-21 15:00:00,176.7803
2009-01-21 16:00:00,184.1161
2009-01-21 17:00:00,188.576
2009-01-21 18:00:00,192.1057
2009-01-21 19:00:00,195.1941
2009-01-21 20:00:00,196.8613
2009-01-21 21:00:00,199.9034
2009-01-21 22:00:00,201.9087
2009-01-21 23:00:00,203.2712
2009-01-22 00:00:00,205.5859
2009-01-22 01:00:00,207.5579
2009-01-22 02:00:00,210.6249
2009-01-22 03:00:00,213.0423
2009-01-22 04:00:00,212.925
2009-01-22 05:00:00,213.7042
2009-01-22 06:00:00,215.6877
2009-01-22 07:00:00,217.1843
2009-01-22 08:00:00,215.3755
2009-01-22 09:00:00,208.9589
2009-01-22 10:00:00,200.9694
2009-01-22 11:00:00,193.0702
2009-01-22 12:00:00,188.6935
2009-01-22 13:00:00,185.0351
2009-01-22 14:00:00,182.9942
2009-01-22 15:00:00,185.9931
2009-01-22 16:00:00,191.5375
2009-01-22 17:00:00,195.8353
2009-01-22 18:00:00,196.4142
2009-01-22 19:00:00,195.0649
2009-01-22 20:00:00,194.1996
2009-01-22 21:00:00,192.3102
2009-01-22 22:00:00,191.3684
2009-01-22 23:00:00,191.9592
2009-01-23 00:00:00,194.4986
2009-01-23 01:00:00,196.1168
2009-01-23 02:00:00,196.2899
2009-01-23 03:00:00,195.2614
2009-01-23 04:00:00,193.984
2009-01-23 05:00:00,191.768
2009-01-23 06:00:00,187.5561
2009-01-23 07:00:00,183.7157
2009-01-23 08:00:00,175.4855
2009-01-23 09:00:00,169.5211
2009-01-23 10:00:00,163.9806
2009-01-23 11:00:00,159.4172
2009-01-23 12:00:00,154.5262
2009-01-23 13:00:00,150.1586
2009-01-23 14:00:00,142.3349
2009-01-23 15:00:00,142.5213
2009-01-23 16:00:00,152.0452
2009-01-23 17:00:00,163.4275
2009-01-23 18:00:00,166.386
2009-01-23 19:00:00,166.868
2009-01-23 20:00:00,169.4223
2009-01-23 21:00:00,174.1104
2009-01-23 22:00:00,177.8276
2009-01-23 23:00:00,180.7312
2009-01-24 00:00:00,185.3529
2009-01-24 01:00:00,189.4336
2009-01-24 02:00:00,195.6283
2009-01-24 03:00:00,201.0522
2009-01-24 04:00:00,202.7607
2009-01-24 05:00:00,204.6341
2009-01-24 06:00:00,206.1356
2009-01-24 07:00:00,205.3884
2009-01-24 08:00:00,201.4415
2009-01-24 09:00:00,197.7166
2009-01-24 10:00:00,192.6408
2009-01-24 11:00:00,185.8464
2009-01-24 12:00:00,181.2325
2009-01-24 13:00:00,178.2996
2009-01-24 14:00:00,177.5706
2009-01-24 15:00:00,178.0798
2009-01-24 16:00:00,179.9017
2009-01-24 17:00:00,182.4042
2009-01-24 18:00:00,185.3202
2009-01-24 19:00:00,187.7987
2009-01-24 20:00:00,189.0597
2009-01-24 21:00:00,190.7113
2009-01-24 22:00:00,191.7376
2009-01-24 23:00:00,194.0191
2009-01-25 00:00:00,196.9457
2009-01-25 01:00:00,199.5631
2009-01-25 02:00:00,203.2507
2009-01-25 03:00:00,205.2103
2009-01-25 04:00:00,206.9769
2009-01-25 05:00:00,209.5079
2009-01-25 06:00:00,213.0731
2009-01-25 07:00:00,215.2503
2009-01-25 08:00:00,212.3775
2009-01-25 09:00:00,201.2261
2009-01-25 10:00:00,188.5797
2009-01-25 11:00:00,178.9514
2009-01-25 12:00:00,172.1719
2009-01-25 13:00:00,168.097
2009-01-25 14:00:00,166.7385
2009-01-25 15:00:00,170.1249
2009-01-25 16:00:00,180.733
2009-01-25 17:00:00,192.0616
2009-01-25 18:00:00,198.7259
2009-01-25 19:00:00,204.352
2009-01-25 20:00:00,208.319
2009-01-25 21:00:00,211.855
2009-01-25 22:00:00,215.4267
2009-01-25 23:00:00,217.218
2009-01-26 00:00:00,218.7828
2009-01-26 01:00:00,220.4051
2009-01-26 02:00:00,221.8377
2009-01-26 03:00:00,223.6013
2009-01-26 04:00:00,224.4928
2009-01-26 05:00:00,224.2368
2009-01-26 06:00:00,224.2044
2009-01-26 07:00:00,224.4966
2009-01-26 08:00:00,219.6882
2009-01-26 09:00:00,210.361
2009-01-26 10:00:00,201.2568
2009-01-26 11:00:00,192.8665
2009-01-26 12:00:00,185.3221
2009-01-26 13:00:00,180.6256
2009-01-26 14:00:00,177.8033
2009-01-26 15:00:00,180.8038
2009-01-26 16:00:00,188.478
2009-01-26 17:00:00,197.1434
2009-01-26 18:00:00,202.6083
2009-01-26 19:00:00,204.1802
2009-01-26 20:00:00,206.9734
2009-01-26 21:00:00,207.503
2009-01-26 22:00:00,207.8507
2009-01-26 23:00:00,208.3709
2009-01-27 00:00:00,209.1426
2009-01-27 01:00:00,210.7765
2009-01-27 02:00:00,212.5646
2009-01-27 03:00:00,212.4179
2009-01-27 04:00:00,213.4393
2009-01-27 05:00:00,213.238
2009-01-27 06:00:00,212.9576
2009-01-27 07:00:00,212.2917
2009-01-27 08:00:00,209.4858
2009-01-27 09:00:00,206.3507
2009-01-27 10:00:00,202.1145
2009-01-27 11:00:00,198.9196
2009-01-27 12:00:00,196.447
2009-01-27 13:00:00,194.4529
2009-01-27 14:00:00,193.7353
2009-01-27 15:00:00,194.5933
2009-01-27 16:00:00,198.2975
2009-01-27 17:00:00,202.0608
2009-01-27 18:00:00,203.3104
2009-01-27 19:00:00,205.0549
2009-01-27 20:00:00,206.7144
2009-01-27 21:00:00,208.1806
2009-01-27 22:00:00,210.4739
2009-01-27 23:00:00,213.6761
2009-01-28 00:00:00,214.7858
2009-01-28 01:00:00,216.4317
2009-01-28 02:00:00,218.0977
2009-01-28 03:00:00,218.9451
2009-01-28 04:00:00,219.3693
2009-01-28 05:00:00,219.3494
2009-01-28 06:00:00,219.2992
2009-01-28 07:00:00,219.5754
2009-01-28 08:00:00,218.2148
2009-01-28 09:00:00,214.4335
2009-01-28 10:00:00,209.8803
2009-01-28 11:00:00,205.8217
2009-01-28 12:00:00,202.1502
2009-01-28 13:00:00,200.9034
2009-01-28 14:00:00,200.8756
2009-01-28 15:00:00,202.3383
2009-01-28 16:00:00,205.025
2009-01-28 17:00:00,207.0193
2009-01-28 18:00:00,208.4668
2009-01-28 19:00:00,209.7793
2009-01-28 20:00:00,210.4595
2009-01-28 21:00:00,210.6917
2009-01-28 22:00:00,210.816
2009-01-28 23:00:00,211.486
2009-01-29 00:00:00,210.5196
2009-01-29 01:00:00,211.5902
2009-01-29 02:00:00,212.4993
2009-01-29 03:00:00,213.0878
2009-01-29 04:00:00,213.9969
2009-01-29 05:00:00,214.6216
2009-01-29 06:00:00,215.0675
2009-01-29 07:00:00,215.3049
2009-01-29 08:00:00,214.3402
2009-01-29 09:00:00,211.581
2009-01-29 10:00:00,207.2428
2009-01-29 11:00:00,204.2318
2009-01-29 12:00:00,201.7118
2009-01-29 13:00:00,198.4806
2009-01-29 14:00:00,196.794
2009-01-29 15:00:00,197.0363
2009-01-29 16:00:00,198.743
2009-01-29 17:00:00,200.9258
2009-01-29 18:00:00,202.2473
2009-01-29 19:00:00,203.5077
2009-01-29 20:00:00,203.8066
2009-01-29 21:00:00,206.3225
2009-01-29 22:00:00,209.4776
2009-01-29 23:00:00,210.9051
2009-01-30 00:00:00,212.055
2009-01-30 01:00:00,213.5074
2009-01-30 02:00:00,214.5671
2009-01-30 03:00:00,215.8708
2009-01-30 04:00:00,217.1445
2009-01-30 05:00:00,218.1812
2009-01-30 06:00:00,216.6866
2009-01-30 07:00:00,217.6726
2009-01-30 08:00:00,217.5725
2009-01-30 09:00:00,211.3
2009-01-30 10:00:00,207.9927
2009-01-30 11:00:00,203.8271
2009-01-30 12:00:00,200.882
2009-01-30 13:00:00,199.3818
2009-01-30 14:00:00,198.779
2009-01-30 15:00:00,200.0146
2009-01-30 16:00:00,203.9164
2009-01-30 17:00:00,206.354
2009-01-30 18:00:00,208.0244
2009-01-30 19:00:00,209.2931
2009-01-30 20:00:00,210.9949
2009-01-30 21:00:00,212.2818
2009-01-30 22:00:00,214.1141
2009-01-30 23:00:00,216.1433
2009-01-31 00:00:00,218.0883
2009-01-31 01:00:00,220.2334
2009-01-31 02:00:00,221.7461
2009-01-31 03:00:00,223.8173
2009-01-31 04:00:00,225.601
2009-01-31 05:00:00,227.3909
2009-01-31 06:00:00,229.408
2009-01-31 07:00:00,230.9339
2009-01-31 08:00:00,230.3149
2009-01-31 09:00:00,228.5649
2009-01-31 10:00:00,225.7137
2009-01-31 11:00:00,222.5585
2009-01-31 12:00:00,220.4222
2009-01-31 13:00:00,219.6694
2009-01-31 14:00:00,220.3534
2009-01-31 15:00:00,221.8968
2009-01-31 16:00:00,224.0712
2009-01-31 17:00:00,225.1981
2009-01-31 18:00:00,226.2985
2009-01-31 19:00:00,226.5202
2009-01-31 20:00:00,226.8934
2009-01-31 21:00:00,226.734
2009-01-31 22:00:00,227.0351
2009-01-31 23:00:00,227.2566
2009-02-01 00:00:00,227.0454
2009-02-01 01:00:00,227.6517
2009-02-01 02:00:00,228.2142
2009-02-01 03:00:00,228.8187
2009-02-01 04:00:00,229.2614
2009-02-01 05:00:00,230.099
2009-02-01 06:00:00,230.652
2009-02-01 07:00:00,230.7984
2009-02-01 08:00:00,229.5075
2009-02-01 09:00:00,226.8993
2009-02-01 10:00:00,223.9318
2009-02-01 11:00:00,220.7816
2009-02-01 12:00:00,218.9229
2009-02-01 13:00:00,217.508
2009-02-01 14:00:00,216.6275
2009-02-01 15:00:00,216.6428
2009-02-01 16:00:00,218.0689
2009-02-01 17:00:00,218.3883
2009-02-01 18:00:00,217.5484
2009-02-01 19:00:00,218.109
2009-02-01 20:00:00,218.1693
2009-02-01 21:00:00,217.7648
2009-02-01 22:00:00,217.3369
2009-02-01 23:00:00,217.7588
2009-02-02 00:00:00,218.9813
2009-02-02 01:00:00,220.341
2009-02-02 02:00:00,221.5973
2009-02-02 03:00:00,220.2501
2009-02-02 04:00:00,218.8953
2009-02-02 05:00:00,217.5546
2009-02-02 06:00:00,215.7012
2009-02-02 07:00:00,214.1419
2009-02-02 08:00:00,210.4431
2009-02-02 09:00:00,205.9115
2009-02-02 10:00:00,199.0844
2009-02-02 11:00:00,192.3115
2009-02-02 12:00:00,186.9382
2009-02-02 13:00:00,182.3489
2009-02-02 14:00:00,180.0461
2009-02-02 15:00:00,180.7578
2009-02-02 16:00:00,185.7353
2009-02-02 17:00:00,191.0249
2009-02-02 18:00:00,192.8696
2009-02-02 19:00:00,193.6637
2009-02-02 20:00:00,195.3214
2009-02-02 21:00:00,196.8851
2009-02-02 22:00:00,199.6511
2009-02-02 23:00:00,200.374
2009-02-03 00:00:00,201.4751
2009-02-03 01:00:00,204.6643
2009-02-03 02:00:00,207.6687
2009-02-03 03:00:00,209.6971
2009-02-03 04:00:00,210.2344
2009-02-03 05:00:00,211.3143
2009-02-03 06:00:00,213.5473
2009-02-03 07:00:00,215.586
2009-02-03 08:00:00,207.4656
2009-02-03 09:00:00,193.4394
2009-02-03 10:00:00,176.8613
2009-02-03 11:00:00,161.5613
2009-02-03 12:00:00,149.9324
2009-02-03 13:00:00,144.5057
2009-02-03 14:00:00,142.1213
2009-02-03 15:00:00,144.1971
2009-02-03 16:00:00,155.5178
2009-02-03 17:00:00,168.4565
2009-02-03 18:00:00,177.7551
2009-02-03 19:00:00,183.3439
2009-02-03 20:00:00,187.219
2009-02-03 21:00:00,192.0677
2009-02-03 22:00:00,195.023
2009-02-03 23:00:00,197.632
2009-02-04 00:00:00,200.4082
2009-02-04 01:00:00,203.1549
2009-02-04 02:00:00,205.312
2009-02-04 03:00:00,206.3575
2009-02-04 04:00:00,204.5431
2009-02-04 05:00:00,202.3838
2009-02-04 06:00:00,202.2759
2009-02-04 07:00:00,201.2003
2009-02-04 08:00:00,194.5846
2009-02-04 09:00:00,183.1568
2009-02-04 10:00:00,169.2566
2009-02-04 11:00:00,155.916
2009-02-04 12:00:00,148.0007
2009-02-04 13:00:00,143.2222
2009-02-04 14:00:00,141.7038
2009-02-04 15:00:00,144.9477
2009-02-04 16:00:00,151.524
2009-02-04 17:00:00,161.185
2009-02-04 18:00:00,167.1401
2009-02-04 19:00:00,171.6331
2009-02-04 20:00:00,176.0519
2009-02-04 21:00:00,181.5023
2009-02-04 22:00:00,186.2306
2009-02-04 23:00:00,189.1008
2009-02-05 00:00:00,191.5475
2009-02-05 01:00:00,194.0038
2009-02-05 02:00:00,196.6966
2009-02-05 03:00:00,200.9389
2009-02-05 04:00:00,202.3596
2009-02-05 05:00:00,202.1999
2009-02-05 06:00:00,199.529
2009-02-05 07:00:00,193.2836
2009-02-05 08:00:00,186.4459
2009-02-05 09:00:00,181.3859
2009-02-05 10:00:00,170.4259
2009-02-05 11:00:00,159.6736
2009-02-05 12:00:00,151.1031
2009-02-05 13:00:00,143.9352
2009-02-05 14:00:00,143.4243
2009-02-05 15:00:00,145.2626
2009-02-05 16:00:00,152.3591
2009-02-05 17:00:00,159.1322
2009-02-05 18:00:00,162.8875
2009-02-05 19:00:00,166.4491
2009-02-05 20:00:00,168.9503
2009-02-05 21:00:00,169.7402
2009-02-05 22:00:00,170.7065
2009-02-05 23:00:00,172.7162
2009-02-06 00:00:00,173.2834
2009-02-06 01:00:00,173.9081
2009-02-06 02:00:00,175.5971
2009-02-06 03:00:00,176.7624
2009-02-06 04:00:00,176.6225
2009-02-06 05:00:00,177.6422
2009-02-06 06:00:00,178.8295
2009-02-06 07:00:00,180.6897
2009-02-06 08:00:00,177.2697
2009-02-06 09:00:00,170.1562
2009-02-06 10:00:00,162.2962
2009-02-06 11:00:00,154.9767
2009-02-06 12:00:00,148.8649
2009-02-06 13:00:00,145.0177
2009-02-06 14:00:00,143.3755
2009-02-06 15:00:00,145.4255
2009-02-06 16:00:00,152.9255
2009-02-06 17:00:00,162.6946
2009-02-06 18:00:00,168.0251
2009-02-06 19:00:00,170.3114
2009-02-06 20:00:00,172.0405
2009-02-06 21:00:00,173.5528
2009-02-06 22:00:00,175.1134
2009-02-06 23:00:00,176.2562
2009-02-07 00:00:00,176.6241
2009-02-07 01:00:00,178.7886
2009-02-07 02:00:00,180.9886
2009-02-07 03:00:00,182.1959
2009-02-07 04:00:00,183.7311
2009-02-07 05:00:00,183.1427
2009-02-07 06:00:00,182.794
2009-02-07 07:00:00,182.5515
2009-02-07 08:00:00,180.5225
2009-02-07 09:00:00,177.6472
2009-02-07 10:00:00,175.0593
2009-02-07 11:00:00,172.3439
2009-02-07 12:00:00,170.57
2009-02-07 13:00:00,168.6517
2009-02-07 14:00:00,168.7685
2009-02-07 15:00:00,171.0699
2009-02-07 16:00:00,174.0706
2009-02-07 17:00:00,176.977
2009-02-07 18:00:00,179.0684
2009-02-07 19:00:00,181.7012
2009-02-07 20:00:00,185.0192
2009-02-07 21:00:00,187.7417
2009-02-07 22:00:00,191.264
2009-02-07 23:00:00,194.3932
2009-02-08 00:00:00,196.2059
2009-02-08 01:00:00,197.4478
2009-02-08 02:00:00,198.9445
2009-02-08 03:00:00,199.3916
2009-02-08 04:00:00,199.1114
2009-02-08 05:00:00,198.9044
2009-02-08 06:00:00,199.5931
2009-02-08 07:00:00,199.912
2009-02-08 08:00:00,198.5356
2009-02-08 09:00:00,196.331
2009-02-08 10:00:00,194.0548
2009-02-08 11:00:00,192.6047
2009-02-08 12:00:00,192.6967
2009-02-08 13:00:00,194.5534
2009-02-08 14:00:00,195.1724
2009-02-08 15:00:00,196.196
2009-02-08 16:00:00,198.4308
2009-02-08 17:00:00,201.1829
2009-02-08 18:00:00,203.7398
2009-02-08 19:00:00,205.9407
2009-02-08 20:00:00,208.1431
2009-02-08 21:00:00,209.1505
2009-02-08 22:00:00,210.3864
2009-02-08 23:00:00,212.4392
2009-02-09 00:00:00,214.4042
2009-02-09 01:00:00,216.0928
2009-02-09 02:00:00,217.5508
2009-02-09 03:00:00,219.759
2009-02-09 04:00:00,221.3812
2009-02-09 05:00:00,223.3639
2009-02-09 06:00:00,224.5276
2009-02-09 07:00:00,221.8693
2009-02-09 08:00:00,214.1272
2009-02-09 09:00:00,205.2933
2009-02-09 10:00:00,197.0698
2009-02-09 11:00:00,190.6642
2009-02-09 12:00:00,184.4397
2009-02-09 13:00:00,179.2555
2009-02-09 14:00:00,177.1795
2009-02-09 15:00:00,177.6913
2009-02-09 16:00:00,179.1108
2009-02-09 17:00:00,181.4347
2009-02-09 18:00:00,182.3044
2009-02-09 19:00:00,182.7951
2009-02-09 20:00:00,180.4417
2009-02-09 21:00:00,178.4783
2009-02-09 22:00:00,175.7151
2009-02-09 23:00:00,170.2452
2009-02-10 00:00:00,165.3858
2009-02-10 01:00:00,161.4201
2009-02-10 02:00:00,159.0021
2009-02-10 03:00:00,155.8797
2009-02-10 04:00:00,152.3373
2009-02-10 05:00:00,148.4736
2009-02-10 06:00:00,143.5717
2009-02-10 07:00:00,137.5118
2009-02-10 08:00:00,135.7289
2009-02-10 09:00:00,141.8707
2009-02-10 10:00:00,143.2493
2009-02-10 11:00:00,140.1081
2009-02-10 12:00:00,139.1894
2009-02-10 13:00:00,140.7479
2009-02-10 14:00:00,149.2871
2009-02-10 15:00:00,155.7853
2009-02-10 16:00:00,161.8883
2009-02-10 17:00:00,170.9053
2009-02-10 18:00:00,180.5488
2009-02-10 19:00:00,183.361
2009-02-10 20:00:00,187.66
2009-02-10 21:00:00,189.6083
2009-02-10 22:00:00,190.2455
2009-02-10 23:00:00,190.9223
2009-02-11 00:00:00,192.6991
2009-02-11 01:00:00,194.993
2009-02-11 02:00:00,196.2865
2009-02-11 03:00:00,197.679
2009-02-11 04:00:00,198.9067
2009-02-11 05:00:00,199.6625
2009-02-11 06:00:00,201.7348
2009-02-11 07:00:00,202.4728
2009-02-11 08:00:00,200.864
2009-02-11 09:00:00,197.2884
2009-02-11 10:00:00,192.8861
2009-02-11 11:00:00,188.5765
2009-02-11 12:00:00,186.3656
2009-02-11 13:00:00,183.6636
2009-02-11 14:00:00,183.0428
2009-02-11 15:00:00,184.8968
2009-02-11 16:00:00,189.6554
2009-02-11 17:00:00,196.2555
2009-02-11 18:00:00,200.9033
2009-02-11 19:00:00,202.275
2009-02-11 20:00:00,203.4626
2009-02-11 21:00:00,204.5765
2009-02-11 22:00:00,204.9644
2009-02-11 23:00:00,206.263
2009-02-12 00:00:00,207.2124
2009-02-12 01:00:00,208.2136
2009-02-12 02:00:00,209.951
2009-02-12 03:00:00,212.2847
2009-02-12 04:00:00,213.1087
2009-02-12 05:00:00,214.4668
2009-02-12 06:00:00,215.9725
2009-02-12 07:00:00,215.9824
2009-02-12 08:00:00,215.7537
2009-02-12 09:00:00,214.2355
2009-02-12 10:00:00,210.8919
2009-02-12 11:00:00,206.6659
2009-02-12 12:00:00,201.433
2009-02-12 13:00:00,200.1593
2009-02-12 14:00:00,201.1558
2009-02-12 15:00:00,204.3841
2009-02-12 16:00:00,210.3941
2009-02-12 17:00:00,215.1984
2009-02-12 18:00:00,219.4881
2009-02-12 19:00:00,224.0242
2009-02-12 20:00:00,226.4715
2009-02-12 21:00:00,230.0543
2009-02-12 22:00:00,231.8047
2009-02-12 23:00:00,231.6904
2009-02-13 00:00:00,232.4296
2009-02-13 01:00:00,233.065
2009-02-13 02:00:00,233.9621
2009-02-13 03:00:00,234.2613
2009-02-13 04:00:00,236.0202
2009-02-13 05:00:00,236.5772
2009-02-13 06:00:00,236.7935
2009-02-13 07:00:00,237.0956
2009-02-13 08:00:00,231.9544
2009-02-13 09:00:00,224.7898
2009-02-13 10:00:00,217.737
2009-02-13 11:00:00,212.9795
2009-02-13 12:00:00,207.5204
2009-02-13 13:00:00,203.6528
2009-02-13 14:00:00,202.0858
2009-02-13 15:00:00,203.3749
2009-02-13 16:00:00,208.3212
2009-02-13 17:00:00,216.9307
2009-02-13 18:00:00,225.638
2009-02-13 19:00:00,231.0481
2009-02-13 20:00:00,235.1674
2009-02-13 21:00:00,237.5225
2009-02-13 22:00:00,238.2358
2009-02-13 23:00:00,237.8432
2009-02-14 00:00:00,237.1895
2009-02-14 01:00:00,236.9987
2009-02-14 02:00:00,237.0095
2009-02-14 03:00:00,237.9644
2009-02-14 04:00:00,238.6379
2009-02-14 05:00:00,238.4982
2009-02-14 06:00:00,238.6192
2009-02-14 07:00:00,237.4941
2009-02-14 08:00:00,234.4071
2009-02-14 09:00:00,228.6746
2009-02-14 10:00:00,223.189
2009-02-14 11:00:00,218.0454
2009-02-14 12:00:00,212.5042
2009-02-14 13:00:00,209.2473
2009-02-14 14:00:00,208.2978
2009-02-14 15:00:00,208.4203
2009-02-14 16:00:00,211.4365
2009-02-14 17:00:00,215.7417
2009-02-14 18:00:00,221.2297
2009-02-14 19:00:00,226.8795
2009-02-14 20:00:00,230.383
2009-02-14 21:00:00,232.5714
2009-02-14 22:00:00,233.4287
2009-02-14 23:00:00,234.3969
2009-02-15 00:00:00,238.1567
2009-02-15 01:00:00,244.3929
2009-02-15 02:00:00,249.0526
2009-02-15 03:00:00,252.501
2009-02-15 04:00:00,256.2645
2009-02-15 05:00:00,260.3597
2009-02-15 06:00:00,264.753
2009-02-15 07:00:00,265.0444
2009-02-15 08:00:00,257.7715
2009-02-15 09:00:00,246.161
2009-02-15 10:00:00,233.2655
2009-02-15 11:00:00,222.2036
2009-02-15 12:00:00,213.3355
2009-02-15 13:00:00,208.391
2009-02-15 14:00:00,205.7084
2009-02-15 15:00:00,207.8955
2009-02-15 16:00:00,215.2996
2009-02-15 17:00:00,223.3615
2009-02-15 18:00:00,229.0589
2009-02-15 19:00:00,231.4397
2009-02-15 20:00:00,232.7313
2009-02-15 21:00:00,233.5329
2009-02-15 22:00:00,233.8033
2009-02-15 23:00:00,235.9244
2009-02-16 00:00:00,237.6929
2009-02-16 01:00:00,239.6101
2009-02-16 02:00:00,241.3688
2009-02-16 03:00:00,242.3147
2009-02-16 04:00:00,242.1631
2009-02-16 05:00:00,242.5044
2009-02-16 06:00:00,242.0459
2009-02-16 07:00:00,237.4757
2009-02-16 08:00:00,228.9198
2009-02-16 09:00:00,219.9285
2009-02-16 10:00:00,212.7651
2009-02-16 11:00:00,207.3617
2009-02-16 12:00:00,204.2683
2009-02-16 13:00:00,202.4617
2009-02-16 14:00:00,202.1067
2009-02-16 15:00:00,202.1221
2009-02-16 16:00:00,203.2097
2009-02-16 17:00:00,205.0827
2009-02-16 18:00:00,206.3034
2009-02-16 19:00:00,207.3854
2009-02-16 20:00:00,210.2581
2009-02-16 21:00:00,211.6936
2009-02-16 22:00:00,212.4316
2009-02-16 23:00:00,212.8329
2009-02-17 00:00:00,212.4467
2009-02-17 01:00:00,211.9969
2009-02-17 02:00:00,210.9803
2009-02-17 03:00:00,209.9869
2009-02-17 04:00:00,207.4255
2009-02-17 05:00:00,204.5226
2009-02-17 06:00:00,201.7737
2009-02-17 07:00:00,199.8538
2009-02-17 08:00:00,197.0745
2009-02-17 09:00:00,195.1828
2009-02-17 10:00:00,193.0399
2009-02-17 11:00:00,191.2337
2009-02-17 12:00:00,190.2466
2009-02-17 13:00:00,188.5193
2009-02-17 14:00:00,187.5087
2009-02-17 15:00:00,186.5941
2009-02-17 16:00:00,187.653
2009-02-17 17:00:00,188.0494
2009-02-17 18:00:00,188.3963
2009-02-17 19:00:00,189.046
2009-02-17 20:00:00,189.6054
2009-02-17 21:00:00,192.0568
2009-02-17 22:00:00,198.0479
2009-02-17 23:00:00,205.0038
2009-02-18 00:00:00,210.6834
2009-02-18 01:00:00,217.5026
2009-02-18 02:00:00,224.8125
2009-02-18 03:00:00,231.0915
2009-02-18 04:00:00,236.9705
2009-02-18 05:00:00,243.1724
2009-02-18 06:00:00,248.2738
2009-02-18 07:00:00,250.2751
2009-02-18 08:00:00,246.4437
2009-02-18 09:00:00,240.9803
2009-02-18 10:00:00,234.2011
2009-02-18 11:00:00,226.9163
2009-02-18 12:00:00,221.0833
2009-02-18 13:00:00,217.2083
2009-02-18 14:00:00,215.3013
2009-02-18 15:00:00,215.8831
2009-02-18 16:00:00,220.8798
2009-02-18 17:00:00,228.3967
2009-02-18 18:00:00,235.5312
2009-02-18 19:00:00,242.1551
2009-02-18 20:00:00,248.0616
2009-02-18 21:00:00,251.5815
2009-02-18 22:00:00,254.6951
2009-02-18 23:00:00,257.9297
2009-02-19 00:00:00,261.5277
2009-02-19 01:00:00,265.5001
2009-02-19 02:00:00,269.0685
2009-02-19 03:00:00,272.1057
2009-02-19 04:00:00,275.0771
2009-02-19 05:00:00,276.6099
2009-02-19 06:00:00,277.9512
2009-02-19 07:00:00,277.118
2009-02-19 08:00:00,268.574
2009-02-19 09:00:00,253.8031
2009-02-19 10:00:00,244.9169
2009-02-19 11:00:00,232.3242
2009-02-19 12:00:00,222.6454
2009-02-19 13:00:00,215.8005
2009-02-19 14:00:00,211.5598
2009-02-19 15:00:00,211.5263
2009-02-19 16:00:00,214.6012
2009-02-19 17:00:00,223.2975
2009-02-19 18:00:00,233.1064
2009-02-19 19:00:00,239.9786
2009-02-19 20:00:00,244.8489
2009-02-19 21:00:00,249.0257
2009-02-19 22:00:00,252.0785
2009-02-19 23:00:00,255.6108
2009-02-20 00:00:00,258.8029
2009-02-20 01:00:00,259.9137
2009-02-20 02:00:00,258.9318
2009-02-20 03:00:00,256.6257
2009-02-20 04:00:00,253.206
2009-02-20 05:00:00,249.7826
2009-02-20 06:00:00,246.2063
2009-02-20 07:00:00,241.0653
2009-02-20 08:00:00,231.8135
2009-02-20 09:00:00,223.7687
2009-02-20 10:00:00,215.5213
2009-02-20 11:00:00,206.1807
2009-02-20 12:00:00,199.0635
2009-02-20 13:00:00,193.046
2009-02-20 14:00:00,189.9248
2009-02-20 15:00:00,189.0626
2009-02-20 16:00:00,191.7276
2009-02-20 17:00:00,194.8079
2009-02-20 18:00:00,197.4509
2009-02-20 19:00:00,199.622
2009-02-20 20:00:00,199.8227
2009-02-20 21:00:00,198.9847
2009-02-20 22:00:00,199.2396
2009-02-20 23:00:00,200.3706
2009-02-21 00:00:00,201.0502
2009-02-21 01:00:00,201.7348
2009-02-21 02:00:00,202.2911
2009-02-21 03:00:00,202.8574
2009-02-21 04:00:00,202.846
2009-02-21 05:00:00,202.6907
2009-02-21 06:00:00,202.3708
2009-02-21 07:00:00,200.5107
2009-02-21 08:00:00,194.3499
2009-02-21 09:00:00,186.6952
2009-02-21 10:00:00,179.0695
2009-02-21 11:00:00,171.7219
2009-02-21 12:00:00,166.3328
2009-02-21 13:00:00,162.743
2009-02-21 14:00:00,159.8625
2009-02-21 15:00:00,162.4333
2009-02-21 16:00:00,166.7393
2009-02-21 17:00:00,173.6972
2009-02-21 18:00:00,179.2532
2009-02-21 19:00:00,183.4331
2009-02-21 20:00:00,186.5893
2009-02-21 21:00:00,189.8662
2009-02-21 22:00:00,192.7428
2009-02-21 23:00:00,195.4202
2009-02-22 00:00:00,197.666
2009-02-22 01:00:00,198.7362
2009-02-22 02:00:00,198.5643
2009-02-22 03:00:00,199.4973
2009-02-22 04:00:00,199.8341
2009-02-22 05:00:00,200.4417
2009-02-22 06:00:00,200.4569
2009-02-22 07:00:00,200.1861
2009-02-22 08:00:00,199.2481
2009-02-22 09:00:00,196.5106
2009-02-22 10:00:00,193.8076
2009-02-22 11:00:00,189.6479
2009-02-22 12:00:00,186.1204
2009-02-22 13:00:00,184.1901
2009-02-22 14:00:00,182.7472
2009-02-22 15:00:00,181.863
2009-02-22 16:00:00,182.1453
2009-02-22 17:00:00,183.121
2009-02-22 18:00:00,183.696
2009-02-22 19:00:00,184.6564
2009-02-22 20:00:00,185.0003
2009-02-22 21:00:00,185.8823
2009-02-22 22:00:00,186.1271
2009-02-22 23:00:00,185.5958
2009-02-23 00:00:00,185.1735
2009-02-23 01:00:00,184.5974
2009-02-23 02:00:00,184.8696
2009-02-23 03:00:00,185.2507
2009-02-23 04:00:00,185.612
2009-02-23 05:00:00,185.2796
2009-02-23 06:00:00,184.7037
2009-02-23 07:00:00,183.2487
2009-02-23 08:00:00,181.9537
2009-02-23 09:00:00,179.4077
2009-02-23 10:00:00,176.3375
2009-02-23 11:00:00,173.8093
2009-02-23 12:00:00,169.8132
2009-02-23 13:00:00,166.8959
2009-02-23 14:00:00,166.6371
2009-02-23 15:00:00,168.084
2009-02-23 16:00:00,170.4018
2009-02-23 17:00:00,175.3541
2009-02-23 18:00:00,179.1235
2009-02-23 19:00:00,181.4862
2009-02-23 20:00:00,183.2715
2009-02-23 21:00:00,183.8203
2009-02-23 22:00:00,184.2028
2009-02-23 23:00:00,184.5916
2009-02-24 00:00:00,186.2209
2009-02-24 01:00:00,189.1591
2009-02-24 02:00:00,190.0261
2009-02-24 03:00:00,190.2468
2009-02-24 04:00:00,190.4896
2009-02-24 05:00:00,191.6049
2009-02-24 06:00:00,192.3789
2009-02-24 07:00:00,190.6233
2009-02-24 08:00:00,185.0227
2009-02-24 09:00:00,178.1786
2009-02-24 10:00:00,171.6271
2009-02-24 11:00:00,165.9522
2009-02-24 12:00:00,163.5206
2009-02-24 13:00:00,161.9005
2009-02-24 14:00:00,163.14
2009-02-24 15:00:00,165.9383
2009-02-24 16:00:00,170.1016
2009-02-24 17:00:00,175.6054
2009-02-24 18:00:00,180.5528
2009-02-24 19:00:00,183.77
2009-02-24 20:00:00,186.2405
2009-02-24 21:00:00,188.8668
2009-02-24 22:00:00,192.2367
2009-02-24 23:00:00,196.83
2009-02-25 00:00:00,200.6127
2009-02-25 01:00:00,203.8058
2009-02-25 02:00:00,204.4518
2009-02-25 03:00:00,206.0815
2009-02-25 04:00:00,207.6968
2009-02-25 05:00:00,210.5967
2009-02-25 06:00:00,211.3186
2009-02-25 07:00:00,208.2273
2009-02-25 08:00:00,202.5669
2009-02-25 09:00:00,193.8556
2009-02-25 10:00:00,186.0002
2009-02-25 11:00:00,177.4663
2009-02-25 12:00:00,170.6571
2009-02-25 13:00:00,164.3794
2009-02-25 14:00:00,159.48
2009-02-25 15:00:00,158.5833
2009-02-25 16:00:00,163.9649
2009-02-25 17:00:00,175.4863
2009-02-25 18:00:00,184.9497
2009-02-25 19:00:00,191.6826
2009-02-25 20:00:00,197.887
2009-02-25 21:00:00,200.0216
2009-02-25 22:00:00,201.7503
2009-02-25 23:00:00,204.6566
2009-02-26 00:00:00,207.8279
2009-02-26 01:00:00,210.1126
2009-02-26 02:00:00,211.7231
2009-02-26 03:00:00,213.825
2009-02-26 04:00:00,213.7725
2009-02-26 05:00:00,212.0935
2009-02-26 06:00:00,208.738
2009-02-26 07:00:00,203.4485
2009-02-26 08:00:00,192.6766
2009-02-26 09:00:00,181.3693
2009-02-26 10:00:00,167.8973
2009-02-26 11:00:00,156.2784
2009-02-26 12:00:00,149.666
2009-02-26 13:00:00,145.6903
2009-02-26 14:00:00,145.3678
2009-02-26 15:00:00,148.2169
2009-02-26 16:00:00,151.4119
2009-02-26 17:00:00,157.1477
2009-02-26 18:00:00,162.3186
2009-02-26 19:00:00,166.0049
2009-02-26 20:00:00,168.1116
2009-02-26 21:00:00,169.8696
2009-02-26 22:00:00,170.4222
2009-02-26 23:00:00,170.841
2009-02-27 00:00:00,170.3189
2009-02-27 01:00:00,169.2484
2009-02-27 02:00:00,169.3806
2009-02-27 03:00:00,169.6865
2009-02-27 04:00:00,170.202
2009-02-27 05:00:00,170.1008
2009-02-27 06:00:00,170.0271
2009-02-27 07:00:00,168.3435
2009-02-27 08:00:00,164.2119
2009-02-27 09:00:00,156.8182
2009-02-27 10:00:00,148.8795
2009-02-27 11:00:00,141.7164
2009-02-27 12:00:00,133.7383
2009-02-27 13:00:00,124.2209
2009-02-27 14:00:00,121.5072
2009-02-27 15:00:00,120.3091
2009-02-27 16:00:00,127.4649
2009-02-27 17:00:00,139.2675
2009-02-27 18:00:00,151.608
2009-02-27 19:00:00,161.7808
2009-02-27 20:00:00,168.6215
2009-02-27 21:00:00,174.5891
2009-02-27 22:00:00,179.6589
2009-02-27 23:00:00,184.9696
2009-02-28 00:00:00,187.0157
2009-02-28 01:00:00,190.4635
2009-02-28 02:00:00,193.4907
2009-02-28 03:00:00,196.0832
2009-02-28 04:00:00,198.7367
2009-02-28 05:00:00,200.8756
2009-02-28 06:00:00,201.8525
2009-02-28 07:00:00,196.9575
2009-02-28 08:00:00,181.3592
2009-02-28 09:00:00,163.2729
2009-02-28 10:00:00,143.1324
2009-02-28 11:00:00,128.0149
2009-02-28 12:00:00,113.4022
2009-02-28 13:00:00,104.4662
2009-02-28 14:00:00,97.336
2009-02-28 15:00:00,93.748
2009-02-28 16:00:00,105.5223
2009-02-28 17:00:00,124.4149
2009-02-28 18:00:00,137.6637
2009-02-28 19:00:00,147.7833
2009-02-28 20:00:00,155.4439
2009-02-28 21:00:00,161.9201
2009-02-28 22:00:00,166.7545
2009-02-28 23:00:00,170.9346
2009-03-01 00:00:00,175.2393
2009-03-01 01:00:00,178.4336
2009-03-01 02:00:00,181.5817
2009-03-01 03:00:00,183.9864
2009-03-01 04:00:00,187.0
2009-03-01 05:00:00,187.4904
2009-03-01 06:00:00,189.1196
2009-03-01 07:00:00,183.6516
2009-03-01 08:00:00,173.4282
2009-03-01 09:00:00,161.5218
2009-03-01 10:00:00,148.65
2009-03-01 11:00:00,135.2382
2009-03-01 12:00:00,123.7621
2009-03-01 13:00:00,116.7089
2009-03-01 14:00:00,115.1655
2009-03-01 15:00:00,116.3266
2009-03-01 16:00:00,120.1168
2009-03-01 17:00:00,127.5963
2009-03-01 18:00:00,135.8089
2009-03-01 19:00:00,140.4437
2009-03-01 20:00:00,144.0289
2009-03-01 21:00:00,147.3104
2009-03-01 22:00:00,151.1683
2009-03-01 23:00:00,153.2966
2009-03-02 00:00:00,153.9548
2009-03-02 01:00:00,155.3505
2009-03-02 02:00:00,156.5234
2009-03-02 03:00:00,157.8896
2009-03-02 04:00:00,158.7554
2009-03-02 05:00:00,159.1491
2009-03-02 06:00:00,159.4144
2009-03-02 07:00:00,156.8915
2009-03-02 08:00:00,152.2568
2009-03-02 09:00:00,147.4116
2009-03-02 10:00:00,142.4018
2009-03-02 11:00:00,139.2945
2009-03-02 12:00:00,138.4086
2009-03-02 13:00:00,138.4845
2009-03-02 14:00:00,138.6581
2009-03-02 15:00:00,141.243
2009-03-02 16:00:00,144.2024
2009-03-02 17:00:00,147.0524
2009-03-02 18:00:00,150.0435
2009-03-02 19:00:00,151.8883
2009-03-02 20:00:00,153.4742
2009-03-02 21:00:00,155.7298
2009-03-02 22:00:00,157.5036
2009-03-02 23:00:00,159.0491
2009-03-03 00:00:00,160.3025
2009-03-03 01:00:00,161.9663
2009-03-03 02:00:00,162.984
2009-03-03 03:00:00,164.1867
2009-03-03 04:00:00,165.3128
2009-03-03 05:00:00,165.9138
2009-03-03 06:00:00,166.3739
2009-03-03 07:00:00,165.6655
2009-03-03 08:00:00,163.4168
2009-03-03 09:00:00,160.8546
2009-03-03 10:00:00,157.8655
2009-03-03 11:00:00,153.4236
2009-03-03 12:00:00,149.8851
2009-03-03 13:00:00,147.9014
2009-03-03 14:00:00,146.6497
2009-03-03 15:00:00,146.7703
2009-03-03 16:00:00,148.6392
2009-03-03 17:00:00,152.6493
2009-03-03 18:00:00,157.6699
2009-03-03 19:00:00,162.9926
2009-03-03 20:00:00,168.5591
2009-03-03 21:00:00,173.3802
2009-03-03 22:00:00,177.1036
2009-03-03 23:00:00,180.5925
2009-03-04 00:00:00,183.2212
2009-03-04 01:00:00,185.6225
2009-03-04 02:00:00,187.5499
2009-03-04 03:00:00,189.3972
2009-03-04 04:00:00,190.5408
2009-03-04 05:00:00,191.7804
2009-03-04 06:00:00,192.8655
2009-03-04 07:00:00,190.2549
2009-03-04 08:00:00,183.4919
2009-03-04 09:00:00,174.4575
2009-03-04 10:00:00,164.6317
2009-03-04 11:00:00,155.6637
2009-03-04 12:00:00,150.2331
2009-03-04 13:00:00,146.1223
2009-03-04 14:00:00,144.8109
2009-03-04 15:00:00,147.4956
2009-03-04 16:00:00,150.6841
2009-03-04 17:00:00,155.9716
2009-03-04 18:00:00,161.14
2009-03-04 19:00:00,164.8857
2009-03-04 20:00:00,168.9375
2009-03-04 21:00:00,171.7435
2009-03-04 22:00:00,172.9674
2009-03-04 23:00:00,174.8587
2009-03-05 00:00:00,177.587
2009-03-05 01:00:00,179.4374
2009-03-05 02:00:00,181.6333
2009-03-05 03:00:00,183.7698
2009-03-05 04:00:00,185.7012
2009-03-05 05:00:00,189.1121
2009-03-05 06:00:00,190.8235
2009-03-05 07:00:00,190.2484
2009-03-05 08:00:00,189.3465
2009-03-05 09:00:00,187.6249
2009-03-05 10:00:00,185.4415
2009-03-05 11:00:00,182.1657
2009-03-05 12:00:00,179.134
2009-03-05 13:00:00,177.8091
2009-03-05 14:00:00,178.3905
2009-03-05 15:00:00,179.7079
2009-03-05 16:00:00,182.4724
2009-03-05 17:00:00,185.9024
2009-03-05 18:00:00,188.7448
2009-03-05 19:00:00,189.7544
2009-03-05 20:00:00,190.9842
2009-03-05 21:00:00,191.2744
2009-03-05 22:00:00,190.7485
2009-03-05 23:00:00,191.0224
2009-03-06 00:00:00,191.652
2009-03-06 01:00:00,192.3308
2009-03-06 02:00:00,192.663
2009-03-06 03:00:00,193.0649
2009-03-06 04:00:00,193.8455
2009-03-06 05:00:00,194.1605
2009-03-06 06:00:00,194.3136
2009-03-06 07:00:00,193.4554
2009-03-06 08:00:00,191.5222
2009-03-06 09:00:00,188.396
2009-03-06 10:00:00,185.8739
2009-03-06 11:00:00,183.6614
2009-03-06 12:00:00,182.6402
2009-03-06 13:00:00,182.2879
2009-03-06 14:00:00,182.949
2009-03-06 15:00:00,184.7482
2009-03-06 16:00:00,185.8849
2009-03-06 17:00:00,188.1613
2009-03-06 18:00:00,189.7776
2009-03-06 19:00:00,190.7263
2009-03-06 20:00:00,191.5326
2009-03-06 21:00:00,191.5675
2009-03-06 22:00:00,191.7464
2009-03-06 23:00:00,191.1798
2009-03-07 00:00:00,191.4951
2009-03-07 01:00:00,192.6989
2009-03-07 02:00:00,193.021
2009-03-07 03:00:00,194.4152
2009-03-07 04:00:00,195.2978
2009-03-07 05:00:00,196.7102
2009-03-07 06:00:00,197.3652
2009-03-07 07:00:00,195.7748
2009-03-07 08:00:00,189.0643
2009-03-07 09:00:00,180.0429
2009-03-07 10:00:00,172.2408
2009-03-07 11:00:00,165.0068
2009-03-07 12:00:00,159.8252
2009-03-07 13:00:00,154.674
2009-03-07 14:00:00,154.2293
2009-03-07 15:00:00,154.1903
2009-03-07 16:00:00,159.1445
2009-03-07 17:00:00,169.1292
2009-03-07 18:00:00,180.7879
2009-03-07 19:00:00,188.735
2009-03-07 20:00:00,194.6335
2009-03-07 21:00:00,200.6084
2009-03-07 22:00:00,205.0462
2009-03-07 23:00:00,208.1268
2009-03-08 00:00:00,210.7416
2009-03-08 01:00:00,213.6812
2009-03-08 02:00:00,215.8353
2009-03-08 03:00:00,216.9123
2009-03-08 04:00:00,216.5014
2009-03-08 05:00:00,215.1493
2009-03-08 06:00:00,211.2479
2009-03-08 07:00:00,204.303
2009-03-08 08:00:00,192.1353
2009-03-08 09:00:00,177.2361
2009-03-08 10:00:00,165.1421
2009-03-08 11:00:00,156.0015
2009-03-08 12:00:00,144.3983
2009-03-08 13:00:00,134.1223
2009-03-08 14:00:00,129.8749
2009-03-08 15:00:00,130.0062
2009-03-08 16:00:00,132.4863
2009-03-08 17:00:00,136.6672
2009-03-08 18:00:00,140.7738
2009-03-08 19:00:00,145.2395
2009-03-08 20:00:00,147.5674
2009-03-08 21:00:00,149.8993
2009-03-08 22:00:00,152.0217
2009-03-08 23:00:00,155.2294
2009-03-09 00:00:00,155.8307
2009-03-09 01:00:00,160.8465
2009-03-09 02:00:00,171.9541
2009-03-09 03:00:00,179.1772
2009-03-09 04:00:00,180.755
2009-03-09 05:00:00,181.4557
2009-03-09 06:00:00,180.7049
2009-03-09 07:00:00,177.7492
2009-03-09 08:00:00,174.7185
2009-03-09 09:00:00,170.5816
2009-03-09 10:00:00,165.6536
2009-03-09 11:00:00,160.0433
2009-03-09 12:00:00,157.5532
2009-03-09 13:00:00,156.1385
2009-03-09 14:00:00,164.2205
2009-03-09 15:00:00,170.5802
2009-03-09 16:00:00,175.2415
2009-03-09 17:00:00,176.5187
2009-03-09 18:00:00,177.9392
2009-03-09 19:00:00,177.7412
2009-03-09 20:00:00,176.4212
2009-03-09 21:00:00,174.9197
2009-03-09 22:00:00,176.4411
2009-03-09 23:00:00,180.0445
2009-03-10 00:00:00,180.6935
2009-03-10 01:00:00,180.8168
2009-03-10 02:00:00,182.778
2009-03-10 03:00:00,185.0567
2009-03-10 04:00:00,184.1051
2009-03-10 05:00:00,183.117
2009-03-10 06:00:00,180.6998
2009-03-10 07:00:00,175.2032
2009-03-10 08:00:00,167.2155
2009-03-10 09:00:00,160.161
2009-03-10 10:00:00,157.8994
2009-03-10 11:00:00,156.6855
2009-03-10 12:00:00,158.5525
2009-03-10 13:00:00,163.1051
2009-03-10 14:00:00,166.7554
2009-03-10 15:00:00,169.4403
2009-03-10 16:00:00,169.7269
2009-03-10 17:00:00,169.323
2009-03-10 18:00:00,169.8528
2009-03-10 19:00:00,169.219
2009-03-10 20:00:00,168.8394
2009-03-10 21:00:00,170.117
2009-03-10 22:00:00,170.7074
2009-03-10 23:00:00,169.452
2009-03-11 00:00:00,167.6412
2009-03-11 01:00:00,165.1297
2009-03-11 02:00:00,164.8291
2009-03-11 03:00:00,166.0182
2009-03-11 04:00:00,167.507
2009-03-11 05:00:00,168.156
2009-03-11 06:00:00,168.4737
2009-03-11 07:00:00,167.5957
2009-03-11 08:00:00,163.4673
2009-03-11 09:00:00,159.741
2009-03-11 10:00:00,155.8836
2009-03-11 11:00:00,150.1946
2009-03-11 12:00:00,149.4015
2009-03-11 13:00:00,147.1887
2009-03-11 14:00:00,144.4953
2009-03-11 15:00:00,144.6614
2009-03-11 16:00:00,150.0244
2009-03-11 17:00:00,158.4262
2009-03-11 18:00:00,170.3757
2009-03-11 19:00:00,179.0294
2009-03-11 20:00:00,185.7211
2009-03-11 21:00:00,191.7055
2009-03-11 22:00:00,195.5662
2009-03-11 23:00:00,199.9903
2009-03-12 00:00:00,203.7378
2009-03-12 01:00:00,207.9004
2009-03-12 02:00:00,211.1963
2009-03-12 03:00:00,213.2501
2009-03-12 04:00:00,215.3151
2009-03-12 05:00:00,214.7381
2009-03-12 06:00:00,211.565
2009-03-12 07:00:00,204.0928
2009-03-12 08:00:00,194.9041
2009-03-12 09:00:00,184.5219
2009-03-12 10:00:00,172.3351
2009-03-12 11:00:00,159.9366
2009-03-12 12:00:00,151.3449
2009-03-12 13:00:00,144.9711
2009-03-12 14:00:00,142.2042
2009-03-12 15:00:00,141.5001
2009-03-12 16:00:00,143.0868
2009-03-12 17:00:00,145.7815
2009-03-12 18:00:00,148.983
2009-03-12 19:00:00,149.4627
2009-03-12 20:00:00,151.2039
2009-03-12 21:00:00,153.4611
2009-03-12 22:00:00,156.0294
2009-03-12 23:00:00,156.6043
2009-03-13 00:00:00,153.8715
2009-03-13 01:00:00,151.9187
2009-03-13 02:00:00,152.2703
2009-03-13 03:00:00,153.7324
2009-03-13 04:00:00,153.8286
2009-03-13 05:00:00,153.7953
2009-03-13 06:00:00,153.5983
2009-03-13 07:00:00,148.905
2009-03-13 08:00:00,139.7451
2009-03-13 09:00:00,127.9427
2009-03-13 10:00:00,116.9654
2009-03-13 11:00:00,104.1269
2009-03-13 12:00:00,96.8579
2009-03-13 13:00:00,89.6601
2009-03-13 14:00:00,83.9416
2009-03-13 15:00:00,86.3629
2009-03-13 16:00:00,92.826
2009-03-13 17:00:00,108.3798
2009-03-13 18:00:00,122.2356
2009-03-13 19:00:00,135.9822
2009-03-13 20:00:00,144.952
2009-03-13 21:00:00,153.0916
2009-03-13 22:00:00,159.1995
2009-03-13 23:00:00,165.1643
2009-03-14 00:00:00,167.9598
2009-03-14 01:00:00,171.0018
2009-03-14 02:00:00,173.1723
2009-03-14 03:00:00,176.1254
2009-03-14 04:00:00,179.0515
2009-03-14 05:00:00,181.6275
2009-03-14 06:00:00,182.669
2009-03-14 07:00:00,172.6437
2009-03-14 08:00:00,155.9161
2009-03-14 09:00:00,136.2559
2009-03-14 10:00:00,118.9909
2009-03-14 11:00:00,101.7445
2009-03-14 12:00:00,77.2199
2009-03-14 13:00:00,60.26
2009-03-14 14:00:00,56.4492
2009-03-14 15:00:00,56.7748
2009-03-14 16:00:00,63.3717
2009-03-14 17:00:00,80.993
2009-03-14 18:00:00,92.313
2009-03-14 19:00:00,107.075
2009-03-14 20:00:00,117.7466
2009-03-14 21:00:00,123.7641
2009-03-14 22:00:00,121.1073
2009-03-14 23:00:00,127.8839
2009-03-15 00:00:00,129.4776
2009-03-15 01:00:00,129.4139
2009-03-15 02:00:00,131.3036
2009-03-15 03:00:00,133.5802
2009-03-15 04:00:00,136.8702
2009-03-15 05:00:00,140.9735
2009-03-15 06:00:00,142.981
2009-03-15 07:00:00,140.8612
2009-03-15 08:00:00,135.1072
2009-03-15 09:00:00,126.7747
2009-03-15 10:00:00,120.0752
2009-03-15 11:00:00,111.2591
2009-03-15 12:00:00,101.8916
2009-03-15 13:00:00,97.7739
2009-03-15 14:00:00,95.9863
2009-03-15 15:00:00,98.108
2009-03-15 16:00:00,106.7915
2009-03-15 17:00:00,117.2069
2009-03-15 18:00:00,124.7097
2009-03-15 19:00:00,130.0407
2009-03-15 20:00:00,134.066
2009-03-15 21:00:00,138.0525
2009-03-15 22:00:00,143.3513
2009-03-15 23:00:00,149.3198
2009-03-16 00:00:00,154.3945
2009-03-16 01:00:00,158.3424
2009-03-16 02:00:00,162.4019
2009-03-16 03:00:00,166.7409
2009-03-16 04:00:00,172.5896
2009-03-16 05:00:00,178.9981
2009-03-16 06:00:00,179.952
2009-03-16 07:00:00,167.1822
2009-03-16 08:00:00,151.23
2009-03-16 09:00:00,136.7254
2009-03-16 10:00:00,123.3933
2009-03-16 11:00:00,113.0728
2009-03-16 12:00:00,103.2044
2009-03-16 13:00:00,88.3148
2009-03-16 14:00:00,80.1234
2009-03-16 15:00:00,79.5964
2009-03-16 16:00:00,93.9041
2009-03-16 17:00:00,109.2435
2009-03-16 18:00:00,126.0822
2009-03-16 19:00:00,136.0087
2009-03-16 20:00:00,145.1693
2009-03-16 21:00:00,152.975
2009-03-16 22:00:00,159.8344
2009-03-16 23:00:00,165.8774
2009-03-17 00:00:00,171.9383
2009-03-17 01:00:00,176.3704
2009-03-17 02:00:00,182.4686
2009-03-17 03:00:00,185.9693
2009-03-17 04:00:00,189.0895
2009-03-17 05:00:00,193.3466
2009-03-17 06:00:00,191.6571
2009-03-17 07:00:00,177.6329
2009-03-17 08:00:00,158.6675
2009-03-17 09:00:00,140.3716
2009-03-17 10:00:00,125.4567
2009-03-17 11:00:00,108.9788
2009-03-17 12:00:00,85.3233
2009-03-17 13:00:00,68.068
2009-03-17 14:00:00,60.8929
2009-03-17 15:00:00,60.5812
2009-03-17 16:00:00,66.4236
2009-03-17 17:00:00,87.6711
2009-03-17 18:00:00,109.8945
2009-03-17 19:00:00,123.9235
2009-03-17 20:00:00,134.6725
2009-03-17 21:00:00,141.6385
2009-03-17 22:00:00,148.0266
2009-03-17 23:00:00,152.7142
2009-03-18 00:00:00,157.0863
2009-03-18 01:00:00,161.4038
2009-03-18 02:00:00,167.045
2009-03-18 03:00:00,171.085
2009-03-18 04:00:00,175.1674
2009-03-18 05:00:00,177.1632
2009-03-18 06:00:00,176.9007
2009-03-18 07:00:00,167.3182
2009-03-18 08:00:00,153.5993
2009-03-18 09:00:00,139.523
2009-03-18 10:00:00,123.5419
2009-03-18 11:00:00,108.8782
2009-03-18 12:00:00,92.1611
2009-03-18 13:00:00,69.4263
2009-03-18 14:00:00,62.0125
2009-03-18 15:00:00,65.5575
2009-03-18 16:00:00,78.3924
2009-03-18 17:00:00,96.5405
2009-03-18 18:00:00,111.8753
2009-03-18 19:00:00,125.5406
2009-03-18 20:00:00,139.1788
2009-03-18 21:00:00,150.903
2009-03-18 22:00:00,161.6823
2009-03-18 23:00:00,171.0078
2009-03-19 00:00:00,179.2278
2009-03-19 01:00:00,186.0147
2009-03-19 02:00:00,192.5623
2009-03-19 03:00:00,195.9842
2009-03-19 04:00:00,199.8336
2009-03-19 05:00:00,201.4096
2009-03-19 06:00:00,198.6812
2009-03-19 07:00:00,185.6793
2009-03-19 08:00:00,166.734
2009-03-19 09:00:00,148.0631
2009-03-19 10:00:00,131.1271
2009-03-19 11:00:00,114.9728
2009-03-19 12:00:00,93.6605
2009-03-19 13:00:00,87.6192
2009-03-19 14:00:00,87.8706
2009-03-19 15:00:00,96.1048
2009-03-19 16:00:00,105.2455
2009-03-19 17:00:00,117.9554
2009-03-19 18:00:00,131.4283
2009-03-19 19:00:00,139.2205
2009-03-19 20:00:00,146.2554
2009-03-19 21:00:00,154.4905
2009-03-19 22:00:00,162.9269
2009-03-19 23:00:00,169.6995
2009-03-20 00:00:00,177.1446
2009-03-20 01:00:00,183.5773
2009-03-20 02:00:00,190.3263
2009-03-20 03:00:00,195.9464
2009-03-20 04:00:00,200.4026
2009-03-20 05:00:00,205.7451
2009-03-20 06:00:00,205.8191
2009-03-20 07:00:00,199.5043
2009-03-20 08:00:00,192.247
2009-03-20 09:00:00,182.565
2009-03-20 10:00:00,177.451
2009-03-20 11:00:00,172.5739
2009-03-20 12:00:00,168.6437
2009-03-20 13:00:00,165.9517
2009-03-20 14:00:00,163.7762
2009-03-20 15:00:00,165.8909
2009-03-20 16:00:00,171.1717
2009-03-20 17:00:00,178.3447
2009-03-20 18:00:00,186.6847
2009-03-20 19:00:00,193.0774
2009-03-20 20:00:00,197.8948
2009-03-20 21:00:00,203.5812
2009-03-20 22:00:00,207.7928
2009-03-20 23:00:00,212.9172
2009-03-21 00:00:00,217.4051
2009-03-21 01:00:00,222.0462
2009-03-21 02:00:00,224.7273
2009-03-21 03:00:00,229.0326
2009-03-21 04:00:00,231.8524
2009-03-21 05:00:00,235.3773
2009-03-21 06:00:00,233.0831
2009-03-21 07:00:00,221.2744
2009-03-21 08:00:00,207.2679
2009-03-21 09:00:00,191.6154
2009-03-21 10:00:00,178.7224
2009-03-21 11:00:00,168.4073
2009-03-21 12:00:00,159.4504
2009-03-21 13:00:00,152.999
2009-03-21 14:00:00,149.2567
2009-03-21 15:00:00,148.9489
2009-03-21 16:00:00,153.5564
2009-03-21 17:00:00,161.9953
2009-03-21 18:00:00,174.073
2009-03-21 19:00:00,184.4747
2009-03-21 20:00:00,191.8675
2009-03-21 21:00:00,198.9298
2009-03-21 22:00:00,206.2505
2009-03-21 23:00:00,210.7504
2009-03-22 00:00:00,213.9449
2009-03-22 01:00:00,217.6922
2009-03-22 02:00:00,220.9907
2009-03-22 03:00:00,224.3482
2009-03-22 04:00:00,225.5064
2009-03-22 05:00:00,225.7178
2009-03-22 06:00:00,220.6722
2009-03-22 07:00:00,207.7463
2009-03-22 08:00:00,192.3248
2009-03-22 09:00:00,175.3114
2009-03-22 10:00:00,159.0687
2009-03-22 11:00:00,143.1033
2009-03-22 12:00:00,129.3782
2009-03-22 13:00:00,117.642
2009-03-22 14:00:00,107.7422
2009-03-22 15:00:00,101.3717
2009-03-22 16:00:00,104.5533
2009-03-22 17:00:00,116.4703
2009-03-22 18:00:00,134.1971
2009-03-22 19:00:00,146.508
2009-03-22 20:00:00,155.6671
2009-03-22 21:00:00,164.8779
2009-03-22 22:00:00,173.0702
2009-03-22 23:00:00,180.1266
2009-03-23 00:00:00,186.4033
2009-03-23 01:00:00,189.5634
2009-03-23 02:00:00,192.4584
2009-03-23 03:00:00,194.2668
2009-03-23 04:00:00,195.1271
2009-03-23 05:00:00,195.2157
2009-03-23 06:00:00,192.1241
2009-03-23 07:00:00,180.4474
2009-03-23 08:00:00,163.8829
2009-03-23 09:00:00,148.4937
2009-03-23 10:00:00,132.4478
2009-03-23 11:00:00,118.409
2009-03-23 12:00:00,104.8804
2009-03-23 13:00:00,93.7492
2009-03-23 14:00:00,95.0914
2009-03-23 15:00:00,94.8975
2009-03-23 16:00:00,103.641
2009-03-23 17:00:00,108.8582
2009-03-23 18:00:00,114.008
2009-03-23 19:00:00,117.0988
2009-03-23 20:00:00,118.2546
2009-03-23 21:00:00,118.8301
2009-03-23 22:00:00,118.8958
2009-03-23 23:00:00,125.1315
2009-03-24 00:00:00,135.9499
2009-03-24 01:00:00,147.722
2009-03-24 02:00:00,166.7112
2009-03-24 03:00:00,181.6207
2009-03-24 04:00:00,189.4944
2009-03-24 05:00:00,191.822
2009-03-24 06:00:00,190.7893
2009-03-24 07:00:00,188.1758
2009-03-24 08:00:00,183.1489
2009-03-24 09:00:00,178.7637
2009-03-24 10:00:00,172.3202
2009-03-24 11:00:00,170.925
2009-03-24 12:00:00,168.6904
2009-03-24 13:00:00,163.307
2009-03-24 14:00:00,160.1092
2009-03-24 15:00:00,162.2883
2009-03-24 16:00:00,167.8103
2009-03-24 17:00:00,173.2782
2009-03-24 18:00:00,176.2353
2009-03-24 19:00:00,178.8977
2009-03-24 20:00:00,179.9677
2009-03-24 21:00:00,181.0049
2009-03-24 22:00:00,181.2723
2009-03-24 23:00:00,182.1683
2009-03-25 00:00:00,183.496
2009-03-25 01:00:00,184.7731
2009-03-25 02:00:00,186.1195
2009-03-25 03:00:00,188.0127
2009-03-25 04:00:00,188.5899
2009-03-25 05:00:00,189.3687
2009-03-25 06:00:00,186.9964
2009-03-25 07:00:00,181.5879
2009-03-25 08:00:00,175.4314
2009-03-25 09:00:00,176.0818
2009-03-25 10:00:00,175.1287
2009-03-25 11:00:00,168.2461
2009-03-25 12:00:00,162.8717
2009-03-25 13:00:00,159.4302
2009-03-25 14:00:00,158.446
2009-03-25 15:00:00,161.7083
2009-03-25 16:00:00,165.3283
2009-03-25 17:00:00,168.8984
2009-03-25 18:00:00,172.3333
2009-03-25 19:00:00,173.2455
2009-03-25 20:00:00,172.7281
2009-03-25 21:00:00,169.6986
2009-03-25 22:00:00,170.7981
2009-03-25 23:00:00,173.9065
2009-03-26 00:00:00,177.2667
2009-03-26 01:00:00,177.9798
2009-03-26 02:00:00,177.4476
2009-03-26 03:00:00,176.9597
2009-03-26 04:00:00,175.8379
2009-03-26 05:00:00,175.3025
2009-03-26 06:00:00,172.359
2009-03-26 07:00:00,166.6816
2009-03-26 08:00:00,159.1573
2009-03-26 09:00:00,149.6387
2009-03-26 10:00:00,140.6593
2009-03-26 11:00:00,132.4345
2009-03-26 12:00:00,127.3871
2009-03-26 13:00:00,122.1581
2009-03-26 14:00:00,119.7662
2009-03-26 15:00:00,121.4583
2009-03-26 16:00:00,124.1389
2009-03-26 17:00:00,128.2942
2009-03-26 18:00:00,133.0047
2009-03-26 19:00:00,138.4096
2009-03-26 20:00:00,143.235
2009-03-26 21:00:00,146.3525
2009-03-26 22:00:00,146.8472
2009-03-26 23:00:00,146.7616
2009-03-27 00:00:00,147.1628
2009-03-27 01:00:00,147.8317
2009-03-27 02:00:00,149.6063
2009-03-27 03:00:00,151.0874
2009-03-27 04:00:00,150.334
2009-03-27 05:00:00,149.7158
2009-03-27 06:00:00,147.5874
2009-03-27 07:00:00,142.7267
2009-03-27 08:00:00,135.4256
2009-03-27 09:00:00,127.514
2009-03-27 10:00:00,116.717
2009-03-27 11:00:00,99.7024
2009-03-27 12:00:00,79.6941
2009-03-27 13:00:00,76.019
2009-03-27 14:00:00,75.09
2009-03-27 15:00:00,80.0374
2009-03-27 16:00:00,94.0656
2009-03-27 17:00:00,106.5627
2009-03-27 18:00:00,115.9206
2009-03-27 19:00:00,121.8774
2009-03-27 20:00:00,126.638
2009-03-27 21:00:00,130.1781
2009-03-27 22:00:00,133.2269
2009-03-27 23:00:00,137.5403
2009-03-28 00:00:00,140.3826
2009-03-28 01:00:00,142.2721
2009-03-28 02:00:00,145.0627
2009-03-28 03:00:00,147.4817
2009-03-28 04:00:00,149.1687
2009-03-28 05:00:00,149.1698
2009-03-28 06:00:00,146.749
2009-03-28 07:00:00,140.7563
2009-03-28 08:00:00,135.3105
2009-03-28 09:00:00,131.0246
2009-03-28 10:00:00,126.062
2009-03-28 11:00:00,126.9539
2009-03-28 12:00:00,130.0172
2009-03-28 13:00:00,135.8328
2009-03-28 14:00:00,142.4541
2009-03-28 15:00:00,147.0947
2009-03-28 16:00:00,151.6899
2009-03-28 17:00:00,155.9866
2009-03-28 18:00:00,160.6452
2009-03-28 19:00:00,163.3241
2009-03-28 20:00:00,164.6493
2009-03-28 21:00:00,166.175
2009-03-28 22:00:00,167.8201
2009-03-28 23:00:00,169.5054
2009-03-29 00:00:00,170.6949
2009-03-29 01:00:00,172.1677
2009-03-29 02:00:00,173.6058
2009-03-29 03:00:00,174.6236
2009-03-29 04:00:00,175.3108
2009-03-29 05:00:00,176.0572
2009-03-29 06:00:00,175.1093
2009-03-29 07:00:00,171.2334
2009-03-29 08:00:00,165.3828
2009-03-29 09:00:00,159.9958
2009-03-29 10:00:00,154.838
2009-03-29 11:00:00,152.1647
2009-03-29 12:00:00,147.4927
2009-03-29 13:00:00,143.4599
2009-03-29 14:00:00,143.6389
2009-03-29 15:00:00,145.1304
2009-03-29 16:00:00,147.2573
2009-03-29 17:00:00,150.8889
2009-03-29 18:00:00,155.0426
2009-03-29 19:00:00,157.3217
2009-03-29 20:00:00,159.4
2009-03-29 21:00:00,161.7613
2009-03-29 22:00:00,163.4159
2009-03-29 23:00:00,165.0144
2009-03-30 00:00:00,166.5851
2009-03-30 01:00:00,167.4942
2009-03-30 02:00:00,168.2495
2009-03-30 03:00:00,169.6419
2009-03-30 04:00:00,171.0244
2009-03-30 05:00:00,172.1836
2009-03-30 06:00:00,170.3761
2009-03-30 07:00:00,166.1179
2009-03-30 08:00:00,161.6012
2009-03-30 09:00:00,156.1501
2009-03-30 10:00:00,150.0332
2009-03-30 11:00:00,143.3865
2009-03-30 12:00:00,139.9835
2009-03-30 13:00:00,138.2479
2009-03-30 14:00:00,137.6324
2009-03-30 15:00:00,137.668
2009-03-30 16:00:00,138.4891
2009-03-30 17:00:00,140.7508
2009-03-30 18:00:00,142.9867
2009-03-30 19:00:00,144.2816
2009-03-30 20:00:00,145.8078
2009-03-30 21:00:00,147.5002
2009-03-30 22:00:00,150.2296
2009-03-30 23:00:00,152.4995
2009-03-31 00:00:00,156.6081
2009-03-31 01:00:00,161.8255
2009-03-31 02:00:00,165.8638
2009-03-31 03:00:00,168.6397
2009-03-31 04:00:00,169.68
2009-03-31 05:00:00,172.3838
2009-03-31 06:00:00,169.6823
2009-03-31 07:00:00,163.6529
2009-03-31 08:00:00,157.6957
2009-03-31 09:00:00,149.3663
2009-03-31 10:00:00,140.9468
2009-03-31 11:00:00,133.1697
2009-03-31 12:00:00,126.4681
2009-03-31 13:00:00,122.7158
2009-03-31 14:00:00,117.9389
2009-03-31 15:00:00,122.4445
2009-03-31 16:00:00,126.015
2009-03-31 17:00:00,130.0751
2009-03-31 18:00:00,133.303
2009-03-31 19:00:00,135.4457
2009-03-31 20:00:00,136.6273
2009-03-31 21:00:00,138.3478
2009-03-31 22:00:00,139.9157
2009-03-31 23:00:00,142.0965
2009-04-01 00:00:00,144.927
2009-04-01 01:00:00,148.6254
2009-04-01 02:00:00,152.0396
2009-04-01 03:00:00,154.3006
2009-04-01 04:00:00,155.022
2009-04-01 05:00:00,155.4561
2009-04-01 06:00:00,154.1972
2009-04-01 07:00:00,150.3594
2009-04-01 08:00:00,144.2026
2009-04-01 09:00:00,135.8047
2009-04-01 10:00:00,129.057
2009-04-01 11:00:00,123.0943
2009-04-01 12:00:00,117.2183
2009-04-01 13:00:00,111.853
2009-04-01 14:00:00,106.6051
2009-04-01 15:00:00,106.4042
2009-04-01 16:00:00,109.8708
2009-04-01 17:00:00,121.176
2009-04-01 18:00:00,126.5465
2009-04-01 19:00:00,130.0813
2009-04-01 20:00:00,133.223
2009-04-01 21:00:00,136.7025
2009-04-01 22:00:00,139.6245
2009-04-01 23:00:00,139.7105
2009-04-02 00:00:00,134.012
2009-04-02 01:00:00,133.6451
2009-04-02 02:00:00,133.0774
2009-04-02 03:00:00,133.8196
2009-04-02 04:00:00,134.9943
2009-04-02 05:00:00,134.4552
2009-04-02 06:00:00,133.3627
2009-04-02 07:00:00,129.6638
2009-04-02 08:00:00,123.2502
2009-04-02 09:00:00,112.8177
2009-04-02 10:00:00,98.4849
2009-04-02 11:00:00,82.0248
2009-04-02 12:00:00,70.7436
2009-04-02 13:00:00,56.6346
2009-04-02 14:00:00,43.8708
2009-04-02 15:00:00,38.699
2009-04-02 16:00:00,39.0223
2009-04-02 17:00:00,50.7942
2009-04-02 18:00:00,74.5427
2009-04-02 19:00:00,82.6762
2009-04-02 20:00:00,89.832
2009-04-02 21:00:00,94.9259
2009-04-02 22:00:00,97.7789
2009-04-02 23:00:00,101.0942
2009-04-03 00:00:00,90.7413
2009-04-03 01:00:00,93.4582
2009-04-03 02:00:00,95.0643
2009-04-03 03:00:00,97.1158
2009-04-03 04:00:00,100.224
2009-04-03 05:00:00,102.7966
2009-04-03 06:00:00,101.2054
2009-04-03 07:00:00,93.244
2009-04-03 08:00:00,81.3086
2009-04-03 09:00:00,66.8698
2009-04-03 10:00:00,45.6952
2009-04-03 11:00:00,28.3514
2009-04-03 12:00:00,17.3071
2009-04-03 13:00:00,13.2592
2009-04-03 14:00:00,7.9001
2009-04-03 15:00:00,8.5994
2009-04-03 16:00:00,10.2905
2009-04-03 17:00:00,13.8063
2009-04-03 18:00:00,39.856
2009-04-03 19:00:00,68.9798
2009-04-03 20:00:00,77.5039
2009-04-03 21:00:00,83.7663
2009-04-03 22:00:00,90.3421
2009-04-03 23:00:00,95.8065
2009-04-04 00:00:00,112.364
2009-04-04 01:00:00,116.3768
2009-04-04 02:00:00,119.6345
2009-04-04 03:00:00,121.6325
2009-04-04 04:00:00,123.6839
2009-04-04 05:00:00,125.9214
2009-04-04 06:00:00,121.6343
2009-04-04 07:00:00,110.3447
2009-04-04 08:00:00,98.215
2009-04-04 09:00:00,79.9756
2009-04-04 10:00:00,57.1596
2009-04-04 11:00:00,37.1301
2009-04-04 12:00:00,18.2478
2009-04-04 13:00:00,11.9994
2009-04-04 14:00:00,8.9047
2009-04-04 15:00:00,9.778
2009-04-04 16:00:00,13.1556
2009-04-04 17:00:00,23.244
2009-04-04 18:00:00,51.0732
2009-04-04 19:00:00,71.1433
2009-04-04 20:00:00,84.6546
2009-04-04 21:00:00,94.2322
2009-04-04 22:00:00,99.8714
2009-04-04 23:00:00,103.6611
2009-04-05 00:00:00,98.6642
2009-04-05 01:00:00,102.4698
2009-04-05 02:00:00,105.0547
2009-04-05 03:00:00,107.2684
2009-04-05 04:00:00,109.5452
2009-04-05 05:00:00,110.2358
2009-04-05 06:00:00,106.3948
2009-04-05 07:00:00,96.3638
2009-04-05 08:00:00,84.7049
2009-04-05 09:00:00,64.2332
2009-04-05 10:00:00,42.6715
2009-04-05 11:00:00,18.6069
2009-04-05 12:00:00,10.1355
2009-04-05 13:00:00,7.5944
2009-04-05 14:00:00,6.4528
2009-04-05 15:00:00,6.6167
2009-04-05 16:00:00,9.4268
2009-04-05 17:00:00,14.3803
2009-04-05 18:00:00,36.1836
2009-04-05 19:00:00,63.4287
2009-04-05 20:00:00,79.7991
2009-04-05 21:00:00,86.9196
2009-04-05 22:00:00,92.9795
2009-04-05 23:00:00,98.5696
2009-04-06 00:00:00,95.1185
2009-04-06 01:00:00,98.5541
2009-04-06 02:00:00,102.0766
2009-04-06 03:00:00,105.7001
2009-04-06 04:00:00,106.051
2009-04-06 05:00:00,107.3292
2009-04-06 06:00:00,102.2127
2009-04-06 07:00:00,89.3572
2009-04-06 08:00:00,74.7489
2009-04-06 09:00:00,53.7864
2009-04-06 10:00:00,26.1592
2009-04-06 11:00:00,8.0599
2009-04-06 12:00:00,4.92
2009-04-06 13:00:00,4.3247
2009-04-06 14:00:00,3.5832
2009-04-06 15:00:00,3.4063
2009-04-06 16:00:00,4.027
2009-04-06 17:00:00,7.5524
2009-04-06 18:00:00,20.2144
2009-04-06 19:00:00,36.4264
2009-04-06 20:00:00,56.1343
2009-04-06 21:00:00,66.3829
2009-04-06 22:00:00,76.4747
2009-04-06 23:00:00,81.0361
2009-04-07 00:00:00,76.0626
2009-04-07 01:00:00,78.9916
2009-04-07 02:00:00,82.5213
2009-04-07 03:00:00,85.6781
2009-04-07 04:00:00,87.9607
2009-04-07 05:00:00,88.805
2009-04-07 06:00:00,84.1184
2009-04-07 07:00:00,71.5279
2009-04-07 08:00:00,58.1228
2009-04-07 09:00:00,31.124
2009-04-07 10:00:00,11.3329
2009-04-07 11:00:00,5.109
2009-04-07 12:00:00,3.5999
2009-04-07 13:00:00,3.0023
2009-04-07 14:00:00,3.7911
2009-04-07 15:00:00,4.3037
2009-04-07 16:00:00,7.4497
2009-04-07 17:00:00,25.1688
2009-04-07 18:00:00,40.948
2009-04-07 19:00:00,52.919
2009-04-07 20:00:00,61.7094
2009-04-07 21:00:00,66.5612
2009-04-07 22:00:00,69.9742
2009-04-07 23:00:00,73.3356
2009-04-08 00:00:00,90.3007
2009-04-08 01:00:00,94.4996
2009-04-08 02:00:00,97.4103
2009-04-08 03:00:00,99.3327
2009-04-08 04:00:00,100.9683
2009-04-08 05:00:00,100.5732
2009-04-08 06:00:00,95.8004
2009-04-08 07:00:00,87.0394
2009-04-08 08:00:00,75.489
2009-04-08 09:00:00,65.1003
2009-04-08 10:00:00,56.552
2009-04-08 11:00:00,46.8255
2009-04-08 12:00:00,27.6853
2009-04-08 13:00:00,11.1317
2009-04-08 14:00:00,10.0905
2009-04-08 15:00:00,10.3231
2009-04-08 16:00:00,11.2463
2009-04-08 17:00:00,15.8899
2009-04-08 18:00:00,43.5377
2009-04-08 19:00:00,60.6048
2009-04-08 20:00:00,74.2615
2009-04-08 21:00:00,81.4383
2009-04-08 22:00:00,86.5816
2009-04-08 23:00:00,90.6448
2009-04-09 00:00:00,79.5746
2009-04-09 01:00:00,82.966
2009-04-09 02:00:00,85.7895
2009-04-09 03:00:00,89.1681
2009-04-09 04:00:00,91.4823
2009-04-09 05:00:00,92.029
2009-04-09 06:00:00,86.3788
2009-04-09 07:00:00,75.2878
2009-04-09 08:00:00,62.2406
2009-04-09 09:00:00,38.2289
2009-04-09 10:00:00,21.8843
2009-04-09 11:00:00,5.9829
2009-04-09 12:00:00,3.8713
2009-04-09 13:00:00,2.7022
2009-04-09 14:00:00,1.933
2009-04-09 15:00:00,2.0016
2009-04-09 16:00:00,3.3171
2009-04-09 17:00:00,4.7417
2009-04-09 18:00:00,16.5228
2009-04-09 19:00:00,30.2139
2009-04-09 20:00:00,47.7714
2009-04-09 21:00:00,59.8048
2009-04-09 22:00:00,65.2955
2009-04-09 23:00:00,68.1865
2009-04-10 00:00:00,45.1571
2009-04-10 01:00:00,47.4334
2009-04-10 02:00:00,49.211
2009-04-10 03:00:00,51.0766
2009-04-10 04:00:00,52.9683
2009-04-10 05:00:00,53.7132
2009-04-10 06:00:00,48.9239
2009-04-10 07:00:00,40.6826
2009-04-10 08:00:00,31.8603
2009-04-10 09:00:00,14.8057
2009-04-10 10:00:00,4.7582
2009-04-10 11:00:00,2.9749
2009-04-10 12:00:00,2.1873
2009-04-10 13:00:00,2.0671
2009-04-10 14:00:00,2.0387
2009-04-10 15:00:00,2.1391
2009-04-10 16:00:00,2.6529
2009-04-10 17:00:00,4.3215
2009-04-10 18:00:00,6.2685
2009-04-10 19:00:00,12.9359
2009-04-10 20:00:00,22.2644
2009-04-10 21:00:00,28.1724
2009-04-10 22:00:00,31.5021
2009-04-10 23:00:00,34.311
2009-04-11 00:00:00,36.2467
2009-04-11 01:00:00,39.1282
2009-04-11 02:00:00,40.8057
2009-04-11 03:00:00,42.4173
2009-04-11 04:00:00,43.5085
2009-04-11 05:00:00,43.7767
2009-04-11 06:00:00,39.6802
2009-04-11 07:00:00,32.944
2009-04-11 08:00:00,26.3838
2009-04-11 09:00:00,8.4606
2009-04-11 10:00:00,5.1687
2009-04-11 11:00:00,3.5147
2009-04-11 12:00:00,2.7237
2009-04-11 13:00:00,2.6329
2009-04-11 14:00:00,2.5171
2009-04-11 15:00:00,2.6854
2009-04-11 16:00:00,3.5726
2009-04-11 17:00:00,4.0298
2009-04-11 18:00:00,10.2953
2009-04-11 19:00:00,17.5541
2009-04-11 20:00:00,22.781
2009-04-11 21:00:00,27.9862
2009-04-11 22:00:00,31.9564
2009-04-11 23:00:00,33.067
2009-04-12 00:00:00,61.711
2009-04-12 01:00:00,64.5554
2009-04-12 02:00:00,66.7297
2009-04-12 03:00:00,68.6206
2009-04-12 04:00:00,70.766
2009-04-12 05:00:00,71.5517
2009-04-12 06:00:00,69.476
2009-04-12 07:00:00,62.1918
2009-04-12 08:00:00,53.2901
2009-04-12 09:00:00,42.1386
2009-04-12 10:00:00,18.7956
2009-04-12 11:00:00,7.3835
2009-04-12 12:00:00,3.3304
2009-04-12 13:00:00,2.7728
2009-04-12 14:00:00,2.7763
2009-04-12 15:00:00,3.0952
2009-04-12 16:00:00,3.6898
2009-04-12 17:00:00,6.2612
2009-04-12 18:00:00,17.5191
2009-04-12 19:00:00,41.4614
2009-04-12 20:00:00,49.4175
2009-04-12 21:00:00,56.2463
2009-04-12 22:00:00,60.7655
2009-04-12 23:00:00,64.9529
2009-04-13 00:00:00,68.2267
2009-04-13 01:00:00,70.9894
2009-04-13 02:00:00,74.1643
2009-04-13 03:00:00,76.9678
2009-04-13 04:00:00,78.5922
2009-04-13 05:00:00,78.9849
2009-04-13 06:00:00,72.4739
2009-04-13 07:00:00,60.7819
2009-04-13 08:00:00,47.7087
2009-04-13 09:00:00,19.0689
2009-04-13 10:00:00,6.2243
2009-04-13 11:00:00,3.1434
2009-04-13 12:00:00,1.8772
2009-04-13 13:00:00,1.8483
2009-04-13 14:00:00,1.8591
2009-04-13 15:00:00,2.0568
2009-04-13 16:00:00,2.7741
2009-04-13 17:00:00,4.133
2009-04-13 18:00:00,11.4937
2009-04-13 19:00:00,22.8511
2009-04-13 20:00:00,42.9611
2009-04-13 21:00:00,51.322
2009-04-13 22:00:00,56.8256
2009-04-13 23:00:00,60.5417
2009-04-14 00:00:00,50.2562
2009-04-14 01:00:00,52.9744
2009-04-14 02:00:00,55.3583
2009-04-14 03:00:00,57.1015
2009-04-14 04:00:00,58.7473
2009-04-14 05:00:00,59.028
2009-04-14 06:00:00,53.8833
2009-04-14 07:00:00,45.1439
2009-04-14 08:00:00,36.1367
2009-04-14 09:00:00,16.2016
2009-04-14 10:00:00,5.2651
2009-04-14 11:00:00,2.7495
2009-04-14 12:00:00,1.6762
2009-04-14 13:00:00,1.6566
2009-04-14 14:00:00,1.5195
2009-04-14 15:00:00,1.1815
2009-04-14 16:00:00,2.7593
2009-04-14 17:00:00,4.3964
2009-04-14 18:00:00,9.8741
2009-04-14 19:00:00,22.9129
2009-04-14 20:00:00,35.8009
2009-04-14 21:00:00,41.3134
2009-04-14 22:00:00,43.4145
2009-04-14 23:00:00,47.5911
2009-04-15 00:00:00,27.9906
2009-04-15 01:00:00,29.2438
2009-04-15 02:00:00,30.2376
2009-04-15 03:00:00,31.3441
2009-04-15 04:00:00,32.0326
2009-04-15 05:00:00,31.7905
2009-04-15 06:00:00,28.0747
2009-04-15 07:00:00,22.1848
2009-04-15 08:00:00,16.6763
2009-04-15 09:00:00,3.673
2009-04-15 10:00:00,1.5887
2009-04-15 11:00:00,1.5793
2009-04-15 12:00:00,1.3502
2009-04-15 13:00:00,1.1169
2009-04-15 14:00:00,1.1791
2009-04-15 15:00:00,1.4697
2009-04-15 16:00:00,1.9122
2009-04-15 17:00:00,3.1019
2009-04-15 18:00:00,4.5739
2009-04-15 19:00:00,10.9692
2009-04-15 20:00:00,14.912
2009-04-15 21:00:00,16.8781
2009-04-15 22:00:00,18.9788
2009-04-15 23:00:00,19.6248
2009-04-16 00:00:00,58.5808
2009-04-16 01:00:00,65.9259
2009-04-16 02:00:00,69.2065
2009-04-16 03:00:00,79.543
2009-04-16 04:00:00,84.1028
2009-04-16 05:00:00,87.7563
2009-04-16 06:00:00,81.6548
2009-04-16 07:00:00,75.0441
2009-04-16 08:00:00,67.2983
2009-04-16 09:00:00,62.2943
2009-04-16 10:00:00,58.6537
2009-04-16 11:00:00,42.3006
2009-04-16 12:00:00,59.6835
2009-04-16 13:00:00,91.3552
2009-04-16 14:00:00,110.71
2009-04-16 15:00:00,114.7919
2009-04-16 16:00:00,115.092
2009-04-16 17:00:00,115.9077
2009-04-16 18:00:00,119.0705
2009-04-16 19:00:00,121.1106
2009-04-16 20:00:00,122.4796
2009-04-16 21:00:00,124.3994
2009-04-16 22:00:00,125.9479
2009-04-16 23:00:00,126.7202
2009-04-17 00:00:00,137.1487
2009-04-17 01:00:00,138.3806
2009-04-17 02:00:00,139.186
2009-04-17 03:00:00,139.4593
2009-04-17 04:00:00,140.0706
2009-04-17 05:00:00,138.9498
2009-04-17 06:00:00,134.0448
2009-04-17 07:00:00,125.529
2009-04-17 08:00:00,111.9356
2009-04-17 09:00:00,106.3879
2009-04-17 10:00:00,87.6459
2009-04-17 11:00:00,79.2949
2009-04-17 12:00:00,76.4266
2009-04-17 13:00:00,68.2901
2009-04-17 14:00:00,57.1505
2009-04-17 15:00:00,58.1004
2009-04-17 16:00:00,62.9508
2009-04-17 17:00:00,75.0735
2009-04-17 18:00:00,98.4805
2009-04-17 19:00:00,111.4777
2009-04-17 20:00:00,118.1846
2009-04-17 21:00:00,122.1698
2009-04-17 22:00:00,126.4334
2009-04-17 23:00:00,128.6953
2009-04-18 00:00:00,129.1449
2009-04-18 01:00:00,132.6816
2009-04-18 02:00:00,134.2771
2009-04-18 03:00:00,135.4249
2009-04-18 04:00:00,135.7724
2009-04-18 05:00:00,135.082
2009-04-18 06:00:00,125.5796
2009-04-18 07:00:00,114.0962
2009-04-18 08:00:00,97.8942
2009-04-18 09:00:00,74.2705
2009-04-18 10:00:00,61.9238
2009-04-18 11:00:00,49.1948
2009-04-18 12:00:00,53.1735
2009-04-18 13:00:00,44.9949
2009-04-18 14:00:00,44.0359
2009-04-18 15:00:00,46.905
2009-04-18 16:00:00,56.8733
2009-04-18 17:00:00,66.012
2009-04-18 18:00:00,91.9123
2009-04-18 19:00:00,106.6202
2009-04-18 20:00:00,119.0292
2009-04-18 21:00:00,125.8696
2009-04-18 22:00:00,131.6384
2009-04-18 23:00:00,136.295
2009-04-19 00:00:00,139.9897
2009-04-19 01:00:00,144.029
2009-04-19 02:00:00,149.846
2009-04-19 03:00:00,153.3671
2009-04-19 04:00:00,155.117
2009-04-19 05:00:00,151.4776
2009-04-19 06:00:00,141.1194
2009-04-19 07:00:00,128.8279
2009-04-19 08:00:00,118.1095
2009-04-19 09:00:00,105.4717
2009-04-19 10:00:00,87.0456
2009-04-19 11:00:00,64.1843
2009-04-19 12:00:00,42.9756
2009-04-19 13:00:00,23.8319
2009-04-19 14:00:00,20.2263
2009-04-19 15:00:00,18.6665
2009-04-19 16:00:00,21.828
2009-04-19 17:00:00,26.6684
2009-04-19 18:00:00,39.7569
2009-04-19 19:00:00,58.6377
2009-04-19 20:00:00,73.5399
2009-04-19 21:00:00,84.2315
2009-04-19 22:00:00,94.7111
2009-04-19 23:00:00,103.9014
2009-04-20 00:00:00,79.9088
2009-04-20 01:00:00,83.328
2009-04-20 02:00:00,85.4568
2009-04-20 03:00:00,87.3213
2009-04-20 04:00:00,87.6546
2009-04-20 05:00:00,86.2346
2009-04-20 06:00:00,80.7824
2009-04-20 07:00:00,74.1314
2009-04-20 08:00:00,66.341
2009-04-20 09:00:00,56.6706
2009-04-20 10:00:00,38.801
2009-04-20 11:00:00,20.7874
2009-04-20 12:00:00,14.0139
2009-04-20 13:00:00,6.4472
2009-04-20 14:00:00,4.6314
2009-04-20 15:00:00,4.6863
2009-04-20 16:00:00,6.4329
2009-04-20 17:00:00,9.3067
2009-04-20 18:00:00,16.3102
2009-04-20 19:00:00,34.2063
2009-04-20 20:00:00,48.7406
2009-04-20 21:00:00,53.7529
2009-04-20 22:00:00,61.045
2009-04-20 23:00:00,67.454
2009-04-21 00:00:00,59.9443
2009-04-21 01:00:00,62.876
2009-04-21 02:00:00,65.4578
2009-04-21 03:00:00,67.4459
2009-04-21 04:00:00,69.3758
2009-04-21 05:00:00,68.2951
2009-04-21 06:00:00,62.0607
2009-04-21 07:00:00,54.3719
2009-04-21 08:00:00,46.4567
2009-04-21 09:00:00,23.7426
2009-04-21 10:00:00,13.8756
2009-04-21 11:00:00,6.16
2009-04-21 12:00:00,4.9226
2009-04-21 13:00:00,3.9729
2009-04-21 14:00:00,3.1795
2009-04-21 15:00:00,6.0499
2009-04-21 16:00:00,17.2365
2009-04-21 17:00:00,22.1633
2009-04-21 18:00:00,26.1937
2009-04-21 19:00:00,33.8804
2009-04-21 20:00:00,42.6555
2009-04-21 21:00:00,47.6533
2009-04-21 22:00:00,50.9202
2009-04-21 23:00:00,55.513
2009-04-22 00:00:00,43.9029
2009-04-22 01:00:00,45.9509
2009-04-22 02:00:00,47.1625
2009-04-22 03:00:00,47.6358
2009-04-22 04:00:00,48.7836
2009-04-22 05:00:00,48.3863
2009-04-22 06:00:00,43.7907
2009-04-22 07:00:00,37.6133
2009-04-22 08:00:00,30.1486
2009-04-22 09:00:00,15.2993
2009-04-22 10:00:00,6.2516
2009-04-22 11:00:00,3.9138
2009-04-22 12:00:00,3.5721
2009-04-22 13:00:00,2.0784
2009-04-22 14:00:00,2.0526
2009-04-22 15:00:00,2.6519
2009-04-22 16:00:00,4.2914
2009-04-22 17:00:00,6.5212
2009-04-22 18:00:00,12.5531
2009-04-22 19:00:00,20.3912
2009-04-22 20:00:00,28.5923
2009-04-22 21:00:00,32.0285
2009-04-22 22:00:00,36.3623
2009-04-22 23:00:00,38.6419
2009-04-23 00:00:00,81.3075
2009-04-23 01:00:00,90.2654
2009-04-23 02:00:00,95.4243
2009-04-23 03:00:00,100.864
2009-04-23 04:00:00,106.7779
2009-04-23 05:00:00,109.3821
2009-04-23 06:00:00,102.9962
2009-04-23 07:00:00,94.068
2009-04-23 08:00:00,81.8413
2009-04-23 09:00:00,63.1524
2009-04-23 10:00:00,51.2965
2009-04-23 11:00:00,32.2261
2009-04-23 12:00:00,20.7805
2009-04-23 13:00:00,18.227
2009-04-23 14:00:00,20.3071
2009-04-23 15:00:00,26.8449
2009-04-23 16:00:00,46.5477
2009-04-23 17:00:00,65.1509
2009-04-23 18:00:00,78.0279
2009-04-23 19:00:00,95.3348
2009-04-23 20:00:00,100.2021
2009-04-23 21:00:00,105.7893
2009-04-23 22:00:00,114.0236
2009-04-23 23:00:00,121.1697
2009-04-24 00:00:00,147.0671
2009-04-24 01:00:00,152.6221
2009-04-24 02:00:00,157.5463
2009-04-24 03:00:00,162.1405
2009-04-24 04:00:00,164.8317
2009-04-24 05:00:00,163.3117
2009-04-24 06:00:00,154.2986
2009-04-24 07:00:00,142.8851
2009-04-24 08:00:00,129.8399
2009-04-24 09:00:00,115.877
2009-04-24 10:00:00,94.3769
2009-04-24 11:00:00,69.7689
2009-04-24 12:00:00,53.9046
2009-04-24 13:00:00,30.2475
2009-04-24 14:00:00,30.4015
2009-04-24 15:00:00,35.6476
2009-04-24 16:00:00,49.478
2009-04-24 17:00:00,55.0435
2009-04-24 18:00:00,72.5525
2009-04-24 19:00:00,87.144
2009-04-24 20:00:00,97.9225
2009-04-24 21:00:00,104.5578
2009-04-24 22:00:00,107.9599
2009-04-24 23:00:00,114.1413
2009-04-25 00:00:00,55.4316
2009-04-25 01:00:00,56.9169
2009-04-25 02:00:00,57.7537
2009-04-25 03:00:00,58.4768
2009-04-25 04:00:00,61.2925
2009-04-25 05:00:00,60.3647
2009-04-25 06:00:00,52.8732
2009-04-25 07:00:00,43.9862
2009-04-25 08:00:00,35.1629
2009-04-25 09:00:00,18.3146
2009-04-25 10:00:00,5.9982
2009-04-25 11:00:00,3.4762
2009-04-25 12:00:00,2.7085
2009-04-25 13:00:00,2.2062
2009-04-25 14:00:00,2.4439
2009-04-25 15:00:00,2.0294
2009-04-25 16:00:00,2.8503
2009-04-25 17:00:00,4.2682
2009-04-25 18:00:00,7.775
2009-04-25 19:00:00,16.2514
2009-04-25 20:00:00,25.8058
2009-04-25 21:00:00,32.1196
2009-04-25 22:00:00,37.7275
2009-04-25 23:00:00,40.6823
2009-04-26 00:00:00,54.8503
2009-04-26 01:00:00,56.6491
2009-04-26 02:00:00,60.8924
2009-04-26 03:00:00,62.2518
2009-04-26 04:00:00,62.9295
2009-04-26 05:00:00,62.2616
2009-04-26 06:00:00,58.9064
2009-04-26 07:00:00,50.5965
2009-04-26 08:00:00,41.0596
2009-04-26 09:00:00,19.2785
2009-04-26 10:00:00,11.2693
2009-04-26 11:00:00,6.8101
2009-04-26 12:00:00,6.933
2009-04-26 13:00:00,7.0334
2009-04-26 14:00:00,8.1574
2009-04-26 15:00:00,7.2387
2009-04-26 16:00:00,7.9159
2009-04-26 17:00:00,8.318
2009-04-26 18:00:00,14.708
2009-04-26 19:00:00,27.4455
2009-04-26 20:00:00,45.2965
2009-04-26 21:00:00,52.4135
2009-04-26 22:00:00,55.535
2009-04-26 23:00:00,57.4567
2009-04-27 00:00:00,87.4863
2009-04-27 01:00:00,91.1654
2009-04-27 02:00:00,95.5408
2009-04-27 03:00:00,97.4648
2009-04-27 04:00:00,99.8125
2009-04-27 05:00:00,101.1447
2009-04-27 06:00:00,100.477
2009-04-27 07:00:00,100.9999
2009-04-27 08:00:00,100.9032
2009-04-27 09:00:00,98.0042
2009-04-27 10:00:00,90.606
2009-04-27 11:00:00,89.018
2009-04-27 12:00:00,84.3286
2009-04-27 13:00:00,81.4464
2009-04-27 14:00:00,80.0032
2009-04-27 15:00:00,86.1151
2009-04-27 16:00:00,88.199
2009-04-27 17:00:00,97.0129
2009-04-27 18:00:00,104.1968
2009-04-27 19:00:00,107.0923
2009-04-27 20:00:00,109.021
2009-04-27 21:00:00,110.577
2009-04-27 22:00:00,111.6861
2009-04-27 23:00:00,112.395
2009-04-28 00:00:00,119.9386
2009-04-28 01:00:00,121.756
2009-04-28 02:00:00,123.4169
2009-04-28 03:00:00,125.5521
2009-04-28 04:00:00,127.0213
2009-04-28 05:00:00,126.7506
2009-04-28 06:00:00,125.6958
2009-04-28 07:00:00,126.3441
2009-04-28 08:00:00,128.6061
2009-04-28 09:00:00,130.9594
2009-04-28 10:00:00,131.1932
2009-04-28 11:00:00,130.3759
2009-04-28 12:00:00,127.6343
2009-04-28 13:00:00,123.8349
2009-04-28 14:00:00,124.893
2009-04-28 15:00:00,123.9747
2009-04-28 16:00:00,126.401
2009-04-28 17:00:00,132.5319
2009-04-28 18:00:00,136.7136
2009-04-28 19:00:00,140.5335
2009-04-28 20:00:00,143.2322
2009-04-28 21:00:00,144.5929
2009-04-28 22:00:00,146.191
2009-04-28 23:00:00,147.1112
2009-04-29 00:00:00,147.9934
2009-04-29 01:00:00,148.0912
2009-04-29 02:00:00,148.8307
2009-04-29 03:00:00,149.5388
2009-04-29 04:00:00,150.4232
2009-04-29 05:00:00,148.6679
2009-04-29 06:00:00,145.7477
2009-04-29 07:00:00,142.3239
2009-04-29 08:00:00,139.7184
2009-04-29 09:00:00,136.5809
2009-04-29 10:00:00,133.0912
2009-04-29 11:00:00,127.5088
2009-04-29 12:00:00,119.7068
2009-04-29 13:00:00,108.9464
2009-04-29 14:00:00,101.6317
2009-04-29 15:00:00,104.5712
2009-04-29 16:00:00,114.3353
2009-04-29 17:00:00,120.2106
2009-04-29 18:00:00,127.649
2009-04-29 19:00:00,133.6014
2009-04-29 20:00:00,136.4208
2009-04-29 21:00:00,139.6784
2009-04-29 22:00:00,143.3435
2009-04-29 23:00:00,147.3645
2009-04-30 00:00:00,149.755
2009-04-30 01:00:00,153.6987
2009-04-30 02:00:00,157.6289
2009-04-30 03:00:00,159.7294
2009-04-30 04:00:00,159.5964
2009-04-30 05:00:00,156.9598
2009-04-30 06:00:00,146.5433
2009-04-30 07:00:00,134.7352
2009-04-30 08:00:00,123.0119
2009-04-30 09:00:00,108.888
2009-04-30 10:00:00,95.9925
2009-04-30 11:00:00,76.6682
2009-04-30 12:00:00,56.1323
2009-04-30 13:00:00,52.289
2009-04-30 14:00:00,51.2496
2009-04-30 15:00:00,56.6903
2009-04-30 16:00:00,59.2855
2009-04-30 17:00:00,66.9245
2009-04-30 18:00:00,79.2293
2009-04-30 19:00:00,94.8757
2009-04-30 20:00:00,107.1792
2009-04-30 21:00:00,114.5241
2009-04-30 22:00:00,119.5454
2009-04-30 23:00:00,128.1305
2009-05-01 00:00:00,114.0269
2009-05-01 01:00:00,118.3411
2009-05-01 02:00:00,124.3543
2009-05-01 03:00:00,129.6913
2009-05-01 04:00:00,132.6529
2009-05-01 05:00:00,130.1355
2009-05-01 06:00:00,116.3986
2009-05-01 07:00:00,101.1271
2009-05-01 08:00:00,86.4817
2009-05-01 09:00:00,63.7643
2009-05-01 10:00:00,40.9845
2009-05-01 11:00:00,25.6946
2009-05-01 12:00:00,12.4907
2009-05-01 13:00:00,6.9324
2009-05-01 14:00:00,6.0244
2009-05-01 15:00:00,5.9471
2009-05-01 16:00:00,6.0946
2009-05-01 17:00:00,7.5723
2009-05-01 18:00:00,18.4926
2009-05-01 19:00:00,32.552
2009-05-01 20:00:00,57.2865
2009-05-01 21:00:00,67.665
2009-05-01 22:00:00,77.2353
2009-05-01 23:00:00,83.8221
2009-05-02 00:00:00,70.5754
2009-05-02 01:00:00,71.4743
2009-05-02 02:00:00,73.2306
2009-05-02 03:00:00,74.5549
2009-05-02 04:00:00,75.0888
2009-05-02 05:00:00,74.014
2009-05-02 06:00:00,68.9407
2009-05-02 07:00:00,60.6027
2009-05-02 08:00:00,46.7446
2009-05-02 09:00:00,35.8834
2009-05-02 10:00:00,23.9203
2009-05-02 11:00:00,20.1187
2009-05-02 12:00:00,15.7847
2009-05-02 13:00:00,21.7047
2009-05-02 14:00:00,38.7145
2009-05-02 15:00:00,36.6469
2009-05-02 16:00:00,40.3076
2009-05-02 17:00:00,43.5406
2009-05-02 18:00:00,50.4094
2009-05-02 19:00:00,60.4697
2009-05-02 20:00:00,66.9587
2009-05-02 21:00:00,69.483
2009-05-02 22:00:00,71.9135
2009-05-02 23:00:00,76.6382
2009-05-03 00:00:00,77.0951
2009-05-03 01:00:00,81.4571
2009-05-03 02:00:00,83.3238
2009-05-03 03:00:00,85.1739
2009-05-03 04:00:00,85.8131
2009-05-03 05:00:00,85.1453
2009-05-03 06:00:00,78.9118
2009-05-03 07:00:00,71.5995
2009-05-03 08:00:00,60.8702
2009-05-03 09:00:00,37.3189
2009-05-03 10:00:00,11.8614
2009-05-03 11:00:00,5.7849
2009-05-03 12:00:00,4.8688
2009-05-03 13:00:00,3.3865
2009-05-03 14:00:00,2.4774
2009-05-03 15:00:00,3.7075
2009-05-03 16:00:00,7.2246
2009-05-03 17:00:00,12.233
2009-05-03 18:00:00,20.0907
2009-05-03 19:00:00,34.3816
2009-05-03 20:00:00,53.064
2009-05-03 21:00:00,61.0945
2009-05-03 22:00:00,65.6194
2009-05-03 23:00:00,68.1277
2009-05-04 00:00:00,93.2934
2009-05-04 01:00:00,97.077
2009-05-04 02:00:00,106.2596
2009-05-04 03:00:00,109.1025
2009-05-04 04:00:00,110.5175
2009-05-04 05:00:00,110.9099
2009-05-04 06:00:00,110.1729
2009-05-04 07:00:00,108.4121
2009-05-04 08:00:00,106.9478
2009-05-04 09:00:00,103.5228
2009-05-04 10:00:00,102.4016
2009-05-04 11:00:00,95.2879
2009-05-04 12:00:00,90.9573
2009-05-04 13:00:00,88.7792
2009-05-04 14:00:00,85.4517
2009-05-04 15:00:00,86.2842
2009-05-04 16:00:00,91.0132
2009-05-04 17:00:00,94.8129
2009-05-04 18:00:00,102.9817
2009-05-04 19:00:00,115.0764
2009-05-04 20:00:00,122.0801
2009-05-04 21:00:00,129.6228
2009-05-04 22:00:00,134.7673
2009-05-04 23:00:00,139.4029
2009-05-05 00:00:00,150.7343
2009-05-05 01:00:00,155.8343
2009-05-05 02:00:00,160.3409
2009-05-05 03:00:00,164.241
2009-05-05 04:00:00,162.803
2009-05-05 05:00:00,156.9136
2009-05-05 06:00:00,146.9803
2009-05-05 07:00:00,136.6507
2009-05-05 08:00:00,126.34
2009-05-05 09:00:00,116.1422
2009-05-05 10:00:00,102.3679
2009-05-05 11:00:00,91.7759
2009-05-05 12:00:00,76.4955
2009-05-05 13:00:00,64.943
2009-05-05 14:00:00,58.3737
2009-05-05 15:00:00,56.2282
2009-05-05 16:00:00,56.455
2009-05-05 17:00:00,63.669
2009-05-05 18:00:00,75.3284
2009-05-05 19:00:00,86.6944
2009-05-05 20:00:00,99.2757
2009-05-05 21:00:00,107.1889
2009-05-05 22:00:00,113.4731
2009-05-05 23:00:00,114.8269
2009-05-06 00:00:00,74.4543
2009-05-06 01:00:00,74.7773
2009-05-06 02:00:00,75.0008
2009-05-06 03:00:00,75.1698
2009-05-06 04:00:00,74.6027
2009-05-06 05:00:00,72.6825
2009-05-06 06:00:00,67.7951
2009-05-06 07:00:00,63.0407
2009-05-06 08:00:00,56.2234
2009-05-06 09:00:00,29.9571
2009-05-06 10:00:00,12.4787
2009-05-06 11:00:00,8.7068
2009-05-06 12:00:00,4.7399
2009-05-06 13:00:00,3.5247
2009-05-06 14:00:00,3.2007
2009-05-06 15:00:00,2.6671
2009-05-06 16:00:00,2.7389
2009-05-06 17:00:00,5.2972
2009-05-06 18:00:00,11.7357
2009-05-06 19:00:00,36.0922
2009-05-06 20:00:00,49.21
2009-05-06 21:00:00,62.4404
2009-05-06 22:00:00,67.1418
2009-05-06 23:00:00,71.9284
2009-05-07 00:00:00,24.8142
2009-05-07 01:00:00,25.9429
2009-05-07 02:00:00,26.8786
2009-05-07 03:00:00,27.6312
2009-05-07 04:00:00,28.2069
2009-05-07 05:00:00,26.2231
2009-05-07 06:00:00,21.9755
2009-05-07 07:00:00,17.3339
2009-05-07 08:00:00,12.9157
2009-05-07 09:00:00,2.9596
2009-05-07 10:00:00,1.4209
2009-05-07 11:00:00,0.1103
2009-05-07 12:00:00,0.0182
2009-05-07 13:00:00,0.0171
2009-05-07 14:00:00,0.007
2009-05-07 15:00:00,0.0076
2009-05-07 16:00:00,0.2271
2009-05-07 17:00:00,0.6929
2009-05-07 18:00:00,1.6
2009-05-07 19:00:00,7.065
2009-05-07 20:00:00,14.4568
2009-05-07 21:00:00,14.8847
2009-05-07 22:00:00,14.9669
2009-05-07 23:00:00,16.6352
2009-05-08 00:00:00,4.5444
2009-05-08 01:00:00,6.0692
2009-05-08 02:00:00,6.343
2009-05-08 03:00:00,6.9133
2009-05-08 04:00:00,7.32
2009-05-08 05:00:00,6.7545
2009-05-08 06:00:00,5.1443
2009-05-08 07:00:00,4.566
2009-05-08 08:00:00,1.2427
2009-05-08 09:00:00,1.0986
2009-05-08 10:00:00,0.6186
2009-05-08 11:00:00,0.4529
2009-05-08 12:00:00,0.1745
2009-05-08 13:00:00,0.3637
2009-05-08 14:00:00,0.765
2009-05-08 15:00:00,1.3505
2009-05-08 16:00:00,1.4236
2009-05-08 17:00:00,2.6111
2009-05-08 18:00:00,3.7263
2009-05-08 19:00:00,5.8452
2009-05-08 20:00:00,6.4345
2009-05-08 21:00:00,6.9308
2009-05-08 22:00:00,7.1844
2009-05-08 23:00:00,7.4535
2009-05-09 00:00:00,9.4799
2009-05-09 01:00:00,9.6108
2009-05-09 02:00:00,9.9218
2009-05-09 03:00:00,10.0704
2009-05-09 04:00:00,10.0409
2009-05-09 05:00:00,9.4162
2009-05-09 06:00:00,8.4012
2009-05-09 07:00:00,6.7899
2009-05-09 08:00:00,3.7313
2009-05-09 09:00:00,0.5529
2009-05-09 10:00:00,0.3444
2009-05-09 11:00:00,0.0978
2009-05-09 12:00:00,0.2125
2009-05-09 13:00:00,0.2923
2009-05-09 14:00:00,0.6192
2009-05-09 15:00:00,1.5752
2009-05-09 16:00:00,1.6562
2009-05-09 17:00:00,4.044
2009-05-09 18:00:00,5.6566
2009-05-09 19:00:00,6.8547
2009-05-09 20:00:00,7.3629
2009-05-09 21:00:00,7.6249
2009-05-09 22:00:00,7.7727
2009-05-09 23:00:00,8.0874
2009-05-10 00:00:00,6.2557
2009-05-10 01:00:00,6.9356
2009-05-10 02:00:00,7.1332
2009-05-10 03:00:00,7.2478
2009-05-10 04:00:00,7.3143
2009-05-10 05:00:00,6.9558
2009-05-10 06:00:00,6.1894
2009-05-10 07:00:00,4.7057
2009-05-10 08:00:00,1.8644
2009-05-10 09:00:00,0.7613
2009-05-10 10:00:00,0.5433
2009-05-10 11:00:00,0.5392
2009-05-10 12:00:00,1.1238
2009-05-10 13:00:00,1.1704
2009-05-10 14:00:00,1.3319
2009-05-10 15:00:00,1.436
2009-05-10 16:00:00,1.686
2009-05-10 17:00:00,2.7473
2009-05-10 18:00:00,3.7563
2009-05-10 19:00:00,5.5933
2009-05-10 20:00:00,6.0168
2009-05-10 21:00:00,6.274
2009-05-10 22:00:00,6.337
2009-05-10 23:00:00,6.461
2009-05-11 00:00:00,9.161
2009-05-11 01:00:00,9.5621
2009-05-11 02:00:00,9.6824
2009-05-11 03:00:00,9.7497
2009-05-11 04:00:00,9.7737
2009-05-11 05:00:00,9.1758
2009-05-11 06:00:00,7.8414
2009-05-11 07:00:00,5.2071
2009-05-11 08:00:00,3.6197
2009-05-11 09:00:00,2.2801
2009-05-11 10:00:00,1.8561
2009-05-11 11:00:00,0.6456
2009-05-11 12:00:00,0.6381
2009-05-11 13:00:00,0.7297
2009-05-11 14:00:00,0.8826
2009-05-11 15:00:00,0.9463
2009-05-11 16:00:00,1.0532
2009-05-11 17:00:00,1.2949
2009-05-11 18:00:00,1.5673
2009-05-11 19:00:00,3.9874
2009-05-11 20:00:00,6.9085
2009-05-11 21:00:00,8.0186
2009-05-11 22:00:00,8.3796
2009-05-11 23:00:00,8.2747
2009-05-12 00:00:00,6.4425
2009-05-12 01:00:00,6.5082
2009-05-12 02:00:00,6.7024
2009-05-12 03:00:00,6.897
2009-05-12 04:00:00,6.859
2009-05-12 05:00:00,6.5774
2009-05-12 06:00:00,6.1871
2009-05-12 07:00:00,4.6012
2009-05-12 08:00:00,1.6585
2009-05-12 09:00:00,1.5252
2009-05-12 10:00:00,0.9778
2009-05-12 11:00:00,1.0474
2009-05-12 12:00:00,2.1099
2009-05-12 13:00:00,1.9999
2009-05-12 14:00:00,3.2111
2009-05-12 15:00:00,2.4394
2009-05-12 16:00:00,2.5762
2009-05-12 17:00:00,4.131
2009-05-12 18:00:00,5.5041
2009-05-12 19:00:00,6.0085
2009-05-12 20:00:00,6.1782
2009-05-12 21:00:00,6.3137
2009-05-12 22:00:00,6.4235
2009-05-12 23:00:00,6.7782
2009-05-13 00:00:00,5.0906
2009-05-13 01:00:00,5.3016
2009-05-13 02:00:00,5.4419
2009-05-13 03:00:00,5.5635
2009-05-13 04:00:00,5.4138
2009-05-13 05:00:00,4.9952
2009-05-13 06:00:00,4.328
2009-05-13 07:00:00,2.8655
2009-05-13 08:00:00,2.2725
2009-05-13 09:00:00,1.1449
2009-05-13 10:00:00,0.4741
2009-05-13 11:00:00,0.3543
2009-05-13 12:00:00,0.3398
2009-05-13 13:00:00,0.4731
2009-05-13 14:00:00,1.195
2009-05-13 15:00:00,0.6813
2009-05-13 16:00:00,0.8913
2009-05-13 17:00:00,1.28
2009-05-13 18:00:00,2.3394
2009-05-13 19:00:00,4.1409
2009-05-13 20:00:00,4.3072
2009-05-13 21:00:00,4.3705
2009-05-13 22:00:00,4.4119
2009-05-13 23:00:00,4.5104
2009-05-14 00:00:00,5.7083
2009-05-14 01:00:00,5.2789
2009-05-14 02:00:00,5.9764
2009-05-14 03:00:00,6.1139
2009-05-14 04:00:00,6.1623
2009-05-14 05:00:00,6.091
2009-05-14 06:00:00,5.6712
2009-05-14 07:00:00,3.7726
2009-05-14 08:00:00,3.0989
2009-05-14 09:00:00,2.8329
2009-05-14 10:00:00,2.2701
2009-05-14 11:00:00,2.2092
2009-05-14 12:00:00,2.0277
2009-05-14 13:00:00,1.4904
2009-05-14 14:00:00,1.5513
2009-05-14 15:00:00,1.8359
2009-05-14 16:00:00,2.5949
2009-05-14 17:00:00,3.4399
2009-05-14 18:00:00,5.1335
2009-05-14 19:00:00,5.5465
2009-05-14 20:00:00,5.9123
2009-05-14 21:00:00,6.1856
2009-05-14 22:00:00,6.4238
2009-05-14 23:00:00,6.5143
2009-05-15 00:00:00,31.8725
2009-05-15 01:00:00,33.3424
2009-05-15 02:00:00,37.6129
2009-05-15 03:00:00,47.1503
2009-05-15 04:00:00,47.8848
2009-05-15 05:00:00,46.8565
2009-05-15 06:00:00,44.9256
2009-05-15 07:00:00,29.9846
2009-05-15 08:00:00,26.3606
2009-05-15 09:00:00,24.2641
2009-05-15 10:00:00,23.5609
2009-05-15 11:00:00,32.66
2009-05-15 12:00:00,34.1681
2009-05-15 13:00:00,36.3281
2009-05-15 14:00:00,44.0456
2009-05-15 15:00:00,49.3404
2009-05-15 16:00:00,52.3218
2009-05-15 17:00:00,53.7932
2009-05-15 18:00:00,55.0224
2009-05-15 19:00:00,56.733
2009-05-15 20:00:00,58.7133
2009-05-15 21:00:00,60.6957
2009-05-15 22:00:00,62.8879
2009-05-15 23:00:00,65.1234
2009-05-16 00:00:00,66.8137
2009-05-16 01:00:00,68.3801
2009-05-16 02:00:00,69.4567
2009-05-16 03:00:00,70.3701
2009-05-16 04:00:00,70.1775
2009-05-16 05:00:00,68.532
2009-05-16 06:00:00,65.3097
2009-05-16 07:00:00,60.9342
2009-05-16 08:00:00,55.2193
2009-05-16 09:00:00,45.8803
2009-05-16 10:00:00,29.1399
2009-05-16 11:00:00,11.3081
2009-05-16 12:00:00,7.7062
2009-05-16 13:00:00,4.7944
2009-05-16 14:00:00,3.5532
2009-05-16 15:00:00,2.6014
2009-05-16 16:00:00,1.4237
2009-05-16 17:00:00,4.0328
2009-05-16 18:00:00,7.5723
2009-05-16 19:00:00,19.2731
2009-05-16 20:00:00,41.2077
2009-05-16 21:00:00,45.739
2009-05-16 22:00:00,50.8333
2009-05-16 23:00:00,53.9199
2009-05-17 00:00:00,5.1579
2009-05-17 01:00:00,5.1404
2009-05-17 02:00:00,5.1146
2009-05-17 03:00:00,5.2041
2009-05-17 04:00:00,5.198
2009-05-17 05:00:00,4.4856
2009-05-17 06:00:00,3.632
2009-05-17 07:00:00,1.883
2009-05-17 08:00:00,1.3372
2009-05-17 09:00:00,0.3556
2009-05-17 10:00:00,0.228
2009-05-17 11:00:00,0.1614
2009-05-17 12:00:00,0.0357
2009-05-17 13:00:00,0.0762
2009-05-17 14:00:00,0.1411
2009-05-17 15:00:00,0.2122
2009-05-17 16:00:00,1.0335
2009-05-17 17:00:00,1.4388
2009-05-17 18:00:00,2.5206
2009-05-17 19:00:00,3.1648
2009-05-17 20:00:00,3.617
2009-05-17 21:00:00,4.0458
2009-05-17 22:00:00,4.3462
2009-05-17 23:00:00,4.5369
2009-05-18 00:00:00,41.5937
2009-05-18 01:00:00,44.2067
2009-05-18 02:00:00,45.8376
2009-05-18 03:00:00,47.0085
2009-05-18 04:00:00,47.4445
2009-05-18 05:00:00,46.1999
2009-05-18 06:00:00,43.9019
2009-05-18 07:00:00,40.397
2009-05-18 08:00:00,37.3975
2009-05-18 09:00:00,36.2371
2009-05-18 10:00:00,33.4147
2009-05-18 11:00:00,30.6241
2009-05-18 12:00:00,25.6366
2009-05-18 13:00:00,14.6239
2009-05-18 14:00:00,12.1526
2009-05-18 15:00:00,13.7253
2009-05-18 16:00:00,14.612
2009-05-18 17:00:00,18.5439
2009-05-18 18:00:00,25.7894
2009-05-18 19:00:00,32.8056
2009-05-18 20:00:00,38.378
2009-05-18 21:00:00,43.163
2009-05-18 22:00:00,45.1785
2009-05-18 23:00:00,47.5537
2009-05-19 00:00:00,14.5932
2009-05-19 01:00:00,14.9961
2009-05-19 02:00:00,15.6864
2009-05-19 03:00:00,15.992
2009-05-19 04:00:00,15.6569
2009-05-19 05:00:00,14.4338
2009-05-19 06:00:00,12.791
2009-05-19 07:00:00,11.0927
2009-05-19 08:00:00,8.0485
2009-05-19 09:00:00,3.4644
2009-05-19 10:00:00,1.7917
2009-05-19 11:00:00,0.8327
2009-05-19 12:00:00,0.2317
2009-05-19 13:00:00,0.1856
2009-05-19 14:00:00,0.1937
2009-05-19 15:00:00,0.2067
2009-05-19 16:00:00,0.2653
2009-05-19 17:00:00,0.5723
2009-05-19 18:00:00,1.9773
2009-05-19 19:00:00,4.3592
2009-05-19 20:00:00,8.8966
2009-05-19 21:00:00,9.6423
2009-05-19 22:00:00,10.3909
2009-05-19 23:00:00,10.9501
2009-05-20 00:00:00,2.013
2009-05-20 01:00:00,2.0941
2009-05-20 02:00:00,2.1314
2009-05-20 03:00:00,2.1618
2009-05-20 04:00:00,2.1823
2009-05-20 05:00:00,2.0603
2009-05-20 06:00:00,1.7169
2009-05-20 07:00:00,1.1848
2009-05-20 08:00:00,0.5828
2009-05-20 09:00:00,0.1762
2009-05-20 10:00:00,0.0294
2009-05-20 11:00:00,0.0027
2009-05-20 12:00:00,0.0025
2009-05-20 13:00:00,0.0025
2009-05-20 14:00:00,0.0024
2009-05-20 15:00:00,0.0022
2009-05-20 16:00:00,0.0048
2009-05-20 17:00:00,0.1413
2009-05-20 18:00:00,0.4283
2009-05-20 19:00:00,1.2213
2009-05-20 20:00:00,1.4084
2009-05-20 21:00:00,1.4821
2009-05-20 22:00:00,1.5635
2009-05-20 23:00:00,1.6264
2009-05-21 00:00:00,0.9452
2009-05-21 01:00:00,0.9596
2009-05-21 02:00:00,0.9901
2009-05-21 03:00:00,1.0204
2009-05-21 04:00:00,1.0299
2009-05-21 05:00:00,0.9515
2009-05-21 06:00:00,0.8011
2009-05-21 07:00:00,0.5864
2009-05-21 08:00:00,0.2457
2009-05-21 09:00:00,0.0393
2009-05-21 10:00:00,0.0336
2009-05-21 11:00:00,0.0065
2009-05-21 12:00:00,0.0313
2009-05-21 13:00:00,0.003
2009-05-21 14:00:00,0.0025
2009-05-21 15:00:00,0.0055
2009-05-21 16:00:00,0.0048
2009-05-21 17:00:00,0.126
2009-05-21 18:00:00,0.2239
2009-05-21 19:00:00,0.5719
2009-05-21 20:00:00,0.6273
2009-05-21 21:00:00,0.6619
2009-05-21 22:00:00,0.6657
2009-05-21 23:00:00,0.6869
2009-05-22 00:00:00,0.8309
2009-05-22 01:00:00,0.8466
2009-05-22 02:00:00,0.8571
2009-05-22 03:00:00,0.8731
2009-05-22 04:00:00,0.8799
2009-05-22 05:00:00,0.8299
2009-05-22 06:00:00,0.6794
2009-05-22 07:00:00,0.5875
2009-05-22 08:00:00,0.3096
2009-05-22 09:00:00,0.0305
2009-05-22 10:00:00,0.0508
2009-05-22 11:00:00,0.0221
2009-05-22 12:00:00,0.0254
2009-05-22 13:00:00,0.0251
2009-05-22 14:00:00,0.0033
2009-05-22 15:00:00,0.0032
2009-05-22 16:00:00,0.0059
2009-05-22 17:00:00,0.0249
2009-05-22 18:00:00,0.4995
2009-05-22 19:00:00,0.7029
2009-05-22 20:00:00,0.8276
2009-05-22 21:00:00,0.9298
2009-05-22 22:00:00,0.9927
2009-05-22 23:00:00,1.0639
2009-05-23 00:00:00,0.4153
2009-05-23 01:00:00,0.4224
2009-05-23 02:00:00,0.4385
2009-05-23 03:00:00,0.4504
2009-05-23 04:00:00,0.4492
2009-05-23 05:00:00,0.4257
2009-05-23 06:00:00,0.3467
2009-05-23 07:00:00,0.193
2009-05-23 08:00:00,0.0017
2009-05-23 09:00:00,0.0015
2009-05-23 10:00:00,0.0
2009-05-23 11:00:00,0.0
2009-05-23 12:00:00,0.0
2009-05-23 13:00:00,0.0
2009-05-23 14:00:00,0.0
2009-05-23 15:00:00,0.0
2009-05-23 16:00:00,0.0
2009-05-23 17:00:00,0.0
2009-05-23 18:00:00,0.0027
2009-05-23 19:00:00,0.1713
2009-05-23 20:00:00,0.2394
2009-05-23 21:00:00,0.2895
2009-05-23 22:00:00,0.3138
2009-05-23 23:00:00,0.3295
2009-05-24 00:00:00,0.2735
2009-05-24 01:00:00,0.289
2009-05-24 02:00:00,0.3045
2009-05-24 03:00:00,0.2993
2009-05-24 04:00:00,0.2959
2009-05-24 05:00:00,0.2787
2009-05-24 06:00:00,0.2254
2009-05-24 07:00:00,0.1479
2009-05-24 08:00:00,0.0
2009-05-24 09:00:00,0.0
2009-05-24 10:00:00,0.0
2009-05-24 11:00:00,0.0
2009-05-24 12:00:00,0.0
2009-05-24 13:00:00,0.0
2009-05-24 14:00:00,0.0
2009-05-24 15:00:00,0.0
2009-05-24 16:00:00,0.0
2009-05-24 17:00:00,0.0
2009-05-24 18:00:00,0.1239
2009-05-24 19:00:00,0.172
2009-05-24 20:00:00,0.1927
2009-05-24 21:00:00,0.1909
2009-05-24 22:00:00,0.2185
2009-05-24 23:00:00,0.2357
2009-05-25 00:00:00,0.2768
2009-05-25 01:00:00,0.2943
2009-05-25 02:00:00,0.3063
2009-05-25 03:00:00,0.3114
2009-05-25 04:00:00,0.3214
2009-05-25 05:00:00,0.3127
2009-05-25 06:00:00,0.267
2009-05-25 07:00:00,0.1822
2009-05-25 08:00:00,0.1221
2009-05-25 09:00:00,0.0
2009-05-25 10:00:00,0.0
2009-05-25 11:00:00,0.0
2009-05-25 12:00:00,0.0
2009-05-25 13:00:00,0.0
2009-05-25 14:00:00,0.0
2009-05-25 15:00:00,0.0
2009-05-25 16:00:00,0.0
2009-05-25 17:00:00,0.0041
2009-05-25 18:00:00,0.1302
2009-05-25 19:00:00,0.1737
2009-05-25 20:00:00,0.2224
2009-05-25 21:00:00,0.2433
2009-05-25 22:00:00,0.2641
2009-05-25 23:00:00,0.2765
2009-05-26 00:00:00,0.9625
2009-05-26 01:00:00,1.022
2009-05-26 02:00:00,1.0306
2009-05-26 03:00:00,1.7003
2009-05-26 04:00:00,1.7328
2009-05-26 05:00:00,1.656
2009-05-26 06:00:00,1.6433
2009-05-26 07:00:00,0.4647
2009-05-26 08:00:00,0.0731
2009-05-26 09:00:00,0.0277
2009-05-26 10:00:00,0.1693
2009-05-26 11:00:00,1.4795
2009-05-26 12:00:00,2.1094
2009-05-26 13:00:00,2.1379
2009-05-26 14:00:00,2.4422
2009-05-26 15:00:00,2.6135
2009-05-26 16:00:00,2.708
2009-05-26 17:00:00,3.1358
2009-05-26 18:00:00,3.3949
2009-05-26 19:00:00,3.5178
2009-05-26 20:00:00,3.682
2009-05-26 21:00:00,3.877
2009-05-26 22:00:00,3.9918
2009-05-26 23:00:00,4.1204
2009-05-27 00:00:00,60.6736
2009-05-27 01:00:00,63.3279
2009-05-27 02:00:00,66.3797
2009-05-27 03:00:00,68.8907
2009-05-27 04:00:00,72.2588
2009-05-27 05:00:00,72.2826
2009-05-27 06:00:00,69.9171
2009-05-27 07:00:00,67.214
2009-05-27 08:00:00,63.7781
2009-05-27 09:00:00,58.7273
2009-05-27 10:00:00,48.9394
2009-05-27 11:00:00,30.9849
2009-05-27 12:00:00,22.3307
2009-05-27 13:00:00,14.4708
2009-05-27 14:00:00,10.136
2009-05-27 15:00:00,9.311
2009-05-27 16:00:00,9.2242
2009-05-27 17:00:00,11.6858
2009-05-27 18:00:00,23.2643
2009-05-27 19:00:00,45.8865
2009-05-27 20:00:00,57.1886
2009-05-27 21:00:00,58.2016
2009-05-27 22:00:00,60.2192
2009-05-27 23:00:00,60.9878
2009-05-28 00:00:00,23.8449
2009-05-28 01:00:00,23.9581
2009-05-28 02:00:00,24.3204
2009-05-28 03:00:00,24.5531
2009-05-28 04:00:00,24.401
2009-05-28 05:00:00,23.3687
2009-05-28 06:00:00,21.7251
2009-05-28 07:00:00,20.042
2009-05-28 08:00:00,17.204
2009-05-28 09:00:00,11.2574
2009-05-28 10:00:00,9.6772
2009-05-28 11:00:00,5.7403
2009-05-28 12:00:00,4.7492
2009-05-28 13:00:00,4.3143
2009-05-28 14:00:00,3.748
2009-05-28 15:00:00,5.2873
2009-05-28 16:00:00,5.8478
2009-05-28 17:00:00,6.0273
2009-05-28 18:00:00,9.0575
2009-05-28 19:00:00,10.9509
2009-05-28 20:00:00,14.0394
2009-05-28 21:00:00,16.9997
2009-05-28 22:00:00,18.2023
2009-05-28 23:00:00,19.0459
2009-05-29 00:00:00,17.95
2009-05-29 01:00:00,18.9806
2009-05-29 02:00:00,19.2528
2009-05-29 03:00:00,19.7292
2009-05-29 04:00:00,19.902
2009-05-29 05:00:00,19.152
2009-05-29 06:00:00,18.1797
2009-05-29 07:00:00,16.9197
2009-05-29 08:00:00,14.2645
2009-05-29 09:00:00,8.7779
2009-05-29 10:00:00,6.002
2009-05-29 11:00:00,4.5675
2009-05-29 12:00:00,3.0019
2009-05-29 13:00:00,3.103
2009-05-29 14:00:00,3.0387
2009-05-29 15:00:00,3.1541
2009-05-29 16:00:00,3.9151
2009-05-29 17:00:00,5.9228
2009-05-29 18:00:00,10.8163
2009-05-29 19:00:00,17.2303
2009-05-29 20:00:00,19.2882
2009-05-29 21:00:00,21.1959
2009-05-29 22:00:00,22.7224
2009-05-29 23:00:00,23.7819
2009-05-30 00:00:00,39.6558
2009-05-30 01:00:00,41.3349
2009-05-30 02:00:00,42.423
2009-05-30 03:00:00,43.3981
2009-05-30 04:00:00,43.3732
2009-05-30 05:00:00,40.701
2009-05-30 06:00:00,35.9184
2009-05-30 07:00:00,31.0617
2009-05-30 08:00:00,25.0176
2009-05-30 09:00:00,13.9841
2009-05-30 10:00:00,7.7393
2009-05-30 11:00:00,5.3752
2009-05-30 12:00:00,4.9213
2009-05-30 13:00:00,4.0534
2009-05-30 14:00:00,4.5743
2009-05-30 15:00:00,4.9998
2009-05-30 16:00:00,4.4043
2009-05-30 17:00:00,5.8085
2009-05-30 18:00:00,8.3153
2009-05-30 19:00:00,18.9216
2009-05-30 20:00:00,26.2356
2009-05-30 21:00:00,31.3518
2009-05-30 22:00:00,34.0271
2009-05-30 23:00:00,36.0763
2009-05-31 00:00:00,39.782
2009-05-31 01:00:00,42.1434
2009-05-31 02:00:00,43.9832
2009-05-31 03:00:00,45.488
2009-05-31 04:00:00,46.0175
2009-05-31 05:00:00,42.3287
2009-05-31 06:00:00,36.58
2009-05-31 07:00:00,32.219
2009-05-31 08:00:00,23.0355
2009-05-31 09:00:00,12.4263
2009-05-31 10:00:00,8.5534
2009-05-31 11:00:00,5.4551
2009-05-31 12:00:00,5.4496
2009-05-31 13:00:00,4.8148
2009-05-31 14:00:00,2.9276
2009-05-31 15:00:00,4.0404
2009-05-31 16:00:00,5.3518
2009-05-31 17:00:00,6.5771
2009-05-31 18:00:00,8.5004
2009-05-31 19:00:00,18.878
2009-05-31 20:00:00,29.4791
2009-05-31 21:00:00,34.1165
2009-05-31 22:00:00,35.5993
2009-05-31 23:00:00,37.7678
2009-06-01 00:00:00,0.0
2009-06-01 01:00:00,0.0
2009-06-01 02:00:00,0.0
2009-06-01 03:00:00,0.0
2009-06-01 04:00:00,0.0
2009-06-01 05:00:00,0.0
2009-06-01 06:00:00,0.0
2009-06-01 07:00:00,0.0
2009-06-01 08:00:00,0.0
2009-06-01 09:00:00,0.0
2009-06-01 10:00:00,0.0
2009-06-01 11:00:00,0.0
2009-06-01 12:00:00,0.0
2009-06-01 13:00:00,0.0
2009-06-01 14:00:00,0.0
2009-06-01 15:00:00,0.0
2009-06-01 16:00:00,0.0
2009-06-01 17:00:00,0.0
2009-06-01 18:00:00,0.0
2009-06-01 19:00:00,0.0
2009-06-01 20:00:00,0.0
2009-06-01 21:00:00,0.0
2009-06-01 22:00:00,0.0
2009-06-01 23:00:00,0.0
2009-06-02 00:00:00,0.0
2009-06-02 01:00:00,0.0
2009-06-02 02:00:00,0.0
2009-06-02 03:00:00,0.0
2009-06-02 04:00:00,0.0
2009-06-02 05:00:00,0.0
2009-06-02 06:00:00,0.0
2009-06-02 07:00:00,0.0
2009-06-02 08:00:00,0.0
2009-06-02 09:00:00,0.0
2009-06-02 10:00:00,0.0
2009-06-02 11:00:00,0.0
2009-06-02 12:00:00,0.0
2009-06-02 13:00:00,0.0
2009-06-02 14:00:00,0.0
2009-06-02 15:00:00,0.0
2009-06-02 16:00:00,0.0
2009-06-02 17:00:00,0.0
2009-06-02 18:00:00,0.0
2009-06-02 19:00:00,0.0
2009-06-02 20:00:00,0.0
2009-06-02 21:00:00,0.0
2009-06-02 22:00:00,0.0
2009-06-02 23:00:00,0.0
2009-06-03 00:00:00,0.0
2009-06-03 01:00:00,0.0
2009-06-03 02:00:00,0.0
2009-06-03 03:00:00,0.0
2009-06-03 04:00:00,0.0
2009-06-03 05:00:00,0.0
2009-06-03 06:00:00,0.0
2009-06-03 07:00:00,0.0
2009-06-03 08:00:00,0.0
2009-06-03 09:00:00,0.0
2009-06-03 10:00:00,0.0
2009-06-03 11:00:00,0.0
2009-06-03 12:00:00,0.0
2009-06-03 13:00:00,0.0
2009-06-03 14:00:00,0.0
2009-06-03 15:00:00,0.0
2009-06-03 16:00:00,0.0
2009-06-03 17:00:00,0.0
2009-06-03 18:00:00,0.0
2009-06-03 19:00:00,0.0
2009-06-03 20:00:00,0.0
2009-06-03 21:00:00,0.0
2009-06-03 22:00:00,0.0
2009-06-03 23:00:00,0.0
2009-06-04 00:00:00,0.0
2009-06-04 01:00:00,0.0
2009-06-04 02:00:00,0.0
2009-06-04 03:00:00,0.0
2009-06-04 04:00:00,0.0
2009-06-04 05:00:00,0.0
2009-06-04 06:00:00,0.0
2009-06-04 07:00:00,0.0
2009-06-04 08:00:00,0.0
2009-06-04 09:00:00,0.0
2009-06-04 10:00:00,0.0
2009-06-04 11:00:00,0.0
2009-06-04 12:00:00,0.0
2009-06-04 13:00:00,0.0
2009-06-04 14:00:00,0.0
2009-06-04 15:00:00,0.0
2009-06-04 16:00:00,0.0
2009-06-04 17:00:00,0.0
2009-06-04 18:00:00,0.0
2009-06-04 19:00:00,0.0
2009-06-04 20:00:00,0.0
2009-06-04 21:00:00,0.0
2009-06-04 22:00:00,0.0
2009-06-04 23:00:00,0.0
2009-06-05 00:00:00,0.0
2009-06-05 01:00:00,0.0
2009-06-05 02:00:00,0.0
2009-06-05 03:00:00,0.0
2009-06-05 04:00:00,0.0
2009-06-05 05:00:00,0.0
2009-06-05 06:00:00,0.0
2009-06-05 07:00:00,0.0
2009-06-05 08:00:00,0.0
2009-06-05 09:00:00,0.0
2009-06-05 10:00:00,0.0
2009-06-05 11:00:00,0.0
2009-06-05 12:00:00,0.0
2009-06-05 13:00:00,0.0
2009-06-05 14:00:00,0.0
2009-06-05 15:00:00,0.0
2009-06-05 16:00:00,0.0
2009-06-05 17:00:00,0.0
2009-06-05 18:00:00,0.0
2009-06-05 19:00:00,0.0
2009-06-05 20:00:00,0.0
2009-06-05 21:00:00,0.0
2009-06-05 22:00:00,0.0
2009-06-05 23:00:00,0.0
2009-06-06 00:00:00,0.0
2009-06-06 01:00:00,0.0
2009-06-06 02:00:00,0.0
2009-06-06 03:00:00,0.0
2009-06-06 04:00:00,0.0
2009-06-06 05:00:00,0.0
2009-06-06 06:00:00,0.0
2009-06-06 07:00:00,0.0
2009-06-06 08:00:00,0.0
2009-06-06 09:00:00,0.0
2009-06-06 10:00:00,0.0
2009-06-06 11:00:00,0.0
2009-06-06 12:00:00,0.0
2009-06-06 13:00:00,0.0
2009-06-06 14:00:00,0.0
2009-06-06 15:00:00,0.0
2009-06-06 16:00:00,0.0
2009-06-06 17:00:00,0.0
2009-06-06 18:00:00,0.0
2009-06-06 19:00:00,0.0
2009-06-06 20:00:00,0.0
2009-06-06 21:00:00,0.0
2009-06-06 22:00:00,0.0
2009-06-06 23:00:00,0.0
2009-06-07 00:00:00,0.0
2009-06-07 01:00:00,0.0
2009-06-07 02:00:00,0.0
2009-06-07 03:00:00,0.0
2009-06-07 04:00:00,0.0
2009-06-07 05:00:00,0.0
2009-06-07 06:00:00,0.0
2009-06-07 07:00:00,0.0
2009-06-07 08:00:00,0.0
2009-06-07 09:00:00,0.0
2009-06-07 10:00:00,0.0
2009-06-07 11:00:00,0.0
2009-06-07 12:00:00,0.0
2009-06-07 13:00:00,0.0
2009-06-07 14:00:00,0.0
2009-06-07 15:00:00,0.0
2009-06-07 16:00:00,0.0
2009-06-07 17:00:00,0.0
2009-06-07 18:00:00,0.0
2009-06-07 19:00:00,0.0
2009-06-07 20:00:00,0.0
2009-06-07 21:00:00,0.0
2009-06-07 22:00:00,0.0
2009-06-07 23:00:00,0.0
2009-06-08 00:00:00,0.0
2009-06-08 01:00:00,0.0
2009-06-08 02:00:00,0.0
2009-06-08 03:00:00,0.0
2009-06-08 04:00:00,0.0
2009-06-08 05:00:00,0.0
2009-06-08 06:00:00,0.0
2009-06-08 07:00:00,0.0
2009-06-08 08:00:00,0.0
2009-06-08 09:00:00,0.0
2009-06-08 10:00:00,0.0
2009-06-08 11:00:00,0.0
2009-06-08 12:00:00,0.0
2009-06-08 13:00:00,0.0
2009-06-08 14:00:00,0.0
2009-06-08 15:00:00,0.0
2009-06-08 16:00:00,0.0
2009-06-08 17:00:00,0.0
2009-06-08 18:00:00,0.0
2009-06-08 19:00:00,0.0
2009-06-08 20:00:00,0.0
2009-06-08 21:00:00,0.0
2009-06-08 22:00:00,0.0
2009-06-08 23:00:00,0.0
2009-06-09 00:00:00,0.0
2009-06-09 01:00:00,0.0
2009-06-09 02:00:00,0.0
2009-06-09 03:00:00,0.0
2009-06-09 04:00:00,0.0
2009-06-09 05:00:00,0.0
2009-06-09 06:00:00,0.0
2009-06-09 07:00:00,0.0
2009-06-09 08:00:00,0.0
2009-06-09 09:00:00,0.0
2009-06-09 10:00:00,0.0
2009-06-09 11:00:00,0.0
2009-06-09 12:00:00,0.0
2009-06-09 13:00:00,0.0
2009-06-09 14:00:00,0.0
2009-06-09 15:00:00,0.0
2009-06-09 16:00:00,0.0
2009-06-09 17:00:00,0.0
2009-06-09 18:00:00,0.0
2009-06-09 19:00:00,0.0
2009-06-09 20:00:00,0.0
2009-06-09 21:00:00,0.0
2009-06-09 22:00:00,0.0
2009-06-09 23:00:00,0.0
2009-06-10 00:00:00,0.0
2009-06-10 01:00:00,0.0
2009-06-10 02:00:00,0.0
2009-06-10 03:00:00,0.0
2009-06-10 04:00:00,0.0
2009-06-10 05:00:00,0.0
2009-06-10 06:00:00,0.0
2009-06-10 07:00:00,0.0
2009-06-10 08:00:00,0.0
2009-06-10 09:00:00,0.0
2009-06-10 10:00:00,0.0
2009-06-10 11:00:00,0.0
2009-06-10 12:00:00,0.0
2009-06-10 13:00:00,0.0
2009-06-10 14:00:00,0.0
2009-06-10 15:00:00,0.0
2009-06-10 16:00:00,0.0
2009-06-10 17:00:00,0.0
2009-06-10 18:00:00,0.0
2009-06-10 19:00:00,0.0
2009-06-10 20:00:00,0.0
2009-06-10 21:00:00,0.0
2009-06-10 22:00:00,0.0
2009-06-10 23:00:00,0.0
2009-06-11 00:00:00,0.0
2009-06-11 01:00:00,0.0
2009-06-11 02:00:00,0.0
2009-06-11 03:00:00,0.0
2009-06-11 04:00:00,0.0
2009-06-11 05:00:00,0.0
2009-06-11 06:00:00,0.0
2009-06-11 07:00:00,0.0
2009-06-11 08:00:00,0.0
2009-06-11 09:00:00,0.0
2009-06-11 10:00:00,0.0
2009-06-11 11:00:00,0.0
2009-06-11 12:00:00,0.0
2009-06-11 13:00:00,0.0
2009-06-11 14:00:00,0.0
2009-06-11 15:00:00,0.0
2009-06-11 16:00:00,0.0
2009-06-11 17:00:00,0.0
2009-06-11 18:00:00,0.0
2009-06-11 19:00:00,0.0
2009-06-11 20:00:00,0.0
2009-06-11 21:00:00,0.0
2009-06-11 22:00:00,0.0
2009-06-11 23:00:00,0.0
2009-06-12 00:00:00,0.0
2009-06-12 01:00:00,0.0
2009-06-12 02:00:00,0.0
2009-06-12 03:00:00,0.0
2009-06-12 04:00:00,0.0
2009-06-12 05:00:00,0.0
2009-06-12 06:00:00,0.0
2009-06-12 07:00:00,0.0
2009-06-12 08:00:00,0.0
2009-06-12 09:00:00,0.0
2009-06-12 10:00:00,0.0
2009-06-12 11:00:00,0.0
2009-06-12 12:00:00,0.0
2009-06-12 13:00:00,0.0
2009-06-12 14:00:00,0.0
2009-06-12 15:00:00,0.0
2009-06-12 16:00:00,0.0
2009-06-12 17:00:00,0.0
2009-06-12 18:00:00,0.0
2009-06-12 19:00:00,0.0
2009-06-12 20:00:00,0.0
2009-06-12 21:00:00,0.0
2009-06-12 22:00:00,0.0
2009-06-12 23:00:00,0.0
2009-06-13 00:00:00,0.0
2009-06-13 01:00:00,0.0
2009-06-13 02:00:00,0.0
2009-06-13 03:00:00,0.0
2009-06-13 04:00:00,0.0
2009-06-13 05:00:00,0.0
2009-06-13 06:00:00,0.0
2009-06-13 07:00:00,0.0
2009-06-13 08:00:00,0.0
2009-06-13 09:00:00,0.0
2009-06-13 10:00:00,0.0
2009-06-13 11:00:00,0.0
2009-06-13 12:00:00,0.0
2009-06-13 13:00:00,0.0
2009-06-13 14:00:00,0.0
2009-06-13 15:00:00,0.0
2009-06-13 16:00:00,0.0
2009-06-13 17:00:00,0.0
2009-06-13 18:00:00,0.0
2009-06-13 19:00:00,0.0
2009-06-13 20:00:00,0.0
2009-06-13 21:00:00,0.0
2009-06-13 22:00:00,0.0
2009-06-13 23:00:00,0.0
2009-06-14 00:00:00,0.0
2009-06-14 01:00:00,0.0
2009-06-14 02:00:00,0.0
2009-06-14 03:00:00,0.0
2009-06-14 04:00:00,0.0
2009-06-14 05:00:00,0.0
2009-06-14 06:00:00,0.0
2009-06-14 07:00:00,0.0
2009-06-14 08:00:00,0.0
2009-06-14 09:00:00,0.0
2009-06-14 10:00:00,0.0
2009-06-14 11:00:00,0.0
2009-06-14 12:00:00,0.0
2009-06-14 13:00:00,0.0
2009-06-14 14:00:00,0.0
2009-06-14 15:00:00,0.0
2009-06-14 16:00:00,0.0
2009-06-14 17:00:00,0.0
2009-06-14 18:00:00,0.0
2009-06-14 19:00:00,0.0
2009-06-14 20:00:00,0.0
2009-06-14 21:00:00,0.0
2009-06-14 22:00:00,0.0
2009-06-14 23:00:00,0.0
2009-06-15 00:00:00,0.0
2009-06-15 01:00:00,0.0
2009-06-15 02:00:00,0.0
2009-06-15 03:00:00,0.0
2009-06-15 04:00:00,0.0
2009-06-15 05:00:00,0.0
2009-06-15 06:00:00,0.0
2009-06-15 07:00:00,0.0
2009-06-15 08:00:00,0.0
2009-06-15 09:00:00,0.0
2009-06-15 10:00:00,0.0
2009-06-15 11:00:00,0.0
2009-06-15 12:00:00,0.0
2009-06-15 13:00:00,0.0
2009-06-15 14:00:00,0.0
2009-06-15 15:00:00,0.0
2009-06-15 16:00:00,0.0
2009-06-15 17:00:00,0.0
2009-06-15 18:00:00,0.0
2009-06-15 19:00:00,0.0
2009-06-15 20:00:00,0.0
2009-06-15 21:00:00,0.0
2009-06-15 22:00:00,0.0
2009-06-15 23:00:00,0.0
2009-06-16 00:00:00,0.0
2009-06-16 01:00:00,0.0
2009-06-16 02:00:00,0.0
2009-06-16 03:00:00,0.0
2009-06-16 04:00:00,0.0
2009-06-16 05:00:00,0.0
2009-06-16 06:00:00,0.0
2009-06-16 07:00:00,0.0
2009-06-16 08:00:00,0.0
2009-06-16 09:00:00,0.0
2009-06-16 10:00:00,0.0
2009-06-16 11:00:00,0.0
2009-06-16 12:00:00,0.0
2009-06-16 13:00:00,0.0
2009-06-16 14:00:00,0.0
2009-06-16 15:00:00,0.0
2009-06-16 16:00:00,0.0
2009-06-16 17:00:00,0.0
2009-06-16 18:00:00,0.0
2009-06-16 19:00:00,0.0
2009-06-16 20:00:00,0.0
2009-06-16 21:00:00,0.0
2009-06-16 22:00:00,0.0
2009-06-16 23:00:00,0.0
2009-06-17 00:00:00,0.0
2009-06-17 01:00:00,0.0
2009-06-17 02:00:00,0.0
2009-06-17 03:00:00,0.0
2009-06-17 04:00:00,0.0
2009-06-17 05:00:00,0.0
2009-06-17 06:00:00,0.0
2009-06-17 07:00:00,0.0
2009-06-17 08:00:00,0.0
2009-06-17 09:00:00,0.0
2009-06-17 10:00:00,0.0
2009-06-17 11:00:00,0.0
2009-06-17 12:00:00,0.0
2009-06-17 13:00:00,0.0
2009-06-17 14:00:00,0.0
2009-06-17 15:00:00,0.0
2009-06-17 16:00:00,0.0
2009-06-17 17:00:00,0.0
2009-06-17 18:00:00,0.0
2009-06-17 19:00:00,0.0
2009-06-17 20:00:00,0.0
2009-06-17 21:00:00,0.0
2009-06-17 22:00:00,0.0
2009-06-17 23:00:00,0.0
2009-06-18 00:00:00,0.0
2009-06-18 01:00:00,0.0
2009-06-18 02:00:00,0.0
2009-06-18 03:00:00,0.0
2009-06-18 04:00:00,0.0
2009-06-18 05:00:00,0.0
2009-06-18 06:00:00,0.0
2009-06-18 07:00:00,0.0
2009-06-18 08:00:00,0.0
2009-06-18 09:00:00,0.0
2009-06-18 10:00:00,0.0
2009-06-18 11:00:00,0.0
2009-06-18 12:00:00,0.0
2009-06-18 13:00:00,0.0
2009-06-18 14:00:00,0.0
2009-06-18 15:00:00,0.0
2009-06-18 16:00:00,0.0
2009-06-18 17:00:00,0.0
2009-06-18 18:00:00,0.0
2009-06-18 19:00:00,0.0
2009-06-18 20:00:00,0.0
2009-06-18 21:00:00,0.0
2009-06-18 22:00:00,0.0
2009-06-18 23:00:00,0.0
2009-06-19 00:00:00,0.0
2009-06-19 01:00:00,0.0
2009-06-19 02:00:00,0.0
2009-06-19 03:00:00,0.0
2009-06-19 04:00:00,0.0
2009-06-19 05:00:00,0.0
2009-06-19 06:00:00,0.0
2009-06-19 07:00:00,0.0
2009-06-19 08:00:00,0.0
2009-06-19 09:00:00,0.0
2009-06-19 10:00:00,0.0
2009-06-19 11:00:00,0.0
2009-06-19 12:00:00,0.0
2009-06-19 13:00:00,0.0
2009-06-19 14:00:00,0.0
2009-06-19 15:00:00,0.0
2009-06-19 16:00:00,0.0
2009-06-19 17:00:00,0.0
2009-06-19 18:00:00,0.0
2009-06-19 19:00:00,0.0
2009-06-19 20:00:00,0.0
2009-06-19 21:00:00,0.0
2009-06-19 22:00:00,0.0
2009-06-19 23:00:00,0.0
2009-06-20 00:00:00,0.0
2009-06-20 01:00:00,0.0
2009-06-20 02:00:00,0.0
2009-06-20 03:00:00,0.0
2009-06-20 04:00:00,0.0
2009-06-20 05:00:00,0.0
2009-06-20 06:00:00,0.0
2009-06-20 07:00:00,0.0
2009-06-20 08:00:00,0.0
2009-06-20 09:00:00,0.0
2009-06-20 10:00:00,0.0
2009-06-20 11:00:00,0.0
2009-06-20 12:00:00,0.0
2009-06-20 13:00:00,0.0
2009-06-20 14:00:00,0.0
2009-06-20 15:00:00,0.0
2009-06-20 16:00:00,0.0
2009-06-20 17:00:00,0.0
2009-06-20 18:00:00,0.0
2009-06-20 19:00:00,0.0
2009-06-20 20:00:00,0.0
2009-06-20 21:00:00,0.0
2009-06-20 22:00:00,0.0
2009-06-20 23:00:00,0.0
2009-06-21 00:00:00,0.0
2009-06-21 01:00:00,0.0
2009-06-21 02:00:00,0.0
2009-06-21 03:00:00,0.0
2009-06-21 04:00:00,0.0
2009-06-21 05:00:00,0.0
2009-06-21 06:00:00,0.0
2009-06-21 07:00:00,0.0
2009-06-21 08:00:00,0.0
2009-06-21 09:00:00,0.0
2009-06-21 10:00:00,0.0
2009-06-21 11:00:00,0.0
2009-06-21 12:00:00,0.0
2009-06-21 13:00:00,0.0
2009-06-21 14:00:00,0.0
2009-06-21 15:00:00,0.0
2009-06-21 16:00:00,0.0
2009-06-21 17:00:00,0.0
2009-06-21 18:00:00,0.0
2009-06-21 19:00:00,0.0
2009-06-21 20:00:00,0.0
2009-06-21 21:00:00,0.0
2009-06-21 22:00:00,0.0
2009-06-21 23:00:00,0.0
2009-06-22 00:00:00,0.0
2009-06-22 01:00:00,0.0
2009-06-22 02:00:00,0.0
2009-06-22 03:00:00,0.0
2009-06-22 04:00:00,0.0
2009-06-22 05:00:00,0.0
2009-06-22 06:00:00,0.0
2009-06-22 07:00:00,0.0
2009-06-22 08:00:00,0.0
2009-06-22 09:00:00,0.0
2009-06-22 10:00:00,0.0
2009-06-22 11:00:00,0.0
2009-06-22 12:00:00,0.0
2009-06-22 13:00:00,0.0
2009-06-22 14:00:00,0.0
2009-06-22 15:00:00,0.0
2009-06-22 16:00:00,0.0
2009-06-22 17:00:00,0.0
2009-06-22 18:00:00,0.0
2009-06-22 19:00:00,0.0
2009-06-22 20:00:00,0.0
2009-06-22 21:00:00,0.0
2009-06-22 22:00:00,0.0
2009-06-22 23:00:00,0.0
2009-06-23 00:00:00,0.0
2009-06-23 01:00:00,0.0
2009-06-23 02:00:00,0.0
2009-06-23 03:00:00,0.0
2009-06-23 04:00:00,0.0
2009-06-23 05:00:00,0.0
2009-06-23 06:00:00,0.0
2009-06-23 07:00:00,0.0
2009-06-23 08:00:00,0.0
2009-06-23 09:00:00,0.0
2009-06-23 10:00:00,0.0
2009-06-23 11:00:00,0.0
2009-06-23 12:00:00,0.0
2009-06-23 13:00:00,0.0
2009-06-23 14:00:00,0.0
2009-06-23 15:00:00,0.0
2009-06-23 16:00:00,0.0
2009-06-23 17:00:00,0.0
2009-06-23 18:00:00,0.0
2009-06-23 19:00:00,0.0
2009-06-23 20:00:00,0.0
2009-06-23 21:00:00,0.0
2009-06-23 22:00:00,0.0
2009-06-23 23:00:00,0.0
2009-06-24 00:00:00,0.0
2009-06-24 01:00:00,0.0
2009-06-24 02:00:00,0.0
2009-06-24 03:00:00,0.0
2009-06-24 04:00:00,0.0
2009-06-24 05:00:00,0.0
2009-06-24 06:00:00,0.0
2009-06-24 07:00:00,0.0
2009-06-24 08:00:00,0.0
2009-06-24 09:00:00,0.0
2009-06-24 10:00:00,0.0
2009-06-24 11:00:00,0.0
2009-06-24 12:00:00,0.0
2009-06-24 13:00:00,0.0
2009-06-24 14:00:00,0.0
2009-06-24 15:00:00,0.0
2009-06-24 16:00:00,0.0
2009-06-24 17:00:00,0.0
2009-06-24 18:00:00,0.0
2009-06-24 19:00:00,0.0
2009-06-24 20:00:00,0.0
2009-06-24 21:00:00,0.0
2009-06-24 22:00:00,0.0
2009-06-24 23:00:00,0.0
2009-06-25 00:00:00,0.0
2009-06-25 01:00:00,0.0
2009-06-25 02:00:00,0.0
2009-06-25 03:00:00,0.0
2009-06-25 04:00:00,0.0
2009-06-25 05:00:00,0.0
2009-06-25 06:00:00,0.0
2009-06-25 07:00:00,0.0
2009-06-25 08:00:00,0.0
2009-06-25 09:00:00,0.0
2009-06-25 10:00:00,0.0
2009-06-25 11:00:00,0.0
2009-06-25 12:00:00,0.0
2009-06-25 13:00:00,0.0
2009-06-25 14:00:00,0.0
2009-06-25 15:00:00,0.0
2009-06-25 16:00:00,0.0
2009-06-25 17:00:00,0.0
2009-06-25 18:00:00,0.0
2009-06-25 19:00:00,0.0
2009-06-25 20:00:00,0.0
2009-06-25 21:00:00,0.0
2009-06-25 22:00:00,0.0
2009-06-25 23:00:00,0.0
2009-06-26 00:00:00,0.0
2009-06-26 01:00:00,0.0
2009-06-26 02:00:00,0.0
2009-06-26 03:00:00,0.0
2009-06-26 04:00:00,0.0
2009-06-26 05:00:00,0.0
2009-06-26 06:00:00,0.0
2009-06-26 07:00:00,0.0
2009-06-26 08:00:00,0.0
2009-06-26 09:00:00,0.0
2009-06-26 10:00:00,0.0
2009-06-26 11:00:00,0.0
2009-06-26 12:00:00,0.0
2009-06-26 13:00:00,0.0
2009-06-26 14:00:00,0.0
2009-06-26 15:00:00,0.0
2009-06-26 16:00:00,0.0
2009-06-26 17:00:00,0.0
2009-06-26 18:00:00,0.0
2009-06-26 19:00:00,0.0
2009-06-26 20:00:00,0.0
2009-06-26 21:00:00,0.0
2009-06-26 22:00:00,0.0
2009-06-26 23:00:00,0.0
2009-06-27 00:00:00,0.0
2009-06-27 01:00:00,0.0
2009-06-27 02:00:00,0.0
2009-06-27 03:00:00,0.0
2009-06-27 04:00:00,0.0
2009-06-27 05:00:00,0.0
2009-06-27 06:00:00,0.0
2009-06-27 07:00:00,0.0
2009-06-27 08:00:00,0.0
2009-06-27 09:00:00,0.0
2009-06-27 10:00:00,0.0
2009-06-27 11:00:00,0.0
2009-06-27 12:00:00,0.0
2009-06-27 13:00:00,0.0
2009-06-27 14:00:00,0.0
2009-06-27 15:00:00,0.0
2009-06-27 16:00:00,0.0
2009-06-27 17:00:00,0.0
2009-06-27 18:00:00,0.0
2009-06-27 19:00:00,0.0
2009-06-27 20:00:00,0.0
2009-06-27 21:00:00,0.0
2009-06-27 22:00:00,0.0
2009-06-27 23:00:00,0.0
2009-06-28 00:00:00,0.0
2009-06-28 01:00:00,0.0
2009-06-28 02:00:00,0.0
2009-06-28 03:00:00,0.0
2009-06-28 04:00:00,0.0
2009-06-28 05:00:00,0.0
2009-06-28 06:00:00,0.0
2009-06-28 07:00:00,0.0
2009-06-28 08:00:00,0.0
2009-06-28 09:00:00,0.0
2009-06-28 10:00:00,0.0
2009-06-28 11:00:00,0.0
2009-06-28 12:00:00,0.0
2009-06-28 13:00:00,0.0
2009-06-28 14:00:00,0.0
2009-06-28 15:00:00,0.0
2009-06-28 16:00:00,0.0
2009-06-28 17:00:00,0.0
2009-06-28 18:00:00,0.0
2009-06-28 19:00:00,0.0
2009-06-28 20:00:00,0.0
2009-06-28 21:00:00,0.0
2009-06-28 22:00:00,0.0
2009-06-28 23:00:00,0.0
2009-06-29 00:00:00,0.0
2009-06-29 01:00:00,0.0
2009-06-29 02:00:00,0.0
2009-06-29 03:00:00,0.0
2009-06-29 04:00:00,0.0
2009-06-29 05:00:00,0.0
2009-06-29 06:00:00,0.0
2009-06-29 07:00:00,0.0
2009-06-29 08:00:00,0.0
2009-06-29 09:00:00,0.0
2009-06-29 10:00:00,0.0
2009-06-29 11:00:00,0.0
2009-06-29 12:00:00,0.0
2009-06-29 13:00:00,0.0
2009-06-29 14:00:00,0.0
2009-06-29 15:00:00,0.0
2009-06-29 16:00:00,0.0
2009-06-29 17:00:00,0.0
2009-06-29 18:00:00,0.0
2009-06-29 19:00:00,0.0
2009-06-29 20:00:00,0.0
2009-06-29 21:00:00,0.0
2009-06-29 22:00:00,0.0
2009-06-29 23:00:00,0.0
2009-06-30 00:00:00,0.0
2009-06-30 01:00:00,0.0
2009-06-30 02:00:00,0.0
2009-06-30 03:00:00,0.0
2009-06-30 04:00:00,0.0
2009-06-30 05:00:00,0.0
2009-06-30 06:00:00,0.0
2009-06-30 07:00:00,0.0
2009-06-30 08:00:00,0.0
2009-06-30 09:00:00,0.0
2009-06-30 10:00:00,0.0
2009-06-30 11:00:00,0.0
2009-06-30 12:00:00,0.0
2009-06-30 13:00:00,0.0
2009-06-30 14:00:00,0.0
2009-06-30 15:00:00,0.0
2009-06-30 16:00:00,0.0
2009-06-30 17:00:00,0.0
2009-06-30 18:00:00,0.0
2009-06-30 19:00:00,0.0
2009-06-30 20:00:00,0.0
2009-06-30 21:00:00,0.0
2009-06-30 22:00:00,0.0
2009-06-30 23:00:00,0.0
2009-07-01 00:00:00,0.0
2009-07-01 01:00:00,0.0
2009-07-01 02:00:00,0.0
2009-07-01 03:00:00,0.0
2009-07-01 04:00:00,0.0
2009-07-01 05:00:00,0.0
2009-07-01 06:00:00,0.0
2009-07-01 07:00:00,0.0
2009-07-01 08:00:00,0.0
2009-07-01 09:00:00,0.0
2009-07-01 10:00:00,0.0
2009-07-01 11:00:00,0.0
2009-07-01 12:00:00,0.0
2009-07-01 13:00:00,0.0
2009-07-01 14:00:00,0.0
2009-07-01 15:00:00,0.0
2009-07-01 16:00:00,0.0
2009-07-01 17:00:00,0.0
2009-07-01 18:00:00,0.0
2009-07-01 19:00:00,0.0
2009-07-01 20:00:00,0.0
2009-07-01 21:00:00,0.0
2009-07-01 22:00:00,0.0
2009-07-01 23:00:00,0.0
2009-07-02 00:00:00,0.0
2009-07-02 01:00:00,0.0
2009-07-02 02:00:00,0.0
2009-07-02 03:00:00,0.0
2009-07-02 04:00:00,0.0
2009-07-02 05:00:00,0.0
2009-07-02 06:00:00,0.0
2009-07-02 07:00:00,0.0
2009-07-02 08:00:00,0.0
2009-07-02 09:00:00,0.0
2009-07-02 10:00:00,0.0
2009-07-02 11:00:00,0.0
2009-07-02 12:00:00,0.0
2009-07-02 13:00:00,0.0
2009-07-02 14:00:00,0.0
2009-07-02 15:00:00,0.0
2009-07-02 16:00:00,0.0
2009-07-02 17:00:00,0.0
2009-07-02 18:00:00,0.0
2009-07-02 19:00:00,0.0
2009-07-02 20:00:00,0.0
2009-07-02 21:00:00,0.0
2009-07-02 22:00:00,0.0
2009-07-02 23:00:00,0.0
2009-07-03 00:00:00,0.0
2009-07-03 01:00:00,0.0
2009-07-03 02:00:00,0.0
2009-07-03 03:00:00,0.0
2009-07-03 04:00:00,0.0
2009-07-03 05:00:00,0.0
2009-07-03 06:00:00,0.0
2009-07-03 07:00:00,0.0
2009-07-03 08:00:00,0.0
2009-07-03 09:00:00,0.0
2009-07-03 10:00:00,0.0
2009-07-03 11:00:00,0.0
2009-07-03 12:00:00,0.0
2009-07-03 13:00:00,0.0
2009-07-03 14:00:00,0.0
2009-07-03 15:00:00,0.0
2009-07-03 16:00:00,0.0
2009-07-03 17:00:00,0.0
2009-07-03 18:00:00,0.0
2009-07-03 19:00:00,0.0
2009-07-03 20:00:00,0.0
2009-07-03 21:00:00,0.0
2009-07-03 22:00:00,0.0
2009-07-03 23:00:00,0.0
2009-07-04 00:00:00,0.0
2009-07-04 01:00:00,0.0
2009-07-04 02:00:00,0.0
2009-07-04 03:00:00,0.0
2009-07-04 04:00:00,0.0
2009-07-04 05:00:00,0.0
2009-07-04 06:00:00,0.0
2009-07-04 07:00:00,0.0
2009-07-04 08:00:00,0.0
2009-07-04 09:00:00,0.0
2009-07-04 10:00:00,0.0
2009-07-04 11:00:00,0.0
2009-07-04 12:00:00,0.0
2009-07-04 13:00:00,0.0
2009-07-04 14:00:00,0.0
2009-07-04 15:00:00,0.0
2009-07-04 16:00:00,0.0
2009-07-04 17:00:00,0.0
2009-07-04 18:00:00,0.0
2009-07-04 19:00:00,0.0
2009-07-04 20:00:00,0.0
2009-07-04 21:00:00,0.0
2009-07-04 22:00:00,0.0
2009-07-04 23:00:00,0.0
2009-07-05 00:00:00,0.0
2009-07-05 01:00:00,0.0
2009-07-05 02:00:00,0.0
2009-07-05 03:00:00,0.0
2009-07-05 04:00:00,0.0
2009-07-05 05:00:00,0.0
2009-07-05 06:00:00,0.0
2009-07-05 07:00:00,0.0
2009-07-05 08:00:00,0.0
2009-07-05 09:00:00,0.0
2009-07-05 10:00:00,0.0
2009-07-05 11:00:00,0.0
2009-07-05 12:00:00,0.0
2009-07-05 13:00:00,0.0
2009-07-05 14:00:00,0.0
2009-07-05 15:00:00,0.0
2009-07-05 16:00:00,0.0
2009-07-05 17:00:00,0.0
2009-07-05 18:00:00,0.0
2009-07-05 19:00:00,0.0
2009-07-05 20:00:00,0.0
2009-07-05 21:00:00,0.0
2009-07-05 22:00:00,0.0
2009-07-05 23:00:00,0.0
2009-07-06 00:00:00,0.0
2009-07-06 01:00:00,0.0
2009-07-06 02:00:00,0.0
2009-07-06 03:00:00,0.0
2009-07-06 04:00:00,0.0
2009-07-06 05:00:00,0.0
2009-07-06 06:00:00,0.0
2009-07-06 07:00:00,0.0
2009-07-06 08:00:00,0.0
2009-07-06 09:00:00,0.0
2009-07-06 10:00:00,0.0
2009-07-06 11:00:00,0.0
2009-07-06 12:00:00,0.0
2009-07-06 13:00:00,0.0
2009-07-06 14:00:00,0.0
2009-07-06 15:00:00,0.0
2009-07-06 16:00:00,0.0
2009-07-06 17:00:00,0.0
2009-07-06 18:00:00,0.0
2009-07-06 19:00:00,0.0
2009-07-06 20:00:00,0.0
2009-07-06 21:00:00,0.0
2009-07-06 22:00:00,0.0
2009-07-06 23:00:00,0.0
2009-07-07 00:00:00,0.0
2009-07-07 01:00:00,0.0
2009-07-07 02:00:00,0.0
2009-07-07 03:00:00,0.0
2009-07-07 04:00:00,0.0
2009-07-07 05:00:00,0.0
2009-07-07 06:00:00,0.0
2009-07-07 07:00:00,0.0
2009-07-07 08:00:00,0.0
2009-07-07 09:00:00,0.0
2009-07-07 10:00:00,0.0
2009-07-07 11:00:00,0.0
2009-07-07 12:00:00,0.0
2009-07-07 13:00:00,0.0
2009-07-07 14:00:00,0.0
2009-07-07 15:00:00,0.0
2009-07-07 16:00:00,0.0
2009-07-07 17:00:00,0.0
2009-07-07 18:00:00,0.0
2009-07-07 19:00:00,0.0
2009-07-07 20:00:00,0.0
2009-07-07 21:00:00,0.0
2009-07-07 22:00:00,0.0
2009-07-07 23:00:00,0.0
2009-07-08 00:00:00,0.0
2009-07-08 01:00:00,0.0
2009-07-08 02:00:00,0.0
2009-07-08 03:00:00,0.0
2009-07-08 04:00:00,0.0
2009-07-08 05:00:00,0.0
2009-07-08 06:00:00,0.0
2009-07-08 07:00:00,0.0
2009-07-08 08:00:00,0.0
2009-07-08 09:00:00,0.0
2009-07-08 10:00:00,0.0
2009-07-08 11:00:00,0.0
2009-07-08 12:00:00,0.0
2009-07-08 13:00:00,0.0
2009-07-08 14:00:00,0.0
2009-07-08 15:00:00,0.0
2009-07-08 16:00:00,0.0
2009-07-08 17:00:00,0.0
2009-07-08 18:00:00,0.0
2009-07-08 19:00:00,0.0
2009-07-08 20:00:00,0.0
2009-07-08 21:00:00,0.0
2009-07-08 22:00:00,0.0
2009-07-08 23:00:00,0.0
2009-07-09 00:00:00,0.0
2009-07-09 01:00:00,0.0
2009-07-09 02:00:00,0.0
2009-07-09 03:00:00,0.0
2009-07-09 04:00:00,0.0
2009-07-09 05:00:00,0.0
2009-07-09 06:00:00,0.0
2009-07-09 07:00:00,0.0
2009-07-09 08:00:00,0.0
2009-07-09 09:00:00,0.0
2009-07-09 10:00:00,0.0
2009-07-09 11:00:00,0.0
2009-07-09 12:00:00,0.0
2009-07-09 13:00:00,0.0
2009-07-09 14:00:00,0.0
2009-07-09 15:00:00,0.0
2009-07-09 16:00:00,0.0
2009-07-09 17:00:00,0.0
2009-07-09 18:00:00,0.0
2009-07-09 19:00:00,0.0
2009-07-09 20:00:00,0.0
2009-07-09 21:00:00,0.0
2009-07-09 22:00:00,0.0
2009-07-09 23:00:00,0.0
2009-07-10 00:00:00,0.0
2009-07-10 01:00:00,0.0
2009-07-10 02:00:00,0.0
2009-07-10 03:00:00,0.0
2009-07-10 04:00:00,0.0
2009-07-10 05:00:00,0.0
2009-07-10 06:00:00,0.0
2009-07-10 07:00:00,0.0
2009-07-10 08:00:00,0.0
2009-07-10 09:00:00,0.0
2009-07-10 10:00:00,0.0
2009-07-10 11:00:00,0.0
2009-07-10 12:00:00,0.0
2009-07-10 13:00:00,0.0
2009-07-10 14:00:00,0.0
2009-07-10 15:00:00,0.0
2009-07-10 16:00:00,0.0
2009-07-10 17:00:00,0.0
2009-07-10 18:00:00,0.0
2009-07-10 19:00:00,0.0
2009-07-10 20:00:00,0.0
2009-07-10 21:00:00,0.0
2009-07-10 22:00:00,0.0
2009-07-10 23:00:00,0.0
2009-07-11 00:00:00,0.0
2009-07-11 01:00:00,0.0
2009-07-11 02:00:00,0.0
2009-07-11 03:00:00,0.0
2009-07-11 04:00:00,0.0
2009-07-11 05:00:00,0.0
2009-07-11 06:00:00,0.0
2009-07-11 07:00:00,0.0
2009-07-11 08:00:00,0.0
2009-07-11 09:00:00,0.0
2009-07-11 10:00:00,0.0
2009-07-11 11:00:00,0.0
2009-07-11 12:00:00,0.0
2009-07-11 13:00:00,0.0
2009-07-11 14:00:00,0.0
2009-07-11 15:00:00,0.0
2009-07-11 16:00:00,0.0
2009-07-11 17:00:00,0.0
2009-07-11 18:00:00,0.0
2009-07-11 19:00:00,0.0
2009-07-11 20:00:00,0.0
2009-07-11 21:00:00,0.0
2009-07-11 22:00:00,0.0
2009-07-11 23:00:00,0.0
2009-07-12 00:00:00,0.0
2009-07-12 01:00:00,0.0
2009-07-12 02:00:00,0.0
2009-07-12 03:00:00,0.0
2009-07-12 04:00:00,0.0
2009-07-12 05:00:00,0.0
2009-07-12 06:00:00,0.0
2009-07-12 07:00:00,0.0
2009-07-12 08:00:00,0.0
2009-07-12 09:00:00,0.0
2009-07-12 10:00:00,0.0
2009-07-12 11:00:00,0.0
2009-07-12 12:00:00,0.0
2009-07-12 13:00:00,0.0
2009-07-12 14:00:00,0.0
2009-07-12 15:00:00,0.0
2009-07-12 16:00:00,0.0
2009-07-12 17:00:00,0.0
2009-07-12 18:00:00,0.0
2009-07-12 19:00:00,0.0
2009-07-12 20:00:00,0.0
2009-07-12 21:00:00,0.0
2009-07-12 22:00:00,0.0
2009-07-12 23:00:00,0.0
2009-07-13 00:00:00,0.0
2009-07-13 01:00:00,0.0
2009-07-13 02:00:00,0.0
2009-07-13 03:00:00,0.0
2009-07-13 04:00:00,0.0
2009-07-13 05:00:00,0.0
2009-07-13 06:00:00,0.0
2009-07-13 07:00:00,0.0
2009-07-13 08:00:00,0.0
2009-07-13 09:00:00,0.0
2009-07-13 10:00:00,0.0
2009-07-13 11:00:00,0.0
2009-07-13 12:00:00,0.0
2009-07-13 13:00:00,0.0
2009-07-13 14:00:00,0.0
2009-07-13 15:00:00,0.0
2009-07-13 16:00:00,0.0
2009-07-13 17:00:00,0.0
2009-07-13 18:00:00,0.0
2009-07-13 19:00:00,0.0
2009-07-13 20:00:00,0.0
2009-07-13 21:00:00,0.0
2009-07-13 22:00:00,0.0
2009-07-13 23:00:00,0.0
2009-07-14 00:00:00,0.0
2009-07-14 01:00:00,0.0
2009-07-14 02:00:00,0.0
2009-07-14 03:00:00,0.0
2009-07-14 04:00:00,0.0
2009-07-14 05:00:00,0.0
2009-07-14 06:00:00,0.0
2009-07-14 07:00:00,0.0
2009-07-14 08:00:00,0.0
2009-07-14 09:00:00,0.0
2009-07-14 10:00:00,0.0
2009-07-14 11:00:00,0.0
2009-07-14 12:00:00,0.0
2009-07-14 13:00:00,0.0
2009-07-14 14:00:00,0.0
2009-07-14 15:00:00,0.0
2009-07-14 16:00:00,0.0
2009-07-14 17:00:00,0.0
2009-07-14 18:00:00,0.0
2009-07-14 19:00:00,0.0
2009-07-14 20:00:00,0.0
2009-07-14 21:00:00,0.0
2009-07-14 22:00:00,0.0
2009-07-14 23:00:00,0.0
2009-07-15 00:00:00,0.0
2009-07-15 01:00:00,0.0
2009-07-15 02:00:00,0.0
2009-07-15 03:00:00,0.0
2009-07-15 04:00:00,0.0
2009-07-15 05:00:00,0.0
2009-07-15 06:00:00,0.0
2009-07-15 07:00:00,0.0
2009-07-15 08:00:00,0.0
2009-07-15 09:00:00,0.0
2009-07-15 10:00:00,0.0
2009-07-15 11:00:00,0.0
2009-07-15 12:00:00,0.0
2009-07-15 13:00:00,0.0
2009-07-15 14:00:00,0.0
2009-07-15 15:00:00,0.0
2009-07-15 16:00:00,0.0
2009-07-15 17:00:00,0.0
2009-07-15 18:00:00,0.0
2009-07-15 19:00:00,0.0
2009-07-15 20:00:00,0.0
2009-07-15 21:00:00,0.0
2009-07-15 22:00:00,0.0
2009-07-15 23:00:00,0.0
2009-07-16 00:00:00,0.0
2009-07-16 01:00:00,0.0
2009-07-16 02:00:00,0.0
2009-07-16 03:00:00,0.0
2009-07-16 04:00:00,0.0
2009-07-16 05:00:00,0.0
2009-07-16 06:00:00,0.0
2009-07-16 07:00:00,0.0
2009-07-16 08:00:00,0.0
2009-07-16 09:00:00,0.0
2009-07-16 10:00:00,0.0
2009-07-16 11:00:00,0.0
2009-07-16 12:00:00,0.0
2009-07-16 13:00:00,0.0
2009-07-16 14:00:00,0.0
2009-07-16 15:00:00,0.0
2009-07-16 16:00:00,0.0
2009-07-16 17:00:00,0.0
2009-07-16 18:00:00,0.0
2009-07-16 19:00:00,0.0
2009-07-16 20:00:00,0.0
2009-07-16 21:00:00,0.0
2009-07-16 22:00:00,0.0
2009-07-16 23:00:00,0.0
2009-07-17 00:00:00,0.0
2009-07-17 01:00:00,0.0
2009-07-17 02:00:00,0.0
2009-07-17 03:00:00,0.0
2009-07-17 04:00:00,0.0
2009-07-17 05:00:00,0.0
2009-07-17 06:00:00,0.0
2009-07-17 07:00:00,0.0
2009-07-17 08:00:00,0.0
2009-07-17 09:00:00,0.0
2009-07-17 10:00:00,0.0
2009-07-17 11:00:00,0.0
2009-07-17 12:00:00,0.0
2009-07-17 13:00:00,0.0
2009-07-17 14:00:00,0.0
2009-07-17 15:00:00,0.0
2009-07-17 16:00:00,0.0
2009-07-17 17:00:00,0.0
2009-07-17 18:00:00,0.0
2009-07-17 19:00:00,0.0
2009-07-17 20:00:00,0.0
2009-07-17 21:00:00,0.0
2009-07-17 22:00:00,0.0
2009-07-17 23:00:00,0.0
2009-07-18 00:00:00,0.0
2009-07-18 01:00:00,0.0
2009-07-18 02:00:00,0.0
2009-07-18 03:00:00,0.0
2009-07-18 04:00:00,0.0
2009-07-18 05:00:00,0.0
2009-07-18 06:00:00,0.0
2009-07-18 07:00:00,0.0
2009-07-18 08:00:00,0.0
2009-07-18 09:00:00,0.0
2009-07-18 10:00:00,0.0
2009-07-18 11:00:00,0.0
2009-07-18 12:00:00,0.0
2009-07-18 13:00:00,0.0
2009-07-18 14:00:00,0.0
2009-07-18 15:00:00,0.0
2009-07-18 16:00:00,0.0
2009-07-18 17:00:00,0.0
2009-07-18 18:00:00,0.0
2009-07-18 19:00:00,0.0
2009-07-18 20:00:00,0.0
2009-07-18 21:00:00,0.0
2009-07-18 22:00:00,0.0
2009-07-18 23:00:00,0.0
2009-07-19 00:00:00,0.0
2009-07-19 01:00:00,0.0
2009-07-19 02:00:00,0.0
2009-07-19 03:00:00,0.0
2009-07-19 04:00:00,0.0
2009-07-19 05:00:00,0.0
2009-07-19 06:00:00,0.0
2009-07-19 07:00:00,0.0
2009-07-19 08:00:00,0.0
2009-07-19 09:00:00,0.0
2009-07-19 10:00:00,0.0
2009-07-19 11:00:00,0.0
2009-07-19 12:00:00,0.0
2009-07-19 13:00:00,0.0
2009-07-19 14:00:00,0.0
2009-07-19 15:00:00,0.0
2009-07-19 16:00:00,0.0
2009-07-19 17:00:00,0.0
2009-07-19 18:00:00,0.0
2009-07-19 19:00:00,0.0
2009-07-19 20:00:00,0.0
2009-07-19 21:00:00,0.0
2009-07-19 22:00:00,0.0
2009-07-19 23:00:00,0.0
2009-07-20 00:00:00,0.0
2009-07-20 01:00:00,0.0
2009-07-20 02:00:00,0.0
2009-07-20 03:00:00,0.0
2009-07-20 04:00:00,0.0
2009-07-20 05:00:00,0.0
2009-07-20 06:00:00,0.0
2009-07-20 07:00:00,0.0
2009-07-20 08:00:00,0.0
2009-07-20 09:00:00,0.0
2009-07-20 10:00:00,0.0
2009-07-20 11:00:00,0.0
2009-07-20 12:00:00,0.0
2009-07-20 13:00:00,0.0
2009-07-20 14:00:00,0.0
2009-07-20 15:00:00,0.0
2009-07-20 16:00:00,0.0
2009-07-20 17:00:00,0.0
2009-07-20 18:00:00,0.0
2009-07-20 19:00:00,0.0
2009-07-20 20:00:00,0.0
2009-07-20 21:00:00,0.0
2009-07-20 22:00:00,0.0
2009-07-20 23:00:00,0.0
2009-07-21 00:00:00,0.0
2009-07-21 01:00:00,0.0
2009-07-21 02:00:00,0.0
2009-07-21 03:00:00,0.0
2009-07-21 04:00:00,0.0
2009-07-21 05:00:00,0.0
2009-07-21 06:00:00,0.0
2009-07-21 07:00:00,0.0
2009-07-21 08:00:00,0.0
2009-07-21 09:00:00,0.0
2009-07-21 10:00:00,0.0
2009-07-21 11:00:00,0.0
2009-07-21 12:00:00,0.0
2009-07-21 13:00:00,0.0
2009-07-21 14:00:00,0.0
2009-07-21 15:00:00,0.0
2009-07-21 16:00:00,0.0
2009-07-21 17:00:00,0.0
2009-07-21 18:00:00,0.0
2009-07-21 19:00:00,0.0
2009-07-21 20:00:00,0.0
2009-07-21 21:00:00,0.0
2009-07-21 22:00:00,0.0
2009-07-21 23:00:00,0.0
2009-07-22 00:00:00,0.0
2009-07-22 01:00:00,0.0
2009-07-22 02:00:00,0.0
2009-07-22 03:00:00,0.0
2009-07-22 04:00:00,0.0
2009-07-22 05:00:00,0.0
2009-07-22 06:00:00,0.0
2009-07-22 07:00:00,0.0
2009-07-22 08:00:00,0.0
2009-07-22 09:00:00,0.0
2009-07-22 10:00:00,0.0
2009-07-22 11:00:00,0.0
2009-07-22 12:00:00,0.0
2009-07-22 13:00:00,0.0
2009-07-22 14:00:00,0.0
2009-07-22 15:00:00,0.0
2009-07-22 16:00:00,0.0
2009-07-22 17:00:00,0.0
2009-07-22 18:00:00,0.0
2009-07-22 19:00:00,0.0
2009-07-22 20:00:00,0.0
2009-07-22 21:00:00,0.0
2009-07-22 22:00:00,0.0
2009-07-22 23:00:00,0.0
2009-07-23 00:00:00,0.0
2009-07-23 01:00:00,0.0
2009-07-23 02:00:00,0.0
2009-07-23 03:00:00,0.0
2009-07-23 04:00:00,0.0
2009-07-23 05:00:00,0.0
2009-07-23 06:00:00,0.0
2009-07-23 07:00:00,0.0
2009-07-23 08:00:00,0.0
2009-07-23 09:00:00,0.0
2009-07-23 10:00:00,0.0
2009-07-23 11:00:00,0.0
2009-07-23 12:00:00,0.0
2009-07-23 13:00:00,0.0
2009-07-23 14:00:00,0.0
2009-07-23 15:00:00,0.0
2009-07-23 16:00:00,0.0
2009-07-23 17:00:00,0.0
2009-07-23 18:00:00,0.0
2009-07-23 19:00:00,0.0
2009-07-23 20:00:00,0.0
2009-07-23 21:00:00,0.0
2009-07-23 22:00:00,0.0
2009-07-23 23:00:00,0.0
2009-07-24 00:00:00,0.0
2009-07-24 01:00:00,0.0
2009-07-24 02:00:00,0.0
2009-07-24 03:00:00,0.0
2009-07-24 04:00:00,0.0
2009-07-24 05:00:00,0.0
2009-07-24 06:00:00,0.0
2009-07-24 07:00:00,0.0
2009-07-24 08:00:00,0.0
2009-07-24 09:00:00,0.0
2009-07-24 10:00:00,0.0
2009-07-24 11:00:00,0.0
2009-07-24 12:00:00,0.0
2009-07-24 13:00:00,0.0
2009-07-24 14:00:00,0.0
2009-07-24 15:00:00,0.0
2009-07-24 16:00:00,0.0
2009-07-24 17:00:00,0.0
2009-07-24 18:00:00,0.0
2009-07-24 19:00:00,0.0
2009-07-24 20:00:00,0.0
2009-07-24 21:00:00,0.0
2009-07-24 22:00:00,0.0
2009-07-24 23:00:00,0.0
2009-07-25 00:00:00,0.0
2009-07-25 01:00:00,0.0
2009-07-25 02:00:00,0.0
2009-07-25 03:00:00,0.0
2009-07-25 04:00:00,0.0
2009-07-25 05:00:00,0.0
2009-07-25 06:00:00,0.0
2009-07-25 07:00:00,0.0
2009-07-25 08:00:00,0.0
2009-07-25 09:00:00,0.0
2009-07-25 10:00:00,0.0
2009-07-25 11:00:00,0.0
2009-07-25 12:00:00,0.0
2009-07-25 13:00:00,0.0
2009-07-25 14:00:00,0.0
2009-07-25 15:00:00,0.0
2009-07-25 16:00:00,0.0
2009-07-25 17:00:00,0.0
2009-07-25 18:00:00,0.0
2009-07-25 19:00:00,0.0
2009-07-25 20:00:00,0.0
2009-07-25 21:00:00,0.0
2009-07-25 22:00:00,0.0
2009-07-25 23:00:00,0.0
2009-07-26 00:00:00,0.0
2009-07-26 01:00:00,0.0
2009-07-26 02:00:00,0.0
2009-07-26 03:00:00,0.0
2009-07-26 04:00:00,0.0
2009-07-26 05:00:00,0.0
2009-07-26 06:00:00,0.0
2009-07-26 07:00:00,0.0
2009-07-26 08:00:00,0.0
2009-07-26 09:00:00,0.0
2009-07-26 10:00:00,0.0
2009-07-26 11:00:00,0.0
2009-07-26 12:00:00,0.0
2009-07-26 13:00:00,0.0
2009-07-26 14:00:00,0.0
2009-07-26 15:00:00,0.0
2009-07-26 16:00:00,0.0
2009-07-26 17:00:00,0.0
2009-07-26 18:00:00,0.0
2009-07-26 19:00:00,0.0
2009-07-26 20:00:00,0.0
2009-07-26 21:00:00,0.0
2009-07-26 22:00:00,0.0
2009-07-26 23:00:00,0.0
2009-07-27 00:00:00,0.0
2009-07-27 01:00:00,0.0
2009-07-27 02:00:00,0.0
2009-07-27 03:00:00,0.0
2009-07-27 04:00:00,0.0
2009-07-27 05:00:00,0.0
2009-07-27 06:00:00,0.0
2009-07-27 07:00:00,0.0
2009-07-27 08:00:00,0.0
2009-07-27 09:00:00,0.0
2009-07-27 10:00:00,0.0
2009-07-27 11:00:00,0.0
2009-07-27 12:00:00,0.0
2009-07-27 13:00:00,0.0
2009-07-27 14:00:00,0.0
2009-07-27 15:00:00,0.0
2009-07-27 16:00:00,0.0
2009-07-27 17:00:00,0.0
2009-07-27 18:00:00,0.0
2009-07-27 19:00:00,0.0
2009-07-27 20:00:00,0.0
2009-07-27 21:00:00,0.0
2009-07-27 22:00:00,0.0
2009-07-27 23:00:00,0.0
2009-07-28 00:00:00,0.0
2009-07-28 01:00:00,0.0
2009-07-28 02:00:00,0.0
2009-07-28 03:00:00,0.0
2009-07-28 04:00:00,0.0
2009-07-28 05:00:00,0.0
2009-07-28 06:00:00,0.0
2009-07-28 07:00:00,0.0
2009-07-28 08:00:00,0.0
2009-07-28 09:00:00,0.0
2009-07-28 10:00:00,0.0
2009-07-28 11:00:00,0.0
2009-07-28 12:00:00,0.0
2009-07-28 13:00:00,0.0
2009-07-28 14:00:00,0.0
2009-07-28 15:00:00,0.0
2009-07-28 16:00:00,0.0
2009-07-28 17:00:00,0.0
2009-07-28 18:00:00,0.0
2009-07-28 19:00:00,0.0
2009-07-28 20:00:00,0.0
2009-07-28 21:00:00,0.0
2009-07-28 22:00:00,0.0
2009-07-28 23:00:00,0.0
2009-07-29 00:00:00,0.0
2009-07-29 01:00:00,0.0
2009-07-29 02:00:00,0.0
2009-07-29 03:00:00,0.0
2009-07-29 04:00:00,0.0
2009-07-29 05:00:00,0.0
2009-07-29 06:00:00,0.0
2009-07-29 07:00:00,0.0
2009-07-29 08:00:00,0.0
2009-07-29 09:00:00,0.0
2009-07-29 10:00:00,0.0
2009-07-29 11:00:00,0.0
2009-07-29 12:00:00,0.0
2009-07-29 13:00:00,0.0
2009-07-29 14:00:00,0.0
2009-07-29 15:00:00,0.0
2009-07-29 16:00:00,0.0
2009-07-29 17:00:00,0.0
2009-07-29 18:00:00,0.0
2009-07-29 19:00:00,0.0
2009-07-29 20:00:00,0.0
2009-07-29 21:00:00,0.0
2009-07-29 22:00:00,0.0
2009-07-29 23:00:00,0.0
2009-07-30 00:00:00,0.0
2009-07-30 01:00:00,0.0
2009-07-30 02:00:00,0.0
2009-07-30 03:00:00,0.0
2009-07-30 04:00:00,0.0
2009-07-30 05:00:00,0.0
2009-07-30 06:00:00,0.0
2009-07-30 07:00:00,0.0
2009-07-30 08:00:00,0.0
2009-07-30 09:00:00,0.0
2009-07-30 10:00:00,0.0
2009-07-30 11:00:00,0.0
2009-07-30 12:00:00,0.0
2009-07-30 13:00:00,0.0
2009-07-30 14:00:00,0.0
2009-07-30 15:00:00,0.0
2009-07-30 16:00:00,0.0
2009-07-30 17:00:00,0.0
2009-07-30 18:00:00,0.0
2009-07-30 19:00:00,0.0
2009-07-30 20:00:00,0.0
2009-07-30 21:00:00,0.0
2009-07-30 22:00:00,0.0
2009-07-30 23:00:00,0.0
2009-07-31 00:00:00,0.0
2009-07-31 01:00:00,0.0
2009-07-31 02:00:00,0.0
2009-07-31 03:00:00,0.0
2009-07-31 04:00:00,0.0
2009-07-31 05:00:00,0.0
2009-07-31 06:00:00,0.0
2009-07-31 07:00:00,0.0
2009-07-31 08:00:00,0.0
2009-07-31 09:00:00,0.0
2009-07-31 10:00:00,0.0
2009-07-31 11:00:00,0.0
2009-07-31 12:00:00,0.0
2009-07-31 13:00:00,0.0
2009-07-31 14:00:00,0.0
2009-07-31 15:00:00,0.0
2009-07-31 16:00:00,0.0
2009-07-31 17:00:00,0.0
2009-07-31 18:00:00,0.0
2009-07-31 19:00:00,0.0
2009-07-31 20:00:00,0.0
2009-07-31 21:00:00,0.0
2009-07-31 22:00:00,0.0
2009-07-31 23:00:00,0.0
2009-08-01 00:00:00,0.0
2009-08-01 01:00:00,0.0
2009-08-01 02:00:00,0.0
2009-08-01 03:00:00,0.0
2009-08-01 04:00:00,0.0
2009-08-01 05:00:00,0.0
2009-08-01 06:00:00,0.0
2009-08-01 07:00:00,0.0
2009-08-01 08:00:00,0.0
2009-08-01 09:00:00,0.0
2009-08-01 10:00:00,0.0
2009-08-01 11:00:00,0.0
2009-08-01 12:00:00,0.0
2009-08-01 13:00:00,0.0
2009-08-01 14:00:00,0.0
2009-08-01 15:00:00,0.0
2009-08-01 16:00:00,0.0
2009-08-01 17:00:00,0.0
2009-08-01 18:00:00,0.0
2009-08-01 19:00:00,0.0
2009-08-01 20:00:00,0.0
2009-08-01 21:00:00,0.0
2009-08-01 22:00:00,0.0
2009-08-01 23:00:00,0.0
2009-08-02 00:00:00,0.0
2009-08-02 01:00:00,0.0
2009-08-02 02:00:00,0.0
2009-08-02 03:00:00,0.0
2009-08-02 04:00:00,0.0
2009-08-02 05:00:00,0.0
2009-08-02 06:00:00,0.0
2009-08-02 07:00:00,0.0
2009-08-02 08:00:00,0.0
2009-08-02 09:00:00,0.0
2009-08-02 10:00:00,0.0
2009-08-02 11:00:00,0.0
2009-08-02 12:00:00,0.0
2009-08-02 13:00:00,0.0
2009-08-02 14:00:00,0.0
2009-08-02 15:00:00,0.0
2009-08-02 16:00:00,0.0
2009-08-02 17:00:00,0.0
2009-08-02 18:00:00,0.0
2009-08-02 19:00:00,0.0
2009-08-02 20:00:00,0.0
2009-08-02 21:00:00,0.0
2009-08-02 22:00:00,0.0
2009-08-02 23:00:00,0.0
2009-08-03 00:00:00,0.0
2009-08-03 01:00:00,0.0
2009-08-03 02:00:00,0.0
2009-08-03 03:00:00,0.0
2009-08-03 04:00:00,0.0
2009-08-03 05:00:00,0.0
2009-08-03 06:00:00,0.0
2009-08-03 07:00:00,0.0
2009-08-03 08:00:00,0.0
2009-08-03 09:00:00,0.0
2009-08-03 10:00:00,0.0
2009-08-03 11:00:00,0.0
2009-08-03 12:00:00,0.0
2009-08-03 13:00:00,0.0
2009-08-03 14:00:00,0.0
2009-08-03 15:00:00,0.0
2009-08-03 16:00:00,0.0
2009-08-03 17:00:00,0.0
2009-08-03 18:00:00,0.0
2009-08-03 19:00:00,0.0
2009-08-03 20:00:00,0.0
2009-08-03 21:00:00,0.0
2009-08-03 22:00:00,0.0
2009-08-03 23:00:00,0.0
2009-08-04 00:00:00,0.0
2009-08-04 01:00:00,0.0
2009-08-04 02:00:00,0.0
2009-08-04 03:00:00,0.0
2009-08-04 04:00:00,0.0
2009-08-04 05:00:00,0.0
2009-08-04 06:00:00,0.0
2009-08-04 07:00:00,0.0
2009-08-04 08:00:00,0.0
2009-08-04 09:00:00,0.0
2009-08-04 10:00:00,0.0
2009-08-04 11:00:00,0.0
2009-08-04 12:00:00,0.0
2009-08-04 13:00:00,0.0
2009-08-04 14:00:00,0.0
2009-08-04 15:00:00,0.0
2009-08-04 16:00:00,0.0
2009-08-04 17:00:00,0.0
2009-08-04 18:00:00,0.0
2009-08-04 19:00:00,0.0
2009-08-04 20:00:00,0.0
2009-08-04 21:00:00,0.0
2009-08-04 22:00:00,0.0
2009-08-04 23:00:00,0.0
2009-08-05 00:00:00,0.0
2009-08-05 01:00:00,0.0
2009-08-05 02:00:00,0.0
2009-08-05 03:00:00,0.0
2009-08-05 04:00:00,0.0
2009-08-05 05:00:00,0.0
2009-08-05 06:00:00,0.0
2009-08-05 07:00:00,0.0
2009-08-05 08:00:00,0.0
2009-08-05 09:00:00,0.0
2009-08-05 10:00:00,0.0
2009-08-05 11:00:00,0.0
2009-08-05 12:00:00,0.0
2009-08-05 13:00:00,0.0
2009-08-05 14:00:00,0.0
2009-08-05 15:00:00,0.0
2009-08-05 16:00:00,0.0
2009-08-05 17:00:00,0.0
2009-08-05 18:00:00,0.0
2009-08-05 19:00:00,0.0
2009-08-05 20:00:00,0.0
2009-08-05 21:00:00,0.0
2009-08-05 22:00:00,0.0
2009-08-05 23:00:00,0.0
2009-08-06 00:00:00,0.0
2009-08-06 01:00:00,0.0
2009-08-06 02:00:00,0.0
2009-08-06 03:00:00,0.0
2009-08-06 04:00:00,0.0
2009-08-06 05:00:00,0.0
2009-08-06 06:00:00,0.0
2009-08-06 07:00:00,0.0
2009-08-06 08:00:00,0.0
2009-08-06 09:00:00,0.0
2009-08-06 10:00:00,0.0
2009-08-06 11:00:00,0.0
2009-08-06 12:00:00,0.0
2009-08-06 13:00:00,0.0
2009-08-06 14:00:00,0.0
2009-08-06 15:00:00,0.0
2009-08-06 16:00:00,0.0
2009-08-06 17:00:00,0.0
2009-08-06 18:00:00,0.0
2009-08-06 19:00:00,0.0
2009-08-06 20:00:00,0.0
2009-08-06 21:00:00,0.0
2009-08-06 22:00:00,0.0
2009-08-06 23:00:00,0.0
2009-08-07 00:00:00,0.0
2009-08-07 01:00:00,0.0
2009-08-07 02:00:00,0.0
2009-08-07 03:00:00,0.0
2009-08-07 04:00:00,0.0
2009-08-07 05:00:00,0.0
2009-08-07 06:00:00,0.0
2009-08-07 07:00:00,0.0
2009-08-07 08:00:00,0.0
2009-08-07 09:00:00,0.0
2009-08-07 10:00:00,0.0
2009-08-07 11:00:00,0.0
2009-08-07 12:00:00,0.0
2009-08-07 13:00:00,0.0
2009-08-07 14:00:00,0.0
2009-08-07 15:00:00,0.0
2009-08-07 16:00:00,0.0
2009-08-07 17:00:00,0.0
2009-08-07 18:00:00,0.0
2009-08-07 19:00:00,0.0
2009-08-07 20:00:00,0.0
2009-08-07 21:00:00,0.0
2009-08-07 22:00:00,0.0
2009-08-07 23:00:00,0.0
2009-08-08 00:00:00,0.0
2009-08-08 01:00:00,0.0
2009-08-08 02:00:00,0.0
2009-08-08 03:00:00,0.0
2009-08-08 04:00:00,0.0
2009-08-08 05:00:00,0.0
2009-08-08 06:00:00,0.0
2009-08-08 07:00:00,0.0
2009-08-08 08:00:00,0.0
2009-08-08 09:00:00,0.0
2009-08-08 10:00:00,0.0
2009-08-08 11:00:00,0.0
2009-08-08 12:00:00,0.0
2009-08-08 13:00:00,0.0
2009-08-08 14:00:00,0.0
2009-08-08 15:00:00,0.0
2009-08-08 16:00:00,0.0
2009-08-08 17:00:00,0.0
2009-08-08 18:00:00,0.0
2009-08-08 19:00:00,0.0
2009-08-08 20:00:00,0.0
2009-08-08 21:00:00,0.0
2009-08-08 22:00:00,0.0
2009-08-08 23:00:00,0.0
2009-08-09 00:00:00,0.0
2009-08-09 01:00:00,0.0
2009-08-09 02:00:00,0.0
2009-08-09 03:00:00,0.0
2009-08-09 04:00:00,0.0
2009-08-09 05:00:00,0.0
2009-08-09 06:00:00,0.0
2009-08-09 07:00:00,0.0
2009-08-09 08:00:00,0.0
2009-08-09 09:00:00,0.0
2009-08-09 10:00:00,0.0
2009-08-09 11:00:00,0.0
2009-08-09 12:00:00,0.0
2009-08-09 13:00:00,0.0
2009-08-09 14:00:00,0.0
2009-08-09 15:00:00,0.0
2009-08-09 16:00:00,0.0
2009-08-09 17:00:00,0.0
2009-08-09 18:00:00,0.0
2009-08-09 19:00:00,0.0
2009-08-09 20:00:00,0.0
2009-08-09 21:00:00,0.0
2009-08-09 22:00:00,0.0
2009-08-09 23:00:00,0.0
2009-08-10 00:00:00,0.0
2009-08-10 01:00:00,0.0
2009-08-10 02:00:00,0.0
2009-08-10 03:00:00,0.0
2009-08-10 04:00:00,0.0
2009-08-10 05:00:00,0.0
2009-08-10 06:00:00,0.0
2009-08-10 07:00:00,0.0
2009-08-10 08:00:00,0.0
2009-08-10 09:00:00,0.0
2009-08-10 10:00:00,0.0
2009-08-10 11:00:00,0.0
2009-08-10 12:00:00,0.0
2009-08-10 13:00:00,0.0
2009-08-10 14:00:00,0.0
2009-08-10 15:00:00,0.0
2009-08-10 16:00:00,0.0
2009-08-10 17:00:00,0.0
2009-08-10 18:00:00,0.0
2009-08-10 19:00:00,0.0
2009-08-10 20:00:00,0.0
2009-08-10 21:00:00,0.0
2009-08-10 22:00:00,0.0
2009-08-10 23:00:00,0.0
2009-08-11 00:00:00,0.0
2009-08-11 01:00:00,0.0
2009-08-11 02:00:00,0.0
2009-08-11 03:00:00,0.0
2009-08-11 04:00:00,0.0
2009-08-11 05:00:00,0.0
2009-08-11 06:00:00,0.0
2009-08-11 07:00:00,0.0
2009-08-11 08:00:00,0.0
2009-08-11 09:00:00,0.0
2009-08-11 10:00:00,0.0
2009-08-11 11:00:00,0.0
2009-08-11 12:00:00,0.0
2009-08-11 13:00:00,0.0
2009-08-11 14:00:00,0.0
2009-08-11 15:00:00,0.0
2009-08-11 16:00:00,0.0
2009-08-11 17:00:00,0.0
2009-08-11 18:00:00,0.0
2009-08-11 19:00:00,0.0
2009-08-11 20:00:00,0.0
2009-08-11 21:00:00,0.0
2009-08-11 22:00:00,0.0
2009-08-11 23:00:00,0.0
2009-08-12 00:00:00,0.0
2009-08-12 01:00:00,0.0
2009-08-12 02:00:00,0.0
2009-08-12 03:00:00,0.0
2009-08-12 04:00:00,0.0
2009-08-12 05:00:00,0.0
2009-08-12 06:00:00,0.0
2009-08-12 07:00:00,0.0
2009-08-12 08:00:00,0.0
2009-08-12 09:00:00,0.0
2009-08-12 10:00:00,0.0
2009-08-12 11:00:00,0.0
2009-08-12 12:00:00,0.0
2009-08-12 13:00:00,0.0
2009-08-12 14:00:00,0.0
2009-08-12 15:00:00,0.0
2009-08-12 16:00:00,0.0
2009-08-12 17:00:00,0.0
2009-08-12 18:00:00,0.0
2009-08-12 19:00:00,0.0
2009-08-12 20:00:00,0.0
2009-08-12 21:00:00,0.0
2009-08-12 22:00:00,0.0
2009-08-12 23:00:00,0.0
2009-08-13 00:00:00,0.0
2009-08-13 01:00:00,0.0
2009-08-13 02:00:00,0.0
2009-08-13 03:00:00,0.0
2009-08-13 04:00:00,0.0
2009-08-13 05:00:00,0.0
2009-08-13 06:00:00,0.0
2009-08-13 07:00:00,0.0
2009-08-13 08:00:00,0.0
2009-08-13 09:00:00,0.0
2009-08-13 10:00:00,0.0
2009-08-13 11:00:00,0.0
2009-08-13 12:00:00,0.0
2009-08-13 13:00:00,0.0
2009-08-13 14:00:00,0.0
2009-08-13 15:00:00,0.0
2009-08-13 16:00:00,0.0
2009-08-13 17:00:00,0.0
2009-08-13 18:00:00,0.0
2009-08-13 19:00:00,0.0
2009-08-13 20:00:00,0.0
2009-08-13 21:00:00,0.0
2009-08-13 22:00:00,0.0
2009-08-13 23:00:00,0.0
2009-08-14 00:00:00,0.0
2009-08-14 01:00:00,0.0
2009-08-14 02:00:00,0.0
2009-08-14 03:00:00,0.0
2009-08-14 04:00:00,0.0
2009-08-14 05:00:00,0.0
2009-08-14 06:00:00,0.0
2009-08-14 07:00:00,0.0
2009-08-14 08:00:00,0.0
2009-08-14 09:00:00,0.0
2009-08-14 10:00:00,0.0
2009-08-14 11:00:00,0.0
2009-08-14 12:00:00,0.0
2009-08-14 13:00:00,0.0
2009-08-14 14:00:00,0.0
2009-08-14 15:00:00,0.0
2009-08-14 16:00:00,0.0
2009-08-14 17:00:00,0.0
2009-08-14 18:00:00,0.0
2009-08-14 19:00:00,0.0
2009-08-14 20:00:00,0.0
2009-08-14 21:00:00,0.0
2009-08-14 22:00:00,0.0
2009-08-14 23:00:00,0.0
2009-08-15 00:00:00,0.0
2009-08-15 01:00:00,0.0
2009-08-15 02:00:00,0.0
2009-08-15 03:00:00,0.0
2009-08-15 04:00:00,0.0
2009-08-15 05:00:00,0.0
2009-08-15 06:00:00,0.0
2009-08-15 07:00:00,0.0
2009-08-15 08:00:00,0.0
2009-08-15 09:00:00,0.0
2009-08-15 10:00:00,0.0
2009-08-15 11:00:00,0.0
2009-08-15 12:00:00,0.0
2009-08-15 13:00:00,0.0
2009-08-15 14:00:00,0.0
2009-08-15 15:00:00,0.0
2009-08-15 16:00:00,0.0
2009-08-15 17:00:00,0.0
2009-08-15 18:00:00,0.0
2009-08-15 19:00:00,0.0
2009-08-15 20:00:00,0.0
2009-08-15 21:00:00,0.0
2009-08-15 22:00:00,0.0
2009-08-15 23:00:00,0.0
2009-08-16 00:00:00,0.0
2009-08-16 01:00:00,0.0
2009-08-16 02:00:00,0.0
2009-08-16 03:00:00,0.0
2009-08-16 04:00:00,0.0
2009-08-16 05:00:00,0.0
2009-08-16 06:00:00,0.0
2009-08-16 07:00:00,0.0
2009-08-16 08:00:00,0.0
2009-08-16 09:00:00,0.0
2009-08-16 10:00:00,0.0
2009-08-16 11:00:00,0.0
2009-08-16 12:00:00,0.0
2009-08-16 13:00:00,0.0
2009-08-16 14:00:00,0.0
2009-08-16 15:00:00,0.0
2009-08-16 16:00:00,0.0
2009-08-16 17:00:00,0.0
2009-08-16 18:00:00,0.0
2009-08-16 19:00:00,0.0
2009-08-16 20:00:00,0.0
2009-08-16 21:00:00,0.0
2009-08-16 22:00:00,0.0
2009-08-16 23:00:00,0.0
2009-08-17 00:00:00,0.0
2009-08-17 01:00:00,0.0
2009-08-17 02:00:00,0.0
2009-08-17 03:00:00,0.0
2009-08-17 04:00:00,0.0
2009-08-17 05:00:00,0.0
2009-08-17 06:00:00,0.0
2009-08-17 07:00:00,0.0
2009-08-17 08:00:00,0.0
2009-08-17 09:00:00,0.0
2009-08-17 10:00:00,0.0
2009-08-17 11:00:00,0.0
2009-08-17 12:00:00,0.0
2009-08-17 13:00:00,0.0
2009-08-17 14:00:00,0.0
2009-08-17 15:00:00,0.0
2009-08-17 16:00:00,0.0
2009-08-17 17:00:00,0.0
2009-08-17 18:00:00,0.0
2009-08-17 19:00:00,0.0
2009-08-17 20:00:00,0.0
2009-08-17 21:00:00,0.0
2009-08-17 22:00:00,0.0
2009-08-17 23:00:00,0.0
2009-08-18 00:00:00,0.0
2009-08-18 01:00:00,0.0
2009-08-18 02:00:00,0.0
2009-08-18 03:00:00,0.0
2009-08-18 04:00:00,0.0
2009-08-18 05:00:00,0.0
2009-08-18 06:00:00,0.0
2009-08-18 07:00:00,0.0
2009-08-18 08:00:00,0.0
2009-08-18 09:00:00,0.0
2009-08-18 10:00:00,0.0
2009-08-18 11:00:00,0.0
2009-08-18 12:00:00,0.0
2009-08-18 13:00:00,0.0
2009-08-18 14:00:00,0.0
2009-08-18 15:00:00,0.0
2009-08-18 16:00:00,0.0
2009-08-18 17:00:00,0.0
2009-08-18 18:00:00,0.0
2009-08-18 19:00:00,0.0
2009-08-18 20:00:00,0.0
2009-08-18 21:00:00,0.0
2009-08-18 22:00:00,0.0
2009-08-18 23:00:00,0.0
2009-08-19 00:00:00,0.0
2009-08-19 01:00:00,0.0
2009-08-19 02:00:00,0.0
2009-08-19 03:00:00,0.0
2009-08-19 04:00:00,0.0
2009-08-19 05:00:00,0.0
2009-08-19 06:00:00,0.0
2009-08-19 07:00:00,0.0
2009-08-19 08:00:00,0.0
2009-08-19 09:00:00,0.0
2009-08-19 10:00:00,0.0
2009-08-19 11:00:00,0.0
2009-08-19 12:00:00,0.0
2009-08-19 13:00:00,0.0
2009-08-19 14:00:00,0.0
2009-08-19 15:00:00,0.0
2009-08-19 16:00:00,0.0
2009-08-19 17:00:00,0.0
2009-08-19 18:00:00,0.0
2009-08-19 19:00:00,0.0
2009-08-19 20:00:00,0.0
2009-08-19 21:00:00,0.0
2009-08-19 22:00:00,0.0
2009-08-19 23:00:00,0.0
2009-08-20 00:00:00,0.0
2009-08-20 01:00:00,0.0
2009-08-20 02:00:00,0.0
2009-08-20 03:00:00,0.0
2009-08-20 04:00:00,0.0
2009-08-20 05:00:00,0.0
2009-08-20 06:00:00,0.0
2009-08-20 07:00:00,0.0
2009-08-20 08:00:00,0.0
2009-08-20 09:00:00,0.0
2009-08-20 10:00:00,0.0
2009-08-20 11:00:00,0.0
2009-08-20 12:00:00,0.0
2009-08-20 13:00:00,0.0
2009-08-20 14:00:00,0.0
2009-08-20 15:00:00,0.0
2009-08-20 16:00:00,0.0
2009-08-20 17:00:00,0.0
2009-08-20 18:00:00,0.0
2009-08-20 19:00:00,0.0
2009-08-20 20:00:00,0.0
2009-08-20 21:00:00,0.0
2009-08-20 22:00:00,0.0
2009-08-20 23:00:00,0.0
2009-08-21 00:00:00,0.0
2009-08-21 01:00:00,0.0
2009-08-21 02:00:00,0.0
2009-08-21 03:00:00,0.0
2009-08-21 04:00:00,0.0
2009-08-21 05:00:00,0.0
2009-08-21 06:00:00,0.0
2009-08-21 07:00:00,0.0
2009-08-21 08:00:00,0.0
2009-08-21 09:00:00,0.0
2009-08-21 10:00:00,0.0
2009-08-21 11:00:00,0.0
2009-08-21 12:00:00,0.0
2009-08-21 13:00:00,0.0
2009-08-21 14:00:00,0.0
2009-08-21 15:00:00,0.0
2009-08-21 16:00:00,0.0
2009-08-21 17:00:00,0.0
2009-08-21 18:00:00,0.0
2009-08-21 19:00:00,0.0
2009-08-21 20:00:00,0.0
2009-08-21 21:00:00,0.0
2009-08-21 22:00:00,0.0
2009-08-21 23:00:00,0.0
2009-08-22 00:00:00,0.0
2009-08-22 01:00:00,0.0
2009-08-22 02:00:00,0.0
2009-08-22 03:00:00,0.0
2009-08-22 04:00:00,0.0
2009-08-22 05:00:00,0.0
2009-08-22 06:00:00,0.0
2009-08-22 07:00:00,0.0
2009-08-22 08:00:00,0.0
2009-08-22 09:00:00,0.0
2009-08-22 10:00:00,0.0
2009-08-22 11:00:00,0.0
2009-08-22 12:00:00,0.0
2009-08-22 13:00:00,0.0
2009-08-22 14:00:00,0.0
2009-08-22 15:00:00,0.0
2009-08-22 16:00:00,0.0
2009-08-22 17:00:00,0.0
2009-08-22 18:00:00,0.0
2009-08-22 19:00:00,0.0
2009-08-22 20:00:00,0.0
2009-08-22 21:00:00,0.0
2009-08-22 22:00:00,0.0
2009-08-22 23:00:00,0.0
2009-08-23 00:00:00,0.0
2009-08-23 01:00:00,0.0
2009-08-23 02:00:00,0.0
2009-08-23 03:00:00,0.0
2009-08-23 04:00:00,0.0
2009-08-23 05:00:00,0.0
2009-08-23 06:00:00,0.0
2009-08-23 07:00:00,0.0
2009-08-23 08:00:00,0.0
2009-08-23 09:00:00,0.0
2009-08-23 10:00:00,0.0
2009-08-23 11:00:00,0.0
2009-08-23 12:00:00,0.0
2009-08-23 13:00:00,0.0
2009-08-23 14:00:00,0.0
2009-08-23 15:00:00,0.0
2009-08-23 16:00:00,0.0
2009-08-23 17:00:00,0.0
2009-08-23 18:00:00,0.0
2009-08-23 19:00:00,0.0
2009-08-23 20:00:00,0.0
2009-08-23 21:00:00,0.0
2009-08-23 22:00:00,0.0
2009-08-23 23:00:00,0.0
2009-08-24 00:00:00,0.0
2009-08-24 01:00:00,0.0
2009-08-24 02:00:00,0.0
2009-08-24 03:00:00,0.0
2009-08-24 04:00:00,0.0
2009-08-24 05:00:00,0.0
2009-08-24 06:00:00,0.0
2009-08-24 07:00:00,0.0
2009-08-24 08:00:00,0.0
2009-08-24 09:00:00,0.0
2009-08-24 10:00:00,0.0
2009-08-24 11:00:00,0.0
2009-08-24 12:00:00,0.0
2009-08-24 13:00:00,0.0
2009-08-24 14:00:00,0.0
2009-08-24 15:00:00,0.0
2009-08-24 16:00:00,0.0
2009-08-24 17:00:00,0.0
2009-08-24 18:00:00,0.0
2009-08-24 19:00:00,0.0
2009-08-24 20:00:00,0.0
2009-08-24 21:00:00,0.0
2009-08-24 22:00:00,0.0
2009-08-24 23:00:00,0.0
2009-08-25 00:00:00,0.0
2009-08-25 01:00:00,0.0
2009-08-25 02:00:00,0.0
2009-08-25 03:00:00,0.0
2009-08-25 04:00:00,0.0
2009-08-25 05:00:00,0.0
2009-08-25 06:00:00,0.0
2009-08-25 07:00:00,0.0
2009-08-25 08:00:00,0.0
2009-08-25 09:00:00,0.0
2009-08-25 10:00:00,0.0
2009-08-25 11:00:00,0.0
2009-08-25 12:00:00,0.0
2009-08-25 13:00:00,0.0
2009-08-25 14:00:00,0.0
2009-08-25 15:00:00,0.0
2009-08-25 16:00:00,0.0
2009-08-25 17:00:00,0.0
2009-08-25 18:00:00,0.0
2009-08-25 19:00:00,0.0
2009-08-25 20:00:00,0.0
2009-08-25 21:00:00,0.0
2009-08-25 22:00:00,0.0
2009-08-25 23:00:00,0.0
2009-08-26 00:00:00,0.0
2009-08-26 01:00:00,0.0
2009-08-26 02:00:00,0.0
2009-08-26 03:00:00,0.0
2009-08-26 04:00:00,0.0
2009-08-26 05:00:00,0.0
2009-08-26 06:00:00,0.0
2009-08-26 07:00:00,0.0
2009-08-26 08:00:00,0.0
2009-08-26 09:00:00,0.0
2009-08-26 10:00:00,0.0
2009-08-26 11:00:00,0.0
2009-08-26 12:00:00,0.0
2009-08-26 13:00:00,0.0
2009-08-26 14:00:00,0.0
2009-08-26 15:00:00,0.0
2009-08-26 16:00:00,0.0
2009-08-26 17:00:00,0.0
2009-08-26 18:00:00,0.0
2009-08-26 19:00:00,0.0
2009-08-26 20:00:00,0.0
2009-08-26 21:00:00,0.0
2009-08-26 22:00:00,0.0
2009-08-26 23:00:00,0.0
2009-08-27 00:00:00,0.0
2009-08-27 01:00:00,0.0
2009-08-27 02:00:00,0.0
2009-08-27 03:00:00,0.0
2009-08-27 04:00:00,0.0
2009-08-27 05:00:00,0.0
2009-08-27 06:00:00,0.0
2009-08-27 07:00:00,0.0
2009-08-27 08:00:00,0.0
2009-08-27 09:00:00,0.0
2009-08-27 10:00:00,0.0
2009-08-27 11:00:00,0.0
2009-08-27 12:00:00,0.0
2009-08-27 13:00:00,0.0
2009-08-27 14:00:00,0.0
2009-08-27 15:00:00,0.0
2009-08-27 16:00:00,0.0
2009-08-27 17:00:00,0.0
2009-08-27 18:00:00,0.0
2009-08-27 19:00:00,0.0
2009-08-27 20:00:00,0.0
2009-08-27 21:00:00,0.0
2009-08-27 22:00:00,0.0
2009-08-27 23:00:00,0.0
2009-08-28 00:00:00,0.0
2009-08-28 01:00:00,0.0
2009-08-28 02:00:00,0.0
2009-08-28 03:00:00,0.0
2009-08-28 04:00:00,0.0
2009-08-28 05:00:00,0.0
2009-08-28 06:00:00,0.0
2009-08-28 07:00:00,0.0
2009-08-28 08:00:00,0.0
2009-08-28 09:00:00,0.0
2009-08-28 10:00:00,0.0
2009-08-28 11:00:00,0.0
2009-08-28 12:00:00,0.0
2009-08-28 13:00:00,0.0
2009-08-28 14:00:00,0.0
2009-08-28 15:00:00,0.0
2009-08-28 16:00:00,0.0
2009-08-28 17:00:00,0.0
2009-08-28 18:00:00,0.0
2009-08-28 19:00:00,0.0
2009-08-28 20:00:00,0.0
2009-08-28 21:00:00,0.0
2009-08-28 22:00:00,0.0
2009-08-28 23:00:00,0.0
2009-08-29 00:00:00,0.0
2009-08-29 01:00:00,0.0
2009-08-29 02:00:00,0.0
2009-08-29 03:00:00,0.0
2009-08-29 04:00:00,0.0
2009-08-29 05:00:00,0.0
2009-08-29 06:00:00,0.0
2009-08-29 07:00:00,0.0
2009-08-29 08:00:00,0.0
2009-08-29 09:00:00,0.0
2009-08-29 10:00:00,0.0
2009-08-29 11:00:00,0.0
2009-08-29 12:00:00,0.0
2009-08-29 13:00:00,0.0
2009-08-29 14:00:00,0.0
2009-08-29 15:00:00,0.0
2009-08-29 16:00:00,0.0
2009-08-29 17:00:00,0.0
2009-08-29 18:00:00,0.0
2009-08-29 19:00:00,0.0
2009-08-29 20:00:00,0.0
2009-08-29 21:00:00,0.0
2009-08-29 22:00:00,0.0
2009-08-29 23:00:00,0.0
2009-08-30 00:00:00,0.0
2009-08-30 01:00:00,0.0
2009-08-30 02:00:00,0.0
2009-08-30 03:00:00,0.0
2009-08-30 04:00:00,0.0
2009-08-30 05:00:00,0.0
2009-08-30 06:00:00,0.0
2009-08-30 07:00:00,0.0
2009-08-30 08:00:00,0.0
2009-08-30 09:00:00,0.0
2009-08-30 10:00:00,0.0
2009-08-30 11:00:00,0.0
2009-08-30 12:00:00,0.0
2009-08-30 13:00:00,0.0
2009-08-30 14:00:00,0.0
2009-08-30 15:00:00,0.0
2009-08-30 16:00:00,0.0
2009-08-30 17:00:00,0.0
2009-08-30 18:00:00,0.0
2009-08-30 19:00:00,0.0
2009-08-30 20:00:00,0.0
2009-08-30 21:00:00,0.0
2009-08-30 22:00:00,0.0
2009-08-30 23:00:00,0.0
2009-08-31 00:00:00,0.0
2009-08-31 01:00:00,0.0
2009-08-31 02:00:00,0.0
2009-08-31 03:00:00,0.0
2009-08-31 04:00:00,0.0
2009-08-31 05:00:00,0.0
2009-08-31 06:00:00,0.0
2009-08-31 07:00:00,0.0
2009-08-31 08:00:00,0.0
2009-08-31 09:00:00,0.0
2009-08-31 10:00:00,0.0
2009-08-31 11:00:00,0.0
2009-08-31 12:00:00,0.0
2009-08-31 13:00:00,0.0
2009-08-31 14:00:00,0.0
2009-08-31 15:00:00,0.0
2009-08-31 16:00:00,0.0
2009-08-31 17:00:00,0.0
2009-08-31 18:00:00,0.0
2009-08-31 19:00:00,0.0
2009-08-31 20:00:00,0.0
2009-08-31 21:00:00,0.0
2009-08-31 22:00:00,0.0
2009-08-31 23:00:00,0.0
2009-09-01 00:00:00,0.2613
2009-09-01 01:00:00,0.2733
2009-09-01 02:00:00,0.2994
2009-09-01 03:00:00,0.3027
2009-09-01 04:00:00,0.3131
2009-09-01 05:00:00,0.3253
2009-09-01 06:00:00,0.3078
2009-09-01 07:00:00,0.2551
2009-09-01 08:00:00,0.1556
2009-09-01 09:00:00,0.0018
2009-09-01 10:00:00,0.0016
2009-09-01 11:00:00,0.0
2009-09-01 12:00:00,0.0
2009-09-01 13:00:00,0.0
2009-09-01 14:00:00,0.0
2009-09-01 15:00:00,0.0
2009-09-01 16:00:00,0.0005
2009-09-01 17:00:00,0.0049
2009-09-01 18:00:00,0.1364
2009-09-01 19:00:00,0.1484
2009-09-01 20:00:00,0.1489
2009-09-01 21:00:00,0.1944
2009-09-01 22:00:00,0.2307
2009-09-01 23:00:00,0.2358
2009-09-02 00:00:00,1.239
2009-09-02 01:00:00,1.2527
2009-09-02 02:00:00,1.2732
2009-09-02 03:00:00,1.3108
2009-09-02 04:00:00,1.3218
2009-09-02 05:00:00,1.3291
2009-09-02 06:00:00,1.2974
2009-09-02 07:00:00,1.1284
2009-09-02 08:00:00,0.426
2009-09-02 09:00:00,0.0592
2009-09-02 10:00:00,0.0565
2009-09-02 11:00:00,0.1387
2009-09-02 12:00:00,0.1629
2009-09-02 13:00:00,0.4512
2009-09-02 14:00:00,0.4639
2009-09-02 15:00:00,0.28
2009-09-02 16:00:00,0.4179
2009-09-02 17:00:00,0.7869
2009-09-02 18:00:00,1.0025
2009-09-02 19:00:00,1.0482
2009-09-02 20:00:00,1.0973
2009-09-02 21:00:00,1.0908
2009-09-02 22:00:00,1.124
2009-09-02 23:00:00,1.1221
2009-09-03 00:00:00,1.0287
2009-09-03 01:00:00,0.9963
2009-09-03 02:00:00,1.0189
2009-09-03 03:00:00,1.0301
2009-09-03 04:00:00,1.0113
2009-09-03 05:00:00,0.9951
2009-09-03 06:00:00,0.8056
2009-09-03 07:00:00,1.4809
2009-09-03 08:00:00,1.2512
2009-09-03 09:00:00,1.0574
2009-09-03 10:00:00,1.2385
2009-09-03 11:00:00,1.2577
2009-09-03 12:00:00,1.1035
2009-09-03 13:00:00,1.0207
2009-09-03 14:00:00,0.9357
2009-09-03 15:00:00,1.0496
2009-09-03 16:00:00,1.2575
2009-09-03 17:00:00,1.6382
2009-09-03 18:00:00,1.8561
2009-09-03 19:00:00,1.9176
2009-09-03 20:00:00,1.9337
2009-09-03 21:00:00,1.9644
2009-09-03 22:00:00,2.0353
2009-09-03 23:00:00,2.064
2009-09-04 00:00:00,11.467
2009-09-04 01:00:00,12.1953
2009-09-04 02:00:00,12.9016
2009-09-04 03:00:00,18.5466
2009-09-04 04:00:00,21.1326
2009-09-04 05:00:00,23.3384
2009-09-04 06:00:00,25.2807
2009-09-04 07:00:00,20.3047
2009-09-04 08:00:00,12.5056
2009-09-04 09:00:00,7.901
2009-09-04 10:00:00,8.8403
2009-09-04 11:00:00,8.2936
2009-09-04 12:00:00,7.29
2009-09-04 13:00:00,5.4667
2009-09-04 14:00:00,7.0862
2009-09-04 15:00:00,10.5252
2009-09-04 16:00:00,23.8263
2009-09-04 17:00:00,35.1087
2009-09-04 18:00:00,39.6969
2009-09-04 19:00:00,43.4747
2009-09-04 20:00:00,46.6962
2009-09-04 21:00:00,48.5471
2009-09-04 22:00:00,49.8185
2009-09-04 23:00:00,50.4504
2009-09-05 00:00:00,84.7705
2009-09-05 01:00:00,88.3148
2009-09-05 02:00:00,90.8089
2009-09-05 03:00:00,93.8114
2009-09-05 04:00:00,96.8158
2009-09-05 05:00:00,97.1125
2009-09-05 06:00:00,90.2372
2009-09-05 07:00:00,78.2742
2009-09-05 08:00:00,62.9576
2009-09-05 09:00:00,54.8396
2009-09-05 10:00:00,28.3138
2009-09-05 11:00:00,17.8147
2009-09-05 12:00:00,13.1926
2009-09-05 13:00:00,10.8015
2009-09-05 14:00:00,8.9766
2009-09-05 15:00:00,9.5662
2009-09-05 16:00:00,10.3264
2009-09-05 17:00:00,18.1421
2009-09-05 18:00:00,48.063
2009-09-05 19:00:00,67.9625
2009-09-05 20:00:00,74.9138
2009-09-05 21:00:00,77.9559
2009-09-05 22:00:00,81.2993
2009-09-05 23:00:00,85.6419
2009-09-06 00:00:00,73.5528
2009-09-06 01:00:00,76.18
2009-09-06 02:00:00,78.4236
2009-09-06 03:00:00,79.9647
2009-09-06 04:00:00,81.5867
2009-09-06 05:00:00,82.385
2009-09-06 06:00:00,75.9487
2009-09-06 07:00:00,64.6262
2009-09-06 08:00:00,51.3966
2009-09-06 09:00:00,30.942
2009-09-06 10:00:00,10.3234
2009-09-06 11:00:00,4.4206
2009-09-06 12:00:00,3.3863
2009-09-06 13:00:00,1.692
2009-09-06 14:00:00,1.2026
2009-09-06 15:00:00,1.3931
2009-09-06 16:00:00,3.588
2009-09-06 17:00:00,7.1398
2009-09-06 18:00:00,25.5122
2009-09-06 19:00:00,43.991
2009-09-06 20:00:00,50.7205
2009-09-06 21:00:00,54.8733
2009-09-06 22:00:00,59.904
2009-09-06 23:00:00,62.7097
2009-09-07 00:00:00,30.1903
2009-09-07 01:00:00,31.0988
2009-09-07 02:00:00,31.832
2009-09-07 03:00:00,32.5875
2009-09-07 04:00:00,33.1535
2009-09-07 05:00:00,33.3718
2009-09-07 06:00:00,30.0165
2009-09-07 07:00:00,24.4169
2009-09-07 08:00:00,18.2836
2009-09-07 09:00:00,2.5974
2009-09-07 10:00:00,0.3287
2009-09-07 11:00:00,0.009
2009-09-07 12:00:00,0.0047
2009-09-07 13:00:00,0.0022
2009-09-07 14:00:00,0.0046
2009-09-07 15:00:00,0.0021
2009-09-07 16:00:00,0.1277
2009-09-07 17:00:00,0.8048
2009-09-07 18:00:00,4.627
2009-09-07 19:00:00,12.8525
2009-09-07 20:00:00,18.3819
2009-09-07 21:00:00,21.6536
2009-09-07 22:00:00,23.4318
2009-09-07 23:00:00,24.8523
2009-09-08 00:00:00,6.8354
2009-09-08 01:00:00,7.1273
2009-09-08 02:00:00,7.196
2009-09-08 03:00:00,7.4776
2009-09-08 04:00:00,7.5655
2009-09-08 05:00:00,7.5556
2009-09-08 06:00:00,6.6843
2009-09-08 07:00:00,5.3156
2009-09-08 08:00:00,3.0012
2009-09-08 09:00:00,0.2183
2009-09-08 10:00:00,0.0024
2009-09-08 11:00:00,0.0023
2009-09-08 12:00:00,0.0021
2009-09-08 13:00:00,0.0006
2009-09-08 14:00:00,0.0006
2009-09-08 15:00:00,0.0047
2009-09-08 16:00:00,0.0159
2009-09-08 17:00:00,0.3385
2009-09-08 18:00:00,1.3612
2009-09-08 19:00:00,3.7961
2009-09-08 20:00:00,4.7303
2009-09-08 21:00:00,5.2904
2009-09-08 22:00:00,5.7654
2009-09-08 23:00:00,6.0367
2009-09-09 00:00:00,8.1367
2009-09-09 01:00:00,8.4935
2009-09-09 02:00:00,8.8843
2009-09-09 03:00:00,9.1069
2009-09-09 04:00:00,9.4234
2009-09-09 05:00:00,9.4613
2009-09-09 06:00:00,8.5088
2009-09-09 07:00:00,6.7136
2009-09-09 08:00:00,4.9495
2009-09-09 09:00:00,2.0709
2009-09-09 10:00:00,0.2415
2009-09-09 11:00:00,0.0419
2009-09-09 12:00:00,0.0068
2009-09-09 13:00:00,0.0068
2009-09-09 14:00:00,0.007
2009-09-09 15:00:00,0.1489
2009-09-09 16:00:00,0.302
2009-09-09 17:00:00,0.5059
2009-09-09 18:00:00,3.0944
2009-09-09 19:00:00,5.7427
2009-09-09 20:00:00,6.8962
2009-09-09 21:00:00,7.5027
2009-09-09 22:00:00,7.7762
2009-09-09 23:00:00,8.023
2009-09-10 00:00:00,6.518
2009-09-10 01:00:00,6.8579
2009-09-10 02:00:00,7.1389
2009-09-10 03:00:00,7.5641
2009-09-10 04:00:00,7.6643
2009-09-10 05:00:00,7.5652
2009-09-10 06:00:00,6.6128
2009-09-10 07:00:00,5.2818
2009-09-10 08:00:00,2.2178
2009-09-10 09:00:00,1.0005
2009-09-10 10:00:00,0.3465
2009-09-10 11:00:00,0.1778
2009-09-10 12:00:00,0.1679
2009-09-10 13:00:00,0.0286
2009-09-10 14:00:00,0.1266
2009-09-10 15:00:00,0.1553
2009-09-10 16:00:00,0.3358
2009-09-10 17:00:00,0.6402
2009-09-10 18:00:00,1.2226
2009-09-10 19:00:00,4.2461
2009-09-10 20:00:00,4.7693
2009-09-10 21:00:00,4.8952
2009-09-10 22:00:00,5.3404
2009-09-10 23:00:00,5.491
2009-09-11 00:00:00,11.6844
2009-09-11 01:00:00,12.4336
2009-09-11 02:00:00,12.8917
2009-09-11 03:00:00,13.3167
2009-09-11 04:00:00,13.4365
2009-09-11 05:00:00,12.9836
2009-09-11 06:00:00,12.7075
2009-09-11 07:00:00,12.0527
2009-09-11 08:00:00,10.4689
2009-09-11 09:00:00,9.5119
2009-09-11 10:00:00,5.4627
2009-09-11 11:00:00,4.9859
2009-09-11 12:00:00,4.6922
2009-09-11 13:00:00,3.7616
2009-09-11 14:00:00,2.7564
2009-09-11 15:00:00,2.7302
2009-09-11 16:00:00,3.9166
2009-09-11 17:00:00,4.8085
2009-09-11 18:00:00,6.6841
2009-09-11 19:00:00,10.5515
2009-09-11 20:00:00,9.5781
2009-09-11 21:00:00,11.3463
2009-09-11 22:00:00,11.8166
2009-09-11 23:00:00,12.0558
2009-09-12 00:00:00,11.4363
2009-09-12 01:00:00,11.6948
2009-09-12 02:00:00,11.7223
2009-09-12 03:00:00,11.9331
2009-09-12 04:00:00,12.1541
2009-09-12 05:00:00,12.3933
2009-09-12 06:00:00,12.2821
2009-09-12 07:00:00,11.8488
2009-09-12 08:00:00,11.1071
2009-09-12 09:00:00,9.8991
2009-09-12 10:00:00,7.5158
2009-09-12 11:00:00,5.5426
2009-09-12 12:00:00,4.2888
2009-09-12 13:00:00,3.8661
2009-09-12 14:00:00,4.067
2009-09-12 15:00:00,4.369
2009-09-12 16:00:00,4.8102
2009-09-12 17:00:00,5.3851
2009-09-12 18:00:00,6.436
2009-09-12 19:00:00,8.6699
2009-09-12 20:00:00,9.371
2009-09-12 21:00:00,10.4417
2009-09-12 22:00:00,11.0806
2009-09-12 23:00:00,11.5351
2009-09-13 00:00:00,20.4777
2009-09-13 01:00:00,20.7047
2009-09-13 02:00:00,21.4698
2009-09-13 03:00:00,21.8285
2009-09-13 04:00:00,22.1519
2009-09-13 05:00:00,22.265
2009-09-13 06:00:00,21.6877
2009-09-13 07:00:00,20.7744
2009-09-13 08:00:00,19.0719
2009-09-13 09:00:00,16.4132
2009-09-13 10:00:00,8.6211
2009-09-13 11:00:00,5.6002
2009-09-13 12:00:00,4.0719
2009-09-13 13:00:00,2.8169
2009-09-13 14:00:00,2.7012
2009-09-13 15:00:00,3.5116
2009-09-13 16:00:00,3.1412
2009-09-13 17:00:00,5.0985
2009-09-13 18:00:00,12.5044
2009-09-13 19:00:00,17.3172
2009-09-13 20:00:00,20.0439
2009-09-13 21:00:00,20.9672
2009-09-13 22:00:00,22.102
2009-09-13 23:00:00,23.1827
2009-09-14 00:00:00,70.8452
2009-09-14 01:00:00,74.6936
2009-09-14 02:00:00,75.0789
2009-09-14 03:00:00,77.3808
2009-09-14 04:00:00,81.3894
2009-09-14 05:00:00,84.5648
2009-09-14 06:00:00,82.3594
2009-09-14 07:00:00,78.2639
2009-09-14 08:00:00,72.5234
2009-09-14 09:00:00,62.933
2009-09-14 10:00:00,54.5412
2009-09-14 11:00:00,48.0082
2009-09-14 12:00:00,48.8223
2009-09-14 13:00:00,44.8921
2009-09-14 14:00:00,43.2664
2009-09-14 15:00:00,43.0817
2009-09-14 16:00:00,44.7637
2009-09-14 17:00:00,54.7876
2009-09-14 18:00:00,75.0699
2009-09-14 19:00:00,84.1505
2009-09-14 20:00:00,87.7461
2009-09-14 21:00:00,90.024
2009-09-14 22:00:00,91.2421
2009-09-14 23:00:00,92.28
2009-09-15 00:00:00,88.2907
2009-09-15 01:00:00,87.6744
2009-09-15 02:00:00,87.3411
2009-09-15 03:00:00,87.7098
2009-09-15 04:00:00,87.9569
2009-09-15 05:00:00,88.3032
2009-09-15 06:00:00,86.0516
2009-09-15 07:00:00,81.7604
2009-09-15 08:00:00,75.5837
2009-09-15 09:00:00,68.446
2009-09-15 10:00:00,59.9686
2009-09-15 11:00:00,46.6161
2009-09-15 12:00:00,36.9905
2009-09-15 13:00:00,29.8009
2009-09-15 14:00:00,25.0031
2009-09-15 15:00:00,17.0018
2009-09-15 16:00:00,26.8836
2009-09-15 17:00:00,38.2485
2009-09-15 18:00:00,46.4443
2009-09-15 19:00:00,49.3312
2009-09-15 20:00:00,56.8628
2009-09-15 21:00:00,56.6885
2009-09-15 22:00:00,62.3699
2009-09-15 23:00:00,62.884
2009-09-16 00:00:00,38.8566
2009-09-16 01:00:00,39.499
2009-09-16 02:00:00,39.9523
2009-09-16 03:00:00,40.04
2009-09-16 04:00:00,40.3277
2009-09-16 05:00:00,40.2872
2009-09-16 06:00:00,39.0388
2009-09-16 07:00:00,36.6397
2009-09-16 08:00:00,32.6986
2009-09-16 09:00:00,28.7676
2009-09-16 10:00:00,26.2276
2009-09-16 11:00:00,13.8264
2009-09-16 12:00:00,10.3924
2009-09-16 13:00:00,9.0403
2009-09-16 14:00:00,9.7828
2009-09-16 15:00:00,9.9235
2009-09-16 16:00:00,9.6168
2009-09-16 17:00:00,11.7978
2009-09-16 18:00:00,15.5745
2009-09-16 19:00:00,16.7166
2009-09-16 20:00:00,17.7426
2009-09-16 21:00:00,18.5179
2009-09-16 22:00:00,18.5513
2009-09-16 23:00:00,20.2204
2009-09-17 00:00:00,9.3835
2009-09-17 01:00:00,9.3561
2009-09-17 02:00:00,9.4202
2009-09-17 03:00:00,9.4693
2009-09-17 04:00:00,9.4962
2009-09-17 05:00:00,9.5496
2009-09-17 06:00:00,9.486
2009-09-17 07:00:00,9.1945
2009-09-17 08:00:00,8.5915
2009-09-17 09:00:00,7.3395
2009-09-17 10:00:00,6.871
2009-09-17 11:00:00,6.5607
2009-09-17 12:00:00,4.9135
2009-09-17 13:00:00,3.9008
2009-09-17 14:00:00,4.065
2009-09-17 15:00:00,3.1052
2009-09-17 16:00:00,3.6413
2009-09-17 17:00:00,4.1038
2009-09-17 18:00:00,6.6068
2009-09-17 19:00:00,8.2968
2009-09-17 20:00:00,8.5312
2009-09-17 21:00:00,8.7319
2009-09-17 22:00:00,9.0593
2009-09-17 23:00:00,9.3185
2009-09-18 00:00:00,4.8886
2009-09-18 01:00:00,4.9281
2009-09-18 02:00:00,5.0976
2009-09-18 03:00:00,5.3093
2009-09-18 04:00:00,5.433
2009-09-18 05:00:00,5.4435
2009-09-18 06:00:00,5.0054
2009-09-18 07:00:00,4.4351
2009-09-18 08:00:00,3.9549
2009-09-18 09:00:00,2.4637
2009-09-18 10:00:00,2.0157
2009-09-18 11:00:00,1.6564
2009-09-18 12:00:00,0.7307
2009-09-18 13:00:00,0.1123
2009-09-18 14:00:00,0.106
2009-09-18 15:00:00,0.1125
2009-09-18 16:00:00,1.022
2009-09-18 17:00:00,1.5818
2009-09-18 18:00:00,2.6648
2009-09-18 19:00:00,2.9458
2009-09-18 20:00:00,3.9405
2009-09-18 21:00:00,4.0874
2009-09-18 22:00:00,4.1952
2009-09-18 23:00:00,4.2849
2009-09-19 00:00:00,4.3708
2009-09-19 01:00:00,4.5721
2009-09-19 02:00:00,4.5729
2009-09-19 03:00:00,4.6226
2009-09-19 04:00:00,4.7128
2009-09-19 05:00:00,4.7254
2009-09-19 06:00:00,4.6472
2009-09-19 07:00:00,4.3541
2009-09-19 08:00:00,3.6111
2009-09-19 09:00:00,3.096
2009-09-19 10:00:00,2.2001
2009-09-19 11:00:00,1.8656
2009-09-19 12:00:00,1.822
2009-09-19 13:00:00,1.9237
2009-09-19 14:00:00,2.0105
2009-09-19 15:00:00,1.4062
2009-09-19 16:00:00,2.4218
2009-09-19 17:00:00,3.0966
2009-09-19 18:00:00,3.1557
2009-09-19 19:00:00,3.4916
2009-09-19 20:00:00,3.7389
2009-09-19 21:00:00,3.8971
2009-09-19 22:00:00,4.5939
2009-09-19 23:00:00,4.7133
2009-09-20 00:00:00,5.5119
2009-09-20 01:00:00,5.628
2009-09-20 02:00:00,5.7526
2009-09-20 03:00:00,5.9329
2009-09-20 04:00:00,6.0459
2009-09-20 05:00:00,6.1123
2009-09-20 06:00:00,6.0064
2009-09-20 07:00:00,5.5409
2009-09-20 08:00:00,4.9097
2009-09-20 09:00:00,3.9284
2009-09-20 10:00:00,3.2666
2009-09-20 11:00:00,2.2347
2009-09-20 12:00:00,0.7419
2009-09-20 13:00:00,0.7349
2009-09-20 14:00:00,0.835
2009-09-20 15:00:00,1.4277
2009-09-20 16:00:00,2.2787
2009-09-20 17:00:00,2.9133
2009-09-20 18:00:00,3.3135
2009-09-20 19:00:00,4.0738
2009-09-20 20:00:00,3.8476
2009-09-20 21:00:00,4.8591
2009-09-20 22:00:00,5.0121
2009-09-20 23:00:00,5.0335
2009-09-21 00:00:00,3.6629
2009-09-21 01:00:00,3.8231
2009-09-21 02:00:00,3.8448
2009-09-21 03:00:00,3.9219
2009-09-21 04:00:00,3.9037
2009-09-21 05:00:00,3.7797
2009-09-21 06:00:00,3.6529
2009-09-21 07:00:00,3.3278
2009-09-21 08:00:00,2.83
2009-09-21 09:00:00,1.1025
2009-09-21 10:00:00,0.4974
2009-09-21 11:00:00,0.1722
2009-09-21 12:00:00,0.0301
2009-09-21 13:00:00,0.0316
2009-09-21 14:00:00,0.0202
2009-09-21 15:00:00,0.2888
2009-09-21 16:00:00,0.6005
2009-09-21 17:00:00,0.9217
2009-09-21 18:00:00,2.6517
2009-09-21 19:00:00,2.876
2009-09-21 20:00:00,3.0477
2009-09-21 21:00:00,3.2082
2009-09-21 22:00:00,3.2948
2009-09-21 23:00:00,3.4283
2009-09-22 00:00:00,2.8343
2009-09-22 01:00:00,2.9098
2009-09-22 02:00:00,3.0668
2009-09-22 03:00:00,3.0702
2009-09-22 04:00:00,3.0912
2009-09-22 05:00:00,3.1276
2009-09-22 06:00:00,3.0751
2009-09-22 07:00:00,2.7785
2009-09-22 08:00:00,2.0335
2009-09-22 09:00:00,0.7047
2009-09-22 10:00:00,0.142
2009-09-22 11:00:00,0.0891
2009-09-22 12:00:00,0.0056
2009-09-22 13:00:00,0.0055
2009-09-22 14:00:00,0.0053
2009-09-22 15:00:00,0.0082
2009-09-22 16:00:00,0.5051
2009-09-22 17:00:00,0.8232
2009-09-22 18:00:00,2.037
2009-09-22 19:00:00,2.3283
2009-09-22 20:00:00,2.5473
2009-09-22 21:00:00,2.7439
2009-09-22 22:00:00,2.8344
2009-09-22 23:00:00,2.8721
2009-09-23 00:00:00,5.5339
2009-09-23 01:00:00,5.7739
2009-09-23 02:00:00,6.0722
2009-09-23 03:00:00,6.1699
2009-09-23 04:00:00,6.4012
2009-09-23 05:00:00,6.5018
2009-09-23 06:00:00,6.0826
2009-09-23 07:00:00,5.1439
2009-09-23 08:00:00,3.4908
2009-09-23 09:00:00,0.9934
2009-09-23 10:00:00,0.6156
2009-09-23 11:00:00,0.0577
2009-09-23 12:00:00,0.0053
2009-09-23 13:00:00,0.0049
2009-09-23 14:00:00,0.0049
2009-09-23 15:00:00,0.008
2009-09-23 16:00:00,0.3623
2009-09-23 17:00:00,0.9628
2009-09-23 18:00:00,2.8127
2009-09-23 19:00:00,4.5637
2009-09-23 20:00:00,4.9794
2009-09-23 21:00:00,5.0889
2009-09-23 22:00:00,5.3699
2009-09-23 23:00:00,5.5594
2009-09-24 00:00:00,5.9488
2009-09-24 01:00:00,6.0707
2009-09-24 02:00:00,6.4143
2009-09-24 03:00:00,6.4918
2009-09-24 04:00:00,6.3638
2009-09-24 05:00:00,6.3206
2009-09-24 06:00:00,6.0028
2009-09-24 07:00:00,5.248
2009-09-24 08:00:00,3.5806
2009-09-24 09:00:00,1.3804
2009-09-24 10:00:00,0.0617
2009-09-24 11:00:00,0.0206
2009-09-24 12:00:00,0.0099
2009-09-24 13:00:00,0.0101
2009-09-24 14:00:00,0.0056
2009-09-24 15:00:00,0.0083
2009-09-24 16:00:00,0.4384
2009-09-24 17:00:00,1.4945
2009-09-24 18:00:00,4.0272
2009-09-24 19:00:00,4.6614
2009-09-24 20:00:00,4.8684
2009-09-24 21:00:00,5.0756
2009-09-24 22:00:00,5.4816
2009-09-24 23:00:00,5.5627
2009-09-25 00:00:00,17.4858
2009-09-25 01:00:00,18.4082
2009-09-25 02:00:00,19.3061
2009-09-25 03:00:00,20.0787
2009-09-25 04:00:00,20.3728
2009-09-25 05:00:00,20.5809
2009-09-25 06:00:00,19.4151
2009-09-25 07:00:00,17.1265
2009-09-25 08:00:00,12.7103
2009-09-25 09:00:00,9.8365
2009-09-25 10:00:00,5.7924
2009-09-25 11:00:00,4.7741
2009-09-25 12:00:00,3.187
2009-09-25 13:00:00,3.3445
2009-09-25 14:00:00,3.359
2009-09-25 15:00:00,3.6442
2009-09-25 16:00:00,4.2399
2009-09-25 17:00:00,5.2552
2009-09-25 18:00:00,11.3946
2009-09-25 19:00:00,16.0001
2009-09-25 20:00:00,16.3555
2009-09-25 21:00:00,18.2216
2009-09-25 22:00:00,19.6014
2009-09-25 23:00:00,20.5254
2009-09-26 00:00:00,27.9036
2009-09-26 01:00:00,28.6174
2009-09-26 02:00:00,28.9034
2009-09-26 03:00:00,29.1275
2009-09-26 04:00:00,29.2623
2009-09-26 05:00:00,29.4339
2009-09-26 06:00:00,28.5975
2009-09-26 07:00:00,26.004
2009-09-26 08:00:00,21.2199
2009-09-26 09:00:00,15.5012
2009-09-26 10:00:00,9.3347
2009-09-26 11:00:00,4.9765
2009-09-26 12:00:00,3.0096
2009-09-26 13:00:00,2.9436
2009-09-26 14:00:00,2.2749
2009-09-26 15:00:00,2.3015
2009-09-26 16:00:00,2.8695
2009-09-26 17:00:00,7.7169
2009-09-26 18:00:00,13.6535
2009-09-26 19:00:00,18.4537
2009-09-26 20:00:00,20.365
2009-09-26 21:00:00,23.0655
2009-09-26 22:00:00,25.9406
2009-09-26 23:00:00,27.2388
2009-09-27 00:00:00,21.5563
2009-09-27 01:00:00,22.4858
2009-09-27 02:00:00,23.0234
2009-09-27 03:00:00,23.0955
2009-09-27 04:00:00,23.0446
2009-09-27 05:00:00,23.2085
2009-09-27 06:00:00,22.5822
2009-09-27 07:00:00,20.071
2009-09-27 08:00:00,15.7566
2009-09-27 09:00:00,4.8204
2009-09-27 10:00:00,2.3487
2009-09-27 11:00:00,0.9844
2009-09-27 12:00:00,0.133
2009-09-27 13:00:00,0.0992
2009-09-27 14:00:00,0.3141
2009-09-27 15:00:00,1.3663
2009-09-27 16:00:00,1.892
2009-09-27 17:00:00,3.6717
2009-09-27 18:00:00,9.8765
2009-09-27 19:00:00,12.5282
2009-09-27 20:00:00,17.5428
2009-09-27 21:00:00,18.5447
2009-09-27 22:00:00,19.7361
2009-09-27 23:00:00,20.5401
2009-09-28 00:00:00,20.5811
2009-09-28 01:00:00,21.4217
2009-09-28 02:00:00,21.877
2009-09-28 03:00:00,22.3174
2009-09-28 04:00:00,22.3586
2009-09-28 05:00:00,21.9823
2009-09-28 06:00:00,21.2956
2009-09-28 07:00:00,19.4048
2009-09-28 08:00:00,16.0301
2009-09-28 09:00:00,9.4469
2009-09-28 10:00:00,2.6152
2009-09-28 11:00:00,0.1318
2009-09-28 12:00:00,0.0453
2009-09-28 13:00:00,0.0428
2009-09-28 14:00:00,0.0454
2009-09-28 15:00:00,0.0382
2009-09-28 16:00:00,0.5586
2009-09-28 17:00:00,5.5744
2009-09-28 18:00:00,10.6027
2009-09-28 19:00:00,13.9303
2009-09-28 20:00:00,17.2863
2009-09-28 21:00:00,18.7939
2009-09-28 22:00:00,19.7768
2009-09-28 23:00:00,20.4336
2009-09-29 00:00:00,22.7099
2009-09-29 01:00:00,23.27
2009-09-29 02:00:00,24.1869
2009-09-29 03:00:00,24.7291
2009-09-29 04:00:00,25.2664
2009-09-29 05:00:00,25.5842
2009-09-29 06:00:00,24.633
2009-09-29 07:00:00,21.1015
2009-09-29 08:00:00,14.816
2009-09-29 09:00:00,3.9695
2009-09-29 10:00:00,0.4864
2009-09-29 11:00:00,0.0648
2009-09-29 12:00:00,0.0168
2009-09-29 13:00:00,0.0054
2009-09-29 14:00:00,0.0052
2009-09-29 15:00:00,0.0058
2009-09-29 16:00:00,0.5313
2009-09-29 17:00:00,6.3809
2009-09-29 18:00:00,14.4902
2009-09-29 19:00:00,18.6015
2009-09-29 20:00:00,20.6091
2009-09-29 21:00:00,22.0408
2009-09-29 22:00:00,23.3411
2009-09-29 23:00:00,24.3024
2009-09-30 00:00:00,39.284
2009-09-30 01:00:00,40.6514
2009-09-30 02:00:00,41.6534
2009-09-30 03:00:00,42.6797
2009-09-30 04:00:00,43.5992
2009-09-30 05:00:00,44.0044
2009-09-30 06:00:00,42.2737
2009-09-30 07:00:00,36.0833
2009-09-30 08:00:00,28.2587
2009-09-30 09:00:00,11.7276
2009-09-30 10:00:00,2.6414
2009-09-30 11:00:00,1.8609
2009-09-30 12:00:00,0.7072
2009-09-30 13:00:00,0.0231
2009-09-30 14:00:00,0.023
2009-09-30 15:00:00,0.1309
2009-09-30 16:00:00,0.7656
2009-09-30 17:00:00,4.8255
2009-09-30 18:00:00,15.181
2009-09-30 19:00:00,24.744
2009-09-30 20:00:00,30.11
2009-09-30 21:00:00,31.6866
2009-09-30 22:00:00,33.1655
2009-09-30 23:00:00,35.3461
2009-10-01 00:00:00,39.9576
2009-10-01 01:00:00,41.9291
2009-10-01 02:00:00,43.3275
2009-10-01 03:00:00,44.017
2009-10-01 04:00:00,43.8157
2009-10-01 05:00:00,44.111
2009-10-01 06:00:00,42.4227
2009-10-01 07:00:00,37.9431
2009-10-01 08:00:00,32.4424
2009-10-01 09:00:00,15.8469
2009-10-01 10:00:00,5.1259
2009-10-01 11:00:00,2.2505
2009-10-01 12:00:00,1.4676
2009-10-01 13:00:00,1.9473
2009-10-01 14:00:00,2.8909
2009-10-01 15:00:00,3.0421
2009-10-01 16:00:00,4.0917
2009-10-01 17:00:00,10.314
2009-10-01 18:00:00,14.9479
2009-10-01 19:00:00,16.1051
2009-10-01 20:00:00,28.0947
2009-10-01 21:00:00,32.1638
2009-10-01 22:00:00,34.9135
2009-10-01 23:00:00,36.4253
2009-10-02 00:00:00,52.4403
2009-10-02 01:00:00,55.4675
2009-10-02 02:00:00,58.1025
2009-10-02 03:00:00,60.8888
2009-10-02 04:00:00,62.3249
2009-10-02 05:00:00,64.0292
2009-10-02 06:00:00,63.3957
2009-10-02 07:00:00,56.9414
2009-10-02 08:00:00,46.6919
2009-10-02 09:00:00,26.375
2009-10-02 10:00:00,11.7786
2009-10-02 11:00:00,8.983
2009-10-02 12:00:00,8.3047
2009-10-02 13:00:00,8.0492
2009-10-02 14:00:00,8.2786
2009-10-02 15:00:00,8.9641
2009-10-02 16:00:00,24.6458
2009-10-02 17:00:00,38.8831
2009-10-02 18:00:00,46.8726
2009-10-02 19:00:00,51.8398
2009-10-02 20:00:00,55.3844
2009-10-02 21:00:00,59.9215
2009-10-02 22:00:00,63.6431
2009-10-02 23:00:00,66.4388
2009-10-03 00:00:00,97.4146
2009-10-03 01:00:00,101.6533
2009-10-03 02:00:00,107.3826
2009-10-03 03:00:00,111.345
2009-10-03 04:00:00,114.4869
2009-10-03 05:00:00,117.2691
2009-10-03 06:00:00,114.8903
2009-10-03 07:00:00,101.058
2009-10-03 08:00:00,84.3606
2009-10-03 09:00:00,58.7448
2009-10-03 10:00:00,33.6956
2009-10-03 11:00:00,10.1776
2009-10-03 12:00:00,7.5074
2009-10-03 13:00:00,6.0638
2009-10-03 14:00:00,5.184
2009-10-03 15:00:00,5.1299
2009-10-03 16:00:00,9.2534
2009-10-03 17:00:00,35.452
2009-10-03 18:00:00,53.6981
2009-10-03 19:00:00,70.0149
2009-10-03 20:00:00,77.4535
2009-10-03 21:00:00,81.9173
2009-10-03 22:00:00,85.3827
2009-10-03 23:00:00,87.8308
2009-10-04 00:00:00,81.0818
2009-10-04 01:00:00,81.5221
2009-10-04 02:00:00,81.5583
2009-10-04 03:00:00,81.9239
2009-10-04 04:00:00,82.8633
2009-10-04 05:00:00,85.2428
2009-10-04 06:00:00,83.1965
2009-10-04 07:00:00,71.9302
2009-10-04 08:00:00,57.7432
2009-10-04 09:00:00,40.9052
2009-10-04 10:00:00,23.1101
2009-10-04 11:00:00,8.5647
2009-10-04 12:00:00,6.6761
2009-10-04 13:00:00,5.8726
2009-10-04 14:00:00,5.8338
2009-10-04 15:00:00,7.2633
2009-10-04 16:00:00,14.7973
2009-10-04 17:00:00,40.5601
2009-10-04 18:00:00,57.4099
2009-10-04 19:00:00,69.1983
2009-10-04 20:00:00,75.0641
2009-10-04 21:00:00,77.7324
2009-10-04 22:00:00,81.3039
2009-10-04 23:00:00,83.2079
2009-10-05 00:00:00,84.8944
2009-10-05 01:00:00,87.6679
2009-10-05 02:00:00,90.2576
2009-10-05 03:00:00,92.4134
2009-10-05 04:00:00,93.6018
2009-10-05 05:00:00,93.3665
2009-10-05 06:00:00,89.3907
2009-10-05 07:00:00,79.77
2009-10-05 08:00:00,68.1608
2009-10-05 09:00:00,50.9416
2009-10-05 10:00:00,28.5737
2009-10-05 11:00:00,18.0236
2009-10-05 12:00:00,12.6366
2009-10-05 13:00:00,6.5541
2009-10-05 14:00:00,6.2495
2009-10-05 15:00:00,6.0859
2009-10-05 16:00:00,7.5871
2009-10-05 17:00:00,15.1899
2009-10-05 18:00:00,17.8085
2009-10-05 19:00:00,30.3744
2009-10-05 20:00:00,35.4688
2009-10-05 21:00:00,36.9934
2009-10-05 22:00:00,38.5687
2009-10-05 23:00:00,40.5346
2009-10-06 00:00:00,4.9599
2009-10-06 01:00:00,5.368
2009-10-06 02:00:00,5.6039
2009-10-06 03:00:00,5.7579
2009-10-06 04:00:00,5.7063
2009-10-06 05:00:00,5.4864
2009-10-06 06:00:00,5.1026
2009-10-06 07:00:00,4.52
2009-10-06 08:00:00,3.6433
2009-10-06 09:00:00,1.0662
2009-10-06 10:00:00,0.1552
2009-10-06 11:00:00,0.0083
2009-10-06 12:00:00,0.1656
2009-10-06 13:00:00,0.1883
2009-10-06 14:00:00,0.2016
2009-10-06 15:00:00,0.3428
2009-10-06 16:00:00,0.6025
2009-10-06 17:00:00,0.8834
2009-10-06 18:00:00,1.0953
2009-10-06 19:00:00,1.1428
2009-10-06 20:00:00,1.5342
2009-10-06 21:00:00,1.6671
2009-10-06 22:00:00,2.7475
2009-10-06 23:00:00,3.839
2009-10-07 00:00:00,0.8854
2009-10-07 01:00:00,0.9276
2009-10-07 02:00:00,0.9705
2009-10-07 03:00:00,1.0337
2009-10-07 04:00:00,1.0728
2009-10-07 05:00:00,1.0958
2009-10-07 06:00:00,1.084
2009-10-07 07:00:00,1.0042
2009-10-07 08:00:00,0.7318
2009-10-07 09:00:00,0.2693
2009-10-07 10:00:00,0.0024
2009-10-07 11:00:00,0.0018
2009-10-07 12:00:00,0.0016
2009-10-07 13:00:00,0.0
2009-10-07 14:00:00,0.0
2009-10-07 15:00:00,0.0034
2009-10-07 16:00:00,0.2214
2009-10-07 17:00:00,0.376
2009-10-07 18:00:00,0.601
2009-10-07 19:00:00,0.6584
2009-10-07 20:00:00,0.6297
2009-10-07 21:00:00,0.6505
2009-10-07 22:00:00,0.626
2009-10-07 23:00:00,0.6555
2009-10-08 00:00:00,0.6872
2009-10-08 01:00:00,1.0552
2009-10-08 02:00:00,1.1279
2009-10-08 03:00:00,1.4069
2009-10-08 04:00:00,2.836
2009-10-08 05:00:00,2.9252
2009-10-08 06:00:00,3.0081
2009-10-08 07:00:00,2.9059
2009-10-08 08:00:00,2.6795
2009-10-08 09:00:00,2.475
2009-10-08 10:00:00,2.0027
2009-10-08 11:00:00,2.0581
2009-10-08 12:00:00,2.0851
2009-10-08 13:00:00,2.2306
2009-10-08 14:00:00,2.5438
2009-10-08 15:00:00,2.6283
2009-10-08 16:00:00,2.8878
2009-10-08 17:00:00,3.1195
2009-10-08 18:00:00,3.2813
2009-10-08 19:00:00,3.4044
2009-10-08 20:00:00,3.4392
2009-10-08 21:00:00,3.4797
2009-10-08 22:00:00,3.5482
2009-10-08 23:00:00,3.5986
2009-10-09 00:00:00,14.4097
2009-10-09 01:00:00,14.6399
2009-10-09 02:00:00,14.8945
2009-10-09 03:00:00,15.1784
2009-10-09 04:00:00,15.5767
2009-10-09 05:00:00,23.5142
2009-10-09 06:00:00,24.5014
2009-10-09 07:00:00,24.3566
2009-10-09 08:00:00,23.6151
2009-10-09 09:00:00,21.3908
2009-10-09 10:00:00,17.2362
2009-10-09 11:00:00,17.4993
2009-10-09 12:00:00,17.2899
2009-10-09 13:00:00,16.9456
2009-10-09 14:00:00,17.0189
2009-10-09 15:00:00,17.4902
2009-10-09 16:00:00,17.827
2009-10-09 17:00:00,20.6214
2009-10-09 18:00:00,22.9557
2009-10-09 19:00:00,23.7409
2009-10-09 20:00:00,23.6815
2009-10-09 21:00:00,23.8002
2009-10-09 22:00:00,24.0634
2009-10-09 23:00:00,23.8222
2009-10-10 00:00:00,28.2514
2009-10-10 01:00:00,28.4248
2009-10-10 02:00:00,28.6336
2009-10-10 03:00:00,29.453
2009-10-10 04:00:00,29.3486
2009-10-10 05:00:00,29.2774
2009-10-10 06:00:00,28.987
2009-10-10 07:00:00,28.6253
2009-10-10 08:00:00,25.7427
2009-10-10 09:00:00,24.0093
2009-10-10 10:00:00,21.9218
2009-10-10 11:00:00,18.9787
2009-10-10 12:00:00,17.9574
2009-10-10 13:00:00,15.6679
2009-10-10 14:00:00,15.5
2009-10-10 15:00:00,15.9662
2009-10-10 16:00:00,20.9622
2009-10-10 17:00:00,26.9768
2009-10-10 18:00:00,32.0469
2009-10-10 19:00:00,33.1842
2009-10-10 20:00:00,33.7734
2009-10-10 21:00:00,34.1147
2009-10-10 22:00:00,35.1634
2009-10-10 23:00:00,36.457
2009-10-11 00:00:00,60.549
2009-10-11 01:00:00,62.4529
2009-10-11 02:00:00,64.5705
2009-10-11 03:00:00,66.9244
2009-10-11 04:00:00,68.6695
2009-10-11 05:00:00,70.7732
2009-10-11 06:00:00,71.843
2009-10-11 07:00:00,66.4244
2009-10-11 08:00:00,59.4626
2009-10-11 09:00:00,51.7002
2009-10-11 10:00:00,26.9088
2009-10-11 11:00:00,17.7678
2009-10-11 12:00:00,14.4591
2009-10-11 13:00:00,13.5472
2009-10-11 14:00:00,14.4849
2009-10-11 15:00:00,20.4111
2009-10-11 16:00:00,25.3365
2009-10-11 17:00:00,41.9239
2009-10-11 18:00:00,47.5147
2009-10-11 19:00:00,51.617
2009-10-11 20:00:00,54.8983
2009-10-11 21:00:00,56.3304
2009-10-11 22:00:00,58.9017
2009-10-11 23:00:00,60.4978
2009-10-12 00:00:00,72.7493
2009-10-12 01:00:00,75.5393
2009-10-12 02:00:00,74.3993
2009-10-12 03:00:00,80.3068
2009-10-12 04:00:00,92.5525
2009-10-12 05:00:00,107.5061
2009-10-12 06:00:00,114.9423
2009-10-12 07:00:00,113.1257
2009-10-12 08:00:00,107.0897
2009-10-12 09:00:00,105.1848
2009-10-12 10:00:00,100.8483
2009-10-12 11:00:00,93.2988
2009-10-12 12:00:00,96.8183
2009-10-12 13:00:00,96.2114
2009-10-12 14:00:00,98.9407
2009-10-12 15:00:00,107.186
2009-10-12 16:00:00,113.9454
2009-10-12 17:00:00,119.6046
2009-10-12 18:00:00,124.4396
2009-10-12 19:00:00,128.1751
2009-10-12 20:00:00,131.7917
2009-10-12 21:00:00,135.4095
2009-10-12 22:00:00,137.313
2009-10-12 23:00:00,139.7345
2009-10-13 00:00:00,141.5365
2009-10-13 01:00:00,143.778
2009-10-13 02:00:00,145.8412
2009-10-13 03:00:00,146.3819
2009-10-13 04:00:00,146.5458
2009-10-13 05:00:00,147.4675
2009-10-13 06:00:00,147.4004
2009-10-13 07:00:00,141.2478
2009-10-13 08:00:00,131.0483
2009-10-13 09:00:00,122.2863
2009-10-13 10:00:00,112.706
2009-10-13 11:00:00,104.5216
2009-10-13 12:00:00,101.6018
2009-10-13 13:00:00,99.9945
2009-10-13 14:00:00,102.511
2009-10-13 15:00:00,107.0804
2009-10-13 16:00:00,117.2509
2009-10-13 17:00:00,124.8473
2009-10-13 18:00:00,129.5221
2009-10-13 19:00:00,133.4925
2009-10-13 20:00:00,136.7084
2009-10-13 21:00:00,141.2176
2009-10-13 22:00:00,144.9598
2009-10-13 23:00:00,149.5846
2009-10-14 00:00:00,154.0904
2009-10-14 01:00:00,156.6694
2009-10-14 02:00:00,159.5154
2009-10-14 03:00:00,163.9552
2009-10-14 04:00:00,167.6109
2009-10-14 05:00:00,168.3859
2009-10-14 06:00:00,168.9865
2009-10-14 07:00:00,163.309
2009-10-14 08:00:00,153.9841
2009-10-14 09:00:00,146.5663
2009-10-14 10:00:00,141.7671
2009-10-14 11:00:00,135.505
2009-10-14 12:00:00,131.8291
2009-10-14 13:00:00,130.1056
2009-10-14 14:00:00,131.9674
2009-10-14 15:00:00,137.2026
2009-10-14 16:00:00,146.2141
2009-10-14 17:00:00,156.5688
2009-10-14 18:00:00,164.9049
2009-10-14 19:00:00,170.7037
2009-10-14 20:00:00,175.9463
2009-10-14 21:00:00,182.3921
2009-10-14 22:00:00,187.9278
2009-10-14 23:00:00,192.1164
2009-10-15 00:00:00,194.8967
2009-10-15 01:00:00,197.2919
2009-10-15 02:00:00,199.2718
2009-10-15 03:00:00,200.7188
2009-10-15 04:00:00,203.2328
2009-10-15 05:00:00,205.6834
2009-10-15 06:00:00,203.4109
2009-10-15 07:00:00,195.4562
2009-10-15 08:00:00,182.3964
2009-10-15 09:00:00,171.9184
2009-10-15 10:00:00,163.1269
2009-10-15 11:00:00,158.3781
2009-10-15 12:00:00,154.0659
2009-10-15 13:00:00,150.8768
2009-10-15 14:00:00,151.6222
2009-10-15 15:00:00,155.023
2009-10-15 16:00:00,161.3528
2009-10-15 17:00:00,169.543
2009-10-15 18:00:00,174.6176
2009-10-15 19:00:00,177.2602
2009-10-15 20:00:00,181.0352
2009-10-15 21:00:00,184.6286
2009-10-15 22:00:00,186.3082
2009-10-15 23:00:00,186.8459
2009-10-16 00:00:00,188.2342
2009-10-16 01:00:00,189.0367
2009-10-16 02:00:00,188.5062
2009-10-16 03:00:00,189.7511
2009-10-16 04:00:00,189.6017
2009-10-16 05:00:00,190.5526
2009-10-16 06:00:00,189.0888
2009-10-16 07:00:00,180.8604
2009-10-16 08:00:00,167.7239
2009-10-16 09:00:00,154.925
2009-10-16 10:00:00,143.9875
2009-10-16 11:00:00,136.1903
2009-10-16 12:00:00,131.2334
2009-10-16 13:00:00,129.6986
2009-10-16 14:00:00,130.727
2009-10-16 15:00:00,134.8531
2009-10-16 16:00:00,138.9457
2009-10-16 17:00:00,148.4344
2009-10-16 18:00:00,151.0871
2009-10-16 19:00:00,151.8065
2009-10-16 20:00:00,152.3417
2009-10-16 21:00:00,155.1068
2009-10-16 22:00:00,155.775
2009-10-16 23:00:00,155.6163
2009-10-17 00:00:00,156.7588
2009-10-17 01:00:00,157.6628
2009-10-17 02:00:00,158.3595
2009-10-17 03:00:00,158.8385
2009-10-17 04:00:00,159.406
2009-10-17 05:00:00,159.9327
2009-10-17 06:00:00,159.6712
2009-10-17 07:00:00,157.7674
2009-10-17 08:00:00,154.7378
2009-10-17 09:00:00,151.5209
2009-10-17 10:00:00,148.8135
2009-10-17 11:00:00,145.7201
2009-10-17 12:00:00,142.1593
2009-10-17 13:00:00,140.8202
2009-10-17 14:00:00,141.7229
2009-10-17 15:00:00,147.8542
2009-10-17 16:00:00,158.0316
2009-10-17 17:00:00,164.1227
2009-10-17 18:00:00,166.7818
2009-10-17 19:00:00,168.9997
2009-10-17 20:00:00,172.01
2009-10-17 21:00:00,175.9164
2009-10-17 22:00:00,176.8973
2009-10-17 23:00:00,177.0338
2009-10-18 00:00:00,177.1149
2009-10-18 01:00:00,179.1867
2009-10-18 02:00:00,181.4788
2009-10-18 03:00:00,182.2589
2009-10-18 04:00:00,183.769
2009-10-18 05:00:00,183.1311
2009-10-18 06:00:00,182.6783
2009-10-18 07:00:00,178.1283
2009-10-18 08:00:00,171.2829
2009-10-18 09:00:00,163.5956
2009-10-18 10:00:00,155.8633
2009-10-18 11:00:00,150.879
2009-10-18 12:00:00,147.1504
2009-10-18 13:00:00,144.4094
2009-10-18 14:00:00,143.6208
2009-10-18 15:00:00,148.4041
2009-10-18 16:00:00,155.8371
2009-10-18 17:00:00,161.8422
2009-10-18 18:00:00,166.6777
2009-10-18 19:00:00,168.8571
2009-10-18 20:00:00,171.6411
2009-10-18 21:00:00,174.1214
2009-10-18 22:00:00,177.8133
2009-10-18 23:00:00,181.6116
2009-10-19 00:00:00,183.9949
2009-10-19 01:00:00,184.8829
2009-10-19 02:00:00,185.5424
2009-10-19 03:00:00,187.7993
2009-10-19 04:00:00,188.4584
2009-10-19 05:00:00,188.9806
2009-10-19 06:00:00,189.4646
2009-10-19 07:00:00,184.3292
2009-10-19 08:00:00,176.6488
2009-10-19 09:00:00,166.5548
2009-10-19 10:00:00,154.0186
2009-10-19 11:00:00,145.6218
2009-10-19 12:00:00,138.6799
2009-10-19 13:00:00,133.9956
2009-10-19 14:00:00,133.7445
2009-10-19 15:00:00,138.1942
2009-10-19 16:00:00,148.9004
2009-10-19 17:00:00,160.8811
2009-10-19 18:00:00,169.0991
2009-10-19 19:00:00,174.4914
2009-10-19 20:00:00,179.0415
2009-10-19 21:00:00,183.5403
2009-10-19 22:00:00,187.5406
2009-10-19 23:00:00,190.6729
2009-10-20 00:00:00,193.62
2009-10-20 01:00:00,195.8026
2009-10-20 02:00:00,196.6765
2009-10-20 03:00:00,197.2105
2009-10-20 04:00:00,196.6949
2009-10-20 05:00:00,196.904
2009-10-20 06:00:00,196.0593
2009-10-20 07:00:00,189.8265
2009-10-20 08:00:00,179.2033
2009-10-20 09:00:00,167.2055
2009-10-20 10:00:00,153.636
2009-10-20 11:00:00,139.3954
2009-10-20 12:00:00,123.3986
2009-10-20 13:00:00,114.54
2009-10-20 14:00:00,113.1585
2009-10-20 15:00:00,116.7942
2009-10-20 16:00:00,125.5527
2009-10-20 17:00:00,135.1444
2009-10-20 18:00:00,141.2087
2009-10-20 19:00:00,144.4532
2009-10-20 20:00:00,146.2881
2009-10-20 21:00:00,148.228
2009-10-20 22:00:00,148.7814
2009-10-20 23:00:00,149.8389
2009-10-21 00:00:00,146.5202
2009-10-21 01:00:00,146.064
2009-10-21 02:00:00,146.2891
2009-10-21 03:00:00,146.4865
2009-10-21 04:00:00,146.1695
2009-10-21 05:00:00,147.464
2009-10-21 06:00:00,146.9011
2009-10-21 07:00:00,141.2961
2009-10-21 08:00:00,129.9748
2009-10-21 09:00:00,121.7987
2009-10-21 10:00:00,112.4085
2009-10-21 11:00:00,101.9349
2009-10-21 12:00:00,88.3441
2009-10-21 13:00:00,73.1743
2009-10-21 14:00:00,65.8439
2009-10-21 15:00:00,68.0125
2009-10-21 16:00:00,82.341
2009-10-21 17:00:00,91.6966
2009-10-21 18:00:00,97.2056
2009-10-21 19:00:00,101.2879
2009-10-21 20:00:00,107.24
2009-10-21 21:00:00,111.9776
2009-10-21 22:00:00,112.6727
2009-10-21 23:00:00,112.7673
2009-10-22 00:00:00,117.1786
2009-10-22 01:00:00,120.9003
2009-10-22 02:00:00,125.8876
2009-10-22 03:00:00,127.8343
2009-10-22 04:00:00,131.4873
2009-10-22 05:00:00,134.0663
2009-10-22 06:00:00,134.1376
2009-10-22 07:00:00,129.2899
2009-10-22 08:00:00,121.2992
2009-10-22 09:00:00,112.5362
2009-10-22 10:00:00,102.0732
2009-10-22 11:00:00,85.4076
2009-10-22 12:00:00,76.6775
2009-10-22 13:00:00,65.7143
2009-10-22 14:00:00,54.5035
2009-10-22 15:00:00,59.6622
2009-10-22 16:00:00,80.6813
2009-10-22 17:00:00,96.853
2009-10-22 18:00:00,108.4041
2009-10-22 19:00:00,115.6371
2009-10-22 20:00:00,119.3858
2009-10-22 21:00:00,125.0764
2009-10-22 22:00:00,129.7665
2009-10-22 23:00:00,133.6886
2009-10-23 00:00:00,135.3901
2009-10-23 01:00:00,136.0254
2009-10-23 02:00:00,135.5298
2009-10-23 03:00:00,135.0723
2009-10-23 04:00:00,134.8293
2009-10-23 05:00:00,130.3875
2009-10-23 06:00:00,126.3243
2009-10-23 07:00:00,121.4757
2009-10-23 08:00:00,118.4392
2009-10-23 09:00:00,114.837
2009-10-23 10:00:00,110.8031
2009-10-23 11:00:00,106.3616
2009-10-23 12:00:00,105.3765
2009-10-23 13:00:00,102.6303
2009-10-23 14:00:00,100.9189
2009-10-23 15:00:00,102.7874
2009-10-23 16:00:00,107.0656
2009-10-23 17:00:00,111.3624
2009-10-23 18:00:00,114.3328
2009-10-23 19:00:00,117.0424
2009-10-23 20:00:00,118.9089
2009-10-23 21:00:00,120.6316
2009-10-23 22:00:00,124.2131
2009-10-23 23:00:00,127.3251
2009-10-24 00:00:00,131.7177
2009-10-24 01:00:00,134.6346
2009-10-24 02:00:00,136.7384
2009-10-24 03:00:00,137.1599
2009-10-24 04:00:00,138.2801
2009-10-24 05:00:00,139.4833
2009-10-24 06:00:00,139.7601
2009-10-24 07:00:00,136.1509
2009-10-24 08:00:00,126.6703
2009-10-24 09:00:00,116.2273
2009-10-24 10:00:00,103.8445
2009-10-24 11:00:00,95.5422
2009-10-24 12:00:00,81.848
2009-10-24 13:00:00,74.4796
2009-10-24 14:00:00,75.5713
2009-10-24 15:00:00,86.2999
2009-10-24 16:00:00,98.1388
2009-10-24 17:00:00,105.8922
2009-10-24 18:00:00,111.4433
2009-10-24 19:00:00,111.6808
2009-10-24 20:00:00,107.7827
2009-10-24 21:00:00,110.9577
2009-10-24 22:00:00,106.9112
2009-10-24 23:00:00,106.6466
2009-10-25 00:00:00,102.2205
2009-10-25 01:00:00,103.528
2009-10-25 02:00:00,103.6979
2009-10-25 03:00:00,106.3571
2009-10-25 04:00:00,107.8949
2009-10-25 05:00:00,108.892
2009-10-25 06:00:00,107.9578
2009-10-25 07:00:00,102.4455
2009-10-25 08:00:00,95.0376
2009-10-25 09:00:00,83.5731
2009-10-25 10:00:00,70.8509
2009-10-25 11:00:00,60.4599
2009-10-25 12:00:00,52.4451
2009-10-25 13:00:00,50.4943
2009-10-25 14:00:00,41.7475
2009-10-25 15:00:00,50.854
2009-10-25 16:00:00,56.4755
2009-10-25 17:00:00,61.8812
2009-10-25 18:00:00,65.7182
2009-10-25 19:00:00,71.0538
2009-10-25 20:00:00,73.9515
2009-10-25 21:00:00,78.2332
2009-10-25 22:00:00,81.9015
2009-10-25 23:00:00,83.9752
2009-10-26 00:00:00,90.2709
2009-10-26 01:00:00,92.5334
2009-10-26 02:00:00,94.4118
2009-10-26 03:00:00,95.2217
2009-10-26 04:00:00,97.0755
2009-10-26 05:00:00,97.8842
2009-10-26 06:00:00,98.2186
2009-10-26 07:00:00,95.6257
2009-10-26 08:00:00,87.8684
2009-10-26 09:00:00,75.8064
2009-10-26 10:00:00,64.5527
2009-10-26 11:00:00,59.915
2009-10-26 12:00:00,52.3382
2009-10-26 13:00:00,49.9151
2009-10-26 14:00:00,52.4179
2009-10-26 15:00:00,58.9781
2009-10-26 16:00:00,74.3548
2009-10-26 17:00:00,93.5666
2009-10-26 18:00:00,100.0941
2009-10-26 19:00:00,104.0347
2009-10-26 20:00:00,107.1448
2009-10-26 21:00:00,110.5877
2009-10-26 22:00:00,116.3054
2009-10-26 23:00:00,120.9037
2009-10-27 00:00:00,135.7927
2009-10-27 01:00:00,142.4583
2009-10-27 02:00:00,146.3924
2009-10-27 03:00:00,151.3341
2009-10-27 04:00:00,154.4651
2009-10-27 05:00:00,156.0782
2009-10-27 06:00:00,157.5752
2009-10-27 07:00:00,151.4156
2009-10-27 08:00:00,137.8326
2009-10-27 09:00:00,120.5096
2009-10-27 10:00:00,95.9608
2009-10-27 11:00:00,70.335
2009-10-27 12:00:00,44.2916
2009-10-27 13:00:00,41.7251
2009-10-27 14:00:00,42.5816
2009-10-27 15:00:00,59.4458
2009-10-27 16:00:00,86.1555
2009-10-27 17:00:00,109.1754
2009-10-27 18:00:00,122.1477
2009-10-27 19:00:00,129.5731
2009-10-27 20:00:00,133.4741
2009-10-27 21:00:00,139.0167
2009-10-27 22:00:00,144.1177
2009-10-27 23:00:00,147.0533
2009-10-28 00:00:00,150.9176
2009-10-28 01:00:00,153.9292
2009-10-28 02:00:00,156.4475
2009-10-28 03:00:00,155.9201
2009-10-28 04:00:00,155.3392
2009-10-28 05:00:00,154.6077
2009-10-28 06:00:00,154.1142
2009-10-28 07:00:00,149.8205
2009-10-28 08:00:00,138.5711
2009-10-28 09:00:00,123.3703
2009-10-28 10:00:00,105.9151
2009-10-28 11:00:00,87.2507
2009-10-28 12:00:00,71.1556
2009-10-28 13:00:00,55.595
2009-10-28 14:00:00,50.0498
2009-10-28 15:00:00,61.9253
2009-10-28 16:00:00,83.5823
2009-10-28 17:00:00,103.3559
2009-10-28 18:00:00,110.879
2009-10-28 19:00:00,121.5856
2009-10-28 20:00:00,126.9608
2009-10-28 21:00:00,129.7902
2009-10-28 22:00:00,134.3871
2009-10-28 23:00:00,138.7708
2009-10-29 00:00:00,140.6795
2009-10-29 01:00:00,142.6437
2009-10-29 02:00:00,143.4612
2009-10-29 03:00:00,145.8871
2009-10-29 04:00:00,149.1493
2009-10-29 05:00:00,152.6721
2009-10-29 06:00:00,154.3018
2009-10-29 07:00:00,149.7878
2009-10-29 08:00:00,137.7841
2009-10-29 09:00:00,121.0603
2009-10-29 10:00:00,101.4468
2009-10-29 11:00:00,78.309
2009-10-29 12:00:00,60.215
2009-10-29 13:00:00,40.7465
2009-10-29 14:00:00,31.4049
2009-10-29 15:00:00,49.0963
2009-10-29 16:00:00,81.927
2009-10-29 17:00:00,101.7032
2009-10-29 18:00:00,115.4019
2009-10-29 19:00:00,125.8033
2009-10-29 20:00:00,131.6637
2009-10-29 21:00:00,137.67
2009-10-29 22:00:00,141.4842
2009-10-29 23:00:00,145.3416
2009-10-30 00:00:00,144.4542
2009-10-30 01:00:00,144.1431
2009-10-30 02:00:00,142.6701
2009-10-30 03:00:00,142.2555
2009-10-30 04:00:00,143.0702
2009-10-30 05:00:00,142.4895
2009-10-30 06:00:00,142.5488
2009-10-30 07:00:00,140.6103
2009-10-30 08:00:00,134.5569
2009-10-30 09:00:00,127.6698
2009-10-30 10:00:00,122.2382
2009-10-30 11:00:00,117.3415
2009-10-30 12:00:00,113.1696
2009-10-30 13:00:00,110.9756
2009-10-30 14:00:00,111.5582
2009-10-30 15:00:00,115.3602
2009-10-30 16:00:00,120.4296
2009-10-30 17:00:00,122.8514
2009-10-30 18:00:00,124.9911
2009-10-30 19:00:00,129.2996
2009-10-30 20:00:00,131.5063
2009-10-30 21:00:00,133.3222
2009-10-30 22:00:00,135.7849
2009-10-30 23:00:00,137.1839
2009-10-31 00:00:00,139.4942
2009-10-31 01:00:00,141.1323
2009-10-31 02:00:00,143.3663
2009-10-31 03:00:00,144.6043
2009-10-31 04:00:00,147.378
2009-10-31 05:00:00,147.7128
2009-10-31 06:00:00,146.5223
2009-10-31 07:00:00,143.1394
2009-10-31 08:00:00,137.2218
2009-10-31 09:00:00,128.5404
2009-10-31 10:00:00,120.1064
2009-10-31 11:00:00,111.2311
2009-10-31 12:00:00,99.0313
2009-10-31 13:00:00,92.8042
2009-10-31 14:00:00,92.5432
2009-10-31 15:00:00,94.8508
2009-10-31 16:00:00,107.8565
2009-10-31 17:00:00,117.6805
2009-10-31 18:00:00,123.2397
2009-10-31 19:00:00,129.1001
2009-10-31 20:00:00,134.4321
2009-10-31 21:00:00,139.205
2009-10-31 22:00:00,143.9248
2009-10-31 23:00:00,147.4151
2009-11-01 00:00:00,149.3101
2009-11-01 01:00:00,151.9805
2009-11-01 02:00:00,154.4409
2009-11-01 03:00:00,155.6983
2009-11-01 04:00:00,155.0051
2009-11-01 05:00:00,154.9348
2009-11-01 06:00:00,155.4448
2009-11-01 07:00:00,152.4306
2009-11-01 08:00:00,143.908
2009-11-01 09:00:00,130.7334
2009-11-01 10:00:00,114.8427
2009-11-01 11:00:00,95.2194
2009-11-01 12:00:00,77.9787
2009-11-01 13:00:00,69.8533
2009-11-01 14:00:00,70.6619
2009-11-01 15:00:00,80.9068
2009-11-01 16:00:00,98.5503
2009-11-01 17:00:00,105.201
2009-11-01 18:00:00,105.0517
2009-11-01 19:00:00,103.3045
2009-11-01 20:00:00,99.8525
2009-11-01 21:00:00,99.8143
2009-11-01 22:00:00,102.3676
2009-11-01 23:00:00,104.7031
2009-11-02 00:00:00,102.6578
2009-11-02 01:00:00,102.2617
2009-11-02 02:00:00,98.1906
2009-11-02 03:00:00,94.589
2009-11-02 04:00:00,95.885
2009-11-02 05:00:00,100.8382
2009-11-02 06:00:00,103.9734
2009-11-02 07:00:00,104.8315
2009-11-02 08:00:00,107.6936
2009-11-02 09:00:00,108.6784
2009-11-02 10:00:00,110.0887
2009-11-02 11:00:00,117.1201
2009-11-02 12:00:00,121.8025
2009-11-02 13:00:00,129.1193
2009-11-02 14:00:00,135.3983
2009-11-02 15:00:00,140.4601
2009-11-02 16:00:00,143.2936
2009-11-02 17:00:00,146.902
2009-11-02 18:00:00,148.7732
2009-11-02 19:00:00,151.3753
2009-11-02 20:00:00,151.6134
2009-11-02 21:00:00,152.5055
2009-11-02 22:00:00,154.5169
2009-11-02 23:00:00,156.1688
2009-11-03 00:00:00,157.4292
2009-11-03 01:00:00,159.3973
2009-11-03 02:00:00,160.9531
2009-11-03 03:00:00,161.8311
2009-11-03 04:00:00,161.4747
2009-11-03 05:00:00,161.287
2009-11-03 06:00:00,160.8661
2009-11-03 07:00:00,158.3806
2009-11-03 08:00:00,150.2751
2009-11-03 09:00:00,139.8785
2009-11-03 10:00:00,132.5949
2009-11-03 11:00:00,125.6119
2009-11-03 12:00:00,121.5504
2009-11-03 13:00:00,119.4505
2009-11-03 14:00:00,119.9882
2009-11-03 15:00:00,123.4952
2009-11-03 16:00:00,127.8722
2009-11-03 17:00:00,131.1176
2009-11-03 18:00:00,132.1545
2009-11-03 19:00:00,131.1916
2009-11-03 20:00:00,128.6176
2009-11-03 21:00:00,125.7612
2009-11-03 22:00:00,123.4116
2009-11-03 23:00:00,123.1817
2009-11-04 00:00:00,122.1841
2009-11-04 01:00:00,117.0362
2009-11-04 02:00:00,116.3942
2009-11-04 03:00:00,114.7595
2009-11-04 04:00:00,112.8013
2009-11-04 05:00:00,118.7576
2009-11-04 06:00:00,119.7436
2009-11-04 07:00:00,122.1755
2009-11-04 08:00:00,125.0785
2009-11-04 09:00:00,123.7268
2009-11-04 10:00:00,122.7916
2009-11-04 11:00:00,118.1477
2009-11-04 12:00:00,111.3909
2009-11-04 13:00:00,107.4428
2009-11-04 14:00:00,110.3285
2009-11-04 15:00:00,117.2384
2009-11-04 16:00:00,127.2219
2009-11-04 17:00:00,135.3038
2009-11-04 18:00:00,136.7722
2009-11-04 19:00:00,140.4518
2009-11-04 20:00:00,141.6878
2009-11-04 21:00:00,145.2976
2009-11-04 22:00:00,146.0098
2009-11-04 23:00:00,147.3178
2009-11-05 00:00:00,150.2791
2009-11-05 01:00:00,152.6755
2009-11-05 02:00:00,153.2855
2009-11-05 03:00:00,152.6512
2009-11-05 04:00:00,154.1719
2009-11-05 05:00:00,158.4908
2009-11-05 06:00:00,159.7945
2009-11-05 07:00:00,156.6243
2009-11-05 08:00:00,146.9791
2009-11-05 09:00:00,135.9992
2009-11-05 10:00:00,123.5889
2009-11-05 11:00:00,116.4889
2009-11-05 12:00:00,112.4693
2009-11-05 13:00:00,111.6076
2009-11-05 14:00:00,113.7645
2009-11-05 15:00:00,122.6354
2009-11-05 16:00:00,134.437
2009-11-05 17:00:00,143.1408
2009-11-05 18:00:00,146.7504
2009-11-05 19:00:00,150.93
2009-11-05 20:00:00,152.5087
2009-11-05 21:00:00,151.7459
2009-11-05 22:00:00,151.9211
2009-11-05 23:00:00,154.7198
2009-11-06 00:00:00,157.7362
2009-11-06 01:00:00,159.2013
2009-11-06 02:00:00,162.1653
2009-11-06 03:00:00,164.0352
2009-11-06 04:00:00,163.0128
2009-11-06 05:00:00,163.816
2009-11-06 06:00:00,162.9696
2009-11-06 07:00:00,159.0793
2009-11-06 08:00:00,152.053
2009-11-06 09:00:00,142.3437
2009-11-06 10:00:00,133.5372
2009-11-06 11:00:00,127.4404
2009-11-06 12:00:00,123.635
2009-11-06 13:00:00,123.6122
2009-11-06 14:00:00,123.3242
2009-11-06 15:00:00,126.1115
2009-11-06 16:00:00,138.6799
2009-11-06 17:00:00,149.1105
2009-11-06 18:00:00,156.2548
2009-11-06 19:00:00,164.0597
2009-11-06 20:00:00,169.0392
2009-11-06 21:00:00,172.4643
2009-11-06 22:00:00,176.2012
2009-11-06 23:00:00,179.3668
2009-11-07 00:00:00,181.9907
2009-11-07 01:00:00,184.4702
2009-11-07 02:00:00,186.1023
2009-11-07 03:00:00,186.6264
2009-11-07 04:00:00,187.4794
2009-11-07 05:00:00,186.6355
2009-11-07 06:00:00,185.9409
2009-11-07 07:00:00,181.9545
2009-11-07 08:00:00,173.5022
2009-11-07 09:00:00,163.1658
2009-11-07 10:00:00,153.9218
2009-11-07 11:00:00,144.6408
2009-11-07 12:00:00,138.2725
2009-11-07 13:00:00,135.0219
2009-11-07 14:00:00,134.3939
2009-11-07 15:00:00,137.3105
2009-11-07 16:00:00,142.8154
2009-11-07 17:00:00,146.4889
2009-11-07 18:00:00,151.4667
2009-11-07 19:00:00,152.2834
2009-11-07 20:00:00,152.0156
2009-11-07 21:00:00,154.1712
2009-11-07 22:00:00,156.035
2009-11-07 23:00:00,158.4337
2009-11-08 00:00:00,160.0075
2009-11-08 01:00:00,160.3595
2009-11-08 02:00:00,161.5153
2009-11-08 03:00:00,163.1545
2009-11-08 04:00:00,164.3885
2009-11-08 05:00:00,166.1308
2009-11-08 06:00:00,168.3489
2009-11-08 07:00:00,168.2082
2009-11-08 08:00:00,164.4655
2009-11-08 09:00:00,158.1615
2009-11-08 10:00:00,152.3621
2009-11-08 11:00:00,149.0024
2009-11-08 12:00:00,147.0964
2009-11-08 13:00:00,147.8681
2009-11-08 14:00:00,149.5863
2009-11-08 15:00:00,151.5898
2009-11-08 16:00:00,153.3056
2009-11-08 17:00:00,155.2352
2009-11-08 18:00:00,157.0065
2009-11-08 19:00:00,158.8346
2009-11-08 20:00:00,160.2254
2009-11-08 21:00:00,161.0177
2009-11-08 22:00:00,161.9262
2009-11-08 23:00:00,162.6116
2009-11-09 00:00:00,164.4566
2009-11-09 01:00:00,165.6024
2009-11-09 02:00:00,167.2701
2009-11-09 03:00:00,168.6408
2009-11-09 04:00:00,169.1476
2009-11-09 05:00:00,169.0713
2009-11-09 06:00:00,169.0894
2009-11-09 07:00:00,168.0564
2009-11-09 08:00:00,165.1942
2009-11-09 09:00:00,161.9898
2009-11-09 10:00:00,158.2124
2009-11-09 11:00:00,155.3488
2009-11-09 12:00:00,154.0071
2009-11-09 13:00:00,154.6711
2009-11-09 14:00:00,155.9638
2009-11-09 15:00:00,158.3768
2009-11-09 16:00:00,161.4823
2009-11-09 17:00:00,163.8314
2009-11-09 18:00:00,166.0696
2009-11-09 19:00:00,167.2397
2009-11-09 20:00:00,167.8165
2009-11-09 21:00:00,169.3407
2009-11-09 22:00:00,171.0121
2009-11-09 23:00:00,171.9424
2009-11-10 00:00:00,172.8914
2009-11-10 01:00:00,173.0658
2009-11-10 02:00:00,173.3684
2009-11-10 03:00:00,173.1132
2009-11-10 04:00:00,172.5248
2009-11-10 05:00:00,171.861
2009-11-10 06:00:00,170.9441
2009-11-10 07:00:00,169.109
2009-11-10 08:00:00,166.459
2009-11-10 09:00:00,163.003
2009-11-10 10:00:00,159.1165
2009-11-10 11:00:00,156.4728
2009-11-10 12:00:00,154.4351
2009-11-10 13:00:00,154.1395
2009-11-10 14:00:00,153.7021
2009-11-10 15:00:00,154.3936
2009-11-10 16:00:00,156.8714
2009-11-10 17:00:00,158.363
2009-11-10 18:00:00,159.2579
2009-11-10 19:00:00,160.0899
2009-11-10 20:00:00,161.0468
2009-11-10 21:00:00,161.9471
2009-11-10 22:00:00,162.216
2009-11-10 23:00:00,162.922
2009-11-11 00:00:00,164.1802
2009-11-11 01:00:00,165.3056
2009-11-11 02:00:00,166.5134
2009-11-11 03:00:00,167.4953
2009-11-11 04:00:00,168.0038
2009-11-11 05:00:00,168.3935
2009-11-11 06:00:00,168.3149
2009-11-11 07:00:00,166.5883
2009-11-11 08:00:00,161.5075
2009-11-11 09:00:00,155.1523
2009-11-11 10:00:00,149.9431
2009-11-11 11:00:00,144.3894
2009-11-11 12:00:00,140.8195
2009-11-11 13:00:00,137.1349
2009-11-11 14:00:00,136.896
2009-11-11 15:00:00,140.8891
2009-11-11 16:00:00,151.9065
2009-11-11 17:00:00,161.9191
2009-11-11 18:00:00,169.9467
2009-11-11 19:00:00,175.4974
2009-11-11 20:00:00,181.4265
2009-11-11 21:00:00,184.6598
2009-11-11 22:00:00,187.0706
2009-11-11 23:00:00,189.8662
2009-11-12 00:00:00,192.9295
2009-11-12 01:00:00,194.4763
2009-11-12 02:00:00,196.0911
2009-11-12 03:00:00,195.5041
2009-11-12 04:00:00,194.5707
2009-11-12 05:00:00,191.76
2009-11-12 06:00:00,187.1495
2009-11-12 07:00:00,179.6598
2009-11-12 08:00:00,172.4651
2009-11-12 09:00:00,164.1117
2009-11-12 10:00:00,155.2116
2009-11-12 11:00:00,146.778
2009-11-12 12:00:00,137.9739
2009-11-12 13:00:00,129.5526
2009-11-12 14:00:00,127.3655
2009-11-12 15:00:00,128.881
2009-11-12 16:00:00,133.3346
2009-11-12 17:00:00,136.414
2009-11-12 18:00:00,137.5423
2009-11-12 19:00:00,137.4733
2009-11-12 20:00:00,136.696
2009-11-12 21:00:00,136.0577
2009-11-12 22:00:00,133.8891
2009-11-12 23:00:00,134.5435
2009-11-13 00:00:00,136.9248
2009-11-13 01:00:00,136.6819
2009-11-13 02:00:00,137.8479
2009-11-13 03:00:00,137.635
2009-11-13 04:00:00,137.2628
2009-11-13 05:00:00,137.3323
2009-11-13 06:00:00,136.6367
2009-11-13 07:00:00,134.0514
2009-11-13 08:00:00,125.9357
2009-11-13 09:00:00,115.0054
2009-11-13 10:00:00,104.3105
2009-11-13 11:00:00,93.8038
2009-11-13 12:00:00,85.8848
2009-11-13 13:00:00,73.9783
2009-11-13 14:00:00,73.1209
2009-11-13 15:00:00,87.6539
2009-11-13 16:00:00,100.7404
2009-11-13 17:00:00,107.6541
2009-11-13 18:00:00,113.5603
2009-11-13 19:00:00,117.7579
2009-11-13 20:00:00,124.112
2009-11-13 21:00:00,128.1973
2009-11-13 22:00:00,129.993
2009-11-13 23:00:00,130.2
2009-11-14 00:00:00,127.1704
2009-11-14 01:00:00,129.3374
2009-11-14 02:00:00,131.0978
2009-11-14 03:00:00,131.1009
2009-11-14 04:00:00,132.9899
2009-11-14 05:00:00,134.9454
2009-11-14 06:00:00,135.785
2009-11-14 07:00:00,133.0605
2009-11-14 08:00:00,128.807
2009-11-14 09:00:00,117.9602
2009-11-14 10:00:00,101.7905
2009-11-14 11:00:00,84.7502
2009-11-14 12:00:00,65.5498
2009-11-14 13:00:00,57.3864
2009-11-14 14:00:00,52.7177
2009-11-14 15:00:00,61.2141
2009-11-14 16:00:00,76.4035
2009-11-14 17:00:00,88.7306
2009-11-14 18:00:00,102.7005
2009-11-14 19:00:00,107.5102
2009-11-14 20:00:00,109.65
2009-11-14 21:00:00,109.6452
2009-11-14 22:00:00,114.2349
2009-11-14 23:00:00,117.9919
2009-11-15 00:00:00,126.9171
2009-11-15 01:00:00,129.9663
2009-11-15 02:00:00,133.0971
2009-11-15 03:00:00,135.6654
2009-11-15 04:00:00,137.7536
2009-11-15 05:00:00,138.067
2009-11-15 06:00:00,138.2414
2009-11-15 07:00:00,136.8923
2009-11-15 08:00:00,131.638
2009-11-15 09:00:00,126.6408
2009-11-15 10:00:00,121.0894
2009-11-15 11:00:00,115.6907
2009-11-15 12:00:00,112.9493
2009-11-15 13:00:00,110.7669
2009-11-15 14:00:00,110.0008
2009-11-15 15:00:00,111.3497
2009-11-15 16:00:00,113.9694
2009-11-15 17:00:00,115.6906
2009-11-15 18:00:00,116.4717
2009-11-15 19:00:00,119.1734
2009-11-15 20:00:00,119.868
2009-11-15 21:00:00,120.2977
2009-11-15 22:00:00,120.4948
2009-11-15 23:00:00,120.7425
2009-11-16 00:00:00,116.215
2009-11-16 01:00:00,116.0358
2009-11-16 02:00:00,115.6424
2009-11-16 03:00:00,114.6425
2009-11-16 04:00:00,114.0435
2009-11-16 05:00:00,112.1064
2009-11-16 06:00:00,110.4236
2009-11-16 07:00:00,108.5179
2009-11-16 08:00:00,103.6152
2009-11-16 09:00:00,97.4413
2009-11-16 10:00:00,88.4546
2009-11-16 11:00:00,71.1627
2009-11-16 12:00:00,65.4962
2009-11-16 13:00:00,56.8193
2009-11-16 14:00:00,56.1861
2009-11-16 15:00:00,63.7231
2009-11-16 16:00:00,77.7629
2009-11-16 17:00:00,84.0253
2009-11-16 18:00:00,88.6196
2009-11-16 19:00:00,96.5544
2009-11-16 20:00:00,101.3136
2009-11-16 21:00:00,108.0858
2009-11-16 22:00:00,111.8945
2009-11-16 23:00:00,113.4357
2009-11-17 00:00:00,105.6473
2009-11-17 01:00:00,107.7073
2009-11-17 02:00:00,110.0244
2009-11-17 03:00:00,112.2144
2009-11-17 04:00:00,113.6526
2009-11-17 05:00:00,114.239
2009-11-17 06:00:00,113.0947
2009-11-17 07:00:00,109.6708
2009-11-17 08:00:00,102.5646
2009-11-17 09:00:00,88.8286
2009-11-17 10:00:00,72.9273
2009-11-17 11:00:00,46.7706
2009-11-17 12:00:00,28.6511
2009-11-17 13:00:00,28.4176
2009-11-17 14:00:00,29.3411
2009-11-17 15:00:00,32.0731
2009-11-17 16:00:00,37.266
2009-11-17 17:00:00,38.7168
2009-11-17 18:00:00,44.2552
2009-11-17 19:00:00,40.2894
2009-11-17 20:00:00,50.7355
2009-11-17 21:00:00,65.9755
2009-11-17 22:00:00,65.9891
2009-11-17 23:00:00,76.834
2009-11-18 00:00:00,93.5986
2009-11-18 01:00:00,98.4055
2009-11-18 02:00:00,105.2618
2009-11-18 03:00:00,107.9139
2009-11-18 04:00:00,109.8247
2009-11-18 05:00:00,113.1016
2009-11-18 06:00:00,114.5695
2009-11-18 07:00:00,114.3756
2009-11-18 08:00:00,110.6342
2009-11-18 09:00:00,103.9252
2009-11-18 10:00:00,90.8894
2009-11-18 11:00:00,76.4444
2009-11-18 12:00:00,61.9509
2009-11-18 13:00:00,58.1765
2009-11-18 14:00:00,58.2986
2009-11-18 15:00:00,73.2039
2009-11-18 16:00:00,93.0031
2009-11-18 17:00:00,110.3056
2009-11-18 18:00:00,115.9681
2009-11-18 19:00:00,123.0647
2009-11-18 20:00:00,126.7419
2009-11-18 21:00:00,130.9618
2009-11-18 22:00:00,134.0527
2009-11-18 23:00:00,136.2196
2009-11-19 00:00:00,140.8789
2009-11-19 01:00:00,143.1194
2009-11-19 02:00:00,145.8231
2009-11-19 03:00:00,147.5422
2009-11-19 04:00:00,147.6454
2009-11-19 05:00:00,147.0154
2009-11-19 06:00:00,146.1071
2009-11-19 07:00:00,143.7684
2009-11-19 08:00:00,139.2707
2009-11-19 09:00:00,130.7049
2009-11-19 10:00:00,119.6793
2009-11-19 11:00:00,108.3754
2009-11-19 12:00:00,101.1349
2009-11-19 13:00:00,94.4257
2009-11-19 14:00:00,98.293
2009-11-19 15:00:00,110.9432
2009-11-19 16:00:00,119.3388
2009-11-19 17:00:00,124.9299
2009-11-19 18:00:00,127.0833
2009-11-19 19:00:00,127.8464
2009-11-19 20:00:00,129.2414
2009-11-19 21:00:00,130.6811
2009-11-19 22:00:00,132.3577
2009-11-19 23:00:00,134.9497
2009-11-20 00:00:00,135.9185
2009-11-20 01:00:00,137.8993
2009-11-20 02:00:00,139.2846
2009-11-20 03:00:00,140.7591
2009-11-20 04:00:00,141.8305
2009-11-20 05:00:00,142.3703
2009-11-20 06:00:00,141.7606
2009-11-20 07:00:00,141.758
2009-11-20 08:00:00,136.4109
2009-11-20 09:00:00,127.1703
2009-11-20 10:00:00,115.3673
2009-11-20 11:00:00,104.187
2009-11-20 12:00:00,87.5205
2009-11-20 13:00:00,78.8661
2009-11-20 14:00:00,80.8782
2009-11-20 15:00:00,100.0645
2009-11-20 16:00:00,113.9072
2009-11-20 17:00:00,119.5272
2009-11-20 18:00:00,125.0601
2009-11-20 19:00:00,129.9786
2009-11-20 20:00:00,133.7872
2009-11-20 21:00:00,137.5743
2009-11-20 22:00:00,141.1868
2009-11-20 23:00:00,144.4446
2009-11-21 00:00:00,148.4448
2009-11-21 01:00:00,150.3956
2009-11-21 02:00:00,150.9997
2009-11-21 03:00:00,151.3099
2009-11-21 04:00:00,152.0294
2009-11-21 05:00:00,152.2465
2009-11-21 06:00:00,152.0902
2009-11-21 07:00:00,151.2267
2009-11-21 08:00:00,145.289
2009-11-21 09:00:00,135.3455
2009-11-21 10:00:00,123.9402
2009-11-21 11:00:00,115.5758
2009-11-21 12:00:00,106.8465
2009-11-21 13:00:00,102.7306
2009-11-21 14:00:00,99.3037
2009-11-21 15:00:00,109.7534
2009-11-21 16:00:00,119.49
2009-11-21 17:00:00,128.9752
2009-11-21 18:00:00,134.4475
2009-11-21 19:00:00,136.2424
2009-11-21 20:00:00,138.5867
2009-11-21 21:00:00,141.4395
2009-11-21 22:00:00,144.1025
2009-11-21 23:00:00,145.9725
2009-11-22 00:00:00,149.2321
2009-11-22 01:00:00,151.0272
2009-11-22 02:00:00,156.9811
2009-11-22 03:00:00,156.4338
2009-11-22 04:00:00,155.5816
2009-11-22 05:00:00,151.0364
2009-11-22 06:00:00,146.1477
2009-11-22 07:00:00,142.1727
2009-11-22 08:00:00,134.863
2009-11-22 09:00:00,127.2833
2009-11-22 10:00:00,118.7857
2009-11-22 11:00:00,108.6987
2009-11-22 12:00:00,103.0305
2009-11-22 13:00:00,106.4642
2009-11-22 14:00:00,108.2784
2009-11-22 15:00:00,110.5054
2009-11-22 16:00:00,108.9018
2009-11-22 17:00:00,110.573
2009-11-22 18:00:00,113.4993
2009-11-22 19:00:00,114.4666
2009-11-22 20:00:00,112.8558
2009-11-22 21:00:00,114.8627
2009-11-22 22:00:00,119.1942
2009-11-22 23:00:00,120.2387
2009-11-23 00:00:00,117.7696
2009-11-23 01:00:00,123.2447
2009-11-23 02:00:00,126.4758
2009-11-23 03:00:00,125.9293
2009-11-23 04:00:00,127.3304
2009-11-23 05:00:00,127.5042
2009-11-23 06:00:00,127.2796
2009-11-23 07:00:00,124.7441
2009-11-23 08:00:00,117.8125
2009-11-23 09:00:00,111.6346
2009-11-23 10:00:00,99.7865
2009-11-23 11:00:00,86.9308
2009-11-23 12:00:00,83.0611
2009-11-23 13:00:00,87.922
2009-11-23 14:00:00,93.3334
2009-11-23 15:00:00,98.7683
2009-11-23 16:00:00,100.0247
2009-11-23 17:00:00,97.9401
2009-11-23 18:00:00,100.8548
2009-11-23 19:00:00,99.7971
2009-11-23 20:00:00,100.5056
2009-11-23 21:00:00,110.9388
2009-11-23 22:00:00,113.7709
2009-11-23 23:00:00,117.548
2009-11-24 00:00:00,115.8586
2009-11-24 01:00:00,117.0043
2009-11-24 02:00:00,116.1394
2009-11-24 03:00:00,115.429
2009-11-24 04:00:00,113.522
2009-11-24 05:00:00,112.6803
2009-11-24 06:00:00,110.1092
2009-11-24 07:00:00,110.5631
2009-11-24 08:00:00,109.0178
2009-11-24 09:00:00,103.6908
2009-11-24 10:00:00,101.8449
2009-11-24 11:00:00,96.6378
2009-11-24 12:00:00,91.8147
2009-11-24 13:00:00,84.6932
2009-11-24 14:00:00,82.4067
2009-11-24 15:00:00,84.2864
2009-11-24 16:00:00,90.5588
2009-11-24 17:00:00,96.4612
2009-11-24 18:00:00,102.1283
2009-11-24 19:00:00,107.6996
2009-11-24 20:00:00,114.0099
2009-11-24 21:00:00,118.5184
2009-11-24 22:00:00,124.2093
2009-11-24 23:00:00,128.5407
2009-11-25 00:00:00,137.8618
2009-11-25 01:00:00,144.4092
2009-11-25 02:00:00,147.8131
2009-11-25 03:00:00,150.7286
2009-11-25 04:00:00,153.9793
2009-11-25 05:00:00,155.1108
2009-11-25 06:00:00,155.4985
2009-11-25 07:00:00,156.4322
2009-11-25 08:00:00,148.0114
2009-11-25 09:00:00,133.4231
2009-11-25 10:00:00,116.4276
2009-11-25 11:00:00,101.0482
2009-11-25 12:00:00,90.7194
2009-11-25 13:00:00,81.549
2009-11-25 14:00:00,80.9188
2009-11-25 15:00:00,100.2141
2009-11-25 16:00:00,116.4756
2009-11-25 17:00:00,122.0805
2009-11-25 18:00:00,127.0995
2009-11-25 19:00:00,129.6322
2009-11-25 20:00:00,128.3637
2009-11-25 21:00:00,123.9567
2009-11-25 22:00:00,122.6119
2009-11-25 23:00:00,115.4175
2009-11-26 00:00:00,114.2661
2009-11-26 01:00:00,119.7455
2009-11-26 02:00:00,122.218
2009-11-26 03:00:00,123.7682
2009-11-26 04:00:00,126.309
2009-11-26 05:00:00,127.4823
2009-11-26 06:00:00,128.1865
2009-11-26 07:00:00,127.4677
2009-11-26 08:00:00,126.2348
2009-11-26 09:00:00,124.6209
2009-11-26 10:00:00,121.2721
2009-11-26 11:00:00,116.7794
2009-11-26 12:00:00,110.1112
2009-11-26 13:00:00,108.4887
2009-11-26 14:00:00,112.8846
2009-11-26 15:00:00,117.7176
2009-11-26 16:00:00,124.6634
2009-11-26 17:00:00,131.8217
2009-11-26 18:00:00,136.9135
2009-11-26 19:00:00,140.6096
2009-11-26 20:00:00,145.8214
2009-11-26 21:00:00,149.9429
2009-11-26 22:00:00,152.4888
2009-11-26 23:00:00,155.9104
2009-11-27 00:00:00,160.8337
2009-11-27 01:00:00,161.7184
2009-11-27 02:00:00,163.3085
2009-11-27 03:00:00,163.2235
2009-11-27 04:00:00,162.4844
2009-11-27 05:00:00,158.328
2009-11-27 06:00:00,150.4339
2009-11-27 07:00:00,145.8571
2009-11-27 08:00:00,137.3298
2009-11-27 09:00:00,128.6615
2009-11-27 10:00:00,121.8393
2009-11-27 11:00:00,117.6809
2009-11-27 12:00:00,120.2778
2009-11-27 13:00:00,124.2391
2009-11-27 14:00:00,130.108
2009-11-27 15:00:00,133.4693
2009-11-27 16:00:00,136.1979
2009-11-27 17:00:00,140.12
2009-11-27 18:00:00,143.3736
2009-11-27 19:00:00,144.8269
2009-11-27 20:00:00,145.3051
2009-11-27 21:00:00,146.8774
2009-11-27 22:00:00,147.5339
2009-11-27 23:00:00,147.831
2009-11-28 00:00:00,149.2892
2009-11-28 01:00:00,148.6191
2009-11-28 02:00:00,148.0567
2009-11-28 03:00:00,147.8145
2009-11-28 04:00:00,150.8081
2009-11-28 05:00:00,153.7942
2009-11-28 06:00:00,157.2737
2009-11-28 07:00:00,158.9309
2009-11-28 08:00:00,151.0625
2009-11-28 09:00:00,135.5046
2009-11-28 10:00:00,123.4244
2009-11-28 11:00:00,111.6471
2009-11-28 12:00:00,106.3577
2009-11-28 13:00:00,103.8158
2009-11-28 14:00:00,104.4119
2009-11-28 15:00:00,112.6542
2009-11-28 16:00:00,126.2445
2009-11-28 17:00:00,135.1008
2009-11-28 18:00:00,140.5881
2009-11-28 19:00:00,147.8565
2009-11-28 20:00:00,151.8969
2009-11-28 21:00:00,153.0904
2009-11-28 22:00:00,156.4486
2009-11-28 23:00:00,159.9407
2009-11-29 00:00:00,160.1254
2009-11-29 01:00:00,161.1809
2009-11-29 02:00:00,163.3231
2009-11-29 03:00:00,162.9641
2009-11-29 04:00:00,164.6393
2009-11-29 05:00:00,165.8519
2009-11-29 06:00:00,167.402
2009-11-29 07:00:00,164.9656
2009-11-29 08:00:00,161.6606
2009-11-29 09:00:00,153.0414
2009-11-29 10:00:00,144.7668
2009-11-29 11:00:00,138.2079
2009-11-29 12:00:00,134.2199
2009-11-29 13:00:00,132.3162
2009-11-29 14:00:00,133.3143
2009-11-29 15:00:00,134.7698
2009-11-29 16:00:00,137.8929
2009-11-29 17:00:00,139.7928
2009-11-29 18:00:00,142.7243
2009-11-29 19:00:00,145.4666
2009-11-29 20:00:00,148.1075
2009-11-29 21:00:00,150.6781
2009-11-29 22:00:00,149.7985
2009-11-29 23:00:00,151.0996
2009-11-30 00:00:00,155.8506
2009-11-30 01:00:00,159.6314
2009-11-30 02:00:00,162.0816
2009-11-30 03:00:00,164.359
2009-11-30 04:00:00,166.3779
2009-11-30 05:00:00,170.4952
2009-11-30 06:00:00,173.9784
2009-11-30 07:00:00,176.3217
2009-11-30 08:00:00,177.9719
2009-11-30 09:00:00,179.5362
2009-11-30 10:00:00,180.9268
2009-11-30 11:00:00,182.2961
2009-11-30 12:00:00,183.0861
2009-11-30 13:00:00,184.5165
2009-11-30 14:00:00,185.9412
2009-11-30 15:00:00,187.7682
2009-11-30 16:00:00,189.301
2009-11-30 17:00:00,190.6204
2009-11-30 18:00:00,191.3539
2009-11-30 19:00:00,192.3289
2009-11-30 20:00:00,192.2485
2009-11-30 21:00:00,192.226
2009-11-30 22:00:00,192.5229
2009-11-30 23:00:00,192.3163
2009-12-01 00:00:00,191.8179
2009-12-01 01:00:00,190.8619
2009-12-01 02:00:00,190.626
2009-12-01 03:00:00,190.7567
2009-12-01 04:00:00,190.0008
2009-12-01 05:00:00,189.0277
2009-12-01 06:00:00,188.4386
2009-12-01 07:00:00,187.7608
2009-12-01 08:00:00,184.7414
2009-12-01 09:00:00,181.6494
2009-12-01 10:00:00,178.328
2009-12-01 11:00:00,175.206
2009-12-01 12:00:00,172.5626
2009-12-01 13:00:00,171.1521
2009-12-01 14:00:00,171.8866
2009-12-01 15:00:00,172.4563
2009-12-01 16:00:00,174.3995
2009-12-01 17:00:00,175.7221
2009-12-01 18:00:00,177.1447
2009-12-01 19:00:00,179.095
2009-12-01 20:00:00,180.7697
2009-12-01 21:00:00,182.1784
2009-12-01 22:00:00,183.4487
2009-12-01 23:00:00,186.5563
2009-12-02 00:00:00,189.7479
2009-12-02 01:00:00,191.6222
2009-12-02 02:00:00,194.9915
2009-12-02 03:00:00,197.849
2009-12-02 04:00:00,199.1793
2009-12-02 05:00:00,199.026
2009-12-02 06:00:00,199.1034
2009-12-02 07:00:00,199.2289
2009-12-02 08:00:00,196.3766
2009-12-02 09:00:00,190.8603
2009-12-02 10:00:00,183.6615
2009-12-02 11:00:00,176.8894
2009-12-02 12:00:00,172.5054
2009-12-02 13:00:00,170.2755
2009-12-02 14:00:00,170.2412
2009-12-02 15:00:00,173.8039
2009-12-02 16:00:00,179.0545
2009-12-02 17:00:00,181.2946
2009-12-02 18:00:00,182.5298
2009-12-02 19:00:00,183.9307
2009-12-02 20:00:00,186.5364
2009-12-02 21:00:00,188.3319
2009-12-02 22:00:00,190.3418
2009-12-02 23:00:00,191.1186
2009-12-03 00:00:00,191.914
2009-12-03 01:00:00,193.2206
2009-12-03 02:00:00,194.4801
2009-12-03 03:00:00,196.3622
2009-12-03 04:00:00,198.2439
2009-12-03 05:00:00,199.8755
2009-12-03 06:00:00,199.2637
2009-12-03 07:00:00,197.748
2009-12-03 08:00:00,194.027
2009-12-03 09:00:00,187.9233
2009-12-03 10:00:00,179.0768
2009-12-03 11:00:00,168.2805
2009-12-03 12:00:00,160.0038
2009-12-03 13:00:00,155.1275
2009-12-03 14:00:00,155.3334
2009-12-03 15:00:00,160.2038
2009-12-03 16:00:00,164.7357
2009-12-03 17:00:00,166.8418
2009-12-03 18:00:00,167.1089
2009-12-03 19:00:00,167.8535
2009-12-03 20:00:00,166.9983
2009-12-03 21:00:00,164.9408
2009-12-03 22:00:00,163.8867
2009-12-03 23:00:00,164.2944
2009-12-04 00:00:00,165.9779
2009-12-04 01:00:00,168.534
2009-12-04 02:00:00,172.0142
2009-12-04 03:00:00,175.521
2009-12-04 04:00:00,179.2602
2009-12-04 05:00:00,181.2016
2009-12-04 06:00:00,183.3809
2009-12-04 07:00:00,184.1615
2009-12-04 08:00:00,182.7509
2009-12-04 09:00:00,177.7782
2009-12-04 10:00:00,171.9092
2009-12-04 11:00:00,165.7291
2009-12-04 12:00:00,162.3991
2009-12-04 13:00:00,160.5239
2009-12-04 14:00:00,161.5384
2009-12-04 15:00:00,166.1148
2009-12-04 16:00:00,175.4779
2009-12-04 17:00:00,183.6126
2009-12-04 18:00:00,188.7635
2009-12-04 19:00:00,192.5023
2009-12-04 20:00:00,195.415
2009-12-04 21:00:00,198.0646
2009-12-04 22:00:00,203.3833
2009-12-04 23:00:00,205.5814
2009-12-05 00:00:00,208.0654
2009-12-05 01:00:00,210.3149
2009-12-05 02:00:00,211.5871
2009-12-05 03:00:00,211.6905
2009-12-05 04:00:00,210.8508
2009-12-05 05:00:00,210.3073
2009-12-05 06:00:00,209.3685
2009-12-05 07:00:00,208.5843
2009-12-05 08:00:00,204.3311
2009-12-05 09:00:00,195.3572
2009-12-05 10:00:00,185.4412
2009-12-05 11:00:00,177.511
2009-12-05 12:00:00,171.2692
2009-12-05 13:00:00,166.408
2009-12-05 14:00:00,165.1971
2009-12-05 15:00:00,166.2959
2009-12-05 16:00:00,170.9576
2009-12-05 17:00:00,174.6522
2009-12-05 18:00:00,176.2553
2009-12-05 19:00:00,178.0868
2009-12-05 20:00:00,181.9537
2009-12-05 21:00:00,183.6985
2009-12-05 22:00:00,183.6859
2009-12-05 23:00:00,182.5769
2009-12-06 00:00:00,180.7002
2009-12-06 01:00:00,178.5779
2009-12-06 02:00:00,175.9012
2009-12-06 03:00:00,174.8448
2009-12-06 04:00:00,174.2337
2009-12-06 05:00:00,173.5839
2009-12-06 06:00:00,173.4383
2009-12-06 07:00:00,171.7468
2009-12-06 08:00:00,167.0107
2009-12-06 09:00:00,160.3084
2009-12-06 10:00:00,153.8623
2009-12-06 11:00:00,148.3388
2009-12-06 12:00:00,144.1304
2009-12-06 13:00:00,140.207
2009-12-06 14:00:00,138.7353
2009-12-06 15:00:00,140.4116
2009-12-06 16:00:00,143.0768
2009-12-06 17:00:00,144.0346
2009-12-06 18:00:00,142.7079
2009-12-06 19:00:00,141.126
2009-12-06 20:00:00,140.0971
2009-12-06 21:00:00,140.5742
2009-12-06 22:00:00,139.8505
2009-12-06 23:00:00,139.6373
2009-12-07 00:00:00,137.7863
2009-12-07 01:00:00,138.8615
2009-12-07 02:00:00,139.4492
2009-12-07 03:00:00,138.0568
2009-12-07 04:00:00,138.5441
2009-12-07 05:00:00,138.7302
2009-12-07 06:00:00,138.897
2009-12-07 07:00:00,139.2544
2009-12-07 08:00:00,138.3995
2009-12-07 09:00:00,135.8987
2009-12-07 10:00:00,132.8481
2009-12-07 11:00:00,129.9675
2009-12-07 12:00:00,128.87
2009-12-07 13:00:00,128.4693
2009-12-07 14:00:00,129.4987
2009-12-07 15:00:00,130.6135
2009-12-07 16:00:00,131.2827
2009-12-07 17:00:00,130.8325
2009-12-07 18:00:00,130.1968
2009-12-07 19:00:00,131.1257
2009-12-07 20:00:00,132.3563
2009-12-07 21:00:00,133.5358
2009-12-07 22:00:00,133.6315
2009-12-07 23:00:00,134.239
2009-12-08 00:00:00,133.6769
2009-12-08 01:00:00,134.7893
2009-12-08 02:00:00,135.4749
2009-12-08 03:00:00,142.6274
2009-12-08 04:00:00,149.8197
2009-12-08 05:00:00,154.8882
2009-12-08 06:00:00,157.7378
2009-12-08 07:00:00,160.3153
2009-12-08 08:00:00,159.5442
2009-12-08 09:00:00,153.5154
2009-12-08 10:00:00,147.0244
2009-12-08 11:00:00,142.8358
2009-12-08 12:00:00,139.4073
2009-12-08 13:00:00,137.8634
2009-12-08 14:00:00,139.4957
2009-12-08 15:00:00,146.7175
2009-12-08 16:00:00,153.0682
2009-12-08 17:00:00,155.7276
2009-12-08 18:00:00,156.9594
2009-12-08 19:00:00,157.1796
2009-12-08 20:00:00,159.3389
2009-12-08 21:00:00,160.8153
2009-12-08 22:00:00,162.4828
2009-12-08 23:00:00,165.3776
2009-12-09 00:00:00,170.27
2009-12-09 01:00:00,173.426
2009-12-09 02:00:00,177.2891
2009-12-09 03:00:00,181.4679
2009-12-09 04:00:00,184.7327
2009-12-09 05:00:00,188.149
2009-12-09 06:00:00,191.2947
2009-12-09 07:00:00,192.3231
2009-12-09 08:00:00,187.9717
2009-12-09 09:00:00,174.7831
2009-12-09 10:00:00,160.9386
2009-12-09 11:00:00,150.3738
2009-12-09 12:00:00,142.7473
2009-12-09 13:00:00,139.7726
2009-12-09 14:00:00,140.7904
2009-12-09 15:00:00,151.7339
2009-12-09 16:00:00,163.1971
2009-12-09 17:00:00,173.2185
2009-12-09 18:00:00,178.8071
2009-12-09 19:00:00,182.9624
2009-12-09 20:00:00,186.1893
2009-12-09 21:00:00,188.521
2009-12-09 22:00:00,190.7319
2009-12-09 23:00:00,191.1594
2009-12-10 00:00:00,190.4963
2009-12-10 01:00:00,192.148
2009-12-10 02:00:00,191.5339
2009-12-10 03:00:00,190.3308
2009-12-10 04:00:00,188.7441
2009-12-10 05:00:00,186.389
2009-12-10 06:00:00,183.5654
2009-12-10 07:00:00,179.1898
2009-12-10 08:00:00,174.4444
2009-12-10 09:00:00,168.8598
2009-12-10 10:00:00,162.6124
2009-12-10 11:00:00,153.5063
2009-12-10 12:00:00,145.8782
2009-12-10 13:00:00,143.3987
2009-12-10 14:00:00,141.5329
2009-12-10 15:00:00,144.3502
2009-12-10 16:00:00,149.1078
2009-12-10 17:00:00,152.9813
2009-12-10 18:00:00,154.6437
2009-12-10 19:00:00,157.4961
2009-12-10 20:00:00,159.5662
2009-12-10 21:00:00,162.5102
2009-12-10 22:00:00,163.5243
2009-12-10 23:00:00,164.2152
2009-12-11 00:00:00,166.0079
2009-12-11 01:00:00,167.2344
2009-12-11 02:00:00,168.9034
2009-12-11 03:00:00,169.6392
2009-12-11 04:00:00,170.1829
2009-12-11 05:00:00,170.738
2009-12-11 06:00:00,170.921
2009-12-11 07:00:00,170.7868
2009-12-11 08:00:00,169.0964
2009-12-11 09:00:00,164.5888
2009-12-11 10:00:00,160.2939
2009-12-11 11:00:00,158.3315
2009-12-11 12:00:00,157.5912
2009-12-11 13:00:00,157.8528
2009-12-11 14:00:00,158.4157
2009-12-11 15:00:00,162.3705
2009-12-11 16:00:00,167.9012
2009-12-11 17:00:00,170.532
2009-12-11 18:00:00,171.4931
2009-12-11 19:00:00,173.2836
2009-12-11 20:00:00,174.9703
2009-12-11 21:00:00,176.6527
2009-12-11 22:00:00,178.8146
2009-12-11 23:00:00,180.1629
2009-12-12 00:00:00,180.7293
2009-12-12 01:00:00,182.2896
2009-12-12 02:00:00,183.2445
2009-12-12 03:00:00,185.0571
2009-12-12 04:00:00,187.0611
2009-12-12 05:00:00,189.8123
2009-12-12 06:00:00,192.6275
2009-12-12 07:00:00,194.5835
2009-12-12 08:00:00,194.824
2009-12-12 09:00:00,193.4001
2009-12-12 10:00:00,191.4848
2009-12-12 11:00:00,189.9797
2009-12-12 12:00:00,188.9298
2009-12-12 13:00:00,188.6522
2009-12-12 14:00:00,189.0849
2009-12-12 15:00:00,190.5615
2009-12-12 16:00:00,192.1228
2009-12-12 17:00:00,193.2857
2009-12-12 18:00:00,194.5337
2009-12-12 19:00:00,196.2152
2009-12-12 20:00:00,198.0991
2009-12-12 21:00:00,199.5956
2009-12-12 22:00:00,200.5264
2009-12-12 23:00:00,201.1519
2009-12-13 00:00:00,201.0941
2009-12-13 01:00:00,200.9722
2009-12-13 02:00:00,202.0288
2009-12-13 03:00:00,203.4868
2009-12-13 04:00:00,205.5959
2009-12-13 05:00:00,207.9267
2009-12-13 06:00:00,209.905
2009-12-13 07:00:00,211.8026
2009-12-13 08:00:00,213.1856
2009-12-13 09:00:00,212.6957
2009-12-13 10:00:00,211.1903
2009-12-13 11:00:00,209.6855
2009-12-13 12:00:00,207.8611
2009-12-13 13:00:00,208.4766
2009-12-13 14:00:00,209.6093
2009-12-13 15:00:00,210.582
2009-12-13 16:00:00,211.269
2009-12-13 17:00:00,211.9892
2009-12-13 18:00:00,212.837
2009-12-13 19:00:00,213.0748
2009-12-13 20:00:00,213.5289
2009-12-13 21:00:00,214.2191
2009-12-13 22:00:00,215.7107
2009-12-13 23:00:00,216.9527
2009-12-14 00:00:00,217.851
2009-12-14 01:00:00,219.0238
2009-12-14 02:00:00,220.3997
2009-12-14 03:00:00,221.6397
2009-12-14 04:00:00,222.4282
2009-12-14 05:00:00,222.9722
2009-12-14 06:00:00,223.8515
2009-12-14 07:00:00,224.8264
2009-12-14 08:00:00,224.1047
2009-12-14 09:00:00,222.7166
2009-12-14 10:00:00,220.7859
2009-12-14 11:00:00,219.5282
2009-12-14 12:00:00,218.9049
2009-12-14 13:00:00,219.1687
2009-12-14 14:00:00,220.6096
2009-12-14 15:00:00,223.4005
2009-12-14 16:00:00,225.6651
2009-12-14 17:00:00,227.607
2009-12-14 18:00:00,228.7585
2009-12-14 19:00:00,229.4462
2009-12-14 20:00:00,229.605
2009-12-14 21:00:00,229.9855
2009-12-14 22:00:00,230.8465
2009-12-14 23:00:00,231.8419
2009-12-15 00:00:00,233.0439
2009-12-15 01:00:00,234.1852
2009-12-15 02:00:00,235.1876
2009-12-15 03:00:00,236.1615
2009-12-15 04:00:00,236.9071
2009-12-15 05:00:00,237.5034
2009-12-15 06:00:00,237.8227
2009-12-15 07:00:00,238.199
2009-12-15 08:00:00,237.653
2009-12-15 09:00:00,237.3416
2009-12-15 10:00:00,236.4065
2009-12-15 11:00:00,235.0529
2009-12-15 12:00:00,233.6346
2009-12-15 13:00:00,232.8861
2009-12-15 14:00:00,233.2405
2009-12-15 15:00:00,234.7406
2009-12-15 16:00:00,236.3953
2009-12-15 17:00:00,237.4107
2009-12-15 18:00:00,237.4885
2009-12-15 19:00:00,237.3127
2009-12-15 20:00:00,237.3738
2009-12-15 21:00:00,237.5007
2009-12-15 22:00:00,237.5663
2009-12-15 23:00:00,237.1833
2009-12-16 00:00:00,237.5046
2009-12-16 01:00:00,236.9022
2009-12-16 02:00:00,237.5793
2009-12-16 03:00:00,237.8961
2009-12-16 04:00:00,238.3627
2009-12-16 05:00:00,238.808
2009-12-16 06:00:00,239.4083
2009-12-16 07:00:00,239.4613
2009-12-16 08:00:00,239.1009
2009-12-16 09:00:00,238.0098
2009-12-16 10:00:00,235.0487
2009-12-16 11:00:00,232.2848
2009-12-16 12:00:00,230.3245
2009-12-16 13:00:00,229.8335
2009-12-16 14:00:00,230.4721
2009-12-16 15:00:00,232.3059
2009-12-16 16:00:00,234.4089
2009-12-16 17:00:00,235.7626
2009-12-16 18:00:00,236.8013
2009-12-16 19:00:00,237.9246
2009-12-16 20:00:00,238.5102
2009-12-16 21:00:00,239.4249
2009-12-16 22:00:00,240.7511
2009-12-16 23:00:00,241.9297
2009-12-17 00:00:00,243.0263
2009-12-17 01:00:00,244.02
2009-12-17 02:00:00,245.6382
2009-12-17 03:00:00,247.2359
2009-12-17 04:00:00,248.1964
2009-12-17 05:00:00,248.7865
2009-12-17 06:00:00,249.0529
2009-12-17 07:00:00,249.1092
2009-12-17 08:00:00,247.4548
2009-12-17 09:00:00,244.5732
2009-12-17 10:00:00,241.2197
2009-12-17 11:00:00,238.4905
2009-12-17 12:00:00,236.2962
2009-12-17 13:00:00,235.2828
2009-12-17 14:00:00,235.463
2009-12-17 15:00:00,236.6834
2009-12-17 16:00:00,240.3051
2009-12-17 17:00:00,243.8732
2009-12-17 18:00:00,246.3406
2009-12-17 19:00:00,249.7865
2009-12-17 20:00:00,253.2801
2009-12-17 21:00:00,254.4737
2009-12-17 22:00:00,254.3636
2009-12-17 23:00:00,256.7465
2009-12-18 00:00:00,256.0017
2009-12-18 01:00:00,253.8522
2009-12-18 02:00:00,252.8482
2009-12-18 03:00:00,252.6228
2009-12-18 04:00:00,252.9913
2009-12-18 05:00:00,253.6556
2009-12-18 06:00:00,254.5182
2009-12-18 07:00:00,253.8836
2009-12-18 08:00:00,252.3139
2009-12-18 09:00:00,248.4386
2009-12-18 10:00:00,243.6157
2009-12-18 11:00:00,239.993
2009-12-18 12:00:00,237.3613
2009-12-18 13:00:00,235.0736
2009-12-18 14:00:00,235.0188
2009-12-18 15:00:00,239.0269
2009-12-18 16:00:00,243.3127
2009-12-18 17:00:00,246.3264
2009-12-18 18:00:00,248.0053
2009-12-18 19:00:00,249.3071
2009-12-18 20:00:00,251.304
2009-12-18 21:00:00,254.7735
2009-12-18 22:00:00,256.8257
2009-12-18 23:00:00,258.174
2009-12-19 00:00:00,258.8836
2009-12-19 01:00:00,259.4156
2009-12-19 02:00:00,259.4263
2009-12-19 03:00:00,261.4004
2009-12-19 04:00:00,262.0165
2009-12-19 05:00:00,262.0115
2009-12-19 06:00:00,262.1214
2009-12-19 07:00:00,262.8521
2009-12-19 08:00:00,263.3334
2009-12-19 09:00:00,264.9113
2009-12-19 10:00:00,263.4409
2009-12-19 11:00:00,264.2053
2009-12-19 12:00:00,266.5054
2009-12-19 13:00:00,270.2916
2009-12-19 14:00:00,274.3595
2009-12-19 15:00:00,280.0241
2009-12-19 16:00:00,286.3337
2009-12-19 17:00:00,291.8464
2009-12-19 18:00:00,297.5058
2009-12-19 19:00:00,302.2802
2009-12-19 20:00:00,305.8226
2009-12-19 21:00:00,309.6691
2009-12-19 22:00:00,313.5048
2009-12-19 23:00:00,317.7004
2009-12-20 00:00:00,318.1705
2009-12-20 01:00:00,317.6825
2009-12-20 02:00:00,320.6481
2009-12-20 03:00:00,323.1163
2009-12-20 04:00:00,322.7627
2009-12-20 05:00:00,323.4025
2009-12-20 06:00:00,322.7646
2009-12-20 07:00:00,321.1991
2009-12-20 08:00:00,314.5192
2009-12-20 09:00:00,298.4838
2009-12-20 10:00:00,280.2659
2009-12-20 11:00:00,266.1723
2009-12-20 12:00:00,256.0064
2009-12-20 13:00:00,250.8816
2009-12-20 14:00:00,245.1998
2009-12-20 15:00:00,242.3588
2009-12-20 16:00:00,240.0468
2009-12-20 17:00:00,239.0213
2009-12-20 18:00:00,236.9508
2009-12-20 19:00:00,232.7024
2009-12-20 20:00:00,227.2014
2009-12-20 21:00:00,222.7259
2009-12-20 22:00:00,218.4537
2009-12-20 23:00:00,214.6095
2009-12-21 00:00:00,211.574
2009-12-21 01:00:00,209.9589
2009-12-21 02:00:00,207.8039
2009-12-21 03:00:00,206.1534
2009-12-21 04:00:00,205.4575
2009-12-21 05:00:00,206.126
2009-12-21 06:00:00,206.861
2009-12-21 07:00:00,210.1918
2009-12-21 08:00:00,209.5024
2009-12-21 09:00:00,206.6376
2009-12-21 10:00:00,201.0128
2009-12-21 11:00:00,197.7095
2009-12-21 12:00:00,194.0511
2009-12-21 13:00:00,192.3954
2009-12-21 14:00:00,192.9284
2009-12-21 15:00:00,193.801
2009-12-21 16:00:00,194.1654
2009-12-21 17:00:00,194.7301
2009-12-21 18:00:00,194.5176
2009-12-21 19:00:00,193.2028
2009-12-21 20:00:00,191.9146
2009-12-21 21:00:00,191.5536
2009-12-21 22:00:00,190.292
2009-12-21 23:00:00,187.6126
2009-12-22 00:00:00,186.5323
2009-12-22 01:00:00,186.024
2009-12-22 02:00:00,186.5949
2009-12-22 03:00:00,186.9976
2009-12-22 04:00:00,184.8103
2009-12-22 05:00:00,173.5748
2009-12-22 06:00:00,168.6842
2009-12-22 07:00:00,163.4634
2009-12-22 08:00:00,154.5785
2009-12-22 09:00:00,147.2529
2009-12-22 10:00:00,140.3863
2009-12-22 11:00:00,134.2274
2009-12-22 12:00:00,126.4653
2009-12-22 13:00:00,124.4118
2009-12-22 14:00:00,127.4404
2009-12-22 15:00:00,142.7837
2009-12-22 16:00:00,151.8359
2009-12-22 17:00:00,156.3096
2009-12-22 18:00:00,156.9978
2009-12-22 19:00:00,159.8839
2009-12-22 20:00:00,162.8215
2009-12-22 21:00:00,164.6203
2009-12-22 22:00:00,165.9509
2009-12-22 23:00:00,167.9274
2009-12-23 00:00:00,171.1048
2009-12-23 01:00:00,172.1803
2009-12-23 02:00:00,173.9018
2009-12-23 03:00:00,176.5601
2009-12-23 04:00:00,176.5031
2009-12-23 05:00:00,180.0749
2009-12-23 06:00:00,182.3831
2009-12-23 07:00:00,183.5254
2009-12-23 08:00:00,182.6982
2009-12-23 09:00:00,179.6747
2009-12-23 10:00:00,175.5779
2009-12-23 11:00:00,170.537
2009-12-23 12:00:00,168.7213
2009-12-23 13:00:00,168.3768
2009-12-23 14:00:00,168.9477
2009-12-23 15:00:00,170.4889
2009-12-23 16:00:00,172.9898
2009-12-23 17:00:00,174.0348
2009-12-23 18:00:00,175.0695
2009-12-23 19:00:00,176.1534
2009-12-23 20:00:00,177.8261
2009-12-23 21:00:00,179.1413
2009-12-23 22:00:00,180.57
2009-12-23 23:00:00,181.1596
2009-12-24 00:00:00,182.2955
2009-12-24 01:00:00,182.8472
2009-12-24 02:00:00,182.965
2009-12-24 03:00:00,182.6028
2009-12-24 04:00:00,183.3049
2009-12-24 05:00:00,183.49
2009-12-24 06:00:00,183.2797
2009-12-24 07:00:00,182.8543
2009-12-24 08:00:00,181.1957
2009-12-24 09:00:00,177.7676
2009-12-24 10:00:00,174.2556
2009-12-24 11:00:00,169.607
2009-12-24 12:00:00,168.3591
2009-12-24 13:00:00,166.9157
2009-12-24 14:00:00,166.5186
2009-12-24 15:00:00,167.7223
2009-12-24 16:00:00,168.6767
2009-12-24 17:00:00,167.4376
2009-12-24 18:00:00,165.6242
2009-12-24 19:00:00,163.5055
2009-12-24 20:00:00,163.5833
2009-12-24 21:00:00,164.0768
2009-12-24 22:00:00,162.2423
2009-12-24 23:00:00,161.8826
2009-12-25 00:00:00,153.4302
2009-12-25 01:00:00,143.0009
2009-12-25 02:00:00,142.7524
2009-12-25 03:00:00,142.8242
2009-12-25 04:00:00,138.2014
2009-12-25 05:00:00,137.3966
2009-12-25 06:00:00,136.5626
2009-12-25 07:00:00,142.3319
2009-12-25 08:00:00,148.4138
2009-12-25 09:00:00,152.4632
2009-12-25 10:00:00,152.9126
2009-12-25 11:00:00,153.5556
2009-12-25 12:00:00,154.2781
2009-12-25 13:00:00,156.8857
2009-12-25 14:00:00,160.7916
2009-12-25 15:00:00,169.142
2009-12-25 16:00:00,171.8313
2009-12-25 17:00:00,172.8761
2009-12-25 18:00:00,173.5668
2009-12-25 19:00:00,174.3041
2009-12-25 20:00:00,176.0611
2009-12-25 21:00:00,178.9786
2009-12-25 22:00:00,183.8309
2009-12-25 23:00:00,191.1311
2009-12-26 00:00:00,198.1087
2009-12-26 01:00:00,204.7504
2009-12-26 02:00:00,209.96
2009-12-26 03:00:00,214.4138
2009-12-26 04:00:00,217.245
2009-12-26 05:00:00,220.1032
2009-12-26 06:00:00,223.1942
2009-12-26 07:00:00,225.7737
2009-12-26 08:00:00,223.2806
2009-12-26 09:00:00,213.1062
2009-12-26 10:00:00,200.5268
2009-12-26 11:00:00,191.6715
2009-12-26 12:00:00,186.2864
2009-12-26 13:00:00,185.9252
2009-12-26 14:00:00,188.317
2009-12-26 15:00:00,194.4845
2009-12-26 16:00:00,202.3765
2009-12-26 17:00:00,208.2569
2009-12-26 18:00:00,211.1509
2009-12-26 19:00:00,213.0674
2009-12-26 20:00:00,215.0013
2009-12-26 21:00:00,216.0312
2009-12-26 22:00:00,217.3245
2009-12-26 23:00:00,217.8383
2009-12-27 00:00:00,218.3526
2009-12-27 01:00:00,218.5179
2009-12-27 02:00:00,219.0094
2009-12-27 03:00:00,220.4605
2009-12-27 04:00:00,222.1565
2009-12-27 05:00:00,222.5352
2009-12-27 06:00:00,224.389
2009-12-27 07:00:00,224.9189
2009-12-27 08:00:00,222.3973
2009-12-27 09:00:00,212.2657
2009-12-27 10:00:00,196.4555
2009-12-27 11:00:00,182.3371
2009-12-27 12:00:00,173.6999
2009-12-27 13:00:00,171.1887
2009-12-27 14:00:00,173.2055
2009-12-27 15:00:00,178.0076
2009-12-27 16:00:00,183.2098
2009-12-27 17:00:00,183.3578
2009-12-27 18:00:00,180.9156
2009-12-27 19:00:00,179.2063
2009-12-27 20:00:00,177.3593
2009-12-27 21:00:00,177.3703
2009-12-27 22:00:00,178.1343
2009-12-27 23:00:00,179.321
2009-12-28 00:00:00,180.1631
2009-12-28 01:00:00,181.2033
2009-12-28 02:00:00,183.4213
2009-12-28 03:00:00,186.9192
2009-12-28 04:00:00,191.904
2009-12-28 05:00:00,195.3278
2009-12-28 06:00:00,196.5889
2009-12-28 07:00:00,198.1301
2009-12-28 08:00:00,195.7971
2009-12-28 09:00:00,189.3376
2009-12-28 10:00:00,182.7576
2009-12-28 11:00:00,178.7618
2009-12-28 12:00:00,176.4139
2009-12-28 13:00:00,176.3402
2009-12-28 14:00:00,177.3601
2009-12-28 15:00:00,179.9621
2009-12-28 16:00:00,182.148
2009-12-28 17:00:00,184.5094
2009-12-28 18:00:00,186.2987
2009-12-28 19:00:00,187.1655
2009-12-28 20:00:00,187.3708
2009-12-28 21:00:00,187.729
2009-12-28 22:00:00,187.6807
2009-12-28 23:00:00,188.1334
2009-12-29 00:00:00,188.64
2009-12-29 01:00:00,190.274
2009-12-29 02:00:00,191.0732
2009-12-29 03:00:00,191.3431
2009-12-29 04:00:00,191.0764
2009-12-29 05:00:00,190.377
2009-12-29 06:00:00,189.7172
2009-12-29 07:00:00,188.4921
2009-12-29 08:00:00,185.2308
2009-12-29 09:00:00,179.609
2009-12-29 10:00:00,172.7249
2009-12-29 11:00:00,167.0469
2009-12-29 12:00:00,161.9543
2009-12-29 13:00:00,154.9057
2009-12-29 14:00:00,149.5368
2009-12-29 15:00:00,147.4212
2009-12-29 16:00:00,147.0351
2009-12-29 17:00:00,146.533
2009-12-29 18:00:00,146.6079
2009-12-29 19:00:00,144.3662
2009-12-29 20:00:00,144.0495
2009-12-29 21:00:00,140.9828
2009-12-29 22:00:00,138.9213
2009-12-29 23:00:00,138.8337
2009-12-30 00:00:00,139.8814
2009-12-30 01:00:00,140.9754
2009-12-30 02:00:00,141.1614
2009-12-30 03:00:00,139.8896
2009-12-30 04:00:00,140.0858
2009-12-30 05:00:00,140.8556
2009-12-30 06:00:00,142.115
2009-12-30 07:00:00,143.5431
2009-12-30 08:00:00,142.4618
2009-12-30 09:00:00,140.4518
2009-12-30 10:00:00,137.8724
2009-12-30 11:00:00,134.1032
2009-12-30 12:00:00,129.1547
2009-12-30 13:00:00,127.6831
2009-12-30 14:00:00,128.8768
2009-12-30 15:00:00,128.8252
2009-12-30 16:00:00,130.5584
2009-12-30 17:00:00,132.3567
2009-12-30 18:00:00,134.3246
2009-12-30 19:00:00,136.1896
2009-12-30 20:00:00,137.4258
2009-12-30 21:00:00,138.6865
2009-12-30 22:00:00,140.5895
2009-12-30 23:00:00,142.4113
2009-12-31 00:00:00,144.9458
2009-12-31 01:00:00,146.4413
2009-12-31 02:00:00,149.1883
2009-12-31 03:00:00,150.109
2009-12-31 04:00:00,150.7773
2009-12-31 05:00:00,149.7035
2009-12-31 06:00:00,149.8559
2009-12-31 07:00:00,149.8927
2009-12-31 08:00:00,149.9817
2009-12-31 09:00:00,148.2654
2009-12-31 10:00:00,146.976
2009-12-31 11:00:00,146.2771
2009-12-31 12:00:00,144.6453
2009-12-31 13:00:00,143.0572
2009-12-31 14:00:00,144.1619
2009-12-31 15:00:00,146.7022
2009-12-31 16:00:00,151.6077
2009-12-31 17:00:00,155.4687
2009-12-31 18:00:00,157.3253
2009-12-31 19:00:00,159.5023
2009-12-31 20:00:00,162.1842
2009-12-31 21:00:00,165.658
2009-12-31 22:00:00,167.7944
2009-12-31 23:00:00,168.494
