,0
2008-01-01 00:00:00,213.7439021329149
2008-01-01 01:00:00,217.27384866121233
2008-01-01 02:00:00,219.84827818843902
2008-01-01 03:00:00,221.45625634625074
2008-01-01 04:00:00,223.0905649501527
2008-01-01 05:00:00,224.3286817657115
2008-01-01 06:00:00,224.405235206411
2008-01-01 07:00:00,224.102880576661
2008-01-01 08:00:00,222.36809999150194
2008-01-01 09:00:00,216.0443146087799
2008-01-01 10:00:00,208.60256391059946
2008-01-01 11:00:00,202.70677584312014
2008-01-01 12:00:00,198.7968506939687
2008-01-01 13:00:00,196.9657581689649
2008-01-01 14:00:00,196.49022749301037
2008-01-01 15:00:00,198.45541317873818
2008-01-01 16:00:00,201.62243914177643
2008-01-01 17:00:00,205.14823114250945
2008-01-01 18:00:00,207.25333560566034
2008-01-01 19:00:00,209.0417618706295
2008-01-01 20:00:00,210.85154574012557
2008-01-01 21:00:00,213.4944499120645
2008-01-01 22:00:00,215.60889540652326
2008-01-01 23:00:00,217.0222627796737
2008-01-02 00:00:00,217.90947159396322
2008-01-02 01:00:00,218.43410647687526
2008-01-02 02:00:00,219.64809987911585
2008-01-02 03:00:00,220.89334121791163
2008-01-02 04:00:00,221.9478150914985
2008-01-02 05:00:00,222.3308160775937
2008-01-02 06:00:00,223.38189069129086
2008-01-02 07:00:00,224.83717493109333
2008-01-02 08:00:00,224.6440735021635
2008-01-02 09:00:00,222.4469792632785
2008-01-02 10:00:00,219.19562704723077
2008-01-02 11:00:00,216.19464464780117
2008-01-02 12:00:00,213.576163688253
2008-01-02 13:00:00,211.92832392584512
2008-01-02 14:00:00,212.36840753643628
2008-01-02 15:00:00,214.5373662427132
2008-01-02 16:00:00,218.12763212583394
2008-01-02 17:00:00,220.03581780406535
2008-01-02 18:00:00,220.94501922062707
2008-01-02 19:00:00,220.1941469116881
2008-01-02 20:00:00,220.56895362905672
2008-01-02 21:00:00,220.25819142694596
2008-01-02 22:00:00,220.38422330139184
2008-01-02 23:00:00,220.32603733372014
2008-01-03 00:00:00,219.09359249411392
2008-01-03 01:00:00,218.06670447431517
2008-01-03 02:00:00,216.53610572261212
2008-01-03 03:00:00,215.2359669195695
2008-01-03 04:00:00,214.31888394355195
2008-01-03 05:00:00,213.6335097269976
2008-01-03 06:00:00,212.5626948823864
2008-01-03 07:00:00,211.80547742252014
2008-01-03 08:00:00,209.91784722332702
2008-01-03 09:00:00,203.31402284750678
2008-01-03 10:00:00,196.15799839141076
2008-01-03 11:00:00,188.68717806630636
2008-01-03 12:00:00,181.82825632111718
2008-01-03 13:00:00,177.8545517119202
2008-01-03 14:00:00,176.21952449446084
2008-01-03 15:00:00,179.128461434585
2008-01-03 16:00:00,185.63367544422798
2008-01-03 17:00:00,191.4347575714119
2008-01-03 18:00:00,193.00499824030734
2008-01-03 19:00:00,196.0064590809517
2008-01-03 20:00:00,199.20538591347173
2008-01-03 21:00:00,201.4533662702949
2008-01-03 22:00:00,202.30254534487403
2008-01-03 23:00:00,202.96487755598164
2008-01-04 00:00:00,202.2197808264989
2008-01-04 01:00:00,202.04989638024492
2008-01-04 02:00:00,200.68055520953257
2008-01-04 03:00:00,199.5304348014225
2008-01-04 04:00:00,198.84852947760265
2008-01-04 05:00:00,198.23603517905678
2008-01-04 06:00:00,198.4149533720989
2008-01-04 07:00:00,196.93509210054904
2008-01-04 08:00:00,193.84544089832218
2008-01-04 09:00:00,188.2016087990143
2008-01-04 10:00:00,182.79706633566545
2008-01-04 11:00:00,178.31513501000188
2008-01-04 12:00:00,175.43477159037437
2008-01-04 13:00:00,172.56981664025972
2008-01-04 14:00:00,172.14936367086756
2008-01-04 15:00:00,172.69373451173112
2008-01-04 16:00:00,173.95993763143537
2008-01-04 17:00:00,175.63282673687823
2008-01-04 18:00:00,176.87299769005276
2008-01-04 19:00:00,177.57377838235448
2008-01-04 20:00:00,179.15000699886534
2008-01-04 21:00:00,179.60745195259778
2008-01-04 22:00:00,179.2417373042934
2008-01-04 23:00:00,178.80276246256457
2008-01-05 00:00:00,178.61836809509978
2008-01-05 01:00:00,178.04978530023791
2008-01-05 02:00:00,176.25696754411132
2008-01-05 03:00:00,175.63673441405476
2008-01-05 04:00:00,175.2291396663236
2008-01-05 05:00:00,173.74679613157465
2008-01-05 06:00:00,172.041430625582
2008-01-05 07:00:00,170.36629368193425
2008-01-05 08:00:00,162.55432017453387
2008-01-05 09:00:00,154.28909457844452
2008-01-05 10:00:00,146.98399347708946
2008-01-05 11:00:00,141.83687847862907
2008-01-05 12:00:00,141.54278124551053
2008-01-05 13:00:00,140.853074735909
2008-01-05 14:00:00,137.40642231165995
2008-01-05 15:00:00,141.16417076451808
2008-01-05 16:00:00,145.3498994332486
2008-01-05 17:00:00,148.92784870210687
2008-01-05 18:00:00,151.72465397246518
2008-01-05 19:00:00,153.37379499096872
2008-01-05 20:00:00,153.78992236913658
2008-01-05 21:00:00,154.91063222975387
2008-01-05 22:00:00,154.56864410280994
2008-01-05 23:00:00,154.27958205610457
2008-01-06 00:00:00,153.48205296247667
2008-01-06 01:00:00,153.4001193766563
2008-01-06 02:00:00,153.59833629766212
2008-01-06 03:00:00,153.66636845805064
2008-01-06 04:00:00,150.21568951473566
2008-01-06 05:00:00,146.85124525301654
2008-01-06 06:00:00,145.12992718103536
2008-01-06 07:00:00,143.70977848409308
2008-01-06 08:00:00,141.35849639358904
2008-01-06 09:00:00,137.82929082209606
2008-01-06 10:00:00,134.7762831284339
2008-01-06 11:00:00,133.91349358332147
2008-01-06 12:00:00,133.61829248050822
2008-01-06 13:00:00,133.11153466220088
2008-01-06 14:00:00,135.11219154943936
2008-01-06 15:00:00,139.5843050160291
2008-01-06 16:00:00,144.64218124884258
2008-01-06 17:00:00,148.08345727320892
2008-01-06 18:00:00,152.00795045640356
2008-01-06 19:00:00,154.50109314467414
2008-01-06 20:00:00,155.51836461350905
2008-01-06 21:00:00,156.7947682372263
2008-01-06 22:00:00,155.89098352323518
2008-01-06 23:00:00,154.51816104396835
2008-01-07 00:00:00,153.51693265369124
2008-01-07 01:00:00,151.2899471872796
2008-01-07 02:00:00,149.44527137551972
2008-01-07 03:00:00,147.83736274742697
2008-01-07 04:00:00,147.78064732832576
2008-01-07 05:00:00,144.4944967609702
2008-01-07 06:00:00,141.55581046348988
2008-01-07 07:00:00,134.86424122977328
2008-01-07 08:00:00,128.07044998772807
2008-01-07 09:00:00,127.41525163924952
2008-01-07 10:00:00,122.60863677262265
2008-01-07 11:00:00,120.36501198755758
2008-01-07 12:00:00,116.78435198129957
2008-01-07 13:00:00,118.38759073836012
2008-01-07 14:00:00,121.23413034513463
2008-01-07 15:00:00,126.93597853434686
2008-01-07 16:00:00,135.50561459270625
2008-01-07 17:00:00,142.40939835270157
2008-01-07 18:00:00,148.6413428450989
2008-01-07 19:00:00,154.87302981763054
2008-01-07 20:00:00,161.1685536070133
2008-01-07 21:00:00,168.46190839678394
2008-01-07 22:00:00,172.05443016090447
2008-01-07 23:00:00,175.19626232039502
2008-01-08 00:00:00,175.92028500426775
2008-01-08 01:00:00,178.6990937395383
2008-01-08 02:00:00,181.0051785572052
2008-01-08 03:00:00,182.8964994617234
2008-01-08 04:00:00,188.10977075702337
2008-01-08 05:00:00,191.17548795762778
2008-01-08 06:00:00,193.31226550600448
2008-01-08 07:00:00,194.89972335074856
2008-01-08 08:00:00,193.0218792426502
2008-01-08 09:00:00,182.8494647209289
2008-01-08 10:00:00,170.53146951431086
2008-01-08 11:00:00,159.37462252677895
2008-01-08 12:00:00,151.73600107094853
2008-01-08 13:00:00,147.3609988956492
2008-01-08 14:00:00,148.39079840519994
2008-01-08 15:00:00,156.26001491568002
2008-01-08 16:00:00,168.64284906395864
2008-01-08 17:00:00,177.41682474239983
2008-01-08 18:00:00,182.63747769938516
2008-01-08 19:00:00,186.73285702457108
2008-01-08 20:00:00,188.9893103192769
2008-01-08 21:00:00,191.99876908168596
2008-01-08 22:00:00,194.058376053655
2008-01-08 23:00:00,196.0020536766674
2008-01-09 00:00:00,196.43510440178363
2008-01-09 01:00:00,195.08547178750038
2008-01-09 02:00:00,191.30900313436942
2008-01-09 03:00:00,188.71322031039756
2008-01-09 04:00:00,185.58074037299335
2008-01-09 05:00:00,183.41522200520453
2008-01-09 06:00:00,180.7066460709593
2008-01-09 07:00:00,177.92188114955096
2008-01-09 08:00:00,175.3266778645877
2008-01-09 09:00:00,169.96083016685137
2008-01-09 10:00:00,163.7798218057103
2008-01-09 11:00:00,160.73708644708677
2008-01-09 12:00:00,155.30857563346217
2008-01-09 13:00:00,151.56546908913054
2008-01-09 14:00:00,149.29106619323122
2008-01-09 15:00:00,149.0494841406404
2008-01-09 16:00:00,149.5436381748458
2008-01-09 17:00:00,149.91238837057242
2008-01-09 18:00:00,149.85125820382737
2008-01-09 19:00:00,152.10748610666005
2008-01-09 20:00:00,153.70184057996605
2008-01-09 21:00:00,154.5916502728864
2008-01-09 22:00:00,156.8780641986739
2008-01-09 23:00:00,158.50043982688842
2008-01-10 00:00:00,161.60571832297106
2008-01-10 01:00:00,164.9111041690883
2008-01-10 02:00:00,169.141933419431
2008-01-10 03:00:00,173.70609400009337
2008-01-10 04:00:00,177.07500866420688
2008-01-10 05:00:00,179.2751461402162
2008-01-10 06:00:00,180.39860546321472
2008-01-10 07:00:00,181.71898849608803
2008-01-10 08:00:00,178.05004410908532
2008-01-10 09:00:00,167.16614610231568
2008-01-10 10:00:00,153.2271219929052
2008-01-10 11:00:00,140.06357096697337
2008-01-10 12:00:00,130.8222935579305
2008-01-10 13:00:00,124.08059164599004
2008-01-10 14:00:00,122.20240520995883
2008-01-10 15:00:00,129.51122051099753
2008-01-10 16:00:00,141.0362589694731
2008-01-10 17:00:00,149.61372712911026
2008-01-10 18:00:00,154.70488405590493
2008-01-10 19:00:00,158.0048830943979
2008-01-10 20:00:00,161.6162296465291
2008-01-10 21:00:00,164.60446042077612
2008-01-10 22:00:00,168.051382791534
2008-01-10 23:00:00,168.7627580945412
2008-01-11 00:00:00,168.57470619966264
2008-01-11 01:00:00,171.23974121509292
2008-01-11 02:00:00,171.23653637963113
2008-01-11 03:00:00,170.20553234475793
2008-01-11 04:00:00,169.25242006985982
2008-01-11 05:00:00,168.6382832524517
2008-01-11 06:00:00,166.46139286519994
2008-01-11 07:00:00,169.23589485314096
2008-01-11 08:00:00,169.21299643359143
2008-01-11 09:00:00,160.03084937792337
2008-01-11 10:00:00,148.8737221888747
2008-01-11 11:00:00,137.63937407489578
2008-01-11 12:00:00,124.58370184235909
2008-01-11 13:00:00,118.08885026643097
2008-01-11 14:00:00,114.73371753621028
2008-01-11 15:00:00,123.44432239993384
2008-01-11 16:00:00,135.66776830029445
2008-01-11 17:00:00,142.53188426611302
2008-01-11 18:00:00,145.56026662558324
2008-01-11 19:00:00,146.21382956739407
2008-01-11 20:00:00,147.55516067062916
2008-01-11 21:00:00,148.35432921965912
2008-01-11 22:00:00,149.20428925972968
2008-01-11 23:00:00,151.2987334752614
2008-01-12 00:00:00,154.17628016478236
2008-01-12 01:00:00,155.41693931925676
2008-01-12 02:00:00,156.3402227647074
2008-01-12 03:00:00,158.09446604940297
2008-01-12 04:00:00,162.09996946126842
2008-01-12 05:00:00,165.9782005010573
2008-01-12 06:00:00,168.46310567360536
2008-01-12 07:00:00,170.6406010688197
2008-01-12 08:00:00,171.38315133538882
2008-01-12 09:00:00,171.63348081938958
2008-01-12 10:00:00,171.6193313174803
2008-01-12 11:00:00,171.9751916153484
2008-01-12 12:00:00,172.14098392505502
2008-01-12 13:00:00,170.9378964809939
2008-01-12 14:00:00,170.41960851311168
2008-01-12 15:00:00,170.94294780375276
2008-01-12 16:00:00,171.68042917094223
2008-01-12 17:00:00,172.69663448239731
2008-01-12 18:00:00,173.61895186556396
2008-01-12 19:00:00,174.1234808601015
2008-01-12 20:00:00,175.94986066709092
2008-01-12 21:00:00,177.68918508424923
2008-01-12 22:00:00,179.9983048357445
2008-01-12 23:00:00,181.62265622292082
2008-01-13 00:00:00,182.59690952853853
2008-01-13 01:00:00,184.12862698610755
2008-01-13 02:00:00,185.14997456103166
2008-01-13 03:00:00,186.19242434178025
2008-01-13 04:00:00,186.7419167805661
2008-01-13 05:00:00,185.70235181792313
2008-01-13 06:00:00,184.1255138502383
2008-01-13 07:00:00,183.39698377837627
2008-01-13 08:00:00,181.65344766695273
2008-01-13 09:00:00,177.25893031836455
2008-01-13 10:00:00,172.00418732362542
2008-01-13 11:00:00,167.81105479286293
2008-01-13 12:00:00,166.4176649278347
2008-01-13 13:00:00,166.19513350153062
2008-01-13 14:00:00,167.12086535185145
2008-01-13 15:00:00,169.54132313787176
2008-01-13 16:00:00,173.89585770046193
2008-01-13 17:00:00,177.07451430316254
2008-01-13 18:00:00,179.18061555735446
2008-01-13 19:00:00,181.42071653527785
2008-01-13 20:00:00,183.44803030689732
2008-01-13 21:00:00,186.0541523388866
2008-01-13 22:00:00,187.58853971509737
2008-01-13 23:00:00,188.5457656296052
2008-01-14 00:00:00,189.1378873565766
2008-01-14 01:00:00,189.5858139756446
2008-01-14 02:00:00,190.20980732221693
2008-01-14 03:00:00,191.26949572370722
2008-01-14 04:00:00,192.1887082272917
2008-01-14 05:00:00,193.72945600034222
2008-01-14 06:00:00,193.24155305654975
2008-01-14 07:00:00,192.46365619181626
2008-01-14 08:00:00,189.7467565745685
2008-01-14 09:00:00,185.67589437417988
2008-01-14 10:00:00,181.41942475408527
2008-01-14 11:00:00,175.63579903881427
2008-01-14 12:00:00,170.61470547297122
2008-01-14 13:00:00,166.29349196133523
2008-01-14 14:00:00,165.55438657677328
2008-01-14 15:00:00,166.56529443375237
2008-01-14 16:00:00,168.8474207416712
2008-01-14 17:00:00,169.7704844536698
2008-01-14 18:00:00,170.27759660253275
2008-01-14 19:00:00,170.47881628654142
2008-01-14 20:00:00,170.60515200625912
2008-01-14 21:00:00,169.93047879305203
2008-01-14 22:00:00,170.34213590735772
2008-01-14 23:00:00,169.819952422664
2008-01-15 00:00:00,171.02114262513552
2008-01-15 01:00:00,175.05318051455805
2008-01-15 02:00:00,178.22427920991143
2008-01-15 03:00:00,180.2331967954519
2008-01-15 04:00:00,181.43970180396204
2008-01-15 05:00:00,181.10660896675304
2008-01-15 06:00:00,181.25575247572004
2008-01-15 07:00:00,181.47810624754578
2008-01-15 08:00:00,179.671597890482
2008-01-15 09:00:00,172.77214102545213
2008-01-15 10:00:00,162.3100321319824
2008-01-15 11:00:00,152.37528000450072
2008-01-15 12:00:00,147.55051011539368
2008-01-15 13:00:00,142.989433786414
2008-01-15 14:00:00,143.51806970488863
2008-01-15 15:00:00,146.9640600790496
2008-01-15 16:00:00,151.4038161181612
2008-01-15 17:00:00,153.6185872447272
2008-01-15 18:00:00,155.72421981401834
2008-01-15 19:00:00,154.83637771660617
2008-01-15 20:00:00,154.63716306244177
2008-01-15 21:00:00,153.8865838152648
2008-01-15 22:00:00,152.9732030528587
2008-01-15 23:00:00,151.16069877944122
2008-01-16 00:00:00,150.9371642988958
2008-01-16 01:00:00,149.19420092011893
2008-01-16 02:00:00,146.42220732115237
2008-01-16 03:00:00,146.00830731370152
2008-01-16 04:00:00,147.6185302471835
2008-01-16 05:00:00,151.39775531593733
2008-01-16 06:00:00,151.32576115973188
2008-01-16 07:00:00,151.48275846860926
2008-01-16 08:00:00,151.66844327872892
2008-01-16 09:00:00,151.54436441211868
2008-01-16 10:00:00,149.74149141321857
2008-01-16 11:00:00,145.86681823420585
2008-01-16 12:00:00,142.40848507600708
2008-01-16 13:00:00,139.55793964239507
2008-01-16 14:00:00,138.64169269254626
2008-01-16 15:00:00,140.923744718981
2008-01-16 16:00:00,146.67912710480346
2008-01-16 17:00:00,150.30314679952517
2008-01-16 18:00:00,153.49631508962295
2008-01-16 19:00:00,156.37349418933493
2008-01-16 20:00:00,159.00617139911535
2008-01-16 21:00:00,160.62917683231242
2008-01-16 22:00:00,162.44782320141823
2008-01-16 23:00:00,163.6693224995117
2008-01-17 00:00:00,165.15803713188436
2008-01-17 01:00:00,164.86315446048948
2008-01-17 02:00:00,164.35206299496176
2008-01-17 03:00:00,165.55555237587848
2008-01-17 04:00:00,168.19254513679212
2008-01-17 05:00:00,168.3477318234212
2008-01-17 06:00:00,168.35614659491995
2008-01-17 07:00:00,166.38543490944238
2008-01-17 08:00:00,163.35308858036464
2008-01-17 09:00:00,156.54602345076398
2008-01-17 10:00:00,146.4034183403785
2008-01-17 11:00:00,137.08942567814003
2008-01-17 12:00:00,129.96467527207065
2008-01-17 13:00:00,126.83428688523456
2008-01-17 14:00:00,128.73823906804594
2008-01-17 15:00:00,136.68563044534966
2008-01-17 16:00:00,147.13898490984894
2008-01-17 17:00:00,153.65670891941733
2008-01-17 18:00:00,156.2229316462334
2008-01-17 19:00:00,155.08520901866308
2008-01-17 20:00:00,154.7680119245078
2008-01-17 21:00:00,155.5763413988122
2008-01-17 22:00:00,154.12102491484876
2008-01-17 23:00:00,151.5217281187072
2008-01-18 00:00:00,152.04994586088216
2008-01-18 01:00:00,149.01249528302847
2008-01-18 02:00:00,148.6647192013416
2008-01-18 03:00:00,148.3725002846285
2008-01-18 04:00:00,147.2524621659863
2008-01-18 05:00:00,144.68062171325977
2008-01-18 06:00:00,142.89225047579453
2008-01-18 07:00:00,142.02399916748726
2008-01-18 08:00:00,140.2055515123558
2008-01-18 09:00:00,135.18451074531387
2008-01-18 10:00:00,127.84447530066603
2008-01-18 11:00:00,118.52980071639293
2008-01-18 12:00:00,113.06703176734882
2008-01-18 13:00:00,110.83024226698157
2008-01-18 14:00:00,112.67182633396443
2008-01-18 15:00:00,116.05294454358229
2008-01-18 16:00:00,118.6537412523662
2008-01-18 17:00:00,119.04844036127056
2008-01-18 18:00:00,120.90933373291814
2008-01-18 19:00:00,121.2464113314705
2008-01-18 20:00:00,121.75891911587676
2008-01-18 21:00:00,122.34001242582494
2008-01-18 22:00:00,123.14598719036641
2008-01-18 23:00:00,120.7513688560926
2008-01-19 00:00:00,114.06524335924789
2008-01-19 01:00:00,114.5824294262296
2008-01-19 02:00:00,117.70239115155039
2008-01-19 03:00:00,119.45556257326814
2008-01-19 04:00:00,120.41908309623729
2008-01-19 05:00:00,124.00880825573668
2008-01-19 06:00:00,125.05210033289006
2008-01-19 07:00:00,123.53759366258629
2008-01-19 08:00:00,119.65690492919143
2008-01-19 09:00:00,111.01502714008731
2008-01-19 10:00:00,102.54318074812157
2008-01-19 11:00:00,90.81656087626048
2008-01-19 12:00:00,87.21810155746321
2008-01-19 13:00:00,85.15732255675893
2008-01-19 14:00:00,83.0371760461937
2008-01-19 15:00:00,89.16367095916887
2008-01-19 16:00:00,100.97969304863241
2008-01-19 17:00:00,111.88672922517306
2008-01-19 18:00:00,115.7410255980257
2008-01-19 19:00:00,120.10687651667384
2008-01-19 20:00:00,124.35521552144797
2008-01-19 21:00:00,126.67455530045501
2008-01-19 22:00:00,127.9798117033664
2008-01-19 23:00:00,130.07177879530818
2008-01-20 00:00:00,133.14472798580775
2008-01-20 01:00:00,138.12448755444973
2008-01-20 02:00:00,141.19096534813295
2008-01-20 03:00:00,142.24610177418023
2008-01-20 04:00:00,145.4383769577307
2008-01-20 05:00:00,148.171134398168
2008-01-20 06:00:00,150.5341708935112
2008-01-20 07:00:00,151.7983170838496
2008-01-20 08:00:00,149.12892353694576
2008-01-20 09:00:00,139.39635993048836
2008-01-20 10:00:00,128.30515808691388
2008-01-20 11:00:00,120.35590936491091
2008-01-20 12:00:00,114.41062657452542
2008-01-20 13:00:00,110.5483017815398
2008-01-20 14:00:00,110.43176142972675
2008-01-20 15:00:00,116.89532745916625
2008-01-20 16:00:00,128.5468533551263
2008-01-20 17:00:00,141.51872539003253
2008-01-20 18:00:00,150.1163365063747
2008-01-20 19:00:00,155.98119031071823
2008-01-20 20:00:00,162.15060503493189
2008-01-20 21:00:00,165.94601446557482
2008-01-20 22:00:00,169.51693265772136
2008-01-20 23:00:00,174.159630416796
2008-01-21 00:00:00,176.25914257522683
2008-01-21 01:00:00,177.23423035696734
2008-01-21 02:00:00,178.4849570923046
2008-01-21 03:00:00,179.65454418942048
2008-01-21 04:00:00,180.49339189063096
2008-01-21 05:00:00,180.14392656069563
2008-01-21 06:00:00,179.91476895761537
2008-01-21 07:00:00,178.987149121282
2008-01-21 08:00:00,174.70135400695895
2008-01-21 09:00:00,163.88382071012904
2008-01-21 10:00:00,149.8789897192429
2008-01-21 11:00:00,137.91931429309463
2008-01-21 12:00:00,128.08970769436684
2008-01-21 13:00:00,123.3018826543634
2008-01-21 14:00:00,121.46897901546384
2008-01-21 15:00:00,127.31872497546827
2008-01-21 16:00:00,136.54741793809325
2008-01-21 17:00:00,140.89082334041893
2008-01-21 18:00:00,142.0906964467829
2008-01-21 19:00:00,143.20607870628925
2008-01-21 20:00:00,144.01860187921568
2008-01-21 21:00:00,139.9202762691188
2008-01-21 22:00:00,132.5299817203797
2008-01-21 23:00:00,125.01243909558708
2008-01-22 00:00:00,121.50881552052695
2008-01-22 01:00:00,122.58287430925748
2008-01-22 02:00:00,126.03351854396661
2008-01-22 03:00:00,130.59869608960994
2008-01-22 04:00:00,134.69640362823736
2008-01-22 05:00:00,135.00702729452104
2008-01-22 06:00:00,135.8179482769774
2008-01-22 07:00:00,136.79314823826041
2008-01-22 08:00:00,137.0251414609816
2008-01-22 09:00:00,136.76514542202574
2008-01-22 10:00:00,137.0174588522673
2008-01-22 11:00:00,139.4804406211476
2008-01-22 12:00:00,141.2928911224897
2008-01-22 13:00:00,144.0417150689092
2008-01-22 14:00:00,146.3793446172962
2008-01-22 15:00:00,150.75513191332738
2008-01-22 16:00:00,157.56966394869212
2008-01-22 17:00:00,163.6947373653066
2008-01-22 18:00:00,171.62636316496105
2008-01-22 19:00:00,176.7751582747302
2008-01-22 20:00:00,182.0982823834737
2008-01-22 21:00:00,187.89500897926965
2008-01-22 22:00:00,192.24434190155375
2008-01-22 23:00:00,196.22871209373204
2008-01-23 00:00:00,198.6584331736807
2008-01-23 01:00:00,201.04822016771033
2008-01-23 02:00:00,203.919916174324
2008-01-23 03:00:00,205.68267439241507
2008-01-23 04:00:00,207.21825102607056
2008-01-23 05:00:00,209.64520939393017
2008-01-23 06:00:00,212.33507299581447
2008-01-23 07:00:00,214.40206737621722
2008-01-23 08:00:00,208.25884104082004
2008-01-23 09:00:00,195.9799250109699
2008-01-23 10:00:00,182.7026056370058
2008-01-23 11:00:00,170.08592204250644
2008-01-23 12:00:00,161.77449521333523
2008-01-23 13:00:00,155.69712551947464
2008-01-23 14:00:00,153.70533679230672
2008-01-23 15:00:00,155.86888673914376
2008-01-23 16:00:00,165.94127109253742
2008-01-23 17:00:00,175.52406370797584
2008-01-23 18:00:00,182.7632505529353
2008-01-23 19:00:00,186.8249452243013
2008-01-23 20:00:00,190.08758530826563
2008-01-23 21:00:00,194.08162972700796
2008-01-23 22:00:00,195.5061276764993
2008-01-23 23:00:00,197.62710502867645
2008-01-24 00:00:00,199.3516035644445
2008-01-24 01:00:00,200.85895646392416
2008-01-24 02:00:00,201.5491955192103
2008-01-24 03:00:00,203.26145469887211
2008-01-24 04:00:00,204.93352752030523
2008-01-24 05:00:00,204.44571155558097
2008-01-24 06:00:00,204.19192073638214
2008-01-24 07:00:00,204.31838761927847
2008-01-24 08:00:00,199.3180875286621
2008-01-24 09:00:00,184.27448424961239
2008-01-24 10:00:00,168.7217709593693
2008-01-24 11:00:00,155.8008879512515
2008-01-24 12:00:00,146.26402908572513
2008-01-24 13:00:00,138.8278214004661
2008-01-24 14:00:00,135.96771253835436
2008-01-24 15:00:00,139.4465853745537
2008-01-24 16:00:00,148.51230964984398
2008-01-24 17:00:00,158.0738431274717
2008-01-24 18:00:00,162.71597959469747
2008-01-24 19:00:00,161.51776154971625
2008-01-24 20:00:00,159.63476975337954
2008-01-24 21:00:00,160.42392327580674
2008-01-24 22:00:00,160.02816166789472
2008-01-24 23:00:00,158.96064441081037
2008-01-25 00:00:00,160.06561435531827
2008-01-25 01:00:00,163.05854614474475
2008-01-25 02:00:00,167.45339659701747
2008-01-25 03:00:00,170.23642621444557
2008-01-25 04:00:00,171.5112786369646
2008-01-25 05:00:00,171.4626301927517
2008-01-25 06:00:00,172.52565809457786
2008-01-25 07:00:00,173.41708712592114
2008-01-25 08:00:00,171.56079547884028
2008-01-25 09:00:00,166.31370469749245
2008-01-25 10:00:00,159.42779197800886
2008-01-25 11:00:00,153.82553060851473
2008-01-25 12:00:00,150.7114375278613
2008-01-25 13:00:00,148.94803897162308
2008-01-25 14:00:00,149.08989641844914
2008-01-25 15:00:00,153.54697572721082
2008-01-25 16:00:00,160.00084462044865
2008-01-25 17:00:00,165.89900846985603
2008-01-25 18:00:00,169.35080644346107
2008-01-25 19:00:00,173.10430835222627
2008-01-25 20:00:00,175.2821469503843
2008-01-25 21:00:00,177.38265369812163
2008-01-25 22:00:00,179.89937062975585
2008-01-25 23:00:00,182.30073570005538
2008-01-26 00:00:00,184.50411984836322
2008-01-26 01:00:00,185.83487937682622
2008-01-26 02:00:00,187.1075919320975
2008-01-26 03:00:00,189.95939624215606
2008-01-26 04:00:00,191.25359075544532
2008-01-26 05:00:00,192.69855623157866
2008-01-26 06:00:00,194.92501355569934
2008-01-26 07:00:00,196.6583394381729
2008-01-26 08:00:00,195.78626319532222
2008-01-26 09:00:00,190.29167507162532
2008-01-26 10:00:00,183.29419047473803
2008-01-26 11:00:00,172.71563798058975
2008-01-26 12:00:00,162.2567490181515
2008-01-26 13:00:00,155.0461415668622
2008-01-26 14:00:00,152.20375731514142
2008-01-26 15:00:00,155.51896693442683
2008-01-26 16:00:00,166.24295269428842
2008-01-26 17:00:00,175.8526199223776
2008-01-26 18:00:00,182.57578350054763
2008-01-26 19:00:00,187.50113023202576
2008-01-26 20:00:00,189.2933115209991
2008-01-26 21:00:00,193.18408452844642
2008-01-26 22:00:00,196.4188150923781
2008-01-26 23:00:00,196.20636531548797
2008-01-27 00:00:00,197.59781544633978
2008-01-27 01:00:00,198.08596618679414
2008-01-27 02:00:00,199.4046204051022
2008-01-27 03:00:00,198.3234770386903
2008-01-27 04:00:00,197.49887786271705
2008-01-27 05:00:00,196.69043145846754
2008-01-27 06:00:00,195.62215365278053
2008-01-27 07:00:00,192.81294642498136
2008-01-27 08:00:00,187.54798209902444
2008-01-27 09:00:00,180.23868791989864
2008-01-27 10:00:00,170.24315546578518
2008-01-27 11:00:00,158.7278037942321
2008-01-27 12:00:00,148.036877226797
2008-01-27 13:00:00,141.87726230110354
2008-01-27 14:00:00,136.2147810646565
2008-01-27 15:00:00,134.35551574237658
2008-01-27 16:00:00,141.2456046566637
2008-01-27 17:00:00,146.7031366867527
2008-01-27 18:00:00,151.28813840391985
2008-01-27 19:00:00,154.918478200099
2008-01-27 20:00:00,163.22922745998096
2008-01-27 21:00:00,170.44779685616385
2008-01-27 22:00:00,175.67031650224357
2008-01-27 23:00:00,179.86951591340264
2008-01-28 00:00:00,185.19929326437722
2008-01-28 01:00:00,187.66540506731937
2008-01-28 02:00:00,191.36332872913897
2008-01-28 03:00:00,192.67314789163282
2008-01-28 04:00:00,194.0834415389725
2008-01-28 05:00:00,194.3714422442058
2008-01-28 06:00:00,193.52416785736182
2008-01-28 07:00:00,193.40949636777216
2008-01-28 08:00:00,188.91752222338647
2008-01-28 09:00:00,176.76294940149168
2008-01-28 10:00:00,159.74329540782793
2008-01-28 11:00:00,143.09046497189084
2008-01-28 12:00:00,129.7786619033218
2008-01-28 13:00:00,122.00100598781162
2008-01-28 14:00:00,119.10913543048352
2008-01-28 15:00:00,124.81676797806345
2008-01-28 16:00:00,140.92689389734812
2008-01-28 17:00:00,155.8682718527666
2008-01-28 18:00:00,165.64154209986415
2008-01-28 19:00:00,172.01898800073994
2008-01-28 20:00:00,175.72504287846374
2008-01-28 21:00:00,179.76234627712267
2008-01-28 22:00:00,184.09391554460447
2008-01-28 23:00:00,187.87347737964146
2008-01-29 00:00:00,191.0314716554499
2008-01-29 01:00:00,194.68212595659026
2008-01-29 02:00:00,197.16877184503113
2008-01-29 03:00:00,199.10089481655208
2008-01-29 04:00:00,201.74248056759419
2008-01-29 05:00:00,202.81361686843098
2008-01-29 06:00:00,203.91233648969623
2008-01-29 07:00:00,204.36685794560583
2008-01-29 08:00:00,196.90172539191752
2008-01-29 09:00:00,182.95860899052917
2008-01-29 10:00:00,167.20492623396268
2008-01-29 11:00:00,152.7149267105257
2008-01-29 12:00:00,140.70449223350997
2008-01-29 13:00:00,132.4106439926613
2008-01-29 14:00:00,130.38531584520038
2008-01-29 15:00:00,135.83538810611628
2008-01-29 16:00:00,146.65000346588846
2008-01-29 17:00:00,158.2720208765318
2008-01-29 18:00:00,164.71370479974934
2008-01-29 19:00:00,169.49423869655917
2008-01-29 20:00:00,173.93386708051662
2008-01-29 21:00:00,177.40925682588178
2008-01-29 22:00:00,178.97793079172186
2008-01-29 23:00:00,179.44220385078435
2008-01-30 00:00:00,181.07192905280272
2008-01-30 01:00:00,183.08484253173313
2008-01-30 02:00:00,183.5245369962606
2008-01-30 03:00:00,183.690103345157
2008-01-30 04:00:00,181.56235490386254
2008-01-30 05:00:00,180.6964918372417
2008-01-30 06:00:00,177.9472671952117
2008-01-30 07:00:00,173.5775652249925
2008-01-30 08:00:00,169.57878805537553
2008-01-30 09:00:00,166.30936641231526
2008-01-30 10:00:00,161.46413601116862
2008-01-30 11:00:00,156.5637905164071
2008-01-30 12:00:00,153.87458053344758
2008-01-30 13:00:00,153.38160497535642
2008-01-30 14:00:00,156.00293149528937
2008-01-30 15:00:00,158.81058292146957
2008-01-30 16:00:00,161.93925079562246
2008-01-30 17:00:00,165.84198718015912
2008-01-30 18:00:00,169.21385258829466
2008-01-30 19:00:00,171.5634252641616
2008-01-30 20:00:00,173.71004132917514
2008-01-30 21:00:00,175.9092514868836
2008-01-30 22:00:00,178.95821961093418
2008-01-30 23:00:00,182.64691117298744
2008-01-31 00:00:00,184.4046355494297
2008-01-31 01:00:00,186.6626415063237
2008-01-31 02:00:00,188.24116441538322
2008-01-31 03:00:00,188.8698540843954
2008-01-31 04:00:00,188.88788027072422
2008-01-31 05:00:00,189.63729404544497
2008-01-31 06:00:00,189.30539915569622
2008-01-31 07:00:00,188.92222520403757
2008-01-31 08:00:00,186.636378695744
2008-01-31 09:00:00,183.00603223609747
2008-01-31 10:00:00,178.62625156860392
2008-01-31 11:00:00,173.7100608324881
2008-01-31 12:00:00,168.8321000720998
2008-01-31 13:00:00,165.22533040033775
2008-01-31 14:00:00,163.76240405070087
2008-01-31 15:00:00,165.67542328001207
2008-01-31 16:00:00,171.32898854194121
2008-01-31 17:00:00,178.47650826718848
2008-01-31 18:00:00,184.08457325289308
2008-01-31 19:00:00,188.63433211692018
2008-01-31 20:00:00,190.00858387060512
2008-01-31 21:00:00,188.8615878358742
2008-01-31 22:00:00,187.69275314462328
2008-01-31 23:00:00,185.25364422051112
2008-02-01 00:00:00,181.22047486082627
2008-02-01 01:00:00,179.58046976702406
2008-02-01 02:00:00,176.7136409467106
2008-02-01 03:00:00,173.21380562753126
2008-02-01 04:00:00,169.197679194401
2008-02-01 05:00:00,159.86628431083386
2008-02-01 06:00:00,157.74385361142544
2008-02-01 07:00:00,156.7911073613952
2008-02-01 08:00:00,154.36078909314563
2008-02-01 09:00:00,148.11284242103957
2008-02-01 10:00:00,139.95734179234938
2008-02-01 11:00:00,129.73018852637668
2008-02-01 12:00:00,121.62460168587772
2008-02-01 13:00:00,116.18663277406296
2008-02-01 14:00:00,113.27068408547187
2008-02-01 15:00:00,112.98854231207275
2008-02-01 16:00:00,110.02444670638425
2008-02-01 17:00:00,111.54376323709646
2008-02-01 18:00:00,113.23537561041655
2008-02-01 19:00:00,119.71039090672866
2008-02-01 20:00:00,123.61934016558197
2008-02-01 21:00:00,134.0801841079119
2008-02-01 22:00:00,138.8904148765367
2008-02-01 23:00:00,148.3234516893745
2008-02-02 00:00:00,157.56671968576546
2008-02-02 01:00:00,165.72366295810247
2008-02-02 02:00:00,173.754733935123
2008-02-02 03:00:00,178.9633731955462
2008-02-02 04:00:00,181.88817828029812
2008-02-02 05:00:00,183.05782869118747
2008-02-02 06:00:00,183.4992528847276
2008-02-02 07:00:00,183.32222201031556
2008-02-02 08:00:00,181.2188499306323
2008-02-02 09:00:00,178.3068342723354
2008-02-02 10:00:00,175.29400412868753
2008-02-02 11:00:00,172.09521492845164
2008-02-02 12:00:00,168.02986933964283
2008-02-02 13:00:00,166.3263909002473
2008-02-02 14:00:00,165.26323849397517
2008-02-02 15:00:00,167.56025840640777
2008-02-02 16:00:00,176.0496179985491
2008-02-02 17:00:00,187.52438477212903
2008-02-02 18:00:00,195.46808056375846
2008-02-02 19:00:00,200.44459955251003
2008-02-02 20:00:00,204.89229876683382
2008-02-02 21:00:00,208.08911396076127
2008-02-02 22:00:00,209.55118840351935
2008-02-02 23:00:00,213.1663421213123
2008-02-03 00:00:00,217.09572864681613
2008-02-03 01:00:00,218.90893465711753
2008-02-03 02:00:00,219.61320701640528
2008-02-03 03:00:00,220.3116125313236
2008-02-03 04:00:00,221.3129977820652
2008-02-03 05:00:00,222.53875600655073
2008-02-03 06:00:00,223.64095420982028
2008-02-03 07:00:00,223.3463014094761
2008-02-03 08:00:00,218.10629251862485
2008-02-03 09:00:00,208.6341056275917
2008-02-03 10:00:00,199.61961092041525
2008-02-03 11:00:00,188.74794220286512
2008-02-03 12:00:00,179.68299127822092
2008-02-03 13:00:00,172.1431504989211
2008-02-03 14:00:00,168.55020581262644
2008-02-03 15:00:00,169.48492325886122
2008-02-03 16:00:00,177.5403858323455
2008-02-03 17:00:00,185.68079633670166
2008-02-03 18:00:00,190.85466795101814
2008-02-03 19:00:00,192.96316552570593
2008-02-03 20:00:00,194.04508076454178
2008-02-03 21:00:00,196.85414109634064
2008-02-03 22:00:00,198.8886443724383
2008-02-03 23:00:00,200.14832126996396
2008-02-04 00:00:00,200.72760333797876
2008-02-04 01:00:00,200.91034801130462
2008-02-04 02:00:00,199.1986414148937
2008-02-04 03:00:00,197.57640734881423
2008-02-04 04:00:00,196.35490284409846
2008-02-04 05:00:00,193.1460364059433
2008-02-04 06:00:00,188.9633842148299
2008-02-04 07:00:00,187.01995853056835
2008-02-04 08:00:00,182.15866031505485
2008-02-04 09:00:00,177.4342367319304
2008-02-04 10:00:00,170.08422316245736
2008-02-04 11:00:00,164.10938716518595
2008-02-04 12:00:00,160.37008464256016
2008-02-04 13:00:00,159.4978869206243
2008-02-04 14:00:00,159.26247509511748
2008-02-04 15:00:00,161.04510293164606
2008-02-04 16:00:00,163.59206864498861
2008-02-04 17:00:00,166.24742311861232
2008-02-04 18:00:00,167.24545242501654
2008-02-04 19:00:00,168.83565515090345
2008-02-04 20:00:00,168.90742129636277
2008-02-04 21:00:00,168.96964368160948
2008-02-04 22:00:00,169.3654215552479
2008-02-04 23:00:00,170.8932357359634
2008-02-05 00:00:00,173.62120395241755
2008-02-05 01:00:00,175.70120095794684
2008-02-05 02:00:00,179.9527451741562
2008-02-05 03:00:00,185.20227896021356
2008-02-05 04:00:00,188.5112433280543
2008-02-05 05:00:00,192.06919798529512
2008-02-05 06:00:00,194.27606398918272
2008-02-05 07:00:00,193.75515541054497
2008-02-05 08:00:00,186.94296287377546
2008-02-05 09:00:00,175.05521508352632
2008-02-05 10:00:00,162.50982642415363
2008-02-05 11:00:00,152.44253212983776
2008-02-05 12:00:00,146.2115750059131
2008-02-05 13:00:00,143.25577240306882
2008-02-05 14:00:00,139.79858511499398
2008-02-05 15:00:00,140.91656386524318
2008-02-05 16:00:00,143.14304070997602
2008-02-05 17:00:00,145.59580839420727
2008-02-05 18:00:00,146.88311331480264
2008-02-05 19:00:00,147.10594084584244
2008-02-05 20:00:00,147.67665707212237
2008-02-05 21:00:00,144.29344447363334
2008-02-05 22:00:00,145.57469999746436
2008-02-05 23:00:00,146.18484736462264
2008-02-06 00:00:00,140.09771531942923
2008-02-06 01:00:00,137.39194885553528
2008-02-06 02:00:00,134.736083770981
2008-02-06 03:00:00,140.9878402828458
2008-02-06 04:00:00,141.8611487485289
2008-02-06 05:00:00,142.11349016652622
2008-02-06 06:00:00,142.14352887416462
2008-02-06 07:00:00,140.8781857787167
2008-02-06 08:00:00,135.9766986948824
2008-02-06 09:00:00,131.0215621525311
2008-02-06 10:00:00,127.71246144172409
2008-02-06 11:00:00,124.19964968884163
2008-02-06 12:00:00,121.39428199912288
2008-02-06 13:00:00,116.5629504999092
2008-02-06 14:00:00,115.72263723139798
2008-02-06 15:00:00,116.97837176832364
2008-02-06 16:00:00,120.47041561537203
2008-02-06 17:00:00,122.79970684079454
2008-02-06 18:00:00,127.49824457367559
2008-02-06 19:00:00,133.6336599618834
2008-02-06 20:00:00,136.71160118263043
2008-02-06 21:00:00,142.9101107257341
2008-02-06 22:00:00,147.36771172584048
2008-02-06 23:00:00,151.743722670425
2008-02-07 00:00:00,158.34388657402064
2008-02-07 01:00:00,162.61655542432288
2008-02-07 02:00:00,165.80161154616064
2008-02-07 03:00:00,168.5074551742939
2008-02-07 04:00:00,172.5725579429198
2008-02-07 05:00:00,176.8467338113976
2008-02-07 06:00:00,180.88218367847753
2008-02-07 07:00:00,182.04341714145343
2008-02-07 08:00:00,174.47941730283014
2008-02-07 09:00:00,159.88591557060465
2008-02-07 10:00:00,146.60367452227604
2008-02-07 11:00:00,134.16354377599657
2008-02-07 12:00:00,125.32334890637834
2008-02-07 13:00:00,121.44148770849218
2008-02-07 14:00:00,120.99125659035376
2008-02-07 15:00:00,125.07651211480115
2008-02-07 16:00:00,135.9245704314884
2008-02-07 17:00:00,149.645979827663
2008-02-07 18:00:00,159.01663821505483
2008-02-07 19:00:00,167.18912839150116
2008-02-07 20:00:00,174.3924408144323
2008-02-07 21:00:00,180.96540856683725
2008-02-07 22:00:00,185.47826756427784
2008-02-07 23:00:00,189.05496336912213
2008-02-08 00:00:00,192.22103823261645
2008-02-08 01:00:00,194.50167707569295
2008-02-08 02:00:00,197.8484727423672
2008-02-08 03:00:00,200.02578099622843
2008-02-08 04:00:00,202.70200051041095
2008-02-08 05:00:00,203.0829595194276
2008-02-08 06:00:00,204.4056264730597
2008-02-08 07:00:00,202.94798700561103
2008-02-08 08:00:00,192.0267289020328
2008-02-08 09:00:00,178.548439947086
2008-02-08 10:00:00,164.61874983248134
2008-02-08 11:00:00,151.3115065373884
2008-02-08 12:00:00,139.19371538208804
2008-02-08 13:00:00,129.69614428292002
2008-02-08 14:00:00,125.99372640389134
2008-02-08 15:00:00,128.4677544438477
2008-02-08 16:00:00,138.84655783823334
2008-02-08 17:00:00,151.34381110623025
2008-02-08 18:00:00,160.70900124976302
2008-02-08 19:00:00,170.2802885904909
2008-02-08 20:00:00,176.5608387699704
2008-02-08 21:00:00,182.20806053296798
2008-02-08 22:00:00,187.9566210983916
2008-02-08 23:00:00,191.30579782721304
2008-02-09 00:00:00,194.31825021538162
2008-02-09 01:00:00,196.81577233584534
2008-02-09 02:00:00,200.15217903227634
2008-02-09 03:00:00,203.17034550155012
2008-02-09 04:00:00,206.18445494597762
2008-02-09 05:00:00,209.31336613729619
2008-02-09 06:00:00,211.22681189913274
2008-02-09 07:00:00,210.94709212486376
2008-02-09 08:00:00,199.16826546300126
2008-02-09 09:00:00,181.29436346996664
2008-02-09 10:00:00,165.24122724836775
2008-02-09 11:00:00,152.41427622838862
2008-02-09 12:00:00,141.04010444057542
2008-02-09 13:00:00,133.5393906022
2008-02-09 14:00:00,130.68001081147514
2008-02-09 15:00:00,131.79792547879356
2008-02-09 16:00:00,141.80940323141317
2008-02-09 17:00:00,156.7024996127185
2008-02-09 18:00:00,168.2787229790726
2008-02-09 19:00:00,176.13629093844736
2008-02-09 20:00:00,182.00485794828728
2008-02-09 21:00:00,186.02276817404683
2008-02-09 22:00:00,189.82101531911928
2008-02-09 23:00:00,193.6850477630996
2008-02-10 00:00:00,197.16972649965345
2008-02-10 01:00:00,199.27134517511746
2008-02-10 02:00:00,203.2625458083974
2008-02-10 03:00:00,206.1575624481201
2008-02-10 04:00:00,209.276047833157
2008-02-10 05:00:00,211.38576556168618
2008-02-10 06:00:00,213.33796337124627
2008-02-10 07:00:00,212.6979389053865
2008-02-10 08:00:00,201.81591076336105
2008-02-10 09:00:00,185.4346969159168
2008-02-10 10:00:00,170.8600938974225
2008-02-10 11:00:00,158.42035298836782
2008-02-10 12:00:00,148.1714526705059
2008-02-10 13:00:00,140.4212470821051
2008-02-10 14:00:00,137.2044856486286
2008-02-10 15:00:00,138.1870482098284
2008-02-10 16:00:00,146.54440381023474
2008-02-10 17:00:00,159.0540661908996
2008-02-10 18:00:00,168.16684715239074
2008-02-10 19:00:00,171.99401402263723
2008-02-10 20:00:00,176.35020284461208
2008-02-10 21:00:00,179.48757764573475
2008-02-10 22:00:00,183.39762906749885
2008-02-10 23:00:00,190.22196041752383
2008-02-11 00:00:00,194.37815995741389
2008-02-11 01:00:00,197.20719285505112
2008-02-11 02:00:00,200.56540385859785
2008-02-11 03:00:00,204.56861201323184
2008-02-11 04:00:00,206.4260086270956
2008-02-11 05:00:00,207.88064039101434
2008-02-11 06:00:00,209.54805472665262
2008-02-11 07:00:00,208.59336058296907
2008-02-11 08:00:00,198.09124847217925
2008-02-11 09:00:00,185.5406083567195
2008-02-11 10:00:00,173.00804161066247
2008-02-11 11:00:00,161.1704894434605
2008-02-11 12:00:00,150.95481940636438
2008-02-11 13:00:00,142.9920933364324
2008-02-11 14:00:00,139.55567924168494
2008-02-11 15:00:00,140.21722980911616
2008-02-11 16:00:00,147.93975613563578
2008-02-11 17:00:00,161.84758152279403
2008-02-11 18:00:00,171.95203602064328
2008-02-11 19:00:00,180.72234290459636
2008-02-11 20:00:00,186.37063177763056
2008-02-11 21:00:00,191.4658487329583
2008-02-11 22:00:00,197.51255023408822
2008-02-11 23:00:00,200.3487780447281
2008-02-12 00:00:00,204.3317813759371
2008-02-12 01:00:00,206.14055679726556
2008-02-12 02:00:00,208.47398618857073
2008-02-12 03:00:00,210.27528028021942
2008-02-12 04:00:00,211.5076103932578
2008-02-12 05:00:00,211.3373008762952
2008-02-12 06:00:00,211.6117020357919
2008-02-12 07:00:00,209.611737761001
2008-02-12 08:00:00,201.8467045283334
2008-02-12 09:00:00,190.08121725112787
2008-02-12 10:00:00,174.65179075614597
2008-02-12 11:00:00,161.12914047737388
2008-02-12 12:00:00,149.74566003557234
2008-02-12 13:00:00,141.73229726409897
2008-02-12 14:00:00,136.60613752420738
2008-02-12 15:00:00,138.10203304070524
2008-02-12 16:00:00,147.349050658591
2008-02-12 17:00:00,163.5489547150654
2008-02-12 18:00:00,174.4815193378568
2008-02-12 19:00:00,181.87208248698036
2008-02-12 20:00:00,187.6097201697736
2008-02-12 21:00:00,192.78279874768438
2008-02-12 22:00:00,196.66033570282508
2008-02-12 23:00:00,201.55325451241197
2008-02-13 00:00:00,204.90051730223144
2008-02-13 01:00:00,208.25190749676128
2008-02-13 02:00:00,210.04150068832038
2008-02-13 03:00:00,213.3497437716425
2008-02-13 04:00:00,215.48486375074165
2008-02-13 05:00:00,217.04872829920382
2008-02-13 06:00:00,218.45119367904755
2008-02-13 07:00:00,217.49711012619295
2008-02-13 08:00:00,206.60655701374975
2008-02-13 09:00:00,190.22496991283262
2008-02-13 10:00:00,173.5105665140846
2008-02-13 11:00:00,159.29859951724646
2008-02-13 12:00:00,148.00839275752665
2008-02-13 13:00:00,139.42328033407145
2008-02-13 14:00:00,135.78869380743805
2008-02-13 15:00:00,138.24999092068916
2008-02-13 16:00:00,149.8522745538137
2008-02-13 17:00:00,165.15166907987523
2008-02-13 18:00:00,176.8957772073202
2008-02-13 19:00:00,185.01886241954344
2008-02-13 20:00:00,190.32661251282047
2008-02-13 21:00:00,195.8498495207459
2008-02-13 22:00:00,198.9865766673321
2008-02-13 23:00:00,202.75409567141458
2008-02-14 00:00:00,206.48894575196817
2008-02-14 01:00:00,209.13826395846544
2008-02-14 02:00:00,212.19558811718034
2008-02-14 03:00:00,216.16390670056984
2008-02-14 04:00:00,217.93003735181279
2008-02-14 05:00:00,220.3655219444512
2008-02-14 06:00:00,220.93900451858386
2008-02-14 07:00:00,220.6365956866488
2008-02-14 08:00:00,210.03763705403654
2008-02-14 09:00:00,195.8133237641521
2008-02-14 10:00:00,180.33559280894738
2008-02-14 11:00:00,165.89347887048822
2008-02-14 12:00:00,153.40673255910613
2008-02-14 13:00:00,142.9148219505093
2008-02-14 14:00:00,137.75796673917765
2008-02-14 15:00:00,140.0894372466299
2008-02-14 16:00:00,151.89577544920064
2008-02-14 17:00:00,170.69083170009722
2008-02-14 18:00:00,181.9632232652866
2008-02-14 19:00:00,190.43836860865008
2008-02-14 20:00:00,195.40656538556803
2008-02-14 21:00:00,199.16990169217638
2008-02-14 22:00:00,202.69499859467268
2008-02-14 23:00:00,205.20757339879998
2008-02-15 00:00:00,208.378758273227
2008-02-15 01:00:00,211.08290728812005
2008-02-15 02:00:00,213.1944956499456
2008-02-15 03:00:00,215.1963176780594
2008-02-15 04:00:00,215.69496841247488
2008-02-15 05:00:00,215.44451023934673
2008-02-15 06:00:00,213.94068757178488
2008-02-15 07:00:00,212.56440950086238
2008-02-15 08:00:00,207.19255836159226
2008-02-15 09:00:00,200.42215323108118
2008-02-15 10:00:00,194.90334671357164
2008-02-15 11:00:00,191.75508445295185
2008-02-15 12:00:00,188.6614992785739
2008-02-15 13:00:00,187.6217812821052
2008-02-15 14:00:00,187.38383000214046
2008-02-15 15:00:00,188.88371174505207
2008-02-15 16:00:00,190.96020602122175
2008-02-15 17:00:00,192.93571463716796
2008-02-15 18:00:00,194.0434621496127
2008-02-15 19:00:00,195.49436200529342
2008-02-15 20:00:00,196.11697839116923
2008-02-15 21:00:00,196.97491969978864
2008-02-15 22:00:00,198.25368865519494
2008-02-15 23:00:00,199.48960280031298
2008-02-16 00:00:00,201.8293849832464
2008-02-16 01:00:00,203.83508406650222
2008-02-16 02:00:00,205.8669356621598
2008-02-16 03:00:00,209.34260207066356
2008-02-16 04:00:00,216.40099384019524
2008-02-16 05:00:00,220.10723966318628
2008-02-16 06:00:00,222.93644262103294
2008-02-16 07:00:00,223.32768661977715
2008-02-16 08:00:00,217.15519564985834
2008-02-16 09:00:00,206.5415296148107
2008-02-16 10:00:00,196.18101703461582
2008-02-16 11:00:00,185.92365839268368
2008-02-16 12:00:00,176.21626212507184
2008-02-16 13:00:00,168.27401489107524
2008-02-16 14:00:00,164.92555168828133
2008-02-16 15:00:00,166.49018068240602
2008-02-16 16:00:00,173.54097055428048
2008-02-16 17:00:00,183.39607566711737
2008-02-16 18:00:00,191.36525328275567
2008-02-16 19:00:00,198.2001630347141
2008-02-16 20:00:00,202.4714855463585
2008-02-16 21:00:00,206.37667212133368
2008-02-16 22:00:00,210.257110751472
2008-02-16 23:00:00,215.047655701034
2008-02-17 00:00:00,218.02800601947328
2008-02-17 01:00:00,221.4302001821217
2008-02-17 02:00:00,225.53098309628223
2008-02-17 03:00:00,230.11861358784844
2008-02-17 04:00:00,233.30532317012384
2008-02-17 05:00:00,236.38399512603166
2008-02-17 06:00:00,239.24216755467438
2008-02-17 07:00:00,237.83239113148363
2008-02-17 08:00:00,226.60584879234457
2008-02-17 09:00:00,213.09309979329845
2008-02-17 10:00:00,199.84906207534598
2008-02-17 11:00:00,187.045543782643
2008-02-17 12:00:00,174.92747437688618
2008-02-17 13:00:00,165.93419858447544
2008-02-17 14:00:00,159.88992767842436
2008-02-17 15:00:00,159.0071022654184
2008-02-17 16:00:00,166.84830708155027
2008-02-17 17:00:00,181.50263667755794
2008-02-17 18:00:00,193.08240921799538
2008-02-17 19:00:00,199.08468963730954
2008-02-17 20:00:00,203.85502956804822
2008-02-17 21:00:00,207.84954228553994
2008-02-17 22:00:00,212.35819938849096
2008-02-17 23:00:00,215.25938516765348
2008-02-18 00:00:00,218.26072640967584
2008-02-18 01:00:00,221.5355602340208
2008-02-18 02:00:00,225.06128835043145
2008-02-18 03:00:00,227.81825329893402
2008-02-18 04:00:00,230.70702076417055
2008-02-18 05:00:00,233.22414496064866
2008-02-18 06:00:00,233.98842853478266
2008-02-18 07:00:00,230.8090386847463
2008-02-18 08:00:00,217.00344647714184
2008-02-18 09:00:00,199.07834733118304
2008-02-18 10:00:00,180.25411948259458
2008-02-18 11:00:00,162.8584748714181
2008-02-18 12:00:00,149.62666537800538
2008-02-18 13:00:00,139.55319892779758
2008-02-18 14:00:00,133.9510147016646
2008-02-18 15:00:00,134.23137876821247
2008-02-18 16:00:00,144.10049797239853
2008-02-18 17:00:00,162.95594690913873
2008-02-18 18:00:00,178.76998250482666
2008-02-18 19:00:00,189.12315272687383
2008-02-18 20:00:00,195.23173672151276
2008-02-18 21:00:00,200.46092828377974
2008-02-18 22:00:00,204.80978675359796
2008-02-18 23:00:00,208.61224228970926
2008-02-19 00:00:00,212.06945044553916
2008-02-19 01:00:00,216.75524983356152
2008-02-19 02:00:00,219.38410466840517
2008-02-19 03:00:00,221.76967776840112
2008-02-19 04:00:00,223.77304826989058
2008-02-19 05:00:00,225.66503066425162
2008-02-19 06:00:00,226.56095848290184
2008-02-19 07:00:00,223.65806960864904
2008-02-19 08:00:00,207.72180652155782
2008-02-19 09:00:00,187.9131174511146
2008-02-19 10:00:00,168.1650427048582
2008-02-19 11:00:00,150.73175078697804
2008-02-19 12:00:00,138.73477490644586
2008-02-19 13:00:00,129.06733905739617
2008-02-19 14:00:00,123.7302862714882
2008-02-19 15:00:00,124.08672593047761
2008-02-19 16:00:00,135.65900382945463
2008-02-19 17:00:00,153.60932264326811
2008-02-19 18:00:00,168.13670327885754
2008-02-19 19:00:00,178.0924588041054
2008-02-19 20:00:00,182.97145986050384
2008-02-19 21:00:00,187.3729070427672
2008-02-19 22:00:00,191.8024545293798
2008-02-19 23:00:00,195.57749060331636
2008-02-20 00:00:00,199.62677247496612
2008-02-20 01:00:00,202.51748427118568
2008-02-20 02:00:00,203.6133073223139
2008-02-20 03:00:00,206.13425537965082
2008-02-20 04:00:00,208.3045716489957
2008-02-20 05:00:00,210.02603429539064
2008-02-20 06:00:00,209.83606916405515
2008-02-20 07:00:00,205.73536303103145
2008-02-20 08:00:00,191.87228204140933
2008-02-20 09:00:00,172.62920708492817
2008-02-20 10:00:00,152.71200249024992
2008-02-20 11:00:00,135.65718320454434
2008-02-20 12:00:00,124.93918186247528
2008-02-20 13:00:00,120.86585656944804
2008-02-20 14:00:00,123.55820933287045
2008-02-20 15:00:00,128.26676065587876
2008-02-20 16:00:00,135.11880690016724
2008-02-20 17:00:00,142.01637972403094
2008-02-20 18:00:00,145.897261993559
2008-02-20 19:00:00,148.54912151833616
2008-02-20 20:00:00,149.7109516370986
2008-02-20 21:00:00,150.70311793360958
2008-02-20 22:00:00,151.29768396702946
2008-02-20 23:00:00,152.19284299983335
2008-02-21 00:00:00,153.04612191573602
2008-02-21 01:00:00,153.36215839511746
2008-02-21 02:00:00,153.60330149311568
2008-02-21 03:00:00,153.33356224539494
2008-02-21 04:00:00,153.63608956386477
2008-02-21 05:00:00,153.55825341826946
2008-02-21 06:00:00,152.890160308167
2008-02-21 07:00:00,151.10635639015092
2008-02-21 08:00:00,146.972623726662
2008-02-21 09:00:00,141.1170916362768
2008-02-21 10:00:00,136.38424299530502
2008-02-21 11:00:00,130.34712600276328
2008-02-21 12:00:00,122.81346601562187
2008-02-21 13:00:00,120.9166410313043
2008-02-21 14:00:00,119.57362971082834
2008-02-21 15:00:00,119.86441466436563
2008-02-21 16:00:00,122.96727427943124
2008-02-21 17:00:00,126.17339372309324
2008-02-21 18:00:00,129.81914700404133
2008-02-21 19:00:00,132.5098271041879
2008-02-21 20:00:00,136.33818887028752
2008-02-21 21:00:00,140.61588180865445
2008-02-21 22:00:00,145.49244190037163
2008-02-21 23:00:00,149.67392274649595
2008-02-22 00:00:00,152.89312349344564
2008-02-22 01:00:00,156.15858804705192
2008-02-22 02:00:00,159.51724994994865
2008-02-22 03:00:00,160.4987857396398
2008-02-22 04:00:00,160.66891069390937
2008-02-22 05:00:00,161.01314536750687
2008-02-22 06:00:00,160.82556704625327
2008-02-22 07:00:00,158.54994806429653
2008-02-22 08:00:00,150.12022840025185
2008-02-22 09:00:00,136.74201011416187
2008-02-22 10:00:00,123.36799166020667
2008-02-22 11:00:00,109.54648934124884
2008-02-22 12:00:00,94.30158583853459
2008-02-22 13:00:00,79.24724936312576
2008-02-22 14:00:00,73.05074649894496
2008-02-22 15:00:00,73.998492927474
2008-02-22 16:00:00,88.68529063020382
2008-02-22 17:00:00,105.61571026234022
2008-02-22 18:00:00,117.75533448366203
2008-02-22 19:00:00,122.81781925895743
2008-02-22 20:00:00,126.85682586114058
2008-02-22 21:00:00,128.69206187381175
2008-02-22 22:00:00,130.0373098532438
2008-02-22 23:00:00,129.80145261287316
2008-02-23 00:00:00,131.09708184720938
2008-02-23 01:00:00,133.42061282571714
2008-02-23 02:00:00,135.825144780538
2008-02-23 03:00:00,137.53068434267715
2008-02-23 04:00:00,138.94316292916596
2008-02-23 05:00:00,140.45394215337683
2008-02-23 06:00:00,142.69906902477558
2008-02-23 07:00:00,141.22643508481065
2008-02-23 08:00:00,131.28586161687073
2008-02-23 09:00:00,115.93883417763232
2008-02-23 10:00:00,98.33223019326665
2008-02-23 11:00:00,76.45148565636639
2008-02-23 12:00:00,60.27266282609338
2008-02-23 13:00:00,44.93838479040694
2008-02-23 14:00:00,37.7196346351618
2008-02-23 15:00:00,38.87275854421303
2008-02-23 16:00:00,48.72917310806157
2008-02-23 17:00:00,88.37214825463077
2008-02-23 18:00:00,108.77309529993738
2008-02-23 19:00:00,123.957149223409
2008-02-23 20:00:00,132.1865199056488
2008-02-23 21:00:00,138.2830974631313
2008-02-23 22:00:00,142.00049763972626
2008-02-23 23:00:00,146.3059746812022
2008-02-24 00:00:00,149.0179854219158
2008-02-24 01:00:00,153.877908834431
2008-02-24 02:00:00,159.78041073704568
2008-02-24 03:00:00,161.084082786642
2008-02-24 04:00:00,162.59319943058514
2008-02-24 05:00:00,165.17708059455654
2008-02-24 06:00:00,167.60634444119682
2008-02-24 07:00:00,164.5336429885952
2008-02-24 08:00:00,147.0101490339219
2008-02-24 09:00:00,124.17236819964515
2008-02-24 10:00:00,99.78603758051511
2008-02-24 11:00:00,65.86820300616091
2008-02-24 12:00:00,35.60449368247124
2008-02-24 13:00:00,21.463486154878904
2008-02-24 14:00:00,14.445043350847124
2008-02-24 15:00:00,16.390157271153143
2008-02-24 16:00:00,30.914748973082535
2008-02-24 17:00:00,66.97554354567778
2008-02-24 18:00:00,89.1693662852539
2008-02-24 19:00:00,109.62873582356416
2008-02-24 20:00:00,120.152662379689
2008-02-24 21:00:00,126.51557474862678
2008-02-24 22:00:00,133.32322455702445
2008-02-24 23:00:00,139.74086667007654
2008-02-25 00:00:00,143.59122539359652
2008-02-25 01:00:00,146.85256219176802
2008-02-25 02:00:00,150.81571526795076
2008-02-25 03:00:00,154.62595074461524
2008-02-25 04:00:00,157.76460131681515
2008-02-25 05:00:00,158.64621853162754
2008-02-25 06:00:00,156.89595349606506
2008-02-25 07:00:00,151.89341059787
2008-02-25 08:00:00,136.82503798742138
2008-02-25 09:00:00,119.9243180223497
2008-02-25 10:00:00,104.57037250885169
2008-02-25 11:00:00,84.04246552008185
2008-02-25 12:00:00,69.20574882958766
2008-02-25 13:00:00,59.77289137729429
2008-02-25 14:00:00,53.207152525335985
2008-02-25 15:00:00,55.99526244707427
2008-02-25 16:00:00,69.09723136050583
2008-02-25 17:00:00,93.98262721707528
2008-02-25 18:00:00,115.49817963272743
2008-02-25 19:00:00,128.09449459148576
2008-02-25 20:00:00,135.8352999695427
2008-02-25 21:00:00,142.2614666055018
2008-02-25 22:00:00,146.846766495949
2008-02-25 23:00:00,152.41164362822138
2008-02-26 00:00:00,155.55026387700505
2008-02-26 01:00:00,159.20119439195045
2008-02-26 02:00:00,161.647879533912
2008-02-26 03:00:00,163.32275515577942
2008-02-26 04:00:00,164.73049215563114
2008-02-26 05:00:00,166.82457880782735
2008-02-26 06:00:00,165.84985073458134
2008-02-26 07:00:00,159.33212883625364
2008-02-26 08:00:00,144.1116114479267
2008-02-26 09:00:00,123.79642420756373
2008-02-26 10:00:00,98.80090404277098
2008-02-26 11:00:00,68.2213245615542
2008-02-26 12:00:00,54.85469533562078
2008-02-26 13:00:00,44.157026483773286
2008-02-26 14:00:00,34.822041856859286
2008-02-26 15:00:00,37.77867213985727
2008-02-26 16:00:00,54.397538856113314
2008-02-26 17:00:00,61.70208399013531
2008-02-26 18:00:00,77.54097118379765
2008-02-26 19:00:00,87.5405542704482
2008-02-26 20:00:00,97.90489872068324
2008-02-26 21:00:00,108.21126120182254
2008-02-26 22:00:00,110.57286863652801
2008-02-26 23:00:00,111.63383538317419
2008-02-27 00:00:00,113.49065494485936
2008-02-27 01:00:00,114.0831711990102
2008-02-27 02:00:00,115.64381748322494
2008-02-27 03:00:00,118.67822058138987
2008-02-27 04:00:00,123.64417094807769
2008-02-27 05:00:00,128.79145178376095
2008-02-27 06:00:00,131.82551166043646
2008-02-27 07:00:00,132.0990189745255
2008-02-27 08:00:00,128.71399831928053
2008-02-27 09:00:00,123.89288168856869
2008-02-27 10:00:00,116.94039415327498
2008-02-27 11:00:00,112.80407297541832
2008-02-27 12:00:00,110.14120462929834
2008-02-27 13:00:00,108.83840017933841
2008-02-27 14:00:00,108.3705399526403
2008-02-27 15:00:00,110.59332003742983
2008-02-27 16:00:00,114.59678643826454
2008-02-27 17:00:00,120.50591166432199
2008-02-27 18:00:00,126.75421300324734
2008-02-27 19:00:00,131.526756504377
2008-02-27 20:00:00,136.54893270986233
2008-02-27 21:00:00,140.21443497750917
2008-02-27 22:00:00,142.62002947535154
2008-02-27 23:00:00,144.99101013496679
2008-02-28 00:00:00,147.37876505309288
2008-02-28 01:00:00,149.65805353819536
2008-02-28 02:00:00,152.41159887334652
2008-02-28 03:00:00,156.19951009878076
2008-02-28 04:00:00,161.76534120651525
2008-02-28 05:00:00,166.38427661416853
2008-02-28 06:00:00,170.60449908838163
2008-02-28 07:00:00,166.17143909091251
2008-02-28 08:00:00,151.49022219766113
2008-02-28 09:00:00,135.53545400794405
2008-02-28 10:00:00,120.70454820610342
2008-02-28 11:00:00,110.33007978274784
2008-02-28 12:00:00,103.52655165960398
2008-02-28 13:00:00,100.96977758437626
2008-02-28 14:00:00,97.74063345355589
2008-02-28 15:00:00,100.87158917407208
2008-02-28 16:00:00,104.84397358324738
2008-02-28 17:00:00,110.12327494746239
2008-02-28 18:00:00,113.21952161988685
2008-02-28 19:00:00,116.23577998530632
2008-02-28 20:00:00,117.35210385954701
2008-02-28 21:00:00,118.49347256985112
2008-02-28 22:00:00,118.79697030558164
2008-02-28 23:00:00,119.77351193992216
2008-02-29 00:00:00,120.0105609720982
2008-02-29 01:00:00,120.77609084343
2008-02-29 02:00:00,121.3659536905629
2008-02-29 03:00:00,121.56824739681231
2008-02-29 04:00:00,121.83105721803855
2008-02-29 05:00:00,122.10989384545208
2008-02-29 06:00:00,122.31383175047881
2008-02-29 07:00:00,120.25584724744165
2008-02-29 08:00:00,117.3535606203923
2008-02-29 09:00:00,113.14369884359924
2008-02-29 10:00:00,108.78942816883378
2008-02-29 11:00:00,101.86518813091858
2008-02-29 12:00:00,92.18059516184117
2008-02-29 13:00:00,88.81771922496327
2008-02-29 14:00:00,80.75386940192165
2008-02-29 15:00:00,81.47551577667228
2008-02-29 16:00:00,82.66357797070474
2008-02-29 17:00:00,88.4281413042226
2008-02-29 18:00:00,91.62440871779476
2008-02-29 19:00:00,88.77991909911084
2008-02-29 20:00:00,89.39296834487713
2008-02-29 21:00:00,91.32612455717289
2008-02-29 22:00:00,88.10206296682863
2008-02-29 23:00:00,91.93330695128883
2008-03-01 00:00:00,90.60327383516126
2008-03-01 01:00:00,94.92510204490475
2008-03-01 02:00:00,94.67608812985117
2008-03-01 03:00:00,97.21171861488592
2008-03-01 04:00:00,104.74786066465825
2008-03-01 05:00:00,105.43747215170376
2008-03-01 06:00:00,101.93935045094199
2008-03-01 07:00:00,101.56051449315112
2008-03-01 08:00:00,98.67404193643777
2008-03-01 09:00:00,94.87705828941907
2008-03-01 10:00:00,86.43775070920447
2008-03-01 11:00:00,92.77985316196332
2008-03-01 12:00:00,93.17267035919066
2008-03-01 13:00:00,84.2525536083078
2008-03-01 14:00:00,76.7516101449009
2008-03-01 15:00:00,76.74100773000812
2008-03-01 16:00:00,81.47368882235602
2008-03-01 17:00:00,85.06073992867017
2008-03-01 18:00:00,94.64426969926994
2008-03-01 19:00:00,97.2495461826938
2008-03-01 20:00:00,101.06497526075549
2008-03-01 21:00:00,102.07651493046012
2008-03-01 22:00:00,103.40985107220558
2008-03-01 23:00:00,104.81539518484912
2008-03-02 00:00:00,104.84495539375642
2008-03-02 01:00:00,107.1266878725903
2008-03-02 02:00:00,108.58649232246601
2008-03-02 03:00:00,109.74781091736212
2008-03-02 04:00:00,111.3613720367556
2008-03-02 05:00:00,112.97814598318547
2008-03-02 06:00:00,110.7872967608012
2008-03-02 07:00:00,107.0178769562414
2008-03-02 08:00:00,102.29154688965261
2008-03-02 09:00:00,95.27251179548605
2008-03-02 10:00:00,82.51911708333097
2008-03-02 11:00:00,66.65808702155122
2008-03-02 12:00:00,54.706623308287135
2008-03-02 13:00:00,47.17679341184143
2008-03-02 14:00:00,43.982158339493814
2008-03-02 15:00:00,43.53741320872433
2008-03-02 16:00:00,49.57807465884256
2008-03-02 17:00:00,66.14940688019357
2008-03-02 18:00:00,81.32075589300194
2008-03-02 19:00:00,96.75243423877285
2008-03-02 20:00:00,103.65957162613543
2008-03-02 21:00:00,106.5410298095831
2008-03-02 22:00:00,110.84164403189816
2008-03-02 23:00:00,116.7020281557013
2008-03-03 00:00:00,125.64751232280155
2008-03-03 01:00:00,128.66912160656955
2008-03-03 02:00:00,129.9925364862032
2008-03-03 03:00:00,130.4903624026357
2008-03-03 04:00:00,129.66663518575803
2008-03-03 05:00:00,127.61679536153775
2008-03-03 06:00:00,125.59207184520508
2008-03-03 07:00:00,121.02520954336312
2008-03-03 08:00:00,113.14166619707933
2008-03-03 09:00:00,102.685282384546
2008-03-03 10:00:00,89.1304261515736
2008-03-03 11:00:00,80.54240831312612
2008-03-03 12:00:00,76.93019898840319
2008-03-03 13:00:00,83.22578284797119
2008-03-03 14:00:00,82.32349976012586
2008-03-03 15:00:00,94.1212547090183
2008-03-03 16:00:00,108.73693203305447
2008-03-03 17:00:00,124.24439849657612
2008-03-03 18:00:00,143.80748599351327
2008-03-03 19:00:00,153.34645723025454
2008-03-03 20:00:00,158.7661168031284
2008-03-03 21:00:00,161.5910632896687
2008-03-03 22:00:00,164.48728016828667
2008-03-03 23:00:00,167.36689730640654
2008-03-04 00:00:00,170.6427633417674
2008-03-04 01:00:00,174.06117219305085
2008-03-04 02:00:00,177.14805663599572
2008-03-04 03:00:00,179.15233440853635
2008-03-04 04:00:00,180.45408116212138
2008-03-04 05:00:00,182.3193670742011
2008-03-04 06:00:00,184.98895145523647
2008-03-04 07:00:00,181.47914260224402
2008-03-04 08:00:00,176.87917499950268
2008-03-04 09:00:00,169.75091024591623
2008-03-04 10:00:00,164.72304995552463
2008-03-04 11:00:00,160.56434604013432
2008-03-04 12:00:00,155.55483227411708
2008-03-04 13:00:00,152.52380346069157
2008-03-04 14:00:00,154.33079202745964
2008-03-04 15:00:00,156.34773684766407
2008-03-04 16:00:00,161.92159519752707
2008-03-04 17:00:00,169.8427682071705
2008-03-04 18:00:00,176.7092255081885
2008-03-04 19:00:00,180.59700125676684
2008-03-04 20:00:00,183.55641573972548
2008-03-04 21:00:00,184.98555338991775
2008-03-04 22:00:00,187.01090903712173
2008-03-04 23:00:00,189.78206644361663
2008-03-05 00:00:00,190.78404731644363
2008-03-05 01:00:00,191.20138032638476
2008-03-05 02:00:00,191.9798821160691
2008-03-05 03:00:00,193.55589618766714
2008-03-05 04:00:00,194.88806076151508
2008-03-05 05:00:00,196.1532662242525
2008-03-05 06:00:00,197.63677772489294
2008-03-05 07:00:00,197.8949869076371
2008-03-05 08:00:00,196.610056318069
2008-03-05 09:00:00,193.48434543963052
2008-03-05 10:00:00,188.5691092786593
2008-03-05 11:00:00,183.62722727627963
2008-03-05 12:00:00,180.0035128574507
2008-03-05 13:00:00,180.62284736605466
2008-03-05 14:00:00,180.67794277356896
2008-03-05 15:00:00,182.76587438793877
2008-03-05 16:00:00,187.73728828823695
2008-03-05 17:00:00,195.269210067813
2008-03-05 18:00:00,200.97503495629763
2008-03-05 19:00:00,206.46677536027684
2008-03-05 20:00:00,210.8489242719282
2008-03-05 21:00:00,214.50885597258832
2008-03-05 22:00:00,217.41743972714386
2008-03-05 23:00:00,222.19440013583596
2008-03-06 00:00:00,226.2741527754895
2008-03-06 01:00:00,229.19541992877694
2008-03-06 02:00:00,232.34321722281408
2008-03-06 03:00:00,236.42007356292686
2008-03-06 04:00:00,239.11449327868965
2008-03-06 05:00:00,241.57151592341907
2008-03-06 06:00:00,243.02968440631398
2008-03-06 07:00:00,234.08803932384518
2008-03-06 08:00:00,220.1044212608768
2008-03-06 09:00:00,207.76987404359923
2008-03-06 10:00:00,196.12563610991435
2008-03-06 11:00:00,185.9631268181756
2008-03-06 12:00:00,177.87276855010214
2008-03-06 13:00:00,170.80191427183362
2008-03-06 14:00:00,166.87078270294975
2008-03-06 15:00:00,166.7041054176823
2008-03-06 16:00:00,170.09445536651876
2008-03-06 17:00:00,178.71132279640764
2008-03-06 18:00:00,188.623831360376
2008-03-06 19:00:00,197.39366614197448
2008-03-06 20:00:00,203.42287032477367
2008-03-06 21:00:00,207.2644950991804
2008-03-06 22:00:00,210.7603952322005
2008-03-06 23:00:00,212.17643027630976
2008-03-07 00:00:00,214.30227684697016
2008-03-07 01:00:00,216.5721592601974
2008-03-07 02:00:00,219.8423947777637
2008-03-07 03:00:00,222.19664029926145
2008-03-07 04:00:00,223.1756148956241
2008-03-07 05:00:00,223.2649662919236
2008-03-07 06:00:00,223.43069948307308
2008-03-07 07:00:00,218.03160141951946
2008-03-07 08:00:00,208.74049552919706
2008-03-07 09:00:00,199.6924150049712
2008-03-07 10:00:00,190.4223626875229
2008-03-07 11:00:00,181.38551905958803
2008-03-07 12:00:00,174.25739276257
2008-03-07 13:00:00,168.65296482752615
2008-03-07 14:00:00,164.19961570372837
2008-03-07 15:00:00,163.47685635751685
2008-03-07 16:00:00,166.86099247928612
2008-03-07 17:00:00,171.75451467423784
2008-03-07 18:00:00,176.57563896539625
2008-03-07 19:00:00,181.53142843992734
2008-03-07 20:00:00,184.14502806747598
2008-03-07 21:00:00,185.971014880193
2008-03-07 22:00:00,186.45922910494062
2008-03-07 23:00:00,185.68410154779534
2008-03-08 00:00:00,185.42660668629068
2008-03-08 01:00:00,184.73199035080322
2008-03-08 02:00:00,185.50314786660633
2008-03-08 03:00:00,186.0707663966461
2008-03-08 04:00:00,186.4815851445106
2008-03-08 05:00:00,187.78450723104356
2008-03-08 06:00:00,188.69822442374414
2008-03-08 07:00:00,185.92378963728822
2008-03-08 08:00:00,179.9595613470284
2008-03-08 09:00:00,172.44505962482157
2008-03-08 10:00:00,163.53253702822138
2008-03-08 11:00:00,154.07628096604873
2008-03-08 12:00:00,144.55445885494444
2008-03-08 13:00:00,137.95045554357935
2008-03-08 14:00:00,132.78898791017826
2008-03-08 15:00:00,131.73855015297866
2008-03-08 16:00:00,134.9035303579402
2008-03-08 17:00:00,142.3290738410656
2008-03-08 18:00:00,150.33482759464
2008-03-08 19:00:00,157.6105905899812
2008-03-08 20:00:00,165.46423273826574
2008-03-08 21:00:00,172.75706983573994
2008-03-08 22:00:00,178.68383055626325
2008-03-08 23:00:00,182.91955864234689
2008-03-09 00:00:00,186.60507165749866
2008-03-09 01:00:00,190.73580815729954
2008-03-09 02:00:00,193.61671369055955
2008-03-09 03:00:00,195.0822760593806
2008-03-09 04:00:00,196.42431409399717
2008-03-09 05:00:00,198.0034737516499
2008-03-09 06:00:00,199.81100736881552
2008-03-09 07:00:00,193.7120253301474
2008-03-09 08:00:00,180.5254991153778
2008-03-09 09:00:00,164.23282140677804
2008-03-09 10:00:00,146.2266413191045
2008-03-09 11:00:00,130.47851433073583
2008-03-09 12:00:00,118.14363410469383
2008-03-09 13:00:00,111.09055291800671
2008-03-09 14:00:00,106.47563504159666
2008-03-09 15:00:00,106.8579123020573
2008-03-09 16:00:00,110.75480148797949
2008-03-09 17:00:00,119.23666866949902
2008-03-09 18:00:00,127.74406965130224
2008-03-09 19:00:00,130.12651141241102
2008-03-09 20:00:00,129.64493397833988
2008-03-09 21:00:00,131.06904207793744
2008-03-09 22:00:00,133.73853139919785
2008-03-09 23:00:00,137.05056894652293
2008-03-10 00:00:00,140.6699875000199
2008-03-10 01:00:00,143.91362592227316
2008-03-10 02:00:00,148.82900281235396
2008-03-10 03:00:00,154.67261652974747
2008-03-10 04:00:00,157.7838978063255
2008-03-10 05:00:00,158.72417603853333
2008-03-10 06:00:00,157.9036727222421
2008-03-10 07:00:00,152.4031218315491
2008-03-10 08:00:00,140.03314739612378
2008-03-10 09:00:00,129.4877327632647
2008-03-10 10:00:00,119.96214642869396
2008-03-10 11:00:00,113.90611209343281
2008-03-10 12:00:00,111.27980859112854
2008-03-10 13:00:00,110.54894781186472
2008-03-10 14:00:00,110.2359474645283
2008-03-10 15:00:00,110.87157014677243
2008-03-10 16:00:00,116.37367077470171
2008-03-10 17:00:00,122.42479647646566
2008-03-10 18:00:00,128.78408281342644
2008-03-10 19:00:00,132.75636343471825
2008-03-10 20:00:00,134.5019353646
2008-03-10 21:00:00,137.34745175706547
2008-03-10 22:00:00,139.17741497187725
2008-03-10 23:00:00,140.70857944757603
2008-03-11 00:00:00,141.87934296058415
2008-03-11 01:00:00,143.7292540797017
2008-03-11 02:00:00,144.08189243623647
2008-03-11 03:00:00,144.28416432772485
2008-03-11 04:00:00,145.30424092025703
2008-03-11 05:00:00,147.48735751764494
2008-03-11 06:00:00,149.19806827578373
2008-03-11 07:00:00,148.68366765286308
2008-03-11 08:00:00,144.05348763640743
2008-03-11 09:00:00,136.53239941625242
2008-03-11 10:00:00,130.01469759741394
2008-03-11 11:00:00,123.77017486456268
2008-03-11 12:00:00,117.98650273086406
2008-03-11 13:00:00,113.59696629218828
2008-03-11 14:00:00,113.66937285516762
2008-03-11 15:00:00,116.3566293905945
2008-03-11 16:00:00,121.5472706348857
2008-03-11 17:00:00,127.78667547818515
2008-03-11 18:00:00,132.87273862163389
2008-03-11 19:00:00,133.71237422423226
2008-03-11 20:00:00,128.09864829949154
2008-03-11 21:00:00,124.4230938018917
2008-03-11 22:00:00,117.50599718592643
2008-03-11 23:00:00,120.5486867420487
2008-03-12 00:00:00,119.71245929749202
2008-03-12 01:00:00,113.76116241875523
2008-03-12 02:00:00,106.6056822289967
2008-03-12 03:00:00,97.25268277306903
2008-03-12 04:00:00,94.55403709321038
2008-03-12 05:00:00,94.44294224893812
2008-03-12 06:00:00,95.85145783912097
2008-03-12 07:00:00,94.72873528384139
2008-03-12 08:00:00,92.04563523049009
2008-03-12 09:00:00,94.25694647545903
2008-03-12 10:00:00,94.41765424324427
2008-03-12 11:00:00,97.15905465905485
2008-03-12 12:00:00,97.77764035514033
2008-03-12 13:00:00,98.89205508604562
2008-03-12 14:00:00,98.54997551447316
2008-03-12 15:00:00,102.15583713057615
2008-03-12 16:00:00,110.10718630520465
2008-03-12 17:00:00,121.61973060104216
2008-03-12 18:00:00,128.85021839008473
2008-03-12 19:00:00,133.48174713286124
2008-03-12 20:00:00,135.07779426632592
2008-03-12 21:00:00,136.33572514814585
2008-03-12 22:00:00,139.32865531524035
2008-03-12 23:00:00,141.20345625322344
2008-03-13 00:00:00,142.03184452570764
2008-03-13 01:00:00,144.10438783370728
2008-03-13 02:00:00,145.9739713272412
2008-03-13 03:00:00,147.51745146920723
2008-03-13 04:00:00,148.097990857619
2008-03-13 05:00:00,148.62923140432633
2008-03-13 06:00:00,147.89570219522534
2008-03-13 07:00:00,145.98008164817966
2008-03-13 08:00:00,139.19394802913524
2008-03-13 09:00:00,132.35328042478233
2008-03-13 10:00:00,126.01596925247101
2008-03-13 11:00:00,120.04003685470622
2008-03-13 12:00:00,115.93626930624193
2008-03-13 13:00:00,113.31345614663454
2008-03-13 14:00:00,110.46186477032093
2008-03-13 15:00:00,112.71081865801253
2008-03-13 16:00:00,116.43426042331961
2008-03-13 17:00:00,121.03837753469969
2008-03-13 18:00:00,124.29447975878996
2008-03-13 19:00:00,127.9340173389803
2008-03-13 20:00:00,130.01233393663108
2008-03-13 21:00:00,131.83717307433537
2008-03-13 22:00:00,132.49426610338867
2008-03-13 23:00:00,133.5642606232852
2008-03-14 00:00:00,134.87477409169423
2008-03-14 01:00:00,135.3631048353113
2008-03-14 02:00:00,138.36270118611165
2008-03-14 03:00:00,139.1858120472637
2008-03-14 04:00:00,137.81884994867363
2008-03-14 05:00:00,133.8589056374634
2008-03-14 06:00:00,131.05806598662983
2008-03-14 07:00:00,126.66477468283031
2008-03-14 08:00:00,118.86971960373867
2008-03-14 09:00:00,104.49695403499007
2008-03-14 10:00:00,90.42760041477145
2008-03-14 11:00:00,70.52355050866034
2008-03-14 12:00:00,48.008199726086815
2008-03-14 13:00:00,39.42188595721721
2008-03-14 14:00:00,40.36216976642064
2008-03-14 15:00:00,38.384718297112556
2008-03-14 16:00:00,50.6625573764678
2008-03-14 17:00:00,60.60552007542053
2008-03-14 18:00:00,81.55800948854699
2008-03-14 19:00:00,96.60649818989366
2008-03-14 20:00:00,110.4274107888834
2008-03-14 21:00:00,119.81572027603673
2008-03-14 22:00:00,126.24856362043043
2008-03-14 23:00:00,132.07340981970003
2008-03-15 00:00:00,133.23972219312458
2008-03-15 01:00:00,138.65822078921116
2008-03-15 02:00:00,143.87582797446726
2008-03-15 03:00:00,147.6365777152701
2008-03-15 04:00:00,150.31050630067287
2008-03-15 05:00:00,154.1350726739749
2008-03-15 06:00:00,153.64936139411338
2008-03-15 07:00:00,141.4844698822506
2008-03-15 08:00:00,123.63426072365763
2008-03-15 09:00:00,104.19579867189582
2008-03-15 10:00:00,77.55931922920706
2008-03-15 11:00:00,48.20645579472894
2008-03-15 12:00:00,31.050504490793834
2008-03-15 13:00:00,20.10459618292272
2008-03-15 14:00:00,15.924131379621423
2008-03-15 15:00:00,11.519231167275208
2008-03-15 16:00:00,20.49290375228021
2008-03-15 17:00:00,40.78810627160669
2008-03-15 18:00:00,67.36880947665475
2008-03-15 19:00:00,81.24181214857683
2008-03-15 20:00:00,85.90423403990695
2008-03-15 21:00:00,88.00945763785458
2008-03-15 22:00:00,83.21526721571982
2008-03-15 23:00:00,88.0168978145756
2008-03-16 00:00:00,101.2043419841432
2008-03-16 01:00:00,111.8163813407563
2008-03-16 02:00:00,115.0956957727493
2008-03-16 03:00:00,119.4049584759261
2008-03-16 04:00:00,120.6237901606103
2008-03-16 05:00:00,119.7527105592695
2008-03-16 06:00:00,121.81530416206142
2008-03-16 07:00:00,119.42516300701641
2008-03-16 08:00:00,112.06806401951836
2008-03-16 09:00:00,101.15952399883743
2008-03-16 10:00:00,94.92466958815147
2008-03-16 11:00:00,84.18136540075204
2008-03-16 12:00:00,86.73504410819758
2008-03-16 13:00:00,94.94545795572304
2008-03-16 14:00:00,102.98685141898248
2008-03-16 15:00:00,104.9573914990309
2008-03-16 16:00:00,111.98565115491571
2008-03-16 17:00:00,121.10428468521374
2008-03-16 18:00:00,127.60990033049788
2008-03-16 19:00:00,132.5067662728843
2008-03-16 20:00:00,134.43767956664757
2008-03-16 21:00:00,134.64606495502284
2008-03-16 22:00:00,135.1881258554942
2008-03-16 23:00:00,136.3501989906686
2008-03-17 00:00:00,137.93383807190875
2008-03-17 01:00:00,138.38686951842803
2008-03-17 02:00:00,138.4720450923462
2008-03-17 03:00:00,138.75814754994207
2008-03-17 04:00:00,139.5654162319349
2008-03-17 05:00:00,140.5894280866186
2008-03-17 06:00:00,140.0360441307941
2008-03-17 07:00:00,138.35409947992366
2008-03-17 08:00:00,136.1365495396553
2008-03-17 09:00:00,134.37620923680478
2008-03-17 10:00:00,132.2918557494372
2008-03-17 11:00:00,131.76631203394257
2008-03-17 12:00:00,131.98758672655126
2008-03-17 13:00:00,133.38053211545733
2008-03-17 14:00:00,136.90236940663536
2008-03-17 15:00:00,139.0887772966476
2008-03-17 16:00:00,141.04647336711733
2008-03-17 17:00:00,144.84225829627013
2008-03-17 18:00:00,149.05131840984114
2008-03-17 19:00:00,152.43763298359906
2008-03-17 20:00:00,156.09228493558126
2008-03-17 21:00:00,158.65062363980184
2008-03-17 22:00:00,160.03355822301992
2008-03-17 23:00:00,162.9244761396445
2008-03-18 00:00:00,165.57887052239076
2008-03-18 01:00:00,168.03441192920852
2008-03-18 02:00:00,170.5981762398228
2008-03-18 03:00:00,173.23287281573224
2008-03-18 04:00:00,175.11193082215723
2008-03-18 05:00:00,177.15807926029592
2008-03-18 06:00:00,178.34074906296465
2008-03-18 07:00:00,174.99935701735166
2008-03-18 08:00:00,169.81101181603674
2008-03-18 09:00:00,163.98759520638964
2008-03-18 10:00:00,159.45757523658693
2008-03-18 11:00:00,155.7636457360428
2008-03-18 12:00:00,150.65001722908744
2008-03-18 13:00:00,148.23523618535796
2008-03-18 14:00:00,144.78544929851648
2008-03-18 15:00:00,146.10354106446758
2008-03-18 16:00:00,148.30021970243084
2008-03-18 17:00:00,156.41434233918537
2008-03-18 18:00:00,167.60242520266874
2008-03-18 19:00:00,176.4889485198224
2008-03-18 20:00:00,183.11743996934644
2008-03-18 21:00:00,187.2484495347566
2008-03-18 22:00:00,191.93650252528357
2008-03-18 23:00:00,196.36693242068873
2008-03-19 00:00:00,200.43174473218366
2008-03-19 01:00:00,203.8829465085086
2008-03-19 02:00:00,207.1804655711649
2008-03-19 03:00:00,210.1117461155837
2008-03-19 04:00:00,212.75350953729733
2008-03-19 05:00:00,214.66639289815336
2008-03-19 06:00:00,212.2198833215713
2008-03-19 07:00:00,201.49661262660084
2008-03-19 08:00:00,187.4136673620999
2008-03-19 09:00:00,173.7155532963679
2008-03-19 10:00:00,163.00036467486146
2008-03-19 11:00:00,157.620298483844
2008-03-19 12:00:00,154.6420550768541
2008-03-19 13:00:00,154.96622668037242
2008-03-19 14:00:00,154.54591715757095
2008-03-19 15:00:00,156.06635071832181
2008-03-19 16:00:00,158.81367650592637
2008-03-19 17:00:00,164.6056953861843
2008-03-19 18:00:00,170.51732827691492
2008-03-19 19:00:00,175.24648063986245
2008-03-19 20:00:00,180.0654679776396
2008-03-19 21:00:00,183.63493017564892
2008-03-19 22:00:00,186.5660668345471
2008-03-19 23:00:00,188.78384605513833
2008-03-20 00:00:00,191.49560066572096
2008-03-20 01:00:00,193.45768817488872
2008-03-20 02:00:00,196.62405226642034
2008-03-20 03:00:00,198.70665870953889
2008-03-20 04:00:00,200.36218862110871
2008-03-20 05:00:00,201.63386059122467
2008-03-20 06:00:00,200.93530296360376
2008-03-20 07:00:00,193.05184741260462
2008-03-20 08:00:00,183.13574074499536
2008-03-20 09:00:00,174.31087218887924
2008-03-20 10:00:00,167.8668744453193
2008-03-20 11:00:00,162.81843601296387
2008-03-20 12:00:00,158.26432742757171
2008-03-20 13:00:00,154.41532488322773
2008-03-20 14:00:00,154.08297708605525
2008-03-20 15:00:00,155.96189927452477
2008-03-20 16:00:00,159.34065231183692
2008-03-20 17:00:00,164.08315597646745
2008-03-20 18:00:00,169.2015038514595
2008-03-20 19:00:00,171.56102545158052
2008-03-20 20:00:00,172.35128535347081
2008-03-20 21:00:00,173.13197643371802
2008-03-20 22:00:00,174.36929308849577
2008-03-20 23:00:00,175.07288880662443
2008-03-21 00:00:00,177.30437068394045
2008-03-21 01:00:00,179.95649313155297
2008-03-21 02:00:00,181.39983467260387
2008-03-21 03:00:00,179.61890302318955
2008-03-21 04:00:00,179.49311981902312
2008-03-21 05:00:00,181.35086129579935
2008-03-21 06:00:00,181.12129554791082
2008-03-21 07:00:00,178.5510981306276
2008-03-21 08:00:00,175.8892617709582
2008-03-21 09:00:00,172.99568963341034
2008-03-21 10:00:00,169.5063050596304
2008-03-21 11:00:00,164.2223024977976
2008-03-21 12:00:00,162.85248134949632
2008-03-21 13:00:00,166.61520499529828
2008-03-21 14:00:00,172.3320261522476
2008-03-21 15:00:00,172.86748474584022
2008-03-21 16:00:00,172.80676082244355
2008-03-21 17:00:00,171.72388371795552
2008-03-21 18:00:00,172.6998194551677
2008-03-21 19:00:00,175.93194432709197
2008-03-21 20:00:00,180.8982357960791
2008-03-21 21:00:00,182.68567948832566
2008-03-21 22:00:00,182.91955239139983
2008-03-21 23:00:00,182.69839091334242
2008-03-22 00:00:00,184.17694402148734
2008-03-22 01:00:00,186.4249562683614
2008-03-22 02:00:00,186.9098593214187
2008-03-22 03:00:00,186.90884077197344
2008-03-22 04:00:00,188.30747312062073
2008-03-22 05:00:00,191.40403217048075
2008-03-22 06:00:00,190.10143216530204
2008-03-22 07:00:00,181.3490259105495
2008-03-22 08:00:00,170.7741775062545
2008-03-22 09:00:00,160.5831075504232
2008-03-22 10:00:00,154.1824663350833
2008-03-22 11:00:00,152.1587174556316
2008-03-22 12:00:00,149.54762868645003
2008-03-22 13:00:00,152.12064353612715
2008-03-22 14:00:00,155.59749367618622
2008-03-22 15:00:00,161.48561405906827
2008-03-22 16:00:00,169.33056076097316
2008-03-22 17:00:00,175.5533071929361
2008-03-22 18:00:00,180.9778742659796
2008-03-22 19:00:00,184.58027547652307
2008-03-22 20:00:00,187.37642178305472
2008-03-22 21:00:00,188.6825325558291
2008-03-22 22:00:00,190.89741935398027
2008-03-22 23:00:00,192.81974592138965
2008-03-23 00:00:00,194.87130331281597
2008-03-23 01:00:00,196.9166663409549
2008-03-23 02:00:00,197.04139836859596
2008-03-23 03:00:00,196.98438611233064
2008-03-23 04:00:00,196.56432369467535
2008-03-23 05:00:00,196.46620601946947
2008-03-23 06:00:00,197.0472945012768
2008-03-23 07:00:00,194.07497140801803
2008-03-23 08:00:00,189.0036238450638
2008-03-23 09:00:00,183.08454297097043
2008-03-23 10:00:00,177.63818676331
2008-03-23 11:00:00,175.7168921463685
2008-03-23 12:00:00,173.19463666369685
2008-03-23 13:00:00,177.7028840384185
2008-03-23 14:00:00,181.50363011694486
2008-03-23 15:00:00,184.28302319701638
2008-03-23 16:00:00,187.43538421708053
2008-03-23 17:00:00,190.87602849165032
2008-03-23 18:00:00,194.73512825348416
2008-03-23 19:00:00,197.63081341678384
2008-03-23 20:00:00,201.33140565814531
2008-03-23 21:00:00,204.62614126458993
2008-03-23 22:00:00,207.1147671083797
2008-03-23 23:00:00,210.73917204170718
2008-03-24 00:00:00,214.47561557927952
2008-03-24 01:00:00,218.77597343092134
2008-03-24 02:00:00,221.6164274988373
2008-03-24 03:00:00,226.2531514695492
2008-03-24 04:00:00,230.51493940247698
2008-03-24 05:00:00,234.32153928295372
2008-03-24 06:00:00,231.31555320090845
2008-03-24 07:00:00,221.3157024370304
2008-03-24 08:00:00,207.86500004593026
2008-03-24 09:00:00,194.52814188407316
2008-03-24 10:00:00,187.20957636963647
2008-03-24 11:00:00,185.42472702458397
2008-03-24 12:00:00,186.14546294189844
2008-03-24 13:00:00,186.79556312603913
2008-03-24 14:00:00,186.46642135394376
2008-03-24 15:00:00,187.25506436028687
2008-03-24 16:00:00,190.2325191863375
2008-03-24 17:00:00,192.4285954332165
2008-03-24 18:00:00,196.0994449479722
2008-03-24 19:00:00,197.4465152353321
2008-03-24 20:00:00,198.38758106974686
2008-03-24 21:00:00,198.35067591027385
2008-03-24 22:00:00,197.7795113871508
2008-03-24 23:00:00,197.95851151894826
2008-03-25 00:00:00,198.42327503986994
2008-03-25 01:00:00,198.16214137228215
2008-03-25 02:00:00,198.465561555771
2008-03-25 03:00:00,198.93419280159625
2008-03-25 04:00:00,201.60274107559863
2008-03-25 05:00:00,204.12783574714987
2008-03-25 06:00:00,204.77845383455127
2008-03-25 07:00:00,202.91262329241715
2008-03-25 08:00:00,198.47118983951478
2008-03-25 09:00:00,192.09149577643728
2008-03-25 10:00:00,187.12795964075465
2008-03-25 11:00:00,182.09551459137418
2008-03-25 12:00:00,179.4413164009691
2008-03-25 13:00:00,176.3361066768113
2008-03-25 14:00:00,178.21778792574443
2008-03-25 15:00:00,182.88041678301735
2008-03-25 16:00:00,186.4254533060746
2008-03-25 17:00:00,188.05972404008082
2008-03-25 18:00:00,190.019649131546
2008-03-25 19:00:00,188.96924966087772
2008-03-25 20:00:00,186.4817331052654
2008-03-25 21:00:00,186.5210973926991
2008-03-25 22:00:00,186.8967350294948
2008-03-25 23:00:00,186.75054513933475
2008-03-26 00:00:00,186.21903793087688
2008-03-26 01:00:00,185.65038733192227
2008-03-26 02:00:00,186.23121152074063
2008-03-26 03:00:00,186.7241303540555
2008-03-26 04:00:00,187.098081166652
2008-03-26 05:00:00,187.42188831776
2008-03-26 06:00:00,184.914030793177
2008-03-26 07:00:00,180.06510407894945
2008-03-26 08:00:00,174.41725277823457
2008-03-26 09:00:00,168.4578186539539
2008-03-26 10:00:00,161.978106849498
2008-03-26 11:00:00,156.0799107520969
2008-03-26 12:00:00,147.5694841826895
2008-03-26 13:00:00,139.83207803934815
2008-03-26 14:00:00,133.16181903552558
2008-03-26 15:00:00,130.41271537331514
2008-03-26 16:00:00,133.19791332552444
2008-03-26 17:00:00,139.57364210800037
2008-03-26 18:00:00,147.0292336570028
2008-03-26 19:00:00,151.98152181603257
2008-03-26 20:00:00,155.84852210784547
2008-03-26 21:00:00,159.30174172210363
2008-03-26 22:00:00,161.49513419563496
2008-03-26 23:00:00,164.14870760034424
2008-03-27 00:00:00,164.37217404743026
2008-03-27 01:00:00,166.142592279339
2008-03-27 02:00:00,166.74587464298628
2008-03-27 03:00:00,167.0635961291663
2008-03-27 04:00:00,167.03290643010521
2008-03-27 05:00:00,166.58227334559135
2008-03-27 06:00:00,165.36768775970947
2008-03-27 07:00:00,160.1584359399332
2008-03-27 08:00:00,152.05130316465832
2008-03-27 09:00:00,146.27029139013175
2008-03-27 10:00:00,138.6783161957334
2008-03-27 11:00:00,132.48919039301998
2008-03-27 12:00:00,127.29977684178503
2008-03-27 13:00:00,124.59122013132894
2008-03-27 14:00:00,124.65335775581514
2008-03-27 15:00:00,128.14990542338887
2008-03-27 16:00:00,134.02995774790492
2008-03-27 17:00:00,141.9520104301609
2008-03-27 18:00:00,151.17929689330907
2008-03-27 19:00:00,159.53918847280798
2008-03-27 20:00:00,166.44847788594365
2008-03-27 21:00:00,173.09045199733845
2008-03-27 22:00:00,178.72711456322676
2008-03-27 23:00:00,183.22189152792478
2008-03-28 00:00:00,186.63579154121652
2008-03-28 01:00:00,190.38925280984836
2008-03-28 02:00:00,193.60841214892298
2008-03-28 03:00:00,197.568899322667
2008-03-28 04:00:00,200.89404127236878
2008-03-28 05:00:00,202.10537210180152
2008-03-28 06:00:00,197.22399757113038
2008-03-28 07:00:00,181.67949827509463
2008-03-28 08:00:00,162.52809811265038
2008-03-28 09:00:00,145.90108043664608
2008-03-28 10:00:00,132.04644393823975
2008-03-28 11:00:00,121.60377593526063
2008-03-28 12:00:00,113.24024785019462
2008-03-28 13:00:00,102.03378373131173
2008-03-28 14:00:00,97.6671436486932
2008-03-28 15:00:00,102.68727816575911
2008-03-28 16:00:00,107.62112999390287
2008-03-28 17:00:00,112.74569475702555
2008-03-28 18:00:00,116.08602400105413
2008-03-28 19:00:00,119.28290801804667
2008-03-28 20:00:00,124.10039327043458
2008-03-28 21:00:00,126.41102922085418
2008-03-28 22:00:00,125.58756616767621
2008-03-28 23:00:00,127.22251369425716
2008-03-29 00:00:00,128.96192080412445
2008-03-29 01:00:00,133.1776588599883
2008-03-29 02:00:00,137.6944263881471
2008-03-29 03:00:00,140.54804773200806
2008-03-29 04:00:00,143.1841048241936
2008-03-29 05:00:00,144.34115373148484
2008-03-29 06:00:00,143.32369561228228
2008-03-29 07:00:00,136.18356977928246
2008-03-29 08:00:00,125.49648936964546
2008-03-29 09:00:00,114.9926073945545
2008-03-29 10:00:00,105.76065947711103
2008-03-29 11:00:00,92.394544072636
2008-03-29 12:00:00,76.73574115585139
2008-03-29 13:00:00,65.8987389630574
2008-03-29 14:00:00,58.00313851471426
2008-03-29 15:00:00,55.536363778662654
2008-03-29 16:00:00,60.937270784830545
2008-03-29 17:00:00,78.24022328963613
2008-03-29 18:00:00,110.25318296066752
2008-03-29 19:00:00,123.34841097390311
2008-03-29 20:00:00,131.3524719838107
2008-03-29 21:00:00,137.66048565707706
2008-03-29 22:00:00,142.2260086049937
2008-03-29 23:00:00,145.7320876008001
2008-03-30 00:00:00,140.746343610604
2008-03-30 01:00:00,144.6192310811661
2008-03-30 02:00:00,147.31986241936178
2008-03-30 03:00:00,149.86496860900382
2008-03-30 04:00:00,151.00069455508242
2008-03-30 05:00:00,152.72926003656426
2008-03-30 06:00:00,147.98184985241525
2008-03-30 07:00:00,133.1931820188507
2008-03-30 08:00:00,112.61235918200401
2008-03-30 09:00:00,88.68480329420852
2008-03-30 10:00:00,49.8252175238418
2008-03-30 11:00:00,22.66868414450546
2008-03-30 12:00:00,14.931987960012874
2008-03-30 13:00:00,5.806761841422045
2008-03-30 14:00:00,4.9074328527867035
2008-03-30 15:00:00,5.461422337819739
2008-03-30 16:00:00,7.904312460981704
2008-03-30 17:00:00,20.170990194606773
2008-03-30 18:00:00,41.97204522775265
2008-03-30 19:00:00,57.43472552562809
2008-03-30 20:00:00,73.85224672348694
2008-03-30 21:00:00,83.84925829105502
2008-03-30 22:00:00,99.94395631798334
2008-03-30 23:00:00,104.49271831663594
2008-03-31 00:00:00,113.54582829518074
2008-03-31 01:00:00,120.49874515204678
2008-03-31 02:00:00,127.50763180755152
2008-03-31 03:00:00,131.78638129734009
2008-03-31 04:00:00,135.77138171901683
2008-03-31 05:00:00,139.31695500960777
2008-03-31 06:00:00,140.14289551032005
2008-03-31 07:00:00,139.95179127003522
2008-03-31 08:00:00,137.77604736547568
2008-03-31 09:00:00,134.0285196738893
2008-03-31 10:00:00,129.8282031873017
2008-03-31 11:00:00,123.58118160064322
2008-03-31 12:00:00,117.84203134619386
2008-03-31 13:00:00,114.02966928394775
2008-03-31 14:00:00,109.19513361430175
2008-03-31 15:00:00,112.74035467749367
2008-03-31 16:00:00,114.24972900176233
2008-03-31 17:00:00,117.61987378560595
2008-03-31 18:00:00,122.26341247850307
2008-03-31 19:00:00,125.91211042540644
2008-03-31 20:00:00,130.0048517811916
2008-03-31 21:00:00,133.498540174707
2008-03-31 22:00:00,135.26771466335097
2008-03-31 23:00:00,136.32308243985239
2008-04-01 00:00:00,136.53732765681605
2008-04-01 01:00:00,137.61182192003915
2008-04-01 02:00:00,139.08266125949334
2008-04-01 03:00:00,140.40847452037903
2008-04-01 04:00:00,141.53320523605365
2008-04-01 05:00:00,142.3979953140979
2008-04-01 06:00:00,139.81404622772723
2008-04-01 07:00:00,134.04471536726817
2008-04-01 08:00:00,127.07314505405576
2008-04-01 09:00:00,119.06502367521327
2008-04-01 10:00:00,111.1488909597319
2008-04-01 11:00:00,98.12289975464272
2008-04-01 12:00:00,87.01574351700243
2008-04-01 13:00:00,77.1364076770865
2008-04-01 14:00:00,60.16055284372469
2008-04-01 15:00:00,63.06028963519398
2008-04-01 16:00:00,65.40919110175835
2008-04-01 17:00:00,77.33206777890373
2008-04-01 18:00:00,93.79020145120582
2008-04-01 19:00:00,105.31189876159914
2008-04-01 20:00:00,111.73740196112162
2008-04-01 21:00:00,113.40279941131618
2008-04-01 22:00:00,115.92761951565242
2008-04-01 23:00:00,118.3913810456009
2008-04-02 00:00:00,121.09650786533442
2008-04-02 01:00:00,121.69070367184733
2008-04-02 02:00:00,122.27518542474373
2008-04-02 03:00:00,123.3856347028546
2008-04-02 04:00:00,123.33358126410994
2008-04-02 05:00:00,123.10913320460406
2008-04-02 06:00:00,121.62966245370644
2008-04-02 07:00:00,120.6807324736318
2008-04-02 08:00:00,121.28428058500856
2008-04-02 09:00:00,119.12726815774066
2008-04-02 10:00:00,118.08752236543344
2008-04-02 11:00:00,113.55259696206407
2008-04-02 12:00:00,106.81634492482945
2008-04-02 13:00:00,104.38739344260594
2008-04-02 14:00:00,107.1036375449401
2008-04-02 15:00:00,108.61425040203189
2008-04-02 16:00:00,110.40628432543559
2008-04-02 17:00:00,114.15390695105822
2008-04-02 18:00:00,118.24366246118758
2008-04-02 19:00:00,121.56709101551054
2008-04-02 20:00:00,124.7840874085052
2008-04-02 21:00:00,127.9881568673785
2008-04-02 22:00:00,130.93044894945606
2008-04-02 23:00:00,133.69473618039976
2008-04-03 00:00:00,136.33146327338167
2008-04-03 01:00:00,138.77527876016947
2008-04-03 02:00:00,140.53214613765437
2008-04-03 03:00:00,145.06144665214515
2008-04-03 04:00:00,147.36912775967497
2008-04-03 05:00:00,148.09557196951255
2008-04-03 06:00:00,145.72617126146997
2008-04-03 07:00:00,140.36272332797463
2008-04-03 08:00:00,137.48490529506634
2008-04-03 09:00:00,135.57465459618686
2008-04-03 10:00:00,136.4540536830706
2008-04-03 11:00:00,134.93932772510587
2008-04-03 12:00:00,131.65342067291388
2008-04-03 13:00:00,129.76872912639368
2008-04-03 14:00:00,128.34846733417388
2008-04-03 15:00:00,128.9537605422595
2008-04-03 16:00:00,132.13196094051182
2008-04-03 17:00:00,135.6670711214353
2008-04-03 18:00:00,141.20572564642126
2008-04-03 19:00:00,146.3668831161857
2008-04-03 20:00:00,150.688603128687
2008-04-03 21:00:00,153.72248537663575
2008-04-03 22:00:00,154.7387642240118
2008-04-03 23:00:00,156.56891272176634
2008-04-04 00:00:00,157.37264468138122
2008-04-04 01:00:00,159.43824210635836
2008-04-04 02:00:00,162.00151962862398
2008-04-04 03:00:00,163.3711733356043
2008-04-04 04:00:00,162.82358841953692
2008-04-04 05:00:00,164.30631538937863
2008-04-04 06:00:00,160.37071002550874
2008-04-04 07:00:00,152.13789827395766
2008-04-04 08:00:00,143.14562153732348
2008-04-04 09:00:00,134.17360126044883
2008-04-04 10:00:00,126.89870899106913
2008-04-04 11:00:00,121.29442716489581
2008-04-04 12:00:00,115.54677586930289
2008-04-04 13:00:00,110.71626807085201
2008-04-04 14:00:00,109.14874308532606
2008-04-04 15:00:00,108.46491689588022
2008-04-04 16:00:00,111.5546679475733
2008-04-04 17:00:00,117.93254262207829
2008-04-04 18:00:00,127.38241614878304
2008-04-04 19:00:00,135.03445297796642
2008-04-04 20:00:00,141.1479569128428
2008-04-04 21:00:00,146.36125715752408
2008-04-04 22:00:00,151.43463358209942
2008-04-04 23:00:00,155.55144888086357
2008-04-05 00:00:00,159.76039082051517
2008-04-05 01:00:00,162.15987133179385
2008-04-05 02:00:00,163.3698304959723
2008-04-05 03:00:00,164.11492668427329
2008-04-05 04:00:00,165.4921515687052
2008-04-05 05:00:00,165.3592735614338
2008-04-05 06:00:00,160.28993935609336
2008-04-05 07:00:00,150.4732247108116
2008-04-05 08:00:00,138.29977253101336
2008-04-05 09:00:00,124.94626500575437
2008-04-05 10:00:00,111.26724734263406
2008-04-05 11:00:00,101.14546841978603
2008-04-05 12:00:00,92.2357266513187
2008-04-05 13:00:00,85.47757980233159
2008-04-05 14:00:00,81.80492801910519
2008-04-05 15:00:00,81.12699225216954
2008-04-05 16:00:00,85.59175957462926
2008-04-05 17:00:00,98.60260183977702
2008-04-05 18:00:00,110.9512389452401
2008-04-05 19:00:00,119.40699441468773
2008-04-05 20:00:00,125.47627047708433
2008-04-05 21:00:00,132.58437565505366
2008-04-05 22:00:00,136.35075532998593
2008-04-05 23:00:00,138.88218624845655
2008-04-06 00:00:00,141.996499484677
2008-04-06 01:00:00,147.29797999467118
2008-04-06 02:00:00,152.5058507092189
2008-04-06 03:00:00,157.08768824945102
2008-04-06 04:00:00,163.06636235339604
2008-04-06 05:00:00,169.10556434955734
2008-04-06 06:00:00,172.2824342430405
2008-04-06 07:00:00,169.642715745883
2008-04-06 08:00:00,164.10858796945095
2008-04-06 09:00:00,159.70652911492823
2008-04-06 10:00:00,154.33885137706838
2008-04-06 11:00:00,147.59465509772102
2008-04-06 12:00:00,144.61523868490983
2008-04-06 13:00:00,144.7303672179635
2008-04-06 14:00:00,145.89911336890586
2008-04-06 15:00:00,147.21463359069537
2008-04-06 16:00:00,149.28835510888888
2008-04-06 17:00:00,153.08386058626166
2008-04-06 18:00:00,157.09404856948498
2008-04-06 19:00:00,160.21780222694971
2008-04-06 20:00:00,163.00466841089525
2008-04-06 21:00:00,168.34494367864062
2008-04-06 22:00:00,172.61744690380414
2008-04-06 23:00:00,175.85486988212236
2008-04-07 00:00:00,179.5062553684201
2008-04-07 01:00:00,181.38126858300328
2008-04-07 02:00:00,185.43311366639108
2008-04-07 03:00:00,190.49948636385164
2008-04-07 04:00:00,195.51229458453614
2008-04-07 05:00:00,200.61408377709512
2008-04-07 06:00:00,200.16303015577054
2008-04-07 07:00:00,193.25305874191764
2008-04-07 08:00:00,183.93157101612553
2008-04-07 09:00:00,174.5500433593199
2008-04-07 10:00:00,165.2535323540549
2008-04-07 11:00:00,160.03597395974944
2008-04-07 12:00:00,152.99915714945655
2008-04-07 13:00:00,147.1947362806025
2008-04-07 14:00:00,143.17353307483185
2008-04-07 15:00:00,143.1285380263506
2008-04-07 16:00:00,147.63837912535124
2008-04-07 17:00:00,153.52754519643963
2008-04-07 18:00:00,166.75657588071294
2008-04-07 19:00:00,177.46899448493656
2008-04-07 20:00:00,185.08548717454514
2008-04-07 21:00:00,188.84237112350644
2008-04-07 22:00:00,191.45794183969923
2008-04-07 23:00:00,193.2595940487602
2008-04-08 00:00:00,196.55001219983475
2008-04-08 01:00:00,200.35052678692475
2008-04-08 02:00:00,203.2736362270439
2008-04-08 03:00:00,205.70408180537768
2008-04-08 04:00:00,206.8842142111247
2008-04-08 05:00:00,203.95638452755819
2008-04-08 06:00:00,196.94386361009165
2008-04-08 07:00:00,189.6046751920404
2008-04-08 08:00:00,181.84641748847594
2008-04-08 09:00:00,173.19532380652598
2008-04-08 10:00:00,165.3128832346618
2008-04-08 11:00:00,158.7125559193897
2008-04-08 12:00:00,155.76249722703065
2008-04-08 13:00:00,153.8387184558261
2008-04-08 14:00:00,153.01595878335092
2008-04-08 15:00:00,153.08477442544947
2008-04-08 16:00:00,152.82923216253042
2008-04-08 17:00:00,154.4505055614321
2008-04-08 18:00:00,157.3006584066799
2008-04-08 19:00:00,158.31852643294442
2008-04-08 20:00:00,158.96679369852498
2008-04-08 21:00:00,159.4584964063542
2008-04-08 22:00:00,159.22887891014648
2008-04-08 23:00:00,160.41136132460446
2008-04-09 00:00:00,160.10780871372282
2008-04-09 01:00:00,161.5903729019371
2008-04-09 02:00:00,162.81263895688673
2008-04-09 03:00:00,162.42365501750103
2008-04-09 04:00:00,161.23684869780107
2008-04-09 05:00:00,160.5139820719692
2008-04-09 06:00:00,154.37343077917143
2008-04-09 07:00:00,144.77043170311867
2008-04-09 08:00:00,133.06371772585706
2008-04-09 09:00:00,122.5804227745107
2008-04-09 10:00:00,117.82448384527967
2008-04-09 11:00:00,117.80320683141139
2008-04-09 12:00:00,116.18340824110251
2008-04-09 13:00:00,115.06499984421889
2008-04-09 14:00:00,114.23242012033117
2008-04-09 15:00:00,108.82305459720814
2008-04-09 16:00:00,108.09627768312652
2008-04-09 17:00:00,112.28924217865496
2008-04-09 18:00:00,115.2013663820738
2008-04-09 19:00:00,117.79914931335945
2008-04-09 20:00:00,118.31703742725921
2008-04-09 21:00:00,117.97339353208508
2008-04-09 22:00:00,117.97002171506023
2008-04-09 23:00:00,119.13966700499155
2008-04-10 00:00:00,120.26197596586185
2008-04-10 01:00:00,122.97044442989774
2008-04-10 02:00:00,126.76772602332572
2008-04-10 03:00:00,128.5475720957397
2008-04-10 04:00:00,129.64615382477538
2008-04-10 05:00:00,128.16877822990668
2008-04-10 06:00:00,125.10099567221081
2008-04-10 07:00:00,120.94887866777847
2008-04-10 08:00:00,116.00004451894227
2008-04-10 09:00:00,109.19471129645811
2008-04-10 10:00:00,95.07413918956888
2008-04-10 11:00:00,82.73101948430848
2008-04-10 12:00:00,79.07426885959256
2008-04-10 13:00:00,77.43168541114377
2008-04-10 14:00:00,75.7922202375842
2008-04-10 15:00:00,72.8724204199095
2008-04-10 16:00:00,77.05595694962301
2008-04-10 17:00:00,82.77097476669478
2008-04-10 18:00:00,94.50499251172535
2008-04-10 19:00:00,103.62742980750967
2008-04-10 20:00:00,105.02795611762676
2008-04-10 21:00:00,108.04634326518925
2008-04-10 22:00:00,107.79626962423053
2008-04-10 23:00:00,111.51996665241487
2008-04-11 00:00:00,116.22400273564028
2008-04-11 01:00:00,116.30114511538979
2008-04-11 02:00:00,117.49292019466155
2008-04-11 03:00:00,118.37113793279318
2008-04-11 04:00:00,118.33184301920318
2008-04-11 05:00:00,117.70832181151191
2008-04-11 06:00:00,114.80939508812544
2008-04-11 07:00:00,107.51777228481791
2008-04-11 08:00:00,96.72690312616018
2008-04-11 09:00:00,76.20414414696194
2008-04-11 10:00:00,66.47623068758678
2008-04-11 11:00:00,62.186463578412635
2008-04-11 12:00:00,57.68449468662313
2008-04-11 13:00:00,71.90750154813696
2008-04-11 14:00:00,88.45593538394078
2008-04-11 15:00:00,114.11257475103338
2008-04-11 16:00:00,129.56617782638358
2008-04-11 17:00:00,138.9328109171799
2008-04-11 18:00:00,144.49107711559506
2008-04-11 19:00:00,147.5246253529317
2008-04-11 20:00:00,148.85907392645652
2008-04-11 21:00:00,149.32232892274115
2008-04-11 22:00:00,151.15219898778975
2008-04-11 23:00:00,153.27527457112973
2008-04-12 00:00:00,155.411531498601
2008-04-12 01:00:00,157.82546192371476
2008-04-12 02:00:00,159.66260124453538
2008-04-12 03:00:00,161.0388382947063
2008-04-12 04:00:00,162.68196983526653
2008-04-12 05:00:00,162.9549374781277
2008-04-12 06:00:00,158.39779900804677
2008-04-12 07:00:00,148.73715618994913
2008-04-12 08:00:00,137.12820661341203
2008-04-12 09:00:00,126.26580201935903
2008-04-12 10:00:00,116.86400413139397
2008-04-12 11:00:00,110.55695982114189
2008-04-12 12:00:00,106.20603827089826
2008-04-12 13:00:00,100.90430563520788
2008-04-12 14:00:00,93.32899774383729
2008-04-12 15:00:00,96.89457642220198
2008-04-12 16:00:00,97.95805929872166
2008-04-12 17:00:00,106.14584880565484
2008-04-12 18:00:00,115.41708863196095
2008-04-12 19:00:00,127.16418112640204
2008-04-12 20:00:00,135.4008751041657
2008-04-12 21:00:00,141.2342461043701
2008-04-12 22:00:00,146.98162550079468
2008-04-12 23:00:00,150.720836992515
2008-04-13 00:00:00,153.82515707516166
2008-04-13 01:00:00,156.38812375135157
2008-04-13 02:00:00,158.8406760326023
2008-04-13 03:00:00,161.11424817260738
2008-04-13 04:00:00,161.04936409389862
2008-04-13 05:00:00,159.9584440970989
2008-04-13 06:00:00,152.16145224054972
2008-04-13 07:00:00,138.6370157287397
2008-04-13 08:00:00,121.86952532321274
2008-04-13 09:00:00,104.51981973177604
2008-04-13 10:00:00,85.16710273721148
2008-04-13 11:00:00,62.03060077397285
2008-04-13 12:00:00,52.47095346755932
2008-04-13 13:00:00,45.693465933366355
2008-04-13 14:00:00,38.52261576168693
2008-04-13 15:00:00,37.845020516397355
2008-04-13 16:00:00,39.126097440353135
2008-04-13 17:00:00,53.94759400786044
2008-04-13 18:00:00,78.8176103699441
2008-04-13 19:00:00,102.11964425301477
2008-04-13 20:00:00,114.83975222296779
2008-04-13 21:00:00,121.78955738422944
2008-04-13 22:00:00,124.73860592489548
2008-04-13 23:00:00,128.4350649791399
2008-04-14 00:00:00,132.9575190485414
2008-04-14 01:00:00,136.52751432121397
2008-04-14 02:00:00,136.4076780052534
2008-04-14 03:00:00,137.21825317163936
2008-04-14 04:00:00,140.15424926393996
2008-04-14 05:00:00,139.15688567525197
2008-04-14 06:00:00,135.94348309440753
2008-04-14 07:00:00,134.61369045179003
2008-04-14 08:00:00,133.45503527432277
2008-04-14 09:00:00,133.9348195913725
2008-04-14 10:00:00,133.693812610449
2008-04-14 11:00:00,132.24207685896644
2008-04-14 12:00:00,133.46077070745574
2008-04-14 13:00:00,133.37578887443465
2008-04-14 14:00:00,134.41910053113517
2008-04-14 15:00:00,137.79341797634726
2008-04-14 16:00:00,140.74253836458197
2008-04-14 17:00:00,144.1542203390637
2008-04-14 18:00:00,148.17148475896533
2008-04-14 19:00:00,149.88720196634506
2008-04-14 20:00:00,151.41967672973146
2008-04-14 21:00:00,153.27733111053726
2008-04-14 22:00:00,155.01499821619646
2008-04-14 23:00:00,155.47526847626423
2008-04-15 00:00:00,157.40057796332178
2008-04-15 01:00:00,158.6320802859108
2008-04-15 02:00:00,158.79001152278983
2008-04-15 03:00:00,159.15601929974787
2008-04-15 04:00:00,159.59356656652693
2008-04-15 05:00:00,159.3515235721276
2008-04-15 06:00:00,157.87354455517166
2008-04-15 07:00:00,155.3142912772529
2008-04-15 08:00:00,150.92951604717533
2008-04-15 09:00:00,146.1135726218707
2008-04-15 10:00:00,143.73583602697582
2008-04-15 11:00:00,142.7802802851201
2008-04-15 12:00:00,138.85672260532564
2008-04-15 13:00:00,137.56265264787268
2008-04-15 14:00:00,138.03631231904865
2008-04-15 15:00:00,137.940145830205
2008-04-15 16:00:00,139.27208889253455
2008-04-15 17:00:00,143.42138213991055
2008-04-15 18:00:00,147.71693260254517
2008-04-15 19:00:00,153.2032265491094
2008-04-15 20:00:00,156.854402098974
2008-04-15 21:00:00,159.15595954223147
2008-04-15 22:00:00,162.0108390037257
2008-04-15 23:00:00,164.68214456644932
2008-04-16 00:00:00,166.82446324028587
2008-04-16 01:00:00,168.78068678302776
2008-04-16 02:00:00,171.70995749224116
2008-04-16 03:00:00,173.4948469949096
2008-04-16 04:00:00,173.3944368517316
2008-04-16 05:00:00,171.9513049992614
2008-04-16 06:00:00,168.1762564555167
2008-04-16 07:00:00,160.6399343079266
2008-04-16 08:00:00,152.07879516675592
2008-04-16 09:00:00,144.15506012877657
2008-04-16 10:00:00,138.8363764263862
2008-04-16 11:00:00,131.8001162704229
2008-04-16 12:00:00,125.39616645232023
2008-04-16 13:00:00,123.37383414620857
2008-04-16 14:00:00,123.09685268081017
2008-04-16 15:00:00,122.68511791309808
2008-04-16 16:00:00,126.73591221692055
2008-04-16 17:00:00,134.19476877163504
2008-04-16 18:00:00,143.41274388228376
2008-04-16 19:00:00,150.84982136088925
2008-04-16 20:00:00,157.1024231538512
2008-04-16 21:00:00,161.5219985114301
2008-04-16 22:00:00,165.62593867429229
2008-04-16 23:00:00,168.57114436325978
2008-04-17 00:00:00,172.33094842718987
2008-04-17 01:00:00,176.56161991216703
2008-04-17 02:00:00,179.5739167942938
2008-04-17 03:00:00,181.25218858865907
2008-04-17 04:00:00,180.98873711096635
2008-04-17 05:00:00,180.32457522104053
2008-04-17 06:00:00,175.73520529256305
2008-04-17 07:00:00,167.97721167632858
2008-04-17 08:00:00,156.10082878448605
2008-04-17 09:00:00,145.39570552661206
2008-04-17 10:00:00,136.48819707924804
2008-04-17 11:00:00,126.88716529601395
2008-04-17 12:00:00,117.93484236028
2008-04-17 13:00:00,112.27133789254835
2008-04-17 14:00:00,111.71626169319471
2008-04-17 15:00:00,111.75558789371233
2008-04-17 16:00:00,113.42042121401889
2008-04-17 17:00:00,117.28333384384173
2008-04-17 18:00:00,122.37361460666439
2008-04-17 19:00:00,126.90221620811181
2008-04-17 20:00:00,129.29380309902865
2008-04-17 21:00:00,132.7268009776298
2008-04-17 22:00:00,135.08407469010584
2008-04-17 23:00:00,138.32075544692108
2008-04-18 00:00:00,141.63169144929378
2008-04-18 01:00:00,146.16720729193173
2008-04-18 02:00:00,147.6695349015187
2008-04-18 03:00:00,148.87397191655288
2008-04-18 04:00:00,150.37543006719952
2008-04-18 05:00:00,149.9068810699036
2008-04-18 06:00:00,145.60353261974407
2008-04-18 07:00:00,137.26548692504718
2008-04-18 08:00:00,126.23575072508497
2008-04-18 09:00:00,114.46295858283187
2008-04-18 10:00:00,100.07340540218232
2008-04-18 11:00:00,79.79656134403695
2008-04-18 12:00:00,53.57890656712083
2008-04-18 13:00:00,49.42429514077265
2008-04-18 14:00:00,43.54930759318354
2008-04-18 15:00:00,44.23730660233559
2008-04-18 16:00:00,57.262789917683115
2008-04-18 17:00:00,63.19953715469047
2008-04-18 18:00:00,67.36643141413289
2008-04-18 19:00:00,73.61559815398553
2008-04-18 20:00:00,79.37916648249653
2008-04-18 21:00:00,90.1380867595776
2008-04-18 22:00:00,95.55066824626913
2008-04-18 23:00:00,98.69425534805167
2008-04-19 00:00:00,98.55726946406902
2008-04-19 01:00:00,101.44942197527656
2008-04-19 02:00:00,104.49334624533977
2008-04-19 03:00:00,105.70341546139434
2008-04-19 04:00:00,108.19526782106513
2008-04-19 05:00:00,110.47235708226012
2008-04-19 06:00:00,110.12912297785029
2008-04-19 07:00:00,105.94129491188528
2008-04-19 08:00:00,98.01040236308515
2008-04-19 09:00:00,84.93595643097646
2008-04-19 10:00:00,74.37779197803398
2008-04-19 11:00:00,56.47969099524461
2008-04-19 12:00:00,43.480821005123
2008-04-19 13:00:00,22.618750444118227
2008-04-19 14:00:00,13.36623355535441
2008-04-19 15:00:00,13.480110668740988
2008-04-19 16:00:00,14.773239213597162
2008-04-19 17:00:00,33.94561101078274
2008-04-19 18:00:00,60.323727661285645
2008-04-19 19:00:00,84.89929707596454
2008-04-19 20:00:00,99.39267628671182
2008-04-19 21:00:00,106.72089861328617
2008-04-19 22:00:00,113.71569975198051
2008-04-19 23:00:00,118.50221628816418
2008-04-20 00:00:00,110.15890457268485
2008-04-20 01:00:00,112.85479351583916
2008-04-20 02:00:00,114.15068760828026
2008-04-20 03:00:00,116.65955585494605
2008-04-20 04:00:00,118.47228262367975
2008-04-20 05:00:00,114.65230135679617
2008-04-20 06:00:00,104.5197673575239
2008-04-20 07:00:00,94.6823738684946
2008-04-20 08:00:00,84.50635606182514
2008-04-20 09:00:00,72.61288679336184
2008-04-20 10:00:00,54.35806842170916
2008-04-20 11:00:00,38.625503425050844
2008-04-20 12:00:00,18.641772796201135
2008-04-20 13:00:00,19.342902139534214
2008-04-20 14:00:00,8.462882783075443
2008-04-20 15:00:00,10.55785138226925
2008-04-20 16:00:00,19.898957255639427
2008-04-20 17:00:00,24.420633712089966
2008-04-20 18:00:00,32.4691535839788
2008-04-20 19:00:00,41.81404631799676
2008-04-20 20:00:00,55.96006097780304
2008-04-20 21:00:00,67.96396229298628
2008-04-20 22:00:00,75.09111142385625
2008-04-20 23:00:00,81.88011026872597
2008-04-21 00:00:00,96.41858439953008
2008-04-21 01:00:00,99.68964393107542
2008-04-21 02:00:00,106.32834377243879
2008-04-21 03:00:00,109.00897532464185
2008-04-21 04:00:00,110.30238780247957
2008-04-21 05:00:00,110.51162229989366
2008-04-21 06:00:00,109.92633733698263
2008-04-21 07:00:00,108.58287048529138
2008-04-21 08:00:00,106.25546737090696
2008-04-21 09:00:00,107.52037736676014
2008-04-21 10:00:00,110.00620426570154
2008-04-21 11:00:00,109.72960109774168
2008-04-21 12:00:00,110.02173195988074
2008-04-21 13:00:00,110.9402828108688
2008-04-21 14:00:00,112.47999527852039
2008-04-21 15:00:00,113.77057103243712
2008-04-21 16:00:00,116.19949997211262
2008-04-21 17:00:00,117.79589951296903
2008-04-21 18:00:00,120.10138097809116
2008-04-21 19:00:00,122.51471756330974
2008-04-21 20:00:00,124.00219221484261
2008-04-21 21:00:00,124.50682139495419
2008-04-21 22:00:00,124.5601868520093
2008-04-21 23:00:00,124.88603468541508
2008-04-22 00:00:00,124.99511839091781
2008-04-22 01:00:00,125.4329156421851
2008-04-22 02:00:00,126.14202903672326
2008-04-22 03:00:00,126.64277375398962
2008-04-22 04:00:00,126.74490961955742
2008-04-22 05:00:00,126.74730705587494
2008-04-22 06:00:00,125.90306472849169
2008-04-22 07:00:00,124.83896559083323
2008-04-22 08:00:00,122.8583972852306
2008-04-22 09:00:00,120.38174137254276
2008-04-22 10:00:00,118.90901175034152
2008-04-22 11:00:00,116.8234538089109
2008-04-22 12:00:00,114.5087434575202
2008-04-22 13:00:00,111.10162656085116
2008-04-22 14:00:00,112.20830380606125
2008-04-22 15:00:00,112.63776197934284
2008-04-22 16:00:00,113.83339849007957
2008-04-22 17:00:00,115.298124423031
2008-04-22 18:00:00,117.28524008548067
2008-04-22 19:00:00,117.23670855632024
2008-04-22 20:00:00,117.78565475442036
2008-04-22 21:00:00,118.71241677611845
2008-04-22 22:00:00,119.0581868076908
2008-04-22 23:00:00,119.77224346592877
2008-04-23 00:00:00,114.7512922630641
2008-04-23 01:00:00,114.09193034536038
2008-04-23 02:00:00,114.10057039324226
2008-04-23 03:00:00,113.73268927060184
2008-04-23 04:00:00,113.85367379952082
2008-04-23 05:00:00,113.15294596953379
2008-04-23 06:00:00,111.33787251290558
2008-04-23 07:00:00,108.19575430424986
2008-04-23 08:00:00,103.86427132546812
2008-04-23 09:00:00,97.01965494031782
2008-04-23 10:00:00,90.86152114734118
2008-04-23 11:00:00,84.54770887039552
2008-04-23 12:00:00,79.21368981346028
2008-04-23 13:00:00,71.36808303987938
2008-04-23 14:00:00,67.62093470317232
2008-04-23 15:00:00,73.80069818733831
2008-04-23 16:00:00,79.04933910122293
2008-04-23 17:00:00,82.59002272819619
2008-04-23 18:00:00,88.26444123566
2008-04-23 19:00:00,96.28835748187096
2008-04-23 20:00:00,99.6658833627021
2008-04-23 21:00:00,101.67112992309485
2008-04-23 22:00:00,103.49576110228138
2008-04-23 23:00:00,105.56102952934005
2008-04-24 00:00:00,84.20724911795735
2008-04-24 01:00:00,85.08711347651557
2008-04-24 02:00:00,85.85035970379887
2008-04-24 03:00:00,87.41888599316269
2008-04-24 04:00:00,88.68749641255006
2008-04-24 05:00:00,87.32562064460208
2008-04-24 06:00:00,83.79582764533716
2008-04-24 07:00:00,78.22425318888823
2008-04-24 08:00:00,70.86361560078186
2008-04-24 09:00:00,61.77967879237466
2008-04-24 10:00:00,52.346267052432225
2008-04-24 11:00:00,33.90381656985381
2008-04-24 12:00:00,24.229732627611007
2008-04-24 13:00:00,15.05728619209429
2008-04-24 14:00:00,12.175895581586548
2008-04-24 15:00:00,8.49521712043994
2008-04-24 16:00:00,8.94935948716514
2008-04-24 17:00:00,16.40264388215603
2008-04-24 18:00:00,30.79719965608481
2008-04-24 19:00:00,51.68018849642712
2008-04-24 20:00:00,62.29233098904924
2008-04-24 21:00:00,67.81476624358771
2008-04-24 22:00:00,69.47956635581077
2008-04-24 23:00:00,71.25606874528712
2008-04-25 00:00:00,82.03710490061628
2008-04-25 01:00:00,83.40365013776916
2008-04-25 02:00:00,85.34061073133617
2008-04-25 03:00:00,87.28040312953664
2008-04-25 04:00:00,88.22351052555143
2008-04-25 05:00:00,87.96918826576055
2008-04-25 06:00:00,87.16869949755251
2008-04-25 07:00:00,84.0703904420556
2008-04-25 08:00:00,75.8863194375956
2008-04-25 09:00:00,64.82354978063374
2008-04-25 10:00:00,44.56036333230719
2008-04-25 11:00:00,36.71557598770243
2008-04-25 12:00:00,39.15864885824254
2008-04-25 13:00:00,29.91620010800742
2008-04-25 14:00:00,25.6183198677735
2008-04-25 15:00:00,24.34270731994895
2008-04-25 16:00:00,24.200797720753457
2008-04-25 17:00:00,31.767393403681908
2008-04-25 18:00:00,51.04948081877393
2008-04-25 19:00:00,75.68847537529663
2008-04-25 20:00:00,85.74492887252237
2008-04-25 21:00:00,92.08509581764183
2008-04-25 22:00:00,97.32268241051572
2008-04-25 23:00:00,101.86429394336064
2008-04-26 00:00:00,110.34454467312398
2008-04-26 01:00:00,114.30443790653138
2008-04-26 02:00:00,117.77781326893646
2008-04-26 03:00:00,122.05918482875533
2008-04-26 04:00:00,125.64165656089102
2008-04-26 05:00:00,123.19128743118891
2008-04-26 06:00:00,109.76294798159516
2008-04-26 07:00:00,95.47234036123778
2008-04-26 08:00:00,78.72908435246643
2008-04-26 09:00:00,53.793213682933406
2008-04-26 10:00:00,24.08548545023071
2008-04-26 11:00:00,9.365791596971453
2008-04-26 12:00:00,6.27550553008429
2008-04-26 13:00:00,5.159214001724019
2008-04-26 14:00:00,4.9551580891402125
2008-04-26 15:00:00,5.060829366960664
2008-04-26 16:00:00,5.6154242582833795
2008-04-26 17:00:00,7.379845156913159
2008-04-26 18:00:00,24.586508001432804
2008-04-26 19:00:00,54.24294884068567
2008-04-26 20:00:00,71.48427608573452
2008-04-26 21:00:00,86.28199000832969
2008-04-26 22:00:00,93.9145504841063
2008-04-26 23:00:00,99.41033466579346
2008-04-27 00:00:00,74.83064384547953
2008-04-27 01:00:00,79.52010141107635
2008-04-27 02:00:00,82.45238613922022
2008-04-27 03:00:00,84.49481529404181
2008-04-27 04:00:00,86.26504608253272
2008-04-27 05:00:00,84.12229412436747
2008-04-27 06:00:00,74.23066056570555
2008-04-27 07:00:00,61.800727273096335
2008-04-27 08:00:00,49.77134802935039
2008-04-27 09:00:00,29.699932901288406
2008-04-27 10:00:00,7.32558543249885
2008-04-27 11:00:00,4.370933005553691
2008-04-27 12:00:00,3.06777492382903
2008-04-27 13:00:00,4.591556221980095
2008-04-27 14:00:00,3.9880769823178297
2008-04-27 15:00:00,3.419180883259779
2008-04-27 16:00:00,3.6860825501468186
2008-04-27 17:00:00,4.8071970796899075
2008-04-27 18:00:00,6.593463377322794
2008-04-27 19:00:00,15.055480597187785
2008-04-27 20:00:00,23.395698200584064
2008-04-27 21:00:00,28.784528328294165
2008-04-27 22:00:00,45.61592057098312
2008-04-27 23:00:00,45.165845479790896
2008-04-28 00:00:00,47.317257435845704
2008-04-28 01:00:00,53.12253658950001
2008-04-28 02:00:00,58.60241174095878
2008-04-28 03:00:00,61.59982805636002
2008-04-28 04:00:00,63.40005916497235
2008-04-28 05:00:00,61.42007117179498
2008-04-28 06:00:00,52.87076001941257
2008-04-28 07:00:00,38.66390450643291
2008-04-28 08:00:00,8.73708749592743
2008-04-28 09:00:00,10.15416352456076
2008-04-28 10:00:00,13.126998459577353
2008-04-28 11:00:00,19.822678672135467
2008-04-28 12:00:00,31.378103277915958
2008-04-28 13:00:00,38.66097858462901
2008-04-28 14:00:00,49.469752204587984
2008-04-28 15:00:00,56.00769566157157
2008-04-28 16:00:00,60.49641131512729
2008-04-28 17:00:00,63.467808761439045
2008-04-28 18:00:00,65.76492301454647
2008-04-28 19:00:00,67.62983435743513
2008-04-28 20:00:00,70.26323062856981
2008-04-28 21:00:00,72.70922242614401
2008-04-28 22:00:00,74.98323418261465
2008-04-28 23:00:00,76.99547819542568
2008-04-29 00:00:00,115.3754817704785
2008-04-29 01:00:00,119.94883618520339
2008-04-29 02:00:00,124.38875911453925
2008-04-29 03:00:00,126.78049472923843
2008-04-29 04:00:00,128.20484325020132
2008-04-29 05:00:00,128.13572478216588
2008-04-29 06:00:00,125.52783649252876
2008-04-29 07:00:00,122.09216361608405
2008-04-29 08:00:00,114.28517208422062
2008-04-29 09:00:00,101.77760817980392
2008-04-29 10:00:00,92.09156510703319
2008-04-29 11:00:00,79.32721697873846
2008-04-29 12:00:00,64.47324731774194
2008-04-29 13:00:00,51.23465291864672
2008-04-29 14:00:00,38.83818043465464
2008-04-29 15:00:00,36.375218015560115
2008-04-29 16:00:00,35.33410725049902
2008-04-29 17:00:00,43.57863058248837
2008-04-29 18:00:00,69.81015434621436
2008-04-29 19:00:00,93.62053802983222
2008-04-29 20:00:00,113.25300927121862
2008-04-29 21:00:00,119.40083431702912
2008-04-29 22:00:00,124.76850418178984
2008-04-29 23:00:00,128.866261190718
2008-04-30 00:00:00,132.63196317476945
2008-04-30 01:00:00,135.93641574690764
2008-04-30 02:00:00,139.40760184834497
2008-04-30 03:00:00,141.72948552072285
2008-04-30 04:00:00,141.1811519704087
2008-04-30 05:00:00,135.18322400826034
2008-04-30 06:00:00,123.06653550891909
2008-04-30 07:00:00,108.18609379466754
2008-04-30 08:00:00,85.96375758020731
2008-04-30 09:00:00,72.68354032173082
2008-04-30 10:00:00,61.87353117471034
2008-04-30 11:00:00,57.074242808244364
2008-04-30 12:00:00,68.36236915384126
2008-04-30 13:00:00,94.2841955618375
2008-04-30 14:00:00,112.8183322545591
2008-04-30 15:00:00,115.53479502410266
2008-04-30 16:00:00,116.5382963656473
2008-04-30 17:00:00,115.50782788813291
2008-04-30 18:00:00,117.66972851843965
2008-04-30 19:00:00,121.79305136644797
2008-04-30 20:00:00,124.88541753667333
2008-04-30 21:00:00,127.47110846586693
2008-04-30 22:00:00,130.06614553907065
2008-04-30 23:00:00,131.96212053591574
2008-05-01 00:00:00,132.1084537246293
2008-05-01 01:00:00,133.90170936639208
2008-05-01 02:00:00,136.16090530837238
2008-05-01 03:00:00,136.883985290841
2008-05-01 04:00:00,137.98419568951536
2008-05-01 05:00:00,136.16622977063693
2008-05-01 06:00:00,129.85964875973
2008-05-01 07:00:00,121.13555761811303
2008-05-01 08:00:00,110.50124011415375
2008-05-01 09:00:00,102.85594413669273
2008-05-01 10:00:00,85.36124199240298
2008-05-01 11:00:00,62.66929424970424
2008-05-01 12:00:00,50.846817169399394
2008-05-01 13:00:00,35.1768553900886
2008-05-01 14:00:00,25.198051627637923
2008-05-01 15:00:00,19.46332337311916
2008-05-01 16:00:00,23.802654390414315
2008-05-01 17:00:00,45.15158085258412
2008-05-01 18:00:00,61.98362228441681
2008-05-01 19:00:00,85.9444974899901
2008-05-01 20:00:00,99.73264704882179
2008-05-01 21:00:00,110.20069434905204
2008-05-01 22:00:00,115.35603823742674
2008-05-01 23:00:00,117.02918983739126
2008-05-02 00:00:00,80.32785516137724
2008-05-02 01:00:00,82.7878593156225
2008-05-02 02:00:00,84.68174844625219
2008-05-02 03:00:00,86.2274634750927
2008-05-02 04:00:00,87.46873456874451
2008-05-02 05:00:00,85.35887539967304
2008-05-02 06:00:00,76.23151819166947
2008-05-02 07:00:00,64.26808246901965
2008-05-02 08:00:00,50.84913828859525
2008-05-02 09:00:00,25.947342110960104
2008-05-02 10:00:00,9.375290382195406
2008-05-02 11:00:00,6.754975766419109
2008-05-02 12:00:00,5.23260007557055
2008-05-02 13:00:00,4.296719786208408
2008-05-02 14:00:00,4.288301691582741
2008-05-02 15:00:00,4.292621564770407
2008-05-02 16:00:00,3.831578243892158
2008-05-02 17:00:00,5.108655975140291
2008-05-02 18:00:00,10.195215445916139
2008-05-02 19:00:00,31.50601505163309
2008-05-02 20:00:00,49.40422705437171
2008-05-02 21:00:00,60.22323279992962
2008-05-02 22:00:00,65.66011050293083
2008-05-02 23:00:00,70.57604290533709
2008-05-03 00:00:00,62.88023836511346
2008-05-03 01:00:00,65.48056331971142
2008-05-03 02:00:00,69.07326919975756
2008-05-03 03:00:00,71.46623658182695
2008-05-03 04:00:00,72.56560547201006
2008-05-03 05:00:00,68.84323586234285
2008-05-03 06:00:00,59.16568043685479
2008-05-03 07:00:00,49.447069654799655
2008-05-03 08:00:00,38.2232079411305
2008-05-03 09:00:00,10.97671255487907
2008-05-03 10:00:00,5.695315196144852
2008-05-03 11:00:00,3.0668408728447307
2008-05-03 12:00:00,1.467120622349766
2008-05-03 13:00:00,1.3852043307347093
2008-05-03 14:00:00,0.9118834026585387
2008-05-03 15:00:00,1.1374046414245989
2008-05-03 16:00:00,1.2657009165013005
2008-05-03 17:00:00,2.775101989873111
2008-05-03 18:00:00,6.822015847290704
2008-05-03 19:00:00,17.31210710225308
2008-05-03 20:00:00,37.4741783354032
2008-05-03 21:00:00,46.1480926145066
2008-05-03 22:00:00,51.41118363708765
2008-05-03 23:00:00,54.88937073248877
2008-05-04 00:00:00,27.16220571364513
2008-05-04 01:00:00,28.37356860314035
2008-05-04 02:00:00,29.173682374701208
2008-05-04 03:00:00,30.124350946171237
2008-05-04 04:00:00,30.728999693401317
2008-05-04 05:00:00,29.25950168766766
2008-05-04 06:00:00,24.92029480162246
2008-05-04 07:00:00,20.54098034281055
2008-05-04 08:00:00,15.070859363956949
2008-05-04 09:00:00,4.323723198558378
2008-05-04 10:00:00,2.750543548812444
2008-05-04 11:00:00,1.2164236574580602
2008-05-04 12:00:00,0.5411551357447889
2008-05-04 13:00:00,0.45445311253779563
2008-05-04 14:00:00,0.42098141962157065
2008-05-04 15:00:00,0.9072534682340486
2008-05-04 16:00:00,1.024497560283182
2008-05-04 17:00:00,1.4514740405770241
2008-05-04 18:00:00,4.714738257402284
2008-05-04 19:00:00,5.970157952201455
2008-05-04 20:00:00,12.573823494021031
2008-05-04 21:00:00,16.98867375621958
2008-05-04 22:00:00,20.969972543814926
2008-05-04 23:00:00,22.633749634335487
2008-05-05 00:00:00,37.319100294272374
2008-05-05 01:00:00,39.566641797974704
2008-05-05 02:00:00,41.38085390933728
2008-05-05 03:00:00,43.96940966302514
2008-05-05 04:00:00,45.5981576182831
2008-05-05 05:00:00,43.65896039326407
2008-05-05 06:00:00,38.69556500075722
2008-05-05 07:00:00,33.40486574790517
2008-05-05 08:00:00,22.568656829550385
2008-05-05 09:00:00,7.165859917642606
2008-05-05 10:00:00,4.929829337932465
2008-05-05 11:00:00,3.153958550938518
2008-05-05 12:00:00,2.286036493570709
2008-05-05 13:00:00,1.4102758985073647
2008-05-05 14:00:00,1.3878696048940857
2008-05-05 15:00:00,1.5267349708754367
2008-05-05 16:00:00,3.0988330766904246
2008-05-05 17:00:00,5.1570690663326495
2008-05-05 18:00:00,9.560429329938836
2008-05-05 19:00:00,26.188642536883307
2008-05-05 20:00:00,32.9678765248329
2008-05-05 21:00:00,36.17306667518934
2008-05-05 22:00:00,38.897314010736196
2008-05-05 23:00:00,41.608691893341486
2008-05-06 00:00:00,39.76019348159628
2008-05-06 01:00:00,41.90916491681759
2008-05-06 02:00:00,43.45260006483048
2008-05-06 03:00:00,44.953075765734795
2008-05-06 04:00:00,46.323309308611684
2008-05-06 05:00:00,43.3811511431593
2008-05-06 06:00:00,37.28736022794127
2008-05-06 07:00:00,31.558550468911427
2008-05-06 08:00:00,25.931708944575128
2008-05-06 09:00:00,13.76711718339287
2008-05-06 10:00:00,3.568107588315
2008-05-06 11:00:00,2.103822918269018
2008-05-06 12:00:00,1.3060567220978454
2008-05-06 13:00:00,0.7852161033327189
2008-05-06 14:00:00,0.6081523512841382
2008-05-06 15:00:00,0.6344947112847481
2008-05-06 16:00:00,0.9484634234409566
2008-05-06 17:00:00,2.039221024106262
2008-05-06 18:00:00,4.950344275920945
2008-05-06 19:00:00,11.143644252941396
2008-05-06 20:00:00,22.060844986615333
2008-05-06 21:00:00,27.624219093292403
2008-05-06 22:00:00,31.940500519221498
2008-05-06 23:00:00,35.34705361963402
2008-05-07 00:00:00,27.850740314832755
2008-05-07 01:00:00,29.21106450379996
2008-05-07 02:00:00,30.471274198739636
2008-05-07 03:00:00,31.62001181625928
2008-05-07 04:00:00,32.46509802051131
2008-05-07 05:00:00,30.5088514452075
2008-05-07 06:00:00,26.366875751492728
2008-05-07 07:00:00,22.099878751326013
2008-05-07 08:00:00,16.27602540837418
2008-05-07 09:00:00,7.205202830102744
2008-05-07 10:00:00,3.723684539533676
2008-05-07 11:00:00,2.673942469184078
2008-05-07 12:00:00,1.2281894148780663
2008-05-07 13:00:00,0.4046699637346294
2008-05-07 14:00:00,0.3983752907136448
2008-05-07 15:00:00,0.6070320220987464
2008-05-07 16:00:00,0.871413228046827
2008-05-07 17:00:00,1.378091141302656
2008-05-07 18:00:00,3.316686743491497
2008-05-07 19:00:00,9.96705489352865
2008-05-07 20:00:00,17.04665548956817
2008-05-07 21:00:00,22.847895465477144
2008-05-07 22:00:00,24.224002694371517
2008-05-07 23:00:00,25.881074783169865
2008-05-08 00:00:00,17.410735130415308
2008-05-08 01:00:00,18.112974899090418
2008-05-08 02:00:00,18.775552229975105
2008-05-08 03:00:00,19.38106107071711
2008-05-08 04:00:00,19.70034294787672
2008-05-08 05:00:00,18.35731519420913
2008-05-08 06:00:00,15.389383905411687
2008-05-08 07:00:00,12.296019785182516
2008-05-08 08:00:00,6.5649924668758555
2008-05-08 09:00:00,4.092676544826216
2008-05-08 10:00:00,1.9937623857233036
2008-05-08 11:00:00,0.4273838638045621
2008-05-08 12:00:00,0.3420039299231159
2008-05-08 13:00:00,0.33077321819966093
2008-05-08 14:00:00,0.32694043960762903
2008-05-08 15:00:00,0.3253290322166548
2008-05-08 16:00:00,0.45376228682026937
2008-05-08 17:00:00,1.0637585102099987
2008-05-08 18:00:00,2.1895881591138893
2008-05-08 19:00:00,8.53057028689754
2008-05-08 20:00:00,12.319714686387256
2008-05-08 21:00:00,13.78675460133986
2008-05-08 22:00:00,15.334027146388589
2008-05-08 23:00:00,16.08599460802166
2008-05-09 00:00:00,10.45891582121752
2008-05-09 01:00:00,10.906617561230743
2008-05-09 02:00:00,11.313723200565454
2008-05-09 03:00:00,11.622300578701918
2008-05-09 04:00:00,11.789067623201941
2008-05-09 05:00:00,10.791768399725672
2008-05-09 06:00:00,8.928563932769753
2008-05-09 07:00:00,6.94211807586379
2008-05-09 08:00:00,2.8274389509634967
2008-05-09 09:00:00,1.9049011025115739
2008-05-09 10:00:00,0.4161960904904985
2008-05-09 11:00:00,0.3896688006371174
2008-05-09 12:00:00,0.26065319637744233
2008-05-09 13:00:00,0.1906649492509665
2008-05-09 14:00:00,0.18736194565515676
2008-05-09 15:00:00,0.3164102809295231
2008-05-09 16:00:00,0.43298095661414737
2008-05-09 17:00:00,0.803177887955802
2008-05-09 18:00:00,1.5672537808741056
2008-05-09 19:00:00,3.199351619113409
2008-05-09 20:00:00,5.484803665851677
2008-05-09 21:00:00,7.653777922769411
2008-05-09 22:00:00,8.735580477805698
2008-05-09 23:00:00,9.300659771797552
2008-05-10 00:00:00,5.452339194377806
2008-05-10 01:00:00,5.615984078269261
2008-05-10 02:00:00,5.981092925592473
2008-05-10 03:00:00,6.199885257598487
2008-05-10 04:00:00,6.300953173631223
2008-05-10 05:00:00,5.988719003089075
2008-05-10 06:00:00,5.175567858577096
2008-05-10 07:00:00,3.2837095369463816
2008-05-10 08:00:00,2.0898307607802282
2008-05-10 09:00:00,1.535534401327186
2008-05-10 10:00:00,0.5148320758645101
2008-05-10 11:00:00,0.5009199945156235
2008-05-10 12:00:00,0.21979598260727215
2008-05-10 13:00:00,0.20063417406909587
2008-05-10 14:00:00,0.2658890898827917
2008-05-10 15:00:00,0.45437314167932463
2008-05-10 16:00:00,0.5759615275503933
2008-05-10 17:00:00,0.9876909844760232
2008-05-10 18:00:00,1.571654922632135
2008-05-10 19:00:00,2.8514975855314684
2008-05-10 20:00:00,4.500512622144192
2008-05-10 21:00:00,4.659665799608281
2008-05-10 22:00:00,4.821499999257487
2008-05-10 23:00:00,5.06050074474414
2008-05-11 00:00:00,21.956342617886502
2008-05-11 01:00:00,26.374682669917135
2008-05-11 02:00:00,28.669682512602577
2008-05-11 03:00:00,30.922489425801597
2008-05-11 04:00:00,32.565915187592104
2008-05-11 05:00:00,30.50527388332491
2008-05-11 06:00:00,25.204252694366073
2008-05-11 07:00:00,19.13032310283588
2008-05-11 08:00:00,9.270273455514344
2008-05-11 09:00:00,4.592264827510668
2008-05-11 10:00:00,2.983166858758315
2008-05-11 11:00:00,1.4844684322333266
2008-05-11 12:00:00,1.8023117550793295
2008-05-11 13:00:00,2.261461517719334
2008-05-11 14:00:00,3.978462201302677
2008-05-11 15:00:00,6.84620181573257
2008-05-11 16:00:00,10.195706698530536
2008-05-11 17:00:00,14.737982078603578
2008-05-11 18:00:00,20.46092354483397
2008-05-11 19:00:00,25.28783944396511
2008-05-11 20:00:00,27.793661615979204
2008-05-11 21:00:00,29.836542338674278
2008-05-11 22:00:00,31.59317995677327
2008-05-11 23:00:00,33.22135992865993
2008-05-12 00:00:00,32.91864162018895
2008-05-12 01:00:00,33.34595074441526
2008-05-12 02:00:00,34.19410212786492
2008-05-12 03:00:00,35.08865840117533
2008-05-12 04:00:00,35.09683590496888
2008-05-12 05:00:00,32.75455192981373
2008-05-12 06:00:00,28.53424593605207
2008-05-12 07:00:00,24.030459918487683
2008-05-12 08:00:00,16.958387867552336
2008-05-12 09:00:00,7.265147120209093
2008-05-12 10:00:00,3.238862143419318
2008-05-12 11:00:00,2.3858409524197515
2008-05-12 12:00:00,2.259530183148949
2008-05-12 13:00:00,0.8210997790076726
2008-05-12 14:00:00,1.430159217617892
2008-05-12 15:00:00,1.6074667214478153
2008-05-12 16:00:00,1.8645391464598586
2008-05-12 17:00:00,2.1052033279080153
2008-05-12 18:00:00,3.654241381613671
2008-05-12 19:00:00,8.123964505744317
2008-05-12 20:00:00,15.074545020136892
2008-05-12 21:00:00,20.252081225855747
2008-05-12 22:00:00,25.186757815389672
2008-05-12 23:00:00,25.354532179588116
2008-05-13 00:00:00,9.37291419125958
2008-05-13 01:00:00,9.60221209132697
2008-05-13 02:00:00,9.967312905110315
2008-05-13 03:00:00,10.15671762810487
2008-05-13 04:00:00,10.350522545509126
2008-05-13 05:00:00,9.543535671149929
2008-05-13 06:00:00,7.544386132664232
2008-05-13 07:00:00,5.704896661624614
2008-05-13 08:00:00,2.2501411846197974
2008-05-13 09:00:00,1.162804438235659
2008-05-13 10:00:00,0.7989063065326895
2008-05-13 11:00:00,0.664586646643513
2008-05-13 12:00:00,0.6693886354872086
2008-05-13 13:00:00,0.5146541187428033
2008-05-13 14:00:00,0.4462462539779046
2008-05-13 15:00:00,0.45480816706435184
2008-05-13 16:00:00,0.7579089675850011
2008-05-13 17:00:00,1.2256443923745257
2008-05-13 18:00:00,2.349695984514652
2008-05-13 19:00:00,6.011351556314482
2008-05-13 20:00:00,7.056269922926538
2008-05-13 21:00:00,7.407755883108742
2008-05-13 22:00:00,7.8003959884696235
2008-05-13 23:00:00,8.500662094616525
2008-05-14 00:00:00,6.165869360875748
2008-05-14 01:00:00,6.441509709435528
2008-05-14 02:00:00,6.66548785686711
2008-05-14 03:00:00,6.810149800597866
2008-05-14 04:00:00,6.764335088183782
2008-05-14 05:00:00,6.429685597235504
2008-05-14 06:00:00,5.449896052714397
2008-05-14 07:00:00,4.045534114879484
2008-05-14 08:00:00,1.7214270952057116
2008-05-14 09:00:00,0.8619789614753297
2008-05-14 10:00:00,0.5634175130247923
2008-05-14 11:00:00,1.309354155367596
2008-05-14 12:00:00,1.16051749019203
2008-05-14 13:00:00,1.224598971328363
2008-05-14 14:00:00,1.852418312974328
2008-05-14 15:00:00,1.1305200330175629
2008-05-14 16:00:00,0.8995879893426248
2008-05-14 17:00:00,1.7043314345569869
2008-05-14 18:00:00,3.0181750481565106
2008-05-14 19:00:00,3.9399389159764
2008-05-14 20:00:00,4.705859593023721
2008-05-14 21:00:00,5.1855502025326645
2008-05-14 22:00:00,5.502193496419081
2008-05-14 23:00:00,5.6659564872662385
2008-05-15 00:00:00,13.38859283053296
2008-05-15 01:00:00,13.898905032102492
2008-05-15 02:00:00,14.538291819925842
2008-05-15 03:00:00,14.720764381787266
2008-05-15 04:00:00,14.789210439573875
2008-05-15 05:00:00,14.175807885084607
2008-05-15 06:00:00,11.744887414625317
2008-05-15 07:00:00,4.914189356576002
2008-05-15 08:00:00,3.2829801393612312
2008-05-15 09:00:00,2.5962488045913275
2008-05-15 10:00:00,2.810960196248814
2008-05-15 11:00:00,2.4441209911967605
2008-05-15 12:00:00,2.798506260804409
2008-05-15 13:00:00,4.337235730787814
2008-05-15 14:00:00,4.693510490594243
2008-05-15 15:00:00,7.307226578870145
2008-05-15 16:00:00,8.23593746205863
2008-05-15 17:00:00,9.100707069626015
2008-05-15 18:00:00,10.822491139485122
2008-05-15 19:00:00,13.49297583080029
2008-05-15 20:00:00,13.870363266829957
2008-05-15 21:00:00,14.067954270549615
2008-05-15 22:00:00,14.242517090899746
2008-05-15 23:00:00,14.49215463379996
2008-05-16 00:00:00,11.925003732843322
2008-05-16 01:00:00,12.006904002587723
2008-05-16 02:00:00,12.047015278849084
2008-05-16 03:00:00,12.186061556559771
2008-05-16 04:00:00,12.345717015703356
2008-05-16 05:00:00,11.964140912696937
2008-05-16 06:00:00,10.90615636272201
2008-05-16 07:00:00,9.630860592757166
2008-05-16 08:00:00,7.754216550517136
2008-05-16 09:00:00,3.5332886704859447
2008-05-16 10:00:00,2.6359861757968894
2008-05-16 11:00:00,2.5141873845648988
2008-05-16 12:00:00,1.74642288381141
2008-05-16 13:00:00,0.775443891548343
2008-05-16 14:00:00,1.5372778858739815
2008-05-16 15:00:00,4.553062340221184
2008-05-16 16:00:00,5.278376917527837
2008-05-16 17:00:00,5.988566051997039
2008-05-16 18:00:00,7.396440766216634
2008-05-16 19:00:00,8.355040048080134
2008-05-16 20:00:00,8.709002648661395
2008-05-16 21:00:00,9.624602643815393
2008-05-16 22:00:00,9.900756228870362
2008-05-16 23:00:00,10.683966975826904
2008-05-17 00:00:00,40.214472930833345
2008-05-17 01:00:00,43.009606368089244
2008-05-17 02:00:00,44.269115608522625
2008-05-17 03:00:00,47.361627875752326
2008-05-17 04:00:00,47.516932457434265
2008-05-17 05:00:00,46.48155214074942
2008-05-17 06:00:00,44.086225954093415
2008-05-17 07:00:00,35.31914413485496
2008-05-17 08:00:00,17.36283675376514
2008-05-17 09:00:00,13.092541885435994
2008-05-17 10:00:00,12.24766654940455
2008-05-17 11:00:00,15.653665071456922
2008-05-17 12:00:00,16.09415160947902
2008-05-17 13:00:00,22.15839261471386
2008-05-17 14:00:00,27.432193837658954
2008-05-17 15:00:00,33.33172312518781
2008-05-17 16:00:00,42.09637345262487
2008-05-17 17:00:00,45.391459838837875
2008-05-17 18:00:00,47.29749670523989
2008-05-17 19:00:00,49.16256662470977
2008-05-17 20:00:00,50.104969099479646
2008-05-17 21:00:00,51.1939472951635
2008-05-17 22:00:00,52.597499494473205
2008-05-17 23:00:00,53.561220916139185
2008-05-18 00:00:00,68.20493027775858
2008-05-18 01:00:00,69.35486440408806
2008-05-18 02:00:00,70.72269999577927
2008-05-18 03:00:00,71.02981546074861
2008-05-18 04:00:00,71.69113803529999
2008-05-18 05:00:00,70.649345751488
2008-05-18 06:00:00,67.69346547243484
2008-05-18 07:00:00,58.16599808334743
2008-05-18 08:00:00,46.80873858981056
2008-05-18 09:00:00,33.262691504169446
2008-05-18 10:00:00,22.046275709777024
2008-05-18 11:00:00,18.772472746270072
2008-05-18 12:00:00,25.416771730044513
2008-05-18 13:00:00,29.253311269202268
2008-05-18 14:00:00,33.8415716362311
2008-05-18 15:00:00,38.84059195304608
2008-05-18 16:00:00,53.13295079446264
2008-05-18 17:00:00,58.9021248016491
2008-05-18 18:00:00,62.89879797317848
2008-05-18 19:00:00,67.31613922615807
2008-05-18 20:00:00,69.31496404189421
2008-05-18 21:00:00,71.03350817926388
2008-05-18 22:00:00,72.18437301428824
2008-05-18 23:00:00,73.72077416849143
2008-05-19 00:00:00,70.12715355489577
2008-05-19 01:00:00,70.98881352634369
2008-05-19 02:00:00,71.64757747820174
2008-05-19 03:00:00,72.2992111314505
2008-05-19 04:00:00,72.23975297806005
2008-05-19 05:00:00,70.52593856571706
2008-05-19 06:00:00,67.146159807789
2008-05-19 07:00:00,63.105069309497196
2008-05-19 08:00:00,58.93248304182598
2008-05-19 09:00:00,50.227457736470704
2008-05-19 10:00:00,43.100362676881396
2008-05-19 11:00:00,31.944366850985315
2008-05-19 12:00:00,24.64170672010233
2008-05-19 13:00:00,21.14554902616515
2008-05-19 14:00:00,11.981715417115245
2008-05-19 15:00:00,13.81360958775693
2008-05-19 16:00:00,21.89442922744943
2008-05-19 17:00:00,25.15303884598347
2008-05-19 18:00:00,37.93172250545628
2008-05-19 19:00:00,46.09283746910043
2008-05-19 20:00:00,51.33191850038568
2008-05-19 21:00:00,55.00071851166481
2008-05-19 22:00:00,57.46944522557185
2008-05-19 23:00:00,59.36923594609032
2008-05-20 00:00:00,63.21077765589709
2008-05-20 01:00:00,64.535704007168
2008-05-20 02:00:00,65.96249614926067
2008-05-20 03:00:00,66.67015857955184
2008-05-20 04:00:00,67.1594256955135
2008-05-20 05:00:00,66.29972312287313
2008-05-20 06:00:00,63.293706872867624
2008-05-20 07:00:00,60.026390470812274
2008-05-20 08:00:00,53.467882005042846
2008-05-20 09:00:00,41.193935000976474
2008-05-20 10:00:00,38.30895928833532
2008-05-20 11:00:00,35.41658068653063
2008-05-20 12:00:00,34.88977998648465
2008-05-20 13:00:00,36.612451563672685
2008-05-20 14:00:00,38.18757578547884
2008-05-20 15:00:00,44.18916002726961
2008-05-20 16:00:00,55.79962511915683
2008-05-20 17:00:00,59.59071714816081
2008-05-20 18:00:00,63.21770428306666
2008-05-20 19:00:00,67.09406835542363
2008-05-20 20:00:00,69.79980887464865
2008-05-20 21:00:00,72.9712055932345
2008-05-20 22:00:00,76.20129654582139
2008-05-20 23:00:00,79.33184075609658
2008-05-21 00:00:00,105.49124394694402
2008-05-21 01:00:00,108.51510103913701
2008-05-21 02:00:00,109.93860083571981
2008-05-21 03:00:00,109.86887637500996
2008-05-21 04:00:00,109.15563591464378
2008-05-21 05:00:00,107.22622310192511
2008-05-21 06:00:00,105.36737093807466
2008-05-21 07:00:00,102.46685322954127
2008-05-21 08:00:00,97.65202874721749
2008-05-21 09:00:00,89.21313211091223
2008-05-21 10:00:00,78.59459087365701
2008-05-21 11:00:00,71.68172895589373
2008-05-21 12:00:00,67.14037199612577
2008-05-21 13:00:00,61.88937384460538
2008-05-21 14:00:00,62.79912065796287
2008-05-21 15:00:00,65.20526278367949
2008-05-21 16:00:00,68.06330390581493
2008-05-21 17:00:00,74.15984423696466
2008-05-21 18:00:00,82.81202394574191
2008-05-21 19:00:00,88.61919122640079
2008-05-21 20:00:00,93.63300952494194
2008-05-21 21:00:00,95.45499209154507
2008-05-21 22:00:00,96.77159896544796
2008-05-21 23:00:00,97.85748585191163
2008-05-22 00:00:00,81.66240519191393
2008-05-22 01:00:00,82.23074484311886
2008-05-22 02:00:00,82.35565358940117
2008-05-22 03:00:00,82.751771080392
2008-05-22 04:00:00,83.19398277636982
2008-05-22 05:00:00,81.93040963775677
2008-05-22 06:00:00,78.7846683061904
2008-05-22 07:00:00,75.21072955916542
2008-05-22 08:00:00,71.11251294693457
2008-05-22 09:00:00,62.37244505764044
2008-05-22 10:00:00,52.78131421704121
2008-05-22 11:00:00,40.269093944092404
2008-05-22 12:00:00,34.32331288195717
2008-05-22 13:00:00,21.72111864761453
2008-05-22 14:00:00,21.707364677488783
2008-05-22 15:00:00,22.696001991687808
2008-05-22 16:00:00,23.631562285499054
2008-05-22 17:00:00,24.74291196011623
2008-05-22 18:00:00,39.24986782679961
2008-05-22 19:00:00,56.091792078892695
2008-05-22 20:00:00,65.30516966104416
2008-05-22 21:00:00,71.42969829412333
2008-05-22 22:00:00,78.78005646099321
2008-05-22 23:00:00,82.52440220273809
2008-05-23 00:00:00,43.50487647847881
2008-05-23 01:00:00,44.784035085869746
2008-05-23 02:00:00,45.04262509240418
2008-05-23 03:00:00,46.040788149067595
2008-05-23 04:00:00,46.10400789410343
2008-05-23 05:00:00,43.497474632936466
2008-05-23 06:00:00,38.90142526020873
2008-05-23 07:00:00,33.97642659458308
2008-05-23 08:00:00,29.13613507056429
2008-05-23 09:00:00,16.512011480687292
2008-05-23 10:00:00,5.072087111373309
2008-05-23 11:00:00,3.548931813943632
2008-05-23 12:00:00,2.122119703808754
2008-05-23 13:00:00,0.9419401165504794
2008-05-23 14:00:00,0.719604070756138
2008-05-23 15:00:00,1.1792647213402074
2008-05-23 16:00:00,0.6945648614731138
2008-05-23 17:00:00,2.602744270352365
2008-05-23 18:00:00,3.265060029836054
2008-05-23 19:00:00,11.04998527556903
2008-05-23 20:00:00,20.262998416885374
2008-05-23 21:00:00,28.191269891912768
2008-05-23 22:00:00,30.721950793713052
2008-05-23 23:00:00,31.98777449017021
2008-05-24 00:00:00,12.283715400943013
2008-05-24 01:00:00,12.510974668181602
2008-05-24 02:00:00,12.64937671803211
2008-05-24 03:00:00,12.728941262234068
2008-05-24 04:00:00,13.110266502579178
2008-05-24 05:00:00,12.895554805475742
2008-05-24 06:00:00,12.239113136134455
2008-05-24 07:00:00,11.617993877756735
2008-05-24 08:00:00,9.871342225853182
2008-05-24 09:00:00,7.490241571381296
2008-05-24 10:00:00,6.071113909437045
2008-05-24 11:00:00,5.472070776188841
2008-05-24 12:00:00,5.277007752190096
2008-05-24 13:00:00,4.638697076493877
2008-05-24 14:00:00,3.420399284359089
2008-05-24 15:00:00,2.4942335992370026
2008-05-24 16:00:00,1.927175177892206
2008-05-24 17:00:00,2.859547745530962
2008-05-24 18:00:00,5.759916053682471
2008-05-24 19:00:00,8.255578660956175
2008-05-24 20:00:00,9.778795529645555
2008-05-24 21:00:00,11.189145809988021
2008-05-24 22:00:00,11.500874900473114
2008-05-24 23:00:00,11.591458855002434
2008-05-25 00:00:00,4.209006831556209
2008-05-25 01:00:00,4.379712345362496
2008-05-25 02:00:00,4.543435737160926
2008-05-25 03:00:00,4.587307206056223
2008-05-25 04:00:00,4.521908941290341
2008-05-25 05:00:00,4.23615339386656
2008-05-25 06:00:00,3.814903183495157
2008-05-25 07:00:00,3.2906216384206273
2008-05-25 08:00:00,2.224562473962596
2008-05-25 09:00:00,2.0758623596500088
2008-05-25 10:00:00,1.2245340262605413
2008-05-25 11:00:00,0.5927825322828654
2008-05-25 12:00:00,0.6217942321945938
2008-05-25 13:00:00,0.7095468258597124
2008-05-25 14:00:00,0.7551037904072916
2008-05-25 15:00:00,0.872379255405487
2008-05-25 16:00:00,1.0740771595685181
2008-05-25 17:00:00,1.3856462246913088
2008-05-25 18:00:00,1.6557864846401773
2008-05-25 19:00:00,2.3974621253861588
2008-05-25 20:00:00,2.570594834060564
2008-05-25 21:00:00,2.0648580891255404
2008-05-25 22:00:00,2.458128352650357
2008-05-25 23:00:00,3.284657672950291
2008-05-26 00:00:00,1.6610768566475018
2008-05-26 01:00:00,1.7101234286191134
2008-05-26 02:00:00,1.7412967461507936
2008-05-26 03:00:00,1.7708881725665182
2008-05-26 04:00:00,1.6930191419995162
2008-05-26 05:00:00,1.7486285031588307
2008-05-26 06:00:00,1.6963548484009912
2008-05-26 07:00:00,1.6154655955614352
2008-05-26 08:00:00,1.4423058056310625
2008-05-26 09:00:00,1.3112442264044843
2008-05-26 10:00:00,1.1101301852052274
2008-05-26 11:00:00,0.7713418418885041
2008-05-26 12:00:00,0.5938120332593135
2008-05-26 13:00:00,0.41449570847817835
2008-05-26 14:00:00,0.3805697656966393
2008-05-26 15:00:00,0.568704054899251
2008-05-26 16:00:00,0.5023583654384591
2008-05-26 17:00:00,0.7320406501731959
2008-05-26 18:00:00,0.9796402838833258
2008-05-26 19:00:00,1.1371320704379673
2008-05-26 20:00:00,1.286586896052975
2008-05-26 21:00:00,1.4991089987179365
2008-05-26 22:00:00,1.5433483074611412
2008-05-26 23:00:00,1.713963519750664
2008-05-27 00:00:00,0.5381997929801995
2008-05-27 01:00:00,0.5483684088951857
2008-05-27 02:00:00,0.5583216832539561
2008-05-27 03:00:00,0.5661883504980152
2008-05-27 04:00:00,0.5674366480022525
2008-05-27 05:00:00,0.5259490634265596
2008-05-27 06:00:00,0.4669738754509122
2008-05-27 07:00:00,0.36123060280190883
2008-05-27 08:00:00,0.089396004296032
2008-05-27 09:00:00,0.018722351507168753
2008-05-27 10:00:00,0.017388284622920913
2008-05-27 11:00:00,0.003827838400583573
2008-05-27 12:00:00,0.003490710614392372
2008-05-27 13:00:00,0.0035745861235703894
2008-05-27 14:00:00,0.0034377616312590547
2008-05-27 15:00:00,0.003345419305143023
2008-05-27 16:00:00,0.043284748820790246
2008-05-27 17:00:00,0.1452064801259827
2008-05-27 18:00:00,0.21637510322123987
2008-05-27 19:00:00,0.22724498874459298
2008-05-27 20:00:00,0.21843762038749304
2008-05-27 21:00:00,0.22633626263427292
2008-05-27 22:00:00,0.3419599811863264
2008-05-27 23:00:00,0.38882269710726647
2008-05-28 00:00:00,0.23097222136395892
2008-05-28 01:00:00,0.25771087397195463
2008-05-28 02:00:00,0.20868914320588564
2008-05-28 03:00:00,0.27324181655270713
2008-05-28 04:00:00,0.29117013410323683
2008-05-28 05:00:00,0.29041650914848594
2008-05-28 06:00:00,0.28389550982342115
2008-05-28 07:00:00,0.2730397041748173
2008-05-28 08:00:00,0.2862512674661484
2008-05-28 09:00:00,0.26436460945763424
2008-05-28 10:00:00,0.24087680131684056
2008-05-28 11:00:00,0.23882669602351464
2008-05-28 12:00:00,0.2062519923229579
2008-05-28 13:00:00,0.09002127046538679
2008-05-28 14:00:00,0.0036645099469647733
2008-05-28 15:00:00,0.0039264356320720985
2008-05-28 16:00:00,0.01726082696251296
2008-05-28 17:00:00,0.01927369253760374
2008-05-28 18:00:00,0.23546098628837325
2008-05-28 19:00:00,0.26150003837118774
2008-05-28 20:00:00,0.2802645507735383
2008-05-28 21:00:00,0.2885455702669587
2008-05-28 22:00:00,0.2845185603478123
2008-05-28 23:00:00,0.28109800230527093
2008-05-29 00:00:00,1.07151302623889
2008-05-29 01:00:00,1.146420416429944
2008-05-29 02:00:00,1.2807687173501126
2008-05-29 03:00:00,1.3111783321721404
2008-05-29 04:00:00,1.328085183091239
2008-05-29 05:00:00,1.2868909673678337
2008-05-29 06:00:00,1.2740507010017728
2008-05-29 07:00:00,1.2157103153720932
2008-05-29 08:00:00,1.0437932762401432
2008-05-29 09:00:00,0.855593606398296
2008-05-29 10:00:00,0.6055449100105885
2008-05-29 11:00:00,0.4416487143510931
2008-05-29 12:00:00,0.24389355069284083
2008-05-29 13:00:00,0.41466563469773016
2008-05-29 14:00:00,0.45566621594942874
2008-05-29 15:00:00,0.5005636896190722
2008-05-29 16:00:00,0.5813079678364474
2008-05-29 17:00:00,1.071786153952187
2008-05-29 18:00:00,1.1597857830781544
2008-05-29 19:00:00,1.2037999118793972
2008-05-29 20:00:00,1.240458548464459
2008-05-29 21:00:00,1.2919873104555657
2008-05-29 22:00:00,1.3185388501149937
2008-05-29 23:00:00,1.3614730334443172
2008-05-30 00:00:00,3.262111028992921
2008-05-30 01:00:00,3.499118647130759
2008-05-30 02:00:00,3.7181620423030277
2008-05-30 03:00:00,3.7284108940959713
2008-05-30 04:00:00,3.636152594177019
2008-05-30 05:00:00,3.5309456310487053
2008-05-30 06:00:00,3.3496140270497445
2008-05-30 07:00:00,3.0691535672246224
2008-05-30 08:00:00,2.588110011899382
2008-05-30 09:00:00,1.1552174281568002
2008-05-30 10:00:00,1.1666815615429325
2008-05-30 11:00:00,0.9651761174555944
2008-05-30 12:00:00,0.7941256390951521
2008-05-30 13:00:00,0.7294149449238873
2008-05-30 14:00:00,0.805524954477405
2008-05-30 15:00:00,1.7945802978780692
2008-05-30 16:00:00,2.690939647496195
2008-05-30 17:00:00,2.9402335731885416
2008-05-30 18:00:00,3.1893096244888053
2008-05-30 19:00:00,3.4669361120808753
2008-05-30 20:00:00,3.5645782765407237
2008-05-30 21:00:00,3.6877786615162624
2008-05-30 22:00:00,3.8429536092993386
2008-05-30 23:00:00,4.069515319141458
2008-05-31 00:00:00,5.552547431835665
2008-05-31 01:00:00,5.669592776531459
2008-05-31 02:00:00,5.7419698655053155
2008-05-31 03:00:00,5.661801508720904
2008-05-31 04:00:00,5.669131604419248
2008-05-31 05:00:00,5.46863709656364
2008-05-31 06:00:00,5.114675187234883
2008-05-31 07:00:00,4.652645887447701
2008-05-31 08:00:00,3.912543215629707
2008-05-31 09:00:00,2.749415126452027
2008-05-31 10:00:00,1.8713301668054811
2008-05-31 11:00:00,2.404522989805414
2008-05-31 12:00:00,2.0297043542543256
2008-05-31 13:00:00,1.7871668392756384
2008-05-31 14:00:00,1.186330231592292
2008-05-31 15:00:00,1.9503889035845448
2008-05-31 16:00:00,1.261014702860373
2008-05-31 17:00:00,2.158495789044601
2008-05-31 18:00:00,3.192780974552644
2008-05-31 19:00:00,3.974400371377103
2008-05-31 20:00:00,4.371751544743921
2008-05-31 21:00:00,4.655122153256908
2008-05-31 22:00:00,4.860215566254754
2008-05-31 23:00:00,4.9475832254764605
2008-06-01 00:00:00,0.0
2008-06-01 01:00:00,0.0
2008-06-01 02:00:00,0.0
2008-06-01 03:00:00,0.0
2008-06-01 04:00:00,0.0
2008-06-01 05:00:00,0.0
2008-06-01 06:00:00,0.0
2008-06-01 07:00:00,0.0
2008-06-01 08:00:00,0.0
2008-06-01 09:00:00,0.0
2008-06-01 10:00:00,0.0
2008-06-01 11:00:00,0.0
2008-06-01 12:00:00,0.0
2008-06-01 13:00:00,0.0
2008-06-01 14:00:00,0.0
2008-06-01 15:00:00,0.0
2008-06-01 16:00:00,0.0
2008-06-01 17:00:00,0.0
2008-06-01 18:00:00,0.0
2008-06-01 19:00:00,0.0
2008-06-01 20:00:00,0.0
2008-06-01 21:00:00,0.0
2008-06-01 22:00:00,0.0
2008-06-01 23:00:00,0.0
2008-06-02 00:00:00,0.0
2008-06-02 01:00:00,0.0
2008-06-02 02:00:00,0.0
2008-06-02 03:00:00,0.0
2008-06-02 04:00:00,0.0
2008-06-02 05:00:00,0.0
2008-06-02 06:00:00,0.0
2008-06-02 07:00:00,0.0
2008-06-02 08:00:00,0.0
2008-06-02 09:00:00,0.0
2008-06-02 10:00:00,0.0
2008-06-02 11:00:00,0.0
2008-06-02 12:00:00,0.0
2008-06-02 13:00:00,0.0
2008-06-02 14:00:00,0.0
2008-06-02 15:00:00,0.0
2008-06-02 16:00:00,0.0
2008-06-02 17:00:00,0.0
2008-06-02 18:00:00,0.0
2008-06-02 19:00:00,0.0
2008-06-02 20:00:00,0.0
2008-06-02 21:00:00,0.0
2008-06-02 22:00:00,0.0
2008-06-02 23:00:00,0.0
2008-06-03 00:00:00,0.0
2008-06-03 01:00:00,0.0
2008-06-03 02:00:00,0.0
2008-06-03 03:00:00,0.0
2008-06-03 04:00:00,0.0
2008-06-03 05:00:00,0.0
2008-06-03 06:00:00,0.0
2008-06-03 07:00:00,0.0
2008-06-03 08:00:00,0.0
2008-06-03 09:00:00,0.0
2008-06-03 10:00:00,0.0
2008-06-03 11:00:00,0.0
2008-06-03 12:00:00,0.0
2008-06-03 13:00:00,0.0
2008-06-03 14:00:00,0.0
2008-06-03 15:00:00,0.0
2008-06-03 16:00:00,0.0
2008-06-03 17:00:00,0.0
2008-06-03 18:00:00,0.0
2008-06-03 19:00:00,0.0
2008-06-03 20:00:00,0.0
2008-06-03 21:00:00,0.0
2008-06-03 22:00:00,0.0
2008-06-03 23:00:00,0.0
2008-06-04 00:00:00,0.0
2008-06-04 01:00:00,0.0
2008-06-04 02:00:00,0.0
2008-06-04 03:00:00,0.0
2008-06-04 04:00:00,0.0
2008-06-04 05:00:00,0.0
2008-06-04 06:00:00,0.0
2008-06-04 07:00:00,0.0
2008-06-04 08:00:00,0.0
2008-06-04 09:00:00,0.0
2008-06-04 10:00:00,0.0
2008-06-04 11:00:00,0.0
2008-06-04 12:00:00,0.0
2008-06-04 13:00:00,0.0
2008-06-04 14:00:00,0.0
2008-06-04 15:00:00,0.0
2008-06-04 16:00:00,0.0
2008-06-04 17:00:00,0.0
2008-06-04 18:00:00,0.0
2008-06-04 19:00:00,0.0
2008-06-04 20:00:00,0.0
2008-06-04 21:00:00,0.0
2008-06-04 22:00:00,0.0
2008-06-04 23:00:00,0.0
2008-06-05 00:00:00,0.0
2008-06-05 01:00:00,0.0
2008-06-05 02:00:00,0.0
2008-06-05 03:00:00,0.0
2008-06-05 04:00:00,0.0
2008-06-05 05:00:00,0.0
2008-06-05 06:00:00,0.0
2008-06-05 07:00:00,0.0
2008-06-05 08:00:00,0.0
2008-06-05 09:00:00,0.0
2008-06-05 10:00:00,0.0
2008-06-05 11:00:00,0.0
2008-06-05 12:00:00,0.0
2008-06-05 13:00:00,0.0
2008-06-05 14:00:00,0.0
2008-06-05 15:00:00,0.0
2008-06-05 16:00:00,0.0
2008-06-05 17:00:00,0.0
2008-06-05 18:00:00,0.0
2008-06-05 19:00:00,0.0
2008-06-05 20:00:00,0.0
2008-06-05 21:00:00,0.0
2008-06-05 22:00:00,0.0
2008-06-05 23:00:00,0.0
2008-06-06 00:00:00,0.0
2008-06-06 01:00:00,0.0
2008-06-06 02:00:00,0.0
2008-06-06 03:00:00,0.0
2008-06-06 04:00:00,0.0
2008-06-06 05:00:00,0.0
2008-06-06 06:00:00,0.0
2008-06-06 07:00:00,0.0
2008-06-06 08:00:00,0.0
2008-06-06 09:00:00,0.0
2008-06-06 10:00:00,0.0
2008-06-06 11:00:00,0.0
2008-06-06 12:00:00,0.0
2008-06-06 13:00:00,0.0
2008-06-06 14:00:00,0.0
2008-06-06 15:00:00,0.0
2008-06-06 16:00:00,0.0
2008-06-06 17:00:00,0.0
2008-06-06 18:00:00,0.0
2008-06-06 19:00:00,0.0
2008-06-06 20:00:00,0.0
2008-06-06 21:00:00,0.0
2008-06-06 22:00:00,0.0
2008-06-06 23:00:00,0.0
2008-06-07 00:00:00,0.0
2008-06-07 01:00:00,0.0
2008-06-07 02:00:00,0.0
2008-06-07 03:00:00,0.0
2008-06-07 04:00:00,0.0
2008-06-07 05:00:00,0.0
2008-06-07 06:00:00,0.0
2008-06-07 07:00:00,0.0
2008-06-07 08:00:00,0.0
2008-06-07 09:00:00,0.0
2008-06-07 10:00:00,0.0
2008-06-07 11:00:00,0.0
2008-06-07 12:00:00,0.0
2008-06-07 13:00:00,0.0
2008-06-07 14:00:00,0.0
2008-06-07 15:00:00,0.0
2008-06-07 16:00:00,0.0
2008-06-07 17:00:00,0.0
2008-06-07 18:00:00,0.0
2008-06-07 19:00:00,0.0
2008-06-07 20:00:00,0.0
2008-06-07 21:00:00,0.0
2008-06-07 22:00:00,0.0
2008-06-07 23:00:00,0.0
2008-06-08 00:00:00,0.0
2008-06-08 01:00:00,0.0
2008-06-08 02:00:00,0.0
2008-06-08 03:00:00,0.0
2008-06-08 04:00:00,0.0
2008-06-08 05:00:00,0.0
2008-06-08 06:00:00,0.0
2008-06-08 07:00:00,0.0
2008-06-08 08:00:00,0.0
2008-06-08 09:00:00,0.0
2008-06-08 10:00:00,0.0
2008-06-08 11:00:00,0.0
2008-06-08 12:00:00,0.0
2008-06-08 13:00:00,0.0
2008-06-08 14:00:00,0.0
2008-06-08 15:00:00,0.0
2008-06-08 16:00:00,0.0
2008-06-08 17:00:00,0.0
2008-06-08 18:00:00,0.0
2008-06-08 19:00:00,0.0
2008-06-08 20:00:00,0.0
2008-06-08 21:00:00,0.0
2008-06-08 22:00:00,0.0
2008-06-08 23:00:00,0.0
2008-06-09 00:00:00,0.0
2008-06-09 01:00:00,0.0
2008-06-09 02:00:00,0.0
2008-06-09 03:00:00,0.0
2008-06-09 04:00:00,0.0
2008-06-09 05:00:00,0.0
2008-06-09 06:00:00,0.0
2008-06-09 07:00:00,0.0
2008-06-09 08:00:00,0.0
2008-06-09 09:00:00,0.0
2008-06-09 10:00:00,0.0
2008-06-09 11:00:00,0.0
2008-06-09 12:00:00,0.0
2008-06-09 13:00:00,0.0
2008-06-09 14:00:00,0.0
2008-06-09 15:00:00,0.0
2008-06-09 16:00:00,0.0
2008-06-09 17:00:00,0.0
2008-06-09 18:00:00,0.0
2008-06-09 19:00:00,0.0
2008-06-09 20:00:00,0.0
2008-06-09 21:00:00,0.0
2008-06-09 22:00:00,0.0
2008-06-09 23:00:00,0.0
2008-06-10 00:00:00,0.0
2008-06-10 01:00:00,0.0
2008-06-10 02:00:00,0.0
2008-06-10 03:00:00,0.0
2008-06-10 04:00:00,0.0
2008-06-10 05:00:00,0.0
2008-06-10 06:00:00,0.0
2008-06-10 07:00:00,0.0
2008-06-10 08:00:00,0.0
2008-06-10 09:00:00,0.0
2008-06-10 10:00:00,0.0
2008-06-10 11:00:00,0.0
2008-06-10 12:00:00,0.0
2008-06-10 13:00:00,0.0
2008-06-10 14:00:00,0.0
2008-06-10 15:00:00,0.0
2008-06-10 16:00:00,0.0
2008-06-10 17:00:00,0.0
2008-06-10 18:00:00,0.0
2008-06-10 19:00:00,0.0
2008-06-10 20:00:00,0.0
2008-06-10 21:00:00,0.0
2008-06-10 22:00:00,0.0
2008-06-10 23:00:00,0.0
2008-06-11 00:00:00,0.0
2008-06-11 01:00:00,0.0
2008-06-11 02:00:00,0.0
2008-06-11 03:00:00,0.0
2008-06-11 04:00:00,0.0
2008-06-11 05:00:00,0.0
2008-06-11 06:00:00,0.0
2008-06-11 07:00:00,0.0
2008-06-11 08:00:00,0.0
2008-06-11 09:00:00,0.0
2008-06-11 10:00:00,0.0
2008-06-11 11:00:00,0.0
2008-06-11 12:00:00,0.0
2008-06-11 13:00:00,0.0
2008-06-11 14:00:00,0.0
2008-06-11 15:00:00,0.0
2008-06-11 16:00:00,0.0
2008-06-11 17:00:00,0.0
2008-06-11 18:00:00,0.0
2008-06-11 19:00:00,0.0
2008-06-11 20:00:00,0.0
2008-06-11 21:00:00,0.0
2008-06-11 22:00:00,0.0
2008-06-11 23:00:00,0.0
2008-06-12 00:00:00,0.0
2008-06-12 01:00:00,0.0
2008-06-12 02:00:00,0.0
2008-06-12 03:00:00,0.0
2008-06-12 04:00:00,0.0
2008-06-12 05:00:00,0.0
2008-06-12 06:00:00,0.0
2008-06-12 07:00:00,0.0
2008-06-12 08:00:00,0.0
2008-06-12 09:00:00,0.0
2008-06-12 10:00:00,0.0
2008-06-12 11:00:00,0.0
2008-06-12 12:00:00,0.0
2008-06-12 13:00:00,0.0
2008-06-12 14:00:00,0.0
2008-06-12 15:00:00,0.0
2008-06-12 16:00:00,0.0
2008-06-12 17:00:00,0.0
2008-06-12 18:00:00,0.0
2008-06-12 19:00:00,0.0
2008-06-12 20:00:00,0.0
2008-06-12 21:00:00,0.0
2008-06-12 22:00:00,0.0
2008-06-12 23:00:00,0.0
2008-06-13 00:00:00,0.0
2008-06-13 01:00:00,0.0
2008-06-13 02:00:00,0.0
2008-06-13 03:00:00,0.0
2008-06-13 04:00:00,0.0
2008-06-13 05:00:00,0.0
2008-06-13 06:00:00,0.0
2008-06-13 07:00:00,0.0
2008-06-13 08:00:00,0.0
2008-06-13 09:00:00,0.0
2008-06-13 10:00:00,0.0
2008-06-13 11:00:00,0.0
2008-06-13 12:00:00,0.0
2008-06-13 13:00:00,0.0
2008-06-13 14:00:00,0.0
2008-06-13 15:00:00,0.0
2008-06-13 16:00:00,0.0
2008-06-13 17:00:00,0.0
2008-06-13 18:00:00,0.0
2008-06-13 19:00:00,0.0
2008-06-13 20:00:00,0.0
2008-06-13 21:00:00,0.0
2008-06-13 22:00:00,0.0
2008-06-13 23:00:00,0.0
2008-06-14 00:00:00,0.0
2008-06-14 01:00:00,0.0
2008-06-14 02:00:00,0.0
2008-06-14 03:00:00,0.0
2008-06-14 04:00:00,0.0
2008-06-14 05:00:00,0.0
2008-06-14 06:00:00,0.0
2008-06-14 07:00:00,0.0
2008-06-14 08:00:00,0.0
2008-06-14 09:00:00,0.0
2008-06-14 10:00:00,0.0
2008-06-14 11:00:00,0.0
2008-06-14 12:00:00,0.0
2008-06-14 13:00:00,0.0
2008-06-14 14:00:00,0.0
2008-06-14 15:00:00,0.0
2008-06-14 16:00:00,0.0
2008-06-14 17:00:00,0.0
2008-06-14 18:00:00,0.0
2008-06-14 19:00:00,0.0
2008-06-14 20:00:00,0.0
2008-06-14 21:00:00,0.0
2008-06-14 22:00:00,0.0
2008-06-14 23:00:00,0.0
2008-06-15 00:00:00,0.0
2008-06-15 01:00:00,0.0
2008-06-15 02:00:00,0.0
2008-06-15 03:00:00,0.0
2008-06-15 04:00:00,0.0
2008-06-15 05:00:00,0.0
2008-06-15 06:00:00,0.0
2008-06-15 07:00:00,0.0
2008-06-15 08:00:00,0.0
2008-06-15 09:00:00,0.0
2008-06-15 10:00:00,0.0
2008-06-15 11:00:00,0.0
2008-06-15 12:00:00,0.0
2008-06-15 13:00:00,0.0
2008-06-15 14:00:00,0.0
2008-06-15 15:00:00,0.0
2008-06-15 16:00:00,0.0
2008-06-15 17:00:00,0.0
2008-06-15 18:00:00,0.0
2008-06-15 19:00:00,0.0
2008-06-15 20:00:00,0.0
2008-06-15 21:00:00,0.0
2008-06-15 22:00:00,0.0
2008-06-15 23:00:00,0.0
2008-06-16 00:00:00,0.0
2008-06-16 01:00:00,0.0
2008-06-16 02:00:00,0.0
2008-06-16 03:00:00,0.0
2008-06-16 04:00:00,0.0
2008-06-16 05:00:00,0.0
2008-06-16 06:00:00,0.0
2008-06-16 07:00:00,0.0
2008-06-16 08:00:00,0.0
2008-06-16 09:00:00,0.0
2008-06-16 10:00:00,0.0
2008-06-16 11:00:00,0.0
2008-06-16 12:00:00,0.0
2008-06-16 13:00:00,0.0
2008-06-16 14:00:00,0.0
2008-06-16 15:00:00,0.0
2008-06-16 16:00:00,0.0
2008-06-16 17:00:00,0.0
2008-06-16 18:00:00,0.0
2008-06-16 19:00:00,0.0
2008-06-16 20:00:00,0.0
2008-06-16 21:00:00,0.0
2008-06-16 22:00:00,0.0
2008-06-16 23:00:00,0.0
2008-06-17 00:00:00,0.0
2008-06-17 01:00:00,0.0
2008-06-17 02:00:00,0.0
2008-06-17 03:00:00,0.0
2008-06-17 04:00:00,0.0
2008-06-17 05:00:00,0.0
2008-06-17 06:00:00,0.0
2008-06-17 07:00:00,0.0
2008-06-17 08:00:00,0.0
2008-06-17 09:00:00,0.0
2008-06-17 10:00:00,0.0
2008-06-17 11:00:00,0.0
2008-06-17 12:00:00,0.0
2008-06-17 13:00:00,0.0
2008-06-17 14:00:00,0.0
2008-06-17 15:00:00,0.0
2008-06-17 16:00:00,0.0
2008-06-17 17:00:00,0.0
2008-06-17 18:00:00,0.0
2008-06-17 19:00:00,0.0
2008-06-17 20:00:00,0.0
2008-06-17 21:00:00,0.0
2008-06-17 22:00:00,0.0
2008-06-17 23:00:00,0.0
2008-06-18 00:00:00,0.0
2008-06-18 01:00:00,0.0
2008-06-18 02:00:00,0.0
2008-06-18 03:00:00,0.0
2008-06-18 04:00:00,0.0
2008-06-18 05:00:00,0.0
2008-06-18 06:00:00,0.0
2008-06-18 07:00:00,0.0
2008-06-18 08:00:00,0.0
2008-06-18 09:00:00,0.0
2008-06-18 10:00:00,0.0
2008-06-18 11:00:00,0.0
2008-06-18 12:00:00,0.0
2008-06-18 13:00:00,0.0
2008-06-18 14:00:00,0.0
2008-06-18 15:00:00,0.0
2008-06-18 16:00:00,0.0
2008-06-18 17:00:00,0.0
2008-06-18 18:00:00,0.0
2008-06-18 19:00:00,0.0
2008-06-18 20:00:00,0.0
2008-06-18 21:00:00,0.0
2008-06-18 22:00:00,0.0
2008-06-18 23:00:00,0.0
2008-06-19 00:00:00,0.0
2008-06-19 01:00:00,0.0
2008-06-19 02:00:00,0.0
2008-06-19 03:00:00,0.0
2008-06-19 04:00:00,0.0
2008-06-19 05:00:00,0.0
2008-06-19 06:00:00,0.0
2008-06-19 07:00:00,0.0
2008-06-19 08:00:00,0.0
2008-06-19 09:00:00,0.0
2008-06-19 10:00:00,0.0
2008-06-19 11:00:00,0.0
2008-06-19 12:00:00,0.0
2008-06-19 13:00:00,0.0
2008-06-19 14:00:00,0.0
2008-06-19 15:00:00,0.0
2008-06-19 16:00:00,0.0
2008-06-19 17:00:00,0.0
2008-06-19 18:00:00,0.0
2008-06-19 19:00:00,0.0
2008-06-19 20:00:00,0.0
2008-06-19 21:00:00,0.0
2008-06-19 22:00:00,0.0
2008-06-19 23:00:00,0.0
2008-06-20 00:00:00,0.0
2008-06-20 01:00:00,0.0
2008-06-20 02:00:00,0.0
2008-06-20 03:00:00,0.0
2008-06-20 04:00:00,0.0
2008-06-20 05:00:00,0.0
2008-06-20 06:00:00,0.0
2008-06-20 07:00:00,0.0
2008-06-20 08:00:00,0.0
2008-06-20 09:00:00,0.0
2008-06-20 10:00:00,0.0
2008-06-20 11:00:00,0.0
2008-06-20 12:00:00,0.0
2008-06-20 13:00:00,0.0
2008-06-20 14:00:00,0.0
2008-06-20 15:00:00,0.0
2008-06-20 16:00:00,0.0
2008-06-20 17:00:00,0.0
2008-06-20 18:00:00,0.0
2008-06-20 19:00:00,0.0
2008-06-20 20:00:00,0.0
2008-06-20 21:00:00,0.0
2008-06-20 22:00:00,0.0
2008-06-20 23:00:00,0.0
2008-06-21 00:00:00,0.0
2008-06-21 01:00:00,0.0
2008-06-21 02:00:00,0.0
2008-06-21 03:00:00,0.0
2008-06-21 04:00:00,0.0
2008-06-21 05:00:00,0.0
2008-06-21 06:00:00,0.0
2008-06-21 07:00:00,0.0
2008-06-21 08:00:00,0.0
2008-06-21 09:00:00,0.0
2008-06-21 10:00:00,0.0
2008-06-21 11:00:00,0.0
2008-06-21 12:00:00,0.0
2008-06-21 13:00:00,0.0
2008-06-21 14:00:00,0.0
2008-06-21 15:00:00,0.0
2008-06-21 16:00:00,0.0
2008-06-21 17:00:00,0.0
2008-06-21 18:00:00,0.0
2008-06-21 19:00:00,0.0
2008-06-21 20:00:00,0.0
2008-06-21 21:00:00,0.0
2008-06-21 22:00:00,0.0
2008-06-21 23:00:00,0.0
2008-06-22 00:00:00,0.0
2008-06-22 01:00:00,0.0
2008-06-22 02:00:00,0.0
2008-06-22 03:00:00,0.0
2008-06-22 04:00:00,0.0
2008-06-22 05:00:00,0.0
2008-06-22 06:00:00,0.0
2008-06-22 07:00:00,0.0
2008-06-22 08:00:00,0.0
2008-06-22 09:00:00,0.0
2008-06-22 10:00:00,0.0
2008-06-22 11:00:00,0.0
2008-06-22 12:00:00,0.0
2008-06-22 13:00:00,0.0
2008-06-22 14:00:00,0.0
2008-06-22 15:00:00,0.0
2008-06-22 16:00:00,0.0
2008-06-22 17:00:00,0.0
2008-06-22 18:00:00,0.0
2008-06-22 19:00:00,0.0
2008-06-22 20:00:00,0.0
2008-06-22 21:00:00,0.0
2008-06-22 22:00:00,0.0
2008-06-22 23:00:00,0.0
2008-06-23 00:00:00,0.0
2008-06-23 01:00:00,0.0
2008-06-23 02:00:00,0.0
2008-06-23 03:00:00,0.0
2008-06-23 04:00:00,0.0
2008-06-23 05:00:00,0.0
2008-06-23 06:00:00,0.0
2008-06-23 07:00:00,0.0
2008-06-23 08:00:00,0.0
2008-06-23 09:00:00,0.0
2008-06-23 10:00:00,0.0
2008-06-23 11:00:00,0.0
2008-06-23 12:00:00,0.0
2008-06-23 13:00:00,0.0
2008-06-23 14:00:00,0.0
2008-06-23 15:00:00,0.0
2008-06-23 16:00:00,0.0
2008-06-23 17:00:00,0.0
2008-06-23 18:00:00,0.0
2008-06-23 19:00:00,0.0
2008-06-23 20:00:00,0.0
2008-06-23 21:00:00,0.0
2008-06-23 22:00:00,0.0
2008-06-23 23:00:00,0.0
2008-06-24 00:00:00,0.0
2008-06-24 01:00:00,0.0
2008-06-24 02:00:00,0.0
2008-06-24 03:00:00,0.0
2008-06-24 04:00:00,0.0
2008-06-24 05:00:00,0.0
2008-06-24 06:00:00,0.0
2008-06-24 07:00:00,0.0
2008-06-24 08:00:00,0.0
2008-06-24 09:00:00,0.0
2008-06-24 10:00:00,0.0
2008-06-24 11:00:00,0.0
2008-06-24 12:00:00,0.0
2008-06-24 13:00:00,0.0
2008-06-24 14:00:00,0.0
2008-06-24 15:00:00,0.0
2008-06-24 16:00:00,0.0
2008-06-24 17:00:00,0.0
2008-06-24 18:00:00,0.0
2008-06-24 19:00:00,0.0
2008-06-24 20:00:00,0.0
2008-06-24 21:00:00,0.0
2008-06-24 22:00:00,0.0
2008-06-24 23:00:00,0.0
2008-06-25 00:00:00,0.0
2008-06-25 01:00:00,0.0
2008-06-25 02:00:00,0.0
2008-06-25 03:00:00,0.0
2008-06-25 04:00:00,0.0
2008-06-25 05:00:00,0.0
2008-06-25 06:00:00,0.0
2008-06-25 07:00:00,0.0
2008-06-25 08:00:00,0.0
2008-06-25 09:00:00,0.0
2008-06-25 10:00:00,0.0
2008-06-25 11:00:00,0.0
2008-06-25 12:00:00,0.0
2008-06-25 13:00:00,0.0
2008-06-25 14:00:00,0.0
2008-06-25 15:00:00,0.0
2008-06-25 16:00:00,0.0
2008-06-25 17:00:00,0.0
2008-06-25 18:00:00,0.0
2008-06-25 19:00:00,0.0
2008-06-25 20:00:00,0.0
2008-06-25 21:00:00,0.0
2008-06-25 22:00:00,0.0
2008-06-25 23:00:00,0.0
2008-06-26 00:00:00,0.0
2008-06-26 01:00:00,0.0
2008-06-26 02:00:00,0.0
2008-06-26 03:00:00,0.0
2008-06-26 04:00:00,0.0
2008-06-26 05:00:00,0.0
2008-06-26 06:00:00,0.0
2008-06-26 07:00:00,0.0
2008-06-26 08:00:00,0.0
2008-06-26 09:00:00,0.0
2008-06-26 10:00:00,0.0
2008-06-26 11:00:00,0.0
2008-06-26 12:00:00,0.0
2008-06-26 13:00:00,0.0
2008-06-26 14:00:00,0.0
2008-06-26 15:00:00,0.0
2008-06-26 16:00:00,0.0
2008-06-26 17:00:00,0.0
2008-06-26 18:00:00,0.0
2008-06-26 19:00:00,0.0
2008-06-26 20:00:00,0.0
2008-06-26 21:00:00,0.0
2008-06-26 22:00:00,0.0
2008-06-26 23:00:00,0.0
2008-06-27 00:00:00,0.0
2008-06-27 01:00:00,0.0
2008-06-27 02:00:00,0.0
2008-06-27 03:00:00,0.0
2008-06-27 04:00:00,0.0
2008-06-27 05:00:00,0.0
2008-06-27 06:00:00,0.0
2008-06-27 07:00:00,0.0
2008-06-27 08:00:00,0.0
2008-06-27 09:00:00,0.0
2008-06-27 10:00:00,0.0
2008-06-27 11:00:00,0.0
2008-06-27 12:00:00,0.0
2008-06-27 13:00:00,0.0
2008-06-27 14:00:00,0.0
2008-06-27 15:00:00,0.0
2008-06-27 16:00:00,0.0
2008-06-27 17:00:00,0.0
2008-06-27 18:00:00,0.0
2008-06-27 19:00:00,0.0
2008-06-27 20:00:00,0.0
2008-06-27 21:00:00,0.0
2008-06-27 22:00:00,0.0
2008-06-27 23:00:00,0.0
2008-06-28 00:00:00,0.0
2008-06-28 01:00:00,0.0
2008-06-28 02:00:00,0.0
2008-06-28 03:00:00,0.0
2008-06-28 04:00:00,0.0
2008-06-28 05:00:00,0.0
2008-06-28 06:00:00,0.0
2008-06-28 07:00:00,0.0
2008-06-28 08:00:00,0.0
2008-06-28 09:00:00,0.0
2008-06-28 10:00:00,0.0
2008-06-28 11:00:00,0.0
2008-06-28 12:00:00,0.0
2008-06-28 13:00:00,0.0
2008-06-28 14:00:00,0.0
2008-06-28 15:00:00,0.0
2008-06-28 16:00:00,0.0
2008-06-28 17:00:00,0.0
2008-06-28 18:00:00,0.0
2008-06-28 19:00:00,0.0
2008-06-28 20:00:00,0.0
2008-06-28 21:00:00,0.0
2008-06-28 22:00:00,0.0
2008-06-28 23:00:00,0.0
2008-06-29 00:00:00,0.0
2008-06-29 01:00:00,0.0
2008-06-29 02:00:00,0.0
2008-06-29 03:00:00,0.0
2008-06-29 04:00:00,0.0
2008-06-29 05:00:00,0.0
2008-06-29 06:00:00,0.0
2008-06-29 07:00:00,0.0
2008-06-29 08:00:00,0.0
2008-06-29 09:00:00,0.0
2008-06-29 10:00:00,0.0
2008-06-29 11:00:00,0.0
2008-06-29 12:00:00,0.0
2008-06-29 13:00:00,0.0
2008-06-29 14:00:00,0.0
2008-06-29 15:00:00,0.0
2008-06-29 16:00:00,0.0
2008-06-29 17:00:00,0.0
2008-06-29 18:00:00,0.0
2008-06-29 19:00:00,0.0
2008-06-29 20:00:00,0.0
2008-06-29 21:00:00,0.0
2008-06-29 22:00:00,0.0
2008-06-29 23:00:00,0.0
2008-06-30 00:00:00,0.0
2008-06-30 01:00:00,0.0
2008-06-30 02:00:00,0.0
2008-06-30 03:00:00,0.0
2008-06-30 04:00:00,0.0
2008-06-30 05:00:00,0.0
2008-06-30 06:00:00,0.0
2008-06-30 07:00:00,0.0
2008-06-30 08:00:00,0.0
2008-06-30 09:00:00,0.0
2008-06-30 10:00:00,0.0
2008-06-30 11:00:00,0.0
2008-06-30 12:00:00,0.0
2008-06-30 13:00:00,0.0
2008-06-30 14:00:00,0.0
2008-06-30 15:00:00,0.0
2008-06-30 16:00:00,0.0
2008-06-30 17:00:00,0.0
2008-06-30 18:00:00,0.0
2008-06-30 19:00:00,0.0
2008-06-30 20:00:00,0.0
2008-06-30 21:00:00,0.0
2008-06-30 22:00:00,0.0
2008-06-30 23:00:00,0.0
2008-07-01 00:00:00,0.0
2008-07-01 01:00:00,0.0
2008-07-01 02:00:00,0.0
2008-07-01 03:00:00,0.0
2008-07-01 04:00:00,0.0
2008-07-01 05:00:00,0.0
2008-07-01 06:00:00,0.0
2008-07-01 07:00:00,0.0
2008-07-01 08:00:00,0.0
2008-07-01 09:00:00,0.0
2008-07-01 10:00:00,0.0
2008-07-01 11:00:00,0.0
2008-07-01 12:00:00,0.0
2008-07-01 13:00:00,0.0
2008-07-01 14:00:00,0.0
2008-07-01 15:00:00,0.0
2008-07-01 16:00:00,0.0
2008-07-01 17:00:00,0.0
2008-07-01 18:00:00,0.0
2008-07-01 19:00:00,0.0
2008-07-01 20:00:00,0.0
2008-07-01 21:00:00,0.0
2008-07-01 22:00:00,0.0
2008-07-01 23:00:00,0.0
2008-07-02 00:00:00,0.0
2008-07-02 01:00:00,0.0
2008-07-02 02:00:00,0.0
2008-07-02 03:00:00,0.0
2008-07-02 04:00:00,0.0
2008-07-02 05:00:00,0.0
2008-07-02 06:00:00,0.0
2008-07-02 07:00:00,0.0
2008-07-02 08:00:00,0.0
2008-07-02 09:00:00,0.0
2008-07-02 10:00:00,0.0
2008-07-02 11:00:00,0.0
2008-07-02 12:00:00,0.0
2008-07-02 13:00:00,0.0
2008-07-02 14:00:00,0.0
2008-07-02 15:00:00,0.0
2008-07-02 16:00:00,0.0
2008-07-02 17:00:00,0.0
2008-07-02 18:00:00,0.0
2008-07-02 19:00:00,0.0
2008-07-02 20:00:00,0.0
2008-07-02 21:00:00,0.0
2008-07-02 22:00:00,0.0
2008-07-02 23:00:00,0.0
2008-07-03 00:00:00,0.0
2008-07-03 01:00:00,0.0
2008-07-03 02:00:00,0.0
2008-07-03 03:00:00,0.0
2008-07-03 04:00:00,0.0
2008-07-03 05:00:00,0.0
2008-07-03 06:00:00,0.0
2008-07-03 07:00:00,0.0
2008-07-03 08:00:00,0.0
2008-07-03 09:00:00,0.0
2008-07-03 10:00:00,0.0
2008-07-03 11:00:00,0.0
2008-07-03 12:00:00,0.0
2008-07-03 13:00:00,0.0
2008-07-03 14:00:00,0.0
2008-07-03 15:00:00,0.0
2008-07-03 16:00:00,0.0
2008-07-03 17:00:00,0.0
2008-07-03 18:00:00,0.0
2008-07-03 19:00:00,0.0
2008-07-03 20:00:00,0.0
2008-07-03 21:00:00,0.0
2008-07-03 22:00:00,0.0
2008-07-03 23:00:00,0.0
2008-07-04 00:00:00,0.0
2008-07-04 01:00:00,0.0
2008-07-04 02:00:00,0.0
2008-07-04 03:00:00,0.0
2008-07-04 04:00:00,0.0
2008-07-04 05:00:00,0.0
2008-07-04 06:00:00,0.0
2008-07-04 07:00:00,0.0
2008-07-04 08:00:00,0.0
2008-07-04 09:00:00,0.0
2008-07-04 10:00:00,0.0
2008-07-04 11:00:00,0.0
2008-07-04 12:00:00,0.0
2008-07-04 13:00:00,0.0
2008-07-04 14:00:00,0.0
2008-07-04 15:00:00,0.0
2008-07-04 16:00:00,0.0
2008-07-04 17:00:00,0.0
2008-07-04 18:00:00,0.0
2008-07-04 19:00:00,0.0
2008-07-04 20:00:00,0.0
2008-07-04 21:00:00,0.0
2008-07-04 22:00:00,0.0
2008-07-04 23:00:00,0.0
2008-07-05 00:00:00,0.0
2008-07-05 01:00:00,0.0
2008-07-05 02:00:00,0.0
2008-07-05 03:00:00,0.0
2008-07-05 04:00:00,0.0
2008-07-05 05:00:00,0.0
2008-07-05 06:00:00,0.0
2008-07-05 07:00:00,0.0
2008-07-05 08:00:00,0.0
2008-07-05 09:00:00,0.0
2008-07-05 10:00:00,0.0
2008-07-05 11:00:00,0.0
2008-07-05 12:00:00,0.0
2008-07-05 13:00:00,0.0
2008-07-05 14:00:00,0.0
2008-07-05 15:00:00,0.0
2008-07-05 16:00:00,0.0
2008-07-05 17:00:00,0.0
2008-07-05 18:00:00,0.0
2008-07-05 19:00:00,0.0
2008-07-05 20:00:00,0.0
2008-07-05 21:00:00,0.0
2008-07-05 22:00:00,0.0
2008-07-05 23:00:00,0.0
2008-07-06 00:00:00,0.0
2008-07-06 01:00:00,0.0
2008-07-06 02:00:00,0.0
2008-07-06 03:00:00,0.0
2008-07-06 04:00:00,0.0
2008-07-06 05:00:00,0.0
2008-07-06 06:00:00,0.0
2008-07-06 07:00:00,0.0
2008-07-06 08:00:00,0.0
2008-07-06 09:00:00,0.0
2008-07-06 10:00:00,0.0
2008-07-06 11:00:00,0.0
2008-07-06 12:00:00,0.0
2008-07-06 13:00:00,0.0
2008-07-06 14:00:00,0.0
2008-07-06 15:00:00,0.0
2008-07-06 16:00:00,0.0
2008-07-06 17:00:00,0.0
2008-07-06 18:00:00,0.0
2008-07-06 19:00:00,0.0
2008-07-06 20:00:00,0.0
2008-07-06 21:00:00,0.0
2008-07-06 22:00:00,0.0
2008-07-06 23:00:00,0.0
2008-07-07 00:00:00,0.0
2008-07-07 01:00:00,0.0
2008-07-07 02:00:00,0.0
2008-07-07 03:00:00,0.0
2008-07-07 04:00:00,0.0
2008-07-07 05:00:00,0.0
2008-07-07 06:00:00,0.0
2008-07-07 07:00:00,0.0
2008-07-07 08:00:00,0.0
2008-07-07 09:00:00,0.0
2008-07-07 10:00:00,0.0
2008-07-07 11:00:00,0.0
2008-07-07 12:00:00,0.0
2008-07-07 13:00:00,0.0
2008-07-07 14:00:00,0.0
2008-07-07 15:00:00,0.0
2008-07-07 16:00:00,0.0
2008-07-07 17:00:00,0.0
2008-07-07 18:00:00,0.0
2008-07-07 19:00:00,0.0
2008-07-07 20:00:00,0.0
2008-07-07 21:00:00,0.0
2008-07-07 22:00:00,0.0
2008-07-07 23:00:00,0.0
2008-07-08 00:00:00,0.0
2008-07-08 01:00:00,0.0
2008-07-08 02:00:00,0.0
2008-07-08 03:00:00,0.0
2008-07-08 04:00:00,0.0
2008-07-08 05:00:00,0.0
2008-07-08 06:00:00,0.0
2008-07-08 07:00:00,0.0
2008-07-08 08:00:00,0.0
2008-07-08 09:00:00,0.0
2008-07-08 10:00:00,0.0
2008-07-08 11:00:00,0.0
2008-07-08 12:00:00,0.0
2008-07-08 13:00:00,0.0
2008-07-08 14:00:00,0.0
2008-07-08 15:00:00,0.0
2008-07-08 16:00:00,0.0
2008-07-08 17:00:00,0.0
2008-07-08 18:00:00,0.0
2008-07-08 19:00:00,0.0
2008-07-08 20:00:00,0.0
2008-07-08 21:00:00,0.0
2008-07-08 22:00:00,0.0
2008-07-08 23:00:00,0.0
2008-07-09 00:00:00,0.0
2008-07-09 01:00:00,0.0
2008-07-09 02:00:00,0.0
2008-07-09 03:00:00,0.0
2008-07-09 04:00:00,0.0
2008-07-09 05:00:00,0.0
2008-07-09 06:00:00,0.0
2008-07-09 07:00:00,0.0
2008-07-09 08:00:00,0.0
2008-07-09 09:00:00,0.0
2008-07-09 10:00:00,0.0
2008-07-09 11:00:00,0.0
2008-07-09 12:00:00,0.0
2008-07-09 13:00:00,0.0
2008-07-09 14:00:00,0.0
2008-07-09 15:00:00,0.0
2008-07-09 16:00:00,0.0
2008-07-09 17:00:00,0.0
2008-07-09 18:00:00,0.0
2008-07-09 19:00:00,0.0
2008-07-09 20:00:00,0.0
2008-07-09 21:00:00,0.0
2008-07-09 22:00:00,0.0
2008-07-09 23:00:00,0.0
2008-07-10 00:00:00,0.0
2008-07-10 01:00:00,0.0
2008-07-10 02:00:00,0.0
2008-07-10 03:00:00,0.0
2008-07-10 04:00:00,0.0
2008-07-10 05:00:00,0.0
2008-07-10 06:00:00,0.0
2008-07-10 07:00:00,0.0
2008-07-10 08:00:00,0.0
2008-07-10 09:00:00,0.0
2008-07-10 10:00:00,0.0
2008-07-10 11:00:00,0.0
2008-07-10 12:00:00,0.0
2008-07-10 13:00:00,0.0
2008-07-10 14:00:00,0.0
2008-07-10 15:00:00,0.0
2008-07-10 16:00:00,0.0
2008-07-10 17:00:00,0.0
2008-07-10 18:00:00,0.0
2008-07-10 19:00:00,0.0
2008-07-10 20:00:00,0.0
2008-07-10 21:00:00,0.0
2008-07-10 22:00:00,0.0
2008-07-10 23:00:00,0.0
2008-07-11 00:00:00,0.0
2008-07-11 01:00:00,0.0
2008-07-11 02:00:00,0.0
2008-07-11 03:00:00,0.0
2008-07-11 04:00:00,0.0
2008-07-11 05:00:00,0.0
2008-07-11 06:00:00,0.0
2008-07-11 07:00:00,0.0
2008-07-11 08:00:00,0.0
2008-07-11 09:00:00,0.0
2008-07-11 10:00:00,0.0
2008-07-11 11:00:00,0.0
2008-07-11 12:00:00,0.0
2008-07-11 13:00:00,0.0
2008-07-11 14:00:00,0.0
2008-07-11 15:00:00,0.0
2008-07-11 16:00:00,0.0
2008-07-11 17:00:00,0.0
2008-07-11 18:00:00,0.0
2008-07-11 19:00:00,0.0
2008-07-11 20:00:00,0.0
2008-07-11 21:00:00,0.0
2008-07-11 22:00:00,0.0
2008-07-11 23:00:00,0.0
2008-07-12 00:00:00,0.0
2008-07-12 01:00:00,0.0
2008-07-12 02:00:00,0.0
2008-07-12 03:00:00,0.0
2008-07-12 04:00:00,0.0
2008-07-12 05:00:00,0.0
2008-07-12 06:00:00,0.0
2008-07-12 07:00:00,0.0
2008-07-12 08:00:00,0.0
2008-07-12 09:00:00,0.0
2008-07-12 10:00:00,0.0
2008-07-12 11:00:00,0.0
2008-07-12 12:00:00,0.0
2008-07-12 13:00:00,0.0
2008-07-12 14:00:00,0.0
2008-07-12 15:00:00,0.0
2008-07-12 16:00:00,0.0
2008-07-12 17:00:00,0.0
2008-07-12 18:00:00,0.0
2008-07-12 19:00:00,0.0
2008-07-12 20:00:00,0.0
2008-07-12 21:00:00,0.0
2008-07-12 22:00:00,0.0
2008-07-12 23:00:00,0.0
2008-07-13 00:00:00,0.0
2008-07-13 01:00:00,0.0
2008-07-13 02:00:00,0.0
2008-07-13 03:00:00,0.0
2008-07-13 04:00:00,0.0
2008-07-13 05:00:00,0.0
2008-07-13 06:00:00,0.0
2008-07-13 07:00:00,0.0
2008-07-13 08:00:00,0.0
2008-07-13 09:00:00,0.0
2008-07-13 10:00:00,0.0
2008-07-13 11:00:00,0.0
2008-07-13 12:00:00,0.0
2008-07-13 13:00:00,0.0
2008-07-13 14:00:00,0.0
2008-07-13 15:00:00,0.0
2008-07-13 16:00:00,0.0
2008-07-13 17:00:00,0.0
2008-07-13 18:00:00,0.0
2008-07-13 19:00:00,0.0
2008-07-13 20:00:00,0.0
2008-07-13 21:00:00,0.0
2008-07-13 22:00:00,0.0
2008-07-13 23:00:00,0.0
2008-07-14 00:00:00,0.0
2008-07-14 01:00:00,0.0
2008-07-14 02:00:00,0.0
2008-07-14 03:00:00,0.0
2008-07-14 04:00:00,0.0
2008-07-14 05:00:00,0.0
2008-07-14 06:00:00,0.0
2008-07-14 07:00:00,0.0
2008-07-14 08:00:00,0.0
2008-07-14 09:00:00,0.0
2008-07-14 10:00:00,0.0
2008-07-14 11:00:00,0.0
2008-07-14 12:00:00,0.0
2008-07-14 13:00:00,0.0
2008-07-14 14:00:00,0.0
2008-07-14 15:00:00,0.0
2008-07-14 16:00:00,0.0
2008-07-14 17:00:00,0.0
2008-07-14 18:00:00,0.0
2008-07-14 19:00:00,0.0
2008-07-14 20:00:00,0.0
2008-07-14 21:00:00,0.0
2008-07-14 22:00:00,0.0
2008-07-14 23:00:00,0.0
2008-07-15 00:00:00,0.0
2008-07-15 01:00:00,0.0
2008-07-15 02:00:00,0.0
2008-07-15 03:00:00,0.0
2008-07-15 04:00:00,0.0
2008-07-15 05:00:00,0.0
2008-07-15 06:00:00,0.0
2008-07-15 07:00:00,0.0
2008-07-15 08:00:00,0.0
2008-07-15 09:00:00,0.0
2008-07-15 10:00:00,0.0
2008-07-15 11:00:00,0.0
2008-07-15 12:00:00,0.0
2008-07-15 13:00:00,0.0
2008-07-15 14:00:00,0.0
2008-07-15 15:00:00,0.0
2008-07-15 16:00:00,0.0
2008-07-15 17:00:00,0.0
2008-07-15 18:00:00,0.0
2008-07-15 19:00:00,0.0
2008-07-15 20:00:00,0.0
2008-07-15 21:00:00,0.0
2008-07-15 22:00:00,0.0
2008-07-15 23:00:00,0.0
2008-07-16 00:00:00,0.0
2008-07-16 01:00:00,0.0
2008-07-16 02:00:00,0.0
2008-07-16 03:00:00,0.0
2008-07-16 04:00:00,0.0
2008-07-16 05:00:00,0.0
2008-07-16 06:00:00,0.0
2008-07-16 07:00:00,0.0
2008-07-16 08:00:00,0.0
2008-07-16 09:00:00,0.0
2008-07-16 10:00:00,0.0
2008-07-16 11:00:00,0.0
2008-07-16 12:00:00,0.0
2008-07-16 13:00:00,0.0
2008-07-16 14:00:00,0.0
2008-07-16 15:00:00,0.0
2008-07-16 16:00:00,0.0
2008-07-16 17:00:00,0.0
2008-07-16 18:00:00,0.0
2008-07-16 19:00:00,0.0
2008-07-16 20:00:00,0.0
2008-07-16 21:00:00,0.0
2008-07-16 22:00:00,0.0
2008-07-16 23:00:00,0.0
2008-07-17 00:00:00,0.0
2008-07-17 01:00:00,0.0
2008-07-17 02:00:00,0.0
2008-07-17 03:00:00,0.0
2008-07-17 04:00:00,0.0
2008-07-17 05:00:00,0.0
2008-07-17 06:00:00,0.0
2008-07-17 07:00:00,0.0
2008-07-17 08:00:00,0.0
2008-07-17 09:00:00,0.0
2008-07-17 10:00:00,0.0
2008-07-17 11:00:00,0.0
2008-07-17 12:00:00,0.0
2008-07-17 13:00:00,0.0
2008-07-17 14:00:00,0.0
2008-07-17 15:00:00,0.0
2008-07-17 16:00:00,0.0
2008-07-17 17:00:00,0.0
2008-07-17 18:00:00,0.0
2008-07-17 19:00:00,0.0
2008-07-17 20:00:00,0.0
2008-07-17 21:00:00,0.0
2008-07-17 22:00:00,0.0
2008-07-17 23:00:00,0.0
2008-07-18 00:00:00,0.0
2008-07-18 01:00:00,0.0
2008-07-18 02:00:00,0.0
2008-07-18 03:00:00,0.0
2008-07-18 04:00:00,0.0
2008-07-18 05:00:00,0.0
2008-07-18 06:00:00,0.0
2008-07-18 07:00:00,0.0
2008-07-18 08:00:00,0.0
2008-07-18 09:00:00,0.0
2008-07-18 10:00:00,0.0
2008-07-18 11:00:00,0.0
2008-07-18 12:00:00,0.0
2008-07-18 13:00:00,0.0
2008-07-18 14:00:00,0.0
2008-07-18 15:00:00,0.0
2008-07-18 16:00:00,0.0
2008-07-18 17:00:00,0.0
2008-07-18 18:00:00,0.0
2008-07-18 19:00:00,0.0
2008-07-18 20:00:00,0.0
2008-07-18 21:00:00,0.0
2008-07-18 22:00:00,0.0
2008-07-18 23:00:00,0.0
2008-07-19 00:00:00,0.0
2008-07-19 01:00:00,0.0
2008-07-19 02:00:00,0.0
2008-07-19 03:00:00,0.0
2008-07-19 04:00:00,0.0
2008-07-19 05:00:00,0.0
2008-07-19 06:00:00,0.0
2008-07-19 07:00:00,0.0
2008-07-19 08:00:00,0.0
2008-07-19 09:00:00,0.0
2008-07-19 10:00:00,0.0
2008-07-19 11:00:00,0.0
2008-07-19 12:00:00,0.0
2008-07-19 13:00:00,0.0
2008-07-19 14:00:00,0.0
2008-07-19 15:00:00,0.0
2008-07-19 16:00:00,0.0
2008-07-19 17:00:00,0.0
2008-07-19 18:00:00,0.0
2008-07-19 19:00:00,0.0
2008-07-19 20:00:00,0.0
2008-07-19 21:00:00,0.0
2008-07-19 22:00:00,0.0
2008-07-19 23:00:00,0.0
2008-07-20 00:00:00,0.0
2008-07-20 01:00:00,0.0
2008-07-20 02:00:00,0.0
2008-07-20 03:00:00,0.0
2008-07-20 04:00:00,0.0
2008-07-20 05:00:00,0.0
2008-07-20 06:00:00,0.0
2008-07-20 07:00:00,0.0
2008-07-20 08:00:00,0.0
2008-07-20 09:00:00,0.0
2008-07-20 10:00:00,0.0
2008-07-20 11:00:00,0.0
2008-07-20 12:00:00,0.0
2008-07-20 13:00:00,0.0
2008-07-20 14:00:00,0.0
2008-07-20 15:00:00,0.0
2008-07-20 16:00:00,0.0
2008-07-20 17:00:00,0.0
2008-07-20 18:00:00,0.0
2008-07-20 19:00:00,0.0
2008-07-20 20:00:00,0.0
2008-07-20 21:00:00,0.0
2008-07-20 22:00:00,0.0
2008-07-20 23:00:00,0.0
2008-07-21 00:00:00,0.0
2008-07-21 01:00:00,0.0
2008-07-21 02:00:00,0.0
2008-07-21 03:00:00,0.0
2008-07-21 04:00:00,0.0
2008-07-21 05:00:00,0.0
2008-07-21 06:00:00,0.0
2008-07-21 07:00:00,0.0
2008-07-21 08:00:00,0.0
2008-07-21 09:00:00,0.0
2008-07-21 10:00:00,0.0
2008-07-21 11:00:00,0.0
2008-07-21 12:00:00,0.0
2008-07-21 13:00:00,0.0
2008-07-21 14:00:00,0.0
2008-07-21 15:00:00,0.0
2008-07-21 16:00:00,0.0
2008-07-21 17:00:00,0.0
2008-07-21 18:00:00,0.0
2008-07-21 19:00:00,0.0
2008-07-21 20:00:00,0.0
2008-07-21 21:00:00,0.0
2008-07-21 22:00:00,0.0
2008-07-21 23:00:00,0.0
2008-07-22 00:00:00,0.0
2008-07-22 01:00:00,0.0
2008-07-22 02:00:00,0.0
2008-07-22 03:00:00,0.0
2008-07-22 04:00:00,0.0
2008-07-22 05:00:00,0.0
2008-07-22 06:00:00,0.0
2008-07-22 07:00:00,0.0
2008-07-22 08:00:00,0.0
2008-07-22 09:00:00,0.0
2008-07-22 10:00:00,0.0
2008-07-22 11:00:00,0.0
2008-07-22 12:00:00,0.0
2008-07-22 13:00:00,0.0
2008-07-22 14:00:00,0.0
2008-07-22 15:00:00,0.0
2008-07-22 16:00:00,0.0
2008-07-22 17:00:00,0.0
2008-07-22 18:00:00,0.0
2008-07-22 19:00:00,0.0
2008-07-22 20:00:00,0.0
2008-07-22 21:00:00,0.0
2008-07-22 22:00:00,0.0
2008-07-22 23:00:00,0.0
2008-07-23 00:00:00,0.0
2008-07-23 01:00:00,0.0
2008-07-23 02:00:00,0.0
2008-07-23 03:00:00,0.0
2008-07-23 04:00:00,0.0
2008-07-23 05:00:00,0.0
2008-07-23 06:00:00,0.0
2008-07-23 07:00:00,0.0
2008-07-23 08:00:00,0.0
2008-07-23 09:00:00,0.0
2008-07-23 10:00:00,0.0
2008-07-23 11:00:00,0.0
2008-07-23 12:00:00,0.0
2008-07-23 13:00:00,0.0
2008-07-23 14:00:00,0.0
2008-07-23 15:00:00,0.0
2008-07-23 16:00:00,0.0
2008-07-23 17:00:00,0.0
2008-07-23 18:00:00,0.0
2008-07-23 19:00:00,0.0
2008-07-23 20:00:00,0.0
2008-07-23 21:00:00,0.0
2008-07-23 22:00:00,0.0
2008-07-23 23:00:00,0.0
2008-07-24 00:00:00,0.0
2008-07-24 01:00:00,0.0
2008-07-24 02:00:00,0.0
2008-07-24 03:00:00,0.0
2008-07-24 04:00:00,0.0
2008-07-24 05:00:00,0.0
2008-07-24 06:00:00,0.0
2008-07-24 07:00:00,0.0
2008-07-24 08:00:00,0.0
2008-07-24 09:00:00,0.0
2008-07-24 10:00:00,0.0
2008-07-24 11:00:00,0.0
2008-07-24 12:00:00,0.0
2008-07-24 13:00:00,0.0
2008-07-24 14:00:00,0.0
2008-07-24 15:00:00,0.0
2008-07-24 16:00:00,0.0
2008-07-24 17:00:00,0.0
2008-07-24 18:00:00,0.0
2008-07-24 19:00:00,0.0
2008-07-24 20:00:00,0.0
2008-07-24 21:00:00,0.0
2008-07-24 22:00:00,0.0
2008-07-24 23:00:00,0.0
2008-07-25 00:00:00,0.0
2008-07-25 01:00:00,0.0
2008-07-25 02:00:00,0.0
2008-07-25 03:00:00,0.0
2008-07-25 04:00:00,0.0
2008-07-25 05:00:00,0.0
2008-07-25 06:00:00,0.0
2008-07-25 07:00:00,0.0
2008-07-25 08:00:00,0.0
2008-07-25 09:00:00,0.0
2008-07-25 10:00:00,0.0
2008-07-25 11:00:00,0.0
2008-07-25 12:00:00,0.0
2008-07-25 13:00:00,0.0
2008-07-25 14:00:00,0.0
2008-07-25 15:00:00,0.0
2008-07-25 16:00:00,0.0
2008-07-25 17:00:00,0.0
2008-07-25 18:00:00,0.0
2008-07-25 19:00:00,0.0
2008-07-25 20:00:00,0.0
2008-07-25 21:00:00,0.0
2008-07-25 22:00:00,0.0
2008-07-25 23:00:00,0.0
2008-07-26 00:00:00,0.0
2008-07-26 01:00:00,0.0
2008-07-26 02:00:00,0.0
2008-07-26 03:00:00,0.0
2008-07-26 04:00:00,0.0
2008-07-26 05:00:00,0.0
2008-07-26 06:00:00,0.0
2008-07-26 07:00:00,0.0
2008-07-26 08:00:00,0.0
2008-07-26 09:00:00,0.0
2008-07-26 10:00:00,0.0
2008-07-26 11:00:00,0.0
2008-07-26 12:00:00,0.0
2008-07-26 13:00:00,0.0
2008-07-26 14:00:00,0.0
2008-07-26 15:00:00,0.0
2008-07-26 16:00:00,0.0
2008-07-26 17:00:00,0.0
2008-07-26 18:00:00,0.0
2008-07-26 19:00:00,0.0
2008-07-26 20:00:00,0.0
2008-07-26 21:00:00,0.0
2008-07-26 22:00:00,0.0
2008-07-26 23:00:00,0.0
2008-07-27 00:00:00,0.0
2008-07-27 01:00:00,0.0
2008-07-27 02:00:00,0.0
2008-07-27 03:00:00,0.0
2008-07-27 04:00:00,0.0
2008-07-27 05:00:00,0.0
2008-07-27 06:00:00,0.0
2008-07-27 07:00:00,0.0
2008-07-27 08:00:00,0.0
2008-07-27 09:00:00,0.0
2008-07-27 10:00:00,0.0
2008-07-27 11:00:00,0.0
2008-07-27 12:00:00,0.0
2008-07-27 13:00:00,0.0
2008-07-27 14:00:00,0.0
2008-07-27 15:00:00,0.0
2008-07-27 16:00:00,0.0
2008-07-27 17:00:00,0.0
2008-07-27 18:00:00,0.0
2008-07-27 19:00:00,0.0
2008-07-27 20:00:00,0.0
2008-07-27 21:00:00,0.0
2008-07-27 22:00:00,0.0
2008-07-27 23:00:00,0.0
2008-07-28 00:00:00,0.0
2008-07-28 01:00:00,0.0
2008-07-28 02:00:00,0.0
2008-07-28 03:00:00,0.0
2008-07-28 04:00:00,0.0
2008-07-28 05:00:00,0.0
2008-07-28 06:00:00,0.0
2008-07-28 07:00:00,0.0
2008-07-28 08:00:00,0.0
2008-07-28 09:00:00,0.0
2008-07-28 10:00:00,0.0
2008-07-28 11:00:00,0.0
2008-07-28 12:00:00,0.0
2008-07-28 13:00:00,0.0
2008-07-28 14:00:00,0.0
2008-07-28 15:00:00,0.0
2008-07-28 16:00:00,0.0
2008-07-28 17:00:00,0.0
2008-07-28 18:00:00,0.0
2008-07-28 19:00:00,0.0
2008-07-28 20:00:00,0.0
2008-07-28 21:00:00,0.0
2008-07-28 22:00:00,0.0
2008-07-28 23:00:00,0.0
2008-07-29 00:00:00,0.0
2008-07-29 01:00:00,0.0
2008-07-29 02:00:00,0.0
2008-07-29 03:00:00,0.0
2008-07-29 04:00:00,0.0
2008-07-29 05:00:00,0.0
2008-07-29 06:00:00,0.0
2008-07-29 07:00:00,0.0
2008-07-29 08:00:00,0.0
2008-07-29 09:00:00,0.0
2008-07-29 10:00:00,0.0
2008-07-29 11:00:00,0.0
2008-07-29 12:00:00,0.0
2008-07-29 13:00:00,0.0
2008-07-29 14:00:00,0.0
2008-07-29 15:00:00,0.0
2008-07-29 16:00:00,0.0
2008-07-29 17:00:00,0.0
2008-07-29 18:00:00,0.0
2008-07-29 19:00:00,0.0
2008-07-29 20:00:00,0.0
2008-07-29 21:00:00,0.0
2008-07-29 22:00:00,0.0
2008-07-29 23:00:00,0.0
2008-07-30 00:00:00,0.0
2008-07-30 01:00:00,0.0
2008-07-30 02:00:00,0.0
2008-07-30 03:00:00,0.0
2008-07-30 04:00:00,0.0
2008-07-30 05:00:00,0.0
2008-07-30 06:00:00,0.0
2008-07-30 07:00:00,0.0
2008-07-30 08:00:00,0.0
2008-07-30 09:00:00,0.0
2008-07-30 10:00:00,0.0
2008-07-30 11:00:00,0.0
2008-07-30 12:00:00,0.0
2008-07-30 13:00:00,0.0
2008-07-30 14:00:00,0.0
2008-07-30 15:00:00,0.0
2008-07-30 16:00:00,0.0
2008-07-30 17:00:00,0.0
2008-07-30 18:00:00,0.0
2008-07-30 19:00:00,0.0
2008-07-30 20:00:00,0.0
2008-07-30 21:00:00,0.0
2008-07-30 22:00:00,0.0
2008-07-30 23:00:00,0.0
2008-07-31 00:00:00,0.0
2008-07-31 01:00:00,0.0
2008-07-31 02:00:00,0.0
2008-07-31 03:00:00,0.0
2008-07-31 04:00:00,0.0
2008-07-31 05:00:00,0.0
2008-07-31 06:00:00,0.0
2008-07-31 07:00:00,0.0
2008-07-31 08:00:00,0.0
2008-07-31 09:00:00,0.0
2008-07-31 10:00:00,0.0
2008-07-31 11:00:00,0.0
2008-07-31 12:00:00,0.0
2008-07-31 13:00:00,0.0
2008-07-31 14:00:00,0.0
2008-07-31 15:00:00,0.0
2008-07-31 16:00:00,0.0
2008-07-31 17:00:00,0.0
2008-07-31 18:00:00,0.0
2008-07-31 19:00:00,0.0
2008-07-31 20:00:00,0.0
2008-07-31 21:00:00,0.0
2008-07-31 22:00:00,0.0
2008-07-31 23:00:00,0.0
2008-08-01 00:00:00,0.0
2008-08-01 01:00:00,0.0
2008-08-01 02:00:00,0.0
2008-08-01 03:00:00,0.0
2008-08-01 04:00:00,0.0
2008-08-01 05:00:00,0.0
2008-08-01 06:00:00,0.0
2008-08-01 07:00:00,0.0
2008-08-01 08:00:00,0.0
2008-08-01 09:00:00,0.0
2008-08-01 10:00:00,0.0
2008-08-01 11:00:00,0.0
2008-08-01 12:00:00,0.0
2008-08-01 13:00:00,0.0
2008-08-01 14:00:00,0.0
2008-08-01 15:00:00,0.0
2008-08-01 16:00:00,0.0
2008-08-01 17:00:00,0.0
2008-08-01 18:00:00,0.0
2008-08-01 19:00:00,0.0
2008-08-01 20:00:00,0.0
2008-08-01 21:00:00,0.0
2008-08-01 22:00:00,0.0
2008-08-01 23:00:00,0.0
2008-08-02 00:00:00,0.0
2008-08-02 01:00:00,0.0
2008-08-02 02:00:00,0.0
2008-08-02 03:00:00,0.0
2008-08-02 04:00:00,0.0
2008-08-02 05:00:00,0.0
2008-08-02 06:00:00,0.0
2008-08-02 07:00:00,0.0
2008-08-02 08:00:00,0.0
2008-08-02 09:00:00,0.0
2008-08-02 10:00:00,0.0
2008-08-02 11:00:00,0.0
2008-08-02 12:00:00,0.0
2008-08-02 13:00:00,0.0
2008-08-02 14:00:00,0.0
2008-08-02 15:00:00,0.0
2008-08-02 16:00:00,0.0
2008-08-02 17:00:00,0.0
2008-08-02 18:00:00,0.0
2008-08-02 19:00:00,0.0
2008-08-02 20:00:00,0.0
2008-08-02 21:00:00,0.0
2008-08-02 22:00:00,0.0
2008-08-02 23:00:00,0.0
2008-08-03 00:00:00,0.0
2008-08-03 01:00:00,0.0
2008-08-03 02:00:00,0.0
2008-08-03 03:00:00,0.0
2008-08-03 04:00:00,0.0
2008-08-03 05:00:00,0.0
2008-08-03 06:00:00,0.0
2008-08-03 07:00:00,0.0
2008-08-03 08:00:00,0.0
2008-08-03 09:00:00,0.0
2008-08-03 10:00:00,0.0
2008-08-03 11:00:00,0.0
2008-08-03 12:00:00,0.0
2008-08-03 13:00:00,0.0
2008-08-03 14:00:00,0.0
2008-08-03 15:00:00,0.0
2008-08-03 16:00:00,0.0
2008-08-03 17:00:00,0.0
2008-08-03 18:00:00,0.0
2008-08-03 19:00:00,0.0
2008-08-03 20:00:00,0.0
2008-08-03 21:00:00,0.0
2008-08-03 22:00:00,0.0
2008-08-03 23:00:00,0.0
2008-08-04 00:00:00,0.0
2008-08-04 01:00:00,0.0
2008-08-04 02:00:00,0.0
2008-08-04 03:00:00,0.0
2008-08-04 04:00:00,0.0
2008-08-04 05:00:00,0.0
2008-08-04 06:00:00,0.0
2008-08-04 07:00:00,0.0
2008-08-04 08:00:00,0.0
2008-08-04 09:00:00,0.0
2008-08-04 10:00:00,0.0
2008-08-04 11:00:00,0.0
2008-08-04 12:00:00,0.0
2008-08-04 13:00:00,0.0
2008-08-04 14:00:00,0.0
2008-08-04 15:00:00,0.0
2008-08-04 16:00:00,0.0
2008-08-04 17:00:00,0.0
2008-08-04 18:00:00,0.0
2008-08-04 19:00:00,0.0
2008-08-04 20:00:00,0.0
2008-08-04 21:00:00,0.0
2008-08-04 22:00:00,0.0
2008-08-04 23:00:00,0.0
2008-08-05 00:00:00,0.0
2008-08-05 01:00:00,0.0
2008-08-05 02:00:00,0.0
2008-08-05 03:00:00,0.0
2008-08-05 04:00:00,0.0
2008-08-05 05:00:00,0.0
2008-08-05 06:00:00,0.0
2008-08-05 07:00:00,0.0
2008-08-05 08:00:00,0.0
2008-08-05 09:00:00,0.0
2008-08-05 10:00:00,0.0
2008-08-05 11:00:00,0.0
2008-08-05 12:00:00,0.0
2008-08-05 13:00:00,0.0
2008-08-05 14:00:00,0.0
2008-08-05 15:00:00,0.0
2008-08-05 16:00:00,0.0
2008-08-05 17:00:00,0.0
2008-08-05 18:00:00,0.0
2008-08-05 19:00:00,0.0
2008-08-05 20:00:00,0.0
2008-08-05 21:00:00,0.0
2008-08-05 22:00:00,0.0
2008-08-05 23:00:00,0.0
2008-08-06 00:00:00,0.0
2008-08-06 01:00:00,0.0
2008-08-06 02:00:00,0.0
2008-08-06 03:00:00,0.0
2008-08-06 04:00:00,0.0
2008-08-06 05:00:00,0.0
2008-08-06 06:00:00,0.0
2008-08-06 07:00:00,0.0
2008-08-06 08:00:00,0.0
2008-08-06 09:00:00,0.0
2008-08-06 10:00:00,0.0
2008-08-06 11:00:00,0.0
2008-08-06 12:00:00,0.0
2008-08-06 13:00:00,0.0
2008-08-06 14:00:00,0.0
2008-08-06 15:00:00,0.0
2008-08-06 16:00:00,0.0
2008-08-06 17:00:00,0.0
2008-08-06 18:00:00,0.0
2008-08-06 19:00:00,0.0
2008-08-06 20:00:00,0.0
2008-08-06 21:00:00,0.0
2008-08-06 22:00:00,0.0
2008-08-06 23:00:00,0.0
2008-08-07 00:00:00,0.0
2008-08-07 01:00:00,0.0
2008-08-07 02:00:00,0.0
2008-08-07 03:00:00,0.0
2008-08-07 04:00:00,0.0
2008-08-07 05:00:00,0.0
2008-08-07 06:00:00,0.0
2008-08-07 07:00:00,0.0
2008-08-07 08:00:00,0.0
2008-08-07 09:00:00,0.0
2008-08-07 10:00:00,0.0
2008-08-07 11:00:00,0.0
2008-08-07 12:00:00,0.0
2008-08-07 13:00:00,0.0
2008-08-07 14:00:00,0.0
2008-08-07 15:00:00,0.0
2008-08-07 16:00:00,0.0
2008-08-07 17:00:00,0.0
2008-08-07 18:00:00,0.0
2008-08-07 19:00:00,0.0
2008-08-07 20:00:00,0.0
2008-08-07 21:00:00,0.0
2008-08-07 22:00:00,0.0
2008-08-07 23:00:00,0.0
2008-08-08 00:00:00,0.0
2008-08-08 01:00:00,0.0
2008-08-08 02:00:00,0.0
2008-08-08 03:00:00,0.0
2008-08-08 04:00:00,0.0
2008-08-08 05:00:00,0.0
2008-08-08 06:00:00,0.0
2008-08-08 07:00:00,0.0
2008-08-08 08:00:00,0.0
2008-08-08 09:00:00,0.0
2008-08-08 10:00:00,0.0
2008-08-08 11:00:00,0.0
2008-08-08 12:00:00,0.0
2008-08-08 13:00:00,0.0
2008-08-08 14:00:00,0.0
2008-08-08 15:00:00,0.0
2008-08-08 16:00:00,0.0
2008-08-08 17:00:00,0.0
2008-08-08 18:00:00,0.0
2008-08-08 19:00:00,0.0
2008-08-08 20:00:00,0.0
2008-08-08 21:00:00,0.0
2008-08-08 22:00:00,0.0
2008-08-08 23:00:00,0.0
2008-08-09 00:00:00,0.0
2008-08-09 01:00:00,0.0
2008-08-09 02:00:00,0.0
2008-08-09 03:00:00,0.0
2008-08-09 04:00:00,0.0
2008-08-09 05:00:00,0.0
2008-08-09 06:00:00,0.0
2008-08-09 07:00:00,0.0
2008-08-09 08:00:00,0.0
2008-08-09 09:00:00,0.0
2008-08-09 10:00:00,0.0
2008-08-09 11:00:00,0.0
2008-08-09 12:00:00,0.0
2008-08-09 13:00:00,0.0
2008-08-09 14:00:00,0.0
2008-08-09 15:00:00,0.0
2008-08-09 16:00:00,0.0
2008-08-09 17:00:00,0.0
2008-08-09 18:00:00,0.0
2008-08-09 19:00:00,0.0
2008-08-09 20:00:00,0.0
2008-08-09 21:00:00,0.0
2008-08-09 22:00:00,0.0
2008-08-09 23:00:00,0.0
2008-08-10 00:00:00,0.0
2008-08-10 01:00:00,0.0
2008-08-10 02:00:00,0.0
2008-08-10 03:00:00,0.0
2008-08-10 04:00:00,0.0
2008-08-10 05:00:00,0.0
2008-08-10 06:00:00,0.0
2008-08-10 07:00:00,0.0
2008-08-10 08:00:00,0.0
2008-08-10 09:00:00,0.0
2008-08-10 10:00:00,0.0
2008-08-10 11:00:00,0.0
2008-08-10 12:00:00,0.0
2008-08-10 13:00:00,0.0
2008-08-10 14:00:00,0.0
2008-08-10 15:00:00,0.0
2008-08-10 16:00:00,0.0
2008-08-10 17:00:00,0.0
2008-08-10 18:00:00,0.0
2008-08-10 19:00:00,0.0
2008-08-10 20:00:00,0.0
2008-08-10 21:00:00,0.0
2008-08-10 22:00:00,0.0
2008-08-10 23:00:00,0.0
2008-08-11 00:00:00,0.0
2008-08-11 01:00:00,0.0
2008-08-11 02:00:00,0.0
2008-08-11 03:00:00,0.0
2008-08-11 04:00:00,0.0
2008-08-11 05:00:00,0.0
2008-08-11 06:00:00,0.0
2008-08-11 07:00:00,0.0
2008-08-11 08:00:00,0.0
2008-08-11 09:00:00,0.0
2008-08-11 10:00:00,0.0
2008-08-11 11:00:00,0.0
2008-08-11 12:00:00,0.0
2008-08-11 13:00:00,0.0
2008-08-11 14:00:00,0.0
2008-08-11 15:00:00,0.0
2008-08-11 16:00:00,0.0
2008-08-11 17:00:00,0.0
2008-08-11 18:00:00,0.0
2008-08-11 19:00:00,0.0
2008-08-11 20:00:00,0.0
2008-08-11 21:00:00,0.0
2008-08-11 22:00:00,0.0
2008-08-11 23:00:00,0.0
2008-08-12 00:00:00,0.0
2008-08-12 01:00:00,0.0
2008-08-12 02:00:00,0.0
2008-08-12 03:00:00,0.0
2008-08-12 04:00:00,0.0
2008-08-12 05:00:00,0.0
2008-08-12 06:00:00,0.0
2008-08-12 07:00:00,0.0
2008-08-12 08:00:00,0.0
2008-08-12 09:00:00,0.0
2008-08-12 10:00:00,0.0
2008-08-12 11:00:00,0.0
2008-08-12 12:00:00,0.0
2008-08-12 13:00:00,0.0
2008-08-12 14:00:00,0.0
2008-08-12 15:00:00,0.0
2008-08-12 16:00:00,0.0
2008-08-12 17:00:00,0.0
2008-08-12 18:00:00,0.0
2008-08-12 19:00:00,0.0
2008-08-12 20:00:00,0.0
2008-08-12 21:00:00,0.0
2008-08-12 22:00:00,0.0
2008-08-12 23:00:00,0.0
2008-08-13 00:00:00,0.0
2008-08-13 01:00:00,0.0
2008-08-13 02:00:00,0.0
2008-08-13 03:00:00,0.0
2008-08-13 04:00:00,0.0
2008-08-13 05:00:00,0.0
2008-08-13 06:00:00,0.0
2008-08-13 07:00:00,0.0
2008-08-13 08:00:00,0.0
2008-08-13 09:00:00,0.0
2008-08-13 10:00:00,0.0
2008-08-13 11:00:00,0.0
2008-08-13 12:00:00,0.0
2008-08-13 13:00:00,0.0
2008-08-13 14:00:00,0.0
2008-08-13 15:00:00,0.0
2008-08-13 16:00:00,0.0
2008-08-13 17:00:00,0.0
2008-08-13 18:00:00,0.0
2008-08-13 19:00:00,0.0
2008-08-13 20:00:00,0.0
2008-08-13 21:00:00,0.0
2008-08-13 22:00:00,0.0
2008-08-13 23:00:00,0.0
2008-08-14 00:00:00,0.0
2008-08-14 01:00:00,0.0
2008-08-14 02:00:00,0.0
2008-08-14 03:00:00,0.0
2008-08-14 04:00:00,0.0
2008-08-14 05:00:00,0.0
2008-08-14 06:00:00,0.0
2008-08-14 07:00:00,0.0
2008-08-14 08:00:00,0.0
2008-08-14 09:00:00,0.0
2008-08-14 10:00:00,0.0
2008-08-14 11:00:00,0.0
2008-08-14 12:00:00,0.0
2008-08-14 13:00:00,0.0
2008-08-14 14:00:00,0.0
2008-08-14 15:00:00,0.0
2008-08-14 16:00:00,0.0
2008-08-14 17:00:00,0.0
2008-08-14 18:00:00,0.0
2008-08-14 19:00:00,0.0
2008-08-14 20:00:00,0.0
2008-08-14 21:00:00,0.0
2008-08-14 22:00:00,0.0
2008-08-14 23:00:00,0.0
2008-08-15 00:00:00,0.0
2008-08-15 01:00:00,0.0
2008-08-15 02:00:00,0.0
2008-08-15 03:00:00,0.0
2008-08-15 04:00:00,0.0
2008-08-15 05:00:00,0.0
2008-08-15 06:00:00,0.0
2008-08-15 07:00:00,0.0
2008-08-15 08:00:00,0.0
2008-08-15 09:00:00,0.0
2008-08-15 10:00:00,0.0
2008-08-15 11:00:00,0.0
2008-08-15 12:00:00,0.0
2008-08-15 13:00:00,0.0
2008-08-15 14:00:00,0.0
2008-08-15 15:00:00,0.0
2008-08-15 16:00:00,0.0
2008-08-15 17:00:00,0.0
2008-08-15 18:00:00,0.0
2008-08-15 19:00:00,0.0
2008-08-15 20:00:00,0.0
2008-08-15 21:00:00,0.0
2008-08-15 22:00:00,0.0
2008-08-15 23:00:00,0.0
2008-08-16 00:00:00,0.0
2008-08-16 01:00:00,0.0
2008-08-16 02:00:00,0.0
2008-08-16 03:00:00,0.0
2008-08-16 04:00:00,0.0
2008-08-16 05:00:00,0.0
2008-08-16 06:00:00,0.0
2008-08-16 07:00:00,0.0
2008-08-16 08:00:00,0.0
2008-08-16 09:00:00,0.0
2008-08-16 10:00:00,0.0
2008-08-16 11:00:00,0.0
2008-08-16 12:00:00,0.0
2008-08-16 13:00:00,0.0
2008-08-16 14:00:00,0.0
2008-08-16 15:00:00,0.0
2008-08-16 16:00:00,0.0
2008-08-16 17:00:00,0.0
2008-08-16 18:00:00,0.0
2008-08-16 19:00:00,0.0
2008-08-16 20:00:00,0.0
2008-08-16 21:00:00,0.0
2008-08-16 22:00:00,0.0
2008-08-16 23:00:00,0.0
2008-08-17 00:00:00,0.0
2008-08-17 01:00:00,0.0
2008-08-17 02:00:00,0.0
2008-08-17 03:00:00,0.0
2008-08-17 04:00:00,0.0
2008-08-17 05:00:00,0.0
2008-08-17 06:00:00,0.0
2008-08-17 07:00:00,0.0
2008-08-17 08:00:00,0.0
2008-08-17 09:00:00,0.0
2008-08-17 10:00:00,0.0
2008-08-17 11:00:00,0.0
2008-08-17 12:00:00,0.0
2008-08-17 13:00:00,0.0
2008-08-17 14:00:00,0.0
2008-08-17 15:00:00,0.0
2008-08-17 16:00:00,0.0
2008-08-17 17:00:00,0.0
2008-08-17 18:00:00,0.0
2008-08-17 19:00:00,0.0
2008-08-17 20:00:00,0.0
2008-08-17 21:00:00,0.0
2008-08-17 22:00:00,0.0
2008-08-17 23:00:00,0.0
2008-08-18 00:00:00,0.0
2008-08-18 01:00:00,0.0
2008-08-18 02:00:00,0.0
2008-08-18 03:00:00,0.0
2008-08-18 04:00:00,0.0
2008-08-18 05:00:00,0.0
2008-08-18 06:00:00,0.0
2008-08-18 07:00:00,0.0
2008-08-18 08:00:00,0.0
2008-08-18 09:00:00,0.0
2008-08-18 10:00:00,0.0
2008-08-18 11:00:00,0.0
2008-08-18 12:00:00,0.0
2008-08-18 13:00:00,0.0
2008-08-18 14:00:00,0.0
2008-08-18 15:00:00,0.0
2008-08-18 16:00:00,0.0
2008-08-18 17:00:00,0.0
2008-08-18 18:00:00,0.0
2008-08-18 19:00:00,0.0
2008-08-18 20:00:00,0.0
2008-08-18 21:00:00,0.0
2008-08-18 22:00:00,0.0
2008-08-18 23:00:00,0.0
2008-08-19 00:00:00,0.0
2008-08-19 01:00:00,0.0
2008-08-19 02:00:00,0.0
2008-08-19 03:00:00,0.0
2008-08-19 04:00:00,0.0
2008-08-19 05:00:00,0.0
2008-08-19 06:00:00,0.0
2008-08-19 07:00:00,0.0
2008-08-19 08:00:00,0.0
2008-08-19 09:00:00,0.0
2008-08-19 10:00:00,0.0
2008-08-19 11:00:00,0.0
2008-08-19 12:00:00,0.0
2008-08-19 13:00:00,0.0
2008-08-19 14:00:00,0.0
2008-08-19 15:00:00,0.0
2008-08-19 16:00:00,0.0
2008-08-19 17:00:00,0.0
2008-08-19 18:00:00,0.0
2008-08-19 19:00:00,0.0
2008-08-19 20:00:00,0.0
2008-08-19 21:00:00,0.0
2008-08-19 22:00:00,0.0
2008-08-19 23:00:00,0.0
2008-08-20 00:00:00,0.0
2008-08-20 01:00:00,0.0
2008-08-20 02:00:00,0.0
2008-08-20 03:00:00,0.0
2008-08-20 04:00:00,0.0
2008-08-20 05:00:00,0.0
2008-08-20 06:00:00,0.0
2008-08-20 07:00:00,0.0
2008-08-20 08:00:00,0.0
2008-08-20 09:00:00,0.0
2008-08-20 10:00:00,0.0
2008-08-20 11:00:00,0.0
2008-08-20 12:00:00,0.0
2008-08-20 13:00:00,0.0
2008-08-20 14:00:00,0.0
2008-08-20 15:00:00,0.0
2008-08-20 16:00:00,0.0
2008-08-20 17:00:00,0.0
2008-08-20 18:00:00,0.0
2008-08-20 19:00:00,0.0
2008-08-20 20:00:00,0.0
2008-08-20 21:00:00,0.0
2008-08-20 22:00:00,0.0
2008-08-20 23:00:00,0.0
2008-08-21 00:00:00,0.0
2008-08-21 01:00:00,0.0
2008-08-21 02:00:00,0.0
2008-08-21 03:00:00,0.0
2008-08-21 04:00:00,0.0
2008-08-21 05:00:00,0.0
2008-08-21 06:00:00,0.0
2008-08-21 07:00:00,0.0
2008-08-21 08:00:00,0.0
2008-08-21 09:00:00,0.0
2008-08-21 10:00:00,0.0
2008-08-21 11:00:00,0.0
2008-08-21 12:00:00,0.0
2008-08-21 13:00:00,0.0
2008-08-21 14:00:00,0.0
2008-08-21 15:00:00,0.0
2008-08-21 16:00:00,0.0
2008-08-21 17:00:00,0.0
2008-08-21 18:00:00,0.0
2008-08-21 19:00:00,0.0
2008-08-21 20:00:00,0.0
2008-08-21 21:00:00,0.0
2008-08-21 22:00:00,0.0
2008-08-21 23:00:00,0.0
2008-08-22 00:00:00,0.0
2008-08-22 01:00:00,0.0
2008-08-22 02:00:00,0.0
2008-08-22 03:00:00,0.0
2008-08-22 04:00:00,0.0
2008-08-22 05:00:00,0.0
2008-08-22 06:00:00,0.0
2008-08-22 07:00:00,0.0
2008-08-22 08:00:00,0.0
2008-08-22 09:00:00,0.0
2008-08-22 10:00:00,0.0
2008-08-22 11:00:00,0.0
2008-08-22 12:00:00,0.0
2008-08-22 13:00:00,0.0
2008-08-22 14:00:00,0.0
2008-08-22 15:00:00,0.0
2008-08-22 16:00:00,0.0
2008-08-22 17:00:00,0.0
2008-08-22 18:00:00,0.0
2008-08-22 19:00:00,0.0
2008-08-22 20:00:00,0.0
2008-08-22 21:00:00,0.0
2008-08-22 22:00:00,0.0
2008-08-22 23:00:00,0.0
2008-08-23 00:00:00,0.0
2008-08-23 01:00:00,0.0
2008-08-23 02:00:00,0.0
2008-08-23 03:00:00,0.0
2008-08-23 04:00:00,0.0
2008-08-23 05:00:00,0.0
2008-08-23 06:00:00,0.0
2008-08-23 07:00:00,0.0
2008-08-23 08:00:00,0.0
2008-08-23 09:00:00,0.0
2008-08-23 10:00:00,0.0
2008-08-23 11:00:00,0.0
2008-08-23 12:00:00,0.0
2008-08-23 13:00:00,0.0
2008-08-23 14:00:00,0.0
2008-08-23 15:00:00,0.0
2008-08-23 16:00:00,0.0
2008-08-23 17:00:00,0.0
2008-08-23 18:00:00,0.0
2008-08-23 19:00:00,0.0
2008-08-23 20:00:00,0.0
2008-08-23 21:00:00,0.0
2008-08-23 22:00:00,0.0
2008-08-23 23:00:00,0.0
2008-08-24 00:00:00,0.0
2008-08-24 01:00:00,0.0
2008-08-24 02:00:00,0.0
2008-08-24 03:00:00,0.0
2008-08-24 04:00:00,0.0
2008-08-24 05:00:00,0.0
2008-08-24 06:00:00,0.0
2008-08-24 07:00:00,0.0
2008-08-24 08:00:00,0.0
2008-08-24 09:00:00,0.0
2008-08-24 10:00:00,0.0
2008-08-24 11:00:00,0.0
2008-08-24 12:00:00,0.0
2008-08-24 13:00:00,0.0
2008-08-24 14:00:00,0.0
2008-08-24 15:00:00,0.0
2008-08-24 16:00:00,0.0
2008-08-24 17:00:00,0.0
2008-08-24 18:00:00,0.0
2008-08-24 19:00:00,0.0
2008-08-24 20:00:00,0.0
2008-08-24 21:00:00,0.0
2008-08-24 22:00:00,0.0
2008-08-24 23:00:00,0.0
2008-08-25 00:00:00,0.0
2008-08-25 01:00:00,0.0
2008-08-25 02:00:00,0.0
2008-08-25 03:00:00,0.0
2008-08-25 04:00:00,0.0
2008-08-25 05:00:00,0.0
2008-08-25 06:00:00,0.0
2008-08-25 07:00:00,0.0
2008-08-25 08:00:00,0.0
2008-08-25 09:00:00,0.0
2008-08-25 10:00:00,0.0
2008-08-25 11:00:00,0.0
2008-08-25 12:00:00,0.0
2008-08-25 13:00:00,0.0
2008-08-25 14:00:00,0.0
2008-08-25 15:00:00,0.0
2008-08-25 16:00:00,0.0
2008-08-25 17:00:00,0.0
2008-08-25 18:00:00,0.0
2008-08-25 19:00:00,0.0
2008-08-25 20:00:00,0.0
2008-08-25 21:00:00,0.0
2008-08-25 22:00:00,0.0
2008-08-25 23:00:00,0.0
2008-08-26 00:00:00,0.0
2008-08-26 01:00:00,0.0
2008-08-26 02:00:00,0.0
2008-08-26 03:00:00,0.0
2008-08-26 04:00:00,0.0
2008-08-26 05:00:00,0.0
2008-08-26 06:00:00,0.0
2008-08-26 07:00:00,0.0
2008-08-26 08:00:00,0.0
2008-08-26 09:00:00,0.0
2008-08-26 10:00:00,0.0
2008-08-26 11:00:00,0.0
2008-08-26 12:00:00,0.0
2008-08-26 13:00:00,0.0
2008-08-26 14:00:00,0.0
2008-08-26 15:00:00,0.0
2008-08-26 16:00:00,0.0
2008-08-26 17:00:00,0.0
2008-08-26 18:00:00,0.0
2008-08-26 19:00:00,0.0
2008-08-26 20:00:00,0.0
2008-08-26 21:00:00,0.0
2008-08-26 22:00:00,0.0
2008-08-26 23:00:00,0.0
2008-08-27 00:00:00,0.0
2008-08-27 01:00:00,0.0
2008-08-27 02:00:00,0.0
2008-08-27 03:00:00,0.0
2008-08-27 04:00:00,0.0
2008-08-27 05:00:00,0.0
2008-08-27 06:00:00,0.0
2008-08-27 07:00:00,0.0
2008-08-27 08:00:00,0.0
2008-08-27 09:00:00,0.0
2008-08-27 10:00:00,0.0
2008-08-27 11:00:00,0.0
2008-08-27 12:00:00,0.0
2008-08-27 13:00:00,0.0
2008-08-27 14:00:00,0.0
2008-08-27 15:00:00,0.0
2008-08-27 16:00:00,0.0
2008-08-27 17:00:00,0.0
2008-08-27 18:00:00,0.0
2008-08-27 19:00:00,0.0
2008-08-27 20:00:00,0.0
2008-08-27 21:00:00,0.0
2008-08-27 22:00:00,0.0
2008-08-27 23:00:00,0.0
2008-08-28 00:00:00,0.0
2008-08-28 01:00:00,0.0
2008-08-28 02:00:00,0.0
2008-08-28 03:00:00,0.0
2008-08-28 04:00:00,0.0
2008-08-28 05:00:00,0.0
2008-08-28 06:00:00,0.0
2008-08-28 07:00:00,0.0
2008-08-28 08:00:00,0.0
2008-08-28 09:00:00,0.0
2008-08-28 10:00:00,0.0
2008-08-28 11:00:00,0.0
2008-08-28 12:00:00,0.0
2008-08-28 13:00:00,0.0
2008-08-28 14:00:00,0.0
2008-08-28 15:00:00,0.0
2008-08-28 16:00:00,0.0
2008-08-28 17:00:00,0.0
2008-08-28 18:00:00,0.0
2008-08-28 19:00:00,0.0
2008-08-28 20:00:00,0.0
2008-08-28 21:00:00,0.0
2008-08-28 22:00:00,0.0
2008-08-28 23:00:00,0.0
2008-08-29 00:00:00,0.0
2008-08-29 01:00:00,0.0
2008-08-29 02:00:00,0.0
2008-08-29 03:00:00,0.0
2008-08-29 04:00:00,0.0
2008-08-29 05:00:00,0.0
2008-08-29 06:00:00,0.0
2008-08-29 07:00:00,0.0
2008-08-29 08:00:00,0.0
2008-08-29 09:00:00,0.0
2008-08-29 10:00:00,0.0
2008-08-29 11:00:00,0.0
2008-08-29 12:00:00,0.0
2008-08-29 13:00:00,0.0
2008-08-29 14:00:00,0.0
2008-08-29 15:00:00,0.0
2008-08-29 16:00:00,0.0
2008-08-29 17:00:00,0.0
2008-08-29 18:00:00,0.0
2008-08-29 19:00:00,0.0
2008-08-29 20:00:00,0.0
2008-08-29 21:00:00,0.0
2008-08-29 22:00:00,0.0
2008-08-29 23:00:00,0.0
2008-08-30 00:00:00,0.0
2008-08-30 01:00:00,0.0
2008-08-30 02:00:00,0.0
2008-08-30 03:00:00,0.0
2008-08-30 04:00:00,0.0
2008-08-30 05:00:00,0.0
2008-08-30 06:00:00,0.0
2008-08-30 07:00:00,0.0
2008-08-30 08:00:00,0.0
2008-08-30 09:00:00,0.0
2008-08-30 10:00:00,0.0
2008-08-30 11:00:00,0.0
2008-08-30 12:00:00,0.0
2008-08-30 13:00:00,0.0
2008-08-30 14:00:00,0.0
2008-08-30 15:00:00,0.0
2008-08-30 16:00:00,0.0
2008-08-30 17:00:00,0.0
2008-08-30 18:00:00,0.0
2008-08-30 19:00:00,0.0
2008-08-30 20:00:00,0.0
2008-08-30 21:00:00,0.0
2008-08-30 22:00:00,0.0
2008-08-30 23:00:00,0.0
2008-08-31 00:00:00,0.0
2008-08-31 01:00:00,0.0
2008-08-31 02:00:00,0.0
2008-08-31 03:00:00,0.0
2008-08-31 04:00:00,0.0
2008-08-31 05:00:00,0.0
2008-08-31 06:00:00,0.0
2008-08-31 07:00:00,0.0
2008-08-31 08:00:00,0.0
2008-08-31 09:00:00,0.0
2008-08-31 10:00:00,0.0
2008-08-31 11:00:00,0.0
2008-08-31 12:00:00,0.0
2008-08-31 13:00:00,0.0
2008-08-31 14:00:00,0.0
2008-08-31 15:00:00,0.0
2008-08-31 16:00:00,0.0
2008-08-31 17:00:00,0.0
2008-08-31 18:00:00,0.0
2008-08-31 19:00:00,0.0
2008-08-31 20:00:00,0.0
2008-08-31 21:00:00,0.0
2008-08-31 22:00:00,0.0
2008-08-31 23:00:00,0.0
2008-09-01 00:00:00,2.859027352863407
2008-09-01 01:00:00,2.970433918633747
2008-09-01 02:00:00,3.0424966644023534
2008-09-01 03:00:00,3.2511466752922633
2008-09-01 04:00:00,3.2473052741137076
2008-09-01 05:00:00,3.160975048203791
2008-09-01 06:00:00,3.159132440450578
2008-09-01 07:00:00,2.8944654725033883
2008-09-01 08:00:00,1.7727507449304847
2008-09-01 09:00:00,1.377264238053717
2008-09-01 10:00:00,1.1791869289655543
2008-09-01 11:00:00,0.6253039031945176
2008-09-01 12:00:00,0.4437671379470831
2008-09-01 13:00:00,0.27916747579235857
2008-09-01 14:00:00,0.24680437548437895
2008-09-01 15:00:00,0.5520664175766832
2008-09-01 16:00:00,0.6472105188379581
2008-09-01 17:00:00,1.8685346109991783
2008-09-01 18:00:00,2.7085301005766724
2008-09-01 19:00:00,2.879058815608425
2008-09-01 20:00:00,3.0090133395446688
2008-09-01 21:00:00,3.222489747586607
2008-09-01 22:00:00,3.3299113643824376
2008-09-01 23:00:00,3.4310304910813625
2008-09-02 00:00:00,2.3215682455408615
2008-09-02 01:00:00,2.43790225022249
2008-09-02 02:00:00,2.4808229721611035
2008-09-02 03:00:00,2.5976343030732223
2008-09-02 04:00:00,2.6626488576679894
2008-09-02 05:00:00,2.7279281002344056
2008-09-02 06:00:00,2.472888628125795
2008-09-02 07:00:00,2.0018229220808093
2008-09-02 08:00:00,0.9738099471440261
2008-09-02 09:00:00,0.19702528835284386
2008-09-02 10:00:00,0.09475570539254134
2008-09-02 11:00:00,0.017848560133327498
2008-09-02 12:00:00,0.017715380545041737
2008-09-02 13:00:00,0.01585899594596951
2008-09-02 14:00:00,0.0159664640457405
2008-09-02 15:00:00,0.04109219062730776
2008-09-02 16:00:00,0.14035726106028287
2008-09-02 17:00:00,0.19317941884406292
2008-09-02 18:00:00,0.4647010934303647
2008-09-02 19:00:00,1.1994460532049123
2008-09-02 20:00:00,1.4781110272419244
2008-09-02 21:00:00,1.7241969220932225
2008-09-02 22:00:00,1.8778327201902902
2008-09-02 23:00:00,1.8463871322347623
2008-09-03 00:00:00,1.3101952837915967
2008-09-03 01:00:00,1.3530615620376292
2008-09-03 02:00:00,1.4080930811703813
2008-09-03 03:00:00,1.4665163827658958
2008-09-03 04:00:00,1.4950481044973478
2008-09-03 05:00:00,1.455767540649683
2008-09-03 06:00:00,1.2023114216775581
2008-09-03 07:00:00,0.932212469708382
2008-09-03 08:00:00,0.5133549810546613
2008-09-03 09:00:00,0.20081829373465182
2008-09-03 10:00:00,0.17748869355656402
2008-09-03 11:00:00,0.17048067025999677
2008-09-03 12:00:00,0.19406061249316356
2008-09-03 13:00:00,0.17992261215738228
2008-09-03 14:00:00,0.17439734849406152
2008-09-03 15:00:00,0.3566552813982747
2008-09-03 16:00:00,0.6968047996931604
2008-09-03 17:00:00,0.7890764922101892
2008-09-03 18:00:00,1.0365949492719342
2008-09-03 19:00:00,1.108995529301355
2008-09-03 20:00:00,1.203052906768139
2008-09-03 21:00:00,1.2649767649694628
2008-09-03 22:00:00,1.2996561547743348
2008-09-03 23:00:00,1.3146044894037854
2008-09-04 00:00:00,7.029665984119333
2008-09-04 01:00:00,6.375825853977499
2008-09-04 02:00:00,7.0355725636862605
2008-09-04 03:00:00,7.210331257894304
2008-09-04 04:00:00,7.187881991155195
2008-09-04 05:00:00,7.1198349338339755
2008-09-04 06:00:00,7.049522718116556
2008-09-04 07:00:00,5.534292176843549
2008-09-04 08:00:00,4.6448045380022
2008-09-04 09:00:00,4.451765984393546
2008-09-04 10:00:00,4.924883432028169
2008-09-04 11:00:00,3.9466650184936074
2008-09-04 12:00:00,3.61960896233778
2008-09-04 13:00:00,4.726252628112933
2008-09-04 14:00:00,4.960140023878196
2008-09-04 15:00:00,5.084453405129103
2008-09-04 16:00:00,5.416106855260041
2008-09-04 17:00:00,5.527699161028967
2008-09-04 18:00:00,6.393565965695214
2008-09-04 19:00:00,7.093328104767477
2008-09-04 20:00:00,7.1070073646230245
2008-09-04 21:00:00,7.099208581069705
2008-09-04 22:00:00,7.129629215042611
2008-09-04 23:00:00,6.595453898272333
2008-09-05 00:00:00,1.331715404250449
2008-09-05 01:00:00,1.3646979423484387
2008-09-05 02:00:00,1.379316261255811
2008-09-05 03:00:00,1.3837642231290461
2008-09-05 04:00:00,1.4161095900193623
2008-09-05 05:00:00,1.4246677197883606
2008-09-05 06:00:00,1.3914938051082908
2008-09-05 07:00:00,1.2789483765787066
2008-09-05 08:00:00,1.1280360300098786
2008-09-05 09:00:00,0.857296278971429
2008-09-05 10:00:00,0.46936757627924897
2008-09-05 11:00:00,0.2868072708054642
2008-09-05 12:00:00,0.204296859851207
2008-09-05 13:00:00,0.202715620577243
2008-09-05 14:00:00,0.1615445865473812
2008-09-05 15:00:00,0.1631728479651692
2008-09-05 16:00:00,0.1855153932391628
2008-09-05 17:00:00,0.23889939725900464
2008-09-05 18:00:00,0.37173260403415914
2008-09-05 19:00:00,0.29593773546476976
2008-09-05 20:00:00,0.513409650112283
2008-09-05 21:00:00,0.5393308378446521
2008-09-05 22:00:00,0.5473489710482794
2008-09-05 23:00:00,0.528860852044675
2008-09-06 00:00:00,0.7321434206562306
2008-09-06 01:00:00,1.8360033957989499
2008-09-06 02:00:00,2.7078312673298237
2008-09-06 03:00:00,4.713615062055031
2008-09-06 04:00:00,4.923195055235724
2008-09-06 05:00:00,4.069663003567429
2008-09-06 06:00:00,3.1660434412092537
2008-09-06 07:00:00,2.1595474137783537
2008-09-06 08:00:00,1.2586503831103713
2008-09-06 09:00:00,2.0923100022976397
2008-09-06 10:00:00,2.631502757553456
2008-09-06 11:00:00,2.753039652686695
2008-09-06 12:00:00,3.288254338727096
2008-09-06 13:00:00,3.584950646764924
2008-09-06 14:00:00,5.384504890175342
2008-09-06 15:00:00,6.355367058543672
2008-09-06 16:00:00,6.468962595728296
2008-09-06 17:00:00,6.710510791656376
2008-09-06 18:00:00,6.921087965201475
2008-09-06 19:00:00,7.854183207910174
2008-09-06 20:00:00,7.759456606036368
2008-09-06 21:00:00,7.776154745065086
2008-09-06 22:00:00,7.957166528645232
2008-09-06 23:00:00,8.055088300166577
2008-09-07 00:00:00,27.946084777209176
2008-09-07 01:00:00,28.108949631693967
2008-09-07 02:00:00,28.161866397562907
2008-09-07 03:00:00,28.290313080244957
2008-09-07 04:00:00,28.555465093923488
2008-09-07 05:00:00,28.912192716324743
2008-09-07 06:00:00,29.224779609168625
2008-09-07 07:00:00,29.152076533229362
2008-09-07 08:00:00,29.512844082290343
2008-09-07 09:00:00,28.934692899100256
2008-09-07 10:00:00,26.183492332770214
2008-09-07 11:00:00,22.216060294993035
2008-09-07 12:00:00,20.42033034428176
2008-09-07 13:00:00,14.434759594888245
2008-09-07 14:00:00,11.48166161085174
2008-09-07 15:00:00,11.095001585295307
2008-09-07 16:00:00,10.733546288867295
2008-09-07 17:00:00,16.27641130670335
2008-09-07 18:00:00,24.481892436264538
2008-09-07 19:00:00,27.785655339621677
2008-09-07 20:00:00,29.531836069781303
2008-09-07 21:00:00,30.783791744827685
2008-09-07 22:00:00,32.03753638773588
2008-09-07 23:00:00,32.481230825759184
2008-09-08 00:00:00,32.06037565284446
2008-09-08 01:00:00,33.3944218582191
2008-09-08 02:00:00,34.594800039098
2008-09-08 03:00:00,35.2117355969915
2008-09-08 04:00:00,35.53180329542217
2008-09-08 05:00:00,35.30347675147173
2008-09-08 06:00:00,32.6440562749064
2008-09-08 07:00:00,27.50185216458345
2008-09-08 08:00:00,19.979417366374804
2008-09-08 09:00:00,7.2902405955581004
2008-09-08 10:00:00,2.541279557157259
2008-09-08 11:00:00,1.0093663522913616
2008-09-08 12:00:00,0.49891588207394194
2008-09-08 13:00:00,0.26254046259404856
2008-09-08 14:00:00,0.25002087361281794
2008-09-08 15:00:00,0.44905286225447444
2008-09-08 16:00:00,1.208383253823031
2008-09-08 17:00:00,4.6282406513944725
2008-09-08 18:00:00,15.414217616067724
2008-09-08 19:00:00,23.94873724589998
2008-09-08 20:00:00,26.677605505452174
2008-09-08 21:00:00,28.426539255999497
2008-09-08 22:00:00,29.597641445947087
2008-09-08 23:00:00,31.420826906258416
2008-09-09 00:00:00,2.712039846348753
2008-09-09 01:00:00,2.8128103422379453
2008-09-09 02:00:00,2.8970971160306136
2008-09-09 03:00:00,2.9304223810622387
2008-09-09 04:00:00,3.0190503975289578
2008-09-09 05:00:00,2.986827103743465
2008-09-09 06:00:00,2.8204313954433813
2008-09-09 07:00:00,2.2817628192053903
2008-09-09 08:00:00,1.4178912707942688
2008-09-09 09:00:00,0.3346755895302234
2008-09-09 10:00:00,0.04974812780622058
2008-09-09 11:00:00,0.0018777021739314666
2008-09-09 12:00:00,0.0016824562498431574
2008-09-09 13:00:00,0.00015414505452775903
2008-09-09 14:00:00,0.0001560248722659025
2008-09-09 15:00:00,0.0001654239609566194
2008-09-09 16:00:00,0.015524580994951543
2008-09-09 17:00:00,0.18949641287010388
2008-09-09 18:00:00,0.5922328445078772
2008-09-09 19:00:00,0.9673776825737166
2008-09-09 20:00:00,1.051775515612933
2008-09-09 21:00:00,1.233220220127302
2008-09-09 22:00:00,1.2618319793424688
2008-09-09 23:00:00,1.6539545870931882
2008-09-10 00:00:00,1.1497333092619293
2008-09-10 01:00:00,1.2220737140394133
2008-09-10 02:00:00,1.2385197055075066
2008-09-10 03:00:00,1.2688681141064178
2008-09-10 04:00:00,1.2753825561292742
2008-09-10 05:00:00,1.2693648639606978
2008-09-10 06:00:00,1.1771123075263936
2008-09-10 07:00:00,0.94903581786329
2008-09-10 08:00:00,0.4409842143367108
2008-09-10 09:00:00,0.27354239803321556
2008-09-10 10:00:00,0.030248751361714607
2008-09-10 11:00:00,0.09363726206666294
2008-09-10 12:00:00,0.07211632631951317
2008-09-10 13:00:00,0.10458589548055008
2008-09-10 14:00:00,0.21746978217342336
2008-09-10 15:00:00,0.29672083691341083
2008-09-10 16:00:00,0.47981518257641387
2008-09-10 17:00:00,0.5978216624797931
2008-09-10 18:00:00,0.9547003378305751
2008-09-10 19:00:00,1.0600661747032099
2008-09-10 20:00:00,1.141686717780601
2008-09-10 21:00:00,1.1783103722060737
2008-09-10 22:00:00,1.2230551238479606
2008-09-10 23:00:00,1.255808720111917
2008-09-11 00:00:00,0.8639743684622349
2008-09-11 01:00:00,0.8883427248290858
2008-09-11 02:00:00,0.8753199234462933
2008-09-11 03:00:00,0.8814254752237369
2008-09-11 04:00:00,0.8912064706207928
2008-09-11 05:00:00,0.9074927155872633
2008-09-11 06:00:00,0.8344041800593724
2008-09-11 07:00:00,0.7028671549082073
2008-09-11 08:00:00,0.394017638972552
2008-09-11 09:00:00,0.0017564912292127673
2008-09-11 10:00:00,0.0005836904592740255
2008-09-11 11:00:00,0.026096605160420616
2008-09-11 12:00:00,0.02822586287447569
2008-09-11 13:00:00,0.06992851467618903
2008-09-11 14:00:00,0.10829241777112834
2008-09-11 15:00:00,0.02762930821604151
2008-09-11 16:00:00,0.2717466162838204
2008-09-11 17:00:00,0.4507846963260933
2008-09-11 18:00:00,0.504634197207687
2008-09-11 19:00:00,0.5265666146568352
2008-09-11 20:00:00,0.546102170845883
2008-09-11 21:00:00,0.629654580094803
2008-09-11 22:00:00,0.6156609818596395
2008-09-11 23:00:00,0.6721935274069352
2008-09-12 00:00:00,1.244789338789724
2008-09-12 01:00:00,2.969913286000762
2008-09-12 02:00:00,3.313381378847209
2008-09-12 03:00:00,3.466915820701334
2008-09-12 04:00:00,5.278816009064766
2008-09-12 05:00:00,4.926201500680146
2008-09-12 06:00:00,5.580056642394903
2008-09-12 07:00:00,10.32013335421085
2008-09-12 08:00:00,11.326762677482094
2008-09-12 09:00:00,11.069242489797388
2008-09-12 10:00:00,11.304106552100631
2008-09-12 11:00:00,10.380111484730623
2008-09-12 12:00:00,10.548671679635554
2008-09-12 13:00:00,13.44861842617539
2008-09-12 14:00:00,14.554140527054976
2008-09-12 15:00:00,15.41718669528644
2008-09-12 16:00:00,16.046580826746652
2008-09-12 17:00:00,16.96854334401567
2008-09-12 18:00:00,17.61469319141798
2008-09-12 19:00:00,17.87449204429543
2008-09-12 20:00:00,18.04179235737773
2008-09-12 21:00:00,18.214999767486187
2008-09-12 22:00:00,18.400903055158153
2008-09-12 23:00:00,18.6000199158555
2008-09-13 00:00:00,51.8013609933735
2008-09-13 01:00:00,53.00068819815523
2008-09-13 02:00:00,55.80717648282487
2008-09-13 03:00:00,61.01739738202402
2008-09-13 04:00:00,63.673678744337685
2008-09-13 05:00:00,64.49833850469444
2008-09-13 06:00:00,64.16669111036339
2008-09-13 07:00:00,63.62640268546839
2008-09-13 08:00:00,61.455756791689275
2008-09-13 09:00:00,59.860297219697316
2008-09-13 10:00:00,59.41866925047121
2008-09-13 11:00:00,59.510877421081155
2008-09-13 12:00:00,59.23081416894717
2008-09-13 13:00:00,59.679320632510645
2008-09-13 14:00:00,60.333226712553355
2008-09-13 15:00:00,62.50280271790963
2008-09-13 16:00:00,63.241515282596765
2008-09-13 17:00:00,64.24592966157186
2008-09-13 18:00:00,66.28697558618977
2008-09-13 19:00:00,67.586901749704
2008-09-13 20:00:00,69.32169957266115
2008-09-13 21:00:00,71.10948291702026
2008-09-13 22:00:00,72.6589261661488
2008-09-13 23:00:00,74.36756161643594
2008-09-14 00:00:00,96.75151485224059
2008-09-14 01:00:00,99.26460713642098
2008-09-14 02:00:00,103.15429026537151
2008-09-14 03:00:00,105.8419016713099
2008-09-14 04:00:00,109.34842455176167
2008-09-14 05:00:00,111.84898853365661
2008-09-14 06:00:00,114.76682808586487
2008-09-14 07:00:00,114.8245834914537
2008-09-14 08:00:00,115.95779060496338
2008-09-14 09:00:00,111.97421188341907
2008-09-14 10:00:00,107.90151333985249
2008-09-14 11:00:00,101.04630783216359
2008-09-14 12:00:00,96.84310925663618
2008-09-14 13:00:00,91.5381892925878
2008-09-14 14:00:00,91.69755431521847
2008-09-14 15:00:00,93.97145005650962
2008-09-14 16:00:00,96.18569093871305
2008-09-14 17:00:00,101.75264435509011
2008-09-14 18:00:00,106.01412074273301
2008-09-14 19:00:00,108.86737836001284
2008-09-14 20:00:00,111.05510944431124
2008-09-14 21:00:00,112.90880725985045
2008-09-14 22:00:00,115.45830101518393
2008-09-14 23:00:00,117.3699569120557
2008-09-15 00:00:00,120.16322431999957
2008-09-15 01:00:00,121.02030221011249
2008-09-15 02:00:00,122.64440226988154
2008-09-15 03:00:00,125.9358528080034
2008-09-15 04:00:00,130.56857693093855
2008-09-15 05:00:00,132.10191948132564
2008-09-15 06:00:00,130.87569324687968
2008-09-15 07:00:00,127.09738997138206
2008-09-15 08:00:00,120.17053535073484
2008-09-15 09:00:00,110.18007805240066
2008-09-15 10:00:00,100.34464235634165
2008-09-15 11:00:00,94.05423465069613
2008-09-15 12:00:00,87.07493354000596
2008-09-15 13:00:00,85.53097135107227
2008-09-15 14:00:00,89.7203966460254
2008-09-15 15:00:00,92.41647220970422
2008-09-15 16:00:00,95.98502545632448
2008-09-15 17:00:00,101.27462863976493
2008-09-15 18:00:00,108.60012358346874
2008-09-15 19:00:00,111.85785320809936
2008-09-15 20:00:00,115.5233012510854
2008-09-15 21:00:00,119.24871001029315
2008-09-15 22:00:00,121.5972083598313
2008-09-15 23:00:00,124.04169535709737
2008-09-16 00:00:00,126.48535208849691
2008-09-16 01:00:00,129.49544498256643
2008-09-16 02:00:00,132.62002579846697
2008-09-16 03:00:00,133.30817159378063
2008-09-16 04:00:00,133.4065606926604
2008-09-16 05:00:00,133.35815630153434
2008-09-16 06:00:00,130.54236741986787
2008-09-16 07:00:00,124.13161383577393
2008-09-16 08:00:00,114.9803859132283
2008-09-16 09:00:00,104.29594326641296
2008-09-16 10:00:00,92.53255605745626
2008-09-16 11:00:00,80.16983686533732
2008-09-16 12:00:00,68.34010341336618
2008-09-16 13:00:00,60.6399834197425
2008-09-16 14:00:00,59.94684877404834
2008-09-16 15:00:00,61.51544424070337
2008-09-16 16:00:00,74.97818173140145
2008-09-16 17:00:00,92.14746565529487
2008-09-16 18:00:00,108.0659649404871
2008-09-16 19:00:00,118.53123268891338
2008-09-16 20:00:00,126.24140748561358
2008-09-16 21:00:00,132.24069679702077
2008-09-16 22:00:00,136.60762614259346
2008-09-16 23:00:00,140.95354544666628
2008-09-17 00:00:00,145.07276239552897
2008-09-17 01:00:00,147.96038898748543
2008-09-17 02:00:00,150.81590044581472
2008-09-17 03:00:00,152.50540164678245
2008-09-17 04:00:00,151.58777869377244
2008-09-17 05:00:00,148.63167838203694
2008-09-17 06:00:00,141.94084289476905
2008-09-17 07:00:00,133.59595187022651
2008-09-17 08:00:00,125.16775032713409
2008-09-17 09:00:00,114.76750750876907
2008-09-17 10:00:00,103.24044393676513
2008-09-17 11:00:00,95.58986721033892
2008-09-17 12:00:00,89.40232377358774
2008-09-17 13:00:00,82.07592622200765
2008-09-17 14:00:00,76.70878565242474
2008-09-17 15:00:00,76.31525565368086
2008-09-17 16:00:00,84.2685564099058
2008-09-17 17:00:00,97.58081104284024
2008-09-17 18:00:00,109.39580768326442
2008-09-17 19:00:00,117.834516505306
2008-09-17 20:00:00,122.82531454276649
2008-09-17 21:00:00,127.39289194205017
2008-09-17 22:00:00,130.13351486302744
2008-09-17 23:00:00,132.99176861187644
2008-09-18 00:00:00,130.89350857741874
2008-09-18 01:00:00,133.16852949750862
2008-09-18 02:00:00,133.69797389907438
2008-09-18 03:00:00,132.44596372814547
2008-09-18 04:00:00,131.00178161800767
2008-09-18 05:00:00,129.69906709745914
2008-09-18 06:00:00,125.71132675619836
2008-09-18 07:00:00,118.55710272807968
2008-09-18 08:00:00,110.27558753755888
2008-09-18 09:00:00,101.70764534388215
2008-09-18 10:00:00,87.25398702601335
2008-09-18 11:00:00,80.74758138388104
2008-09-18 12:00:00,72.27724436269325
2008-09-18 13:00:00,71.9140680412373
2008-09-18 14:00:00,72.4874155087352
2008-09-18 15:00:00,73.9847621537941
2008-09-18 16:00:00,78.05349563734639
2008-09-18 17:00:00,85.23408209988142
2008-09-18 18:00:00,90.48915733376995
2008-09-18 19:00:00,92.1717868444078
2008-09-18 20:00:00,93.69847135477545
2008-09-18 21:00:00,95.29495778197125
2008-09-18 22:00:00,95.5729168414153
2008-09-18 23:00:00,95.5658349299071
2008-09-19 00:00:00,65.59581926563632
2008-09-19 01:00:00,65.46431696444728
2008-09-19 02:00:00,65.4768264456631
2008-09-19 03:00:00,65.96906425940418
2008-09-19 04:00:00,66.73510108937032
2008-09-19 05:00:00,67.27028233699774
2008-09-19 06:00:00,65.46901169630264
2008-09-19 07:00:00,61.6720416832921
2008-09-19 08:00:00,56.045866638423746
2008-09-19 09:00:00,45.94100495999116
2008-09-19 10:00:00,34.3114696193734
2008-09-19 11:00:00,16.590264684739218
2008-09-19 12:00:00,8.893603112671377
2008-09-19 13:00:00,7.085529551830719
2008-09-19 14:00:00,6.431857212145875
2008-09-19 15:00:00,7.1129704142047
2008-09-19 16:00:00,9.854497968464475
2008-09-19 17:00:00,20.0551749267339
2008-09-19 18:00:00,43.66904812204609
2008-09-19 19:00:00,49.29642997301038
2008-09-19 20:00:00,52.11715242558802
2008-09-19 21:00:00,57.28728605414453
2008-09-19 22:00:00,60.06658571052724
2008-09-19 23:00:00,63.55290026762421
2008-09-20 00:00:00,92.50326521698341
2008-09-20 01:00:00,100.406833314485
2008-09-20 02:00:00,104.92704325195479
2008-09-20 03:00:00,109.52331560062659
2008-09-20 04:00:00,112.925848097961
2008-09-20 05:00:00,114.9152090579053
2008-09-20 06:00:00,112.74191866158473
2008-09-20 07:00:00,104.04980385240101
2008-09-20 08:00:00,89.74385253853707
2008-09-20 09:00:00,73.31577106011873
2008-09-20 10:00:00,53.54223256777397
2008-09-20 11:00:00,34.92677078687963
2008-09-20 12:00:00,29.383348399128057
2008-09-20 13:00:00,23.726971321441013
2008-09-20 14:00:00,23.526059466922902
2008-09-20 15:00:00,29.26474560422426
2008-09-20 16:00:00,46.56731660394841
2008-09-20 17:00:00,66.62331124104297
2008-09-20 18:00:00,86.16760769198594
2008-09-20 19:00:00,98.43862331165147
2008-09-20 20:00:00,105.27147612294903
2008-09-20 21:00:00,111.35967551858252
2008-09-20 22:00:00,115.89015528671213
2008-09-20 23:00:00,120.141317010793
2008-09-21 00:00:00,132.78614027905738
2008-09-21 01:00:00,136.93417310934112
2008-09-21 02:00:00,141.1065287157611
2008-09-21 03:00:00,141.80646089325973
2008-09-21 04:00:00,142.81644740301797
2008-09-21 05:00:00,142.82751617442128
2008-09-21 06:00:00,139.33915457629607
2008-09-21 07:00:00,132.49852461680348
2008-09-21 08:00:00,124.68915141794984
2008-09-21 09:00:00,116.23950514612247
2008-09-21 10:00:00,108.88554881321633
2008-09-21 11:00:00,98.44526690033963
2008-09-21 12:00:00,81.67490023480005
2008-09-21 13:00:00,71.43758271243738
2008-09-21 14:00:00,61.07258054970359
2008-09-21 15:00:00,60.28670903645365
2008-09-21 16:00:00,73.55365297500501
2008-09-21 17:00:00,89.82935424155151
2008-09-21 18:00:00,108.25950506975056
2008-09-21 19:00:00,116.05633327826989
2008-09-21 20:00:00,120.70885827030976
2008-09-21 21:00:00,127.32380514543324
2008-09-21 22:00:00,132.7597478381936
2008-09-21 23:00:00,136.49686129805102
2008-09-22 00:00:00,140.05962163328488
2008-09-22 01:00:00,141.92301131249758
2008-09-22 02:00:00,145.17962800798543
2008-09-22 03:00:00,147.143888956545
2008-09-22 04:00:00,148.84542079347918
2008-09-22 05:00:00,148.658491667682
2008-09-22 06:00:00,143.8814463076349
2008-09-22 07:00:00,132.67104089242937
2008-09-22 08:00:00,120.07322654586281
2008-09-22 09:00:00,107.29634683882823
2008-09-22 10:00:00,80.82449870966434
2008-09-22 11:00:00,64.74688132913096
2008-09-22 12:00:00,48.7761878231051
2008-09-22 13:00:00,39.24233290041822
2008-09-22 14:00:00,38.230864516991225
2008-09-22 15:00:00,43.533714303768974
2008-09-22 16:00:00,54.485991568295304
2008-09-22 17:00:00,73.14996970340539
2008-09-22 18:00:00,91.95168860680575
2008-09-22 19:00:00,99.3208055101085
2008-09-22 20:00:00,106.67775139602283
2008-09-22 21:00:00,110.43864081337918
2008-09-22 22:00:00,114.01660557269342
2008-09-22 23:00:00,116.56126600928057
2008-09-23 00:00:00,118.87249758240975
2008-09-23 01:00:00,120.7406500352038
2008-09-23 02:00:00,122.71461916671834
2008-09-23 03:00:00,124.4521418477006
2008-09-23 04:00:00,124.73622419677754
2008-09-23 05:00:00,124.74906310048401
2008-09-23 06:00:00,123.31451237476706
2008-09-23 07:00:00,118.98423604312796
2008-09-23 08:00:00,113.21388117129683
2008-09-23 09:00:00,104.06241793500517
2008-09-23 10:00:00,92.41003681798499
2008-09-23 11:00:00,76.77135764468137
2008-09-23 12:00:00,62.304749296931966
2008-09-23 13:00:00,59.4077280109303
2008-09-23 14:00:00,54.83314950737852
2008-09-23 15:00:00,55.345865868426365
2008-09-23 16:00:00,65.14916786969707
2008-09-23 17:00:00,85.42143811340074
2008-09-23 18:00:00,101.17546622345276
2008-09-23 19:00:00,111.33967218415624
2008-09-23 20:00:00,117.20697922063654
2008-09-23 21:00:00,122.68828923976845
2008-09-23 22:00:00,128.78421383215874
2008-09-23 23:00:00,133.50186978490802
2008-09-24 00:00:00,137.0918078742304
2008-09-24 01:00:00,140.77367177902198
2008-09-24 02:00:00,143.64780791752088
2008-09-24 03:00:00,145.5027959709299
2008-09-24 04:00:00,145.51490538164015
2008-09-24 05:00:00,143.64229902145854
2008-09-24 06:00:00,139.63370816490243
2008-09-24 07:00:00,131.4411737724765
2008-09-24 08:00:00,121.71937048785406
2008-09-24 09:00:00,111.57935306229427
2008-09-24 10:00:00,100.40515792729826
2008-09-24 11:00:00,85.02753713167576
2008-09-24 12:00:00,76.4446412640982
2008-09-24 13:00:00,62.28535300464155
2008-09-24 14:00:00,57.674651576612675
2008-09-24 15:00:00,51.5620420336446
2008-09-24 16:00:00,64.41147791226425
2008-09-24 17:00:00,79.85932165821667
2008-09-24 18:00:00,88.83454664169145
2008-09-24 19:00:00,95.5355328179044
2008-09-24 20:00:00,100.08808073510968
2008-09-24 21:00:00,103.34286098533603
2008-09-24 22:00:00,107.00777561549754
2008-09-24 23:00:00,109.1188370422619
2008-09-25 00:00:00,107.59553556108929
2008-09-25 01:00:00,109.97100527276328
2008-09-25 02:00:00,113.67670615490857
2008-09-25 03:00:00,116.0247643966826
2008-09-25 04:00:00,117.72269399119027
2008-09-25 05:00:00,117.12760876102128
2008-09-25 06:00:00,113.22460956457397
2008-09-25 07:00:00,107.92178470164356
2008-09-25 08:00:00,100.14264685876957
2008-09-25 09:00:00,91.99923554153608
2008-09-25 10:00:00,79.40999882047984
2008-09-25 11:00:00,71.46630649720161
2008-09-25 12:00:00,60.77971089415034
2008-09-25 13:00:00,57.418563316422365
2008-09-25 14:00:00,57.69843874955348
2008-09-25 15:00:00,64.87320134520704
2008-09-25 16:00:00,72.29065204546893
2008-09-25 17:00:00,81.00152291267555
2008-09-25 18:00:00,88.25698652440174
2008-09-25 19:00:00,96.12249005015389
2008-09-25 20:00:00,98.61373490180594
2008-09-25 21:00:00,100.57286035097
2008-09-25 22:00:00,103.20680506016411
2008-09-25 23:00:00,105.18530746611385
2008-09-26 00:00:00,102.651356945089
2008-09-26 01:00:00,103.7358661121016
2008-09-26 02:00:00,105.841716307371
2008-09-26 03:00:00,106.5668245018588
2008-09-26 04:00:00,106.92001736847443
2008-09-26 05:00:00,107.08669715989465
2008-09-26 06:00:00,106.39216009247549
2008-09-26 07:00:00,102.97785983318938
2008-09-26 08:00:00,98.03827786289438
2008-09-26 09:00:00,87.49538298604601
2008-09-26 10:00:00,71.72485291006244
2008-09-26 11:00:00,55.98215744378255
2008-09-26 12:00:00,40.31919210316177
2008-09-26 13:00:00,34.459467425814154
2008-09-26 14:00:00,29.75835366384513
2008-09-26 15:00:00,36.60808733173804
2008-09-26 16:00:00,44.642322324370156
2008-09-26 17:00:00,63.792453642575005
2008-09-26 18:00:00,80.82058518479325
2008-09-26 19:00:00,89.11722974013028
2008-09-26 20:00:00,100.83977239300873
2008-09-26 21:00:00,105.0535263581366
2008-09-26 22:00:00,110.29880266796091
2008-09-26 23:00:00,116.17751451754778
2008-09-27 00:00:00,129.80814733510127
2008-09-27 01:00:00,134.89061799110286
2008-09-27 02:00:00,138.16212233333985
2008-09-27 03:00:00,141.24439802486825
2008-09-27 04:00:00,143.47733903979662
2008-09-27 05:00:00,142.335580871186
2008-09-27 06:00:00,136.35868044087402
2008-09-27 07:00:00,126.24252555400048
2008-09-27 08:00:00,116.43846905247166
2008-09-27 09:00:00,105.33520824074287
2008-09-27 10:00:00,87.8469348187658
2008-09-27 11:00:00,66.29163970174307
2008-09-27 12:00:00,57.094808169735295
2008-09-27 13:00:00,51.85670441737564
2008-09-27 14:00:00,49.896630111393996
2008-09-27 15:00:00,52.36271734267027
2008-09-27 16:00:00,61.270619992902525
2008-09-27 17:00:00,77.01714110624657
2008-09-27 18:00:00,92.81071678605136
2008-09-27 19:00:00,106.79729396470688
2008-09-27 20:00:00,115.48122841843244
2008-09-27 21:00:00,123.6674540274094
2008-09-27 22:00:00,128.72534702181343
2008-09-27 23:00:00,134.52465924615785
2008-09-28 00:00:00,137.9874111618076
2008-09-28 01:00:00,141.31718848005985
2008-09-28 02:00:00,144.96718939065002
2008-09-28 03:00:00,147.15117324475216
2008-09-28 04:00:00,149.08550506579817
2008-09-28 05:00:00,150.49803326118231
2008-09-28 06:00:00,148.71520009121392
2008-09-28 07:00:00,136.240577842978
2008-09-28 08:00:00,123.32389878268508
2008-09-28 09:00:00,110.11383482000873
2008-09-28 10:00:00,90.03275858852436
2008-09-28 11:00:00,70.21301751960328
2008-09-28 12:00:00,49.19454137852339
2008-09-28 13:00:00,37.32878376773177
2008-09-28 14:00:00,26.80234944169313
2008-09-28 15:00:00,30.731369753077633
2008-09-28 16:00:00,42.56198134193473
2008-09-28 17:00:00,78.80570627063517
2008-09-28 18:00:00,100.39585663509777
2008-09-28 19:00:00,110.14823043373569
2008-09-28 20:00:00,116.64911822330485
2008-09-28 21:00:00,121.5936249756223
2008-09-28 22:00:00,125.12881430818402
2008-09-28 23:00:00,128.8149445839296
2008-09-29 00:00:00,128.02047543722975
2008-09-29 01:00:00,130.0515937580236
2008-09-29 02:00:00,132.2352688111519
2008-09-29 03:00:00,134.94917645539823
2008-09-29 04:00:00,136.38640087069845
2008-09-29 05:00:00,135.67439053298665
2008-09-29 06:00:00,132.8409778793143
2008-09-29 07:00:00,123.55534649987565
2008-09-29 08:00:00,110.06013391437897
2008-09-29 09:00:00,88.29867150294163
2008-09-29 10:00:00,59.57259581663214
2008-09-29 11:00:00,28.830425939281344
2008-09-29 12:00:00,10.99159396266692
2008-09-29 13:00:00,8.456743521961368
2008-09-29 14:00:00,8.252605614047066
2008-09-29 15:00:00,8.819817185498925
2008-09-29 16:00:00,14.376860746066862
2008-09-29 17:00:00,40.6388381272417
2008-09-29 18:00:00,52.47547101230998
2008-09-29 19:00:00,66.04013161523254
2008-09-29 20:00:00,74.50414962056385
2008-09-29 21:00:00,79.80081785048014
2008-09-29 22:00:00,86.52519930522496
2008-09-29 23:00:00,92.30121964174283
2008-09-30 00:00:00,81.92824660907308
2008-09-30 01:00:00,84.56566821079694
2008-09-30 02:00:00,87.306100807235
2008-09-30 03:00:00,88.9781459878419
2008-09-30 04:00:00,89.7379680993473
2008-09-30 05:00:00,89.3316041646671
2008-09-30 06:00:00,87.21207813576645
2008-09-30 07:00:00,80.3674771732167
2008-09-30 08:00:00,66.52811439367655
2008-09-30 09:00:00,54.8461542125831
2008-09-30 10:00:00,47.399981903513726
2008-09-30 11:00:00,35.42827542030705
2008-09-30 12:00:00,30.312293555675772
2008-09-30 13:00:00,30.032419393119874
2008-09-30 14:00:00,33.22663405544069
2008-09-30 15:00:00,42.41299807375671
2008-09-30 16:00:00,53.34219656662177
2008-09-30 17:00:00,63.84310818692905
2008-09-30 18:00:00,68.36531050799906
2008-09-30 19:00:00,69.53550103051676
2008-09-30 20:00:00,71.43039327172862
2008-09-30 21:00:00,72.75446603640482
2008-09-30 22:00:00,74.43293551415458
2008-09-30 23:00:00,74.92145781136553
2008-10-01 00:00:00,65.64130083726275
2008-10-01 01:00:00,66.70922259342389
2008-10-01 02:00:00,66.48995752429168
2008-10-01 03:00:00,66.26126861885697
2008-10-01 04:00:00,65.34553807659854
2008-10-01 05:00:00,65.03117109116043
2008-10-01 06:00:00,63.98037444670899
2008-10-01 07:00:00,62.2336057931934
2008-10-01 08:00:00,57.606648993476384
2008-10-01 09:00:00,45.85512508527887
2008-10-01 10:00:00,34.03323946275885
2008-10-01 11:00:00,16.633193733100438
2008-10-01 12:00:00,11.541665513859108
2008-10-01 13:00:00,9.944736266854392
2008-10-01 14:00:00,10.44433307004174
2008-10-01 15:00:00,11.581074620827646
2008-10-01 16:00:00,22.330262327865007
2008-10-01 17:00:00,36.66453030486663
2008-10-01 18:00:00,45.557339505693434
2008-10-01 19:00:00,47.917185674421134
2008-10-01 20:00:00,52.577504264116
2008-10-01 21:00:00,52.188786077027856
2008-10-01 22:00:00,53.363258831328785
2008-10-01 23:00:00,54.5671323376098
2008-10-02 00:00:00,60.32414282205718
2008-10-02 01:00:00,61.97751400698127
2008-10-02 02:00:00,63.949832282107344
2008-10-02 03:00:00,66.26427149710427
2008-10-02 04:00:00,70.15636371283338
2008-10-02 05:00:00,74.9750859983502
2008-10-02 06:00:00,74.6704426053306
2008-10-02 07:00:00,67.15806551897039
2008-10-02 08:00:00,64.52304188328787
2008-10-02 09:00:00,58.414229927811675
2008-10-02 10:00:00,52.32892471205598
2008-10-02 11:00:00,50.45708914423324
2008-10-02 12:00:00,46.81063438107765
2008-10-02 13:00:00,50.648204656669336
2008-10-02 14:00:00,55.80442231125938
2008-10-02 15:00:00,64.63815784299929
2008-10-02 16:00:00,72.22867713762976
2008-10-02 17:00:00,78.49412650412495
2008-10-02 18:00:00,83.27611087722835
2008-10-02 19:00:00,85.42595943090751
2008-10-02 20:00:00,88.0093220326139
2008-10-02 21:00:00,90.68284663244968
2008-10-02 22:00:00,92.92182805577313
2008-10-02 23:00:00,94.10826155305392
2008-10-03 00:00:00,117.47365817289158
2008-10-03 01:00:00,119.02290564693361
2008-10-03 02:00:00,121.1522415431049
2008-10-03 03:00:00,123.14691403159834
2008-10-03 04:00:00,125.66542642520386
2008-10-03 05:00:00,128.4520321036159
2008-10-03 06:00:00,131.2427885487142
2008-10-03 07:00:00,132.8354164599282
2008-10-03 08:00:00,131.21037382042064
2008-10-03 09:00:00,127.06327277095541
2008-10-03 10:00:00,125.9145280373119
2008-10-03 11:00:00,122.37019051560665
2008-10-03 12:00:00,117.88863324824767
2008-10-03 13:00:00,116.31036493593218
2008-10-03 14:00:00,114.41569426685845
2008-10-03 15:00:00,113.82167880784256
2008-10-03 16:00:00,119.30935204310123
2008-10-03 17:00:00,127.260805170189
2008-10-03 18:00:00,133.17414925394326
2008-10-03 19:00:00,135.47179623089934
2008-10-03 20:00:00,139.31069763563036
2008-10-03 21:00:00,141.20017806806464
2008-10-03 22:00:00,141.67459601161607
2008-10-03 23:00:00,143.3874359069104
2008-10-04 00:00:00,144.84119872805235
2008-10-04 01:00:00,146.32913548507065
2008-10-04 02:00:00,146.5623836878502
2008-10-04 03:00:00,147.31905369752394
2008-10-04 04:00:00,147.26801464932615
2008-10-04 05:00:00,148.38327946485308
2008-10-04 06:00:00,147.4574021598984
2008-10-04 07:00:00,144.01417221329876
2008-10-04 08:00:00,138.43581473003582
2008-10-04 09:00:00,131.43117411838188
2008-10-04 10:00:00,125.87056531163543
2008-10-04 11:00:00,122.01912257480464
2008-10-04 12:00:00,119.71693828899417
2008-10-04 13:00:00,117.76410363503423
2008-10-04 14:00:00,119.38855483292116
2008-10-04 15:00:00,122.20149422272024
2008-10-04 16:00:00,127.04105374613793
2008-10-04 17:00:00,136.19614046213655
2008-10-04 18:00:00,143.9435447719913
2008-10-04 19:00:00,149.15654831591246
2008-10-04 20:00:00,152.84881815661873
2008-10-04 21:00:00,157.49498193974827
2008-10-04 22:00:00,161.76978607078678
2008-10-04 23:00:00,164.21906579761136
2008-10-05 00:00:00,167.0917908827298
2008-10-05 01:00:00,169.56833329349723
2008-10-05 02:00:00,171.1595917584001
2008-10-05 03:00:00,173.39988873367932
2008-10-05 04:00:00,175.73036013359595
2008-10-05 05:00:00,176.24387952868426
2008-10-05 06:00:00,173.75943750827182
2008-10-05 07:00:00,160.6035157158231
2008-10-05 08:00:00,141.75096075431577
2008-10-05 09:00:00,123.80147963707476
2008-10-05 10:00:00,107.17942912874116
2008-10-05 11:00:00,85.4744346286181
2008-10-05 12:00:00,69.43782756919599
2008-10-05 13:00:00,57.207029863067085
2008-10-05 14:00:00,55.026590992163655
2008-10-05 15:00:00,56.409278787247736
2008-10-05 16:00:00,66.85391512220535
2008-10-05 17:00:00,80.87197764456255
2008-10-05 18:00:00,84.56344558347998
2008-10-05 19:00:00,92.45339432850861
2008-10-05 20:00:00,94.28454856375373
2008-10-05 21:00:00,93.17633806020584
2008-10-05 22:00:00,88.8084643089337
2008-10-05 23:00:00,85.86547874838932
2008-10-06 00:00:00,66.00184206411714
2008-10-06 01:00:00,67.34114021975148
2008-10-06 02:00:00,68.66818893530808
2008-10-06 03:00:00,69.36836736304048
2008-10-06 04:00:00,68.90605743412688
2008-10-06 05:00:00,68.52362147756784
2008-10-06 06:00:00,67.81213607580125
2008-10-06 07:00:00,63.83243274448894
2008-10-06 08:00:00,56.28320618420961
2008-10-06 09:00:00,37.53061271613301
2008-10-06 10:00:00,22.673499582104373
2008-10-06 11:00:00,17.379137660015573
2008-10-06 12:00:00,15.295104765911324
2008-10-06 13:00:00,13.260270609414121
2008-10-06 14:00:00,11.276956189348772
2008-10-06 15:00:00,13.319315870601534
2008-10-06 16:00:00,31.494141907055386
2008-10-06 17:00:00,43.63387352365417
2008-10-06 18:00:00,47.288913730101655
2008-10-06 19:00:00,51.52316296865731
2008-10-06 20:00:00,54.53626060151707
2008-10-06 21:00:00,52.804187362398736
2008-10-06 22:00:00,52.735466915453664
2008-10-06 23:00:00,53.192792932193306
2008-10-07 00:00:00,51.584671750005064
2008-10-07 01:00:00,52.84175017933518
2008-10-07 02:00:00,54.32854781751787
2008-10-07 03:00:00,55.75435171873242
2008-10-07 04:00:00,56.70104241057571
2008-10-07 05:00:00,57.91280745764808
2008-10-07 06:00:00,57.941022074220484
2008-10-07 07:00:00,53.92415315499172
2008-10-07 08:00:00,47.49694119196263
2008-10-07 09:00:00,39.18894614653109
2008-10-07 10:00:00,16.419542851933226
2008-10-07 11:00:00,8.485382538121861
2008-10-07 12:00:00,6.344495622511938
2008-10-07 13:00:00,3.201015993901608
2008-10-07 14:00:00,2.445885271838432
2008-10-07 15:00:00,2.9839841555974798
2008-10-07 16:00:00,6.219466935840414
2008-10-07 17:00:00,22.3884196887516
2008-10-07 18:00:00,33.054197547604616
2008-10-07 19:00:00,35.826189822860954
2008-10-07 20:00:00,45.23282431288133
2008-10-07 21:00:00,46.88043384885319
2008-10-07 22:00:00,47.625656034453705
2008-10-07 23:00:00,48.36389405186999
2008-10-08 00:00:00,41.081614504245486
2008-10-08 01:00:00,41.74216744346562
2008-10-08 02:00:00,42.25560218126076
2008-10-08 03:00:00,42.250070862154885
2008-10-08 04:00:00,42.39563315663594
2008-10-08 05:00:00,42.807952206398824
2008-10-08 06:00:00,42.08793654956301
2008-10-08 07:00:00,39.670539312989625
2008-10-08 08:00:00,35.4037355027536
2008-10-08 09:00:00,27.222560593920036
2008-10-08 10:00:00,13.43970526736151
2008-10-08 11:00:00,7.037197699410773
2008-10-08 12:00:00,4.511387269529608
2008-10-08 13:00:00,4.013083597301337
2008-10-08 14:00:00,3.7928099353304434
2008-10-08 15:00:00,4.890725059170291
2008-10-08 16:00:00,8.832897249115815
2008-10-08 17:00:00,17.28515095461005
2008-10-08 18:00:00,25.01614009282242
2008-10-08 19:00:00,26.79738775121738
2008-10-08 20:00:00,32.40319047694472
2008-10-08 21:00:00,35.28743670863517
2008-10-08 22:00:00,36.70491745227338
2008-10-08 23:00:00,37.0276671276698
2008-10-09 00:00:00,47.777280379726584
2008-10-09 01:00:00,49.03687332752353
2008-10-09 02:00:00,49.9674838640798
2008-10-09 03:00:00,51.79677172755293
2008-10-09 04:00:00,52.49256149155968
2008-10-09 05:00:00,53.0163931492167
2008-10-09 06:00:00,53.16947941381347
2008-10-09 07:00:00,51.59532819365046
2008-10-09 08:00:00,47.72389936943639
2008-10-09 09:00:00,39.269066711710714
2008-10-09 10:00:00,26.16255233986149
2008-10-09 11:00:00,19.820428270443422
2008-10-09 12:00:00,18.0693128865079
2008-10-09 13:00:00,17.242614845003008
2008-10-09 14:00:00,17.065137287873647
2008-10-09 15:00:00,18.076404883470964
2008-10-09 16:00:00,23.790914399141023
2008-10-09 17:00:00,35.52444711197787
2008-10-09 18:00:00,44.07058835296021
2008-10-09 19:00:00,48.76531624243887
2008-10-09 20:00:00,50.56707170510648
2008-10-09 21:00:00,50.892946417747794
2008-10-09 22:00:00,50.89015598757002
2008-10-09 23:00:00,51.31120136913689
2008-10-10 00:00:00,53.77578308072947
2008-10-10 01:00:00,54.747151855604464
2008-10-10 02:00:00,55.16069283752004
2008-10-10 03:00:00,55.628789147093364
2008-10-10 04:00:00,56.29231021143119
2008-10-10 05:00:00,56.46707759929997
2008-10-10 06:00:00,55.96693400489425
2008-10-10 07:00:00,54.04796229846008
2008-10-10 08:00:00,49.84953096432754
2008-10-10 09:00:00,43.167065000354924
2008-10-10 10:00:00,25.818577135602396
2008-10-10 11:00:00,18.519294314744347
2008-10-10 12:00:00,14.526244515057666
2008-10-10 13:00:00,12.512673491819015
2008-10-10 14:00:00,12.164956201415738
2008-10-10 15:00:00,15.268606622388168
2008-10-10 16:00:00,26.272744981918557
2008-10-10 17:00:00,37.33116884842252
2008-10-10 18:00:00,49.307862197415204
2008-10-10 19:00:00,52.09244161717289
2008-10-10 20:00:00,53.73153050151816
2008-10-10 21:00:00,55.26960607218522
2008-10-10 22:00:00,57.85331250015811
2008-10-10 23:00:00,59.812486700212226
2008-10-11 00:00:00,64.52677472746777
2008-10-11 01:00:00,66.94073002182078
2008-10-11 02:00:00,67.8022354814194
2008-10-11 03:00:00,68.51415416898047
2008-10-11 04:00:00,68.88147294230887
2008-10-11 05:00:00,68.6849949620669
2008-10-11 06:00:00,67.97788324195122
2008-10-11 07:00:00,63.373183782527946
2008-10-11 08:00:00,55.45267839231757
2008-10-11 09:00:00,37.300835060407735
2008-10-11 10:00:00,21.083498984853463
2008-10-11 11:00:00,9.806865028540098
2008-10-11 12:00:00,4.183369174859246
2008-10-11 13:00:00,2.181547936127704
2008-10-11 14:00:00,0.7989351478444904
2008-10-11 15:00:00,2.2488300161921067
2008-10-11 16:00:00,7.092148278357402
2008-10-11 17:00:00,26.927542106132194
2008-10-11 18:00:00,37.663151759918456
2008-10-11 19:00:00,43.513683328422196
2008-10-11 20:00:00,54.4184557957278
2008-10-11 21:00:00,57.941018627845004
2008-10-11 22:00:00,60.309399781953196
2008-10-11 23:00:00,63.82594704274956
2008-10-12 00:00:00,76.758002241125
2008-10-12 01:00:00,76.92497134445668
2008-10-12 02:00:00,78.56627383934578
2008-10-12 03:00:00,80.37563054458282
2008-10-12 04:00:00,82.2404347962481
2008-10-12 05:00:00,84.13939333404903
2008-10-12 06:00:00,83.08857814742392
2008-10-12 07:00:00,76.76295830299476
2008-10-12 08:00:00,67.60450278451273
2008-10-12 09:00:00,55.92619835070815
2008-10-12 10:00:00,33.99080605219297
2008-10-12 11:00:00,15.538608226659322
2008-10-12 12:00:00,5.859358276761096
2008-10-12 13:00:00,1.5238466374846558
2008-10-12 14:00:00,1.8214911636992779
2008-10-12 15:00:00,2.2401427215188545
2008-10-12 16:00:00,6.744420826119469
2008-10-12 17:00:00,27.53877482008994
2008-10-12 18:00:00,34.0834427895764
2008-10-12 19:00:00,44.17747444558416
2008-10-12 20:00:00,63.07653729343658
2008-10-12 21:00:00,65.53099822419465
2008-10-12 22:00:00,68.34125198840826
2008-10-12 23:00:00,71.10413350207249
2008-10-13 00:00:00,46.5616756799983
2008-10-13 01:00:00,47.419964330856274
2008-10-13 02:00:00,48.169355693192514
2008-10-13 03:00:00,48.75398380111781
2008-10-13 04:00:00,48.88784446823957
2008-10-13 05:00:00,49.239517840908555
2008-10-13 06:00:00,48.61132600438924
2008-10-13 07:00:00,44.81886430578991
2008-10-13 08:00:00,38.5794944208316
2008-10-13 09:00:00,29.588349813576954
2008-10-13 10:00:00,19.111122265330263
2008-10-13 11:00:00,6.317926970960168
2008-10-13 12:00:00,2.3356666009508684
2008-10-13 13:00:00,0.733644990319509
2008-10-13 14:00:00,0.3773299677392562
2008-10-13 15:00:00,1.1065396662042684
2008-10-13 16:00:00,2.140838288896472
2008-10-13 17:00:00,11.605063720673721
2008-10-13 18:00:00,21.137653450576316
2008-10-13 19:00:00,26.590709650888463
2008-10-13 20:00:00,28.901244304480656
2008-10-13 21:00:00,30.920278609258364
2008-10-13 22:00:00,34.41698244732544
2008-10-13 23:00:00,33.92111980090737
2008-10-14 00:00:00,23.92447278093928
2008-10-14 01:00:00,24.687401270900452
2008-10-14 02:00:00,25.792064342061707
2008-10-14 03:00:00,27.217370249562368
2008-10-14 04:00:00,27.80355755654431
2008-10-14 05:00:00,27.76491271931044
2008-10-14 06:00:00,27.33572433798167
2008-10-14 07:00:00,24.619000624680176
2008-10-14 08:00:00,20.255384364814294
2008-10-14 09:00:00,8.062435444088377
2008-10-14 10:00:00,2.4653172247612796
2008-10-14 11:00:00,0.6242168231904709
2008-10-14 12:00:00,0.6572403968706068
2008-10-14 13:00:00,0.606932028725043
2008-10-14 14:00:00,0.5710384733594175
2008-10-14 15:00:00,0.9744124911722232
2008-10-14 16:00:00,2.154452266684623
2008-10-14 17:00:00,6.721563680889309
2008-10-14 18:00:00,15.645318612056512
2008-10-14 19:00:00,19.38427404279753
2008-10-14 20:00:00,21.69416539405638
2008-10-14 21:00:00,22.529603087371754
2008-10-14 22:00:00,23.390487266470142
2008-10-14 23:00:00,23.998839983117545
2008-10-15 00:00:00,20.715382949078467
2008-10-15 01:00:00,20.838181537253543
2008-10-15 02:00:00,21.23818357723793
2008-10-15 03:00:00,21.17957207432501
2008-10-15 04:00:00,21.359950577555864
2008-10-15 05:00:00,21.328564121767602
2008-10-15 06:00:00,21.115103486437853
2008-10-15 07:00:00,19.76816002480773
2008-10-15 08:00:00,16.4715439594343
2008-10-15 09:00:00,8.18879626643125
2008-10-15 10:00:00,2.830781470328287
2008-10-15 11:00:00,0.9103402710260114
2008-10-15 12:00:00,0.4952416251145997
2008-10-15 13:00:00,0.47858935256498353
2008-10-15 14:00:00,0.6349240808025448
2008-10-15 15:00:00,1.775483280680396
2008-10-15 16:00:00,3.83546001405463
2008-10-15 17:00:00,7.611941010982917
2008-10-15 18:00:00,11.907770598537605
2008-10-15 19:00:00,15.941712760331725
2008-10-15 20:00:00,17.021172072928607
2008-10-15 21:00:00,17.415114024917912
2008-10-15 22:00:00,17.6340807824105
2008-10-15 23:00:00,17.53718588358502
2008-10-16 00:00:00,34.145636548065184
2008-10-16 01:00:00,37.180613639606804
2008-10-16 02:00:00,40.7728124450272
2008-10-16 03:00:00,43.22963307519876
2008-10-16 04:00:00,36.86955520980698
2008-10-16 05:00:00,45.991183651037666
2008-10-16 06:00:00,46.49945465430681
2008-10-16 07:00:00,45.449365958943
2008-10-16 08:00:00,43.67882207862508
2008-10-16 09:00:00,41.0980979171273
2008-10-16 10:00:00,39.78084255036594
2008-10-16 11:00:00,32.48949742144771
2008-10-16 12:00:00,31.60156115187153
2008-10-16 13:00:00,27.10924434797014
2008-10-16 14:00:00,37.76419311471137
2008-10-16 15:00:00,43.1540332936419
2008-10-16 16:00:00,55.86676601852628
2008-10-16 17:00:00,59.40004731384464
2008-10-16 18:00:00,60.334493849208414
2008-10-16 19:00:00,61.493651284200865
2008-10-16 20:00:00,63.68097759588965
2008-10-16 21:00:00,66.40247916976125
2008-10-16 22:00:00,69.70166460957323
2008-10-16 23:00:00,73.04125743567097
2008-10-17 00:00:00,111.8458670403858
2008-10-17 01:00:00,114.30876384260456
2008-10-17 02:00:00,117.71594648305863
2008-10-17 03:00:00,120.68290373395531
2008-10-17 04:00:00,123.78160550179754
2008-10-17 05:00:00,127.10439716553924
2008-10-17 06:00:00,128.84642000588298
2008-10-17 07:00:00,124.94153150361322
2008-10-17 08:00:00,116.36730035152847
2008-10-17 09:00:00,108.86206740852481
2008-10-17 10:00:00,99.98832263610825
2008-10-17 11:00:00,93.18810006000668
2008-10-17 12:00:00,83.36902147228734
2008-10-17 13:00:00,74.04247415617499
2008-10-17 14:00:00,72.44214062303031
2008-10-17 15:00:00,77.24181558748921
2008-10-17 16:00:00,95.52013991758163
2008-10-17 17:00:00,114.26078873533483
2008-10-17 18:00:00,122.20352073262569
2008-10-17 19:00:00,128.4906523309546
2008-10-17 20:00:00,133.57691963220924
2008-10-17 21:00:00,137.83493393800129
2008-10-17 22:00:00,142.55720708202338
2008-10-17 23:00:00,147.22699112968087
2008-10-18 00:00:00,151.72111363676999
2008-10-18 01:00:00,155.30435469172608
2008-10-18 02:00:00,158.05969657025048
2008-10-18 03:00:00,160.35689458147755
2008-10-18 04:00:00,163.18536906241582
2008-10-18 05:00:00,164.38091683835648
2008-10-18 06:00:00,164.760286548304
2008-10-18 07:00:00,155.92258734152554
2008-10-18 08:00:00,141.225380024802
2008-10-18 09:00:00,126.48557802203906
2008-10-18 10:00:00,112.36284761759913
2008-10-18 11:00:00,100.28200561800837
2008-10-18 12:00:00,76.42998726457797
2008-10-18 13:00:00,64.0569085026458
2008-10-18 14:00:00,60.80380777679258
2008-10-18 15:00:00,66.38371723072312
2008-10-18 16:00:00,86.43348637479781
2008-10-18 17:00:00,100.85402778774626
2008-10-18 18:00:00,106.3216427611833
2008-10-18 19:00:00,113.2980918864197
2008-10-18 20:00:00,115.38904817620838
2008-10-18 21:00:00,116.43061950396084
2008-10-18 22:00:00,115.91059361614535
2008-10-18 23:00:00,117.95834714031687
2008-10-19 00:00:00,117.96689431227372
2008-10-19 01:00:00,119.55773841436367
2008-10-19 02:00:00,122.52644441311729
2008-10-19 03:00:00,126.03725477495212
2008-10-19 04:00:00,127.25972673608825
2008-10-19 05:00:00,128.36352694678268
2008-10-19 06:00:00,129.41941023582285
2008-10-19 07:00:00,122.61031836532938
2008-10-19 08:00:00,110.58496928177757
2008-10-19 09:00:00,94.49370938791095
2008-10-19 10:00:00,70.71456669124665
2008-10-19 11:00:00,48.59506419941236
2008-10-19 12:00:00,34.6049121719774
2008-10-19 13:00:00,11.976474385815328
2008-10-19 14:00:00,10.648369780870588
2008-10-19 15:00:00,27.39526153492346
2008-10-19 16:00:00,50.13779295018067
2008-10-19 17:00:00,80.19490837061998
2008-10-19 18:00:00,93.32033664892457
2008-10-19 19:00:00,100.61991827576234
2008-10-19 20:00:00,105.45325730121192
2008-10-19 21:00:00,107.56075919441591
2008-10-19 22:00:00,110.89204962589258
2008-10-19 23:00:00,112.69443134660987
2008-10-20 00:00:00,97.50265223580638
2008-10-20 01:00:00,98.40279950141564
2008-10-20 02:00:00,99.06546941878443
2008-10-20 03:00:00,99.74043782125308
2008-10-20 04:00:00,99.62096701617102
2008-10-20 05:00:00,99.85319943654012
2008-10-20 06:00:00,98.28943568513047
2008-10-20 07:00:00,91.38384146478973
2008-10-20 08:00:00,79.39762413313066
2008-10-20 09:00:00,58.88002749003489
2008-10-20 10:00:00,23.792835268501737
2008-10-20 11:00:00,8.35398598873975
2008-10-20 12:00:00,3.7401465239478293
2008-10-20 13:00:00,2.1590141974448813
2008-10-20 14:00:00,2.427539834853721
2008-10-20 15:00:00,3.3111201454494483
2008-10-20 16:00:00,9.696699252584239
2008-10-20 17:00:00,30.136858235479632
2008-10-20 18:00:00,49.10706089196383
2008-10-20 19:00:00,58.988839967856386
2008-10-20 20:00:00,57.043717871595256
2008-10-20 21:00:00,60.90204432217359
2008-10-20 22:00:00,61.881143819908104
2008-10-20 23:00:00,60.38280275192038
2008-10-21 00:00:00,50.971817731351884
2008-10-21 01:00:00,52.02663193741588
2008-10-21 02:00:00,51.65047083887443
2008-10-21 03:00:00,52.12449356689615
2008-10-21 04:00:00,50.73411486621127
2008-10-21 05:00:00,51.21330833453418
2008-10-21 06:00:00,51.1748694765436
2008-10-21 07:00:00,48.8393175887768
2008-10-21 08:00:00,44.52540208885351
2008-10-21 09:00:00,38.15784939407386
2008-10-21 10:00:00,16.507434835756598
2008-10-21 11:00:00,10.02140483800623
2008-10-21 12:00:00,2.887001920505908
2008-10-21 13:00:00,1.968205216769658
2008-10-21 14:00:00,4.399947057129489
2008-10-21 15:00:00,7.223983741747182
2008-10-21 16:00:00,13.922839829998889
2008-10-21 17:00:00,21.35605965329547
2008-10-21 18:00:00,26.420939043838036
2008-10-21 19:00:00,39.2220475832313
2008-10-21 20:00:00,42.17925726478891
2008-10-21 21:00:00,43.838250627897125
2008-10-21 22:00:00,48.81880256739545
2008-10-21 23:00:00,50.08418722275964
2008-10-22 00:00:00,62.28090333064742
2008-10-22 01:00:00,62.674654893127844
2008-10-22 02:00:00,68.37202169295001
2008-10-22 03:00:00,75.6640793518619
2008-10-22 04:00:00,77.18519903176507
2008-10-22 05:00:00,85.8023668417492
2008-10-22 06:00:00,88.12866857543983
2008-10-22 07:00:00,97.2390509309574
2008-10-22 08:00:00,99.49961153050704
2008-10-22 09:00:00,102.37219013431994
2008-10-22 10:00:00,106.60488684706179
2008-10-22 11:00:00,108.01294129891758
2008-10-22 12:00:00,112.44029378085865
2008-10-22 13:00:00,117.17679535987007
2008-10-22 14:00:00,121.4022420294284
2008-10-22 15:00:00,125.55449159787159
2008-10-22 16:00:00,129.4124474004521
2008-10-22 17:00:00,134.64252260171793
2008-10-22 18:00:00,138.9853889151599
2008-10-22 19:00:00,142.2871616779518
2008-10-22 20:00:00,145.06695924001698
2008-10-22 21:00:00,146.45953407209583
2008-10-22 22:00:00,147.19642785141428
2008-10-22 23:00:00,147.52047544449556
2008-10-23 00:00:00,147.66923226610507
2008-10-23 01:00:00,147.54098930044614
2008-10-23 02:00:00,147.5011709144358
2008-10-23 03:00:00,147.63764502467794
2008-10-23 04:00:00,147.60086585555462
2008-10-23 05:00:00,148.4386947528846
2008-10-23 06:00:00,148.2960749141107
2008-10-23 07:00:00,145.94721590412976
2008-10-23 08:00:00,141.2047759896338
2008-10-23 09:00:00,136.51923196038743
2008-10-23 10:00:00,131.56998046552332
2008-10-23 11:00:00,126.36533923598779
2008-10-23 12:00:00,123.02889269666026
2008-10-23 13:00:00,121.15125039489533
2008-10-23 14:00:00,121.21844726369794
2008-10-23 15:00:00,123.09034052918739
2008-10-23 16:00:00,124.94110798449606
2008-10-23 17:00:00,126.72366649394561
2008-10-23 18:00:00,127.67256922507198
2008-10-23 19:00:00,128.89528485314602
2008-10-23 20:00:00,129.70879787294564
2008-10-23 21:00:00,130.2226870919491
2008-10-23 22:00:00,131.23041262616306
2008-10-23 23:00:00,131.9551984332447
2008-10-24 00:00:00,132.76286784224203
2008-10-24 01:00:00,134.28760809901465
2008-10-24 02:00:00,136.93670086920594
2008-10-24 03:00:00,138.06658942013135
2008-10-24 04:00:00,139.0814176857643
2008-10-24 05:00:00,138.85084742352407
2008-10-24 06:00:00,139.419576674895
2008-10-24 07:00:00,135.4406684163632
2008-10-24 08:00:00,127.42923846999007
2008-10-24 09:00:00,118.27906602519364
2008-10-24 10:00:00,110.91434621494636
2008-10-24 11:00:00,101.62867435511203
2008-10-24 12:00:00,90.90863560576189
2008-10-24 13:00:00,79.98909278548562
2008-10-24 14:00:00,72.53801435780456
2008-10-24 15:00:00,78.92674859707087
2008-10-24 16:00:00,93.03601151153113
2008-10-24 17:00:00,106.38532436283813
2008-10-24 18:00:00,116.2558687187471
2008-10-24 19:00:00,121.47902216938971
2008-10-24 20:00:00,125.06198586662478
2008-10-24 21:00:00,127.69566013303502
2008-10-24 22:00:00,132.2354365123416
2008-10-24 23:00:00,135.949033235036
2008-10-25 00:00:00,141.4347352164163
2008-10-25 01:00:00,142.0137887148028
2008-10-25 02:00:00,143.89743400318895
2008-10-25 03:00:00,144.49211812376015
2008-10-25 04:00:00,144.85564551419262
2008-10-25 05:00:00,143.86697380545303
2008-10-25 06:00:00,144.37519094853377
2008-10-25 07:00:00,140.99748156353954
2008-10-25 08:00:00,134.36893114962191
2008-10-25 09:00:00,126.51964237805639
2008-10-25 10:00:00,116.86303870325952
2008-10-25 11:00:00,105.08675485139725
2008-10-25 12:00:00,94.33986095940185
2008-10-25 13:00:00,91.3442884419414
2008-10-25 14:00:00,89.58944041059482
2008-10-25 15:00:00,93.19686615274908
2008-10-25 16:00:00,110.50302783308264
2008-10-25 17:00:00,122.01536853364769
2008-10-25 18:00:00,129.43896543533546
2008-10-25 19:00:00,134.36613901267052
2008-10-25 20:00:00,139.0232105538384
2008-10-25 21:00:00,140.527551463417
2008-10-25 22:00:00,142.64283692131423
2008-10-25 23:00:00,142.10655611460137
2008-10-26 00:00:00,142.48040949512392
2008-10-26 01:00:00,143.3627169510205
2008-10-26 02:00:00,144.36514907064597
2008-10-26 03:00:00,143.17329162665274
2008-10-26 04:00:00,142.70748347885115
2008-10-26 05:00:00,144.3247895615722
2008-10-26 06:00:00,143.91652351179533
2008-10-26 07:00:00,141.0965493765805
2008-10-26 08:00:00,131.04213119279345
2008-10-26 09:00:00,119.32147033207933
2008-10-26 10:00:00,106.03809775078564
2008-10-26 11:00:00,91.48945296480791
2008-10-26 12:00:00,75.74731141130577
2008-10-26 13:00:00,61.996775430171304
2008-10-26 14:00:00,57.92946971455233
2008-10-26 15:00:00,67.63689699535554
2008-10-26 16:00:00,86.50323918957618
2008-10-26 17:00:00,99.04059842025504
2008-10-26 18:00:00,106.2533270371953
2008-10-26 19:00:00,115.0417217801347
2008-10-26 20:00:00,116.54759475057595
2008-10-26 21:00:00,119.42770870105697
2008-10-26 22:00:00,122.68367863171754
2008-10-26 23:00:00,125.2255009426753
2008-10-27 00:00:00,125.31514049950528
2008-10-27 01:00:00,125.22467898908606
2008-10-27 02:00:00,125.41371314905739
2008-10-27 03:00:00,124.57618594296844
2008-10-27 04:00:00,122.73507376888654
2008-10-27 05:00:00,122.874672235892
2008-10-27 06:00:00,120.75566872469614
2008-10-27 07:00:00,113.31631330616968
2008-10-27 08:00:00,101.61110962015093
2008-10-27 09:00:00,89.50083422918351
2008-10-27 10:00:00,78.2219670494632
2008-10-27 11:00:00,68.47741112811872
2008-10-27 12:00:00,65.88463122153712
2008-10-27 13:00:00,69.37835165848648
2008-10-27 14:00:00,72.23464998616738
2008-10-27 15:00:00,77.695202848962
2008-10-27 16:00:00,82.71181466967514
2008-10-27 17:00:00,92.38503614270155
2008-10-27 18:00:00,99.687158751709
2008-10-27 19:00:00,102.43715484731948
2008-10-27 20:00:00,103.61373335124368
2008-10-27 21:00:00,104.86279355671249
2008-10-27 22:00:00,102.95657767936777
2008-10-27 23:00:00,103.14395639119458
2008-10-28 00:00:00,105.01948647353274
2008-10-28 01:00:00,108.69174258597698
2008-10-28 02:00:00,112.10183092004185
2008-10-28 03:00:00,119.14972698836364
2008-10-28 04:00:00,124.19981037313899
2008-10-28 05:00:00,127.24047674357487
2008-10-28 06:00:00,128.8993358004359
2008-10-28 07:00:00,128.53558616665026
2008-10-28 08:00:00,127.11300399491148
2008-10-28 09:00:00,125.32925923986522
2008-10-28 10:00:00,125.45064757310924
2008-10-28 11:00:00,125.93038030200833
2008-10-28 12:00:00,126.9405773610737
2008-10-28 13:00:00,128.73288377505875
2008-10-28 14:00:00,130.65289667173928
2008-10-28 15:00:00,133.1471857099687
2008-10-28 16:00:00,135.27685649718484
2008-10-28 17:00:00,136.68855488042456
2008-10-28 18:00:00,138.0281367884826
2008-10-28 19:00:00,138.7364326286978
2008-10-28 20:00:00,139.92247686781153
2008-10-28 21:00:00,140.87863988698967
2008-10-28 22:00:00,142.2390803019652
2008-10-28 23:00:00,144.95304735222555
2008-10-29 00:00:00,148.0910958027145
2008-10-29 01:00:00,150.18002446691528
2008-10-29 02:00:00,152.65871047143554
2008-10-29 03:00:00,154.37993618772452
2008-10-29 04:00:00,156.61921779247794
2008-10-29 05:00:00,158.6512132620873
2008-10-29 06:00:00,160.57869846873405
2008-10-29 07:00:00,161.57628231575734
2008-10-29 08:00:00,162.3157177580832
2008-10-29 09:00:00,162.04989120306865
2008-10-29 10:00:00,162.1068443801817
2008-10-29 11:00:00,163.06214363838575
2008-10-29 12:00:00,164.6676138537625
2008-10-29 13:00:00,161.03212174449547
2008-10-29 14:00:00,159.679572616045
2008-10-29 15:00:00,163.50631224813293
2008-10-29 16:00:00,164.98424932372066
2008-10-29 17:00:00,167.93281350273864
2008-10-29 18:00:00,170.98309764247168
2008-10-29 19:00:00,176.30562350075274
2008-10-29 20:00:00,179.16206613948788
2008-10-29 21:00:00,180.52267445266315
2008-10-29 22:00:00,182.38373934213197
2008-10-29 23:00:00,183.31453219137305
2008-10-30 00:00:00,183.76574799704477
2008-10-30 01:00:00,185.35702128681598
2008-10-30 02:00:00,185.43788371725262
2008-10-30 03:00:00,185.98618950562357
2008-10-30 04:00:00,185.020864930855
2008-10-30 05:00:00,184.1685797026036
2008-10-30 06:00:00,183.66446056913162
2008-10-30 07:00:00,181.9206985308835
2008-10-30 08:00:00,179.08561781505315
2008-10-30 09:00:00,175.3263037682728
2008-10-30 10:00:00,170.80858685044623
2008-10-30 11:00:00,165.86456562079817
2008-10-30 12:00:00,162.06997862660026
2008-10-30 13:00:00,160.39999960907812
2008-10-30 14:00:00,162.6971364445669
2008-10-30 15:00:00,166.2809851057912
2008-10-30 16:00:00,170.02194797920728
2008-10-30 17:00:00,171.9674988090104
2008-10-30 18:00:00,172.0413845614395
2008-10-30 19:00:00,171.86905159571276
2008-10-30 20:00:00,174.1720110255268
2008-10-30 21:00:00,177.0296005795067
2008-10-30 22:00:00,178.00817490300986
2008-10-30 23:00:00,178.27880673897056
2008-10-31 00:00:00,178.5976062550368
2008-10-31 01:00:00,177.9566059452652
2008-10-31 02:00:00,177.8784237424469
2008-10-31 03:00:00,177.8375477506783
2008-10-31 04:00:00,177.50184201890693
2008-10-31 05:00:00,177.5428383770478
2008-10-31 06:00:00,176.3346799907744
2008-10-31 07:00:00,174.45817674109466
2008-10-31 08:00:00,171.679230919095
2008-10-31 09:00:00,168.7124013830157
2008-10-31 10:00:00,164.93508879043148
2008-10-31 11:00:00,160.64703781909628
2008-10-31 12:00:00,158.36134733200598
2008-10-31 13:00:00,156.2250916256191
2008-10-31 14:00:00,155.37122732854726
2008-10-31 15:00:00,156.95014986101322
2008-10-31 16:00:00,160.01979788722386
2008-10-31 17:00:00,161.59877651591955
2008-10-31 18:00:00,163.0576361248033
2008-10-31 19:00:00,164.68763368172316
2008-10-31 20:00:00,166.22295336407157
2008-10-31 21:00:00,166.87896292736903
2008-10-31 22:00:00,168.22690426427417
2008-10-31 23:00:00,167.66247257834772
2008-11-01 00:00:00,166.73970888137038
2008-11-01 01:00:00,164.52643185416036
2008-11-01 02:00:00,163.9885272296101
2008-11-01 03:00:00,162.93584299744367
2008-11-01 04:00:00,164.32252122330686
2008-11-01 05:00:00,165.25123114594018
2008-11-01 06:00:00,166.56459265917456
2008-11-01 07:00:00,165.69659920088833
2008-11-01 08:00:00,162.97411082502452
2008-11-01 09:00:00,156.92754457551132
2008-11-01 10:00:00,148.9483017644229
2008-11-01 11:00:00,144.01996577100226
2008-11-01 12:00:00,138.89876884732402
2008-11-01 13:00:00,134.98862102912432
2008-11-01 14:00:00,134.1165965520315
2008-11-01 15:00:00,137.77040542133915
2008-11-01 16:00:00,141.39000631492627
2008-11-01 17:00:00,143.91443160666475
2008-11-01 18:00:00,146.41360689144722
2008-11-01 19:00:00,147.0772056664443
2008-11-01 20:00:00,147.70958599071702
2008-11-01 21:00:00,148.98166674688787
2008-11-01 22:00:00,148.81588543075912
2008-11-01 23:00:00,149.45517881052623
2008-11-02 00:00:00,147.92225254892335
2008-11-02 01:00:00,148.01773374805285
2008-11-02 02:00:00,149.16465667543662
2008-11-02 03:00:00,149.18228938201958
2008-11-02 04:00:00,148.82247667713816
2008-11-02 05:00:00,149.1692162621425
2008-11-02 06:00:00,149.2069681783794
2008-11-02 07:00:00,147.6139793562788
2008-11-02 08:00:00,141.59010822379273
2008-11-02 09:00:00,132.0506187574445
2008-11-02 10:00:00,124.57235271888949
2008-11-02 11:00:00,116.03678350779388
2008-11-02 12:00:00,109.43304868848907
2008-11-02 13:00:00,102.37028414022004
2008-11-02 14:00:00,99.38973277798098
2008-11-02 15:00:00,101.18059654582646
2008-11-02 16:00:00,108.14628225258781
2008-11-02 17:00:00,114.18606723118003
2008-11-02 18:00:00,117.64222349870629
2008-11-02 19:00:00,117.36844244126445
2008-11-02 20:00:00,115.49007531854357
2008-11-02 21:00:00,110.81929059953943
2008-11-02 22:00:00,111.21286034326828
2008-11-02 23:00:00,112.73126242679209
2008-11-03 00:00:00,118.7182941052054
2008-11-03 01:00:00,120.74849926850806
2008-11-03 02:00:00,124.11169553625058
2008-11-03 03:00:00,127.00671566291693
2008-11-03 04:00:00,127.26667651686833
2008-11-03 05:00:00,126.73339115301347
2008-11-03 06:00:00,126.236520935613
2008-11-03 07:00:00,122.46367807367166
2008-11-03 08:00:00,114.75066404378094
2008-11-03 09:00:00,103.29576362418491
2008-11-03 10:00:00,90.6857943788415
2008-11-03 11:00:00,76.55205934484364
2008-11-03 12:00:00,69.4051405031973
2008-11-03 13:00:00,70.89809380423924
2008-11-03 14:00:00,71.66598341907664
2008-11-03 15:00:00,78.40044263456089
2008-11-03 16:00:00,89.99342751917493
2008-11-03 17:00:00,95.80259680865018
2008-11-03 18:00:00,102.33704709810625
2008-11-03 19:00:00,105.55980020784615
2008-11-03 20:00:00,107.41948424505267
2008-11-03 21:00:00,111.68460867839438
2008-11-03 22:00:00,116.0196677343543
2008-11-03 23:00:00,120.96732626832532
2008-11-04 00:00:00,127.6766436516764
2008-11-04 01:00:00,131.05949177097338
2008-11-04 02:00:00,132.96786942311323
2008-11-04 03:00:00,134.20840913620023
2008-11-04 04:00:00,134.35559071793978
2008-11-04 05:00:00,133.92798678382505
2008-11-04 06:00:00,133.00946010220233
2008-11-04 07:00:00,129.99964579955562
2008-11-04 08:00:00,125.22909018307705
2008-11-04 09:00:00,119.37240837994798
2008-11-04 10:00:00,113.7795889780688
2008-11-04 11:00:00,110.91166864117099
2008-11-04 12:00:00,108.85042643569537
2008-11-04 13:00:00,107.4246033094179
2008-11-04 14:00:00,107.3984477308262
2008-11-04 15:00:00,108.70089076347647
2008-11-04 16:00:00,110.53307401037864
2008-11-04 17:00:00,111.57408553240033
2008-11-04 18:00:00,111.790573563694
2008-11-04 19:00:00,112.39186799651024
2008-11-04 20:00:00,114.32595428558831
2008-11-04 21:00:00,115.42200587801995
2008-11-04 22:00:00,113.73285796897174
2008-11-04 23:00:00,114.14544887823816
2008-11-05 00:00:00,113.45818551553727
2008-11-05 01:00:00,115.46761939151936
2008-11-05 02:00:00,117.44666019774199
2008-11-05 03:00:00,116.63607037226518
2008-11-05 04:00:00,116.52376897660434
2008-11-05 05:00:00,122.10774208450225
2008-11-05 06:00:00,122.18011062230126
2008-11-05 07:00:00,119.10835823674941
2008-11-05 08:00:00,114.37790686074096
2008-11-05 09:00:00,110.80271295112159
2008-11-05 10:00:00,104.32282449190336
2008-11-05 11:00:00,97.30797893151188
2008-11-05 12:00:00,84.41542057579639
2008-11-05 13:00:00,80.06339013878666
2008-11-05 14:00:00,80.48364252387587
2008-11-05 15:00:00,87.19152958148544
2008-11-05 16:00:00,98.03391782676958
2008-11-05 17:00:00,106.20294679562133
2008-11-05 18:00:00,113.93130946742791
2008-11-05 19:00:00,118.79026853490178
2008-11-05 20:00:00,124.25596530519655
2008-11-05 21:00:00,126.703845870557
2008-11-05 22:00:00,128.62777122173947
2008-11-05 23:00:00,128.37431904655685
2008-11-06 00:00:00,131.63118055880278
2008-11-06 01:00:00,132.04467825348112
2008-11-06 02:00:00,132.29017082085113
2008-11-06 03:00:00,132.15106092751088
2008-11-06 04:00:00,132.36008569756825
2008-11-06 05:00:00,132.24476396848837
2008-11-06 06:00:00,132.20355667804282
2008-11-06 07:00:00,131.4081990626729
2008-11-06 08:00:00,129.03857825212998
2008-11-06 09:00:00,125.84396904729816
2008-11-06 10:00:00,121.76849083517962
2008-11-06 11:00:00,118.44555948654083
2008-11-06 12:00:00,114.50186358182346
2008-11-06 13:00:00,112.1963645020121
2008-11-06 14:00:00,113.28693325595246
2008-11-06 15:00:00,115.97132881853761
2008-11-06 16:00:00,118.63632000390861
2008-11-06 17:00:00,122.20521941714739
2008-11-06 18:00:00,123.4779660835717
2008-11-06 19:00:00,124.6276608679381
2008-11-06 20:00:00,125.58562108456847
2008-11-06 21:00:00,126.21742398229267
2008-11-06 22:00:00,127.66577470922803
2008-11-06 23:00:00,128.5796694219669
2008-11-07 00:00:00,128.7492890600209
2008-11-07 01:00:00,128.35870794712247
2008-11-07 02:00:00,128.71081604037664
2008-11-07 03:00:00,129.49718987892606
2008-11-07 04:00:00,131.00010489137654
2008-11-07 05:00:00,132.62457880766425
2008-11-07 06:00:00,134.21376868444182
2008-11-07 07:00:00,133.39250805358753
2008-11-07 08:00:00,126.64779052582884
2008-11-07 09:00:00,115.81632840775248
2008-11-07 10:00:00,105.82299990336568
2008-11-07 11:00:00,90.6405166975352
2008-11-07 12:00:00,73.68752403077929
2008-11-07 13:00:00,71.14507490313756
2008-11-07 14:00:00,74.21940444824585
2008-11-07 15:00:00,84.3021083035638
2008-11-07 16:00:00,105.28031406436266
2008-11-07 17:00:00,117.75108588890429
2008-11-07 18:00:00,124.88395738486557
2008-11-07 19:00:00,130.980970465618
2008-11-07 20:00:00,135.53021954659317
2008-11-07 21:00:00,139.40049190417912
2008-11-07 22:00:00,141.74839200177888
2008-11-07 23:00:00,145.04249622003334
2008-11-08 00:00:00,146.47989367382974
2008-11-08 01:00:00,146.32660586802632
2008-11-08 02:00:00,145.4263495135864
2008-11-08 03:00:00,144.17069333515988
2008-11-08 04:00:00,143.03738898610817
2008-11-08 05:00:00,143.33885991261397
2008-11-08 06:00:00,143.1547185121391
2008-11-08 07:00:00,141.01717319322267
2008-11-08 08:00:00,134.54724598358848
2008-11-08 09:00:00,124.7485942759808
2008-11-08 10:00:00,113.08369843377608
2008-11-08 11:00:00,101.67454934723948
2008-11-08 12:00:00,85.27319274647544
2008-11-08 13:00:00,74.67928240617941
2008-11-08 14:00:00,79.78349456098769
2008-11-08 15:00:00,91.90750895999246
2008-11-08 16:00:00,108.4552777850492
2008-11-08 17:00:00,120.18813962629409
2008-11-08 18:00:00,127.00445399444196
2008-11-08 19:00:00,132.58753782675296
2008-11-08 20:00:00,137.10546309149788
2008-11-08 21:00:00,140.06182385223184
2008-11-08 22:00:00,142.18947048740623
2008-11-08 23:00:00,145.3702365383226
2008-11-09 00:00:00,147.88270967029194
2008-11-09 01:00:00,148.328086343672
2008-11-09 02:00:00,149.241664277235
2008-11-09 03:00:00,151.06265741063433
2008-11-09 04:00:00,151.50633165440715
2008-11-09 05:00:00,150.01674090371807
2008-11-09 06:00:00,147.85825165518946
2008-11-09 07:00:00,142.12694069626627
2008-11-09 08:00:00,131.53969610190825
2008-11-09 09:00:00,119.28211552581637
2008-11-09 10:00:00,105.74651705953475
2008-11-09 11:00:00,93.52421004502261
2008-11-09 12:00:00,71.694424657684
2008-11-09 13:00:00,67.80544955597911
2008-11-09 14:00:00,63.70886440572525
2008-11-09 15:00:00,81.19851989084576
2008-11-09 16:00:00,94.87244093387848
2008-11-09 17:00:00,101.95633277169952
2008-11-09 18:00:00,104.9783726465526
2008-11-09 19:00:00,110.0262835781455
2008-11-09 20:00:00,112.40887038550358
2008-11-09 21:00:00,116.48932029015678
2008-11-09 22:00:00,118.1249191119521
2008-11-09 23:00:00,120.73128237908269
2008-11-10 00:00:00,115.43667612511179
2008-11-10 01:00:00,117.50142651637269
2008-11-10 02:00:00,120.47294356984207
2008-11-10 03:00:00,123.63767644760189
2008-11-10 04:00:00,124.5236587921821
2008-11-10 05:00:00,123.45716725672291
2008-11-10 06:00:00,123.87571539799504
2008-11-10 07:00:00,120.90966483243075
2008-11-10 08:00:00,108.20696715541132
2008-11-10 09:00:00,91.30286404164542
2008-11-10 10:00:00,71.59145412156526
2008-11-10 11:00:00,46.83572028098496
2008-11-10 12:00:00,37.99513601223404
2008-11-10 13:00:00,35.72519643179374
2008-11-10 14:00:00,43.16724900578003
2008-11-10 15:00:00,51.83748970159701
2008-11-10 16:00:00,75.62793489955496
2008-11-10 17:00:00,88.007307939158
2008-11-10 18:00:00,95.93612402782959
2008-11-10 19:00:00,99.63572911142721
2008-11-10 20:00:00,106.95041819098859
2008-11-10 21:00:00,110.81960024858698
2008-11-10 22:00:00,114.0807581865889
2008-11-10 23:00:00,116.61760242235924
2008-11-11 00:00:00,127.94845970216073
2008-11-11 01:00:00,131.98254472045576
2008-11-11 02:00:00,134.52528550565344
2008-11-11 03:00:00,133.88672415150066
2008-11-11 04:00:00,135.76197547841284
2008-11-11 05:00:00,135.22736089282043
2008-11-11 06:00:00,130.91273747776518
2008-11-11 07:00:00,114.36125448656134
2008-11-11 08:00:00,95.63887995163165
2008-11-11 09:00:00,80.23576214257831
2008-11-11 10:00:00,68.1452734012122
2008-11-11 11:00:00,63.38442946475413
2008-11-11 12:00:00,75.37887038810922
2008-11-11 13:00:00,86.33788650244935
2008-11-11 14:00:00,96.34397079743884
2008-11-11 15:00:00,106.68781969251732
2008-11-11 16:00:00,112.72809094974905
2008-11-11 17:00:00,115.99732225749881
2008-11-11 18:00:00,118.11731972865562
2008-11-11 19:00:00,120.59942043826159
2008-11-11 20:00:00,122.6522329665463
2008-11-11 21:00:00,124.57157111184685
2008-11-11 22:00:00,127.00972151276117
2008-11-11 23:00:00,128.86264416145315
2008-11-12 00:00:00,131.4096282994672
2008-11-12 01:00:00,132.81356516426646
2008-11-12 02:00:00,134.44541083077056
2008-11-12 03:00:00,135.46886415218677
2008-11-12 04:00:00,136.68966186502132
2008-11-12 05:00:00,138.8275054500362
2008-11-12 06:00:00,140.3573393031019
2008-11-12 07:00:00,141.25898104050242
2008-11-12 08:00:00,138.81592927598842
2008-11-12 09:00:00,133.221196106662
2008-11-12 10:00:00,128.30918013464225
2008-11-12 11:00:00,125.77196509817271
2008-11-12 12:00:00,123.86180199907545
2008-11-12 13:00:00,123.63216575821889
2008-11-12 14:00:00,124.2051116988907
2008-11-12 15:00:00,126.40012446279513
2008-11-12 16:00:00,131.0515878021808
2008-11-12 17:00:00,134.26652923383014
2008-11-12 18:00:00,136.74371795928928
2008-11-12 19:00:00,139.2145558393288
2008-11-12 20:00:00,140.70382529169817
2008-11-12 21:00:00,141.53062674321592
2008-11-12 22:00:00,143.72496846917994
2008-11-12 23:00:00,144.88231146232
2008-11-13 00:00:00,145.71513878675864
2008-11-13 01:00:00,146.68945943206964
2008-11-13 02:00:00,147.78482054485508
2008-11-13 03:00:00,148.8989602957444
2008-11-13 04:00:00,148.7978348856492
2008-11-13 05:00:00,148.51528934604627
2008-11-13 06:00:00,147.72986385291404
2008-11-13 07:00:00,145.90243648748427
2008-11-13 08:00:00,143.04614752243253
2008-11-13 09:00:00,139.71895534160853
2008-11-13 10:00:00,136.27215042022468
2008-11-13 11:00:00,132.12900388235832
2008-11-13 12:00:00,129.38524241105188
2008-11-13 13:00:00,128.056338828085
2008-11-13 14:00:00,128.43495140714012
2008-11-13 15:00:00,130.07278368388978
2008-11-13 16:00:00,131.8398177730458
2008-11-13 17:00:00,133.8635382017988
2008-11-13 18:00:00,135.56614565105653
2008-11-13 19:00:00,137.60684990113688
2008-11-13 20:00:00,140.23958651447063
2008-11-13 21:00:00,142.95997911446926
2008-11-13 22:00:00,144.871623488056
2008-11-13 23:00:00,146.97199455549938
2008-11-14 00:00:00,149.50916088477868
2008-11-14 01:00:00,151.1180885895536
2008-11-14 02:00:00,152.4651789279303
2008-11-14 03:00:00,153.65923974926272
2008-11-14 04:00:00,154.8566637689447
2008-11-14 05:00:00,155.17618482080698
2008-11-14 06:00:00,155.7862012417794
2008-11-14 07:00:00,155.97183881923945
2008-11-14 08:00:00,150.85512349671555
2008-11-14 09:00:00,144.7066067971475
2008-11-14 10:00:00,136.86166005361432
2008-11-14 11:00:00,131.21664359385704
2008-11-14 12:00:00,126.94243233449187
2008-11-14 13:00:00,124.65973289452236
2008-11-14 14:00:00,125.62065565755275
2008-11-14 15:00:00,130.2463813798382
2008-11-14 16:00:00,137.01405140993612
2008-11-14 17:00:00,143.52265601820594
2008-11-14 18:00:00,150.76084894207332
2008-11-14 19:00:00,156.368121159472
2008-11-14 20:00:00,161.23767116857653
2008-11-14 21:00:00,164.5557757085879
2008-11-14 22:00:00,168.95349677718315
2008-11-14 23:00:00,173.357668386265
2008-11-15 00:00:00,177.77926734260393
2008-11-15 01:00:00,179.8890052327653
2008-11-15 02:00:00,181.65276888714217
2008-11-15 03:00:00,184.65984574754097
2008-11-15 04:00:00,186.0158539475588
2008-11-15 05:00:00,187.5832023496013
2008-11-15 06:00:00,188.40431662158593
2008-11-15 07:00:00,187.70531783692206
2008-11-15 08:00:00,179.7164487219765
2008-11-15 09:00:00,168.32668444250032
2008-11-15 10:00:00,156.12386645914677
2008-11-15 11:00:00,146.28504725278353
2008-11-15 12:00:00,138.3929593099724
2008-11-15 13:00:00,133.78198773513128
2008-11-15 14:00:00,132.32397653696415
2008-11-15 15:00:00,138.22086582321572
2008-11-15 16:00:00,148.482689993986
2008-11-15 17:00:00,157.74069895855342
2008-11-15 18:00:00,164.13732998041337
2008-11-15 19:00:00,167.71712565595885
2008-11-15 20:00:00,170.38379535356077
2008-11-15 21:00:00,170.58271452364585
2008-11-15 22:00:00,172.18390188363045
2008-11-15 23:00:00,173.79095499961434
2008-11-16 00:00:00,174.32754422233313
2008-11-16 01:00:00,174.72985095838033
2008-11-16 02:00:00,174.0802380683704
2008-11-16 03:00:00,173.69074466236782
2008-11-16 04:00:00,173.47215521351282
2008-11-16 05:00:00,173.26893879565097
2008-11-16 06:00:00,173.1120564379817
2008-11-16 07:00:00,171.96145190249916
2008-11-16 08:00:00,166.6917553652148
2008-11-16 09:00:00,160.33153095232365
2008-11-16 10:00:00,153.40815205821278
2008-11-16 11:00:00,149.33636599790358
2008-11-16 12:00:00,145.28198091184467
2008-11-16 13:00:00,141.96360840556497
2008-11-16 14:00:00,141.77347433160853
2008-11-16 15:00:00,143.28690066052607
2008-11-16 16:00:00,146.2355231194095
2008-11-16 17:00:00,147.34236781939214
2008-11-16 18:00:00,147.67489065673536
2008-11-16 19:00:00,147.72508887747162
2008-11-16 20:00:00,147.45314727193735
2008-11-16 21:00:00,146.50589853303208
2008-11-16 22:00:00,145.79991316360005
2008-11-16 23:00:00,145.58135566513656
2008-11-17 00:00:00,144.67187314592175
2008-11-17 01:00:00,144.13906568847614
2008-11-17 02:00:00,144.50794415929593
2008-11-17 03:00:00,144.64587301498318
2008-11-17 04:00:00,144.0825056465804
2008-11-17 05:00:00,144.25620839138003
2008-11-17 06:00:00,145.32016173316495
2008-11-17 07:00:00,145.35179147307815
2008-11-17 08:00:00,144.6169267009931
2008-11-17 09:00:00,142.1369198203244
2008-11-17 10:00:00,138.98413583393037
2008-11-17 11:00:00,136.13288096616895
2008-11-17 12:00:00,134.6572483344808
2008-11-17 13:00:00,133.78588336164768
2008-11-17 14:00:00,134.789719351862
2008-11-17 15:00:00,138.81395001111952
2008-11-17 16:00:00,143.9829419250681
2008-11-17 17:00:00,146.801949407321
2008-11-17 18:00:00,148.35397107366367
2008-11-17 19:00:00,150.50055226830935
2008-11-17 20:00:00,153.24906889772083
2008-11-17 21:00:00,155.57378943107344
2008-11-17 22:00:00,157.4763386826422
2008-11-17 23:00:00,158.66766346540206
2008-11-18 00:00:00,159.92971041064516
2008-11-18 01:00:00,160.47347343387182
2008-11-18 02:00:00,161.41607534874092
2008-11-18 03:00:00,160.8874758044516
2008-11-18 04:00:00,160.78775953451947
2008-11-18 05:00:00,159.96898784335897
2008-11-18 06:00:00,159.272265573092
2008-11-18 07:00:00,157.41661732043164
2008-11-18 08:00:00,153.5404086269458
2008-11-18 09:00:00,149.70173183749907
2008-11-18 10:00:00,146.08960051341026
2008-11-18 11:00:00,144.2847477324148
2008-11-18 12:00:00,143.50761702912007
2008-11-18 13:00:00,143.9233403013229
2008-11-18 14:00:00,145.098353530526
2008-11-18 15:00:00,146.7533627524538
2008-11-18 16:00:00,148.27373569083812
2008-11-18 17:00:00,149.7922861349589
2008-11-18 18:00:00,150.5770834903469
2008-11-18 19:00:00,151.39241849234446
2008-11-18 20:00:00,152.6568073976488
2008-11-18 21:00:00,154.77595535920423
2008-11-18 22:00:00,155.72576735893003
2008-11-18 23:00:00,156.45448191067774
2008-11-19 00:00:00,156.7707165576389
2008-11-19 01:00:00,156.9621400363215
2008-11-19 02:00:00,155.929642282902
2008-11-19 03:00:00,155.11398556799207
2008-11-19 04:00:00,154.4129255368143
2008-11-19 05:00:00,153.84225513855122
2008-11-19 06:00:00,153.06605219971166
2008-11-19 07:00:00,152.17978166413658
2008-11-19 08:00:00,146.67124085940378
2008-11-19 09:00:00,139.72168753843943
2008-11-19 10:00:00,130.67539821464734
2008-11-19 11:00:00,123.14210349002143
2008-11-19 12:00:00,119.20323849217735
2008-11-19 13:00:00,119.70274491512149
2008-11-19 14:00:00,120.60332648704221
2008-11-19 15:00:00,123.94371851780286
2008-11-19 16:00:00,128.478691304097
2008-11-19 17:00:00,131.83146857084782
2008-11-19 18:00:00,134.99176466740042
2008-11-19 19:00:00,138.23302814320607
2008-11-19 20:00:00,141.33374812145652
2008-11-19 21:00:00,144.5440258616928
2008-11-19 22:00:00,145.9320161555058
2008-11-19 23:00:00,146.7042545647654
2008-11-20 00:00:00,147.58371328694008
2008-11-20 01:00:00,148.90269157719416
2008-11-20 02:00:00,149.10599746404324
2008-11-20 03:00:00,149.34090200382465
2008-11-20 04:00:00,149.4555428818342
2008-11-20 05:00:00,148.52248270563294
2008-11-20 06:00:00,147.75592942553604
2008-11-20 07:00:00,145.755811046902
2008-11-20 08:00:00,141.72407810813576
2008-11-20 09:00:00,135.38841441411031
2008-11-20 10:00:00,130.63947310074806
2008-11-20 11:00:00,127.04855755511164
2008-11-20 12:00:00,124.55643242969666
2008-11-20 13:00:00,122.28635965941977
2008-11-20 14:00:00,122.57743713186582
2008-11-20 15:00:00,126.58084534982444
2008-11-20 16:00:00,131.90108739061498
2008-11-20 17:00:00,136.690169827829
2008-11-20 18:00:00,137.4983055566605
2008-11-20 19:00:00,138.7553926274155
2008-11-20 20:00:00,138.5492670187619
2008-11-20 21:00:00,137.94001438664282
2008-11-20 22:00:00,138.58787253400942
2008-11-20 23:00:00,138.69449971543963
2008-11-21 00:00:00,137.056052999212
2008-11-21 01:00:00,136.1922069646885
2008-11-21 02:00:00,135.79834653181402
2008-11-21 03:00:00,135.16915791875894
2008-11-21 04:00:00,134.9123953813149
2008-11-21 05:00:00,134.73487484734153
2008-11-21 06:00:00,134.94597032389828
2008-11-21 07:00:00,134.62246240003728
2008-11-21 08:00:00,132.3112884878707
2008-11-21 09:00:00,130.93354700902154
2008-11-21 10:00:00,130.29623818563246
2008-11-21 11:00:00,127.76416222547567
2008-11-21 12:00:00,125.24162253703027
2008-11-21 13:00:00,127.85487431824697
2008-11-21 14:00:00,133.06247074303633
2008-11-21 15:00:00,138.69892079686932
2008-11-21 16:00:00,145.89924998302817
2008-11-21 17:00:00,152.44511110481005
2008-11-21 18:00:00,156.73590761268534
2008-11-21 19:00:00,161.0924483814463
2008-11-21 20:00:00,167.16702117571356
2008-11-21 21:00:00,169.80956738423697
2008-11-21 22:00:00,173.40755334405918
2008-11-21 23:00:00,178.24523960325786
2008-11-22 00:00:00,181.5047371591916
2008-11-22 01:00:00,182.63888414950216
2008-11-22 02:00:00,182.78505411889316
2008-11-22 03:00:00,185.4273031953442
2008-11-22 04:00:00,185.6155230116589
2008-11-22 05:00:00,187.05086151784536
2008-11-22 06:00:00,188.1771965291104
2008-11-22 07:00:00,189.3142379649212
2008-11-22 08:00:00,189.76328390728548
2008-11-22 09:00:00,188.8061641004137
2008-11-22 10:00:00,188.8516175214702
2008-11-22 11:00:00,188.78680126944198
2008-11-22 12:00:00,189.79578656303119
2008-11-22 13:00:00,190.65621669355082
2008-11-22 14:00:00,191.55822721010603
2008-11-22 15:00:00,193.47902180488344
2008-11-22 16:00:00,194.2187249783256
2008-11-22 17:00:00,195.4855294548433
2008-11-22 18:00:00,196.65186679261603
2008-11-22 19:00:00,197.51825513740545
2008-11-22 20:00:00,198.1269807375081
2008-11-22 21:00:00,198.59942919339858
2008-11-22 22:00:00,199.20934467925068
2008-11-22 23:00:00,199.86306859652058
2008-11-23 00:00:00,201.53836665391142
2008-11-23 01:00:00,203.19358735398774
2008-11-23 02:00:00,205.84516528974
2008-11-23 03:00:00,207.93055333437198
2008-11-23 04:00:00,209.81002784583995
2008-11-23 05:00:00,209.83266362851018
2008-11-23 06:00:00,210.5506228094713
2008-11-23 07:00:00,211.56092528005053
2008-11-23 08:00:00,208.76915871396827
2008-11-23 09:00:00,204.10732395472579
2008-11-23 10:00:00,198.25267371266818
2008-11-23 11:00:00,193.9587580664855
2008-11-23 12:00:00,191.31991577791644
2008-11-23 13:00:00,189.85164025913863
2008-11-23 14:00:00,190.96040640683418
2008-11-23 15:00:00,193.28278867046038
2008-11-23 16:00:00,193.9483248546106
2008-11-23 17:00:00,192.91141803331797
2008-11-23 18:00:00,195.6445584484581
2008-11-23 19:00:00,199.346353208325
2008-11-23 20:00:00,200.0623610796069
2008-11-23 21:00:00,198.6122386083724
2008-11-23 22:00:00,194.8046023305009
2008-11-23 23:00:00,191.4143308276785
2008-11-24 00:00:00,185.99932484210825
2008-11-24 01:00:00,182.34332788913846
2008-11-24 02:00:00,181.84389229594527
2008-11-24 03:00:00,181.85018246998416
2008-11-24 04:00:00,182.06399142187692
2008-11-24 05:00:00,184.01278397473877
2008-11-24 06:00:00,183.5121786805371
2008-11-24 07:00:00,182.60006925716814
2008-11-24 08:00:00,180.01706638492803
2008-11-24 09:00:00,177.11932814661463
2008-11-24 10:00:00,172.92810563170016
2008-11-24 11:00:00,171.19051370812582
2008-11-24 12:00:00,171.35417019073992
2008-11-24 13:00:00,169.75746132816437
2008-11-24 14:00:00,172.4160183958332
2008-11-24 15:00:00,175.74636353415585
2008-11-24 16:00:00,180.79548029081516
2008-11-24 17:00:00,185.0953436487433
2008-11-24 18:00:00,188.60859958299798
2008-11-24 19:00:00,192.02900836664588
2008-11-24 20:00:00,194.51462054807726
2008-11-24 21:00:00,195.23147120806254
2008-11-24 22:00:00,193.93839474471264
2008-11-24 23:00:00,192.21870825482026
2008-11-25 00:00:00,192.67575284550088
2008-11-25 01:00:00,193.9376874375347
2008-11-25 02:00:00,195.05214158200266
2008-11-25 03:00:00,194.91620172790704
2008-11-25 04:00:00,195.46765918456467
2008-11-25 05:00:00,196.7606915568662
2008-11-25 06:00:00,199.21637876910236
2008-11-25 07:00:00,200.64730719390303
2008-11-25 08:00:00,199.23323348445305
2008-11-25 09:00:00,196.38289877178556
2008-11-25 10:00:00,191.37209089959143
2008-11-25 11:00:00,186.78760594375407
2008-11-25 12:00:00,182.52924523047028
2008-11-25 13:00:00,180.51600230289426
2008-11-25 14:00:00,182.4637037697418
2008-11-25 15:00:00,188.0730388042585
2008-11-25 16:00:00,195.7020459840721
2008-11-25 17:00:00,199.56380918329282
2008-11-25 18:00:00,202.1120996041597
2008-11-25 19:00:00,204.44518544814852
2008-11-25 20:00:00,206.3334044404856
2008-11-25 21:00:00,207.72559704432672
2008-11-25 22:00:00,209.1516345861175
2008-11-25 23:00:00,212.80999112317184
2008-11-26 00:00:00,215.8080087814704
2008-11-26 01:00:00,217.91514470265116
2008-11-26 02:00:00,219.56234814070598
2008-11-26 03:00:00,221.04750741388895
2008-11-26 04:00:00,222.2216731786476
2008-11-26 05:00:00,223.939580566164
2008-11-26 06:00:00,224.02387581678633
2008-11-26 07:00:00,222.6877046512598
2008-11-26 08:00:00,218.4438354321972
2008-11-26 09:00:00,208.83154598090994
2008-11-26 10:00:00,198.50499099782024
2008-11-26 11:00:00,190.36748391596103
2008-11-26 12:00:00,184.3702476702137
2008-11-26 13:00:00,183.01112119050217
2008-11-26 14:00:00,184.55929699706718
2008-11-26 15:00:00,190.99334217561213
2008-11-26 16:00:00,199.593065584723
2008-11-26 17:00:00,205.5968136664422
2008-11-26 18:00:00,209.39915689922262
2008-11-26 19:00:00,212.80600557102233
2008-11-26 20:00:00,215.995880046905
2008-11-26 21:00:00,219.5265241115567
2008-11-26 22:00:00,222.17623740491598
2008-11-26 23:00:00,224.60386405687208
2008-11-27 00:00:00,226.5999405731966
2008-11-27 01:00:00,228.21549802186595
2008-11-27 02:00:00,229.18698670935584
2008-11-27 03:00:00,228.7726882453535
2008-11-27 04:00:00,228.17482678486672
2008-11-27 05:00:00,228.64766989364728
2008-11-27 06:00:00,228.45368344159107
2008-11-27 07:00:00,227.91623980828064
2008-11-27 08:00:00,222.90223150309342
2008-11-27 09:00:00,215.74238082912873
2008-11-27 10:00:00,207.4031544864758
2008-11-27 11:00:00,199.88912138043304
2008-11-27 12:00:00,193.5163878051148
2008-11-27 13:00:00,190.38505825731238
2008-11-27 14:00:00,191.52034913493046
2008-11-27 15:00:00,197.47878385834497
2008-11-27 16:00:00,205.67563641814147
2008-11-27 17:00:00,210.76987174180084
2008-11-27 18:00:00,214.59767598575664
2008-11-27 19:00:00,217.3914635253966
2008-11-27 20:00:00,220.07518190429093
2008-11-27 21:00:00,223.19883020858663
2008-11-27 22:00:00,223.9941270924057
2008-11-27 23:00:00,226.06549404099502
2008-11-28 00:00:00,228.70674137230216
2008-11-28 01:00:00,229.99945463088628
2008-11-28 02:00:00,231.15368762967017
2008-11-28 03:00:00,231.7496860305805
2008-11-28 04:00:00,231.9672134685837
2008-11-28 05:00:00,231.10384040737247
2008-11-28 06:00:00,230.42061462219561
2008-11-28 07:00:00,229.97077654058793
2008-11-28 08:00:00,226.54531827391722
2008-11-28 09:00:00,221.67345414443815
2008-11-28 10:00:00,216.3258712782429
2008-11-28 11:00:00,212.4615654316665
2008-11-28 12:00:00,207.9647092317525
2008-11-28 13:00:00,201.86687682834244
2008-11-28 14:00:00,201.68510282029987
2008-11-28 15:00:00,202.49928891869507
2008-11-28 16:00:00,204.58459564997838
2008-11-28 17:00:00,206.06867652271063
2008-11-28 18:00:00,207.96426153959953
2008-11-28 19:00:00,208.3038969476034
2008-11-28 20:00:00,209.21860808977092
2008-11-28 21:00:00,209.52945347320798
2008-11-28 22:00:00,209.52569126671332
2008-11-28 23:00:00,209.5647329960315
2008-11-29 00:00:00,208.43088701677954
2008-11-29 01:00:00,206.25411179530056
2008-11-29 02:00:00,204.9807566569067
2008-11-29 03:00:00,204.59286353069527
2008-11-29 04:00:00,204.65447249867566
2008-11-29 05:00:00,204.98623994387367
2008-11-29 06:00:00,205.48839496015452
2008-11-29 07:00:00,205.65632568417925
2008-11-29 08:00:00,202.6991820446537
2008-11-29 09:00:00,194.0172384168608
2008-11-29 10:00:00,185.13000835314597
2008-11-29 11:00:00,177.15097011433318
2008-11-29 12:00:00,169.34136180326888
2008-11-29 13:00:00,165.14440018961815
2008-11-29 14:00:00,167.69733508890795
2008-11-29 15:00:00,175.1773053282747
2008-11-29 16:00:00,181.18113351332235
2008-11-29 17:00:00,182.16398071047414
2008-11-29 18:00:00,180.26372573378134
2008-11-29 19:00:00,176.6183054983272
2008-11-29 20:00:00,175.65500898635085
2008-11-29 21:00:00,174.89919080241893
2008-11-29 22:00:00,177.84935790120738
2008-11-29 23:00:00,179.66661061388953
2008-11-30 00:00:00,180.28858954805645
2008-11-30 01:00:00,180.56371865930018
2008-11-30 02:00:00,179.88842045759614
2008-11-30 03:00:00,178.9284778524826
2008-11-30 04:00:00,180.0369329030299
2008-11-30 05:00:00,181.38288162242762
2008-11-30 06:00:00,183.6612958444078
2008-11-30 07:00:00,182.4001579693926
2008-11-30 08:00:00,175.47741743613892
2008-11-30 09:00:00,164.04435325591197
2008-11-30 10:00:00,153.26143836589205
2008-11-30 11:00:00,141.8387150231142
2008-11-30 12:00:00,140.29433859186724
2008-11-30 13:00:00,137.50966019676383
2008-11-30 14:00:00,141.53600139762335
2008-11-30 15:00:00,150.05392718377576
2008-11-30 16:00:00,160.31582113558287
2008-11-30 17:00:00,168.05524352652233
2008-11-30 18:00:00,173.69116729545954
2008-11-30 19:00:00,177.969723058307
2008-11-30 20:00:00,180.9915979990287
2008-11-30 21:00:00,183.0991249836316
2008-11-30 22:00:00,183.22782213123597
2008-11-30 23:00:00,183.1914932576938
2008-12-01 00:00:00,184.0725317440354
2008-12-01 01:00:00,186.101865241438
2008-12-01 02:00:00,187.34383690276707
2008-12-01 03:00:00,187.7622470308056
2008-12-01 04:00:00,188.27138713288105
2008-12-01 05:00:00,187.49370752058422
2008-12-01 06:00:00,187.1424269376337
2008-12-01 07:00:00,185.75393164969583
2008-12-01 08:00:00,182.752663568667
2008-12-01 09:00:00,178.74572948109702
2008-12-01 10:00:00,172.43954167791594
2008-12-01 11:00:00,169.04867070730538
2008-12-01 12:00:00,168.0753827159466
2008-12-01 13:00:00,167.78386313970267
2008-12-01 14:00:00,168.52086281573304
2008-12-01 15:00:00,170.07482549561485
2008-12-01 16:00:00,172.14661107638568
2008-12-01 17:00:00,173.15299170293662
2008-12-01 18:00:00,173.32200850092903
2008-12-01 19:00:00,174.1690150825538
2008-12-01 20:00:00,173.8848210848271
2008-12-01 21:00:00,173.90373009539903
2008-12-01 22:00:00,173.75753250729457
2008-12-01 23:00:00,174.1656196687892
2008-12-02 00:00:00,174.0159962338994
2008-12-02 01:00:00,174.3829881623471
2008-12-02 02:00:00,172.93168466097552
2008-12-02 03:00:00,172.39441418398724
2008-12-02 04:00:00,172.8650645617451
2008-12-02 05:00:00,173.02314534290682
2008-12-02 06:00:00,172.34531283418502
2008-12-02 07:00:00,172.8889450441783
2008-12-02 08:00:00,172.04652969090088
2008-12-02 09:00:00,171.0258589115623
2008-12-02 10:00:00,167.44986323078092
2008-12-02 11:00:00,165.1239536232466
2008-12-02 12:00:00,165.76512004805977
2008-12-02 13:00:00,165.78917836951788
2008-12-02 14:00:00,166.8075970067286
2008-12-02 15:00:00,172.87757100496765
2008-12-02 16:00:00,180.0070171109675
2008-12-02 17:00:00,185.45035257587145
2008-12-02 18:00:00,190.20320816712885
2008-12-02 19:00:00,192.30456743082905
2008-12-02 20:00:00,195.17228868794004
2008-12-02 21:00:00,196.21416526662105
2008-12-02 22:00:00,197.57091748362637
2008-12-02 23:00:00,202.66471341225213
2008-12-03 00:00:00,205.30887297766242
2008-12-03 01:00:00,205.9868135206752
2008-12-03 02:00:00,205.62514872780713
2008-12-03 03:00:00,206.30939235877668
2008-12-03 04:00:00,206.40826464290285
2008-12-03 05:00:00,208.30131409716336
2008-12-03 06:00:00,208.5707612044982
2008-12-03 07:00:00,206.6602827666248
2008-12-03 08:00:00,201.20936712337135
2008-12-03 09:00:00,190.81744369705228
2008-12-03 10:00:00,180.72397567523697
2008-12-03 11:00:00,171.97669158884923
2008-12-03 12:00:00,166.2728954212659
2008-12-03 13:00:00,162.47306942625988
2008-12-03 14:00:00,162.4344932410192
2008-12-03 15:00:00,163.69008108239692
2008-12-03 16:00:00,165.44612772115093
2008-12-03 17:00:00,167.59067511888304
2008-12-03 18:00:00,168.09196183020728
2008-12-03 19:00:00,167.5634990901012
2008-12-03 20:00:00,169.30928582740881
2008-12-03 21:00:00,169.04134565128905
2008-12-03 22:00:00,169.68917989776358
2008-12-03 23:00:00,171.33391637842502
2008-12-04 00:00:00,173.90252717419315
2008-12-04 01:00:00,175.6274394475118
2008-12-04 02:00:00,173.2100567296332
2008-12-04 03:00:00,173.30535525760627
2008-12-04 04:00:00,175.77230452997168
2008-12-04 05:00:00,177.40465944395393
2008-12-04 06:00:00,180.12322031963768
2008-12-04 07:00:00,182.77477432655724
2008-12-04 08:00:00,179.13558116232633
2008-12-04 09:00:00,171.30989754068932
2008-12-04 10:00:00,164.96004740820743
2008-12-04 11:00:00,161.90308705320257
2008-12-04 12:00:00,157.7656026304288
2008-12-04 13:00:00,151.3779640373763
2008-12-04 14:00:00,150.0737031236944
2008-12-04 15:00:00,153.29541371668867
2008-12-04 16:00:00,157.35287916894927
2008-12-04 17:00:00,155.11786544250097
2008-12-04 18:00:00,154.53397508320862
2008-12-04 19:00:00,154.92617688677956
2008-12-04 20:00:00,156.15949021009226
2008-12-04 21:00:00,157.12567450200666
2008-12-04 22:00:00,158.74285005274925
2008-12-04 23:00:00,159.80348034977408
2008-12-05 00:00:00,158.00914123496545
2008-12-05 01:00:00,155.67552933445643
2008-12-05 02:00:00,153.24498768452273
2008-12-05 03:00:00,151.71573002395334
2008-12-05 04:00:00,153.53768393242416
2008-12-05 05:00:00,153.22642491107464
2008-12-05 06:00:00,152.60957220464962
2008-12-05 07:00:00,152.67210640134246
2008-12-05 08:00:00,151.4227993612368
2008-12-05 09:00:00,149.2860797246052
2008-12-05 10:00:00,147.5704487396639
2008-12-05 11:00:00,144.0379131043313
2008-12-05 12:00:00,141.19511644288264
2008-12-05 13:00:00,140.9334723597231
2008-12-05 14:00:00,141.1784784440651
2008-12-05 15:00:00,143.63584582659786
2008-12-05 16:00:00,148.28719468769745
2008-12-05 17:00:00,151.22817741096816
2008-12-05 18:00:00,152.46651341459992
2008-12-05 19:00:00,151.86297099110635
2008-12-05 20:00:00,151.58232888292912
2008-12-05 21:00:00,156.0050520439936
2008-12-05 22:00:00,156.89154249971577
2008-12-05 23:00:00,157.63706059190517
2008-12-06 00:00:00,160.21115963620315
2008-12-06 01:00:00,161.2422266106546
2008-12-06 02:00:00,163.7771179758809
2008-12-06 03:00:00,165.90836403610854
2008-12-06 04:00:00,165.78903051523235
2008-12-06 05:00:00,165.16577242231503
2008-12-06 06:00:00,162.92326243233612
2008-12-06 07:00:00,163.0424475884389
2008-12-06 08:00:00,162.41155397561437
2008-12-06 09:00:00,162.17230557992613
2008-12-06 10:00:00,162.2189328758524
2008-12-06 11:00:00,163.06997859244856
2008-12-06 12:00:00,159.93671034023149
2008-12-06 13:00:00,159.24774923359004
2008-12-06 14:00:00,159.94513786580438
2008-12-06 15:00:00,163.04442059225562
2008-12-06 16:00:00,164.5237928623475
2008-12-06 17:00:00,165.89565783959478
2008-12-06 18:00:00,165.35302036206755
2008-12-06 19:00:00,165.1110182050494
2008-12-06 20:00:00,165.57232986995132
2008-12-06 21:00:00,166.69938279969554
2008-12-06 22:00:00,167.77307615397947
2008-12-06 23:00:00,169.13685938260184
2008-12-07 00:00:00,171.16754945615975
2008-12-07 01:00:00,172.67376675930086
2008-12-07 02:00:00,173.3730808584232
2008-12-07 03:00:00,174.7874187251127
2008-12-07 04:00:00,175.06080420513015
2008-12-07 05:00:00,176.02786769368115
2008-12-07 06:00:00,177.69141721507128
2008-12-07 07:00:00,179.78013176988944
2008-12-07 08:00:00,177.1103161964002
2008-12-07 09:00:00,170.75042259547334
2008-12-07 10:00:00,165.84844797531912
2008-12-07 11:00:00,160.13838248546085
2008-12-07 12:00:00,156.2555837840055
2008-12-07 13:00:00,154.9671115107247
2008-12-07 14:00:00,156.23413125184976
2008-12-07 15:00:00,162.25349710405607
2008-12-07 16:00:00,170.7381610778791
2008-12-07 17:00:00,177.26259387202745
2008-12-07 18:00:00,181.8910680277093
2008-12-07 19:00:00,186.14766635130616
2008-12-07 20:00:00,190.4298804230174
2008-12-07 21:00:00,193.16761349890876
2008-12-07 22:00:00,195.06558195270125
2008-12-07 23:00:00,198.5607406676599
2008-12-08 00:00:00,202.16250530685576
2008-12-08 01:00:00,204.02043625285253
2008-12-08 02:00:00,204.1010587675875
2008-12-08 03:00:00,202.5457818413697
2008-12-08 04:00:00,201.75891449978494
2008-12-08 05:00:00,202.41356533554577
2008-12-08 06:00:00,203.44284781350407
2008-12-08 07:00:00,204.4190108143188
2008-12-08 08:00:00,202.36768034411216
2008-12-08 09:00:00,195.09789895489706
2008-12-08 10:00:00,186.35553372436172
2008-12-08 11:00:00,180.77945750042116
2008-12-08 12:00:00,177.01700295745837
2008-12-08 13:00:00,176.40341447693882
2008-12-08 14:00:00,179.2140495002909
2008-12-08 15:00:00,186.20035767654335
2008-12-08 16:00:00,192.7755759320627
2008-12-08 17:00:00,197.81818747316817
2008-12-08 18:00:00,201.70603763004493
2008-12-08 19:00:00,205.38154198653757
2008-12-08 20:00:00,207.2384653732603
2008-12-08 21:00:00,208.44632277362103
2008-12-08 22:00:00,209.5572904553242
2008-12-08 23:00:00,210.6966408599055
2008-12-09 00:00:00,211.94710952709985
2008-12-09 01:00:00,213.9503404997813
2008-12-09 02:00:00,215.93528265808288
2008-12-09 03:00:00,216.73306662405093
2008-12-09 04:00:00,216.1551966326992
2008-12-09 05:00:00,215.3300032857671
2008-12-09 06:00:00,214.25018666175728
2008-12-09 07:00:00,214.04013310249303
2008-12-09 08:00:00,210.37352713120697
2008-12-09 09:00:00,204.69582185052798
2008-12-09 10:00:00,196.26378962891806
2008-12-09 11:00:00,186.43362010728194
2008-12-09 12:00:00,179.82014681107674
2008-12-09 13:00:00,175.8121179417885
2008-12-09 14:00:00,174.94205615897963
2008-12-09 15:00:00,176.13980289893374
2008-12-09 16:00:00,177.7637076615562
2008-12-09 17:00:00,178.82591199935106
2008-12-09 18:00:00,179.87923232586482
2008-12-09 19:00:00,181.6889190534047
2008-12-09 20:00:00,184.1211978215121
2008-12-09 21:00:00,186.34039374632005
2008-12-09 22:00:00,187.40906903313004
2008-12-09 23:00:00,188.6536896342426
2008-12-10 00:00:00,188.77573960679743
2008-12-10 01:00:00,189.34109363240876
2008-12-10 02:00:00,190.43274279199812
2008-12-10 03:00:00,191.94044889196297
2008-12-10 04:00:00,193.02920574697444
2008-12-10 05:00:00,193.30735365864922
2008-12-10 06:00:00,193.41585425769955
2008-12-10 07:00:00,193.36317354371496
2008-12-10 08:00:00,192.8071887860059
2008-12-10 09:00:00,192.22532386065035
2008-12-10 10:00:00,191.82348408719986
2008-12-10 11:00:00,191.54733317354996
2008-12-10 12:00:00,191.710086970507
2008-12-10 13:00:00,192.20609412413424
2008-12-10 14:00:00,192.63496267587252
2008-12-10 15:00:00,194.02110421668783
2008-12-10 16:00:00,194.46621823746486
2008-12-10 17:00:00,195.2082310818597
2008-12-10 18:00:00,195.4306076635718
2008-12-10 19:00:00,195.44765694974342
2008-12-10 20:00:00,196.01660236854116
2008-12-10 21:00:00,196.8031135224615
2008-12-10 22:00:00,197.21941226002286
2008-12-10 23:00:00,197.6582462305111
2008-12-11 00:00:00,198.16577953266136
2008-12-11 01:00:00,198.55987662407233
2008-12-11 02:00:00,198.9081179494139
2008-12-11 03:00:00,199.1962530108998
2008-12-11 04:00:00,199.4538370396661
2008-12-11 05:00:00,198.96664360304098
2008-12-11 06:00:00,199.17536574583045
2008-12-11 07:00:00,199.16389589972738
2008-12-11 08:00:00,198.7244524556201
2008-12-11 09:00:00,197.79349778127997
2008-12-11 10:00:00,194.97374437928386
2008-12-11 11:00:00,195.5064108540741
2008-12-11 12:00:00,194.6064022979663
2008-12-11 13:00:00,194.233949291752
2008-12-11 14:00:00,194.22474926882384
2008-12-11 15:00:00,195.14307908741262
2008-12-11 16:00:00,196.73094815955739
2008-12-11 17:00:00,196.9086609309832
2008-12-11 18:00:00,196.4735164614414
2008-12-11 19:00:00,196.89738224250462
2008-12-11 20:00:00,197.747090081067
2008-12-11 21:00:00,199.47755360453937
2008-12-11 22:00:00,199.65263136099887
2008-12-11 23:00:00,200.78845476894284
2008-12-12 00:00:00,201.22030408460532
2008-12-12 01:00:00,201.36363497279342
2008-12-12 02:00:00,201.85850604507812
2008-12-12 03:00:00,202.50165409671862
2008-12-12 04:00:00,202.92440881239094
2008-12-12 05:00:00,202.57855117856545
2008-12-12 06:00:00,202.75297437732
2008-12-12 07:00:00,202.91511943825537
2008-12-12 08:00:00,202.82328197167396
2008-12-12 09:00:00,200.32404593016497
2008-12-12 10:00:00,197.30547046440628
2008-12-12 11:00:00,194.86153099673004
2008-12-12 12:00:00,193.55561941473553
2008-12-12 13:00:00,193.35018704326248
2008-12-12 14:00:00,194.3060711363795
2008-12-12 15:00:00,196.3231448637547
2008-12-12 16:00:00,199.3484129162418
2008-12-12 17:00:00,200.77768440331494
2008-12-12 18:00:00,202.00699673002586
2008-12-12 19:00:00,202.11406017873458
2008-12-12 20:00:00,202.4055906199059
2008-12-12 21:00:00,203.1580538541176
2008-12-12 22:00:00,204.20906582228105
2008-12-12 23:00:00,205.13220250286687
2008-12-13 00:00:00,205.91107387413604
2008-12-13 01:00:00,206.59232918462348
2008-12-13 02:00:00,207.74374097587207
2008-12-13 03:00:00,208.456091063273
2008-12-13 04:00:00,209.01045406592146
2008-12-13 05:00:00,209.4731317606666
2008-12-13 06:00:00,209.58337271990078
2008-12-13 07:00:00,210.24453398222315
2008-12-13 08:00:00,209.43168147195007
2008-12-13 09:00:00,207.36890926947785
2008-12-13 10:00:00,202.52158845880774
2008-12-13 11:00:00,195.24663844848018
2008-12-13 12:00:00,192.36201989336618
2008-12-13 13:00:00,191.49141712338445
2008-12-13 14:00:00,193.1386851492655
2008-12-13 15:00:00,197.70137365703812
2008-12-13 16:00:00,201.884389197957
2008-12-13 17:00:00,203.89983698688485
2008-12-13 18:00:00,203.54039286211102
2008-12-13 19:00:00,203.9849195332755
2008-12-13 20:00:00,203.01674064316802
2008-12-13 21:00:00,202.55357104842938
2008-12-13 22:00:00,202.24319687331143
2008-12-13 23:00:00,203.72878881593857
2008-12-14 00:00:00,204.95558891097167
2008-12-14 01:00:00,204.5911505805028
2008-12-14 02:00:00,207.08969172492976
2008-12-14 03:00:00,209.65284195650426
2008-12-14 04:00:00,210.54452013290242
2008-12-14 05:00:00,210.9573635870082
2008-12-14 06:00:00,210.63480434389862
2008-12-14 07:00:00,207.99500238040167
2008-12-14 08:00:00,204.8623236493683
2008-12-14 09:00:00,199.53161241524714
2008-12-14 10:00:00,194.15976411060277
2008-12-14 11:00:00,187.923381467709
2008-12-14 12:00:00,184.3414413891802
2008-12-14 13:00:00,182.1620125311619
2008-12-14 14:00:00,181.18567559155466
2008-12-14 15:00:00,182.80657768214277
2008-12-14 16:00:00,185.77490817512444
2008-12-14 17:00:00,188.03608926422612
2008-12-14 18:00:00,188.24081039822576
2008-12-14 19:00:00,189.9775256234911
2008-12-14 20:00:00,191.10140002584163
2008-12-14 21:00:00,192.49875925567264
2008-12-14 22:00:00,192.92820578124721
2008-12-14 23:00:00,193.92556107759998
2008-12-15 00:00:00,193.41531068820146
2008-12-15 01:00:00,194.386229787247
2008-12-15 02:00:00,195.33875860975652
2008-12-15 03:00:00,195.09944025454104
2008-12-15 04:00:00,196.27804070218227
2008-12-15 05:00:00,197.47242223898076
2008-12-15 06:00:00,199.37199433028624
2008-12-15 07:00:00,200.43383856327247
2008-12-15 08:00:00,200.31389081160114
2008-12-15 09:00:00,196.64206359713285
2008-12-15 10:00:00,189.7058980298116
2008-12-15 11:00:00,185.50505193303957
2008-12-15 12:00:00,183.1202160315911
2008-12-15 13:00:00,180.7389323788987
2008-12-15 14:00:00,180.7867698187119
2008-12-15 15:00:00,183.832556841746
2008-12-15 16:00:00,189.41284157260617
2008-12-15 17:00:00,190.77411981374112
2008-12-15 18:00:00,193.00930438440503
2008-12-15 19:00:00,193.04985488169822
2008-12-15 20:00:00,194.30829745216738
2008-12-15 21:00:00,197.07534699817907
2008-12-15 22:00:00,198.9949690475886
2008-12-15 23:00:00,200.42417645047354
2008-12-16 00:00:00,200.15041411742695
2008-12-16 01:00:00,199.0626692245886
2008-12-16 02:00:00,198.36475756992482
2008-12-16 03:00:00,197.70681447630687
2008-12-16 04:00:00,197.31650106123044
2008-12-16 05:00:00,196.83342123531241
2008-12-16 06:00:00,195.0611372797576
2008-12-16 07:00:00,195.91292556944157
2008-12-16 08:00:00,196.06304339688003
2008-12-16 09:00:00,194.24478350422245
2008-12-16 10:00:00,192.59205603719997
2008-12-16 11:00:00,191.20254337258845
2008-12-16 12:00:00,190.2740389823243
2008-12-16 13:00:00,190.5598057924894
2008-12-16 14:00:00,190.98077038788608
2008-12-16 15:00:00,192.5717539159171
2008-12-16 16:00:00,193.74714402935183
2008-12-16 17:00:00,193.86085607178632
2008-12-16 18:00:00,194.55729133670295
2008-12-16 19:00:00,194.9068744549606
2008-12-16 20:00:00,194.9693692463879
2008-12-16 21:00:00,194.6423924754483
2008-12-16 22:00:00,194.78351019992135
2008-12-16 23:00:00,194.91293200765327
2008-12-17 00:00:00,195.22142233484828
2008-12-17 01:00:00,195.61287389447816
2008-12-17 02:00:00,196.10070002242801
2008-12-17 03:00:00,197.03394601275542
2008-12-17 04:00:00,197.22669826337267
2008-12-17 05:00:00,197.85687818646957
2008-12-17 06:00:00,197.35917136389156
2008-12-17 07:00:00,197.39154163946995
2008-12-17 08:00:00,197.26760532732374
2008-12-17 09:00:00,196.00164092240502
2008-12-17 10:00:00,194.48109231098616
2008-12-17 11:00:00,193.20344868191492
2008-12-17 12:00:00,192.7381338919994
2008-12-17 13:00:00,192.9847876561859
2008-12-17 14:00:00,193.45654836636186
2008-12-17 15:00:00,193.77866776357232
2008-12-17 16:00:00,194.40059984080267
2008-12-17 17:00:00,195.1226884391628
2008-12-17 18:00:00,195.78572659483643
2008-12-17 19:00:00,196.7765392225148
2008-12-17 20:00:00,197.65068023240974
2008-12-17 21:00:00,198.3331537433605
2008-12-17 22:00:00,199.79224051142947
2008-12-17 23:00:00,200.10871100672583
2008-12-18 00:00:00,200.7563585927774
2008-12-18 01:00:00,200.36270216914835
2008-12-18 02:00:00,200.77519283365447
2008-12-18 03:00:00,201.15109772334316
2008-12-18 04:00:00,200.01108976152457
2008-12-18 05:00:00,199.1284965626274
2008-12-18 06:00:00,198.09637677245323
2008-12-18 07:00:00,196.56791642668085
2008-12-18 08:00:00,194.9519371858816
2008-12-18 09:00:00,192.58314615091808
2008-12-18 10:00:00,189.45919413625413
2008-12-18 11:00:00,187.54092228770074
2008-12-18 12:00:00,185.51147215283012
2008-12-18 13:00:00,183.56065039660277
2008-12-18 14:00:00,183.44963035655644
2008-12-18 15:00:00,185.0240050062027
2008-12-18 16:00:00,186.64347390343352
2008-12-18 17:00:00,187.85180900600866
2008-12-18 18:00:00,188.43613970074577
2008-12-18 19:00:00,190.15437678869193
2008-12-18 20:00:00,191.07192246611075
2008-12-18 21:00:00,193.6297185664495
2008-12-18 22:00:00,194.85942337798454
2008-12-18 23:00:00,196.35142906208756
2008-12-19 00:00:00,195.97818867067303
2008-12-19 01:00:00,193.68845251041773
2008-12-19 02:00:00,192.30926971610214
2008-12-19 03:00:00,191.293838174342
2008-12-19 04:00:00,189.85026469996663
2008-12-19 05:00:00,188.05898539022834
2008-12-19 06:00:00,186.2841338523675
2008-12-19 07:00:00,184.94322986760363
2008-12-19 08:00:00,183.0034344628261
2008-12-19 09:00:00,179.56801886363155
2008-12-19 10:00:00,176.2095078669426
2008-12-19 11:00:00,173.6513967421022
2008-12-19 12:00:00,171.837126905065
2008-12-19 13:00:00,168.68234331079802
2008-12-19 14:00:00,168.48981773634134
2008-12-19 15:00:00,167.29383189704782
2008-12-19 16:00:00,165.90793765611858
2008-12-19 17:00:00,166.18322559347823
2008-12-19 18:00:00,166.41567593239824
2008-12-19 19:00:00,166.59149344161634
2008-12-19 20:00:00,167.83301421049424
2008-12-19 21:00:00,169.77260110334606
2008-12-19 22:00:00,171.17352525694747
2008-12-19 23:00:00,173.574981145443
2008-12-20 00:00:00,172.33925861759968
2008-12-20 01:00:00,172.51663378988792
2008-12-20 02:00:00,172.4822284435561
2008-12-20 03:00:00,172.28509292542736
2008-12-20 04:00:00,173.36032010936697
2008-12-20 05:00:00,173.25108927254982
2008-12-20 06:00:00,172.6058526599597
2008-12-20 07:00:00,171.46983433070605
2008-12-20 08:00:00,168.37820270983144
2008-12-20 09:00:00,164.01034652274626
2008-12-20 10:00:00,159.83790793105612
2008-12-20 11:00:00,156.788550110014
2008-12-20 12:00:00,154.1421541043822
2008-12-20 13:00:00,152.56255904093226
2008-12-20 14:00:00,153.76365546290472
2008-12-20 15:00:00,155.58002710994973
2008-12-20 16:00:00,156.8447879119569
2008-12-20 17:00:00,157.29328935607035
2008-12-20 18:00:00,157.9060217505298
2008-12-20 19:00:00,157.6750429108691
2008-12-20 20:00:00,156.84949678910007
2008-12-20 21:00:00,154.45428555950102
2008-12-20 22:00:00,153.4692363258623
2008-12-20 23:00:00,152.8807877770957
2008-12-21 00:00:00,151.44544957512224
2008-12-21 01:00:00,150.73469326705776
2008-12-21 02:00:00,150.9868934915449
2008-12-21 03:00:00,151.62677272784362
2008-12-21 04:00:00,151.00026080112193
2008-12-21 05:00:00,151.81821638607238
2008-12-21 06:00:00,151.21871432244657
2008-12-21 07:00:00,150.2871296367074
2008-12-21 08:00:00,148.36181434126829
2008-12-21 09:00:00,144.4224298462455
2008-12-21 10:00:00,140.14511968051914
2008-12-21 11:00:00,136.37814087654874
2008-12-21 12:00:00,133.4450573709199
2008-12-21 13:00:00,132.57436794957096
2008-12-21 14:00:00,132.6942146920911
2008-12-21 15:00:00,134.37062453396047
2008-12-21 16:00:00,138.01395683986942
2008-12-21 17:00:00,141.01354895079044
2008-12-21 18:00:00,143.33199859142812
2008-12-21 19:00:00,142.83587891029399
2008-12-21 20:00:00,143.76657602174308
2008-12-21 21:00:00,145.41035783249805
2008-12-21 22:00:00,146.68188419287418
2008-12-21 23:00:00,147.66441564465424
2008-12-22 00:00:00,149.33907482896723
2008-12-22 01:00:00,151.0318742853985
2008-12-22 02:00:00,152.4974666720507
2008-12-22 03:00:00,153.55656649985605
2008-12-22 04:00:00,154.59470296439451
2008-12-22 05:00:00,154.83462953975794
2008-12-22 06:00:00,155.23481114330968
2008-12-22 07:00:00,155.63395618914177
2008-12-22 08:00:00,154.19803182542472
2008-12-22 09:00:00,149.16971492612637
2008-12-22 10:00:00,143.06422529586854
2008-12-22 11:00:00,137.5323289435726
2008-12-22 12:00:00,135.208905437929
2008-12-22 13:00:00,134.29057957857654
2008-12-22 14:00:00,136.11114976501375
2008-12-22 15:00:00,140.84920868879462
2008-12-22 16:00:00,146.6550332670893
2008-12-22 17:00:00,150.7054239077457
2008-12-22 18:00:00,153.43335290523575
2008-12-22 19:00:00,156.08708222417187
2008-12-22 20:00:00,157.8119309262731
2008-12-22 21:00:00,158.71954670263906
2008-12-22 22:00:00,160.41292034946704
2008-12-22 23:00:00,161.04477809717005
2008-12-23 00:00:00,163.0038556077405
2008-12-23 01:00:00,168.3198418386783
2008-12-23 02:00:00,172.6621335365392
2008-12-23 03:00:00,173.44038932747685
2008-12-23 04:00:00,175.60662929157348
2008-12-23 05:00:00,176.32205275001095
2008-12-23 06:00:00,176.6862921027309
2008-12-23 07:00:00,175.47839526584124
2008-12-23 08:00:00,172.6705945396141
2008-12-23 09:00:00,167.11607887524056
2008-12-23 10:00:00,159.62048439422392
2008-12-23 11:00:00,153.469800601409
2008-12-23 12:00:00,149.07869956740288
2008-12-23 13:00:00,148.43715874989934
2008-12-23 14:00:00,147.05478180814242
2008-12-23 15:00:00,150.71605101309544
2008-12-23 16:00:00,156.0044432886798
2008-12-23 17:00:00,161.0832365934685
2008-12-23 18:00:00,165.89900425689368
2008-12-23 19:00:00,168.55593146679243
2008-12-23 20:00:00,171.80171785698911
2008-12-23 21:00:00,175.4765565935221
2008-12-23 22:00:00,179.5295497684491
2008-12-23 23:00:00,182.11454117332693
2008-12-24 00:00:00,181.68728116332827
2008-12-24 01:00:00,181.4870470073934
2008-12-24 02:00:00,182.69221737214295
2008-12-24 03:00:00,183.53856977575174
2008-12-24 04:00:00,184.11990421044058
2008-12-24 05:00:00,185.07661473905006
2008-12-24 06:00:00,187.516981872569
2008-12-24 07:00:00,188.68539488509742
2008-12-24 08:00:00,188.38664405467236
2008-12-24 09:00:00,184.74484747995257
2008-12-24 10:00:00,180.83863316150203
2008-12-24 11:00:00,176.47949437631098
2008-12-24 12:00:00,173.55982968369196
2008-12-24 13:00:00,172.00814487030155
2008-12-24 14:00:00,173.46979413588946
2008-12-24 15:00:00,177.43126363658587
2008-12-24 16:00:00,181.53613182166632
2008-12-24 17:00:00,183.72201491226568
2008-12-24 18:00:00,183.18954605160238
2008-12-24 19:00:00,182.90405374081666
2008-12-24 20:00:00,183.64096104116038
2008-12-24 21:00:00,184.31011476442526
2008-12-24 22:00:00,184.73138602898175
2008-12-24 23:00:00,184.65005741596556
2008-12-25 00:00:00,185.04199717161566
2008-12-25 01:00:00,185.11812777941162
2008-12-25 02:00:00,185.15191994006955
2008-12-25 03:00:00,184.480483162464
2008-12-25 04:00:00,183.45931566629372
2008-12-25 05:00:00,185.04906849099652
2008-12-25 06:00:00,184.6558263407978
2008-12-25 07:00:00,183.24452239946575
2008-12-25 08:00:00,181.0208552109338
2008-12-25 09:00:00,177.6324969828327
2008-12-25 10:00:00,173.33888247043325
2008-12-25 11:00:00,170.26277599541373
2008-12-25 12:00:00,166.49012203335332
2008-12-25 13:00:00,164.3604083612527
2008-12-25 14:00:00,165.3442621940151
2008-12-25 15:00:00,167.17625715111782
2008-12-25 16:00:00,169.80769884587642
2008-12-25 17:00:00,171.63944025647365
2008-12-25 18:00:00,173.01577890379218
2008-12-25 19:00:00,174.5257881433494
2008-12-25 20:00:00,175.38368975455012
2008-12-25 21:00:00,178.5607944726783
2008-12-25 22:00:00,183.55382107016456
2008-12-25 23:00:00,189.47155476056224
2008-12-26 00:00:00,195.94782597683889
2008-12-26 01:00:00,202.52702318289522
2008-12-26 02:00:00,206.12012589658607
2008-12-26 03:00:00,209.25873666723234
2008-12-26 04:00:00,211.26606953362693
2008-12-26 05:00:00,213.17476952466012
2008-12-26 06:00:00,213.88159991700368
2008-12-26 07:00:00,214.58630366394286
2008-12-26 08:00:00,212.81964411094032
2008-12-26 09:00:00,207.12804858924488
2008-12-26 10:00:00,199.81636044443172
2008-12-26 11:00:00,193.42510791057092
2008-12-26 12:00:00,188.42206057677595
2008-12-26 13:00:00,186.1424085929623
2008-12-26 14:00:00,187.37374135206304
2008-12-26 15:00:00,192.4283846920991
2008-12-26 16:00:00,197.79161615232906
2008-12-26 17:00:00,202.14568755875044
2008-12-26 18:00:00,206.86528882929244
2008-12-26 19:00:00,210.42191371813712
2008-12-26 20:00:00,213.4469201903934
2008-12-26 21:00:00,216.3887303154434
2008-12-26 22:00:00,217.81683296284515
2008-12-26 23:00:00,220.16811918842194
2008-12-27 00:00:00,222.04569474103445
2008-12-27 01:00:00,223.59651802077224
2008-12-27 02:00:00,224.5006317453249
2008-12-27 03:00:00,225.1252969795085
2008-12-27 04:00:00,226.133443687701
2008-12-27 05:00:00,228.1020223016958
2008-12-27 06:00:00,227.61700490003903
2008-12-27 07:00:00,227.26423025101568
2008-12-27 08:00:00,225.4385627897353
2008-12-27 09:00:00,220.1316843056391
2008-12-27 10:00:00,216.0894737753033
2008-12-27 11:00:00,213.88714398176666
2008-12-27 12:00:00,212.89200772089987
2008-12-27 13:00:00,212.4394690281588
2008-12-27 14:00:00,212.71832918434933
2008-12-27 15:00:00,213.68486047663023
2008-12-27 16:00:00,214.99274839656567
2008-12-27 17:00:00,216.2763667151896
2008-12-27 18:00:00,217.26812227869794
2008-12-27 19:00:00,218.4619451523081
2008-12-27 20:00:00,219.03508724738083
2008-12-27 21:00:00,220.26633208850004
2008-12-27 22:00:00,221.4081926929857
2008-12-27 23:00:00,222.21906616586097
2008-12-28 00:00:00,222.8344360004398
2008-12-28 01:00:00,223.21677416649382
2008-12-28 02:00:00,224.72452192768696
2008-12-28 03:00:00,223.480578005714
2008-12-28 04:00:00,224.0062295436197
2008-12-28 05:00:00,224.72788994582902
2008-12-28 06:00:00,225.60700573335185
2008-12-28 07:00:00,225.79994993122244
2008-12-28 08:00:00,225.45175322015197
2008-12-28 09:00:00,223.11950979693017
2008-12-28 10:00:00,219.73983745967837
2008-12-28 11:00:00,216.34883084057162
2008-12-28 12:00:00,213.84158903972337
2008-12-28 13:00:00,211.86915125461326
2008-12-28 14:00:00,211.29196558248245
2008-12-28 15:00:00,214.0762809804326
2008-12-28 16:00:00,218.4043207931931
2008-12-28 17:00:00,222.576605944626
2008-12-28 18:00:00,225.92150217026807
2008-12-28 19:00:00,229.75781745417356
2008-12-28 20:00:00,233.09896400915645
2008-12-28 21:00:00,235.95613143473085
2008-12-28 22:00:00,238.11503096308385
2008-12-28 23:00:00,240.72335932299865
2008-12-29 00:00:00,243.2952494390666
2008-12-29 01:00:00,246.0183630026714
2008-12-29 02:00:00,248.22290874868642
2008-12-29 03:00:00,249.18653204164784
2008-12-29 04:00:00,249.17232164051265
2008-12-29 05:00:00,249.59911109208502
2008-12-29 06:00:00,249.16859131339194
2008-12-29 07:00:00,247.9650991539502
2008-12-29 08:00:00,244.11716020596705
2008-12-29 09:00:00,234.5736682553177
2008-12-29 10:00:00,223.98650588013334
2008-12-29 11:00:00,215.62458929866048
2008-12-29 12:00:00,208.18117990534682
2008-12-29 13:00:00,203.87211662999863
2008-12-29 14:00:00,203.2940531765825
2008-12-29 15:00:00,207.89542687206617
2008-12-29 16:00:00,214.50771147731294
2008-12-29 17:00:00,218.2434093587405
2008-12-29 18:00:00,221.8419996472301
2008-12-29 19:00:00,225.0351118663019
2008-12-29 20:00:00,227.77866075569716
2008-12-29 21:00:00,229.56748902383399
2008-12-29 22:00:00,230.28495372285406
2008-12-29 23:00:00,230.67381316438838
2008-12-30 00:00:00,231.37692496381135
2008-12-30 01:00:00,230.8742077087191
2008-12-30 02:00:00,229.99432496511145
2008-12-30 03:00:00,229.5772513301657
2008-12-30 04:00:00,229.45249723654746
2008-12-30 05:00:00,229.02496758609877
2008-12-30 06:00:00,228.8828794948496
2008-12-30 07:00:00,229.05329965021676
2008-12-30 08:00:00,226.92188292122577
2008-12-30 09:00:00,222.87045682337916
2008-12-30 10:00:00,216.79599990873675
2008-12-30 11:00:00,211.48561459949408
2008-12-30 12:00:00,206.82062412644274
2008-12-30 13:00:00,203.11134537790053
2008-12-30 14:00:00,203.72089266666114
2008-12-30 15:00:00,206.47256722531517
2008-12-30 16:00:00,210.27195701104796
2008-12-30 17:00:00,212.90303410310742
2008-12-30 18:00:00,213.79060669638406
2008-12-30 19:00:00,215.23908900662693
2008-12-30 20:00:00,216.03141168223473
2008-12-30 21:00:00,215.8824911206507
2008-12-30 22:00:00,216.09385291925634
2008-12-30 23:00:00,217.10035527752865
