,0
01/01/1995 00:00,228.159321
01/01/1995 01:00,227.9437701
01/01/1995 02:00,230.2724554
01/01/1995 03:00,231.7648015
01/01/1995 04:00,232.8620642
01/01/1995 05:00,234.3809303
01/01/1995 06:00,233.5629389
01/01/1995 07:00,234.454607
01/01/1995 08:00,236.4758659
01/01/1995 09:00,238.045948
01/01/1995 10:00,238.7273636
01/01/1995 11:00,244.4919004
01/01/1995 12:00,243.886031
01/01/1995 13:00,243.6167164
01/01/1995 14:00,247.4243644
01/01/1995 15:00,253.3624782
01/01/1995 16:00,258.7923126
01/01/1995 17:00,263.5922532
01/01/1995 18:00,269.0798258
01/01/1995 19:00,273.6651036
01/01/1995 20:00,277.1489858
01/01/1995 21:00,279.7809809
01/01/1995 22:00,281.6634273
01/01/1995 23:00,282.0703462
02/01/1995 00:00,283.643642
02/01/1995 01:00,283.9826198
02/01/1995 02:00,288.6197244
02/01/1995 03:00,290.0169631
02/01/1995 04:00,293.4746989
02/01/1995 05:00,296.3737165
02/01/1995 06:00,299.2114145
02/01/1995 07:00,302.4976457
02/01/1995 08:00,303.2932723
02/01/1995 09:00,301.6933471
02/01/1995 10:00,299.3997911
02/01/1995 11:00,296.7985404
02/01/1995 12:00,294.3216073
02/01/1995 13:00,294.159274
02/01/1995 14:00,296.8617624
02/01/1995 15:00,299.289006
02/01/1995 16:00,301.1400729
02/01/1995 17:00,300.1168862
02/01/1995 18:00,299.7255583
02/01/1995 19:00,298.3943069
02/01/1995 20:00,296.4853899
02/01/1995 21:00,295.4788594
02/01/1995 22:00,293.5896093
02/01/1995 23:00,291.6965494
03/01/1995 00:00,290.3392298
03/01/1995 01:00,291.3293892
03/01/1995 02:00,293.3525218
03/01/1995 03:00,295.6125378
03/01/1995 04:00,299.4226828
03/01/1995 05:00,301.8010559
03/01/1995 06:00,304.4054797
03/01/1995 07:00,307.4174658
03/01/1995 08:00,306.4670478
03/01/1995 09:00,301.6945678
03/01/1995 10:00,297.4121025
03/01/1995 11:00,293.0359936
03/01/1995 12:00,289.1859309
03/01/1995 13:00,288.5715741
03/01/1995 14:00,290.9076277
03/01/1995 15:00,295.0789352
03/01/1995 16:00,303.1030171
03/01/1995 17:00,308.2228795
03/01/1995 18:00,312.7708769
03/01/1995 19:00,317.4651651
03/01/1995 20:00,323.1629738
03/01/1995 21:00,327.5082668
03/01/1995 22:00,331.5499687
03/01/1995 23:00,337.1696092
04/01/1995 00:00,341.7499072
04/01/1995 01:00,344.4125607
04/01/1995 02:00,344.3332347
04/01/1995 03:00,344.4156513
04/01/1995 04:00,342.4128455
04/01/1995 05:00,341.1204516
04/01/1995 06:00,340.6821629
04/01/1995 07:00,342.2594095
04/01/1995 08:00,343.060774
04/01/1995 09:00,338.4139313
04/01/1995 10:00,333.3310557
04/01/1995 11:00,328.9373927
04/01/1995 12:00,325.6743815
04/01/1995 13:00,322.9002053
04/01/1995 14:00,325.166718
04/01/1995 15:00,329.5863251
04/01/1995 16:00,336.3180871
04/01/1995 17:00,342.8306024
04/01/1995 18:00,347.6909993
04/01/1995 19:00,353.0811282
04/01/1995 20:00,358.1156231
04/01/1995 21:00,362.2606271
04/01/1995 22:00,364.3204058
04/01/1995 23:00,365.3162951
05/01/1995 00:00,366.2161665
05/01/1995 01:00,368.1249865
05/01/1995 02:00,370.8159313
05/01/1995 03:00,375.1110428
05/01/1995 04:00,377.284422
05/01/1995 05:00,380.6995508
05/01/1995 06:00,382.610151
05/01/1995 07:00,384.8968467
05/01/1995 08:00,380.8064777
05/01/1995 09:00,372.3356904
05/01/1995 10:00,365.9745013
05/01/1995 11:00,359.8394999
05/01/1995 12:00,353.8771028
05/01/1995 13:00,352.8127291
05/01/1995 14:00,353.1541067
05/01/1995 15:00,357.6186054
05/01/1995 16:00,366.1068211
05/01/1995 17:00,375.9474004
05/01/1995 18:00,383.8605977
05/01/1995 19:00,389.9423338
05/01/1995 20:00,393.9650797
05/01/1995 21:00,396.8568099
05/01/1995 22:00,401.6103951
05/01/1995 23:00,403.9421741
06/01/1995 00:00,404.2318696
06/01/1995 01:00,401.894644
06/01/1995 02:00,400.6376198
06/01/1995 03:00,401.2502732
06/01/1995 04:00,398.7438941
06/01/1995 05:00,397.6469062
06/01/1995 06:00,396.1923963
06/01/1995 07:00,393.7005152
06/01/1995 08:00,382.0881492
06/01/1995 09:00,377.5643901
06/01/1995 10:00,366.6002027
06/01/1995 11:00,354.9773869
06/01/1995 12:00,345.4027763
06/01/1995 13:00,337.3815859
06/01/1995 14:00,334.9582738
06/01/1995 15:00,337.3391151
06/01/1995 16:00,342.4717826
06/01/1995 17:00,345.8183411
06/01/1995 18:00,345.7767005
06/01/1995 19:00,346.6654547
06/01/1995 20:00,349.8343318
06/01/1995 21:00,351.7504749
06/01/1995 22:00,354.8540062
06/01/1995 23:00,361.6061388
07/01/1995 00:00,363.8879726
07/01/1995 01:00,364.4612914
07/01/1995 02:00,363.043308
07/01/1995 03:00,360.6240943
07/01/1995 04:00,354.4696785
07/01/1995 05:00,348.6099524
07/01/1995 06:00,343.8282948
07/01/1995 07:00,339.7039464
07/01/1995 08:00,334.7410416
07/01/1995 09:00,326.9485411
07/01/1995 10:00,317.8753832
07/01/1995 11:00,309.7276653
07/01/1995 12:00,303.2263626
07/01/1995 13:00,297.5702614
07/01/1995 14:00,294.5072516
07/01/1995 15:00,295.6967162
07/01/1995 16:00,298.2749398
07/01/1995 17:00,299.2554608
07/01/1995 18:00,299.6011522
07/01/1995 19:00,301.5532396
07/01/1995 20:00,303.4687598
07/01/1995 21:00,305.8864882
07/01/1995 22:00,307.283414
07/01/1995 23:00,308.5731871
08/01/1995 00:00,309.721505
08/01/1995 01:00,309.8682304
08/01/1995 02:00,308.3851656
08/01/1995 03:00,307.7759715
08/01/1995 04:00,308.4342987
08/01/1995 05:00,308.6280028
08/01/1995 06:00,309.3521135
08/01/1995 07:00,310.2414335
08/01/1995 08:00,310.0474489
08/01/1995 09:00,307.4024346
08/01/1995 10:00,302.7958226
08/01/1995 11:00,299.5125055
08/01/1995 12:00,295.6994385
08/01/1995 13:00,292.3385112
08/01/1995 14:00,292.8179042
08/01/1995 15:00,297.8886496
08/01/1995 16:00,303.8294798
08/01/1995 17:00,307.5833158
08/01/1995 18:00,309.998472
08/01/1995 19:00,311.3894274
08/01/1995 20:00,312.1831298
08/01/1995 21:00,315.9171984
08/01/1995 22:00,319.2852083
08/01/1995 23:00,320.5398603
09/01/1995 00:00,319.7180623
09/01/1995 01:00,317.1033505
09/01/1995 02:00,315.1909306
09/01/1995 03:00,311.7768965
09/01/1995 04:00,309.1776607
09/01/1995 05:00,306.1502223
09/01/1995 06:00,303.7862987
09/01/1995 07:00,300.9372332
09/01/1995 08:00,296.7410133
09/01/1995 09:00,291.3092003
09/01/1995 10:00,285.2603063
09/01/1995 11:00,278.9637233
09/01/1995 12:00,274.8676073
09/01/1995 13:00,273.2278892
09/01/1995 14:00,271.4807921
09/01/1995 15:00,271.1970587
09/01/1995 16:00,272.9554084
09/01/1995 17:00,273.4317303
09/01/1995 18:00,272.7782381
09/01/1995 19:00,272.3364506
09/01/1995 20:00,272.0209843
09/01/1995 21:00,270.7853059
09/01/1995 22:00,268.3861383
09/01/1995 23:00,264.1562942
10/01/1995 00:00,257.073441
10/01/1995 01:00,252.9939073
10/01/1995 02:00,246.645952
10/01/1995 03:00,245.585354
10/01/1995 04:00,244.5800758
10/01/1995 05:00,243.8221962
10/01/1995 06:00,243.6268293
10/01/1995 07:00,242.684718
10/01/1995 08:00,238.1673267
10/01/1995 09:00,234.8733961
10/01/1995 10:00,231.6091089
10/01/1995 11:00,231.8480444
10/01/1995 12:00,231.095082
10/01/1995 13:00,229.6343212
10/01/1995 14:00,230.0206428
10/01/1995 15:00,231.3076078
10/01/1995 16:00,231.7849108
10/01/1995 17:00,235.5118661
10/01/1995 18:00,239.7948044
10/01/1995 19:00,243.3280279
10/01/1995 20:00,244.1664671
10/01/1995 21:00,243.9154325
10/01/1995 22:00,242.102489
10/01/1995 23:00,239.1859316
11/01/1995 00:00,234.5510523
11/01/1995 01:00,233.3717748
11/01/1995 02:00,232.9684843
11/01/1995 03:00,232.0146736
11/01/1995 04:00,227.3570476
11/01/1995 05:00,223.3941907
11/01/1995 06:00,217.7736025
11/01/1995 07:00,215.84908
11/01/1995 08:00,218.1276778
11/01/1995 09:00,222.1729318
11/01/1995 10:00,225.7972496
11/01/1995 11:00,230.4073696
11/01/1995 12:00,240.2373484
11/01/1995 13:00,247.8426671
11/01/1995 14:00,247.9796067
11/01/1995 15:00,252.3737607
11/01/1995 16:00,260.3536887
11/01/1995 17:00,266.7877583
11/01/1995 18:00,269.7329795
11/01/1995 19:00,271.4604306
11/01/1995 20:00,272.9459631
11/01/1995 21:00,274.0849302
11/01/1995 22:00,274.7687955
11/01/1995 23:00,276.3231568
12/01/1995 00:00,276.8348871
12/01/1995 01:00,276.5134107
12/01/1995 02:00,278.3186218
12/01/1995 03:00,279.0648914
12/01/1995 04:00,280.522355
12/01/1995 05:00,281.1603125
12/01/1995 06:00,281.6113126
12/01/1995 07:00,281.034938
12/01/1995 08:00,280.1060512
12/01/1995 09:00,274.8400611
12/01/1995 10:00,271.8003067
12/01/1995 11:00,271.5944468
12/01/1995 12:00,274.7572176
12/01/1995 13:00,275.5911988
12/01/1995 14:00,275.4413444
12/01/1995 15:00,274.2099061
12/01/1995 16:00,272.482648
12/01/1995 17:00,269.9433715
12/01/1995 18:00,272.499753
12/01/1995 19:00,276.2705525
12/01/1995 20:00,280.8625365
12/01/1995 21:00,285.2193032
12/01/1995 22:00,290.8186364
12/01/1995 23:00,296.1379818
13/01/1995 00:00,299.2170487
13/01/1995 01:00,301.3845547
13/01/1995 02:00,302.5419872
13/01/1995 03:00,305.6514162
13/01/1995 04:00,309.2342374
13/01/1995 05:00,309.9309019
13/01/1995 06:00,311.5169171
13/01/1995 07:00,311.6245977
13/01/1995 08:00,310.4651426
13/01/1995 09:00,305.8103402
13/01/1995 10:00,299.7387273
13/01/1995 11:00,295.782631
13/01/1995 12:00,292.837694
13/01/1995 13:00,293.8522843
13/01/1995 14:00,295.5214993
13/01/1995 15:00,301.1622258
13/01/1995 16:00,311.910876
13/01/1995 17:00,320.8744724
13/01/1995 18:00,326.2957841
13/01/1995 19:00,330.1663558
13/01/1995 20:00,334.533903
13/01/1995 21:00,340.9524072
13/01/1995 22:00,345.7054588
13/01/1995 23:00,351.3795813
14/01/1995 00:00,358.1964895
14/01/1995 01:00,363.9300629
14/01/1995 02:00,368.6042361
14/01/1995 03:00,372.9432561
14/01/1995 04:00,375.7449457
14/01/1995 05:00,377.7791777
14/01/1995 06:00,379.0567181
14/01/1995 07:00,379.1021498
14/01/1995 08:00,374.9167113
14/01/1995 09:00,362.1101406
14/01/1995 10:00,346.4722584
14/01/1995 11:00,332.2953835
14/01/1995 12:00,319.6809515
14/01/1995 13:00,312.2481709
14/01/1995 14:00,308.8171356
14/01/1995 15:00,314.223121
14/01/1995 16:00,325.9837495
14/01/1995 17:00,334.706778
14/01/1995 18:00,340.2385153
14/01/1995 19:00,345.1920756
14/01/1995 20:00,347.3429149
14/01/1995 21:00,349.0944602
14/01/1995 22:00,351.9168289
14/01/1995 23:00,351.5576263
15/01/1995 00:00,350.3001972
15/01/1995 01:00,349.2234152
15/01/1995 02:00,348.1438689
15/01/1995 03:00,346.0770168
15/01/1995 04:00,343.7740959
15/01/1995 05:00,341.3288989
15/01/1995 06:00,339.1897332
15/01/1995 07:00,337.0289958
15/01/1995 08:00,333.1016245
15/01/1995 09:00,321.8646656
15/01/1995 10:00,307.8214441
15/01/1995 11:00,295.9408795
15/01/1995 12:00,283.663303
15/01/1995 13:00,276.5781841
15/01/1995 14:00,274.5250672
15/01/1995 15:00,280.4074036
15/01/1995 16:00,293.0125435
15/01/1995 17:00,302.3779058
15/01/1995 18:00,308.4383522
15/01/1995 19:00,312.9572973
15/01/1995 20:00,317.470191
15/01/1995 21:00,322.7253138
15/01/1995 22:00,328.2055261
15/01/1995 23:00,329.8282351
16/01/1995 00:00,333.7723408
16/01/1995 01:00,336.2000202
16/01/1995 02:00,338.5155932
16/01/1995 03:00,341.8575754
16/01/1995 04:00,343.9289239
16/01/1995 05:00,343.335466
16/01/1995 06:00,342.2803925
16/01/1995 07:00,338.7430486
16/01/1995 08:00,334.892146
16/01/1995 09:00,324.6792079
16/01/1995 10:00,311.4648308
16/01/1995 11:00,299.3233657
16/01/1995 12:00,289.4114315
16/01/1995 13:00,282.6539703
16/01/1995 14:00,281.0925322
16/01/1995 15:00,286.7338184
16/01/1995 16:00,297.0758844
16/01/1995 17:00,304.1469516
16/01/1995 18:00,308.3484898
16/01/1995 19:00,312.5183491
16/01/1995 20:00,314.2057464
16/01/1995 21:00,316.6375813
16/01/1995 22:00,320.2733532
16/01/1995 23:00,321.9015921
17/01/1995 00:00,324.5195434
17/01/1995 01:00,325.1665505
17/01/1995 02:00,326.6174357
17/01/1995 03:00,328.6593427
17/01/1995 04:00,329.4993553
17/01/1995 05:00,330.3848928
17/01/1995 06:00,330.1678269
17/01/1995 07:00,329.2410002
17/01/1995 08:00,324.7849603
17/01/1995 09:00,314.9645456
17/01/1995 10:00,303.1863917
17/01/1995 11:00,291.4592727
17/01/1995 12:00,282.4861574
17/01/1995 13:00,276.8776086
17/01/1995 14:00,276.9282714
17/01/1995 15:00,283.1291147
17/01/1995 16:00,291.3916256
17/01/1995 17:00,296.4523339
17/01/1995 18:00,301.8786252
17/01/1995 19:00,306.1143928
17/01/1995 20:00,308.6079524
17/01/1995 21:00,313.179487
17/01/1995 22:00,314.7984834
17/01/1995 23:00,313.9798109
18/01/1995 00:00,314.4780625
18/01/1995 01:00,314.3224171
18/01/1995 02:00,313.5859202
18/01/1995 03:00,313.1506742
18/01/1995 04:00,311.4038451
18/01/1995 05:00,308.0703479
18/01/1995 06:00,303.5165685
18/01/1995 07:00,299.024611
18/01/1995 08:00,293.2503176
18/01/1995 09:00,284.5295309
18/01/1995 10:00,277.8576939
18/01/1995 11:00,272.8062476
18/01/1995 12:00,266.5753136
18/01/1995 13:00,262.3702677
18/01/1995 14:00,261.5934128
18/01/1995 15:00,259.8880967
18/01/1995 16:00,260.3662002
18/01/1995 17:00,260.8468927
18/01/1995 18:00,261.0340029
18/01/1995 19:00,259.8170089
18/01/1995 20:00,259.2203334
18/01/1995 21:00,258.025349
18/01/1995 22:00,257.6313919
18/01/1995 23:00,256.8867804
19/01/1995 00:00,257.1371072
19/01/1995 01:00,257.6611796
19/01/1995 02:00,258.8831149
19/01/1995 03:00,259.0884228
19/01/1995 04:00,259.2233581
19/01/1995 05:00,258.6861501
19/01/1995 06:00,255.7017391
19/01/1995 07:00,251.8837355
19/01/1995 08:00,250.0806522
19/01/1995 09:00,245.4000614
19/01/1995 10:00,235.9301322
19/01/1995 11:00,224.6097692
19/01/1995 12:00,215.5909486
19/01/1995 13:00,210.9627038
19/01/1995 14:00,210.9484091
19/01/1995 15:00,223.2329646
19/01/1995 16:00,238.6688669
19/01/1995 17:00,250.5751942
19/01/1995 18:00,256.1928747
19/01/1995 19:00,260.9598773
19/01/1995 20:00,263.011506
19/01/1995 21:00,267.0994506
19/01/1995 22:00,270.180553
19/01/1995 23:00,272.2368581
20/01/1995 00:00,271.5745003
20/01/1995 01:00,272.3093974
20/01/1995 02:00,272.5892148
20/01/1995 03:00,272.9180533
20/01/1995 04:00,273.6249083
20/01/1995 05:00,270.4580341
20/01/1995 06:00,267.4377298
20/01/1995 07:00,267.1408701
20/01/1995 08:00,262.2995508
20/01/1995 09:00,250.6532477
20/01/1995 10:00,235.393113
20/01/1995 11:00,219.9042052
20/01/1995 12:00,210.5388301
20/01/1995 13:00,206.3356773
20/01/1995 14:00,206.8371296
20/01/1995 15:00,217.3254922
20/01/1995 16:00,225.0328022
20/01/1995 17:00,229.4674246
20/01/1995 18:00,230.5432346
20/01/1995 19:00,234.766912
20/01/1995 20:00,238.7665563
20/01/1995 21:00,242.5070814
20/01/1995 22:00,245.3417027
20/01/1995 23:00,248.3505402
21/01/1995 00:00,249.5444909
21/01/1995 01:00,251.3452191
21/01/1995 02:00,253.408874
21/01/1995 03:00,254.5412702
21/01/1995 04:00,254.5647158
21/01/1995 05:00,255.0321589
21/01/1995 06:00,257.2977924
21/01/1995 07:00,259.5302108
21/01/1995 08:00,258.2367902
21/01/1995 09:00,251.6168116
21/01/1995 10:00,240.9336527
21/01/1995 11:00,230.1267158
21/01/1995 12:00,220.4566122
21/01/1995 13:00,213.8343548
21/01/1995 14:00,213.5265895
21/01/1995 15:00,220.6544477
21/01/1995 16:00,230.1652711
21/01/1995 17:00,238.2838491
21/01/1995 18:00,240.8010496
21/01/1995 19:00,239.5545179
21/01/1995 20:00,233.9029306
21/01/1995 21:00,227.3809329
21/01/1995 22:00,224.9528891
21/01/1995 23:00,228.9948021
22/01/1995 00:00,225.7910195
22/01/1995 01:00,224.9796922
22/01/1995 02:00,224.3803417
22/01/1995 03:00,220.9897803
22/01/1995 04:00,219.1092328
22/01/1995 05:00,215.7484669
22/01/1995 06:00,211.6978455
22/01/1995 07:00,208.391472
22/01/1995 08:00,204.8270344
22/01/1995 09:00,201.2417135
22/01/1995 10:00,197.4198166
22/01/1995 11:00,194.0296496
22/01/1995 12:00,190.9520827
22/01/1995 13:00,187.4283325
22/01/1995 14:00,183.9402084
22/01/1995 15:00,182.6645911
22/01/1995 16:00,179.8074018
22/01/1995 17:00,170.1445252
22/01/1995 18:00,165.3121213
22/01/1995 19:00,160.0170284
22/01/1995 20:00,155.5730954
22/01/1995 21:00,145.8737138
22/01/1995 22:00,140.1822374
22/01/1995 23:00,129.9939227
23/01/1995 00:00,119.853421
23/01/1995 01:00,129.0867882
23/01/1995 02:00,138.9682306
23/01/1995 03:00,148.2723061
23/01/1995 04:00,157.0869959
23/01/1995 05:00,156.1184157
23/01/1995 06:00,156.6288596
23/01/1995 07:00,162.6200569
23/01/1995 08:00,163.674003
23/01/1995 09:00,165.71348
23/01/1995 10:00,170.4303505
23/01/1995 11:00,173.0280497
23/01/1995 12:00,174.9154611
23/01/1995 13:00,181.7759278
23/01/1995 14:00,191.5413339
23/01/1995 15:00,200.1199507
23/01/1995 16:00,203.9515826
23/01/1995 17:00,208.6538698
23/01/1995 18:00,212.8844835
23/01/1995 19:00,217.095182
23/01/1995 20:00,220.6687216
23/01/1995 21:00,223.619633
23/01/1995 22:00,225.3606018
23/01/1995 23:00,227.4736453
24/01/1995 00:00,227.7468512
24/01/1995 01:00,227.0099395
24/01/1995 02:00,227.8812623
24/01/1995 03:00,228.6645418
24/01/1995 04:00,232.3279682
24/01/1995 05:00,235.5303172
24/01/1995 06:00,236.9572593
24/01/1995 07:00,238.390322
24/01/1995 08:00,236.2001006
24/01/1995 09:00,230.1032999
24/01/1995 10:00,221.9077512
24/01/1995 11:00,216.1299285
24/01/1995 12:00,212.2897311
24/01/1995 13:00,209.6036934
24/01/1995 14:00,209.5732178
24/01/1995 15:00,212.9855156
24/01/1995 16:00,219.2891548
24/01/1995 17:00,224.2243631
24/01/1995 18:00,230.0687781
24/01/1995 19:00,233.7001663
24/01/1995 20:00,236.9875832
24/01/1995 21:00,240.201087
24/01/1995 22:00,245.309663
24/01/1995 23:00,247.7694571
25/01/1995 00:00,249.5420852
25/01/1995 01:00,247.4874708
25/01/1995 02:00,252.0047177
25/01/1995 03:00,250.4949818
25/01/1995 04:00,244.7372533
25/01/1995 05:00,232.7383621
25/01/1995 06:00,210.0785726
25/01/1995 07:00,198.0866024
25/01/1995 08:00,186.478453
25/01/1995 09:00,176.3842103
25/01/1995 10:00,170.3981869
25/01/1995 11:00,167.4263845
25/01/1995 12:00,154.9250955
25/01/1995 13:00,150.1515656
25/01/1995 14:00,144.2908127
25/01/1995 15:00,142.7677772
25/01/1995 16:00,144.6306646
25/01/1995 17:00,143.0438285
25/01/1995 18:00,142.4206524
25/01/1995 19:00,140.441228
25/01/1995 20:00,138.701095
25/01/1995 21:00,133.1171111
25/01/1995 22:00,137.556005
25/01/1995 23:00,145.7507271
26/01/1995 00:00,148.2421009
26/01/1995 01:00,149.7590809
26/01/1995 02:00,155.9020972
26/01/1995 03:00,160.9545222
26/01/1995 04:00,166.3697011
26/01/1995 05:00,180.1547695
26/01/1995 06:00,191.0570728
26/01/1995 07:00,198.8250619
26/01/1995 08:00,190.1321047
26/01/1995 09:00,176.6382212
26/01/1995 10:00,154.1170575
26/01/1995 11:00,139.4921311
26/01/1995 12:00,131.6754869
26/01/1995 13:00,128.2119537
26/01/1995 14:00,131.8098578
26/01/1995 15:00,132.2754132
26/01/1995 16:00,135.5764047
26/01/1995 17:00,173.2257165
26/01/1995 18:00,203.8153421
26/01/1995 19:00,218.4026955
26/01/1995 20:00,219.6786463
26/01/1995 21:00,223.3723055
26/01/1995 22:00,227.4921049
26/01/1995 23:00,233.1260035
27/01/1995 00:00,238.6614062
27/01/1995 01:00,244.447906
27/01/1995 02:00,248.5009541
27/01/1995 03:00,251.395169
27/01/1995 04:00,252.9010187
27/01/1995 05:00,255.989892
27/01/1995 06:00,257.188161
27/01/1995 07:00,258.8896268
27/01/1995 08:00,257.5714625
27/01/1995 09:00,254.2690962
27/01/1995 10:00,249.5051211
27/01/1995 11:00,244.0393878
27/01/1995 12:00,236.6509264
27/01/1995 13:00,231.9180385
27/01/1995 14:00,228.9590662
27/01/1995 15:00,233.2915632
27/01/1995 16:00,241.2844292
27/01/1995 17:00,248.95647
27/01/1995 18:00,251.6030151
27/01/1995 19:00,252.8521036
27/01/1995 20:00,256.0672978
27/01/1995 21:00,256.7388331
27/01/1995 22:00,254.5974507
27/01/1995 23:00,249.6376162
28/01/1995 00:00,244.6721949
28/01/1995 01:00,242.415924
28/01/1995 02:00,241.7033674
28/01/1995 03:00,242.5327766
28/01/1995 04:00,235.9572528
28/01/1995 05:00,224.7450073
28/01/1995 06:00,221.1743028
28/01/1995 07:00,216.4187263
28/01/1995 08:00,211.1880277
28/01/1995 09:00,202.8762481
28/01/1995 10:00,189.3541258
28/01/1995 11:00,182.1922163
28/01/1995 12:00,170.3478569
28/01/1995 13:00,164.8727341
28/01/1995 14:00,163.9886979
28/01/1995 15:00,168.0096089
28/01/1995 16:00,173.0687422
28/01/1995 17:00,180.3529317
28/01/1995 18:00,185.909841
28/01/1995 19:00,188.5423819
28/01/1995 20:00,192.3512029
28/01/1995 21:00,195.24768
28/01/1995 22:00,196.0577045
28/01/1995 23:00,199.4188261
29/01/1995 00:00,201.5166395
29/01/1995 01:00,199.2467029
29/01/1995 02:00,199.0404658
29/01/1995 03:00,200.6868796
29/01/1995 04:00,202.5681108
29/01/1995 05:00,202.7819828
29/01/1995 06:00,202.760783
29/01/1995 07:00,205.4751653
29/01/1995 08:00,208.5704703
29/01/1995 09:00,203.6107835
29/01/1995 10:00,191.6968419
29/01/1995 11:00,181.7260719
29/01/1995 12:00,172.7273097
29/01/1995 13:00,166.6696768
29/01/1995 14:00,166.0441082
29/01/1995 15:00,169.2821521
29/01/1995 16:00,174.4642676
29/01/1995 17:00,178.634484
29/01/1995 18:00,180.3625274
29/01/1995 19:00,182.1233617
29/01/1995 20:00,182.3512534
29/01/1995 21:00,184.0712287
29/01/1995 22:00,186.2868167
29/01/1995 23:00,189.1022521
30/01/1995 00:00,193.7131137
30/01/1995 01:00,197.8572496
30/01/1995 02:00,201.6813738
30/01/1995 03:00,205.270958
30/01/1995 04:00,205.1898722
30/01/1995 05:00,203.3827407
30/01/1995 06:00,200.1151866
30/01/1995 07:00,198.5757543
30/01/1995 08:00,198.1111166
30/01/1995 09:00,194.6433635
30/01/1995 10:00,191.1260571
30/01/1995 11:00,186.0383294
30/01/1995 12:00,184.0408555
30/01/1995 13:00,181.8424642
30/01/1995 14:00,184.376594
30/01/1995 15:00,185.5824421
30/01/1995 16:00,190.4801733
30/01/1995 17:00,198.8555689
30/01/1995 18:00,208.6383886
30/01/1995 19:00,218.1025417
30/01/1995 20:00,225.990797
30/01/1995 21:00,234.4809638
30/01/1995 22:00,244.6530697
30/01/1995 23:00,253.2505518
31/01/1995 00:00,260.7281235
31/01/1995 01:00,265.7948609
31/01/1995 02:00,270.9555013
31/01/1995 03:00,276.296396
31/01/1995 04:00,280.8402685
31/01/1995 05:00,284.2214192
31/01/1995 06:00,287.3679106
31/01/1995 07:00,290.0594305
31/01/1995 08:00,281.9553812
31/01/1995 09:00,267.1541817
31/01/1995 10:00,251.1477559
31/01/1995 11:00,236.6564245
31/01/1995 12:00,225.3040207
31/01/1995 13:00,216.2657952
31/01/1995 14:00,212.8493889
31/01/1995 15:00,216.9927074
31/01/1995 16:00,229.9556181
31/01/1995 17:00,241.6152542
31/01/1995 18:00,248.6757367
31/01/1995 19:00,255.3317454
31/01/1995 20:00,259.2354636
31/01/1995 21:00,263.4474198
31/01/1995 22:00,264.6327962
31/01/1995 23:00,265.3254319
01/02/1995 00:00,267.8355845
01/02/1995 01:00,271.6090134
01/02/1995 02:00,272.7794804
01/02/1995 03:00,272.2836719
01/02/1995 04:00,273.8959984
01/02/1995 05:00,273.1992461
01/02/1995 06:00,271.4275326
01/02/1995 07:00,268.0663654
01/02/1995 08:00,256.1544881
01/02/1995 09:00,236.7069544
01/02/1995 10:00,214.1118956
01/02/1995 11:00,191.9042522
01/02/1995 12:00,174.8134798
01/02/1995 13:00,162.2683493
01/02/1995 14:00,158.2737885
01/02/1995 15:00,163.3329995
01/02/1995 16:00,179.9660156
01/02/1995 17:00,198.1622342
01/02/1995 18:00,212.1744674
01/02/1995 19:00,221.4592406
01/02/1995 20:00,226.3356265
01/02/1995 21:00,233.1729039
01/02/1995 22:00,236.8169636
01/02/1995 23:00,239.8435233
02/02/1995 00:00,242.2046057
02/02/1995 01:00,245.2490706
02/02/1995 02:00,244.6985413
02/02/1995 03:00,242.9823097
02/02/1995 04:00,239.0683593
02/02/1995 05:00,237.0655076
02/02/1995 06:00,237.0179387
02/02/1995 07:00,230.1622257
02/02/1995 08:00,223.1367463
02/02/1995 09:00,215.9497478
02/02/1995 10:00,205.0137112
02/02/1995 11:00,199.3738772
02/02/1995 12:00,197.2801863
02/02/1995 13:00,193.9934393
02/02/1995 14:00,194.7073877
02/02/1995 15:00,200.9012449
02/02/1995 16:00,205.3943255
02/02/1995 17:00,208.8736339
02/02/1995 18:00,210.6007845
02/02/1995 19:00,212.5749038
02/02/1995 20:00,214.0077406
02/02/1995 21:00,215.1611275
02/02/1995 22:00,217.2437302
02/02/1995 23:00,219.006791
03/02/1995 00:00,221.5778413
03/02/1995 01:00,226.4471239
03/02/1995 02:00,230.7663187
03/02/1995 03:00,233.0632432
03/02/1995 04:00,234.4250961
03/02/1995 05:00,235.9696459
03/02/1995 06:00,236.9736096
03/02/1995 07:00,236.621059
03/02/1995 08:00,233.2243479
03/02/1995 09:00,229.7356796
03/02/1995 10:00,222.8337555
03/02/1995 11:00,214.8275944
03/02/1995 12:00,206.3897744
03/02/1995 13:00,201.4051919
03/02/1995 14:00,199.0062748
03/02/1995 15:00,199.7013538
03/02/1995 16:00,204.0149149
03/02/1995 17:00,213.9125768
03/02/1995 18:00,222.6532372
03/02/1995 19:00,231.6514352
03/02/1995 20:00,235.453048
03/02/1995 21:00,235.0720725
03/02/1995 22:00,235.7135424
03/02/1995 23:00,236.5431213
04/02/1995 00:00,237.8138626
04/02/1995 01:00,239.1748573
04/02/1995 02:00,240.9715549
04/02/1995 03:00,242.2585096
04/02/1995 04:00,241.5792977
04/02/1995 05:00,240.9084375
04/02/1995 06:00,240.906231
04/02/1995 07:00,238.6202989
04/02/1995 08:00,230.5778414
04/02/1995 09:00,222.6945803
04/02/1995 10:00,215.577467
04/02/1995 11:00,207.319642
04/02/1995 12:00,200.1449645
04/02/1995 13:00,198.7214134
04/02/1995 14:00,200.6813167
04/02/1995 15:00,205.1296451
04/02/1995 16:00,213.0044341
04/02/1995 17:00,216.7682128
04/02/1995 18:00,216.7799372
04/02/1995 19:00,216.3206839
04/02/1995 20:00,215.5786185
04/02/1995 21:00,215.2395548
04/02/1995 22:00,214.7499313
04/02/1995 23:00,214.9970873
05/02/1995 00:00,214.5810666
05/02/1995 01:00,215.3336821
05/02/1995 02:00,214.8674041
05/02/1995 03:00,215.7743693
05/02/1995 04:00,215.2407305
05/02/1995 05:00,213.8681381
05/02/1995 06:00,214.297911
05/02/1995 07:00,213.4084815
05/02/1995 08:00,209.7312391
05/02/1995 09:00,203.434188
05/02/1995 10:00,196.0063269
05/02/1995 11:00,189.21136
05/02/1995 12:00,185.2926272
05/02/1995 13:00,181.5820404
05/02/1995 14:00,181.1644523
05/02/1995 15:00,183.1948161
05/02/1995 16:00,187.263413
05/02/1995 17:00,193.3759315
05/02/1995 18:00,200.9484874
05/02/1995 19:00,207.955191
05/02/1995 20:00,212.0203663
05/02/1995 21:00,216.9948239
05/02/1995 22:00,220.5214032
05/02/1995 23:00,223.1013241
06/02/1995 00:00,223.9951332
06/02/1995 01:00,223.5883408
06/02/1995 02:00,223.1161415
06/02/1995 03:00,222.7851988
06/02/1995 04:00,221.4780292
06/02/1995 05:00,221.2332272
06/02/1995 06:00,220.3562616
06/02/1995 07:00,220.8842156
06/02/1995 08:00,216.3630797
06/02/1995 09:00,209.4764897
06/02/1995 10:00,200.6191738
06/02/1995 11:00,191.3235404
06/02/1995 12:00,182.6522171
06/02/1995 13:00,176.0785505
06/02/1995 14:00,173.5347869
06/02/1995 15:00,173.22359
06/02/1995 16:00,179.9560392
06/02/1995 17:00,186.6815436
06/02/1995 18:00,190.893176
06/02/1995 19:00,194.4493359
06/02/1995 20:00,197.498156
06/02/1995 21:00,203.7201082
06/02/1995 22:00,209.1886371
06/02/1995 23:00,212.8809035
07/02/1995 00:00,219.469544
07/02/1995 01:00,223.6739494
07/02/1995 02:00,228.2498026
07/02/1995 03:00,230.2250366
07/02/1995 04:00,232.68617
07/02/1995 05:00,234.8806375
07/02/1995 06:00,236.6101148
07/02/1995 07:00,236.9711331
07/02/1995 08:00,227.4295136
07/02/1995 09:00,207.9292621
07/02/1995 10:00,186.7838822
07/02/1995 11:00,167.6669278
07/02/1995 12:00,147.7578301
07/02/1995 13:00,126.0050383
07/02/1995 14:00,114.9495502
07/02/1995 15:00,122.4524382
07/02/1995 16:00,145.7525877
07/02/1995 17:00,173.1661921
07/02/1995 18:00,185.5828779
07/02/1995 19:00,190.1315941
07/02/1995 20:00,196.4991385
07/02/1995 21:00,200.8899941
07/02/1995 22:00,205.2183539
07/02/1995 23:00,204.1141083
08/02/1995 00:00,202.2854556
08/02/1995 01:00,198.3280757
08/02/1995 02:00,199.5356406
08/02/1995 03:00,197.3458291
08/02/1995 04:00,196.8741886
08/02/1995 05:00,197.6989569
08/02/1995 06:00,194.15909
08/02/1995 07:00,192.4964968
08/02/1995 08:00,187.1108677
08/02/1995 09:00,175.8906833
08/02/1995 10:00,157.8268416
08/02/1995 11:00,145.6385136
08/02/1995 12:00,144.9417254
08/02/1995 13:00,143.6150157
08/02/1995 14:00,145.7450347
08/02/1995 15:00,150.4888204
08/02/1995 16:00,160.3086804
08/02/1995 17:00,167.6997275
08/02/1995 18:00,173.3107616
08/02/1995 19:00,177.2400931
08/02/1995 20:00,179.6413135
08/02/1995 21:00,181.4384042
08/02/1995 22:00,184.1998326
08/02/1995 23:00,186.9022482
09/02/1995 00:00,188.5355602
09/02/1995 01:00,190.0969016
09/02/1995 02:00,189.7040371
09/02/1995 03:00,189.0144589
09/02/1995 04:00,190.7138075
09/02/1995 05:00,193.1028198
09/02/1995 06:00,197.2249501
09/02/1995 07:00,197.8232435
09/02/1995 08:00,195.7038839
09/02/1995 09:00,191.7656811
09/02/1995 10:00,187.5419977
09/02/1995 11:00,182.195268
09/02/1995 12:00,179.7261125
09/02/1995 13:00,174.8823649
09/02/1995 14:00,172.6024531
09/02/1995 15:00,177.6715527
09/02/1995 16:00,184.414891
09/02/1995 17:00,191.9256033
09/02/1995 18:00,198.0975215
09/02/1995 19:00,202.9921963
09/02/1995 20:00,208.0414934
09/02/1995 21:00,212.9996502
09/02/1995 22:00,218.338816
09/02/1995 23:00,222.671486
10/02/1995 00:00,226.1025133
10/02/1995 01:00,228.9595879
10/02/1995 02:00,229.59935
10/02/1995 03:00,231.7611254
10/02/1995 04:00,232.4272561
10/02/1995 05:00,234.3201148
10/02/1995 06:00,236.4085891
10/02/1995 07:00,237.4358039
10/02/1995 08:00,229.0763554
10/02/1995 09:00,213.5051041
10/02/1995 10:00,196.5538096
10/02/1995 11:00,183.01677
10/02/1995 12:00,172.6336362
10/02/1995 13:00,168.7973037
10/02/1995 14:00,168.6700965
10/02/1995 15:00,170.1502906
10/02/1995 16:00,176.1881601
10/02/1995 17:00,184.9785522
10/02/1995 18:00,188.6400363
10/02/1995 19:00,189.5140212
10/02/1995 20:00,191.9736814
10/02/1995 21:00,195.9376326
10/02/1995 22:00,196.134577
10/02/1995 23:00,197.4037945
11/02/1995 00:00,201.3022663
11/02/1995 01:00,206.1131815
11/02/1995 02:00,209.7301678
11/02/1995 03:00,212.6695126
11/02/1995 04:00,213.53711
11/02/1995 05:00,213.8629497
11/02/1995 06:00,213.0666342
11/02/1995 07:00,210.1281722
11/02/1995 08:00,206.6545938
11/02/1995 09:00,196.2055268
11/02/1995 10:00,181.7015214
11/02/1995 11:00,172.2876516
11/02/1995 12:00,163.2978703
11/02/1995 13:00,159.5445558
11/02/1995 14:00,158.198306
11/02/1995 15:00,159.9430585
11/02/1995 16:00,168.4159694
11/02/1995 17:00,182.3138949
11/02/1995 18:00,189.5665392
11/02/1995 19:00,191.7255981
11/02/1995 20:00,190.9467238
11/02/1995 21:00,189.3572713
11/02/1995 22:00,191.8291814
11/02/1995 23:00,191.5262348
12/02/1995 00:00,189.4143579
12/02/1995 01:00,187.4576953
12/02/1995 02:00,182.819581
12/02/1995 03:00,180.7417834
12/02/1995 04:00,183.2710456
12/02/1995 05:00,186.5725103
12/02/1995 06:00,187.6332493
12/02/1995 07:00,188.8503216
12/02/1995 08:00,185.4384391
12/02/1995 09:00,178.0967685
12/02/1995 10:00,167.449147
12/02/1995 11:00,150.6283469
12/02/1995 12:00,141.4878359
12/02/1995 13:00,141.1599657
12/02/1995 14:00,129.4221611
12/02/1995 15:00,134.5987823
12/02/1995 16:00,155.5374394
12/02/1995 17:00,176.2942645
12/02/1995 18:00,188.8249213
12/02/1995 19:00,200.6858541
12/02/1995 20:00,207.5776544
12/02/1995 21:00,213.736712
12/02/1995 22:00,217.8987205
12/02/1995 23:00,221.8343972
13/02/1995 00:00,221.7310875
13/02/1995 01:00,221.9254695
13/02/1995 02:00,223.287472
13/02/1995 03:00,221.8461798
13/02/1995 04:00,221.0445834
13/02/1995 05:00,219.6869766
13/02/1995 06:00,217.6198385
13/02/1995 07:00,215.6858189
13/02/1995 08:00,204.4676761
13/02/1995 09:00,182.794539
13/02/1995 10:00,159.0762568
13/02/1995 11:00,134.6455159
13/02/1995 12:00,116.5951237
13/02/1995 13:00,103.5196568
13/02/1995 14:00,101.0700133
13/02/1995 15:00,114.0315266
13/02/1995 16:00,128.4124967
13/02/1995 17:00,147.5693955
13/02/1995 18:00,156.5216967
13/02/1995 19:00,162.484439
13/02/1995 20:00,170.1052296
13/02/1995 21:00,174.6541846
13/02/1995 22:00,177.5460323
13/02/1995 23:00,178.3821124
14/02/1995 00:00,179.988466
14/02/1995 01:00,181.3277076
14/02/1995 02:00,183.637873
14/02/1995 03:00,187.6985272
14/02/1995 04:00,190.4185857
14/02/1995 05:00,195.5095234
14/02/1995 06:00,199.4768236
14/02/1995 07:00,201.596037
14/02/1995 08:00,199.7594726
14/02/1995 09:00,195.5689591
14/02/1995 10:00,189.327465
14/02/1995 11:00,181.7474182
14/02/1995 12:00,172.3223466
14/02/1995 13:00,167.0164545
14/02/1995 14:00,165.6734289
14/02/1995 15:00,167.0950351
14/02/1995 16:00,176.0139939
14/02/1995 17:00,196.4037258
14/02/1995 18:00,210.830729
14/02/1995 19:00,222.9782859
14/02/1995 20:00,232.3266061
14/02/1995 21:00,237.7634883
14/02/1995 22:00,243.4135165
14/02/1995 23:00,246.5737721
15/02/1995 00:00,248.912594
15/02/1995 01:00,251.3521996
15/02/1995 02:00,252.3017863
15/02/1995 03:00,250.6391094
15/02/1995 04:00,243.1703038
15/02/1995 05:00,234.8810858
15/02/1995 06:00,227.0522379
15/02/1995 07:00,217.323062
15/02/1995 08:00,207.1887247
15/02/1995 09:00,200.0864701
15/02/1995 10:00,196.4646501
15/02/1995 11:00,191.2731683
15/02/1995 12:00,172.9488189
15/02/1995 13:00,166.1147015
15/02/1995 14:00,158.3834595
15/02/1995 15:00,152.6128977
15/02/1995 16:00,151.1084684
15/02/1995 17:00,152.9080142
15/02/1995 18:00,152.1793704
15/02/1995 19:00,152.4077026
15/02/1995 20:00,157.1788062
15/02/1995 21:00,157.6631542
15/02/1995 22:00,159.1385711
15/02/1995 23:00,156.7305798
16/02/1995 00:00,155.6938308
16/02/1995 01:00,156.3410048
16/02/1995 02:00,155.5998575
16/02/1995 03:00,159.2305082
16/02/1995 04:00,162.1295681
16/02/1995 05:00,173.5478822
16/02/1995 06:00,180.359841
16/02/1995 07:00,196.9513055
16/02/1995 08:00,205.0433585
16/02/1995 09:00,204.0635332
16/02/1995 10:00,195.593606
16/02/1995 11:00,185.3527785
16/02/1995 12:00,179.1239996
16/02/1995 13:00,170.9467014
16/02/1995 14:00,172.0170171
16/02/1995 15:00,171.5104322
16/02/1995 16:00,176.4343064
16/02/1995 17:00,183.8297329
16/02/1995 18:00,188.0300743
16/02/1995 19:00,190.9483469
16/02/1995 20:00,195.8663417
16/02/1995 21:00,198.3579605
16/02/1995 22:00,198.368797
16/02/1995 23:00,198.6769519
17/02/1995 00:00,198.1833315
17/02/1995 01:00,198.5684348
17/02/1995 02:00,201.3125109
17/02/1995 03:00,192.293519
17/02/1995 04:00,178.7843601
17/02/1995 05:00,182.583394
17/02/1995 06:00,182.8062254
17/02/1995 07:00,179.579209
17/02/1995 08:00,176.0196698
17/02/1995 09:00,173.2203442
17/02/1995 10:00,156.4868604
17/02/1995 11:00,146.1863782
17/02/1995 12:00,138.9208297
17/02/1995 13:00,136.305561
17/02/1995 14:00,149.7395517
17/02/1995 15:00,158.9679468
17/02/1995 16:00,171.5436599
17/02/1995 17:00,182.8748051
17/02/1995 18:00,193.8367729
17/02/1995 19:00,202.8419529
17/02/1995 20:00,210.0433066
17/02/1995 21:00,218.7373825
17/02/1995 22:00,227.5792452
17/02/1995 23:00,235.7519824
18/02/1995 00:00,242.0874945
18/02/1995 01:00,247.4944749
18/02/1995 02:00,253.0529833
18/02/1995 03:00,255.8299618
18/02/1995 04:00,255.7831282
18/02/1995 05:00,255.8162485
18/02/1995 06:00,255.5866092
18/02/1995 07:00,253.8970443
18/02/1995 08:00,251.6699669
18/02/1995 09:00,248.3373147
18/02/1995 10:00,244.0054789
18/02/1995 11:00,238.0412905
18/02/1995 12:00,232.7556407
18/02/1995 13:00,227.9296362
18/02/1995 14:00,222.4087908
18/02/1995 15:00,226.5218951
18/02/1995 16:00,231.9886638
18/02/1995 17:00,238.1087939
18/02/1995 18:00,238.0559522
18/02/1995 19:00,238.9256131
18/02/1995 20:00,239.7946149
18/02/1995 21:00,240.3585999
18/02/1995 22:00,240.6625072
18/02/1995 23:00,243.6221123
19/02/1995 00:00,248.109758
19/02/1995 01:00,250.7014991
19/02/1995 02:00,253.7177107
19/02/1995 03:00,257.0485923
19/02/1995 04:00,260.0572308
19/02/1995 05:00,261.0601716
19/02/1995 06:00,263.4857422
19/02/1995 07:00,260.3027046
19/02/1995 08:00,246.8545987
19/02/1995 09:00,230.1912697
19/02/1995 10:00,214.0415151
19/02/1995 11:00,201.8932681
19/02/1995 12:00,194.1111802
19/02/1995 13:00,189.6883449
19/02/1995 14:00,188.3982418
19/02/1995 15:00,188.9860051
19/02/1995 16:00,193.1817445
19/02/1995 17:00,198.1647768
19/02/1995 18:00,200.5256493
19/02/1995 19:00,202.0550481
19/02/1995 20:00,202.6925557
19/02/1995 21:00,204.3673462
19/02/1995 22:00,200.7574991
19/02/1995 23:00,197.8261424
20/02/1995 00:00,197.4911279
20/02/1995 01:00,196.1480862
20/02/1995 02:00,195.4496726
20/02/1995 03:00,195.5534379
20/02/1995 04:00,195.6537409
20/02/1995 05:00,194.1815626
20/02/1995 06:00,194.2179087
20/02/1995 07:00,191.4146519
20/02/1995 08:00,183.4053079
20/02/1995 09:00,175.10339
20/02/1995 10:00,166.0362586
20/02/1995 11:00,151.5569152
20/02/1995 12:00,139.4818617
20/02/1995 13:00,118.7709452
20/02/1995 14:00,110.4331911
20/02/1995 15:00,99.86784708
20/02/1995 16:00,122.1380239
20/02/1995 17:00,146.9625733
20/02/1995 18:00,168.9298786
20/02/1995 19:00,180.499079
20/02/1995 20:00,188.2533701
20/02/1995 21:00,193.3629189
20/02/1995 22:00,198.559234
20/02/1995 23:00,201.4417126
21/02/1995 00:00,205.158742
21/02/1995 01:00,208.7248602
21/02/1995 02:00,210.1914231
21/02/1995 03:00,213.5613312
21/02/1995 04:00,217.4426383
21/02/1995 05:00,220.6117138
21/02/1995 06:00,223.9884514
21/02/1995 07:00,220.6336844
21/02/1995 08:00,202.0540352
21/02/1995 09:00,172.5074638
21/02/1995 10:00,140.229917
21/02/1995 11:00,103.1197311
21/02/1995 12:00,78.50711381
21/02/1995 13:00,55.6075775
21/02/1995 14:00,62.55106537
21/02/1995 15:00,69.19347617
21/02/1995 16:00,92.46065369
21/02/1995 17:00,105.5926458
21/02/1995 18:00,117.5274271
21/02/1995 19:00,143.7489601
21/02/1995 20:00,168.441491
21/02/1995 21:00,193.5111152
21/02/1995 22:00,212.2690374
21/02/1995 23:00,225.1398601
22/02/1995 00:00,230.3908036
22/02/1995 01:00,232.8973578
22/02/1995 02:00,235.7786502
22/02/1995 03:00,237.7384567
22/02/1995 04:00,240.5060935
22/02/1995 05:00,245.764696
22/02/1995 06:00,251.5069275
22/02/1995 07:00,251.398503
22/02/1995 08:00,237.7794058
22/02/1995 09:00,225.2446167
22/02/1995 10:00,218.305514
22/02/1995 11:00,210.9485972
22/02/1995 12:00,204.756107
22/02/1995 13:00,199.297744
22/02/1995 14:00,198.8261403
22/02/1995 15:00,201.901288
22/02/1995 16:00,207.8025049
22/02/1995 17:00,217.2575415
22/02/1995 18:00,224.5788709
22/02/1995 19:00,230.1699469
22/02/1995 20:00,232.0809453
22/02/1995 21:00,233.7012934
22/02/1995 22:00,232.9867155
22/02/1995 23:00,233.7043464
23/02/1995 00:00,232.542861
23/02/1995 01:00,234.8521641
23/02/1995 02:00,235.5739305
23/02/1995 03:00,237.6892927
23/02/1995 04:00,242.4579899
23/02/1995 05:00,244.5682773
23/02/1995 06:00,244.4733345
23/02/1995 07:00,239.595959
23/02/1995 08:00,233.9440456
23/02/1995 09:00,234.5443363
23/02/1995 10:00,238.8336314
23/02/1995 11:00,237.1130352
23/02/1995 12:00,232.2143005
23/02/1995 13:00,226.0331509
23/02/1995 14:00,222.1037114
23/02/1995 15:00,220.201103
23/02/1995 16:00,223.5638319
23/02/1995 17:00,231.7561288
23/02/1995 18:00,237.1313292
23/02/1995 19:00,243.2931801
23/02/1995 20:00,246.7142021
23/02/1995 21:00,246.8249527
23/02/1995 22:00,249.4164891
23/02/1995 23:00,254.9034184
24/02/1995 00:00,259.4563403
24/02/1995 01:00,262.2625847
24/02/1995 02:00,263.0485616
24/02/1995 03:00,262.5936821
24/02/1995 04:00,260.4458959
24/02/1995 05:00,254.9962184
24/02/1995 06:00,253.0813332
24/02/1995 07:00,253.622358
24/02/1995 08:00,249.4354561
24/02/1995 09:00,246.0269175
24/02/1995 10:00,236.8006344
24/02/1995 11:00,224.0466317
24/02/1995 12:00,214.8294401
24/02/1995 13:00,205.4466819
24/02/1995 14:00,200.2027741
24/02/1995 15:00,192.1535675
24/02/1995 16:00,196.3550822
24/02/1995 17:00,200.1222326
24/02/1995 18:00,202.9166583
24/02/1995 19:00,204.683963
24/02/1995 20:00,205.569843
24/02/1995 21:00,208.3368666
24/02/1995 22:00,209.8543773
24/02/1995 23:00,212.4041346
25/02/1995 00:00,215.6304418
25/02/1995 01:00,213.3503538
25/02/1995 02:00,211.6831064
25/02/1995 03:00,211.6237039
25/02/1995 04:00,210.6717237
25/02/1995 05:00,211.8189447
25/02/1995 06:00,214.0518566
25/02/1995 07:00,210.9885473
25/02/1995 08:00,207.7702023
25/02/1995 09:00,202.6748382
25/02/1995 10:00,196.9945274
25/02/1995 11:00,196.6893692
25/02/1995 12:00,196.9140923
25/02/1995 13:00,188.5262095
25/02/1995 14:00,179.0214108
25/02/1995 15:00,178.3697423
25/02/1995 16:00,191.7177433
25/02/1995 17:00,198.4103146
25/02/1995 18:00,200.4875538
25/02/1995 19:00,204.0267485
25/02/1995 20:00,209.6025031
25/02/1995 21:00,211.755187
25/02/1995 22:00,216.3706992
25/02/1995 23:00,220.6451479
26/02/1995 00:00,225.1879717
26/02/1995 01:00,226.787457
26/02/1995 02:00,228.9347706
26/02/1995 03:00,229.7778922
26/02/1995 04:00,230.0384567
26/02/1995 05:00,233.868363
26/02/1995 06:00,238.4818236
26/02/1995 07:00,239.3901197
26/02/1995 08:00,239.2629205
26/02/1995 09:00,240.8265687
26/02/1995 10:00,241.0957508
26/02/1995 11:00,239.1476515
26/02/1995 12:00,236.9073816
26/02/1995 13:00,233.0872453
26/02/1995 14:00,233.1569689
26/02/1995 15:00,235.4560867
26/02/1995 16:00,241.2115664
26/02/1995 17:00,248.2686034
26/02/1995 18:00,254.6031039
26/02/1995 19:00,258.1603681
26/02/1995 20:00,258.7135246
26/02/1995 21:00,259.2030447
26/02/1995 22:00,259.9622566
26/02/1995 23:00,259.9954808
27/02/1995 00:00,261.8987601
27/02/1995 01:00,263.295603
27/02/1995 02:00,263.4083281
27/02/1995 03:00,264.336881
27/02/1995 04:00,264.9700813
27/02/1995 05:00,266.9669124
27/02/1995 06:00,266.9835375
27/02/1995 07:00,264.4249971
27/02/1995 08:00,259.9672912
27/02/1995 09:00,252.4255445
27/02/1995 10:00,244.9983127
27/02/1995 11:00,238.0739186
27/02/1995 12:00,230.7212932
27/02/1995 13:00,228.2593253
27/02/1995 14:00,226.5460109
27/02/1995 15:00,227.222299
27/02/1995 16:00,233.899055
27/02/1995 17:00,246.6957852
27/02/1995 18:00,256.653059
27/02/1995 19:00,264.9805908
27/02/1995 20:00,271.7015338
27/02/1995 21:00,276.4237085
27/02/1995 22:00,280.154523
27/02/1995 23:00,284.1655705
28/02/1995 00:00,286.6891869
28/02/1995 01:00,286.3831337
28/02/1995 02:00,284.7508334
28/02/1995 03:00,282.4319961
28/02/1995 04:00,278.1233894
28/02/1995 05:00,274.6185675
28/02/1995 06:00,271.3440719
28/02/1995 07:00,265.1574346
28/02/1995 08:00,253.626548
28/02/1995 09:00,233.8893676
28/02/1995 10:00,218.1583435
28/02/1995 11:00,204.9015829
28/02/1995 12:00,191.4798249
28/02/1995 13:00,178.6339045
28/02/1995 14:00,171.0941964
28/02/1995 15:00,169.4862469
28/02/1995 16:00,177.4699248
28/02/1995 17:00,197.3777227
28/02/1995 18:00,215.1304814
28/02/1995 19:00,228.3923473
28/02/1995 20:00,237.084933
28/02/1995 21:00,246.3561789
28/02/1995 22:00,252.8405802
28/02/1995 23:00,256.2834151
01/03/1995 00:00,262.8427738
01/03/1995 01:00,266.8278466
01/03/1995 02:00,270.9667966
01/03/1995 03:00,273.659231
01/03/1995 04:00,277.3546582
01/03/1995 05:00,279.3601752
01/03/1995 06:00,279.0101003
01/03/1995 07:00,268.6720892
01/03/1995 08:00,245.4545277
01/03/1995 09:00,219.0428418
01/03/1995 10:00,193.6328618
01/03/1995 11:00,171.2510051
01/03/1995 12:00,151.5676981
01/03/1995 13:00,132.5855154
01/03/1995 14:00,116.4129052
01/03/1995 15:00,111.7526549
01/03/1995 16:00,136.3587778
01/03/1995 17:00,161.5992691
01/03/1995 18:00,182.3637666
01/03/1995 19:00,197.5390031
01/03/1995 20:00,211.7204303
01/03/1995 21:00,222.4723553
01/03/1995 22:00,226.2980305
01/03/1995 23:00,228.2039785
02/03/1995 00:00,227.8416662
02/03/1995 01:00,228.6644258
02/03/1995 02:00,227.8221897
02/03/1995 03:00,224.7669734
02/03/1995 04:00,222.7100078
02/03/1995 05:00,219.8632942
02/03/1995 06:00,218.7978321
02/03/1995 07:00,213.9718833
02/03/1995 08:00,206.2248606
02/03/1995 09:00,197.7975151
02/03/1995 10:00,183.9709565
02/03/1995 11:00,169.0932855
02/03/1995 12:00,159.6349508
02/03/1995 13:00,155.6634771
02/03/1995 14:00,156.4651868
02/03/1995 15:00,161.409758
02/03/1995 16:00,169.1206934
02/03/1995 17:00,182.2708258
02/03/1995 18:00,195.7376771
02/03/1995 19:00,209.1218454
02/03/1995 20:00,219.1123811
02/03/1995 21:00,226.1127531
02/03/1995 22:00,228.8326859
02/03/1995 23:00,234.2836062
03/03/1995 00:00,241.2992109
03/03/1995 01:00,245.5825898
03/03/1995 02:00,241.8415923
03/03/1995 03:00,233.901607
03/03/1995 04:00,229.3582901
03/03/1995 05:00,231.3688272
03/03/1995 06:00,226.3501837
03/03/1995 07:00,217.8303563
03/03/1995 08:00,212.4546722
03/03/1995 09:00,214.8904551
03/03/1995 10:00,214.4316922
03/03/1995 11:00,215.7781235
03/03/1995 12:00,217.7653997
03/03/1995 13:00,225.4068603
03/03/1995 14:00,232.0316639
03/03/1995 15:00,237.1690092
03/03/1995 16:00,239.3664907
03/03/1995 17:00,240.1077148
03/03/1995 18:00,244.9495603
03/03/1995 19:00,248.5735263
03/03/1995 20:00,249.940065
03/03/1995 21:00,252.3106044
03/03/1995 22:00,254.703908
03/03/1995 23:00,257.9178664
04/03/1995 00:00,260.8551685
04/03/1995 01:00,262.8477108
04/03/1995 02:00,263.7548136
04/03/1995 03:00,264.3656763
04/03/1995 04:00,266.1133936
04/03/1995 05:00,267.5142696
04/03/1995 06:00,269.4799033
04/03/1995 07:00,268.1463554
04/03/1995 08:00,264.1507004
04/03/1995 09:00,257.6995136
04/03/1995 10:00,250.981453
04/03/1995 11:00,245.3506877
04/03/1995 12:00,241.0349148
04/03/1995 13:00,237.6608917
04/03/1995 14:00,234.3165558
04/03/1995 15:00,233.847155
04/03/1995 16:00,238.8474177
04/03/1995 17:00,250.0747733
04/03/1995 18:00,261.8071584
04/03/1995 19:00,271.8780956
04/03/1995 20:00,280.1183809
04/03/1995 21:00,286.5635782
04/03/1995 22:00,292.1903897
04/03/1995 23:00,298.1157961
05/03/1995 00:00,302.2199914
05/03/1995 01:00,307.420195
05/03/1995 02:00,311.9561083
05/03/1995 03:00,315.3880249
05/03/1995 04:00,317.5490417
05/03/1995 05:00,320.9961738
05/03/1995 06:00,322.0866799
05/03/1995 07:00,312.3104692
05/03/1995 08:00,294.0949
05/03/1995 09:00,275.5830901
05/03/1995 10:00,258.8283467
05/03/1995 11:00,246.9148264
05/03/1995 12:00,239.1266844
05/03/1995 13:00,236.0553228
05/03/1995 14:00,232.8800068
05/03/1995 15:00,231.7444029
05/03/1995 16:00,235.372725
05/03/1995 17:00,239.0591668
05/03/1995 18:00,243.5579545
05/03/1995 19:00,250.1512279
05/03/1995 20:00,252.6744598
05/03/1995 21:00,252.1920925
05/03/1995 22:00,249.2509355
05/03/1995 23:00,242.8670203
06/03/1995 00:00,240.1680124
06/03/1995 01:00,241.849331
06/03/1995 02:00,243.651769
06/03/1995 03:00,243.2580592
06/03/1995 04:00,245.3709703
06/03/1995 05:00,245.5714377
06/03/1995 06:00,247.8341795
06/03/1995 07:00,245.052825
06/03/1995 08:00,238.4936375
06/03/1995 09:00,231.7955258
06/03/1995 10:00,229.2996111
06/03/1995 11:00,225.1114718
06/03/1995 12:00,221.8665373
06/03/1995 13:00,220.0459458
06/03/1995 14:00,219.712279
06/03/1995 15:00,225.9701361
06/03/1995 16:00,228.7158382
06/03/1995 17:00,235.7773198
06/03/1995 18:00,240.4757095
06/03/1995 19:00,242.6061327
06/03/1995 20:00,245.6469426
06/03/1995 21:00,254.3582579
06/03/1995 22:00,256.8727212
06/03/1995 23:00,259.3689528
07/03/1995 00:00,260.3357475
07/03/1995 01:00,262.4734683
07/03/1995 02:00,263.8150253
07/03/1995 03:00,266.1590083
07/03/1995 04:00,269.0892565
07/03/1995 05:00,271.0344003
07/03/1995 06:00,272.1993379
07/03/1995 07:00,268.1350379
07/03/1995 08:00,258.3235005
07/03/1995 09:00,247.1655679
07/03/1995 10:00,235.5121419
07/03/1995 11:00,227.1628647
07/03/1995 12:00,219.3535556
07/03/1995 13:00,212.5978573
07/03/1995 14:00,212.3446981
07/03/1995 15:00,211.5118018
07/03/1995 16:00,218.3601723
07/03/1995 17:00,231.2539303
07/03/1995 18:00,249.1334773
07/03/1995 19:00,258.4860524
07/03/1995 20:00,264.8473674
07/03/1995 21:00,271.2330219
07/03/1995 22:00,275.6315844
07/03/1995 23:00,278.0272556
08/03/1995 00:00,279.7410949
08/03/1995 01:00,281.8822543
08/03/1995 02:00,282.0675065
08/03/1995 03:00,282.3833663
08/03/1995 04:00,282.5338899
08/03/1995 05:00,282.5883657
08/03/1995 06:00,278.8432337
08/03/1995 07:00,269.0153085
08/03/1995 08:00,257.0517654
08/03/1995 09:00,244.0122616
08/03/1995 10:00,228.669923
08/03/1995 11:00,220.1527166
08/03/1995 12:00,215.3041465
08/03/1995 13:00,211.2191018
08/03/1995 14:00,209.4960752
08/03/1995 15:00,212.9057355
08/03/1995 16:00,215.9450844
08/03/1995 17:00,221.3287612
08/03/1995 18:00,232.4976161
08/03/1995 19:00,240.5146677
08/03/1995 20:00,245.2928568
08/03/1995 21:00,247.8740283
08/03/1995 22:00,250.0954293
08/03/1995 23:00,254.5479044
09/03/1995 00:00,261.061222
09/03/1995 01:00,264.8674537
09/03/1995 02:00,265.6627668
09/03/1995 03:00,267.9500761
09/03/1995 04:00,267.6860122
09/03/1995 05:00,268.800528
09/03/1995 06:00,267.0764994
09/03/1995 07:00,261.6584951
09/03/1995 08:00,253.9530167
09/03/1995 09:00,243.0860482
09/03/1995 10:00,230.4265962
09/03/1995 11:00,220.4170451
09/03/1995 12:00,213.0190322
09/03/1995 13:00,207.9205462
09/03/1995 14:00,202.591314
09/03/1995 15:00,202.3206468
09/03/1995 16:00,206.6051336
09/03/1995 17:00,221.4606024
09/03/1995 18:00,238.1503952
09/03/1995 19:00,248.9650117
09/03/1995 20:00,256.5389826
09/03/1995 21:00,263.138568
09/03/1995 22:00,269.0958704
09/03/1995 23:00,274.2428725
10/03/1995 00:00,279.2074037
10/03/1995 01:00,284.0438841
10/03/1995 02:00,286.9177361
10/03/1995 03:00,289.4633979
10/03/1995 04:00,293.0677914
10/03/1995 05:00,295.3028685
10/03/1995 06:00,294.3020826
10/03/1995 07:00,278.8875129
10/03/1995 08:00,256.6126619
10/03/1995 09:00,234.7301469
10/03/1995 10:00,214.935966
10/03/1995 11:00,196.3874627
10/03/1995 12:00,180.8346879
10/03/1995 13:00,168.9266672
10/03/1995 14:00,160.6417464
10/03/1995 15:00,159.7908561
10/03/1995 16:00,168.5585037
10/03/1995 17:00,184.890016
10/03/1995 18:00,204.1990321
10/03/1995 19:00,218.7851476
10/03/1995 20:00,231.4972334
10/03/1995 21:00,240.262048
10/03/1995 22:00,246.7721052
10/03/1995 23:00,252.3625607
11/03/1995 00:00,257.8455295
11/03/1995 01:00,261.7002745
11/03/1995 02:00,265.9785534
11/03/1995 03:00,269.3763756
11/03/1995 04:00,271.7326571
11/03/1995 05:00,275.2933654
11/03/1995 06:00,274.2236123
11/03/1995 07:00,259.494514
11/03/1995 08:00,234.2684834
11/03/1995 09:00,208.2379034
11/03/1995 10:00,185.8747804
11/03/1995 11:00,162.5622063
11/03/1995 12:00,143.7478799
11/03/1995 13:00,116.8930331
11/03/1995 14:00,100.2400451
11/03/1995 15:00,83.56758391
11/03/1995 16:00,110.5207904
11/03/1995 17:00,142.6695657
11/03/1995 18:00,171.4708451
11/03/1995 19:00,188.48072
11/03/1995 20:00,200.7874437
11/03/1995 21:00,209.5407669
11/03/1995 22:00,217.1853893
11/03/1995 23:00,225.0537478
12/03/1995 00:00,232.7685911
12/03/1995 01:00,239.1233751
12/03/1995 02:00,244.8329213
12/03/1995 03:00,248.443136
12/03/1995 04:00,251.7825713
12/03/1995 05:00,257.0417208
12/03/1995 06:00,256.3374212
12/03/1995 07:00,242.6685633
12/03/1995 08:00,215.839852
12/03/1995 09:00,187.2752501
12/03/1995 10:00,161.0026218
12/03/1995 11:00,138.7060004
12/03/1995 12:00,96.26832035
12/03/1995 13:00,76.51214714
12/03/1995 14:00,63.12103633
12/03/1995 15:00,66.14881643
12/03/1995 16:00,79.74260829
12/03/1995 17:00,107.0006708
12/03/1995 18:00,141.2638268
12/03/1995 19:00,162.6953212
12/03/1995 20:00,170.9192982
12/03/1995 21:00,184.118175
12/03/1995 22:00,195.7628641
12/03/1995 23:00,205.5646789
13/03/1995 00:00,216.1938849
13/03/1995 01:00,226.0940394
13/03/1995 02:00,233.7885181
13/03/1995 03:00,240.6308877
13/03/1995 04:00,246.1101744
13/03/1995 05:00,250.5325959
13/03/1995 06:00,254.298988
13/03/1995 07:00,244.7064711
13/03/1995 08:00,230.616749
13/03/1995 09:00,213.5583375
13/03/1995 10:00,196.2182469
13/03/1995 11:00,181.779958
13/03/1995 12:00,170.6382143
13/03/1995 13:00,164.629728
13/03/1995 14:00,157.1790966
13/03/1995 15:00,165.6609729
13/03/1995 16:00,174.7977577
13/03/1995 17:00,186.317796
13/03/1995 18:00,196.8163571
13/03/1995 19:00,203.1457059
13/03/1995 20:00,209.0601148
13/03/1995 21:00,215.6812309
13/03/1995 22:00,225.2923015
13/03/1995 23:00,230.5989521
14/03/1995 00:00,234.6736064
14/03/1995 01:00,236.8611815
14/03/1995 02:00,239.6813831
14/03/1995 03:00,243.4341653
14/03/1995 04:00,247.8212478
14/03/1995 05:00,250.7361186
14/03/1995 06:00,252.0885695
14/03/1995 07:00,247.0676059
14/03/1995 08:00,238.0385503
14/03/1995 09:00,225.6523913
14/03/1995 10:00,213.3090603
14/03/1995 11:00,201.2603384
14/03/1995 12:00,192.6101707
14/03/1995 13:00,186.2227944
14/03/1995 14:00,181.777345
14/03/1995 15:00,181.376124
14/03/1995 16:00,184.6671765
14/03/1995 17:00,192.8676317
14/03/1995 18:00,202.2221152
14/03/1995 19:00,209.1612799
14/03/1995 20:00,215.0726028
14/03/1995 21:00,217.345611
14/03/1995 22:00,217.7853152
14/03/1995 23:00,219.8592374
15/03/1995 00:00,220.9296515
15/03/1995 01:00,219.856879
15/03/1995 02:00,217.8389599
15/03/1995 03:00,214.9823624
15/03/1995 04:00,213.2087743
15/03/1995 05:00,212.7315306
15/03/1995 06:00,212.0793314
15/03/1995 07:00,207.6145766
15/03/1995 08:00,202.4185747
15/03/1995 09:00,198.7842815
15/03/1995 10:00,195.7487189
15/03/1995 11:00,193.5778111
15/03/1995 12:00,193.5639597
15/03/1995 13:00,195.3371783
15/03/1995 14:00,200.4880567
15/03/1995 15:00,206.0153766
15/03/1995 16:00,211.7373041
15/03/1995 17:00,216.6779357
15/03/1995 18:00,222.1199247
15/03/1995 19:00,224.9408306
15/03/1995 20:00,228.9271765
15/03/1995 21:00,231.1456668
15/03/1995 22:00,231.0202524
15/03/1995 23:00,229.4510838
16/03/1995 00:00,226.3023183
16/03/1995 01:00,225.6845404
16/03/1995 02:00,234.7214908
16/03/1995 03:00,241.7089068
16/03/1995 04:00,250.5115619
16/03/1995 05:00,251.9865295
16/03/1995 06:00,251.7403771
16/03/1995 07:00,247.9997396
16/03/1995 08:00,235.7135252
16/03/1995 09:00,222.480289
16/03/1995 10:00,212.032681
16/03/1995 11:00,205.7015249
16/03/1995 12:00,197.8233202
16/03/1995 13:00,195.4311417
16/03/1995 14:00,191.5152641
16/03/1995 15:00,189.9976832
16/03/1995 16:00,194.4382409
16/03/1995 17:00,206.7294161
16/03/1995 18:00,223.3765626
16/03/1995 19:00,233.0682748
16/03/1995 20:00,240.240523
16/03/1995 21:00,245.0394021
16/03/1995 22:00,250.7937231
16/03/1995 23:00,253.8751122
17/03/1995 00:00,254.0192655
17/03/1995 01:00,253.5020139
17/03/1995 02:00,252.9869266
17/03/1995 03:00,255.1572058
17/03/1995 04:00,258.5422321
17/03/1995 05:00,261.1887034
17/03/1995 06:00,255.164295
17/03/1995 07:00,236.3046355
17/03/1995 08:00,212.5922343
17/03/1995 09:00,192.6841074
17/03/1995 10:00,179.2802178
17/03/1995 11:00,176.1619459
17/03/1995 12:00,168.7976538
17/03/1995 13:00,159.8838456
17/03/1995 14:00,157.0249355
17/03/1995 15:00,158.3872242
17/03/1995 16:00,162.5138538
17/03/1995 17:00,165.1171001
17/03/1995 18:00,164.0129445
17/03/1995 19:00,154.6283863
17/03/1995 20:00,152.0620426
17/03/1995 21:00,159.9747623
17/03/1995 22:00,168.0228781
17/03/1995 23:00,173.0387861
18/03/1995 00:00,174.6490964
18/03/1995 01:00,174.9094296
18/03/1995 02:00,173.0491458
18/03/1995 03:00,171.2373828
18/03/1995 04:00,176.9909919
18/03/1995 05:00,183.1036531
18/03/1995 06:00,187.0475935
18/03/1995 07:00,188.8378771
18/03/1995 08:00,189.7795878
18/03/1995 09:00,190.7556206
18/03/1995 10:00,187.5587302
18/03/1995 11:00,185.3338612
18/03/1995 12:00,183.584403
18/03/1995 13:00,180.251846
18/03/1995 14:00,178.0426267
18/03/1995 15:00,176.1974414
18/03/1995 16:00,176.7179542
18/03/1995 17:00,175.7269781
18/03/1995 18:00,172.62743
18/03/1995 19:00,169.1404754
18/03/1995 20:00,165.403648
18/03/1995 21:00,160.6990643
18/03/1995 22:00,158.4820711
18/03/1995 23:00,156.7416074
19/03/1995 00:00,148.3983445
19/03/1995 01:00,147.6356215
19/03/1995 02:00,145.7835104
19/03/1995 03:00,154.1441886
19/03/1995 04:00,160.7225885
19/03/1995 05:00,165.3726724
19/03/1995 06:00,163.4100235
19/03/1995 07:00,155.3465681
19/03/1995 08:00,141.7616449
19/03/1995 09:00,146.640534
19/03/1995 10:00,136.6818982
19/03/1995 11:00,121.8490465
19/03/1995 12:00,111.2261968
19/03/1995 13:00,112.9115023
19/03/1995 14:00,132.5622159
19/03/1995 15:00,143.7097989
19/03/1995 16:00,163.1995514
19/03/1995 17:00,182.4712654
19/03/1995 18:00,202.3884558
19/03/1995 19:00,218.7052501
19/03/1995 20:00,232.4979079
19/03/1995 21:00,245.8575602
19/03/1995 22:00,251.3480301
19/03/1995 23:00,253.2318771
20/03/1995 00:00,252.0092023
20/03/1995 01:00,250.9438542
20/03/1995 02:00,249.9788515
20/03/1995 03:00,250.4510814
20/03/1995 04:00,253.0794427
20/03/1995 05:00,254.2276849
20/03/1995 06:00,256.2578896
20/03/1995 07:00,255.6834137
20/03/1995 08:00,252.8975393
20/03/1995 09:00,246.1254472
20/03/1995 10:00,241.9972573
20/03/1995 11:00,235.1383486
20/03/1995 12:00,227.8139567
20/03/1995 13:00,223.022236
20/03/1995 14:00,219.2878397
20/03/1995 15:00,225.2486692
20/03/1995 16:00,234.7557683
20/03/1995 17:00,244.1633149
20/03/1995 18:00,248.6151838
20/03/1995 19:00,253.308492
20/03/1995 20:00,254.7200295
20/03/1995 21:00,255.3280516
20/03/1995 22:00,258.0229725
20/03/1995 23:00,259.7259338
21/03/1995 00:00,262.8605816
21/03/1995 01:00,268.6030841
21/03/1995 02:00,271.6685923
21/03/1995 03:00,273.2939413
21/03/1995 04:00,275.4437054
21/03/1995 05:00,276.7594174
21/03/1995 06:00,276.2851555
21/03/1995 07:00,266.9979007
21/03/1995 08:00,258.4126766
21/03/1995 09:00,250.8923644
21/03/1995 10:00,246.1553728
21/03/1995 11:00,242.0722692
21/03/1995 12:00,236.8924567
21/03/1995 13:00,232.7216954
21/03/1995 14:00,233.7876711
21/03/1995 15:00,240.7453795
21/03/1995 16:00,242.0135142
21/03/1995 17:00,245.5394746
21/03/1995 18:00,252.7371586
21/03/1995 19:00,256.3927354
21/03/1995 20:00,258.6827254
21/03/1995 21:00,261.1409521
21/03/1995 22:00,263.3928967
21/03/1995 23:00,268.5460977
22/03/1995 00:00,271.5856145
22/03/1995 01:00,275.6719804
22/03/1995 02:00,279.6040936
22/03/1995 03:00,280.5105552
22/03/1995 04:00,282.0429935
22/03/1995 05:00,285.1306891
22/03/1995 06:00,284.7994236
22/03/1995 07:00,278.9724021
22/03/1995 08:00,263.7763061
22/03/1995 09:00,246.4653434
22/03/1995 10:00,228.1565977
22/03/1995 11:00,213.1287638
22/03/1995 12:00,200.9530331
22/03/1995 13:00,192.2153558
22/03/1995 14:00,187.248425
22/03/1995 15:00,187.4309846
22/03/1995 16:00,193.4773568
22/03/1995 17:00,207.3375942
22/03/1995 18:00,224.3815797
22/03/1995 19:00,237.9602897
22/03/1995 20:00,248.8448153
22/03/1995 21:00,256.3560545
22/03/1995 22:00,262.8243118
22/03/1995 23:00,268.9781687
23/03/1995 00:00,275.4210575
23/03/1995 01:00,279.403275
23/03/1995 02:00,282.8193448
23/03/1995 03:00,286.2285527
23/03/1995 04:00,288.0235344
23/03/1995 05:00,289.3783788
23/03/1995 06:00,283.392323
23/03/1995 07:00,263.8566155
23/03/1995 08:00,239.4209626
23/03/1995 09:00,214.705278
23/03/1995 10:00,190.3753703
23/03/1995 11:00,171.3903022
23/03/1995 12:00,151.7797959
23/03/1995 13:00,129.4250197
23/03/1995 14:00,111.0756065
23/03/1995 15:00,102.621722
23/03/1995 16:00,110.7565949
23/03/1995 17:00,137.7690155
23/03/1995 18:00,171.0686374
23/03/1995 19:00,189.1000681
23/03/1995 20:00,202.5435568
23/03/1995 21:00,213.2197315
23/03/1995 22:00,220.1838715
23/03/1995 23:00,229.3191913
24/03/1995 00:00,236.6323668
24/03/1995 01:00,241.3782547
24/03/1995 02:00,246.5053839
24/03/1995 03:00,251.0793063
24/03/1995 04:00,255.022262
24/03/1995 05:00,257.3805666
24/03/1995 06:00,250.2657233
24/03/1995 07:00,226.4326121
24/03/1995 08:00,196.1865548
24/03/1995 09:00,162.6915162
24/03/1995 10:00,125.6637843
24/03/1995 11:00,85.23814893
24/03/1995 12:00,44.72848883
24/03/1995 13:00,22.54779885
24/03/1995 14:00,14.39257813
24/03/1995 15:00,17.5053179
24/03/1995 16:00,23.77472528
24/03/1995 17:00,50.28138331
24/03/1995 18:00,97.35920611
24/03/1995 19:00,130.7637961
24/03/1995 20:00,155.3662743
24/03/1995 21:00,170.0047808
24/03/1995 22:00,183.3163082
24/03/1995 23:00,190.6885882
25/03/1995 00:00,199.0912006
25/03/1995 01:00,205.300276
25/03/1995 02:00,209.5468301
25/03/1995 03:00,212.6484178
25/03/1995 04:00,215.205632
25/03/1995 05:00,216.8739358
25/03/1995 06:00,210.1826476
25/03/1995 07:00,181.8007568
25/03/1995 08:00,153.258981
25/03/1995 09:00,124.9628706
25/03/1995 10:00,99.32038098
25/03/1995 11:00,88.9083978
25/03/1995 12:00,79.30221275
25/03/1995 13:00,69.63821039
25/03/1995 14:00,85.3384529
25/03/1995 15:00,94.20958065
25/03/1995 16:00,120.7100812
25/03/1995 17:00,144.5139885
25/03/1995 18:00,155.4348104
25/03/1995 19:00,161.7260821
25/03/1995 20:00,166.0551887
25/03/1995 21:00,169.563367
25/03/1995 22:00,173.0625594
25/03/1995 23:00,175.9153924
26/03/1995 00:00,177.1500524
26/03/1995 01:00,180.8319922
26/03/1995 02:00,181.811593
26/03/1995 03:00,182.3686844
26/03/1995 04:00,182.8841261
26/03/1995 05:00,183.2342311
26/03/1995 06:00,182.6787281
26/03/1995 07:00,178.2228428
26/03/1995 08:00,170.152863
26/03/1995 09:00,160.9168941
26/03/1995 10:00,152.6839433
26/03/1995 11:00,143.7868194
26/03/1995 12:00,129.5556069
26/03/1995 13:00,110.4769744
26/03/1995 14:00,102.8029911
26/03/1995 15:00,108.2817828
26/03/1995 16:00,114.8746216
26/03/1995 17:00,134.4409456
26/03/1995 18:00,143.6188283
26/03/1995 19:00,148.7350309
26/03/1995 20:00,152.9379533
26/03/1995 21:00,154.9209
26/03/1995 22:00,161.977057
26/03/1995 23:00,168.470643
27/03/1995 00:00,175.2949811
27/03/1995 01:00,181.3947534
27/03/1995 02:00,185.1637587
27/03/1995 03:00,187.8525095
27/03/1995 04:00,189.2218723
27/03/1995 05:00,189.8714335
27/03/1995 06:00,190.7106684
27/03/1995 07:00,187.926443
27/03/1995 08:00,182.9216591
27/03/1995 09:00,179.2144071
27/03/1995 10:00,177.2407185
27/03/1995 11:00,178.5629452
27/03/1995 12:00,181.6278004
27/03/1995 13:00,185.5775394
27/03/1995 14:00,193.3859089
27/03/1995 15:00,213.3281133
27/03/1995 16:00,240.9084834
27/03/1995 17:00,252.123526
27/03/1995 18:00,255.7794155
27/03/1995 19:00,259.3561256
27/03/1995 20:00,266.9380549
27/03/1995 21:00,271.7185207
27/03/1995 22:00,275.9784595
27/03/1995 23:00,282.4112725
28/03/1995 00:00,289.4555059
28/03/1995 01:00,294.5992124
28/03/1995 02:00,299.7811963
28/03/1995 03:00,304.4495923
28/03/1995 04:00,307.246761
28/03/1995 05:00,310.7504738
28/03/1995 06:00,308.287731
28/03/1995 07:00,294.8753169
28/03/1995 08:00,280.9762347
28/03/1995 09:00,269.1469832
28/03/1995 10:00,258.919783
28/03/1995 11:00,248.6670758
28/03/1995 12:00,241.1975857
28/03/1995 13:00,236.6600172
28/03/1995 14:00,233.8231264
28/03/1995 15:00,235.08577
28/03/1995 16:00,241.3353273
28/03/1995 17:00,245.584108
28/03/1995 18:00,249.1816372
28/03/1995 19:00,251.3031125
28/03/1995 20:00,260.1574512
28/03/1995 21:00,263.491057
28/03/1995 22:00,259.9877789
28/03/1995 23:00,255.3387067
29/03/1995 00:00,248.7756748
29/03/1995 01:00,243.6915054
29/03/1995 02:00,237.1149123
29/03/1995 03:00,233.3031451
29/03/1995 04:00,233.7035659
29/03/1995 05:00,235.0386487
29/03/1995 06:00,237.1449893
29/03/1995 07:00,242.0727552
29/03/1995 08:00,246.0745089
29/03/1995 09:00,250.8259828
29/03/1995 10:00,252.7189558
29/03/1995 11:00,254.1836987
29/03/1995 12:00,247.3505136
29/03/1995 13:00,240.351862
29/03/1995 14:00,243.0573755
29/03/1995 15:00,247.5427658
29/03/1995 16:00,250.6945244
29/03/1995 17:00,256.119091
29/03/1995 18:00,263.639768
29/03/1995 19:00,272.5821524
29/03/1995 20:00,275.5438326
29/03/1995 21:00,277.0697082
29/03/1995 22:00,276.7951534
29/03/1995 23:00,282.6405368
30/03/1995 00:00,282.9837757
30/03/1995 01:00,284.1910077
30/03/1995 02:00,286.4525094
30/03/1995 03:00,288.9743017
30/03/1995 04:00,292.0127214
30/03/1995 05:00,296.236038
30/03/1995 06:00,295.0956486
30/03/1995 07:00,287.2972231
30/03/1995 08:00,275.4596329
30/03/1995 09:00,263.2032229
30/03/1995 10:00,256.8439858
30/03/1995 11:00,246.4462114
30/03/1995 12:00,237.592526
30/03/1995 13:00,233.4069197
30/03/1995 14:00,227.676894
30/03/1995 15:00,228.5860512
30/03/1995 16:00,230.9512092
30/03/1995 17:00,240.6079365
30/03/1995 18:00,254.2156397
30/03/1995 19:00,266.404625
30/03/1995 20:00,273.6387621
30/03/1995 21:00,279.8303933
30/03/1995 22:00,287.1852893
30/03/1995 23:00,293.3407898
31/03/1995 00:00,298.5883378
31/03/1995 01:00,303.8725392
31/03/1995 02:00,308.447216
31/03/1995 03:00,313.4352487
31/03/1995 04:00,316.4988684
31/03/1995 05:00,318.4707219
31/03/1995 06:00,310.3814737
31/03/1995 07:00,291.2160171
31/03/1995 08:00,273.066759
31/03/1995 09:00,252.4051894
31/03/1995 10:00,236.621305
31/03/1995 11:00,224.9989881
31/03/1995 12:00,217.264602
31/03/1995 13:00,211.6892564
31/03/1995 14:00,210.1143421
31/03/1995 15:00,213.2393575
31/03/1995 16:00,219.8679402
31/03/1995 17:00,229.6581188
31/03/1995 18:00,240.807998
31/03/1995 19:00,246.4907603
31/03/1995 20:00,247.0916845
31/03/1995 21:00,246.4454238
31/03/1995 22:00,246.3331906
31/03/1995 23:00,246.9634361
01/04/1995 00:00,246.9857143
01/04/1995 01:00,249.2355359
01/04/1995 02:00,249.6748718
01/04/1995 03:00,249.3163046
01/04/1995 04:00,248.0728113
01/04/1995 05:00,246.6824491
01/04/1995 06:00,243.5481898
01/04/1995 07:00,238.0377736
01/04/1995 08:00,231.9010112
01/04/1995 09:00,224.2848478
01/04/1995 10:00,218.1133912
01/04/1995 11:00,211.1411647
01/04/1995 12:00,200.0373924
01/04/1995 13:00,191.7023507
01/04/1995 14:00,183.5698936
01/04/1995 15:00,180.4367245
01/04/1995 16:00,180.462516
01/04/1995 17:00,182.9649008
01/04/1995 18:00,184.7096992
01/04/1995 19:00,184.484828
01/04/1995 20:00,182.9326797
01/04/1995 21:00,185.0182213
01/04/1995 22:00,185.2764956
01/04/1995 23:00,184.8299651
02/04/1995 00:00,171.5064937
02/04/1995 01:00,170.4310993
02/04/1995 02:00,169.2467774
02/04/1995 03:00,171.3336828
02/04/1995 04:00,171.8892773
02/04/1995 05:00,173.2449319
02/04/1995 06:00,170.7139945
02/04/1995 07:00,162.6607697
02/04/1995 08:00,148.5695215
02/04/1995 09:00,126.4256876
02/04/1995 10:00,89.09850825
02/04/1995 11:00,53.3195245
02/04/1995 12:00,32.77876001
02/04/1995 13:00,21.53184458
02/04/1995 14:00,15.59397508
02/04/1995 15:00,16.1762846
02/04/1995 16:00,19.68297981
02/04/1995 17:00,41.55395527
02/04/1995 18:00,85.34393687
02/04/1995 19:00,121.9284418
02/04/1995 20:00,138.0967377
02/04/1995 21:00,151.6160705
02/04/1995 22:00,159.7125444
02/04/1995 23:00,168.5273485
03/04/1995 00:00,159.3640933
03/04/1995 01:00,165.4597505
03/04/1995 02:00,171.1651774
03/04/1995 03:00,175.4177865
03/04/1995 04:00,178.9167524
03/04/1995 05:00,181.6448909
03/04/1995 06:00,174.4095811
03/04/1995 07:00,152.2463633
03/04/1995 08:00,127.6830837
03/04/1995 09:00,91.53015639
03/04/1995 10:00,46.48891013
03/04/1995 11:00,15.13799847
03/04/1995 12:00,2.302532366
03/04/1995 13:00,2.117279536
03/04/1995 14:00,1.384850521
03/04/1995 15:00,2.017741435
03/04/1995 16:00,3.581756524
03/04/1995 17:00,8.372857359
03/04/1995 18:00,30.49105686
03/04/1995 19:00,53.56667404
03/04/1995 20:00,83.19287441
03/04/1995 21:00,104.9428432
03/04/1995 22:00,110.9505745
03/04/1995 23:00,117.2639917
04/04/1995 00:00,87.26771851
04/04/1995 01:00,91.81933161
04/04/1995 02:00,93.32913841
04/04/1995 03:00,96.25836214
04/04/1995 04:00,100.540517
04/04/1995 05:00,100.9030008
04/04/1995 06:00,95.95907727
04/04/1995 07:00,78.87780746
04/04/1995 08:00,57.98409093
04/04/1995 09:00,21.49474856
04/04/1995 10:00,11.86894052
04/04/1995 11:00,3.4691062
04/04/1995 12:00,1.519546943
04/04/1995 13:00,1.425722928
04/04/1995 14:00,1.553157855
04/04/1995 15:00,1.653885146
04/04/1995 16:00,2.231913441
04/04/1995 17:00,7.041763855
04/04/1995 18:00,15.28084102
04/04/1995 19:00,30.33036079
04/04/1995 20:00,55.58406437
04/04/1995 21:00,65.88835998
04/04/1995 22:00,77.08656791
04/04/1995 23:00,82.49928474
05/04/1995 00:00,89.01971558
05/04/1995 01:00,92.70123203
05/04/1995 02:00,97.16483566
05/04/1995 03:00,100.4938889
05/04/1995 04:00,103.6780805
05/04/1995 05:00,104.8481505
05/04/1995 06:00,98.75460258
05/04/1995 07:00,84.63090846
05/04/1995 08:00,71.11844785
05/04/1995 09:00,49.60444457
05/04/1995 10:00,9.48238627
05/04/1995 11:00,4.923563509
05/04/1995 12:00,2.281309028
05/04/1995 13:00,2.171108336
05/04/1995 14:00,1.58591187
05/04/1995 15:00,2.596624723
05/04/1995 16:00,3.308147594
05/04/1995 17:00,5.633562603
05/04/1995 18:00,14.6949242
05/04/1995 19:00,28.49495564
05/04/1995 20:00,51.46146282
05/04/1995 21:00,60.77206712
05/04/1995 22:00,70.9229291
05/04/1995 23:00,75.73859687
06/04/1995 00:00,87.33732204
06/04/1995 01:00,94.59840234
06/04/1995 02:00,98.29609833
06/04/1995 03:00,97.90963591
06/04/1995 04:00,98.18523216
06/04/1995 05:00,98.51799163
06/04/1995 06:00,94.91392938
06/04/1995 07:00,87.78525727
06/04/1995 08:00,79.23301597
06/04/1995 09:00,65.29266309
06/04/1995 10:00,31.51081264
06/04/1995 11:00,24.76616303
06/04/1995 12:00,15.12270567
06/04/1995 13:00,11.07416404
06/04/1995 14:00,10.26306623
06/04/1995 15:00,11.26153853
06/04/1995 16:00,14.84381468
06/04/1995 17:00,19.53751251
06/04/1995 18:00,45.38381697
06/04/1995 19:00,68.1217805
06/04/1995 20:00,77.22484664
06/04/1995 21:00,88.0626382
06/04/1995 22:00,93.92857808
06/04/1995 23:00,99.37796475
07/04/1995 00:00,113.3297263
07/04/1995 01:00,118.1954991
07/04/1995 02:00,120.9216803
07/04/1995 03:00,124.3970771
07/04/1995 04:00,129.0043675
07/04/1995 05:00,131.7268489
07/04/1995 06:00,127.4987772
07/04/1995 07:00,114.2445901
07/04/1995 08:00,101.7805707
07/04/1995 09:00,87.03026868
07/04/1995 10:00,71.78279483
07/04/1995 11:00,54.8941503
07/04/1995 12:00,46.07908654
07/04/1995 13:00,38.73484027
07/04/1995 14:00,18.16580374
07/04/1995 15:00,15.7240269
07/04/1995 16:00,19.14995406
07/04/1995 17:00,41.55715552
07/04/1995 18:00,58.34451064
07/04/1995 19:00,76.27498275
07/04/1995 20:00,82.01981163
07/04/1995 21:00,84.95692879
07/04/1995 22:00,91.10290005
07/04/1995 23:00,94.85613937
08/04/1995 00:00,108.4574902
08/04/1995 01:00,114.9331038
08/04/1995 02:00,130.884258
08/04/1995 03:00,144.9980067
08/04/1995 04:00,150.6175932
08/04/1995 05:00,156.8724743
08/04/1995 06:00,160.6700053
08/04/1995 07:00,161.2978998
08/04/1995 08:00,158.8671919
08/04/1995 09:00,151.987472
08/04/1995 10:00,146.1432082
08/04/1995 11:00,140.5182795
08/04/1995 12:00,130.3262331
08/04/1995 13:00,130.2950772
08/04/1995 14:00,128.9728242
08/04/1995 15:00,129.9191933
08/04/1995 16:00,138.6111646
08/04/1995 17:00,151.3287378
08/04/1995 18:00,172.394368
08/04/1995 19:00,185.0351581
08/04/1995 20:00,194.1916497
08/04/1995 21:00,202.0011652
08/04/1995 22:00,208.7326593
08/04/1995 23:00,209.7998378
09/04/1995 00:00,215.1795067
09/04/1995 01:00,220.258027
09/04/1995 02:00,224.0505296
09/04/1995 03:00,231.108113
09/04/1995 04:00,236.9364751
09/04/1995 05:00,241.7096531
09/04/1995 06:00,237.6588456
09/04/1995 07:00,223.4700233
09/04/1995 08:00,208.6995836
09/04/1995 09:00,197.7435572
09/04/1995 10:00,185.3956583
09/04/1995 11:00,174.3638527
09/04/1995 12:00,163.7413088
09/04/1995 13:00,158.0196757
09/04/1995 14:00,151.2427265
09/04/1995 15:00,148.7632244
09/04/1995 16:00,154.7991337
09/04/1995 17:00,165.6787142
09/04/1995 18:00,183.8787025
09/04/1995 19:00,199.2235471
09/04/1995 20:00,210.0312213
09/04/1995 21:00,222.279834
09/04/1995 22:00,232.5490493
09/04/1995 23:00,240.1249643
10/04/1995 00:00,247.2224235
10/04/1995 01:00,249.0479233
10/04/1995 02:00,247.7321981
10/04/1995 03:00,247.9346055
10/04/1995 04:00,249.6826468
10/04/1995 05:00,248.5304416
10/04/1995 06:00,238.2384126
10/04/1995 07:00,224.419951
10/04/1995 08:00,209.9988082
10/04/1995 09:00,195.7740118
10/04/1995 10:00,181.937095
10/04/1995 11:00,175.4674612
10/04/1995 12:00,171.609812
10/04/1995 13:00,172.3532555
10/04/1995 14:00,169.2432058
10/04/1995 15:00,165.0448236
10/04/1995 16:00,165.680978
10/04/1995 17:00,169.9779126
10/04/1995 18:00,176.8054279
10/04/1995 19:00,182.3960076
10/04/1995 20:00,188.6375409
10/04/1995 21:00,195.975762
10/04/1995 22:00,203.1976368
10/04/1995 23:00,210.1768095
11/04/1995 00:00,213.6980959
11/04/1995 01:00,218.0714226
11/04/1995 02:00,223.3986849
11/04/1995 03:00,229.3682283
11/04/1995 04:00,234.7941308
11/04/1995 05:00,235.3182253
11/04/1995 06:00,222.8796271
11/04/1995 07:00,204.0200589
11/04/1995 08:00,184.0531178
11/04/1995 09:00,163.4342421
11/04/1995 10:00,138.4004763
11/04/1995 11:00,113.642372
11/04/1995 12:00,92.06780728
11/04/1995 13:00,82.13724504
11/04/1995 14:00,69.24650799
11/04/1995 15:00,87.28431437
11/04/1995 16:00,94.3629831
11/04/1995 17:00,115.7394265
11/04/1995 18:00,136.5388241
11/04/1995 19:00,155.8118019
11/04/1995 20:00,167.5770002
11/04/1995 21:00,178.6912802
11/04/1995 22:00,185.3114397
11/04/1995 23:00,192.3560002
12/04/1995 00:00,193.6534349
12/04/1995 01:00,199.0917531
12/04/1995 02:00,204.8183278
12/04/1995 03:00,208.113489
12/04/1995 04:00,213.5000803
12/04/1995 05:00,215.2197192
12/04/1995 06:00,202.3122028
12/04/1995 07:00,181.6253519
12/04/1995 08:00,159.1259356
12/04/1995 09:00,137.6828793
12/04/1995 10:00,97.5770723
12/04/1995 11:00,80.41340643
12/04/1995 12:00,67.66007835
12/04/1995 13:00,59.04667187
12/04/1995 14:00,46.30564865
12/04/1995 15:00,47.36248609
12/04/1995 16:00,66.95028435
12/04/1995 17:00,80.1903958
12/04/1995 18:00,103.0500558
12/04/1995 19:00,126.0227909
12/04/1995 20:00,153.9635964
12/04/1995 21:00,165.5616835
12/04/1995 22:00,172.6476928
12/04/1995 23:00,180.8223906
13/04/1995 00:00,191.3730834
13/04/1995 01:00,196.0974455
13/04/1995 02:00,199.4334827
13/04/1995 03:00,201.9844299
13/04/1995 04:00,203.7225184
13/04/1995 05:00,203.4951137
13/04/1995 06:00,200.4191594
13/04/1995 07:00,195.0404682
13/04/1995 08:00,185.3463601
13/04/1995 09:00,175.365337
13/04/1995 10:00,162.2405073
13/04/1995 11:00,149.8238578
13/04/1995 12:00,144.3438294
13/04/1995 13:00,143.4704369
13/04/1995 14:00,141.1128458
13/04/1995 15:00,146.535013
13/04/1995 16:00,154.6095194
13/04/1995 17:00,163.2962459
13/04/1995 18:00,171.8728946
13/04/1995 19:00,181.2032404
13/04/1995 20:00,187.7820284
13/04/1995 21:00,190.2816285
13/04/1995 22:00,197.0830822
13/04/1995 23:00,205.9720053
14/04/1995 00:00,218.6758989
14/04/1995 01:00,229.0107843
14/04/1995 02:00,237.9682027
14/04/1995 03:00,244.5541049
14/04/1995 04:00,249.9482275
14/04/1995 05:00,253.3056169
14/04/1995 06:00,240.2632198
14/04/1995 07:00,222.386089
14/04/1995 08:00,207.5532514
14/04/1995 09:00,194.8137437
14/04/1995 10:00,182.9101255
14/04/1995 11:00,171.6346885
14/04/1995 12:00,164.3518939
14/04/1995 13:00,158.2573054
14/04/1995 14:00,155.3005053
14/04/1995 15:00,159.6956673
14/04/1995 16:00,169.7639715
14/04/1995 17:00,182.3862162
14/04/1995 18:00,194.4987979
14/04/1995 19:00,202.4680077
14/04/1995 20:00,209.6780827
14/04/1995 21:00,215.3627167
14/04/1995 22:00,220.7735804
14/04/1995 23:00,224.6383344
15/04/1995 00:00,229.3622879
15/04/1995 01:00,234.3159621
15/04/1995 02:00,240.4732689
15/04/1995 03:00,245.4600049
15/04/1995 04:00,249.9893544
15/04/1995 05:00,251.8178464
15/04/1995 06:00,242.6493659
15/04/1995 07:00,228.0625036
15/04/1995 08:00,211.5232344
15/04/1995 09:00,195.6388529
15/04/1995 10:00,181.5833155
15/04/1995 11:00,169.5138953
15/04/1995 12:00,159.8810263
15/04/1995 13:00,151.3221747
15/04/1995 14:00,138.1252499
15/04/1995 15:00,141.2163221
15/04/1995 16:00,145.3400183
15/04/1995 17:00,158.9456587
15/04/1995 18:00,169.4188364
15/04/1995 19:00,180.0209786
15/04/1995 20:00,184.2825234
15/04/1995 21:00,188.9925493
15/04/1995 22:00,193.1785912
15/04/1995 23:00,199.3799884
16/04/1995 00:00,204.9574365
16/04/1995 01:00,210.9499533
16/04/1995 02:00,211.7415487
16/04/1995 03:00,210.1142253
16/04/1995 04:00,212.1937498
16/04/1995 05:00,213.0192779
16/04/1995 06:00,210.7348417
16/04/1995 07:00,208.1542445
16/04/1995 08:00,204.2959745
16/04/1995 09:00,200.2895972
16/04/1995 10:00,195.2683277
16/04/1995 11:00,193.3330276
16/04/1995 12:00,189.8215839
16/04/1995 13:00,191.0745652
16/04/1995 14:00,188.8976349
16/04/1995 15:00,184.8912314
16/04/1995 16:00,184.7570042
16/04/1995 17:00,190.9340355
16/04/1995 18:00,198.7528136
16/04/1995 19:00,203.0124942
16/04/1995 20:00,206.6218516
16/04/1995 21:00,208.8464463
16/04/1995 22:00,211.2461005
16/04/1995 23:00,214.5776724
17/04/1995 00:00,215.6291079
17/04/1995 01:00,217.0738253
17/04/1995 02:00,218.4156006
17/04/1995 03:00,220.0564798
17/04/1995 04:00,221.1964489
17/04/1995 05:00,220.3766101
17/04/1995 06:00,214.1337641
17/04/1995 07:00,204.0228507
17/04/1995 08:00,193.6072753
17/04/1995 09:00,181.5536598
17/04/1995 10:00,173.5044384
17/04/1995 11:00,162.2544055
17/04/1995 12:00,152.9829204
17/04/1995 13:00,144.6447264
17/04/1995 14:00,137.8877421
17/04/1995 15:00,135.1039757
17/04/1995 16:00,138.8538673
17/04/1995 17:00,142.6963884
17/04/1995 18:00,152.5374723
17/04/1995 19:00,158.3035635
17/04/1995 20:00,161.2787506
17/04/1995 21:00,158.959132
17/04/1995 22:00,157.0021222
17/04/1995 23:00,158.3347786
18/04/1995 00:00,151.3416467
18/04/1995 01:00,151.7164738
18/04/1995 02:00,153.4889486
18/04/1995 03:00,154.3963217
18/04/1995 04:00,153.4864059
18/04/1995 05:00,152.7657809
18/04/1995 06:00,149.0699638
18/04/1995 07:00,143.9264366
18/04/1995 08:00,135.4012715
18/04/1995 09:00,122.6883501
18/04/1995 10:00,105.5943448
18/04/1995 11:00,92.47592212
18/04/1995 12:00,77.26564678
18/04/1995 13:00,63.55500631
18/04/1995 14:00,63.34543294
18/04/1995 15:00,61.50021342
18/04/1995 16:00,65.65017546
18/04/1995 17:00,78.77071439
18/04/1995 18:00,94.56330344
18/04/1995 19:00,122.4333337
18/04/1995 20:00,137.9495058
18/04/1995 21:00,146.4219542
18/04/1995 22:00,154.7417009
18/04/1995 23:00,159.8479034
19/04/1995 00:00,174.4874674
19/04/1995 01:00,180.8099708
19/04/1995 02:00,181.8865545
19/04/1995 03:00,183.1821834
19/04/1995 04:00,184.1195152
19/04/1995 05:00,183.6301474
19/04/1995 06:00,170.276842
19/04/1995 07:00,145.2159954
19/04/1995 08:00,120.7939148
19/04/1995 09:00,86.40048298
19/04/1995 10:00,78.6718585
19/04/1995 11:00,79.28909356
19/04/1995 12:00,96.14486231
19/04/1995 13:00,107.5287118
19/04/1995 14:00,114.5259736
19/04/1995 15:00,123.9043345
19/04/1995 16:00,138.7375121
19/04/1995 17:00,147.7917181
19/04/1995 18:00,162.1104281
19/04/1995 19:00,173.5387278
19/04/1995 20:00,187.2835482
19/04/1995 21:00,200.644765
19/04/1995 22:00,211.5663018
19/04/1995 23:00,221.2290349
20/04/1995 00:00,227.9567572
20/04/1995 01:00,232.1789885
20/04/1995 02:00,233.8084342
20/04/1995 03:00,235.3258901
20/04/1995 04:00,238.2484757
20/04/1995 05:00,239.5476401
20/04/1995 06:00,239.084098
20/04/1995 07:00,237.5213505
20/04/1995 08:00,233.2996713
20/04/1995 09:00,227.5642232
20/04/1995 10:00,222.2830137
20/04/1995 11:00,214.7126742
20/04/1995 12:00,207.9502728
20/04/1995 13:00,204.2166097
20/04/1995 14:00,204.0561697
20/04/1995 15:00,204.6673592
20/04/1995 16:00,206.7439692
20/04/1995 17:00,209.4454737
20/04/1995 18:00,214.0830326
20/04/1995 19:00,218.3632218
20/04/1995 20:00,220.4872941
20/04/1995 21:00,221.2902716
20/04/1995 22:00,223.7699805
20/04/1995 23:00,224.4433551
21/04/1995 00:00,224.6507248
21/04/1995 01:00,224.6323358
21/04/1995 02:00,225.1410847
21/04/1995 03:00,225.668606
21/04/1995 04:00,224.4885521
21/04/1995 05:00,222.3815665
21/04/1995 06:00,216.4341911
21/04/1995 07:00,207.4034339
21/04/1995 08:00,193.1554778
21/04/1995 09:00,180.5772553
21/04/1995 10:00,164.8457509
21/04/1995 11:00,147.1366644
21/04/1995 12:00,120.7997024
21/04/1995 13:00,91.2925751
21/04/1995 14:00,79.88790782
21/04/1995 15:00,69.1454958
21/04/1995 16:00,69.47668594
21/04/1995 17:00,74.16685722
21/04/1995 18:00,97.32568736
21/04/1995 19:00,119.4301679
21/04/1995 20:00,127.7854479
21/04/1995 21:00,135.2453354
21/04/1995 22:00,145.2172078
21/04/1995 23:00,153.3422265
22/04/1995 00:00,159.0036884
22/04/1995 01:00,163.3764654
22/04/1995 02:00,162.7617094
22/04/1995 03:00,165.0585536
22/04/1995 04:00,165.8395306
22/04/1995 05:00,161.3006038
22/04/1995 06:00,151.9674343
22/04/1995 07:00,138.9985897
22/04/1995 08:00,116.7757672
22/04/1995 09:00,104.6697497
22/04/1995 10:00,102.2695972
22/04/1995 11:00,102.2228049
22/04/1995 12:00,109.0560129
22/04/1995 13:00,112.8956357
22/04/1995 14:00,115.2818451
22/04/1995 15:00,120.2750306
22/04/1995 16:00,127.2915343
22/04/1995 17:00,140.1178615
22/04/1995 18:00,154.7895408
22/04/1995 19:00,160.7140696
22/04/1995 20:00,163.2049553
22/04/1995 21:00,164.4952284
22/04/1995 22:00,167.6981163
22/04/1995 23:00,171.2963758
23/04/1995 00:00,155.4709881
23/04/1995 01:00,161.0108125
23/04/1995 02:00,163.2754174
23/04/1995 03:00,165.9053799
23/04/1995 04:00,163.5027228
23/04/1995 05:00,157.9920256
23/04/1995 06:00,150.1956457
23/04/1995 07:00,139.8603432
23/04/1995 08:00,126.2162809
23/04/1995 09:00,107.0967543
23/04/1995 10:00,82.46094336
23/04/1995 11:00,63.26945771
23/04/1995 12:00,48.39234887
23/04/1995 13:00,29.24534437
23/04/1995 14:00,21.79690912
23/04/1995 15:00,21.7117912
23/04/1995 16:00,23.79810674
23/04/1995 17:00,37.75903764
23/04/1995 18:00,57.72155636
23/04/1995 19:00,77.94322369
23/04/1995 20:00,89.56246701
23/04/1995 21:00,94.69991953
23/04/1995 22:00,106.8109916
23/04/1995 23:00,118.1767074
24/04/1995 00:00,113.549528
24/04/1995 01:00,117.6266936
24/04/1995 02:00,120.2512026
24/04/1995 03:00,121.813939
24/04/1995 04:00,123.1848528
24/04/1995 05:00,123.2073916
24/04/1995 06:00,117.6340218
24/04/1995 07:00,110.0845235
24/04/1995 08:00,103.3682249
24/04/1995 09:00,91.36579162
24/04/1995 10:00,75.35464742
24/04/1995 11:00,57.21778106
24/04/1995 12:00,47.00021267
24/04/1995 13:00,32.2836765
24/04/1995 14:00,30.68267961
24/04/1995 15:00,31.85678762
24/04/1995 16:00,34.65504993
24/04/1995 17:00,52.49541452
24/04/1995 18:00,65.88337997
24/04/1995 19:00,78.05261768
24/04/1995 20:00,88.13244128
24/04/1995 21:00,99.53072697
24/04/1995 22:00,103.436049
24/04/1995 23:00,108.3504841
25/04/1995 00:00,136.9773543
25/04/1995 01:00,143.9458774
25/04/1995 02:00,144.7788963
25/04/1995 03:00,142.6965621
25/04/1995 04:00,143.6203652
25/04/1995 05:00,145.0500192
25/04/1995 06:00,144.5696484
25/04/1995 07:00,137.5229376
25/04/1995 08:00,133.6313297
25/04/1995 09:00,129.2041012
25/04/1995 10:00,121.8253623
25/04/1995 11:00,120.8128265
25/04/1995 12:00,120.2146434
25/04/1995 13:00,129.1658258
25/04/1995 14:00,139.2928743
25/04/1995 15:00,148.8013734
25/04/1995 16:00,154.8867419
25/04/1995 17:00,158.5451641
25/04/1995 18:00,163.4929936
25/04/1995 19:00,167.4885251
25/04/1995 20:00,170.9363826
25/04/1995 21:00,174.730227
25/04/1995 22:00,178.4458292
25/04/1995 23:00,180.4255244
26/04/1995 00:00,182.0645591
26/04/1995 01:00,183.4871848
26/04/1995 02:00,185.2445423
26/04/1995 03:00,186.410592
26/04/1995 04:00,187.2747155
26/04/1995 05:00,187.4441723
26/04/1995 06:00,186.160419
26/04/1995 07:00,184.3003824
26/04/1995 08:00,181.8001383
26/04/1995 09:00,178.3397406
26/04/1995 10:00,175.2427069
26/04/1995 11:00,172.604815
26/04/1995 12:00,168.5322974
26/04/1995 13:00,165.436762
26/04/1995 14:00,163.6107371
26/04/1995 15:00,164.1031848
26/04/1995 16:00,165.6350774
26/04/1995 17:00,167.8742181
26/04/1995 18:00,170.4473259
26/04/1995 19:00,172.9620429
26/04/1995 20:00,173.8818049
26/04/1995 21:00,174.0971762
26/04/1995 22:00,174.5131829
26/04/1995 23:00,175.6053004
27/04/1995 00:00,176.3350813
27/04/1995 01:00,177.232201
27/04/1995 02:00,177.4144747
27/04/1995 03:00,178.1118456
27/04/1995 04:00,177.4122454
27/04/1995 05:00,175.87524
27/04/1995 06:00,172.470141
27/04/1995 07:00,168.9731815
27/04/1995 08:00,164.3396994
27/04/1995 09:00,157.0118549
27/04/1995 10:00,145.1980278
27/04/1995 11:00,139.9287589
27/04/1995 12:00,132.1121192
27/04/1995 13:00,122.5040179
27/04/1995 14:00,95.52630676
27/04/1995 15:00,87.43072282
27/04/1995 16:00,87.20832027
27/04/1995 17:00,130.356848
27/04/1995 18:00,150.3453924
27/04/1995 19:00,156.3821128
27/04/1995 20:00,158.7663506
27/04/1995 21:00,160.9826692
27/04/1995 22:00,162.9544052
27/04/1995 23:00,165.5278077
28/04/1995 00:00,136.5812768
28/04/1995 01:00,138.6291036
28/04/1995 02:00,139.7646988
28/04/1995 03:00,140.5902201
28/04/1995 04:00,141.1871397
28/04/1995 05:00,138.9175698
28/04/1995 06:00,133.5140039
28/04/1995 07:00,126.0182902
28/04/1995 08:00,115.7640773
28/04/1995 09:00,96.86981166
28/04/1995 10:00,79.57964435
28/04/1995 11:00,46.51700269
28/04/1995 12:00,22.55967878
28/04/1995 13:00,14.72787903
28/04/1995 14:00,9.783266552
28/04/1995 15:00,11.22789854
28/04/1995 16:00,10.74569582
28/04/1995 17:00,14.48318302
28/04/1995 18:00,56.746873
28/04/1995 19:00,79.27625532
28/04/1995 20:00,100.4569062
28/04/1995 21:00,112.780494
28/04/1995 22:00,124.2975262
28/04/1995 23:00,130.4866913
29/04/1995 00:00,118.0485023
29/04/1995 01:00,121.8662633
29/04/1995 02:00,125.018076
29/04/1995 03:00,128.0611229
29/04/1995 04:00,128.5161603
29/04/1995 05:00,125.840826
29/04/1995 06:00,114.6896993
29/04/1995 07:00,97.43029688
29/04/1995 08:00,75.69566107
29/04/1995 09:00,32.5764269
29/04/1995 10:00,14.25696824
29/04/1995 11:00,8.358175949
29/04/1995 12:00,7.194818084
29/04/1995 13:00,19.09358161
29/04/1995 14:00,19.46541735
29/04/1995 15:00,8.735557527
29/04/1995 16:00,11.59302823
29/04/1995 17:00,22.48573508
29/04/1995 18:00,62.11488706
29/04/1995 19:00,83.33011694
29/04/1995 20:00,92.54840424
29/04/1995 21:00,96.84425101
29/04/1995 22:00,100.6552157
29/04/1995 23:00,102.9077863
30/04/1995 00:00,130.1937715
30/04/1995 01:00,131.7256259
30/04/1995 02:00,134.7112081
30/04/1995 03:00,136.3024781
30/04/1995 04:00,137.0873046
30/04/1995 05:00,135.8960367
30/04/1995 06:00,130.475542
30/04/1995 07:00,125.6990139
30/04/1995 08:00,117.7124099
30/04/1995 09:00,107.6555319
30/04/1995 10:00,94.47838674
30/04/1995 11:00,85.32750591
30/04/1995 12:00,73.01695837
30/04/1995 13:00,69.06329807
30/04/1995 14:00,61.11890469
30/04/1995 15:00,65.35205245
30/04/1995 16:00,70.70468473
30/04/1995 17:00,82.14225827
30/04/1995 18:00,95.29410907
30/04/1995 19:00,113.0913417
30/04/1995 20:00,118.7489605
30/04/1995 21:00,126.7204483
30/04/1995 22:00,129.5600183
30/04/1995 23:00,132.1894875
01/05/1995 00:00,104.9510382
01/05/1995 01:00,106.8014976
01/05/1995 02:00,108.6172544
01/05/1995 03:00,109.3427059
01/05/1995 04:00,109.5965313
01/05/1995 05:00,107.4529001
01/05/1995 06:00,102.0804601
01/05/1995 07:00,94.08217735
01/05/1995 08:00,84.33183736
01/05/1995 09:00,71.13979237
01/05/1995 10:00,45.1086473
01/05/1995 11:00,25.20649493
01/05/1995 12:00,11.2230315
01/05/1995 13:00,9.817198411
01/05/1995 14:00,8.655775544
01/05/1995 15:00,7.403363258
01/05/1995 16:00,9.139212942
01/05/1995 17:00,11.2165422
01/05/1995 18:00,22.09195935
01/05/1995 19:00,55.7676935
01/05/1995 20:00,67.52222617
01/05/1995 21:00,84.20371807
01/05/1995 22:00,90.79384281
01/05/1995 23:00,97.18109472
02/05/1995 00:00,103.4523373
02/05/1995 01:00,108.2596407
02/05/1995 02:00,111.3609718
02/05/1995 03:00,111.6663357
02/05/1995 04:00,110.4983026
02/05/1995 05:00,107.621713
02/05/1995 06:00,99.25709521
02/05/1995 07:00,89.19855133
02/05/1995 08:00,82.53203102
02/05/1995 09:00,59.91282717
02/05/1995 10:00,46.7613048
02/05/1995 11:00,26.44340909
02/05/1995 12:00,9.296634887
02/05/1995 13:00,5.257092814
02/05/1995 14:00,4.081628309
02/05/1995 15:00,3.252528215
02/05/1995 16:00,5.557433769
02/05/1995 17:00,7.49576562
02/05/1995 18:00,18.40400553
02/05/1995 19:00,53.00276556
02/05/1995 20:00,68.68570944
02/05/1995 21:00,85.34781732
02/05/1995 22:00,93.72501215
02/05/1995 23:00,99.47024793
03/05/1995 00:00,67.63028868
03/05/1995 01:00,70.2787209
03/05/1995 02:00,73.20683489
03/05/1995 03:00,75.16825443
03/05/1995 04:00,77.09164738
03/05/1995 05:00,73.20805745
03/05/1995 06:00,62.98607354
03/05/1995 07:00,52.51014905
03/05/1995 08:00,41.95309592
03/05/1995 09:00,20.03934277
03/05/1995 10:00,5.096504375
03/05/1995 11:00,1.670150927
03/05/1995 12:00,1.609298006
03/05/1995 13:00,0.875357752
03/05/1995 14:00,0.577617626
03/05/1995 15:00,0.608662811
03/05/1995 16:00,1.157611967
03/05/1995 17:00,2.10029447
03/05/1995 18:00,8.910077391
03/05/1995 19:00,25.88339298
03/05/1995 20:00,40.7976283
03/05/1995 21:00,51.11605845
03/05/1995 22:00,55.95868699
03/05/1995 23:00,59.52645929
04/05/1995 00:00,40.38162144
04/05/1995 01:00,42.43822099
04/05/1995 02:00,43.89088702
04/05/1995 03:00,45.51923988
04/05/1995 04:00,46.52464986
04/05/1995 05:00,44.02645413
04/05/1995 06:00,37.2329771
04/05/1995 07:00,29.86219881
04/05/1995 08:00,17.76117307
04/05/1995 09:00,3.307432295
04/05/1995 10:00,1.294998348
04/05/1995 11:00,0.475324326
04/05/1995 12:00,0.430670357
04/05/1995 13:00,0.43283998
04/05/1995 14:00,0.454773935
04/05/1995 15:00,0.580830553
04/05/1995 16:00,1.036026431
04/05/1995 17:00,1.665577578
04/05/1995 18:00,5.059668356
04/05/1995 19:00,17.63871307
04/05/1995 20:00,28.49424538
04/05/1995 21:00,32.94889419
04/05/1995 22:00,35.39632825
04/05/1995 23:00,37.82507787
05/05/1995 00:00,19.67205028
05/05/1995 01:00,20.64863422
05/05/1995 02:00,21.22855415
05/05/1995 03:00,21.64482876
05/05/1995 04:00,22.03200477
05/05/1995 05:00,20.46225
05/05/1995 06:00,16.59467875
05/05/1995 07:00,12.16483252
05/05/1995 08:00,5.334303968
05/05/1995 09:00,3.70594694
05/05/1995 10:00,2.720197174
05/05/1995 11:00,0.434787292
05/05/1995 12:00,0.236085057
05/05/1995 13:00,0.180606584
05/05/1995 14:00,0.347665883
05/05/1995 15:00,0.398902219
05/05/1995 16:00,0.605610418
05/05/1995 17:00,1.349690331
05/05/1995 18:00,3.950674685
05/05/1995 19:00,12.30026484
05/05/1995 20:00,14.87523357
05/05/1995 21:00,16.40798789
05/05/1995 22:00,17.59506736
05/05/1995 23:00,18.6630514
06/05/1995 00:00,9.736723894
06/05/1995 01:00,10.15864659
06/05/1995 02:00,10.44570998
06/05/1995 03:00,10.63500632
06/05/1995 04:00,10.91758634
06/05/1995 05:00,10.40682415
06/05/1995 06:00,8.62487718
06/05/1995 07:00,6.030926868
06/05/1995 08:00,3.946246414
06/05/1995 09:00,3.165921616
06/05/1995 10:00,2.038391751
06/05/1995 11:00,0.052411698
06/05/1995 12:00,0.048341294
06/05/1995 13:00,0.015130473
06/05/1995 14:00,0.014515042
06/05/1995 15:00,0.046832226
06/05/1995 16:00,0.31822617
06/05/1995 17:00,0.792272661
06/05/1995 18:00,3.673717023
06/05/1995 19:00,6.471046789
06/05/1995 20:00,7.254511601
06/05/1995 21:00,7.916523975
06/05/1995 22:00,8.416857034
06/05/1995 23:00,8.780262633
07/05/1995 00:00,9.084790644
07/05/1995 01:00,9.327861852
07/05/1995 02:00,9.521222903
07/05/1995 03:00,9.785394904
07/05/1995 04:00,9.874558371
07/05/1995 05:00,9.57643925
07/05/1995 06:00,8.45540189
07/05/1995 07:00,5.790427451
07/05/1995 08:00,3.691038965
07/05/1995 09:00,3.088079906
07/05/1995 10:00,2.389153031
07/05/1995 11:00,0.215588984
07/05/1995 12:00,0.057899925
07/05/1995 13:00,0.051679966
07/05/1995 14:00,0.069268142
07/05/1995 15:00,0.275602927
07/05/1995 16:00,1.034404817
07/05/1995 17:00,1.174203743
07/05/1995 18:00,3.933328989
07/05/1995 19:00,6.74037253
07/05/1995 20:00,7.440194685
07/05/1995 21:00,7.777801065
07/05/1995 22:00,8.202852679
07/05/1995 23:00,8.657374122
08/05/1995 00:00,14.65727232
08/05/1995 01:00,15.17412525
08/05/1995 02:00,15.56935349
08/05/1995 03:00,16.12672942
08/05/1995 04:00,16.38358034
08/05/1995 05:00,15.54431585
08/05/1995 06:00,13.59560289
08/05/1995 07:00,11.03435904
08/05/1995 08:00,6.616264373
08/05/1995 09:00,3.521638057
08/05/1995 10:00,3.712571999
08/05/1995 11:00,0.614195321
08/05/1995 12:00,0.220329955
08/05/1995 13:00,0.31578193
08/05/1995 14:00,0.05811631
08/05/1995 15:00,2.790209574
08/05/1995 16:00,2.744347054
08/05/1995 17:00,5.579801197
08/05/1995 18:00,7.030509342
08/05/1995 19:00,8.522809064
08/05/1995 20:00,9.133434865
08/05/1995 21:00,12.41116811
08/05/1995 22:00,12.82626826
08/05/1995 23:00,13.13900689
09/05/1995 00:00,49.56235984
09/05/1995 01:00,50.40804469
09/05/1995 02:00,49.59797098
09/05/1995 03:00,48.60889252
09/05/1995 04:00,50.06365589
09/05/1995 05:00,50.10683989
09/05/1995 06:00,50.70160661
09/05/1995 07:00,47.1402935
09/05/1995 08:00,43.70481701
09/05/1995 09:00,21.43708946
09/05/1995 10:00,18.29023068
09/05/1995 11:00,13.93071882
09/05/1995 12:00,10.75730308
09/05/1995 13:00,7.573054437
09/05/1995 14:00,7.423063875
09/05/1995 15:00,8.214008985
09/05/1995 16:00,11.23612943
09/05/1995 17:00,18.1501051
09/05/1995 18:00,27.58990677
09/05/1995 19:00,50.38637982
09/05/1995 20:00,56.49031045
09/05/1995 21:00,62.16763022
09/05/1995 22:00,68.05590118
09/05/1995 23:00,70.3513854
10/05/1995 00:00,139.8942044
10/05/1995 01:00,146.8365965
10/05/1995 02:00,152.7716318
10/05/1995 03:00,156.7033139
10/05/1995 04:00,157.5429358
10/05/1995 05:00,151.9709285
10/05/1995 06:00,140.2869125
10/05/1995 07:00,128.91121
10/05/1995 08:00,119.4798735
10/05/1995 09:00,96.16006895
10/05/1995 10:00,76.16608945
10/05/1995 11:00,61.14991076
10/05/1995 12:00,35.64575712
10/05/1995 13:00,25.81973144
10/05/1995 14:00,19.96676045
10/05/1995 15:00,25.13108775
10/05/1995 16:00,28.21978601
10/05/1995 17:00,47.92625685
10/05/1995 18:00,62.95867993
10/05/1995 19:00,82.59133468
10/05/1995 20:00,114.9762566
10/05/1995 21:00,126.0533866
10/05/1995 22:00,136.6203683
10/05/1995 23:00,145.3806038
11/05/1995 00:00,150.0940629
11/05/1995 01:00,155.6998724
11/05/1995 02:00,160.3447278
11/05/1995 03:00,162.9784879
11/05/1995 04:00,162.2168031
11/05/1995 05:00,155.2053649
11/05/1995 06:00,144.1794336
11/05/1995 07:00,132.4262429
11/05/1995 08:00,119.4777876
11/05/1995 09:00,92.13960443
11/05/1995 10:00,74.33552721
11/05/1995 11:00,31.84916236
11/05/1995 12:00,23.0974763
11/05/1995 13:00,17.4582393
11/05/1995 14:00,16.05470484
11/05/1995 15:00,22.85186891
11/05/1995 16:00,28.12419364
11/05/1995 17:00,38.24137285
11/05/1995 18:00,58.17950795
11/05/1995 19:00,79.09045557
11/05/1995 20:00,91.67648913
11/05/1995 21:00,102.4483627
11/05/1995 22:00,106.2867078
11/05/1995 23:00,117.5639358
12/05/1995 00:00,100.6555867
12/05/1995 01:00,103.0503242
12/05/1995 02:00,105.9015709
12/05/1995 03:00,107.3712229
12/05/1995 04:00,108.2772438
12/05/1995 05:00,108.9198168
12/05/1995 06:00,107.4017586
12/05/1995 07:00,102.6641159
12/05/1995 08:00,96.31097728
12/05/1995 09:00,88.60306344
12/05/1995 10:00,77.14216785
12/05/1995 11:00,61.22879139
12/05/1995 12:00,32.55996842
12/05/1995 13:00,43.51703262
12/05/1995 14:00,35.57081837
12/05/1995 15:00,57.28812179
12/05/1995 16:00,65.21692307
12/05/1995 17:00,76.80284557
12/05/1995 18:00,84.86698445
12/05/1995 19:00,90.3498528
12/05/1995 20:00,94.50693025
12/05/1995 21:00,97.52142711
12/05/1995 22:00,100.4255624
12/05/1995 23:00,102.8806368
13/05/1995 00:00,144.4970411
13/05/1995 01:00,149.5539341
13/05/1995 02:00,154.4155423
13/05/1995 03:00,158.8079108
13/05/1995 04:00,162.0519441
13/05/1995 05:00,164.0622232
13/05/1995 06:00,167.2726009
13/05/1995 07:00,170.2917355
13/05/1995 08:00,174.1195335
13/05/1995 09:00,178.0637591
13/05/1995 10:00,181.3552305
13/05/1995 11:00,188.3224068
13/05/1995 12:00,198.6258937
13/05/1995 13:00,205.7376151
13/05/1995 14:00,210.5277576
13/05/1995 15:00,214.2230198
13/05/1995 16:00,217.0852156
13/05/1995 17:00,218.783246
13/05/1995 18:00,220.0376959
13/05/1995 19:00,221.4869662
13/05/1995 20:00,222.7772596
13/05/1995 21:00,224.6112453
13/05/1995 22:00,224.8687462
13/05/1995 23:00,225.2317554
14/05/1995 00:00,224.6449696
14/05/1995 01:00,223.2972138
14/05/1995 02:00,222.8305543
14/05/1995 03:00,222.6533545
14/05/1995 04:00,223.6718747
14/05/1995 05:00,223.5681882
14/05/1995 06:00,220.0614379
14/05/1995 07:00,214.1043667
14/05/1995 08:00,207.015427
14/05/1995 09:00,203.1280708
14/05/1995 10:00,195.1188654
14/05/1995 11:00,192.1347874
14/05/1995 12:00,187.682154
14/05/1995 13:00,185.0466614
14/05/1995 14:00,182.0455391
14/05/1995 15:00,179.4994169
14/05/1995 16:00,183.0574033
14/05/1995 17:00,184.8982935
14/05/1995 18:00,191.2638903
14/05/1995 19:00,201.3725823
14/05/1995 20:00,211.7936029
14/05/1995 21:00,220.6136493
14/05/1995 22:00,230.2998541
14/05/1995 23:00,237.040622
15/05/1995 00:00,243.769314
15/05/1995 01:00,249.4045364
15/05/1995 02:00,250.6545972
15/05/1995 03:00,253.7009824
15/05/1995 04:00,256.009943
15/05/1995 05:00,250.5548594
15/05/1995 06:00,233.7230806
15/05/1995 07:00,212.6886724
15/05/1995 08:00,191.2400898
15/05/1995 09:00,165.6716236
15/05/1995 10:00,141.9181865
15/05/1995 11:00,122.9759491
15/05/1995 12:00,101.3906229
15/05/1995 13:00,62.12740848
15/05/1995 14:00,53.58065825
15/05/1995 15:00,48.99527569
15/05/1995 16:00,48.35160931
15/05/1995 17:00,56.81251882
15/05/1995 18:00,90.30012863
15/05/1995 19:00,132.8894172
15/05/1995 20:00,144.8143693
15/05/1995 21:00,155.3139292
15/05/1995 22:00,157.5219597
15/05/1995 23:00,159.0550225
16/05/1995 00:00,140.7912775
16/05/1995 01:00,141.9462625
16/05/1995 02:00,143.6049274
16/05/1995 03:00,145.238723
16/05/1995 04:00,145.3828977
16/05/1995 05:00,144.079257
16/05/1995 06:00,141.2458103
16/05/1995 07:00,136.9502602
16/05/1995 08:00,128.8469085
16/05/1995 09:00,112.7288757
16/05/1995 10:00,79.82332191
16/05/1995 11:00,57.66366997
16/05/1995 12:00,41.20047497
16/05/1995 13:00,38.33980338
16/05/1995 14:00,47.63778059
16/05/1995 15:00,54.16709945
16/05/1995 16:00,62.65318473
16/05/1995 17:00,76.0612682
16/05/1995 18:00,88.20988675
16/05/1995 19:00,100.7875693
16/05/1995 20:00,114.9271383
16/05/1995 21:00,118.6216522
16/05/1995 22:00,119.7653989
16/05/1995 23:00,113.3435893
17/05/1995 00:00,89.60724249
17/05/1995 01:00,90.74389437
17/05/1995 02:00,92.93971488
17/05/1995 03:00,94.81922161
17/05/1995 04:00,96.41185012
17/05/1995 05:00,95.70472286
17/05/1995 06:00,91.05245595
17/05/1995 07:00,82.55379297
17/05/1995 08:00,77.49046248
17/05/1995 09:00,57.51830157
17/05/1995 10:00,62.87138031
17/05/1995 11:00,33.67473706
17/05/1995 12:00,18.2941416
17/05/1995 13:00,13.28720553
17/05/1995 14:00,9.282420661
17/05/1995 15:00,9.613025754
17/05/1995 16:00,28.67941431
17/05/1995 17:00,34.365034
17/05/1995 18:00,45.4377973
17/05/1995 19:00,58.36138028
17/05/1995 20:00,68.81210148
17/05/1995 21:00,80.69179991
17/05/1995 22:00,88.66424998
17/05/1995 23:00,91.28012294
18/05/1995 00:00,131.97658
18/05/1995 01:00,135.2287797
18/05/1995 02:00,143.319454
18/05/1995 03:00,146.9420664
18/05/1995 04:00,148.6890032
18/05/1995 05:00,146.9551568
18/05/1995 06:00,141.2149194
18/05/1995 07:00,130.5488876
18/05/1995 08:00,110.3109067
18/05/1995 09:00,93.63445145
18/05/1995 10:00,90.18410216
18/05/1995 11:00,86.28394534
18/05/1995 12:00,83.10141179
18/05/1995 13:00,77.98286653
18/05/1995 14:00,62.90014117
18/05/1995 15:00,75.74339873
18/05/1995 16:00,90.29480449
18/05/1995 17:00,114.9380709
18/05/1995 18:00,128.4407391
18/05/1995 19:00,148.5049901
18/05/1995 20:00,157.1743997
18/05/1995 21:00,164.0928436
18/05/1995 22:00,171.2285078
18/05/1995 23:00,174.7635122
19/05/1995 00:00,185.7889239
19/05/1995 01:00,188.0772891
19/05/1995 02:00,190.1444419
19/05/1995 03:00,191.7100306
19/05/1995 04:00,191.7289443
19/05/1995 05:00,188.9325628
19/05/1995 06:00,183.7169624
19/05/1995 07:00,176.5793645
19/05/1995 08:00,170.0286057
19/05/1995 09:00,161.20338
19/05/1995 10:00,154.1512964
19/05/1995 11:00,142.0756964
19/05/1995 12:00,135.9788862
19/05/1995 13:00,133.9986726
19/05/1995 14:00,138.2476146
19/05/1995 15:00,138.5164518
19/05/1995 16:00,143.1113762
19/05/1995 17:00,150.0147954
19/05/1995 18:00,160.0632174
19/05/1995 19:00,170.6928172
19/05/1995 20:00,178.0914722
19/05/1995 21:00,187.1530347
19/05/1995 22:00,192.1902768
19/05/1995 23:00,196.540814
20/05/1995 00:00,200.5311622
20/05/1995 01:00,204.1498949
20/05/1995 02:00,208.1640118
20/05/1995 03:00,211.8409663
20/05/1995 04:00,212.5990025
20/05/1995 05:00,205.8349496
20/05/1995 06:00,190.6304352
20/05/1995 07:00,172.2245189
20/05/1995 08:00,156.4809898
20/05/1995 09:00,143.5677584
20/05/1995 10:00,124.7111726
20/05/1995 11:00,117.5947463
20/05/1995 12:00,106.30028
20/05/1995 13:00,102.0998256
20/05/1995 14:00,97.38626612
20/05/1995 15:00,105.7332068
20/05/1995 16:00,117.282145
20/05/1995 17:00,129.3036726
20/05/1995 18:00,145.2251257
20/05/1995 19:00,163.2824044
20/05/1995 20:00,170.9458
20/05/1995 21:00,175.5117185
20/05/1995 22:00,180.1950841
20/05/1995 23:00,185.2052246
21/05/1995 00:00,186.3156003
21/05/1995 01:00,190.2551403
21/05/1995 02:00,192.2443005
21/05/1995 03:00,195.321795
21/05/1995 04:00,197.5485065
21/05/1995 05:00,191.9535647
21/05/1995 06:00,178.0132112
21/05/1995 07:00,160.9940336
21/05/1995 08:00,132.596341
21/05/1995 09:00,109.423672
21/05/1995 10:00,85.58038937
21/05/1995 11:00,77.53315554
21/05/1995 12:00,54.42552118
21/05/1995 13:00,61.26933871
21/05/1995 14:00,63.77007152
21/05/1995 15:00,60.23877655
21/05/1995 16:00,63.99755094
21/05/1995 17:00,77.77904206
21/05/1995 18:00,97.50159978
21/05/1995 19:00,135.0663659
21/05/1995 20:00,151.0521946
21/05/1995 21:00,164.2824473
21/05/1995 22:00,173.2403103
21/05/1995 23:00,183.6139206
22/05/1995 00:00,159.1657585
22/05/1995 01:00,164.6973747
22/05/1995 02:00,169.9419274
22/05/1995 03:00,173.5224954
22/05/1995 04:00,174.3084792
22/05/1995 05:00,161.3543162
22/05/1995 06:00,140.2496946
22/05/1995 07:00,119.8591645
22/05/1995 08:00,98.33458149
22/05/1995 09:00,59.78504411
22/05/1995 10:00,43.31735748
22/05/1995 11:00,11.48731385
22/05/1995 12:00,7.00063022
22/05/1995 13:00,4.857635191
22/05/1995 14:00,3.955228021
22/05/1995 15:00,4.002547433
22/05/1995 16:00,3.584221667
22/05/1995 17:00,5.184109446
22/05/1995 18:00,12.96074993
22/05/1995 19:00,43.99377845
22/05/1995 20:00,84.48737198
22/05/1995 21:00,102.1620984
22/05/1995 22:00,115.2994483
22/05/1995 23:00,122.4359085
23/05/1995 00:00,41.99951004
23/05/1995 01:00,43.21704309
23/05/1995 02:00,44.8269839
23/05/1995 03:00,46.08404757
23/05/1995 04:00,46.28139073
23/05/1995 05:00,41.74964385
23/05/1995 06:00,34.6411975
23/05/1995 07:00,27.75996933
23/05/1995 08:00,18.02854431
23/05/1995 09:00,4.467995758
23/05/1995 10:00,2.043048559
23/05/1995 11:00,1.016659931
23/05/1995 12:00,0.75017399
23/05/1995 13:00,0.550598348
23/05/1995 14:00,0.401033207
23/05/1995 15:00,0.563996196
23/05/1995 16:00,1.229574457
23/05/1995 17:00,2.434373471
23/05/1995 18:00,3.100556395
23/05/1995 19:00,9.119018926
23/05/1995 20:00,23.39058598
23/05/1995 21:00,27.26228157
23/05/1995 22:00,30.64772852
23/05/1995 23:00,31.76168691
24/05/1995 00:00,7.029248281
24/05/1995 01:00,7.103600046
24/05/1995 02:00,7.182874633
24/05/1995 03:00,7.391658045
24/05/1995 04:00,7.43910839
24/05/1995 05:00,6.925510785
24/05/1995 06:00,5.626953943
24/05/1995 07:00,3.623935139
24/05/1995 08:00,2.65178485
24/05/1995 09:00,1.988977687
24/05/1995 10:00,1.093394248
24/05/1995 11:00,0.857615363
24/05/1995 12:00,0.466682646
24/05/1995 13:00,0.362177397
24/05/1995 14:00,0.526072413
24/05/1995 15:00,0.642019387
24/05/1995 16:00,1.17829055
24/05/1995 17:00,1.379411573
24/05/1995 18:00,1.847497357
24/05/1995 19:00,3.96330984
24/05/1995 20:00,5.368563943
24/05/1995 21:00,5.61580067
24/05/1995 22:00,5.868920421
24/05/1995 23:00,6.235815411
25/05/1995 00:00,5.271729461
25/05/1995 01:00,5.420784003
25/05/1995 02:00,5.562080265
25/05/1995 03:00,5.614961819
25/05/1995 04:00,5.602510841
25/05/1995 05:00,5.269696624
25/05/1995 06:00,4.127716752
25/05/1995 07:00,3.417568547
25/05/1995 08:00,1.678821105
25/05/1995 09:00,0.340344128
25/05/1995 10:00,0.151783626
25/05/1995 11:00,0.054370506
25/05/1995 12:00,0.023708191
25/05/1995 13:00,0.026255985
25/05/1995 14:00,0.034913668
25/05/1995 15:00,0.256118733
25/05/1995 16:00,1.172384582
25/05/1995 17:00,2.940046223
25/05/1995 18:00,3.572241541
25/05/1995 19:00,4.230771519
25/05/1995 20:00,4.455587465
25/05/1995 21:00,4.494709834
25/05/1995 22:00,4.557159697
25/05/1995 23:00,4.607454834
26/05/1995 00:00,49.64068843
26/05/1995 01:00,54.70345734
26/05/1995 02:00,55.42127592
26/05/1995 03:00,56.13633746
26/05/1995 04:00,57.22583224
26/05/1995 05:00,56.63530161
26/05/1995 06:00,55.52966848
26/05/1995 07:00,53.28934485
26/05/1995 08:00,45.60707924
26/05/1995 09:00,41.02155082
26/05/1995 10:00,24.77630159
26/05/1995 11:00,24.07949132
26/05/1995 12:00,33.11149033
26/05/1995 13:00,35.81832187
26/05/1995 14:00,26.89949068
26/05/1995 15:00,42.63567147
26/05/1995 16:00,45.79761641
26/05/1995 17:00,48.63795819
26/05/1995 18:00,53.41028608
26/05/1995 19:00,56.17808503
26/05/1995 20:00,57.56502595
26/05/1995 21:00,58.45234351
26/05/1995 22:00,59.07554491
26/05/1995 23:00,60.16969725
27/05/1995 00:00,21.18251937
27/05/1995 01:00,21.32619286
27/05/1995 02:00,21.40986064
27/05/1995 03:00,21.47347216
27/05/1995 04:00,21.46658079
27/05/1995 05:00,20.90208335
27/05/1995 06:00,20.0037071
27/05/1995 07:00,19.25630598
27/05/1995 08:00,16.00387639
27/05/1995 09:00,13.32251878
27/05/1995 10:00,10.10235058
27/05/1995 11:00,8.615511201
27/05/1995 12:00,6.952105288
27/05/1995 13:00,4.448825085
27/05/1995 14:00,2.640522982
27/05/1995 15:00,2.249539998
27/05/1995 16:00,2.434038026
27/05/1995 17:00,3.751725993
27/05/1995 18:00,6.886838474
27/05/1995 19:00,13.83620258
27/05/1995 20:00,16.95894323
27/05/1995 21:00,19.37580483
27/05/1995 22:00,20.4722369
27/05/1995 23:00,21.72469486
28/05/1995 00:00,6.486482814
28/05/1995 01:00,6.656798494
28/05/1995 02:00,6.742388493
28/05/1995 03:00,6.8717306
28/05/1995 04:00,6.896194842
28/05/1995 05:00,6.185803068
28/05/1995 06:00,4.844266935
28/05/1995 07:00,2.867617494
28/05/1995 08:00,1.257055036
28/05/1995 09:00,0.874335054
28/05/1995 10:00,0.211677425
28/05/1995 11:00,0.037637912
28/05/1995 12:00,0.032187949
28/05/1995 13:00,0.000277593
28/05/1995 14:00,0.000290565
28/05/1995 15:00,0.00028797
28/05/1995 16:00,0.000308725
28/05/1995 17:00,0.286019674
28/05/1995 18:00,0.586429797
28/05/1995 19:00,2.648250558
28/05/1995 20:00,3.986395881
28/05/1995 21:00,4.331465756
28/05/1995 22:00,4.469754016
28/05/1995 23:00,4.430824797
29/05/1995 00:00,4.439109681
29/05/1995 01:00,4.410170296
29/05/1995 02:00,4.419677066
29/05/1995 03:00,4.29105987
29/05/1995 04:00,4.347722431
29/05/1995 05:00,4.389372894
29/05/1995 06:00,4.300433229
29/05/1995 07:00,3.542582887
29/05/1995 08:00,3.039915077
29/05/1995 09:00,2.67259384
29/05/1995 10:00,1.869836026
29/05/1995 11:00,1.62548025
29/05/1995 12:00,1.011580938
29/05/1995 13:00,2.059458206
29/05/1995 14:00,2.625327446
29/05/1995 15:00,2.995758015
29/05/1995 16:00,3.919020322
29/05/1995 17:00,4.703902682
29/05/1995 18:00,5.183625505
29/05/1995 19:00,5.402670725
29/05/1995 20:00,5.640117394
29/05/1995 21:00,5.861560865
29/05/1995 22:00,6.160079927
29/05/1995 23:00,6.262003345
30/05/1995 00:00,60.17017597
30/05/1995 01:00,65.22818958
30/05/1995 02:00,68.03629547
30/05/1995 03:00,69.48496221
30/05/1995 04:00,70.83204642
30/05/1995 05:00,70.02668185
30/05/1995 06:00,68.32997567
30/05/1995 07:00,63.68228857
30/05/1995 08:00,55.42281637
30/05/1995 09:00,47.2598275
30/05/1995 10:00,39.82652531
30/05/1995 11:00,35.79296613
30/05/1995 12:00,36.71932382
30/05/1995 13:00,38.02006976
30/05/1995 14:00,31.62863193
30/05/1995 15:00,45.53997275
30/05/1995 16:00,48.21919149
30/05/1995 17:00,63.64806987
30/05/1995 18:00,68.52520348
30/05/1995 19:00,70.73315632
30/05/1995 20:00,72.17755368
30/05/1995 21:00,73.9077648
30/05/1995 22:00,75.43416968
30/05/1995 23:00,77.12731789
31/05/1995 00:00,103.2354262
31/05/1995 01:00,108.6767425
31/05/1995 02:00,110.370986
31/05/1995 03:00,111.9426036
31/05/1995 04:00,112.9946101
31/05/1995 05:00,113.6010659
31/05/1995 06:00,113.0541601
31/05/1995 07:00,112.4048836
31/05/1995 08:00,111.4066018
31/05/1995 09:00,109.2234219
31/05/1995 10:00,104.6841837
31/05/1995 11:00,98.50981998
31/05/1995 12:00,91.2969445
31/05/1995 13:00,88.09846761
31/05/1995 14:00,85.38479847
31/05/1995 15:00,83.18044926
31/05/1995 16:00,82.76442629
31/05/1995 17:00,85.45803145
31/05/1995 18:00,88.47629022
31/05/1995 19:00,92.49593262
31/05/1995 20:00,94.34538184
31/05/1995 21:00,98.56609051
31/05/1995 22:00,100.4824706
31/05/1995 23:00,104.5091041
01/06/1995 00:00,0
01/06/1995 01:00,0
01/06/1995 02:00,0
01/06/1995 03:00,0
01/06/1995 04:00,0
01/06/1995 05:00,0
01/06/1995 06:00,0
01/06/1995 07:00,0
01/06/1995 08:00,0
01/06/1995 09:00,0
01/06/1995 10:00,0
01/06/1995 11:00,0
01/06/1995 12:00,0
01/06/1995 13:00,0
01/06/1995 14:00,0
01/06/1995 15:00,0
01/06/1995 16:00,0
01/06/1995 17:00,0
01/06/1995 18:00,0
01/06/1995 19:00,0
01/06/1995 20:00,0
01/06/1995 21:00,0
01/06/1995 22:00,0
01/06/1995 23:00,0
02/06/1995 00:00,0
02/06/1995 01:00,0
02/06/1995 02:00,0
02/06/1995 03:00,0
02/06/1995 04:00,0
02/06/1995 05:00,0
02/06/1995 06:00,0
02/06/1995 07:00,0
02/06/1995 08:00,0
02/06/1995 09:00,0
02/06/1995 10:00,0
02/06/1995 11:00,0
02/06/1995 12:00,0
02/06/1995 13:00,0
02/06/1995 14:00,0
02/06/1995 15:00,0
02/06/1995 16:00,0
02/06/1995 17:00,0
02/06/1995 18:00,0
02/06/1995 19:00,0
02/06/1995 20:00,0
02/06/1995 21:00,0
02/06/1995 22:00,0
02/06/1995 23:00,0
03/06/1995 00:00,0
03/06/1995 01:00,0
03/06/1995 02:00,0
03/06/1995 03:00,0
03/06/1995 04:00,0
03/06/1995 05:00,0
03/06/1995 06:00,0
03/06/1995 07:00,0
03/06/1995 08:00,0
03/06/1995 09:00,0
03/06/1995 10:00,0
03/06/1995 11:00,0
03/06/1995 12:00,0
03/06/1995 13:00,0
03/06/1995 14:00,0
03/06/1995 15:00,0
03/06/1995 16:00,0
03/06/1995 17:00,0
03/06/1995 18:00,0
03/06/1995 19:00,0
03/06/1995 20:00,0
03/06/1995 21:00,0
03/06/1995 22:00,0
03/06/1995 23:00,0
04/06/1995 00:00,0
04/06/1995 01:00,0
04/06/1995 02:00,0
04/06/1995 03:00,0
04/06/1995 04:00,0
04/06/1995 05:00,0
04/06/1995 06:00,0
04/06/1995 07:00,0
04/06/1995 08:00,0
04/06/1995 09:00,0
04/06/1995 10:00,0
04/06/1995 11:00,0
04/06/1995 12:00,0
04/06/1995 13:00,0
04/06/1995 14:00,0
04/06/1995 15:00,0
04/06/1995 16:00,0
04/06/1995 17:00,0
04/06/1995 18:00,0
04/06/1995 19:00,0
04/06/1995 20:00,0
04/06/1995 21:00,0
04/06/1995 22:00,0
04/06/1995 23:00,0
05/06/1995 00:00,0
05/06/1995 01:00,0
05/06/1995 02:00,0
05/06/1995 03:00,0
05/06/1995 04:00,0
05/06/1995 05:00,0
05/06/1995 06:00,0
05/06/1995 07:00,0
05/06/1995 08:00,0
05/06/1995 09:00,0
05/06/1995 10:00,0
05/06/1995 11:00,0
05/06/1995 12:00,0
05/06/1995 13:00,0
05/06/1995 14:00,0
05/06/1995 15:00,0
05/06/1995 16:00,0
05/06/1995 17:00,0
05/06/1995 18:00,0
05/06/1995 19:00,0
05/06/1995 20:00,0
05/06/1995 21:00,0
05/06/1995 22:00,0
05/06/1995 23:00,0
06/06/1995 00:00,0
06/06/1995 01:00,0
06/06/1995 02:00,0
06/06/1995 03:00,0
06/06/1995 04:00,0
06/06/1995 05:00,0
06/06/1995 06:00,0
06/06/1995 07:00,0
06/06/1995 08:00,0
06/06/1995 09:00,0
06/06/1995 10:00,0
06/06/1995 11:00,0
06/06/1995 12:00,0
06/06/1995 13:00,0
06/06/1995 14:00,0
06/06/1995 15:00,0
06/06/1995 16:00,0
06/06/1995 17:00,0
06/06/1995 18:00,0
06/06/1995 19:00,0
06/06/1995 20:00,0
06/06/1995 21:00,0
06/06/1995 22:00,0
06/06/1995 23:00,0
07/06/1995 00:00,0
07/06/1995 01:00,0
07/06/1995 02:00,0
07/06/1995 03:00,0
07/06/1995 04:00,0
07/06/1995 05:00,0
07/06/1995 06:00,0
07/06/1995 07:00,0
07/06/1995 08:00,0
07/06/1995 09:00,0
07/06/1995 10:00,0
07/06/1995 11:00,0
07/06/1995 12:00,0
07/06/1995 13:00,0
07/06/1995 14:00,0
07/06/1995 15:00,0
07/06/1995 16:00,0
07/06/1995 17:00,0
07/06/1995 18:00,0
07/06/1995 19:00,0
07/06/1995 20:00,0
07/06/1995 21:00,0
07/06/1995 22:00,0
07/06/1995 23:00,0
08/06/1995 00:00,0
08/06/1995 01:00,0
08/06/1995 02:00,0
08/06/1995 03:00,0
08/06/1995 04:00,0
08/06/1995 05:00,0
08/06/1995 06:00,0
08/06/1995 07:00,0
08/06/1995 08:00,0
08/06/1995 09:00,0
08/06/1995 10:00,0
08/06/1995 11:00,0
08/06/1995 12:00,0
08/06/1995 13:00,0
08/06/1995 14:00,0
08/06/1995 15:00,0
08/06/1995 16:00,0
08/06/1995 17:00,0
08/06/1995 18:00,0
08/06/1995 19:00,0
08/06/1995 20:00,0
08/06/1995 21:00,0
08/06/1995 22:00,0
08/06/1995 23:00,0
09/06/1995 00:00,0
09/06/1995 01:00,0
09/06/1995 02:00,0
09/06/1995 03:00,0
09/06/1995 04:00,0
09/06/1995 05:00,0
09/06/1995 06:00,0
09/06/1995 07:00,0
09/06/1995 08:00,0
09/06/1995 09:00,0
09/06/1995 10:00,0
09/06/1995 11:00,0
09/06/1995 12:00,0
09/06/1995 13:00,0
09/06/1995 14:00,0
09/06/1995 15:00,0
09/06/1995 16:00,0
09/06/1995 17:00,0
09/06/1995 18:00,0
09/06/1995 19:00,0
09/06/1995 20:00,0
09/06/1995 21:00,0
09/06/1995 22:00,0
09/06/1995 23:00,0
10/06/1995 00:00,0
10/06/1995 01:00,0
10/06/1995 02:00,0
10/06/1995 03:00,0
10/06/1995 04:00,0
10/06/1995 05:00,0
10/06/1995 06:00,0
10/06/1995 07:00,0
10/06/1995 08:00,0
10/06/1995 09:00,0
10/06/1995 10:00,0
10/06/1995 11:00,0
10/06/1995 12:00,0
10/06/1995 13:00,0
10/06/1995 14:00,0
10/06/1995 15:00,0
10/06/1995 16:00,0
10/06/1995 17:00,0
10/06/1995 18:00,0
10/06/1995 19:00,0
10/06/1995 20:00,0
10/06/1995 21:00,0
10/06/1995 22:00,0
10/06/1995 23:00,0
11/06/1995 00:00,0
11/06/1995 01:00,0
11/06/1995 02:00,0
11/06/1995 03:00,0
11/06/1995 04:00,0
11/06/1995 05:00,0
11/06/1995 06:00,0
11/06/1995 07:00,0
11/06/1995 08:00,0
11/06/1995 09:00,0
11/06/1995 10:00,0
11/06/1995 11:00,0
11/06/1995 12:00,0
11/06/1995 13:00,0
11/06/1995 14:00,0
11/06/1995 15:00,0
11/06/1995 16:00,0
11/06/1995 17:00,0
11/06/1995 18:00,0
11/06/1995 19:00,0
11/06/1995 20:00,0
11/06/1995 21:00,0
11/06/1995 22:00,0
11/06/1995 23:00,0
12/06/1995 00:00,0
12/06/1995 01:00,0
12/06/1995 02:00,0
12/06/1995 03:00,0
12/06/1995 04:00,0
12/06/1995 05:00,0
12/06/1995 06:00,0
12/06/1995 07:00,0
12/06/1995 08:00,0
12/06/1995 09:00,0
12/06/1995 10:00,0
12/06/1995 11:00,0
12/06/1995 12:00,0
12/06/1995 13:00,0
12/06/1995 14:00,0
12/06/1995 15:00,0
12/06/1995 16:00,0
12/06/1995 17:00,0
12/06/1995 18:00,0
12/06/1995 19:00,0
12/06/1995 20:00,0
12/06/1995 21:00,0
12/06/1995 22:00,0
12/06/1995 23:00,0
13/06/1995 00:00,0
13/06/1995 01:00,0
13/06/1995 02:00,0
13/06/1995 03:00,0
13/06/1995 04:00,0
13/06/1995 05:00,0
13/06/1995 06:00,0
13/06/1995 07:00,0
13/06/1995 08:00,0
13/06/1995 09:00,0
13/06/1995 10:00,0
13/06/1995 11:00,0
13/06/1995 12:00,0
13/06/1995 13:00,0
13/06/1995 14:00,0
13/06/1995 15:00,0
13/06/1995 16:00,0
13/06/1995 17:00,0
13/06/1995 18:00,0
13/06/1995 19:00,0
13/06/1995 20:00,0
13/06/1995 21:00,0
13/06/1995 22:00,0
13/06/1995 23:00,0
14/06/1995 00:00,0
14/06/1995 01:00,0
14/06/1995 02:00,0
14/06/1995 03:00,0
14/06/1995 04:00,0
14/06/1995 05:00,0
14/06/1995 06:00,0
14/06/1995 07:00,0
14/06/1995 08:00,0
14/06/1995 09:00,0
14/06/1995 10:00,0
14/06/1995 11:00,0
14/06/1995 12:00,0
14/06/1995 13:00,0
14/06/1995 14:00,0
14/06/1995 15:00,0
14/06/1995 16:00,0
14/06/1995 17:00,0
14/06/1995 18:00,0
14/06/1995 19:00,0
14/06/1995 20:00,0
14/06/1995 21:00,0
14/06/1995 22:00,0
14/06/1995 23:00,0
15/06/1995 00:00,0
15/06/1995 01:00,0
15/06/1995 02:00,0
15/06/1995 03:00,0
15/06/1995 04:00,0
15/06/1995 05:00,0
15/06/1995 06:00,0
15/06/1995 07:00,0
15/06/1995 08:00,0
15/06/1995 09:00,0
15/06/1995 10:00,0
15/06/1995 11:00,0
15/06/1995 12:00,0
15/06/1995 13:00,0
15/06/1995 14:00,0
15/06/1995 15:00,0
15/06/1995 16:00,0
15/06/1995 17:00,0
15/06/1995 18:00,0
15/06/1995 19:00,0
15/06/1995 20:00,0
15/06/1995 21:00,0
15/06/1995 22:00,0
15/06/1995 23:00,0
16/06/1995 00:00,0
16/06/1995 01:00,0
16/06/1995 02:00,0
16/06/1995 03:00,0
16/06/1995 04:00,0
16/06/1995 05:00,0
16/06/1995 06:00,0
16/06/1995 07:00,0
16/06/1995 08:00,0
16/06/1995 09:00,0
16/06/1995 10:00,0
16/06/1995 11:00,0
16/06/1995 12:00,0
16/06/1995 13:00,0
16/06/1995 14:00,0
16/06/1995 15:00,0
16/06/1995 16:00,0
16/06/1995 17:00,0
16/06/1995 18:00,0
16/06/1995 19:00,0
16/06/1995 20:00,0
16/06/1995 21:00,0
16/06/1995 22:00,0
16/06/1995 23:00,0
17/06/1995 00:00,0
17/06/1995 01:00,0
17/06/1995 02:00,0
17/06/1995 03:00,0
17/06/1995 04:00,0
17/06/1995 05:00,0
17/06/1995 06:00,0
17/06/1995 07:00,0
17/06/1995 08:00,0
17/06/1995 09:00,0
17/06/1995 10:00,0
17/06/1995 11:00,0
17/06/1995 12:00,0
17/06/1995 13:00,0
17/06/1995 14:00,0
17/06/1995 15:00,0
17/06/1995 16:00,0
17/06/1995 17:00,0
17/06/1995 18:00,0
17/06/1995 19:00,0
17/06/1995 20:00,0
17/06/1995 21:00,0
17/06/1995 22:00,0
17/06/1995 23:00,0
18/06/1995 00:00,0
18/06/1995 01:00,0
18/06/1995 02:00,0
18/06/1995 03:00,0
18/06/1995 04:00,0
18/06/1995 05:00,0
18/06/1995 06:00,0
18/06/1995 07:00,0
18/06/1995 08:00,0
18/06/1995 09:00,0
18/06/1995 10:00,0
18/06/1995 11:00,0
18/06/1995 12:00,0
18/06/1995 13:00,0
18/06/1995 14:00,0
18/06/1995 15:00,0
18/06/1995 16:00,0
18/06/1995 17:00,0
18/06/1995 18:00,0
18/06/1995 19:00,0
18/06/1995 20:00,0
18/06/1995 21:00,0
18/06/1995 22:00,0
18/06/1995 23:00,0
19/06/1995 00:00,0
19/06/1995 01:00,0
19/06/1995 02:00,0
19/06/1995 03:00,0
19/06/1995 04:00,0
19/06/1995 05:00,0
19/06/1995 06:00,0
19/06/1995 07:00,0
19/06/1995 08:00,0
19/06/1995 09:00,0
19/06/1995 10:00,0
19/06/1995 11:00,0
19/06/1995 12:00,0
19/06/1995 13:00,0
19/06/1995 14:00,0
19/06/1995 15:00,0
19/06/1995 16:00,0
19/06/1995 17:00,0
19/06/1995 18:00,0
19/06/1995 19:00,0
19/06/1995 20:00,0
19/06/1995 21:00,0
19/06/1995 22:00,0
19/06/1995 23:00,0
20/06/1995 00:00,0
20/06/1995 01:00,0
20/06/1995 02:00,0
20/06/1995 03:00,0
20/06/1995 04:00,0
20/06/1995 05:00,0
20/06/1995 06:00,0
20/06/1995 07:00,0
20/06/1995 08:00,0
20/06/1995 09:00,0
20/06/1995 10:00,0
20/06/1995 11:00,0
20/06/1995 12:00,0
20/06/1995 13:00,0
20/06/1995 14:00,0
20/06/1995 15:00,0
20/06/1995 16:00,0
20/06/1995 17:00,0
20/06/1995 18:00,0
20/06/1995 19:00,0
20/06/1995 20:00,0
20/06/1995 21:00,0
20/06/1995 22:00,0
20/06/1995 23:00,0
21/06/1995 00:00,0
21/06/1995 01:00,0
21/06/1995 02:00,0
21/06/1995 03:00,0
21/06/1995 04:00,0
21/06/1995 05:00,0
21/06/1995 06:00,0
21/06/1995 07:00,0
21/06/1995 08:00,0
21/06/1995 09:00,0
21/06/1995 10:00,0
21/06/1995 11:00,0
21/06/1995 12:00,0
21/06/1995 13:00,0
21/06/1995 14:00,0
21/06/1995 15:00,0
21/06/1995 16:00,0
21/06/1995 17:00,0
21/06/1995 18:00,0
21/06/1995 19:00,0
21/06/1995 20:00,0
21/06/1995 21:00,0
21/06/1995 22:00,0
21/06/1995 23:00,0
22/06/1995 00:00,0
22/06/1995 01:00,0
22/06/1995 02:00,0
22/06/1995 03:00,0
22/06/1995 04:00,0
22/06/1995 05:00,0
22/06/1995 06:00,0
22/06/1995 07:00,0
22/06/1995 08:00,0
22/06/1995 09:00,0
22/06/1995 10:00,0
22/06/1995 11:00,0
22/06/1995 12:00,0
22/06/1995 13:00,0
22/06/1995 14:00,0
22/06/1995 15:00,0
22/06/1995 16:00,0
22/06/1995 17:00,0
22/06/1995 18:00,0
22/06/1995 19:00,0
22/06/1995 20:00,0
22/06/1995 21:00,0
22/06/1995 22:00,0
22/06/1995 23:00,0
23/06/1995 00:00,0
23/06/1995 01:00,0
23/06/1995 02:00,0
23/06/1995 03:00,0
23/06/1995 04:00,0
23/06/1995 05:00,0
23/06/1995 06:00,0
23/06/1995 07:00,0
23/06/1995 08:00,0
23/06/1995 09:00,0
23/06/1995 10:00,0
23/06/1995 11:00,0
23/06/1995 12:00,0
23/06/1995 13:00,0
23/06/1995 14:00,0
23/06/1995 15:00,0
23/06/1995 16:00,0
23/06/1995 17:00,0
23/06/1995 18:00,0
23/06/1995 19:00,0
23/06/1995 20:00,0
23/06/1995 21:00,0
23/06/1995 22:00,0
23/06/1995 23:00,0
24/06/1995 00:00,0
24/06/1995 01:00,0
24/06/1995 02:00,0
24/06/1995 03:00,0
24/06/1995 04:00,0
24/06/1995 05:00,0
24/06/1995 06:00,0
24/06/1995 07:00,0
24/06/1995 08:00,0
24/06/1995 09:00,0
24/06/1995 10:00,0
24/06/1995 11:00,0
24/06/1995 12:00,0
24/06/1995 13:00,0
24/06/1995 14:00,0
24/06/1995 15:00,0
24/06/1995 16:00,0
24/06/1995 17:00,0
24/06/1995 18:00,0
24/06/1995 19:00,0
24/06/1995 20:00,0
24/06/1995 21:00,0
24/06/1995 22:00,0
24/06/1995 23:00,0
25/06/1995 00:00,0
25/06/1995 01:00,0
25/06/1995 02:00,0
25/06/1995 03:00,0
25/06/1995 04:00,0
25/06/1995 05:00,0
25/06/1995 06:00,0
25/06/1995 07:00,0
25/06/1995 08:00,0
25/06/1995 09:00,0
25/06/1995 10:00,0
25/06/1995 11:00,0
25/06/1995 12:00,0
25/06/1995 13:00,0
25/06/1995 14:00,0
25/06/1995 15:00,0
25/06/1995 16:00,0
25/06/1995 17:00,0
25/06/1995 18:00,0
25/06/1995 19:00,0
25/06/1995 20:00,0
25/06/1995 21:00,0
25/06/1995 22:00,0
25/06/1995 23:00,0
26/06/1995 00:00,0
26/06/1995 01:00,0
26/06/1995 02:00,0
26/06/1995 03:00,0
26/06/1995 04:00,0
26/06/1995 05:00,0
26/06/1995 06:00,0
26/06/1995 07:00,0
26/06/1995 08:00,0
26/06/1995 09:00,0
26/06/1995 10:00,0
26/06/1995 11:00,0
26/06/1995 12:00,0
26/06/1995 13:00,0
26/06/1995 14:00,0
26/06/1995 15:00,0
26/06/1995 16:00,0
26/06/1995 17:00,0
26/06/1995 18:00,0
26/06/1995 19:00,0
26/06/1995 20:00,0
26/06/1995 21:00,0
26/06/1995 22:00,0
26/06/1995 23:00,0
27/06/1995 00:00,0
27/06/1995 01:00,0
27/06/1995 02:00,0
27/06/1995 03:00,0
27/06/1995 04:00,0
27/06/1995 05:00,0
27/06/1995 06:00,0
27/06/1995 07:00,0
27/06/1995 08:00,0
27/06/1995 09:00,0
27/06/1995 10:00,0
27/06/1995 11:00,0
27/06/1995 12:00,0
27/06/1995 13:00,0
27/06/1995 14:00,0
27/06/1995 15:00,0
27/06/1995 16:00,0
27/06/1995 17:00,0
27/06/1995 18:00,0
27/06/1995 19:00,0
27/06/1995 20:00,0
27/06/1995 21:00,0
27/06/1995 22:00,0
27/06/1995 23:00,0
28/06/1995 00:00,0
28/06/1995 01:00,0
28/06/1995 02:00,0
28/06/1995 03:00,0
28/06/1995 04:00,0
28/06/1995 05:00,0
28/06/1995 06:00,0
28/06/1995 07:00,0
28/06/1995 08:00,0
28/06/1995 09:00,0
28/06/1995 10:00,0
28/06/1995 11:00,0
28/06/1995 12:00,0
28/06/1995 13:00,0
28/06/1995 14:00,0
28/06/1995 15:00,0
28/06/1995 16:00,0
28/06/1995 17:00,0
28/06/1995 18:00,0
28/06/1995 19:00,0
28/06/1995 20:00,0
28/06/1995 21:00,0
28/06/1995 22:00,0
28/06/1995 23:00,0
29/06/1995 00:00,0
29/06/1995 01:00,0
29/06/1995 02:00,0
29/06/1995 03:00,0
29/06/1995 04:00,0
29/06/1995 05:00,0
29/06/1995 06:00,0
29/06/1995 07:00,0
29/06/1995 08:00,0
29/06/1995 09:00,0
29/06/1995 10:00,0
29/06/1995 11:00,0
29/06/1995 12:00,0
29/06/1995 13:00,0
29/06/1995 14:00,0
29/06/1995 15:00,0
29/06/1995 16:00,0
29/06/1995 17:00,0
29/06/1995 18:00,0
29/06/1995 19:00,0
29/06/1995 20:00,0
29/06/1995 21:00,0
29/06/1995 22:00,0
29/06/1995 23:00,0
30/06/1995 00:00,0
30/06/1995 01:00,0
30/06/1995 02:00,0
30/06/1995 03:00,0
30/06/1995 04:00,0
30/06/1995 05:00,0
30/06/1995 06:00,0
30/06/1995 07:00,0
30/06/1995 08:00,0
30/06/1995 09:00,0
30/06/1995 10:00,0
30/06/1995 11:00,0
30/06/1995 12:00,0
30/06/1995 13:00,0
30/06/1995 14:00,0
30/06/1995 15:00,0
30/06/1995 16:00,0
30/06/1995 17:00,0
30/06/1995 18:00,0
30/06/1995 19:00,0
30/06/1995 20:00,0
30/06/1995 21:00,0
30/06/1995 22:00,0
30/06/1995 23:00,0
01/07/1995 00:00,0
01/07/1995 01:00,0
01/07/1995 02:00,0
01/07/1995 03:00,0
01/07/1995 04:00,0
01/07/1995 05:00,0
01/07/1995 06:00,0
01/07/1995 07:00,0
01/07/1995 08:00,0
01/07/1995 09:00,0
01/07/1995 10:00,0
01/07/1995 11:00,0
01/07/1995 12:00,0
01/07/1995 13:00,0
01/07/1995 14:00,0
01/07/1995 15:00,0
01/07/1995 16:00,0
01/07/1995 17:00,0
01/07/1995 18:00,0
01/07/1995 19:00,0
01/07/1995 20:00,0
01/07/1995 21:00,0
01/07/1995 22:00,0
01/07/1995 23:00,0
02/07/1995 00:00,0
02/07/1995 01:00,0
02/07/1995 02:00,0
02/07/1995 03:00,0
02/07/1995 04:00,0
02/07/1995 05:00,0
02/07/1995 06:00,0
02/07/1995 07:00,0
02/07/1995 08:00,0
02/07/1995 09:00,0
02/07/1995 10:00,0
02/07/1995 11:00,0
02/07/1995 12:00,0
02/07/1995 13:00,0
02/07/1995 14:00,0
02/07/1995 15:00,0
02/07/1995 16:00,0
02/07/1995 17:00,0
02/07/1995 18:00,0
02/07/1995 19:00,0
02/07/1995 20:00,0
02/07/1995 21:00,0
02/07/1995 22:00,0
02/07/1995 23:00,0
03/07/1995 00:00,0
03/07/1995 01:00,0
03/07/1995 02:00,0
03/07/1995 03:00,0
03/07/1995 04:00,0
03/07/1995 05:00,0
03/07/1995 06:00,0
03/07/1995 07:00,0
03/07/1995 08:00,0
03/07/1995 09:00,0
03/07/1995 10:00,0
03/07/1995 11:00,0
03/07/1995 12:00,0
03/07/1995 13:00,0
03/07/1995 14:00,0
03/07/1995 15:00,0
03/07/1995 16:00,0
03/07/1995 17:00,0
03/07/1995 18:00,0
03/07/1995 19:00,0
03/07/1995 20:00,0
03/07/1995 21:00,0
03/07/1995 22:00,0
03/07/1995 23:00,0
04/07/1995 00:00,0
04/07/1995 01:00,0
04/07/1995 02:00,0
04/07/1995 03:00,0
04/07/1995 04:00,0
04/07/1995 05:00,0
04/07/1995 06:00,0
04/07/1995 07:00,0
04/07/1995 08:00,0
04/07/1995 09:00,0
04/07/1995 10:00,0
04/07/1995 11:00,0
04/07/1995 12:00,0
04/07/1995 13:00,0
04/07/1995 14:00,0
04/07/1995 15:00,0
04/07/1995 16:00,0
04/07/1995 17:00,0
04/07/1995 18:00,0
04/07/1995 19:00,0
04/07/1995 20:00,0
04/07/1995 21:00,0
04/07/1995 22:00,0
04/07/1995 23:00,0
05/07/1995 00:00,0
05/07/1995 01:00,0
05/07/1995 02:00,0
05/07/1995 03:00,0
05/07/1995 04:00,0
05/07/1995 05:00,0
05/07/1995 06:00,0
05/07/1995 07:00,0
05/07/1995 08:00,0
05/07/1995 09:00,0
05/07/1995 10:00,0
05/07/1995 11:00,0
05/07/1995 12:00,0
05/07/1995 13:00,0
05/07/1995 14:00,0
05/07/1995 15:00,0
05/07/1995 16:00,0
05/07/1995 17:00,0
05/07/1995 18:00,0
05/07/1995 19:00,0
05/07/1995 20:00,0
05/07/1995 21:00,0
05/07/1995 22:00,0
05/07/1995 23:00,0
06/07/1995 00:00,0
06/07/1995 01:00,0
06/07/1995 02:00,0
06/07/1995 03:00,0
06/07/1995 04:00,0
06/07/1995 05:00,0
06/07/1995 06:00,0
06/07/1995 07:00,0
06/07/1995 08:00,0
06/07/1995 09:00,0
06/07/1995 10:00,0
06/07/1995 11:00,0
06/07/1995 12:00,0
06/07/1995 13:00,0
06/07/1995 14:00,0
06/07/1995 15:00,0
06/07/1995 16:00,0
06/07/1995 17:00,0
06/07/1995 18:00,0
06/07/1995 19:00,0
06/07/1995 20:00,0
06/07/1995 21:00,0
06/07/1995 22:00,0
06/07/1995 23:00,0
07/07/1995 00:00,0
07/07/1995 01:00,0
07/07/1995 02:00,0
07/07/1995 03:00,0
07/07/1995 04:00,0
07/07/1995 05:00,0
07/07/1995 06:00,0
07/07/1995 07:00,0
07/07/1995 08:00,0
07/07/1995 09:00,0
07/07/1995 10:00,0
07/07/1995 11:00,0
07/07/1995 12:00,0
07/07/1995 13:00,0
07/07/1995 14:00,0
07/07/1995 15:00,0
07/07/1995 16:00,0
07/07/1995 17:00,0
07/07/1995 18:00,0
07/07/1995 19:00,0
07/07/1995 20:00,0
07/07/1995 21:00,0
07/07/1995 22:00,0
07/07/1995 23:00,0
08/07/1995 00:00,0
08/07/1995 01:00,0
08/07/1995 02:00,0
08/07/1995 03:00,0
08/07/1995 04:00,0
08/07/1995 05:00,0
08/07/1995 06:00,0
08/07/1995 07:00,0
08/07/1995 08:00,0
08/07/1995 09:00,0
08/07/1995 10:00,0
08/07/1995 11:00,0
08/07/1995 12:00,0
08/07/1995 13:00,0
08/07/1995 14:00,0
08/07/1995 15:00,0
08/07/1995 16:00,0
08/07/1995 17:00,0
08/07/1995 18:00,0
08/07/1995 19:00,0
08/07/1995 20:00,0
08/07/1995 21:00,0
08/07/1995 22:00,0
08/07/1995 23:00,0
09/07/1995 00:00,0
09/07/1995 01:00,0
09/07/1995 02:00,0
09/07/1995 03:00,0
09/07/1995 04:00,0
09/07/1995 05:00,0
09/07/1995 06:00,0
09/07/1995 07:00,0
09/07/1995 08:00,0
09/07/1995 09:00,0
09/07/1995 10:00,0
09/07/1995 11:00,0
09/07/1995 12:00,0
09/07/1995 13:00,0
09/07/1995 14:00,0
09/07/1995 15:00,0
09/07/1995 16:00,0
09/07/1995 17:00,0
09/07/1995 18:00,0
09/07/1995 19:00,0
09/07/1995 20:00,0
09/07/1995 21:00,0
09/07/1995 22:00,0
09/07/1995 23:00,0
10/07/1995 00:00,0
10/07/1995 01:00,0
10/07/1995 02:00,0
10/07/1995 03:00,0
10/07/1995 04:00,0
10/07/1995 05:00,0
10/07/1995 06:00,0
10/07/1995 07:00,0
10/07/1995 08:00,0
10/07/1995 09:00,0
10/07/1995 10:00,0
10/07/1995 11:00,0
10/07/1995 12:00,0
10/07/1995 13:00,0
10/07/1995 14:00,0
10/07/1995 15:00,0
10/07/1995 16:00,0
10/07/1995 17:00,0
10/07/1995 18:00,0
10/07/1995 19:00,0
10/07/1995 20:00,0
10/07/1995 21:00,0
10/07/1995 22:00,0
10/07/1995 23:00,0
11/07/1995 00:00,0
11/07/1995 01:00,0
11/07/1995 02:00,0
11/07/1995 03:00,0
11/07/1995 04:00,0
11/07/1995 05:00,0
11/07/1995 06:00,0
11/07/1995 07:00,0
11/07/1995 08:00,0
11/07/1995 09:00,0
11/07/1995 10:00,0
11/07/1995 11:00,0
11/07/1995 12:00,0
11/07/1995 13:00,0
11/07/1995 14:00,0
11/07/1995 15:00,0
11/07/1995 16:00,0
11/07/1995 17:00,0
11/07/1995 18:00,0
11/07/1995 19:00,0
11/07/1995 20:00,0
11/07/1995 21:00,0
11/07/1995 22:00,0
11/07/1995 23:00,0
12/07/1995 00:00,0
12/07/1995 01:00,0
12/07/1995 02:00,0
12/07/1995 03:00,0
12/07/1995 04:00,0
12/07/1995 05:00,0
12/07/1995 06:00,0
12/07/1995 07:00,0
12/07/1995 08:00,0
12/07/1995 09:00,0
12/07/1995 10:00,0
12/07/1995 11:00,0
12/07/1995 12:00,0
12/07/1995 13:00,0
12/07/1995 14:00,0
12/07/1995 15:00,0
12/07/1995 16:00,0
12/07/1995 17:00,0
12/07/1995 18:00,0
12/07/1995 19:00,0
12/07/1995 20:00,0
12/07/1995 21:00,0
12/07/1995 22:00,0
12/07/1995 23:00,0
13/07/1995 00:00,0
13/07/1995 01:00,0
13/07/1995 02:00,0
13/07/1995 03:00,0
13/07/1995 04:00,0
13/07/1995 05:00,0
13/07/1995 06:00,0
13/07/1995 07:00,0
13/07/1995 08:00,0
13/07/1995 09:00,0
13/07/1995 10:00,0
13/07/1995 11:00,0
13/07/1995 12:00,0
13/07/1995 13:00,0
13/07/1995 14:00,0
13/07/1995 15:00,0
13/07/1995 16:00,0
13/07/1995 17:00,0
13/07/1995 18:00,0
13/07/1995 19:00,0
13/07/1995 20:00,0
13/07/1995 21:00,0
13/07/1995 22:00,0
13/07/1995 23:00,0
14/07/1995 00:00,0
14/07/1995 01:00,0
14/07/1995 02:00,0
14/07/1995 03:00,0
14/07/1995 04:00,0
14/07/1995 05:00,0
14/07/1995 06:00,0
14/07/1995 07:00,0
14/07/1995 08:00,0
14/07/1995 09:00,0
14/07/1995 10:00,0
14/07/1995 11:00,0
14/07/1995 12:00,0
14/07/1995 13:00,0
14/07/1995 14:00,0
14/07/1995 15:00,0
14/07/1995 16:00,0
14/07/1995 17:00,0
14/07/1995 18:00,0
14/07/1995 19:00,0
14/07/1995 20:00,0
14/07/1995 21:00,0
14/07/1995 22:00,0
14/07/1995 23:00,0
15/07/1995 00:00,0
15/07/1995 01:00,0
15/07/1995 02:00,0
15/07/1995 03:00,0
15/07/1995 04:00,0
15/07/1995 05:00,0
15/07/1995 06:00,0
15/07/1995 07:00,0
15/07/1995 08:00,0
15/07/1995 09:00,0
15/07/1995 10:00,0
15/07/1995 11:00,0
15/07/1995 12:00,0
15/07/1995 13:00,0
15/07/1995 14:00,0
15/07/1995 15:00,0
15/07/1995 16:00,0
15/07/1995 17:00,0
15/07/1995 18:00,0
15/07/1995 19:00,0
15/07/1995 20:00,0
15/07/1995 21:00,0
15/07/1995 22:00,0
15/07/1995 23:00,0
16/07/1995 00:00,0
16/07/1995 01:00,0
16/07/1995 02:00,0
16/07/1995 03:00,0
16/07/1995 04:00,0
16/07/1995 05:00,0
16/07/1995 06:00,0
16/07/1995 07:00,0
16/07/1995 08:00,0
16/07/1995 09:00,0
16/07/1995 10:00,0
16/07/1995 11:00,0
16/07/1995 12:00,0
16/07/1995 13:00,0
16/07/1995 14:00,0
16/07/1995 15:00,0
16/07/1995 16:00,0
16/07/1995 17:00,0
16/07/1995 18:00,0
16/07/1995 19:00,0
16/07/1995 20:00,0
16/07/1995 21:00,0
16/07/1995 22:00,0
16/07/1995 23:00,0
17/07/1995 00:00,0
17/07/1995 01:00,0
17/07/1995 02:00,0
17/07/1995 03:00,0
17/07/1995 04:00,0
17/07/1995 05:00,0
17/07/1995 06:00,0
17/07/1995 07:00,0
17/07/1995 08:00,0
17/07/1995 09:00,0
17/07/1995 10:00,0
17/07/1995 11:00,0
17/07/1995 12:00,0
17/07/1995 13:00,0
17/07/1995 14:00,0
17/07/1995 15:00,0
17/07/1995 16:00,0
17/07/1995 17:00,0
17/07/1995 18:00,0
17/07/1995 19:00,0
17/07/1995 20:00,0
17/07/1995 21:00,0
17/07/1995 22:00,0
17/07/1995 23:00,0
18/07/1995 00:00,0
18/07/1995 01:00,0
18/07/1995 02:00,0
18/07/1995 03:00,0
18/07/1995 04:00,0
18/07/1995 05:00,0
18/07/1995 06:00,0
18/07/1995 07:00,0
18/07/1995 08:00,0
18/07/1995 09:00,0
18/07/1995 10:00,0
18/07/1995 11:00,0
18/07/1995 12:00,0
18/07/1995 13:00,0
18/07/1995 14:00,0
18/07/1995 15:00,0
18/07/1995 16:00,0
18/07/1995 17:00,0
18/07/1995 18:00,0
18/07/1995 19:00,0
18/07/1995 20:00,0
18/07/1995 21:00,0
18/07/1995 22:00,0
18/07/1995 23:00,0
19/07/1995 00:00,0
19/07/1995 01:00,0
19/07/1995 02:00,0
19/07/1995 03:00,0
19/07/1995 04:00,0
19/07/1995 05:00,0
19/07/1995 06:00,0
19/07/1995 07:00,0
19/07/1995 08:00,0
19/07/1995 09:00,0
19/07/1995 10:00,0
19/07/1995 11:00,0
19/07/1995 12:00,0
19/07/1995 13:00,0
19/07/1995 14:00,0
19/07/1995 15:00,0
19/07/1995 16:00,0
19/07/1995 17:00,0
19/07/1995 18:00,0
19/07/1995 19:00,0
19/07/1995 20:00,0
19/07/1995 21:00,0
19/07/1995 22:00,0
19/07/1995 23:00,0
20/07/1995 00:00,0
20/07/1995 01:00,0
20/07/1995 02:00,0
20/07/1995 03:00,0
20/07/1995 04:00,0
20/07/1995 05:00,0
20/07/1995 06:00,0
20/07/1995 07:00,0
20/07/1995 08:00,0
20/07/1995 09:00,0
20/07/1995 10:00,0
20/07/1995 11:00,0
20/07/1995 12:00,0
20/07/1995 13:00,0
20/07/1995 14:00,0
20/07/1995 15:00,0
20/07/1995 16:00,0
20/07/1995 17:00,0
20/07/1995 18:00,0
20/07/1995 19:00,0
20/07/1995 20:00,0
20/07/1995 21:00,0
20/07/1995 22:00,0
20/07/1995 23:00,0
21/07/1995 00:00,0
21/07/1995 01:00,0
21/07/1995 02:00,0
21/07/1995 03:00,0
21/07/1995 04:00,0
21/07/1995 05:00,0
21/07/1995 06:00,0
21/07/1995 07:00,0
21/07/1995 08:00,0
21/07/1995 09:00,0
21/07/1995 10:00,0
21/07/1995 11:00,0
21/07/1995 12:00,0
21/07/1995 13:00,0
21/07/1995 14:00,0
21/07/1995 15:00,0
21/07/1995 16:00,0
21/07/1995 17:00,0
21/07/1995 18:00,0
21/07/1995 19:00,0
21/07/1995 20:00,0
21/07/1995 21:00,0
21/07/1995 22:00,0
21/07/1995 23:00,0
22/07/1995 00:00,0
22/07/1995 01:00,0
22/07/1995 02:00,0
22/07/1995 03:00,0
22/07/1995 04:00,0
22/07/1995 05:00,0
22/07/1995 06:00,0
22/07/1995 07:00,0
22/07/1995 08:00,0
22/07/1995 09:00,0
22/07/1995 10:00,0
22/07/1995 11:00,0
22/07/1995 12:00,0
22/07/1995 13:00,0
22/07/1995 14:00,0
22/07/1995 15:00,0
22/07/1995 16:00,0
22/07/1995 17:00,0
22/07/1995 18:00,0
22/07/1995 19:00,0
22/07/1995 20:00,0
22/07/1995 21:00,0
22/07/1995 22:00,0
22/07/1995 23:00,0
23/07/1995 00:00,0
23/07/1995 01:00,0
23/07/1995 02:00,0
23/07/1995 03:00,0
23/07/1995 04:00,0
23/07/1995 05:00,0
23/07/1995 06:00,0
23/07/1995 07:00,0
23/07/1995 08:00,0
23/07/1995 09:00,0
23/07/1995 10:00,0
23/07/1995 11:00,0
23/07/1995 12:00,0
23/07/1995 13:00,0
23/07/1995 14:00,0
23/07/1995 15:00,0
23/07/1995 16:00,0
23/07/1995 17:00,0
23/07/1995 18:00,0
23/07/1995 19:00,0
23/07/1995 20:00,0
23/07/1995 21:00,0
23/07/1995 22:00,0
23/07/1995 23:00,0
24/07/1995 00:00,0
24/07/1995 01:00,0
24/07/1995 02:00,0
24/07/1995 03:00,0
24/07/1995 04:00,0
24/07/1995 05:00,0
24/07/1995 06:00,0
24/07/1995 07:00,0
24/07/1995 08:00,0
24/07/1995 09:00,0
24/07/1995 10:00,0
24/07/1995 11:00,0
24/07/1995 12:00,0
24/07/1995 13:00,0
24/07/1995 14:00,0
24/07/1995 15:00,0
24/07/1995 16:00,0
24/07/1995 17:00,0
24/07/1995 18:00,0
24/07/1995 19:00,0
24/07/1995 20:00,0
24/07/1995 21:00,0
24/07/1995 22:00,0
24/07/1995 23:00,0
25/07/1995 00:00,0
25/07/1995 01:00,0
25/07/1995 02:00,0
25/07/1995 03:00,0
25/07/1995 04:00,0
25/07/1995 05:00,0
25/07/1995 06:00,0
25/07/1995 07:00,0
25/07/1995 08:00,0
25/07/1995 09:00,0
25/07/1995 10:00,0
25/07/1995 11:00,0
25/07/1995 12:00,0
25/07/1995 13:00,0
25/07/1995 14:00,0
25/07/1995 15:00,0
25/07/1995 16:00,0
25/07/1995 17:00,0
25/07/1995 18:00,0
25/07/1995 19:00,0
25/07/1995 20:00,0
25/07/1995 21:00,0
25/07/1995 22:00,0
25/07/1995 23:00,0
26/07/1995 00:00,0
26/07/1995 01:00,0
26/07/1995 02:00,0
26/07/1995 03:00,0
26/07/1995 04:00,0
26/07/1995 05:00,0
26/07/1995 06:00,0
26/07/1995 07:00,0
26/07/1995 08:00,0
26/07/1995 09:00,0
26/07/1995 10:00,0
26/07/1995 11:00,0
26/07/1995 12:00,0
26/07/1995 13:00,0
26/07/1995 14:00,0
26/07/1995 15:00,0
26/07/1995 16:00,0
26/07/1995 17:00,0
26/07/1995 18:00,0
26/07/1995 19:00,0
26/07/1995 20:00,0
26/07/1995 21:00,0
26/07/1995 22:00,0
26/07/1995 23:00,0
27/07/1995 00:00,0
27/07/1995 01:00,0
27/07/1995 02:00,0
27/07/1995 03:00,0
27/07/1995 04:00,0
27/07/1995 05:00,0
27/07/1995 06:00,0
27/07/1995 07:00,0
27/07/1995 08:00,0
27/07/1995 09:00,0
27/07/1995 10:00,0
27/07/1995 11:00,0
27/07/1995 12:00,0
27/07/1995 13:00,0
27/07/1995 14:00,0
27/07/1995 15:00,0
27/07/1995 16:00,0
27/07/1995 17:00,0
27/07/1995 18:00,0
27/07/1995 19:00,0
27/07/1995 20:00,0
27/07/1995 21:00,0
27/07/1995 22:00,0
27/07/1995 23:00,0
28/07/1995 00:00,0
28/07/1995 01:00,0
28/07/1995 02:00,0
28/07/1995 03:00,0
28/07/1995 04:00,0
28/07/1995 05:00,0
28/07/1995 06:00,0
28/07/1995 07:00,0
28/07/1995 08:00,0
28/07/1995 09:00,0
28/07/1995 10:00,0
28/07/1995 11:00,0
28/07/1995 12:00,0
28/07/1995 13:00,0
28/07/1995 14:00,0
28/07/1995 15:00,0
28/07/1995 16:00,0
28/07/1995 17:00,0
28/07/1995 18:00,0
28/07/1995 19:00,0
28/07/1995 20:00,0
28/07/1995 21:00,0
28/07/1995 22:00,0
28/07/1995 23:00,0
29/07/1995 00:00,0
29/07/1995 01:00,0
29/07/1995 02:00,0
29/07/1995 03:00,0
29/07/1995 04:00,0
29/07/1995 05:00,0
29/07/1995 06:00,0
29/07/1995 07:00,0
29/07/1995 08:00,0
29/07/1995 09:00,0
29/07/1995 10:00,0
29/07/1995 11:00,0
29/07/1995 12:00,0
29/07/1995 13:00,0
29/07/1995 14:00,0
29/07/1995 15:00,0
29/07/1995 16:00,0
29/07/1995 17:00,0
29/07/1995 18:00,0
29/07/1995 19:00,0
29/07/1995 20:00,0
29/07/1995 21:00,0
29/07/1995 22:00,0
29/07/1995 23:00,0
30/07/1995 00:00,0
30/07/1995 01:00,0
30/07/1995 02:00,0
30/07/1995 03:00,0
30/07/1995 04:00,0
30/07/1995 05:00,0
30/07/1995 06:00,0
30/07/1995 07:00,0
30/07/1995 08:00,0
30/07/1995 09:00,0
30/07/1995 10:00,0
30/07/1995 11:00,0
30/07/1995 12:00,0
30/07/1995 13:00,0
30/07/1995 14:00,0
30/07/1995 15:00,0
30/07/1995 16:00,0
30/07/1995 17:00,0
30/07/1995 18:00,0
30/07/1995 19:00,0
30/07/1995 20:00,0
30/07/1995 21:00,0
30/07/1995 22:00,0
30/07/1995 23:00,0
31/07/1995 00:00,0
31/07/1995 01:00,0
31/07/1995 02:00,0
31/07/1995 03:00,0
31/07/1995 04:00,0
31/07/1995 05:00,0
31/07/1995 06:00,0
31/07/1995 07:00,0
31/07/1995 08:00,0
31/07/1995 09:00,0
31/07/1995 10:00,0
31/07/1995 11:00,0
31/07/1995 12:00,0
31/07/1995 13:00,0
31/07/1995 14:00,0
31/07/1995 15:00,0
31/07/1995 16:00,0
31/07/1995 17:00,0
31/07/1995 18:00,0
31/07/1995 19:00,0
31/07/1995 20:00,0
31/07/1995 21:00,0
31/07/1995 22:00,0
31/07/1995 23:00,0
01/08/1995 00:00,0
01/08/1995 01:00,0
01/08/1995 02:00,0
01/08/1995 03:00,0
01/08/1995 04:00,0
01/08/1995 05:00,0
01/08/1995 06:00,0
01/08/1995 07:00,0
01/08/1995 08:00,0
01/08/1995 09:00,0
01/08/1995 10:00,0
01/08/1995 11:00,0
01/08/1995 12:00,0
01/08/1995 13:00,0
01/08/1995 14:00,0
01/08/1995 15:00,0
01/08/1995 16:00,0
01/08/1995 17:00,0
01/08/1995 18:00,0
01/08/1995 19:00,0
01/08/1995 20:00,0
01/08/1995 21:00,0
01/08/1995 22:00,0
01/08/1995 23:00,0
02/08/1995 00:00,0
02/08/1995 01:00,0
02/08/1995 02:00,0
02/08/1995 03:00,0
02/08/1995 04:00,0
02/08/1995 05:00,0
02/08/1995 06:00,0
02/08/1995 07:00,0
02/08/1995 08:00,0
02/08/1995 09:00,0
02/08/1995 10:00,0
02/08/1995 11:00,0
02/08/1995 12:00,0
02/08/1995 13:00,0
02/08/1995 14:00,0
02/08/1995 15:00,0
02/08/1995 16:00,0
02/08/1995 17:00,0
02/08/1995 18:00,0
02/08/1995 19:00,0
02/08/1995 20:00,0
02/08/1995 21:00,0
02/08/1995 22:00,0
02/08/1995 23:00,0
03/08/1995 00:00,0
03/08/1995 01:00,0
03/08/1995 02:00,0
03/08/1995 03:00,0
03/08/1995 04:00,0
03/08/1995 05:00,0
03/08/1995 06:00,0
03/08/1995 07:00,0
03/08/1995 08:00,0
03/08/1995 09:00,0
03/08/1995 10:00,0
03/08/1995 11:00,0
03/08/1995 12:00,0
03/08/1995 13:00,0
03/08/1995 14:00,0
03/08/1995 15:00,0
03/08/1995 16:00,0
03/08/1995 17:00,0
03/08/1995 18:00,0
03/08/1995 19:00,0
03/08/1995 20:00,0
03/08/1995 21:00,0
03/08/1995 22:00,0
03/08/1995 23:00,0
04/08/1995 00:00,0
04/08/1995 01:00,0
04/08/1995 02:00,0
04/08/1995 03:00,0
04/08/1995 04:00,0
04/08/1995 05:00,0
04/08/1995 06:00,0
04/08/1995 07:00,0
04/08/1995 08:00,0
04/08/1995 09:00,0
04/08/1995 10:00,0
04/08/1995 11:00,0
04/08/1995 12:00,0
04/08/1995 13:00,0
04/08/1995 14:00,0
04/08/1995 15:00,0
04/08/1995 16:00,0
04/08/1995 17:00,0
04/08/1995 18:00,0
04/08/1995 19:00,0
04/08/1995 20:00,0
04/08/1995 21:00,0
04/08/1995 22:00,0
04/08/1995 23:00,0
05/08/1995 00:00,0
05/08/1995 01:00,0
05/08/1995 02:00,0
05/08/1995 03:00,0
05/08/1995 04:00,0
05/08/1995 05:00,0
05/08/1995 06:00,0
05/08/1995 07:00,0
05/08/1995 08:00,0
05/08/1995 09:00,0
05/08/1995 10:00,0
05/08/1995 11:00,0
05/08/1995 12:00,0
05/08/1995 13:00,0
05/08/1995 14:00,0
05/08/1995 15:00,0
05/08/1995 16:00,0
05/08/1995 17:00,0
05/08/1995 18:00,0
05/08/1995 19:00,0
05/08/1995 20:00,0
05/08/1995 21:00,0
05/08/1995 22:00,0
05/08/1995 23:00,0
06/08/1995 00:00,0
06/08/1995 01:00,0
06/08/1995 02:00,0
06/08/1995 03:00,0
06/08/1995 04:00,0
06/08/1995 05:00,0
06/08/1995 06:00,0
06/08/1995 07:00,0
06/08/1995 08:00,0
06/08/1995 09:00,0
06/08/1995 10:00,0
06/08/1995 11:00,0
06/08/1995 12:00,0
06/08/1995 13:00,0
06/08/1995 14:00,0
06/08/1995 15:00,0
06/08/1995 16:00,0
06/08/1995 17:00,0
06/08/1995 18:00,0
06/08/1995 19:00,0
06/08/1995 20:00,0
06/08/1995 21:00,0
06/08/1995 22:00,0
06/08/1995 23:00,0
07/08/1995 00:00,0
07/08/1995 01:00,0
07/08/1995 02:00,0
07/08/1995 03:00,0
07/08/1995 04:00,0
07/08/1995 05:00,0
07/08/1995 06:00,0
07/08/1995 07:00,0
07/08/1995 08:00,0
07/08/1995 09:00,0
07/08/1995 10:00,0
07/08/1995 11:00,0
07/08/1995 12:00,0
07/08/1995 13:00,0
07/08/1995 14:00,0
07/08/1995 15:00,0
07/08/1995 16:00,0
07/08/1995 17:00,0
07/08/1995 18:00,0
07/08/1995 19:00,0
07/08/1995 20:00,0
07/08/1995 21:00,0
07/08/1995 22:00,0
07/08/1995 23:00,0
08/08/1995 00:00,0
08/08/1995 01:00,0
08/08/1995 02:00,0
08/08/1995 03:00,0
08/08/1995 04:00,0
08/08/1995 05:00,0
08/08/1995 06:00,0
08/08/1995 07:00,0
08/08/1995 08:00,0
08/08/1995 09:00,0
08/08/1995 10:00,0
08/08/1995 11:00,0
08/08/1995 12:00,0
08/08/1995 13:00,0
08/08/1995 14:00,0
08/08/1995 15:00,0
08/08/1995 16:00,0
08/08/1995 17:00,0
08/08/1995 18:00,0
08/08/1995 19:00,0
08/08/1995 20:00,0
08/08/1995 21:00,0
08/08/1995 22:00,0
08/08/1995 23:00,0
09/08/1995 00:00,0
09/08/1995 01:00,0
09/08/1995 02:00,0
09/08/1995 03:00,0
09/08/1995 04:00,0
09/08/1995 05:00,0
09/08/1995 06:00,0
09/08/1995 07:00,0
09/08/1995 08:00,0
09/08/1995 09:00,0
09/08/1995 10:00,0
09/08/1995 11:00,0
09/08/1995 12:00,0
09/08/1995 13:00,0
09/08/1995 14:00,0
09/08/1995 15:00,0
09/08/1995 16:00,0
09/08/1995 17:00,0
09/08/1995 18:00,0
09/08/1995 19:00,0
09/08/1995 20:00,0
09/08/1995 21:00,0
09/08/1995 22:00,0
09/08/1995 23:00,0
10/08/1995 00:00,0
10/08/1995 01:00,0
10/08/1995 02:00,0
10/08/1995 03:00,0
10/08/1995 04:00,0
10/08/1995 05:00,0
10/08/1995 06:00,0
10/08/1995 07:00,0
10/08/1995 08:00,0
10/08/1995 09:00,0
10/08/1995 10:00,0
10/08/1995 11:00,0
10/08/1995 12:00,0
10/08/1995 13:00,0
10/08/1995 14:00,0
10/08/1995 15:00,0
10/08/1995 16:00,0
10/08/1995 17:00,0
10/08/1995 18:00,0
10/08/1995 19:00,0
10/08/1995 20:00,0
10/08/1995 21:00,0
10/08/1995 22:00,0
10/08/1995 23:00,0
11/08/1995 00:00,0
11/08/1995 01:00,0
11/08/1995 02:00,0
11/08/1995 03:00,0
11/08/1995 04:00,0
11/08/1995 05:00,0
11/08/1995 06:00,0
11/08/1995 07:00,0
11/08/1995 08:00,0
11/08/1995 09:00,0
11/08/1995 10:00,0
11/08/1995 11:00,0
11/08/1995 12:00,0
11/08/1995 13:00,0
11/08/1995 14:00,0
11/08/1995 15:00,0
11/08/1995 16:00,0
11/08/1995 17:00,0
11/08/1995 18:00,0
11/08/1995 19:00,0
11/08/1995 20:00,0
11/08/1995 21:00,0
11/08/1995 22:00,0
11/08/1995 23:00,0
12/08/1995 00:00,0
12/08/1995 01:00,0
12/08/1995 02:00,0
12/08/1995 03:00,0
12/08/1995 04:00,0
12/08/1995 05:00,0
12/08/1995 06:00,0
12/08/1995 07:00,0
12/08/1995 08:00,0
12/08/1995 09:00,0
12/08/1995 10:00,0
12/08/1995 11:00,0
12/08/1995 12:00,0
12/08/1995 13:00,0
12/08/1995 14:00,0
12/08/1995 15:00,0
12/08/1995 16:00,0
12/08/1995 17:00,0
12/08/1995 18:00,0
12/08/1995 19:00,0
12/08/1995 20:00,0
12/08/1995 21:00,0
12/08/1995 22:00,0
12/08/1995 23:00,0
13/08/1995 00:00,0
13/08/1995 01:00,0
13/08/1995 02:00,0
13/08/1995 03:00,0
13/08/1995 04:00,0
13/08/1995 05:00,0
13/08/1995 06:00,0
13/08/1995 07:00,0
13/08/1995 08:00,0
13/08/1995 09:00,0
13/08/1995 10:00,0
13/08/1995 11:00,0
13/08/1995 12:00,0
13/08/1995 13:00,0
13/08/1995 14:00,0
13/08/1995 15:00,0
13/08/1995 16:00,0
13/08/1995 17:00,0
13/08/1995 18:00,0
13/08/1995 19:00,0
13/08/1995 20:00,0
13/08/1995 21:00,0
13/08/1995 22:00,0
13/08/1995 23:00,0
14/08/1995 00:00,0
14/08/1995 01:00,0
14/08/1995 02:00,0
14/08/1995 03:00,0
14/08/1995 04:00,0
14/08/1995 05:00,0
14/08/1995 06:00,0
14/08/1995 07:00,0
14/08/1995 08:00,0
14/08/1995 09:00,0
14/08/1995 10:00,0
14/08/1995 11:00,0
14/08/1995 12:00,0
14/08/1995 13:00,0
14/08/1995 14:00,0
14/08/1995 15:00,0
14/08/1995 16:00,0
14/08/1995 17:00,0
14/08/1995 18:00,0
14/08/1995 19:00,0
14/08/1995 20:00,0
14/08/1995 21:00,0
14/08/1995 22:00,0
14/08/1995 23:00,0
15/08/1995 00:00,0
15/08/1995 01:00,0
15/08/1995 02:00,0
15/08/1995 03:00,0
15/08/1995 04:00,0
15/08/1995 05:00,0
15/08/1995 06:00,0
15/08/1995 07:00,0
15/08/1995 08:00,0
15/08/1995 09:00,0
15/08/1995 10:00,0
15/08/1995 11:00,0
15/08/1995 12:00,0
15/08/1995 13:00,0
15/08/1995 14:00,0
15/08/1995 15:00,0
15/08/1995 16:00,0
15/08/1995 17:00,0
15/08/1995 18:00,0
15/08/1995 19:00,0
15/08/1995 20:00,0
15/08/1995 21:00,0
15/08/1995 22:00,0
15/08/1995 23:00,0
16/08/1995 00:00,0
16/08/1995 01:00,0
16/08/1995 02:00,0
16/08/1995 03:00,0
16/08/1995 04:00,0
16/08/1995 05:00,0
16/08/1995 06:00,0
16/08/1995 07:00,0
16/08/1995 08:00,0
16/08/1995 09:00,0
16/08/1995 10:00,0
16/08/1995 11:00,0
16/08/1995 12:00,0
16/08/1995 13:00,0
16/08/1995 14:00,0
16/08/1995 15:00,0
16/08/1995 16:00,0
16/08/1995 17:00,0
16/08/1995 18:00,0
16/08/1995 19:00,0
16/08/1995 20:00,0
16/08/1995 21:00,0
16/08/1995 22:00,0
16/08/1995 23:00,0
17/08/1995 00:00,0
17/08/1995 01:00,0
17/08/1995 02:00,0
17/08/1995 03:00,0
17/08/1995 04:00,0
17/08/1995 05:00,0
17/08/1995 06:00,0
17/08/1995 07:00,0
17/08/1995 08:00,0
17/08/1995 09:00,0
17/08/1995 10:00,0
17/08/1995 11:00,0
17/08/1995 12:00,0
17/08/1995 13:00,0
17/08/1995 14:00,0
17/08/1995 15:00,0
17/08/1995 16:00,0
17/08/1995 17:00,0
17/08/1995 18:00,0
17/08/1995 19:00,0
17/08/1995 20:00,0
17/08/1995 21:00,0
17/08/1995 22:00,0
17/08/1995 23:00,0
18/08/1995 00:00,0
18/08/1995 01:00,0
18/08/1995 02:00,0
18/08/1995 03:00,0
18/08/1995 04:00,0
18/08/1995 05:00,0
18/08/1995 06:00,0
18/08/1995 07:00,0
18/08/1995 08:00,0
18/08/1995 09:00,0
18/08/1995 10:00,0
18/08/1995 11:00,0
18/08/1995 12:00,0
18/08/1995 13:00,0
18/08/1995 14:00,0
18/08/1995 15:00,0
18/08/1995 16:00,0
18/08/1995 17:00,0
18/08/1995 18:00,0
18/08/1995 19:00,0
18/08/1995 20:00,0
18/08/1995 21:00,0
18/08/1995 22:00,0
18/08/1995 23:00,0
19/08/1995 00:00,0
19/08/1995 01:00,0
19/08/1995 02:00,0
19/08/1995 03:00,0
19/08/1995 04:00,0
19/08/1995 05:00,0
19/08/1995 06:00,0
19/08/1995 07:00,0
19/08/1995 08:00,0
19/08/1995 09:00,0
19/08/1995 10:00,0
19/08/1995 11:00,0
19/08/1995 12:00,0
19/08/1995 13:00,0
19/08/1995 14:00,0
19/08/1995 15:00,0
19/08/1995 16:00,0
19/08/1995 17:00,0
19/08/1995 18:00,0
19/08/1995 19:00,0
19/08/1995 20:00,0
19/08/1995 21:00,0
19/08/1995 22:00,0
19/08/1995 23:00,0
20/08/1995 00:00,0
20/08/1995 01:00,0
20/08/1995 02:00,0
20/08/1995 03:00,0
20/08/1995 04:00,0
20/08/1995 05:00,0
20/08/1995 06:00,0
20/08/1995 07:00,0
20/08/1995 08:00,0
20/08/1995 09:00,0
20/08/1995 10:00,0
20/08/1995 11:00,0
20/08/1995 12:00,0
20/08/1995 13:00,0
20/08/1995 14:00,0
20/08/1995 15:00,0
20/08/1995 16:00,0
20/08/1995 17:00,0
20/08/1995 18:00,0
20/08/1995 19:00,0
20/08/1995 20:00,0
20/08/1995 21:00,0
20/08/1995 22:00,0
20/08/1995 23:00,0
21/08/1995 00:00,0
21/08/1995 01:00,0
21/08/1995 02:00,0
21/08/1995 03:00,0
21/08/1995 04:00,0
21/08/1995 05:00,0
21/08/1995 06:00,0
21/08/1995 07:00,0
21/08/1995 08:00,0
21/08/1995 09:00,0
21/08/1995 10:00,0
21/08/1995 11:00,0
21/08/1995 12:00,0
21/08/1995 13:00,0
21/08/1995 14:00,0
21/08/1995 15:00,0
21/08/1995 16:00,0
21/08/1995 17:00,0
21/08/1995 18:00,0
21/08/1995 19:00,0
21/08/1995 20:00,0
21/08/1995 21:00,0
21/08/1995 22:00,0
21/08/1995 23:00,0
22/08/1995 00:00,0
22/08/1995 01:00,0
22/08/1995 02:00,0
22/08/1995 03:00,0
22/08/1995 04:00,0
22/08/1995 05:00,0
22/08/1995 06:00,0
22/08/1995 07:00,0
22/08/1995 08:00,0
22/08/1995 09:00,0
22/08/1995 10:00,0
22/08/1995 11:00,0
22/08/1995 12:00,0
22/08/1995 13:00,0
22/08/1995 14:00,0
22/08/1995 15:00,0
22/08/1995 16:00,0
22/08/1995 17:00,0
22/08/1995 18:00,0
22/08/1995 19:00,0
22/08/1995 20:00,0
22/08/1995 21:00,0
22/08/1995 22:00,0
22/08/1995 23:00,0
23/08/1995 00:00,0
23/08/1995 01:00,0
23/08/1995 02:00,0
23/08/1995 03:00,0
23/08/1995 04:00,0
23/08/1995 05:00,0
23/08/1995 06:00,0
23/08/1995 07:00,0
23/08/1995 08:00,0
23/08/1995 09:00,0
23/08/1995 10:00,0
23/08/1995 11:00,0
23/08/1995 12:00,0
23/08/1995 13:00,0
23/08/1995 14:00,0
23/08/1995 15:00,0
23/08/1995 16:00,0
23/08/1995 17:00,0
23/08/1995 18:00,0
23/08/1995 19:00,0
23/08/1995 20:00,0
23/08/1995 21:00,0
23/08/1995 22:00,0
23/08/1995 23:00,0
24/08/1995 00:00,0
24/08/1995 01:00,0
24/08/1995 02:00,0
24/08/1995 03:00,0
24/08/1995 04:00,0
24/08/1995 05:00,0
24/08/1995 06:00,0
24/08/1995 07:00,0
24/08/1995 08:00,0
24/08/1995 09:00,0
24/08/1995 10:00,0
24/08/1995 11:00,0
24/08/1995 12:00,0
24/08/1995 13:00,0
24/08/1995 14:00,0
24/08/1995 15:00,0
24/08/1995 16:00,0
24/08/1995 17:00,0
24/08/1995 18:00,0
24/08/1995 19:00,0
24/08/1995 20:00,0
24/08/1995 21:00,0
24/08/1995 22:00,0
24/08/1995 23:00,0
25/08/1995 00:00,0
25/08/1995 01:00,0
25/08/1995 02:00,0
25/08/1995 03:00,0
25/08/1995 04:00,0
25/08/1995 05:00,0
25/08/1995 06:00,0
25/08/1995 07:00,0
25/08/1995 08:00,0
25/08/1995 09:00,0
25/08/1995 10:00,0
25/08/1995 11:00,0
25/08/1995 12:00,0
25/08/1995 13:00,0
25/08/1995 14:00,0
25/08/1995 15:00,0
25/08/1995 16:00,0
25/08/1995 17:00,0
25/08/1995 18:00,0
25/08/1995 19:00,0
25/08/1995 20:00,0
25/08/1995 21:00,0
25/08/1995 22:00,0
25/08/1995 23:00,0
26/08/1995 00:00,0
26/08/1995 01:00,0
26/08/1995 02:00,0
26/08/1995 03:00,0
26/08/1995 04:00,0
26/08/1995 05:00,0
26/08/1995 06:00,0
26/08/1995 07:00,0
26/08/1995 08:00,0
26/08/1995 09:00,0
26/08/1995 10:00,0
26/08/1995 11:00,0
26/08/1995 12:00,0
26/08/1995 13:00,0
26/08/1995 14:00,0
26/08/1995 15:00,0
26/08/1995 16:00,0
26/08/1995 17:00,0
26/08/1995 18:00,0
26/08/1995 19:00,0
26/08/1995 20:00,0
26/08/1995 21:00,0
26/08/1995 22:00,0
26/08/1995 23:00,0
27/08/1995 00:00,0
27/08/1995 01:00,0
27/08/1995 02:00,0
27/08/1995 03:00,0
27/08/1995 04:00,0
27/08/1995 05:00,0
27/08/1995 06:00,0
27/08/1995 07:00,0
27/08/1995 08:00,0
27/08/1995 09:00,0
27/08/1995 10:00,0
27/08/1995 11:00,0
27/08/1995 12:00,0
27/08/1995 13:00,0
27/08/1995 14:00,0
27/08/1995 15:00,0
27/08/1995 16:00,0
27/08/1995 17:00,0
27/08/1995 18:00,0
27/08/1995 19:00,0
27/08/1995 20:00,0
27/08/1995 21:00,0
27/08/1995 22:00,0
27/08/1995 23:00,0
28/08/1995 00:00,0
28/08/1995 01:00,0
28/08/1995 02:00,0
28/08/1995 03:00,0
28/08/1995 04:00,0
28/08/1995 05:00,0
28/08/1995 06:00,0
28/08/1995 07:00,0
28/08/1995 08:00,0
28/08/1995 09:00,0
28/08/1995 10:00,0
28/08/1995 11:00,0
28/08/1995 12:00,0
28/08/1995 13:00,0
28/08/1995 14:00,0
28/08/1995 15:00,0
28/08/1995 16:00,0
28/08/1995 17:00,0
28/08/1995 18:00,0
28/08/1995 19:00,0
28/08/1995 20:00,0
28/08/1995 21:00,0
28/08/1995 22:00,0
28/08/1995 23:00,0
29/08/1995 00:00,0
29/08/1995 01:00,0
29/08/1995 02:00,0
29/08/1995 03:00,0
29/08/1995 04:00,0
29/08/1995 05:00,0
29/08/1995 06:00,0
29/08/1995 07:00,0
29/08/1995 08:00,0
29/08/1995 09:00,0
29/08/1995 10:00,0
29/08/1995 11:00,0
29/08/1995 12:00,0
29/08/1995 13:00,0
29/08/1995 14:00,0
29/08/1995 15:00,0
29/08/1995 16:00,0
29/08/1995 17:00,0
29/08/1995 18:00,0
29/08/1995 19:00,0
29/08/1995 20:00,0
29/08/1995 21:00,0
29/08/1995 22:00,0
29/08/1995 23:00,0
30/08/1995 00:00,0
30/08/1995 01:00,0
30/08/1995 02:00,0
30/08/1995 03:00,0
30/08/1995 04:00,0
30/08/1995 05:00,0
30/08/1995 06:00,0
30/08/1995 07:00,0
30/08/1995 08:00,0
30/08/1995 09:00,0
30/08/1995 10:00,0
30/08/1995 11:00,0
30/08/1995 12:00,0
30/08/1995 13:00,0
30/08/1995 14:00,0
30/08/1995 15:00,0
30/08/1995 16:00,0
30/08/1995 17:00,0
30/08/1995 18:00,0
30/08/1995 19:00,0
30/08/1995 20:00,0
30/08/1995 21:00,0
30/08/1995 22:00,0
30/08/1995 23:00,0
31/08/1995 00:00,0
31/08/1995 01:00,0
31/08/1995 02:00,0
31/08/1995 03:00,0
31/08/1995 04:00,0
31/08/1995 05:00,0
31/08/1995 06:00,0
31/08/1995 07:00,0
31/08/1995 08:00,0
31/08/1995 09:00,0
31/08/1995 10:00,0
31/08/1995 11:00,0
31/08/1995 12:00,0
31/08/1995 13:00,0
31/08/1995 14:00,0
31/08/1995 15:00,0
31/08/1995 16:00,0
31/08/1995 17:00,0
31/08/1995 18:00,0
31/08/1995 19:00,0
31/08/1995 20:00,0
31/08/1995 21:00,0
31/08/1995 22:00,0
31/08/1995 23:00,0
01/09/1995 00:00,133.3327305
01/09/1995 01:00,137.3370894
01/09/1995 02:00,139.4336419
01/09/1995 03:00,139.776352
01/09/1995 04:00,138.7917358
01/09/1995 05:00,137.1629396
01/09/1995 06:00,130.4490455
01/09/1995 07:00,121.0498867
01/09/1995 08:00,108.7308391
01/09/1995 09:00,88.12258534
01/09/1995 10:00,52.28561242
01/09/1995 11:00,43.12601471
01/09/1995 12:00,33.41499716
01/09/1995 13:00,30.10935217
01/09/1995 14:00,29.74647706
01/09/1995 15:00,33.69791327
01/09/1995 16:00,34.76929577
01/09/1995 17:00,37.39563685
01/09/1995 18:00,64.7120102
01/09/1995 19:00,74.54288864
01/09/1995 20:00,88.58542204
01/09/1995 21:00,94.03113772
01/09/1995 22:00,96.93417734
01/09/1995 23:00,101.0700178
02/09/1995 00:00,72.61977565
02/09/1995 01:00,74.44229593
02/09/1995 02:00,76.14599889
02/09/1995 03:00,77.64719956
02/09/1995 04:00,78.55785678
02/09/1995 05:00,79.4010078
02/09/1995 06:00,75.11348503
02/09/1995 07:00,65.51886439
02/09/1995 08:00,43.155967
02/09/1995 09:00,16.88117964
02/09/1995 10:00,13.48902464
02/09/1995 11:00,9.897509954
02/09/1995 12:00,9.006132396
02/09/1995 13:00,6.879050922
02/09/1995 14:00,7.816307669
02/09/1995 15:00,9.284372758
02/09/1995 16:00,9.943369984
02/09/1995 17:00,17.41885924
02/09/1995 18:00,35.67552287
02/09/1995 19:00,59.75701302
02/09/1995 20:00,66.54693794
02/09/1995 21:00,70.16856288
02/09/1995 22:00,70.60219304
02/09/1995 23:00,71.33645101
03/09/1995 00:00,86.17579676
03/09/1995 01:00,86.86060769
03/09/1995 02:00,89.08118662
03/09/1995 03:00,89.03122086
03/09/1995 04:00,90.2330002
03/09/1995 05:00,89.63796004
03/09/1995 06:00,84.88989531
03/09/1995 07:00,72.45182898
03/09/1995 08:00,39.1966846
03/09/1995 09:00,11.58761758
03/09/1995 10:00,18.97650241
03/09/1995 11:00,27.8379751
03/09/1995 12:00,39.16596546
03/09/1995 13:00,59.86029969
03/09/1995 14:00,67.61655348
03/09/1995 15:00,59.03599905
03/09/1995 16:00,76.17206351
03/09/1995 17:00,87.12892788
03/09/1995 18:00,92.62616941
03/09/1995 19:00,97.31086467
03/09/1995 20:00,97.70345569
03/09/1995 21:00,99.61796843
03/09/1995 22:00,102.8687362
03/09/1995 23:00,104.6226256
04/09/1995 00:00,146.1834526
04/09/1995 01:00,147.2528286
04/09/1995 02:00,148.6682386
04/09/1995 03:00,150.8398406
04/09/1995 04:00,152.7959804
04/09/1995 05:00,153.5702934
04/09/1995 06:00,152.52648
04/09/1995 07:00,147.9918232
04/09/1995 08:00,140.5645803
04/09/1995 09:00,124.3046805
04/09/1995 10:00,111.1515423
04/09/1995 11:00,90.87510724
04/09/1995 12:00,76.18914039
04/09/1995 13:00,64.5577123
04/09/1995 14:00,47.88036853
04/09/1995 15:00,45.80704735
04/09/1995 16:00,44.97370641
04/09/1995 17:00,78.1917471
04/09/1995 18:00,114.8223563
04/09/1995 19:00,138.8823402
04/09/1995 20:00,148.6432674
04/09/1995 21:00,157.9740732
04/09/1995 22:00,163.0115712
04/09/1995 23:00,166.9756668
05/09/1995 00:00,156.6271124
05/09/1995 01:00,159.5506743
05/09/1995 02:00,161.9394127
05/09/1995 03:00,164.6849601
05/09/1995 04:00,165.6341696
05/09/1995 05:00,163.0834683
05/09/1995 06:00,153.4061066
05/09/1995 07:00,136.1052605
05/09/1995 08:00,120.6036512
05/09/1995 09:00,96.55083339
05/09/1995 10:00,71.58275751
05/09/1995 11:00,40.3194734
05/09/1995 12:00,21.57358044
05/09/1995 13:00,13.76459867
05/09/1995 14:00,11.86923545
05/09/1995 15:00,11.26526782
05/09/1995 16:00,20.80262377
05/09/1995 17:00,34.5690568
05/09/1995 18:00,48.60976987
05/09/1995 19:00,88.84760339
05/09/1995 20:00,97.7521882
05/09/1995 21:00,103.5286019
05/09/1995 22:00,107.4628147
05/09/1995 23:00,110.9073406
06/09/1995 00:00,52.53854413
06/09/1995 01:00,53.06306987
06/09/1995 02:00,54.87487118
06/09/1995 03:00,56.57977946
06/09/1995 04:00,57.25122316
06/09/1995 05:00,56.44190174
06/09/1995 06:00,52.4720892
06/09/1995 07:00,45.65381092
06/09/1995 08:00,35.97104021
06/09/1995 09:00,11.17149179
06/09/1995 10:00,6.873934479
06/09/1995 11:00,4.370701421
06/09/1995 12:00,3.168781724
06/09/1995 13:00,2.538212234
06/09/1995 14:00,2.585805931
06/09/1995 15:00,3.77814767
06/09/1995 16:00,3.347644205
06/09/1995 17:00,7.558291079
06/09/1995 18:00,23.53626684
06/09/1995 19:00,39.41127783
06/09/1995 20:00,41.51196962
06/09/1995 21:00,45.0146068
06/09/1995 22:00,47.3337199
06/09/1995 23:00,48.21520015
07/09/1995 00:00,78.74883958
07/09/1995 01:00,80.4396718
07/09/1995 02:00,81.60813578
07/09/1995 03:00,81.06672116
07/09/1995 04:00,83.31185439
07/09/1995 05:00,81.6030837
07/09/1995 06:00,68.9848215
07/09/1995 07:00,56.83071929
07/09/1995 08:00,30.89804761
07/09/1995 09:00,2.839727512
07/09/1995 10:00,3.785678889
07/09/1995 11:00,13.65823758
07/09/1995 12:00,35.70427247
07/09/1995 13:00,49.20450248
07/09/1995 14:00,71.82958066
07/09/1995 15:00,80.51596304
07/09/1995 16:00,81.36734326
07/09/1995 17:00,81.17544056
07/09/1995 18:00,82.83458144
07/09/1995 19:00,83.93967054
07/09/1995 20:00,83.89129288
07/09/1995 21:00,84.20364262
07/09/1995 22:00,83.86122903
07/09/1995 23:00,82.47516806
08/09/1995 00:00,58.58379144
08/09/1995 01:00,57.99615727
08/09/1995 02:00,58.29611805
08/09/1995 03:00,58.62058274
08/09/1995 04:00,58.31705122
08/09/1995 05:00,56.46762517
08/09/1995 06:00,52.48849659
08/09/1995 07:00,45.9420196
08/09/1995 08:00,36.27232545
08/09/1995 09:00,21.2806833
08/09/1995 10:00,20.663499
08/09/1995 11:00,18.93712162
08/09/1995 12:00,23.28769429
08/09/1995 13:00,15.37494068
08/09/1995 14:00,15.81116952
08/09/1995 15:00,14.22111385
08/09/1995 16:00,16.71481538
08/09/1995 17:00,27.24987678
08/09/1995 18:00,35.46236888
08/09/1995 19:00,40.05391736
08/09/1995 20:00,45.25279628
08/09/1995 21:00,45.41988322
08/09/1995 22:00,46.14236377
08/09/1995 23:00,48.58816425
09/09/1995 00:00,49.90639299
09/09/1995 01:00,64.13364336
09/09/1995 02:00,66.28960579
09/09/1995 03:00,67.64096201
09/09/1995 04:00,69.57417502
09/09/1995 05:00,70.4342108
09/09/1995 06:00,68.27652969
09/09/1995 07:00,63.06653095
09/09/1995 08:00,55.28406224
09/09/1995 09:00,35.61712578
09/09/1995 10:00,16.69251119
09/09/1995 11:00,13.71261561
09/09/1995 12:00,9.877181503
09/09/1995 13:00,7.21063558
09/09/1995 14:00,7.127785791
09/09/1995 15:00,6.21237104
09/09/1995 16:00,8.206537459
09/09/1995 17:00,21.95277419
09/09/1995 18:00,55.71177864
09/09/1995 19:00,73.50933291
09/09/1995 20:00,79.31300264
09/09/1995 21:00,83.47129146
09/09/1995 22:00,85.8806528
09/09/1995 23:00,86.39489173
10/09/1995 00:00,60.21752902
10/09/1995 01:00,60.67426037
10/09/1995 02:00,60.65983735
10/09/1995 03:00,60.12891357
10/09/1995 04:00,60.04159677
10/09/1995 05:00,60.20096125
10/09/1995 06:00,56.77519172
10/09/1995 07:00,51.93807235
10/09/1995 08:00,46.07914275
10/09/1995 09:00,33.18760098
10/09/1995 10:00,22.48182052
10/09/1995 11:00,8.632156687
10/09/1995 12:00,2.33428194
10/09/1995 13:00,1.221186387
10/09/1995 14:00,1.177988003
10/09/1995 15:00,1.209173917
10/09/1995 16:00,2.059685194
10/09/1995 17:00,5.370350419
10/09/1995 18:00,19.96728659
10/09/1995 19:00,33.70608199
10/09/1995 20:00,36.1765467
10/09/1995 21:00,38.37791848
10/09/1995 22:00,39.64405326
10/09/1995 23:00,38.56767113
11/09/1995 00:00,10.88398543
11/09/1995 01:00,11.21691223
11/09/1995 02:00,8.663129354
11/09/1995 03:00,10.55442995
11/09/1995 04:00,11.62162432
11/09/1995 05:00,11.73039064
11/09/1995 06:00,11.42686573
11/09/1995 07:00,10.08726055
11/09/1995 08:00,9.325400365
11/09/1995 09:00,6.918747932
11/09/1995 10:00,5.82162714
11/09/1995 11:00,5.137325243
11/09/1995 12:00,2.696430534
11/09/1995 13:00,2.551038709
11/09/1995 14:00,1.473386019
11/09/1995 15:00,2.467860684
11/09/1995 16:00,2.969875431
11/09/1995 17:00,4.95165492
11/09/1995 18:00,8.249643456
11/09/1995 19:00,10.4310099
11/09/1995 20:00,10.92027813
11/09/1995 21:00,11.07796159
11/09/1995 22:00,11.53561328
11/09/1995 23:00,11.71710497
12/09/1995 00:00,35.01970279
12/09/1995 01:00,35.80290993
12/09/1995 02:00,36.96019034
12/09/1995 03:00,37.70800707
12/09/1995 04:00,38.94650924
12/09/1995 05:00,40.68017099
12/09/1995 06:00,39.79857788
12/09/1995 07:00,36.18147059
12/09/1995 08:00,20.08464309
12/09/1995 09:00,14.71618166
12/09/1995 10:00,11.07067604
12/09/1995 11:00,10.2353753
12/09/1995 12:00,9.741568491
12/09/1995 13:00,9.222198568
12/09/1995 14:00,11.18619872
12/09/1995 15:00,25.72797561
12/09/1995 16:00,28.60907871
12/09/1995 17:00,33.23502867
12/09/1995 18:00,34.87931521
12/09/1995 19:00,36.19558523
12/09/1995 20:00,36.78103627
12/09/1995 21:00,36.92884213
12/09/1995 22:00,38.50235809
12/09/1995 23:00,39.02336393
13/09/1995 00:00,65.38920423
13/09/1995 01:00,69.935705
13/09/1995 02:00,71.74090633
13/09/1995 03:00,72.4977689
13/09/1995 04:00,74.49102961
13/09/1995 05:00,76.26021351
13/09/1995 06:00,76.20441997
13/09/1995 07:00,76.19642759
13/09/1995 08:00,74.20533987
13/09/1995 09:00,73.22447678
13/09/1995 10:00,72.21559228
13/09/1995 11:00,72.6633493
13/09/1995 12:00,71.52064284
13/09/1995 13:00,72.39836263
13/09/1995 14:00,76.33333842
13/09/1995 15:00,78.37568508
13/09/1995 16:00,80.89467614
13/09/1995 17:00,83.47900589
13/09/1995 18:00,85.80812567
13/09/1995 19:00,87.3151737
13/09/1995 20:00,88.052637
13/09/1995 21:00,88.89802209
13/09/1995 22:00,88.96113204
13/09/1995 23:00,89.94637167
14/09/1995 00:00,97.14991179
14/09/1995 01:00,97.75144339
14/09/1995 02:00,98.21573152
14/09/1995 03:00,98.74707943
14/09/1995 04:00,99.31821782
14/09/1995 05:00,99.58256287
14/09/1995 06:00,98.72545682
14/09/1995 07:00,96.57237745
14/09/1995 08:00,93.49497318
14/09/1995 09:00,89.26533051
14/09/1995 10:00,81.20908116
14/09/1995 11:00,77.02275615
14/09/1995 12:00,68.98157515
14/09/1995 13:00,66.51519665
14/09/1995 14:00,62.44736161
14/09/1995 15:00,50.95171502
14/09/1995 16:00,56.51075553
14/09/1995 17:00,73.39991819
14/09/1995 18:00,84.76417113
14/09/1995 19:00,90.94005675
14/09/1995 20:00,94.1025152
14/09/1995 21:00,96.83529131
14/09/1995 22:00,100.0178201
14/09/1995 23:00,102.2412151
15/09/1995 00:00,110.2589151
15/09/1995 01:00,110.6420982
15/09/1995 02:00,113.0335811
15/09/1995 03:00,113.5614931
15/09/1995 04:00,114.7766961
15/09/1995 05:00,114.3409291
15/09/1995 06:00,110.7997589
15/09/1995 07:00,104.4974202
15/09/1995 08:00,97.38142961
15/09/1995 09:00,89.85717899
15/09/1995 10:00,77.61247817
15/09/1995 11:00,54.47929061
15/09/1995 12:00,42.04580918
15/09/1995 13:00,35.15095995
15/09/1995 14:00,30.78585551
15/09/1995 15:00,31.96114315
15/09/1995 16:00,38.46882374
15/09/1995 17:00,63.3789806
15/09/1995 18:00,90.91527479
15/09/1995 19:00,103.6551989
15/09/1995 20:00,108.9203132
15/09/1995 21:00,114.0819263
15/09/1995 22:00,117.103588
15/09/1995 23:00,118.7665759
16/09/1995 00:00,103.6182218
16/09/1995 01:00,104.9262042
16/09/1995 02:00,105.5586956
16/09/1995 03:00,105.3324289
16/09/1995 04:00,105.2016541
16/09/1995 05:00,104.1082479
16/09/1995 06:00,99.50319434
16/09/1995 07:00,90.38363254
16/09/1995 08:00,77.92003818
16/09/1995 09:00,59.39151695
16/09/1995 10:00,16.88567817
16/09/1995 11:00,9.61208967
16/09/1995 12:00,8.508689917
16/09/1995 13:00,20.96037417
16/09/1995 14:00,7.578955924
16/09/1995 15:00,8.492021252
16/09/1995 16:00,15.66839016
16/09/1995 17:00,49.41336253
16/09/1995 18:00,66.6317832
16/09/1995 19:00,71.20296377
16/09/1995 20:00,80.60771881
16/09/1995 21:00,82.71461212
16/09/1995 22:00,82.80603256
16/09/1995 23:00,84.63849517
17/09/1995 00:00,55.33701618
17/09/1995 01:00,57.64785369
17/09/1995 02:00,59.9643325
17/09/1995 03:00,61.72159277
17/09/1995 04:00,62.69921797
17/09/1995 05:00,63.55554688
17/09/1995 06:00,60.82723675
17/09/1995 07:00,53.52919014
17/09/1995 08:00,45.81288681
17/09/1995 09:00,25.71843874
17/09/1995 10:00,7.996924535
17/09/1995 11:00,5.953914124
17/09/1995 12:00,3.84526263
17/09/1995 13:00,2.666721367
17/09/1995 14:00,2.720519683
17/09/1995 15:00,3.085187831
17/09/1995 16:00,5.034089574
17/09/1995 17:00,15.34664712
17/09/1995 18:00,36.20159829
17/09/1995 19:00,41.46405909
17/09/1995 20:00,46.37091234
17/09/1995 21:00,48.17638819
17/09/1995 22:00,51.22257647
17/09/1995 23:00,52.5234357
18/09/1995 00:00,67.52545875
18/09/1995 01:00,69.69341255
18/09/1995 02:00,71.12340617
18/09/1995 03:00,71.53126476
18/09/1995 04:00,72.16969353
18/09/1995 05:00,70.00348368
18/09/1995 06:00,64.80414969
18/09/1995 07:00,57.7169515
18/09/1995 08:00,47.94951469
18/09/1995 09:00,24.5969922
18/09/1995 10:00,16.33285338
18/09/1995 11:00,7.638569021
18/09/1995 12:00,4.002088652
18/09/1995 13:00,3.532045935
18/09/1995 14:00,3.016800111
18/09/1995 15:00,3.071206783
18/09/1995 16:00,4.355556854
18/09/1995 17:00,11.74252546
18/09/1995 18:00,28.98413273
18/09/1995 19:00,48.84086876
18/09/1995 20:00,52.8401651
18/09/1995 21:00,53.71966802
18/09/1995 22:00,53.00229805
18/09/1995 23:00,54.51196775
19/09/1995 00:00,65.63083719
19/09/1995 01:00,65.92795781
19/09/1995 02:00,66.53475738
19/09/1995 03:00,67.68455757
19/09/1995 04:00,69.62449586
19/09/1995 05:00,69.93119389
19/09/1995 06:00,72.57705574
19/09/1995 07:00,69.96080117
19/09/1995 08:00,61.43416521
19/09/1995 09:00,56.83799218
19/09/1995 10:00,44.6804883
19/09/1995 11:00,35.80227596
19/09/1995 12:00,36.29140227
19/09/1995 13:00,37.55248073
19/09/1995 14:00,41.51266376
19/09/1995 15:00,44.24716185
19/09/1995 16:00,48.19620984
19/09/1995 17:00,52.11954724
19/09/1995 18:00,58.11796989
19/09/1995 19:00,68.21319602
19/09/1995 20:00,73.62041292
19/09/1995 21:00,75.60313967
19/09/1995 22:00,77.04603274
19/09/1995 23:00,78.69188921
20/09/1995 00:00,90.48424398
20/09/1995 01:00,91.41070546
20/09/1995 02:00,93.40171897
20/09/1995 03:00,94.30710794
20/09/1995 04:00,94.97642623
20/09/1995 05:00,94.92454427
20/09/1995 06:00,92.89921966
20/09/1995 07:00,89.04058695
20/09/1995 08:00,80.98533652
20/09/1995 09:00,76.10712745
20/09/1995 10:00,68.43702591
20/09/1995 11:00,60.82976719
20/09/1995 12:00,63.28795378
20/09/1995 13:00,62.11737569
20/09/1995 14:00,66.08339486
20/09/1995 15:00,76.35117848
20/09/1995 16:00,81.61124283
20/09/1995 17:00,86.97535013
20/09/1995 18:00,91.31934249
20/09/1995 19:00,94.88933915
20/09/1995 20:00,97.36397686
20/09/1995 21:00,99.73041384
20/09/1995 22:00,102.2788113
20/09/1995 23:00,103.3783688
21/09/1995 00:00,127.5595499
21/09/1995 01:00,127.8535468
21/09/1995 02:00,127.8796317
21/09/1995 03:00,127.8399286
21/09/1995 04:00,127.7055809
21/09/1995 05:00,127.550182
21/09/1995 06:00,125.7708908
21/09/1995 07:00,122.9499621
21/09/1995 08:00,119.6001799
21/09/1995 09:00,114.2766011
21/09/1995 10:00,105.4591928
21/09/1995 11:00,87.9357911
21/09/1995 12:00,69.45373823
21/09/1995 13:00,67.38308322
21/09/1995 14:00,66.94628321
21/09/1995 15:00,69.23868102
21/09/1995 16:00,76.44858861
21/09/1995 17:00,85.79463304
21/09/1995 18:00,96.37028987
21/09/1995 19:00,108.6382141
21/09/1995 20:00,114.5664053
21/09/1995 21:00,116.8988115
21/09/1995 22:00,119.4488207
21/09/1995 23:00,124.0970267
22/09/1995 00:00,116.9045144
22/09/1995 01:00,119.2078024
22/09/1995 02:00,121.8542316
22/09/1995 03:00,125.15114
22/09/1995 04:00,127.4881609
22/09/1995 05:00,128.5695913
22/09/1995 06:00,126.7961902
22/09/1995 07:00,120.7512843
22/09/1995 08:00,110.9728771
22/09/1995 09:00,88.58389639
22/09/1995 10:00,71.98633649
22/09/1995 11:00,41.67566678
22/09/1995 12:00,25.39164808
22/09/1995 13:00,18.79367454
22/09/1995 14:00,19.68975126
22/09/1995 15:00,23.25347848
22/09/1995 16:00,34.01834376
22/09/1995 17:00,70.17334224
22/09/1995 18:00,96.50525341
22/09/1995 19:00,109.0163156
22/09/1995 20:00,116.0590593
22/09/1995 21:00,122.0420668
22/09/1995 22:00,127.632902
22/09/1995 23:00,131.1959538
23/09/1995 00:00,139.4382297
23/09/1995 01:00,143.708412
23/09/1995 02:00,147.5081344
23/09/1995 03:00,149.4027978
23/09/1995 04:00,151.1692196
23/09/1995 05:00,152.2650963
23/09/1995 06:00,147.4656582
23/09/1995 07:00,135.4085356
23/09/1995 08:00,121.1656676
23/09/1995 09:00,93.70950986
23/09/1995 10:00,44.51851867
23/09/1995 11:00,18.31202041
23/09/1995 12:00,8.113678801
23/09/1995 13:00,7.033799372
23/09/1995 14:00,7.408023054
23/09/1995 15:00,8.477948668
23/09/1995 16:00,13.21581043
23/09/1995 17:00,35.32819883
23/09/1995 18:00,75.2796503
23/09/1995 19:00,100.177149
23/09/1995 20:00,110.7902665
23/09/1995 21:00,118.3102486
23/09/1995 22:00,123.4176423
23/09/1995 23:00,128.0194854
24/09/1995 00:00,137.7937354
24/09/1995 01:00,141.2797609
24/09/1995 02:00,143.7355145
24/09/1995 03:00,146.5171174
24/09/1995 04:00,147.8032281
24/09/1995 05:00,147.9858132
24/09/1995 06:00,143.6952406
24/09/1995 07:00,132.5964175
24/09/1995 08:00,117.9247483
24/09/1995 09:00,96.56200691
24/09/1995 10:00,57.09977911
24/09/1995 11:00,31.950952
24/09/1995 12:00,34.61532798
24/09/1995 13:00,20.63999631
24/09/1995 14:00,24.82047617
24/09/1995 15:00,31.5785907
24/09/1995 16:00,42.12891409
24/09/1995 17:00,74.19315336
24/09/1995 18:00,88.86753964
24/09/1995 19:00,104.0858437
24/09/1995 20:00,107.5631136
24/09/1995 21:00,109.8509791
24/09/1995 22:00,111.9228887
24/09/1995 23:00,108.1924247
25/09/1995 00:00,127.7798241
25/09/1995 01:00,133.3047649
25/09/1995 02:00,139.097916
25/09/1995 03:00,144.0158621
25/09/1995 04:00,148.4296145
25/09/1995 05:00,153.1662802
25/09/1995 06:00,155.4456702
25/09/1995 07:00,156.7159357
25/09/1995 08:00,150.9511075
25/09/1995 09:00,144.3582057
25/09/1995 10:00,130.0420593
25/09/1995 11:00,118.3931304
25/09/1995 12:00,97.78420054
25/09/1995 13:00,89.94508226
25/09/1995 14:00,85.73888318
25/09/1995 15:00,92.30354627
25/09/1995 16:00,99.44633375
25/09/1995 17:00,113.9179665
25/09/1995 18:00,132.3932448
25/09/1995 19:00,138.6116288
25/09/1995 20:00,146.2550313
25/09/1995 21:00,150.2356261
25/09/1995 22:00,153.0044011
25/09/1995 23:00,155.1379081
26/09/1995 00:00,149.1348824
26/09/1995 01:00,149.3697097
26/09/1995 02:00,150.1228725
26/09/1995 03:00,149.6714328
26/09/1995 04:00,149.8464475
26/09/1995 05:00,150.1023699
26/09/1995 06:00,146.1472842
26/09/1995 07:00,138.7944215
26/09/1995 08:00,128.0044596
26/09/1995 09:00,111.3579576
26/09/1995 10:00,90.00094685
26/09/1995 11:00,72.12542873
26/09/1995 12:00,49.54787403
26/09/1995 13:00,38.50211541
26/09/1995 14:00,32.75106431
26/09/1995 15:00,35.35344111
26/09/1995 16:00,50.36859048
26/09/1995 17:00,86.66526577
26/09/1995 18:00,115.6949886
26/09/1995 19:00,130.6145226
26/09/1995 20:00,138.8427624
26/09/1995 21:00,144.4677549
26/09/1995 22:00,146.7320113
26/09/1995 23:00,152.1345361
27/09/1995 00:00,123.4905044
27/09/1995 01:00,123.8973033
27/09/1995 02:00,124.7932967
27/09/1995 03:00,125.8815068
27/09/1995 04:00,125.835605
27/09/1995 05:00,126.1240846
27/09/1995 06:00,121.6502159
27/09/1995 07:00,107.6962809
27/09/1995 08:00,93.84365431
27/09/1995 09:00,57.5443748
27/09/1995 10:00,28.16345413
27/09/1995 11:00,13.49647889
27/09/1995 12:00,10.00651587
27/09/1995 13:00,18.13164107
27/09/1995 14:00,33.55428195
27/09/1995 15:00,55.13202687
27/09/1995 16:00,65.47930311
27/09/1995 17:00,68.9233777
27/09/1995 18:00,72.95303812
27/09/1995 19:00,73.22732076
27/09/1995 20:00,73.29913967
27/09/1995 21:00,74.18717256
27/09/1995 22:00,80.17756188
27/09/1995 23:00,89.9255884
28/09/1995 00:00,123.0308035
28/09/1995 01:00,135.78791
28/09/1995 02:00,139.2052506
28/09/1995 03:00,141.2265694
28/09/1995 04:00,144.5032448
28/09/1995 05:00,148.7015705
28/09/1995 06:00,150.3197637
28/09/1995 07:00,142.4709994
28/09/1995 08:00,134.0590334
28/09/1995 09:00,114.4112778
28/09/1995 10:00,102.2385681
28/09/1995 11:00,88.89905371
28/09/1995 12:00,89.87218301
28/09/1995 13:00,91.91306561
28/09/1995 14:00,101.7667518
28/09/1995 15:00,122.5817096
28/09/1995 16:00,133.1816899
28/09/1995 17:00,146.0460311
28/09/1995 18:00,155.7065956
28/09/1995 19:00,160.3977128
28/09/1995 20:00,165.3089166
28/09/1995 21:00,167.8409378
28/09/1995 22:00,172.8341997
28/09/1995 23:00,176.8230381
29/09/1995 00:00,187.1881831
29/09/1995 01:00,190.7571738
29/09/1995 02:00,193.7916719
29/09/1995 03:00,196.7621632
29/09/1995 04:00,199.6103589
29/09/1995 05:00,205.2741029
29/09/1995 06:00,202.6744636
29/09/1995 07:00,187.3249784
29/09/1995 08:00,170.7462227
29/09/1995 09:00,159.4825885
29/09/1995 10:00,143.2950153
29/09/1995 11:00,120.8417439
29/09/1995 12:00,107.4097974
29/09/1995 13:00,90.23157883
29/09/1995 14:00,88.76552956
29/09/1995 15:00,92.21610007
29/09/1995 16:00,117.2640611
29/09/1995 17:00,154.9021166
29/09/1995 18:00,176.9013192
29/09/1995 19:00,189.7284072
29/09/1995 20:00,198.0990504
29/09/1995 21:00,205.304458
29/09/1995 22:00,211.3416783
29/09/1995 23:00,216.7661678
30/09/1995 00:00,223.5305206
30/09/1995 01:00,229.5160718
30/09/1995 02:00,233.5162286
30/09/1995 03:00,236.2049499
30/09/1995 04:00,240.6972987
30/09/1995 05:00,242.5318928
30/09/1995 06:00,240.1514019
30/09/1995 07:00,221.7170741
30/09/1995 08:00,199.2973864
30/09/1995 09:00,179.2510167
30/09/1995 10:00,160.7684224
30/09/1995 11:00,145.856652
30/09/1995 12:00,128.0735789
30/09/1995 13:00,118.1076894
30/09/1995 14:00,100.8348591
30/09/1995 15:00,103.6284781
30/09/1995 16:00,122.1099554
30/09/1995 17:00,153.9675363
30/09/1995 18:00,171.9084934
30/09/1995 19:00,178.4436073
30/09/1995 20:00,184.9345262
30/09/1995 21:00,187.4931794
30/09/1995 22:00,187.1554504
30/09/1995 23:00,187.2413006
01/10/1995 00:00,176.0576925
01/10/1995 01:00,173.9137604
01/10/1995 02:00,172.8021207
01/10/1995 03:00,170.3636865
01/10/1995 04:00,168.5273621
01/10/1995 05:00,167.40215
01/10/1995 06:00,165.0631984
01/10/1995 07:00,161.1871944
01/10/1995 08:00,154.9767006
01/10/1995 09:00,147.5058698
01/10/1995 10:00,138.4281739
01/10/1995 11:00,129.120156
01/10/1995 12:00,118.8043268
01/10/1995 13:00,100.2017582
01/10/1995 14:00,82.02571626
01/10/1995 15:00,77.04134204
01/10/1995 16:00,77.27586331
01/10/1995 17:00,86.7878375
01/10/1995 18:00,97.69665047
01/10/1995 19:00,105.9815449
01/10/1995 20:00,108.4406079
01/10/1995 21:00,112.3802359
01/10/1995 22:00,119.9089658
01/10/1995 23:00,116.5006712
02/10/1995 00:00,91.01616391
02/10/1995 01:00,93.08486969
02/10/1995 02:00,94.3680185
02/10/1995 03:00,96.58131326
02/10/1995 04:00,100.5053781
02/10/1995 05:00,103.7600785
02/10/1995 06:00,102.6160237
02/10/1995 07:00,90.54790927
02/10/1995 08:00,70.73015311
02/10/1995 09:00,32.6729907
02/10/1995 10:00,8.691982567
02/10/1995 11:00,2.293259629
02/10/1995 12:00,2.105974299
02/10/1995 13:00,1.926655805
02/10/1995 14:00,1.925386672
02/10/1995 15:00,3.188677166
02/10/1995 16:00,7.665709765
02/10/1995 17:00,24.68988691
02/10/1995 18:00,50.72046684
02/10/1995 19:00,58.26029963
02/10/1995 20:00,64.71535172
02/10/1995 21:00,71.37543195
02/10/1995 22:00,74.52917148
02/10/1995 23:00,80.96867236
03/10/1995 00:00,69.99439464
03/10/1995 01:00,71.42791951
03/10/1995 02:00,71.71388855
03/10/1995 03:00,73.02778188
03/10/1995 04:00,72.31716706
03/10/1995 05:00,71.85411679
03/10/1995 06:00,68.72097834
03/10/1995 07:00,63.11676903
03/10/1995 08:00,48.51278619
03/10/1995 09:00,34.34937817
03/10/1995 10:00,29.45915454
03/10/1995 11:00,25.7534017
03/10/1995 12:00,11.00588425
03/10/1995 13:00,5.72073016
03/10/1995 14:00,2.449905292
03/10/1995 15:00,3.297373212
03/10/1995 16:00,6.37661177
03/10/1995 17:00,16.85634601
03/10/1995 18:00,26.11691118
03/10/1995 19:00,30.77144556
03/10/1995 20:00,34.37188511
03/10/1995 21:00,48.2844845
03/10/1995 22:00,49.465584
03/10/1995 23:00,50.91052507
04/10/1995 00:00,13.3329468
04/10/1995 01:00,13.39593051
04/10/1995 02:00,13.74369758
04/10/1995 03:00,13.7828804
04/10/1995 04:00,13.87565482
04/10/1995 05:00,14.09983204
04/10/1995 06:00,13.97607079
04/10/1995 07:00,12.86177032
04/10/1995 08:00,9.789939843
04/10/1995 09:00,4.355689874
04/10/1995 10:00,2.021509902
04/10/1995 11:00,1.778750037
04/10/1995 12:00,1.697013598
04/10/1995 13:00,1.908490118
04/10/1995 14:00,1.889736742
04/10/1995 15:00,1.963345029
04/10/1995 16:00,2.978368228
04/10/1995 17:00,3.720258812
04/10/1995 18:00,10.05633158
04/10/1995 19:00,12.07399581
04/10/1995 20:00,12.90331329
04/10/1995 21:00,13.5379564
04/10/1995 22:00,13.80484174
04/10/1995 23:00,14.19114045
05/10/1995 00:00,20.23513945
05/10/1995 01:00,20.2730437
05/10/1995 02:00,21.55186266
05/10/1995 03:00,21.37041642
05/10/1995 04:00,21.82323907
05/10/1995 05:00,22.2512597
05/10/1995 06:00,22.29385033
05/10/1995 07:00,20.37963448
05/10/1995 08:00,15.2336075
05/10/1995 09:00,7.458080381
05/10/1995 10:00,5.686012997
05/10/1995 11:00,5.394510135
05/10/1995 12:00,4.410466909
05/10/1995 13:00,5.472129276
05/10/1995 14:00,6.390914685
05/10/1995 15:00,9.308074965
05/10/1995 16:00,12.72064493
05/10/1995 17:00,15.93913271
05/10/1995 18:00,18.63147942
05/10/1995 19:00,19.47642862
05/10/1995 20:00,21.07594261
05/10/1995 21:00,22.02425513
05/10/1995 22:00,22.46883933
05/10/1995 23:00,22.71913526
06/10/1995 00:00,49.20951682
06/10/1995 01:00,49.35710816
06/10/1995 02:00,50.97772293
06/10/1995 03:00,51.83731117
06/10/1995 04:00,52.41533372
06/10/1995 05:00,53.18563515
06/10/1995 06:00,52.2937163
06/10/1995 07:00,49.19704179
06/10/1995 08:00,44.66444182
06/10/1995 09:00,30.59378556
06/10/1995 10:00,28.37718283
06/10/1995 11:00,9.384954874
06/10/1995 12:00,7.006546635
06/10/1995 13:00,5.78815993
06/10/1995 14:00,5.117439849
06/10/1995 15:00,5.295342857
06/10/1995 16:00,6.642528245
06/10/1995 17:00,10.76858624
06/10/1995 18:00,21.85139374
06/10/1995 19:00,43.08768237
06/10/1995 20:00,47.89468104
06/10/1995 21:00,51.16240312
06/10/1995 22:00,52.41590175
06/10/1995 23:00,53.690873
07/10/1995 00:00,43.09000804
07/10/1995 01:00,43.82866738
07/10/1995 02:00,44.61277676
07/10/1995 03:00,45.55341837
07/10/1995 04:00,45.7722999
07/10/1995 05:00,45.82447554
07/10/1995 06:00,45.13171307
07/10/1995 07:00,41.55477136
07/10/1995 08:00,34.49416482
07/10/1995 09:00,19.42832467
07/10/1995 10:00,9.317322502
07/10/1995 11:00,0.698923081
07/10/1995 12:00,0.154027182
07/10/1995 13:00,0.133425746
07/10/1995 14:00,0.296051614
07/10/1995 15:00,1.092530515
07/10/1995 16:00,1.754409688
07/10/1995 17:00,11.31356414
07/10/1995 18:00,23.10964325
07/10/1995 19:00,33.51503772
07/10/1995 20:00,35.41426016
07/10/1995 21:00,38.28369799
07/10/1995 22:00,39.04587414
07/10/1995 23:00,40.96616008
08/10/1995 00:00,43.14085729
08/10/1995 01:00,44.47060135
08/10/1995 02:00,45.20495397
08/10/1995 03:00,45.81446852
08/10/1995 04:00,46.11603522
08/10/1995 05:00,46.2533855
08/10/1995 06:00,45.95589384
08/10/1995 07:00,42.49032531
08/10/1995 08:00,36.30933745
08/10/1995 09:00,29.60594655
08/10/1995 10:00,15.90593535
08/10/1995 11:00,6.672122719
08/10/1995 12:00,1.890763845
08/10/1995 13:00,0.856831118
08/10/1995 14:00,0.00021014
08/10/1995 15:00,0.040944104
08/10/1995 16:00,2.378874032
08/10/1995 17:00,12.21522219
08/10/1995 18:00,27.47548508
08/10/1995 19:00,33.3811466
08/10/1995 20:00,37.64470447
08/10/1995 21:00,39.89351194
08/10/1995 22:00,41.77833192
08/10/1995 23:00,43.15327296
09/10/1995 00:00,43.58759561
09/10/1995 01:00,44.86419063
09/10/1995 02:00,45.85076398
09/10/1995 03:00,46.55647771
09/10/1995 04:00,46.90165488
09/10/1995 05:00,46.67351098
09/10/1995 06:00,45.79188732
09/10/1995 07:00,42.61864047
09/10/1995 08:00,36.65728373
09/10/1995 09:00,29.20594297
09/10/1995 10:00,21.91530224
09/10/1995 11:00,9.106727375
09/10/1995 12:00,1.364587089
09/10/1995 13:00,0.826638799
09/10/1995 14:00,0.443407907
09/10/1995 15:00,0.448655511
09/10/1995 16:00,1.391505247
09/10/1995 17:00,9.980973269
09/10/1995 18:00,26.13335224
09/10/1995 19:00,32.06653943
09/10/1995 20:00,35.73547751
09/10/1995 21:00,37.52029471
09/10/1995 22:00,39.44118592
09/10/1995 23:00,40.95326817
10/10/1995 00:00,40.24495583
10/10/1995 01:00,40.90321227
10/10/1995 02:00,41.0202468
10/10/1995 03:00,41.60481362
10/10/1995 04:00,42.02829988
10/10/1995 05:00,42.49465233
10/10/1995 06:00,41.68109215
10/10/1995 07:00,38.10085351
10/10/1995 08:00,32.79966974
10/10/1995 09:00,22.22897735
10/10/1995 10:00,12.01995295
10/10/1995 11:00,4.181137663
10/10/1995 12:00,1.810701668
10/10/1995 13:00,1.399636503
10/10/1995 14:00,1.502014159
10/10/1995 15:00,2.168386036
10/10/1995 16:00,4.454562994
10/10/1995 17:00,12.59321091
10/10/1995 18:00,22.03407469
10/10/1995 19:00,29.12477152
10/10/1995 20:00,33.75256713
10/10/1995 21:00,35.17997505
10/10/1995 22:00,36.20974205
10/10/1995 23:00,37.92104432
11/10/1995 00:00,37.50499529
11/10/1995 01:00,38.62246149
11/10/1995 02:00,39.17621778
11/10/1995 03:00,39.55207213
11/10/1995 04:00,40.29045732
11/10/1995 05:00,40.83329491
11/10/1995 06:00,40.68702383
11/10/1995 07:00,38.29038051
11/10/1995 08:00,34.3894993
11/10/1995 09:00,28.50531159
11/10/1995 10:00,15.48673317
11/10/1995 11:00,7.994740167
11/10/1995 12:00,4.093963374
11/10/1995 13:00,1.568749484
11/10/1995 14:00,1.185088863
11/10/1995 15:00,1.481730544
11/10/1995 16:00,5.171121018
11/10/1995 17:00,14.13240476
11/10/1995 18:00,27.26483952
11/10/1995 19:00,32.15912816
11/10/1995 20:00,34.48906987
11/10/1995 21:00,36.44669773
11/10/1995 22:00,37.43637153
11/10/1995 23:00,39.36068742
12/10/1995 00:00,54.68063779
12/10/1995 01:00,55.61259351
12/10/1995 02:00,55.66509744
12/10/1995 03:00,56.92145904
12/10/1995 04:00,57.59454263
12/10/1995 05:00,58.2586416
12/10/1995 06:00,57.98711725
12/10/1995 07:00,55.87544042
12/10/1995 08:00,49.78250276
12/10/1995 09:00,41.42812348
12/10/1995 10:00,29.46762482
12/10/1995 11:00,23.6665193
12/10/1995 12:00,13.0068461
12/10/1995 13:00,10.06456879
12/10/1995 14:00,8.666385065
12/10/1995 15:00,11.44221065
12/10/1995 16:00,18.50834215
12/10/1995 17:00,27.62075909
12/10/1995 18:00,40.57077459
12/10/1995 19:00,46.7670504
12/10/1995 20:00,48.55516647
12/10/1995 21:00,49.75924352
12/10/1995 22:00,50.71484959
12/10/1995 23:00,51.53734071
13/10/1995 00:00,45.6568686
13/10/1995 01:00,46.0261958
13/10/1995 02:00,46.31708194
13/10/1995 03:00,46.56747021
13/10/1995 04:00,46.93518523
13/10/1995 05:00,47.2203228
13/10/1995 06:00,47.39335116
13/10/1995 07:00,45.40009456
13/10/1995 08:00,41.25667044
13/10/1995 09:00,31.12287883
13/10/1995 10:00,15.68442682
13/10/1995 11:00,6.139397652
13/10/1995 12:00,4.909533316
13/10/1995 13:00,3.667644069
13/10/1995 14:00,2.924697887
13/10/1995 15:00,4.550309006
13/10/1995 16:00,9.241953964
13/10/1995 17:00,26.71125181
13/10/1995 18:00,36.04000895
13/10/1995 19:00,39.37917225
13/10/1995 20:00,40.80051616
13/10/1995 21:00,43.66249938
13/10/1995 22:00,44.2703138
13/10/1995 23:00,44.62726989
14/10/1995 00:00,53.50522024
14/10/1995 01:00,52.2041427
14/10/1995 02:00,52.51970817
14/10/1995 03:00,53.45448063
14/10/1995 04:00,56.91320985
14/10/1995 05:00,57.62924586
14/10/1995 06:00,57.98208121
14/10/1995 07:00,55.88558568
14/10/1995 08:00,51.50269296
14/10/1995 09:00,42.98937173
14/10/1995 10:00,35.36673121
14/10/1995 11:00,28.04844609
14/10/1995 12:00,15.33532501
14/10/1995 13:00,9.466980268
14/10/1995 14:00,12.01992186
14/10/1995 15:00,16.39459588
14/10/1995 16:00,26.2304719
14/10/1995 17:00,41.24230849
14/10/1995 18:00,49.23084261
14/10/1995 19:00,51.51184177
14/10/1995 20:00,53.50945992
14/10/1995 21:00,53.65915783
14/10/1995 22:00,54.12114338
14/10/1995 23:00,54.81730716
15/10/1995 00:00,46.39963591
15/10/1995 01:00,46.94114246
15/10/1995 02:00,47.54786879
15/10/1995 03:00,47.85498822
15/10/1995 04:00,47.85649371
15/10/1995 05:00,48.53258417
15/10/1995 06:00,49.15564589
15/10/1995 07:00,47.33886402
15/10/1995 08:00,42.2103898
15/10/1995 09:00,34.13403231
15/10/1995 10:00,16.90854657
15/10/1995 11:00,10.89202139
15/10/1995 12:00,4.883456933
15/10/1995 13:00,2.162512232
15/10/1995 14:00,3.338324702
15/10/1995 15:00,5.014721441
15/10/1995 16:00,7.900282032
15/10/1995 17:00,22.45976975
15/10/1995 18:00,33.88719281
15/10/1995 19:00,38.31051321
15/10/1995 20:00,43.42743286
15/10/1995 21:00,45.39914345
15/10/1995 22:00,47.27837618
15/10/1995 23:00,48.42705753
16/10/1995 00:00,75.49304266
16/10/1995 01:00,76.11972347
16/10/1995 02:00,76.99682509
16/10/1995 03:00,78.56846629
16/10/1995 04:00,79.2882095
16/10/1995 05:00,78.46026135
16/10/1995 06:00,78.86315112
16/10/1995 07:00,75.96095448
16/10/1995 08:00,70.73278904
16/10/1995 09:00,61.78084978
16/10/1995 10:00,39.98070402
16/10/1995 11:00,29.92726178
16/10/1995 12:00,22.30803202
16/10/1995 13:00,16.83582494
16/10/1995 14:00,13.57131959
16/10/1995 15:00,18.93989486
16/10/1995 16:00,32.33542344
16/10/1995 17:00,61.51754071
16/10/1995 18:00,72.28538252
16/10/1995 19:00,74.49326941
16/10/1995 20:00,77.57557358
16/10/1995 21:00,78.80042825
16/10/1995 22:00,79.21061989
16/10/1995 23:00,79.74512898
17/10/1995 00:00,79.65787977
17/10/1995 01:00,81.83443528
17/10/1995 02:00,84.69306453
17/10/1995 03:00,86.8362935
17/10/1995 04:00,90.39448215
17/10/1995 05:00,91.22286734
17/10/1995 06:00,89.77704692
17/10/1995 07:00,84.45642236
17/10/1995 08:00,73.37622468
17/10/1995 09:00,53.7099618
17/10/1995 10:00,17.24275672
17/10/1995 11:00,5.786471633
17/10/1995 12:00,3.03039585
17/10/1995 13:00,2.006322745
17/10/1995 14:00,2.435948505
17/10/1995 15:00,4.776787392
17/10/1995 16:00,15.58164139
17/10/1995 17:00,38.51196859
17/10/1995 18:00,62.59650702
17/10/1995 19:00,69.45057412
17/10/1995 20:00,73.75128953
17/10/1995 21:00,77.70236826
17/10/1995 22:00,81.53775073
17/10/1995 23:00,83.9545381
18/10/1995 00:00,94.11757975
18/10/1995 01:00,96.3584002
18/10/1995 02:00,98.87614017
18/10/1995 03:00,101.059951
18/10/1995 04:00,102.3435057
18/10/1995 05:00,103.7477507
18/10/1995 06:00,103.5268428
18/10/1995 07:00,97.26032833
18/10/1995 08:00,85.20575914
18/10/1995 09:00,66.6008278
18/10/1995 10:00,20.37741009
18/10/1995 11:00,8.032733059
18/10/1995 12:00,5.098914256
18/10/1995 13:00,4.569574239
18/10/1995 14:00,5.796445879
18/10/1995 15:00,9.567688633
18/10/1995 16:00,18.78938596
18/10/1995 17:00,30.05844145
18/10/1995 18:00,37.63917961
18/10/1995 19:00,44.67654567
18/10/1995 20:00,50.96090365
18/10/1995 21:00,52.03228925
18/10/1995 22:00,66.15919658
18/10/1995 23:00,67.52267855
19/10/1995 00:00,69.38481353
19/10/1995 01:00,71.52122591
19/10/1995 02:00,73.64953414
19/10/1995 03:00,75.40299775
19/10/1995 04:00,76.0491012
19/10/1995 05:00,76.77940615
19/10/1995 06:00,76.11170214
19/10/1995 07:00,71.96605664
19/10/1995 08:00,65.34790146
19/10/1995 09:00,46.01875259
19/10/1995 10:00,11.47342196
19/10/1995 11:00,7.064738209
19/10/1995 12:00,4.54180202
19/10/1995 13:00,4.129762366
19/10/1995 14:00,4.832977818
19/10/1995 15:00,7.388178884
19/10/1995 16:00,17.7071873
19/10/1995 17:00,30.8314776
19/10/1995 18:00,52.68374579
19/10/1995 19:00,65.61781587
19/10/1995 20:00,75.10637259
19/10/1995 21:00,77.90786405
19/10/1995 22:00,81.16108427
19/10/1995 23:00,84.92068553
20/10/1995 00:00,127.4589622
20/10/1995 01:00,135.5484994
20/10/1995 02:00,136.2545248
20/10/1995 03:00,134.6362245
20/10/1995 04:00,134.0884446
20/10/1995 05:00,133.8400065
20/10/1995 06:00,133.6689459
20/10/1995 07:00,128.5477219
20/10/1995 08:00,119.091382
20/10/1995 09:00,93.89053364
20/10/1995 10:00,73.87514833
20/10/1995 11:00,61.58012795
20/10/1995 12:00,60.23107785
20/10/1995 13:00,55.04722526
20/10/1995 14:00,57.43756774
20/10/1995 15:00,65.18300316
20/10/1995 16:00,87.38979795
20/10/1995 17:00,116.8462324
20/10/1995 18:00,125.1711477
20/10/1995 19:00,130.9068589
20/10/1995 20:00,135.4728855
20/10/1995 21:00,137.5758138
20/10/1995 22:00,138.1496692
20/10/1995 23:00,140.274153
21/10/1995 00:00,156.7188459
21/10/1995 01:00,159.5589416
21/10/1995 02:00,161.5692601
21/10/1995 03:00,163.4349569
21/10/1995 04:00,165.2386502
21/10/1995 05:00,170.8476892
21/10/1995 06:00,178.2927188
21/10/1995 07:00,172.0287603
21/10/1995 08:00,158.2836673
21/10/1995 09:00,144.6475092
21/10/1995 10:00,123.0590717
21/10/1995 11:00,105.190724
21/10/1995 12:00,87.16802656
21/10/1995 13:00,97.31650357
21/10/1995 14:00,109.0167315
21/10/1995 15:00,123.8812996
21/10/1995 16:00,133.9797735
21/10/1995 17:00,143.0922342
21/10/1995 18:00,150.2780991
21/10/1995 19:00,153.8393735
21/10/1995 20:00,155.3748326
21/10/1995 21:00,157.5493329
21/10/1995 22:00,161.0682177
21/10/1995 23:00,162.7157211
22/10/1995 00:00,167.3838296
22/10/1995 01:00,171.067192
22/10/1995 02:00,177.9043978
22/10/1995 03:00,181.1613165
22/10/1995 04:00,183.9108432
22/10/1995 05:00,185.5240709
22/10/1995 06:00,187.1220258
22/10/1995 07:00,183.0718354
22/10/1995 08:00,168.1472506
22/10/1995 09:00,151.7734963
22/10/1995 10:00,133.7245897
22/10/1995 11:00,99.57178652
22/10/1995 12:00,79.97251767
22/10/1995 13:00,60.07406893
22/10/1995 14:00,58.53292295
22/10/1995 15:00,79.0397626
22/10/1995 16:00,103.5625025
22/10/1995 17:00,136.8971131
22/10/1995 18:00,152.5430907
22/10/1995 19:00,164.6446994
22/10/1995 20:00,168.8543616
22/10/1995 21:00,172.0062761
22/10/1995 22:00,176.3322327
22/10/1995 23:00,180.6736718
23/10/1995 00:00,183.6108417
23/10/1995 01:00,188.0286661
23/10/1995 02:00,190.7714707
23/10/1995 03:00,192.5065776
23/10/1995 04:00,192.9853164
23/10/1995 05:00,194.3155541
23/10/1995 06:00,193.9678671
23/10/1995 07:00,187.4164342
23/10/1995 08:00,174.5203282
23/10/1995 09:00,156.6691582
23/10/1995 10:00,127.321049
23/10/1995 11:00,91.34173443
23/10/1995 12:00,68.2697441
23/10/1995 13:00,46.62453639
23/10/1995 14:00,43.06796941
23/10/1995 15:00,49.31465697
23/10/1995 16:00,82.3196154
23/10/1995 17:00,123.3257551
23/10/1995 18:00,138.4992432
23/10/1995 19:00,158.4285943
23/10/1995 20:00,166.4577351
23/10/1995 21:00,172.2110379
23/10/1995 22:00,179.0222665
23/10/1995 23:00,182.4969564
24/10/1995 00:00,188.4761547
24/10/1995 01:00,192.1171933
24/10/1995 02:00,194.6117404
24/10/1995 03:00,197.4349215
24/10/1995 04:00,198.5694031
24/10/1995 05:00,199.2459644
24/10/1995 06:00,200.03561
24/10/1995 07:00,194.5669546
24/10/1995 08:00,181.3003739
24/10/1995 09:00,164.5699753
24/10/1995 10:00,142.9342648
24/10/1995 11:00,126.0102735
24/10/1995 12:00,112.2191463
24/10/1995 13:00,104.8667948
24/10/1995 14:00,101.8288613
24/10/1995 15:00,110.9648968
24/10/1995 16:00,143.7125795
24/10/1995 17:00,158.8206571
24/10/1995 18:00,167.2335507
24/10/1995 19:00,172.0941634
24/10/1995 20:00,175.4482644
24/10/1995 21:00,177.9962666
24/10/1995 22:00,180.6784328
24/10/1995 23:00,182.3310078
25/10/1995 00:00,183.6188124
25/10/1995 01:00,184.3725703
25/10/1995 02:00,186.1148122
25/10/1995 03:00,187.3511759
25/10/1995 04:00,188.1206548
25/10/1995 05:00,188.60954
25/10/1995 06:00,187.0338114
25/10/1995 07:00,181.2886069
25/10/1995 08:00,169.674514
25/10/1995 09:00,154.101694
25/10/1995 10:00,133.9632127
25/10/1995 11:00,115.4692749
25/10/1995 12:00,95.67306109
25/10/1995 13:00,94.46926109
25/10/1995 14:00,94.5798994
25/10/1995 15:00,98.73454365
25/10/1995 16:00,107.6897995
25/10/1995 17:00,121.3000176
25/10/1995 18:00,129.9409781
25/10/1995 19:00,135.4216554
25/10/1995 20:00,139.9390923
25/10/1995 21:00,144.8285287
25/10/1995 22:00,154.2541433
25/10/1995 23:00,160.5285852
26/10/1995 00:00,154.2589072
26/10/1995 01:00,158.0139284
26/10/1995 02:00,160.6758247
26/10/1995 03:00,162.8324854
26/10/1995 04:00,164.7673003
26/10/1995 05:00,164.2928392
26/10/1995 06:00,164.6282048
26/10/1995 07:00,159.1013154
26/10/1995 08:00,148.4355504
26/10/1995 09:00,130.7223531
26/10/1995 10:00,109.3316081
26/10/1995 11:00,79.82673239
26/10/1995 12:00,55.43417825
26/10/1995 13:00,37.92236678
26/10/1995 14:00,38.3437344
26/10/1995 15:00,40.14706628
26/10/1995 16:00,83.16755983
26/10/1995 17:00,112.960355
26/10/1995 18:00,119.7440862
26/10/1995 19:00,125.7882325
26/10/1995 20:00,129.0515578
26/10/1995 21:00,135.9198461
26/10/1995 22:00,143.5937989
26/10/1995 23:00,146.9160385
27/10/1995 00:00,138.6236129
27/10/1995 01:00,141.282285
27/10/1995 02:00,143.8992797
27/10/1995 03:00,146.4585281
27/10/1995 04:00,148.4686588
27/10/1995 05:00,149.402109
27/10/1995 06:00,148.4629299
27/10/1995 07:00,139.2226753
27/10/1995 08:00,122.3375255
27/10/1995 09:00,93.1729017
27/10/1995 10:00,66.03150055
27/10/1995 11:00,31.06941951
27/10/1995 12:00,15.73359423
27/10/1995 13:00,14.22789945
27/10/1995 14:00,13.29457226
27/10/1995 15:00,20.76358888
27/10/1995 16:00,36.01344129
27/10/1995 17:00,62.04205427
27/10/1995 18:00,89.08997462
27/10/1995 19:00,93.85076632
27/10/1995 20:00,100.0689114
27/10/1995 21:00,101.677501
27/10/1995 22:00,107.2530724
27/10/1995 23:00,109.8917019
28/10/1995 00:00,82.98792582
28/10/1995 01:00,82.38416689
28/10/1995 02:00,82.68439779
28/10/1995 03:00,83.93240369
28/10/1995 04:00,84.7147105
28/10/1995 05:00,85.97728894
28/10/1995 06:00,86.53722647
28/10/1995 07:00,83.14094901
28/10/1995 08:00,75.36804029
28/10/1995 09:00,42.12210875
28/10/1995 10:00,25.40139739
28/10/1995 11:00,12.03964415
28/10/1995 12:00,5.408334274
28/10/1995 13:00,2.47205123
28/10/1995 14:00,5.521074292
28/10/1995 15:00,8.131809687
28/10/1995 16:00,28.5999582
28/10/1995 17:00,42.32673101
28/10/1995 18:00,50.1047047
28/10/1995 19:00,67.92427564
28/10/1995 20:00,72.96798816
28/10/1995 21:00,75.02932001
28/10/1995 22:00,76.10898157
28/10/1995 23:00,77.63712278
29/10/1995 00:00,84.89258135
29/10/1995 01:00,85.26955964
29/10/1995 02:00,86.49579636
29/10/1995 03:00,88.14780231
29/10/1995 04:00,89.75818129
29/10/1995 05:00,91.77731213
29/10/1995 06:00,90.84588932
29/10/1995 07:00,85.60336009
29/10/1995 08:00,80.6617205
29/10/1995 09:00,74.05006299
29/10/1995 10:00,52.19420059
29/10/1995 11:00,36.96281403
29/10/1995 12:00,25.0985806
29/10/1995 13:00,26.54394453
29/10/1995 14:00,24.23103698
29/10/1995 15:00,31.5283053
29/10/1995 16:00,59.59766725
29/10/1995 17:00,66.97787693
29/10/1995 18:00,71.53396858
29/10/1995 19:00,74.0350161
29/10/1995 20:00,77.37740484
29/10/1995 21:00,82.02800952
29/10/1995 22:00,83.91805565
29/10/1995 23:00,84.97637006
30/10/1995 00:00,86.57827682
30/10/1995 01:00,87.59782901
30/10/1995 02:00,89.13241708
30/10/1995 03:00,91.46885059
30/10/1995 04:00,92.1887097
30/10/1995 05:00,93.3103679
30/10/1995 06:00,92.65219459
30/10/1995 07:00,89.43645525
30/10/1995 08:00,83.28666526
30/10/1995 09:00,73.94931494
30/10/1995 10:00,49.03713031
30/10/1995 11:00,36.95127388
30/10/1995 12:00,24.88253919
30/10/1995 13:00,21.49979212
30/10/1995 14:00,22.86895169
30/10/1995 15:00,36.48451911
30/10/1995 16:00,61.26515442
30/10/1995 17:00,67.55498561
30/10/1995 18:00,71.57380773
30/10/1995 19:00,79.3272941
30/10/1995 20:00,81.06436609
30/10/1995 21:00,84.08094754
30/10/1995 22:00,86.85681484
30/10/1995 23:00,89.47408649
31/10/1995 00:00,98.39703806
31/10/1995 01:00,100.107821
31/10/1995 02:00,107.7730562
31/10/1995 03:00,109.003564
31/10/1995 04:00,109.3535436
31/10/1995 05:00,109.9293809
31/10/1995 06:00,110.4008194
31/10/1995 07:00,108.1927665
31/10/1995 08:00,102.4260374
31/10/1995 09:00,94.66480211
31/10/1995 10:00,85.13237344
31/10/1995 11:00,72.18260997
31/10/1995 12:00,51.3866446
31/10/1995 13:00,44.51517503
31/10/1995 14:00,45.40430945
31/10/1995 15:00,56.56010059
31/10/1995 16:00,80.5990026
31/10/1995 17:00,98.96950922
31/10/1995 18:00,102.5054422
31/10/1995 19:00,104.4376565
31/10/1995 20:00,107.8717777
31/10/1995 21:00,113.289853
31/10/1995 22:00,117.7653385
31/10/1995 23:00,121.4351053
01/11/1995 00:00,149.2898579
01/11/1995 01:00,150.0792541
01/11/1995 02:00,156.3202065
01/11/1995 03:00,160.190536
01/11/1995 04:00,163.7841981
01/11/1995 05:00,162.4916801
01/11/1995 06:00,160.7175316
01/11/1995 07:00,158.3405138
01/11/1995 08:00,152.0748473
01/11/1995 09:00,137.7009156
01/11/1995 10:00,127.9292927
01/11/1995 11:00,113.8019761
01/11/1995 12:00,98.00331154
01/11/1995 13:00,87.53911908
01/11/1995 14:00,88.29925514
01/11/1995 15:00,99.94243542
01/11/1995 16:00,119.0128721
01/11/1995 17:00,129.2571603
01/11/1995 18:00,136.5606767
01/11/1995 19:00,144.4148622
01/11/1995 20:00,152.6963107
01/11/1995 21:00,158.4840944
01/11/1995 22:00,164.2946695
01/11/1995 23:00,169.3605685
02/11/1995 00:00,175.582931
02/11/1995 01:00,178.5679875
02/11/1995 02:00,184.1134105
02/11/1995 03:00,188.6752591
02/11/1995 04:00,195.4301558
02/11/1995 05:00,200.601265
02/11/1995 06:00,202.4657089
02/11/1995 07:00,202.2285791
02/11/1995 08:00,197.7269957
02/11/1995 09:00,193.4093451
02/11/1995 10:00,186.6367089
02/11/1995 11:00,183.6179497
02/11/1995 12:00,184.4769139
02/11/1995 13:00,184.0540629
02/11/1995 14:00,185.7837717
02/11/1995 15:00,190.9543181
02/11/1995 16:00,198.0889045
02/11/1995 17:00,204.1215777
02/11/1995 18:00,209.646624
02/11/1995 19:00,213.0770335
02/11/1995 20:00,215.7573049
02/11/1995 21:00,218.4899344
02/11/1995 22:00,221.3680978
02/11/1995 23:00,222.0168416
03/11/1995 00:00,220.1855291
03/11/1995 01:00,218.013892
03/11/1995 02:00,215.8973808
03/11/1995 03:00,213.9079892
03/11/1995 04:00,211.8546585
03/11/1995 05:00,210.8234451
03/11/1995 06:00,208.3508115
03/11/1995 07:00,204.7587089
03/11/1995 08:00,198.4354023
03/11/1995 09:00,188.5031365
03/11/1995 10:00,178.640356
03/11/1995 11:00,173.388379
03/11/1995 12:00,173.5914845
03/11/1995 13:00,176.0128741
03/11/1995 14:00,177.9421241
03/11/1995 15:00,182.146312
03/11/1995 16:00,184.4603554
03/11/1995 17:00,187.9383055
03/11/1995 18:00,190.3750858
03/11/1995 19:00,192.9668429
03/11/1995 20:00,195.1330778
03/11/1995 21:00,199.0352207
03/11/1995 22:00,206.4633485
03/11/1995 23:00,217.0502041
04/11/1995 00:00,231.2488996
04/11/1995 01:00,245.0455366
04/11/1995 02:00,252.8965413
04/11/1995 03:00,261.3649106
04/11/1995 04:00,267.4069708
04/11/1995 05:00,269.4540304
04/11/1995 06:00,274.7383058
04/11/1995 07:00,273.1947134
04/11/1995 08:00,267.066703
04/11/1995 09:00,260.8942267
04/11/1995 10:00,258.3938132
04/11/1995 11:00,256.3520702
04/11/1995 12:00,255.0620286
04/11/1995 13:00,256.026537
04/11/1995 14:00,259.7204995
04/11/1995 15:00,264.0857221
04/11/1995 16:00,273.7593116
04/11/1995 17:00,280.1916013
04/11/1995 18:00,284.2888341
04/11/1995 19:00,287.9117098
04/11/1995 20:00,288.6375157
04/11/1995 21:00,291.9511094
04/11/1995 22:00,296.308819
04/11/1995 23:00,300.1410611
05/11/1995 00:00,303.6030236
05/11/1995 01:00,305.1581776
05/11/1995 02:00,307.1764051
05/11/1995 03:00,308.6850132
05/11/1995 04:00,308.7357577
05/11/1995 05:00,310.7680229
05/11/1995 06:00,311.7613617
05/11/1995 07:00,306.7959055
05/11/1995 08:00,296.3558226
05/11/1995 09:00,282.5248637
05/11/1995 10:00,267.8466536
05/11/1995 11:00,259.2863636
05/11/1995 12:00,252.2093691
05/11/1995 13:00,248.7698109
05/11/1995 14:00,250.7669682
05/11/1995 15:00,257.9982499
05/11/1995 16:00,269.0780252
05/11/1995 17:00,278.0844359
05/11/1995 18:00,284.8392276
05/11/1995 19:00,289.1626126
05/11/1995 20:00,292.593876
05/11/1995 21:00,298.8871945
05/11/1995 22:00,304.3128277
05/11/1995 23:00,307.9598624
06/11/1995 00:00,311.1877116
06/11/1995 01:00,314.2553944
06/11/1995 02:00,316.7267948
06/11/1995 03:00,319.0534713
06/11/1995 04:00,320.5297974
06/11/1995 05:00,322.2874289
06/11/1995 06:00,323.369284
06/11/1995 07:00,316.9021421
06/11/1995 08:00,302.4128061
06/11/1995 09:00,281.2193276
06/11/1995 10:00,263.0299729
06/11/1995 11:00,248.2730103
06/11/1995 12:00,238.0221646
06/11/1995 13:00,234.08747
06/11/1995 14:00,231.7786146
06/11/1995 15:00,237.0126785
06/11/1995 16:00,250.0044036
06/11/1995 17:00,261.2778668
06/11/1995 18:00,269.3906388
06/11/1995 19:00,274.88483
06/11/1995 20:00,279.4940728
06/11/1995 21:00,281.1736315
06/11/1995 22:00,282.3253037
06/11/1995 23:00,286.1382516
07/11/1995 00:00,290.0270433
07/11/1995 01:00,295.2423275
07/11/1995 02:00,297.3314599
07/11/1995 03:00,299.4501191
07/11/1995 04:00,300.0647535
07/11/1995 05:00,299.4731107
07/11/1995 06:00,297.0450526
07/11/1995 07:00,288.3460719
07/11/1995 08:00,271.4680137
07/11/1995 09:00,250.6685778
07/11/1995 10:00,229.9316935
07/11/1995 11:00,206.0558394
07/11/1995 12:00,190.3027926
07/11/1995 13:00,181.3884035
07/11/1995 14:00,178.1286093
07/11/1995 15:00,185.6803499
07/11/1995 16:00,199.3379506
07/11/1995 17:00,207.5449217
07/11/1995 18:00,213.1065812
07/11/1995 19:00,215.9262827
07/11/1995 20:00,217.6613788
07/11/1995 21:00,218.9959062
07/11/1995 22:00,222.5627146
07/11/1995 23:00,224.7882104
08/11/1995 00:00,227.4490439
08/11/1995 01:00,230.2678214
08/11/1995 02:00,234.6149117
08/11/1995 03:00,239.5882166
08/11/1995 04:00,242.8703835
08/11/1995 05:00,245.6118951
08/11/1995 06:00,250.6815427
08/11/1995 07:00,247.2297128
08/11/1995 08:00,228.3699586
08/11/1995 09:00,208.0454285
08/11/1995 10:00,191.4708325
08/11/1995 11:00,181.7572904
08/11/1995 12:00,172.4833473
08/11/1995 13:00,170.8926444
08/11/1995 14:00,172.5072336
08/11/1995 15:00,178.1178953
08/11/1995 16:00,187.7901651
08/11/1995 17:00,193.485946
08/11/1995 18:00,198.4057311
08/11/1995 19:00,208.2757148
08/11/1995 20:00,218.5107737
08/11/1995 21:00,228.3662664
08/11/1995 22:00,236.8161592
08/11/1995 23:00,244.3555457
09/11/1995 00:00,249.5501485
09/11/1995 01:00,253.9985383
09/11/1995 02:00,259.5035607
09/11/1995 03:00,262.4904737
09/11/1995 04:00,265.4353207
09/11/1995 05:00,269.1144648
09/11/1995 06:00,269.2397271
09/11/1995 07:00,264.5563882
09/11/1995 08:00,248.3206559
09/11/1995 09:00,223.8371715
09/11/1995 10:00,202.780611
09/11/1995 11:00,183.4345328
09/11/1995 12:00,168.6051016
09/11/1995 13:00,160.9663293
09/11/1995 14:00,159.7774345
09/11/1995 15:00,171.5258633
09/11/1995 16:00,193.4728703
09/11/1995 17:00,207.8399365
09/11/1995 18:00,217.819382
09/11/1995 19:00,224.3354611
09/11/1995 20:00,229.714429
09/11/1995 21:00,234.9009595
09/11/1995 22:00,237.7501682
09/11/1995 23:00,238.693103
10/11/1995 00:00,241.2070485
10/11/1995 01:00,242.6020698
10/11/1995 02:00,244.1339321
10/11/1995 03:00,244.3001893
10/11/1995 04:00,244.603554
10/11/1995 05:00,242.7895347
10/11/1995 06:00,241.8155809
10/11/1995 07:00,237.2343442
10/11/1995 08:00,224.3151615
10/11/1995 09:00,208.165788
10/11/1995 10:00,190.4048623
10/11/1995 11:00,164.8958808
10/11/1995 12:00,150.5801074
10/11/1995 13:00,145.2453279
10/11/1995 14:00,154.9498991
10/11/1995 15:00,163.040117
10/11/1995 16:00,172.6293928
10/11/1995 17:00,179.2279224
10/11/1995 18:00,181.2314958
10/11/1995 19:00,181.7808754
10/11/1995 20:00,180.1091262
10/11/1995 21:00,178.4404396
10/11/1995 22:00,177.3466602
10/11/1995 23:00,175.6402489
11/11/1995 00:00,171.8046755
11/11/1995 01:00,171.2201316
11/11/1995 02:00,171.9670164
11/11/1995 03:00,173.9416896
11/11/1995 04:00,171.9352082
11/11/1995 05:00,173.0761873
11/11/1995 06:00,175.6985771
11/11/1995 07:00,173.4321105
11/11/1995 08:00,160.5058137
11/11/1995 09:00,146.9365318
11/11/1995 10:00,131.7769984
11/11/1995 11:00,106.7814834
11/11/1995 12:00,61.83189003
11/11/1995 13:00,50.23832159
11/11/1995 14:00,51.88694167
11/11/1995 15:00,79.9890745
11/11/1995 16:00,117.8630982
11/11/1995 17:00,137.4255112
11/11/1995 18:00,150.2552386
11/11/1995 19:00,158.2183957
11/11/1995 20:00,164.6779598
11/11/1995 21:00,166.0865434
11/11/1995 22:00,167.2148566
11/11/1995 23:00,169.616607
12/11/1995 00:00,172.1107799
12/11/1995 01:00,174.0756784
12/11/1995 02:00,178.6985553
12/11/1995 03:00,180.1299848
12/11/1995 04:00,182.4486095
12/11/1995 05:00,187.276206
12/11/1995 06:00,195.6079912
12/11/1995 07:00,192.8786255
12/11/1995 08:00,178.7142055
12/11/1995 09:00,156.8254028
12/11/1995 10:00,134.9128573
12/11/1995 11:00,107.9357336
12/11/1995 12:00,82.69361782
12/11/1995 13:00,75.25148935
12/11/1995 14:00,76.49571527
12/11/1995 15:00,97.606821
12/11/1995 16:00,126.8587382
12/11/1995 17:00,145.8308274
12/11/1995 18:00,156.6986938
12/11/1995 19:00,168.9720934
12/11/1995 20:00,175.0816847
12/11/1995 21:00,179.0519357
12/11/1995 22:00,180.9948206
12/11/1995 23:00,179.6287663
13/11/1995 00:00,185.8618193
13/11/1995 01:00,188.3664564
13/11/1995 02:00,187.1796689
13/11/1995 03:00,188.5972409
13/11/1995 04:00,189.0602905
13/11/1995 05:00,188.9691819
13/11/1995 06:00,188.8844435
13/11/1995 07:00,187.566081
13/11/1995 08:00,184.5158644
13/11/1995 09:00,179.9545848
13/11/1995 10:00,174.4429305
13/11/1995 11:00,167.9188651
13/11/1995 12:00,163.7168672
13/11/1995 13:00,158.6059021
13/11/1995 14:00,157.94911
13/11/1995 15:00,158.0894282
13/11/1995 16:00,159.4109727
13/11/1995 17:00,161.466134
13/11/1995 18:00,163.4490382
13/11/1995 19:00,164.3313627
13/11/1995 20:00,165.4908308
13/11/1995 21:00,166.028535
13/11/1995 22:00,166.7668166
13/11/1995 23:00,167.4557996
14/11/1995 00:00,166.0197797
14/11/1995 01:00,166.0129056
14/11/1995 02:00,166.898317
14/11/1995 03:00,167.6945869
14/11/1995 04:00,167.8291191
14/11/1995 05:00,168.0141056
14/11/1995 06:00,168.2584855
14/11/1995 07:00,167.8715478
14/11/1995 08:00,164.1093806
14/11/1995 09:00,159.1241789
14/11/1995 10:00,154.4535646
14/11/1995 11:00,151.9007395
14/11/1995 12:00,149.1371546
14/11/1995 13:00,147.0639015
14/11/1995 14:00,147.3955899
14/11/1995 15:00,151.7257218
14/11/1995 16:00,158.8802928
14/11/1995 17:00,165.6522264
14/11/1995 18:00,169.1912635
14/11/1995 19:00,170.2341461
14/11/1995 20:00,172.4918354
14/11/1995 21:00,173.9825673
14/11/1995 22:00,176.1776926
14/11/1995 23:00,180.3230825
15/11/1995 00:00,184.6475157
15/11/1995 01:00,188.5915543
15/11/1995 02:00,191.9031082
15/11/1995 03:00,194.9826022
15/11/1995 04:00,197.1186922
15/11/1995 05:00,198.1981408
15/11/1995 06:00,198.7926881
15/11/1995 07:00,196.7126904
15/11/1995 08:00,187.9928247
15/11/1995 09:00,177.1713754
15/11/1995 10:00,166.6808032
15/11/1995 11:00,156.5138052
15/11/1995 12:00,148.0317059
15/11/1995 13:00,144.9996398
15/11/1995 14:00,139.39392
15/11/1995 15:00,150.7683407
15/11/1995 16:00,159.1436
15/11/1995 17:00,160.6211453
15/11/1995 18:00,160.4843918
15/11/1995 19:00,157.0244402
15/11/1995 20:00,153.6387947
15/11/1995 21:00,150.7840519
15/11/1995 22:00,149.6766977
15/11/1995 23:00,150.1372714
16/11/1995 00:00,154.8086419
16/11/1995 01:00,157.8010917
16/11/1995 02:00,160.5709328
16/11/1995 03:00,161.6987467
16/11/1995 04:00,161.0819393
16/11/1995 05:00,161.4493578
16/11/1995 06:00,160.5025289
16/11/1995 07:00,159.1579585
16/11/1995 08:00,157.1847004
16/11/1995 09:00,154.3854088
16/11/1995 10:00,151.1956752
16/11/1995 11:00,149.0314226
16/11/1995 12:00,146.7616037
16/11/1995 13:00,144.7022732
16/11/1995 14:00,142.895807
16/11/1995 15:00,140.2675149
16/11/1995 16:00,135.5474129
16/11/1995 17:00,132.9142791
16/11/1995 18:00,131.9636457
16/11/1995 19:00,132.8626299
16/11/1995 20:00,132.9662949
16/11/1995 21:00,132.2587746
16/11/1995 22:00,141.5523506
16/11/1995 23:00,140.6753505
17/11/1995 00:00,144.1056417
17/11/1995 01:00,145.3088487
17/11/1995 02:00,152.6417684
17/11/1995 03:00,155.7469536
17/11/1995 04:00,152.8465109
17/11/1995 05:00,152.278552
17/11/1995 06:00,152.2511091
17/11/1995 07:00,147.259608
17/11/1995 08:00,151.5489738
17/11/1995 09:00,153.5302262
17/11/1995 10:00,158.7873466
17/11/1995 11:00,165.8168069
17/11/1995 12:00,168.7774697
17/11/1995 13:00,171.2312205
17/11/1995 14:00,174.9172773
17/11/1995 15:00,183.4602769
17/11/1995 16:00,191.8265567
17/11/1995 17:00,198.6969129
17/11/1995 18:00,206.0256421
17/11/1995 19:00,214.3875303
17/11/1995 20:00,221.4538573
17/11/1995 21:00,226.3521685
17/11/1995 22:00,233.2599227
17/11/1995 23:00,238.2617146
18/11/1995 00:00,244.5476965
18/11/1995 01:00,249.4969427
18/11/1995 02:00,253.8151732
18/11/1995 03:00,257.3992207
18/11/1995 04:00,260.2560623
18/11/1995 05:00,263.2367887
18/11/1995 06:00,266.0085022
18/11/1995 07:00,266.3042487
18/11/1995 08:00,263.3673204
18/11/1995 09:00,258.8857581
18/11/1995 10:00,254.8547638
18/11/1995 11:00,250.4543515
18/11/1995 12:00,253.6076789
18/11/1995 13:00,252.924089
18/11/1995 14:00,255.2581238
18/11/1995 15:00,261.3784615
18/11/1995 16:00,269.1575543
18/11/1995 17:00,274.6185939
18/11/1995 18:00,281.1030329
18/11/1995 19:00,286.4270788
18/11/1995 20:00,289.5131217
18/11/1995 21:00,291.8969489
18/11/1995 22:00,296.4625695
18/11/1995 23:00,300.1727723
19/11/1995 00:00,303.5914179
19/11/1995 01:00,306.7896244
19/11/1995 02:00,310.3366441
19/11/1995 03:00,312.5283415
19/11/1995 04:00,309.9713065
19/11/1995 05:00,307.6550334
19/11/1995 06:00,303.3338082
19/11/1995 07:00,297.1489592
19/11/1995 08:00,289.5640853
19/11/1995 09:00,279.4297763
19/11/1995 10:00,268.9565235
19/11/1995 11:00,262.4610446
19/11/1995 12:00,258.1609237
19/11/1995 13:00,255.6187221
19/11/1995 14:00,254.0007693
19/11/1995 15:00,254.8095665
19/11/1995 16:00,256.1795821
19/11/1995 17:00,256.9920349
19/11/1995 18:00,258.8894235
19/11/1995 19:00,259.2374947
19/11/1995 20:00,257.8178704
19/11/1995 21:00,255.0108272
19/11/1995 22:00,252.8903219
19/11/1995 23:00,250.3992264
20/11/1995 00:00,248.6132891
20/11/1995 01:00,246.0577207
20/11/1995 02:00,243.7515508
20/11/1995 03:00,243.3747349
20/11/1995 04:00,243.7098167
20/11/1995 05:00,244.3988383
20/11/1995 06:00,245.1100583
20/11/1995 07:00,245.4614842
20/11/1995 08:00,242.6883925
20/11/1995 09:00,236.3455694
20/11/1995 10:00,232.112459
20/11/1995 11:00,226.8139635
20/11/1995 12:00,224.494631
20/11/1995 13:00,222.9195347
20/11/1995 14:00,223.7703916
20/11/1995 15:00,227.8814219
20/11/1995 16:00,236.9885924
20/11/1995 17:00,244.0584716
20/11/1995 18:00,250.8044153
20/11/1995 19:00,257.1674278
20/11/1995 20:00,263.3101997
20/11/1995 21:00,267.7916383
20/11/1995 22:00,271.082687
20/11/1995 23:00,273.5761508
21/11/1995 00:00,275.9868172
21/11/1995 01:00,279.0544244
21/11/1995 02:00,281.5432605
21/11/1995 03:00,283.9352657
21/11/1995 04:00,285.5127721
21/11/1995 05:00,286.3276966
21/11/1995 06:00,286.8014524
21/11/1995 07:00,285.5931912
21/11/1995 08:00,278.4600436
21/11/1995 09:00,268.6498019
21/11/1995 10:00,257.763801
21/11/1995 11:00,249.914139
21/11/1995 12:00,241.983399
21/11/1995 13:00,239.2776775
21/11/1995 14:00,241.352619
21/11/1995 15:00,249.4266502
21/11/1995 16:00,260.0048198
21/11/1995 17:00,266.40488
21/11/1995 18:00,270.6114164
21/11/1995 19:00,273.6591933
21/11/1995 20:00,274.8421267
21/11/1995 21:00,277.1699056
21/11/1995 22:00,278.9871697
21/11/1995 23:00,279.6475419
22/11/1995 00:00,280.3843126
22/11/1995 01:00,279.8100615
22/11/1995 02:00,278.6209313
22/11/1995 03:00,278.4783903
22/11/1995 04:00,277.9103084
22/11/1995 05:00,277.9612938
22/11/1995 06:00,278.2763658
22/11/1995 07:00,276.3188365
22/11/1995 08:00,268.6773532
22/11/1995 09:00,257.1960221
22/11/1995 10:00,242.3163114
22/11/1995 11:00,232.6493975
22/11/1995 12:00,224.0591378
22/11/1995 13:00,222.3225285
22/11/1995 14:00,223.6224127
22/11/1995 15:00,229.6395885
22/11/1995 16:00,238.4558482
22/11/1995 17:00,243.1727241
22/11/1995 18:00,245.5047405
22/11/1995 19:00,247.3954604
22/11/1995 20:00,248.0967483
22/11/1995 21:00,247.7684377
22/11/1995 22:00,247.0091981
22/11/1995 23:00,246.7034154
23/11/1995 00:00,248.9291637
23/11/1995 01:00,251.4592565
23/11/1995 02:00,254.4682224
23/11/1995 03:00,256.400025
23/11/1995 04:00,259.4120933
23/11/1995 05:00,261.1733618
23/11/1995 06:00,260.0230214
23/11/1995 07:00,256.6711503
23/11/1995 08:00,250.2891953
23/11/1995 09:00,239.9423326
23/11/1995 10:00,228.442334
23/11/1995 11:00,214.0006908
23/11/1995 12:00,200.3998013
23/11/1995 13:00,192.9302547
23/11/1995 14:00,191.223033
23/11/1995 15:00,200.8523513
23/11/1995 16:00,215.3051555
23/11/1995 17:00,222.6176835
23/11/1995 18:00,224.3043348
23/11/1995 19:00,224.6780535
23/11/1995 20:00,226.2042145
23/11/1995 21:00,227.2532912
23/11/1995 22:00,228.5551951
23/11/1995 23:00,230.1900799
24/11/1995 00:00,231.8478609
24/11/1995 01:00,232.8448433
24/11/1995 02:00,233.6762591
24/11/1995 03:00,235.4155864
24/11/1995 04:00,236.4704689
24/11/1995 05:00,237.2195268
24/11/1995 06:00,238.2737284
24/11/1995 07:00,238.3196571
24/11/1995 08:00,231.2392878
24/11/1995 09:00,219.4655088
24/11/1995 10:00,209.4348585
24/11/1995 11:00,200.8425752
24/11/1995 12:00,194.6113557
24/11/1995 13:00,191.5293608
24/11/1995 14:00,194.2599405
24/11/1995 15:00,204.2713773
24/11/1995 16:00,216.9940233
24/11/1995 17:00,226.8331838
24/11/1995 18:00,233.8900858
24/11/1995 19:00,239.8144261
24/11/1995 20:00,243.9804515
24/11/1995 21:00,245.8805585
24/11/1995 22:00,249.1277368
24/11/1995 23:00,250.117043
25/11/1995 00:00,251.637295
25/11/1995 01:00,252.1541552
25/11/1995 02:00,253.4967645
25/11/1995 03:00,254.9770985
25/11/1995 04:00,255.7645809
25/11/1995 05:00,256.6159858
25/11/1995 06:00,257.147202
25/11/1995 07:00,257.3986359
25/11/1995 08:00,253.7731449
25/11/1995 09:00,243.9976549
25/11/1995 10:00,233.3886771
25/11/1995 11:00,224.7874484
25/11/1995 12:00,218.3510115
25/11/1995 13:00,214.8992849
25/11/1995 14:00,218.2272862
25/11/1995 15:00,225.9924586
25/11/1995 16:00,234.4470298
25/11/1995 17:00,240.1109027
25/11/1995 18:00,241.9034415
25/11/1995 19:00,242.4041894
25/11/1995 20:00,244.0372129
25/11/1995 21:00,245.3067263
25/11/1995 22:00,246.309343
25/11/1995 23:00,247.8692878
26/11/1995 00:00,248.4458524
26/11/1995 01:00,250.0346545
26/11/1995 02:00,250.3158915
26/11/1995 03:00,248.8292614
26/11/1995 04:00,249.6037968
26/11/1995 05:00,250.3388933
26/11/1995 06:00,251.2725556
26/11/1995 07:00,250.3204446
26/11/1995 08:00,245.2463686
26/11/1995 09:00,236.7073467
26/11/1995 10:00,226.8353961
26/11/1995 11:00,214.5074518
26/11/1995 12:00,206.3698654
26/11/1995 13:00,204.9750553
26/11/1995 14:00,205.4228734
26/11/1995 15:00,211.7261898
26/11/1995 16:00,220.5070535
26/11/1995 17:00,227.0243981
26/11/1995 18:00,232.4128561
26/11/1995 19:00,236.9798458
26/11/1995 20:00,241.3903203
26/11/1995 21:00,244.1399233
26/11/1995 22:00,249.3309637
26/11/1995 23:00,255.8574577
27/11/1995 00:00,256.9107246
27/11/1995 01:00,257.5502882
27/11/1995 02:00,259.681824
27/11/1995 03:00,260.5784204
27/11/1995 04:00,260.6021089
27/11/1995 05:00,260.2803434
27/11/1995 06:00,259.784777
27/11/1995 07:00,258.7168606
27/11/1995 08:00,255.8100763
27/11/1995 09:00,251.5610767
27/11/1995 10:00,246.1584916
27/11/1995 11:00,241.3020169
27/11/1995 12:00,236.4805214
27/11/1995 13:00,231.28261
27/11/1995 14:00,228.4891589
27/11/1995 15:00,227.2771162
27/11/1995 16:00,229.1727125
27/11/1995 17:00,230.5198337
27/11/1995 18:00,229.90272
27/11/1995 19:00,229.3132051
27/11/1995 20:00,229.0333123
27/11/1995 21:00,228.3378041
27/11/1995 22:00,227.5664544
27/11/1995 23:00,227.1197809
28/11/1995 00:00,226.4950407
28/11/1995 01:00,226.6755055
28/11/1995 02:00,226.4552774
28/11/1995 03:00,225.712147
28/11/1995 04:00,225.2393317
28/11/1995 05:00,223.801808
28/11/1995 06:00,222.95034
28/11/1995 07:00,221.8964773
28/11/1995 08:00,218.7387738
28/11/1995 09:00,215.0420256
28/11/1995 10:00,211.1833744
28/11/1995 11:00,208.0693552
28/11/1995 12:00,205.9601462
28/11/1995 13:00,203.981913
28/11/1995 14:00,202.225764
28/11/1995 15:00,204.0270177
28/11/1995 16:00,206.8875855
28/11/1995 17:00,210.4425718
28/11/1995 18:00,213.2300264
28/11/1995 19:00,213.6400629
28/11/1995 20:00,213.7573777
28/11/1995 21:00,213.226809
28/11/1995 22:00,213.8136116
28/11/1995 23:00,214.295461
29/11/1995 00:00,215.3556098
29/11/1995 01:00,216.9152655
29/11/1995 02:00,219.7367357
29/11/1995 03:00,222.9942912
29/11/1995 04:00,227.6607055
29/11/1995 05:00,230.1703581
29/11/1995 06:00,230.8673286
29/11/1995 07:00,230.2100728
29/11/1995 08:00,226.9075106
29/11/1995 09:00,217.6824839
29/11/1995 10:00,208.4038742
29/11/1995 11:00,202.1475112
29/11/1995 12:00,197.4967611
29/11/1995 13:00,196.1246084
29/11/1995 14:00,198.3947611
29/11/1995 15:00,204.7717119
29/11/1995 16:00,211.5280608
29/11/1995 17:00,215.4818925
29/11/1995 18:00,217.0107232
29/11/1995 19:00,219.4601972
29/11/1995 20:00,220.7193852
29/11/1995 21:00,222.7089187
29/11/1995 22:00,224.7708701
29/11/1995 23:00,227.07627
30/11/1995 00:00,228.8558687
30/11/1995 01:00,231.5178743
30/11/1995 02:00,233.830251
30/11/1995 03:00,236.077805
30/11/1995 04:00,236.9339004
30/11/1995 05:00,238.2414212
30/11/1995 06:00,238.9849262
30/11/1995 07:00,238.8852681
30/11/1995 08:00,236.4696528
30/11/1995 09:00,228.5888994
30/11/1995 10:00,223.8442799
30/11/1995 11:00,219.5998162
30/11/1995 12:00,216.7715214
30/11/1995 13:00,216.9015515
30/11/1995 14:00,220.5162587
30/11/1995 15:00,225.755816
30/11/1995 16:00,232.4094958
30/11/1995 17:00,237.1168794
30/11/1995 18:00,238.9815649
30/11/1995 19:00,241.1735221
30/11/1995 20:00,242.6360506
30/11/1995 21:00,245.1145835
30/11/1995 22:00,247.5387325
30/11/1995 23:00,249.9157324
01/12/1995 00:00,252.2189785
01/12/1995 01:00,253.5042215
01/12/1995 02:00,254.403974
01/12/1995 03:00,259.5533965
01/12/1995 04:00,262.2087082
01/12/1995 05:00,265.416365
01/12/1995 06:00,268.7461317
01/12/1995 07:00,270.8706995
01/12/1995 08:00,266.09044
01/12/1995 09:00,252.0808159
01/12/1995 10:00,236.25612
01/12/1995 11:00,221.9873362
01/12/1995 12:00,211.2845627
01/12/1995 13:00,205.8395953
01/12/1995 14:00,207.1914316
01/12/1995 15:00,219.7073746
01/12/1995 16:00,237.3838523
01/12/1995 17:00,246.8526048
01/12/1995 18:00,253.5837235
01/12/1995 19:00,258.9319771
01/12/1995 20:00,263.8452718
01/12/1995 21:00,266.6678157
01/12/1995 22:00,266.8452362
01/12/1995 23:00,268.8226851
02/12/1995 00:00,268.6326977
02/12/1995 01:00,268.017428
02/12/1995 02:00,266.3437002
02/12/1995 03:00,264.8363999
02/12/1995 04:00,263.4439551
02/12/1995 05:00,260.1052184
02/12/1995 06:00,258.4044039
02/12/1995 07:00,255.3189919
02/12/1995 08:00,249.3806444
02/12/1995 09:00,238.7360225
02/12/1995 10:00,226.5565525
02/12/1995 11:00,214.9967666
02/12/1995 12:00,206.716767
02/12/1995 13:00,202.8265922
02/12/1995 14:00,203.4611325
02/12/1995 15:00,209.8969308
02/12/1995 16:00,218.179184
02/12/1995 17:00,226.9371601
02/12/1995 18:00,234.9968793
02/12/1995 19:00,241.3686984
02/12/1995 20:00,247.4172494
02/12/1995 21:00,252.6001799
02/12/1995 22:00,256.868857
02/12/1995 23:00,259.2608583
03/12/1995 00:00,261.1766861
03/12/1995 01:00,261.8244558
03/12/1995 02:00,261.3367945
03/12/1995 03:00,259.8634798
03/12/1995 04:00,259.1020235
03/12/1995 05:00,258.2535481
03/12/1995 06:00,257.6592649
03/12/1995 07:00,255.0951588
03/12/1995 08:00,250.0158062
03/12/1995 09:00,243.2309059
03/12/1995 10:00,236.3741767
03/12/1995 11:00,231.0759138
03/12/1995 12:00,226.6672191
03/12/1995 13:00,224.8156745
03/12/1995 14:00,224.3070913
03/12/1995 15:00,226.6184296
03/12/1995 16:00,230.1525366
03/12/1995 17:00,232.7567705
03/12/1995 18:00,234.6883243
03/12/1995 19:00,236.9810686
03/12/1995 20:00,241.7328326
03/12/1995 21:00,246.7750138
03/12/1995 22:00,249.9707105
03/12/1995 23:00,253.5073647
04/12/1995 00:00,256.5451974
04/12/1995 01:00,260.0275804
04/12/1995 02:00,262.0032659
04/12/1995 03:00,264.429159
04/12/1995 04:00,267.1993761
04/12/1995 05:00,270.1771116
04/12/1995 06:00,272.8062504
04/12/1995 07:00,274.8203748
04/12/1995 08:00,273.9989709
04/12/1995 09:00,269.2010092
04/12/1995 10:00,264.1897343
04/12/1995 11:00,259.8104326
04/12/1995 12:00,258.4512353
04/12/1995 13:00,258.1671469
04/12/1995 14:00,258.7437687
04/12/1995 15:00,260.0890979
04/12/1995 16:00,261.0064629
04/12/1995 17:00,261.3789013
04/12/1995 18:00,261.80912
04/12/1995 19:00,262.0327737
04/12/1995 20:00,262.3277932
04/12/1995 21:00,263.2562733
04/12/1995 22:00,267.9516896
04/12/1995 23:00,271.4159007
05/12/1995 00:00,274.5230665
05/12/1995 01:00,276.2472986
05/12/1995 02:00,279.2514364
05/12/1995 03:00,282.01936
05/12/1995 04:00,284.0544729
05/12/1995 05:00,286.0331244
05/12/1995 06:00,286.848659
05/12/1995 07:00,287.8125635
05/12/1995 08:00,288.0936463
05/12/1995 09:00,287.0481227
05/12/1995 10:00,283.5725576
05/12/1995 11:00,279.8654609
05/12/1995 12:00,276.1061481
05/12/1995 13:00,275.1409237
05/12/1995 14:00,276.6471844
05/12/1995 15:00,280.6082999
05/12/1995 16:00,284.6185042
05/12/1995 17:00,288.3492586
05/12/1995 18:00,290.9939404
05/12/1995 19:00,293.9934725
05/12/1995 20:00,296.7890024
05/12/1995 21:00,297.4397552
05/12/1995 22:00,298.1159351
05/12/1995 23:00,298.5749329
06/12/1995 00:00,298.8320579
06/12/1995 01:00,299.9980427
06/12/1995 02:00,300.7447565
06/12/1995 03:00,301.8917443
06/12/1995 04:00,301.9834325
06/12/1995 05:00,302.1337551
06/12/1995 06:00,298.4679096
06/12/1995 07:00,297.5171926
06/12/1995 08:00,296.0670907
06/12/1995 09:00,291.3734544
06/12/1995 10:00,285.7513034
06/12/1995 11:00,280.5773346
06/12/1995 12:00,277.1205354
06/12/1995 13:00,276.339551
06/12/1995 14:00,278.5297865
06/12/1995 15:00,283.1386701
06/12/1995 16:00,287.4028045
06/12/1995 17:00,290.819116
06/12/1995 18:00,293.0221687
06/12/1995 19:00,295.1750352
06/12/1995 20:00,295.6848667
06/12/1995 21:00,298.1830885
06/12/1995 22:00,299.6911528
06/12/1995 23:00,301.4134615
07/12/1995 00:00,302.8782268
07/12/1995 01:00,303.6055688
07/12/1995 02:00,302.9854197
07/12/1995 03:00,303.4530359
07/12/1995 04:00,304.5326383
07/12/1995 05:00,305.2286224
07/12/1995 06:00,304.9394811
07/12/1995 07:00,303.527129
07/12/1995 08:00,299.8195662
07/12/1995 09:00,294.3050566
07/12/1995 10:00,287.1801109
07/12/1995 11:00,280.5692352
07/12/1995 12:00,276.4486178
07/12/1995 13:00,273.5487135
07/12/1995 14:00,272.4778934
07/12/1995 15:00,277.1045115
07/12/1995 16:00,281.2121948
07/12/1995 17:00,283.0325072
07/12/1995 18:00,283.659829
07/12/1995 19:00,285.1235993
07/12/1995 20:00,284.3537464
07/12/1995 21:00,283.0543242
07/12/1995 22:00,282.1861055
07/12/1995 23:00,281.7771556
08/12/1995 00:00,281.4508135
08/12/1995 01:00,281.3015724
08/12/1995 02:00,282.8365405
08/12/1995 03:00,284.0912178
08/12/1995 04:00,283.9763726
08/12/1995 05:00,285.6373037
08/12/1995 06:00,284.9035572
08/12/1995 07:00,283.9451276
08/12/1995 08:00,281.2772835
08/12/1995 09:00,275.7412856
08/12/1995 10:00,266.3298306
08/12/1995 11:00,255.1031256
08/12/1995 12:00,246.9327282
08/12/1995 13:00,243.2506215
08/12/1995 14:00,244.8767684
08/12/1995 15:00,250.9157572
08/12/1995 16:00,257.0937828
08/12/1995 17:00,263.5144313
08/12/1995 18:00,266.7223193
08/12/1995 19:00,270.3168995
08/12/1995 20:00,276.7591479
08/12/1995 21:00,280.5331267
08/12/1995 22:00,283.1524672
08/12/1995 23:00,286.0179725
09/12/1995 00:00,289.9822883
09/12/1995 01:00,291.4212571
09/12/1995 02:00,293.9306121
09/12/1995 03:00,295.7542253
09/12/1995 04:00,297.3138791
09/12/1995 05:00,297.3703325
09/12/1995 06:00,298.8246927
09/12/1995 07:00,298.7363624
09/12/1995 08:00,294.9046652
09/12/1995 09:00,285.7478923
09/12/1995 10:00,275.2428376
09/12/1995 11:00,266.4246106
09/12/1995 12:00,261.0060568
09/12/1995 13:00,257.8431271
09/12/1995 14:00,261.9853743
09/12/1995 15:00,271.6921696
09/12/1995 16:00,278.7186353
09/12/1995 17:00,282.707959
09/12/1995 18:00,285.7337264
09/12/1995 19:00,287.5937547
09/12/1995 20:00,288.5488392
09/12/1995 21:00,289.2863763
09/12/1995 22:00,290.5130417
09/12/1995 23:00,291.2723679
10/12/1995 00:00,292.3551286
10/12/1995 01:00,292.1719823
10/12/1995 02:00,292.3254951
10/12/1995 03:00,293.2122334
10/12/1995 04:00,294.0090077
10/12/1995 05:00,293.9019147
10/12/1995 06:00,294.3835697
10/12/1995 07:00,294.3663442
10/12/1995 08:00,292.8469978
10/12/1995 09:00,287.5240359
10/12/1995 10:00,282.2195053
10/12/1995 11:00,276.4279843
10/12/1995 12:00,273.859775
10/12/1995 13:00,275.457709
10/12/1995 14:00,278.395565
10/12/1995 15:00,282.3723009
10/12/1995 16:00,285.8770431
10/12/1995 17:00,287.1700987
10/12/1995 18:00,288.5992387
10/12/1995 19:00,288.9295212
10/12/1995 20:00,288.8040417
10/12/1995 21:00,288.7247132
10/12/1995 22:00,288.6488305
10/12/1995 23:00,289.1110253
11/12/1995 00:00,290.0648409
11/12/1995 01:00,291.5253852
11/12/1995 02:00,292.0832634
11/12/1995 03:00,293.6542206
11/12/1995 04:00,294.5007909
11/12/1995 05:00,294.5546382
11/12/1995 06:00,293.4292961
11/12/1995 07:00,292.6368976
11/12/1995 08:00,290.6210684
11/12/1995 09:00,287.4499892
11/12/1995 10:00,282.7152429
11/12/1995 11:00,277.024779
11/12/1995 12:00,273.7135337
11/12/1995 13:00,271.9052549
11/12/1995 14:00,273.5210728
11/12/1995 15:00,276.143534
11/12/1995 16:00,281.4806845
11/12/1995 17:00,284.3800758
11/12/1995 18:00,286.1854826
11/12/1995 19:00,286.4352286
11/12/1995 20:00,285.7625421
11/12/1995 21:00,285.6624383
11/12/1995 22:00,285.6321959
11/12/1995 23:00,286.1380907
12/12/1995 00:00,286.2486887
12/12/1995 01:00,285.5501067
12/12/1995 02:00,285.771217
12/12/1995 03:00,285.3035629
12/12/1995 04:00,285.374126
12/12/1995 05:00,284.784951
12/12/1995 06:00,283.2161613
12/12/1995 07:00,281.5291428
12/12/1995 08:00,278.3632781
12/12/1995 09:00,273.2106749
12/12/1995 10:00,268.2411152
12/12/1995 11:00,263.5676349
12/12/1995 12:00,260.877984
12/12/1995 13:00,260.9747927
12/12/1995 14:00,262.4127911
12/12/1995 15:00,265.4407415
12/12/1995 16:00,268.4810153
12/12/1995 17:00,272.0647069
12/12/1995 18:00,275.3313429
12/12/1995 19:00,278.2545907
12/12/1995 20:00,281.5914117
12/12/1995 21:00,284.972336
12/12/1995 22:00,286.0879839
12/12/1995 23:00,287.9863612
13/12/1995 00:00,289.6049309
13/12/1995 01:00,291.6752888
13/12/1995 02:00,293.4095181
13/12/1995 03:00,295.886895
13/12/1995 04:00,298.0908793
13/12/1995 05:00,300.0996606
13/12/1995 06:00,300.6736408
13/12/1995 07:00,301.0467987
13/12/1995 08:00,299.3979098
13/12/1995 09:00,296.1126407
13/12/1995 10:00,289.8988253
13/12/1995 11:00,287.0227365
13/12/1995 12:00,285.8006675
13/12/1995 13:00,285.2676559
13/12/1995 14:00,286.3934463
13/12/1995 15:00,286.3322179
13/12/1995 16:00,287.88196
13/12/1995 17:00,290.7058235
13/12/1995 18:00,292.3076304
13/12/1995 19:00,294.1597212
13/12/1995 20:00,295.9854206
13/12/1995 21:00,297.225588
13/12/1995 22:00,298.0112554
13/12/1995 23:00,299.7379414
14/12/1995 00:00,302.8083242
14/12/1995 01:00,305.9182956
14/12/1995 02:00,310.7011631
14/12/1995 03:00,313.7126465
14/12/1995 04:00,317.8269279
14/12/1995 05:00,318.6004597
14/12/1995 06:00,318.1963562
14/12/1995 07:00,317.3713134
14/12/1995 08:00,316.7698152
14/12/1995 09:00,315.9549316
14/12/1995 10:00,313.4705268
14/12/1995 11:00,311.707773
14/12/1995 12:00,311.6052234
14/12/1995 13:00,312.1297243
14/12/1995 14:00,312.9099372
14/12/1995 15:00,314.4430117
14/12/1995 16:00,316.7208683
14/12/1995 17:00,317.3111572
14/12/1995 18:00,318.0922754
14/12/1995 19:00,319.4268513
14/12/1995 20:00,319.8974301
14/12/1995 21:00,318.6851912
14/12/1995 22:00,318.7625518
14/12/1995 23:00,319.3916811
15/12/1995 00:00,318.8851576
15/12/1995 01:00,320.4170028
15/12/1995 02:00,323.9239814
15/12/1995 03:00,325.2313382
15/12/1995 04:00,326.0481454
15/12/1995 05:00,326.5437975
15/12/1995 06:00,326.6783181
15/12/1995 07:00,325.4774966
15/12/1995 08:00,322.0690029
15/12/1995 09:00,317.4809277
15/12/1995 10:00,309.827962
15/12/1995 11:00,303.2565735
15/12/1995 12:00,300.464316
15/12/1995 13:00,298.8523565
15/12/1995 14:00,299.0239737
15/12/1995 15:00,298.558665
15/12/1995 16:00,303.036029
15/12/1995 17:00,306.9587716
15/12/1995 18:00,307.9917962
15/12/1995 19:00,307.3128906
15/12/1995 20:00,306.9748803
15/12/1995 21:00,305.8872683
15/12/1995 22:00,302.4821979
15/12/1995 23:00,300.3264282
16/12/1995 00:00,302.8299374
16/12/1995 01:00,305.5383793
16/12/1995 02:00,298.9936842
16/12/1995 03:00,297.4716954
16/12/1995 04:00,297.3319988
16/12/1995 05:00,296.5703742
16/12/1995 06:00,295.6662657
16/12/1995 07:00,294.1164601
16/12/1995 08:00,289.8323327
16/12/1995 09:00,282.7840811
16/12/1995 10:00,277.0532906
16/12/1995 11:00,270.2307966
16/12/1995 12:00,267.7632498
16/12/1995 13:00,266.9253838
16/12/1995 14:00,268.9021255
16/12/1995 15:00,275.1306268
16/12/1995 16:00,279.6964057
16/12/1995 17:00,282.2031356
16/12/1995 18:00,282.524652
16/12/1995 19:00,281.8953366
16/12/1995 20:00,282.328868
16/12/1995 21:00,282.5186836
16/12/1995 22:00,285.1753276
16/12/1995 23:00,288.110314
17/12/1995 00:00,289.9668462
17/12/1995 01:00,291.6146702
17/12/1995 02:00,293.0431595
17/12/1995 03:00,292.0526256
17/12/1995 04:00,293.7856424
17/12/1995 05:00,293.9950992
17/12/1995 06:00,294.2237952
17/12/1995 07:00,295.4295505
17/12/1995 08:00,293.8262031
17/12/1995 09:00,288.4823716
17/12/1995 10:00,278.6968385
17/12/1995 11:00,269.9653801
17/12/1995 12:00,261.4711482
17/12/1995 13:00,255.4369232
17/12/1995 14:00,253.8600473
17/12/1995 15:00,254.4796125
17/12/1995 16:00,255.0338385
17/12/1995 17:00,254.9652076
17/12/1995 18:00,255.0868035
17/12/1995 19:00,254.4197445
17/12/1995 20:00,254.3731366
17/12/1995 21:00,253.9584394
17/12/1995 22:00,253.7601179
17/12/1995 23:00,253.2882409
18/12/1995 00:00,253.104331
18/12/1995 01:00,252.9548068
18/12/1995 02:00,252.3893991
18/12/1995 03:00,251.7320476
18/12/1995 04:00,248.7512814
18/12/1995 05:00,243.5986409
18/12/1995 06:00,240.4965218
18/12/1995 07:00,238.5335632
18/12/1995 08:00,235.7323012
18/12/1995 09:00,233.7038659
18/12/1995 10:00,231.1985662
18/12/1995 11:00,226.4416193
18/12/1995 12:00,222.7129346
18/12/1995 13:00,220.8829072
18/12/1995 14:00,222.6425444
18/12/1995 15:00,223.9311426
18/12/1995 16:00,227.8455871
18/12/1995 17:00,230.6250303
18/12/1995 18:00,233.3454283
18/12/1995 19:00,235.8260323
18/12/1995 20:00,238.2725051
18/12/1995 21:00,238.5305416
18/12/1995 22:00,239.630769
18/12/1995 23:00,241.0318372
19/12/1995 00:00,243.4506077
19/12/1995 01:00,244.7449168
19/12/1995 02:00,245.7344648
19/12/1995 03:00,247.4237791
19/12/1995 04:00,249.6019222
19/12/1995 05:00,251.0826495
19/12/1995 06:00,252.4334035
19/12/1995 07:00,252.9881201
19/12/1995 08:00,253.133237
19/12/1995 09:00,248.7321996
19/12/1995 10:00,242.980113
19/12/1995 11:00,239.0551722
19/12/1995 12:00,236.7479003
19/12/1995 13:00,236.1469154
19/12/1995 14:00,237.9737188
19/12/1995 15:00,240.8027895
19/12/1995 16:00,245.057656
19/12/1995 17:00,249.3464642
19/12/1995 18:00,250.8855839
19/12/1995 19:00,252.5923358
19/12/1995 20:00,253.3466098
19/12/1995 21:00,254.9301355
19/12/1995 22:00,255.0019876
19/12/1995 23:00,254.8781266
20/12/1995 00:00,254.5366021
20/12/1995 01:00,253.8037029
20/12/1995 02:00,255.0049372
20/12/1995 03:00,254.3290841
20/12/1995 04:00,252.1149584
20/12/1995 05:00,250.7416119
20/12/1995 06:00,248.8807996
20/12/1995 07:00,245.0902861
20/12/1995 08:00,240.3563008
20/12/1995 09:00,232.2456124
20/12/1995 10:00,222.8242306
20/12/1995 11:00,214.5224416
20/12/1995 12:00,206.2674794
20/12/1995 13:00,199.3498474
20/12/1995 14:00,198.5010468
20/12/1995 15:00,199.5515022
20/12/1995 16:00,206.6799289
20/12/1995 17:00,208.4878051
20/12/1995 18:00,208.4569909
20/12/1995 19:00,207.0900954
20/12/1995 20:00,207.4829317
20/12/1995 21:00,207.3523982
20/12/1995 22:00,208.8452642
20/12/1995 23:00,208.9574098
21/12/1995 00:00,209.8755449
21/12/1995 01:00,210.4797081
21/12/1995 02:00,211.1976751
21/12/1995 03:00,216.3061326
21/12/1995 04:00,218.0392366
21/12/1995 05:00,218.9584446
21/12/1995 06:00,219.1308384
21/12/1995 07:00,219.5249148
21/12/1995 08:00,219.1170184
21/12/1995 09:00,215.7563952
21/12/1995 10:00,211.8681592
21/12/1995 11:00,207.6847712
21/12/1995 12:00,202.6107298
21/12/1995 13:00,199.8395027
21/12/1995 14:00,198.3231602
21/12/1995 15:00,198.7223972
21/12/1995 16:00,199.8763328
21/12/1995 17:00,200.3457078
21/12/1995 18:00,199.8907198
21/12/1995 19:00,198.1303304
21/12/1995 20:00,197.4725143
21/12/1995 21:00,196.8611948
21/12/1995 22:00,196.4626329
21/12/1995 23:00,195.6655236
22/12/1995 00:00,195.9552261
22/12/1995 01:00,199.7971266
22/12/1995 02:00,203.5347156
22/12/1995 03:00,208.2896737
22/12/1995 04:00,212.808709
22/12/1995 05:00,215.4915684
22/12/1995 06:00,214.7064206
22/12/1995 07:00,212.9016762
22/12/1995 08:00,207.5579386
22/12/1995 09:00,199.0735757
22/12/1995 10:00,191.4696774
22/12/1995 11:00,184.7533922
22/12/1995 12:00,176.064478
22/12/1995 13:00,170.2814856
22/12/1995 14:00,160.0427131
22/12/1995 15:00,160.711324
22/12/1995 16:00,166.4873042
22/12/1995 17:00,170.2673197
22/12/1995 18:00,168.9472753
22/12/1995 19:00,169.4172907
22/12/1995 20:00,169.7552587
22/12/1995 21:00,171.2443302
22/12/1995 22:00,171.9750179
22/12/1995 23:00,172.4023221
23/12/1995 00:00,166.1585479
23/12/1995 01:00,162.0192897
23/12/1995 02:00,153.2243211
23/12/1995 03:00,154.5978
23/12/1995 04:00,157.0899881
23/12/1995 05:00,155.1891868
23/12/1995 06:00,155.015998
23/12/1995 07:00,157.9445798
23/12/1995 08:00,149.5830423
23/12/1995 09:00,135.051699
23/12/1995 10:00,119.8192687
23/12/1995 11:00,109.2181303
23/12/1995 12:00,106.327405
23/12/1995 13:00,113.0609999
23/12/1995 14:00,120.4549168
23/12/1995 15:00,130.6529799
23/12/1995 16:00,137.9532938
23/12/1995 17:00,142.0545675
23/12/1995 18:00,147.2048063
23/12/1995 19:00,150.9574117
23/12/1995 20:00,149.4675736
23/12/1995 21:00,149.6024187
23/12/1995 22:00,153.1565737
23/12/1995 23:00,154.0627975
24/12/1995 00:00,162.6809524
24/12/1995 01:00,163.4412803
24/12/1995 02:00,164.361457
24/12/1995 03:00,164.6072269
24/12/1995 04:00,167.4212658
24/12/1995 05:00,175.6673098
24/12/1995 06:00,182.668068
24/12/1995 07:00,185.2215574
24/12/1995 08:00,183.9431362
24/12/1995 09:00,180.190638
24/12/1995 10:00,172.5030092
24/12/1995 11:00,157.8911205
24/12/1995 12:00,137.8177981
24/12/1995 13:00,133.9121456
24/12/1995 14:00,134.8859774
24/12/1995 15:00,145.2475122
24/12/1995 16:00,153.2391553
24/12/1995 17:00,159.7191177
24/12/1995 18:00,165.0931408
24/12/1995 19:00,168.2131273
24/12/1995 20:00,171.3523306
24/12/1995 21:00,173.8292968
24/12/1995 22:00,174.6194271
24/12/1995 23:00,175.3546915
25/12/1995 00:00,177.5475432
25/12/1995 01:00,179.5034518
25/12/1995 02:00,180.1090495
25/12/1995 03:00,183.3577105
25/12/1995 04:00,185.2397855
25/12/1995 05:00,187.4278853
25/12/1995 06:00,189.2976315
25/12/1995 07:00,190.6057656
25/12/1995 08:00,190.9146438
25/12/1995 09:00,189.7981341
25/12/1995 10:00,188.9695325
25/12/1995 11:00,188.4779363
25/12/1995 12:00,187.5522744
25/12/1995 13:00,187.2830234
25/12/1995 14:00,187.9065231
25/12/1995 15:00,188.8435592
25/12/1995 16:00,190.0922342
25/12/1995 17:00,188.7298735
25/12/1995 18:00,192.5867572
25/12/1995 19:00,194.5362634
25/12/1995 20:00,200.2016915
25/12/1995 21:00,204.240712
25/12/1995 22:00,210.8590869
25/12/1995 23:00,221.8296343
26/12/1995 00:00,232.0669406
26/12/1995 01:00,237.346043
26/12/1995 02:00,240.7706688
26/12/1995 03:00,242.8714588
26/12/1995 04:00,247.2013527
26/12/1995 05:00,251.5777525
26/12/1995 06:00,253.6082373
26/12/1995 07:00,254.7940274
26/12/1995 08:00,259.3831413
26/12/1995 09:00,261.9663691
26/12/1995 10:00,264.4802625
26/12/1995 11:00,266.6128162
26/12/1995 12:00,270.2622581
26/12/1995 13:00,273.0059513
26/12/1995 14:00,273.81213
26/12/1995 15:00,274.6074446
26/12/1995 16:00,275.4126525
26/12/1995 17:00,275.5709955
26/12/1995 18:00,275.6946522
26/12/1995 19:00,277.3600342
26/12/1995 20:00,279.6484561
26/12/1995 21:00,282.1215858
26/12/1995 22:00,284.699115
26/12/1995 23:00,286.7657941
27/12/1995 00:00,287.9982232
27/12/1995 01:00,289.5181196
27/12/1995 02:00,290.267243
27/12/1995 03:00,291.4207305
27/12/1995 04:00,292.4703887
27/12/1995 05:00,293.5949727
27/12/1995 06:00,294.7265598
27/12/1995 07:00,296.6781561
27/12/1995 08:00,298.9631793
27/12/1995 09:00,298.8223307
27/12/1995 10:00,296.306832
27/12/1995 11:00,293.1461284
27/12/1995 12:00,289.9168319
27/12/1995 13:00,290.3471743
27/12/1995 14:00,294.1478843
27/12/1995 15:00,302.0500392
27/12/1995 16:00,310.8633096
27/12/1995 17:00,317.2260487
27/12/1995 18:00,324.1127725
27/12/1995 19:00,330.9477334
27/12/1995 20:00,333.5605777
27/12/1995 21:00,336.6587852
27/12/1995 22:00,337.8778038
27/12/1995 23:00,339.4925804
28/12/1995 00:00,337.2235524
28/12/1995 01:00,337.5405261
28/12/1995 02:00,339.6501634
28/12/1995 03:00,341.1179698
28/12/1995 04:00,340.452619
28/12/1995 05:00,342.222477
28/12/1995 06:00,344.0148998
28/12/1995 07:00,346.0789753
28/12/1995 08:00,345.5226679
28/12/1995 09:00,341.5386126
28/12/1995 10:00,336.9151377
28/12/1995 11:00,334.0217435
28/12/1995 12:00,332.4382068
28/12/1995 13:00,332.5076733
28/12/1995 14:00,333.1912283
28/12/1995 15:00,335.7230403
28/12/1995 16:00,337.6180021
28/12/1995 17:00,338.9031092
28/12/1995 18:00,339.2558383
28/12/1995 19:00,338.9655867
28/12/1995 20:00,337.9174375
28/12/1995 21:00,336.6944661
28/12/1995 22:00,336.6746535
28/12/1995 23:00,338.1788314
29/12/1995 00:00,337.8736662
29/12/1995 01:00,336.6953608
29/12/1995 02:00,336.1378839
29/12/1995 03:00,336.1180706
29/12/1995 04:00,336.4969704
29/12/1995 05:00,336.1706849
29/12/1995 06:00,336.6681795
29/12/1995 07:00,336.6602885
29/12/1995 08:00,335.2960263
29/12/1995 09:00,333.3440546
29/12/1995 10:00,330.7604992
29/12/1995 11:00,328.038391
29/12/1995 12:00,326.6044959
29/12/1995 13:00,325.3405349
29/12/1995 14:00,325.2509762
29/12/1995 15:00,325.447803
29/12/1995 16:00,325.6785775
29/12/1995 17:00,325.5782528
29/12/1995 18:00,325.5238609
29/12/1995 19:00,325.5708248
29/12/1995 20:00,325.4107853
29/12/1995 21:00,325.2049038
29/12/1995 22:00,324.7420356
29/12/1995 23:00,324.4097296
30/12/1995 00:00,323.8422678
30/12/1995 01:00,323.5272075
30/12/1995 02:00,323.6603833
30/12/1995 03:00,324.8144627
30/12/1995 04:00,325.4171819
30/12/1995 05:00,325.6016023
30/12/1995 06:00,324.1179669
30/12/1995 07:00,323.2779836
30/12/1995 08:00,321.033995
30/12/1995 09:00,314.9143592
30/12/1995 10:00,309.657319
30/12/1995 11:00,305.046065
30/12/1995 12:00,300.8917855
30/12/1995 13:00,298.1582666
30/12/1995 14:00,295.6841811
30/12/1995 15:00,293.6764653
30/12/1995 16:00,289.6803868
30/12/1995 17:00,286.1555649
30/12/1995 18:00,280.4370494
30/12/1995 19:00,275.6740377
30/12/1995 20:00,275.1675957
30/12/1995 21:00,278.5409381
30/12/1995 22:00,282.5818461
30/12/1995 23:00,284.3804871
31/12/1995 00:00,283.6896034
31/12/1995 01:00,283.235855
31/12/1995 02:00,282.9218535
31/12/1995 03:00,284.0363197
31/12/1995 04:00,284.2340868
31/12/1995 05:00,283.8808073
31/12/1995 06:00,283.8756988
31/12/1995 07:00,282.2946517
31/12/1995 08:00,279.6115496
31/12/1995 09:00,277.3171989
31/12/1995 10:00,273.985662
31/12/1995 11:00,271.2449971
31/12/1995 12:00,267.261793
31/12/1995 13:00,263.9852123
31/12/1995 14:00,261.8138855
31/12/1995 15:00,261.1812515
31/12/1995 16:00,260.6132044
31/12/1995 17:00,260.1955593
31/12/1995 18:00,259.1466718
31/12/1995 19:00,258.3052354
31/12/1995 20:00,258.2301326
31/12/1995 21:00,258.5033688
31/12/1995 22:00,257.5456041
31/12/1995 23:00,257.3213627
