Unnamed: 0,0
2009-01-01 00:00:00,266.3359
2009-01-01 01:00:00,266.5806
2009-01-01 02:00:00,267.6384
2009-01-01 03:00:00,270.4589
2009-01-01 04:00:00,274.1903
2009-01-01 05:00:00,277.8066
2009-01-01 06:00:00,282.4864
2009-01-01 07:00:00,287.4235
2009-01-01 08:00:00,289.353
2009-01-01 09:00:00,281.8556
2009-01-01 10:00:00,271.8594
2009-01-01 11:00:00,264.6304
2009-01-01 12:00:00,260.3734
2009-01-01 13:00:00,260.6096
2009-01-01 14:00:00,262.9475
2009-01-01 15:00:00,269.2487
2009-01-01 16:00:00,278.1801
2009-01-01 17:00:00,282.6227
2009-01-01 18:00:00,284.4663
2009-01-01 19:00:00,286.0269
2009-01-01 20:00:00,287.071
2009-01-01 21:00:00,288.3437
2009-01-01 22:00:00,289.8016
2009-01-01 23:00:00,290.7875
2009-01-02 00:00:00,292.0137
2009-01-02 01:00:00,293.0654
2009-01-02 02:00:00,294.9469
2009-01-02 03:00:00,296.633
2009-01-02 04:00:00,297.6672
2009-01-02 05:00:00,299.0745
2009-01-02 06:00:00,300.2485
2009-01-02 07:00:00,300.6839
2009-01-02 08:00:00,300.3709
2009-01-02 09:00:00,297.8869
2009-01-02 10:00:00,294.4434
2009-01-02 11:00:00,291.4497
2009-01-02 12:00:00,288.9144
2009-01-02 13:00:00,287.6269
2009-01-02 14:00:00,288.4783
2009-01-02 15:00:00,290.9714
2009-01-02 16:00:00,293.8111
2009-01-02 17:00:00,296.2654
2009-01-02 18:00:00,297.3832
2009-01-02 19:00:00,299.0616
2009-01-02 20:00:00,301.4061
2009-01-02 21:00:00,305.5607
2009-01-02 22:00:00,309.166
2009-01-02 23:00:00,312.0159
2009-01-03 00:00:00,315.0443
2009-01-03 01:00:00,317.7031
2009-01-03 02:00:00,319.8985
2009-01-03 03:00:00,322.1832
2009-01-03 04:00:00,323.8578
2009-01-03 05:00:00,325.6993
2009-01-03 06:00:00,329.1128
2009-01-03 07:00:00,332.9598
2009-01-03 08:00:00,334.2942
2009-01-03 09:00:00,331.9778
2009-01-03 10:00:00,326.4511
2009-01-03 11:00:00,322.083
2009-01-03 12:00:00,319.7455
2009-01-03 13:00:00,319.117
2009-01-03 14:00:00,320.3102
2009-01-03 15:00:00,323.2365
2009-01-03 16:00:00,326.2666
2009-01-03 17:00:00,327.9186
2009-01-03 18:00:00,329.5223
2009-01-03 19:00:00,329.8612
2009-01-03 20:00:00,330.5628
2009-01-03 21:00:00,332.2068
2009-01-03 22:00:00,333.1771
2009-01-03 23:00:00,334.5245
2009-01-04 00:00:00,336.6095
2009-01-04 01:00:00,338.222
2009-01-04 02:00:00,339.3964
2009-01-04 03:00:00,340.722
2009-01-04 04:00:00,342.1355
2009-01-04 05:00:00,343.6232
2009-01-04 06:00:00,345.7919
2009-01-04 07:00:00,347.1982
2009-01-04 08:00:00,345.4726
2009-01-04 09:00:00,337.471
2009-01-04 10:00:00,329.3701
2009-01-04 11:00:00,322.5056
2009-01-04 12:00:00,317.4361
2009-01-04 13:00:00,314.2244
2009-01-04 14:00:00,315.1504
2009-01-04 15:00:00,321.3961
2009-01-04 16:00:00,329.2742
2009-01-04 17:00:00,336.8677
2009-01-04 18:00:00,341.1461
2009-01-04 19:00:00,343.6301
2009-01-04 20:00:00,344.5782
2009-01-04 21:00:00,345.4942
2009-01-04 22:00:00,347.1703
2009-01-04 23:00:00,347.8027
2009-01-05 00:00:00,347.3039
2009-01-05 01:00:00,347.5104
2009-01-05 02:00:00,348.2499
2009-01-05 03:00:00,350.2697
2009-01-05 04:00:00,351.7083
2009-01-05 05:00:00,352.006
2009-01-05 06:00:00,350.6314
2009-01-05 07:00:00,350.3604
2009-01-05 08:00:00,348.7923
2009-01-05 09:00:00,342.6463
2009-01-05 10:00:00,335.5773
2009-01-05 11:00:00,329.3315
2009-01-05 12:00:00,324.2285
2009-01-05 13:00:00,322.0538
2009-01-05 14:00:00,321.5633
2009-01-05 15:00:00,322.5563
2009-01-05 16:00:00,325.123
2009-01-05 17:00:00,326.5696
2009-01-05 18:00:00,328.0202
2009-01-05 19:00:00,329.5596
2009-01-05 20:00:00,331.9165
2009-01-05 21:00:00,333.4291
2009-01-05 22:00:00,334.4903
2009-01-05 23:00:00,335.0579
2009-01-06 00:00:00,336.1982
2009-01-06 01:00:00,337.3709
2009-01-06 02:00:00,337.6492
2009-01-06 03:00:00,336.4291
2009-01-06 04:00:00,334.8073
2009-01-06 05:00:00,333.0606
2009-01-06 06:00:00,330.9902
2009-01-06 07:00:00,329.3285
2009-01-06 08:00:00,327.6613
2009-01-06 09:00:00,325.2094
2009-01-06 10:00:00,321.4913
2009-01-06 11:00:00,318.5429
2009-01-06 12:00:00,316.6159
2009-01-06 13:00:00,315.3465
2009-01-06 14:00:00,315.2113
2009-01-06 15:00:00,316.881
2009-01-06 16:00:00,319.0378
2009-01-06 17:00:00,320.6699
2009-01-06 18:00:00,321.9098
2009-01-06 19:00:00,323.0957
2009-01-06 20:00:00,324.2052
2009-01-06 21:00:00,325.0196
2009-01-06 22:00:00,325.9595
2009-01-06 23:00:00,327.3306
2009-01-07 00:00:00,329.0286
2009-01-07 01:00:00,330.0209
2009-01-07 02:00:00,330.3345
2009-01-07 03:00:00,331.8549
2009-01-07 04:00:00,332.7516
2009-01-07 05:00:00,333.0537
2009-01-07 06:00:00,332.629
2009-01-07 07:00:00,332.618
2009-01-07 08:00:00,332.2116
2009-01-07 09:00:00,330.2848
2009-01-07 10:00:00,327.3586
2009-01-07 11:00:00,324.5727
2009-01-07 12:00:00,323.2372
2009-01-07 13:00:00,323.341
2009-01-07 14:00:00,323.9906
2009-01-07 15:00:00,326.2321
2009-01-07 16:00:00,329.1404
2009-01-07 17:00:00,330.8525
2009-01-07 18:00:00,333.7235
2009-01-07 19:00:00,336.5249
2009-01-07 20:00:00,339.6572
2009-01-07 21:00:00,343.209
2009-01-07 22:00:00,347.3364
2009-01-07 23:00:00,351.5107
2009-01-08 00:00:00,354.2227
2009-01-08 01:00:00,355.6365
2009-01-08 02:00:00,355.9592
2009-01-08 03:00:00,354.3286
2009-01-08 04:00:00,351.2422
2009-01-08 05:00:00,349.2301
2009-01-08 06:00:00,349.5408
2009-01-08 07:00:00,349.0252
2009-01-08 08:00:00,346.3577
2009-01-08 09:00:00,341.6253
2009-01-08 10:00:00,336.5239
2009-01-08 11:00:00,330.4059
2009-01-08 12:00:00,325.1153
2009-01-08 13:00:00,322.9714
2009-01-08 14:00:00,322.9302
2009-01-08 15:00:00,325.3643
2009-01-08 16:00:00,329.9168
2009-01-08 17:00:00,332.6868
2009-01-08 18:00:00,333.2974
2009-01-08 19:00:00,334.8627
2009-01-08 20:00:00,339.2207
2009-01-08 21:00:00,341.571
2009-01-08 22:00:00,345.2135
2009-01-08 23:00:00,346.8796
2009-01-09 00:00:00,347.6393
2009-01-09 01:00:00,347.2542
2009-01-09 02:00:00,347.5061
2009-01-09 03:00:00,347.9865
2009-01-09 04:00:00,348.4842
2009-01-09 05:00:00,348.0645
2009-01-09 06:00:00,347.8538
2009-01-09 07:00:00,347.4534
2009-01-09 08:00:00,345.3075
2009-01-09 09:00:00,338.1621
2009-01-09 10:00:00,328.9167
2009-01-09 11:00:00,319.9914
2009-01-09 12:00:00,313.7142
2009-01-09 13:00:00,310.4516
2009-01-09 14:00:00,309.6991
2009-01-09 15:00:00,315.2208
2009-01-09 16:00:00,322.6722
2009-01-09 17:00:00,327.3284
2009-01-09 18:00:00,330.1226
2009-01-09 19:00:00,332.3786
2009-01-09 20:00:00,335.8595
2009-01-09 21:00:00,338.839
2009-01-09 22:00:00,340.0309
2009-01-09 23:00:00,340.8785
2009-01-10 00:00:00,341.7538
2009-01-10 01:00:00,344.9657
2009-01-10 02:00:00,347.1911
2009-01-10 03:00:00,347.2851
2009-01-10 04:00:00,347.2384
2009-01-10 05:00:00,349.692
2009-01-10 06:00:00,352.9288
2009-01-10 07:00:00,353.2072
2009-01-10 08:00:00,351.1374
2009-01-10 09:00:00,344.1278
2009-01-10 10:00:00,334.2579
2009-01-10 11:00:00,326.1193
2009-01-10 12:00:00,320.1418
2009-01-10 13:00:00,316.6111
2009-01-10 14:00:00,316.3161
2009-01-10 15:00:00,320.1923
2009-01-10 16:00:00,325.3836
2009-01-10 17:00:00,329.4136
2009-01-10 18:00:00,331.8807
2009-01-10 19:00:00,334.2095
2009-01-10 20:00:00,335.9587
2009-01-10 21:00:00,337.8954
2009-01-10 22:00:00,339.8497
2009-01-10 23:00:00,342.4771
2009-01-11 00:00:00,344.2913
2009-01-11 01:00:00,345.1225
2009-01-11 02:00:00,345.7003
2009-01-11 03:00:00,348.1948
2009-01-11 04:00:00,349.7624
2009-01-11 05:00:00,349.7527
2009-01-11 06:00:00,349.7935
2009-01-11 07:00:00,350.7239
2009-01-11 08:00:00,349.8376
2009-01-11 09:00:00,343.0758
2009-01-11 10:00:00,333.4231
2009-01-11 11:00:00,324.2096
2009-01-11 12:00:00,317.4481
2009-01-11 13:00:00,313.7728
2009-01-11 14:00:00,313.2286
2009-01-11 15:00:00,319.3909
2009-01-11 16:00:00,325.2995
2009-01-11 17:00:00,331.6564
2009-01-11 18:00:00,336.333
2009-01-11 19:00:00,340.4404
2009-01-11 20:00:00,341.4151
2009-01-11 21:00:00,343.3212
2009-01-11 22:00:00,344.9938
2009-01-11 23:00:00,345.6796
2009-01-12 00:00:00,348.2299
2009-01-12 01:00:00,350.9479
2009-01-12 02:00:00,352.9467
2009-01-12 03:00:00,352.9625
2009-01-12 04:00:00,354.4536
2009-01-12 05:00:00,355.9742
2009-01-12 06:00:00,355.4664
2009-01-12 07:00:00,355.2709
2009-01-12 08:00:00,351.2172
2009-01-12 09:00:00,343.3737
2009-01-12 10:00:00,331.2221
2009-01-12 11:00:00,318.9536
2009-01-12 12:00:00,308.6782
2009-01-12 13:00:00,302.6775
2009-01-12 14:00:00,301.2409
2009-01-12 15:00:00,306.4517
2009-01-12 16:00:00,315.3958
2009-01-12 17:00:00,321.218
2009-01-12 18:00:00,324.7182
2009-01-12 19:00:00,326.0337
2009-01-12 20:00:00,328.4721
2009-01-12 21:00:00,330.4159
2009-01-12 22:00:00,332.2266
2009-01-12 23:00:00,334.6091
2009-01-13 00:00:00,335.8806
2009-01-13 01:00:00,337.453
2009-01-13 02:00:00,339.7499
2009-01-13 03:00:00,340.7982
2009-01-13 04:00:00,342.3493
2009-01-13 05:00:00,343.0175
2009-01-13 06:00:00,342.8954
2009-01-13 07:00:00,344.5832
2009-01-13 08:00:00,343.6596
2009-01-13 09:00:00,335.4019
2009-01-13 10:00:00,322.3767
2009-01-13 11:00:00,308.0572
2009-01-13 12:00:00,295.3226
2009-01-13 13:00:00,286.6517
2009-01-13 14:00:00,284.4151
2009-01-13 15:00:00,289.8624
2009-01-13 16:00:00,300.8376
2009-01-13 17:00:00,307.9903
2009-01-13 18:00:00,313.2792
2009-01-13 19:00:00,318.3749
2009-01-13 20:00:00,320.9653
2009-01-13 21:00:00,323.6121
2009-01-13 22:00:00,326.9523
2009-01-13 23:00:00,329.7745
2009-01-14 00:00:00,331.9029
2009-01-14 01:00:00,334.3237
2009-01-14 02:00:00,336.2298
2009-01-14 03:00:00,338.1454
2009-01-14 04:00:00,339.2553
2009-01-14 05:00:00,339.0495
2009-01-14 06:00:00,338.7163
2009-01-14 07:00:00,339.2967
2009-01-14 08:00:00,336.7528
2009-01-14 09:00:00,327.3267
2009-01-14 10:00:00,314.2829
2009-01-14 11:00:00,301.8798
2009-01-14 12:00:00,290.4835
2009-01-14 13:00:00,283.8226
2009-01-14 14:00:00,279.9986
2009-01-14 15:00:00,280.19
2009-01-14 16:00:00,282.5422
2009-01-14 17:00:00,283.782
2009-01-14 18:00:00,283.5904
2009-01-14 19:00:00,285.2158
2009-01-14 20:00:00,285.5357
2009-01-14 21:00:00,285.823
2009-01-14 22:00:00,284.8577
2009-01-14 23:00:00,284.2439
2009-01-15 00:00:00,284.9891
2009-01-15 01:00:00,284.9636
2009-01-15 02:00:00,284.9617
2009-01-15 03:00:00,286.1781
2009-01-15 04:00:00,286.5363
2009-01-15 05:00:00,285.7214
2009-01-15 06:00:00,284.6149
2009-01-15 07:00:00,283.3776
2009-01-15 08:00:00,280.5093
2009-01-15 09:00:00,275.1238
2009-01-15 10:00:00,267.502
2009-01-15 11:00:00,259.91
2009-01-15 12:00:00,254.9879
2009-01-15 13:00:00,253.7786
2009-01-15 14:00:00,254.6156
2009-01-15 15:00:00,260.5425
2009-01-15 16:00:00,266.8518
2009-01-15 17:00:00,271.2366
2009-01-15 18:00:00,273.9466
2009-01-15 19:00:00,275.5108
2009-01-15 20:00:00,277.9161
2009-01-15 21:00:00,281.249
2009-01-15 22:00:00,284.5628
2009-01-15 23:00:00,287.4202
2009-01-16 00:00:00,289.0319
2009-01-16 01:00:00,291.5969
2009-01-16 02:00:00,293.2776
2009-01-16 03:00:00,293.9376
2009-01-16 04:00:00,294.5046
2009-01-16 05:00:00,297.0361
2009-01-16 06:00:00,298.0489
2009-01-16 07:00:00,299.5261
2009-01-16 08:00:00,296.9024
2009-01-16 09:00:00,289.9735
2009-01-16 10:00:00,280.0287
2009-01-16 11:00:00,271.6783
2009-01-16 12:00:00,264.6178
2009-01-16 13:00:00,260.6778
2009-01-16 14:00:00,259.8285
2009-01-16 15:00:00,266.0152
2009-01-16 16:00:00,275.9662
2009-01-16 17:00:00,285.6481
2009-01-16 18:00:00,291.1522
2009-01-16 19:00:00,295.728
2009-01-16 20:00:00,297.5607
2009-01-16 21:00:00,299.9233
2009-01-16 22:00:00,302.6824
2009-01-16 23:00:00,306.2771
2009-01-17 00:00:00,309.1542
2009-01-17 01:00:00,311.0552
2009-01-17 02:00:00,311.0969
2009-01-17 03:00:00,313.6611
2009-01-17 04:00:00,315.089
2009-01-17 05:00:00,315.9025
2009-01-17 06:00:00,316.0294
2009-01-17 07:00:00,315.9501
2009-01-17 08:00:00,313.1273
2009-01-17 09:00:00,306.1852
2009-01-17 10:00:00,293.2233
2009-01-17 11:00:00,278.5616
2009-01-17 12:00:00,264.3125
2009-01-17 13:00:00,254.7806
2009-01-17 14:00:00,251.4325
2009-01-17 15:00:00,254.193
2009-01-17 16:00:00,260.8985
2009-01-17 17:00:00,265.3801
2009-01-17 18:00:00,266.7889
2009-01-17 19:00:00,268.9727
2009-01-17 20:00:00,274.9178
2009-01-17 21:00:00,280.5842
2009-01-17 22:00:00,286.3982
2009-01-17 23:00:00,291.1431
2009-01-18 00:00:00,295.7993
2009-01-18 01:00:00,300.0891
2009-01-18 02:00:00,301.9397
2009-01-18 03:00:00,302.6183
2009-01-18 04:00:00,303.1743
2009-01-18 05:00:00,301.8096
2009-01-18 06:00:00,294.1485
2009-01-18 07:00:00,285.6438
2009-01-18 08:00:00,273.5701
2009-01-18 09:00:00,262.3682
2009-01-18 10:00:00,251.4141
2009-01-18 11:00:00,232.3103
2009-01-18 12:00:00,224.964
2009-01-18 13:00:00,223.1105
2009-01-18 14:00:00,224.927
2009-01-18 15:00:00,227.7193
2009-01-18 16:00:00,228.3488
2009-01-18 17:00:00,226.0331
2009-01-18 18:00:00,222.4209
2009-01-18 19:00:00,221.9539
2009-01-18 20:00:00,222.7258
2009-01-18 21:00:00,222.262
2009-01-18 22:00:00,226.6275
2009-01-18 23:00:00,232.7642
2009-01-19 00:00:00,236.5646
2009-01-19 01:00:00,240.7611
2009-01-19 02:00:00,243.7531
2009-01-19 03:00:00,244.5843
2009-01-19 04:00:00,246.4827
2009-01-19 05:00:00,247.8681
2009-01-19 06:00:00,244.359
2009-01-19 07:00:00,240.5217
2009-01-19 08:00:00,237.2976
2009-01-19 09:00:00,232.1464
2009-01-19 10:00:00,218.9639
2009-01-19 11:00:00,208.165
2009-01-19 12:00:00,198.1297
2009-01-19 13:00:00,194.581
2009-01-19 14:00:00,195.6533
2009-01-19 15:00:00,196.4785
2009-01-19 16:00:00,198.7069
2009-01-19 17:00:00,201.627
2009-01-19 18:00:00,204.0821
2009-01-19 19:00:00,207.3854
2009-01-19 20:00:00,208.6082
2009-01-19 21:00:00,211.1055
2009-01-19 22:00:00,213.5752
2009-01-19 23:00:00,218.6906
2009-01-20 00:00:00,222.0893
2009-01-20 01:00:00,225.9153
2009-01-20 02:00:00,231.7289
2009-01-20 03:00:00,236.6028
2009-01-20 04:00:00,240.1224
2009-01-20 05:00:00,242.7352
2009-01-20 06:00:00,244.9436
2009-01-20 07:00:00,247.6531
2009-01-20 08:00:00,249.8788
2009-01-20 09:00:00,247.1925
2009-01-20 10:00:00,243.3956
2009-01-20 11:00:00,240.3521
2009-01-20 12:00:00,238.0154
2009-01-20 13:00:00,236.2533
2009-01-20 14:00:00,236.2836
2009-01-20 15:00:00,237.8516
2009-01-20 16:00:00,242.9767
2009-01-20 17:00:00,246.9452
2009-01-20 18:00:00,250.0345
2009-01-20 19:00:00,252.4542
2009-01-20 20:00:00,254.2595
2009-01-20 21:00:00,256.5942
2009-01-20 22:00:00,258.3469
2009-01-20 23:00:00,260.6549
2009-01-21 00:00:00,262.2896
2009-01-21 01:00:00,262.9151
2009-01-21 02:00:00,264.8271
2009-01-21 03:00:00,266.4317
2009-01-21 04:00:00,266.9336
2009-01-21 05:00:00,267.3231
2009-01-21 06:00:00,266.5148
2009-01-21 07:00:00,265.8913
2009-01-21 08:00:00,263.4126
2009-01-21 09:00:00,257.9353
2009-01-21 10:00:00,250.4041
2009-01-21 11:00:00,244.8762
2009-01-21 12:00:00,239.111
2009-01-21 13:00:00,235.4021
2009-01-21 14:00:00,234.4652
2009-01-21 15:00:00,237.6845
2009-01-21 16:00:00,247.3667
2009-01-21 17:00:00,253.6273
2009-01-21 18:00:00,258.049
2009-01-21 19:00:00,261.9677
2009-01-21 20:00:00,264.4337
2009-01-21 21:00:00,268.1245
2009-01-21 22:00:00,270.5809
2009-01-21 23:00:00,272.6487
2009-01-22 00:00:00,275.6398
2009-01-22 01:00:00,278.2515
2009-01-22 02:00:00,282.393
2009-01-22 03:00:00,285.8838
2009-01-22 04:00:00,285.7777
2009-01-22 05:00:00,287.0012
2009-01-22 06:00:00,289.321
2009-01-22 07:00:00,291.3245
2009-01-22 08:00:00,289.1324
2009-01-22 09:00:00,280.8941
2009-01-22 10:00:00,270.1647
2009-01-22 11:00:00,259.6595
2009-01-22 12:00:00,253.224
2009-01-22 13:00:00,248.0847
2009-01-22 14:00:00,245.2946
2009-01-22 15:00:00,249.8656
2009-01-22 16:00:00,257.6881
2009-01-22 17:00:00,263.4917
2009-01-22 18:00:00,264.2198
2009-01-22 19:00:00,262.4794
2009-01-22 20:00:00,261.2297
2009-01-22 21:00:00,258.7996
2009-01-22 22:00:00,257.5507
2009-01-22 23:00:00,258.7362
2009-01-23 00:00:00,262.6386
2009-01-23 01:00:00,264.7602
2009-01-23 02:00:00,264.9168
2009-01-23 03:00:00,263.5914
2009-01-23 04:00:00,261.909
2009-01-23 05:00:00,259.0466
2009-01-23 06:00:00,254.2884
2009-01-23 07:00:00,249.8294
2009-01-23 08:00:00,240.2922
2009-01-23 09:00:00,232.5522
2009-01-23 10:00:00,224.546
2009-01-23 11:00:00,218.5217
2009-01-23 12:00:00,211.8808
2009-01-23 13:00:00,205.1988
2009-01-23 14:00:00,194.2481
2009-01-23 15:00:00,194.4737
2009-01-23 16:00:00,204.6761
2009-01-23 17:00:00,219.7265
2009-01-23 18:00:00,223.9259
2009-01-23 19:00:00,224.6514
2009-01-23 20:00:00,228.2222
2009-01-23 21:00:00,235.2819
2009-01-23 22:00:00,240.179
2009-01-23 23:00:00,244.234
2009-01-24 00:00:00,250.8765
2009-01-24 01:00:00,256.5753
2009-01-24 02:00:00,264.5932
2009-01-24 03:00:00,271.2329
2009-01-24 04:00:00,273.0665
2009-01-24 05:00:00,275.7216
2009-01-24 06:00:00,277.4813
2009-01-24 07:00:00,276.3192
2009-01-24 08:00:00,271.1474
2009-01-24 09:00:00,266.11
2009-01-24 10:00:00,259.4436
2009-01-24 11:00:00,250.7691
2009-01-24 12:00:00,244.6859
2009-01-24 13:00:00,240.6375
2009-01-24 14:00:00,239.0686
2009-01-24 15:00:00,239.6488
2009-01-24 16:00:00,242.0964
2009-01-24 17:00:00,245.5244
2009-01-24 18:00:00,249.3957
2009-01-24 19:00:00,252.6104
2009-01-24 20:00:00,254.2545
2009-01-24 21:00:00,256.2078
2009-01-24 22:00:00,257.2167
2009-01-24 23:00:00,259.7353
2009-01-25 00:00:00,263.6823
2009-01-25 01:00:00,267.6605
2009-01-25 02:00:00,272.507
2009-01-25 03:00:00,274.9095
2009-01-25 04:00:00,277.203
2009-01-25 05:00:00,280.9045
2009-01-25 06:00:00,285.7436
2009-01-25 07:00:00,288.8644
2009-01-25 08:00:00,285.1093
2009-01-25 09:00:00,270.0734
2009-01-25 10:00:00,253.1851
2009-01-25 11:00:00,240.4286
2009-01-25 12:00:00,231.5659
2009-01-25 13:00:00,226.1467
2009-01-25 14:00:00,224.2555
2009-01-25 15:00:00,229.1044
2009-01-25 16:00:00,243.6252
2009-01-25 17:00:00,259.5225
2009-01-25 18:00:00,268.5365
2009-01-25 19:00:00,275.8216
2009-01-25 20:00:00,281.115
2009-01-25 21:00:00,285.6199
2009-01-25 22:00:00,290.4361
2009-01-25 23:00:00,292.9402
2009-01-26 00:00:00,295.0778
2009-01-26 01:00:00,297.1247
2009-01-26 02:00:00,298.8425
2009-01-26 03:00:00,301.0631
2009-01-26 04:00:00,301.9834
2009-01-26 05:00:00,301.526
2009-01-26 06:00:00,301.4179
2009-01-26 07:00:00,301.8493
2009-01-26 08:00:00,294.9575
2009-01-26 09:00:00,282.1837
2009-01-26 10:00:00,269.6717
2009-01-26 11:00:00,258.2173
2009-01-26 12:00:00,248.2141
2009-01-26 13:00:00,241.5916
2009-01-26 14:00:00,238.0726
2009-01-26 15:00:00,242.2101
2009-01-26 16:00:00,252.7305
2009-01-26 17:00:00,264.7506
2009-01-26 18:00:00,271.8599
2009-01-26 19:00:00,274.1726
2009-01-26 20:00:00,277.8419
2009-01-26 21:00:00,278.6291
2009-01-26 22:00:00,279.1128
2009-01-26 23:00:00,279.7764
2009-01-27 00:00:00,280.5799
2009-01-27 01:00:00,282.1719
2009-01-27 02:00:00,284.0488
2009-01-27 03:00:00,283.8302
2009-01-27 04:00:00,285.3334
2009-01-27 05:00:00,285.3252
2009-01-27 06:00:00,284.8794
2009-01-27 07:00:00,284.1627
2009-01-27 08:00:00,280.215
2009-01-27 09:00:00,275.6135
2009-01-27 10:00:00,269.4117
2009-01-27 11:00:00,264.6633
2009-01-27 12:00:00,261.0311
2009-01-27 13:00:00,258.3931
2009-01-27 14:00:00,257.6621
2009-01-27 15:00:00,259.0634
2009-01-27 16:00:00,264.0427
2009-01-27 17:00:00,269.2899
2009-01-27 18:00:00,271.0488
2009-01-27 19:00:00,273.7911
2009-01-27 20:00:00,275.9156
2009-01-27 21:00:00,277.6231
2009-01-27 22:00:00,280.4926
2009-01-27 23:00:00,284.5655
2009-01-28 00:00:00,286.3283
2009-01-28 01:00:00,288.6641
2009-01-28 02:00:00,291.0343
2009-01-28 03:00:00,292.2659
2009-01-28 04:00:00,293.1446
2009-01-28 05:00:00,293.035
2009-01-28 06:00:00,292.8078
2009-01-28 07:00:00,292.8332
2009-01-28 08:00:00,290.634
2009-01-28 09:00:00,285.363
2009-01-28 10:00:00,279.1122
2009-01-28 11:00:00,274.1
2009-01-28 12:00:00,269.7166
2009-01-28 13:00:00,267.9612
2009-01-28 14:00:00,267.8844
2009-01-28 15:00:00,269.9693
2009-01-28 16:00:00,273.7828
2009-01-28 17:00:00,276.7437
2009-01-28 18:00:00,278.9359
2009-01-28 19:00:00,280.8437
2009-01-28 20:00:00,281.9836
2009-01-28 21:00:00,282.5523
2009-01-28 22:00:00,283.0041
2009-01-28 23:00:00,283.962
2009-01-29 00:00:00,283.5184
2009-01-29 01:00:00,284.9202
2009-01-29 02:00:00,286.0449
2009-01-29 03:00:00,286.7269
2009-01-29 04:00:00,287.9415
2009-01-29 05:00:00,288.894
2009-01-29 06:00:00,289.5113
2009-01-29 07:00:00,289.8142
2009-01-29 08:00:00,288.3539
2009-01-29 09:00:00,284.1217
2009-01-29 10:00:00,277.8398
2009-01-29 11:00:00,272.7886
2009-01-29 12:00:00,268.7893
2009-01-29 13:00:00,264.5747
2009-01-29 14:00:00,262.4854
2009-01-29 15:00:00,263.2133
2009-01-29 16:00:00,265.9679
2009-01-29 17:00:00,269.2587
2009-01-29 18:00:00,271.4373
2009-01-29 19:00:00,273.1827
2009-01-29 20:00:00,274.1397
2009-01-29 21:00:00,277.0379
2009-01-29 22:00:00,280.6666
2009-01-29 23:00:00,282.5391
2009-01-30 00:00:00,284.0507
2009-01-30 01:00:00,285.9819
2009-01-30 02:00:00,287.5503
2009-01-30 03:00:00,289.2074
2009-01-30 04:00:00,290.8999
2009-01-30 05:00:00,292.2873
2009-01-30 06:00:00,291.19
2009-01-30 07:00:00,292.3439
2009-01-30 08:00:00,291.6455
2009-01-30 09:00:00,283.9244
2009-01-30 10:00:00,278.7664
2009-01-30 11:00:00,272.599
2009-01-30 12:00:00,268.2745
2009-01-30 13:00:00,266.2512
2009-01-30 14:00:00,265.3608
2009-01-30 15:00:00,267.2057
2009-01-30 16:00:00,272.8141
2009-01-30 17:00:00,276.6229
2009-01-30 18:00:00,279.3396
2009-01-30 19:00:00,281.4374
2009-01-30 20:00:00,283.8728
2009-01-30 21:00:00,285.6415
2009-01-30 22:00:00,288.1622
2009-01-30 23:00:00,290.6659
2009-01-31 00:00:00,293.2311
2009-01-31 01:00:00,296.027
2009-01-31 02:00:00,298.0775
2009-01-31 03:00:00,300.8195
2009-01-31 04:00:00,303.091
2009-01-31 05:00:00,305.4668
2009-01-31 06:00:00,307.8108
2009-01-31 07:00:00,309.6285
2009-01-31 08:00:00,308.7815
2009-01-31 09:00:00,306.2636
2009-01-31 10:00:00,301.887
2009-01-31 11:00:00,297.1917
2009-01-31 12:00:00,294.1256
2009-01-31 13:00:00,292.9815
2009-01-31 14:00:00,293.8648
2009-01-31 15:00:00,296.082
2009-01-31 16:00:00,299.2851
2009-01-31 17:00:00,301.0242
2009-01-31 18:00:00,302.9648
2009-01-31 19:00:00,303.5192
2009-01-31 20:00:00,304.3178
2009-01-31 21:00:00,304.4139
2009-01-31 22:00:00,304.8529
2009-01-31 23:00:00,305.2451
2009-02-01 00:00:00,304.972
2009-02-01 01:00:00,305.9258
2009-02-01 02:00:00,306.5922
2009-02-01 03:00:00,307.4342
2009-02-01 04:00:00,308.0393
2009-02-01 05:00:00,309.1046
2009-02-01 06:00:00,309.7127
2009-02-01 07:00:00,309.8253
2009-02-01 08:00:00,307.9694
2009-02-01 09:00:00,304.2308
2009-02-01 10:00:00,299.8062
2009-02-01 11:00:00,295.718
2009-02-01 12:00:00,292.9009
2009-02-01 13:00:00,290.7374
2009-02-01 14:00:00,289.7805
2009-02-01 15:00:00,289.8063
2009-02-01 16:00:00,291.6307
2009-02-01 17:00:00,292.0005
2009-02-01 18:00:00,291.2476
2009-02-01 19:00:00,292.0169
2009-02-01 20:00:00,292.3181
2009-02-01 21:00:00,292.105
2009-02-01 22:00:00,291.711
2009-02-01 23:00:00,292.466
2009-02-02 00:00:00,294.3221
2009-02-02 01:00:00,295.9573
2009-02-02 02:00:00,297.0172
2009-02-02 03:00:00,294.8989
2009-02-02 04:00:00,293.0703
2009-02-02 05:00:00,291.2027
2009-02-02 06:00:00,288.6885
2009-02-02 07:00:00,286.5137
2009-02-02 08:00:00,281.4751
2009-02-02 09:00:00,274.9702
2009-02-02 10:00:00,265.7953
2009-02-02 11:00:00,256.9519
2009-02-02 12:00:00,249.7091
2009-02-02 13:00:00,243.1501
2009-02-02 14:00:00,239.7342
2009-02-02 15:00:00,240.6576
2009-02-02 16:00:00,247.3058
2009-02-02 17:00:00,254.3997
2009-02-02 18:00:00,256.7244
2009-02-02 19:00:00,257.5116
2009-02-02 20:00:00,260.1345
2009-02-02 21:00:00,262.3632
2009-02-02 22:00:00,265.9651
2009-02-02 23:00:00,267.2574
2009-02-03 00:00:00,268.8939
2009-02-03 01:00:00,273.2368
2009-02-03 02:00:00,277.246
2009-02-03 03:00:00,279.9867
2009-02-03 04:00:00,281.3914
2009-02-03 05:00:00,283.0439
2009-02-03 06:00:00,285.7279
2009-02-03 07:00:00,287.9669
2009-02-03 08:00:00,276.9024
2009-02-03 09:00:00,258.1706
2009-02-03 10:00:00,236.4071
2009-02-03 11:00:00,216.5401
2009-02-03 12:00:00,201.2147
2009-02-03 13:00:00,193.5523
2009-02-03 14:00:00,190.7154
2009-02-03 15:00:00,194.0085
2009-02-03 16:00:00,209.2869
2009-02-03 17:00:00,226.5805
2009-02-03 18:00:00,238.2003
2009-02-03 19:00:00,245.6618
2009-02-03 20:00:00,251.5303
2009-02-03 21:00:00,257.5445
2009-02-03 22:00:00,261.6721
2009-02-03 23:00:00,264.9239
2009-02-04 00:00:00,268.8764
2009-02-04 01:00:00,272.7446
2009-02-04 02:00:00,275.4846
2009-02-04 03:00:00,276.4313
2009-02-04 04:00:00,274.8366
2009-02-04 05:00:00,272.6866
2009-02-04 06:00:00,272.8959
2009-02-04 07:00:00,271.2612
2009-02-04 08:00:00,262.3357
2009-02-04 09:00:00,246.7173
2009-02-04 10:00:00,228.257
2009-02-04 11:00:00,210.4926
2009-02-04 12:00:00,199.5886
2009-02-04 13:00:00,192.9244
2009-02-04 14:00:00,190.9136
2009-02-04 15:00:00,194.9441
2009-02-04 16:00:00,204.0968
2009-02-04 17:00:00,217.6304
2009-02-04 18:00:00,226.2597
2009-02-04 19:00:00,232.7859
2009-02-04 20:00:00,238.8596
2009-02-04 21:00:00,246.0722
2009-02-04 22:00:00,251.9468
2009-02-04 23:00:00,255.8876
2009-02-05 00:00:00,259.4758
2009-02-05 01:00:00,262.9891
2009-02-05 02:00:00,266.2682
2009-02-05 03:00:00,270.4244
2009-02-05 04:00:00,271.7273
2009-02-05 05:00:00,271.2552
2009-02-05 06:00:00,267.8681
2009-02-05 07:00:00,260.3208
2009-02-05 08:00:00,251.3312
2009-02-05 09:00:00,243.8004
2009-02-05 10:00:00,229.2787
2009-02-05 11:00:00,215.3002
2009-02-05 12:00:00,203.9939
2009-02-05 13:00:00,194.6159
2009-02-05 14:00:00,193.6882
2009-02-05 15:00:00,196.6811
2009-02-05 16:00:00,206.5666
2009-02-05 17:00:00,215.2597
2009-02-05 18:00:00,220.2072
2009-02-05 19:00:00,224.7987
2009-02-05 20:00:00,227.7414
2009-02-05 21:00:00,228.971
2009-02-05 22:00:00,230.2718
2009-02-05 23:00:00,232.7939
2009-02-06 00:00:00,233.4393
2009-02-06 01:00:00,234.2675
2009-02-06 02:00:00,236.4502
2009-02-06 03:00:00,238.0489
2009-02-06 04:00:00,237.9048
2009-02-06 05:00:00,239.5558
2009-02-06 06:00:00,241.2528
2009-02-06 07:00:00,243.5358
2009-02-06 08:00:00,238.8788
2009-02-06 09:00:00,229.05
2009-02-06 10:00:00,218.7529
2009-02-06 11:00:00,209.505
2009-02-06 12:00:00,201.6723
2009-02-06 13:00:00,196.4766
2009-02-06 14:00:00,194.5174
2009-02-06 15:00:00,197.1755
2009-02-06 16:00:00,206.9354
2009-02-06 17:00:00,219.6532
2009-02-06 18:00:00,226.6795
2009-02-06 19:00:00,229.5078
2009-02-06 20:00:00,231.8071
2009-02-06 21:00:00,233.3036
2009-02-06 22:00:00,235.2834
2009-02-06 23:00:00,236.7168
2009-02-07 00:00:00,237.2376
2009-02-07 01:00:00,240.3016
2009-02-07 02:00:00,243.2712
2009-02-07 03:00:00,245.058
2009-02-07 04:00:00,247.047
2009-02-07 05:00:00,246.281
2009-02-07 06:00:00,245.7539
2009-02-07 07:00:00,245.5043
2009-02-07 08:00:00,242.7849
2009-02-07 09:00:00,238.8434
2009-02-07 10:00:00,235.2656
2009-02-07 11:00:00,231.7496
2009-02-07 12:00:00,229.0115
2009-02-07 13:00:00,226.5679
2009-02-07 14:00:00,226.7287
2009-02-07 15:00:00,229.7613
2009-02-07 16:00:00,233.9184
2009-02-07 17:00:00,237.7326
2009-02-07 18:00:00,240.4863
2009-02-07 19:00:00,243.6245
2009-02-07 20:00:00,247.7019
2009-02-07 21:00:00,251.2673
2009-02-07 22:00:00,255.624
2009-02-07 23:00:00,259.794
2009-02-08 00:00:00,262.3082
2009-02-08 01:00:00,263.9939
2009-02-08 02:00:00,265.7102
2009-02-08 03:00:00,266.3589
2009-02-08 04:00:00,266.2793
2009-02-08 05:00:00,266.1558
2009-02-08 06:00:00,267.0178
2009-02-08 07:00:00,267.395
2009-02-08 08:00:00,265.5224
2009-02-08 09:00:00,262.3374
2009-02-08 10:00:00,258.5304
2009-02-08 11:00:00,256.2364
2009-02-08 12:00:00,256.1246
2009-02-08 13:00:00,258.189
2009-02-08 14:00:00,259.097
2009-02-08 15:00:00,260.8372
2009-02-08 16:00:00,264.2609
2009-02-08 17:00:00,268.1516
2009-02-08 18:00:00,271.8744
2009-02-08 19:00:00,275.0386
2009-02-08 20:00:00,278.2014
2009-02-08 21:00:00,279.529
2009-02-08 22:00:00,281.1738
2009-02-08 23:00:00,284.1942
2009-02-09 00:00:00,286.8419
2009-02-09 01:00:00,288.9571
2009-02-09 02:00:00,290.7071
2009-02-09 03:00:00,293.4594
2009-02-09 04:00:00,295.6784
2009-02-09 05:00:00,298.3596
2009-02-09 06:00:00,300.1203
2009-02-09 07:00:00,296.8443
2009-02-09 08:00:00,286.4211
2009-02-09 09:00:00,274.2763
2009-02-09 10:00:00,263.0166
2009-02-09 11:00:00,253.9124
2009-02-09 12:00:00,245.5661
2009-02-09 13:00:00,238.8491
2009-02-09 14:00:00,236.222
2009-02-09 15:00:00,236.9995
2009-02-09 16:00:00,239.398
2009-02-09 17:00:00,242.8428
2009-02-09 18:00:00,244.3522
2009-02-09 19:00:00,245.7515
2009-02-09 20:00:00,243.0893
2009-02-09 21:00:00,240.0977
2009-02-09 22:00:00,236.634
2009-02-09 23:00:00,230.8809
2009-02-10 00:00:00,225.6136
2009-02-10 01:00:00,221.1354
2009-02-10 02:00:00,218.313
2009-02-10 03:00:00,214.0744
2009-02-10 04:00:00,209.8124
2009-02-10 05:00:00,204.122
2009-02-10 06:00:00,196.6786
2009-02-10 07:00:00,187.6457
2009-02-10 08:00:00,184.1418
2009-02-10 09:00:00,192.0506
2009-02-10 10:00:00,193.9264
2009-02-10 11:00:00,189.9498
2009-02-10 12:00:00,188.7894
2009-02-10 13:00:00,190.0955
2009-02-10 14:00:00,199.0329
2009-02-10 15:00:00,207.5443
2009-02-10 16:00:00,216.4638
2009-02-10 17:00:00,229.6124
2009-02-10 18:00:00,241.8854
2009-02-10 19:00:00,245.7597
2009-02-10 20:00:00,251.6812
2009-02-10 21:00:00,254.6374
2009-02-10 22:00:00,255.5282
2009-02-10 23:00:00,256.2517
2009-02-11 00:00:00,258.504
2009-02-11 01:00:00,261.278
2009-02-11 02:00:00,263.1083
2009-02-11 03:00:00,264.9536
2009-02-11 04:00:00,266.6941
2009-02-11 05:00:00,267.7569
2009-02-11 06:00:00,270.4625
2009-02-11 07:00:00,271.5233
2009-02-11 08:00:00,269.2165
2009-02-11 09:00:00,264.3974
2009-02-11 10:00:00,258.4294
2009-02-11 11:00:00,252.6924
2009-02-11 12:00:00,249.4853
2009-02-11 13:00:00,245.9284
2009-02-11 14:00:00,245.3132
2009-02-11 15:00:00,248.0105
2009-02-11 16:00:00,254.8536
2009-02-11 17:00:00,263.7277
2009-02-11 18:00:00,269.7021
2009-02-11 19:00:00,271.5816
2009-02-11 20:00:00,273.1316
2009-02-11 21:00:00,274.6475
2009-02-11 22:00:00,275.4727
2009-02-11 23:00:00,277.0601
2009-02-12 00:00:00,278.4517
2009-02-12 01:00:00,279.6934
2009-02-12 02:00:00,281.9639
2009-02-12 03:00:00,284.6784
2009-02-12 04:00:00,285.9546
2009-02-12 05:00:00,287.8357
2009-02-12 06:00:00,290.3793
2009-02-12 07:00:00,290.4897
2009-02-12 08:00:00,290.0654
2009-02-12 09:00:00,287.2692
2009-02-12 10:00:00,282.2617
2009-02-12 11:00:00,276.2114
2009-02-12 12:00:00,269.2705
2009-02-12 13:00:00,267.3801
2009-02-12 14:00:00,269.0717
2009-02-12 15:00:00,273.7657
2009-02-12 16:00:00,281.9219
2009-02-12 17:00:00,288.5428
2009-02-12 18:00:00,294.1699
2009-02-12 19:00:00,300.2413
2009-02-12 20:00:00,304.0875
2009-02-12 21:00:00,308.8893
2009-02-12 22:00:00,311.2694
2009-02-12 23:00:00,311.345
2009-02-13 00:00:00,312.3611
2009-02-13 01:00:00,313.4403
2009-02-13 02:00:00,314.7679
2009-02-13 03:00:00,315.1151
2009-02-13 04:00:00,317.2696
2009-02-13 05:00:00,318.1969
2009-02-13 06:00:00,318.4828
2009-02-13 07:00:00,318.5663
2009-02-13 08:00:00,311.6132
2009-02-13 09:00:00,301.6068
2009-02-13 10:00:00,291.8444
2009-02-13 11:00:00,284.9526
2009-02-13 12:00:00,277.6089
2009-02-13 13:00:00,272.5678
2009-02-13 14:00:00,270.5504
2009-02-13 15:00:00,272.6689
2009-02-13 16:00:00,279.8885
2009-02-13 17:00:00,291.591
2009-02-13 18:00:00,303.2973
2009-02-13 19:00:00,310.6317
2009-02-13 20:00:00,316.579
2009-02-13 21:00:00,319.7355
2009-02-13 22:00:00,320.878
2009-02-13 23:00:00,320.5162
2009-02-14 00:00:00,319.8776
2009-02-14 01:00:00,319.7373
2009-02-14 02:00:00,319.8931
2009-02-14 03:00:00,321.2212
2009-02-14 04:00:00,321.8798
2009-02-14 05:00:00,321.5263
2009-02-14 06:00:00,321.4341
2009-02-14 07:00:00,319.835
2009-02-14 08:00:00,315.142
2009-02-14 09:00:00,307.5792
2009-02-14 10:00:00,299.5349
2009-02-14 11:00:00,291.9183
2009-02-14 12:00:00,284.0296
2009-02-14 13:00:00,279.5827
2009-02-14 14:00:00,278.1054
2009-02-14 15:00:00,278.7686
2009-02-14 16:00:00,283.2149
2009-02-14 17:00:00,289.5229
2009-02-14 18:00:00,297.0884
2009-02-14 19:00:00,304.1907
2009-02-14 20:00:00,308.1569
2009-02-14 21:00:00,310.7756
2009-02-14 22:00:00,312.0369
2009-02-14 23:00:00,313.5944
2009-02-15 00:00:00,318.7443
2009-02-15 01:00:00,326.7153
2009-02-15 02:00:00,333.4017
2009-02-15 03:00:00,338.181
2009-02-15 04:00:00,343.2542
2009-02-15 05:00:00,348.2108
2009-02-15 06:00:00,353.7892
2009-02-15 07:00:00,353.495
2009-02-15 08:00:00,343.4546
2009-02-15 09:00:00,327.8461
2009-02-15 10:00:00,310.4966
2009-02-15 11:00:00,296.1904
2009-02-15 12:00:00,284.648
2009-02-15 13:00:00,278.1925
2009-02-15 14:00:00,274.9248
2009-02-15 15:00:00,278.1119
2009-02-15 16:00:00,288.1584
2009-02-15 17:00:00,299.4519
2009-02-15 18:00:00,307.5512
2009-02-15 19:00:00,311.0877
2009-02-15 20:00:00,312.8361
2009-02-15 21:00:00,313.9049
2009-02-15 22:00:00,314.4134
2009-02-15 23:00:00,317.042
2009-02-16 00:00:00,319.7146
2009-02-16 01:00:00,322.3697
2009-02-16 02:00:00,324.846
2009-02-16 03:00:00,325.8307
2009-02-16 04:00:00,325.8637
2009-02-16 05:00:00,326.4837
2009-02-16 06:00:00,325.9865
2009-02-16 07:00:00,319.8806
2009-02-16 08:00:00,307.9052
2009-02-16 09:00:00,294.961
2009-02-16 10:00:00,284.3201
2009-02-16 11:00:00,276.3467
2009-02-16 12:00:00,271.9231
2009-02-16 13:00:00,269.3632
2009-02-16 14:00:00,269.1464
2009-02-16 15:00:00,269.7774
2009-02-16 16:00:00,271.6228
2009-02-16 17:00:00,274.6029
2009-02-16 18:00:00,276.6594
2009-02-16 19:00:00,278.5384
2009-02-16 20:00:00,282.8036
2009-02-16 21:00:00,285.0912
2009-02-16 22:00:00,286.3745
2009-02-16 23:00:00,287.2117
2009-02-17 00:00:00,286.6008
2009-02-17 01:00:00,285.9277
2009-02-17 02:00:00,284.4565
2009-02-17 03:00:00,282.8947
2009-02-17 04:00:00,279.6984
2009-02-17 05:00:00,276.4326
2009-02-17 06:00:00,273.1731
2009-02-17 07:00:00,270.2038
2009-02-17 08:00:00,265.8532
2009-02-17 09:00:00,262.7693
2009-02-17 10:00:00,259.6609
2009-02-17 11:00:00,257.0211
2009-02-17 12:00:00,255.4396
2009-02-17 13:00:00,252.7509
2009-02-17 14:00:00,251.3914
2009-02-17 15:00:00,249.9629
2009-02-17 16:00:00,251.7946
2009-02-17 17:00:00,252.3097
2009-02-17 18:00:00,252.8744
2009-02-17 19:00:00,253.7455
2009-02-17 20:00:00,254.6522
2009-02-17 21:00:00,257.7812
2009-02-17 22:00:00,265.0771
2009-02-17 23:00:00,273.7184
2009-02-18 00:00:00,281.142
2009-02-18 01:00:00,289.8822
2009-02-18 02:00:00,299.0201
2009-02-18 03:00:00,307.3048
2009-02-18 04:00:00,315.0347
2009-02-18 05:00:00,323.2026
2009-02-18 06:00:00,330.3076
2009-02-18 07:00:00,333.2258
2009-02-18 08:00:00,328.7394
2009-02-18 09:00:00,321.5603
2009-02-18 10:00:00,312.5858
2009-02-18 11:00:00,303.1555
2009-02-18 12:00:00,295.4954
2009-02-18 13:00:00,290.4844
2009-02-18 14:00:00,288.1349
2009-02-18 15:00:00,289.1139
2009-02-18 16:00:00,295.809
2009-02-18 17:00:00,306.0839
2009-02-18 18:00:00,315.6284
2009-02-18 19:00:00,324.6056
2009-02-18 20:00:00,332.4368
2009-02-18 21:00:00,337.1505
2009-02-18 22:00:00,341.0381
2009-02-18 23:00:00,345.1615
2009-02-19 00:00:00,349.6445
2009-02-19 01:00:00,354.8788
2009-02-19 02:00:00,359.5809
2009-02-19 03:00:00,363.1237
2009-02-19 04:00:00,366.9828
2009-02-19 05:00:00,368.9968
2009-02-19 06:00:00,370.4959
2009-02-19 07:00:00,369.127
2009-02-19 08:00:00,357.7582
2009-02-19 09:00:00,339.4961
2009-02-19 10:00:00,326.5948
2009-02-19 11:00:00,310.1997
2009-02-19 12:00:00,297.4681
2009-02-19 13:00:00,288.4484
2009-02-19 14:00:00,282.9399
2009-02-19 15:00:00,283.0803
2009-02-19 16:00:00,287.7932
2009-02-19 17:00:00,299.664
2009-02-19 18:00:00,313.3416
2009-02-19 19:00:00,322.7356
2009-02-19 20:00:00,329.344
2009-02-19 21:00:00,335.227
2009-02-19 22:00:00,339.53
2009-02-19 23:00:00,344.283
2009-02-20 00:00:00,348.7354
2009-02-20 01:00:00,350.2213
2009-02-20 02:00:00,348.9115
2009-02-20 03:00:00,345.681
2009-02-20 04:00:00,341.0802
2009-02-20 05:00:00,336.5052
2009-02-20 06:00:00,331.8122
2009-02-20 07:00:00,324.88
2009-02-20 08:00:00,312.1738
2009-02-20 09:00:00,300.5197
2009-02-20 10:00:00,288.9027
2009-02-20 11:00:00,276.7056
2009-02-20 12:00:00,266.8133
2009-02-20 13:00:00,258.6212
2009-02-20 14:00:00,254.613
2009-02-20 15:00:00,253.4513
2009-02-20 16:00:00,257.2763
2009-02-20 17:00:00,261.6293
2009-02-20 18:00:00,265.2014
2009-02-20 19:00:00,267.8266
2009-02-20 20:00:00,268.1392
2009-02-20 21:00:00,267.4293
2009-02-20 22:00:00,267.9819
2009-02-20 23:00:00,269.6422
2009-02-21 00:00:00,270.8693
2009-02-21 01:00:00,271.9373
2009-02-21 02:00:00,272.8166
2009-02-21 03:00:00,273.786
2009-02-21 04:00:00,273.5248
2009-02-21 05:00:00,273.4937
2009-02-21 06:00:00,273.2821
2009-02-21 07:00:00,270.8394
2009-02-21 08:00:00,262.0206
2009-02-21 09:00:00,250.694
2009-02-21 10:00:00,239.4286
2009-02-21 11:00:00,228.9722
2009-02-21 12:00:00,221.2478
2009-02-21 13:00:00,215.9818
2009-02-21 14:00:00,212.5448
2009-02-21 15:00:00,216.1426
2009-02-21 16:00:00,222.6518
2009-02-21 17:00:00,232.754
2009-02-21 18:00:00,240.5422
2009-02-21 19:00:00,246.6699
2009-02-21 20:00:00,251.1622
2009-02-21 21:00:00,255.3988
2009-02-21 22:00:00,259.8942
2009-02-21 23:00:00,263.9345
2009-02-22 00:00:00,266.8152
2009-02-22 01:00:00,268.2689
2009-02-22 02:00:00,268.0026
2009-02-22 03:00:00,269.3432
2009-02-22 04:00:00,269.5822
2009-02-22 05:00:00,270.0399
2009-02-22 06:00:00,269.8339
2009-02-22 07:00:00,268.9437
2009-02-22 08:00:00,267.0574
2009-02-22 09:00:00,263.141
2009-02-22 10:00:00,259.6649
2009-02-22 11:00:00,254.4645
2009-02-22 12:00:00,250.2592
2009-02-22 13:00:00,247.5491
2009-02-22 14:00:00,245.2971
2009-02-22 15:00:00,244.1021
2009-02-22 16:00:00,244.6645
2009-02-22 17:00:00,246.3108
2009-02-22 18:00:00,247.3376
2009-02-22 19:00:00,248.7948
2009-02-22 20:00:00,249.4615
2009-02-22 21:00:00,250.7773
2009-02-22 22:00:00,251.1598
2009-02-22 23:00:00,250.5495
2009-02-23 00:00:00,250.196
2009-02-23 01:00:00,249.7201
2009-02-23 02:00:00,250.2334
2009-02-23 03:00:00,250.6538
2009-02-23 04:00:00,251.1281
2009-02-23 05:00:00,250.7025
2009-02-23 06:00:00,249.9341
2009-02-23 07:00:00,248.0508
2009-02-23 08:00:00,245.2325
2009-02-23 09:00:00,241.2539
2009-02-23 10:00:00,236.4148
2009-02-23 11:00:00,232.8289
2009-02-23 12:00:00,227.2144
2009-02-23 13:00:00,222.8808
2009-02-23 14:00:00,223.0003
2009-02-23 15:00:00,224.8475
2009-02-23 16:00:00,228.2099
2009-02-23 17:00:00,235.1575
2009-02-23 18:00:00,240.5847
2009-02-23 19:00:00,243.7594
2009-02-23 20:00:00,246.4205
2009-02-23 21:00:00,247.3579
2009-02-23 22:00:00,248.2647
2009-02-23 23:00:00,249.0284
2009-02-24 00:00:00,251.1807
2009-02-24 01:00:00,254.6948
2009-02-24 02:00:00,255.728
2009-02-24 03:00:00,256.3025
2009-02-24 04:00:00,257.0216
2009-02-24 05:00:00,258.6551
2009-02-24 06:00:00,259.722
2009-02-24 07:00:00,257.3311
2009-02-24 08:00:00,249.0581
2009-02-24 09:00:00,239.2911
2009-02-24 10:00:00,229.9054
2009-02-24 11:00:00,221.4824
2009-02-24 12:00:00,218.1554
2009-02-24 13:00:00,215.7208
2009-02-24 14:00:00,217.3234
2009-02-24 15:00:00,221.1509
2009-02-24 16:00:00,227.1559
2009-02-24 17:00:00,235.147
2009-02-24 18:00:00,242.0375
2009-02-24 19:00:00,246.6332
2009-02-24 20:00:00,250.0252
2009-02-24 21:00:00,253.6259
2009-02-24 22:00:00,258.4413
2009-02-24 23:00:00,264.5775
2009-02-25 00:00:00,269.3027
2009-02-25 01:00:00,273.3316
2009-02-25 02:00:00,274.425
2009-02-25 03:00:00,276.7857
2009-02-25 04:00:00,279.0932
2009-02-25 05:00:00,282.8414
2009-02-25 06:00:00,284.0544
2009-02-25 07:00:00,280.4152
2009-02-25 08:00:00,272.5739
2009-02-25 09:00:00,260.4386
2009-02-25 10:00:00,249.6875
2009-02-25 11:00:00,238.325
2009-02-25 12:00:00,229.375
2009-02-25 13:00:00,221.1103
2009-02-25 14:00:00,214.6442
2009-02-25 15:00:00,213.7165
2009-02-25 16:00:00,221.3598
2009-02-25 17:00:00,237.3265
2009-02-25 18:00:00,250.4409
2009-02-25 19:00:00,259.7858
2009-02-25 20:00:00,267.7379
2009-02-25 21:00:00,270.8533
2009-02-25 22:00:00,273.0193
2009-02-25 23:00:00,276.7232
2009-02-26 00:00:00,280.6532
2009-02-26 01:00:00,283.6015
2009-02-26 02:00:00,285.9195
2009-02-26 03:00:00,288.9368
2009-02-26 04:00:00,289.1103
2009-02-26 05:00:00,286.5541
2009-02-26 06:00:00,282.394
2009-02-26 07:00:00,274.9507
2009-02-26 08:00:00,259.9949
2009-02-26 09:00:00,244.6089
2009-02-26 10:00:00,227.1567
2009-02-26 11:00:00,211.3723
2009-02-26 12:00:00,201.4857
2009-02-26 13:00:00,195.7372
2009-02-26 14:00:00,195.3337
2009-02-26 15:00:00,199.1708
2009-02-26 16:00:00,203.7129
2009-02-26 17:00:00,211.9121
2009-02-26 18:00:00,218.9938
2009-02-26 19:00:00,224.1404
2009-02-26 20:00:00,227.2342
2009-02-26 21:00:00,229.4579
2009-02-26 22:00:00,230.1045
2009-02-26 23:00:00,230.8775
2009-02-27 00:00:00,230.0457
2009-02-27 01:00:00,228.4008
2009-02-27 02:00:00,228.7495
2009-02-27 03:00:00,229.1201
2009-02-27 04:00:00,229.7784
2009-02-27 05:00:00,229.6244
2009-02-27 06:00:00,229.7854
2009-02-27 07:00:00,227.4202
2009-02-27 08:00:00,221.321
2009-02-27 09:00:00,210.9377
2009-02-27 10:00:00,200.1805
2009-02-27 11:00:00,189.8268
2009-02-27 12:00:00,178.637
2009-02-27 13:00:00,166.4534
2009-02-27 14:00:00,162.1508
2009-02-27 15:00:00,160.8036
2009-02-27 16:00:00,170.5273
2009-02-27 17:00:00,187.0001
2009-02-27 18:00:00,204.5979
2009-02-27 19:00:00,217.9995
2009-02-27 20:00:00,227.2896
2009-02-27 21:00:00,235.5497
2009-02-27 22:00:00,242.5186
2009-02-27 23:00:00,249.4454
2009-02-28 00:00:00,252.2459
2009-02-28 01:00:00,256.8444
2009-02-28 02:00:00,260.783
2009-02-28 03:00:00,264.2104
2009-02-28 04:00:00,267.9026
2009-02-28 05:00:00,270.6742
2009-02-28 06:00:00,272.2128
2009-02-28 07:00:00,265.2592
2009-02-28 08:00:00,244.0127
2009-02-28 09:00:00,219.5587
2009-02-28 10:00:00,193.2526
2009-02-28 11:00:00,173.4407
2009-02-28 12:00:00,155.0123
2009-02-28 13:00:00,142.6934
2009-02-28 14:00:00,132.9415
2009-02-28 15:00:00,129.9735
2009-02-28 16:00:00,144.8836
2009-02-28 17:00:00,169.8007
2009-02-28 18:00:00,188.0173
2009-02-28 19:00:00,201.6266
2009-02-28 20:00:00,211.6205
2009-02-28 21:00:00,220.3401
2009-02-28 22:00:00,226.3306
2009-02-28 23:00:00,231.6431
2009-03-01 00:00:00,237.1592
2009-03-01 01:00:00,241.1521
2009-03-01 02:00:00,245.3823
2009-03-01 03:00:00,248.3431
2009-03-01 04:00:00,251.9313
2009-03-01 05:00:00,252.4238
2009-03-01 06:00:00,254.0147
2009-03-01 07:00:00,246.4895
2009-03-01 08:00:00,233.1011
2009-03-01 09:00:00,217.2649
2009-03-01 10:00:00,199.9972
2009-03-01 11:00:00,182.2088
2009-03-01 12:00:00,167.0677
2009-03-01 13:00:00,158.3641
2009-03-01 14:00:00,156.5492
2009-03-01 15:00:00,158.1596
2009-03-01 16:00:00,163.0462
2009-03-01 17:00:00,172.805
2009-03-01 18:00:00,183.8843
2009-03-01 19:00:00,190.3929
2009-03-01 20:00:00,195.4442
2009-03-01 21:00:00,199.7541
2009-03-01 22:00:00,204.49
2009-03-01 23:00:00,207.2027
2009-03-02 00:00:00,208.2455
2009-03-02 01:00:00,209.9983
2009-03-02 02:00:00,211.6627
2009-03-02 03:00:00,213.293
2009-03-02 04:00:00,214.5005
2009-03-02 05:00:00,215.1887
2009-03-02 06:00:00,215.4571
2009-03-02 07:00:00,211.9854
2009-03-02 08:00:00,205.7408
2009-03-02 09:00:00,198.9137
2009-03-02 10:00:00,191.7813
2009-03-02 11:00:00,187.0136
2009-03-02 12:00:00,185.4
2009-03-02 13:00:00,184.9231
2009-03-02 14:00:00,184.8713
2009-03-02 15:00:00,188.3589
2009-03-02 16:00:00,192.5691
2009-03-02 17:00:00,196.772
2009-03-02 18:00:00,201.1097
2009-03-02 19:00:00,203.8335
2009-03-02 20:00:00,206.1682
2009-03-02 21:00:00,209.2151
2009-03-02 22:00:00,211.6516
2009-03-02 23:00:00,213.8157
2009-03-03 00:00:00,215.5853
2009-03-03 01:00:00,217.8953
2009-03-03 02:00:00,219.3103
2009-03-03 03:00:00,220.9176
2009-03-03 04:00:00,222.4398
2009-03-03 05:00:00,223.1938
2009-03-03 06:00:00,223.8231
2009-03-03 07:00:00,222.7301
2009-03-03 08:00:00,219.3986
2009-03-03 09:00:00,215.6479
2009-03-03 10:00:00,211.2953
2009-03-03 11:00:00,205.1772
2009-03-03 12:00:00,200.1002
2009-03-03 13:00:00,197.6477
2009-03-03 14:00:00,196.4331
2009-03-03 15:00:00,196.7686
2009-03-03 16:00:00,199.2319
2009-03-03 17:00:00,204.7225
2009-03-03 18:00:00,211.7735
2009-03-03 19:00:00,218.9806
2009-03-03 20:00:00,226.2461
2009-03-03 21:00:00,232.5783
2009-03-03 22:00:00,237.2273
2009-03-03 23:00:00,241.7948
2009-03-04 00:00:00,245.1182
2009-03-04 01:00:00,248.4252
2009-03-04 02:00:00,251.2385
2009-03-04 03:00:00,253.6821
2009-03-04 04:00:00,254.8778
2009-03-04 05:00:00,256.5097
2009-03-04 06:00:00,257.9408
2009-03-04 07:00:00,254.4599
2009-03-04 08:00:00,245.4554
2009-03-04 09:00:00,233.4666
2009-03-04 10:00:00,221.1509
2009-03-04 11:00:00,209.5652
2009-03-04 12:00:00,202.8218
2009-03-04 13:00:00,197.3373
2009-03-04 14:00:00,195.667
2009-03-04 15:00:00,199.2673
2009-03-04 16:00:00,203.7394
2009-03-04 17:00:00,210.5599
2009-03-04 18:00:00,217.3915
2009-03-04 19:00:00,222.4317
2009-03-04 20:00:00,227.5405
2009-03-04 21:00:00,231.1516
2009-03-04 22:00:00,233.0064
2009-03-04 23:00:00,235.4166
2009-03-05 00:00:00,238.6246
2009-03-05 01:00:00,240.7964
2009-03-05 02:00:00,243.7643
2009-03-05 03:00:00,246.3276
2009-03-05 04:00:00,248.8634
2009-03-05 05:00:00,253.3065
2009-03-05 06:00:00,255.7431
2009-03-05 07:00:00,254.9372
2009-03-05 08:00:00,253.5916
2009-03-05 09:00:00,251.1343
2009-03-05 10:00:00,248.1207
2009-03-05 11:00:00,243.8251
2009-03-05 12:00:00,239.8186
2009-03-05 13:00:00,237.9957
2009-03-05 14:00:00,238.6736
2009-03-05 15:00:00,240.7035
2009-03-05 16:00:00,244.4129
2009-03-05 17:00:00,248.7682
2009-03-05 18:00:00,252.1625
2009-03-05 19:00:00,253.6869
2009-03-05 20:00:00,255.3186
2009-03-05 21:00:00,255.6036
2009-03-05 22:00:00,255.1352
2009-03-05 23:00:00,255.4979
2009-03-06 00:00:00,256.2808
2009-03-06 01:00:00,257.0344
2009-03-06 02:00:00,257.4904
2009-03-06 03:00:00,258.2219
2009-03-06 04:00:00,259.0994
2009-03-06 05:00:00,259.4659
2009-03-06 06:00:00,259.7626
2009-03-06 07:00:00,258.5496
2009-03-06 08:00:00,255.627
2009-03-06 09:00:00,251.1611
2009-03-06 10:00:00,247.7551
2009-03-06 11:00:00,244.8695
2009-03-06 12:00:00,243.3587
2009-03-06 13:00:00,242.8763
2009-03-06 14:00:00,243.7817
2009-03-06 15:00:00,246.2285
2009-03-06 16:00:00,247.5074
2009-03-06 17:00:00,251.0023
2009-03-06 18:00:00,253.2795
2009-03-06 19:00:00,254.4904
2009-03-06 20:00:00,255.7049
2009-03-06 21:00:00,255.8309
2009-03-06 22:00:00,256.123
2009-03-06 23:00:00,255.4598
2009-03-07 00:00:00,255.857
2009-03-07 01:00:00,257.3973
2009-03-07 02:00:00,257.7425
2009-03-07 03:00:00,259.5514
2009-03-07 04:00:00,260.7158
2009-03-07 05:00:00,262.6402
2009-03-07 06:00:00,264.0478
2009-03-07 07:00:00,261.8089
2009-03-07 08:00:00,252.2082
2009-03-07 09:00:00,240.0119
2009-03-07 10:00:00,229.6096
2009-03-07 11:00:00,219.8457
2009-03-07 12:00:00,213.1817
2009-03-07 13:00:00,206.1361
2009-03-07 14:00:00,205.0733
2009-03-07 15:00:00,205.5202
2009-03-07 16:00:00,212.7152
2009-03-07 17:00:00,226.7579
2009-03-07 18:00:00,242.4005
2009-03-07 19:00:00,252.9621
2009-03-07 20:00:00,261.0337
2009-03-07 21:00:00,269.1404
2009-03-07 22:00:00,275.0734
2009-03-07 23:00:00,279.3568
2009-03-08 00:00:00,283.0241
2009-03-08 01:00:00,287.1645
2009-03-08 02:00:00,290.2902
2009-03-08 03:00:00,292.2666
2009-03-08 04:00:00,292.0341
2009-03-08 05:00:00,290.5761
2009-03-08 06:00:00,285.4917
2009-03-08 07:00:00,275.5138
2009-03-08 08:00:00,258.8155
2009-03-08 09:00:00,238.8827
2009-03-08 10:00:00,222.1273
2009-03-08 11:00:00,208.6547
2009-03-08 12:00:00,192.8947
2009-03-08 13:00:00,179.8708
2009-03-08 14:00:00,173.3136
2009-03-08 15:00:00,173.1947
2009-03-08 16:00:00,176.9766
2009-03-08 17:00:00,183.2801
2009-03-08 18:00:00,189.0607
2009-03-08 19:00:00,195.8714
2009-03-08 20:00:00,199.9329
2009-03-08 21:00:00,203.2465
2009-03-08 22:00:00,206.1489
2009-03-08 23:00:00,209.7675
2009-03-09 00:00:00,210.3336
2009-03-09 01:00:00,215.6034
2009-03-09 02:00:00,229.782
2009-03-09 03:00:00,239.9613
2009-03-09 04:00:00,241.9626
2009-03-09 05:00:00,243.1929
2009-03-09 06:00:00,241.6656
2009-03-09 07:00:00,237.2024
2009-03-09 08:00:00,233.0665
2009-03-09 09:00:00,227.6675
2009-03-09 10:00:00,221.821
2009-03-09 11:00:00,214.8625
2009-03-09 12:00:00,211.7909
2009-03-09 13:00:00,209.4562
2009-03-09 14:00:00,217.9067
2009-03-09 15:00:00,227.6694
2009-03-09 16:00:00,233.363
2009-03-09 17:00:00,235.6071
2009-03-09 18:00:00,237.9655
2009-03-09 19:00:00,238.2487
2009-03-09 20:00:00,236.8759
2009-03-09 21:00:00,235.0574
2009-03-09 22:00:00,236.8145
2009-03-09 23:00:00,242.1551
2009-03-10 00:00:00,243.3168
2009-03-10 01:00:00,244.0695
2009-03-10 02:00:00,246.5145
2009-03-10 03:00:00,249.1527
2009-03-10 04:00:00,248.2585
2009-03-10 05:00:00,247.4522
2009-03-10 06:00:00,244.9571
2009-03-10 07:00:00,237.3575
2009-03-10 08:00:00,226.2424
2009-03-10 09:00:00,216.3164
2009-03-10 10:00:00,212.2894
2009-03-10 11:00:00,210.7281
2009-03-10 12:00:00,212.9307
2009-03-10 13:00:00,219.2588
2009-03-10 14:00:00,224.0126
2009-03-10 15:00:00,227.6041
2009-03-10 16:00:00,228.5879
2009-03-10 17:00:00,228.6347
2009-03-10 18:00:00,229.8162
2009-03-10 19:00:00,229.3134
2009-03-10 20:00:00,228.9254
2009-03-10 21:00:00,230.1093
2009-03-10 22:00:00,230.6769
2009-03-10 23:00:00,229.133
2009-03-11 00:00:00,226.6062
2009-03-11 01:00:00,223.4441
2009-03-11 02:00:00,222.93
2009-03-11 03:00:00,224.7864
2009-03-11 04:00:00,226.316
2009-03-11 05:00:00,226.4752
2009-03-11 06:00:00,226.1679
2009-03-11 07:00:00,224.0249
2009-03-11 08:00:00,218.2029
2009-03-11 09:00:00,212.6665
2009-03-11 10:00:00,206.8944
2009-03-11 11:00:00,199.8351
2009-03-11 12:00:00,198.4661
2009-03-11 13:00:00,195.4833
2009-03-11 14:00:00,192.124
2009-03-11 15:00:00,192.958
2009-03-11 16:00:00,200.5306
2009-03-11 17:00:00,212.4257
2009-03-11 18:00:00,228.1846
2009-03-11 19:00:00,239.6616
2009-03-11 20:00:00,248.7623
2009-03-11 21:00:00,256.7607
2009-03-11 22:00:00,262.2847
2009-03-11 23:00:00,268.0415
2009-03-12 00:00:00,273.1499
2009-03-12 01:00:00,278.9837
2009-03-12 02:00:00,283.6737
2009-03-12 03:00:00,286.44
2009-03-12 04:00:00,289.1482
2009-03-12 05:00:00,288.7474
2009-03-12 06:00:00,284.5228
2009-03-12 07:00:00,273.9481
2009-03-12 08:00:00,261.092
2009-03-12 09:00:00,247.1741
2009-03-12 10:00:00,230.5167
2009-03-12 11:00:00,213.9715
2009-03-12 12:00:00,202.4373
2009-03-12 13:00:00,193.8384
2009-03-12 14:00:00,190.1587
2009-03-12 15:00:00,189.3254
2009-03-12 16:00:00,191.373
2009-03-12 17:00:00,195.968
2009-03-12 18:00:00,200.8705
2009-03-12 19:00:00,202.3947
2009-03-12 20:00:00,205.2208
2009-03-12 21:00:00,208.4784
2009-03-12 22:00:00,212.0415
2009-03-12 23:00:00,213.1782
2009-03-13 00:00:00,210.4486
2009-03-13 01:00:00,208.2819
2009-03-13 02:00:00,208.8103
2009-03-13 03:00:00,210.5631
2009-03-13 04:00:00,210.7018
2009-03-13 05:00:00,210.5875
2009-03-13 06:00:00,210.0441
2009-03-13 07:00:00,203.1929
2009-03-13 08:00:00,190.1039
2009-03-13 09:00:00,173.3631
2009-03-13 10:00:00,157.7505
2009-03-13 11:00:00,141.1756
2009-03-13 12:00:00,131.1922
2009-03-13 13:00:00,120.8138
2009-03-13 14:00:00,112.999
2009-03-13 15:00:00,115.8299
2009-03-13 16:00:00,124.2109
2009-03-13 17:00:00,144.5154
2009-03-13 18:00:00,164.5242
2009-03-13 19:00:00,183.165
2009-03-13 20:00:00,195.528
2009-03-13 21:00:00,206.2613
2009-03-13 22:00:00,214.6404
2009-03-13 23:00:00,222.8542
2009-03-14 00:00:00,227.2368
2009-03-14 01:00:00,231.6254
2009-03-14 02:00:00,234.3973
2009-03-14 03:00:00,238.4078
2009-03-14 04:00:00,242.3096
2009-03-14 05:00:00,245.5455
2009-03-14 06:00:00,246.8494
2009-03-14 07:00:00,233.0565
2009-03-14 08:00:00,209.7746
2009-03-14 09:00:00,183.3124
2009-03-14 10:00:00,159.9657
2009-03-14 11:00:00,136.3842
2009-03-14 12:00:00,105.9584
2009-03-14 13:00:00,83.4779
2009-03-14 14:00:00,78.5328
2009-03-14 15:00:00,79.8184
2009-03-14 16:00:00,89.532
2009-03-14 17:00:00,112.7599
2009-03-14 18:00:00,128.9274
2009-03-14 19:00:00,146.2675
2009-03-14 20:00:00,160.1355
2009-03-14 21:00:00,168.5099
2009-03-14 22:00:00,167.9589
2009-03-14 23:00:00,175.204
2009-03-15 00:00:00,177.0826
2009-03-15 01:00:00,176.2736
2009-03-15 02:00:00,178.3392
2009-03-15 03:00:00,181.2905
2009-03-15 04:00:00,185.7195
2009-03-15 05:00:00,191.0969
2009-03-15 06:00:00,193.7838
2009-03-15 07:00:00,190.2351
2009-03-15 08:00:00,182.1887
2009-03-15 09:00:00,170.7195
2009-03-15 10:00:00,161.0051
2009-03-15 11:00:00,148.6711
2009-03-15 12:00:00,137.4406
2009-03-15 13:00:00,130.9513
2009-03-15 14:00:00,128.3229
2009-03-15 15:00:00,130.7202
2009-03-15 16:00:00,141.1566
2009-03-15 17:00:00,155.0408
2009-03-15 18:00:00,165.8746
2009-03-15 19:00:00,173.855
2009-03-15 20:00:00,179.3995
2009-03-15 21:00:00,184.6061
2009-03-15 22:00:00,192.0844
2009-03-15 23:00:00,200.0198
2009-03-16 00:00:00,207.6026
2009-03-16 01:00:00,213.415
2009-03-16 02:00:00,219.5152
2009-03-16 03:00:00,225.3691
2009-03-16 04:00:00,233.2028
2009-03-16 05:00:00,241.1923
2009-03-16 06:00:00,242.2383
2009-03-16 07:00:00,224.686
2009-03-16 08:00:00,203.0729
2009-03-16 09:00:00,183.5944
2009-03-16 10:00:00,165.945
2009-03-16 11:00:00,150.6845
2009-03-16 12:00:00,137.0874
2009-03-16 13:00:00,118.0113
2009-03-16 14:00:00,108.5164
2009-03-16 15:00:00,107.8835
2009-03-16 16:00:00,125.7528
2009-03-16 17:00:00,147.4293
2009-03-16 18:00:00,169.8882
2009-03-16 19:00:00,183.4916
2009-03-16 20:00:00,195.8256
2009-03-16 21:00:00,206.4786
2009-03-16 22:00:00,215.5266
2009-03-16 23:00:00,223.2675
2009-03-17 00:00:00,231.0718
2009-03-17 01:00:00,237.2922
2009-03-17 02:00:00,245.5063
2009-03-17 03:00:00,250.3584
2009-03-17 04:00:00,254.6999
2009-03-17 05:00:00,259.9771
2009-03-17 06:00:00,257.9002
2009-03-17 07:00:00,239.1521
2009-03-17 08:00:00,213.2485
2009-03-17 09:00:00,188.5332
2009-03-17 10:00:00,167.9345
2009-03-17 11:00:00,145.3083
2009-03-17 12:00:00,115.1384
2009-03-17 13:00:00,93.2165
2009-03-17 14:00:00,82.0836
2009-03-17 15:00:00,81.0774
2009-03-17 16:00:00,90.1805
2009-03-17 17:00:00,119.1823
2009-03-17 18:00:00,148.6862
2009-03-17 19:00:00,167.0309
2009-03-17 20:00:00,181.2739
2009-03-17 21:00:00,190.2376
2009-03-17 22:00:00,198.7244
2009-03-17 23:00:00,204.0572
2009-03-18 00:00:00,209.6068
2009-03-18 01:00:00,215.1181
2009-03-18 02:00:00,222.5187
2009-03-18 03:00:00,227.9151
2009-03-18 04:00:00,233.3031
2009-03-18 05:00:00,236.4647
2009-03-18 06:00:00,236.3264
2009-03-18 07:00:00,222.7345
2009-03-18 08:00:00,203.7547
2009-03-18 09:00:00,184.2652
2009-03-18 10:00:00,162.5887
2009-03-18 11:00:00,143.5298
2009-03-18 12:00:00,120.6314
2009-03-18 13:00:00,94.0487
2009-03-18 14:00:00,84.12
2009-03-18 15:00:00,88.8476
2009-03-18 16:00:00,105.6406
2009-03-18 17:00:00,129.7543
2009-03-18 18:00:00,149.4772
2009-03-18 19:00:00,167.4647
2009-03-18 20:00:00,185.7928
2009-03-18 21:00:00,201.2564
2009-03-18 22:00:00,215.2475
2009-03-18 23:00:00,228.118
2009-03-19 00:00:00,239.5417
2009-03-19 01:00:00,248.8727
2009-03-19 02:00:00,257.8535
2009-03-19 03:00:00,263.0404
2009-03-19 04:00:00,268.1637
2009-03-19 05:00:00,270.1374
2009-03-19 06:00:00,266.6816
2009-03-19 07:00:00,248.7208
2009-03-19 08:00:00,222.7931
2009-03-19 09:00:00,197.3656
2009-03-19 10:00:00,174.2348
2009-03-19 11:00:00,152.1145
2009-03-19 12:00:00,125.8672
2009-03-19 13:00:00,116.3793
2009-03-19 14:00:00,117.0254
2009-03-19 15:00:00,127.2567
2009-03-19 16:00:00,138.8781
2009-03-19 17:00:00,156.8676
2009-03-19 18:00:00,174.9513
2009-03-19 19:00:00,186.3612
2009-03-19 20:00:00,196.058
2009-03-19 21:00:00,206.9258
2009-03-19 22:00:00,217.8977
2009-03-19 23:00:00,227.0116
2009-03-20 00:00:00,237.0486
2009-03-20 01:00:00,245.7852
2009-03-20 02:00:00,254.6622
2009-03-20 03:00:00,262.12
2009-03-20 04:00:00,268.1102
2009-03-20 05:00:00,274.51
2009-03-20 06:00:00,274.4637
2009-03-20 07:00:00,266.0671
2009-03-20 08:00:00,256.6927
2009-03-20 09:00:00,244.7014
2009-03-20 10:00:00,237.1083
2009-03-20 11:00:00,230.5388
2009-03-20 12:00:00,224.9619
2009-03-20 13:00:00,221.2338
2009-03-20 14:00:00,218.3737
2009-03-20 15:00:00,221.2016
2009-03-20 16:00:00,228.4877
2009-03-20 17:00:00,238.6195
2009-03-20 18:00:00,250.1093
2009-03-20 19:00:00,258.5071
2009-03-20 20:00:00,265.051
2009-03-20 21:00:00,272.7042
2009-03-20 22:00:00,278.3425
2009-03-20 23:00:00,285.1288
2009-03-21 00:00:00,291.0176
2009-03-21 01:00:00,297.1538
2009-03-21 02:00:00,300.892
2009-03-21 03:00:00,306.3441
2009-03-21 04:00:00,310.2723
2009-03-21 05:00:00,314.8323
2009-03-21 06:00:00,311.6681
2009-03-21 07:00:00,295.4882
2009-03-21 08:00:00,276.8518
2009-03-21 09:00:00,256.3935
2009-03-21 10:00:00,238.6886
2009-03-21 11:00:00,224.8454
2009-03-21 12:00:00,213.1144
2009-03-21 13:00:00,204.3035
2009-03-21 14:00:00,199.7579
2009-03-21 15:00:00,199.6945
2009-03-21 16:00:00,206.0311
2009-03-21 17:00:00,217.7427
2009-03-21 18:00:00,234.2494
2009-03-21 19:00:00,248.0188
2009-03-21 20:00:00,258.4703
2009-03-21 21:00:00,267.9806
2009-03-21 22:00:00,276.7896
2009-03-21 23:00:00,283.0267
2009-03-22 00:00:00,287.3425
2009-03-22 01:00:00,292.4695
2009-03-22 02:00:00,297.2057
2009-03-22 03:00:00,301.9491
2009-03-22 04:00:00,303.9279
2009-03-22 05:00:00,304.2715
2009-03-22 06:00:00,297.1983
2009-03-22 07:00:00,278.8432
2009-03-22 08:00:00,257.7288
2009-03-22 09:00:00,235.1219
2009-03-22 10:00:00,213.0857
2009-03-22 11:00:00,192.3949
2009-03-22 12:00:00,173.6406
2009-03-22 13:00:00,157.3997
2009-03-22 14:00:00,143.8412
2009-03-22 15:00:00,135.5494
2009-03-22 16:00:00,139.6068
2009-03-22 17:00:00,155.6665
2009-03-22 18:00:00,179.4369
2009-03-22 19:00:00,195.4634
2009-03-22 20:00:00,207.9401
2009-03-22 21:00:00,221.042
2009-03-22 22:00:00,232.964
2009-03-22 23:00:00,242.4469
2009-03-23 00:00:00,250.3245
2009-03-23 01:00:00,255.5154
2009-03-23 02:00:00,260.1032
2009-03-23 03:00:00,262.612
2009-03-23 04:00:00,264.3429
2009-03-23 05:00:00,264.2878
2009-03-23 06:00:00,260.2287
2009-03-23 07:00:00,243.2412
2009-03-23 08:00:00,219.684
2009-03-23 09:00:00,198.2586
2009-03-23 10:00:00,177.1132
2009-03-23 11:00:00,157.0364
2009-03-23 12:00:00,138.386
2009-03-23 13:00:00,122.8356
2009-03-23 14:00:00,123.2081
2009-03-23 15:00:00,124.363
2009-03-23 16:00:00,136.3169
2009-03-23 17:00:00,144.0484
2009-03-23 18:00:00,151.4804
2009-03-23 19:00:00,156.597
2009-03-23 20:00:00,158.3595
2009-03-23 21:00:00,159.6117
2009-03-23 22:00:00,160.0631
2009-03-23 23:00:00,167.346
2009-03-24 00:00:00,181.7672
2009-03-24 01:00:00,197.0264
2009-03-24 02:00:00,220.7787
2009-03-24 03:00:00,240.4031
2009-03-24 04:00:00,251.2154
2009-03-24 05:00:00,254.4191
2009-03-24 06:00:00,253.7974
2009-03-24 07:00:00,251.0715
2009-03-24 08:00:00,244.7226
2009-03-24 09:00:00,239.2398
2009-03-24 10:00:00,230.8319
2009-03-24 11:00:00,228.8209
2009-03-24 12:00:00,226.2377
2009-03-24 13:00:00,219.59
2009-03-24 14:00:00,215.3907
2009-03-24 15:00:00,218.073
2009-03-24 16:00:00,225.6158
2009-03-24 17:00:00,233.0635
2009-03-24 18:00:00,237.1865
2009-03-24 19:00:00,240.4395
2009-03-24 20:00:00,242.1453
2009-03-24 21:00:00,243.431
2009-03-24 22:00:00,244.0252
2009-03-24 23:00:00,245.274
2009-03-25 00:00:00,247.0331
2009-03-25 01:00:00,248.8142
2009-03-25 02:00:00,250.544
2009-03-25 03:00:00,252.7266
2009-03-25 04:00:00,253.7158
2009-03-25 05:00:00,254.5184
2009-03-25 06:00:00,251.3527
2009-03-25 07:00:00,243.4606
2009-03-25 08:00:00,235.2097
2009-03-25 09:00:00,234.9446
2009-03-25 10:00:00,233.5207
2009-03-25 11:00:00,224.9579
2009-03-25 12:00:00,218.0739
2009-03-25 13:00:00,213.1342
2009-03-25 14:00:00,212.7387
2009-03-25 15:00:00,216.5194
2009-03-25 16:00:00,221.3691
2009-03-25 17:00:00,226.9685
2009-03-25 18:00:00,231.8166
2009-03-25 19:00:00,233.0521
2009-03-25 20:00:00,232.4466
2009-03-25 21:00:00,228.8735
2009-03-25 22:00:00,229.2735
2009-03-25 23:00:00,232.8598
2009-03-26 00:00:00,237.0309
2009-03-26 01:00:00,238.1097
2009-03-26 02:00:00,237.3603
2009-03-26 03:00:00,236.5089
2009-03-26 04:00:00,235.5995
2009-03-26 05:00:00,235.1714
2009-03-26 06:00:00,231.3223
2009-03-26 07:00:00,223.7411
2009-03-26 08:00:00,213.4428
2009-03-26 09:00:00,200.2261
2009-03-26 10:00:00,187.7809
2009-03-26 11:00:00,176.1073
2009-03-26 12:00:00,168.4809
2009-03-26 13:00:00,161.2164
2009-03-26 14:00:00,158.8984
2009-03-26 15:00:00,161.4033
2009-03-26 16:00:00,164.8151
2009-03-26 17:00:00,171.0404
2009-03-26 18:00:00,177.6421
2009-03-26 19:00:00,185.0307
2009-03-26 20:00:00,191.3713
2009-03-26 21:00:00,195.6443
2009-03-26 22:00:00,197.2924
2009-03-26 23:00:00,197.6444
2009-03-27 00:00:00,198.5254
2009-03-27 01:00:00,199.6616
2009-03-27 02:00:00,201.7816
2009-03-27 03:00:00,203.4239
2009-03-27 04:00:00,202.5581
2009-03-27 05:00:00,202.065
2009-03-27 06:00:00,199.2467
2009-03-27 07:00:00,192.3693
2009-03-27 08:00:00,182.248
2009-03-27 09:00:00,170.8523
2009-03-27 10:00:00,156.246
2009-03-27 11:00:00,134.0081
2009-03-27 12:00:00,108.8602
2009-03-27 13:00:00,100.7604
2009-03-27 14:00:00,97.9447
2009-03-27 15:00:00,105.902
2009-03-27 16:00:00,124.178
2009-03-27 17:00:00,141.4536
2009-03-27 18:00:00,154.4412
2009-03-27 19:00:00,162.9749
2009-03-27 20:00:00,169.8366
2009-03-27 21:00:00,175.1514
2009-03-27 22:00:00,179.3607
2009-03-27 23:00:00,185.5106
2009-03-28 00:00:00,189.269
2009-03-28 01:00:00,191.988
2009-03-28 02:00:00,195.58
2009-03-28 03:00:00,198.8984
2009-03-28 04:00:00,200.9746
2009-03-28 05:00:00,200.4861
2009-03-28 06:00:00,196.7538
2009-03-28 07:00:00,188.118
2009-03-28 08:00:00,180.4312
2009-03-28 09:00:00,174.2227
2009-03-28 10:00:00,167.7091
2009-03-28 11:00:00,168.5826
2009-03-28 12:00:00,173.0932
2009-03-28 13:00:00,180.5296
2009-03-28 14:00:00,189.1755
2009-03-28 15:00:00,196.2141
2009-03-28 16:00:00,203.0813
2009-03-28 17:00:00,209.222
2009-03-28 18:00:00,215.567
2009-03-28 19:00:00,219.1416
2009-03-28 20:00:00,220.9973
2009-03-28 21:00:00,223.0862
2009-03-28 22:00:00,225.4279
2009-03-28 23:00:00,227.7259
2009-03-29 00:00:00,229.4895
2009-03-29 01:00:00,231.4924
2009-03-29 02:00:00,233.4212
2009-03-29 03:00:00,234.7566
2009-03-29 04:00:00,235.7498
2009-03-29 05:00:00,236.5744
2009-03-29 06:00:00,235.2907
2009-03-29 07:00:00,230.3271
2009-03-29 08:00:00,222.6609
2009-03-29 09:00:00,215.3627
2009-03-29 10:00:00,208.253
2009-03-29 11:00:00,203.9662
2009-03-29 12:00:00,197.6567
2009-03-29 13:00:00,192.7389
2009-03-29 14:00:00,192.9733
2009-03-29 15:00:00,195.1381
2009-03-29 16:00:00,198.299
2009-03-29 17:00:00,203.0994
2009-03-29 18:00:00,208.337
2009-03-29 19:00:00,211.4119
2009-03-29 20:00:00,214.2425
2009-03-29 21:00:00,217.081
2009-03-29 22:00:00,219.0403
2009-03-29 23:00:00,220.9413
2009-03-30 00:00:00,222.6845
2009-03-30 01:00:00,223.6741
2009-03-30 02:00:00,224.6367
2009-03-30 03:00:00,226.4141
2009-03-30 04:00:00,228.238
2009-03-30 05:00:00,229.7074
2009-03-30 06:00:00,227.1708
2009-03-30 07:00:00,221.5216
2009-03-30 08:00:00,215.1881
2009-03-30 09:00:00,207.8164
2009-03-30 10:00:00,199.3541
2009-03-30 11:00:00,190.0119
2009-03-30 12:00:00,185.3715
2009-03-30 13:00:00,182.8639
2009-03-30 14:00:00,182.3731
2009-03-30 15:00:00,182.7965
2009-03-30 16:00:00,184.4089
2009-03-30 17:00:00,187.7996
2009-03-30 18:00:00,191.3595
2009-03-30 19:00:00,193.8653
2009-03-30 20:00:00,196.1269
2009-03-30 21:00:00,198.6452
2009-03-30 22:00:00,202.688
2009-03-30 23:00:00,206.0455
2009-03-31 00:00:00,211.7342
2009-03-31 01:00:00,218.5078
2009-03-31 02:00:00,223.9006
2009-03-31 03:00:00,227.5704
2009-03-31 04:00:00,228.8541
2009-03-31 05:00:00,231.6644
2009-03-31 06:00:00,228.3014
2009-03-31 07:00:00,219.7706
2009-03-31 08:00:00,210.8778
2009-03-31 09:00:00,199.7438
2009-03-31 10:00:00,188.0199
2009-03-31 11:00:00,177.4482
2009-03-31 12:00:00,168.1949
2009-03-31 13:00:00,163.9941
2009-03-31 14:00:00,159.2456
2009-03-31 15:00:00,163.8766
2009-03-31 16:00:00,168.6558
2009-03-31 17:00:00,174.5741
2009-03-31 18:00:00,179.2201
2009-03-31 19:00:00,182.1213
2009-03-31 20:00:00,183.7977
2009-03-31 21:00:00,186.1635
2009-03-31 22:00:00,188.3371
2009-03-31 23:00:00,191.1463
2009-04-01 00:00:00,194.4877
2009-04-01 01:00:00,198.7486
2009-04-01 02:00:00,202.6671
2009-04-01 03:00:00,205.3572
2009-04-01 04:00:00,206.5203
2009-04-01 05:00:00,207.2664
2009-04-01 06:00:00,205.4036
2009-04-01 07:00:00,199.8325
2009-04-01 08:00:00,191.4428
2009-04-01 09:00:00,180.7538
2009-04-01 10:00:00,171.4601
2009-04-01 11:00:00,163.2155
2009-04-01 12:00:00,155.0222
2009-04-01 13:00:00,147.6764
2009-04-01 14:00:00,140.5897
2009-04-01 15:00:00,140.0274
2009-04-01 16:00:00,144.5768
2009-04-01 17:00:00,160.7701
2009-04-01 18:00:00,168.7485
2009-04-01 19:00:00,174.3426
2009-04-01 20:00:00,178.5641
2009-04-01 21:00:00,183.3875
2009-04-01 22:00:00,187.0776
2009-04-01 23:00:00,187.1813
2009-04-02 00:00:00,181.7818
2009-04-02 01:00:00,181.3205
2009-04-02 02:00:00,180.5636
2009-04-02 03:00:00,181.3303
2009-04-02 04:00:00,182.4251
2009-04-02 05:00:00,181.9772
2009-04-02 06:00:00,180.0974
2009-04-02 07:00:00,174.7771
2009-04-02 08:00:00,166.1637
2009-04-02 09:00:00,152.5885
2009-04-02 10:00:00,134.9136
2009-04-02 11:00:00,114.0588
2009-04-02 12:00:00,98.5391
2009-04-02 13:00:00,79.0211
2009-04-02 14:00:00,65.5823
2009-04-02 15:00:00,59.2227
2009-04-02 16:00:00,60.8789
2009-04-02 17:00:00,78.2267
2009-04-02 18:00:00,106.1363
2009-04-02 19:00:00,117.9273
2009-04-02 20:00:00,126.7336
2009-04-02 21:00:00,133.7027
2009-04-02 22:00:00,137.1356
2009-04-02 23:00:00,141.6854
2009-04-03 00:00:00,128.7153
2009-04-03 01:00:00,132.4473
2009-04-03 02:00:00,135.0651
2009-04-03 03:00:00,138.5487
2009-04-03 04:00:00,143.1018
2009-04-03 05:00:00,146.5581
2009-04-03 06:00:00,144.1457
2009-04-03 07:00:00,132.2285
2009-04-03 08:00:00,115.1291
2009-04-03 09:00:00,94.6278
2009-04-03 10:00:00,68.2279
2009-04-03 11:00:00,43.0029
2009-04-03 12:00:00,25.7156
2009-04-03 13:00:00,19.042
2009-04-03 14:00:00,11.6393
2009-04-03 15:00:00,12.8204
2009-04-03 16:00:00,15.3024
2009-04-03 17:00:00,21.172
2009-04-03 18:00:00,61.1424
2009-04-03 19:00:00,98.3925
2009-04-03 20:00:00,110.4986
2009-04-03 21:00:00,119.8291
2009-04-03 22:00:00,128.7142
2009-04-03 23:00:00,135.9372
2009-04-04 00:00:00,155.9387
2009-04-04 01:00:00,161.3269
2009-04-04 02:00:00,165.5931
2009-04-04 03:00:00,168.6774
2009-04-04 04:00:00,171.655
2009-04-04 05:00:00,174.4468
2009-04-04 06:00:00,168.1959
2009-04-04 07:00:00,152.0357
2009-04-04 08:00:00,134.2625
2009-04-04 09:00:00,109.4368
2009-04-04 10:00:00,79.0755
2009-04-04 11:00:00,52.2975
2009-04-04 12:00:00,25.4034
2009-04-04 13:00:00,16.7984
2009-04-04 14:00:00,12.9608
2009-04-04 15:00:00,14.0539
2009-04-04 16:00:00,18.316
2009-04-04 17:00:00,34.0783
2009-04-04 18:00:00,71.1059
2009-04-04 19:00:00,98.6733
2009-04-04 20:00:00,116.8303
2009-04-04 21:00:00,129.6916
2009-04-04 22:00:00,137.6054
2009-04-04 23:00:00,143.2921
2009-04-05 00:00:00,138.0314
2009-04-05 01:00:00,143.1075
2009-04-05 02:00:00,146.9033
2009-04-05 03:00:00,150.0562
2009-04-05 04:00:00,153.2481
2009-04-05 05:00:00,154.2783
2009-04-05 06:00:00,148.7731
2009-04-05 07:00:00,134.5549
2009-04-05 08:00:00,117.7193
2009-04-05 09:00:00,89.7458
2009-04-05 10:00:00,57.9555
2009-04-05 11:00:00,26.5377
2009-04-05 12:00:00,14.8355
2009-04-05 13:00:00,11.1685
2009-04-05 14:00:00,9.7934
2009-04-05 15:00:00,10.3184
2009-04-05 16:00:00,14.6253
2009-04-05 17:00:00,21.3583
2009-04-05 18:00:00,54.599
2009-04-05 19:00:00,90.1939
2009-04-05 20:00:00,110.975
2009-04-05 21:00:00,121.0757
2009-04-05 22:00:00,129.5878
2009-04-05 23:00:00,137.3532
2009-04-06 00:00:00,133.7657
2009-04-06 01:00:00,138.7801
2009-04-06 02:00:00,143.6621
2009-04-06 03:00:00,148.6877
2009-04-06 04:00:00,149.763
2009-04-06 05:00:00,151.4997
2009-04-06 06:00:00,143.8747
2009-04-06 07:00:00,125.4816
2009-04-06 08:00:00,105.1229
2009-04-06 09:00:00,75.9597
2009-04-06 10:00:00,39.159
2009-04-06 11:00:00,13.2079
2009-04-06 12:00:00,7.5272
2009-04-06 13:00:00,6.5093
2009-04-06 14:00:00,5.4718
2009-04-06 15:00:00,5.2812
2009-04-06 16:00:00,6.2431
2009-04-06 17:00:00,10.9891
2009-04-06 18:00:00,31.2471
2009-04-06 19:00:00,55.8393
2009-04-06 20:00:00,80.1025
2009-04-06 21:00:00,95.8088
2009-04-06 22:00:00,108.7746
2009-04-06 23:00:00,115.6293
2009-04-07 00:00:00,109.4982
2009-04-07 01:00:00,113.938
2009-04-07 02:00:00,118.9318
2009-04-07 03:00:00,123.2163
2009-04-07 04:00:00,126.3603
2009-04-07 05:00:00,127.5807
2009-04-07 06:00:00,119.9375
2009-04-07 07:00:00,101.8678
2009-04-07 08:00:00,82.8382
2009-04-07 09:00:00,47.7134
2009-04-07 10:00:00,17.3582
2009-04-07 11:00:00,8.1309
2009-04-07 12:00:00,5.5166
2009-04-07 13:00:00,4.7025
2009-04-07 14:00:00,5.6953
2009-04-07 15:00:00,6.3967
2009-04-07 16:00:00,11.3329
2009-04-07 17:00:00,32.0692
2009-04-07 18:00:00,55.6657
2009-04-07 19:00:00,73.9503
2009-04-07 20:00:00,86.1226
2009-04-07 21:00:00,93.3334
2009-04-07 22:00:00,98.6442
2009-04-07 23:00:00,103.4913
2009-04-08 00:00:00,125.6613
2009-04-08 01:00:00,131.7236
2009-04-08 02:00:00,135.7183
2009-04-08 03:00:00,138.6026
2009-04-08 04:00:00,140.721
2009-04-08 05:00:00,140.2968
2009-04-08 06:00:00,133.6975
2009-04-08 07:00:00,121.6199
2009-04-08 08:00:00,105.9928
2009-04-08 09:00:00,91.2608
2009-04-08 10:00:00,76.5756
2009-04-08 11:00:00,62.0506
2009-04-08 12:00:00,35.2073
2009-04-08 13:00:00,15.6518
2009-04-08 14:00:00,13.7209
2009-04-08 15:00:00,14.0102
2009-04-08 16:00:00,15.56
2009-04-08 17:00:00,23.4812
2009-04-08 18:00:00,60.2597
2009-04-08 19:00:00,82.8967
2009-04-08 20:00:00,102.3558
2009-04-08 21:00:00,112.8067
2009-04-08 22:00:00,120.0271
2009-04-08 23:00:00,126.0742
2009-04-09 00:00:00,112.3204
2009-04-09 01:00:00,117.2211
2009-04-09 02:00:00,121.1849
2009-04-09 03:00:00,125.9206
2009-04-09 04:00:00,129.4654
2009-04-09 05:00:00,130.3263
2009-04-09 06:00:00,122.1851
2009-04-09 07:00:00,106.1429
2009-04-09 08:00:00,87.6497
2009-04-09 09:00:00,57.6926
2009-04-09 10:00:00,31.9603
2009-04-09 11:00:00,9.2593
2009-04-09 12:00:00,5.8798
2009-04-09 13:00:00,4.2918
2009-04-09 14:00:00,3.2266
2009-04-09 15:00:00,3.5106
2009-04-09 16:00:00,5.3128
2009-04-09 17:00:00,7.1395
2009-04-09 18:00:00,25.5916
2009-04-09 19:00:00,47.2173
2009-04-09 20:00:00,68.877
2009-04-09 21:00:00,85.3628
2009-04-09 22:00:00,92.8795
2009-04-09 23:00:00,97.407
2009-04-10 00:00:00,73.8545
2009-04-10 01:00:00,77.517
2009-04-10 02:00:00,80.5141
2009-04-10 03:00:00,83.5072
2009-04-10 04:00:00,86.5997
2009-04-10 05:00:00,87.7927
2009-04-10 06:00:00,79.9894
2009-04-10 07:00:00,66.7625
2009-04-10 08:00:00,52.7642
2009-04-10 09:00:00,26.6015
2009-04-10 10:00:00,8.4238
2009-04-10 11:00:00,5.1988
2009-04-10 12:00:00,4.1524
2009-04-10 13:00:00,3.8733
2009-04-10 14:00:00,3.8311
2009-04-10 15:00:00,4.0497
2009-04-10 16:00:00,4.7339
2009-04-10 17:00:00,6.8467
2009-04-10 18:00:00,9.472
2009-04-10 19:00:00,21.2867
2009-04-10 20:00:00,36.6225
2009-04-10 21:00:00,46.4973
2009-04-10 22:00:00,52.085
2009-04-10 23:00:00,56.6004
2009-04-11 00:00:00,59.1184
2009-04-11 01:00:00,63.5358
2009-04-11 02:00:00,66.1448
2009-04-11 03:00:00,68.5999
2009-04-11 04:00:00,70.1697
2009-04-11 05:00:00,70.6788
2009-04-11 06:00:00,64.184
2009-04-11 07:00:00,53.6493
2009-04-11 08:00:00,43.1991
2009-04-11 09:00:00,14.6475
2009-04-11 10:00:00,8.9617
2009-04-11 11:00:00,6.7901
2009-04-11 12:00:00,5.0996
2009-04-11 13:00:00,4.8126
2009-04-11 14:00:00,4.6805
2009-04-11 15:00:00,4.8935
2009-04-11 16:00:00,6.0378
2009-04-11 17:00:00,6.7554
2009-04-11 18:00:00,16.4614
2009-04-11 19:00:00,27.9289
2009-04-11 20:00:00,37.5212
2009-04-11 21:00:00,45.753
2009-04-11 22:00:00,51.8316
2009-04-11 23:00:00,53.6758
2009-04-12 00:00:00,87.7725
2009-04-12 01:00:00,92.2131
2009-04-12 02:00:00,95.5297
2009-04-12 03:00:00,98.3308
2009-04-12 04:00:00,101.316
2009-04-12 05:00:00,102.7418
2009-04-12 06:00:00,99.5933
2009-04-12 07:00:00,89.2186
2009-04-12 08:00:00,76.7961
2009-04-12 09:00:00,60.5642
2009-04-12 10:00:00,29.8485
2009-04-12 11:00:00,11.1502
2009-04-12 12:00:00,5.1403
2009-04-12 13:00:00,4.1957
2009-04-12 14:00:00,4.3481
2009-04-12 15:00:00,4.8198
2009-04-12 16:00:00,5.8134
2009-04-12 17:00:00,8.7875
2009-04-12 18:00:00,25.7503
2009-04-12 19:00:00,56.3435
2009-04-12 20:00:00,69.1645
2009-04-12 21:00:00,80.4316
2009-04-12 22:00:00,87.11
2009-04-12 23:00:00,93.2282
2009-04-13 00:00:00,96.8169
2009-04-13 01:00:00,100.9725
2009-04-13 02:00:00,105.4998
2009-04-13 03:00:00,109.4256
2009-04-13 04:00:00,111.9251
2009-04-13 05:00:00,112.3797
2009-04-13 06:00:00,102.9106
2009-04-13 07:00:00,86.39
2009-04-13 08:00:00,67.8514
2009-04-13 09:00:00,28.131
2009-04-13 10:00:00,9.8787
2009-04-13 11:00:00,4.9604
2009-04-13 12:00:00,3.1665
2009-04-13 13:00:00,3.1072
2009-04-13 14:00:00,3.1152
2009-04-13 15:00:00,3.418
2009-04-13 16:00:00,4.4828
2009-04-13 17:00:00,6.3601
2009-04-13 18:00:00,16.3193
2009-04-13 19:00:00,32.6144
2009-04-13 20:00:00,59.3324
2009-04-13 21:00:00,72.5245
2009-04-13 22:00:00,80.8731
2009-04-13 23:00:00,86.6719
2009-04-14 00:00:00,78.3454
2009-04-14 01:00:00,82.5751
2009-04-14 02:00:00,86.3549
2009-04-14 03:00:00,89.0885
2009-04-14 04:00:00,91.586
2009-04-14 05:00:00,92.0645
2009-04-14 06:00:00,83.9345
2009-04-14 07:00:00,70.2466
2009-04-14 08:00:00,56.3736
2009-04-14 09:00:00,25.8411
2009-04-14 10:00:00,8.7057
2009-04-14 11:00:00,4.5366
2009-04-14 12:00:00,2.9009
2009-04-14 13:00:00,2.8326
2009-04-14 14:00:00,3.0249
2009-04-14 15:00:00,2.3871
2009-04-14 16:00:00,4.3833
2009-04-14 17:00:00,6.668
2009-04-14 18:00:00,14.7107
2009-04-14 19:00:00,35.6667
2009-04-14 20:00:00,55.2099
2009-04-14 21:00:00,64.1388
2009-04-14 22:00:00,67.1657
2009-04-14 23:00:00,74.3326
2009-04-15 00:00:00,45.3878
2009-04-15 01:00:00,47.3195
2009-04-15 02:00:00,48.9671
2009-04-15 03:00:00,50.808
2009-04-15 04:00:00,51.938
2009-04-15 05:00:00,51.5571
2009-04-15 06:00:00,45.6328
2009-04-15 07:00:00,36.3098
2009-04-15 08:00:00,27.491
2009-04-15 09:00:00,6.4745
2009-04-15 10:00:00,3.0104
2009-04-15 11:00:00,2.934
2009-04-15 12:00:00,2.494
2009-04-15 13:00:00,2.1972
2009-04-15 14:00:00,2.4107
2009-04-15 15:00:00,2.921
2009-04-15 16:00:00,3.601
2009-04-15 17:00:00,5.1822
2009-04-15 18:00:00,6.9759
2009-04-15 19:00:00,17.2617
2009-04-15 20:00:00,24.1063
2009-04-15 21:00:00,27.7371
2009-04-15 22:00:00,30.4617
2009-04-15 23:00:00,31.3118
2009-04-16 00:00:00,82.5844
2009-04-16 01:00:00,91.9431
2009-04-16 02:00:00,96.6271
2009-04-16 03:00:00,109.5506
2009-04-16 04:00:00,116.5906
2009-04-16 05:00:00,121.7045
2009-04-16 06:00:00,112.9252
2009-04-16 07:00:00,104.0282
2009-04-16 08:00:00,93.9056
2009-04-16 09:00:00,88.3117
2009-04-16 10:00:00,82.8103
2009-04-16 11:00:00,64.4795
2009-04-16 12:00:00,86.1534
2009-04-16 13:00:00,124.4273
2009-04-16 14:00:00,149.8333
2009-04-16 15:00:00,156.5505
2009-04-16 16:00:00,157.0121
2009-04-16 17:00:00,158.0466
2009-04-16 18:00:00,162.8938
2009-04-16 19:00:00,166.0106
2009-04-16 20:00:00,168.155
2009-04-16 21:00:00,170.9783
2009-04-16 22:00:00,173.4523
2009-04-16 23:00:00,174.6578
2009-04-17 00:00:00,186.4006
2009-04-17 01:00:00,187.847
2009-04-17 02:00:00,188.8527
2009-04-17 03:00:00,189.069
2009-04-17 04:00:00,189.5485
2009-04-17 05:00:00,188.0858
2009-04-17 06:00:00,181.6861
2009-04-17 07:00:00,170.3566
2009-04-17 08:00:00,153.1988
2009-04-17 09:00:00,142.5092
2009-04-17 10:00:00,118.2504
2009-04-17 11:00:00,108.45
2009-04-17 12:00:00,102.349
2009-04-17 13:00:00,93.1529
2009-04-17 14:00:00,79.5383
2009-04-17 15:00:00,79.5521
2009-04-17 16:00:00,86.8128
2009-04-17 17:00:00,104.6823
2009-04-17 18:00:00,134.917
2009-04-17 19:00:00,151.6565
2009-04-17 20:00:00,160.2233
2009-04-17 21:00:00,165.8678
2009-04-17 22:00:00,171.3957
2009-04-17 23:00:00,174.6409
2009-04-18 00:00:00,175.8503
2009-04-18 01:00:00,180.4194
2009-04-18 02:00:00,182.6867
2009-04-18 03:00:00,183.8846
2009-04-18 04:00:00,184.4586
2009-04-18 05:00:00,183.3718
2009-04-18 06:00:00,170.9742
2009-04-18 07:00:00,155.1668
2009-04-18 08:00:00,134.4643
2009-04-18 09:00:00,103.7479
2009-04-18 10:00:00,87.0806
2009-04-18 11:00:00,72.3907
2009-04-18 12:00:00,72.6606
2009-04-18 13:00:00,61.0066
2009-04-18 14:00:00,59.7325
2009-04-18 15:00:00,64.4785
2009-04-18 16:00:00,77.7827
2009-04-18 17:00:00,93.2453
2009-04-18 18:00:00,125.2246
2009-04-18 19:00:00,144.8935
2009-04-18 20:00:00,160.546
2009-04-18 21:00:00,169.9777
2009-04-18 22:00:00,178.1821
2009-04-18 23:00:00,184.6726
2009-04-19 00:00:00,190.5872
2009-04-19 01:00:00,195.7086
2009-04-19 02:00:00,202.7964
2009-04-19 03:00:00,207.2675
2009-04-19 04:00:00,209.6844
2009-04-19 05:00:00,205.0336
2009-04-19 06:00:00,190.3755
2009-04-19 07:00:00,173.039
2009-04-19 08:00:00,158.0553
2009-04-19 09:00:00,141.2679
2009-04-19 10:00:00,115.8983
2009-04-19 11:00:00,87.2442
2009-04-19 12:00:00,57.5687
2009-04-19 13:00:00,35.4895
2009-04-19 14:00:00,29.7461
2009-04-19 15:00:00,28.4634
2009-04-19 16:00:00,33.5757
2009-04-19 17:00:00,40.4822
2009-04-19 18:00:00,60.6757
2009-04-19 19:00:00,83.2039
2009-04-19 20:00:00,103.8206
2009-04-19 21:00:00,118.5955
2009-04-19 22:00:00,131.6904
2009-04-19 23:00:00,142.6021
2009-04-20 00:00:00,111.8739
2009-04-20 01:00:00,116.5837
2009-04-20 02:00:00,119.5124
2009-04-20 03:00:00,121.8504
2009-04-20 04:00:00,122.3403
2009-04-20 05:00:00,120.1868
2009-04-20 06:00:00,112.223
2009-04-20 07:00:00,102.2585
2009-04-20 08:00:00,91.1584
2009-04-20 09:00:00,77.9823
2009-04-20 10:00:00,52.3367
2009-04-20 11:00:00,30.829
2009-04-20 12:00:00,21.5342
2009-04-20 13:00:00,9.3731
2009-04-20 14:00:00,7.1112
2009-04-20 15:00:00,7.8701
2009-04-20 16:00:00,10.6135
2009-04-20 17:00:00,14.3464
2009-04-20 18:00:00,23.9934
2009-04-20 19:00:00,49.1009
2009-04-20 20:00:00,69.7805
2009-04-20 21:00:00,77.1026
2009-04-20 22:00:00,86.9156
2009-04-20 23:00:00,94.8962
2009-04-21 00:00:00,85.309
2009-04-21 01:00:00,89.8368
2009-04-21 02:00:00,93.4802
2009-04-21 03:00:00,96.4771
2009-04-21 04:00:00,98.999
2009-04-21 05:00:00,97.4788
2009-04-21 06:00:00,88.5653
2009-04-21 07:00:00,76.9341
2009-04-21 08:00:00,65.5928
2009-04-21 09:00:00,34.8541
2009-04-21 10:00:00,20.1338
2009-04-21 11:00:00,9.383
2009-04-21 12:00:00,7.5533
2009-04-21 13:00:00,6.1304
2009-04-21 14:00:00,5.1267
2009-04-21 15:00:00,8.5723
2009-04-21 16:00:00,20.2723
2009-04-21 17:00:00,27.153
2009-04-21 18:00:00,32.926
2009-04-21 19:00:00,44.7893
2009-04-21 20:00:00,58.4721
2009-04-21 21:00:00,66.5568
2009-04-21 22:00:00,71.1681
2009-04-21 23:00:00,79.1517
2009-04-22 00:00:00,66.1946
2009-04-22 01:00:00,69.4033
2009-04-22 02:00:00,71.2516
2009-04-22 03:00:00,71.9338
2009-04-22 04:00:00,73.7027
2009-04-22 05:00:00,73.171
2009-04-22 06:00:00,66.0653
2009-04-22 07:00:00,56.6392
2009-04-22 08:00:00,45.6025
2009-04-22 09:00:00,22.4054
2009-04-22 10:00:00,9.4517
2009-04-22 11:00:00,6.0589
2009-04-22 12:00:00,5.485
2009-04-22 13:00:00,3.4256
2009-04-22 14:00:00,3.3856
2009-04-22 15:00:00,4.1502
2009-04-22 16:00:00,6.8738
2009-04-22 17:00:00,10.1595
2009-04-22 18:00:00,17.8594
2009-04-22 19:00:00,29.7413
2009-04-22 20:00:00,42.4217
2009-04-22 21:00:00,47.76
2009-04-22 22:00:00,54.1651
2009-04-22 23:00:00,57.7205
2009-04-23 00:00:00,110.1585
2009-04-23 01:00:00,121.5028
2009-04-23 02:00:00,128.1589
2009-04-23 03:00:00,135.5292
2009-04-23 04:00:00,143.219
2009-04-23 05:00:00,146.5446
2009-04-23 06:00:00,137.5107
2009-04-23 07:00:00,125.2181
2009-04-23 08:00:00,108.4972
2009-04-23 09:00:00,86.0979
2009-04-23 10:00:00,69.0696
2009-04-23 11:00:00,45.5726
2009-04-23 12:00:00,29.7135
2009-04-23 13:00:00,25.836
2009-04-23 14:00:00,28.5146
2009-04-23 15:00:00,38.3736
2009-04-23 16:00:00,61.2361
2009-04-23 17:00:00,87.2177
2009-04-23 18:00:00,106.1441
2009-04-23 19:00:00,128.4538
2009-04-23 20:00:00,135.6861
2009-04-23 21:00:00,143.4017
2009-04-23 22:00:00,154.3952
2009-04-23 23:00:00,163.7439
2009-04-24 00:00:00,197.8682
2009-04-24 01:00:00,205.2617
2009-04-24 02:00:00,211.8436
2009-04-24 03:00:00,217.9304
2009-04-24 04:00:00,221.7276
2009-04-24 05:00:00,220.0649
2009-04-24 06:00:00,207.6121
2009-04-24 07:00:00,192.2767
2009-04-24 08:00:00,174.702
2009-04-24 09:00:00,156.319
2009-04-24 10:00:00,130.1048
2009-04-24 11:00:00,98.881
2009-04-24 12:00:00,75.8318
2009-04-24 13:00:00,47.6368
2009-04-24 14:00:00,46.9922
2009-04-24 15:00:00,54.5967
2009-04-24 16:00:00,69.589
2009-04-24 17:00:00,78.8481
2009-04-24 18:00:00,102.7904
2009-04-24 19:00:00,121.5194
2009-04-24 20:00:00,134.8475
2009-04-24 21:00:00,143.7158
2009-04-24 22:00:00,148.1217
2009-04-24 23:00:00,155.933
2009-04-25 00:00:00,86.2711
2009-04-25 01:00:00,88.5642
2009-04-25 02:00:00,90.0877
2009-04-25 03:00:00,91.4778
2009-04-25 04:00:00,95.7115
2009-04-25 05:00:00,94.2265
2009-04-25 06:00:00,82.542
2009-04-25 07:00:00,68.7691
2009-04-25 08:00:00,54.8898
2009-04-25 09:00:00,29.9483
2009-04-25 10:00:00,10.0949
2009-04-25 11:00:00,6.3481
2009-04-25 12:00:00,4.7292
2009-04-25 13:00:00,3.8218
2009-04-25 14:00:00,4.2373
2009-04-25 15:00:00,3.8532
2009-04-25 16:00:00,4.8955
2009-04-25 17:00:00,6.9885
2009-04-25 18:00:00,12.4872
2009-04-25 19:00:00,26.433
2009-04-25 20:00:00,42.757
2009-04-25 21:00:00,51.6179
2009-04-25 22:00:00,60.1438
2009-04-25 23:00:00,64.573
2009-04-26 00:00:00,78.6555
2009-04-26 01:00:00,80.9574
2009-04-26 02:00:00,86.3358
2009-04-26 03:00:00,87.947
2009-04-26 04:00:00,88.524
2009-04-26 05:00:00,87.4213
2009-04-26 06:00:00,82.739
2009-04-26 07:00:00,71.9074
2009-04-26 08:00:00,57.7613
2009-04-26 09:00:00,30.9347
2009-04-26 10:00:00,18.184
2009-04-26 11:00:00,12.2462
2009-04-26 12:00:00,12.0069
2009-04-26 13:00:00,12.1188
2009-04-26 14:00:00,14.8946
2009-04-26 15:00:00,12.6921
2009-04-26 16:00:00,13.6357
2009-04-26 17:00:00,14.222
2009-04-26 18:00:00,24.2282
2009-04-26 19:00:00,43.4459
2009-04-26 20:00:00,65.2578
2009-04-26 21:00:00,74.9266
2009-04-26 22:00:00,79.0414
2009-04-26 23:00:00,81.5886
2009-04-27 00:00:00,120.4027
2009-04-27 01:00:00,125.6672
2009-04-27 02:00:00,131.3363
2009-04-27 03:00:00,133.946
2009-04-27 04:00:00,137.0211
2009-04-27 05:00:00,139.0719
2009-04-27 06:00:00,138.2693
2009-04-27 07:00:00,138.6024
2009-04-27 08:00:00,138.3338
2009-04-27 09:00:00,134.5789
2009-04-27 10:00:00,126.1882
2009-04-27 11:00:00,123.8312
2009-04-27 12:00:00,117.6458
2009-04-27 13:00:00,114.2085
2009-04-27 14:00:00,112.7874
2009-04-27 15:00:00,120.7551
2009-04-27 16:00:00,123.6003
2009-04-27 17:00:00,133.9309
2009-04-27 18:00:00,143.3646
2009-04-27 19:00:00,147.4335
2009-04-27 20:00:00,149.9491
2009-04-27 21:00:00,151.9012
2009-04-27 22:00:00,153.4228
2009-04-27 23:00:00,154.4303
2009-04-28 00:00:00,162.8416
2009-04-28 01:00:00,165.1083
2009-04-28 02:00:00,167.3072
2009-04-28 03:00:00,170.0479
2009-04-28 04:00:00,171.8704
2009-04-28 05:00:00,171.5211
2009-04-28 06:00:00,170.1042
2009-04-28 07:00:00,170.7134
2009-04-28 08:00:00,172.8572
2009-04-28 09:00:00,175.5166
2009-04-28 10:00:00,175.9344
2009-04-28 11:00:00,175.0295
2009-04-28 12:00:00,171.6534
2009-04-28 13:00:00,166.9422
2009-04-28 14:00:00,168.5564
2009-04-28 15:00:00,167.4651
2009-04-28 16:00:00,170.678
2009-04-28 17:00:00,178.4972
2009-04-28 18:00:00,184.2398
2009-04-28 19:00:00,189.5754
2009-04-28 20:00:00,193.1118
2009-04-28 21:00:00,194.9512
2009-04-28 22:00:00,197.2108
2009-04-28 23:00:00,198.5411
2009-04-29 00:00:00,199.6188
2009-04-29 01:00:00,199.7491
2009-04-29 02:00:00,200.6616
2009-04-29 03:00:00,201.946
2009-04-29 04:00:00,203.1652
2009-04-29 05:00:00,200.7852
2009-04-29 06:00:00,196.5534
2009-04-29 07:00:00,192.0098
2009-04-29 08:00:00,188.261
2009-04-29 09:00:00,183.5192
2009-04-29 10:00:00,178.8608
2009-04-29 11:00:00,171.0275
2009-04-29 12:00:00,161.2246
2009-04-29 13:00:00,149.5004
2009-04-29 14:00:00,140.972
2009-04-29 15:00:00,144.1372
2009-04-29 16:00:00,155.0931
2009-04-29 17:00:00,162.7731
2009-04-29 18:00:00,171.5354
2009-04-29 19:00:00,179.1336
2009-04-29 20:00:00,183.0002
2009-04-29 21:00:00,187.3984
2009-04-29 22:00:00,191.9696
2009-04-29 23:00:00,196.9742
2009-04-30 00:00:00,200.1265
2009-04-30 01:00:00,205.3521
2009-04-30 02:00:00,210.7379
2009-04-30 03:00:00,213.5702
2009-04-30 04:00:00,214.1009
2009-04-30 05:00:00,210.4508
2009-04-30 06:00:00,196.7096
2009-04-30 07:00:00,181.1978
2009-04-30 08:00:00,165.2667
2009-04-30 09:00:00,147.2186
2009-04-30 10:00:00,128.673
2009-04-30 11:00:00,104.2251
2009-04-30 12:00:00,81.8093
2009-04-30 13:00:00,75.9853
2009-04-30 14:00:00,73.3356
2009-04-30 15:00:00,77.6888
2009-04-30 16:00:00,81.8721
2009-04-30 17:00:00,92.6045
2009-04-30 18:00:00,108.9564
2009-04-30 19:00:00,130.3609
2009-04-30 20:00:00,147.0789
2009-04-30 21:00:00,156.9238
2009-04-30 22:00:00,164.0511
2009-04-30 23:00:00,174.4325
2009-05-01 00:00:00,157.4093
2009-05-01 01:00:00,163.3074
2009-05-01 02:00:00,170.9089
2009-05-01 03:00:00,177.8982
2009-05-01 04:00:00,181.8251
2009-05-01 05:00:00,178.2634
2009-05-01 06:00:00,158.85
2009-05-01 07:00:00,138.1762
2009-05-01 08:00:00,118.152
2009-05-01 09:00:00,88.2421
2009-05-01 10:00:00,58.7785
2009-05-01 11:00:00,34.8506
2009-05-01 12:00:00,17.8241
2009-05-01 13:00:00,10.0696
2009-05-01 14:00:00,8.9459
2009-05-01 15:00:00,8.8229
2009-05-01 16:00:00,9.1191
2009-05-01 17:00:00,11.0265
2009-05-01 18:00:00,26.2289
2009-05-01 19:00:00,48.9124
2009-05-01 20:00:00,78.9299
2009-05-01 21:00:00,91.5534
2009-05-01 22:00:00,106.0015
2009-05-01 23:00:00,115.1697
2009-05-02 00:00:00,99.3872
2009-05-02 01:00:00,100.9022
2009-05-02 02:00:00,103.0871
2009-05-02 03:00:00,105.0619
2009-05-02 04:00:00,105.8608
2009-05-02 05:00:00,104.1993
2009-05-02 06:00:00,97.1483
2009-05-02 07:00:00,85.7675
2009-05-02 08:00:00,69.1914
2009-05-02 09:00:00,51.2049
2009-05-02 10:00:00,33.5123
2009-05-02 11:00:00,29.2862
2009-05-02 12:00:00,24.9087
2009-05-02 13:00:00,32.2396
2009-05-02 14:00:00,51.3218
2009-05-02 15:00:00,47.2034
2009-05-02 16:00:00,53.2418
2009-05-02 17:00:00,59.2894
2009-05-02 18:00:00,68.3332
2009-05-02 19:00:00,84.2152
2009-05-02 20:00:00,93.4077
2009-05-02 21:00:00,97.449
2009-05-02 22:00:00,101.2589
2009-05-02 23:00:00,107.7806
2009-05-03 00:00:00,107.7623
2009-05-03 01:00:00,113.21
2009-05-03 02:00:00,116.0433
2009-05-03 03:00:00,118.6803
2009-05-03 04:00:00,119.6436
2009-05-03 05:00:00,118.2053
2009-05-03 06:00:00,109.3007
2009-05-03 07:00:00,99.0527
2009-05-03 08:00:00,84.5351
2009-05-03 09:00:00,54.3728
2009-05-03 10:00:00,17.6909
2009-05-03 11:00:00,8.9568
2009-05-03 12:00:00,7.3494
2009-05-03 13:00:00,5.1872
2009-05-03 14:00:00,3.7745
2009-05-03 15:00:00,6.0435
2009-05-03 16:00:00,11.3324
2009-05-03 17:00:00,18.4906
2009-05-03 18:00:00,31.3356
2009-05-03 19:00:00,52.3649
2009-05-03 20:00:00,74.9912
2009-05-03 21:00:00,85.1262
2009-05-03 22:00:00,90.7033
2009-05-03 23:00:00,93.6589
2009-05-04 00:00:00,124.7169
2009-05-04 01:00:00,130.0312
2009-05-04 02:00:00,140.586
2009-05-04 03:00:00,144.4069
2009-05-04 04:00:00,146.3487
2009-05-04 05:00:00,146.7898
2009-05-04 06:00:00,145.3476
2009-05-04 07:00:00,142.4161
2009-05-04 08:00:00,140.046
2009-05-04 09:00:00,135.4394
2009-05-04 10:00:00,133.8214
2009-05-04 11:00:00,125.9918
2009-05-04 12:00:00,120.9768
2009-05-04 13:00:00,118.2309
2009-05-04 14:00:00,114.7508
2009-05-04 15:00:00,115.4526
2009-05-04 16:00:00,122.6162
2009-05-04 17:00:00,127.492
2009-05-04 18:00:00,138.5457
2009-05-04 19:00:00,153.2147
2009-05-04 20:00:00,162.2708
2009-05-04 21:00:00,171.0699
2009-05-04 22:00:00,177.974
2009-05-04 23:00:00,184.4307
2009-05-05 00:00:00,200.1391
2009-05-05 01:00:00,207.033
2009-05-05 02:00:00,213.5844
2009-05-05 03:00:00,218.7406
2009-05-05 04:00:00,217.0889
2009-05-05 05:00:00,208.8228
2009-05-05 06:00:00,195.3222
2009-05-05 07:00:00,181.8867
2009-05-05 08:00:00,168.6805
2009-05-05 09:00:00,155.3446
2009-05-05 10:00:00,137.7644
2009-05-05 11:00:00,123.4757
2009-05-05 12:00:00,103.1691
2009-05-05 13:00:00,88.8404
2009-05-05 14:00:00,80.0102
2009-05-05 15:00:00,77.1268
2009-05-05 16:00:00,77.1957
2009-05-05 17:00:00,86.847
2009-05-05 18:00:00,102.9329
2009-05-05 19:00:00,119.3743
2009-05-05 20:00:00,135.0486
2009-05-05 21:00:00,145.8301
2009-05-05 22:00:00,153.6757
2009-05-05 23:00:00,155.5664
2009-05-06 00:00:00,106.3935
2009-05-06 01:00:00,107.2277
2009-05-06 02:00:00,107.6299
2009-05-06 03:00:00,107.6949
2009-05-06 04:00:00,106.8241
2009-05-06 05:00:00,103.9027
2009-05-06 06:00:00,96.9939
2009-05-06 07:00:00,89.1012
2009-05-06 08:00:00,78.9124
2009-05-06 09:00:00,42.933
2009-05-06 10:00:00,17.5881
2009-05-06 11:00:00,12.1243
2009-05-06 12:00:00,7.1231
2009-05-06 13:00:00,5.5053
2009-05-06 14:00:00,4.9612
2009-05-06 15:00:00,4.2683
2009-05-06 16:00:00,4.4029
2009-05-06 17:00:00,8.1212
2009-05-06 18:00:00,16.3553
2009-05-06 19:00:00,48.0357
2009-05-06 20:00:00,67.8305
2009-05-06 21:00:00,87.3075
2009-05-06 22:00:00,94.5128
2009-05-06 23:00:00,101.1732
2009-05-07 00:00:00,38.4072
2009-05-07 01:00:00,40.1416
2009-05-07 02:00:00,41.6239
2009-05-07 03:00:00,42.7883
2009-05-07 04:00:00,43.6418
2009-05-07 05:00:00,40.6013
2009-05-07 06:00:00,34.1449
2009-05-07 07:00:00,27.1028
2009-05-07 08:00:00,20.2963
2009-05-07 09:00:00,4.9719
2009-05-07 10:00:00,2.3577
2009-05-07 11:00:00,0.2336
2009-05-07 12:00:00,0.0439
2009-05-07 13:00:00,0.0405
2009-05-07 14:00:00,0.0305
2009-05-07 15:00:00,0.0341
2009-05-07 16:00:00,0.5294
2009-05-07 17:00:00,1.4558
2009-05-07 18:00:00,3.1202
2009-05-07 19:00:00,10.114
2009-05-07 20:00:00,22.3288
2009-05-07 21:00:00,23.0651
2009-05-07 22:00:00,23.4167
2009-05-07 23:00:00,25.7835
2009-05-08 00:00:00,7.4961
2009-05-08 01:00:00,9.1124
2009-05-08 02:00:00,9.4694
2009-05-08 03:00:00,10.1146
2009-05-08 04:00:00,10.5226
2009-05-08 05:00:00,9.7489
2009-05-08 06:00:00,7.6365
2009-05-08 07:00:00,6.4308
2009-05-08 08:00:00,2.425
2009-05-08 09:00:00,2.0926
2009-05-08 10:00:00,1.267
2009-05-08 11:00:00,0.9275
2009-05-08 12:00:00,0.4261
2009-05-08 13:00:00,0.7569
2009-05-08 14:00:00,1.4363
2009-05-08 15:00:00,2.376
2009-05-08 16:00:00,2.5946
2009-05-08 17:00:00,4.4088
2009-05-08 18:00:00,5.942
2009-05-08 19:00:00,8.368
2009-05-08 20:00:00,9.145
2009-05-08 21:00:00,9.7826
2009-05-08 22:00:00,10.1779
2009-05-08 23:00:00,10.598
2009-05-09 00:00:00,13.8944
2009-05-09 01:00:00,14.1959
2009-05-09 02:00:00,14.6136
2009-05-09 03:00:00,14.8352
2009-05-09 04:00:00,14.7951
2009-05-09 05:00:00,13.934
2009-05-09 06:00:00,12.4692
2009-05-09 07:00:00,10.0809
2009-05-09 08:00:00,5.4327
2009-05-09 09:00:00,1.1327
2009-05-09 10:00:00,0.7587
2009-05-09 11:00:00,0.2193
2009-05-09 12:00:00,0.4928
2009-05-09 13:00:00,0.6581
2009-05-09 14:00:00,1.2131
2009-05-09 15:00:00,2.5551
2009-05-09 16:00:00,3.0632
2009-05-09 17:00:00,6.0896
2009-05-09 18:00:00,8.5887
2009-05-09 19:00:00,10.1263
2009-05-09 20:00:00,10.9071
2009-05-09 21:00:00,11.2823
2009-05-09 22:00:00,11.441
2009-05-09 23:00:00,11.9578
2009-05-10 00:00:00,8.7626
2009-05-10 01:00:00,9.627
2009-05-10 02:00:00,9.912
2009-05-10 03:00:00,10.1184
2009-05-10 04:00:00,10.2602
2009-05-10 05:00:00,9.7709
2009-05-10 06:00:00,8.7652
2009-05-10 07:00:00,6.7377
2009-05-10 08:00:00,3.2279
2009-05-10 09:00:00,1.5277
2009-05-10 10:00:00,1.1428
2009-05-10 11:00:00,1.059
2009-05-10 12:00:00,1.6827
2009-05-10 13:00:00,1.8521
2009-05-10 14:00:00,2.1695
2009-05-10 15:00:00,2.4085
2009-05-10 16:00:00,2.8982
2009-05-10 17:00:00,4.2251
2009-05-10 18:00:00,5.6579
2009-05-10 19:00:00,7.7839
2009-05-10 20:00:00,8.3643
2009-05-10 21:00:00,8.7058
2009-05-10 22:00:00,8.8794
2009-05-10 23:00:00,9.0794
2009-05-11 00:00:00,12.9544
2009-05-11 01:00:00,13.489
2009-05-11 02:00:00,13.6647
2009-05-11 03:00:00,13.809
2009-05-11 04:00:00,13.9166
2009-05-11 05:00:00,13.0916
2009-05-11 06:00:00,11.2571
2009-05-11 07:00:00,7.4824
2009-05-11 08:00:00,5.1598
2009-05-11 09:00:00,3.4092
2009-05-11 10:00:00,2.6145
2009-05-11 11:00:00,1.2699
2009-05-11 12:00:00,1.2605
2009-05-11 13:00:00,1.4256
2009-05-11 14:00:00,1.734
2009-05-11 15:00:00,1.9171
2009-05-11 16:00:00,2.0996
2009-05-11 17:00:00,2.5925
2009-05-11 18:00:00,3.086
2009-05-11 19:00:00,6.0871
2009-05-11 20:00:00,9.8821
2009-05-11 21:00:00,11.4541
2009-05-11 22:00:00,11.9129
2009-05-11 23:00:00,11.7451
2009-05-12 00:00:00,9.2123
2009-05-12 01:00:00,9.2676
2009-05-12 02:00:00,9.5129
2009-05-12 03:00:00,9.7861
2009-05-12 04:00:00,9.7621
2009-05-12 05:00:00,9.3656
2009-05-12 06:00:00,8.7654
2009-05-12 07:00:00,6.6601
2009-05-12 08:00:00,2.9488
2009-05-12 09:00:00,2.6588
2009-05-12 10:00:00,1.8876
2009-05-12 11:00:00,2.0078
2009-05-12 12:00:00,3.3507
2009-05-12 13:00:00,3.243
2009-05-12 14:00:00,4.7911
2009-05-12 15:00:00,3.586
2009-05-12 16:00:00,3.7724
2009-05-12 17:00:00,5.4105
2009-05-12 18:00:00,7.5159
2009-05-12 19:00:00,8.2782
2009-05-12 20:00:00,8.5361
2009-05-12 21:00:00,8.8067
2009-05-12 22:00:00,8.996
2009-05-12 23:00:00,9.4694
2009-05-13 00:00:00,7.6987
2009-05-13 01:00:00,7.9885
2009-05-13 02:00:00,8.1905
2009-05-13 03:00:00,8.375
2009-05-13 04:00:00,8.2082
2009-05-13 05:00:00,7.6231
2009-05-13 06:00:00,6.629
2009-05-13 07:00:00,4.6169
2009-05-13 08:00:00,3.6501
2009-05-13 09:00:00,1.8723
2009-05-13 10:00:00,0.9537
2009-05-13 11:00:00,0.6528
2009-05-13 12:00:00,0.6427
2009-05-13 13:00:00,0.9572
2009-05-13 14:00:00,1.7962
2009-05-13 15:00:00,1.3521
2009-05-13 16:00:00,1.7726
2009-05-13 17:00:00,2.5099
2009-05-13 18:00:00,4.0806
2009-05-13 19:00:00,6.3713
2009-05-13 20:00:00,6.65
2009-05-13 21:00:00,6.7178
2009-05-13 22:00:00,6.7929
2009-05-13 23:00:00,6.9604
2009-05-14 00:00:00,8.6304
2009-05-14 01:00:00,8.062
2009-05-14 02:00:00,8.9709
2009-05-14 03:00:00,9.1783
2009-05-14 04:00:00,9.2518
2009-05-14 05:00:00,9.1313
2009-05-14 06:00:00,8.5077
2009-05-14 07:00:00,5.8109
2009-05-14 08:00:00,4.741
2009-05-14 09:00:00,4.2493
2009-05-14 10:00:00,3.2593
2009-05-14 11:00:00,3.1454
2009-05-14 12:00:00,2.8755
2009-05-14 13:00:00,2.3993
2009-05-14 14:00:00,2.5031
2009-05-14 15:00:00,3.0403
2009-05-14 16:00:00,4.1777
2009-05-14 17:00:00,5.194
2009-05-14 18:00:00,7.679
2009-05-14 19:00:00,8.2722
2009-05-14 20:00:00,8.8233
2009-05-14 21:00:00,9.2228
2009-05-14 22:00:00,9.5869
2009-05-14 23:00:00,9.7582
2009-05-15 00:00:00,49.1656
2009-05-15 01:00:00,51.2261
2009-05-15 02:00:00,57.0894
2009-05-15 03:00:00,66.7984
2009-05-15 04:00:00,67.7859
2009-05-15 05:00:00,66.4135
2009-05-15 06:00:00,63.6967
2009-05-15 07:00:00,45.536
2009-05-15 08:00:00,40.286
2009-05-15 09:00:00,37.1558
2009-05-15 10:00:00,35.8348
2009-05-15 11:00:00,44.8761
2009-05-15 12:00:00,46.4725
2009-05-15 13:00:00,49.4406
2009-05-15 14:00:00,59.42
2009-05-15 15:00:00,67.0851
2009-05-15 16:00:00,71.6033
2009-05-15 17:00:00,74.4486
2009-05-15 18:00:00,76.384
2009-05-15 19:00:00,78.8013
2009-05-15 20:00:00,81.5874
2009-05-15 21:00:00,84.153
2009-05-15 22:00:00,87.1956
2009-05-15 23:00:00,90.1269
2009-05-16 00:00:00,90.1167
2009-05-16 01:00:00,92.291
2009-05-16 02:00:00,93.8854
2009-05-16 03:00:00,95.0283
2009-05-16 04:00:00,94.9248
2009-05-16 05:00:00,92.7882
2009-05-16 06:00:00,88.2841
2009-05-16 07:00:00,82.4261
2009-05-16 08:00:00,74.9381
2009-05-16 09:00:00,62.4002
2009-05-16 10:00:00,41.8528
2009-05-16 11:00:00,16.551
2009-05-16 12:00:00,10.4541
2009-05-16 13:00:00,6.905
2009-05-16 14:00:00,5.2365
2009-05-16 15:00:00,3.8186
2009-05-16 16:00:00,2.4205
2009-05-16 17:00:00,5.3709
2009-05-16 18:00:00,10.5565
2009-05-16 19:00:00,27.3865
2009-05-16 20:00:00,56.1008
2009-05-16 21:00:00,63.5308
2009-05-16 22:00:00,70.0339
2009-05-16 23:00:00,74.5666
2009-05-17 00:00:00,7.8895
2009-05-17 01:00:00,7.905
2009-05-17 02:00:00,7.9089
2009-05-17 03:00:00,8.0655
2009-05-17 04:00:00,8.0389
2009-05-17 05:00:00,7.154
2009-05-17 06:00:00,5.9081
2009-05-17 07:00:00,3.1861
2009-05-17 08:00:00,2.1406
2009-05-17 09:00:00,0.7463
2009-05-17 10:00:00,0.5313
2009-05-17 11:00:00,0.3953
2009-05-17 12:00:00,0.0988
2009-05-17 13:00:00,0.1556
2009-05-17 14:00:00,0.2915
2009-05-17 15:00:00,0.4777
2009-05-17 16:00:00,1.5507
2009-05-17 17:00:00,2.2139
2009-05-17 18:00:00,3.7831
2009-05-17 19:00:00,4.7617
2009-05-17 20:00:00,5.5387
2009-05-17 21:00:00,6.1386
2009-05-17 22:00:00,6.5624
2009-05-17 23:00:00,6.7772
2009-05-18 00:00:00,61.3685
2009-05-18 01:00:00,65.3121
2009-05-18 02:00:00,68.0013
2009-05-18 03:00:00,69.7129
2009-05-18 04:00:00,70.3369
2009-05-18 05:00:00,68.4049
2009-05-18 06:00:00,65.0552
2009-05-18 07:00:00,59.8588
2009-05-18 08:00:00,55.1216
2009-05-18 09:00:00,53.1383
2009-05-18 10:00:00,48.5228
2009-05-18 11:00:00,43.625
2009-05-18 12:00:00,36.5798
2009-05-18 13:00:00,20.1244
2009-05-18 14:00:00,17.5206
2009-05-18 15:00:00,20.2877
2009-05-18 16:00:00,21.5009
2009-05-18 17:00:00,26.7284
2009-05-18 18:00:00,37.3169
2009-05-18 19:00:00,48.8579
2009-05-18 20:00:00,57.3243
2009-05-18 21:00:00,64.3054
2009-05-18 22:00:00,67.528
2009-05-18 23:00:00,71.1333
2009-05-19 00:00:00,22.9087
2009-05-19 01:00:00,23.5405
2009-05-19 02:00:00,24.5713
2009-05-19 03:00:00,25.1076
2009-05-19 04:00:00,24.6992
2009-05-19 05:00:00,22.8392
2009-05-19 06:00:00,20.2897
2009-05-19 07:00:00,17.526
2009-05-19 08:00:00,12.8827
2009-05-19 09:00:00,5.3912
2009-05-19 10:00:00,3.1473
2009-05-19 11:00:00,1.6488
2009-05-19 12:00:00,0.4964
2009-05-19 13:00:00,0.4084
2009-05-19 14:00:00,0.4226
2009-05-19 15:00:00,0.4494
2009-05-19 16:00:00,0.5741
2009-05-19 17:00:00,1.2109
2009-05-19 18:00:00,3.247
2009-05-19 19:00:00,6.5155
2009-05-19 20:00:00,13.9486
2009-05-19 21:00:00,15.2889
2009-05-19 22:00:00,16.5072
2009-05-19 23:00:00,17.4883
2009-05-20 00:00:00,3.9942
2009-05-20 01:00:00,4.1553
2009-05-20 02:00:00,4.233
2009-05-20 03:00:00,4.2997
2009-05-20 04:00:00,4.3385
2009-05-20 05:00:00,4.127
2009-05-20 06:00:00,3.4676
2009-05-20 07:00:00,2.4371
2009-05-20 08:00:00,1.2057
2009-05-20 09:00:00,0.4027
2009-05-20 10:00:00,0.0698
2009-05-20 11:00:00,0.0075
2009-05-20 12:00:00,0.0066
2009-05-20 13:00:00,0.0063
2009-05-20 14:00:00,0.006
2009-05-20 15:00:00,0.0057
2009-05-20 16:00:00,0.0199
2009-05-20 17:00:00,0.3475
2009-05-20 18:00:00,0.938
2009-05-20 19:00:00,2.4375
2009-05-20 20:00:00,2.8256
2009-05-20 21:00:00,2.976
2009-05-20 22:00:00,3.1573
2009-05-20 23:00:00,3.2871
2009-05-21 00:00:00,2.0751
2009-05-21 01:00:00,2.1065
2009-05-21 02:00:00,2.1719
2009-05-21 03:00:00,2.2396
2009-05-21 04:00:00,2.2616
2009-05-21 05:00:00,2.0887
2009-05-21 06:00:00,1.7627
2009-05-21 07:00:00,1.2749
2009-05-21 08:00:00,0.5602
2009-05-21 09:00:00,0.1008
2009-05-21 10:00:00,0.0898
2009-05-21 11:00:00,0.0299
2009-05-21 12:00:00,0.082
2009-05-21 13:00:00,0.0108
2009-05-21 14:00:00,0.0063
2009-05-21 15:00:00,0.0203
2009-05-21 16:00:00,0.0185
2009-05-21 17:00:00,0.3085
2009-05-21 18:00:00,0.5012
2009-05-21 19:00:00,1.2583
2009-05-21 20:00:00,1.3771
2009-05-21 21:00:00,1.452
2009-05-21 22:00:00,1.456
2009-05-21 23:00:00,1.4971
2009-05-22 00:00:00,1.7146
2009-05-22 01:00:00,1.7581
2009-05-22 02:00:00,1.7846
2009-05-22 03:00:00,1.8133
2009-05-22 04:00:00,1.8275
2009-05-22 05:00:00,1.7223
2009-05-22 06:00:00,1.4491
2009-05-22 07:00:00,1.2524
2009-05-22 08:00:00,0.6814
2009-05-22 09:00:00,0.0746
2009-05-22 10:00:00,0.1032
2009-05-22 11:00:00,0.0399
2009-05-22 12:00:00,0.0415
2009-05-22 13:00:00,0.0411
2009-05-22 14:00:00,0.0087
2009-05-22 15:00:00,0.0086
2009-05-22 16:00:00,0.0231
2009-05-22 17:00:00,0.0534
2009-05-22 18:00:00,1.0246
2009-05-22 19:00:00,1.423
2009-05-22 20:00:00,1.675
2009-05-22 21:00:00,1.8878
2009-05-22 22:00:00,2.0047
2009-05-22 23:00:00,2.151
2009-05-23 00:00:00,0.9081
2009-05-23 01:00:00,0.9234
2009-05-23 02:00:00,0.9587
2009-05-23 03:00:00,0.9885
2009-05-23 04:00:00,0.9867
2009-05-23 05:00:00,0.9439
2009-05-23 06:00:00,0.7792
2009-05-23 07:00:00,0.4537
2009-05-23 08:00:00,0.0024
2009-05-23 09:00:00,0.0022
2009-05-23 10:00:00,0.0
2009-05-23 11:00:00,0.0
2009-05-23 12:00:00,0.0
2009-05-23 13:00:00,0.0
2009-05-23 14:00:00,0.0
2009-05-23 15:00:00,0.0
2009-05-23 16:00:00,0.0
2009-05-23 17:00:00,0.0
2009-05-23 18:00:00,0.015
2009-05-23 19:00:00,0.3733
2009-05-23 20:00:00,0.5277
2009-05-23 21:00:00,0.6448
2009-05-23 22:00:00,0.6947
2009-05-23 23:00:00,0.7266
2009-05-24 00:00:00,0.6456
2009-05-24 01:00:00,0.6822
2009-05-24 02:00:00,0.7187
2009-05-24 03:00:00,0.7065
2009-05-24 04:00:00,0.6984
2009-05-24 05:00:00,0.6578
2009-05-24 06:00:00,0.5319
2009-05-24 07:00:00,0.3492
2009-05-24 08:00:00,0.0
2009-05-24 09:00:00,0.0
2009-05-24 10:00:00,0.0
2009-05-24 11:00:00,0.0
2009-05-24 12:00:00,0.0
2009-05-24 13:00:00,0.0
2009-05-24 14:00:00,0.0
2009-05-24 15:00:00,0.0
2009-05-24 16:00:00,0.0
2009-05-24 17:00:00,0.0
2009-05-24 18:00:00,0.2924
2009-05-24 19:00:00,0.406
2009-05-24 20:00:00,0.4548
2009-05-24 21:00:00,0.4507
2009-05-24 22:00:00,0.5157
2009-05-24 23:00:00,0.5563
2009-05-25 00:00:00,0.6665
2009-05-25 01:00:00,0.7085
2009-05-25 02:00:00,0.7361
2009-05-25 03:00:00,0.7479
2009-05-25 04:00:00,0.7715
2009-05-25 05:00:00,0.7509
2009-05-25 06:00:00,0.6404
2009-05-25 07:00:00,0.4287
2009-05-25 08:00:00,0.2883
2009-05-25 09:00:00,0.0
2009-05-25 10:00:00,0.0
2009-05-25 11:00:00,0.0
2009-05-25 12:00:00,0.0
2009-05-25 13:00:00,0.0
2009-05-25 14:00:00,0.0
2009-05-25 15:00:00,0.0
2009-05-25 16:00:00,0.0
2009-05-25 17:00:00,0.0165
2009-05-25 18:00:00,0.3154
2009-05-25 19:00:00,0.4189
2009-05-25 20:00:00,0.5349
2009-05-25 21:00:00,0.5849
2009-05-25 22:00:00,0.6343
2009-05-25 23:00:00,0.6641
2009-05-26 00:00:00,1.9865
2009-05-26 01:00:00,2.1559
2009-05-26 02:00:00,2.1851
2009-05-26 03:00:00,2.9355
2009-05-26 04:00:00,2.9548
2009-05-26 05:00:00,2.8065
2009-05-26 06:00:00,2.7183
2009-05-26 07:00:00,1.0099
2009-05-26 08:00:00,0.134
2009-05-26 09:00:00,0.0661
2009-05-26 10:00:00,0.3043
2009-05-26 11:00:00,1.7617
2009-05-26 12:00:00,2.7212
2009-05-26 13:00:00,2.8635
2009-05-26 14:00:00,3.3167
2009-05-26 15:00:00,3.5487
2009-05-26 16:00:00,3.6447
2009-05-26 17:00:00,4.5407
2009-05-26 18:00:00,5.029
2009-05-26 19:00:00,5.2779
2009-05-26 20:00:00,5.5593
2009-05-26 21:00:00,5.802
2009-05-26 22:00:00,5.9547
2009-05-26 23:00:00,6.1247
2009-05-27 00:00:00,82.229
2009-05-27 01:00:00,85.475
2009-05-27 02:00:00,89.3152
2009-05-27 03:00:00,92.6402
2009-05-27 04:00:00,97.1084
2009-05-27 05:00:00,96.8986
2009-05-27 06:00:00,93.8076
2009-05-27 07:00:00,90.0481
2009-05-27 08:00:00,86.1589
2009-05-27 09:00:00,78.6325
2009-05-27 10:00:00,66.4318
2009-05-27 11:00:00,43.8598
2009-05-27 12:00:00,30.3433
2009-05-27 13:00:00,19.388
2009-05-27 14:00:00,13.6467
2009-05-27 15:00:00,12.5853
2009-05-27 16:00:00,12.6525
2009-05-27 17:00:00,15.8217
2009-05-27 18:00:00,32.8898
2009-05-27 19:00:00,62.4184
2009-05-27 20:00:00,77.9751
2009-05-27 21:00:00,79.5981
2009-05-27 22:00:00,81.7128
2009-05-27 23:00:00,82.6898
2009-05-28 00:00:00,33.9318
2009-05-28 01:00:00,34.0911
2009-05-28 02:00:00,34.5611
2009-05-28 03:00:00,34.8596
2009-05-28 04:00:00,34.6398
2009-05-28 05:00:00,33.2368
2009-05-28 06:00:00,30.822
2009-05-28 07:00:00,28.3326
2009-05-28 08:00:00,23.7619
2009-05-28 09:00:00,15.7728
2009-05-28 10:00:00,13.4727
2009-05-28 11:00:00,8.4787
2009-05-28 12:00:00,7.0748
2009-05-28 13:00:00,6.5101
2009-05-28 14:00:00,5.7356
2009-05-28 15:00:00,7.8422
2009-05-28 16:00:00,8.7347
2009-05-28 17:00:00,9.0237
2009-05-28 18:00:00,12.5627
2009-05-28 19:00:00,14.8457
2009-05-28 20:00:00,19.3693
2009-05-28 21:00:00,23.7065
2009-05-28 22:00:00,25.4754
2009-05-28 23:00:00,26.8872
2009-05-29 00:00:00,25.3229
2009-05-29 01:00:00,26.6969
2009-05-29 02:00:00,27.0987
2009-05-29 03:00:00,27.6746
2009-05-29 04:00:00,27.9106
2009-05-29 05:00:00,26.8546
2009-05-29 06:00:00,25.4577
2009-05-29 07:00:00,23.4952
2009-05-29 08:00:00,19.5188
2009-05-29 09:00:00,12.6368
2009-05-29 10:00:00,8.9224
2009-05-29 11:00:00,7.0593
2009-05-29 12:00:00,4.6867
2009-05-29 13:00:00,4.8716
2009-05-29 14:00:00,4.7864
2009-05-29 15:00:00,5.0642
2009-05-29 16:00:00,6.2692
2009-05-29 17:00:00,8.9414
2009-05-29 18:00:00,15.3556
2009-05-29 19:00:00,24.0444
2009-05-29 20:00:00,27.0828
2009-05-29 21:00:00,29.737
2009-05-29 22:00:00,31.8386
2009-05-29 23:00:00,33.3602
2009-05-30 00:00:00,59.2221
2009-05-30 01:00:00,61.6947
2009-05-30 02:00:00,63.2647
2009-05-30 03:00:00,64.8206
2009-05-30 04:00:00,64.7585
2009-05-30 05:00:00,60.7235
2009-05-30 06:00:00,53.3158
2009-05-30 07:00:00,45.9256
2009-05-30 08:00:00,36.6928
2009-05-30 09:00:00,20.3302
2009-05-30 10:00:00,12.147
2009-05-30 11:00:00,8.4747
2009-05-30 12:00:00,7.5766
2009-05-30 13:00:00,6.5226
2009-05-30 14:00:00,7.6456
2009-05-30 15:00:00,8.3459
2009-05-30 16:00:00,7.6324
2009-05-30 17:00:00,9.1582
2009-05-30 18:00:00,13.6794
2009-05-30 19:00:00,28.9539
2009-05-30 20:00:00,40.0035
2009-05-30 21:00:00,47.2178
2009-05-30 22:00:00,51.3984
2009-05-30 23:00:00,54.4128
2009-05-31 00:00:00,58.7381
2009-05-31 01:00:00,62.0637
2009-05-31 02:00:00,64.7872
2009-05-31 03:00:00,67.1129
2009-05-31 04:00:00,67.7864
2009-05-31 05:00:00,62.2651
2009-05-31 06:00:00,53.7052
2009-05-31 07:00:00,47.0797
2009-05-31 08:00:00,33.2097
2009-05-31 09:00:00,17.7143
2009-05-31 10:00:00,12.5014
2009-05-31 11:00:00,8.5663
2009-05-31 12:00:00,8.382
2009-05-31 13:00:00,7.7147
2009-05-31 14:00:00,5.1889
2009-05-31 15:00:00,6.4179
2009-05-31 16:00:00,8.4978
2009-05-31 17:00:00,10.194
2009-05-31 18:00:00,13.1823
2009-05-31 19:00:00,28.034
2009-05-31 20:00:00,43.7623
2009-05-31 21:00:00,49.8881
2009-05-31 22:00:00,52.1105
2009-05-31 23:00:00,55.3603
2009-06-01 00:00:00,0.0
2009-06-01 01:00:00,0.0
2009-06-01 02:00:00,0.0
2009-06-01 03:00:00,0.0
2009-06-01 04:00:00,0.0
2009-06-01 05:00:00,0.0
2009-06-01 06:00:00,0.0
2009-06-01 07:00:00,0.0
2009-06-01 08:00:00,0.0
2009-06-01 09:00:00,0.0
2009-06-01 10:00:00,0.0
2009-06-01 11:00:00,0.0
2009-06-01 12:00:00,0.0
2009-06-01 13:00:00,0.0
2009-06-01 14:00:00,0.0
2009-06-01 15:00:00,0.0
2009-06-01 16:00:00,0.0
2009-06-01 17:00:00,0.0
2009-06-01 18:00:00,0.0
2009-06-01 19:00:00,0.0
2009-06-01 20:00:00,0.0
2009-06-01 21:00:00,0.0
2009-06-01 22:00:00,0.0
2009-06-01 23:00:00,0.0
2009-06-02 00:00:00,0.0
2009-06-02 01:00:00,0.0
2009-06-02 02:00:00,0.0
2009-06-02 03:00:00,0.0
2009-06-02 04:00:00,0.0
2009-06-02 05:00:00,0.0
2009-06-02 06:00:00,0.0
2009-06-02 07:00:00,0.0
2009-06-02 08:00:00,0.0
2009-06-02 09:00:00,0.0
2009-06-02 10:00:00,0.0
2009-06-02 11:00:00,0.0
2009-06-02 12:00:00,0.0
2009-06-02 13:00:00,0.0
2009-06-02 14:00:00,0.0
2009-06-02 15:00:00,0.0
2009-06-02 16:00:00,0.0
2009-06-02 17:00:00,0.0
2009-06-02 18:00:00,0.0
2009-06-02 19:00:00,0.0
2009-06-02 20:00:00,0.0
2009-06-02 21:00:00,0.0
2009-06-02 22:00:00,0.0
2009-06-02 23:00:00,0.0
2009-06-03 00:00:00,0.0
2009-06-03 01:00:00,0.0
2009-06-03 02:00:00,0.0
2009-06-03 03:00:00,0.0
2009-06-03 04:00:00,0.0
2009-06-03 05:00:00,0.0
2009-06-03 06:00:00,0.0
2009-06-03 07:00:00,0.0
2009-06-03 08:00:00,0.0
2009-06-03 09:00:00,0.0
2009-06-03 10:00:00,0.0
2009-06-03 11:00:00,0.0
2009-06-03 12:00:00,0.0
2009-06-03 13:00:00,0.0
2009-06-03 14:00:00,0.0
2009-06-03 15:00:00,0.0
2009-06-03 16:00:00,0.0
2009-06-03 17:00:00,0.0
2009-06-03 18:00:00,0.0
2009-06-03 19:00:00,0.0
2009-06-03 20:00:00,0.0
2009-06-03 21:00:00,0.0
2009-06-03 22:00:00,0.0
2009-06-03 23:00:00,0.0
2009-06-04 00:00:00,0.0
2009-06-04 01:00:00,0.0
2009-06-04 02:00:00,0.0
2009-06-04 03:00:00,0.0
2009-06-04 04:00:00,0.0
2009-06-04 05:00:00,0.0
2009-06-04 06:00:00,0.0
2009-06-04 07:00:00,0.0
2009-06-04 08:00:00,0.0
2009-06-04 09:00:00,0.0
2009-06-04 10:00:00,0.0
2009-06-04 11:00:00,0.0
2009-06-04 12:00:00,0.0
2009-06-04 13:00:00,0.0
2009-06-04 14:00:00,0.0
2009-06-04 15:00:00,0.0
2009-06-04 16:00:00,0.0
2009-06-04 17:00:00,0.0
2009-06-04 18:00:00,0.0
2009-06-04 19:00:00,0.0
2009-06-04 20:00:00,0.0
2009-06-04 21:00:00,0.0
2009-06-04 22:00:00,0.0
2009-06-04 23:00:00,0.0
2009-06-05 00:00:00,0.0
2009-06-05 01:00:00,0.0
2009-06-05 02:00:00,0.0
2009-06-05 03:00:00,0.0
2009-06-05 04:00:00,0.0
2009-06-05 05:00:00,0.0
2009-06-05 06:00:00,0.0
2009-06-05 07:00:00,0.0
2009-06-05 08:00:00,0.0
2009-06-05 09:00:00,0.0
2009-06-05 10:00:00,0.0
2009-06-05 11:00:00,0.0
2009-06-05 12:00:00,0.0
2009-06-05 13:00:00,0.0
2009-06-05 14:00:00,0.0
2009-06-05 15:00:00,0.0
2009-06-05 16:00:00,0.0
2009-06-05 17:00:00,0.0
2009-06-05 18:00:00,0.0
2009-06-05 19:00:00,0.0
2009-06-05 20:00:00,0.0
2009-06-05 21:00:00,0.0
2009-06-05 22:00:00,0.0
2009-06-05 23:00:00,0.0
2009-06-06 00:00:00,0.0
2009-06-06 01:00:00,0.0
2009-06-06 02:00:00,0.0
2009-06-06 03:00:00,0.0
2009-06-06 04:00:00,0.0
2009-06-06 05:00:00,0.0
2009-06-06 06:00:00,0.0
2009-06-06 07:00:00,0.0
2009-06-06 08:00:00,0.0
2009-06-06 09:00:00,0.0
2009-06-06 10:00:00,0.0
2009-06-06 11:00:00,0.0
2009-06-06 12:00:00,0.0
2009-06-06 13:00:00,0.0
2009-06-06 14:00:00,0.0
2009-06-06 15:00:00,0.0
2009-06-06 16:00:00,0.0
2009-06-06 17:00:00,0.0
2009-06-06 18:00:00,0.0
2009-06-06 19:00:00,0.0
2009-06-06 20:00:00,0.0
2009-06-06 21:00:00,0.0
2009-06-06 22:00:00,0.0
2009-06-06 23:00:00,0.0
2009-06-07 00:00:00,0.0
2009-06-07 01:00:00,0.0
2009-06-07 02:00:00,0.0
2009-06-07 03:00:00,0.0
2009-06-07 04:00:00,0.0
2009-06-07 05:00:00,0.0
2009-06-07 06:00:00,0.0
2009-06-07 07:00:00,0.0
2009-06-07 08:00:00,0.0
2009-06-07 09:00:00,0.0
2009-06-07 10:00:00,0.0
2009-06-07 11:00:00,0.0
2009-06-07 12:00:00,0.0
2009-06-07 13:00:00,0.0
2009-06-07 14:00:00,0.0
2009-06-07 15:00:00,0.0
2009-06-07 16:00:00,0.0
2009-06-07 17:00:00,0.0
2009-06-07 18:00:00,0.0
2009-06-07 19:00:00,0.0
2009-06-07 20:00:00,0.0
2009-06-07 21:00:00,0.0
2009-06-07 22:00:00,0.0
2009-06-07 23:00:00,0.0
2009-06-08 00:00:00,0.0
2009-06-08 01:00:00,0.0
2009-06-08 02:00:00,0.0
2009-06-08 03:00:00,0.0
2009-06-08 04:00:00,0.0
2009-06-08 05:00:00,0.0
2009-06-08 06:00:00,0.0
2009-06-08 07:00:00,0.0
2009-06-08 08:00:00,0.0
2009-06-08 09:00:00,0.0
2009-06-08 10:00:00,0.0
2009-06-08 11:00:00,0.0
2009-06-08 12:00:00,0.0
2009-06-08 13:00:00,0.0
2009-06-08 14:00:00,0.0
2009-06-08 15:00:00,0.0
2009-06-08 16:00:00,0.0
2009-06-08 17:00:00,0.0
2009-06-08 18:00:00,0.0
2009-06-08 19:00:00,0.0
2009-06-08 20:00:00,0.0
2009-06-08 21:00:00,0.0
2009-06-08 22:00:00,0.0
2009-06-08 23:00:00,0.0
2009-06-09 00:00:00,0.0
2009-06-09 01:00:00,0.0
2009-06-09 02:00:00,0.0
2009-06-09 03:00:00,0.0
2009-06-09 04:00:00,0.0
2009-06-09 05:00:00,0.0
2009-06-09 06:00:00,0.0
2009-06-09 07:00:00,0.0
2009-06-09 08:00:00,0.0
2009-06-09 09:00:00,0.0
2009-06-09 10:00:00,0.0
2009-06-09 11:00:00,0.0
2009-06-09 12:00:00,0.0
2009-06-09 13:00:00,0.0
2009-06-09 14:00:00,0.0
2009-06-09 15:00:00,0.0
2009-06-09 16:00:00,0.0
2009-06-09 17:00:00,0.0
2009-06-09 18:00:00,0.0
2009-06-09 19:00:00,0.0
2009-06-09 20:00:00,0.0
2009-06-09 21:00:00,0.0
2009-06-09 22:00:00,0.0
2009-06-09 23:00:00,0.0
2009-06-10 00:00:00,0.0
2009-06-10 01:00:00,0.0
2009-06-10 02:00:00,0.0
2009-06-10 03:00:00,0.0
2009-06-10 04:00:00,0.0
2009-06-10 05:00:00,0.0
2009-06-10 06:00:00,0.0
2009-06-10 07:00:00,0.0
2009-06-10 08:00:00,0.0
2009-06-10 09:00:00,0.0
2009-06-10 10:00:00,0.0
2009-06-10 11:00:00,0.0
2009-06-10 12:00:00,0.0
2009-06-10 13:00:00,0.0
2009-06-10 14:00:00,0.0
2009-06-10 15:00:00,0.0
2009-06-10 16:00:00,0.0
2009-06-10 17:00:00,0.0
2009-06-10 18:00:00,0.0
2009-06-10 19:00:00,0.0
2009-06-10 20:00:00,0.0
2009-06-10 21:00:00,0.0
2009-06-10 22:00:00,0.0
2009-06-10 23:00:00,0.0
2009-06-11 00:00:00,0.0
2009-06-11 01:00:00,0.0
2009-06-11 02:00:00,0.0
2009-06-11 03:00:00,0.0
2009-06-11 04:00:00,0.0
2009-06-11 05:00:00,0.0
2009-06-11 06:00:00,0.0
2009-06-11 07:00:00,0.0
2009-06-11 08:00:00,0.0
2009-06-11 09:00:00,0.0
2009-06-11 10:00:00,0.0
2009-06-11 11:00:00,0.0
2009-06-11 12:00:00,0.0
2009-06-11 13:00:00,0.0
2009-06-11 14:00:00,0.0
2009-06-11 15:00:00,0.0
2009-06-11 16:00:00,0.0
2009-06-11 17:00:00,0.0
2009-06-11 18:00:00,0.0
2009-06-11 19:00:00,0.0
2009-06-11 20:00:00,0.0
2009-06-11 21:00:00,0.0
2009-06-11 22:00:00,0.0
2009-06-11 23:00:00,0.0
2009-06-12 00:00:00,0.0
2009-06-12 01:00:00,0.0
2009-06-12 02:00:00,0.0
2009-06-12 03:00:00,0.0
2009-06-12 04:00:00,0.0
2009-06-12 05:00:00,0.0
2009-06-12 06:00:00,0.0
2009-06-12 07:00:00,0.0
2009-06-12 08:00:00,0.0
2009-06-12 09:00:00,0.0
2009-06-12 10:00:00,0.0
2009-06-12 11:00:00,0.0
2009-06-12 12:00:00,0.0
2009-06-12 13:00:00,0.0
2009-06-12 14:00:00,0.0
2009-06-12 15:00:00,0.0
2009-06-12 16:00:00,0.0
2009-06-12 17:00:00,0.0
2009-06-12 18:00:00,0.0
2009-06-12 19:00:00,0.0
2009-06-12 20:00:00,0.0
2009-06-12 21:00:00,0.0
2009-06-12 22:00:00,0.0
2009-06-12 23:00:00,0.0
2009-06-13 00:00:00,0.0
2009-06-13 01:00:00,0.0
2009-06-13 02:00:00,0.0
2009-06-13 03:00:00,0.0
2009-06-13 04:00:00,0.0
2009-06-13 05:00:00,0.0
2009-06-13 06:00:00,0.0
2009-06-13 07:00:00,0.0
2009-06-13 08:00:00,0.0
2009-06-13 09:00:00,0.0
2009-06-13 10:00:00,0.0
2009-06-13 11:00:00,0.0
2009-06-13 12:00:00,0.0
2009-06-13 13:00:00,0.0
2009-06-13 14:00:00,0.0
2009-06-13 15:00:00,0.0
2009-06-13 16:00:00,0.0
2009-06-13 17:00:00,0.0
2009-06-13 18:00:00,0.0
2009-06-13 19:00:00,0.0
2009-06-13 20:00:00,0.0
2009-06-13 21:00:00,0.0
2009-06-13 22:00:00,0.0
2009-06-13 23:00:00,0.0
2009-06-14 00:00:00,0.0
2009-06-14 01:00:00,0.0
2009-06-14 02:00:00,0.0
2009-06-14 03:00:00,0.0
2009-06-14 04:00:00,0.0
2009-06-14 05:00:00,0.0
2009-06-14 06:00:00,0.0
2009-06-14 07:00:00,0.0
2009-06-14 08:00:00,0.0
2009-06-14 09:00:00,0.0
2009-06-14 10:00:00,0.0
2009-06-14 11:00:00,0.0
2009-06-14 12:00:00,0.0
2009-06-14 13:00:00,0.0
2009-06-14 14:00:00,0.0
2009-06-14 15:00:00,0.0
2009-06-14 16:00:00,0.0
2009-06-14 17:00:00,0.0
2009-06-14 18:00:00,0.0
2009-06-14 19:00:00,0.0
2009-06-14 20:00:00,0.0
2009-06-14 21:00:00,0.0
2009-06-14 22:00:00,0.0
2009-06-14 23:00:00,0.0
2009-06-15 00:00:00,0.0
2009-06-15 01:00:00,0.0
2009-06-15 02:00:00,0.0
2009-06-15 03:00:00,0.0
2009-06-15 04:00:00,0.0
2009-06-15 05:00:00,0.0
2009-06-15 06:00:00,0.0
2009-06-15 07:00:00,0.0
2009-06-15 08:00:00,0.0
2009-06-15 09:00:00,0.0
2009-06-15 10:00:00,0.0
2009-06-15 11:00:00,0.0
2009-06-15 12:00:00,0.0
2009-06-15 13:00:00,0.0
2009-06-15 14:00:00,0.0
2009-06-15 15:00:00,0.0
2009-06-15 16:00:00,0.0
2009-06-15 17:00:00,0.0
2009-06-15 18:00:00,0.0
2009-06-15 19:00:00,0.0
2009-06-15 20:00:00,0.0
2009-06-15 21:00:00,0.0
2009-06-15 22:00:00,0.0
2009-06-15 23:00:00,0.0
2009-06-16 00:00:00,0.0
2009-06-16 01:00:00,0.0
2009-06-16 02:00:00,0.0
2009-06-16 03:00:00,0.0
2009-06-16 04:00:00,0.0
2009-06-16 05:00:00,0.0
2009-06-16 06:00:00,0.0
2009-06-16 07:00:00,0.0
2009-06-16 08:00:00,0.0
2009-06-16 09:00:00,0.0
2009-06-16 10:00:00,0.0
2009-06-16 11:00:00,0.0
2009-06-16 12:00:00,0.0
2009-06-16 13:00:00,0.0
2009-06-16 14:00:00,0.0
2009-06-16 15:00:00,0.0
2009-06-16 16:00:00,0.0
2009-06-16 17:00:00,0.0
2009-06-16 18:00:00,0.0
2009-06-16 19:00:00,0.0
2009-06-16 20:00:00,0.0
2009-06-16 21:00:00,0.0
2009-06-16 22:00:00,0.0
2009-06-16 23:00:00,0.0
2009-06-17 00:00:00,0.0
2009-06-17 01:00:00,0.0
2009-06-17 02:00:00,0.0
2009-06-17 03:00:00,0.0
2009-06-17 04:00:00,0.0
2009-06-17 05:00:00,0.0
2009-06-17 06:00:00,0.0
2009-06-17 07:00:00,0.0
2009-06-17 08:00:00,0.0
2009-06-17 09:00:00,0.0
2009-06-17 10:00:00,0.0
2009-06-17 11:00:00,0.0
2009-06-17 12:00:00,0.0
2009-06-17 13:00:00,0.0
2009-06-17 14:00:00,0.0
2009-06-17 15:00:00,0.0
2009-06-17 16:00:00,0.0
2009-06-17 17:00:00,0.0
2009-06-17 18:00:00,0.0
2009-06-17 19:00:00,0.0
2009-06-17 20:00:00,0.0
2009-06-17 21:00:00,0.0
2009-06-17 22:00:00,0.0
2009-06-17 23:00:00,0.0
2009-06-18 00:00:00,0.0
2009-06-18 01:00:00,0.0
2009-06-18 02:00:00,0.0
2009-06-18 03:00:00,0.0
2009-06-18 04:00:00,0.0
2009-06-18 05:00:00,0.0
2009-06-18 06:00:00,0.0
2009-06-18 07:00:00,0.0
2009-06-18 08:00:00,0.0
2009-06-18 09:00:00,0.0
2009-06-18 10:00:00,0.0
2009-06-18 11:00:00,0.0
2009-06-18 12:00:00,0.0
2009-06-18 13:00:00,0.0
2009-06-18 14:00:00,0.0
2009-06-18 15:00:00,0.0
2009-06-18 16:00:00,0.0
2009-06-18 17:00:00,0.0
2009-06-18 18:00:00,0.0
2009-06-18 19:00:00,0.0
2009-06-18 20:00:00,0.0
2009-06-18 21:00:00,0.0
2009-06-18 22:00:00,0.0
2009-06-18 23:00:00,0.0
2009-06-19 00:00:00,0.0
2009-06-19 01:00:00,0.0
2009-06-19 02:00:00,0.0
2009-06-19 03:00:00,0.0
2009-06-19 04:00:00,0.0
2009-06-19 05:00:00,0.0
2009-06-19 06:00:00,0.0
2009-06-19 07:00:00,0.0
2009-06-19 08:00:00,0.0
2009-06-19 09:00:00,0.0
2009-06-19 10:00:00,0.0
2009-06-19 11:00:00,0.0
2009-06-19 12:00:00,0.0
2009-06-19 13:00:00,0.0
2009-06-19 14:00:00,0.0
2009-06-19 15:00:00,0.0
2009-06-19 16:00:00,0.0
2009-06-19 17:00:00,0.0
2009-06-19 18:00:00,0.0
2009-06-19 19:00:00,0.0
2009-06-19 20:00:00,0.0
2009-06-19 21:00:00,0.0
2009-06-19 22:00:00,0.0
2009-06-19 23:00:00,0.0
2009-06-20 00:00:00,0.0
2009-06-20 01:00:00,0.0
2009-06-20 02:00:00,0.0
2009-06-20 03:00:00,0.0
2009-06-20 04:00:00,0.0
2009-06-20 05:00:00,0.0
2009-06-20 06:00:00,0.0
2009-06-20 07:00:00,0.0
2009-06-20 08:00:00,0.0
2009-06-20 09:00:00,0.0
2009-06-20 10:00:00,0.0
2009-06-20 11:00:00,0.0
2009-06-20 12:00:00,0.0
2009-06-20 13:00:00,0.0
2009-06-20 14:00:00,0.0
2009-06-20 15:00:00,0.0
2009-06-20 16:00:00,0.0
2009-06-20 17:00:00,0.0
2009-06-20 18:00:00,0.0
2009-06-20 19:00:00,0.0
2009-06-20 20:00:00,0.0
2009-06-20 21:00:00,0.0
2009-06-20 22:00:00,0.0
2009-06-20 23:00:00,0.0
2009-06-21 00:00:00,0.0
2009-06-21 01:00:00,0.0
2009-06-21 02:00:00,0.0
2009-06-21 03:00:00,0.0
2009-06-21 04:00:00,0.0
2009-06-21 05:00:00,0.0
2009-06-21 06:00:00,0.0
2009-06-21 07:00:00,0.0
2009-06-21 08:00:00,0.0
2009-06-21 09:00:00,0.0
2009-06-21 10:00:00,0.0
2009-06-21 11:00:00,0.0
2009-06-21 12:00:00,0.0
2009-06-21 13:00:00,0.0
2009-06-21 14:00:00,0.0
2009-06-21 15:00:00,0.0
2009-06-21 16:00:00,0.0
2009-06-21 17:00:00,0.0
2009-06-21 18:00:00,0.0
2009-06-21 19:00:00,0.0
2009-06-21 20:00:00,0.0
2009-06-21 21:00:00,0.0
2009-06-21 22:00:00,0.0
2009-06-21 23:00:00,0.0
2009-06-22 00:00:00,0.0
2009-06-22 01:00:00,0.0
2009-06-22 02:00:00,0.0
2009-06-22 03:00:00,0.0
2009-06-22 04:00:00,0.0
2009-06-22 05:00:00,0.0
2009-06-22 06:00:00,0.0
2009-06-22 07:00:00,0.0
2009-06-22 08:00:00,0.0
2009-06-22 09:00:00,0.0
2009-06-22 10:00:00,0.0
2009-06-22 11:00:00,0.0
2009-06-22 12:00:00,0.0
2009-06-22 13:00:00,0.0
2009-06-22 14:00:00,0.0
2009-06-22 15:00:00,0.0
2009-06-22 16:00:00,0.0
2009-06-22 17:00:00,0.0
2009-06-22 18:00:00,0.0
2009-06-22 19:00:00,0.0
2009-06-22 20:00:00,0.0
2009-06-22 21:00:00,0.0
2009-06-22 22:00:00,0.0
2009-06-22 23:00:00,0.0
2009-06-23 00:00:00,0.0
2009-06-23 01:00:00,0.0
2009-06-23 02:00:00,0.0
2009-06-23 03:00:00,0.0
2009-06-23 04:00:00,0.0
2009-06-23 05:00:00,0.0
2009-06-23 06:00:00,0.0
2009-06-23 07:00:00,0.0
2009-06-23 08:00:00,0.0
2009-06-23 09:00:00,0.0
2009-06-23 10:00:00,0.0
2009-06-23 11:00:00,0.0
2009-06-23 12:00:00,0.0
2009-06-23 13:00:00,0.0
2009-06-23 14:00:00,0.0
2009-06-23 15:00:00,0.0
2009-06-23 16:00:00,0.0
2009-06-23 17:00:00,0.0
2009-06-23 18:00:00,0.0
2009-06-23 19:00:00,0.0
2009-06-23 20:00:00,0.0
2009-06-23 21:00:00,0.0
2009-06-23 22:00:00,0.0
2009-06-23 23:00:00,0.0
2009-06-24 00:00:00,0.0
2009-06-24 01:00:00,0.0
2009-06-24 02:00:00,0.0
2009-06-24 03:00:00,0.0
2009-06-24 04:00:00,0.0
2009-06-24 05:00:00,0.0
2009-06-24 06:00:00,0.0
2009-06-24 07:00:00,0.0
2009-06-24 08:00:00,0.0
2009-06-24 09:00:00,0.0
2009-06-24 10:00:00,0.0
2009-06-24 11:00:00,0.0
2009-06-24 12:00:00,0.0
2009-06-24 13:00:00,0.0
2009-06-24 14:00:00,0.0
2009-06-24 15:00:00,0.0
2009-06-24 16:00:00,0.0
2009-06-24 17:00:00,0.0
2009-06-24 18:00:00,0.0
2009-06-24 19:00:00,0.0
2009-06-24 20:00:00,0.0
2009-06-24 21:00:00,0.0
2009-06-24 22:00:00,0.0
2009-06-24 23:00:00,0.0
2009-06-25 00:00:00,0.0
2009-06-25 01:00:00,0.0
2009-06-25 02:00:00,0.0
2009-06-25 03:00:00,0.0
2009-06-25 04:00:00,0.0
2009-06-25 05:00:00,0.0
2009-06-25 06:00:00,0.0
2009-06-25 07:00:00,0.0
2009-06-25 08:00:00,0.0
2009-06-25 09:00:00,0.0
2009-06-25 10:00:00,0.0
2009-06-25 11:00:00,0.0
2009-06-25 12:00:00,0.0
2009-06-25 13:00:00,0.0
2009-06-25 14:00:00,0.0
2009-06-25 15:00:00,0.0
2009-06-25 16:00:00,0.0
2009-06-25 17:00:00,0.0
2009-06-25 18:00:00,0.0
2009-06-25 19:00:00,0.0
2009-06-25 20:00:00,0.0
2009-06-25 21:00:00,0.0
2009-06-25 22:00:00,0.0
2009-06-25 23:00:00,0.0
2009-06-26 00:00:00,0.0
2009-06-26 01:00:00,0.0
2009-06-26 02:00:00,0.0
2009-06-26 03:00:00,0.0
2009-06-26 04:00:00,0.0
2009-06-26 05:00:00,0.0
2009-06-26 06:00:00,0.0
2009-06-26 07:00:00,0.0
2009-06-26 08:00:00,0.0
2009-06-26 09:00:00,0.0
2009-06-26 10:00:00,0.0
2009-06-26 11:00:00,0.0
2009-06-26 12:00:00,0.0
2009-06-26 13:00:00,0.0
2009-06-26 14:00:00,0.0
2009-06-26 15:00:00,0.0
2009-06-26 16:00:00,0.0
2009-06-26 17:00:00,0.0
2009-06-26 18:00:00,0.0
2009-06-26 19:00:00,0.0
2009-06-26 20:00:00,0.0
2009-06-26 21:00:00,0.0
2009-06-26 22:00:00,0.0
2009-06-26 23:00:00,0.0
2009-06-27 00:00:00,0.0
2009-06-27 01:00:00,0.0
2009-06-27 02:00:00,0.0
2009-06-27 03:00:00,0.0
2009-06-27 04:00:00,0.0
2009-06-27 05:00:00,0.0
2009-06-27 06:00:00,0.0
2009-06-27 07:00:00,0.0
2009-06-27 08:00:00,0.0
2009-06-27 09:00:00,0.0
2009-06-27 10:00:00,0.0
2009-06-27 11:00:00,0.0
2009-06-27 12:00:00,0.0
2009-06-27 13:00:00,0.0
2009-06-27 14:00:00,0.0
2009-06-27 15:00:00,0.0
2009-06-27 16:00:00,0.0
2009-06-27 17:00:00,0.0
2009-06-27 18:00:00,0.0
2009-06-27 19:00:00,0.0
2009-06-27 20:00:00,0.0
2009-06-27 21:00:00,0.0
2009-06-27 22:00:00,0.0
2009-06-27 23:00:00,0.0
2009-06-28 00:00:00,0.0
2009-06-28 01:00:00,0.0
2009-06-28 02:00:00,0.0
2009-06-28 03:00:00,0.0
2009-06-28 04:00:00,0.0
2009-06-28 05:00:00,0.0
2009-06-28 06:00:00,0.0
2009-06-28 07:00:00,0.0
2009-06-28 08:00:00,0.0
2009-06-28 09:00:00,0.0
2009-06-28 10:00:00,0.0
2009-06-28 11:00:00,0.0
2009-06-28 12:00:00,0.0
2009-06-28 13:00:00,0.0
2009-06-28 14:00:00,0.0
2009-06-28 15:00:00,0.0
2009-06-28 16:00:00,0.0
2009-06-28 17:00:00,0.0
2009-06-28 18:00:00,0.0
2009-06-28 19:00:00,0.0
2009-06-28 20:00:00,0.0
2009-06-28 21:00:00,0.0
2009-06-28 22:00:00,0.0
2009-06-28 23:00:00,0.0
2009-06-29 00:00:00,0.0
2009-06-29 01:00:00,0.0
2009-06-29 02:00:00,0.0
2009-06-29 03:00:00,0.0
2009-06-29 04:00:00,0.0
2009-06-29 05:00:00,0.0
2009-06-29 06:00:00,0.0
2009-06-29 07:00:00,0.0
2009-06-29 08:00:00,0.0
2009-06-29 09:00:00,0.0
2009-06-29 10:00:00,0.0
2009-06-29 11:00:00,0.0
2009-06-29 12:00:00,0.0
2009-06-29 13:00:00,0.0
2009-06-29 14:00:00,0.0
2009-06-29 15:00:00,0.0
2009-06-29 16:00:00,0.0
2009-06-29 17:00:00,0.0
2009-06-29 18:00:00,0.0
2009-06-29 19:00:00,0.0
2009-06-29 20:00:00,0.0
2009-06-29 21:00:00,0.0
2009-06-29 22:00:00,0.0
2009-06-29 23:00:00,0.0
2009-06-30 00:00:00,0.0
2009-06-30 01:00:00,0.0
2009-06-30 02:00:00,0.0
2009-06-30 03:00:00,0.0
2009-06-30 04:00:00,0.0
2009-06-30 05:00:00,0.0
2009-06-30 06:00:00,0.0
2009-06-30 07:00:00,0.0
2009-06-30 08:00:00,0.0
2009-06-30 09:00:00,0.0
2009-06-30 10:00:00,0.0
2009-06-30 11:00:00,0.0
2009-06-30 12:00:00,0.0
2009-06-30 13:00:00,0.0
2009-06-30 14:00:00,0.0
2009-06-30 15:00:00,0.0
2009-06-30 16:00:00,0.0
2009-06-30 17:00:00,0.0
2009-06-30 18:00:00,0.0
2009-06-30 19:00:00,0.0
2009-06-30 20:00:00,0.0
2009-06-30 21:00:00,0.0
2009-06-30 22:00:00,0.0
2009-06-30 23:00:00,0.0
2009-07-01 00:00:00,0.0
2009-07-01 01:00:00,0.0
2009-07-01 02:00:00,0.0
2009-07-01 03:00:00,0.0
2009-07-01 04:00:00,0.0
2009-07-01 05:00:00,0.0
2009-07-01 06:00:00,0.0
2009-07-01 07:00:00,0.0
2009-07-01 08:00:00,0.0
2009-07-01 09:00:00,0.0
2009-07-01 10:00:00,0.0
2009-07-01 11:00:00,0.0
2009-07-01 12:00:00,0.0
2009-07-01 13:00:00,0.0
2009-07-01 14:00:00,0.0
2009-07-01 15:00:00,0.0
2009-07-01 16:00:00,0.0
2009-07-01 17:00:00,0.0
2009-07-01 18:00:00,0.0
2009-07-01 19:00:00,0.0
2009-07-01 20:00:00,0.0
2009-07-01 21:00:00,0.0
2009-07-01 22:00:00,0.0
2009-07-01 23:00:00,0.0
2009-07-02 00:00:00,0.0
2009-07-02 01:00:00,0.0
2009-07-02 02:00:00,0.0
2009-07-02 03:00:00,0.0
2009-07-02 04:00:00,0.0
2009-07-02 05:00:00,0.0
2009-07-02 06:00:00,0.0
2009-07-02 07:00:00,0.0
2009-07-02 08:00:00,0.0
2009-07-02 09:00:00,0.0
2009-07-02 10:00:00,0.0
2009-07-02 11:00:00,0.0
2009-07-02 12:00:00,0.0
2009-07-02 13:00:00,0.0
2009-07-02 14:00:00,0.0
2009-07-02 15:00:00,0.0
2009-07-02 16:00:00,0.0
2009-07-02 17:00:00,0.0
2009-07-02 18:00:00,0.0
2009-07-02 19:00:00,0.0
2009-07-02 20:00:00,0.0
2009-07-02 21:00:00,0.0
2009-07-02 22:00:00,0.0
2009-07-02 23:00:00,0.0
2009-07-03 00:00:00,0.0
2009-07-03 01:00:00,0.0
2009-07-03 02:00:00,0.0
2009-07-03 03:00:00,0.0
2009-07-03 04:00:00,0.0
2009-07-03 05:00:00,0.0
2009-07-03 06:00:00,0.0
2009-07-03 07:00:00,0.0
2009-07-03 08:00:00,0.0
2009-07-03 09:00:00,0.0
2009-07-03 10:00:00,0.0
2009-07-03 11:00:00,0.0
2009-07-03 12:00:00,0.0
2009-07-03 13:00:00,0.0
2009-07-03 14:00:00,0.0
2009-07-03 15:00:00,0.0
2009-07-03 16:00:00,0.0
2009-07-03 17:00:00,0.0
2009-07-03 18:00:00,0.0
2009-07-03 19:00:00,0.0
2009-07-03 20:00:00,0.0
2009-07-03 21:00:00,0.0
2009-07-03 22:00:00,0.0
2009-07-03 23:00:00,0.0
2009-07-04 00:00:00,0.0
2009-07-04 01:00:00,0.0
2009-07-04 02:00:00,0.0
2009-07-04 03:00:00,0.0
2009-07-04 04:00:00,0.0
2009-07-04 05:00:00,0.0
2009-07-04 06:00:00,0.0
2009-07-04 07:00:00,0.0
2009-07-04 08:00:00,0.0
2009-07-04 09:00:00,0.0
2009-07-04 10:00:00,0.0
2009-07-04 11:00:00,0.0
2009-07-04 12:00:00,0.0
2009-07-04 13:00:00,0.0
2009-07-04 14:00:00,0.0
2009-07-04 15:00:00,0.0
2009-07-04 16:00:00,0.0
2009-07-04 17:00:00,0.0
2009-07-04 18:00:00,0.0
2009-07-04 19:00:00,0.0
2009-07-04 20:00:00,0.0
2009-07-04 21:00:00,0.0
2009-07-04 22:00:00,0.0
2009-07-04 23:00:00,0.0
2009-07-05 00:00:00,0.0
2009-07-05 01:00:00,0.0
2009-07-05 02:00:00,0.0
2009-07-05 03:00:00,0.0
2009-07-05 04:00:00,0.0
2009-07-05 05:00:00,0.0
2009-07-05 06:00:00,0.0
2009-07-05 07:00:00,0.0
2009-07-05 08:00:00,0.0
2009-07-05 09:00:00,0.0
2009-07-05 10:00:00,0.0
2009-07-05 11:00:00,0.0
2009-07-05 12:00:00,0.0
2009-07-05 13:00:00,0.0
2009-07-05 14:00:00,0.0
2009-07-05 15:00:00,0.0
2009-07-05 16:00:00,0.0
2009-07-05 17:00:00,0.0
2009-07-05 18:00:00,0.0
2009-07-05 19:00:00,0.0
2009-07-05 20:00:00,0.0
2009-07-05 21:00:00,0.0
2009-07-05 22:00:00,0.0
2009-07-05 23:00:00,0.0
2009-07-06 00:00:00,0.0
2009-07-06 01:00:00,0.0
2009-07-06 02:00:00,0.0
2009-07-06 03:00:00,0.0
2009-07-06 04:00:00,0.0
2009-07-06 05:00:00,0.0
2009-07-06 06:00:00,0.0
2009-07-06 07:00:00,0.0
2009-07-06 08:00:00,0.0
2009-07-06 09:00:00,0.0
2009-07-06 10:00:00,0.0
2009-07-06 11:00:00,0.0
2009-07-06 12:00:00,0.0
2009-07-06 13:00:00,0.0
2009-07-06 14:00:00,0.0
2009-07-06 15:00:00,0.0
2009-07-06 16:00:00,0.0
2009-07-06 17:00:00,0.0
2009-07-06 18:00:00,0.0
2009-07-06 19:00:00,0.0
2009-07-06 20:00:00,0.0
2009-07-06 21:00:00,0.0
2009-07-06 22:00:00,0.0
2009-07-06 23:00:00,0.0
2009-07-07 00:00:00,0.0
2009-07-07 01:00:00,0.0
2009-07-07 02:00:00,0.0
2009-07-07 03:00:00,0.0
2009-07-07 04:00:00,0.0
2009-07-07 05:00:00,0.0
2009-07-07 06:00:00,0.0
2009-07-07 07:00:00,0.0
2009-07-07 08:00:00,0.0
2009-07-07 09:00:00,0.0
2009-07-07 10:00:00,0.0
2009-07-07 11:00:00,0.0
2009-07-07 12:00:00,0.0
2009-07-07 13:00:00,0.0
2009-07-07 14:00:00,0.0
2009-07-07 15:00:00,0.0
2009-07-07 16:00:00,0.0
2009-07-07 17:00:00,0.0
2009-07-07 18:00:00,0.0
2009-07-07 19:00:00,0.0
2009-07-07 20:00:00,0.0
2009-07-07 21:00:00,0.0
2009-07-07 22:00:00,0.0
2009-07-07 23:00:00,0.0
2009-07-08 00:00:00,0.0
2009-07-08 01:00:00,0.0
2009-07-08 02:00:00,0.0
2009-07-08 03:00:00,0.0
2009-07-08 04:00:00,0.0
2009-07-08 05:00:00,0.0
2009-07-08 06:00:00,0.0
2009-07-08 07:00:00,0.0
2009-07-08 08:00:00,0.0
2009-07-08 09:00:00,0.0
2009-07-08 10:00:00,0.0
2009-07-08 11:00:00,0.0
2009-07-08 12:00:00,0.0
2009-07-08 13:00:00,0.0
2009-07-08 14:00:00,0.0
2009-07-08 15:00:00,0.0
2009-07-08 16:00:00,0.0
2009-07-08 17:00:00,0.0
2009-07-08 18:00:00,0.0
2009-07-08 19:00:00,0.0
2009-07-08 20:00:00,0.0
2009-07-08 21:00:00,0.0
2009-07-08 22:00:00,0.0
2009-07-08 23:00:00,0.0
2009-07-09 00:00:00,0.0
2009-07-09 01:00:00,0.0
2009-07-09 02:00:00,0.0
2009-07-09 03:00:00,0.0
2009-07-09 04:00:00,0.0
2009-07-09 05:00:00,0.0
2009-07-09 06:00:00,0.0
2009-07-09 07:00:00,0.0
2009-07-09 08:00:00,0.0
2009-07-09 09:00:00,0.0
2009-07-09 10:00:00,0.0
2009-07-09 11:00:00,0.0
2009-07-09 12:00:00,0.0
2009-07-09 13:00:00,0.0
2009-07-09 14:00:00,0.0
2009-07-09 15:00:00,0.0
2009-07-09 16:00:00,0.0
2009-07-09 17:00:00,0.0
2009-07-09 18:00:00,0.0
2009-07-09 19:00:00,0.0
2009-07-09 20:00:00,0.0
2009-07-09 21:00:00,0.0
2009-07-09 22:00:00,0.0
2009-07-09 23:00:00,0.0
2009-07-10 00:00:00,0.0
2009-07-10 01:00:00,0.0
2009-07-10 02:00:00,0.0
2009-07-10 03:00:00,0.0
2009-07-10 04:00:00,0.0
2009-07-10 05:00:00,0.0
2009-07-10 06:00:00,0.0
2009-07-10 07:00:00,0.0
2009-07-10 08:00:00,0.0
2009-07-10 09:00:00,0.0
2009-07-10 10:00:00,0.0
2009-07-10 11:00:00,0.0
2009-07-10 12:00:00,0.0
2009-07-10 13:00:00,0.0
2009-07-10 14:00:00,0.0
2009-07-10 15:00:00,0.0
2009-07-10 16:00:00,0.0
2009-07-10 17:00:00,0.0
2009-07-10 18:00:00,0.0
2009-07-10 19:00:00,0.0
2009-07-10 20:00:00,0.0
2009-07-10 21:00:00,0.0
2009-07-10 22:00:00,0.0
2009-07-10 23:00:00,0.0
2009-07-11 00:00:00,0.0
2009-07-11 01:00:00,0.0
2009-07-11 02:00:00,0.0
2009-07-11 03:00:00,0.0
2009-07-11 04:00:00,0.0
2009-07-11 05:00:00,0.0
2009-07-11 06:00:00,0.0
2009-07-11 07:00:00,0.0
2009-07-11 08:00:00,0.0
2009-07-11 09:00:00,0.0
2009-07-11 10:00:00,0.0
2009-07-11 11:00:00,0.0
2009-07-11 12:00:00,0.0
2009-07-11 13:00:00,0.0
2009-07-11 14:00:00,0.0
2009-07-11 15:00:00,0.0
2009-07-11 16:00:00,0.0
2009-07-11 17:00:00,0.0
2009-07-11 18:00:00,0.0
2009-07-11 19:00:00,0.0
2009-07-11 20:00:00,0.0
2009-07-11 21:00:00,0.0
2009-07-11 22:00:00,0.0
2009-07-11 23:00:00,0.0
2009-07-12 00:00:00,0.0
2009-07-12 01:00:00,0.0
2009-07-12 02:00:00,0.0
2009-07-12 03:00:00,0.0
2009-07-12 04:00:00,0.0
2009-07-12 05:00:00,0.0
2009-07-12 06:00:00,0.0
2009-07-12 07:00:00,0.0
2009-07-12 08:00:00,0.0
2009-07-12 09:00:00,0.0
2009-07-12 10:00:00,0.0
2009-07-12 11:00:00,0.0
2009-07-12 12:00:00,0.0
2009-07-12 13:00:00,0.0
2009-07-12 14:00:00,0.0
2009-07-12 15:00:00,0.0
2009-07-12 16:00:00,0.0
2009-07-12 17:00:00,0.0
2009-07-12 18:00:00,0.0
2009-07-12 19:00:00,0.0
2009-07-12 20:00:00,0.0
2009-07-12 21:00:00,0.0
2009-07-12 22:00:00,0.0
2009-07-12 23:00:00,0.0
2009-07-13 00:00:00,0.0
2009-07-13 01:00:00,0.0
2009-07-13 02:00:00,0.0
2009-07-13 03:00:00,0.0
2009-07-13 04:00:00,0.0
2009-07-13 05:00:00,0.0
2009-07-13 06:00:00,0.0
2009-07-13 07:00:00,0.0
2009-07-13 08:00:00,0.0
2009-07-13 09:00:00,0.0
2009-07-13 10:00:00,0.0
2009-07-13 11:00:00,0.0
2009-07-13 12:00:00,0.0
2009-07-13 13:00:00,0.0
2009-07-13 14:00:00,0.0
2009-07-13 15:00:00,0.0
2009-07-13 16:00:00,0.0
2009-07-13 17:00:00,0.0
2009-07-13 18:00:00,0.0
2009-07-13 19:00:00,0.0
2009-07-13 20:00:00,0.0
2009-07-13 21:00:00,0.0
2009-07-13 22:00:00,0.0
2009-07-13 23:00:00,0.0
2009-07-14 00:00:00,0.0
2009-07-14 01:00:00,0.0
2009-07-14 02:00:00,0.0
2009-07-14 03:00:00,0.0
2009-07-14 04:00:00,0.0
2009-07-14 05:00:00,0.0
2009-07-14 06:00:00,0.0
2009-07-14 07:00:00,0.0
2009-07-14 08:00:00,0.0
2009-07-14 09:00:00,0.0
2009-07-14 10:00:00,0.0
2009-07-14 11:00:00,0.0
2009-07-14 12:00:00,0.0
2009-07-14 13:00:00,0.0
2009-07-14 14:00:00,0.0
2009-07-14 15:00:00,0.0
2009-07-14 16:00:00,0.0
2009-07-14 17:00:00,0.0
2009-07-14 18:00:00,0.0
2009-07-14 19:00:00,0.0
2009-07-14 20:00:00,0.0
2009-07-14 21:00:00,0.0
2009-07-14 22:00:00,0.0
2009-07-14 23:00:00,0.0
2009-07-15 00:00:00,0.0
2009-07-15 01:00:00,0.0
2009-07-15 02:00:00,0.0
2009-07-15 03:00:00,0.0
2009-07-15 04:00:00,0.0
2009-07-15 05:00:00,0.0
2009-07-15 06:00:00,0.0
2009-07-15 07:00:00,0.0
2009-07-15 08:00:00,0.0
2009-07-15 09:00:00,0.0
2009-07-15 10:00:00,0.0
2009-07-15 11:00:00,0.0
2009-07-15 12:00:00,0.0
2009-07-15 13:00:00,0.0
2009-07-15 14:00:00,0.0
2009-07-15 15:00:00,0.0
2009-07-15 16:00:00,0.0
2009-07-15 17:00:00,0.0
2009-07-15 18:00:00,0.0
2009-07-15 19:00:00,0.0
2009-07-15 20:00:00,0.0
2009-07-15 21:00:00,0.0
2009-07-15 22:00:00,0.0
2009-07-15 23:00:00,0.0
2009-07-16 00:00:00,0.0
2009-07-16 01:00:00,0.0
2009-07-16 02:00:00,0.0
2009-07-16 03:00:00,0.0
2009-07-16 04:00:00,0.0
2009-07-16 05:00:00,0.0
2009-07-16 06:00:00,0.0
2009-07-16 07:00:00,0.0
2009-07-16 08:00:00,0.0
2009-07-16 09:00:00,0.0
2009-07-16 10:00:00,0.0
2009-07-16 11:00:00,0.0
2009-07-16 12:00:00,0.0
2009-07-16 13:00:00,0.0
2009-07-16 14:00:00,0.0
2009-07-16 15:00:00,0.0
2009-07-16 16:00:00,0.0
2009-07-16 17:00:00,0.0
2009-07-16 18:00:00,0.0
2009-07-16 19:00:00,0.0
2009-07-16 20:00:00,0.0
2009-07-16 21:00:00,0.0
2009-07-16 22:00:00,0.0
2009-07-16 23:00:00,0.0
2009-07-17 00:00:00,0.0
2009-07-17 01:00:00,0.0
2009-07-17 02:00:00,0.0
2009-07-17 03:00:00,0.0
2009-07-17 04:00:00,0.0
2009-07-17 05:00:00,0.0
2009-07-17 06:00:00,0.0
2009-07-17 07:00:00,0.0
2009-07-17 08:00:00,0.0
2009-07-17 09:00:00,0.0
2009-07-17 10:00:00,0.0
2009-07-17 11:00:00,0.0
2009-07-17 12:00:00,0.0
2009-07-17 13:00:00,0.0
2009-07-17 14:00:00,0.0
2009-07-17 15:00:00,0.0
2009-07-17 16:00:00,0.0
2009-07-17 17:00:00,0.0
2009-07-17 18:00:00,0.0
2009-07-17 19:00:00,0.0
2009-07-17 20:00:00,0.0
2009-07-17 21:00:00,0.0
2009-07-17 22:00:00,0.0
2009-07-17 23:00:00,0.0
2009-07-18 00:00:00,0.0
2009-07-18 01:00:00,0.0
2009-07-18 02:00:00,0.0
2009-07-18 03:00:00,0.0
2009-07-18 04:00:00,0.0
2009-07-18 05:00:00,0.0
2009-07-18 06:00:00,0.0
2009-07-18 07:00:00,0.0
2009-07-18 08:00:00,0.0
2009-07-18 09:00:00,0.0
2009-07-18 10:00:00,0.0
2009-07-18 11:00:00,0.0
2009-07-18 12:00:00,0.0
2009-07-18 13:00:00,0.0
2009-07-18 14:00:00,0.0
2009-07-18 15:00:00,0.0
2009-07-18 16:00:00,0.0
2009-07-18 17:00:00,0.0
2009-07-18 18:00:00,0.0
2009-07-18 19:00:00,0.0
2009-07-18 20:00:00,0.0
2009-07-18 21:00:00,0.0
2009-07-18 22:00:00,0.0
2009-07-18 23:00:00,0.0
2009-07-19 00:00:00,0.0
2009-07-19 01:00:00,0.0
2009-07-19 02:00:00,0.0
2009-07-19 03:00:00,0.0
2009-07-19 04:00:00,0.0
2009-07-19 05:00:00,0.0
2009-07-19 06:00:00,0.0
2009-07-19 07:00:00,0.0
2009-07-19 08:00:00,0.0
2009-07-19 09:00:00,0.0
2009-07-19 10:00:00,0.0
2009-07-19 11:00:00,0.0
2009-07-19 12:00:00,0.0
2009-07-19 13:00:00,0.0
2009-07-19 14:00:00,0.0
2009-07-19 15:00:00,0.0
2009-07-19 16:00:00,0.0
2009-07-19 17:00:00,0.0
2009-07-19 18:00:00,0.0
2009-07-19 19:00:00,0.0
2009-07-19 20:00:00,0.0
2009-07-19 21:00:00,0.0
2009-07-19 22:00:00,0.0
2009-07-19 23:00:00,0.0
2009-07-20 00:00:00,0.0
2009-07-20 01:00:00,0.0
2009-07-20 02:00:00,0.0
2009-07-20 03:00:00,0.0
2009-07-20 04:00:00,0.0
2009-07-20 05:00:00,0.0
2009-07-20 06:00:00,0.0
2009-07-20 07:00:00,0.0
2009-07-20 08:00:00,0.0
2009-07-20 09:00:00,0.0
2009-07-20 10:00:00,0.0
2009-07-20 11:00:00,0.0
2009-07-20 12:00:00,0.0
2009-07-20 13:00:00,0.0
2009-07-20 14:00:00,0.0
2009-07-20 15:00:00,0.0
2009-07-20 16:00:00,0.0
2009-07-20 17:00:00,0.0
2009-07-20 18:00:00,0.0
2009-07-20 19:00:00,0.0
2009-07-20 20:00:00,0.0
2009-07-20 21:00:00,0.0
2009-07-20 22:00:00,0.0
2009-07-20 23:00:00,0.0
2009-07-21 00:00:00,0.0
2009-07-21 01:00:00,0.0
2009-07-21 02:00:00,0.0
2009-07-21 03:00:00,0.0
2009-07-21 04:00:00,0.0
2009-07-21 05:00:00,0.0
2009-07-21 06:00:00,0.0
2009-07-21 07:00:00,0.0
2009-07-21 08:00:00,0.0
2009-07-21 09:00:00,0.0
2009-07-21 10:00:00,0.0
2009-07-21 11:00:00,0.0
2009-07-21 12:00:00,0.0
2009-07-21 13:00:00,0.0
2009-07-21 14:00:00,0.0
2009-07-21 15:00:00,0.0
2009-07-21 16:00:00,0.0
2009-07-21 17:00:00,0.0
2009-07-21 18:00:00,0.0
2009-07-21 19:00:00,0.0
2009-07-21 20:00:00,0.0
2009-07-21 21:00:00,0.0
2009-07-21 22:00:00,0.0
2009-07-21 23:00:00,0.0
2009-07-22 00:00:00,0.0
2009-07-22 01:00:00,0.0
2009-07-22 02:00:00,0.0
2009-07-22 03:00:00,0.0
2009-07-22 04:00:00,0.0
2009-07-22 05:00:00,0.0
2009-07-22 06:00:00,0.0
2009-07-22 07:00:00,0.0
2009-07-22 08:00:00,0.0
2009-07-22 09:00:00,0.0
2009-07-22 10:00:00,0.0
2009-07-22 11:00:00,0.0
2009-07-22 12:00:00,0.0
2009-07-22 13:00:00,0.0
2009-07-22 14:00:00,0.0
2009-07-22 15:00:00,0.0
2009-07-22 16:00:00,0.0
2009-07-22 17:00:00,0.0
2009-07-22 18:00:00,0.0
2009-07-22 19:00:00,0.0
2009-07-22 20:00:00,0.0
2009-07-22 21:00:00,0.0
2009-07-22 22:00:00,0.0
2009-07-22 23:00:00,0.0
2009-07-23 00:00:00,0.0
2009-07-23 01:00:00,0.0
2009-07-23 02:00:00,0.0
2009-07-23 03:00:00,0.0
2009-07-23 04:00:00,0.0
2009-07-23 05:00:00,0.0
2009-07-23 06:00:00,0.0
2009-07-23 07:00:00,0.0
2009-07-23 08:00:00,0.0
2009-07-23 09:00:00,0.0
2009-07-23 10:00:00,0.0
2009-07-23 11:00:00,0.0
2009-07-23 12:00:00,0.0
2009-07-23 13:00:00,0.0
2009-07-23 14:00:00,0.0
2009-07-23 15:00:00,0.0
2009-07-23 16:00:00,0.0
2009-07-23 17:00:00,0.0
2009-07-23 18:00:00,0.0
2009-07-23 19:00:00,0.0
2009-07-23 20:00:00,0.0
2009-07-23 21:00:00,0.0
2009-07-23 22:00:00,0.0
2009-07-23 23:00:00,0.0
2009-07-24 00:00:00,0.0
2009-07-24 01:00:00,0.0
2009-07-24 02:00:00,0.0
2009-07-24 03:00:00,0.0
2009-07-24 04:00:00,0.0
2009-07-24 05:00:00,0.0
2009-07-24 06:00:00,0.0
2009-07-24 07:00:00,0.0
2009-07-24 08:00:00,0.0
2009-07-24 09:00:00,0.0
2009-07-24 10:00:00,0.0
2009-07-24 11:00:00,0.0
2009-07-24 12:00:00,0.0
2009-07-24 13:00:00,0.0
2009-07-24 14:00:00,0.0
2009-07-24 15:00:00,0.0
2009-07-24 16:00:00,0.0
2009-07-24 17:00:00,0.0
2009-07-24 18:00:00,0.0
2009-07-24 19:00:00,0.0
2009-07-24 20:00:00,0.0
2009-07-24 21:00:00,0.0
2009-07-24 22:00:00,0.0
2009-07-24 23:00:00,0.0
2009-07-25 00:00:00,0.0
2009-07-25 01:00:00,0.0
2009-07-25 02:00:00,0.0
2009-07-25 03:00:00,0.0
2009-07-25 04:00:00,0.0
2009-07-25 05:00:00,0.0
2009-07-25 06:00:00,0.0
2009-07-25 07:00:00,0.0
2009-07-25 08:00:00,0.0
2009-07-25 09:00:00,0.0
2009-07-25 10:00:00,0.0
2009-07-25 11:00:00,0.0
2009-07-25 12:00:00,0.0
2009-07-25 13:00:00,0.0
2009-07-25 14:00:00,0.0
2009-07-25 15:00:00,0.0
2009-07-25 16:00:00,0.0
2009-07-25 17:00:00,0.0
2009-07-25 18:00:00,0.0
2009-07-25 19:00:00,0.0
2009-07-25 20:00:00,0.0
2009-07-25 21:00:00,0.0
2009-07-25 22:00:00,0.0
2009-07-25 23:00:00,0.0
2009-07-26 00:00:00,0.0
2009-07-26 01:00:00,0.0
2009-07-26 02:00:00,0.0
2009-07-26 03:00:00,0.0
2009-07-26 04:00:00,0.0
2009-07-26 05:00:00,0.0
2009-07-26 06:00:00,0.0
2009-07-26 07:00:00,0.0
2009-07-26 08:00:00,0.0
2009-07-26 09:00:00,0.0
2009-07-26 10:00:00,0.0
2009-07-26 11:00:00,0.0
2009-07-26 12:00:00,0.0
2009-07-26 13:00:00,0.0
2009-07-26 14:00:00,0.0
2009-07-26 15:00:00,0.0
2009-07-26 16:00:00,0.0
2009-07-26 17:00:00,0.0
2009-07-26 18:00:00,0.0
2009-07-26 19:00:00,0.0
2009-07-26 20:00:00,0.0
2009-07-26 21:00:00,0.0
2009-07-26 22:00:00,0.0
2009-07-26 23:00:00,0.0
2009-07-27 00:00:00,0.0
2009-07-27 01:00:00,0.0
2009-07-27 02:00:00,0.0
2009-07-27 03:00:00,0.0
2009-07-27 04:00:00,0.0
2009-07-27 05:00:00,0.0
2009-07-27 06:00:00,0.0
2009-07-27 07:00:00,0.0
2009-07-27 08:00:00,0.0
2009-07-27 09:00:00,0.0
2009-07-27 10:00:00,0.0
2009-07-27 11:00:00,0.0
2009-07-27 12:00:00,0.0
2009-07-27 13:00:00,0.0
2009-07-27 14:00:00,0.0
2009-07-27 15:00:00,0.0
2009-07-27 16:00:00,0.0
2009-07-27 17:00:00,0.0
2009-07-27 18:00:00,0.0
2009-07-27 19:00:00,0.0
2009-07-27 20:00:00,0.0
2009-07-27 21:00:00,0.0
2009-07-27 22:00:00,0.0
2009-07-27 23:00:00,0.0
2009-07-28 00:00:00,0.0
2009-07-28 01:00:00,0.0
2009-07-28 02:00:00,0.0
2009-07-28 03:00:00,0.0
2009-07-28 04:00:00,0.0
2009-07-28 05:00:00,0.0
2009-07-28 06:00:00,0.0
2009-07-28 07:00:00,0.0
2009-07-28 08:00:00,0.0
2009-07-28 09:00:00,0.0
2009-07-28 10:00:00,0.0
2009-07-28 11:00:00,0.0
2009-07-28 12:00:00,0.0
2009-07-28 13:00:00,0.0
2009-07-28 14:00:00,0.0
2009-07-28 15:00:00,0.0
2009-07-28 16:00:00,0.0
2009-07-28 17:00:00,0.0
2009-07-28 18:00:00,0.0
2009-07-28 19:00:00,0.0
2009-07-28 20:00:00,0.0
2009-07-28 21:00:00,0.0
2009-07-28 22:00:00,0.0
2009-07-28 23:00:00,0.0
2009-07-29 00:00:00,0.0
2009-07-29 01:00:00,0.0
2009-07-29 02:00:00,0.0
2009-07-29 03:00:00,0.0
2009-07-29 04:00:00,0.0
2009-07-29 05:00:00,0.0
2009-07-29 06:00:00,0.0
2009-07-29 07:00:00,0.0
2009-07-29 08:00:00,0.0
2009-07-29 09:00:00,0.0
2009-07-29 10:00:00,0.0
2009-07-29 11:00:00,0.0
2009-07-29 12:00:00,0.0
2009-07-29 13:00:00,0.0
2009-07-29 14:00:00,0.0
2009-07-29 15:00:00,0.0
2009-07-29 16:00:00,0.0
2009-07-29 17:00:00,0.0
2009-07-29 18:00:00,0.0
2009-07-29 19:00:00,0.0
2009-07-29 20:00:00,0.0
2009-07-29 21:00:00,0.0
2009-07-29 22:00:00,0.0
2009-07-29 23:00:00,0.0
2009-07-30 00:00:00,0.0
2009-07-30 01:00:00,0.0
2009-07-30 02:00:00,0.0
2009-07-30 03:00:00,0.0
2009-07-30 04:00:00,0.0
2009-07-30 05:00:00,0.0
2009-07-30 06:00:00,0.0
2009-07-30 07:00:00,0.0
2009-07-30 08:00:00,0.0
2009-07-30 09:00:00,0.0
2009-07-30 10:00:00,0.0
2009-07-30 11:00:00,0.0
2009-07-30 12:00:00,0.0
2009-07-30 13:00:00,0.0
2009-07-30 14:00:00,0.0
2009-07-30 15:00:00,0.0
2009-07-30 16:00:00,0.0
2009-07-30 17:00:00,0.0
2009-07-30 18:00:00,0.0
2009-07-30 19:00:00,0.0
2009-07-30 20:00:00,0.0
2009-07-30 21:00:00,0.0
2009-07-30 22:00:00,0.0
2009-07-30 23:00:00,0.0
2009-07-31 00:00:00,0.0
2009-07-31 01:00:00,0.0
2009-07-31 02:00:00,0.0
2009-07-31 03:00:00,0.0
2009-07-31 04:00:00,0.0
2009-07-31 05:00:00,0.0
2009-07-31 06:00:00,0.0
2009-07-31 07:00:00,0.0
2009-07-31 08:00:00,0.0
2009-07-31 09:00:00,0.0
2009-07-31 10:00:00,0.0
2009-07-31 11:00:00,0.0
2009-07-31 12:00:00,0.0
2009-07-31 13:00:00,0.0
2009-07-31 14:00:00,0.0
2009-07-31 15:00:00,0.0
2009-07-31 16:00:00,0.0
2009-07-31 17:00:00,0.0
2009-07-31 18:00:00,0.0
2009-07-31 19:00:00,0.0
2009-07-31 20:00:00,0.0
2009-07-31 21:00:00,0.0
2009-07-31 22:00:00,0.0
2009-07-31 23:00:00,0.0
2009-08-01 00:00:00,0.0
2009-08-01 01:00:00,0.0
2009-08-01 02:00:00,0.0
2009-08-01 03:00:00,0.0
2009-08-01 04:00:00,0.0
2009-08-01 05:00:00,0.0
2009-08-01 06:00:00,0.0
2009-08-01 07:00:00,0.0
2009-08-01 08:00:00,0.0
2009-08-01 09:00:00,0.0
2009-08-01 10:00:00,0.0
2009-08-01 11:00:00,0.0
2009-08-01 12:00:00,0.0
2009-08-01 13:00:00,0.0
2009-08-01 14:00:00,0.0
2009-08-01 15:00:00,0.0
2009-08-01 16:00:00,0.0
2009-08-01 17:00:00,0.0
2009-08-01 18:00:00,0.0
2009-08-01 19:00:00,0.0
2009-08-01 20:00:00,0.0
2009-08-01 21:00:00,0.0
2009-08-01 22:00:00,0.0
2009-08-01 23:00:00,0.0
2009-08-02 00:00:00,0.0
2009-08-02 01:00:00,0.0
2009-08-02 02:00:00,0.0
2009-08-02 03:00:00,0.0
2009-08-02 04:00:00,0.0
2009-08-02 05:00:00,0.0
2009-08-02 06:00:00,0.0
2009-08-02 07:00:00,0.0
2009-08-02 08:00:00,0.0
2009-08-02 09:00:00,0.0
2009-08-02 10:00:00,0.0
2009-08-02 11:00:00,0.0
2009-08-02 12:00:00,0.0
2009-08-02 13:00:00,0.0
2009-08-02 14:00:00,0.0
2009-08-02 15:00:00,0.0
2009-08-02 16:00:00,0.0
2009-08-02 17:00:00,0.0
2009-08-02 18:00:00,0.0
2009-08-02 19:00:00,0.0
2009-08-02 20:00:00,0.0
2009-08-02 21:00:00,0.0
2009-08-02 22:00:00,0.0
2009-08-02 23:00:00,0.0
2009-08-03 00:00:00,0.0
2009-08-03 01:00:00,0.0
2009-08-03 02:00:00,0.0
2009-08-03 03:00:00,0.0
2009-08-03 04:00:00,0.0
2009-08-03 05:00:00,0.0
2009-08-03 06:00:00,0.0
2009-08-03 07:00:00,0.0
2009-08-03 08:00:00,0.0
2009-08-03 09:00:00,0.0
2009-08-03 10:00:00,0.0
2009-08-03 11:00:00,0.0
2009-08-03 12:00:00,0.0
2009-08-03 13:00:00,0.0
2009-08-03 14:00:00,0.0
2009-08-03 15:00:00,0.0
2009-08-03 16:00:00,0.0
2009-08-03 17:00:00,0.0
2009-08-03 18:00:00,0.0
2009-08-03 19:00:00,0.0
2009-08-03 20:00:00,0.0
2009-08-03 21:00:00,0.0
2009-08-03 22:00:00,0.0
2009-08-03 23:00:00,0.0
2009-08-04 00:00:00,0.0
2009-08-04 01:00:00,0.0
2009-08-04 02:00:00,0.0
2009-08-04 03:00:00,0.0
2009-08-04 04:00:00,0.0
2009-08-04 05:00:00,0.0
2009-08-04 06:00:00,0.0
2009-08-04 07:00:00,0.0
2009-08-04 08:00:00,0.0
2009-08-04 09:00:00,0.0
2009-08-04 10:00:00,0.0
2009-08-04 11:00:00,0.0
2009-08-04 12:00:00,0.0
2009-08-04 13:00:00,0.0
2009-08-04 14:00:00,0.0
2009-08-04 15:00:00,0.0
2009-08-04 16:00:00,0.0
2009-08-04 17:00:00,0.0
2009-08-04 18:00:00,0.0
2009-08-04 19:00:00,0.0
2009-08-04 20:00:00,0.0
2009-08-04 21:00:00,0.0
2009-08-04 22:00:00,0.0
2009-08-04 23:00:00,0.0
2009-08-05 00:00:00,0.0
2009-08-05 01:00:00,0.0
2009-08-05 02:00:00,0.0
2009-08-05 03:00:00,0.0
2009-08-05 04:00:00,0.0
2009-08-05 05:00:00,0.0
2009-08-05 06:00:00,0.0
2009-08-05 07:00:00,0.0
2009-08-05 08:00:00,0.0
2009-08-05 09:00:00,0.0
2009-08-05 10:00:00,0.0
2009-08-05 11:00:00,0.0
2009-08-05 12:00:00,0.0
2009-08-05 13:00:00,0.0
2009-08-05 14:00:00,0.0
2009-08-05 15:00:00,0.0
2009-08-05 16:00:00,0.0
2009-08-05 17:00:00,0.0
2009-08-05 18:00:00,0.0
2009-08-05 19:00:00,0.0
2009-08-05 20:00:00,0.0
2009-08-05 21:00:00,0.0
2009-08-05 22:00:00,0.0
2009-08-05 23:00:00,0.0
2009-08-06 00:00:00,0.0
2009-08-06 01:00:00,0.0
2009-08-06 02:00:00,0.0
2009-08-06 03:00:00,0.0
2009-08-06 04:00:00,0.0
2009-08-06 05:00:00,0.0
2009-08-06 06:00:00,0.0
2009-08-06 07:00:00,0.0
2009-08-06 08:00:00,0.0
2009-08-06 09:00:00,0.0
2009-08-06 10:00:00,0.0
2009-08-06 11:00:00,0.0
2009-08-06 12:00:00,0.0
2009-08-06 13:00:00,0.0
2009-08-06 14:00:00,0.0
2009-08-06 15:00:00,0.0
2009-08-06 16:00:00,0.0
2009-08-06 17:00:00,0.0
2009-08-06 18:00:00,0.0
2009-08-06 19:00:00,0.0
2009-08-06 20:00:00,0.0
2009-08-06 21:00:00,0.0
2009-08-06 22:00:00,0.0
2009-08-06 23:00:00,0.0
2009-08-07 00:00:00,0.0
2009-08-07 01:00:00,0.0
2009-08-07 02:00:00,0.0
2009-08-07 03:00:00,0.0
2009-08-07 04:00:00,0.0
2009-08-07 05:00:00,0.0
2009-08-07 06:00:00,0.0
2009-08-07 07:00:00,0.0
2009-08-07 08:00:00,0.0
2009-08-07 09:00:00,0.0
2009-08-07 10:00:00,0.0
2009-08-07 11:00:00,0.0
2009-08-07 12:00:00,0.0
2009-08-07 13:00:00,0.0
2009-08-07 14:00:00,0.0
2009-08-07 15:00:00,0.0
2009-08-07 16:00:00,0.0
2009-08-07 17:00:00,0.0
2009-08-07 18:00:00,0.0
2009-08-07 19:00:00,0.0
2009-08-07 20:00:00,0.0
2009-08-07 21:00:00,0.0
2009-08-07 22:00:00,0.0
2009-08-07 23:00:00,0.0
2009-08-08 00:00:00,0.0
2009-08-08 01:00:00,0.0
2009-08-08 02:00:00,0.0
2009-08-08 03:00:00,0.0
2009-08-08 04:00:00,0.0
2009-08-08 05:00:00,0.0
2009-08-08 06:00:00,0.0
2009-08-08 07:00:00,0.0
2009-08-08 08:00:00,0.0
2009-08-08 09:00:00,0.0
2009-08-08 10:00:00,0.0
2009-08-08 11:00:00,0.0
2009-08-08 12:00:00,0.0
2009-08-08 13:00:00,0.0
2009-08-08 14:00:00,0.0
2009-08-08 15:00:00,0.0
2009-08-08 16:00:00,0.0
2009-08-08 17:00:00,0.0
2009-08-08 18:00:00,0.0
2009-08-08 19:00:00,0.0
2009-08-08 20:00:00,0.0
2009-08-08 21:00:00,0.0
2009-08-08 22:00:00,0.0
2009-08-08 23:00:00,0.0
2009-08-09 00:00:00,0.0
2009-08-09 01:00:00,0.0
2009-08-09 02:00:00,0.0
2009-08-09 03:00:00,0.0
2009-08-09 04:00:00,0.0
2009-08-09 05:00:00,0.0
2009-08-09 06:00:00,0.0
2009-08-09 07:00:00,0.0
2009-08-09 08:00:00,0.0
2009-08-09 09:00:00,0.0
2009-08-09 10:00:00,0.0
2009-08-09 11:00:00,0.0
2009-08-09 12:00:00,0.0
2009-08-09 13:00:00,0.0
2009-08-09 14:00:00,0.0
2009-08-09 15:00:00,0.0
2009-08-09 16:00:00,0.0
2009-08-09 17:00:00,0.0
2009-08-09 18:00:00,0.0
2009-08-09 19:00:00,0.0
2009-08-09 20:00:00,0.0
2009-08-09 21:00:00,0.0
2009-08-09 22:00:00,0.0
2009-08-09 23:00:00,0.0
2009-08-10 00:00:00,0.0
2009-08-10 01:00:00,0.0
2009-08-10 02:00:00,0.0
2009-08-10 03:00:00,0.0
2009-08-10 04:00:00,0.0
2009-08-10 05:00:00,0.0
2009-08-10 06:00:00,0.0
2009-08-10 07:00:00,0.0
2009-08-10 08:00:00,0.0
2009-08-10 09:00:00,0.0
2009-08-10 10:00:00,0.0
2009-08-10 11:00:00,0.0
2009-08-10 12:00:00,0.0
2009-08-10 13:00:00,0.0
2009-08-10 14:00:00,0.0
2009-08-10 15:00:00,0.0
2009-08-10 16:00:00,0.0
2009-08-10 17:00:00,0.0
2009-08-10 18:00:00,0.0
2009-08-10 19:00:00,0.0
2009-08-10 20:00:00,0.0
2009-08-10 21:00:00,0.0
2009-08-10 22:00:00,0.0
2009-08-10 23:00:00,0.0
2009-08-11 00:00:00,0.0
2009-08-11 01:00:00,0.0
2009-08-11 02:00:00,0.0
2009-08-11 03:00:00,0.0
2009-08-11 04:00:00,0.0
2009-08-11 05:00:00,0.0
2009-08-11 06:00:00,0.0
2009-08-11 07:00:00,0.0
2009-08-11 08:00:00,0.0
2009-08-11 09:00:00,0.0
2009-08-11 10:00:00,0.0
2009-08-11 11:00:00,0.0
2009-08-11 12:00:00,0.0
2009-08-11 13:00:00,0.0
2009-08-11 14:00:00,0.0
2009-08-11 15:00:00,0.0
2009-08-11 16:00:00,0.0
2009-08-11 17:00:00,0.0
2009-08-11 18:00:00,0.0
2009-08-11 19:00:00,0.0
2009-08-11 20:00:00,0.0
2009-08-11 21:00:00,0.0
2009-08-11 22:00:00,0.0
2009-08-11 23:00:00,0.0
2009-08-12 00:00:00,0.0
2009-08-12 01:00:00,0.0
2009-08-12 02:00:00,0.0
2009-08-12 03:00:00,0.0
2009-08-12 04:00:00,0.0
2009-08-12 05:00:00,0.0
2009-08-12 06:00:00,0.0
2009-08-12 07:00:00,0.0
2009-08-12 08:00:00,0.0
2009-08-12 09:00:00,0.0
2009-08-12 10:00:00,0.0
2009-08-12 11:00:00,0.0
2009-08-12 12:00:00,0.0
2009-08-12 13:00:00,0.0
2009-08-12 14:00:00,0.0
2009-08-12 15:00:00,0.0
2009-08-12 16:00:00,0.0
2009-08-12 17:00:00,0.0
2009-08-12 18:00:00,0.0
2009-08-12 19:00:00,0.0
2009-08-12 20:00:00,0.0
2009-08-12 21:00:00,0.0
2009-08-12 22:00:00,0.0
2009-08-12 23:00:00,0.0
2009-08-13 00:00:00,0.0
2009-08-13 01:00:00,0.0
2009-08-13 02:00:00,0.0
2009-08-13 03:00:00,0.0
2009-08-13 04:00:00,0.0
2009-08-13 05:00:00,0.0
2009-08-13 06:00:00,0.0
2009-08-13 07:00:00,0.0
2009-08-13 08:00:00,0.0
2009-08-13 09:00:00,0.0
2009-08-13 10:00:00,0.0
2009-08-13 11:00:00,0.0
2009-08-13 12:00:00,0.0
2009-08-13 13:00:00,0.0
2009-08-13 14:00:00,0.0
2009-08-13 15:00:00,0.0
2009-08-13 16:00:00,0.0
2009-08-13 17:00:00,0.0
2009-08-13 18:00:00,0.0
2009-08-13 19:00:00,0.0
2009-08-13 20:00:00,0.0
2009-08-13 21:00:00,0.0
2009-08-13 22:00:00,0.0
2009-08-13 23:00:00,0.0
2009-08-14 00:00:00,0.0
2009-08-14 01:00:00,0.0
2009-08-14 02:00:00,0.0
2009-08-14 03:00:00,0.0
2009-08-14 04:00:00,0.0
2009-08-14 05:00:00,0.0
2009-08-14 06:00:00,0.0
2009-08-14 07:00:00,0.0
2009-08-14 08:00:00,0.0
2009-08-14 09:00:00,0.0
2009-08-14 10:00:00,0.0
2009-08-14 11:00:00,0.0
2009-08-14 12:00:00,0.0
2009-08-14 13:00:00,0.0
2009-08-14 14:00:00,0.0
2009-08-14 15:00:00,0.0
2009-08-14 16:00:00,0.0
2009-08-14 17:00:00,0.0
2009-08-14 18:00:00,0.0
2009-08-14 19:00:00,0.0
2009-08-14 20:00:00,0.0
2009-08-14 21:00:00,0.0
2009-08-14 22:00:00,0.0
2009-08-14 23:00:00,0.0
2009-08-15 00:00:00,0.0
2009-08-15 01:00:00,0.0
2009-08-15 02:00:00,0.0
2009-08-15 03:00:00,0.0
2009-08-15 04:00:00,0.0
2009-08-15 05:00:00,0.0
2009-08-15 06:00:00,0.0
2009-08-15 07:00:00,0.0
2009-08-15 08:00:00,0.0
2009-08-15 09:00:00,0.0
2009-08-15 10:00:00,0.0
2009-08-15 11:00:00,0.0
2009-08-15 12:00:00,0.0
2009-08-15 13:00:00,0.0
2009-08-15 14:00:00,0.0
2009-08-15 15:00:00,0.0
2009-08-15 16:00:00,0.0
2009-08-15 17:00:00,0.0
2009-08-15 18:00:00,0.0
2009-08-15 19:00:00,0.0
2009-08-15 20:00:00,0.0
2009-08-15 21:00:00,0.0
2009-08-15 22:00:00,0.0
2009-08-15 23:00:00,0.0
2009-08-16 00:00:00,0.0
2009-08-16 01:00:00,0.0
2009-08-16 02:00:00,0.0
2009-08-16 03:00:00,0.0
2009-08-16 04:00:00,0.0
2009-08-16 05:00:00,0.0
2009-08-16 06:00:00,0.0
2009-08-16 07:00:00,0.0
2009-08-16 08:00:00,0.0
2009-08-16 09:00:00,0.0
2009-08-16 10:00:00,0.0
2009-08-16 11:00:00,0.0
2009-08-16 12:00:00,0.0
2009-08-16 13:00:00,0.0
2009-08-16 14:00:00,0.0
2009-08-16 15:00:00,0.0
2009-08-16 16:00:00,0.0
2009-08-16 17:00:00,0.0
2009-08-16 18:00:00,0.0
2009-08-16 19:00:00,0.0
2009-08-16 20:00:00,0.0
2009-08-16 21:00:00,0.0
2009-08-16 22:00:00,0.0
2009-08-16 23:00:00,0.0
2009-08-17 00:00:00,0.0
2009-08-17 01:00:00,0.0
2009-08-17 02:00:00,0.0
2009-08-17 03:00:00,0.0
2009-08-17 04:00:00,0.0
2009-08-17 05:00:00,0.0
2009-08-17 06:00:00,0.0
2009-08-17 07:00:00,0.0
2009-08-17 08:00:00,0.0
2009-08-17 09:00:00,0.0
2009-08-17 10:00:00,0.0
2009-08-17 11:00:00,0.0
2009-08-17 12:00:00,0.0
2009-08-17 13:00:00,0.0
2009-08-17 14:00:00,0.0
2009-08-17 15:00:00,0.0
2009-08-17 16:00:00,0.0
2009-08-17 17:00:00,0.0
2009-08-17 18:00:00,0.0
2009-08-17 19:00:00,0.0
2009-08-17 20:00:00,0.0
2009-08-17 21:00:00,0.0
2009-08-17 22:00:00,0.0
2009-08-17 23:00:00,0.0
2009-08-18 00:00:00,0.0
2009-08-18 01:00:00,0.0
2009-08-18 02:00:00,0.0
2009-08-18 03:00:00,0.0
2009-08-18 04:00:00,0.0
2009-08-18 05:00:00,0.0
2009-08-18 06:00:00,0.0
2009-08-18 07:00:00,0.0
2009-08-18 08:00:00,0.0
2009-08-18 09:00:00,0.0
2009-08-18 10:00:00,0.0
2009-08-18 11:00:00,0.0
2009-08-18 12:00:00,0.0
2009-08-18 13:00:00,0.0
2009-08-18 14:00:00,0.0
2009-08-18 15:00:00,0.0
2009-08-18 16:00:00,0.0
2009-08-18 17:00:00,0.0
2009-08-18 18:00:00,0.0
2009-08-18 19:00:00,0.0
2009-08-18 20:00:00,0.0
2009-08-18 21:00:00,0.0
2009-08-18 22:00:00,0.0
2009-08-18 23:00:00,0.0
2009-08-19 00:00:00,0.0
2009-08-19 01:00:00,0.0
2009-08-19 02:00:00,0.0
2009-08-19 03:00:00,0.0
2009-08-19 04:00:00,0.0
2009-08-19 05:00:00,0.0
2009-08-19 06:00:00,0.0
2009-08-19 07:00:00,0.0
2009-08-19 08:00:00,0.0
2009-08-19 09:00:00,0.0
2009-08-19 10:00:00,0.0
2009-08-19 11:00:00,0.0
2009-08-19 12:00:00,0.0
2009-08-19 13:00:00,0.0
2009-08-19 14:00:00,0.0
2009-08-19 15:00:00,0.0
2009-08-19 16:00:00,0.0
2009-08-19 17:00:00,0.0
2009-08-19 18:00:00,0.0
2009-08-19 19:00:00,0.0
2009-08-19 20:00:00,0.0
2009-08-19 21:00:00,0.0
2009-08-19 22:00:00,0.0
2009-08-19 23:00:00,0.0
2009-08-20 00:00:00,0.0
2009-08-20 01:00:00,0.0
2009-08-20 02:00:00,0.0
2009-08-20 03:00:00,0.0
2009-08-20 04:00:00,0.0
2009-08-20 05:00:00,0.0
2009-08-20 06:00:00,0.0
2009-08-20 07:00:00,0.0
2009-08-20 08:00:00,0.0
2009-08-20 09:00:00,0.0
2009-08-20 10:00:00,0.0
2009-08-20 11:00:00,0.0
2009-08-20 12:00:00,0.0
2009-08-20 13:00:00,0.0
2009-08-20 14:00:00,0.0
2009-08-20 15:00:00,0.0
2009-08-20 16:00:00,0.0
2009-08-20 17:00:00,0.0
2009-08-20 18:00:00,0.0
2009-08-20 19:00:00,0.0
2009-08-20 20:00:00,0.0
2009-08-20 21:00:00,0.0
2009-08-20 22:00:00,0.0
2009-08-20 23:00:00,0.0
2009-08-21 00:00:00,0.0
2009-08-21 01:00:00,0.0
2009-08-21 02:00:00,0.0
2009-08-21 03:00:00,0.0
2009-08-21 04:00:00,0.0
2009-08-21 05:00:00,0.0
2009-08-21 06:00:00,0.0
2009-08-21 07:00:00,0.0
2009-08-21 08:00:00,0.0
2009-08-21 09:00:00,0.0
2009-08-21 10:00:00,0.0
2009-08-21 11:00:00,0.0
2009-08-21 12:00:00,0.0
2009-08-21 13:00:00,0.0
2009-08-21 14:00:00,0.0
2009-08-21 15:00:00,0.0
2009-08-21 16:00:00,0.0
2009-08-21 17:00:00,0.0
2009-08-21 18:00:00,0.0
2009-08-21 19:00:00,0.0
2009-08-21 20:00:00,0.0
2009-08-21 21:00:00,0.0
2009-08-21 22:00:00,0.0
2009-08-21 23:00:00,0.0
2009-08-22 00:00:00,0.0
2009-08-22 01:00:00,0.0
2009-08-22 02:00:00,0.0
2009-08-22 03:00:00,0.0
2009-08-22 04:00:00,0.0
2009-08-22 05:00:00,0.0
2009-08-22 06:00:00,0.0
2009-08-22 07:00:00,0.0
2009-08-22 08:00:00,0.0
2009-08-22 09:00:00,0.0
2009-08-22 10:00:00,0.0
2009-08-22 11:00:00,0.0
2009-08-22 12:00:00,0.0
2009-08-22 13:00:00,0.0
2009-08-22 14:00:00,0.0
2009-08-22 15:00:00,0.0
2009-08-22 16:00:00,0.0
2009-08-22 17:00:00,0.0
2009-08-22 18:00:00,0.0
2009-08-22 19:00:00,0.0
2009-08-22 20:00:00,0.0
2009-08-22 21:00:00,0.0
2009-08-22 22:00:00,0.0
2009-08-22 23:00:00,0.0
2009-08-23 00:00:00,0.0
2009-08-23 01:00:00,0.0
2009-08-23 02:00:00,0.0
2009-08-23 03:00:00,0.0
2009-08-23 04:00:00,0.0
2009-08-23 05:00:00,0.0
2009-08-23 06:00:00,0.0
2009-08-23 07:00:00,0.0
2009-08-23 08:00:00,0.0
2009-08-23 09:00:00,0.0
2009-08-23 10:00:00,0.0
2009-08-23 11:00:00,0.0
2009-08-23 12:00:00,0.0
2009-08-23 13:00:00,0.0
2009-08-23 14:00:00,0.0
2009-08-23 15:00:00,0.0
2009-08-23 16:00:00,0.0
2009-08-23 17:00:00,0.0
2009-08-23 18:00:00,0.0
2009-08-23 19:00:00,0.0
2009-08-23 20:00:00,0.0
2009-08-23 21:00:00,0.0
2009-08-23 22:00:00,0.0
2009-08-23 23:00:00,0.0
2009-08-24 00:00:00,0.0
2009-08-24 01:00:00,0.0
2009-08-24 02:00:00,0.0
2009-08-24 03:00:00,0.0
2009-08-24 04:00:00,0.0
2009-08-24 05:00:00,0.0
2009-08-24 06:00:00,0.0
2009-08-24 07:00:00,0.0
2009-08-24 08:00:00,0.0
2009-08-24 09:00:00,0.0
2009-08-24 10:00:00,0.0
2009-08-24 11:00:00,0.0
2009-08-24 12:00:00,0.0
2009-08-24 13:00:00,0.0
2009-08-24 14:00:00,0.0
2009-08-24 15:00:00,0.0
2009-08-24 16:00:00,0.0
2009-08-24 17:00:00,0.0
2009-08-24 18:00:00,0.0
2009-08-24 19:00:00,0.0
2009-08-24 20:00:00,0.0
2009-08-24 21:00:00,0.0
2009-08-24 22:00:00,0.0
2009-08-24 23:00:00,0.0
2009-08-25 00:00:00,0.0
2009-08-25 01:00:00,0.0
2009-08-25 02:00:00,0.0
2009-08-25 03:00:00,0.0
2009-08-25 04:00:00,0.0
2009-08-25 05:00:00,0.0
2009-08-25 06:00:00,0.0
2009-08-25 07:00:00,0.0
2009-08-25 08:00:00,0.0
2009-08-25 09:00:00,0.0
2009-08-25 10:00:00,0.0
2009-08-25 11:00:00,0.0
2009-08-25 12:00:00,0.0
2009-08-25 13:00:00,0.0
2009-08-25 14:00:00,0.0
2009-08-25 15:00:00,0.0
2009-08-25 16:00:00,0.0
2009-08-25 17:00:00,0.0
2009-08-25 18:00:00,0.0
2009-08-25 19:00:00,0.0
2009-08-25 20:00:00,0.0
2009-08-25 21:00:00,0.0
2009-08-25 22:00:00,0.0
2009-08-25 23:00:00,0.0
2009-08-26 00:00:00,0.0
2009-08-26 01:00:00,0.0
2009-08-26 02:00:00,0.0
2009-08-26 03:00:00,0.0
2009-08-26 04:00:00,0.0
2009-08-26 05:00:00,0.0
2009-08-26 06:00:00,0.0
2009-08-26 07:00:00,0.0
2009-08-26 08:00:00,0.0
2009-08-26 09:00:00,0.0
2009-08-26 10:00:00,0.0
2009-08-26 11:00:00,0.0
2009-08-26 12:00:00,0.0
2009-08-26 13:00:00,0.0
2009-08-26 14:00:00,0.0
2009-08-26 15:00:00,0.0
2009-08-26 16:00:00,0.0
2009-08-26 17:00:00,0.0
2009-08-26 18:00:00,0.0
2009-08-26 19:00:00,0.0
2009-08-26 20:00:00,0.0
2009-08-26 21:00:00,0.0
2009-08-26 22:00:00,0.0
2009-08-26 23:00:00,0.0
2009-08-27 00:00:00,0.0
2009-08-27 01:00:00,0.0
2009-08-27 02:00:00,0.0
2009-08-27 03:00:00,0.0
2009-08-27 04:00:00,0.0
2009-08-27 05:00:00,0.0
2009-08-27 06:00:00,0.0
2009-08-27 07:00:00,0.0
2009-08-27 08:00:00,0.0
2009-08-27 09:00:00,0.0
2009-08-27 10:00:00,0.0
2009-08-27 11:00:00,0.0
2009-08-27 12:00:00,0.0
2009-08-27 13:00:00,0.0
2009-08-27 14:00:00,0.0
2009-08-27 15:00:00,0.0
2009-08-27 16:00:00,0.0
2009-08-27 17:00:00,0.0
2009-08-27 18:00:00,0.0
2009-08-27 19:00:00,0.0
2009-08-27 20:00:00,0.0
2009-08-27 21:00:00,0.0
2009-08-27 22:00:00,0.0
2009-08-27 23:00:00,0.0
2009-08-28 00:00:00,0.0
2009-08-28 01:00:00,0.0
2009-08-28 02:00:00,0.0
2009-08-28 03:00:00,0.0
2009-08-28 04:00:00,0.0
2009-08-28 05:00:00,0.0
2009-08-28 06:00:00,0.0
2009-08-28 07:00:00,0.0
2009-08-28 08:00:00,0.0
2009-08-28 09:00:00,0.0
2009-08-28 10:00:00,0.0
2009-08-28 11:00:00,0.0
2009-08-28 12:00:00,0.0
2009-08-28 13:00:00,0.0
2009-08-28 14:00:00,0.0
2009-08-28 15:00:00,0.0
2009-08-28 16:00:00,0.0
2009-08-28 17:00:00,0.0
2009-08-28 18:00:00,0.0
2009-08-28 19:00:00,0.0
2009-08-28 20:00:00,0.0
2009-08-28 21:00:00,0.0
2009-08-28 22:00:00,0.0
2009-08-28 23:00:00,0.0
2009-08-29 00:00:00,0.0
2009-08-29 01:00:00,0.0
2009-08-29 02:00:00,0.0
2009-08-29 03:00:00,0.0
2009-08-29 04:00:00,0.0
2009-08-29 05:00:00,0.0
2009-08-29 06:00:00,0.0
2009-08-29 07:00:00,0.0
2009-08-29 08:00:00,0.0
2009-08-29 09:00:00,0.0
2009-08-29 10:00:00,0.0
2009-08-29 11:00:00,0.0
2009-08-29 12:00:00,0.0
2009-08-29 13:00:00,0.0
2009-08-29 14:00:00,0.0
2009-08-29 15:00:00,0.0
2009-08-29 16:00:00,0.0
2009-08-29 17:00:00,0.0
2009-08-29 18:00:00,0.0
2009-08-29 19:00:00,0.0
2009-08-29 20:00:00,0.0
2009-08-29 21:00:00,0.0
2009-08-29 22:00:00,0.0
2009-08-29 23:00:00,0.0
2009-08-30 00:00:00,0.0
2009-08-30 01:00:00,0.0
2009-08-30 02:00:00,0.0
2009-08-30 03:00:00,0.0
2009-08-30 04:00:00,0.0
2009-08-30 05:00:00,0.0
2009-08-30 06:00:00,0.0
2009-08-30 07:00:00,0.0
2009-08-30 08:00:00,0.0
2009-08-30 09:00:00,0.0
2009-08-30 10:00:00,0.0
2009-08-30 11:00:00,0.0
2009-08-30 12:00:00,0.0
2009-08-30 13:00:00,0.0
2009-08-30 14:00:00,0.0
2009-08-30 15:00:00,0.0
2009-08-30 16:00:00,0.0
2009-08-30 17:00:00,0.0
2009-08-30 18:00:00,0.0
2009-08-30 19:00:00,0.0
2009-08-30 20:00:00,0.0
2009-08-30 21:00:00,0.0
2009-08-30 22:00:00,0.0
2009-08-30 23:00:00,0.0
2009-08-31 00:00:00,0.0
2009-08-31 01:00:00,0.0
2009-08-31 02:00:00,0.0
2009-08-31 03:00:00,0.0
2009-08-31 04:00:00,0.0
2009-08-31 05:00:00,0.0
2009-08-31 06:00:00,0.0
2009-08-31 07:00:00,0.0
2009-08-31 08:00:00,0.0
2009-08-31 09:00:00,0.0
2009-08-31 10:00:00,0.0
2009-08-31 11:00:00,0.0
2009-08-31 12:00:00,0.0
2009-08-31 13:00:00,0.0
2009-08-31 14:00:00,0.0
2009-08-31 15:00:00,0.0
2009-08-31 16:00:00,0.0
2009-08-31 17:00:00,0.0
2009-08-31 18:00:00,0.0
2009-08-31 19:00:00,0.0
2009-08-31 20:00:00,0.0
2009-08-31 21:00:00,0.0
2009-08-31 22:00:00,0.0
2009-08-31 23:00:00,0.0
2009-09-01 00:00:00,0.6292
2009-09-01 01:00:00,0.6571
2009-09-01 02:00:00,0.7189
2009-09-01 03:00:00,0.7266
2009-09-01 04:00:00,0.7511
2009-09-01 05:00:00,0.7804
2009-09-01 06:00:00,0.7389
2009-09-01 07:00:00,0.6125
2009-09-01 08:00:00,0.3679
2009-09-01 09:00:00,0.003
2009-09-01 10:00:00,0.0027
2009-09-01 11:00:00,0.0
2009-09-01 12:00:00,0.0
2009-09-01 13:00:00,0.0
2009-09-01 14:00:00,0.0
2009-09-01 15:00:00,0.0
2009-09-01 16:00:00,0.0037
2009-09-01 17:00:00,0.0223
2009-09-01 18:00:00,0.3343
2009-09-01 19:00:00,0.3621
2009-09-01 20:00:00,0.3641
2009-09-01 21:00:00,0.473
2009-09-01 22:00:00,0.5584
2009-09-01 23:00:00,0.5701
2009-09-02 00:00:00,2.3054
2009-09-02 01:00:00,2.3232
2009-09-02 02:00:00,2.3554
2009-09-02 03:00:00,2.4056
2009-09-02 04:00:00,2.4198
2009-09-02 05:00:00,2.441
2009-09-02 06:00:00,2.4023
2009-09-02 07:00:00,2.0788
2009-09-02 08:00:00,0.8511
2009-09-02 09:00:00,0.1214
2009-09-02 10:00:00,0.1101
2009-09-02 11:00:00,0.2389
2009-09-02 12:00:00,0.2938
2009-09-02 13:00:00,0.7865
2009-09-02 14:00:00,0.809
2009-09-02 15:00:00,0.5406
2009-09-02 16:00:00,0.8339
2009-09-02 17:00:00,1.5027
2009-09-02 18:00:00,1.8703
2009-09-02 19:00:00,1.9499
2009-09-02 20:00:00,2.0494
2009-09-02 21:00:00,2.0293
2009-09-02 22:00:00,2.0951
2009-09-02 23:00:00,2.0871
2009-09-03 00:00:00,2.0287
2009-09-03 01:00:00,1.9553
2009-09-03 02:00:00,1.9944
2009-09-03 03:00:00,2.0203
2009-09-03 04:00:00,1.9905
2009-09-03 05:00:00,1.9569
2009-09-03 06:00:00,1.6064
2009-09-03 07:00:00,2.3389
2009-09-03 08:00:00,1.9284
2009-09-03 09:00:00,1.5544
2009-09-03 10:00:00,1.8119
2009-09-03 11:00:00,1.8101
2009-09-03 12:00:00,1.563
2009-09-03 13:00:00,1.3027
2009-09-03 14:00:00,1.1832
2009-09-03 15:00:00,1.3167
2009-09-03 16:00:00,1.751
2009-09-03 17:00:00,2.4881
2009-09-03 18:00:00,2.8784
2009-09-03 19:00:00,2.9843
2009-09-03 20:00:00,3.0275
2009-09-03 21:00:00,3.0876
2009-09-03 22:00:00,3.2044
2009-09-03 23:00:00,3.257
2009-09-04 00:00:00,15.9264
2009-09-04 01:00:00,16.7124
2009-09-04 02:00:00,17.8215
2009-09-04 03:00:00,26.2006
2009-09-04 04:00:00,30.1651
2009-09-04 05:00:00,33.7549
2009-09-04 06:00:00,36.7425
2009-09-04 07:00:00,29.0048
2009-09-04 08:00:00,17.8587
2009-09-04 09:00:00,11.513
2009-09-04 10:00:00,11.8971
2009-09-04 11:00:00,10.978
2009-09-04 12:00:00,9.7278
2009-09-04 13:00:00,7.4171
2009-09-04 14:00:00,9.1576
2009-09-04 15:00:00,13.9178
2009-09-04 16:00:00,28.7317
2009-09-04 17:00:00,44.6856
2009-09-04 18:00:00,52.4359
2009-09-04 19:00:00,57.3088
2009-09-04 20:00:00,61.5755
2009-09-04 21:00:00,64.2291
2009-09-04 22:00:00,66.256
2009-09-04 23:00:00,67.145
2009-09-05 00:00:00,116.1872
2009-09-05 01:00:00,120.8644
2009-09-05 02:00:00,125.0179
2009-09-05 03:00:00,129.1109
2009-09-05 04:00:00,133.2382
2009-09-05 05:00:00,133.7658
2009-09-05 06:00:00,124.0235
2009-09-05 07:00:00,107.4986
2009-09-05 08:00:00,86.3785
2009-09-05 09:00:00,74.8419
2009-09-05 10:00:00,40.8225
2009-09-05 11:00:00,24.4369
2009-09-05 12:00:00,17.9866
2009-09-05 13:00:00,14.3235
2009-09-05 14:00:00,11.9953
2009-09-05 15:00:00,12.7901
2009-09-05 16:00:00,13.9325
2009-09-05 17:00:00,24.9961
2009-09-05 18:00:00,65.3716
2009-09-05 19:00:00,93.1702
2009-09-05 20:00:00,102.5875
2009-09-05 21:00:00,107.34
2009-09-05 22:00:00,112.3347
2009-09-05 23:00:00,118.2946
2009-09-06 00:00:00,102.6646
2009-09-06 01:00:00,106.2509
2009-09-06 02:00:00,109.3477
2009-09-06 03:00:00,111.4546
2009-09-06 04:00:00,113.9113
2009-09-06 05:00:00,114.9842
2009-09-06 06:00:00,105.5118
2009-09-06 07:00:00,89.4891
2009-09-06 08:00:00,70.9791
2009-09-06 09:00:00,45.2365
2009-09-06 10:00:00,14.7039
2009-09-06 11:00:00,6.7775
2009-09-06 12:00:00,5.275
2009-09-06 13:00:00,2.9077
2009-09-06 14:00:00,2.04
2009-09-06 15:00:00,2.337
2009-09-06 16:00:00,4.8951
2009-09-06 17:00:00,9.7767
2009-09-06 18:00:00,37.9862
2009-09-06 19:00:00,61.6649
2009-09-06 20:00:00,71.5483
2009-09-06 21:00:00,77.7222
2009-09-06 22:00:00,84.063
2009-09-06 23:00:00,88.0065
2009-09-07 00:00:00,48.0064
2009-09-07 01:00:00,49.4755
2009-09-07 02:00:00,50.6648
2009-09-07 03:00:00,51.9363
2009-09-07 04:00:00,52.8359
2009-09-07 05:00:00,53.1789
2009-09-07 06:00:00,47.8812
2009-09-07 07:00:00,39.1472
2009-09-07 08:00:00,29.5843
2009-09-07 09:00:00,4.2672
2009-09-07 10:00:00,0.6248
2009-09-07 11:00:00,0.0302
2009-09-07 12:00:00,0.0208
2009-09-07 13:00:00,0.007
2009-09-07 14:00:00,0.0204
2009-09-07 15:00:00,0.0071
2009-09-07 16:00:00,0.3027
2009-09-07 17:00:00,1.5256
2009-09-07 18:00:00,7.5879
2009-09-07 19:00:00,20.769
2009-09-07 20:00:00,29.3314
2009-09-07 21:00:00,34.1353
2009-09-07 22:00:00,37.2017
2009-09-07 23:00:00,39.4808
2009-09-08 00:00:00,10.8825
2009-09-08 01:00:00,11.3482
2009-09-08 02:00:00,11.4985
2009-09-08 03:00:00,11.9164
2009-09-08 04:00:00,12.0798
2009-09-08 05:00:00,12.0763
2009-09-08 06:00:00,10.7628
2009-09-08 07:00:00,8.7192
2009-09-08 08:00:00,5.0548
2009-09-08 09:00:00,0.4992
2009-09-08 10:00:00,0.0074
2009-09-08 11:00:00,0.0072
2009-09-08 12:00:00,0.0068
2009-09-08 13:00:00,0.0046
2009-09-08 14:00:00,0.0047
2009-09-08 15:00:00,0.0215
2009-09-08 16:00:00,0.0617
2009-09-08 17:00:00,0.7854
2009-09-08 18:00:00,2.5576
2009-09-08 19:00:00,6.4135
2009-09-08 20:00:00,7.7365
2009-09-08 21:00:00,8.5724
2009-09-08 22:00:00,9.2774
2009-09-08 23:00:00,9.6873
2009-09-09 00:00:00,11.799
2009-09-09 01:00:00,12.2422
2009-09-09 02:00:00,12.755
2009-09-09 03:00:00,13.0705
2009-09-09 04:00:00,13.5164
2009-09-09 05:00:00,13.5605
2009-09-09 06:00:00,12.2904
2009-09-09 07:00:00,9.8828
2009-09-09 08:00:00,7.5034
2009-09-09 09:00:00,3.4076
2009-09-09 10:00:00,0.5467
2009-09-09 11:00:00,0.0955
2009-09-09 12:00:00,0.0292
2009-09-09 13:00:00,0.0296
2009-09-09 14:00:00,0.0308
2009-09-09 15:00:00,0.3674
2009-09-09 16:00:00,0.6953
2009-09-09 17:00:00,1.1497
2009-09-09 18:00:00,4.9235
2009-09-09 19:00:00,8.4175
2009-09-09 20:00:00,10.0294
2009-09-09 21:00:00,10.8791
2009-09-09 22:00:00,11.2956
2009-09-09 23:00:00,11.7305
2009-09-10 00:00:00,9.5977
2009-09-10 01:00:00,10.0578
2009-09-10 02:00:00,10.3743
2009-09-10 03:00:00,10.9256
2009-09-10 04:00:00,11.0888
2009-09-10 05:00:00,11.0058
2009-09-10 06:00:00,9.7936
2009-09-10 07:00:00,7.9211
2009-09-10 08:00:00,3.8114
2009-09-10 09:00:00,2.0267
2009-09-10 10:00:00,0.6676
2009-09-10 11:00:00,0.382
2009-09-10 12:00:00,0.3581
2009-09-10 13:00:00,0.0578
2009-09-10 14:00:00,0.2676
2009-09-10 15:00:00,0.3297
2009-09-10 16:00:00,0.7561
2009-09-10 17:00:00,1.3825
2009-09-10 18:00:00,2.3911
2009-09-10 19:00:00,6.1886
2009-09-10 20:00:00,6.9948
2009-09-10 21:00:00,7.1629
2009-09-10 22:00:00,7.7286
2009-09-10 23:00:00,7.9718
2009-09-11 00:00:00,16.0374
2009-09-11 01:00:00,17.2437
2009-09-11 02:00:00,17.9029
2009-09-11 03:00:00,18.476
2009-09-11 04:00:00,18.6927
2009-09-11 05:00:00,18.1113
2009-09-11 06:00:00,17.6986
2009-09-11 07:00:00,16.7076
2009-09-11 08:00:00,14.3362
2009-09-11 09:00:00,12.8313
2009-09-11 10:00:00,7.7508
2009-09-11 11:00:00,6.9313
2009-09-11 12:00:00,6.5259
2009-09-11 13:00:00,5.0499
2009-09-11 14:00:00,3.6034
2009-09-11 15:00:00,3.5931
2009-09-11 16:00:00,5.525
2009-09-11 17:00:00,7.056
2009-09-11 18:00:00,9.975
2009-09-11 19:00:00,14.6189
2009-09-11 20:00:00,13.4312
2009-09-11 21:00:00,15.6908
2009-09-11 22:00:00,16.3048
2009-09-11 23:00:00,16.7095
2009-09-12 00:00:00,15.728
2009-09-12 01:00:00,16.1142
2009-09-12 02:00:00,16.2199
2009-09-12 03:00:00,16.4994
2009-09-12 04:00:00,16.8243
2009-09-12 05:00:00,17.1273
2009-09-12 06:00:00,16.9296
2009-09-12 07:00:00,16.2457
2009-09-12 08:00:00,15.1402
2009-09-12 09:00:00,13.3299
2009-09-12 10:00:00,10.1635
2009-09-12 11:00:00,7.9626
2009-09-12 12:00:00,6.0916
2009-09-12 13:00:00,5.3486
2009-09-12 14:00:00,5.8079
2009-09-12 15:00:00,6.3288
2009-09-12 16:00:00,7.2057
2009-09-12 17:00:00,8.1593
2009-09-12 18:00:00,9.4556
2009-09-12 19:00:00,12.0553
2009-09-12 20:00:00,12.967
2009-09-12 21:00:00,14.3287
2009-09-12 22:00:00,15.1289
2009-09-12 23:00:00,15.738
2009-09-13 00:00:00,28.5577
2009-09-13 01:00:00,28.8491
2009-09-13 02:00:00,29.9207
2009-09-13 03:00:00,30.3643
2009-09-13 04:00:00,30.7866
2009-09-13 05:00:00,30.9366
2009-09-13 06:00:00,30.2164
2009-09-13 07:00:00,29.0026
2009-09-13 08:00:00,26.6926
2009-09-13 09:00:00,22.9834
2009-09-13 10:00:00,12.0309
2009-09-13 11:00:00,8.0159
2009-09-13 12:00:00,6.2733
2009-09-13 13:00:00,4.3318
2009-09-13 14:00:00,4.1726
2009-09-13 15:00:00,5.178
2009-09-13 16:00:00,4.7543
2009-09-13 17:00:00,7.6575
2009-09-13 18:00:00,17.1138
2009-09-13 19:00:00,23.8502
2009-09-13 20:00:00,27.9937
2009-09-13 21:00:00,29.3581
2009-09-13 22:00:00,30.8926
2009-09-13 23:00:00,32.2915
2009-09-14 00:00:00,95.5206
2009-09-14 01:00:00,100.904
2009-09-14 02:00:00,101.638
2009-09-14 03:00:00,104.6987
2009-09-14 04:00:00,110.4972
2009-09-14 05:00:00,114.4034
2009-09-14 06:00:00,111.706
2009-09-14 07:00:00,105.8305
2009-09-14 08:00:00,97.7804
2009-09-14 09:00:00,84.1486
2009-09-14 10:00:00,72.5518
2009-09-14 11:00:00,63.3921
2009-09-14 12:00:00,63.0182
2009-09-14 13:00:00,58.5761
2009-09-14 14:00:00,56.1965
2009-09-14 15:00:00,56.5151
2009-09-14 16:00:00,60.3925
2009-09-14 17:00:00,74.6075
2009-09-14 18:00:00,102.0157
2009-09-14 19:00:00,114.2875
2009-09-14 20:00:00,119.616
2009-09-14 21:00:00,122.6966
2009-09-14 22:00:00,124.6966
2009-09-14 23:00:00,126.2309
2009-09-15 00:00:00,121.535
2009-09-15 01:00:00,120.4806
2009-09-15 02:00:00,120.0731
2009-09-15 03:00:00,120.5617
2009-09-15 04:00:00,121.0661
2009-09-15 05:00:00,121.3979
2009-09-15 06:00:00,117.8891
2009-09-15 07:00:00,111.6212
2009-09-15 08:00:00,102.797
2009-09-15 09:00:00,93.1978
2009-09-15 10:00:00,82.4142
2009-09-15 11:00:00,63.9493
2009-09-15 12:00:00,49.9086
2009-09-15 13:00:00,40.881
2009-09-15 14:00:00,33.019
2009-09-15 15:00:00,25.2607
2009-09-15 16:00:00,35.2628
2009-09-15 17:00:00,52.47
2009-09-15 18:00:00,64.7161
2009-09-15 19:00:00,69.1708
2009-09-15 20:00:00,79.2391
2009-09-15 21:00:00,79.3148
2009-09-15 22:00:00,86.0636
2009-09-15 23:00:00,86.5093
2009-09-16 00:00:00,51.5352
2009-09-16 01:00:00,52.4058
2009-09-16 02:00:00,52.9915
2009-09-16 03:00:00,52.9824
2009-09-16 04:00:00,53.1981
2009-09-16 05:00:00,53.0793
2009-09-16 06:00:00,51.3051
2009-09-16 07:00:00,48.0518
2009-09-16 08:00:00,42.5578
2009-09-16 09:00:00,36.9329
2009-09-16 10:00:00,32.9451
2009-09-16 11:00:00,18.9877
2009-09-16 12:00:00,14.3429
2009-09-16 13:00:00,12.142
2009-09-16 14:00:00,13.4136
2009-09-16 15:00:00,13.4962
2009-09-16 16:00:00,13.189
2009-09-16 17:00:00,16.5234
2009-09-16 18:00:00,22.2483
2009-09-16 19:00:00,24.2569
2009-09-16 20:00:00,25.9609
2009-09-16 21:00:00,26.8676
2009-09-16 22:00:00,27.0212
2009-09-16 23:00:00,29.8063
2009-09-17 00:00:00,13.2157
2009-09-17 01:00:00,13.2302
2009-09-17 02:00:00,13.3084
2009-09-17 03:00:00,13.3959
2009-09-17 04:00:00,13.4278
2009-09-17 05:00:00,13.5198
2009-09-17 06:00:00,13.4612
2009-09-17 07:00:00,13.0027
2009-09-17 08:00:00,12.0083
2009-09-17 09:00:00,10.1131
2009-09-17 10:00:00,9.3242
2009-09-17 11:00:00,8.8692
2009-09-17 12:00:00,6.9922
2009-09-17 13:00:00,5.4747
2009-09-17 14:00:00,5.8825
2009-09-17 15:00:00,4.5313
2009-09-17 16:00:00,5.457
2009-09-17 17:00:00,6.2393
2009-09-17 18:00:00,9.7243
2009-09-17 19:00:00,11.5994
2009-09-17 20:00:00,11.9388
2009-09-17 21:00:00,12.1961
2009-09-17 22:00:00,12.63
2009-09-17 23:00:00,12.9764
2009-09-18 00:00:00,7.3041
2009-09-18 01:00:00,7.393
2009-09-18 02:00:00,7.6203
2009-09-18 03:00:00,7.8921
2009-09-18 04:00:00,8.0772
2009-09-18 05:00:00,8.1317
2009-09-18 06:00:00,7.5785
2009-09-18 07:00:00,6.7806
2009-09-18 08:00:00,5.9908
2009-09-18 09:00:00,3.7164
2009-09-18 10:00:00,3.0342
2009-09-18 11:00:00,2.3389
2009-09-18 12:00:00,1.0721
2009-09-18 13:00:00,0.237
2009-09-18 14:00:00,0.2229
2009-09-18 15:00:00,0.2371
2009-09-18 16:00:00,1.6064
2009-09-18 17:00:00,2.6619
2009-09-18 18:00:00,4.0714
2009-09-18 19:00:00,4.4881
2009-09-18 20:00:00,5.9926
2009-09-18 21:00:00,6.2259
2009-09-18 22:00:00,6.4318
2009-09-18 23:00:00,6.5601
2009-09-19 00:00:00,6.5976
2009-09-19 01:00:00,6.8528
2009-09-19 02:00:00,6.8665
2009-09-19 03:00:00,6.9398
2009-09-19 04:00:00,7.0899
2009-09-19 05:00:00,7.1164
2009-09-19 06:00:00,6.9951
2009-09-19 07:00:00,6.5209
2009-09-19 08:00:00,5.2316
2009-09-19 09:00:00,4.4378
2009-09-19 10:00:00,3.1316
2009-09-19 11:00:00,2.573
2009-09-19 12:00:00,2.506
2009-09-19 13:00:00,2.7216
2009-09-19 14:00:00,2.873
2009-09-19 15:00:00,2.2753
2009-09-19 16:00:00,3.6609
2009-09-19 17:00:00,4.6354
2009-09-19 18:00:00,4.8301
2009-09-19 19:00:00,5.306
2009-09-19 20:00:00,5.6467
2009-09-19 21:00:00,5.9135
2009-09-19 22:00:00,6.8997
2009-09-19 23:00:00,7.1126
2009-09-20 00:00:00,8.6467
2009-09-20 01:00:00,8.8408
2009-09-20 02:00:00,9.0383
2009-09-20 03:00:00,9.3099
2009-09-20 04:00:00,9.5235
2009-09-20 05:00:00,9.6766
2009-09-20 06:00:00,9.5143
2009-09-20 07:00:00,8.7674
2009-09-20 08:00:00,7.7121
2009-09-20 09:00:00,5.9617
2009-09-20 10:00:00,4.8217
2009-09-20 11:00:00,3.2683
2009-09-20 12:00:00,1.3609
2009-09-20 13:00:00,1.3699
2009-09-20 14:00:00,1.6115
2009-09-20 15:00:00,2.3377
2009-09-20 16:00:00,3.4414
2009-09-20 17:00:00,4.4837
2009-09-20 18:00:00,5.1345
2009-09-20 19:00:00,6.4687
2009-09-20 20:00:00,6.0766
2009-09-20 21:00:00,7.6641
2009-09-20 22:00:00,7.9161
2009-09-20 23:00:00,7.9093
2009-09-21 00:00:00,5.6884
2009-09-21 01:00:00,5.8965
2009-09-21 02:00:00,5.9958
2009-09-21 03:00:00,6.1166
2009-09-21 04:00:00,6.1201
2009-09-21 05:00:00,5.9742
2009-09-21 06:00:00,5.771
2009-09-21 07:00:00,5.2483
2009-09-21 08:00:00,4.4017
2009-09-21 09:00:00,2.1786
2009-09-21 10:00:00,1.0181
2009-09-21 11:00:00,0.3718
2009-09-21 12:00:00,0.0648
2009-09-21 13:00:00,0.0771
2009-09-21 14:00:00,0.0534
2009-09-21 15:00:00,0.6578
2009-09-21 16:00:00,1.2246
2009-09-21 17:00:00,1.7587
2009-09-21 18:00:00,4.0352
2009-09-21 19:00:00,4.4152
2009-09-21 20:00:00,4.7648
2009-09-21 21:00:00,5.0495
2009-09-21 22:00:00,5.2017
2009-09-21 23:00:00,5.4082
2009-09-22 00:00:00,4.8429
2009-09-22 01:00:00,4.9887
2009-09-22 02:00:00,5.2378
2009-09-22 03:00:00,5.2752
2009-09-22 04:00:00,5.3473
2009-09-22 05:00:00,5.4243
2009-09-22 06:00:00,5.3218
2009-09-22 07:00:00,4.7977
2009-09-22 08:00:00,3.5604
2009-09-22 09:00:00,1.4334
2009-09-22 10:00:00,0.2784
2009-09-22 11:00:00,0.1617
2009-09-22 12:00:00,0.0169
2009-09-22 13:00:00,0.0165
2009-09-22 14:00:00,0.0159
2009-09-22 15:00:00,0.0327
2009-09-22 16:00:00,1.0607
2009-09-22 17:00:00,1.6385
2009-09-22 18:00:00,3.4725
2009-09-22 19:00:00,3.9948
2009-09-22 20:00:00,4.3821
2009-09-22 21:00:00,4.7213
2009-09-22 22:00:00,4.8682
2009-09-22 23:00:00,4.9429
2009-09-23 00:00:00,8.1501
2009-09-23 01:00:00,8.4172
2009-09-23 02:00:00,8.7992
2009-09-23 03:00:00,9.0082
2009-09-23 04:00:00,9.3492
2009-09-23 05:00:00,9.5054
2009-09-23 06:00:00,8.9573
2009-09-23 07:00:00,7.6733
2009-09-23 08:00:00,5.3427
2009-09-23 09:00:00,1.502
2009-09-23 10:00:00,0.7683
2009-09-23 11:00:00,0.1176
2009-09-23 12:00:00,0.0162
2009-09-23 13:00:00,0.0148
2009-09-23 14:00:00,0.0152
2009-09-23 15:00:00,0.0325
2009-09-23 16:00:00,0.7137
2009-09-23 17:00:00,1.8193
2009-09-23 18:00:00,4.4176
2009-09-23 19:00:00,6.6531
2009-09-23 20:00:00,7.2248
2009-09-23 21:00:00,7.42
2009-09-23 22:00:00,7.7873
2009-09-23 23:00:00,8.0454
2009-09-24 00:00:00,8.6258
2009-09-24 01:00:00,8.7865
2009-09-24 02:00:00,9.2838
2009-09-24 03:00:00,9.406
2009-09-24 04:00:00,9.2763
2009-09-24 05:00:00,9.2204
2009-09-24 06:00:00,8.8051
2009-09-24 07:00:00,7.7692
2009-09-24 08:00:00,5.5488
2009-09-24 09:00:00,2.2578
2009-09-24 10:00:00,0.1372
2009-09-24 11:00:00,0.0397
2009-09-24 12:00:00,0.0277
2009-09-24 13:00:00,0.0278
2009-09-24 14:00:00,0.0185
2009-09-24 15:00:00,0.0338
2009-09-24 16:00:00,0.9144
2009-09-24 17:00:00,2.3897
2009-09-24 18:00:00,5.7583
2009-09-24 19:00:00,6.7821
2009-09-24 20:00:00,7.0957
2009-09-24 21:00:00,7.4109
2009-09-24 22:00:00,7.9342
2009-09-24 23:00:00,8.0528
2009-09-25 00:00:00,24.8298
2009-09-25 01:00:00,25.8629
2009-09-25 02:00:00,27.1564
2009-09-25 03:00:00,28.2605
2009-09-25 04:00:00,28.6435
2009-09-25 05:00:00,28.9108
2009-09-25 06:00:00,27.2628
2009-09-25 07:00:00,23.6444
2009-09-25 08:00:00,17.16
2009-09-25 09:00:00,13.2524
2009-09-25 10:00:00,7.7346
2009-09-25 11:00:00,6.4522
2009-09-25 12:00:00,4.7433
2009-09-25 13:00:00,5.0638
2009-09-25 14:00:00,5.1257
2009-09-25 15:00:00,5.7087
2009-09-25 16:00:00,6.6426
2009-09-25 17:00:00,7.9246
2009-09-25 18:00:00,16.8492
2009-09-25 19:00:00,22.8669
2009-09-25 20:00:00,23.1174
2009-09-25 21:00:00,25.7866
2009-09-25 22:00:00,27.6589
2009-09-25 23:00:00,29.0124
2009-09-26 00:00:00,40.964
2009-09-26 01:00:00,41.9275
2009-09-26 02:00:00,42.3134
2009-09-26 03:00:00,42.5344
2009-09-26 04:00:00,42.713
2009-09-26 05:00:00,43.0273
2009-09-26 06:00:00,41.7076
2009-09-26 07:00:00,37.8318
2009-09-26 08:00:00,29.6862
2009-09-26 09:00:00,21.1142
2009-09-26 10:00:00,12.929
2009-09-26 11:00:00,7.1469
2009-09-26 12:00:00,4.4184
2009-09-26 13:00:00,4.3889
2009-09-26 14:00:00,3.4909
2009-09-26 15:00:00,3.5784
2009-09-26 16:00:00,4.5685
2009-09-26 17:00:00,10.5373
2009-09-26 18:00:00,20.0698
2009-09-26 19:00:00,27.2043
2009-09-26 20:00:00,30.1406
2009-09-26 21:00:00,34.1087
2009-09-26 22:00:00,38.2182
2009-09-26 23:00:00,40.0911
2009-09-27 00:00:00,31.5528
2009-09-27 01:00:00,32.8784
2009-09-27 02:00:00,33.6341
2009-09-27 03:00:00,33.7606
2009-09-27 04:00:00,33.7425
2009-09-27 05:00:00,34.1035
2009-09-27 06:00:00,33.0805
2009-09-27 07:00:00,29.5032
2009-09-27 08:00:00,23.6703
2009-09-27 09:00:00,8.1017
2009-09-27 10:00:00,3.7244
2009-09-27 11:00:00,1.502
2009-09-27 12:00:00,0.2737
2009-09-27 13:00:00,0.2137
2009-09-27 14:00:00,0.6255
2009-09-27 15:00:00,2.1311
2009-09-27 16:00:00,2.9794
2009-09-27 17:00:00,5.6133
2009-09-27 18:00:00,13.7469
2009-09-27 19:00:00,18.0011
2009-09-27 20:00:00,25.6439
2009-09-27 21:00:00,27.1497
2009-09-27 22:00:00,28.9628
2009-09-27 23:00:00,30.1653
2009-09-28 00:00:00,30.9896
2009-09-28 01:00:00,32.2869
2009-09-28 02:00:00,32.9893
2009-09-28 03:00:00,33.5976
2009-09-28 04:00:00,33.609
2009-09-28 05:00:00,33.1943
2009-09-28 06:00:00,32.0969
2009-09-28 07:00:00,29.3019
2009-09-28 08:00:00,24.4018
2009-09-28 09:00:00,13.8694
2009-09-28 10:00:00,4.0572
2009-09-28 11:00:00,0.2582
2009-09-28 12:00:00,0.0961
2009-09-28 13:00:00,0.0883
2009-09-28 14:00:00,0.1026
2009-09-28 15:00:00,0.1005
2009-09-28 16:00:00,1.0225
2009-09-28 17:00:00,7.4944
2009-09-28 18:00:00,14.739
2009-09-28 19:00:00,20.544
2009-09-28 20:00:00,25.8021
2009-09-28 21:00:00,28.2265
2009-09-28 22:00:00,29.7707
2009-09-28 23:00:00,30.7842
2009-09-29 00:00:00,35.2009
2009-09-29 01:00:00,36.0586
2009-09-29 02:00:00,37.6002
2009-09-29 03:00:00,38.4809
2009-09-29 04:00:00,39.3012
2009-09-29 05:00:00,39.7456
2009-09-29 06:00:00,38.0625
2009-09-29 07:00:00,32.7773
2009-09-29 08:00:00,23.2139
2009-09-29 09:00:00,5.8043
2009-09-29 10:00:00,0.9305
2009-09-29 11:00:00,0.1254
2009-09-29 12:00:00,0.0337
2009-09-29 13:00:00,0.0154
2009-09-29 14:00:00,0.0152
2009-09-29 15:00:00,0.0181
2009-09-29 16:00:00,0.9739
2009-09-29 17:00:00,9.0374
2009-09-29 18:00:00,21.7264
2009-09-29 19:00:00,28.373
2009-09-29 20:00:00,31.7032
2009-09-29 21:00:00,33.9312
2009-09-29 22:00:00,35.8976
2009-09-29 23:00:00,37.447
2009-09-30 00:00:00,60.0633
2009-09-30 01:00:00,62.2548
2009-09-30 02:00:00,63.838
2009-09-30 03:00:00,65.5192
2009-09-30 04:00:00,66.8767
2009-09-30 05:00:00,67.6068
2009-09-30 06:00:00,64.8229
2009-09-30 07:00:00,55.1377
2009-09-30 08:00:00,42.7989
2009-09-30 09:00:00,16.8014
2009-09-30 10:00:00,3.9614
2009-09-30 11:00:00,2.8169
2009-09-30 12:00:00,0.9876
2009-09-30 13:00:00,0.0421
2009-09-30 14:00:00,0.0422
2009-09-30 15:00:00,0.2867
2009-09-30 16:00:00,1.4697
2009-09-30 17:00:00,6.5996
2009-09-30 18:00:00,23.0148
2009-09-30 19:00:00,38.1249
2009-09-30 20:00:00,46.0827
2009-09-30 21:00:00,48.6399
2009-09-30 22:00:00,50.9362
2009-09-30 23:00:00,54.3258
2009-10-01 00:00:00,53.2709
2009-10-01 01:00:00,55.863
2009-10-01 02:00:00,57.5686
2009-10-01 03:00:00,58.5598
2009-10-01 04:00:00,58.6258
2009-10-01 05:00:00,58.6006
2009-10-01 06:00:00,56.361
2009-10-01 07:00:00,50.5392
2009-10-01 08:00:00,43.0827
2009-10-01 09:00:00,22.3513
2009-10-01 10:00:00,6.7903
2009-10-01 11:00:00,3.4915
2009-10-01 12:00:00,2.3438
2009-10-01 13:00:00,2.9823
2009-10-01 14:00:00,4.2393
2009-10-01 15:00:00,4.4244
2009-10-01 16:00:00,6.0272
2009-10-01 17:00:00,13.7755
2009-10-01 18:00:00,20.7568
2009-10-01 19:00:00,22.4915
2009-10-01 20:00:00,35.551
2009-10-01 21:00:00,41.7623
2009-10-01 22:00:00,45.6292
2009-10-01 23:00:00,47.6756
2009-10-02 00:00:00,71.8754
2009-10-02 01:00:00,76.1052
2009-10-02 02:00:00,79.8901
2009-10-02 03:00:00,83.657
2009-10-02 04:00:00,85.5875
2009-10-02 05:00:00,87.7118
2009-10-02 06:00:00,87.0425
2009-10-02 07:00:00,78.1778
2009-10-02 08:00:00,63.4333
2009-10-02 09:00:00,32.7208
2009-10-02 10:00:00,15.8885
2009-10-02 11:00:00,12.1309
2009-10-02 12:00:00,11.2249
2009-10-02 13:00:00,10.7982
2009-10-02 14:00:00,11.0755
2009-10-02 15:00:00,12.1106
2009-10-02 16:00:00,29.9411
2009-10-02 17:00:00,52.2183
2009-10-02 18:00:00,63.4132
2009-10-02 19:00:00,71.0412
2009-10-02 20:00:00,76.2714
2009-10-02 21:00:00,82.5655
2009-10-02 22:00:00,87.5136
2009-10-02 23:00:00,91.8207
2009-10-03 00:00:00,131.5222
2009-10-03 01:00:00,136.9166
2009-10-03 02:00:00,144.7845
2009-10-03 03:00:00,150.3754
2009-10-03 04:00:00,154.9992
2009-10-03 05:00:00,158.7744
2009-10-03 06:00:00,155.6632
2009-10-03 07:00:00,136.3329
2009-10-03 08:00:00,113.2762
2009-10-03 09:00:00,79.999
2009-10-03 10:00:00,47.7831
2009-10-03 11:00:00,13.9955
2009-10-03 12:00:00,10.2846
2009-10-03 13:00:00,8.202
2009-10-03 14:00:00,6.9425
2009-10-03 15:00:00,6.8898
2009-10-03 16:00:00,12.643
2009-10-03 17:00:00,46.7129
2009-10-03 18:00:00,73.9567
2009-10-03 19:00:00,95.5621
2009-10-03 20:00:00,105.3214
2009-10-03 21:00:00,111.2047
2009-10-03 22:00:00,116.037
2009-10-03 23:00:00,119.4487
2009-10-04 00:00:00,112.2293
2009-10-04 01:00:00,113.5436
2009-10-04 02:00:00,114.4637
2009-10-04 03:00:00,115.0617
2009-10-04 04:00:00,116.802
2009-10-04 05:00:00,120.5751
2009-10-04 06:00:00,117.7756
2009-10-04 07:00:00,101.001
2009-10-04 08:00:00,79.9186
2009-10-04 09:00:00,51.8685
2009-10-04 10:00:00,26.2941
2009-10-04 11:00:00,11.1478
2009-10-04 12:00:00,8.8576
2009-10-04 13:00:00,7.8226
2009-10-04 14:00:00,7.7787
2009-10-04 15:00:00,9.9414
2009-10-04 16:00:00,20.1219
2009-10-04 17:00:00,53.7849
2009-10-04 18:00:00,76.7195
2009-10-04 19:00:00,94.6264
2009-10-04 20:00:00,102.6533
2009-10-04 21:00:00,106.8829
2009-10-04 22:00:00,112.0233
2009-10-04 23:00:00,115.0225
2009-10-05 00:00:00,117.6552
2009-10-05 01:00:00,121.7925
2009-10-05 02:00:00,125.5134
2009-10-05 03:00:00,128.5733
2009-10-05 04:00:00,130.1811
2009-10-05 05:00:00,129.8508
2009-10-05 06:00:00,124.2244
2009-10-05 07:00:00,110.2703
2009-10-05 08:00:00,93.9687
2009-10-05 09:00:00,71.9088
2009-10-05 10:00:00,43.0061
2009-10-05 11:00:00,27.8908
2009-10-05 12:00:00,19.291
2009-10-05 13:00:00,10.0166
2009-10-05 14:00:00,8.633
2009-10-05 15:00:00,8.8275
2009-10-05 16:00:00,10.8382
2009-10-05 17:00:00,23.4252
2009-10-05 18:00:00,27.6807
2009-10-05 19:00:00,42.0573
2009-10-05 20:00:00,48.6069
2009-10-05 21:00:00,51.4965
2009-10-05 22:00:00,53.931
2009-10-05 23:00:00,57.7384
2009-10-06 00:00:00,9.3536
2009-10-06 01:00:00,10.0144
2009-10-06 02:00:00,10.4302
2009-10-06 03:00:00,10.6912
2009-10-06 04:00:00,10.5891
2009-10-06 05:00:00,10.171
2009-10-06 06:00:00,9.4636
2009-10-06 07:00:00,8.3839
2009-10-06 08:00:00,6.7305
2009-10-06 09:00:00,1.9067
2009-10-06 10:00:00,0.3738
2009-10-06 11:00:00,0.0331
2009-10-06 12:00:00,0.3998
2009-10-06 13:00:00,0.4544
2009-10-06 14:00:00,0.4898
2009-10-06 15:00:00,0.7997
2009-10-06 16:00:00,1.3005
2009-10-06 17:00:00,1.709
2009-10-06 18:00:00,2.0737
2009-10-06 19:00:00,2.1733
2009-10-06 20:00:00,3.0044
2009-10-06 21:00:00,3.2558
2009-10-06 22:00:00,5.0639
2009-10-06 23:00:00,7.1368
2009-10-07 00:00:00,1.8677
2009-10-07 01:00:00,1.962
2009-10-07 02:00:00,2.0568
2009-10-07 03:00:00,2.1896
2009-10-07 04:00:00,2.2713
2009-10-07 05:00:00,2.3173
2009-10-07 06:00:00,2.291
2009-10-07 07:00:00,2.1355
2009-10-07 08:00:00,1.5535
2009-10-07 09:00:00,0.5877
2009-10-07 10:00:00,0.0064
2009-10-07 11:00:00,0.0031
2009-10-07 12:00:00,0.0027
2009-10-07 13:00:00,0.0005
2009-10-07 14:00:00,0.0005
2009-10-07 15:00:00,0.0192
2009-10-07 16:00:00,0.4871
2009-10-07 17:00:00,0.8216
2009-10-07 18:00:00,1.287
2009-10-07 19:00:00,1.4014
2009-10-07 20:00:00,1.3466
2009-10-07 21:00:00,1.3953
2009-10-07 22:00:00,1.3379
2009-10-07 23:00:00,1.4045
2009-10-08 00:00:00,1.5209
2009-10-08 01:00:00,2.0916
2009-10-08 02:00:00,2.2446
2009-10-08 03:00:00,2.7998
2009-10-08 04:00:00,4.4428
2009-10-08 05:00:00,4.6143
2009-10-08 06:00:00,4.7604
2009-10-08 07:00:00,4.4605
2009-10-08 08:00:00,4.0022
2009-10-08 09:00:00,3.6133
2009-10-08 10:00:00,2.719
2009-10-08 11:00:00,2.7528
2009-10-08 12:00:00,2.8004
2009-10-08 13:00:00,2.9881
2009-10-08 14:00:00,3.6566
2009-10-08 15:00:00,3.8138
2009-10-08 16:00:00,4.338
2009-10-08 17:00:00,4.7468
2009-10-08 18:00:00,4.9995
2009-10-08 19:00:00,5.1763
2009-10-08 20:00:00,5.2606
2009-10-08 21:00:00,5.3247
2009-10-08 22:00:00,5.4452
2009-10-08 23:00:00,5.5537
2009-10-09 00:00:00,21.7514
2009-10-09 01:00:00,22.1139
2009-10-09 02:00:00,22.5429
2009-10-09 03:00:00,22.9264
2009-10-09 04:00:00,23.5302
2009-10-09 05:00:00,30.9882
2009-10-09 06:00:00,31.8285
2009-10-09 07:00:00,31.3487
2009-10-09 08:00:00,30.0008
2009-10-09 09:00:00,26.0952
2009-10-09 10:00:00,19.1534
2009-10-09 11:00:00,19.575
2009-10-09 12:00:00,19.6457
2009-10-09 13:00:00,19.4977
2009-10-09 14:00:00,19.4588
2009-10-09 15:00:00,20.1803
2009-10-09 16:00:00,20.7065
2009-10-09 17:00:00,25.2324
2009-10-09 18:00:00,29.4244
2009-10-09 19:00:00,30.5366
2009-10-09 20:00:00,30.6245
2009-10-09 21:00:00,30.7556
2009-10-09 22:00:00,31.1132
2009-10-09 23:00:00,30.8294
2009-10-10 00:00:00,42.6331
2009-10-10 01:00:00,42.8673
2009-10-10 02:00:00,43.2145
2009-10-10 03:00:00,44.5589
2009-10-10 04:00:00,44.4537
2009-10-10 05:00:00,44.3923
2009-10-10 06:00:00,43.7672
2009-10-10 07:00:00,42.9886
2009-10-10 08:00:00,38.6506
2009-10-10 09:00:00,34.4781
2009-10-10 10:00:00,30.6963
2009-10-10 11:00:00,27.0644
2009-10-10 12:00:00,25.7121
2009-10-10 13:00:00,22.5637
2009-10-10 14:00:00,22.0613
2009-10-10 15:00:00,22.9154
2009-10-10 16:00:00,30.2295
2009-10-10 17:00:00,39.6538
2009-10-10 18:00:00,48.2916
2009-10-10 19:00:00,50.094
2009-10-10 20:00:00,50.9088
2009-10-10 21:00:00,51.5449
2009-10-10 22:00:00,53.1143
2009-10-10 23:00:00,55.1196
2009-10-11 00:00:00,85.4912
2009-10-11 01:00:00,88.2308
2009-10-11 02:00:00,91.2032
2009-10-11 03:00:00,94.6388
2009-10-11 04:00:00,97.2989
2009-10-11 05:00:00,100.1866
2009-10-11 06:00:00,101.5434
2009-10-11 07:00:00,93.4694
2009-10-11 08:00:00,82.5273
2009-10-11 09:00:00,71.2271
2009-10-11 10:00:00,37.2155
2009-10-11 11:00:00,23.9903
2009-10-11 12:00:00,19.6506
2009-10-11 13:00:00,18.3523
2009-10-11 14:00:00,19.7166
2009-10-11 15:00:00,28.4082
2009-10-11 16:00:00,36.5959
2009-10-11 17:00:00,57.1277
2009-10-11 18:00:00,65.2038
2009-10-11 19:00:00,71.6088
2009-10-11 20:00:00,76.2316
2009-10-11 21:00:00,78.802
2009-10-11 22:00:00,82.1116
2009-10-11 23:00:00,84.6465
2009-10-12 00:00:00,101.7902
2009-10-12 01:00:00,105.7817
2009-10-12 02:00:00,104.104
2009-10-12 03:00:00,111.7354
2009-10-12 04:00:00,125.8743
2009-10-12 05:00:00,143.0859
2009-10-12 06:00:00,153.3256
2009-10-12 07:00:00,150.0041
2009-10-12 08:00:00,141.7303
2009-10-12 09:00:00,139.471
2009-10-12 10:00:00,134.7752
2009-10-12 11:00:00,126.3024
2009-10-12 12:00:00,130.1062
2009-10-12 13:00:00,129.4472
2009-10-12 14:00:00,133.0924
2009-10-12 15:00:00,143.3192
2009-10-12 16:00:00,152.5422
2009-10-12 17:00:00,160.6059
2009-10-12 18:00:00,166.7581
2009-10-12 19:00:00,171.2256
2009-10-12 20:00:00,176.3385
2009-10-12 21:00:00,180.9456
2009-10-12 22:00:00,183.3626
2009-10-12 23:00:00,186.7462
2009-10-13 00:00:00,189.7536
2009-10-13 01:00:00,192.9921
2009-10-13 02:00:00,195.5783
2009-10-13 03:00:00,196.4352
2009-10-13 04:00:00,197.1159
2009-10-13 05:00:00,198.3676
2009-10-13 06:00:00,198.1007
2009-10-13 07:00:00,189.3377
2009-10-13 08:00:00,173.9921
2009-10-13 09:00:00,162.0817
2009-10-13 10:00:00,148.4839
2009-10-13 11:00:00,137.8869
2009-10-13 12:00:00,134.1871
2009-10-13 13:00:00,132.3702
2009-10-13 14:00:00,135.3707
2009-10-13 15:00:00,141.2934
2009-10-13 16:00:00,155.7166
2009-10-13 17:00:00,167.094
2009-10-13 18:00:00,173.2686
2009-10-13 19:00:00,178.1743
2009-10-13 20:00:00,182.8385
2009-10-13 21:00:00,189.053
2009-10-13 22:00:00,194.4296
2009-10-13 23:00:00,200.2264
2009-10-14 00:00:00,205.8854
2009-10-14 01:00:00,209.9015
2009-10-14 02:00:00,214.0104
2009-10-14 03:00:00,219.6332
2009-10-14 04:00:00,224.5748
2009-10-14 05:00:00,225.8133
2009-10-14 06:00:00,226.6815
2009-10-14 07:00:00,217.8227
2009-10-14 08:00:00,204.1424
2009-10-14 09:00:00,194.2813
2009-10-14 10:00:00,187.2267
2009-10-14 11:00:00,178.2236
2009-10-14 12:00:00,173.3543
2009-10-14 13:00:00,171.7608
2009-10-14 14:00:00,175.2208
2009-10-14 15:00:00,182.6576
2009-10-14 16:00:00,194.9785
2009-10-14 17:00:00,208.9234
2009-10-14 18:00:00,219.981
2009-10-14 19:00:00,227.9353
2009-10-14 20:00:00,234.8758
2009-10-14 21:00:00,243.2132
2009-10-14 22:00:00,250.3906
2009-10-14 23:00:00,256.006
2009-10-15 00:00:00,260.1876
2009-10-15 01:00:00,263.5052
2009-10-15 02:00:00,266.1926
2009-10-15 03:00:00,268.2691
2009-10-15 04:00:00,271.7417
2009-10-15 05:00:00,274.9007
2009-10-15 06:00:00,271.7344
2009-10-15 07:00:00,260.3722
2009-10-15 08:00:00,242.8463
2009-10-15 09:00:00,228.8076
2009-10-15 10:00:00,217.098
2009-10-15 11:00:00,211.0208
2009-10-15 12:00:00,204.848
2009-10-15 13:00:00,200.4461
2009-10-15 14:00:00,201.1022
2009-10-15 15:00:00,206.0017
2009-10-15 16:00:00,215.003
2009-10-15 17:00:00,226.1241
2009-10-15 18:00:00,233.0014
2009-10-15 19:00:00,236.8104
2009-10-15 20:00:00,241.3421
2009-10-15 21:00:00,246.2455
2009-10-15 22:00:00,248.9312
2009-10-15 23:00:00,250.2002
2009-10-16 00:00:00,252.0207
2009-10-16 01:00:00,253.1916
2009-10-16 02:00:00,252.4516
2009-10-16 03:00:00,253.8017
2009-10-16 04:00:00,253.776
2009-10-16 05:00:00,254.4652
2009-10-16 06:00:00,252.7496
2009-10-16 07:00:00,241.9641
2009-10-16 08:00:00,224.3641
2009-10-16 09:00:00,207.1887
2009-10-16 10:00:00,192.7896
2009-10-16 11:00:00,181.7666
2009-10-16 12:00:00,174.2959
2009-10-16 13:00:00,171.9066
2009-10-16 14:00:00,172.7233
2009-10-16 15:00:00,178.0967
2009-10-16 16:00:00,185.8541
2009-10-16 17:00:00,197.8876
2009-10-16 18:00:00,201.7037
2009-10-16 19:00:00,202.8404
2009-10-16 20:00:00,204.2669
2009-10-16 21:00:00,207.8131
2009-10-16 22:00:00,209.0096
2009-10-16 23:00:00,208.8094
2009-10-17 00:00:00,210.3743
2009-10-17 01:00:00,211.8732
2009-10-17 02:00:00,212.615
2009-10-17 03:00:00,213.285
2009-10-17 04:00:00,214.0241
2009-10-17 05:00:00,214.9817
2009-10-17 06:00:00,214.8072
2009-10-17 07:00:00,211.7364
2009-10-17 08:00:00,206.8363
2009-10-17 09:00:00,202.3817
2009-10-17 10:00:00,198.4515
2009-10-17 11:00:00,194.1745
2009-10-17 12:00:00,189.4944
2009-10-17 13:00:00,186.5786
2009-10-17 14:00:00,188.0561
2009-10-17 15:00:00,196.8097
2009-10-17 16:00:00,210.1395
2009-10-17 17:00:00,219.0719
2009-10-17 18:00:00,223.3991
2009-10-17 19:00:00,226.5538
2009-10-17 20:00:00,230.7802
2009-10-17 21:00:00,235.8828
2009-10-17 22:00:00,237.6269
2009-10-17 23:00:00,238.4871
2009-10-18 00:00:00,238.7711
2009-10-18 01:00:00,241.6074
2009-10-18 02:00:00,244.9741
2009-10-18 03:00:00,246.4929
2009-10-18 04:00:00,248.7379
2009-10-18 05:00:00,247.8824
2009-10-18 06:00:00,247.386
2009-10-18 07:00:00,240.4764
2009-10-18 08:00:00,229.8604
2009-10-18 09:00:00,218.7696
2009-10-18 10:00:00,207.505
2009-10-18 11:00:00,200.8172
2009-10-18 12:00:00,195.0925
2009-10-18 13:00:00,191.5597
2009-10-18 14:00:00,191.0096
2009-10-18 15:00:00,197.3857
2009-10-18 16:00:00,207.7599
2009-10-18 17:00:00,216.1649
2009-10-18 18:00:00,222.5544
2009-10-18 19:00:00,226.1822
2009-10-18 20:00:00,230.6692
2009-10-18 21:00:00,233.9932
2009-10-18 22:00:00,238.2481
2009-10-18 23:00:00,242.8252
2009-10-19 00:00:00,246.0219
2009-10-19 01:00:00,247.9174
2009-10-19 02:00:00,249.2136
2009-10-19 03:00:00,251.6937
2009-10-19 04:00:00,253.1523
2009-10-19 05:00:00,253.9486
2009-10-19 06:00:00,254.7717
2009-10-19 07:00:00,247.4605
2009-10-19 08:00:00,236.3303
2009-10-19 09:00:00,222.3064
2009-10-19 10:00:00,206.4665
2009-10-19 11:00:00,194.9936
2009-10-19 12:00:00,185.6087
2009-10-19 13:00:00,178.876
2009-10-19 14:00:00,178.4608
2009-10-19 15:00:00,184.5868
2009-10-19 16:00:00,199.7204
2009-10-19 17:00:00,216.6407
2009-10-19 18:00:00,228.4118
2009-10-19 19:00:00,235.862
2009-10-19 20:00:00,242.0249
2009-10-19 21:00:00,247.956
2009-10-19 22:00:00,253.277
2009-10-19 23:00:00,257.4444
2009-10-20 00:00:00,261.3598
2009-10-20 01:00:00,264.099
2009-10-20 02:00:00,265.3419
2009-10-20 03:00:00,266.1077
2009-10-20 04:00:00,265.4857
2009-10-20 05:00:00,265.5364
2009-10-20 06:00:00,264.1641
2009-10-20 07:00:00,255.6484
2009-10-20 08:00:00,240.9199
2009-10-20 09:00:00,224.6304
2009-10-20 10:00:00,206.3156
2009-10-20 11:00:00,187.3244
2009-10-20 12:00:00,166.3051
2009-10-20 13:00:00,154.3397
2009-10-20 14:00:00,151.748
2009-10-20 15:00:00,156.995
2009-10-20 16:00:00,169.6553
2009-10-20 17:00:00,182.916
2009-10-20 18:00:00,191.1033
2009-10-20 19:00:00,195.4926
2009-10-20 20:00:00,198.3518
2009-10-20 21:00:00,200.985
2009-10-20 22:00:00,202.1276
2009-10-20 23:00:00,203.5483
2009-10-21 00:00:00,199.1201
2009-10-21 01:00:00,198.4487
2009-10-21 02:00:00,198.4933
2009-10-21 03:00:00,198.3691
2009-10-21 04:00:00,198.0653
2009-10-21 05:00:00,199.7097
2009-10-21 06:00:00,198.9519
2009-10-21 07:00:00,190.8073
2009-10-21 08:00:00,175.9688
2009-10-21 09:00:00,164.6257
2009-10-21 10:00:00,151.0744
2009-10-21 11:00:00,136.715
2009-10-21 12:00:00,119.822
2009-10-21 13:00:00,100.6149
2009-10-21 14:00:00,91.2459
2009-10-21 15:00:00,93.8617
2009-10-21 16:00:00,111.5582
2009-10-21 17:00:00,124.4896
2009-10-21 18:00:00,130.9967
2009-10-21 19:00:00,135.2854
2009-10-21 20:00:00,142.5393
2009-10-21 21:00:00,149.0246
2009-10-21 22:00:00,150.67
2009-10-21 23:00:00,151.6391
2009-10-22 00:00:00,158.3225
2009-10-22 01:00:00,163.1836
2009-10-22 02:00:00,169.5033
2009-10-22 03:00:00,172.7355
2009-10-22 04:00:00,177.9398
2009-10-22 05:00:00,181.0903
2009-10-22 06:00:00,181.0552
2009-10-22 07:00:00,174.5869
2009-10-22 08:00:00,163.4529
2009-10-22 09:00:00,151.0472
2009-10-22 10:00:00,136.8048
2009-10-22 11:00:00,115.5632
2009-10-22 12:00:00,104.1327
2009-10-22 13:00:00,90.8803
2009-10-22 14:00:00,76.5615
2009-10-22 15:00:00,83.7756
2009-10-22 16:00:00,111.6075
2009-10-22 17:00:00,134.4683
2009-10-22 18:00:00,148.0938
2009-10-22 19:00:00,156.867
2009-10-22 20:00:00,162.0242
2009-10-22 21:00:00,169.1314
2009-10-22 22:00:00,175.305
2009-10-22 23:00:00,180.4285
2009-10-23 00:00:00,182.3027
2009-10-23 01:00:00,183.0249
2009-10-23 02:00:00,182.4823
2009-10-23 03:00:00,182.1791
2009-10-23 04:00:00,181.7498
2009-10-23 05:00:00,176.2424
2009-10-23 06:00:00,171.3031
2009-10-23 07:00:00,165.2641
2009-10-23 08:00:00,160.5366
2009-10-23 09:00:00,155.1705
2009-10-23 10:00:00,149.4303
2009-10-23 11:00:00,142.6935
2009-10-23 12:00:00,140.9258
2009-10-23 13:00:00,136.9198
2009-10-23 14:00:00,134.1465
2009-10-23 15:00:00,137.1722
2009-10-23 16:00:00,143.6623
2009-10-23 17:00:00,150.0259
2009-10-23 18:00:00,154.575
2009-10-23 19:00:00,158.4994
2009-10-23 20:00:00,160.9351
2009-10-23 21:00:00,163.4454
2009-10-23 22:00:00,168.0004
2009-10-23 23:00:00,171.7316
2009-10-24 00:00:00,177.3649
2009-10-24 01:00:00,180.9258
2009-10-24 02:00:00,183.9259
2009-10-24 03:00:00,184.5244
2009-10-24 04:00:00,185.6607
2009-10-24 05:00:00,187.2219
2009-10-24 06:00:00,188.0581
2009-10-24 07:00:00,182.9659
2009-10-24 08:00:00,170.2673
2009-10-24 09:00:00,156.2864
2009-10-24 10:00:00,140.6087
2009-10-24 11:00:00,129.9918
2009-10-24 12:00:00,112.0851
2009-10-24 13:00:00,102.4995
2009-10-24 14:00:00,103.5976
2009-10-24 15:00:00,118.1452
2009-10-24 16:00:00,133.3986
2009-10-24 17:00:00,143.869
2009-10-24 18:00:00,150.8756
2009-10-24 19:00:00,151.2449
2009-10-24 20:00:00,146.5738
2009-10-24 21:00:00,149.9949
2009-10-24 22:00:00,145.5876
2009-10-24 23:00:00,145.3213
2009-10-25 00:00:00,140.9845
2009-10-25 01:00:00,142.8895
2009-10-25 02:00:00,143.2101
2009-10-25 03:00:00,146.8618
2009-10-25 04:00:00,148.8122
2009-10-25 05:00:00,149.8469
2009-10-25 06:00:00,148.5781
2009-10-25 07:00:00,140.725
2009-10-25 08:00:00,129.989
2009-10-25 09:00:00,113.9535
2009-10-25 10:00:00,96.0543
2009-10-25 11:00:00,81.1692
2009-10-25 12:00:00,70.1565
2009-10-25 13:00:00,67.6828
2009-10-25 14:00:00,59.9029
2009-10-25 15:00:00,70.5769
2009-10-25 16:00:00,79.4972
2009-10-25 17:00:00,86.9741
2009-10-25 18:00:00,92.5413
2009-10-25 19:00:00,99.0954
2009-10-25 20:00:00,103.5008
2009-10-25 21:00:00,108.7484
2009-10-25 22:00:00,114.1153
2009-10-25 23:00:00,117.115
2009-10-26 00:00:00,124.5372
2009-10-26 01:00:00,127.9795
2009-10-26 02:00:00,130.468
2009-10-26 03:00:00,131.6416
2009-10-26 04:00:00,134.0964
2009-10-26 05:00:00,135.0439
2009-10-26 06:00:00,135.5393
2009-10-26 07:00:00,131.8417
2009-10-26 08:00:00,121.7229
2009-10-26 09:00:00,103.6641
2009-10-26 10:00:00,88.3145
2009-10-26 11:00:00,81.409
2009-10-26 12:00:00,69.7235
2009-10-26 13:00:00,66.9371
2009-10-26 14:00:00,70.186
2009-10-26 15:00:00,80.0797
2009-10-26 16:00:00,100.1954
2009-10-26 17:00:00,126.678
2009-10-26 18:00:00,136.416
2009-10-26 19:00:00,142.4898
2009-10-26 20:00:00,146.9582
2009-10-26 21:00:00,151.7316
2009-10-26 22:00:00,158.6674
2009-10-26 23:00:00,165.1382
2009-10-27 00:00:00,182.828
2009-10-27 01:00:00,191.82
2009-10-27 02:00:00,197.2169
2009-10-27 03:00:00,203.7223
2009-10-27 04:00:00,208.6078
2009-10-27 05:00:00,210.9497
2009-10-27 06:00:00,212.7488
2009-10-27 07:00:00,203.9288
2009-10-27 08:00:00,184.7534
2009-10-27 09:00:00,161.3269
2009-10-27 10:00:00,130.1348
2009-10-27 11:00:00,96.6769
2009-10-27 12:00:00,65.0093
2009-10-27 13:00:00,60.8479
2009-10-27 14:00:00,62.2777
2009-10-27 15:00:00,81.6414
2009-10-27 16:00:00,118.2138
2009-10-27 17:00:00,148.8142
2009-10-27 18:00:00,165.2336
2009-10-27 19:00:00,175.3734
2009-10-27 20:00:00,181.0939
2009-10-27 21:00:00,188.0462
2009-10-27 22:00:00,194.7022
2009-10-27 23:00:00,199.0747
2009-10-28 00:00:00,204.0467
2009-10-28 01:00:00,208.0081
2009-10-28 02:00:00,211.303
2009-10-28 03:00:00,211.2529
2009-10-28 04:00:00,210.5894
2009-10-28 05:00:00,209.7338
2009-10-28 06:00:00,208.953
2009-10-28 07:00:00,202.4306
2009-10-28 08:00:00,186.8678
2009-10-28 09:00:00,166.158
2009-10-28 10:00:00,142.4038
2009-10-28 11:00:00,117.8259
2009-10-28 12:00:00,96.0178
2009-10-28 13:00:00,76.9089
2009-10-28 14:00:00,69.8605
2009-10-28 15:00:00,86.0863
2009-10-28 16:00:00,116.459
2009-10-28 17:00:00,141.6841
2009-10-28 18:00:00,152.0974
2009-10-28 19:00:00,165.6497
2009-10-28 20:00:00,172.337
2009-10-28 21:00:00,176.535
2009-10-28 22:00:00,182.6674
2009-10-28 23:00:00,188.1437
2009-10-29 00:00:00,190.8309
2009-10-29 01:00:00,193.1534
2009-10-29 02:00:00,194.4383
2009-10-29 03:00:00,197.3384
2009-10-29 04:00:00,201.485
2009-10-29 05:00:00,205.9395
2009-10-29 06:00:00,208.0608
2009-10-29 07:00:00,201.84
2009-10-29 08:00:00,184.9959
2009-10-29 09:00:00,162.707
2009-10-29 10:00:00,135.8206
2009-10-29 11:00:00,105.7336
2009-10-29 12:00:00,80.7623
2009-10-29 13:00:00,55.2245
2009-10-29 14:00:00,45.414
2009-10-29 15:00:00,67.3103
2009-10-29 16:00:00,113.6916
2009-10-29 17:00:00,139.911
2009-10-29 18:00:00,156.9207
2009-10-29 19:00:00,170.4377
2009-10-29 20:00:00,178.2911
2009-10-29 21:00:00,186.1483
2009-10-29 22:00:00,191.3565
2009-10-29 23:00:00,197.0997
2009-10-30 00:00:00,195.675
2009-10-30 01:00:00,195.678
2009-10-30 02:00:00,193.698
2009-10-30 03:00:00,193.35
2009-10-30 04:00:00,194.5476
2009-10-30 05:00:00,193.9246
2009-10-30 06:00:00,194.1523
2009-10-30 07:00:00,191.0515
2009-10-30 08:00:00,181.8625
2009-10-30 09:00:00,171.4256
2009-10-30 10:00:00,163.0992
2009-10-30 11:00:00,155.6167
2009-10-30 12:00:00,149.0321
2009-10-30 13:00:00,145.9733
2009-10-30 14:00:00,146.9859
2009-10-30 15:00:00,152.6063
2009-10-30 16:00:00,160.5137
2009-10-30 17:00:00,164.5777
2009-10-30 18:00:00,167.5776
2009-10-30 19:00:00,172.2681
2009-10-30 20:00:00,174.8721
2009-10-30 21:00:00,177.14
2009-10-30 22:00:00,180.0149
2009-10-30 23:00:00,181.9048
2009-10-31 00:00:00,184.8229
2009-10-31 01:00:00,186.8303
2009-10-31 02:00:00,189.7426
2009-10-31 03:00:00,191.654
2009-10-31 04:00:00,195.0634
2009-10-31 05:00:00,195.6772
2009-10-31 06:00:00,194.4424
2009-10-31 07:00:00,190.4794
2009-10-31 08:00:00,183.2094
2009-10-31 09:00:00,172.425
2009-10-31 10:00:00,161.4583
2009-10-31 11:00:00,149.9719
2009-10-31 12:00:00,135.4933
2009-10-31 13:00:00,127.8631
2009-10-31 14:00:00,126.9004
2009-10-31 15:00:00,130.7274
2009-10-31 16:00:00,147.4163
2009-10-31 17:00:00,160.2976
2009-10-31 18:00:00,168.1951
2009-10-31 19:00:00,175.8083
2009-10-31 20:00:00,182.4517
2009-10-31 21:00:00,188.7837
2009-10-31 22:00:00,195.0164
2009-10-31 23:00:00,199.9499
2009-11-01 00:00:00,202.1541
2009-11-01 01:00:00,205.2231
2009-11-01 02:00:00,208.0666
2009-11-01 03:00:00,209.3369
2009-11-01 04:00:00,208.4542
2009-11-01 05:00:00,208.3552
2009-11-01 06:00:00,208.8555
2009-11-01 07:00:00,204.7676
2009-11-01 08:00:00,193.2123
2009-11-01 09:00:00,175.668
2009-11-01 10:00:00,154.6543
2009-11-01 11:00:00,128.2143
2009-11-01 12:00:00,106.6905
2009-11-01 13:00:00,96.0819
2009-11-01 14:00:00,96.7193
2009-11-01 15:00:00,111.4289
2009-11-01 16:00:00,134.74
2009-11-01 17:00:00,143.6654
2009-11-01 18:00:00,144.4892
2009-11-01 19:00:00,142.237
2009-11-01 20:00:00,137.7098
2009-11-01 21:00:00,137.5794
2009-11-01 22:00:00,139.6236
2009-11-01 23:00:00,142.3302
2009-11-02 00:00:00,138.9097
2009-11-02 01:00:00,137.8312
2009-11-02 02:00:00,132.6445
2009-11-02 03:00:00,128.2118
2009-11-02 04:00:00,131.0689
2009-11-02 05:00:00,137.1068
2009-11-02 06:00:00,141.153
2009-11-02 07:00:00,142.6749
2009-11-02 08:00:00,146.3311
2009-11-02 09:00:00,147.7299
2009-11-02 10:00:00,149.3057
2009-11-02 11:00:00,157.5812
2009-11-02 12:00:00,164.1904
2009-11-02 13:00:00,173.4494
2009-11-02 14:00:00,181.7541
2009-11-02 15:00:00,188.4544
2009-11-02 16:00:00,192.7482
2009-11-02 17:00:00,197.6057
2009-11-02 18:00:00,200.1496
2009-11-02 19:00:00,203.2164
2009-11-02 20:00:00,204.2691
2009-11-02 21:00:00,205.348
2009-11-02 22:00:00,207.6931
2009-11-02 23:00:00,210.0595
2009-11-03 00:00:00,211.8798
2009-11-03 01:00:00,214.4718
2009-11-03 02:00:00,216.6825
2009-11-03 03:00:00,217.9545
2009-11-03 04:00:00,217.5168
2009-11-03 05:00:00,217.0053
2009-11-03 06:00:00,216.4767
2009-11-03 07:00:00,213.0772
2009-11-03 08:00:00,201.8824
2009-11-03 09:00:00,187.89
2009-11-03 10:00:00,177.8349
2009-11-03 11:00:00,168.064
2009-11-03 12:00:00,162.6674
2009-11-03 13:00:00,160.2327
2009-11-03 14:00:00,161.8099
2009-11-03 15:00:00,167.0999
2009-11-03 16:00:00,173.283
2009-11-03 17:00:00,177.8975
2009-11-03 18:00:00,178.8209
2009-11-03 19:00:00,177.574
2009-11-03 20:00:00,174.2317
2009-11-03 21:00:00,170.5453
2009-11-03 22:00:00,167.799
2009-11-03 23:00:00,167.4194
2009-11-04 00:00:00,166.4662
2009-11-04 01:00:00,161.5654
2009-11-04 02:00:00,160.4851
2009-11-04 03:00:00,158.0768
2009-11-04 04:00:00,155.7194
2009-11-04 05:00:00,161.347
2009-11-04 06:00:00,162.2975
2009-11-04 07:00:00,165.4663
2009-11-04 08:00:00,168.5266
2009-11-04 09:00:00,166.2876
2009-11-04 10:00:00,164.4705
2009-11-04 11:00:00,158.1113
2009-11-04 12:00:00,150.3045
2009-11-04 13:00:00,145.537
2009-11-04 14:00:00,149.4569
2009-11-04 15:00:00,158.4174
2009-11-04 16:00:00,171.3933
2009-11-04 17:00:00,182.2592
2009-11-04 18:00:00,185.2092
2009-11-04 19:00:00,189.7928
2009-11-04 20:00:00,191.4156
2009-11-04 21:00:00,196.0828
2009-11-04 22:00:00,197.5054
2009-11-04 23:00:00,199.4731
2009-11-05 00:00:00,203.2933
2009-11-05 01:00:00,206.0959
2009-11-05 02:00:00,207.0618
2009-11-05 03:00:00,206.548
2009-11-05 04:00:00,208.6238
2009-11-05 05:00:00,213.4372
2009-11-05 06:00:00,215.2868
2009-11-05 07:00:00,210.9297
2009-11-05 08:00:00,197.9553
2009-11-05 09:00:00,183.1889
2009-11-05 10:00:00,167.7679
2009-11-05 11:00:00,158.1271
2009-11-05 12:00:00,152.1834
2009-11-05 13:00:00,150.6629
2009-11-05 14:00:00,153.6901
2009-11-05 15:00:00,165.5458
2009-11-05 16:00:00,180.8306
2009-11-05 17:00:00,191.4827
2009-11-05 18:00:00,196.9939
2009-11-05 19:00:00,202.2483
2009-11-05 20:00:00,204.414
2009-11-05 21:00:00,204.2986
2009-11-05 22:00:00,205.0168
2009-11-05 23:00:00,209.041
2009-11-06 00:00:00,212.9027
2009-11-06 01:00:00,214.9842
2009-11-06 02:00:00,218.7517
2009-11-06 03:00:00,221.2054
2009-11-06 04:00:00,219.8193
2009-11-06 05:00:00,220.4313
2009-11-06 06:00:00,219.0886
2009-11-06 07:00:00,213.9656
2009-11-06 08:00:00,204.5068
2009-11-06 09:00:00,192.0902
2009-11-06 10:00:00,180.2799
2009-11-06 11:00:00,172.0659
2009-11-06 12:00:00,167.012
2009-11-06 13:00:00,166.5943
2009-11-06 14:00:00,166.3331
2009-11-06 15:00:00,169.9547
2009-11-06 16:00:00,186.2391
2009-11-06 17:00:00,200.4737
2009-11-06 18:00:00,210.4452
2009-11-06 19:00:00,220.5639
2009-11-06 20:00:00,227.6648
2009-11-06 21:00:00,232.5627
2009-11-06 22:00:00,237.8168
2009-11-06 23:00:00,242.1341
2009-11-07 00:00:00,245.8401
2009-11-07 01:00:00,248.6585
2009-11-07 02:00:00,250.4138
2009-11-07 03:00:00,251.2438
2009-11-07 04:00:00,252.3521
2009-11-07 05:00:00,251.2264
2009-11-07 06:00:00,250.2656
2009-11-07 07:00:00,244.654
2009-11-07 08:00:00,232.7222
2009-11-07 09:00:00,218.5205
2009-11-07 10:00:00,205.687
2009-11-07 11:00:00,193.515
2009-11-07 12:00:00,185.7595
2009-11-07 13:00:00,181.4643
2009-11-07 14:00:00,180.5193
2009-11-07 15:00:00,184.7545
2009-11-07 16:00:00,192.2407
2009-11-07 17:00:00,197.0053
2009-11-07 18:00:00,203.2094
2009-11-07 19:00:00,204.5032
2009-11-07 20:00:00,204.3185
2009-11-07 21:00:00,206.9392
2009-11-07 22:00:00,209.4429
2009-11-07 23:00:00,212.9141
2009-11-08 00:00:00,215.2993
2009-11-08 01:00:00,216.1687
2009-11-08 02:00:00,217.8279
2009-11-08 03:00:00,220.1148
2009-11-08 04:00:00,221.8854
2009-11-08 05:00:00,224.1997
2009-11-08 06:00:00,227.0106
2009-11-08 07:00:00,226.7349
2009-11-08 08:00:00,221.4362
2009-11-08 09:00:00,212.6793
2009-11-08 10:00:00,204.7486
2009-11-08 11:00:00,200.0799
2009-11-08 12:00:00,197.2844
2009-11-08 13:00:00,198.1453
2009-11-08 14:00:00,200.3611
2009-11-08 15:00:00,203.1637
2009-11-08 16:00:00,205.8825
2009-11-08 17:00:00,208.6377
2009-11-08 18:00:00,211.2274
2009-11-08 19:00:00,213.626
2009-11-08 20:00:00,215.3782
2009-11-08 21:00:00,216.6
2009-11-08 22:00:00,217.772
2009-11-08 23:00:00,218.672
2009-11-09 00:00:00,220.8172
2009-11-09 01:00:00,222.2277
2009-11-09 02:00:00,224.3817
2009-11-09 03:00:00,226.2522
2009-11-09 04:00:00,226.8101
2009-11-09 05:00:00,226.7111
2009-11-09 06:00:00,226.8572
2009-11-09 07:00:00,225.5186
2009-11-09 08:00:00,221.6573
2009-11-09 09:00:00,217.1193
2009-11-09 10:00:00,211.6106
2009-11-09 11:00:00,207.3372
2009-11-09 12:00:00,205.2702
2009-11-09 13:00:00,205.7819
2009-11-09 14:00:00,207.3463
2009-11-09 15:00:00,210.8875
2009-11-09 16:00:00,215.2781
2009-11-09 17:00:00,218.8439
2009-11-09 18:00:00,221.9543
2009-11-09 19:00:00,223.6676
2009-11-09 20:00:00,224.5318
2009-11-09 21:00:00,226.7246
2009-11-09 22:00:00,228.9086
2009-11-09 23:00:00,230.2669
2009-11-10 00:00:00,231.5168
2009-11-10 01:00:00,232.0008
2009-11-10 02:00:00,232.5968
2009-11-10 03:00:00,232.513
2009-11-10 04:00:00,231.8366
2009-11-10 05:00:00,230.9221
2009-11-10 06:00:00,229.7659
2009-11-10 07:00:00,227.2097
2009-11-10 08:00:00,223.3284
2009-11-10 09:00:00,218.1482
2009-11-10 10:00:00,212.3188
2009-11-10 11:00:00,208.3566
2009-11-10 12:00:00,205.2998
2009-11-10 13:00:00,204.8632
2009-11-10 14:00:00,204.4003
2009-11-10 15:00:00,205.7569
2009-11-10 16:00:00,209.7523
2009-11-10 17:00:00,212.0703
2009-11-10 18:00:00,213.4912
2009-11-10 19:00:00,214.7468
2009-11-10 20:00:00,216.3162
2009-11-10 21:00:00,217.6502
2009-11-10 22:00:00,218.2789
2009-11-10 23:00:00,219.2411
2009-11-11 00:00:00,221.3273
2009-11-11 01:00:00,223.1338
2009-11-11 02:00:00,224.9677
2009-11-11 03:00:00,226.5872
2009-11-11 04:00:00,227.489
2009-11-11 05:00:00,228.1535
2009-11-11 06:00:00,228.1065
2009-11-11 07:00:00,225.8478
2009-11-11 08:00:00,218.1134
2009-11-11 09:00:00,208.1127
2009-11-11 10:00:00,200.3331
2009-11-11 11:00:00,192.7609
2009-11-11 12:00:00,187.5879
2009-11-11 13:00:00,182.8053
2009-11-11 14:00:00,182.9179
2009-11-11 15:00:00,188.8274
2009-11-11 16:00:00,204.5937
2009-11-11 17:00:00,218.2894
2009-11-11 18:00:00,228.7489
2009-11-11 19:00:00,236.4323
2009-11-11 20:00:00,244.1232
2009-11-11 21:00:00,248.9396
2009-11-11 22:00:00,252.7396
2009-11-11 23:00:00,256.4538
2009-11-12 00:00:00,260.3871
2009-11-12 01:00:00,262.3717
2009-11-12 02:00:00,264.1036
2009-11-12 03:00:00,263.2439
2009-11-12 04:00:00,261.8597
2009-11-12 05:00:00,258.1425
2009-11-12 06:00:00,251.793
2009-11-12 07:00:00,242.0044
2009-11-12 08:00:00,231.4306
2009-11-12 09:00:00,219.3521
2009-11-12 10:00:00,206.5549
2009-11-12 11:00:00,194.6721
2009-11-12 12:00:00,182.613
2009-11-12 13:00:00,172.0272
2009-11-12 14:00:00,169.2608
2009-11-12 15:00:00,171.9882
2009-11-12 16:00:00,178.7805
2009-11-12 17:00:00,183.8139
2009-11-12 18:00:00,185.4829
2009-11-12 19:00:00,185.4656
2009-11-12 20:00:00,184.2578
2009-11-12 21:00:00,183.2212
2009-11-12 22:00:00,180.3719
2009-11-12 23:00:00,181.2721
2009-11-13 00:00:00,184.5121
2009-11-13 01:00:00,184.2454
2009-11-13 02:00:00,186.3264
2009-11-13 03:00:00,186.1564
2009-11-13 04:00:00,185.7713
2009-11-13 05:00:00,186.0158
2009-11-13 06:00:00,185.254
2009-11-13 07:00:00,181.7594
2009-11-13 08:00:00,170.7068
2009-11-13 09:00:00,155.7446
2009-11-13 10:00:00,141.5793
2009-11-13 11:00:00,128.8607
2009-11-13 12:00:00,118.8545
2009-11-13 13:00:00,103.6478
2009-11-13 14:00:00,103.0931
2009-11-13 15:00:00,121.9758
2009-11-13 16:00:00,138.3035
2009-11-13 17:00:00,147.0441
2009-11-13 18:00:00,154.7697
2009-11-13 19:00:00,160.866
2009-11-13 20:00:00,169.4058
2009-11-13 21:00:00,174.7445
2009-11-13 22:00:00,177.605
2009-11-13 23:00:00,177.8733
2009-11-14 00:00:00,174.3552
2009-11-14 01:00:00,176.9031
2009-11-14 02:00:00,179.0201
2009-11-14 03:00:00,178.8111
2009-11-14 04:00:00,181.0497
2009-11-14 05:00:00,183.4213
2009-11-14 06:00:00,184.4773
2009-11-14 07:00:00,180.296
2009-11-14 08:00:00,174.3137
2009-11-14 09:00:00,159.7235
2009-11-14 10:00:00,137.7712
2009-11-14 11:00:00,116.8428
2009-11-14 12:00:00,91.2381
2009-11-14 13:00:00,80.4929
2009-11-14 14:00:00,75.7993
2009-11-14 15:00:00,87.1408
2009-11-14 16:00:00,105.27
2009-11-14 17:00:00,121.1561
2009-11-14 18:00:00,138.405
2009-11-14 19:00:00,144.6126
2009-11-14 20:00:00,147.6517
2009-11-14 21:00:00,148.6012
2009-11-14 22:00:00,154.1149
2009-11-14 23:00:00,159.0064
2009-11-15 00:00:00,169.9131
2009-11-15 01:00:00,174.199
2009-11-15 02:00:00,178.1463
2009-11-15 03:00:00,181.7524
2009-11-15 04:00:00,184.5199
2009-11-15 05:00:00,185.375
2009-11-15 06:00:00,185.5854
2009-11-15 07:00:00,183.4514
2009-11-15 08:00:00,176.1978
2009-11-15 09:00:00,169.3285
2009-11-15 10:00:00,162.0002
2009-11-15 11:00:00,155.0275
2009-11-15 12:00:00,151.4436
2009-11-15 13:00:00,148.2735
2009-11-15 14:00:00,147.7461
2009-11-15 15:00:00,149.6384
2009-11-15 16:00:00,153.362
2009-11-15 17:00:00,155.9041
2009-11-15 18:00:00,157.0204
2009-11-15 19:00:00,160.4193
2009-11-15 20:00:00,161.2597
2009-11-15 21:00:00,161.8317
2009-11-15 22:00:00,162.1209
2009-11-15 23:00:00,162.5678
2009-11-16 00:00:00,157.5504
2009-11-16 01:00:00,157.3452
2009-11-16 02:00:00,156.8556
2009-11-16 03:00:00,155.5582
2009-11-16 04:00:00,154.7466
2009-11-16 05:00:00,152.3763
2009-11-16 06:00:00,150.1375
2009-11-16 07:00:00,147.6115
2009-11-16 08:00:00,140.9881
2009-11-16 09:00:00,132.1047
2009-11-16 10:00:00,120.5317
2009-11-16 11:00:00,99.0205
2009-11-16 12:00:00,91.481
2009-11-16 13:00:00,80.7019
2009-11-16 14:00:00,78.8883
2009-11-16 15:00:00,90.6574
2009-11-16 16:00:00,109.4492
2009-11-16 17:00:00,118.4709
2009-11-16 18:00:00,125.6539
2009-11-16 19:00:00,134.8746
2009-11-16 20:00:00,140.927
2009-11-16 21:00:00,148.7048
2009-11-16 22:00:00,153.6192
2009-11-16 23:00:00,155.772
2009-11-17 00:00:00,146.9128
2009-11-17 01:00:00,149.5794
2009-11-17 02:00:00,152.5503
2009-11-17 03:00:00,155.4954
2009-11-17 04:00:00,157.4586
2009-11-17 05:00:00,158.0589
2009-11-17 06:00:00,156.5797
2009-11-17 07:00:00,152.1208
2009-11-17 08:00:00,142.1445
2009-11-17 09:00:00,123.1693
2009-11-17 10:00:00,101.1798
2009-11-17 11:00:00,67.4416
2009-11-17 12:00:00,45.0221
2009-11-17 13:00:00,41.9509
2009-11-17 14:00:00,43.5451
2009-11-17 15:00:00,47.6839
2009-11-17 16:00:00,55.1155
2009-11-17 17:00:00,56.5695
2009-11-17 18:00:00,63.2891
2009-11-17 19:00:00,61.8857
2009-11-17 20:00:00,72.0649
2009-11-17 21:00:00,92.2895
2009-11-17 22:00:00,93.2553
2009-11-17 23:00:00,106.4949
2009-11-18 00:00:00,125.1147
2009-11-18 01:00:00,131.6307
2009-11-18 02:00:00,140.8181
2009-11-18 03:00:00,144.6327
2009-11-18 04:00:00,146.9354
2009-11-18 05:00:00,151.2237
2009-11-18 06:00:00,153.0101
2009-11-18 07:00:00,153.2612
2009-11-18 08:00:00,148.4053
2009-11-18 09:00:00,139.2998
2009-11-18 10:00:00,121.792
2009-11-18 11:00:00,102.7671
2009-11-18 12:00:00,85.7173
2009-11-18 13:00:00,79.3683
2009-11-18 14:00:00,80.3327
2009-11-18 15:00:00,101.0368
2009-11-18 16:00:00,126.9262
2009-11-18 17:00:00,148.8532
2009-11-18 18:00:00,156.3567
2009-11-18 19:00:00,165.8379
2009-11-18 20:00:00,170.6762
2009-11-18 21:00:00,176.2991
2009-11-18 22:00:00,180.3804
2009-11-18 23:00:00,183.3278
2009-11-19 00:00:00,188.7593
2009-11-19 01:00:00,191.6745
2009-11-19 02:00:00,195.0622
2009-11-19 03:00:00,197.0511
2009-11-19 04:00:00,197.0247
2009-11-19 05:00:00,196.1541
2009-11-19 06:00:00,195.1283
2009-11-19 07:00:00,192.5059
2009-11-19 08:00:00,186.824
2009-11-19 09:00:00,175.7782
2009-11-19 10:00:00,160.9691
2009-11-19 11:00:00,146.0826
2009-11-19 12:00:00,136.0676
2009-11-19 13:00:00,128.2473
2009-11-19 14:00:00,132.5142
2009-11-19 15:00:00,148.7886
2009-11-19 16:00:00,160.7211
2009-11-19 17:00:00,168.979
2009-11-19 18:00:00,172.0622
2009-11-19 19:00:00,173.3402
2009-11-19 20:00:00,175.3849
2009-11-19 21:00:00,177.5651
2009-11-19 22:00:00,179.747
2009-11-19 23:00:00,183.1679
2009-11-20 00:00:00,184.3425
2009-11-20 01:00:00,186.7675
2009-11-20 02:00:00,188.4424
2009-11-20 03:00:00,189.9633
2009-11-20 04:00:00,191.512
2009-11-20 05:00:00,192.063
2009-11-20 06:00:00,191.0766
2009-11-20 07:00:00,190.5493
2009-11-20 08:00:00,183.0265
2009-11-20 09:00:00,170.9251
2009-11-20 10:00:00,154.953
2009-11-20 11:00:00,140.0243
2009-11-20 12:00:00,120.4886
2009-11-20 13:00:00,110.0773
2009-11-20 14:00:00,112.7711
2009-11-20 15:00:00,135.4592
2009-11-20 16:00:00,154.3874
2009-11-20 17:00:00,162.3031
2009-11-20 18:00:00,169.5552
2009-11-20 19:00:00,175.9131
2009-11-20 20:00:00,180.7822
2009-11-20 21:00:00,185.4672
2009-11-20 22:00:00,189.9202
2009-11-20 23:00:00,194.109
2009-11-21 00:00:00,199.4424
2009-11-21 01:00:00,201.9398
2009-11-21 02:00:00,202.8329
2009-11-21 03:00:00,203.2854
2009-11-21 04:00:00,204.4478
2009-11-21 05:00:00,205.0283
2009-11-21 06:00:00,205.1425
2009-11-21 07:00:00,203.9184
2009-11-21 08:00:00,196.2616
2009-11-21 09:00:00,182.9629
2009-11-21 10:00:00,167.4705
2009-11-21 11:00:00,155.7849
2009-11-21 12:00:00,144.0825
2009-11-21 13:00:00,139.1096
2009-11-21 14:00:00,136.269
2009-11-21 15:00:00,149.4008
2009-11-21 16:00:00,162.4992
2009-11-21 17:00:00,175.139
2009-11-21 18:00:00,182.6282
2009-11-21 19:00:00,185.1442
2009-11-21 20:00:00,188.3757
2009-11-21 21:00:00,191.9463
2009-11-21 22:00:00,195.3967
2009-11-21 23:00:00,197.6761
2009-11-22 00:00:00,201.751
2009-11-22 01:00:00,204.0842
2009-11-22 02:00:00,210.6611
2009-11-22 03:00:00,209.9971
2009-11-22 04:00:00,208.5329
2009-11-22 05:00:00,202.4067
2009-11-22 06:00:00,195.8618
2009-11-22 07:00:00,190.8013
2009-11-22 08:00:00,181.4005
2009-11-22 09:00:00,170.7961
2009-11-22 10:00:00,159.0137
2009-11-22 11:00:00,146.6898
2009-11-22 12:00:00,139.2875
2009-11-22 13:00:00,143.6661
2009-11-22 14:00:00,145.6395
2009-11-22 15:00:00,148.8549
2009-11-22 16:00:00,148.1862
2009-11-22 17:00:00,150.8118
2009-11-22 18:00:00,154.1013
2009-11-22 19:00:00,155.4298
2009-11-22 20:00:00,154.2634
2009-11-22 21:00:00,156.0786
2009-11-22 22:00:00,160.5776
2009-11-22 23:00:00,161.8581
2009-11-23 00:00:00,159.5597
2009-11-23 01:00:00,166.1883
2009-11-23 02:00:00,170.1895
2009-11-23 03:00:00,169.7352
2009-11-23 04:00:00,172.0058
2009-11-23 05:00:00,172.8137
2009-11-23 06:00:00,173.0775
2009-11-23 07:00:00,170.0166
2009-11-23 08:00:00,161.0414
2009-11-23 09:00:00,151.6635
2009-11-23 10:00:00,136.9459
2009-11-23 11:00:00,120.6639
2009-11-23 12:00:00,115.7069
2009-11-23 13:00:00,122.6307
2009-11-23 14:00:00,129.4483
2009-11-23 15:00:00,135.6982
2009-11-23 16:00:00,138.6859
2009-11-23 17:00:00,136.6362
2009-11-23 18:00:00,139.889
2009-11-23 19:00:00,138.7136
2009-11-23 20:00:00,139.1798
2009-11-23 21:00:00,151.0694
2009-11-23 22:00:00,154.8232
2009-11-23 23:00:00,159.8973
2009-11-24 00:00:00,158.86
2009-11-24 01:00:00,160.5332
2009-11-24 02:00:00,160.0031
2009-11-24 03:00:00,159.0084
2009-11-24 04:00:00,156.6397
2009-11-24 05:00:00,155.6554
2009-11-24 06:00:00,152.6702
2009-11-24 07:00:00,153.1858
2009-11-24 08:00:00,151.1135
2009-11-24 09:00:00,144.1033
2009-11-24 10:00:00,141.0384
2009-11-24 11:00:00,133.5694
2009-11-24 12:00:00,126.9618
2009-11-24 13:00:00,117.7944
2009-11-24 14:00:00,115.6355
2009-11-24 15:00:00,118.4566
2009-11-24 16:00:00,127.382
2009-11-24 17:00:00,135.3184
2009-11-24 18:00:00,142.8835
2009-11-24 19:00:00,149.9773
2009-11-24 20:00:00,158.3271
2009-11-24 21:00:00,164.6075
2009-11-24 22:00:00,172.0345
2009-11-24 23:00:00,178.146
2009-11-25 00:00:00,188.6232
2009-11-25 01:00:00,196.5651
2009-11-25 02:00:00,201.2458
2009-11-25 03:00:00,205.1347
2009-11-25 04:00:00,208.9429
2009-11-25 05:00:00,210.4092
2009-11-25 06:00:00,211.0283
2009-11-25 07:00:00,212.0257
2009-11-25 08:00:00,200.6203
2009-11-25 09:00:00,181.4628
2009-11-25 10:00:00,158.9837
2009-11-25 11:00:00,138.0647
2009-11-25 12:00:00,125.2796
2009-11-25 13:00:00,114.7826
2009-11-25 14:00:00,114.1618
2009-11-25 15:00:00,137.2768
2009-11-25 16:00:00,158.039
2009-11-25 17:00:00,165.381
2009-11-25 18:00:00,172.1378
2009-11-25 19:00:00,175.2958
2009-11-25 20:00:00,173.6666
2009-11-25 21:00:00,168.4958
2009-11-25 22:00:00,166.7037
2009-11-25 23:00:00,158.0862
2009-11-26 00:00:00,156.5038
2009-11-26 01:00:00,162.893
2009-11-26 02:00:00,165.9156
2009-11-26 03:00:00,168.0621
2009-11-26 04:00:00,170.9509
2009-11-26 05:00:00,172.4628
2009-11-26 06:00:00,173.2318
2009-11-26 07:00:00,172.3574
2009-11-26 08:00:00,170.3997
2009-11-26 09:00:00,167.7236
2009-11-26 10:00:00,163.0035
2009-11-26 11:00:00,156.9459
2009-11-26 12:00:00,149.903
2009-11-26 13:00:00,147.5243
2009-11-26 14:00:00,152.1348
2009-11-26 15:00:00,158.4907
2009-11-26 16:00:00,167.7389
2009-11-26 17:00:00,176.9909
2009-11-26 18:00:00,184.2377
2009-11-26 19:00:00,189.6649
2009-11-26 20:00:00,196.5672
2009-11-26 21:00:00,202.1327
2009-11-26 22:00:00,205.6778
2009-11-26 23:00:00,210.4823
2009-11-27 00:00:00,217.0018
2009-11-27 01:00:00,217.8418
2009-11-27 02:00:00,219.4426
2009-11-27 03:00:00,219.3251
2009-11-27 04:00:00,218.0848
2009-11-27 05:00:00,212.2418
2009-11-27 06:00:00,204.056
2009-11-27 07:00:00,198.4395
2009-11-27 08:00:00,186.4164
2009-11-27 09:00:00,174.5628
2009-11-27 10:00:00,165.0891
2009-11-27 11:00:00,159.411
2009-11-27 12:00:00,162.2796
2009-11-27 13:00:00,166.8441
2009-11-27 14:00:00,173.9842
2009-11-27 15:00:00,178.6025
2009-11-27 16:00:00,182.7999
2009-11-27 17:00:00,187.9136
2009-11-27 18:00:00,192.0845
2009-11-27 19:00:00,194.2715
2009-11-27 20:00:00,195.3262
2009-11-27 21:00:00,197.6544
2009-11-27 22:00:00,199.3282
2009-11-27 23:00:00,200.5023
2009-11-28 00:00:00,201.9883
2009-11-28 01:00:00,201.5042
2009-11-28 02:00:00,200.8016
2009-11-28 03:00:00,200.8524
2009-11-28 04:00:00,204.886
2009-11-28 05:00:00,208.6917
2009-11-28 06:00:00,213.3147
2009-11-28 07:00:00,215.3363
2009-11-28 08:00:00,204.2926
2009-11-28 09:00:00,184.2667
2009-11-28 10:00:00,168.3214
2009-11-28 11:00:00,153.632
2009-11-28 12:00:00,146.0742
2009-11-28 13:00:00,142.6488
2009-11-28 14:00:00,143.7456
2009-11-28 15:00:00,155.6208
2009-11-28 16:00:00,172.8639
2009-11-28 17:00:00,184.1537
2009-11-28 18:00:00,191.8878
2009-11-28 19:00:00,201.149
2009-11-28 20:00:00,206.4046
2009-11-28 21:00:00,208.0531
2009-11-28 22:00:00,212.1925
2009-11-28 23:00:00,216.437
2009-11-29 00:00:00,216.3579
2009-11-29 01:00:00,217.2246
2009-11-29 02:00:00,219.5477
2009-11-29 03:00:00,219.2338
2009-11-29 04:00:00,221.5035
2009-11-29 05:00:00,223.4414
2009-11-29 06:00:00,225.8733
2009-11-29 07:00:00,222.6422
2009-11-29 08:00:00,217.375
2009-11-29 09:00:00,205.4566
2009-11-29 10:00:00,194.0998
2009-11-29 11:00:00,184.7552
2009-11-29 12:00:00,179.6221
2009-11-29 13:00:00,177.2474
2009-11-29 14:00:00,178.7063
2009-11-29 15:00:00,180.6878
2009-11-29 16:00:00,184.9868
2009-11-29 17:00:00,187.7656
2009-11-29 18:00:00,191.3541
2009-11-29 19:00:00,195.0931
2009-11-29 20:00:00,199.3169
2009-11-29 21:00:00,202.6407
2009-11-29 22:00:00,201.5402
2009-11-29 23:00:00,203.1163
2009-11-30 00:00:00,209.2263
2009-11-30 01:00:00,213.7463
2009-11-30 02:00:00,216.9242
2009-11-30 03:00:00,220.3024
2009-11-30 04:00:00,223.1688
2009-11-30 05:00:00,228.4686
2009-11-30 06:00:00,233.2196
2009-11-30 07:00:00,236.6605
2009-11-30 08:00:00,239.041
2009-11-30 09:00:00,241.3491
2009-11-30 10:00:00,243.4033
2009-11-30 11:00:00,245.1779
2009-11-30 12:00:00,246.1554
2009-11-30 13:00:00,247.8819
2009-11-30 14:00:00,249.7116
2009-11-30 15:00:00,252.1398
2009-11-30 16:00:00,254.0326
2009-11-30 17:00:00,255.5405
2009-11-30 18:00:00,256.5297
2009-11-30 19:00:00,257.7666
2009-11-30 20:00:00,257.6983
2009-11-30 21:00:00,257.5731
2009-11-30 22:00:00,257.8489
2009-11-30 23:00:00,257.5659
2009-12-01 00:00:00,256.9314
2009-12-01 01:00:00,256.0115
2009-12-01 02:00:00,256.0453
2009-12-01 03:00:00,256.0854
2009-12-01 04:00:00,255.4483
2009-12-01 05:00:00,254.296
2009-12-01 06:00:00,253.5857
2009-12-01 07:00:00,252.5877
2009-12-01 08:00:00,248.6236
2009-12-01 09:00:00,244.3692
2009-12-01 10:00:00,239.7773
2009-12-01 11:00:00,235.1336
2009-12-01 12:00:00,231.3981
2009-12-01 13:00:00,229.1442
2009-12-01 14:00:00,229.484
2009-12-01 15:00:00,230.7273
2009-12-01 16:00:00,233.5963
2009-12-01 17:00:00,235.708
2009-12-01 18:00:00,238.0368
2009-12-01 19:00:00,241.15
2009-12-01 20:00:00,243.6446
2009-12-01 21:00:00,245.9096
2009-12-01 22:00:00,247.6223
2009-12-01 23:00:00,251.3885
2009-12-02 00:00:00,255.6967
2009-12-02 01:00:00,258.555
2009-12-02 02:00:00,262.7258
2009-12-02 03:00:00,266.2108
2009-12-02 04:00:00,267.9072
2009-12-02 05:00:00,268.0016
2009-12-02 06:00:00,268.3989
2009-12-02 07:00:00,268.6533
2009-12-02 08:00:00,264.6533
2009-12-02 09:00:00,256.6203
2009-12-02 10:00:00,246.5898
2009-12-02 11:00:00,237.2778
2009-12-02 12:00:00,231.1564
2009-12-02 13:00:00,227.9865
2009-12-02 14:00:00,228.1306
2009-12-02 15:00:00,233.1177
2009-12-02 16:00:00,240.463
2009-12-02 17:00:00,243.7231
2009-12-02 18:00:00,245.8601
2009-12-02 19:00:00,248.2053
2009-12-02 20:00:00,252.2875
2009-12-02 21:00:00,254.8877
2009-12-02 22:00:00,257.8132
2009-12-02 23:00:00,258.9955
2009-12-03 00:00:00,260.1044
2009-12-03 01:00:00,261.4406
2009-12-03 02:00:00,263.056
2009-12-03 03:00:00,265.3313
2009-12-03 04:00:00,267.6689
2009-12-03 05:00:00,269.6033
2009-12-03 06:00:00,268.7042
2009-12-03 07:00:00,266.7394
2009-12-03 08:00:00,261.3222
2009-12-03 09:00:00,252.4353
2009-12-03 10:00:00,239.9467
2009-12-03 11:00:00,225.5319
2009-12-03 12:00:00,214.3153
2009-12-03 13:00:00,208.1025
2009-12-03 14:00:00,209.0152
2009-12-03 15:00:00,215.9092
2009-12-03 16:00:00,222.4367
2009-12-03 17:00:00,225.2033
2009-12-03 18:00:00,225.3204
2009-12-03 19:00:00,226.2746
2009-12-03 20:00:00,225.0482
2009-12-03 21:00:00,222.595
2009-12-03 22:00:00,221.4829
2009-12-03 23:00:00,221.9498
2009-12-04 00:00:00,223.6042
2009-12-04 01:00:00,226.6989
2009-12-04 02:00:00,231.5631
2009-12-04 03:00:00,236.6045
2009-12-04 04:00:00,241.1632
2009-12-04 05:00:00,243.6707
2009-12-04 06:00:00,246.393
2009-12-04 07:00:00,247.4035
2009-12-04 08:00:00,245.508
2009-12-04 09:00:00,238.461
2009-12-04 10:00:00,230.6804
2009-12-04 11:00:00,222.5919
2009-12-04 12:00:00,217.9214
2009-12-04 13:00:00,215.8213
2009-12-04 14:00:00,216.8759
2009-12-04 15:00:00,223.0211
2009-12-04 16:00:00,235.2544
2009-12-04 17:00:00,245.1605
2009-12-04 18:00:00,252.2181
2009-12-04 19:00:00,257.5318
2009-12-04 20:00:00,261.9872
2009-12-04 21:00:00,266.2019
2009-12-04 22:00:00,272.9539
2009-12-04 23:00:00,276.1365
2009-12-05 00:00:00,279.5327
2009-12-05 01:00:00,282.4613
2009-12-05 02:00:00,284.4248
2009-12-05 03:00:00,284.4962
2009-12-05 04:00:00,283.6314
2009-12-05 05:00:00,282.8336
2009-12-05 06:00:00,281.5438
2009-12-05 07:00:00,280.3693
2009-12-05 08:00:00,274.5259
2009-12-05 09:00:00,261.9872
2009-12-05 10:00:00,248.6622
2009-12-05 11:00:00,237.739
2009-12-05 12:00:00,229.2658
2009-12-05 13:00:00,222.7489
2009-12-05 14:00:00,220.9881
2009-12-05 15:00:00,223.0459
2009-12-05 16:00:00,230.4341
2009-12-05 17:00:00,236.1734
2009-12-05 18:00:00,238.9774
2009-12-05 19:00:00,241.7049
2009-12-05 20:00:00,247.0891
2009-12-05 21:00:00,249.2255
2009-12-05 22:00:00,248.9814
2009-12-05 23:00:00,247.4243
2009-12-06 00:00:00,244.3511
2009-12-06 01:00:00,241.1045
2009-12-06 02:00:00,237.5709
2009-12-06 03:00:00,236.3957
2009-12-06 04:00:00,235.7246
2009-12-06 05:00:00,235.0465
2009-12-06 06:00:00,235.0261
2009-12-06 07:00:00,232.8977
2009-12-06 08:00:00,226.2019
2009-12-06 09:00:00,216.5311
2009-12-06 10:00:00,207.3304
2009-12-06 11:00:00,199.6223
2009-12-06 12:00:00,193.7942
2009-12-06 13:00:00,188.6266
2009-12-06 14:00:00,186.6803
2009-12-06 15:00:00,189.1865
2009-12-06 16:00:00,193.3444
2009-12-06 17:00:00,194.3962
2009-12-06 18:00:00,192.4093
2009-12-06 19:00:00,190.3356
2009-12-06 20:00:00,189.3616
2009-12-06 21:00:00,189.8406
2009-12-06 22:00:00,188.8256
2009-12-06 23:00:00,188.7983
2009-12-07 00:00:00,186.8821
2009-12-07 01:00:00,188.4947
2009-12-07 02:00:00,189.3833
2009-12-07 03:00:00,187.6089
2009-12-07 04:00:00,188.4316
2009-12-07 05:00:00,188.4539
2009-12-07 06:00:00,188.744
2009-12-07 07:00:00,188.9928
2009-12-07 08:00:00,187.6451
2009-12-07 09:00:00,184.061
2009-12-07 10:00:00,179.7788
2009-12-07 11:00:00,175.8792
2009-12-07 12:00:00,174.227
2009-12-07 13:00:00,173.7918
2009-12-07 14:00:00,175.1055
2009-12-07 15:00:00,176.6186
2009-12-07 16:00:00,177.6898
2009-12-07 17:00:00,177.2929
2009-12-07 18:00:00,176.6131
2009-12-07 19:00:00,177.9817
2009-12-07 20:00:00,179.5521
2009-12-07 21:00:00,181.0259
2009-12-07 22:00:00,181.0276
2009-12-07 23:00:00,181.7158
2009-12-08 00:00:00,181.0478
2009-12-08 01:00:00,182.0125
2009-12-08 02:00:00,182.9344
2009-12-08 03:00:00,191.8962
2009-12-08 04:00:00,201.2405
2009-12-08 05:00:00,207.4437
2009-12-08 06:00:00,211.4695
2009-12-08 07:00:00,215.3384
2009-12-08 08:00:00,214.2801
2009-12-08 09:00:00,206.2423
2009-12-08 10:00:00,197.543
2009-12-08 11:00:00,191.3379
2009-12-08 12:00:00,186.0499
2009-12-08 13:00:00,184.1461
2009-12-08 14:00:00,186.7586
2009-12-08 15:00:00,196.7278
2009-12-08 16:00:00,205.7508
2009-12-08 17:00:00,209.1194
2009-12-08 18:00:00,211.223
2009-12-08 19:00:00,211.9783
2009-12-08 20:00:00,215.4506
2009-12-08 21:00:00,217.52
2009-12-08 22:00:00,219.8135
2009-12-08 23:00:00,223.3403
2009-12-09 00:00:00,229.2085
2009-12-09 01:00:00,233.2772
2009-12-09 02:00:00,238.36
2009-12-09 03:00:00,243.7042
2009-12-09 04:00:00,247.6583
2009-12-09 05:00:00,252.3593
2009-12-09 06:00:00,256.4409
2009-12-09 07:00:00,257.9209
2009-12-09 08:00:00,252.0201
2009-12-09 09:00:00,234.1828
2009-12-09 10:00:00,216.1313
2009-12-09 11:00:00,202.3206
2009-12-09 12:00:00,192.2458
2009-12-09 13:00:00,188.6086
2009-12-09 14:00:00,189.9875
2009-12-09 15:00:00,205.2413
2009-12-09 16:00:00,221.5218
2009-12-09 17:00:00,235.0111
2009-12-09 18:00:00,242.4334
2009-12-09 19:00:00,247.7227
2009-12-09 20:00:00,251.9413
2009-12-09 21:00:00,254.939
2009-12-09 22:00:00,257.8776
2009-12-09 23:00:00,258.5123
2009-12-10 00:00:00,258.0798
2009-12-10 01:00:00,260.1295
2009-12-10 02:00:00,259.3475
2009-12-10 03:00:00,257.6607
2009-12-10 04:00:00,255.4552
2009-12-10 05:00:00,252.4682
2009-12-10 06:00:00,248.4008
2009-12-10 07:00:00,242.2508
2009-12-10 08:00:00,235.7033
2009-12-10 09:00:00,227.7675
2009-12-10 10:00:00,218.8427
2009-12-10 11:00:00,207.6503
2009-12-10 12:00:00,198.4946
2009-12-10 13:00:00,194.9815
2009-12-10 14:00:00,192.1609
2009-12-10 15:00:00,195.9014
2009-12-10 16:00:00,203.0711
2009-12-10 17:00:00,208.0848
2009-12-10 18:00:00,210.7104
2009-12-10 19:00:00,213.982
2009-12-10 20:00:00,216.9817
2009-12-10 21:00:00,220.4044
2009-12-10 22:00:00,222.3263
2009-12-10 23:00:00,223.1082
2009-12-11 00:00:00,224.8332
2009-12-11 01:00:00,226.1735
2009-12-11 02:00:00,228.4781
2009-12-11 03:00:00,229.4967
2009-12-11 04:00:00,230.1996
2009-12-11 05:00:00,231.1729
2009-12-11 06:00:00,231.4317
2009-12-11 07:00:00,231.3318
2009-12-11 08:00:00,228.7664
2009-12-11 09:00:00,221.3131
2009-12-11 10:00:00,214.5248
2009-12-11 11:00:00,211.185
2009-12-11 12:00:00,209.3395
2009-12-11 13:00:00,209.5532
2009-12-11 14:00:00,210.5442
2009-12-11 15:00:00,216.18
2009-12-11 16:00:00,223.7279
2009-12-11 17:00:00,227.6835
2009-12-11 18:00:00,229.0478
2009-12-11 19:00:00,231.5713
2009-12-11 20:00:00,233.8055
2009-12-11 21:00:00,236.0252
2009-12-11 22:00:00,238.9167
2009-12-11 23:00:00,240.4671
2009-12-12 00:00:00,241.2763
2009-12-12 01:00:00,243.7116
2009-12-12 02:00:00,245.1621
2009-12-12 03:00:00,247.6758
2009-12-12 04:00:00,249.9459
2009-12-12 05:00:00,253.1954
2009-12-12 06:00:00,256.807
2009-12-12 07:00:00,259.3972
2009-12-12 08:00:00,259.3507
2009-12-12 09:00:00,257.1796
2009-12-12 10:00:00,254.3535
2009-12-12 11:00:00,252.1861
2009-12-12 12:00:00,250.8102
2009-12-12 13:00:00,250.6778
2009-12-12 14:00:00,251.7643
2009-12-12 15:00:00,254.0407
2009-12-12 16:00:00,256.3286
2009-12-12 17:00:00,258.0335
2009-12-12 18:00:00,259.716
2009-12-12 19:00:00,262.0957
2009-12-12 20:00:00,264.8301
2009-12-12 21:00:00,267.0048
2009-12-12 22:00:00,268.3759
2009-12-12 23:00:00,269.2038
2009-12-13 00:00:00,269.293
2009-12-13 01:00:00,269.4612
2009-12-13 02:00:00,270.9475
2009-12-13 03:00:00,272.5889
2009-12-13 04:00:00,275.0729
2009-12-13 05:00:00,277.8085
2009-12-13 06:00:00,280.0732
2009-12-13 07:00:00,282.4194
2009-12-13 08:00:00,284.0165
2009-12-13 09:00:00,283.4583
2009-12-13 10:00:00,281.6881
2009-12-13 11:00:00,279.691
2009-12-13 12:00:00,277.7128
2009-12-13 13:00:00,278.6737
2009-12-13 14:00:00,280.4049
2009-12-13 15:00:00,281.9847
2009-12-13 16:00:00,283.0967
2009-12-13 17:00:00,284.0087
2009-12-13 18:00:00,285.0495
2009-12-13 19:00:00,285.4098
2009-12-13 20:00:00,286.1027
2009-12-13 21:00:00,287.0461
2009-12-13 22:00:00,288.9074
2009-12-13 23:00:00,290.6534
2009-12-14 00:00:00,292.211
2009-12-14 01:00:00,293.8721
2009-12-14 02:00:00,295.6874
2009-12-14 03:00:00,297.4725
2009-12-14 04:00:00,298.545
2009-12-14 05:00:00,299.4042
2009-12-14 06:00:00,300.5852
2009-12-14 07:00:00,301.803
2009-12-14 08:00:00,300.873
2009-12-14 09:00:00,298.5852
2009-12-14 10:00:00,295.5194
2009-12-14 11:00:00,293.2138
2009-12-14 12:00:00,292.1226
2009-12-14 13:00:00,292.3219
2009-12-14 14:00:00,294.5847
2009-12-14 15:00:00,298.744
2009-12-14 16:00:00,301.9799
2009-12-14 17:00:00,304.7838
2009-12-14 18:00:00,306.4458
2009-12-14 19:00:00,307.5325
2009-12-14 20:00:00,307.9316
2009-12-14 21:00:00,308.6527
2009-12-14 22:00:00,309.9351
2009-12-14 23:00:00,311.4404
2009-12-15 00:00:00,313.0922
2009-12-15 01:00:00,314.5659
2009-12-15 02:00:00,315.8845
2009-12-15 03:00:00,317.1495
2009-12-15 04:00:00,318.1973
2009-12-15 05:00:00,318.9909
2009-12-15 06:00:00,319.355
2009-12-15 07:00:00,319.7298
2009-12-15 08:00:00,318.9177
2009-12-15 09:00:00,318.1336
2009-12-15 10:00:00,316.5549
2009-12-15 11:00:00,314.4999
2009-12-15 12:00:00,312.3899
2009-12-15 13:00:00,311.4525
2009-12-15 14:00:00,312.0157
2009-12-15 15:00:00,314.2572
2009-12-15 16:00:00,316.8084
2009-12-15 17:00:00,318.3283
2009-12-15 18:00:00,318.6862
2009-12-15 19:00:00,318.7178
2009-12-15 20:00:00,318.8627
2009-12-15 21:00:00,319.0888
2009-12-15 22:00:00,319.3173
2009-12-15 23:00:00,319.0821
2009-12-16 00:00:00,319.6303
2009-12-16 01:00:00,319.1174
2009-12-16 02:00:00,319.7831
2009-12-16 03:00:00,320.1684
2009-12-16 04:00:00,320.7462
2009-12-16 05:00:00,321.2651
2009-12-16 06:00:00,322.0454
2009-12-16 07:00:00,322.211
2009-12-16 08:00:00,321.6446
2009-12-16 09:00:00,319.6372
2009-12-16 10:00:00,315.319
2009-12-16 11:00:00,311.2016
2009-12-16 12:00:00,308.2812
2009-12-16 13:00:00,307.5444
2009-12-16 14:00:00,308.5479
2009-12-16 15:00:00,311.3628
2009-12-16 16:00:00,314.4845
2009-12-16 17:00:00,316.6394
2009-12-16 18:00:00,318.1878
2009-12-16 19:00:00,319.6896
2009-12-16 20:00:00,320.5871
2009-12-16 21:00:00,321.6377
2009-12-16 22:00:00,323.2417
2009-12-16 23:00:00,324.7742
2009-12-17 00:00:00,326.192
2009-12-17 01:00:00,327.6715
2009-12-17 02:00:00,329.9023
2009-12-17 03:00:00,331.7571
2009-12-17 04:00:00,332.9038
2009-12-17 05:00:00,333.7239
2009-12-17 06:00:00,334.0555
2009-12-17 07:00:00,334.1285
2009-12-17 08:00:00,332.0253
2009-12-17 09:00:00,327.9497
2009-12-17 10:00:00,323.2461
2009-12-17 11:00:00,319.2615
2009-12-17 12:00:00,316.067
2009-12-17 13:00:00,314.6469
2009-12-17 14:00:00,314.8615
2009-12-17 15:00:00,316.9285
2009-12-17 16:00:00,322.0268
2009-12-17 17:00:00,327.0778
2009-12-17 18:00:00,330.825
2009-12-17 19:00:00,335.4177
2009-12-17 20:00:00,339.2644
2009-12-17 21:00:00,340.7568
2009-12-17 22:00:00,341.3782
2009-12-17 23:00:00,344.2171
2009-12-18 00:00:00,343.3641
2009-12-18 01:00:00,341.0832
2009-12-18 02:00:00,339.9927
2009-12-18 03:00:00,340.0558
2009-12-18 04:00:00,340.8447
2009-12-18 05:00:00,341.9282
2009-12-18 06:00:00,343.088
2009-12-18 07:00:00,342.1525
2009-12-18 08:00:00,339.8168
2009-12-18 09:00:00,334.1913
2009-12-18 10:00:00,327.3512
2009-12-18 11:00:00,322.17
2009-12-18 12:00:00,318.5665
2009-12-18 13:00:00,315.6282
2009-12-18 14:00:00,315.6291
2009-12-18 15:00:00,320.7488
2009-12-18 16:00:00,326.579
2009-12-18 17:00:00,330.8443
2009-12-18 18:00:00,333.2384
2009-12-18 19:00:00,334.9315
2009-12-18 20:00:00,336.9519
2009-12-18 21:00:00,340.5935
2009-12-18 22:00:00,342.7615
2009-12-18 23:00:00,344.8374
2009-12-19 00:00:00,346.5849
2009-12-19 01:00:00,347.4851
2009-12-19 02:00:00,347.4273
2009-12-19 03:00:00,350.0444
2009-12-19 04:00:00,350.9713
2009-12-19 05:00:00,351.2578
2009-12-19 06:00:00,351.6898
2009-12-19 07:00:00,352.5652
2009-12-19 08:00:00,352.3942
2009-12-19 09:00:00,352.4035
2009-12-19 10:00:00,348.9649
2009-12-19 11:00:00,349.0823
2009-12-19 12:00:00,351.6702
2009-12-19 13:00:00,356.6328
2009-12-19 14:00:00,362.2016
2009-12-19 15:00:00,370.0867
2009-12-19 16:00:00,379.0696
2009-12-19 17:00:00,386.8343
2009-12-19 18:00:00,394.3957
2009-12-19 19:00:00,400.7225
2009-12-19 20:00:00,405.5766
2009-12-19 21:00:00,410.254
2009-12-19 22:00:00,415.7508
2009-12-19 23:00:00,421.3859
2009-12-20 00:00:00,422.5123
2009-12-20 01:00:00,422.462
2009-12-20 02:00:00,426.7009
2009-12-20 03:00:00,429.8314
2009-12-20 04:00:00,429.3378
2009-12-20 05:00:00,430.1745
2009-12-20 06:00:00,429.9416
2009-12-20 07:00:00,428.701
2009-12-20 08:00:00,419.6364
2009-12-20 09:00:00,397.6496
2009-12-20 10:00:00,373.4265
2009-12-20 11:00:00,354.8153
2009-12-20 12:00:00,341.6075
2009-12-20 13:00:00,334.8367
2009-12-20 14:00:00,327.8084
2009-12-20 15:00:00,324.9412
2009-12-20 16:00:00,322.8101
2009-12-20 17:00:00,321.5773
2009-12-20 18:00:00,319.0352
2009-12-20 19:00:00,313.3324
2009-12-20 20:00:00,305.9346
2009-12-20 21:00:00,299.7115
2009-12-20 22:00:00,293.7292
2009-12-20 23:00:00,288.5358
2009-12-21 00:00:00,284.4216
2009-12-21 01:00:00,282.3497
2009-12-21 02:00:00,279.7628
2009-12-21 03:00:00,277.6648
2009-12-21 04:00:00,276.6498
2009-12-21 05:00:00,277.8826
2009-12-21 06:00:00,278.9694
2009-12-21 07:00:00,283.6359
2009-12-21 08:00:00,283.0364
2009-12-21 09:00:00,278.7929
2009-12-21 10:00:00,271.007
2009-12-21 11:00:00,266.4758
2009-12-21 12:00:00,261.4897
2009-12-21 13:00:00,259.2102
2009-12-21 14:00:00,259.7321
2009-12-21 15:00:00,260.7601
2009-12-21 16:00:00,261.0233
2009-12-21 17:00:00,261.8848
2009-12-21 18:00:00,261.6859
2009-12-21 19:00:00,259.9613
2009-12-21 20:00:00,258.4314
2009-12-21 21:00:00,257.7322
2009-12-21 22:00:00,256.0818
2009-12-21 23:00:00,252.7478
2009-12-22 00:00:00,251.7845
2009-12-22 01:00:00,251.4835
2009-12-22 02:00:00,252.5176
2009-12-22 03:00:00,253.2932
2009-12-22 04:00:00,251.2851
2009-12-22 05:00:00,239.6022
2009-12-22 06:00:00,233.5938
2009-12-22 07:00:00,226.9342
2009-12-22 08:00:00,216.7662
2009-12-22 09:00:00,207.1782
2009-12-22 10:00:00,198.0913
2009-12-22 11:00:00,189.1794
2009-12-22 12:00:00,178.7396
2009-12-22 13:00:00,176.1249
2009-12-22 14:00:00,180.1545
2009-12-22 15:00:00,197.2435
2009-12-22 16:00:00,208.0171
2009-12-22 17:00:00,213.4821
2009-12-22 18:00:00,214.0151
2009-12-22 19:00:00,217.3492
2009-12-22 20:00:00,220.984
2009-12-22 21:00:00,223.2118
2009-12-22 22:00:00,224.7411
2009-12-22 23:00:00,226.8106
2009-12-23 00:00:00,230.3294
2009-12-23 01:00:00,231.306
2009-12-23 02:00:00,232.9647
2009-12-23 03:00:00,235.1211
2009-12-23 04:00:00,235.0267
2009-12-23 05:00:00,239.8814
2009-12-23 06:00:00,243.0922
2009-12-23 07:00:00,245.236
2009-12-23 08:00:00,244.6054
2009-12-23 09:00:00,240.5
2009-12-23 10:00:00,234.8645
2009-12-23 11:00:00,228.1425
2009-12-23 12:00:00,225.7407
2009-12-23 13:00:00,225.6027
2009-12-23 14:00:00,226.5553
2009-12-23 15:00:00,228.8527
2009-12-23 16:00:00,232.4003
2009-12-23 17:00:00,233.8181
2009-12-23 18:00:00,235.1123
2009-12-23 19:00:00,236.3862
2009-12-23 20:00:00,238.4679
2009-12-23 21:00:00,239.9755
2009-12-23 22:00:00,241.8669
2009-12-23 23:00:00,242.6814
2009-12-24 00:00:00,244.053
2009-12-24 01:00:00,244.9699
2009-12-24 02:00:00,245.2235
2009-12-24 03:00:00,245.1699
2009-12-24 04:00:00,246.3408
2009-12-24 05:00:00,246.8832
2009-12-24 06:00:00,246.6616
2009-12-24 07:00:00,245.9134
2009-12-24 08:00:00,243.3766
2009-12-24 09:00:00,238.4619
2009-12-24 10:00:00,233.6819
2009-12-24 11:00:00,227.9528
2009-12-24 12:00:00,225.9408
2009-12-24 13:00:00,224.0761
2009-12-24 14:00:00,223.7562
2009-12-24 15:00:00,225.4305
2009-12-24 16:00:00,227.2015
2009-12-24 17:00:00,225.9278
2009-12-24 18:00:00,223.0045
2009-12-24 19:00:00,220.2825
2009-12-24 20:00:00,220.4763
2009-12-24 21:00:00,221.1445
2009-12-24 22:00:00,218.8011
2009-12-24 23:00:00,218.5397
2009-12-25 00:00:00,208.1606
2009-12-25 01:00:00,196.8112
2009-12-25 02:00:00,196.6592
2009-12-25 03:00:00,195.4799
2009-12-25 04:00:00,189.0855
2009-12-25 05:00:00,187.5162
2009-12-25 06:00:00,185.6651
2009-12-25 07:00:00,191.8668
2009-12-25 08:00:00,199.6974
2009-12-25 09:00:00,204.7676
2009-12-25 10:00:00,205.1281
2009-12-25 11:00:00,206.0844
2009-12-25 12:00:00,207.1313
2009-12-25 13:00:00,210.5813
2009-12-25 14:00:00,215.7616
2009-12-25 15:00:00,225.9119
2009-12-25 16:00:00,230.5434
2009-12-25 17:00:00,232.393
2009-12-25 18:00:00,233.5664
2009-12-25 19:00:00,235.2429
2009-12-25 20:00:00,238.079
2009-12-25 21:00:00,242.4488
2009-12-25 22:00:00,248.8362
2009-12-25 23:00:00,258.0847
2009-12-26 00:00:00,267.6938
2009-12-26 01:00:00,276.5559
2009-12-26 02:00:00,283.462
2009-12-26 03:00:00,289.0287
2009-12-26 04:00:00,292.4608
2009-12-26 05:00:00,296.5673
2009-12-26 06:00:00,301.0891
2009-12-26 07:00:00,304.4471
2009-12-26 08:00:00,300.8907
2009-12-26 09:00:00,286.6964
2009-12-26 10:00:00,270.2025
2009-12-26 11:00:00,258.2842
2009-12-26 12:00:00,251.1428
2009-12-26 13:00:00,250.678
2009-12-26 14:00:00,253.6063
2009-12-26 15:00:00,261.4779
2009-12-26 16:00:00,271.8984
2009-12-26 17:00:00,279.621
2009-12-26 18:00:00,283.7933
2009-12-26 19:00:00,286.6658
2009-12-26 20:00:00,289.0142
2009-12-26 21:00:00,290.4844
2009-12-26 22:00:00,291.7709
2009-12-26 23:00:00,292.5142
2009-12-27 00:00:00,293.2216
2009-12-27 01:00:00,293.7001
2009-12-27 02:00:00,294.667
2009-12-27 03:00:00,296.7326
2009-12-27 04:00:00,299.136
2009-12-27 05:00:00,299.3064
2009-12-27 06:00:00,301.4318
2009-12-27 07:00:00,302.0138
2009-12-27 08:00:00,298.2242
2009-12-27 09:00:00,284.725
2009-12-27 10:00:00,263.7506
2009-12-27 11:00:00,244.602
2009-12-27 12:00:00,232.6173
2009-12-27 13:00:00,229.4113
2009-12-27 14:00:00,232.237
2009-12-27 15:00:00,239.1286
2009-12-27 16:00:00,246.4647
2009-12-27 17:00:00,247.4566
2009-12-27 18:00:00,244.927
2009-12-27 19:00:00,242.7717
2009-12-27 20:00:00,240.6668
2009-12-27 21:00:00,240.2111
2009-12-27 22:00:00,240.5521
2009-12-27 23:00:00,242.18
2009-12-28 00:00:00,243.8511
2009-12-28 01:00:00,245.483
2009-12-28 02:00:00,248.4845
2009-12-28 03:00:00,253.448
2009-12-28 04:00:00,259.4104
2009-12-28 05:00:00,263.9612
2009-12-28 06:00:00,265.381
2009-12-28 07:00:00,267.2875
2009-12-28 08:00:00,263.9901
2009-12-28 09:00:00,254.8272
2009-12-28 10:00:00,245.9134
2009-12-28 11:00:00,240.7088
2009-12-28 12:00:00,237.7762
2009-12-28 13:00:00,238.1378
2009-12-28 14:00:00,239.8769
2009-12-28 15:00:00,243.4086
2009-12-28 16:00:00,246.3355
2009-12-28 17:00:00,249.3821
2009-12-28 18:00:00,251.6907
2009-12-28 19:00:00,252.892
2009-12-28 20:00:00,253.4064
2009-12-28 21:00:00,253.7981
2009-12-28 22:00:00,253.7674
2009-12-28 23:00:00,254.3182
2009-12-29 00:00:00,254.9066
2009-12-29 01:00:00,256.9789
2009-12-29 02:00:00,257.8943
2009-12-29 03:00:00,258.0211
2009-12-29 04:00:00,257.6373
2009-12-29 05:00:00,256.7511
2009-12-29 06:00:00,255.8374
2009-12-29 07:00:00,254.1333
2009-12-29 08:00:00,249.8604
2009-12-29 09:00:00,242.0177
2009-12-29 10:00:00,232.0889
2009-12-29 11:00:00,223.7656
2009-12-29 12:00:00,216.4157
2009-12-29 13:00:00,207.0368
2009-12-29 14:00:00,200.41
2009-12-29 15:00:00,197.9384
2009-12-29 16:00:00,198.1056
2009-12-29 17:00:00,197.9328
2009-12-29 18:00:00,198.1014
2009-12-29 19:00:00,196.1083
2009-12-29 20:00:00,195.669
2009-12-29 21:00:00,192.4317
2009-12-29 22:00:00,190.442
2009-12-29 23:00:00,189.9563
2009-12-30 00:00:00,191.0649
2009-12-30 01:00:00,192.2176
2009-12-30 02:00:00,192.0569
2009-12-30 03:00:00,190.2808
2009-12-30 04:00:00,190.4327
2009-12-30 05:00:00,191.5318
2009-12-30 06:00:00,193.3074
2009-12-30 07:00:00,195.3432
2009-12-30 08:00:00,193.6931
2009-12-30 09:00:00,190.6585
2009-12-30 10:00:00,186.7104
2009-12-30 11:00:00,182.0834
2009-12-30 12:00:00,176.4203
2009-12-30 13:00:00,174.3032
2009-12-30 14:00:00,175.3191
2009-12-30 15:00:00,174.8919
2009-12-30 16:00:00,177.2118
2009-12-30 17:00:00,179.7343
2009-12-30 18:00:00,182.3231
2009-12-30 19:00:00,185.0709
2009-12-30 20:00:00,186.93
2009-12-30 21:00:00,188.9989
2009-12-30 22:00:00,191.3766
2009-12-30 23:00:00,193.8669
2009-12-31 00:00:00,197.3894
2009-12-31 01:00:00,199.5307
2009-12-31 02:00:00,203.2422
2009-12-31 03:00:00,204.3615
2009-12-31 04:00:00,204.663
2009-12-31 05:00:00,202.991
2009-12-31 06:00:00,203.2962
2009-12-31 07:00:00,203.253
2009-12-31 08:00:00,203.3176
2009-12-31 09:00:00,200.8113
2009-12-31 10:00:00,198.7403
2009-12-31 11:00:00,197.1607
2009-12-31 12:00:00,194.8027
2009-12-31 13:00:00,193.0346
2009-12-31 14:00:00,194.2358
2009-12-31 15:00:00,197.5834
2009-12-31 16:00:00,204.5831
2009-12-31 17:00:00,209.9205
2009-12-31 18:00:00,212.3129
2009-12-31 19:00:00,215.3645
2009-12-31 20:00:00,218.948
2009-12-31 21:00:00,223.3413
2009-12-31 22:00:00,225.859
2009-12-31 23:00:00,226.8766
