time_step,DE00,AT00,FR00,IT00
t_1,43.21985363,43.21985363,43.21985363,43.21985363
t_10,27.37388764,27.37388764,27.37388764,27.37388764
t_100,43.21985363,43.21985363,43.21985363,43.21985363
t_1000,48.45610921,48.45610921,48.45610921,48.45610921
t_1001,55.39492022,55.39492022,55.39492022,55.39492022
t_1002,55.39492022,55.39492022,55.39492022,55.39492022
t_1003,55.39492022,55.39492022,55.39492022,55.39492022
t_1004,55.39492022,55.39492022,55.39492022,55.39492022
t_1005,54.93799906,54.93799906,54.93799906,54.93799906
t_1006,54.93799906,54.93799906,54.93799906,54.93799906
t_1007,54.93799906,54.93799906,54.93799906,54.93799906
t_1008,54.93799906,54.93799906,54.93799906,54.93799906
t_1009,54.93799906,54.93799906,54.93799906,54.93799906
t_101,43.21985363,43.21985363,43.21985363,43.21985363
t_1010,52.47420849,52.47420849,52.47420849,52.47420849
t_1011,52.47420849,52.47420849,52.47420849,52.47420849
t_1012,50.01041791,50.01041791,50.01041791,50.01041791
t_1013,50.01041792,50.01041792,50.01041792,50.01041792
t_1014,52.47420849,52.47420849,52.47420849,52.47420849
t_1015,52.47420849,52.47420849,52.47420849,52.47420849
t_1016,54.93799906,54.93799906,54.93799906,54.93799906
t_1017,54.93799906,54.93799906,54.93799906,54.93799906
t_1018,50.01041791,50.01041791,50.01041791,50.01041791
t_1019,44.92667174,44.92667174,44.92667174,44.92667174
t_102,43.21985364,43.21985364,43.21985364,43.21985364
t_1020,44.92667174,44.92667174,44.92667174,44.92667174
t_1021,44.92667174,44.92667174,44.92667174,44.92667174
t_1022,44.92667174,44.92667174,44.92667174,44.92667174
t_1023,44.92667174,44.92667174,44.92667174,44.92667174
t_1024,54.93799906,54.93799906,54.93799906,54.93799906
t_1025,61.2142289,61.2142289,61.2142289,61.2142289
t_1026,61.2142289,61.2142289,61.2142289,61.2142289
t_1027,61.2142289,61.2142289,61.2142289,61.2142289
t_1028,61.2142289,61.2142289,61.2142289,61.2142289
t_1029,61.2142289,61.2142289,61.2142289,61.2142289
t_103,47.39988017,47.39988017,47.39988017,47.39988017
t_1030,61.21422891,61.21422891,61.21422891,61.21422891
t_1031,61.21422891,61.21422891,61.21422891,61.21422891
t_1032,61.21422891,61.21422891,61.21422891,61.21422891
t_1033,61.03940909,61.03940909,61.03940909,61.03940909
t_1034,58.47076477,58.47076477,58.47076477,58.47076477
t_1035,55.70422258,55.70422258,55.70422258,55.70422258
t_1036,55.68379356,55.68379356,55.68379356,55.68379356
t_1037,55.68379356,55.68379356,55.68379356,55.68379356
t_1038,55.68379356,55.68379356,55.68379356,55.68379356
t_1039,61.2142289,61.2142289,61.2142289,61.2142289
t_104,48.35520743,48.35520743,48.35520743,48.35520743
t_1040,61.2142289,61.2142289,61.2142289,61.2142289
t_1041,52.54384291,52.54384291,52.54384291,52.54384291
t_1042,41.97174603,41.97174603,41.97174603,41.97174603
t_1043,41.97174603,41.97174603,41.97174603,41.97174603
t_1044,41.97174603,41.97174603,41.97174603,41.97174603
t_1045,41.97174603,41.97174603,41.97174603,41.97174603
t_1046,41.97174603,41.97174603,41.97174603,41.97174603
t_1047,41.97174603,41.97174603,41.97174603,41.97174603
t_1048,55.68379356,55.68379356,55.68379356,55.68379356
t_1049,61.2142289,61.2142289,61.2142289,61.2142289
t_105,43.21985363,43.21985363,43.21985363,43.21985363
t_1050,61.2142289,61.2142289,61.2142289,61.2142289
t_1051,61.2142289,61.2142289,61.2142289,61.2142289
t_1052,61.2142289,61.2142289,61.2142289,61.2142289
t_1053,61.2142289,61.2142289,61.2142289,61.2142289
t_1054,61.2142289,61.2142289,61.2142289,61.2142289
t_1055,61.2142289,61.2142289,61.2142289,61.2142289
t_1056,55.68379356,55.68379356,55.68379356,55.68379356
t_1057,54.93799906,54.93799906,54.93799906,54.93799906
t_1058,54.93799906,54.93799906,54.93799906,54.93799906
t_1059,54.93799906,54.93799906,54.93799906,54.93799906
t_106,41.14875909,41.14875909,41.14875909,41.14875909
t_1060,54.93799906,54.93799906,54.93799906,54.93799906
t_1061,53.81366476,53.81366476,53.81366476,53.81366476
t_1062,54.8908794,54.8908794,54.8908794,54.8908794
t_1063,54.93799906,54.93799906,54.93799906,54.93799906
t_1064,54.93799906,54.93799906,54.93799906,54.93799906
t_1065,54.93799906,54.93799906,54.93799906,54.93799906
t_1066,48.43354949,48.43354949,48.43354949,48.43354949
t_1067,43.21985363,43.21985363,43.21985363,43.21985363
t_1068,43.21985363,43.21985363,43.21985363,43.21985363
t_1069,43.21985363,43.21985363,43.21985363,43.21985363
t_107,30.43250606,30.43250606,30.43250606,30.43250606
t_1070,43.21985363,43.21985363,43.21985363,43.21985363
t_1071,43.21985363,43.21985363,43.21985363,43.21985363
t_1072,43.21985363,43.21985363,43.21985363,43.21985363
t_1073,54.93799906,54.93799906,54.93799906,54.93799906
t_1074,54.93799906,54.93799906,54.93799906,54.93799906
t_1075,54.93799906,54.93799906,54.93799906,54.93799906
t_1076,54.93799906,54.93799906,54.93799906,54.93799906
t_1077,54.93799906,54.93799906,54.93799906,54.93799906
t_1078,54.93799906,54.93799906,54.93799906,54.93799906
t_1079,54.93799906,54.93799906,54.93799906,54.93799906
t_108,28.18250606,28.18250606,28.18250606,28.18250606
t_1080,54.93799906,54.93799906,54.93799906,54.93799906
t_1081,53.98676779,53.98676779,53.98676779,53.98676779
t_1082,52.6329576,52.6329576,52.6329576,52.6329576
t_1083,48.43354949,48.43354949,48.43354949,48.43354949
t_1084,48.43354949,48.43354949,48.43354949,48.43354949
t_1085,48.43354949,48.43354949,48.43354949,48.43354949
t_1086,48.02924028,48.02924028,48.02924028,48.02924028
t_1087,53.18404424,53.18404424,53.18404424,53.18404424
t_1088,48.43354949,48.43354949,48.43354949,48.43354949
t_1089,43.21985363,43.21985363,43.21985363,43.21985363
t_109,28.18250606,28.18250606,28.18250606,28.18250606
t_1090,33.75738736,33.75738736,33.75738736,33.75738736
t_1091,33.75738736,33.75738736,33.75738736,33.75738736
t_1092,17.25246245,17.25246245,17.25246245,17.25246245
t_1093,17.25246245,17.25246245,17.25246245,17.25246245
t_1094,24.82876484,24.82876484,24.82876484,24.82876484
t_1095,33.75738736,33.75738736,33.75738736,33.75738736
t_1096,43.21985363,43.21985363,43.21985363,43.21985363
t_1097,54.93799906,54.93799906,54.93799906,54.93799906
t_1098,55.68379356,55.68379356,55.68379356,55.68379356
t_1099,55.68379356,55.68379356,55.68379356,55.68379356
t_11,27.37388764,27.37388764,27.37388764,27.37388764
t_110,30.43250606,30.43250606,30.43250606,30.43250606
t_1100,55.68379356,55.68379356,55.68379356,55.68379356
t_1101,55.68379356,55.68379356,55.68379356,55.68379356
t_1102,55.68379356,55.68379356,55.68379356,55.68379356
t_1103,55.68379356,55.68379356,55.68379356,55.68379356
t_1104,55.68379356,55.68379356,55.68379356,55.68379356
t_1105,54.93799906,54.93799906,54.93799906,54.93799906
t_1106,54.12938065,54.12938065,54.12938065,54.12938065
t_1107,54.12938065,54.12938065,54.12938065,54.12938065
t_1108,54.12938065,54.12938065,54.12938065,54.12938065
t_1109,54.12938065,54.12938065,54.12938065,54.12938065
t_111,41.14875909,41.14875909,41.14875909,41.14875909
t_1110,54.93799906,54.93799906,54.93799906,54.93799906
t_1111,54.93799906,54.93799906,54.93799906,54.93799906
t_1112,54.93799906,54.93799906,54.93799906,54.93799906
t_1113,54.93799906,54.93799906,54.93799906,54.93799906
t_1114,43.21985363,43.21985363,43.21985363,43.21985363
t_1115,40.75606306,40.75606306,40.75606306,40.75606306
t_1116,38.25726601,38.25726601,38.25726601,38.25726601
t_1117,37.35160029,37.35160029,37.35160029,37.35160029
t_1118,36.43778445,36.43778445,36.43778445,36.43778445
t_1119,36.55724617,36.55724617,36.55724617,36.55724617
t_112,47.36204273,47.36204273,47.36204273,47.36204273
t_1120,39.93583147,39.93583147,39.93583147,39.93583147
t_1121,43.21985363,43.21985363,43.21985363,43.21985363
t_1122,43.21985363,43.21985363,43.21985363,43.21985363
t_1123,43.21985363,43.21985363,43.21985363,43.21985363
t_1124,43.21985363,43.21985363,43.21985363,43.21985363
t_1125,43.21985363,43.21985363,43.21985363,43.21985363
t_1126,43.21985363,43.21985363,43.21985363,43.21985363
t_1127,43.21985363,43.21985363,43.21985363,43.21985363
t_1128,43.21985363,43.21985363,43.21985363,43.21985363
t_1129,21.78734758,21.78734758,21.78734758,21.78734758
t_113,61.24866188,61.24866188,61.24866188,61.24866188
t_1130,21.78734758,21.78734758,21.78734758,21.78734758
t_1131,21.78734758,21.78734758,21.78734758,21.78734758
t_1132,22.31537535,22.31537535,22.31537535,22.31537535
t_1133,21.78734759,21.78734759,21.78734759,21.78734759
t_1134,1.95E+01,1.95E+01,1.95E+01,1.95E+01
t_1135,1.73E+01,1.73E+01,1.73E+01,1.73E+01
t_1136,1.73E+01,1.73E+01,1.73E+01,1.73E+01
t_1137,4.50E+00,4.50E+00,4.50E+00,4.50E+00
t_1138,2.25E+00,2.25E+00,2.25E+00,2.25E+00
t_1139,2.25E+00,2.25E+00,2.25E+00,2.25E+00
t_114,59.10273065,59.10273065,59.10273065,59.10273065
t_1140,2.25E+00,2.25E+00,2.25E+00,2.25E+00
t_1141,2.25E+00,2.25E+00,2.25E+00,2.25E+00
t_1142,2.25E+00,2.25E+00,2.25E+00,2.25E+00
t_1143,2.25E+00,2.25E+00,2.25E+00,2.25E+00
t_1144,1.44E+01,1.44E+01,1.44E+01,1.44E+01
t_1145,22.75796979,22.75796979,22.75796979,22.75796979
t_1146,39.2628947,39.2628947,39.2628947,39.2628947
t_1147,44.19047585,44.19047585,44.19047585,44.19047585
t_1148,44.19047585,44.19047585,44.19047585,44.19047585
t_1149,44.19047585,44.19047585,44.19047585,44.19047585
t_115,59.10273065,59.10273065,59.10273065,59.10273065
t_1150,44.19047585,44.19047585,44.19047585,44.19047585
t_1151,44.19047585,44.19047585,44.19047585,44.19047585
t_1152,44.19047585,44.19047585,44.19047585,44.19047585
t_1153,43.21985363,43.21985363,43.21985363,43.21985363
t_1154,43.21985363,43.21985363,43.21985363,43.21985363
t_1155,43.21985363,43.21985363,43.21985363,43.21985363
t_1156,43.21985363,43.21985363,43.21985363,43.21985363
t_1157,43.21985363,43.21985363,43.21985363,43.21985363
t_1158,43.21985363,43.21985363,43.21985363,43.21985363
t_1159,43.21985363,43.21985363,43.21985363,43.21985363
t_116,59.10273065,59.10273065,59.10273065,59.10273065
t_1160,43.21985363,43.21985363,43.21985363,43.21985363
t_1161,39.56408521,39.56408521,39.56408521,39.56408521
t_1162,28.18250606,28.18250606,28.18250606,28.18250606
t_1163,28.18250606,28.18250606,28.18250606,28.18250606
t_1164,27.63534184,27.63534184,27.63534184,27.63534184
t_1165,25.93250606,25.93250606,25.93250606,25.93250606
t_1166,25.93250606,25.93250606,25.93250606,25.93250606
t_1167,27.63534183,27.63534183,27.63534183,27.63534183
t_1168,28.18250606,28.18250606,28.18250606,28.18250606
t_1169,41.14875909,41.14875909,41.14875909,41.14875909
t_117,59.10273065,59.10273065,59.10273065,59.10273065
t_1170,43.21985363,43.21985363,43.21985363,43.21985363
t_1171,43.21985363,43.21985363,43.21985363,43.21985363
t_1172,43.21985363,43.21985363,43.21985363,43.21985363
t_1173,43.21985363,43.21985363,43.21985363,43.21985363
t_1174,43.21985363,43.21985363,43.21985363,43.21985363
t_1175,43.21985363,43.21985363,43.21985363,43.21985363
t_1176,43.21985363,43.21985363,43.21985363,43.21985363
t_1177,43.21985363,43.21985363,43.21985363,43.21985363
t_1178,43.21985363,43.21985363,43.21985363,43.21985363
t_1179,43.21985363,43.21985363,43.21985363,43.21985363
t_118,59.10273065,59.10273065,59.10273065,59.10273065
t_1180,43.21985363,43.21985363,43.21985363,43.21985363
t_1181,43.21985363,43.21985363,43.21985363,43.21985363
t_1182,43.21985363,43.21985363,43.21985363,43.21985363
t_1183,43.21985363,43.21985363,43.21985363,43.21985363
t_1184,41.14875909,41.14875909,41.14875909,41.14875909
t_1185,14.81194382,14.81194382,14.81194382,14.81194382
t_1186,12.75246245,12.75246245,12.75246245,12.75246245
t_1187,12.75246245,12.75246245,12.75246245,12.75246245
t_1188,12.32475995,12.32475995,12.32475995,12.32475995
t_1189,12.20529823,12.20529823,12.20529823,12.20529823
t_119,59.10298065,59.10298065,59.10298065,59.10298065
t_1190,12.20529823,12.20529823,12.20529823,12.20529823
t_1191,14.8267338,14.8267338,14.8267338,14.8267338
t_1192,28.18250606,28.18250606,28.18250606,28.18250606
t_1193,43.21985363,43.21985363,43.21985363,43.21985363
t_1194,43.21985363,43.21985363,43.21985363,43.21985363
t_1195,43.21985363,43.21985363,43.21985363,43.21985363
t_1196,43.21985363,43.21985363,43.21985363,43.21985363
t_1197,43.21985363,43.21985363,43.21985363,43.21985363
t_1198,43.21985363,43.21985363,43.21985363,43.21985363
t_1199,43.21985363,43.21985363,43.21985363,43.21985363
t_12,27.37388764,27.37388764,27.37388764,27.37388764
t_120,59.10273065,59.10273065,59.10273065,59.10273065
t_1200,43.21985363,43.21985363,43.21985363,43.21985363
t_1201,43.21985363,43.21985363,43.21985363,43.21985363
t_1202,43.21985363,43.21985363,43.21985363,43.21985363
t_1203,43.21985363,43.21985363,43.21985363,43.21985363
t_1204,43.21985363,43.21985363,43.21985363,43.21985363
t_1205,43.21985363,43.21985363,43.21985363,43.21985363
t_1206,43.21985363,43.21985363,43.21985363,43.21985363
t_1207,43.21985363,43.21985363,43.21985363,43.21985363
t_1208,43.21985363,43.21985363,43.21985363,43.21985363
t_1209,39.93583147,39.93583147,39.93583147,39.93583147
t_121,59.10273065,59.10273065,59.10273065,59.10273065
t_1210,22.57876484,22.57876484,22.57876484,22.57876484
t_1211,22.57876484,22.57876484,22.57876484,22.57876484
t_1212,12.75246245,12.75246245,12.75246245,12.75246245
t_1213,12.75246245,12.75246245,12.75246245,12.75246245
t_1214,12.92866265,12.92866265,12.92866265,12.92866265
t_1215,25.04255541,25.04255541,25.04255541,25.04255541
t_1216,41.14875909,41.14875909,41.14875909,41.14875909
t_1217,54.93799906,54.93799906,54.93799906,54.93799906
t_1218,55.68379356,55.68379356,55.68379356,55.68379356
t_1219,55.68379356,55.68379356,55.68379356,55.68379356
t_122,59.10273065,59.10273065,59.10273065,59.10273065
t_1220,55.68379356,55.68379356,55.68379356,55.68379356
t_1221,55.68379356,55.68379356,55.68379356,55.68379356
t_1222,55.68379356,55.68379356,55.68379356,55.68379356
t_1223,55.68379356,55.68379356,55.68379356,55.68379356
t_1224,55.68379356,55.68379356,55.68379356,55.68379356
t_1225,55.68379356,55.68379356,55.68379356,55.68379356
t_1226,55.68379356,55.68379356,55.68379356,55.68379356
t_1227,55.64985722,55.64985722,55.64985722,55.64985722
t_1228,54.93799906,54.93799906,54.93799906,54.93799906
t_1229,54.93799906,54.93799906,54.93799906,54.93799906
t_123,58.39064335,58.39064335,58.39064335,58.39064335
t_1230,55.35361511,55.35361511,55.35361511,55.35361511
t_1231,55.68379356,55.68379356,55.68379356,55.68379356
t_1232,54.93799906,54.93799906,54.93799906,54.93799906
t_1233,48.04977624,48.04977624,48.04977624,48.04977624
t_1234,37.61611241,37.61611241,37.61611241,37.61611241
t_1235,37.61611241,37.61611241,37.61611241,37.61611241
t_1236,37.61611241,37.61611241,37.61611241,37.61611241
t_1237,37.60377773,37.60377773,37.60377773,37.60377773
t_1238,37.61611241,37.61611241,37.61611241,37.61611241
t_1239,37.61611241,37.61611241,37.61611241,37.61611241
t_124,54.27484923,54.27484923,54.27484923,54.27484923
t_1240,48.04977624,48.04977624,48.04977624,48.04977624
t_1241,55.68379358,55.68379358,55.68379358,55.68379358
t_1242,55.68379358,55.68379358,55.68379358,55.68379358
t_1243,55.68379358,55.68379358,55.68379358,55.68379358
t_1244,55.68379358,55.68379358,55.68379358,55.68379358
t_1245,55.68379358,55.68379358,55.68379358,55.68379358
t_1246,55.68379358,55.68379358,55.68379358,55.68379358
t_1247,55.68379358,55.68379358,55.68379358,55.68379358
t_1248,55.68379358,55.68379358,55.68379358,55.68379358
t_1249,55.68379357,55.68379357,55.68379357,55.68379357
t_125,54.27484923,54.27484923,54.27484923,54.27484923
t_1250,55.68379356,55.68379356,55.68379356,55.68379356
t_1251,55.68379356,55.68379356,55.68379356,55.68379356
t_1252,50.10263028,50.10263028,50.10263028,50.10263028
t_1253,50.61912625,50.61912625,50.61912625,50.61912625
t_1254,53.22000299,53.22000299,53.22000299,53.22000299
t_1255,55.68379358,55.68379358,55.68379358,55.68379358
t_1256,55.68379356,55.68379356,55.68379356,55.68379356
t_1257,46.53425078,46.53425078,46.53425078,46.53425078
t_1258,44.07046021,44.07046021,44.07046021,44.07046021
t_1259,38.29227248,38.29227248,38.29227248,38.29227248
t_126,54.27484923,54.27484923,54.27484923,54.27484923
t_1260,38.29227248,38.29227248,38.29227248,38.29227248
t_1261,38.29227248,38.29227248,38.29227248,38.29227248
t_1262,44.07046021,44.07046021,44.07046021,44.07046021
t_1263,46.53425078,46.53425078,46.53425078,46.53425078
t_1264,55.70008989,55.70008989,55.70008989,55.70008989
t_1265,56.33323176,56.33323176,56.33323176,56.33323176
t_1266,56.33323176,56.33323176,56.33323176,56.33323176
t_1267,56.33323176,56.33323176,56.33323176,56.33323176
t_1268,56.33323176,56.33323176,56.33323176,56.33323176
t_1269,56.33323176,56.33323176,56.33323176,56.33323176
t_127,58.56304212,58.56304212,58.56304212,58.56304212
t_1270,56.31693543,56.31693543,56.31693543,56.31693543
t_1271,56.31693543,56.31693543,56.31693543,56.31693543
t_1272,55.68379358,55.68379358,55.68379358,55.68379358
t_1273,55.68379356,55.68379356,55.68379356,55.68379356
t_1274,55.68379356,55.68379356,55.68379356,55.68379356
t_1275,54.93799906,54.93799906,54.93799906,54.93799906
t_1276,50.01041792,50.01041792,50.01041792,50.01041792
t_1277,54.12938065,54.12938065,54.12938065,54.12938065
t_1278,54.93799906,54.93799906,54.93799906,54.93799906
t_1279,54.93799906,54.93799906,54.93799906,54.93799906
t_128,59.10273065,59.10273065,59.10273065,59.10273065
t_1280,54.93799906,54.93799906,54.93799906,54.93799906
t_1281,48.04977624,48.04977624,48.04977624,48.04977624
t_1282,43.21985363,43.21985363,43.21985363,43.21985363
t_1283,38.29227248,38.29227248,38.29227248,38.29227248
t_1284,38.29227248,38.29227248,38.29227248,38.29227248
t_1285,38.29227248,38.29227248,38.29227248,38.29227248
t_1286,38.29227248,38.29227248,38.29227248,38.29227248
t_1287,43.21985363,43.21985363,43.21985363,43.21985363
t_1288,43.21985363,43.21985363,43.21985363,43.21985363
t_1289,43.21985363,43.21985363,43.21985363,43.21985363
t_129,47.36204273,47.36204273,47.36204273,47.36204273
t_1290,48.04977624,48.04977624,48.04977624,48.04977624
t_1291,48.04977624,48.04977624,48.04977624,48.04977624
t_1292,48.04977624,48.04977624,48.04977624,48.04977624
t_1293,48.04977624,48.04977624,48.04977624,48.04977624
t_1294,48.04977624,48.04977624,48.04977624,48.04977624
t_1295,48.04977624,48.04977624,48.04977624,48.04977624
t_1296,48.04977624,48.04977624,48.04977624,48.04977624
t_1297,43.21985363,43.21985363,43.21985363,43.21985363
t_1298,43.21985363,43.21985363,43.21985363,43.21985363
t_1299,43.21985363,43.21985363,43.21985363,43.21985363
t_13,27.37388764,27.37388764,27.37388764,27.37388764
t_130,43.87768511,43.87768511,43.87768511,43.87768511
t_1300,43.21985363,43.21985363,43.21985363,43.21985363
t_1301,43.21985363,43.21985363,43.21985363,43.21985363
t_1302,43.21985363,43.21985363,43.21985363,43.21985363
t_1303,43.21985363,43.21985363,43.21985363,43.21985363
t_1304,43.21985363,43.21985363,43.21985363,43.21985363
t_1305,43.21985363,43.21985363,43.21985363,43.21985363
t_1306,37.22260445,37.22260445,37.22260445,37.22260445
t_1307,37.22260445,37.22260445,37.22260445,37.22260445
t_1308,29.64630207,29.64630207,29.64630207,29.64630207
t_1309,38.89208349,38.89208349,38.89208349,38.89208349
t_131,32.80622812,32.80622812,32.80622812,32.80622812
t_1310,48.9672114,48.9672114,48.9672114,48.9672114
t_1311,49.03118744,49.03118744,49.03118744,49.03118744
t_1312,54.1251872,54.1251872,54.1251872,54.1251872
t_1313,57.98412515,57.98412515,57.98412515,57.98412515
t_1314,60.76356982,60.76356982,60.76356982,60.76356982
t_1315,60.76356982,60.76356982,60.76356982,60.76356982
t_1316,60.76356982,60.76356982,60.76356982,60.76356982
t_1317,60.76356982,60.76356982,60.76356982,60.76356982
t_1318,60.76356982,60.76356982,60.76356982,60.76356982
t_1319,60.76356982,60.76356982,60.76356982,60.76356982
t_132,32.32469515,32.32469515,32.32469515,32.32469515
t_1320,60.76356982,60.76356982,60.76356982,60.76356982
t_1321,60.76356982,60.76356982,60.76356982,60.76356982
t_1322,60.65348194,60.65348194,60.65348194,60.65348194
t_1323,60.71888938,60.71888938,60.71888938,60.71888938
t_1324,60.74727349,60.74727349,60.74727349,60.74727349
t_1325,60.74727349,60.74727349,60.74727349,60.74727349
t_1326,60.74727349,60.74727349,60.74727349,60.74727349
t_1327,60.76356982,60.76356982,60.76356982,60.76356982
t_1328,57.60732284,57.60732284,57.60732284,57.60732284
t_1329,41.82758988,41.82758988,41.82758988,41.82758988
t_133,43.01869243,43.01869243,43.01869243,43.01869243
t_1330,38.51985484,38.51985484,38.51985484,38.51985484
t_1331,37.26746534,37.26746534,37.26746534,37.26746534
t_1332,38.04868874,38.04868874,38.04868874,38.04868874
t_1333,39.57758988,39.57758988,39.57758988,39.57758988
t_1334,39.57758988,39.57758988,39.57758988,39.57758988
t_1335,41.93133654,41.93133654,41.93133654,41.93133654
t_1336,46.07075401,46.07075401,46.07075401,46.07075401
t_1337,63.53061617,63.53061617,63.53061617,63.53061617
t_1338,63.53061618,63.53061618,63.53061618,63.53061618
t_1339,63.53061618,63.53061618,63.53061618,63.53061618
t_134,49.99651959,49.99651959,49.99651959,49.99651959
t_1340,61.47581796,61.47581796,61.47581796,61.47581796
t_1341,61.47581796,61.47581796,61.47581796,61.47581796
t_1342,63.53061617,63.53061617,63.53061617,63.53061617
t_1343,61.47581796,61.47581796,61.47581796,61.47581796
t_1344,61.47581796,61.47581796,61.47581796,61.47581796
t_1345,61.45952163,61.45952163,61.45952163,61.45952163
t_1346,61.45952163,61.45952163,61.45952163,61.45952163
t_1347,61.45952163,61.45952163,61.45952163,61.45952163
t_1348,61.47581796,61.47581796,61.47581796,61.47581796
t_1349,61.47581796,61.47581796,61.47581796,61.47581796
t_135,76.60552748,76.60552748,76.60552748,76.60552748
t_1350,63.55572571,63.55572571,63.55572571,63.55572571
t_1351,64.50123839,64.50123839,64.50123839,64.50123839
t_1352,63.53061618,63.53061618,63.53061618,63.53061618
t_1353,61.47581796,61.47581796,61.47581796,61.47581796
t_1354,61.45952163,61.45952163,61.45952163,61.45952163
t_1355,57.88997495,57.88997495,57.88997495,57.88997495
t_1356,54.9138859,54.9138859,54.9138859,54.9138859
t_1357,54.41724394,54.41724394,54.41724394,54.41724394
t_1358,63.38318763,63.38318763,63.38318763,63.38318763
t_1359,67.18704224,67.18704224,67.18704224,67.18704224
t_136,94.03309877,94.03309877,94.03309877,94.03309877
t_1360,69.29319645,69.29319645,69.29319645,69.29319645
t_1361,71.20401496,71.20401496,71.20401496,71.20401496
t_1362,74.19640034,74.19640034,74.19640034,74.19640034
t_1363,74.19640034,74.19640034,74.19640034,74.19640034
t_1364,74.19640034,74.19640034,74.19640034,74.19640034
t_1365,74.19640035,74.19640035,74.19640035,74.19640035
t_1366,74.19640034,74.19640034,74.19640034,74.19640034
t_1367,71.20401496,71.20401496,71.20401496,71.20401496
t_1368,71.00548731,71.00548731,71.00548731,71.00548731
t_1369,58.81741669,58.81741669,58.81741669,58.81741669
t_137,100.5375484,100.5375484,100.5375484,100.5375484
t_1370,57.0678032,57.0678032,57.0678032,57.0678032
t_1371,54.86232187,54.86232187,54.86232187,54.86232187
t_1372,54.77791543,54.77791543,54.77791543,54.77791543
t_1373,53.97400513,53.97400513,53.97400513,53.97400513
t_1374,56.21301767,56.21301767,56.21301767,56.21301767
t_1375,56.76261847,56.76261847,56.76261847,56.76261847
t_1376,54.88650557,54.88650557,54.88650557,54.88650557
t_1377,28.18250606,28.18250606,28.18250606,28.18250606
t_1378,27.33249614,27.33249614,27.33249614,27.33249614
t_1379,27.33249614,27.33249614,27.33249614,27.33249614
t_138,100.5375484,100.5375484,100.5375484,100.5375484
t_1380,17.46625303,17.46625303,17.46625303,17.46625303
t_1381,17.46625303,17.46625303,17.46625303,17.46625303
t_1382,17.46625303,17.46625303,17.46625303,17.46625303
t_1383,27.33249614,27.33249614,27.33249614,27.33249614
t_1384,43.21985363,43.21985363,43.21985363,43.21985363
t_1385,53.23123797,53.23123797,53.23123797,53.23123797
t_1386,54.93799906,54.93799906,54.93799906,54.93799906
t_1387,54.93799906,54.93799906,54.93799906,54.93799906
t_1388,54.93799906,54.93799906,54.93799906,54.93799906
t_1389,54.93799906,54.93799906,54.93799906,54.93799906
t_139,100.5375484,100.5375484,100.5375484,100.5375484
t_1390,54.93799906,54.93799906,54.93799906,54.93799906
t_1391,54.93799906,54.93799906,54.93799906,54.93799906
t_1392,54.93799906,54.93799906,54.93799906,54.93799906
t_1393,48.30365682,48.30365682,48.30365682,48.30365682
t_1394,48.30365681,48.30365681,48.30365681,48.30365681
t_1395,43.12219509,43.12219509,43.12219509,43.12219509
t_1396,38.29227248,38.29227248,38.29227248,38.29227248
t_1397,38.29227248,38.29227248,38.29227248,38.29227248
t_1398,38.29227248,38.29227248,38.29227248,38.29227248
t_1399,38.29227248,38.29227248,38.29227248,38.29227248
t_14,27.37388764,27.37388764,27.37388764,27.37388764
t_140,100.5375484,100.5375484,100.5375484,100.5375484
t_1400,38.29227248,38.29227248,38.29227248,38.29227248
t_1401,12.75246245,12.75246245,12.75246245,12.75246245
t_1402,12.75246245,12.75246245,12.75246245,12.75246245
t_1403,12.75246245,12.75246245,12.75246245,12.75246245
t_1404,12.75246245,12.75246245,12.75246245,12.75246245
t_1405,12.75246245,12.75246245,12.75246245,12.75246245
t_1406,12.75246245,12.75246245,12.75246245,12.75246245
t_1407,12.75246245,12.75246245,12.75246245,12.75246245
t_1408,22.57876484,22.57876484,22.57876484,22.57876484
t_1409,43.21985363,43.21985363,43.21985363,43.21985363
t_141,100.5375484,100.5375484,100.5375484,100.5375484
t_1410,48.04977624,48.04977624,48.04977624,48.04977624
t_1411,48.04977624,48.04977624,48.04977624,48.04977624
t_1412,48.04977624,48.04977624,48.04977624,48.04977624
t_1413,48.04977624,48.04977624,48.04977624,48.04977624
t_1414,48.04977624,48.04977624,48.04977624,48.04977624
t_1415,48.04977624,48.04977624,48.04977624,48.04977624
t_1416,48.04977624,48.04977624,48.04977624,48.04977624
t_1417,48.04977624,48.04977624,48.04977624,48.04977624
t_1418,48.04977624,48.04977624,48.04977624,48.04977624
t_1419,47.64546703,47.64546703,47.64546703,47.64546703
t_142,100.5375484,100.5375484,100.5375484,100.5375484
t_1420,48.04977624,48.04977624,48.04977624,48.04977624
t_1421,48.04977624,48.04977624,48.04977624,48.04977624
t_1422,48.04977624,48.04977624,48.04977624,48.04977624
t_1423,48.04977624,48.04977624,48.04977624,48.04977624
t_1424,43.21985363,43.21985363,43.21985363,43.21985363
t_1425,17.25246245,17.25246245,17.25246245,17.25246245
t_1426,12.75246245,12.75246245,12.75246245,12.75246245
t_1427,12.20529823,12.20529823,12.20529823,12.20529823
t_1428,10.50246245,10.50246245,10.50246245,10.50246245
t_1429,10.50246245,10.50246245,10.50246245,10.50246245
t_143,100.5375484,100.5375484,100.5375484,100.5375484
t_1430,11.38157915,11.38157915,11.38157915,11.38157915
t_1431,12.96625303,12.96625303,12.96625303,12.96625303
t_1432,34.8688578,34.8688578,34.8688578,34.8688578
t_1433,43.21985363,43.21985363,43.21985363,43.21985363
t_1434,48.04977624,48.04977624,48.04977624,48.04977624
t_1435,48.04977624,48.04977624,48.04977624,48.04977624
t_1436,48.04977624,48.04977624,48.04977624,48.04977624
t_1437,48.04977624,48.04977624,48.04977624,48.04977624
t_1438,48.04977624,48.04977624,48.04977624,48.04977624
t_1439,48.04977624,48.04977624,48.04977624,48.04977624
t_144,100.5377984,100.5377984,100.5377984,100.5377984
t_1440,48.04977624,48.04977624,48.04977624,48.04977624
t_1441,43.21985363,43.21985363,43.21985363,43.21985363
t_1442,43.21985363,43.21985363,43.21985363,43.21985363
t_1443,43.21985363,43.21985363,43.21985363,43.21985363
t_1444,43.21985363,43.21985363,43.21985363,43.21985363
t_1445,43.21985364,43.21985364,43.21985364,43.21985364
t_1446,43.21985364,43.21985364,43.21985364,43.21985364
t_1447,43.21985364,43.21985364,43.21985364,43.21985364
t_1448,43.21985364,43.21985364,43.21985364,43.21985364
t_1449,43.21985363,43.21985363,43.21985363,43.21985363
t_145,101.0655761,101.0655761,101.0655761,101.0655761
t_1450,43.21985363,43.21985363,43.21985363,43.21985363
t_1451,36.43496851,36.43496851,36.43496851,36.43496851
t_1452,31.50738736,31.50738736,31.50738736,31.50738736
t_1453,21.00492491,21.00492491,21.00492491,21.00492491
t_1454,31.50738736,31.50738736,31.50738736,31.50738736
t_1455,37.31408521,37.31408521,37.31408521,37.31408521
t_1456,43.21985363,43.21985363,43.21985363,43.21985363
t_1457,43.21985364,43.21985364,43.21985364,43.21985364
t_1458,52.11156686,52.11156686,52.11156686,52.11156686
t_1459,52.11156686,52.11156686,52.11156686,52.11156686
t_146,101.0655761,101.0655761,101.0655761,101.0655761
t_1460,52.11156686,52.11156686,52.11156686,52.11156686
t_1461,52.11156686,52.11156686,52.11156686,52.11156686
t_1462,52.11156686,52.11156686,52.11156686,52.11156686
t_1463,52.11156686,52.11156686,52.11156686,52.11156686
t_1464,52.11156686,52.11156686,52.11156686,52.11156686
t_1465,48.04977624,48.04977624,48.04977624,48.04977624
t_1466,48.04977624,48.04977624,48.04977624,48.04977624
t_1467,44.27479241,44.27479241,44.27479241,44.27479241
t_1468,44.27479241,44.27479241,44.27479241,44.27479241
t_1469,48.04977624,48.04977624,48.04977624,48.04977624
t_147,101.0655761,101.0655761,101.0655761,101.0655761
t_1470,48.04977624,48.04977624,48.04977624,48.04977624
t_1471,48.04977624,48.04977624,48.04977624,48.04977624
t_1472,43.21985363,43.21985363,43.21985363,43.21985363
t_1473,33.75738736,33.75738736,33.75738736,33.75738736
t_1474,23.25492491,23.25492491,23.25492491,23.25492491
t_1475,23.25492491,23.25492491,23.25492491,23.25492491
t_1476,23.25492491,23.25492491,23.25492491,23.25492491
t_1477,23.25492491,23.25492491,23.25492491,23.25492491
t_1478,23.25492491,23.25492491,23.25492491,23.25492491
t_1479,23.25492491,23.25492491,23.25492491,23.25492491
t_148,100.5375484,100.5375484,100.5375484,100.5375484
t_1480,39.56408521,39.56408521,39.56408521,39.56408521
t_1481,43.21985363,43.21985363,43.21985363,43.21985363
t_1482,43.21985363,43.21985363,43.21985363,43.21985363
t_1483,43.21985363,43.21985363,43.21985363,43.21985363
t_1484,43.23614996,43.23614996,43.23614996,43.23614996
t_1485,43.23614996,43.23614996,43.23614996,43.23614996
t_1486,43.23614996,43.23614996,43.23614996,43.23614996
t_1487,43.23614996,43.23614996,43.23614996,43.23614996
t_1488,43.23614996,43.23614996,43.23614996,43.23614996
t_1489,43.23614996,43.23614996,43.23614996,43.23614996
t_149,100.5375484,100.5375484,100.5375484,100.5375484
t_1490,43.23614996,43.23614996,43.23614996,43.23614996
t_1491,43.23614996,43.23614996,43.23614996,43.23614996
t_1492,43.23614996,43.23614996,43.23614996,43.23614996
t_1493,43.23614996,43.23614996,43.23614996,43.23614996
t_1494,43.23614996,43.23614996,43.23614996,43.23614996
t_1495,43.23614996,43.23614996,43.23614996,43.23614996
t_1496,43.21985363,43.21985363,43.21985363,43.21985363
t_1497,39.56408521,39.56408521,39.56408521,39.56408521
t_1498,28.18250606,28.18250606,28.18250606,28.18250606
t_1499,28.18250606,28.18250606,28.18250606,28.18250606
t_15,27.37388764,27.37388764,27.37388764,27.37388764
t_150,100.040721,100.040721,100.040721,100.040721
t_1500,28.18250606,28.18250606,28.18250606,28.18250606
t_1501,28.18250606,28.18250606,28.18250606,28.18250606
t_1502,28.18250606,28.18250606,28.18250606,28.18250606
t_1503,28.18250606,28.18250606,28.18250606,28.18250606
t_1504,28.18250606,28.18250606,28.18250606,28.18250606
t_1505,41.19764808,41.19764808,41.19764808,41.19764808
t_1506,47.20449723,47.20449723,47.20449723,47.20449723
t_1507,45.22847176,45.22847176,45.22847176,45.22847176
t_1508,45.22847176,45.22847176,45.22847176,45.22847176
t_1509,45.22847176,45.22847176,45.22847176,45.22847176
t_151,97.80338069,97.80338069,97.80338069,97.80338069
t_1510,45.22847176,45.22847176,45.22847176,45.22847176
t_1511,45.22847176,45.22847176,45.22847176,45.22847176
t_1512,45.21217546,45.21217546,45.21217546,45.21217546
t_1513,43.21985364,43.21985364,43.21985364,43.21985364
t_1514,43.21985363,43.21985363,43.21985363,43.21985363
t_1515,43.21985363,43.21985363,43.21985363,43.21985363
t_1516,43.21985363,43.21985363,43.21985363,43.21985363
t_1517,43.21985363,43.21985363,43.21985363,43.21985363
t_1518,43.21985363,43.21985363,43.21985363,43.21985363
t_1519,43.21985363,43.21985363,43.21985363,43.21985363
t_152,97.3998712,97.3998712,97.3998712,97.3998712
t_1520,43.21985363,43.21985363,43.21985363,43.21985363
t_1521,37.10029464,37.10029464,37.10029464,37.10029464
t_1522,24.63824621,24.63824621,24.63824621,24.63824621
t_1523,24.19254549,24.19254549,24.19254549,24.19254549
t_1524,24.19254549,24.19254549,24.19254549,24.19254549
t_1525,24.86870556,24.86870556,24.86870556,24.86870556
t_1526,24.86870556,24.86870556,24.86870556,24.86870556
t_1527,27.37388765,27.37388765,27.37388765,27.37388765
t_1528,43.21985363,43.21985363,43.21985363,43.21985363
t_1529,54.93799906,54.93799906,54.93799906,54.93799906
t_153,77.15492805,77.15492805,77.15492805,77.15492805
t_1530,55.16390342,55.16390342,55.16390342,55.16390342
t_1531,55.16390342,55.16390342,55.16390342,55.16390342
t_1532,55.16390342,55.16390342,55.16390342,55.16390342
t_1533,55.16390342,55.16390342,55.16390342,55.16390342
t_1534,55.16390342,55.16390342,55.16390342,55.16390342
t_1535,55.16390342,55.16390342,55.16390342,55.16390342
t_1536,54.93799906,54.93799906,54.93799906,54.93799906
t_1537,54.93799906,54.93799906,54.93799906,54.93799906
t_1538,54.93799906,54.93799906,54.93799906,54.93799906
t_1539,54.93799906,54.93799906,54.93799906,54.93799906
t_154,66.91776524,66.91776524,66.91776524,66.91776524
t_1540,54.93799906,54.93799906,54.93799906,54.93799906
t_1541,54.93799906,54.93799906,54.93799906,54.93799906
t_1542,54.93799906,54.93799906,54.93799906,54.93799906
t_1543,54.93799906,54.93799906,54.93799906,54.93799906
t_1544,48.04977624,48.04977624,48.04977624,48.04977624
t_1545,43.21985363,43.21985363,43.21985363,43.21985363
t_1546,41.14875909,41.14875909,41.14875909,41.14875909
t_1547,30.43250606,30.43250606,30.43250606,30.43250606
t_1548,25.93250606,25.93250606,25.93250606,25.93250606
t_1549,25.93250606,25.93250606,25.93250606,25.93250606
t_155,52.31630281,52.31630281,52.31630281,52.31630281
t_1550,25.93250606,25.93250606,25.93250606,25.93250606
t_1551,30.43250606,30.43250606,30.43250606,30.43250606
t_1552,41.14875909,41.14875909,41.14875909,41.14875909
t_1553,43.21985364,43.21985364,43.21985364,43.21985364
t_1554,48.04977624,48.04977624,48.04977624,48.04977624
t_1555,48.04977624,48.04977624,48.04977624,48.04977624
t_1556,48.04977624,48.04977624,48.04977624,48.04977624
t_1557,48.04977624,48.04977624,48.04977624,48.04977624
t_1558,48.04977624,48.04977624,48.04977624,48.04977624
t_1559,48.04977624,48.04977624,48.04977624,48.04977624
t_156,52.31630281,52.31630281,52.31630281,52.31630281
t_1560,48.04977624,48.04977624,48.04977624,48.04977624
t_1561,48.04977624,48.04977624,48.04977624,48.04977624
t_1562,48.04977624,48.04977624,48.04977624,48.04977624
t_1563,43.21985364,43.21985364,43.21985364,43.21985364
t_1564,43.21985363,43.21985363,43.21985363,43.21985363
t_1565,43.21985363,43.21985363,43.21985363,43.21985363
t_1566,43.21985364,43.21985364,43.21985364,43.21985364
t_1567,46.7473827,46.7473827,46.7473827,46.7473827
t_1568,43.21985363,43.21985363,43.21985363,43.21985363
t_1569,25.04255541,25.04255541,25.04255541,25.04255541
t_157,52.31630281,52.31630281,52.31630281,52.31630281
t_1570,25.04255541,25.04255541,25.04255541,25.04255541
t_1571,22.79255541,22.79255541,22.79255541,22.79255541
t_1572,22.79255541,22.79255541,22.79255541,22.79255541
t_1573,22.79255541,22.79255541,22.79255541,22.79255541
t_1574,22.79255541,22.79255541,22.79255541,22.79255541
t_1575,24.49539119,24.49539119,24.49539119,24.49539119
t_1576,28.18250606,28.18250606,28.18250606,28.18250606
t_1577,43.21985363,43.21985363,43.21985363,43.21985363
t_1578,48.04977624,48.04977624,48.04977624,48.04977624
t_1579,48.04977624,48.04977624,48.04977624,48.04977624
t_158,64.85183986,64.85183986,64.85183986,64.85183986
t_1580,48.04977624,48.04977624,48.04977624,48.04977624
t_1581,48.04977624,48.04977624,48.04977624,48.04977624
t_1582,48.04977624,48.04977624,48.04977624,48.04977624
t_1583,48.04977624,48.04977624,48.04977624,48.04977624
t_1584,48.04977624,48.04977624,48.04977624,48.04977624
t_1585,48.04977624,48.04977624,48.04977624,48.04977624
t_1586,48.04977624,48.04977624,48.04977624,48.04977624
t_1587,48.04977624,48.04977624,48.04977624,48.04977624
t_1588,48.04977624,48.04977624,48.04977624,48.04977624
t_1589,48.04977624,48.04977624,48.04977624,48.04977624
t_159,72.99093899,72.99093899,72.99093899,72.99093899
t_1590,48.04977624,48.04977624,48.04977624,48.04977624
t_1591,48.04977624,48.04977624,48.04977624,48.04977624
t_1592,43.21985363,43.21985363,43.21985363,43.21985363
t_1593,43.21985363,43.21985363,43.21985363,43.21985363
t_1594,37.83495859,37.83495859,37.83495859,37.83495859
t_1595,34.01884788,34.01884788,34.01884788,34.01884788
t_1596,36.75448932,36.75448932,36.75448932,36.75448932
t_1597,39.22989307,39.22989307,39.22989307,39.22989307
t_1598,40.75606306,40.75606306,40.75606306,40.75606306
t_1599,43.21985363,43.21985363,43.21985363,43.21985363
t_16,37.99647375,37.99647375,37.99647375,37.99647375
t_160,79.53697205,79.53697205,79.53697205,79.53697205
t_1600,43.21985363,43.21985363,43.21985363,43.21985363
t_1601,51.68072188,51.68072188,51.68072188,51.68072188
t_1602,57.74785907,57.74785907,57.74785907,57.74785907
t_1603,57.74785907,57.74785907,57.74785907,57.74785907
t_1604,57.74785907,57.74785907,57.74785907,57.74785907
t_1605,57.74785907,57.74785907,57.74785907,57.74785907
t_1606,57.74785907,57.74785907,57.74785907,57.74785907
t_1607,57.74785907,57.74785907,57.74785907,57.74785907
t_1608,54.13320976,54.13320976,54.13320976,54.13320976
t_1609,50.27390937,50.27390937,50.27390937,50.27390937
t_161,99.87773347,99.87773347,99.87773347,99.87773347
t_1610,47.36204273,47.36204273,47.36204273,47.36204273
t_1611,47.36204273,47.36204273,47.36204273,47.36204273
t_1612,47.36204273,47.36204273,47.36204273,47.36204273
t_1613,47.36204273,47.36204273,47.36204273,47.36204273
t_1614,47.36204273,47.36204273,47.36204273,47.36204273
t_1615,47.36204273,47.36204273,47.36204273,47.36204273
t_1616,47.36204273,47.36204273,47.36204273,47.36204273
t_1617,28.18250606,28.18250606,28.18250606,28.18250606
t_1618,28.18250606,28.18250606,28.18250606,28.18250606
t_1619,28.18250606,28.18250606,28.18250606,28.18250606
t_162,99.87773347,99.87773347,99.87773347,99.87773347
t_1620,28.18250606,28.18250606,28.18250606,28.18250606
t_1621,28.18250606,28.18250606,28.18250606,28.18250606
t_1622,28.18250606,28.18250606,28.18250606,28.18250606
t_1623,28.18250606,28.18250606,28.18250606,28.18250606
t_1624,28.35493842,28.35493842,28.35493842,28.35493842
t_1625,69.04210113,69.04210113,69.04210113,69.04210113
t_1626,83.83621233,83.83621233,83.83621233,83.83621233
t_1627,83.83621233,83.83621233,83.83621233,83.83621233
t_1628,83.83621233,83.83621233,83.83621233,83.83621233
t_1629,83.83621233,83.83621233,83.83621233,83.83621233
t_163,99.87773347,99.87773347,99.87773347,99.87773347
t_1630,83.83621233,83.83621233,83.83621233,83.83621233
t_1631,83.83621233,83.83621233,83.83621233,83.83621233
t_1632,83.83621233,83.83621233,83.83621233,83.83621233
t_1633,80.49981624,80.49981624,80.49981624,80.49981624
t_1634,80.49981625,80.49981625,80.49981625,80.49981625
t_1635,79.92273372,79.92273372,79.92273372,79.92273372
t_1636,78.2371882,78.2371882,78.2371882,78.2371882
t_1637,77.20399977,77.20399977,77.20399977,77.20399977
t_1638,61.76756673,61.76756673,61.76756673,61.76756673
t_1639,54.71016141,54.71016141,54.71016141,54.71016141
t_164,95.41759103,95.41759103,95.41759103,95.41759103
t_1640,43.21985363,43.21985363,43.21985363,43.21985363
t_1641,25.71871548,25.71871548,25.71871548,25.71871548
t_1642,22.37591152,22.37591152,22.37591152,22.37591152
t_1643,12.75246245,12.75246245,12.75246245,12.75246245
t_1644,20.31643015,20.31643015,20.31643015,20.31643015
t_1645,21.00492491,21.00492491,21.00492491,21.00492491
t_1646,21.00492491,21.00492491,21.00492491,21.00492491
t_1647,21.00492491,21.00492491,21.00492491,21.00492491
t_1648,25.9325061,25.9325061,25.9325061,25.9325061
t_1649,43.21985364,43.21985364,43.21985364,43.21985364
t_165,90.78512911,90.78512911,90.78512911,90.78512911
t_1650,54.93799906,54.93799906,54.93799906,54.93799906
t_1651,54.93799906,54.93799906,54.93799906,54.93799906
t_1652,54.93799906,54.93799906,54.93799906,54.93799906
t_1653,54.93799906,54.93799906,54.93799906,54.93799906
t_1654,54.93799906,54.93799906,54.93799906,54.93799906
t_1655,54.93799906,54.93799906,54.93799906,54.93799906
t_1656,54.93799906,54.93799906,54.93799906,54.93799906
t_1657,54.93799906,54.93799906,54.93799906,54.93799906
t_1658,54.93799906,54.93799906,54.93799906,54.93799906
t_1659,54.93799906,54.93799906,54.93799906,54.93799906
t_166,84.35401815,84.35401815,84.35401815,84.35401815
t_1660,54.93799906,54.93799906,54.93799906,54.93799906
t_1661,54.93799906,54.93799906,54.93799906,54.93799906
t_1662,54.93799906,54.93799906,54.93799906,54.93799906
t_1663,54.93799906,54.93799906,54.93799906,54.93799906
t_1664,43.21985363,43.21985363,43.21985363,43.21985363
t_1665,12.75246245,12.75246245,12.75246245,12.75246245
t_1666,12.75246245,12.75246245,12.75246245,12.75246245
t_1667,12.75246245,12.75246245,12.75246245,12.75246245
t_1668,12.75246245,12.75246245,12.75246245,12.75246245
t_1669,12.75246245,12.75246245,12.75246245,12.75246245
t_167,81.72047371,81.72047371,81.72047371,81.72047371
t_1670,12.75246245,12.75246245,12.75246245,12.75246245
t_1671,22.56643015,22.56643015,22.56643015,22.56643015
t_1672,30.43250606,30.43250606,30.43250606,30.43250606
t_1673,43.21985363,43.21985363,43.21985363,43.21985363
t_1674,54.93799906,54.93799906,54.93799906,54.93799906
t_1675,55.46602684,55.46602684,55.46602684,55.46602684
t_1676,54.93799906,54.93799906,54.93799906,54.93799906
t_1677,54.93799906,54.93799906,54.93799906,54.93799906
t_1678,55.46602684,55.46602684,55.46602684,55.46602684
t_1679,55.46602684,55.46602684,55.46602684,55.46602684
t_168,73.98371526,73.98371526,73.98371526,73.98371526
t_1680,55.46602684,55.46602684,55.46602684,55.46602684
t_1681,55.46602684,55.46602684,55.46602684,55.46602684
t_1682,55.46602684,55.46602684,55.46602684,55.46602684
t_1683,55.46602684,55.46602684,55.46602684,55.46602684
t_1684,54.93799906,54.93799906,54.93799906,54.93799906
t_1685,54.93799906,54.93799906,54.93799906,54.93799906
t_1686,54.93799906,54.93799906,54.93799906,54.93799906
t_1687,54.93799906,54.93799906,54.93799906,54.93799906
t_1688,43.21985363,43.21985363,43.21985363,43.21985363
t_1689,19.71625303,19.71625303,19.71625303,19.71625303
t_169,73.98371526,73.98371526,73.98371526,73.98371526
t_1690,17.46625303,17.46625303,17.46625303,17.46625303
t_1691,15.21625303,15.21625303,15.21625303,15.21625303
t_1692,15.21625303,15.21625303,15.21625303,15.21625303
t_1693,15.21625303,15.21625303,15.21625303,15.21625303
t_1694,17.46625303,17.46625303,17.46625303,17.46625303
t_1695,17.46625303,17.46625303,17.46625303,17.46625303
t_1696,30.43250606,30.43250606,30.43250606,30.43250606
t_1697,44.12947811,44.12947811,44.12947811,44.12947811
t_1698,45.03910258,45.03910258,45.03910258,45.03910258
t_1699,45.03910257,45.03910257,45.03910257,45.03910257
t_17,41.14875909,41.14875909,41.14875909,41.14875909
t_170,62.19913297,62.19913297,62.19913297,62.19913297
t_1700,43.21985364,43.21985364,43.21985364,43.21985364
t_1701,43.21985364,43.21985364,43.21985364,43.21985364
t_1702,43.21985364,43.21985364,43.21985364,43.21985364
t_1703,43.21985364,43.21985364,43.21985364,43.21985364
t_1704,43.21985364,43.21985364,43.21985364,43.21985364
t_1705,43.21985364,43.21985364,43.21985364,43.21985364
t_1706,43.21985363,43.21985363,43.21985363,43.21985363
t_1707,43.21985363,43.21985363,43.21985363,43.21985363
t_1708,43.21985363,43.21985363,43.21985363,43.21985363
t_1709,43.21985363,43.21985363,43.21985363,43.21985363
t_171,54.93799906,54.93799906,54.93799906,54.93799906
t_1710,43.21985364,43.21985364,43.21985364,43.21985364
t_1711,43.21985363,43.21985363,43.21985363,43.21985363
t_1712,41.14875909,41.14875909,41.14875909,41.14875909
t_1713,30.43250606,30.43250606,30.43250606,30.43250606
t_1714,25.71871548,25.71871548,25.71871548,25.71871548
t_1715,25.71871548,25.71871548,25.71871548,25.71871548
t_1716,25.71871548,25.71871548,25.71871548,25.71871548
t_1717,25.71871548,25.71871548,25.71871548,25.71871548
t_1718,25.71871548,25.71871548,25.71871548,25.71871548
t_1719,28.13290919,28.13290919,28.13290919,28.13290919
t_172,53.45372365,53.45372365,53.45372365,53.45372365
t_1720,39.56408521,39.56408521,39.56408521,39.56408521
t_1721,43.21985363,43.21985363,43.21985363,43.21985363
t_1722,43.21985363,43.21985363,43.21985363,43.21985363
t_1723,43.21985363,43.21985363,43.21985363,43.21985363
t_1724,43.21985363,43.21985363,43.21985363,43.21985363
t_1725,43.21985363,43.21985363,43.21985363,43.21985363
t_1726,43.21985363,43.21985363,43.21985363,43.21985363
t_1727,43.94275524,43.94275524,43.94275524,43.94275524
t_1728,43.94275524,43.94275524,43.94275524,43.94275524
t_1729,53.93610667,53.93610667,53.93610667,53.93610667
t_173,51.78501849,51.78501849,51.78501849,51.78501849
t_1730,53.93610667,53.93610667,53.93610667,53.93610667
t_1731,53.93610667,53.93610667,53.93610667,53.93610667
t_1732,53.93610667,53.93610667,53.93610667,53.93610667
t_1733,53.93610667,53.93610667,53.93610667,53.93610667
t_1734,53.93610667,53.93610667,53.93610667,53.93610667
t_1735,53.93610667,53.93610667,53.93610667,53.93610667
t_1736,53.93610666,53.93610666,53.93610666,53.93610666
t_1737,27.96871548,27.96871548,27.96871548,27.96871548
t_1738,25.71871548,25.71871548,25.71871548,25.71871548
t_1739,25.03022072,25.03022072,25.03022072,25.03022072
t_174,51.97614949,51.97614949,51.97614949,51.97614949
t_1740,25.03022072,25.03022072,25.03022072,25.03022072
t_1741,25.71871548,25.71871548,25.71871548,25.71871548
t_1742,25.71871548,25.71871548,25.71871548,25.71871548
t_1743,28.18250606,28.18250606,28.18250606,28.18250606
t_1744,41.14875909,41.14875909,41.14875909,41.14875909
t_1745,43.21985363,43.21985363,43.21985363,43.21985363
t_1746,54.93799906,54.93799906,54.93799906,54.93799906
t_1747,54.93799906,54.93799906,54.93799906,54.93799906
t_1748,54.93799906,54.93799906,54.93799906,54.93799906
t_1749,54.93799906,54.93799906,54.93799906,54.93799906
t_175,54.93799906,54.93799906,54.93799906,54.93799906
t_1750,54.93799906,54.93799906,54.93799906,54.93799906
t_1751,54.93799906,54.93799906,54.93799906,54.93799906
t_1752,54.93799906,54.93799906,54.93799906,54.93799906
t_1753,54.93799906,54.93799906,54.93799906,54.93799906
t_1754,54.93799906,54.93799906,54.93799906,54.93799906
t_1755,54.93799906,54.93799906,54.93799906,54.93799906
t_1756,54.93799906,54.93799906,54.93799906,54.93799906
t_1757,53.80635021,53.80635021,53.80635021,53.80635021
t_1758,53.79904268,53.79904268,53.79904268,53.79904268
t_1759,53.51674869,53.51674869,53.51674869,53.51674869
t_176,57.97971582,57.97971582,57.97971582,57.97971582
t_1760,43.21985363,43.21985363,43.21985363,43.21985363
t_1761,37.99647376,37.99647376,37.99647376,37.99647376
t_1762,34.84418842,34.84418842,34.84418842,34.84418842
t_1763,27.28022072,27.28022072,27.28022072,27.28022072
t_1764,27.28022072,27.28022072,27.28022072,27.28022072
t_1765,34.84418842,34.84418842,34.84418842,34.84418842
t_1766,37.99647376,37.99647376,37.99647376,37.99647376
t_1767,40.0675683,40.0675683,40.0675683,40.0675683
t_1768,44.1294781,44.1294781,44.1294781,44.1294781
t_1769,55.84762354,55.84762354,55.84762354,55.84762354
t_177,48.37407097,48.37407097,48.37407097,48.37407097
t_1770,55.84762354,55.84762354,55.84762354,55.84762354
t_1771,55.84762354,55.84762354,55.84762354,55.84762354
t_1772,55.84762354,55.84762354,55.84762354,55.84762354
t_1773,55.84762354,55.84762354,55.84762354,55.84762354
t_1774,55.84762354,55.84762354,55.84762354,55.84762354
t_1775,55.84762354,55.84762354,55.84762354,55.84762354
t_1776,54.94736742,54.94736742,54.94736742,54.94736742
t_1777,54.93799906,54.93799906,54.93799906,54.93799906
t_1778,54.93799906,54.93799906,54.93799906,54.93799906
t_1779,54.93799906,54.93799906,54.93799906,54.93799906
t_178,43.21985363,43.21985363,43.21985363,43.21985363
t_1780,52.94961704,52.94961704,52.94961704,52.94961704
t_1781,49.85425289,49.85425289,49.85425289,49.85425289
t_1782,52.71409132,52.71409132,52.71409132,52.71409132
t_1783,54.93799906,54.93799906,54.93799906,54.93799906
t_1784,48.36327525,48.36327525,48.36327525,48.36327525
t_1785,43.21985363,43.21985363,43.21985363,43.21985363
t_1786,41.14875909,41.14875909,41.14875909,41.14875909
t_1787,29.62388765,29.62388765,29.62388765,29.62388765
t_1788,25.50492491,25.50492491,25.50492491,25.50492491
t_1789,22.70776069,22.70776069,22.70776069,22.70776069
t_179,43.21985363,43.21985363,43.21985363,43.21985363
t_1790,21.00492491,21.00492491,21.00492491,21.00492491
t_1791,29.33817761,29.33817761,29.33817761,29.33817761
t_1792,30.43250606,30.43250606,30.43250606,30.43250606
t_1793,43.21985364,43.21985364,43.21985364,43.21985364
t_1794,54.84515425,54.84515425,54.84515425,54.84515425
t_1795,54.84515425,54.84515425,54.84515425,54.84515425
t_1796,54.84515425,54.84515425,54.84515425,54.84515425
t_1797,54.84515425,54.84515425,54.84515425,54.84515425
t_1798,54.84515425,54.84515425,54.84515425,54.84515425
t_1799,54.84515424,54.84515424,54.84515424,54.84515424
t_18,41.14875909,41.14875909,41.14875909,41.14875909
t_180,41.14875909,41.14875909,41.14875909,41.14875909
t_1800,54.84515424,54.84515424,54.84515424,54.84515424
t_1801,54.84515424,54.84515424,54.84515424,54.84515424
t_1802,54.84515424,54.84515424,54.84515424,54.84515424
t_1803,54.84515424,54.84515424,54.84515424,54.84515424
t_1804,54.84515424,54.84515424,54.84515424,54.84515424
t_1805,54.84515424,54.84515424,54.84515424,54.84515424
t_1806,54.84515424,54.84515424,54.84515424,54.84515424
t_1807,48.54058357,48.54058357,48.54058357,48.54058357
t_1808,1.73E+01,1.73E+01,1.73E+01,1.73E+01
t_1809,4.50E+00,4.50E+00,4.50E+00,4.50E+00
t_181,41.14875909,41.14875909,41.14875909,41.14875909
t_1810,2.25E+00,2.25E+00,2.25E+00,2.25E+00
t_1811,9.51E-11,9.51E-11,9.51E-11,9.51E-11
t_1812,4.78E-11,4.78E-11,4.78E-11,4.78E-11
t_1813,4.31E-11,4.31E-11,4.31E-11,4.31E-11
t_1814,7.19E-11,7.19E-11,7.19E-11,7.19E-11
t_1815,7.10E-02,7.10E-02,7.10E-02,7.10E-02
t_1816,4.50E+00,4.50E+00,4.50E+00,4.50E+00
t_1817,1.73E+01,1.73E+01,1.73E+01,1.73E+01
t_1818,29.005993,29.005993,29.005993,29.005993
t_1819,29.005993,29.005993,29.005993,29.005993
t_182,43.21985363,43.21985363,43.21985363,43.21985363
t_1820,29.005993,29.005993,29.005993,29.005993
t_1821,29.005993,29.005993,29.005993,29.005993
t_1822,29.005993,29.005993,29.005993,29.005993
t_1823,29.005993,29.005993,29.005993,29.005993
t_1824,29.005993,29.005993,29.005993,29.005993
t_1825,2.89E+01,2.89E+01,2.89E+01,2.89E+01
t_1826,2.89E+01,2.89E+01,2.89E+01,2.89E+01
t_1827,2.89E+01,2.89E+01,2.89E+01,2.89E+01
t_1828,2.80E+01,2.80E+01,2.80E+01,2.80E+01
t_1829,2.61E+01,2.61E+01,2.61E+01,2.61E+01
t_183,43.21985363,43.21985363,43.21985363,43.21985363
t_1830,2.21E+01,2.21E+01,2.21E+01,2.21E+01
t_1831,2.21E+01,2.21E+01,2.21E+01,2.21E+01
t_1832,1.73E+01,1.73E+01,1.73E+01,1.73E+01
t_1833,4.50E+00,4.50E+00,4.50E+00,4.50E+00
t_1834,2.25E+00,2.25E+00,2.25E+00,2.25E+00
t_1835,1.70E+00,1.70E+00,1.70E+00,1.70E+00
t_1836,1.625349973,1.625349973,1.625349973,1.625349973
t_1837,1.63E+00,1.63E+00,1.63E+00,1.63E+00
t_1838,1.63E+00,1.63E+00,1.63E+00,1.63E+00
t_1839,1.70E+00,1.70E+00,1.70E+00,1.70E+00
t_184,52.53880255,52.53880255,52.53880255,52.53880255
t_1840,2.25E+00,2.25E+00,2.25E+00,2.25E+00
t_1841,1.52E+01,1.52E+01,1.52E+01,1.52E+01
t_1842,36.91528296,36.91528296,36.91528296,36.91528296
t_1843,43.21985363,43.21985363,43.21985363,43.21985363
t_1844,43.21985363,43.21985363,43.21985363,43.21985363
t_1845,43.21985363,43.21985363,43.21985363,43.21985363
t_1846,43.21985363,43.21985363,43.21985363,43.21985363
t_1847,43.21985363,43.21985363,43.21985363,43.21985363
t_1848,43.21985363,43.21985363,43.21985363,43.21985363
t_1849,43.21985363,43.21985363,43.21985363,43.21985363
t_185,59.0241489,59.0241489,59.0241489,59.0241489
t_1850,43.21985363,43.21985363,43.21985363,43.21985363
t_1851,43.21985363,43.21985363,43.21985363,43.21985363
t_1852,43.21985363,43.21985363,43.21985363,43.21985363
t_1853,43.21985363,43.21985363,43.21985363,43.21985363
t_1854,43.21985363,43.21985363,43.21985363,43.21985363
t_1855,43.21985363,43.21985363,43.21985363,43.21985363
t_1856,43.21985363,43.21985363,43.21985363,43.21985363
t_1857,33.0688926,33.0688926,33.0688926,33.0688926
t_1858,22.56643015,22.56643015,22.56643015,22.56643015
t_1859,22.56643015,22.56643015,22.56643015,22.56643015
t_186,59.0241489,59.0241489,59.0241489,59.0241489
t_1860,22.56643015,22.56643015,22.56643015,22.56643015
t_1861,22.56643015,22.56643015,22.56643015,22.56643015
t_1862,22.56643015,22.56643015,22.56643015,22.56643015
t_1863,23.25492491,23.25492491,23.25492491,23.25492491
t_1864,23.25492491,23.25492491,23.25492491,23.25492491
t_1865,43.21985363,43.21985363,43.21985363,43.21985363
t_1866,43.21985363,43.21985363,43.21985363,43.21985363
t_1867,43.21985363,43.21985363,43.21985363,43.21985363
t_1868,43.21985363,43.21985363,43.21985363,43.21985363
t_1869,43.21985363,43.21985363,43.21985363,43.21985363
t_187,59.0241489,59.0241489,59.0241489,59.0241489
t_1870,43.21985363,43.21985363,43.21985363,43.21985363
t_1871,43.21985363,43.21985363,43.21985363,43.21985363
t_1872,43.21985363,43.21985363,43.21985363,43.21985363
t_1873,43.21985363,43.21985363,43.21985363,43.21985363
t_1874,43.21985363,43.21985363,43.21985363,43.21985363
t_1875,43.21985363,43.21985363,43.21985363,43.21985363
t_1876,43.21985363,43.21985363,43.21985363,43.21985363
t_1877,43.21985363,43.21985363,43.21985363,43.21985363
t_1878,43.21985363,43.21985363,43.21985363,43.21985363
t_1879,43.21985363,43.21985363,43.21985363,43.21985363
t_188,59.0241489,59.0241489,59.0241489,59.0241489
t_1880,36.39473746,36.39473746,36.39473746,36.39473746
t_1881,6.75,6.75,6.75,6.75
t_1882,2.25E+00,2.25E+00,2.25E+00,2.25E+00
t_1883,2.25E+00,2.25E+00,2.25E+00,2.25E+00
t_1884,1.03E-10,1.03E-10,1.03E-10,1.03E-10
t_1885,4.10E-11,4.10E-11,4.10E-11,4.10E-11
t_1886,1.43E-10,1.43E-10,1.43E-10,1.43E-10
t_1887,2.25E+00,2.25E+00,2.25E+00,2.25E+00
t_1888,2.25E+00,2.25E+00,2.25E+00,2.25E+00
t_1889,9,9,9,9
t_189,59.0241489,59.0241489,59.0241489,59.0241489
t_1890,36.91528296,36.91528296,36.91528296,36.91528296
t_1891,39.21757477,39.21757477,39.21757477,39.21757477
t_1892,49.08383427,49.08383427,49.08383427,49.08383427
t_1893,49.08383427,49.08383427,49.08383427,49.08383427
t_1894,49.9338278,49.9338278,49.9338278,49.9338278
t_1895,49.9338278,49.9338278,49.9338278,49.9338278
t_1896,49.9338278,49.9338278,49.9338278,49.9338278
t_1897,49.9338278,49.9338278,49.9338278,49.9338278
t_1898,49.9338278,49.9338278,49.9338278,49.9338278
t_1899,49.9338278,49.9338278,49.9338278,49.9338278
t_19,41.14875909,41.14875909,41.14875909,41.14875909
t_190,59.0241489,59.0241489,59.0241489,59.0241489
t_1900,49.9338278,49.9338278,49.9338278,49.9338278
t_1901,49.08383427,49.08383427,49.08383427,49.08383427
t_1902,49.9338278,49.9338278,49.9338278,49.9338278
t_1903,49.9338278,49.9338278,49.9338278,49.9338278
t_1904,14.31396769,14.31396769,14.31396769,14.31396769
t_1905,12.06396769,12.06396769,12.06396769,12.06396769
t_1906,12.06396769,12.06396769,12.06396769,12.06396769
t_1907,12.06396769,12.06396769,12.06396769,12.06396769
t_1908,12.06396769,12.06396769,12.06396769,12.06396769
t_1909,12.06396769,12.06396769,12.06396769,12.06396769
t_191,59.0241489,59.0241489,59.0241489,59.0241489
t_1910,12.06396769,12.06396769,12.06396769,12.06396769
t_1911,12.06396769,12.06396769,12.06396769,12.06396769
t_1912,12.06396769,12.06396769,12.06396769,12.06396769
t_1913,40.0675683,40.0675683,40.0675683,40.0675683
t_1914,43.21985363,43.21985363,43.21985363,43.21985363
t_1915,53.93610666,53.93610666,53.93610666,53.93610666
t_1916,43.94275524,43.94275524,43.94275524,43.94275524
t_1917,43.94275524,43.94275524,43.94275524,43.94275524
t_1918,43.94275524,43.94275524,43.94275524,43.94275524
t_1919,43.94275524,43.94275524,43.94275524,43.94275524
t_192,59.0241489,59.0241489,59.0241489,59.0241489
t_1920,43.21985363,43.21985363,43.21985363,43.21985363
t_1921,43.21985363,43.21985363,43.21985363,43.21985363
t_1922,43.21985363,43.21985363,43.21985363,43.21985363
t_1923,43.21985363,43.21985363,43.21985363,43.21985363
t_1924,43.21985363,43.21985363,43.21985363,43.21985363
t_1925,43.21985363,43.21985363,43.21985363,43.21985363
t_1926,43.21985363,43.21985363,43.21985363,43.21985363
t_1927,43.21985363,43.21985363,43.21985363,43.21985363
t_1928,15.21625303,15.21625303,15.21625303,15.21625303
t_1929,15.21625303,15.21625303,15.21625303,15.21625303
t_193,54.27484923,54.27484923,54.27484923,54.27484923
t_1930,15.21625303,15.21625303,15.21625303,15.21625303
t_1931,15.21625303,15.21625303,15.21625303,15.21625303
t_1932,12.75246245,12.75246245,12.75246245,12.75246245
t_1933,12.75246245,12.75246245,12.75246245,12.75246245
t_1934,12.75246245,12.75246245,12.75246245,12.75246245
t_1935,12.75246245,12.75246245,12.75246245,12.75246245
t_1936,15.21625303,15.21625303,15.21625303,15.21625303
t_1937,39.15977601,39.15977601,39.15977601,39.15977601
t_1938,43.21985363,43.21985363,43.21985363,43.21985363
t_1939,43.94275524,43.94275524,43.94275524,43.94275524
t_194,54.27484923,54.27484923,54.27484923,54.27484923
t_1940,43.22010363,43.22010363,43.22010363,43.22010363
t_1941,43.21985364,43.21985364,43.21985364,43.21985364
t_1942,43.21985364,43.21985364,43.21985364,43.21985364
t_1943,43.22010363,43.22010363,43.22010363,43.22010363
t_1944,43.21985364,43.21985364,43.21985364,43.21985364
t_1945,43.21985364,43.21985364,43.21985364,43.21985364
t_1946,43.21985364,43.21985364,43.21985364,43.21985364
t_1947,43.74788141,43.74788141,43.74788141,43.74788141
t_1948,43.74788141,43.74788141,43.74788141,43.74788141
t_1949,43.21985364,43.21985364,43.21985364,43.21985364
t_195,51.51924397,51.51924397,51.51924397,51.51924397
t_1950,43.74788141,43.74788141,43.74788141,43.74788141
t_1951,43.74788141,43.74788141,43.74788141,43.74788141
t_1952,28.18250606,28.18250606,28.18250606,28.18250606
t_1953,25.03022073,25.03022073,25.03022073,25.03022073
t_1954,25.03022072,25.03022072,25.03022072,25.03022072
t_1955,25.03022072,25.03022072,25.03022072,25.03022072
t_1956,25.03022072,25.03022072,25.03022072,25.03022072
t_1957,22.56643015,22.56643015,22.56643015,22.56643015
t_1958,22.56643015,22.56643015,22.56643015,22.56643015
t_1959,25.03022072,25.03022072,25.03022072,25.03022072
t_196,51.51924397,51.51924397,51.51924397,51.51924397
t_1960,28.18250606,28.18250606,28.18250606,28.18250606
t_1961,39.56408521,39.56408521,39.56408521,39.56408521
t_1962,43.21985363,43.21985363,43.21985363,43.21985363
t_1963,43.74788141,43.74788141,43.74788141,43.74788141
t_1964,43.74788141,43.74788141,43.74788141,43.74788141
t_1965,43.74788141,43.74788141,43.74788141,43.74788141
t_1966,43.74788141,43.74788141,43.74788141,43.74788141
t_1967,43.74788141,43.74788141,43.74788141,43.74788141
t_1968,43.74788141,43.74788141,43.74788141,43.74788141
t_1969,43.74788141,43.74788141,43.74788141,43.74788141
t_197,51.51924397,51.51924397,51.51924397,51.51924397
t_1970,43.74788141,43.74788141,43.74788141,43.74788141
t_1971,43.74788141,43.74788141,43.74788141,43.74788141
t_1972,43.21985364,43.21985364,43.21985364,43.21985364
t_1973,43.21985364,43.21985364,43.21985364,43.21985364
t_1974,43.74788141,43.74788141,43.74788141,43.74788141
t_1975,43.74788141,43.74788141,43.74788141,43.74788141
t_1976,9,9,9,9
t_1977,4.5,4.5,4.5,4.5
t_1978,4.5,4.5,4.5,4.5
t_1979,4.5,4.5,4.5,4.5
t_198,51.51924397,51.51924397,51.51924397,51.51924397
t_1980,4.5,4.5,4.5,4.5
t_1981,4.5,4.5,4.5,4.5
t_1982,4.5,4.5,4.5,4.5
t_1983,4.5,4.5,4.5,4.5
t_1984,6.75,6.75,6.75,6.75
t_1985,41.14875909,41.14875909,41.14875909,41.14875909
t_1986,54.93799906,54.93799906,54.93799906,54.93799906
t_1987,54.93799906,54.93799906,54.93799906,54.93799906
t_1988,54.93799906,54.93799906,54.93799906,54.93799906
t_1989,54.93799906,54.93799906,54.93799906,54.93799906
t_199,56.01663125,56.01663125,56.01663125,56.01663125
t_1990,54.93799906,54.93799906,54.93799906,54.93799906
t_1991,54.93799906,54.93799906,54.93799906,54.93799906
t_1992,54.93799906,54.93799906,54.93799906,54.93799906
t_1993,41.03847929,41.03847929,41.03847929,41.03847929
t_1994,33.505493,33.505493,33.505493,33.505493
t_1995,33.505493,33.505493,33.505493,33.505493
t_1996,2.90E+01,2.90E+01,2.90E+01,2.90E+01
t_1997,2.90E+01,2.90E+01,2.90E+01,2.90E+01
t_1998,2.90E+01,2.90E+01,2.90E+01,2.90E+01
t_1999,2.66E+01,2.66E+01,2.66E+01,2.66E+01
t_2,43.21985363,43.21985363,43.21985363,43.21985363
t_20,41.14875909,41.14875909,41.14875909,41.14875909
t_200,56.01663125,56.01663125,56.01663125,56.01663125
t_2000,1.73E+01,1.73E+01,1.73E+01,1.73E+01
t_2001,2.25E+00,2.25E+00,2.25E+00,2.25E+00
t_2002,2.10E+00,2.10E+00,2.10E+00,2.10E+00
t_2003,2.12E-11,2.12E-11,2.12E-11,2.12E-11
t_2004,7.10E-12,7.10E-12,7.10E-12,7.10E-12
t_2005,3.05E-12,3.05E-12,3.05E-12,3.05E-12
t_2006,3.03E-12,3.03E-12,3.03E-12,3.03E-12
t_2007,6.02E-12,6.02E-12,6.02E-12,6.02E-12
t_2008,1.87E-10,1.87E-10,1.87E-10,1.87E-10
t_2009,1.36E+01,1.36E+01,1.36E+01,1.36E+01
t_201,44.77982603,44.77982603,44.77982603,44.77982603
t_2010,1.73E+01,1.73E+01,1.73E+01,1.73E+01
t_2011,21.78734758,21.78734758,21.78734758,21.78734758
t_2012,33.18557024,33.18557024,33.18557024,33.18557024
t_2013,36.91528296,36.91528296,36.91528296,36.91528296
t_2014,36.91528296,36.91528296,36.91528296,36.91528296
t_2015,33.18557024,33.18557024,33.18557024,33.18557024
t_2016,36.91528296,36.91528296,36.91528296,36.91528296
t_2017,36.91528296,36.91528296,36.91528296,36.91528296
t_2018,38.29227248,38.29227248,38.29227248,38.29227248
t_2019,38.29227248,38.29227248,38.29227248,38.29227248
t_202,43.21985363,43.21985363,43.21985363,43.21985363
t_2020,38.29227248,38.29227248,38.29227248,38.29227248
t_2021,38.29227248,38.29227248,38.29227248,38.29227248
t_2022,38.29227248,38.29227248,38.29227248,38.29227248
t_2023,38.29227248,38.29227248,38.29227248,38.29227248
t_2024,38.29227248,38.29227248,38.29227248,38.29227248
t_2025,21.0189556,21.0189556,21.0189556,21.0189556
t_2026,14.28298629,14.28298629,14.28298629,14.28298629
t_2027,14.28298629,14.28298629,14.28298629,14.28298629
t_2028,14.28298629,14.28298629,14.28298629,14.28298629
t_2029,12.03298629,12.03298629,12.03298629,12.03298629
t_203,41.14875909,41.14875909,41.14875909,41.14875909
t_2030,12.03298629,12.03298629,12.03298629,12.03298629
t_2031,12.03298629,12.03298629,12.03298629,12.03298629
t_2032,14.28298629,14.28298629,14.28298629,14.28298629
t_2033,29.32033386,29.32033386,29.32033386,29.32033386
t_2034,32.1433862,32.1433862,32.1433862,32.1433862
t_2035,32.1433862,32.1433862,32.1433862,32.1433862
t_2036,32.1433862,32.1433862,32.1433862,32.1433862
t_2037,32.1433862,32.1433862,32.1433862,32.1433862
t_2038,32.1433862,32.1433862,32.1433862,32.1433862
t_2039,32.1433862,32.1433862,32.1433862,32.1433862
t_204,30.43250606,30.43250606,30.43250606,30.43250606
t_2040,32.1433862,32.1433862,32.1433862,32.1433862
t_2041,32.1433862,32.1433862,32.1433862,32.1433862
t_2042,32.1433862,32.1433862,32.1433862,32.1433862
t_2043,29.32033386,29.32033386,29.32033386,29.32033386
t_2044,29.32033386,29.32033386,29.32033386,29.32033386
t_2045,29.32033386,29.32033386,29.32033386,29.32033386
t_2046,32.1433862,32.1433862,32.1433862,32.1433862
t_2047,32.1433862,32.1433862,32.1433862,32.1433862
t_2048,32.1433862,32.1433862,32.1433862,32.1433862
t_2049,12.76649314,12.76649314,12.76649314,12.76649314
t_205,30.43250606,30.43250606,30.43250606,30.43250606
t_2050,6.322297503,6.322297503,6.322297503,6.322297503
t_2051,6.322297503,6.322297503,6.322297503,6.322297503
t_2052,5.466892508,5.466892508,5.466892508,5.466892508
t_2053,3.644595006,3.644595006,3.644595006,3.644595006
t_2054,5.466892508,5.466892508,5.466892508,5.466892508
t_2055,5.466892509,5.466892509,5.466892509,5.466892509
t_2056,5.894595006,5.894595006,5.894595006,5.894595006
t_2057,16.56396769,16.56396769,16.56396769,16.56396769
t_2058,21.78734758,21.78734758,21.78734758,21.78734758
t_2059,21.78734758,21.78734758,21.78734758,21.78734758
t_206,41.14875909,41.14875909,41.14875909,41.14875909
t_2060,21.78734758,21.78734758,21.78734758,21.78734758
t_2061,21.78734758,21.78734758,21.78734758,21.78734758
t_2062,21.78734758,21.78734758,21.78734758,21.78734758
t_2063,21.78734759,21.78734759,21.78734759,21.78734759
t_2064,21.78734759,21.78734759,21.78734759,21.78734759
t_2065,21.78734759,21.78734759,21.78734759,21.78734759
t_2066,21.78734759,21.78734759,21.78734759,21.78734759
t_2067,21.78734759,21.78734759,21.78734759,21.78734759
t_2068,21.78734759,21.78734759,21.78734759,21.78734759
t_2069,21.78734758,21.78734758,21.78734758,21.78734758
t_207,43.21985363,43.21985363,43.21985363,43.21985363
t_2070,21.78734758,21.78734758,21.78734758,21.78734758
t_2071,21.78734758,21.78734758,21.78734758,21.78734758
t_2072,6.75,6.75,6.75,6.75
t_2073,4.072297503,4.072297503,4.072297503,4.072297503
t_2074,4.072297503,4.072297503,4.072297503,4.072297503
t_2075,1.822297503,1.822297503,1.822297503,1.822297503
t_2076,1.822297503,1.822297503,1.822297503,1.822297503
t_2077,1.822297503,1.822297503,1.822297503,1.822297503
t_2078,1.822297503,1.822297503,1.822297503,1.822297503
t_2079,1.822297503,1.822297503,1.822297503,1.822297503
t_208,47.23219261,47.23219261,47.23219261,47.23219261
t_2080,15.21625303,15.21625303,15.21625303,15.21625303
t_2081,27.28022072,27.28022072,27.28022072,27.28022072
t_2082,43.21985363,43.21985363,43.21985363,43.21985363
t_2083,43.21985363,43.21985363,43.21985363,43.21985363
t_2084,43.21985363,43.21985363,43.21985363,43.21985363
t_2085,43.21985363,43.21985363,43.21985363,43.21985363
t_2086,43.21985363,43.21985363,43.21985363,43.21985363
t_2087,43.21985363,43.21985363,43.21985363,43.21985363
t_2088,43.21985363,43.21985363,43.21985363,43.21985363
t_2089,43.21985363,43.21985363,43.21985363,43.21985363
t_209,56.55411521,56.55411521,56.55411521,56.55411521
t_2090,43.21985363,43.21985363,43.21985363,43.21985363
t_2091,43.21985363,43.21985363,43.21985363,43.21985363
t_2092,43.21985363,43.21985363,43.21985363,43.21985363
t_2093,43.21985363,43.21985363,43.21985363,43.21985363
t_2094,43.21985363,43.21985363,43.21985363,43.21985363
t_2095,43.21985363,43.21985363,43.21985363,43.21985363
t_2096,37.99647376,37.99647376,37.99647376,37.99647376
t_2097,15.21625303,15.21625303,15.21625303,15.21625303
t_2098,12.06396769,12.06396769,12.06396769,12.06396769
t_2099,12.06396769,12.06396769,12.06396769,12.06396769
t_21,41.14875909,41.14875909,41.14875909,41.14875909
t_210,56.55411521,56.55411521,56.55411521,56.55411521
t_2100,12.06396769,12.06396769,12.06396769,12.06396769
t_2101,12.06396769,12.06396769,12.06396769,12.06396769
t_2102,12.06396769,12.06396769,12.06396769,12.06396769
t_2103,12.06396769,12.06396769,12.06396769,12.06396769
t_2104,12.06396769,12.06396769,12.06396769,12.06396769
t_2105,36.41179988,36.41179988,36.41179988,36.41179988
t_2106,40.0675683,40.0675683,40.0675683,40.0675683
t_2107,40.0675683,40.0675683,40.0675683,40.0675683
t_2108,40.0675683,40.0675683,40.0675683,40.0675683
t_2109,40.0675683,40.0675683,40.0675683,40.0675683
t_211,56.55411521,56.55411521,56.55411521,56.55411521
t_2110,40.0675683,40.0675683,40.0675683,40.0675683
t_2111,40.0678183,40.0678183,40.0678183,40.0678183
t_2112,40.0678183,40.0678183,40.0678183,40.0678183
t_2113,40.0678183,40.0678183,40.0678183,40.0678183
t_2114,40.0678183,40.0678183,40.0678183,40.0678183
t_2115,40.0678183,40.0678183,40.0678183,40.0678183
t_2116,40.0678183,40.0678183,40.0678183,40.0678183
t_2117,40.0675683,40.0675683,40.0675683,40.0675683
t_2118,40.0678183,40.0678183,40.0678183,40.0678183
t_2119,40.0678183,40.0678183,40.0678183,40.0678183
t_212,53.51239845,53.51239845,53.51239845,53.51239845
t_2120,15.21625303,15.21625303,15.21625303,15.21625303
t_2121,15.21625303,15.21625303,15.21625303,15.21625303
t_2122,15.21625303,15.21625303,15.21625303,15.21625303
t_2123,15.21625303,15.21625303,15.21625303,15.21625303
t_2124,15.21625303,15.21625303,15.21625303,15.21625303
t_2125,14.78855053,14.78855053,14.78855053,14.78855053
t_2126,14.78855053,14.78855053,14.78855053,14.78855053
t_2127,15.21625303,15.21625303,15.21625303,15.21625303
t_2128,15.21625303,15.21625303,15.21625303,15.21625303
t_2129,19.71625303,19.71625303,19.71625303,19.71625303
t_213,53.51239845,53.51239845,53.51239845,53.51239845
t_2130,43.21985363,43.21985363,43.21985363,43.21985363
t_2131,43.21985363,43.21985363,43.21985363,43.21985363
t_2132,43.21985363,43.21985363,43.21985363,43.21985363
t_2133,43.21985363,43.21985363,43.21985363,43.21985363
t_2134,43.21985363,43.21985363,43.21985363,43.21985363
t_2135,43.21985363,43.21985363,43.21985363,43.21985363
t_2136,43.21985363,43.21985363,43.21985363,43.21985363
t_2137,43.21985363,43.21985363,43.21985363,43.21985363
t_2138,41.14875909,41.14875909,41.14875909,41.14875909
t_2139,41.14875909,41.14875909,41.14875909,41.14875909
t_214,53.51239845,53.51239845,53.51239845,53.51239845
t_2140,41.14875909,41.14875909,41.14875909,41.14875909
t_2141,41.14875909,41.14875909,41.14875909,41.14875909
t_2142,41.14875909,41.14875909,41.14875909,41.14875909
t_2143,37.97941134,37.97941134,37.97941134,37.97941134
t_2144,15.21625303,15.21625303,15.21625303,15.21625303
t_2145,14.81194382,14.81194382,14.81194382,14.81194382
t_2146,12.75246245,12.75246245,12.75246245,12.75246245
t_2147,12.20548745,12.20548745,12.20548745,12.20548745
t_2148,12.20548745,12.20548745,12.20548745,12.20548745
t_2149,14.66927803,14.66927803,14.66927803,14.66927803
t_215,53.51239845,53.51239845,53.51239845,53.51239845
t_2150,14.78855053,14.78855053,14.78855053,14.78855053
t_2151,15.21625303,15.21625303,15.21625303,15.21625303
t_2152,15.21625303,15.21625303,15.21625303,15.21625303
t_2153,27.77819685,27.77819685,27.77819685,27.77819685
t_2154,43.21985363,43.21985363,43.21985363,43.21985363
t_2155,43.21985363,43.21985363,43.21985363,43.21985363
t_2156,43.21985363,43.21985363,43.21985363,43.21985363
t_2157,43.21985363,43.21985363,43.21985363,43.21985363
t_2158,43.21985363,43.21985363,43.21985363,43.21985363
t_2159,43.21985363,43.21985363,43.21985363,43.21985363
t_216,51.90931717,51.90931717,51.90931717,51.90931717
t_2160,43.21985363,43.21985363,43.21985363,43.21985363
t_2161,43.21985363,43.21985363,43.21985363,43.21985363
t_2162,43.21985363,43.21985363,43.21985363,43.21985363
t_2163,43.21985363,43.21985363,43.21985363,43.21985363
t_2164,43.21985363,43.21985363,43.21985363,43.21985363
t_2165,43.21985363,43.21985363,43.21985363,43.21985363
t_2166,43.21985363,43.21985363,43.21985363,43.21985363
t_2167,41.14875909,41.14875909,41.14875909,41.14875909
t_2168,25.03022072,25.03022072,25.03022072,25.03022072
t_2169,17.46625303,17.46625303,17.46625303,17.46625303
t_217,48.69951639,48.69951639,48.69951639,48.69951639
t_2170,15.21625303,15.21625303,15.21625303,15.21625303
t_2171,15.21625303,15.21625303,15.21625303,15.21625303
t_2172,15.21625303,15.21625303,15.21625303,15.21625303
t_2173,14.81194383,14.81194383,14.81194383,14.81194383
t_2174,12.75246245,12.75246245,12.75246245,12.75246245
t_2175,12.75246245,12.75246245,12.75246245,12.75246245
t_2176,12.75246245,12.75246245,12.75246245,12.75246245
t_2177,17.46625303,17.46625303,17.46625303,17.46625303
t_2178,33.03162838,33.03162838,33.03162838,33.03162838
t_2179,33.03162838,33.03162838,33.03162838,33.03162838
t_218,48.69951639,48.69951639,48.69951639,48.69951639
t_2180,33.03162838,33.03162838,33.03162838,33.03162838
t_2181,33.03162838,33.03162838,33.03162838,33.03162838
t_2182,33.03162838,33.03162838,33.03162838,33.03162838
t_2183,33.03162838,33.03162838,33.03162838,33.03162838
t_2184,33.03162838,33.03162838,33.03162838,33.03162838
t_2185,21.78734758,21.78734758,21.78734758,21.78734758
t_2186,21.78734758,21.78734758,21.78734758,21.78734758
t_2187,21.78734758,21.78734758,21.78734758,21.78734758
t_2188,1.73E+01,1.73E+01,1.73E+01,1.73E+01
t_2189,1.73E+01,1.73E+01,1.73E+01,1.73E+01
t_219,48.69951639,48.69951639,48.69951639,48.69951639
t_2190,1.73E+01,1.73E+01,1.73E+01,1.73E+01
t_2191,17.28784757,17.28784757,17.28784757,17.28784757
t_2192,4.50E+00,4.50E+00,4.50E+00,4.50E+00
t_2193,2.25E+00,2.25E+00,2.25E+00,2.25E+00
t_2194,2.25E+00,2.25E+00,2.25E+00,2.25E+00
t_2195,2.25E+00,2.25E+00,2.25E+00,2.25E+00
t_2196,1.12E-09,1.12E-09,1.12E-09,1.12E-09
t_2197,1.62E-11,1.62E-11,1.62E-11,1.62E-11
t_2198,1.26E-11,1.26E-11,1.26E-11,1.26E-11
t_2199,1.70E+00,1.70E+00,1.70E+00,1.70E+00
t_22,41.14875909,41.14875909,41.14875909,41.14875909
t_220,48.69951639,48.69951639,48.69951639,48.69951639
t_2200,2.25E+00,2.25E+00,2.25E+00,2.25E+00
t_2201,1.21E+01,1.21E+01,1.21E+01,1.21E+01
t_2202,2.21E+01,2.21E+01,2.21E+01,2.21E+01
t_2203,2.21E+01,2.21E+01,2.21E+01,2.21E+01
t_2204,2.21E+01,2.21E+01,2.21E+01,2.21E+01
t_2205,2.21E+01,2.21E+01,2.21E+01,2.21E+01
t_2206,2.21E+01,2.21E+01,2.21E+01,2.21E+01
t_2207,22.11777018,22.11777018,22.11777018,22.11777018
t_2208,24.36752018,24.36752018,24.36752018,24.36752018
t_2209,24.89554796,24.89554796,24.89554796,24.89554796
t_221,48.69951639,48.69951639,48.69951639,48.69951639
t_2210,24.36752018,24.36752018,24.36752018,24.36752018
t_2211,24.36752018,24.36752018,24.36752018,24.36752018
t_2212,24.36752018,24.36752018,24.36752018,24.36752018
t_2213,24.36752018,24.36752018,24.36752018,24.36752018
t_2214,24.36752018,24.36752018,24.36752018,24.36752018
t_2215,24.36727018,24.36727018,24.36727018,24.36727018
t_2216,19.53734758,19.53734758,19.53734758,19.53734758
t_2217,2.25E+00,2.25E+00,2.25E+00,2.25E+00
t_2218,2.25E+00,2.25E+00,2.25E+00,2.25E+00
t_2219,2.25E+00,2.25E+00,2.25E+00,2.25E+00
t_222,50.11011765,50.11011765,50.11011765,50.11011765
t_2220,2.25E+00,2.25E+00,2.25E+00,2.25E+00
t_2221,2.25E+00,2.25E+00,2.25E+00,2.25E+00
t_2222,2.25E+00,2.25E+00,2.25E+00,2.25E+00
t_2223,2.25E+00,2.25E+00,2.25E+00,2.25E+00
t_2224,4.5,4.5,4.5,4.5
t_2225,40.0675683,40.0675683,40.0675683,40.0675683
t_2226,54.93799906,54.93799906,54.93799906,54.93799906
t_2227,65.65425209,65.65425209,65.65425209,65.65425209
t_2228,65.65425209,65.65425209,65.65425209,65.65425209
t_2229,65.65425209,65.65425209,65.65425209,65.65425209
t_223,53.51239845,53.51239845,53.51239845,53.51239845
t_2230,65.65425209,65.65425209,65.65425209,65.65425209
t_2231,65.65425209,65.65425209,65.65425209,65.65425209
t_2232,65.65425209,65.65425209,65.65425209,65.65425209
t_2233,65.65425209,65.65425209,65.65425209,65.65425209
t_2234,65.65425209,65.65425209,65.65425209,65.65425209
t_2235,65.65425209,65.65425209,65.65425209,65.65425209
t_2236,65.65425209,65.65425209,65.65425209,65.65425209
t_2237,65.65425209,65.65425209,65.65425209,65.65425209
t_2238,65.65425209,65.65425209,65.65425209,65.65425209
t_2239,60.15994797,60.15994797,60.15994797,60.15994797
t_224,53.51239845,53.51239845,53.51239845,53.51239845
t_2240,30.25360061,30.25360061,30.25360061,30.25360061
t_2241,4.5,4.5,4.5,4.5
t_2242,4.5,4.5,4.5,4.5
t_2243,4.5,4.5,4.5,4.5
t_2244,4.5,4.5,4.5,4.5
t_2245,4.5,4.5,4.5,4.5
t_2246,4.5,4.5,4.5,4.5
t_2247,4.5,4.5,4.5,4.5
t_2248,4.5,4.5,4.5,4.5
t_2249,32.5036006,32.5036006,32.5036006,32.5036006
t_225,50.11011765,50.11011765,50.11011765,50.11011765
t_2250,65.65425209,65.65425209,65.65425209,65.65425209
t_2251,79.44349207,79.44349207,79.44349207,79.44349207
t_2252,79.44349207,79.44349207,79.44349207,79.44349207
t_2253,91.47182855,91.47182855,91.47182855,91.47182855
t_2254,95.76760931,95.76760931,95.76760931,95.76760931
t_2255,102.1524689,102.1524689,102.1524689,102.1524689
t_2256,102.1524689,102.1524689,102.1524689,102.1524689
t_2257,100.5226146,100.5226146,100.5226146,100.5226146
t_2258,100.5226146,100.5226146,100.5226146,100.5226146
t_2259,100.5226146,100.5226146,100.5226146,100.5226146
t_226,42.36984372,42.36984372,42.36984372,42.36984372
t_2260,100.5226146,100.5226146,100.5226146,100.5226146
t_2261,100.5226146,100.5226146,100.5226146,100.5226146
t_2262,97.89655414,97.89655414,97.89655414,97.89655414
t_2263,76.54595297,76.54595297,76.54595297,76.54595297
t_2264,53.93610666,53.93610666,53.93610666,53.93610666
t_2265,30.43250606,30.43250606,30.43250606,30.43250606
t_2266,25.71871549,25.71871549,25.71871549,25.71871549
t_2267,25.71871549,25.71871549,25.71871549,25.71871549
t_2268,25.71871549,25.71871549,25.71871549,25.71871549
t_2269,25.71871549,25.71871549,25.71871549,25.71871549
t_227,42.36984372,42.36984372,42.36984372,42.36984372
t_2270,25.71871549,25.71871549,25.71871549,25.71871549
t_2271,28.18250606,28.18250606,28.18250606,28.18250606
t_2272,40.83929195,40.83929195,40.83929195,40.83929195
t_2273,48.04977624,48.04977624,48.04977624,48.04977624
t_2274,55.68379356,55.68379356,55.68379356,55.68379356
t_2275,55.68379356,55.68379356,55.68379356,55.68379356
t_2276,55.68379356,55.68379356,55.68379356,55.68379356
t_2277,55.68379356,55.68379356,55.68379356,55.68379356
t_2278,55.68379356,55.68379356,55.68379356,55.68379356
t_2279,55.68379356,55.68379356,55.68379356,55.68379356
t_228,41.16593192,41.16593192,41.16593192,41.16593192
t_2280,55.68379356,55.68379356,55.68379356,55.68379356
t_2281,55.68379356,55.68379356,55.68379356,55.68379356
t_2282,55.68379356,55.68379356,55.68379356,55.68379356
t_2283,55.68379356,55.68379356,55.68379356,55.68379356
t_2284,55.68379356,55.68379356,55.68379356,55.68379356
t_2285,55.68379356,55.68379356,55.68379356,55.68379356
t_2286,55.68379356,55.68379356,55.68379356,55.68379356
t_2287,54.93799906,54.93799906,54.93799906,54.93799906
t_2288,43.21985363,43.21985363,43.21985363,43.21985363
t_2289,27.28022072,27.28022072,27.28022072,27.28022072
t_229,41.16593192,41.16593192,41.16593192,41.16593192
t_2290,17.46625303,17.46625303,17.46625303,17.46625303
t_2291,17.46625303,17.46625303,17.46625303,17.46625303
t_2292,15.21625303,15.21625303,15.21625303,15.21625303
t_2293,15.21625303,15.21625303,15.21625303,15.21625303
t_2294,17.46600303,17.46600303,17.46600303,17.46600303
t_2295,17.46600303,17.46600303,17.46600303,17.46600303
t_2296,34.84418842,34.84418842,34.84418842,34.84418842
t_2297,43.21985363,43.21985363,43.21985363,43.21985363
t_2298,54.93799906,54.93799906,54.93799906,54.93799906
t_2299,65.65425209,65.65425209,65.65425209,65.65425209
t_23,41.14875909,41.14875909,41.14875909,41.14875909
t_230,41.16593192,41.16593192,41.16593192,41.16593192
t_2300,65.65425209,65.65425209,65.65425209,65.65425209
t_2301,65.65425209,65.65425209,65.65425209,65.65425209
t_2302,65.65425209,65.65425209,65.65425209,65.65425209
t_2303,65.65425209,65.65425209,65.65425209,65.65425209
t_2304,65.65425209,65.65425209,65.65425209,65.65425209
t_2305,65.65425209,65.65425209,65.65425209,65.65425209
t_2306,54.93824906,54.93824906,54.93824906,54.93824906
t_2307,54.93799906,54.93799906,54.93799906,54.93799906
t_2308,54.93799906,54.93799906,54.93799906,54.93799906
t_2309,54.93799906,54.93799906,54.93799906,54.93799906
t_231,42.36984372,42.36984372,42.36984372,42.36984372
t_2310,54.93799906,54.93799906,54.93799906,54.93799906
t_2311,45.28126415,45.28126415,45.28126415,45.28126415
t_2312,19.53734758,19.53734758,19.53734758,19.53734758
t_2313,2.25E+00,2.25E+00,2.25E+00,2.25E+00
t_2314,2.25E+00,2.25E+00,2.25E+00,2.25E+00
t_2315,2.25E+00,2.25E+00,2.25E+00,2.25E+00
t_2316,2.25E+00,2.25E+00,2.25E+00,2.25E+00
t_2317,2.25E+00,2.25E+00,2.25E+00,2.25E+00
t_2318,2.25E+00,2.25E+00,2.25E+00,2.25E+00
t_2319,2.25E+00,2.25E+00,2.25E+00,2.25E+00
t_232,54.54505891,54.54505891,54.54505891,54.54505891
t_2320,2.25E+00,2.25E+00,2.25E+00,2.25E+00
t_2321,1.73E+01,1.73E+01,1.73E+01,1.73E+01
t_2322,2.90E+01,2.90E+01,2.90E+01,2.90E+01
t_2323,2.90E+01,2.90E+01,2.90E+01,2.90E+01
t_2324,2.90E+01,2.90E+01,2.90E+01,2.90E+01
t_2325,2.90E+01,2.90E+01,2.90E+01,2.90E+01
t_2326,2.90E+01,2.90E+01,2.90E+01,2.90E+01
t_2327,2.90E+01,2.90E+01,2.90E+01,2.90E+01
t_2328,2.90E+01,2.90E+01,2.90E+01,2.90E+01
t_2329,2.90E+01,2.90E+01,2.90E+01,2.90E+01
t_233,54.93799906,54.93799906,54.93799906,54.93799906
t_2330,2.90E+01,2.90E+01,2.90E+01,2.90E+01
t_2331,2.90E+01,2.90E+01,2.90E+01,2.90E+01
t_2332,2.88E+01,2.88E+01,2.88E+01,2.88E+01
t_2333,2.78E+01,2.78E+01,2.78E+01,2.78E+01
t_2334,2.90E+01,2.90E+01,2.90E+01,2.90E+01
t_2335,1.73E+01,1.73E+01,1.73E+01,1.73E+01
t_2336,4.50E+00,4.50E+00,4.50E+00,4.50E+00
t_2337,2.25E+00,2.25E+00,2.25E+00,2.25E+00
t_2338,2.25,2.25,2.25,2.25
t_2339,3.53224E-12,3.53224E-12,3.53224E-12,3.53224E-12
t_234,54.93799906,54.93799906,54.93799906,54.93799906
t_2340,1.79313E-12,1.79313E-12,1.79313E-12,1.79313E-12
t_2341,1.16328E-12,1.16328E-12,1.16328E-12,1.16328E-12
t_2342,1.55849E-12,1.55849E-12,1.55849E-12,1.55849E-12
t_2343,7.05E-12,7.05E-12,7.05E-12,7.05E-12
t_2344,3.00E-04,3.00E-04,3.00E-04,3.00E-04
t_2345,4.50E+00,4.50E+00,4.50E+00,4.50E+00
t_2346,1.73E+01,1.73E+01,1.73E+01,1.73E+01
t_2347,28.78585701,28.78585701,28.78585701,28.78585701
t_2348,31.93814235,31.93814235,31.93814235,31.93814235
t_2349,31.93814235,31.93814235,31.93814235,31.93814235
t_235,54.93799906,54.93799906,54.93799906,54.93799906
t_2350,31.93814235,31.93814235,31.93814235,31.93814235
t_2351,31.93814235,31.93814235,31.93814235,31.93814235
t_2352,31.93814235,31.93814235,31.93814235,31.93814235
t_2353,31.93814235,31.93814235,31.93814235,31.93814235
t_2354,31.93814235,31.93814235,31.93814235,31.93814235
t_2355,31.93814235,31.93814235,31.93814235,31.93814235
t_2356,31.93814235,31.93814235,31.93814235,31.93814235
t_2357,31.93814235,31.93814235,31.93814235,31.93814235
t_2358,31.93814235,31.93814235,31.93814235,31.93814235
t_2359,30.2536006,30.2536006,30.2536006,30.2536006
t_236,54.93799906,54.93799906,54.93799906,54.93799906
t_2360,15.21625303,15.21625303,15.21625303,15.21625303
t_2361,15.21625303,15.21625303,15.21625303,15.21625303
t_2362,15.21625303,15.21625303,15.21625303,15.21625303
t_2363,12.75246245,12.75246245,12.75246245,12.75246245
t_2364,12.75246245,12.75246245,12.75246245,12.75246245
t_2365,12.75246245,12.75246245,12.75246245,12.75246245
t_2366,12.75246245,12.75246245,12.75246245,12.75246245
t_2367,15.21625303,15.21625303,15.21625303,15.21625303
t_2368,15.21625303,15.21625303,15.21625303,15.21625303
t_2369,15.21625303,15.21625303,15.21625303,15.21625303
t_237,54.93799906,54.93799906,54.93799906,54.93799906
t_2370,43.21985363,43.21985363,43.21985363,43.21985363
t_2371,53.93610666,53.93610666,53.93610666,53.93610666
t_2372,54.90672888,54.90672888,54.90672888,54.90672888
t_2373,54.90672888,54.90672888,54.90672888,54.90672888
t_2374,60.9901624,60.9901624,60.9901624,60.9901624
t_2375,60.9901624,60.9901624,60.9901624,60.9901624
t_2376,60.9901624,60.9901624,60.9901624,60.9901624
t_2377,60.9901624,60.9901624,60.9901624,60.9901624
t_2378,60.9901624,60.9901624,60.9901624,60.9901624
t_2379,60.9901624,60.9901624,60.9901624,60.9901624
t_238,54.93799906,54.93799906,54.93799906,54.93799906
t_2380,68.48014958,68.48014958,68.48014958,68.48014958
t_2381,71.71488667,71.71488667,71.71488667,71.71488667
t_2382,72.48348011,72.48348011,72.48348011,72.48348011
t_2383,72.48348011,72.48348011,72.48348011,72.48348011
t_2384,57.75488811,57.75488811,57.75488811,57.75488811
t_2385,32.0012875,32.0012875,32.0012875,32.0012875
t_2386,32.0012875,32.0012875,32.0012875,32.0012875
t_2387,32.0012875,32.0012875,32.0012875,32.0012875
t_2388,32.0012875,32.0012875,32.0012875,32.0012875
t_2389,32.0012875,32.0012875,32.0012875,32.0012875
t_239,54.93799906,54.93799906,54.93799906,54.93799906
t_2390,32.0012875,32.0012875,32.0012875,32.0012875
t_2391,34.2512875,34.2512875,34.2512875,34.2512875
t_2392,60.30245842,60.30245842,60.30245842,60.30245842
t_2393,73.97779471,73.97779471,73.97779471,73.97779471
t_2394,88.19708769,88.19708769,88.19708769,88.19708769
t_2395,112.9240044,112.9240044,112.9240044,112.9240044
t_2396,112.9240044,112.9240044,112.9240044,112.9240044
t_2397,112.9240044,112.9240044,112.9240044,112.9240044
t_2398,112.9240044,112.9240044,112.9240044,112.9240044
t_2399,112.9240044,112.9240044,112.9240044,112.9240044
t_24,41.14875909,41.14875909,41.14875909,41.14875909
t_240,54.93799906,54.93799906,54.93799906,54.93799906
t_2400,112.9240044,112.9240044,112.9240044,112.9240044
t_2401,111.6772694,111.6772694,111.6772694,111.6772694
t_2402,108.6703934,108.6703934,108.6703934,108.6703934
t_2403,108.4320375,108.4320375,108.4320375,108.4320375
t_2404,108.4320375,108.4320375,108.4320375,108.4320375
t_2405,103.7309612,103.7309612,103.7309612,103.7309612
t_2406,109.4904246,109.4904246,109.4904246,109.4904246
t_2407,109.4802434,109.4802434,109.4802434,109.4802434
t_2408,60.88436975,60.88436975,60.88436975,60.88436975
t_2409,47.03863508,47.03863508,47.03863508,47.03863508
t_241,54.93799906,54.93799906,54.93799906,54.93799906
t_2410,44.78863508,44.78863508,44.78863508,44.78863508
t_2411,43.36645803,43.36645803,43.36645803,43.36645803
t_2412,43.2016811,43.2016811,43.2016811,43.2016811
t_2413,43.2016811,43.2016811,43.2016811,43.2016811
t_2414,43.2016811,43.2016811,43.2016811,43.2016811
t_2415,43.2016811,43.2016811,43.2016811,43.2016811
t_2416,58.51015264,58.51015264,58.51015264,58.51015264
t_2417,74.76726578,74.76726578,74.76726578,74.76726578
t_2418,85.81751029,85.81751029,85.81751029,85.81751029
t_2419,96.53376332,96.53376332,96.53376332,96.53376332
t_242,54.93799906,54.93799906,54.93799906,54.93799906
t_2420,96.53376332,96.53376332,96.53376332,96.53376332
t_2421,96.53376332,96.53376332,96.53376332,96.53376332
t_2422,96.53376332,96.53376332,96.53376332,96.53376332
t_2423,96.53376332,96.53376332,96.53376332,96.53376332
t_2424,96.53376331,96.53376331,96.53376331,96.53376331
t_2425,91.69792325,91.69792325,91.69792325,91.69792325
t_2426,77.13158356,77.13158356,77.13158356,77.13158356
t_2427,62.92203459,62.92203459,62.92203459,62.92203459
t_2428,61.02143258,61.02143258,61.02143258,61.02143258
t_2429,54.93849906,54.93849906,54.93849906,54.93849906
t_243,54.93799906,54.93799906,54.93799906,54.93799906
t_2430,61.02143258,61.02143258,61.02143258,61.02143258
t_2431,43.21985364,43.21985364,43.21985364,43.21985364
t_2432,41.14875909,41.14875909,41.14875909,41.14875909
t_2433,15.21625303,15.21625303,15.21625303,15.21625303
t_2434,15.21625303,15.21625303,15.21625303,15.21625303
t_2435,15.21625303,15.21625303,15.21625303,15.21625303
t_2436,14.78855053,14.78855053,14.78855053,14.78855053
t_2437,14.78855053,14.78855053,14.78855053,14.78855053
t_2438,14.78855053,14.78855053,14.78855053,14.78855053
t_2439,15.21625303,15.21625303,15.21625303,15.21625303
t_244,54.93799906,54.93799906,54.93799906,54.93799906
t_2440,15.21625303,15.21625303,15.21625303,15.21625303
t_2441,41.14875909,41.14875909,41.14875909,41.14875909
t_2442,43.21985363,43.21985363,43.21985363,43.21985363
t_2443,48.04977624,48.04977624,48.04977624,48.04977624
t_2444,48.04977624,48.04977624,48.04977624,48.04977624
t_2445,48.04977624,48.04977624,48.04977624,48.04977624
t_2446,48.04977624,48.04977624,48.04977624,48.04977624
t_2447,48.04977624,48.04977624,48.04977624,48.04977624
t_2448,48.04977624,48.04977624,48.04977624,48.04977624
t_2449,48.04977624,48.04977624,48.04977624,48.04977624
t_245,54.24699695,54.24699695,54.24699695,54.24699695
t_2450,48.04977624,48.04977624,48.04977624,48.04977624
t_2451,48.04977624,48.04977624,48.04977624,48.04977624
t_2452,48.04977624,48.04977624,48.04977624,48.04977624
t_2453,48.04977624,48.04977624,48.04977624,48.04977624
t_2454,48.04977624,48.04977624,48.04977624,48.04977624
t_2455,44.89749091,44.89749091,44.89749091,44.89749091
t_2456,30.2536006,30.2536006,30.2536006,30.2536006
t_2457,15.21625303,15.21625303,15.21625303,15.21625303
t_2458,12.96625303,12.96625303,12.96625303,12.96625303
t_2459,12.96625303,12.96625303,12.96625303,12.96625303
t_246,54.19998801,54.19998801,54.19998801,54.19998801
t_2460,12.96625303,12.96625303,12.96625303,12.96625303
t_2461,12.96625303,12.96625303,12.96625303,12.96625303
t_2462,12.96625303,12.96625303,12.96625303,12.96625303
t_2463,12.96625303,12.96625303,12.96625303,12.96625303
t_2464,25.08249614,25.08249614,25.08249614,25.08249614
t_2465,40.0675683,40.0675683,40.0675683,40.0675683
t_2466,54.93799906,54.93799906,54.93799906,54.93799906
t_2467,54.93799906,54.93799906,54.93799906,54.93799906
t_2468,54.93799906,54.93799906,54.93799906,54.93799906
t_2469,54.93799906,54.93799906,54.93799906,54.93799906
t_247,55.44401,55.44401,55.44401,55.44401
t_2470,54.93799906,54.93799906,54.93799906,54.93799906
t_2471,54.93824906,54.93824906,54.93824906,54.93824906
t_2472,54.93824906,54.93824906,54.93824906,54.93824906
t_2473,54.93799906,54.93799906,54.93799906,54.93799906
t_2474,54.93799906,54.93799906,54.93799906,54.93799906
t_2475,54.93799906,54.93799906,54.93799906,54.93799906
t_2476,54.93799906,54.93799906,54.93799906,54.93799906
t_2477,57.97971582,57.97971582,57.97971582,57.97971582
t_2478,57.97971582,57.97971582,57.97971582,57.97971582
t_2479,44.89749091,44.89749091,44.89749091,44.89749091
t_248,55.44401,55.44401,55.44401,55.44401
t_2480,30.25360061,30.25360061,30.25360061,30.25360061
t_2481,30.25360061,30.25360061,30.25360061,30.25360061
t_2482,24.60251823,24.60251823,24.60251823,24.60251823
t_2483,22.78022073,22.78022073,22.78022073,22.78022073
t_2484,18.4528579,18.4528579,18.4528579,18.4528579
t_2485,12.96625303,12.96625303,12.96625303,12.96625303
t_2486,18.4528579,18.4528579,18.4528579,18.4528579
t_2487,34.84418842,34.84418842,34.84418842,34.84418842
t_2488,41.14875909,41.14875909,41.14875909,41.14875909
t_2489,49.45567977,49.45567977,49.45567977,49.45567977
t_249,48.93956043,48.93956043,48.93956043,48.93956043
t_2490,73.21436816,73.21436816,73.21436816,73.21436816
t_2491,73.21436816,73.21436816,73.21436816,73.21436816
t_2492,73.21436816,73.21436816,73.21436816,73.21436816
t_2493,73.21436816,73.21436816,73.21436816,73.21436816
t_2494,73.21436816,73.21436816,73.21436816,73.21436816
t_2495,73.21436816,73.21436816,73.21436816,73.21436816
t_2496,73.21436816,73.21436816,73.21436816,73.21436816
t_2497,55.31091016,55.31091016,55.31091016,55.31091016
t_2498,54.3248166,54.3248166,54.3248166,54.3248166
t_2499,54.13320976,54.13320976,54.13320976,54.13320976
t_25,41.14875909,41.14875909,41.14875909,41.14875909
t_250,43.55864139,43.55864139,43.55864139,43.55864139
t_2500,54.13320976,54.13320976,54.13320976,54.13320976
t_2501,55.31091016,55.31091016,55.31091016,55.31091016
t_2502,55.31091016,55.31091016,55.31091016,55.31091016
t_2503,43.21985364,43.21985364,43.21985364,43.21985364
t_2504,30.43250606,30.43250606,30.43250606,30.43250606
t_2505,17.46625303,17.46625303,17.46625303,17.46625303
t_2506,15.21625303,15.21625303,15.21625303,15.21625303
t_2507,15.21625303,15.21625303,15.21625303,15.21625303
t_2508,15.21625303,15.21625303,15.21625303,15.21625303
t_2509,15.21625303,15.21625303,15.21625303,15.21625303
t_251,43.21985363,43.21985363,43.21985363,43.21985363
t_2510,15.21625303,15.21625303,15.21625303,15.21625303
t_2511,15.21625303,15.21625303,15.21625303,15.21625303
t_2512,25.03022072,25.03022072,25.03022072,25.03022072
t_2513,41.14875909,41.14875909,41.14875909,41.14875909
t_2514,43.21985364,43.21985364,43.21985364,43.21985364
t_2515,45.29094818,45.29094818,45.29094818,45.29094818
t_2516,45.29094818,45.29094818,45.29094818,45.29094818
t_2517,43.21985364,43.21985364,43.21985364,43.21985364
t_2518,43.21985364,43.21985364,43.21985364,43.21985364
t_2519,43.21985363,43.21985363,43.21985363,43.21985363
t_252,41.23481358,41.23481358,41.23481358,41.23481358
t_2520,43.21985363,43.21985363,43.21985363,43.21985363
t_2521,43.21985363,43.21985363,43.21985363,43.21985363
t_2522,43.21985363,43.21985363,43.21985363,43.21985363
t_2523,43.21985363,43.21985363,43.21985363,43.21985363
t_2524,43.21985364,43.21985364,43.21985364,43.21985364
t_2525,43.21985364,43.21985364,43.21985364,43.21985364
t_2526,43.21985364,43.21985364,43.21985364,43.21985364
t_2527,43.21985363,43.21985363,43.21985363,43.21985363
t_2528,39.56408521,39.56408521,39.56408521,39.56408521
t_2529,25.71871549,25.71871549,25.71871549,25.71871549
t_253,41.14875909,41.14875909,41.14875909,41.14875909
t_2530,25.71871549,25.71871549,25.71871549,25.71871549
t_2531,25.71871549,25.71871549,25.71871549,25.71871549
t_2532,25.71871549,25.71871549,25.71871549,25.71871549
t_2533,25.71871549,25.71871549,25.71871549,25.71871549
t_2534,27.97001123,27.97001123,27.97001123,27.97001123
t_2535,28.18250606,28.18250606,28.18250606,28.18250606
t_2536,28.18250606,28.18250606,28.18250606,28.18250606
t_2537,41.14875909,41.14875909,41.14875909,41.14875909
t_2538,43.21985364,43.21985364,43.21985364,43.21985364
t_2539,43.21985364,43.21985364,43.21985364,43.21985364
t_254,41.23481357,41.23481357,41.23481357,41.23481357
t_2540,43.21985364,43.21985364,43.21985364,43.21985364
t_2541,43.21985363,43.21985363,43.21985363,43.21985363
t_2542,43.21985363,43.21985363,43.21985363,43.21985363
t_2543,43.21985363,43.21985363,43.21985363,43.21985363
t_2544,43.21985363,43.21985363,43.21985363,43.21985363
t_2545,43.21985363,43.21985363,43.21985363,43.21985363
t_2546,43.21985363,43.21985363,43.21985363,43.21985363
t_2547,43.21985363,43.21985363,43.21985363,43.21985363
t_2548,43.21985363,43.21985363,43.21985363,43.21985363
t_2549,43.21985363,43.21985363,43.21985363,43.21985363
t_255,43.21985363,43.21985363,43.21985363,43.21985363
t_2550,43.21985363,43.21985363,43.21985363,43.21985363
t_2551,40.0675683,40.0675683,40.0675683,40.0675683
t_2552,26.59783218,26.59783218,26.59783218,26.59783218
t_2553,15.21625303,15.21625303,15.21625303,15.21625303
t_2554,15.21625303,15.21625303,15.21625303,15.21625303
t_2555,14.78855053,14.78855053,14.78855053,14.78855053
t_2556,12.96625303,12.96625303,12.96625303,12.96625303
t_2557,12.96625303,12.96625303,12.96625303,12.96625303
t_2558,12.96625303,12.96625303,12.96625303,12.96625303
t_2559,12.96625303,12.96625303,12.96625303,12.96625303
t_256,44.77932604,44.77932604,44.77932604,44.77932604
t_2560,15.21625303,15.21625303,15.21625303,15.21625303
t_2561,40.0675683,40.0675683,40.0675683,40.0675683
t_2562,55.28762551,55.28762551,55.28762551,55.28762551
t_2563,55.28762551,55.28762551,55.28762551,55.28762551
t_2564,55.28762551,55.28762551,55.28762551,55.28762551
t_2565,55.28762551,55.28762551,55.28762551,55.28762551
t_2566,55.28762551,55.28762551,55.28762551,55.28762551
t_2567,55.28762551,55.28762551,55.28762551,55.28762551
t_2568,55.28762551,55.28762551,55.28762551,55.28762551
t_2569,52.24590875,52.24590875,52.24590875,52.24590875
t_257,54.93799906,54.93799906,54.93799906,54.93799906
t_2570,52.24590875,52.24590875,52.24590875,52.24590875
t_2571,52.24590875,52.24590875,52.24590875,52.24590875
t_2572,52.24590875,52.24590875,52.24590875,52.24590875
t_2573,52.24590875,52.24590875,52.24590875,52.24590875
t_2574,52.24590875,52.24590875,52.24590875,52.24590875
t_2575,43.21985363,43.21985363,43.21985363,43.21985363
t_2576,41.14875909,41.14875909,41.14875909,41.14875909
t_2577,17.46625303,17.46625303,17.46625303,17.46625303
t_2578,17.46625303,17.46625303,17.46625303,17.46625303
t_2579,17.46625303,17.46625303,17.46625303,17.46625303
t_258,54.93799906,54.93799906,54.93799906,54.93799906
t_2580,17.46625303,17.46625303,17.46625303,17.46625303
t_2581,17.46625303,17.46625303,17.46625303,17.46625303
t_2582,17.46625303,17.46625303,17.46625303,17.46625303
t_2583,25.03022072,25.03022072,25.03022072,25.03022072
t_2584,30.43250606,30.43250606,30.43250606,30.43250606
t_2585,43.21985363,43.21985363,43.21985363,43.21985363
t_2586,48.04977624,48.04977624,48.04977624,48.04977624
t_2587,48.04977624,48.04977624,48.04977624,48.04977624
t_2588,48.04977624,48.04977624,48.04977624,48.04977624
t_2589,48.04977625,48.04977625,48.04977625,48.04977625
t_259,54.93799906,54.93799906,54.93799906,54.93799906
t_2590,48.04977625,48.04977625,48.04977625,48.04977625
t_2591,48.05002624,48.05002624,48.05002624,48.05002624
t_2592,48.77267785,48.77267785,48.77267785,48.77267785
t_2593,58.76602928,58.76602928,58.76602928,58.76602928
t_2594,58.76602928,58.76602928,58.76602928,58.76602928
t_2595,58.76602928,58.76602928,58.76602928,58.76602928
t_2596,58.76602928,58.76602928,58.76602928,58.76602928
t_2597,58.76602927,58.76602927,58.76602927,58.76602927
t_2598,64.84946279,64.84946279,64.84946279,64.84946279
t_2599,61.80774603,61.80774603,61.80774603,61.80774603
t_26,41.14875909,41.14875909,41.14875909,41.14875909
t_260,54.93799906,54.93799906,54.93799906,54.93799906
t_2600,45.29094818,45.29094818,45.29094818,45.29094818
t_2601,40.0675683,40.0675683,40.0675683,40.0675683
t_2602,27.28022072,27.28022072,27.28022072,27.28022072
t_2603,27.28022072,27.28022072,27.28022072,27.28022072
t_2604,27.28022072,27.28022072,27.28022072,27.28022072
t_2605,27.28022072,27.28022072,27.28022072,27.28022072
t_2606,27.28022072,27.28022072,27.28022072,27.28022072
t_2607,37.76948509,37.76948509,37.76948509,37.76948509
t_2608,53.11584972,53.11584972,53.11584972,53.11584972
t_2609,59.4276469,59.4276469,59.4276469,59.4276469
t_261,54.93799906,54.93799906,54.93799906,54.93799906
t_2610,70.8431883,70.8431883,70.8431883,70.8431883
t_2611,70.8431883,70.8431883,70.8431883,70.8431883
t_2612,70.8431883,70.8431883,70.8431883,70.8431883
t_2613,85.19000829,85.19000829,85.19000829,85.19000829
t_2614,95.04607727,95.04607727,95.04607727,95.04607727
t_2615,95.04607727,95.04607727,95.04607727,95.04607727
t_2616,93.37331848,93.37331848,93.37331848,93.37331848
t_2617,93.67592251,93.67592251,93.67592251,93.67592251
t_2618,92.93012801,92.93012801,92.93012801,92.93012801
t_2619,92.32491996,92.32491996,92.32491996,92.32491996
t_262,54.93799906,54.93799906,54.93799906,54.93799906
t_2620,92.32491995,92.32491995,92.32491995,92.32491995
t_2621,89.65487731,89.65487731,89.65487731,89.65487731
t_2622,92.32491996,92.32491996,92.32491996,92.32491996
t_2623,88.39748407,88.39748407,88.39748407,88.39748407
t_2624,42.8271576,42.8271576,42.8271576,42.8271576
t_2625,38.68804685,38.68804685,38.68804685,38.68804685
t_2626,38.68804685,38.68804685,38.68804685,38.68804685
t_2627,38.68804685,38.68804685,38.68804685,38.68804685
t_2628,41.14875909,41.14875909,41.14875909,41.14875909
t_2629,41.14875909,41.14875909,41.14875909,41.14875909
t_263,54.93799906,54.93799906,54.93799906,54.93799906
t_2630,41.15183742,41.15183742,41.15183742,41.15183742
t_2631,41.15183742,41.15183742,41.15183742,41.15183742
t_2632,43.21985364,43.21985364,43.21985364,43.21985364
t_2633,56.53397167,56.53397167,56.53397167,56.53397167
t_2634,102.8580333,102.8580333,102.8580333,102.8580333
t_2635,104.9400026,104.9400026,104.9400026,104.9400026
t_2636,104.9400026,104.9400026,104.9400026,104.9400026
t_2637,104.9400026,104.9400026,104.9400026,104.9400026
t_2638,104.9400026,104.9400026,104.9400026,104.9400026
t_2639,104.9400026,104.9400026,104.9400026,104.9400026
t_264,51.82202086,51.82202086,51.82202086,51.82202086
t_2640,104.9400026,104.9400026,104.9400026,104.9400026
t_2641,100.4734599,100.4734599,100.4734599,100.4734599
t_2642,100.4734599,100.4734599,100.4734599,100.4734599
t_2643,92.39675625,92.39675625,92.39675625,92.39675625
t_2644,78.57324326,78.57324326,78.57324326,78.57324326
t_2645,78.57324326,78.57324326,78.57324326,78.57324326
t_2646,78.15318568,78.15318568,78.15318568,78.15318568
t_2647,48.35520744,48.35520744,48.35520744,48.35520744
t_2648,43.21985363,43.21985363,43.21985363,43.21985363
t_2649,17.46625303,17.46625303,17.46625303,17.46625303
t_265,42.36984372,42.36984372,42.36984372,42.36984372
t_2650,15.21625303,15.21625303,15.21625303,15.21625303
t_2651,15.21625303,15.21625303,15.21625303,15.21625303
t_2652,15.21625303,15.21625303,15.21625303,15.21625303
t_2653,15.21625303,15.21625303,15.21625303,15.21625303
t_2654,15.21625303,15.21625303,15.21625303,15.21625303
t_2655,15.21625303,15.21625303,15.21625303,15.21625303
t_2656,15.21625303,15.21625303,15.21625303,15.21625303
t_2657,43.21985363,43.21985363,43.21985363,43.21985363
t_2658,48.04977624,48.04977624,48.04977624,48.04977624
t_2659,48.04977624,48.04977624,48.04977624,48.04977624
t_266,42.36984372,42.36984372,42.36984372,42.36984372
t_2660,48.04977624,48.04977624,48.04977624,48.04977624
t_2661,48.04977624,48.04977624,48.04977624,48.04977624
t_2662,48.04977624,48.04977624,48.04977624,48.04977624
t_2663,48.04977624,48.04977624,48.04977624,48.04977624
t_2664,48.04977624,48.04977624,48.04977624,48.04977624
t_2665,48.04977624,48.04977624,48.04977624,48.04977624
t_2666,48.04977624,48.04977624,48.04977624,48.04977624
t_2667,48.04977624,48.04977624,48.04977624,48.04977624
t_2668,48.04977624,48.04977624,48.04977624,48.04977624
t_2669,48.04977624,48.04977624,48.04977624,48.04977624
t_267,42.36984372,42.36984372,42.36984372,42.36984372
t_2670,48.04977624,48.04977624,48.04977624,48.04977624
t_2671,30.2536006,30.2536006,30.2536006,30.2536006
t_2672,30.13983499,30.13983499,30.13983499,30.13983499
t_2673,25.71871548,25.71871548,25.71871548,25.71871548
t_2674,25.71871548,25.71871548,25.71871548,25.71871548
t_2675,25.71871548,25.71871548,25.71871548,25.71871548
t_2676,25.71871548,25.71871548,25.71871548,25.71871548
t_2677,23.46871548,23.46871548,23.46871548,23.46871548
t_2678,23.46871548,23.46871548,23.46871548,23.46871548
t_2679,28.18250606,28.18250606,28.18250606,28.18250606
t_268,42.36984372,42.36984372,42.36984372,42.36984372
t_2680,30.2536006,30.2536006,30.2536006,30.2536006
t_2681,40.0675683,40.0675683,40.0675683,40.0675683
t_2682,48.04977624,48.04977624,48.04977624,48.04977624
t_2683,48.04977624,48.04977624,48.04977624,48.04977624
t_2684,48.04977624,48.04977624,48.04977624,48.04977624
t_2685,48.04977624,48.04977624,48.04977624,48.04977624
t_2686,48.04977624,48.04977624,48.04977624,48.04977624
t_2687,48.04977624,48.04977624,48.04977624,48.04977624
t_2688,48.04977624,48.04977624,48.04977624,48.04977624
t_2689,48.04977624,48.04977624,48.04977624,48.04977624
t_269,42.36984372,42.36984372,42.36984372,42.36984372
t_2690,48.04977624,48.04977624,48.04977624,48.04977624
t_2691,48.04977624,48.04977624,48.04977624,48.04977624
t_2692,48.04977624,48.04977624,48.04977624,48.04977624
t_2693,48.04977624,48.04977624,48.04977624,48.04977624
t_2694,48.04977624,48.04977624,48.04977624,48.04977624
t_2695,48.04977624,48.04977624,48.04977624,48.04977624
t_2696,44.89749091,44.89749091,44.89749091,44.89749091
t_2697,30.25360061,30.25360061,30.25360061,30.25360061
t_2698,30.2536006,30.2536006,30.2536006,30.2536006
t_2699,30.2536006,30.2536006,30.2536006,30.2536006
t_27,41.14875909,41.14875909,41.14875909,41.14875909
t_270,43.21985363,43.21985363,43.21985363,43.21985363
t_2700,30.2536006,30.2536006,30.2536006,30.2536006
t_2701,30.2536006,30.2536006,30.2536006,30.2536006
t_2702,30.2536006,30.2536006,30.2536006,30.2536006
t_2703,30.2536006,30.2536006,30.2536006,30.2536006
t_2704,43.21985363,43.21985363,43.21985363,43.21985363
t_2705,48.04977624,48.04977624,48.04977624,48.04977624
t_2706,55.66090067,55.66090067,55.66090067,55.66090067
t_2707,65.65425209,65.65425209,65.65425209,65.65425209
t_2708,65.65425209,65.65425209,65.65425209,65.65425209
t_2709,65.65425209,65.65425209,65.65425209,65.65425209
t_271,43.21985364,43.21985364,43.21985364,43.21985364
t_2710,65.65425209,65.65425209,65.65425209,65.65425209
t_2711,65.65425209,65.65425209,65.65425209,65.65425209
t_2712,65.65425209,65.65425209,65.65425209,65.65425209
t_2713,65.65425209,65.65425209,65.65425209,65.65425209
t_2714,55.46602684,55.46602684,55.46602684,55.46602684
t_2715,55.46602684,55.46602684,55.46602684,55.46602684
t_2716,54.93799906,54.93799906,54.93799906,54.93799906
t_2717,54.93799906,54.93799906,54.93799906,54.93799906
t_2718,54.93799906,54.93799906,54.93799906,54.93799906
t_2719,54.93799906,54.93799906,54.93799906,54.93799906
t_272,43.21985364,43.21985364,43.21985364,43.21985364
t_2720,21.78734758,21.78734758,21.78734758,21.78734758
t_2721,19.53734758,19.53734758,19.53734758,19.53734758
t_2722,1.73E+01,1.73E+01,1.73E+01,1.73E+01
t_2723,1.73E+01,1.73E+01,1.73E+01,1.73E+01
t_2724,1.73E+01,1.73E+01,1.73E+01,1.73E+01
t_2725,1.73E+01,1.73E+01,1.73E+01,1.73E+01
t_2726,1.73E+01,1.73E+01,1.73E+01,1.73E+01
t_2727,1.73E+01,1.73E+01,1.73E+01,1.73E+01
t_2728,21.78734758,21.78734758,21.78734758,21.78734758
t_2729,43.21985363,43.21985363,43.21985363,43.21985363
t_273,40.29874917,40.29874917,40.29874917,40.29874917
t_2730,46.7473827,46.7473827,46.7473827,46.7473827
t_2731,46.7473827,46.7473827,46.7473827,46.7473827
t_2732,46.7473827,46.7473827,46.7473827,46.7473827
t_2733,46.7473827,46.7473827,46.7473827,46.7473827
t_2734,46.7473827,46.7473827,46.7473827,46.7473827
t_2735,46.7473827,46.7473827,46.7473827,46.7473827
t_2736,46.7473827,46.7473827,46.7473827,46.7473827
t_2737,43.21985363,43.21985363,43.21985363,43.21985363
t_2738,43.21985363,43.21985363,43.21985363,43.21985363
t_2739,43.21985363,43.21985363,43.21985363,43.21985363
t_274,15.21625303,15.21625303,15.21625303,15.21625303
t_2740,43.21985363,43.21985363,43.21985363,43.21985363
t_2741,43.21985363,43.21985363,43.21985363,43.21985363
t_2742,43.21985363,43.21985363,43.21985363,43.21985363
t_2743,43.21985363,43.21985363,43.21985363,43.21985363
t_2744,41.14875909,41.14875909,41.14875909,41.14875909
t_2745,31.69190308,31.69190308,31.69190308,31.69190308
t_2746,12.06396769,12.06396769,12.06396769,12.06396769
t_2747,12.06396769,12.06396769,12.06396769,12.06396769
t_2748,12.06396769,12.06396769,12.06396769,12.06396769
t_2749,12.06396769,12.06396769,12.06396769,12.06396769
t_275,15.21625303,15.21625303,15.21625303,15.21625303
t_2750,12.06396769,12.06396769,12.06396769,12.06396769
t_2751,12.06396769,12.06396769,12.06396769,12.06396769
t_2752,26.19352298,26.19352298,26.19352298,26.19352298
t_2753,43.21985363,43.21985363,43.21985363,43.21985363
t_2754,43.21985363,43.21985363,43.21985363,43.21985363
t_2755,43.21985363,43.21985363,43.21985363,43.21985363
t_2756,43.21985363,43.21985363,43.21985363,43.21985363
t_2757,43.21985363,43.21985363,43.21985363,43.21985363
t_2758,43.21985363,43.21985363,43.21985363,43.21985363
t_2759,43.21985363,43.21985363,43.21985363,43.21985363
t_276,15.21625303,15.21625303,15.21625303,15.21625303
t_2760,43.21985363,43.21985363,43.21985363,43.21985363
t_2761,43.21985363,43.21985363,43.21985363,43.21985363
t_2762,43.21985363,43.21985363,43.21985363,43.21985363
t_2763,43.21985363,43.21985363,43.21985363,43.21985363
t_2764,43.21985363,43.21985363,43.21985363,43.21985363
t_2765,43.21985363,43.21985363,43.21985363,43.21985363
t_2766,43.21985363,43.21985363,43.21985363,43.21985363
t_2767,43.21985363,43.21985363,43.21985363,43.21985363
t_2768,41.14875909,41.14875909,41.14875909,41.14875909
t_2769,39.56408521,39.56408521,39.56408521,39.56408521
t_277,17.46625301,17.46625301,17.46625301,17.46625301
t_2770,28.18250606,28.18250606,28.18250606,28.18250606
t_2771,28.18250606,28.18250606,28.18250606,28.18250606
t_2772,28.18250606,28.18250606,28.18250606,28.18250606
t_2773,28.18225606,28.18225606,28.18225606,28.18225606
t_2774,28.18225606,28.18225606,28.18225606,28.18225606
t_2775,28.18250606,28.18250606,28.18250606,28.18250606
t_2776,28.18250606,28.18250606,28.18250606,28.18250606
t_2777,41.14875909,41.14875909,41.14875909,41.14875909
t_2778,45.29094818,45.29094818,45.29094818,45.29094818
t_2779,46.26157039,46.26157039,46.26157039,46.26157039
t_278,25.71871548,25.71871548,25.71871548,25.71871548
t_2780,45.29094818,45.29094818,45.29094818,45.29094818
t_2781,45.29094818,45.29094818,45.29094818,45.29094818
t_2782,46.26157039,46.26157039,46.26157039,46.26157039
t_2783,46.78959817,46.78959817,46.78959817,46.78959817
t_2784,46.78934817,46.78934817,46.78934817,46.78934817
t_2785,43.63731284,43.63731284,43.63731284,43.63731284
t_2786,43.63731284,43.63731284,43.63731284,43.63731284
t_2787,42.66669062,42.66669062,42.66669062,42.66669062
t_2788,42.66669062,42.66669062,42.66669062,42.66669062
t_2789,40.0675683,40.0675683,40.0675683,40.0675683
t_279,27.33249614,27.33249614,27.33249614,27.33249614
t_2790,40.59559608,40.59559608,40.59559608,40.59559608
t_2791,30.25360061,30.25360061,30.25360061,30.25360061
t_2792,26.59783218,26.59783218,26.59783218,26.59783218
t_2793,15.21625303,15.21625303,15.21625303,15.21625303
t_2794,15.21625303,15.21625303,15.21625303,15.21625303
t_2795,15.21625303,15.21625303,15.21625303,15.21625303
t_2796,15.21625303,15.21625303,15.21625303,15.21625303
t_2797,15.21625303,15.21625303,15.21625303,15.21625303
t_2798,15.21625303,15.21625303,15.21625303,15.21625303
t_2799,15.21625303,15.21625303,15.21625303,15.21625303
t_28,41.14875909,41.14875909,41.14875909,41.14875909
t_280,43.21985363,43.21985363,43.21985363,43.21985363
t_2800,34.84418842,34.84418842,34.84418842,34.84418842
t_2801,43.21985363,43.21985363,43.21985363,43.21985363
t_2802,48.04977624,48.04977624,48.04977624,48.04977624
t_2803,52.52914524,52.52914524,52.52914524,52.52914524
t_2804,52.52914524,52.52914524,52.52914524,52.52914524
t_2805,52.52914524,52.52914524,52.52914524,52.52914524
t_2806,52.52914524,52.52914524,52.52914524,52.52914524
t_2807,52.52914524,52.52914524,52.52914524,52.52914524
t_2808,52.52914524,52.52914524,52.52914524,52.52914524
t_2809,51.55852303,51.55852303,51.55852303,51.55852303
t_281,43.21985364,43.21985364,43.21985364,43.21985364
t_2810,49.86902517,49.86902517,49.86902517,49.86902517
t_2811,49.86902517,49.86902517,49.86902517,49.86902517
t_2812,49.86902517,49.86902517,49.86902517,49.86902517
t_2813,49.86902517,49.86902517,49.86902517,49.86902517
t_2814,49.86902517,49.86902517,49.86902517,49.86902517
t_2815,43.21985363,43.21985363,43.21985363,43.21985363
t_2816,40.75606306,40.75606306,40.75606306,40.75606306
t_2817,27.96871548,27.96871548,27.96871548,27.96871548
t_2818,27.96871548,27.96871548,27.96871548,27.96871548
t_2819,27.96871548,27.96871548,27.96871548,27.96871548
t_282,43.21985364,43.21985364,43.21985364,43.21985364
t_2820,27.96871548,27.96871548,27.96871548,27.96871548
t_2821,25.71871548,25.71871548,25.71871548,25.71871548
t_2822,27.96871548,27.96871548,27.96871548,27.96871548
t_2823,27.96871548,27.96871548,27.96871548,27.96871548
t_2824,43.21985363,43.21985363,43.21985363,43.21985363
t_2825,55.84170438,55.84170438,55.84170438,55.84170438
t_2826,80.76024655,80.76024655,80.76024655,80.76024655
t_2827,81.28827433,81.28827433,81.28827433,81.28827433
t_2828,81.28827433,81.28827433,81.28827433,81.28827433
t_2829,81.28827433,81.28827433,81.28827433,81.28827433
t_283,43.21985364,43.21985364,43.21985364,43.21985364
t_2830,81.28827433,81.28827433,81.28827433,81.28827433
t_2831,81.48314816,81.48314816,81.48314816,81.48314816
t_2832,81.28827433,81.28827433,81.28827433,81.28827433
t_2833,81.28827433,81.28827433,81.28827433,81.28827433
t_2834,81.28827433,81.28827433,81.28827433,81.28827433
t_2835,81.28827433,81.28827433,81.28827433,81.28827433
t_2836,81.28827433,81.28827433,81.28827433,81.28827433
t_2837,80.76024655,80.76024655,80.76024655,80.76024655
t_2838,81.12636966,81.12636966,81.12636966,81.12636966
t_2839,54.80701091,54.80701091,54.80701091,54.80701091
t_284,43.21985364,43.21985364,43.21985364,43.21985364
t_2840,41.14875909,41.14875909,41.14875909,41.14875909
t_2841,25.71871548,25.71871548,25.71871548,25.71871548
t_2842,25.71871548,25.71871548,25.71871548,25.71871548
t_2843,25.71871548,25.71871548,25.71871548,25.71871548
t_2844,25.71871548,25.71871548,25.71871548,25.71871548
t_2845,25.71871548,25.71871548,25.71871548,25.71871548
t_2846,25.71871548,25.71871548,25.71871548,25.71871548
t_2847,25.71871548,25.71871548,25.71871548,25.71871548
t_2848,41.14875909,41.14875909,41.14875909,41.14875909
t_2849,52.96494156,52.96494156,52.96494156,52.96494156
t_285,43.21985364,43.21985364,43.21985364,43.21985364
t_2850,75.46190133,75.46190133,75.46190133,75.46190133
t_2851,75.46190133,75.46190133,75.46190133,75.46190133
t_2852,75.98992911,75.98992911,75.98992911,75.98992911
t_2853,75.98992911,75.98992911,75.98992911,75.98992911
t_2854,75.98992911,75.98992911,75.98992911,75.98992911
t_2855,75.98992911,75.98992911,75.98992911,75.98992911
t_2856,75.98992911,75.98992911,75.98992911,75.98992911
t_2857,75.98992911,75.98992911,75.98992911,75.98992911
t_2858,75.98992911,75.98992911,75.98992911,75.98992911
t_2859,75.98992911,75.98992911,75.98992911,75.98992911
t_286,43.21985364,43.21985364,43.21985364,43.21985364
t_2860,75.98992911,75.98992911,75.98992911,75.98992911
t_2861,75.98992911,75.98992911,75.98992911,75.98992911
t_2862,75.98992911,75.98992911,75.98992911,75.98992911
t_2863,57.55769216,57.55769216,57.55769216,57.55769216
t_2864,54.95856983,54.95856983,54.95856983,54.95856983
t_2865,24.51082257,24.51082257,24.51082257,24.51082257
t_2866,24.51082257,24.51082257,24.51082257,24.51082257
t_2867,24.51082257,24.51082257,24.51082257,24.51082257
t_2868,24.51082257,24.51082257,24.51082257,24.51082257
t_2869,24.51082257,24.51082257,24.51082257,24.51082257
t_287,53.93610667,53.93610667,53.93610667,53.93610667
t_2870,24.51082257,24.51082257,24.51082257,24.51082257
t_2871,32.76328502,32.76328502,32.76328502,32.76328502
t_2872,54.70672422,54.70672422,54.70672422,54.70672422
t_2873,68.27324723,68.27324723,68.27324723,68.27324723
t_2874,78.07797046,78.07797046,78.07797046,78.07797046
t_2875,78.80087206,78.80087206,78.80087206,78.80087206
t_2876,78.80087206,78.80087206,78.80087206,78.80087206
t_2877,78.80087206,78.80087206,78.80087206,78.80087206
t_2878,78.80087206,78.80087206,78.80087206,78.80087206
t_2879,78.80087206,78.80087206,78.80087206,78.80087206
t_288,56.00720122,56.00720122,56.00720122,56.00720122
t_2880,78.80087206,78.80087206,78.80087206,78.80087206
t_2881,78.07822046,78.07822046,78.07822046,78.07822046
t_2882,78.07797046,78.07797046,78.07797046,78.07797046
t_2883,78.07797046,78.07797046,78.07797046,78.07797046
t_2884,78.07797046,78.07797046,78.07797046,78.07797046
t_2885,78.07797046,78.07797046,78.07797046,78.07797046
t_2886,77.34858402,77.34858402,77.34858402,77.34858402
t_2887,47.17119486,47.17119486,47.17119486,47.17119486
t_2888,36.22117793,36.22117793,36.22117793,36.22117793
t_2889,15.21625303,15.21625303,15.21625303,15.21625303
t_289,56.0072012,56.0072012,56.0072012,56.0072012
t_2890,15.21625303,15.21625303,15.21625303,15.21625303
t_2891,15.21625303,15.21625303,15.21625303,15.21625303
t_2892,15.21625303,15.21625303,15.21625303,15.21625303
t_2893,15.21625303,15.21625303,15.21625303,15.21625303
t_2894,15.21625303,15.21625303,15.21625303,15.21625303
t_2895,15.21625303,15.21625303,15.21625303,15.21625303
t_2896,27.96871548,27.96871548,27.96871548,27.96871548
t_2897,43.21985363,43.21985363,43.21985363,43.21985363
t_2898,52.00111747,52.00111747,52.00111747,52.00111747
t_2899,52.00111747,52.00111747,52.00111747,52.00111747
t_29,41.14875909,41.14875909,41.14875909,41.14875909
t_290,56.12781351,56.12781351,56.12781351,56.12781351
t_2900,52.00111747,52.00111747,52.00111747,52.00111747
t_2901,52.00111747,52.00111747,52.00111747,52.00111747
t_2902,52.00111747,52.00111747,52.00111747,52.00111747
t_2903,49.86902517,49.86902517,49.86902517,49.86902517
t_2904,48.05002624,48.05002624,48.05002624,48.05002624
t_2905,50.39705295,50.39705295,50.39705295,50.39705295
t_2906,50.39705295,50.39705295,50.39705295,50.39705295
t_2907,50.39705295,50.39705295,50.39705295,50.39705295
t_2908,52.52914524,52.52914524,52.52914524,52.52914524
t_2909,52.52914524,52.52914524,52.52914524,52.52914524
t_291,56.12781351,56.12781351,56.12781351,56.12781351
t_2910,52.52914524,52.52914524,52.52914524,52.52914524
t_2911,46.26157039,46.26157039,46.26157039,46.26157039
t_2912,27.33249614,27.33249614,27.33249614,27.33249614
t_2913,15.21625303,15.21625303,15.21625303,15.21625303
t_2914,15.21625303,15.21625303,15.21625303,15.21625303
t_2915,15.21625303,15.21625303,15.21625303,15.21625303
t_2916,15.21625303,15.21625303,15.21625303,15.21625303
t_2917,15.21625303,15.21625303,15.21625303,15.21625303
t_2918,15.21625303,15.21625303,15.21625303,15.21625303
t_2919,15.21625303,15.21625303,15.21625303,15.21625303
t_292,56.12781351,56.12781351,56.12781351,56.12781351
t_2920,27.33249614,27.33249614,27.33249614,27.33249614
t_2921,46.26157039,46.26157039,46.26157039,46.26157039
t_2922,58.79183087,58.79183087,58.79183087,58.79183087
t_2923,58.79183087,58.79183087,58.79183087,58.79183087
t_2924,58.79183087,58.79183087,58.79183087,58.79183087
t_2925,58.79183087,58.79183087,58.79183087,58.79183087
t_2926,58.79183087,58.79183087,58.79183087,58.79183087
t_2927,58.79183087,58.79183087,58.79183087,58.79183087
t_2928,58.79183087,58.79183087,58.79183087,58.79183087
t_2929,55.41557495,55.41557495,55.41557495,55.41557495
t_293,45.41156048,45.41156048,45.41156048,45.41156048
t_2930,55.41557495,55.41557495,55.41557495,55.41557495
t_2931,51.39694173,51.39694173,51.39694173,51.39694173
t_2932,51.39694173,51.39694173,51.39694173,51.39694173
t_2933,55.41557495,55.41557495,55.41557495,55.41557495
t_2934,54.44495274,54.44495274,54.44495274,54.44495274
t_2935,46.26157039,46.26157039,46.26157039,46.26157039
t_2936,15.21625303,15.21625303,15.21625303,15.21625303
t_2937,15.21625303,15.21625303,15.21625303,15.21625303
t_2938,15.21625303,15.21625303,15.21625303,15.21625303
t_2939,15.21625303,15.21625303,15.21625303,15.21625303
t_294,45.41156048,45.41156048,45.41156048,45.41156048
t_2940,15.21625303,15.21625303,15.21625303,15.21625303
t_2941,15.21625303,15.21625303,15.21625303,15.21625303
t_2942,15.21625303,15.21625303,15.21625303,15.21625303
t_2943,15.21625303,15.21625303,15.21625303,15.21625303
t_2944,24.82330591,24.82330591,24.82330591,24.82330591
t_2945,33.47422282,33.47422282,33.47422282,33.47422282
t_2946,69.04210113,69.04210113,69.04210113,69.04210113
t_2947,69.04210113,69.04210113,69.04210113,69.04210113
t_2948,69.04210113,69.04210113,69.04210113,69.04210113
t_2949,69.04210113,69.04210113,69.04210113,69.04210113
t_295,46.2615704,46.2615704,46.2615704,46.2615704
t_2950,69.04235113,69.04235113,69.04235113,69.04235113
t_2951,69.04210113,69.04210113,69.04210113,69.04210113
t_2952,69.04210113,69.04210113,69.04210113,69.04210113
t_2953,69.04210113,69.04210113,69.04210113,69.04210113
t_2954,69.5701289,69.5701289,69.5701289,69.5701289
t_2955,69.5701289,69.5701289,69.5701289,69.5701289
t_2956,69.5701289,69.5701289,69.5701289,69.5701289
t_2957,69.5701289,69.5701289,69.5701289,69.5701289
t_2958,69.5701289,69.5701289,69.5701289,69.5701289
t_2959,58.7106885,58.7106885,58.7106885,58.7106885
t_296,46.78959817,46.78959817,46.78959817,46.78959817
t_2960,20.50796979,20.50796979,20.50796979,20.50796979
t_2961,15.21625303,15.21625303,15.21625303,15.21625303
t_2962,15.21625303,15.21625303,15.21625303,15.21625303
t_2963,15.21625303,15.21625303,15.21625303,15.21625303
t_2964,15.21625303,15.21625303,15.21625303,15.21625303
t_2965,15.21625303,15.21625303,15.21625303,15.21625303
t_2966,15.21625303,15.21625303,15.21625303,15.21625303
t_2967,15.21625303,15.21625303,15.21625303,15.21625303
t_2968,28.18250606,28.18250606,28.18250606,28.18250606
t_2969,48.33266494,48.33266494,48.33266494,48.33266494
t_297,22.75796979,22.75796979,22.75796979,22.75796979
t_2970,79.00742331,79.00742331,79.00742331,79.00742331
t_2971,100.5085181,100.5085181,100.5085181,100.5085181
t_2972,100.5085181,100.5085181,100.5085181,100.5085181
t_2973,100.5085181,100.5085181,100.5085181,100.5085181
t_2974,100.5085181,100.5085181,100.5085181,100.5085181
t_2975,100.5085181,100.5085181,100.5085181,100.5085181
t_2976,90.25596025,90.25596025,90.25596025,90.25596025
t_2977,93.40955855,93.40955855,93.40955855,93.40955855
t_2978,93.40955855,93.40955855,93.40955855,93.40955855
t_2979,93.29843902,93.29843902,93.29843902,93.29843902
t_298,18.25796979,18.25796979,18.25796979,18.25796979
t_2980,85.64179296,85.64179296,85.64179296,85.64179296
t_2981,69.10205826,69.10205826,69.10205826,69.10205826
t_2982,64.76850418,64.76850418,64.76850418,64.76850418
t_2983,41.28409083,41.28409083,41.28409083,41.28409083
t_2984,15.21625303,15.21625303,15.21625303,15.21625303
t_2985,15.21625303,15.21625303,15.21625303,15.21625303
t_2986,15.21625303,15.21625303,15.21625303,15.21625303
t_2987,15.21625303,15.21625303,15.21625303,15.21625303
t_2988,15.21625303,15.21625303,15.21625303,15.21625303
t_2989,15.21625303,15.21625303,15.21625303,15.21625303
t_299,15.21625303,15.21625303,15.21625303,15.21625303
t_2990,15.21625303,15.21625303,15.21625303,15.21625303
t_2991,15.21625303,15.21625303,15.21625303,15.21625303
t_2992,15.21625303,15.21625303,15.21625303,15.21625303
t_2993,40.74444988,40.74444988,40.74444988,40.74444988
t_2994,52.57462459,52.57462459,52.57462459,52.57462459
t_2995,66.92144458,66.92144458,66.92144458,66.92144458
t_2996,66.92144458,66.92144458,66.92144458,66.92144458
t_2997,66.92144458,66.92144458,66.92144458,66.92144458
t_2998,66.92144458,66.92144458,66.92144458,66.92144458
t_2999,66.92144458,66.92144458,66.92144458,66.92144458
t_3,41.14875909,41.14875909,41.14875909,41.14875909
t_30,41.14875909,41.14875909,41.14875909,41.14875909
t_300,15.21625303,15.21625303,15.21625303,15.21625303
t_3000,66.92144458,66.92144458,66.92144458,66.92144458
t_3001,66.92144458,66.92144458,66.92144458,66.92144458
t_3002,66.92144458,66.92144458,66.92144458,66.92144458
t_3003,66.92144458,66.92144458,66.92144458,66.92144458
t_3004,52.51380217,52.51380217,52.51380217,52.51380217
t_3005,51.97963755,51.97963755,51.97963755,51.97963755
t_3006,45.76200417,45.76200417,45.76200417,45.76200417
t_3007,41.67678687,41.67678687,41.67678687,41.67678687
t_3008,15.21625303,15.21625303,15.21625303,15.21625303
t_3009,15.21625303,15.21625303,15.21625303,15.21625303
t_301,15.21625303,15.21625303,15.21625303,15.21625303
t_3010,15.21625303,15.21625303,15.21625303,15.21625303
t_3011,15.21625303,15.21625303,15.21625303,15.21625303
t_3012,15.21625303,15.21625303,15.21625303,15.21625303
t_3013,15.21625303,15.21625303,15.21625303,15.21625303
t_3014,15.21625303,15.21625303,15.21625303,15.21625303
t_3015,15.21625303,15.21625303,15.21625303,15.21625303
t_3016,17.46625303,17.46625303,17.46625303,17.46625303
t_3017,41.14875909,41.14875909,41.14875909,41.14875909
t_3018,48.04977624,48.04977624,48.04977624,48.04977624
t_3019,66.92055734,66.92055734,66.92055734,66.92055734
t_302,15.21625303,15.21625303,15.21625303,15.21625303
t_3020,66.92055734,66.92055734,66.92055734,66.92055734
t_3021,66.92055734,66.92055734,66.92055734,66.92055734
t_3022,66.92055734,66.92055734,66.92055734,66.92055734
t_3023,66.92055734,66.92055734,66.92055734,66.92055734
t_3024,66.92055734,66.92055734,66.92055734,66.92055734
t_3025,66.92055734,66.92055734,66.92055734,66.92055734
t_3026,66.92055734,66.92055734,66.92055734,66.92055734
t_3027,66.92055734,66.92055734,66.92055734,66.92055734
t_3028,66.92055734,66.92055734,66.92055734,66.92055734
t_3029,66.92055734,66.92055734,66.92055734,66.92055734
t_303,15.21625303,15.21625303,15.21625303,15.21625303
t_3030,66.92055734,66.92055734,66.92055734,66.92055734
t_3031,58.07829576,58.07829576,58.07829576,58.07829576
t_3032,19.71625303,19.71625303,19.71625303,19.71625303
t_3033,15.21625303,15.21625303,15.21625303,15.21625303
t_3034,15.21625303,15.21625303,15.21625303,15.21625303
t_3035,15.21625303,15.21625303,15.21625303,15.21625303
t_3036,15.21625303,15.21625303,15.21625303,15.21625303
t_3037,15.21625303,15.21625303,15.21625303,15.21625303
t_3038,15.21625303,15.21625303,15.21625303,15.21625303
t_3039,15.21625303,15.21625303,15.21625303,15.21625303
t_304,29.58249614,29.58249614,29.58249614,29.58249614
t_3040,15.21625303,15.21625303,15.21625303,15.21625303
t_3041,41.14875909,41.14875909,41.14875909,41.14875909
t_3042,50.27390937,50.27390937,50.27390937,50.27390937
t_3043,50.80193715,50.80193715,50.80193715,50.80193715
t_3044,50.27390937,50.27390937,50.27390937,50.27390937
t_3045,50.27390937,50.27390937,50.27390937,50.27390937
t_3046,50.27390937,50.27390937,50.27390937,50.27390937
t_3047,50.80193715,50.80193715,50.80193715,50.80193715
t_3048,50.27390937,50.27390937,50.27390937,50.27390937
t_3049,44.71850363,44.71850363,44.71850363,44.71850363
t_305,53.93610666,53.93610666,53.93610666,53.93610666
t_3050,44.71850363,44.71850363,44.71850363,44.71850363
t_3051,44.71850363,44.71850363,44.71850363,44.71850363
t_3052,44.19047585,44.19047585,44.19047585,44.19047585
t_3053,44.19047585,44.19047585,44.19047585,44.19047585
t_3054,44.71850362,44.71850362,44.71850362,44.71850362
t_3055,43.21985363,43.21985363,43.21985363,43.21985363
t_3056,27.96871548,27.96871548,27.96871548,27.96871548
t_3057,15.21625303,15.21625303,15.21625303,15.21625303
t_3058,15.21625303,15.21625303,15.21625303,15.21625303
t_3059,15.21625303,15.21625303,15.21625303,15.21625303
t_306,53.93610667,53.93610667,53.93610667,53.93610667
t_3060,15.21625303,15.21625303,15.21625303,15.21625303
t_3061,15.21625303,15.21625303,15.21625303,15.21625303
t_3062,15.21625303,15.21625303,15.21625303,15.21625303
t_3063,15.21625303,15.21625303,15.21625303,15.21625303
t_3064,27.33249614,27.33249614,27.33249614,27.33249614
t_3065,41.14875909,41.14875909,41.14875909,41.14875909
t_3066,43.21985363,43.21985363,43.21985363,43.21985363
t_3067,43.21985363,43.21985363,43.21985363,43.21985363
t_3068,43.21985363,43.21985363,43.21985363,43.21985363
t_3069,43.21985363,43.21985363,43.21985363,43.21985363
t_307,56.00720121,56.00720121,56.00720121,56.00720121
t_3070,43.21985363,43.21985363,43.21985363,43.21985363
t_3071,43.21985363,43.21985363,43.21985363,43.21985363
t_3072,43.21985363,43.21985363,43.21985363,43.21985363
t_3073,43.21985364,43.21985364,43.21985364,43.21985364
t_3074,43.74788141,43.74788141,43.74788141,43.74788141
t_3075,43.74788135,43.74788135,43.74788135,43.74788135
t_3076,43.21985363,43.21985363,43.21985363,43.21985363
t_3077,43.21985363,43.21985363,43.21985363,43.21985363
t_3078,43.21985363,43.21985363,43.21985363,43.21985363
t_3079,43.21985363,43.21985363,43.21985363,43.21985363
t_308,56.00720121,56.00720121,56.00720121,56.00720121
t_3080,19.71625303,19.71625303,19.71625303,19.71625303
t_3081,15.21625303,15.21625303,15.21625303,15.21625303
t_3082,15.21625303,15.21625303,15.21625303,15.21625303
t_3083,15.21625303,15.21625303,15.21625303,15.21625303
t_3084,15.21625303,15.21625303,15.21625303,15.21625303
t_3085,15.21625303,15.21625303,15.21625303,15.21625303
t_3086,15.21625303,15.21625303,15.21625303,15.21625303
t_3087,15.21625303,15.21625303,15.21625303,15.21625303
t_3088,15.21625303,15.21625303,15.21625303,15.21625303
t_3089,27.77819686,27.77819686,27.77819686,27.77819686
t_309,53.93610666,53.93610666,53.93610666,53.93610666
t_3090,43.21985363,43.21985363,43.21985363,43.21985363
t_3091,45.30735383,45.30735383,45.30735383,45.30735383
t_3092,52.20837098,52.20837098,52.20837098,52.20837098
t_3093,59.8423883,59.8423883,59.8423883,59.8423883
t_3094,59.8423883,59.8423883,59.8423883,59.8423883
t_3095,59.8423883,59.8423883,59.8423883,59.8423883
t_3096,59.8423883,59.8423883,59.8423883,59.8423883
t_3097,59.8423883,59.8423883,59.8423883,59.8423883
t_3098,59.8423883,59.8423883,59.8423883,59.8423883
t_3099,59.8423883,59.8423883,59.8423883,59.8423883
t_31,41.14875909,41.14875909,41.14875909,41.14875909
t_310,53.93610666,53.93610666,53.93610666,53.93610666
t_3100,60.75201276,60.75201276,60.75201276,60.75201276
t_3101,60.75201276,60.75201276,60.75201276,60.75201276
t_3102,60.75201276,60.75201276,60.75201276,60.75201276
t_3103,57.78857342,57.78857342,57.78857342,57.78857342
t_3104,43.56395342,43.56395342,43.56395342,43.56395342
t_3105,40.64284896,40.64284896,40.64284896,40.64284896
t_3106,40.64284895,40.64284895,40.64284895,40.64284895
t_3107,41.51983379,41.51983379,41.51983379,41.51983379
t_3108,41.51983379,41.51983379,41.51983379,41.51983379
t_3109,41.51983379,41.51983379,41.51983379,41.51983379
t_311,53.93610666,53.93610666,53.93610666,53.93610666
t_3110,41.51983379,41.51983379,41.51983379,41.51983379
t_3111,42.36984371,42.36984371,42.36984371,42.36984371
t_3112,45.03910257,45.03910257,45.03910257,45.03910257
t_3113,57.02188794,57.02188794,57.02188794,57.02188794
t_3114,75.6669173,75.6669173,75.6669173,75.6669173
t_3115,76.19494508,76.19494508,76.19494508,76.19494508
t_3116,76.19494508,76.19494508,76.19494508,76.19494508
t_3117,76.19494508,76.19494508,76.19494508,76.19494508
t_3118,76.19494508,76.19494508,76.19494508,76.19494508
t_3119,76.19494508,76.19494508,76.19494508,76.19494508
t_312,53.93610666,53.93610666,53.93610666,53.93610666
t_3120,76.19494508,76.19494508,76.19494508,76.19494508
t_3121,75.6671673,75.6671673,75.6671673,75.6671673
t_3122,75.01039815,75.01039815,75.01039815,75.01039815
t_3123,75.01039815,75.01039815,75.01039815,75.01039815
t_3124,75.01039815,75.01039815,75.01039815,75.01039815
t_3125,75.01039815,75.01039815,75.01039815,75.01039815
t_3126,73.8771533,73.8771533,73.8771533,73.8771533
t_3127,55.31091016,55.31091016,55.31091016,55.31091016
t_3128,46.20057265,46.20057265,46.20057265,46.20057265
t_3129,45.29094818,45.29094818,45.29094818,45.29094818
t_313,52.06788201,52.06788201,52.06788201,52.06788201
t_3130,43.21985363,43.21985363,43.21985363,43.21985363
t_3131,40.84897577,40.84897577,40.84897577,40.84897577
t_3132,40.84897577,40.84897577,40.84897577,40.84897577
t_3133,31.71739661,31.71739661,31.71739661,31.71739661
t_3134,32.12481383,32.12481383,32.12481383,32.12481383
t_3135,41.63517976,41.63517976,41.63517976,41.63517976
t_3136,43.7288168,43.7288168,43.7288168,43.7288168
t_3137,55.7709815,55.7709815,55.7709815,55.7709815
t_3138,55.7709815,55.7709815,55.7709815,55.7709815
t_3139,55.7709815,55.7709815,55.7709815,55.7709815
t_314,41.76284135,41.76284135,41.76284135,41.76284135
t_3140,55.7709815,55.7709815,55.7709815,55.7709815
t_3141,55.7709815,55.7709815,55.7709815,55.7709815
t_3142,55.7709815,55.7709815,55.7709815,55.7709815
t_3143,54.60951142,54.60951142,54.60951142,54.60951142
t_3144,54.60951142,54.60951142,54.60951142,54.60951142
t_3145,51.03049525,51.03049525,51.03049525,51.03049525
t_3146,51.03049525,51.03049525,51.03049525,51.03049525
t_3147,51.03049525,51.03049525,51.03049525,51.03049525
t_3148,51.03049525,51.03049525,51.03049525,51.03049525
t_3149,48.29420968,48.29420968,48.29420968,48.29420968
t_315,41.68457096,41.68457096,41.68457096,41.68457096
t_3150,43.21985363,43.21985363,43.21985363,43.21985363
t_3151,43.21985363,43.21985363,43.21985363,43.21985363
t_3152,41.14875909,41.14875909,41.14875909,41.14875909
t_3153,37.97941134,37.97941134,37.97941134,37.97941134
t_3154,37.10029464,37.10029464,37.10029464,37.10029464
t_3155,37.10029464,37.10029464,37.10029464,37.10029464
t_3156,37.10029464,37.10029464,37.10029464,37.10029464
t_3157,37.10029464,37.10029464,37.10029464,37.10029464
t_3158,37.10029464,37.10029464,37.10029464,37.10029464
t_3159,37.10029464,37.10029464,37.10029464,37.10029464
t_316,41.14875909,41.14875909,41.14875909,41.14875909
t_3160,38.36005913,38.36005913,38.36005913,38.36005913
t_3161,43.21985363,43.21985363,43.21985363,43.21985363
t_3162,43.21985363,43.21985363,43.21985363,43.21985363
t_3163,43.21985363,43.21985363,43.21985363,43.21985363
t_3164,43.21985363,43.21985363,43.21985363,43.21985363
t_3165,43.21985363,43.21985363,43.21985363,43.21985363
t_3166,43.21985363,43.21985363,43.21985363,43.21985363
t_3167,43.21985363,43.21985363,43.21985363,43.21985363
t_3168,43.21985363,43.21985363,43.21985363,43.21985363
t_3169,43.21985363,43.21985363,43.21985363,43.21985363
t_317,41.14875909,41.14875909,41.14875909,41.14875909
t_3170,43.21985363,43.21985363,43.21985363,43.21985363
t_3171,43.21985363,43.21985363,43.21985363,43.21985363
t_3172,43.21985363,43.21985363,43.21985363,43.21985363
t_3173,43.21985363,43.21985363,43.21985363,43.21985363
t_3174,41.14875909,41.14875909,41.14875909,41.14875909
t_3175,19.71625303,19.71625303,19.71625303,19.71625303
t_3176,4.5,4.5,4.5,4.5
t_3177,4.5,4.5,4.5,4.5
t_3178,2.25,2.25,2.25,2.25
t_3179,2.25,2.25,2.25,2.25
t_318,41.14875909,41.14875909,41.14875909,41.14875909
t_3180,2.25,2.25,2.25,2.25
t_3181,2.25,2.25,2.25,2.25
t_3182,2.25,2.25,2.25,2.25
t_3183,2.25,2.25,2.25,2.25
t_3184,4.5,4.5,4.5,4.5
t_3185,8.8525,8.8525,8.8525,8.8525
t_3186,9.41226082,9.41226082,9.41226082,9.41226082
t_3187,10.58408333,10.58408333,10.58408333,10.58408333
t_3188,10.58408333,10.58408333,10.58408333,10.58408333
t_3189,10.58408333,10.58408333,10.58408333,10.58408333
t_319,41.14875909,41.14875909,41.14875909,41.14875909
t_3190,10.58408333,10.58408333,10.58408333,10.58408333
t_3191,11.11211111,11.11211111,11.11211111,11.11211111
t_3192,11.11211111,11.11211111,11.11211111,11.11211111
t_3193,11.11211111,11.11211111,11.11211111,11.11211111
t_3194,11.11211111,11.11211111,11.11211111,11.11211111
t_3195,11.11211111,11.11211111,11.11211111,11.11211111
t_3196,11.11211111,11.11211111,11.11211111,11.11211111
t_3197,11.11211111,11.11211111,11.11211111,11.11211111
t_3198,11.11211111,11.11211111,11.11211111,11.11211111
t_3199,9.528027776,9.528027776,9.528027776,9.528027776
t_32,41.14875909,41.14875909,41.14875909,41.14875909
t_320,41.15654319,41.15654319,41.15654319,41.15654319
t_3200,4.5,4.5,4.5,4.5
t_3201,4.5,4.5,4.5,4.5
t_3202,4.5,4.5,4.5,4.5
t_3203,4.5,4.5,4.5,4.5
t_3204,4.5,4.5,4.5,4.5
t_3205,4.5,4.5,4.5,4.5
t_3206,4.5,4.5,4.5,4.5
t_3207,4.5,4.5,4.5,4.5
t_3208,17.31875303,17.31875303,17.31875303,17.31875303
t_3209,28.18250606,28.18250606,28.18250606,28.18250606
t_321,27.33249614,27.33249614,27.33249614,27.33249614
t_3210,43.21985363,43.21985363,43.21985363,43.21985363
t_3211,53.93610666,53.93610666,53.93610666,53.93610666
t_3212,58.07829576,58.07829576,58.07829576,58.07829576
t_3213,58.07829576,58.07829576,58.07829576,58.07829576
t_3214,58.07829576,58.07829576,58.07829576,58.07829576
t_3215,56.00720121,56.00720121,56.00720121,56.00720121
t_3216,56.00720121,56.00720121,56.00720121,56.00720121
t_3217,56.00720121,56.00720121,56.00720121,56.00720121
t_3218,53.93610667,53.93610667,53.93610667,53.93610667
t_3219,53.93610667,53.93610667,53.93610667,53.93610667
t_322,25.71871548,25.71871548,25.71871548,25.71871548
t_3220,53.93610667,53.93610667,53.93610667,53.93610667
t_3221,43.74788141,43.74788141,43.74788141,43.74788141
t_3222,43.74788141,43.74788141,43.74788141,43.74788141
t_3223,43.21985363,43.21985363,43.21985363,43.21985363
t_3224,37.10029464,37.10029464,37.10029464,37.10029464
t_3225,27.96871548,27.96871548,27.96871548,27.96871548
t_3226,27.96871548,27.96871548,27.96871548,27.96871548
t_3227,27.96871548,27.96871548,27.96871548,27.96871548
t_3228,27.96871548,27.96871548,27.96871548,27.96871548
t_3229,27.96871548,27.96871548,27.96871548,27.96871548
t_323,17.46625303,17.46625303,17.46625303,17.46625303
t_3230,28.84783218,28.84783218,28.84783218,28.84783218
t_3231,30.43250606,30.43250606,30.43250606,30.43250606
t_3232,43.21985363,43.21985363,43.21985363,43.21985363
t_3233,48.04977624,48.04977624,48.04977624,48.04977624
t_3234,63.26746223,63.26746223,63.26746223,63.26746223
t_3235,77.61428222,77.61428222,77.61428222,77.61428222
t_3236,77.61428222,77.61428222,77.61428222,77.61428222
t_3237,77.61428222,77.61428222,77.61428222,77.61428222
t_3238,77.61428222,77.61428222,77.61428222,77.61428222
t_3239,77.0801176,77.0801176,77.0801176,77.0801176
t_324,17.46625303,17.46625303,17.46625303,17.46625303
t_3240,63.26746223,63.26746223,63.26746223,63.26746223
t_3241,63.26746223,63.26746223,63.26746223,63.26746223
t_3242,63.26746223,63.26746223,63.26746223,63.26746223
t_3243,62.19913298,62.19913298,62.19913298,62.19913298
t_3244,62.19913299,62.19913299,62.19913299,62.19913299
t_3245,63.26746223,63.26746223,63.26746223,63.26746223
t_3246,59.08018816,59.08018816,59.08018816,59.08018816
t_3247,48.66899819,48.66899819,48.66899819,48.66899819
t_3248,41.21298422,41.21298422,41.21298422,41.21298422
t_3249,30.71052177,30.71052177,30.71052177,30.71052177
t_325,17.46625303,17.46625303,17.46625303,17.46625303
t_3250,30.71052177,30.71052177,30.71052177,30.71052177
t_3251,30.71052177,30.71052177,30.71052177,30.71052177
t_3252,30.71052177,30.71052177,30.71052177,30.71052177
t_3253,30.71052177,30.71052177,30.71052177,30.71052177
t_3254,30.71052177,30.71052177,30.71052177,30.71052177
t_3255,30.71052177,30.71052177,30.71052177,30.71052177
t_3256,44.92079464,44.92079464,44.92079464,44.92079464
t_3257,66.99916724,66.99916724,66.99916724,66.99916724
t_3258,67.20442704,67.20442704,67.20442704,67.20442704
t_3259,67.20442704,67.20442704,67.20442704,67.20442704
t_326,25.71871548,25.71871548,25.71871548,25.71871548
t_3260,67.20442704,67.20442704,67.20442704,67.20442704
t_3261,67.20442704,67.20442704,67.20442704,67.20442704
t_3262,67.20442704,67.20442704,67.20442704,67.20442704
t_3263,67.20442704,67.20442704,67.20442704,67.20442704
t_3264,66.69468459,66.69468459,66.69468459,66.69468459
t_3265,57.62611342,57.62611342,57.62611342,57.62611342
t_3266,54.64539442,54.64539442,54.64539442,54.64539442
t_3267,54.64539441,54.64539441,54.64539441,54.64539441
t_3268,52.82786404,52.82786404,52.82786404,52.82786404
t_3269,51.81928724,51.81928724,51.81928724,51.81928724
t_327,28.18250606,28.18250606,28.18250606,28.18250606
t_3270,48.04977624,48.04977624,48.04977624,48.04977624
t_3271,43.21985363,43.21985363,43.21985363,43.21985363
t_3272,43.21985363,43.21985363,43.21985363,43.21985363
t_3273,41.14875909,41.14875909,41.14875909,41.14875909
t_3274,25.93250606,25.93250606,25.93250606,25.93250606
t_3275,25.93250606,25.93250606,25.93250606,25.93250606
t_3276,25.93250606,25.93250606,25.93250606,25.93250606
t_3277,25.93250606,25.93250606,25.93250606,25.93250606
t_3278,25.93250606,25.93250606,25.93250606,25.93250606
t_3279,25.93250606,25.93250606,25.93250606,25.93250606
t_328,30.43250606,30.43250606,30.43250606,30.43250606
t_3280,25.93250606,25.93250606,25.93250606,25.93250606
t_3281,40.74444989,40.74444989,40.74444989,40.74444989
t_3282,43.21985363,43.21985363,43.21985363,43.21985363
t_3283,48.04977624,48.04977624,48.04977624,48.04977624
t_3284,48.04977624,48.04977624,48.04977624,48.04977624
t_3285,48.04977624,48.04977624,48.04977624,48.04977624
t_3286,48.04977624,48.04977624,48.04977624,48.04977624
t_3287,48.04977624,48.04977624,48.04977624,48.04977624
t_3288,48.04977624,48.04977624,48.04977624,48.04977624
t_3289,48.04977624,48.04977624,48.04977624,48.04977624
t_329,43.21985363,43.21985363,43.21985363,43.21985363
t_3290,48.04977624,48.04977624,48.04977624,48.04977624
t_3291,48.04977624,48.04977624,48.04977624,48.04977624
t_3292,48.04977624,48.04977624,48.04977624,48.04977624
t_3293,48.04977624,48.04977624,48.04977624,48.04977624
t_3294,48.04977624,48.04977624,48.04977624,48.04977624
t_3295,43.21985363,43.21985363,43.21985363,43.21985363
t_3296,43.21985363,43.21985363,43.21985363,43.21985363
t_3297,40.75606306,40.75606306,40.75606306,40.75606306
t_3298,40.75606306,40.75606306,40.75606306,40.75606306
t_3299,40.75606306,40.75606306,40.75606306,40.75606306
t_33,36.41179988,36.41179988,36.41179988,36.41179988
t_330,43.21985363,43.21985363,43.21985363,43.21985363
t_3300,40.75606306,40.75606306,40.75606306,40.75606306
t_3301,40.75606306,40.75606306,40.75606306,40.75606306
t_3302,40.75606306,40.75606306,40.75606306,40.75606306
t_3303,40.75606306,40.75606306,40.75606306,40.75606306
t_3304,40.75606306,40.75606306,40.75606306,40.75606306
t_3305,45.58598566,45.58598566,45.58598566,45.58598566
t_3306,57.66099511,57.66099511,57.66099511,57.66099511
t_3307,57.66099511,57.66099511,57.66099511,57.66099511
t_3308,58.18902289,58.18902289,58.18902289,58.18902289
t_3309,58.18902289,58.18902289,58.18902289,58.18902289
t_331,43.94275524,43.94275524,43.94275524,43.94275524
t_3310,68.37724814,68.37724814,68.37724814,68.37724814
t_3311,71.4189649,71.4189649,71.4189649,71.4189649
t_3312,65.33553138,65.33553138,65.33553138,65.33553138
t_3313,58.76602927,58.76602927,58.76602927,58.76602927
t_3314,58.76602927,58.76602927,58.76602927,58.76602927
t_3315,58.76602927,58.76602927,58.76602927,58.76602927
t_3316,58.76602927,58.76602927,58.76602927,58.76602927
t_3317,48.57780402,48.57780402,48.57780402,48.57780402
t_3318,43.74788141,43.74788141,43.74788141,43.74788141
t_3319,40.75606306,40.75606306,40.75606306,40.75606306
t_332,53.93610666,53.93610666,53.93610666,53.93610666
t_3320,37.10029464,37.10029464,37.10029464,37.10029464
t_3321,25.71871548,25.71871548,25.71871548,25.71871548
t_3322,25.71871548,25.71871548,25.71871548,25.71871548
t_3323,25.71871548,25.71871548,25.71871548,25.71871548
t_3324,25.71871548,25.71871548,25.71871548,25.71871548
t_3325,25.71871548,25.71871548,25.71871548,25.71871548
t_3326,25.71871548,25.71871548,25.71871548,25.71871548
t_3327,25.71871548,25.71871548,25.71871548,25.71871548
t_3328,30.02819686,30.02819686,30.02819686,30.02819686
t_3329,41.14875909,41.14875909,41.14875909,41.14875909
t_333,53.93610666,53.93610666,53.93610666,53.93610666
t_3330,48.29420968,48.29420968,48.29420968,48.29420968
t_3331,58.26411947,58.26411947,58.26411947,58.26411947
t_3332,58.26411947,58.26411947,58.26411947,58.26411947
t_3333,58.26411947,58.26411947,58.26411947,58.26411947
t_3334,58.26411947,58.26411947,58.26411947,58.26411947
t_3335,58.26411947,58.26411947,58.26411947,58.26411947
t_3336,58.26411947,58.26411947,58.26411947,58.26411947
t_3337,58.26411947,58.26411947,58.26411947,58.26411947
t_3338,58.26411947,58.26411947,58.26411947,58.26411947
t_3339,57.62642785,57.62642785,57.62642785,57.62642785
t_334,53.93610666,53.93610666,53.93610666,53.93610666
t_3340,48.29420968,48.29420968,48.29420968,48.29420968
t_3341,45.03910256,45.03910256,45.03910256,45.03910256
t_3342,43.21985363,43.21985363,43.21985363,43.21985363
t_3343,40.75606306,40.75606306,40.75606306,40.75606306
t_3344,19.71625303,19.71625303,19.71625303,19.71625303
t_3345,17.46625303,17.46625303,17.46625303,17.46625303
t_3346,17.46625303,17.46625303,17.46625303,17.46625303
t_3347,17.46625303,17.46625303,17.46625303,17.46625303
t_3348,17.46625303,17.46625303,17.46625303,17.46625303
t_3349,17.46625303,17.46625303,17.46625303,17.46625303
t_335,53.93610666,53.93610666,53.93610666,53.93610666
t_3350,17.46625303,17.46625303,17.46625303,17.46625303
t_3351,17.46625303,17.46625303,17.46625303,17.46625303
t_3352,17.46625303,17.46625303,17.46625303,17.46625303
t_3353,40.34014068,40.34014068,40.34014068,40.34014068
t_3354,43.21985363,43.21985363,43.21985363,43.21985363
t_3355,47.17119486,47.17119486,47.17119486,47.17119486
t_3356,47.17119486,47.17119486,47.17119486,47.17119486
t_3357,47.17119486,47.17119486,47.17119486,47.17119486
t_3358,47.17119486,47.17119486,47.17119486,47.17119486
t_3359,47.17119486,47.17119486,47.17119486,47.17119486
t_336,53.93610666,53.93610666,53.93610666,53.93610666
t_3360,47.17119486,47.17119486,47.17119486,47.17119486
t_3361,47.17119486,47.17119486,47.17119486,47.17119486
t_3362,47.17119486,47.17119486,47.17119486,47.17119486
t_3363,47.17119486,47.17119486,47.17119486,47.17119486
t_3364,47.17119486,47.17119486,47.17119486,47.17119486
t_3365,44.1294781,44.1294781,44.1294781,44.1294781
t_3366,43.21985363,43.21985363,43.21985363,43.21985363
t_3367,40.75606306,40.75606306,40.75606306,40.75606306
t_3368,19.71625303,19.71625303,19.71625303,19.71625303
t_3369,15.21625303,15.21625303,15.21625303,15.21625303
t_337,53.93610666,53.93610666,53.93610666,53.93610666
t_3370,15.21625303,15.21625303,15.21625303,15.21625303
t_3371,15.21625303,15.21625303,15.21625303,15.21625303
t_3372,15.21625303,15.21625303,15.21625303,15.21625303
t_3373,15.21625303,15.21625303,15.21625303,15.21625303
t_3374,15.21625303,15.21625303,15.21625303,15.21625303
t_3375,15.21625303,15.21625303,15.21625303,15.21625303
t_3376,25.71871548,25.71871548,25.71871548,25.71871548
t_3377,39.56408521,39.56408521,39.56408521,39.56408521
t_3378,45.03910257,45.03910257,45.03910257,45.03910257
t_3379,55.05336666,55.05336666,55.05336666,55.05336666
t_338,53.93610666,53.93610666,53.93610666,53.93610666
t_3380,55.05336666,55.05336666,55.05336666,55.05336666
t_3381,55.05336666,55.05336666,55.05336666,55.05336666
t_3382,55.05336666,55.05336666,55.05336666,55.05336666
t_3383,55.05336666,55.05336666,55.05336666,55.05336666
t_3384,55.05336666,55.05336666,55.05336666,55.05336666
t_3385,55.05336666,55.05336666,55.05336666,55.05336666
t_3386,55.05336666,55.05336666,55.05336666,55.05336666
t_3387,55.05336666,55.05336666,55.05336666,55.05336666
t_3388,55.05336666,55.05336666,55.05336666,55.05336666
t_3389,55.05336666,55.05336666,55.05336666,55.05336666
t_339,53.93610666,53.93610666,53.93610666,53.93610666
t_3390,55.05336666,55.05336666,55.05336666,55.05336666
t_3391,41.14875909,41.14875909,41.14875909,41.14875909
t_3392,26.4555113,26.4555113,26.4555113,26.4555113
t_3393,26.4555113,26.4555113,26.4555113,26.4555113
t_3394,26.4555113,26.4555113,26.4555113,26.4555113
t_3395,26.4555113,26.4555113,26.4555113,26.4555113
t_3396,26.4555113,26.4555113,26.4555113,26.4555113
t_3397,26.4555113,26.4555113,26.4555113,26.4555113
t_3398,26.4555113,26.4555113,26.4555113,26.4555113
t_3399,28.18250606,28.18250606,28.18250606,28.18250606
t_34,15.21625303,15.21625303,15.21625303,15.21625303
t_340,58.07829576,58.07829576,58.07829576,58.07829576
t_3400,28.18250606,28.18250606,28.18250606,28.18250606
t_3401,45.29094818,45.29094818,45.29094818,45.29094818
t_3402,78.17691877,78.17691877,78.17691877,78.17691877
t_3403,78.19201075,78.19201075,78.19201075,78.19201075
t_3404,78.19201075,78.19201075,78.19201075,78.19201075
t_3405,78.19201075,78.19201075,78.19201075,78.19201075
t_3406,78.19201075,78.19201075,78.19201075,78.19201075
t_3407,78.19201075,78.19201075,78.19201075,78.19201075
t_3408,78.19201075,78.19201075,78.19201075,78.19201075
t_3409,78.19201075,78.19201075,78.19201075,78.19201075
t_341,58.07829576,58.07829576,58.07829576,58.07829576
t_3410,78.19201075,78.19201075,78.19201075,78.19201075
t_3411,78.19201075,78.19201075,78.19201075,78.19201075
t_3412,78.19201075,78.19201075,78.19201075,78.19201075
t_3413,78.19201075,78.19201075,78.19201075,78.19201075
t_3414,78.19201074,78.19201074,78.19201074,78.19201074
t_3415,56.83449031,56.83449031,56.83449031,56.83449031
t_3416,36.22117793,36.22117793,36.22117793,36.22117793
t_3417,15.21625303,15.21625303,15.21625303,15.21625303
t_3418,15.21625303,15.21625303,15.21625303,15.21625303
t_3419,15.21625303,15.21625303,15.21625303,15.21625303
t_342,60.01954018,60.01954018,60.01954018,60.01954018
t_3420,15.21625303,15.21625303,15.21625303,15.21625303
t_3421,15.21625303,15.21625303,15.21625303,15.21625303
t_3422,15.21625303,15.21625303,15.21625303,15.21625303
t_3423,25.71871548,25.71871548,25.71871548,25.71871548
t_3424,41.14875909,41.14875909,41.14875909,41.14875909
t_3425,58.45660771,58.45660771,58.45660771,58.45660771
t_3426,82.98788139,82.98788139,82.98788139,82.98788139
t_3427,82.98788139,82.98788139,82.98788139,82.98788139
t_3428,83.51590917,83.51590917,83.51590917,83.51590917
t_3429,83.51590917,83.51590917,83.51590917,83.51590917
t_343,60.0195402,60.0195402,60.0195402,60.0195402
t_3430,83.51590917,83.51590917,83.51590917,83.51590917
t_3431,83.51590917,83.51590917,83.51590917,83.51590917
t_3432,83.51590917,83.51590917,83.51590917,83.51590917
t_3433,82.49572256,82.49572256,82.49572256,82.49572256
t_3434,82.49572256,82.49572256,82.49572256,82.49572256
t_3435,82.49572256,82.49572256,82.49572256,82.49572256
t_3436,81.96769479,81.96769479,81.96769479,81.96769479
t_3437,81.96769478,81.96769478,81.96769478,81.96769478
t_3438,78.01216374,78.01216374,78.01216374,78.01216374
t_3439,49.2648319,49.2648319,49.2648319,49.2648319
t_344,69.61597327,69.61597327,69.61597327,69.61597327
t_3440,38.68496851,38.68496851,38.68496851,38.68496851
t_3441,15.21625303,15.21625303,15.21625303,15.21625303
t_3442,15.21625303,15.21625303,15.21625303,15.21625303
t_3443,15.21625303,15.21625303,15.21625303,15.21625303
t_3444,15.21625303,15.21625303,15.21625303,15.21625303
t_3445,15.21625303,15.21625303,15.21625303,15.21625303
t_3446,15.21625303,15.21625303,15.21625303,15.21625303
t_3447,15.21625303,15.21625303,15.21625303,15.21625303
t_3448,30.02819686,30.02819686,30.02819686,30.02819686
t_3449,43.21985363,43.21985363,43.21985363,43.21985363
t_345,71.51285789,71.51285789,71.51285789,71.51285789
t_3450,61.02143258,61.02143258,61.02143258,61.02143258
t_3451,61.02143258,61.02143258,61.02143258,61.02143258
t_3452,61.02143258,61.02143258,61.02143258,61.02143258
t_3453,56.75724799,56.75724799,56.75724799,56.75724799
t_3454,55.84762353,55.84762353,55.84762353,55.84762353
t_3455,56.3756513,56.3756513,56.3756513,56.3756513
t_3456,56.3756513,56.3756513,56.3756513,56.3756513
t_3457,57.28527577,57.28527577,57.28527577,57.28527577
t_3458,61.54946036,61.54946036,61.54946036,61.54946036
t_3459,61.02143258,61.02143258,61.02143258,61.02143258
t_346,42.71754053,42.71754053,42.71754053,42.71754053
t_3460,61.02143258,61.02143258,61.02143258,61.02143258
t_3461,61.02143258,61.02143258,61.02143258,61.02143258
t_3462,61.02143258,61.02143258,61.02143258,61.02143258
t_3463,43.21985364,43.21985364,43.21985364,43.21985364
t_3464,40.34014068,40.34014068,40.34014068,40.34014068
t_3465,15.21625303,15.21625303,15.21625303,15.21625303
t_3466,15.21625303,15.21625303,15.21625303,15.21625303
t_3467,15.21625303,15.21625303,15.21625303,15.21625303
t_3468,15.21625303,15.21625303,15.21625303,15.21625303
t_3469,15.21625303,15.21625303,15.21625303,15.21625303
t_347,42.71754053,42.71754053,42.71754053,42.71754053
t_3470,15.21625303,15.21625303,15.21625303,15.21625303
t_3471,17.46625303,17.46625303,17.46625303,17.46625303
t_3472,40.74444989,40.74444989,40.74444989,40.74444989
t_3473,49.45567976,49.45567976,49.45567976,49.45567976
t_3474,63.26746223,63.26746223,63.26746223,63.26746223
t_3475,63.26746223,63.26746223,63.26746223,63.26746223
t_3476,63.79549,63.79549,63.79549,63.79549
t_3477,63.79549,63.79549,63.79549,63.79549
t_3478,63.79549,63.79549,63.79549,63.79549
t_3479,63.79549,63.79549,63.79549,63.79549
t_348,42.71754053,42.71754053,42.71754053,42.71754053
t_3480,62.72716076,62.72716076,62.72716076,62.72716076
t_3481,55.46602684,55.46602684,55.46602684,55.46602684
t_3482,55.46602684,55.46602684,55.46602684,55.46602684
t_3483,54.93799906,54.93799906,54.93799906,54.93799906
t_3484,54.93799906,54.93799906,54.93799906,54.93799906
t_3485,54.93799906,54.93799906,54.93799906,54.93799906
t_3486,54.93799906,54.93799906,54.93799906,54.93799906
t_3487,43.21985364,43.21985364,43.21985364,43.21985364
t_3488,40.75606306,40.75606306,40.75606306,40.75606306
t_3489,30.2536006,30.2536006,30.2536006,30.2536006
t_349,42.71754053,42.71754053,42.71754053,42.71754053
t_3490,30.2536006,30.2536006,30.2536006,30.2536006
t_3491,30.2536006,30.2536006,30.2536006,30.2536006
t_3492,30.2536006,30.2536006,30.2536006,30.2536006
t_3493,30.2536006,30.2536006,30.2536006,30.2536006
t_3494,30.2536006,30.2536006,30.2536006,30.2536006
t_3495,30.2536006,30.2536006,30.2536006,30.2536006
t_3496,40.75606306,40.75606306,40.75606306,40.75606306
t_3497,43.21985364,43.21985364,43.21985364,43.21985364
t_3498,59.65434582,59.65434582,59.65434582,59.65434582
t_3499,59.65434582,59.65434582,59.65434582,59.65434582
t_35,15.21625303,15.21625303,15.21625303,15.21625303
t_350,42.71754053,42.71754053,42.71754053,42.71754053
t_3500,59.65434582,59.65434582,59.65434582,59.65434582
t_3501,59.65434582,59.65434582,59.65434582,59.65434582
t_3502,59.65434582,59.65434582,59.65434582,59.65434582
t_3503,59.65434582,59.65434582,59.65434582,59.65434582
t_3504,59.65434582,59.65434582,59.65434582,59.65434582
t_3505,59.65434582,59.65434582,59.65434582,59.65434582
t_3506,59.65434582,59.65434582,59.65434582,59.65434582
t_3507,59.65434582,59.65434582,59.65434582,59.65434582
t_3508,56.3992387,56.3992387,56.3992387,56.3992387
t_3509,54.57998977,54.57998977,54.57998977,54.57998977
t_351,45.7592573,45.7592573,45.7592573,45.7592573
t_3510,52.47511881,52.47511881,52.47511881,52.47511881
t_3511,40.75606306,40.75606306,40.75606306,40.75606306
t_3512,27.77819686,27.77819686,27.77819686,27.77819686
t_3513,15.21625303,15.21625303,15.21625303,15.21625303
t_3514,15.21625303,15.21625303,15.21625303,15.21625303
t_3515,14.78855053,14.78855053,14.78855053,14.78855053
t_3516,14.78855053,14.78855053,14.78855053,14.78855053
t_3517,14.78855053,14.78855053,14.78855053,14.78855053
t_3518,15.21625303,15.21625303,15.21625303,15.21625303
t_3519,15.21625303,15.21625303,15.21625303,15.21625303
t_352,69.10204831,69.10204831,69.10204831,69.10204831
t_3520,19.71625303,19.71625303,19.71625303,19.71625303
t_3521,43.21985363,43.21985363,43.21985363,43.21985363
t_3522,53.69119523,53.69119523,53.69119523,53.69119523
t_3523,59.16209753,59.16209753,59.16209753,59.16209753
t_3524,59.16209753,59.16209753,59.16209753,59.16209753
t_3525,59.16209753,59.16209753,59.16209753,59.16209753
t_3526,59.16209753,59.16209753,59.16209753,59.16209753
t_3527,59.16209753,59.16209753,59.16209753,59.16209753
t_3528,59.16209753,59.16209753,59.16209753,59.16209753
t_3529,59.16209752,59.16209752,59.16209752,59.16209752
t_353,71.19568535,71.19568535,71.19568535,71.19568535
t_3530,54.89791294,54.89791294,54.89791294,54.89791294
t_3531,53.07866401,53.07866401,53.07866401,53.07866401
t_3532,53.07866401,53.07866401,53.07866401,53.07866401
t_3533,53.07866401,53.07866401,53.07866401,53.07866401
t_3534,52.18212876,52.18212876,52.18212876,52.18212876
t_3535,43.21985363,43.21985363,43.21985363,43.21985363
t_3536,29.7240391,29.7240391,29.7240391,29.7240391
t_3537,17.46625303,17.46625303,17.46625303,17.46625303
t_3538,16.9190888,16.9190888,16.9190888,16.9190888
t_3539,15.21625303,15.21625303,15.21625303,15.21625303
t_354,81.91193838,81.91193838,81.91193838,81.91193838
t_3540,15.21625303,15.21625303,15.21625303,15.21625303
t_3541,15.21625303,15.21625303,15.21625303,15.21625303
t_3542,15.21625303,15.21625303,15.21625303,15.21625303
t_3543,25.71871548,25.71871548,25.71871548,25.71871548
t_3544,40.29874917,40.29874917,40.29874917,40.29874917
t_3545,43.21985363,43.21985363,43.21985363,43.21985363
t_3546,56.75724799,56.75724799,56.75724799,56.75724799
t_3547,61.02143258,61.02143258,61.02143258,61.02143258
t_3548,61.02143258,61.02143258,61.02143258,61.02143258
t_3549,56.75724799,56.75724799,56.75724799,56.75724799
t_355,81.91193838,81.91193838,81.91193838,81.91193838
t_3550,55.84762353,55.84762353,55.84762353,55.84762353
t_3551,55.84762353,55.84762353,55.84762353,55.84762353
t_3552,54.93799906,54.93799906,54.93799906,54.93799906
t_3553,54.93799906,54.93799906,54.93799906,54.93799906
t_3554,54.93799906,54.93799906,54.93799906,54.93799906
t_3555,56.75724799,56.75724799,56.75724799,56.75724799
t_3556,56.75724799,56.75724799,56.75724799,56.75724799
t_3557,56.75724799,56.75724799,56.75724799,56.75724799
t_3558,54.93799906,54.93799906,54.93799906,54.93799906
t_3559,43.21985363,43.21985363,43.21985363,43.21985363
t_356,81.91193838,81.91193838,81.91193838,81.91193838
t_3560,41.14875909,41.14875909,41.14875909,41.14875909
t_3561,17.46625303,17.46625303,17.46625303,17.46625303
t_3562,17.46625303,17.46625303,17.46625303,17.46625303
t_3563,17.46625303,17.46625303,17.46625303,17.46625303
t_3564,17.46625303,17.46625303,17.46625303,17.46625303
t_3565,17.46625303,17.46625303,17.46625303,17.46625303
t_3566,17.46625303,17.46625303,17.46625303,17.46625303
t_3567,17.46625303,17.46625303,17.46625303,17.46625303
t_3568,41.14875909,41.14875909,41.14875909,41.14875909
t_3569,66.40782344,66.40782344,66.40782344,66.40782344
t_357,81.05941698,81.05941698,81.05941698,81.05941698
t_3570,81.85768134,81.85768134,81.85768134,81.85768134
t_3571,82.29851024,82.29851024,82.29851024,82.29851024
t_3572,82.29851024,82.29851024,82.29851024,82.29851024
t_3573,82.29851024,82.29851024,82.29851024,82.29851024
t_3574,82.29851024,82.29851024,82.29851024,82.29851024
t_3575,82.29851024,82.29851024,82.29851024,82.29851024
t_3576,81.85768134,81.85768134,81.85768134,81.85768134
t_3577,81.69111116,81.69111116,81.69111116,81.69111116
t_3578,81.85768134,81.85768134,81.85768134,81.85768134
t_3579,81.85768134,81.85768134,81.85768134,81.85768134
t_358,77.19432785,77.19432785,77.19432785,77.19432785
t_3580,81.85768134,81.85768134,81.85768134,81.85768134
t_3581,81.85768134,81.85768134,81.85768134,81.85768134
t_3582,81.85768134,81.85768134,81.85768134,81.85768134
t_3583,66.59915092,66.59915092,66.59915092,66.59915092
t_3584,57.75488811,57.75488811,57.75488811,57.75488811
t_3585,50.7562124,50.7562124,50.7562124,50.7562124
t_3586,42.50374995,42.50374995,42.50374995,42.50374995
t_3587,42.50374995,42.50374995,42.50374995,42.50374995
t_3588,40.25374995,40.25374995,40.25374995,40.25374995
t_3589,40.25374995,40.25374995,40.25374995,40.25374995
t_359,64.35920687,64.35920687,64.35920687,64.35920687
t_3590,42.50374995,42.50374995,42.50374995,42.50374995
t_3591,54.87517515,54.87517515,54.87517515,54.87517515
t_3592,59.82598265,59.82598265,59.82598265,59.82598265
t_3593,74.25579698,74.25579698,74.25579698,74.25579698
t_3594,82.56008067,82.56008067,82.56008067,82.56008067
t_3595,82.56008067,82.56008067,82.56008067,82.56008067
t_3596,82.56008067,82.56008067,82.56008067,82.56008067
t_3597,82.56008067,82.56008067,82.56008067,82.56008067
t_3598,82.56008067,82.56008067,82.56008067,82.56008067
t_3599,82.56008067,82.56008067,82.56008067,82.56008067
t_36,15.21625303,15.21625303,15.21625303,15.21625303
t_360,62.75646299,62.75646299,62.75646299,62.75646299
t_3600,82.56008067,82.56008067,82.56008067,82.56008067
t_3601,82.11925177,82.11925177,82.11925177,82.11925177
t_3602,82.11925177,82.11925177,82.11925177,82.11925177
t_3603,82.11925177,82.11925177,82.11925177,82.11925177
t_3604,82.10029944,82.10029944,82.10029944,82.10029944
t_3605,82.11925177,82.11925177,82.11925177,82.11925177
t_3606,80.58592689,80.58592689,80.58592689,80.58592689
t_3607,68.52332294,68.52332294,68.52332294,68.52332294
t_3608,61.56125325,61.56125325,61.56125325,61.56125325
t_3609,55.29109753,55.29109753,55.29109753,55.29109753
t_361,48.05918425,48.05918425,48.05918425,48.05918425
t_3610,55.29109753,55.29109753,55.29109753,55.29109753
t_3611,50.0656504,50.0656504,50.0656504,50.0656504
t_3612,50.0656504,50.0656504,50.0656504,50.0656504
t_3613,50.0656504,50.0656504,50.0656504,50.0656504
t_3614,50.0656504,50.0656504,50.0656504,50.0656504
t_3615,50.0656504,50.0656504,50.0656504,50.0656504
t_3616,52.52944098,52.52944098,52.52944098,52.52944098
t_3617,57.71948036,57.71948036,57.71948036,57.71948036
t_3618,78.93989157,78.93989157,78.93989157,78.93989157
t_3619,79.1820298,79.1820298,79.1820298,79.1820298
t_362,47.33139972,47.33139972,47.33139972,47.33139972
t_3620,79.1820298,79.1820298,79.1820298,79.1820298
t_3621,79.1820298,79.1820298,79.1820298,79.1820298
t_3622,79.1820298,79.1820298,79.1820298,79.1820298
t_3623,79.1820298,79.1820298,79.1820298,79.1820298
t_3624,79.1820298,79.1820298,79.1820298,79.1820298
t_3625,79.1820298,79.1820298,79.1820298,79.1820298
t_3626,79.1820298,79.1820298,79.1820298,79.1820298
t_3627,79.1820298,79.1820298,79.1820298,79.1820298
t_3628,79.1820298,79.1820298,79.1820298,79.1820298
t_3629,79.1820298,79.1820298,79.1820298,79.1820298
t_363,47.23219262,47.23219262,47.23219262,47.23219262
t_3630,78.61583584,78.61583584,78.61583584,78.61583584
t_3631,69.7865357,69.7865357,69.7865357,69.7865357
t_3632,59.82598265,59.82598265,59.82598265,59.82598265
t_3633,57.50304249,57.50304249,57.50304249,57.50304249
t_3634,41.55045765,41.55045765,41.55045765,41.55045765
t_3635,41.55045765,41.55045765,41.55045765,41.55045765
t_3636,42.29486364,42.29486364,42.29486364,42.29486364
t_3637,42.50886829,42.50886829,42.50886829,42.50886829
t_3638,41.55045765,41.55045765,41.55045765,41.55045765
t_3639,41.55045765,41.55045765,41.55045765,41.55045765
t_364,47.23219262,47.23219262,47.23219262,47.23219262
t_3640,56.40889978,56.40889978,56.40889978,56.40889978
t_3641,57.65599161,57.65599161,57.65599161,57.65599161
t_3642,63.47909211,63.47909211,63.47909211,63.47909211
t_3643,66.21537767,66.21537767,66.21537767,66.21537767
t_3644,66.21537767,66.21537767,66.21537767,66.21537767
t_3645,66.21537767,66.21537767,66.21537767,66.21537767
t_3646,66.74340545,66.74340545,66.74340545,66.74340545
t_3647,66.74340545,66.74340545,66.74340545,66.74340545
t_3648,63.49443518,63.49443518,63.49443518,63.49443518
t_3649,65.62677744,65.62677744,65.62677744,65.62677744
t_365,47.23219262,47.23219262,47.23219262,47.23219262
t_3650,66.21537767,66.21537767,66.21537767,66.21537767
t_3651,65.9070695,65.9070695,65.9070695,65.9070695
t_3652,65.80022714,65.80022714,65.80022714,65.80022714
t_3653,65.62652747,65.62652747,65.62652747,65.62652747
t_3654,56.18604813,56.18604813,56.18604813,56.18604813
t_3655,51.06913589,51.06913589,51.06913589,51.06913589
t_3656,23.06553528,23.06553528,23.06553528,23.06553528
t_3657,23.06553528,23.06553528,23.06553528,23.06553528
t_3658,23.06553528,23.06553528,23.06553528,23.06553528
t_3659,23.06553528,23.06553528,23.06553528,23.06553528
t_366,48.409893,48.409893,48.409893,48.409893
t_3660,23.06553528,23.06553528,23.06553528,23.06553528
t_3661,23.06553528,23.06553528,23.06553528,23.06553528
t_3662,23.06553528,23.06553528,23.06553528,23.06553528
t_3663,23.06553528,23.06553528,23.06553528,23.06553528
t_3664,25.31553528,25.31553528,25.31553528,25.31553528
t_3665,50.0656504,50.0656504,50.0656504,50.0656504
t_3666,57.7548881,57.7548881,57.7548881,57.7548881
t_3667,62.58481071,62.58481071,62.58481071,62.58481071
t_3668,62.58481071,62.58481071,62.58481071,62.58481071
t_3669,62.58481071,62.58481071,62.58481071,62.58481071
t_367,49.47822226,49.47822226,49.47822226,49.47822226
t_3670,62.58481071,62.58481071,62.58481071,62.58481071
t_3671,62.58481071,62.58481071,62.58481071,62.58481071
t_3672,62.58481071,62.58481071,62.58481071,62.58481071
t_3673,62.58481071,62.58481071,62.58481071,62.58481071
t_3674,62.58481071,62.58481071,62.58481071,62.58481071
t_3675,62.58481071,62.58481071,62.58481071,62.58481071
t_3676,62.58481071,62.58481071,62.58481071,62.58481071
t_3677,61.84353759,61.84353759,61.84353759,61.84353759
t_3678,52.21450783,52.21450783,52.21450783,52.21450783
t_3679,40.75606306,40.75606306,40.75606306,40.75606306
t_368,49.47822226,49.47822226,49.47822226,49.47822226
t_3680,19.71625303,19.71625303,19.71625303,19.71625303
t_3681,15.21625303,15.21625303,15.21625303,15.21625303
t_3682,17.46625303,17.46625303,17.46625303,17.46625303
t_3683,17.46625303,17.46625303,17.46625303,17.46625303
t_3684,17.46625303,17.46625303,17.46625303,17.46625303
t_3685,17.46625303,17.46625303,17.46625303,17.46625303
t_3686,17.46625303,17.46625303,17.46625303,17.46625303
t_3687,17.46625303,17.46625303,17.46625303,17.46625303
t_3688,41.14875909,41.14875909,41.14875909,41.14875909
t_3689,43.21985364,43.21985364,43.21985364,43.21985364
t_369,45.29094818,45.29094818,45.29094818,45.29094818
t_3690,75.89132785,75.89132785,75.89132785,75.89132785
t_3691,76.75987595,76.75987595,76.75987595,76.75987595
t_3692,76.75987595,76.75987595,76.75987595,76.75987595
t_3693,76.75987595,76.75987595,76.75987595,76.75987595
t_3694,76.75987595,76.75987595,76.75987595,76.75987595
t_3695,76.75987595,76.75987595,76.75987595,76.75987595
t_3696,76.75987595,76.75987595,76.75987595,76.75987595
t_3697,76.75987595,76.75987595,76.75987595,76.75987595
t_3698,76.75987595,76.75987595,76.75987595,76.75987595
t_3699,75.36101417,75.36101417,75.36101417,75.36101417
t_37,15.21625303,15.21625303,15.21625303,15.21625303
t_370,41.14875909,41.14875909,41.14875909,41.14875909
t_3700,75.35422215,75.35422215,75.35422215,75.35422215
t_3701,75.92399595,75.92399595,75.92399595,75.92399595
t_3702,70.07761768,70.07761768,70.07761768,70.07761768
t_3703,56.76939006,56.76939006,56.76939006,56.76939006
t_3704,51.06913589,51.06913589,51.06913589,51.06913589
t_3705,37.94257317,37.94257317,37.94257317,37.94257317
t_3706,26.31669568,26.31669568,26.31669568,26.31669568
t_3707,26.31669568,26.31669568,26.31669568,26.31669568
t_3708,24.06669568,24.06669568,24.06669568,24.06669568
t_3709,24.06669568,24.06669568,24.06669568,24.06669568
t_371,28.18250606,28.18250606,28.18250606,28.18250606
t_3710,26.31669568,26.31669568,26.31669568,26.31669568
t_3711,26.31669568,26.31669568,26.31669568,26.31669568
t_3712,51.97876036,51.97876036,51.97876036,51.97876036
t_3713,73.22263218,73.22263218,73.22263218,73.22263218
t_3714,88.25194641,88.25194641,88.25194641,88.25194641
t_3715,88.96964871,88.96964871,88.96964871,88.96964871
t_3716,88.96964871,88.96964871,88.96964871,88.96964871
t_3717,88.96964871,88.96964871,88.96964871,88.96964871
t_3718,88.96964871,88.96964871,88.96964871,88.96964871
t_3719,88.96964871,88.96964871,88.96964871,88.96964871
t_372,28.18250606,28.18250606,28.18250606,28.18250606
t_3720,88.96964871,88.96964871,88.96964871,88.96964871
t_3721,88.96964871,88.96964871,88.96964871,88.96964871
t_3722,88.96964871,88.96964871,88.96964871,88.96964871
t_3723,88.96964871,88.96964871,88.96964871,88.96964871
t_3724,88.96964871,88.96964871,88.96964871,88.96964871
t_3725,88.60296277,88.60296277,88.60296277,88.60296277
t_3726,84.64515484,84.64515484,84.64515484,84.64515484
t_3727,78.9009115,78.9009115,78.9009115,78.9009115
t_3728,62.94492748,62.94492748,62.94492748,62.94492748
t_3729,57.05612341,57.05612341,57.05612341,57.05612341
t_373,28.18250606,28.18250606,28.18250606,28.18250606
t_3730,54.73318325,54.73318325,54.73318325,54.73318325
t_3731,54.73318325,54.73318325,54.73318325,54.73318325
t_3732,43.10730576,43.10730576,43.10730576,43.10730576
t_3733,43.10730576,43.10730576,43.10730576,43.10730576
t_3734,53.82355879,53.82355879,53.82355879,53.82355879
t_3735,54.73318325,54.73318325,54.73318325,54.73318325
t_3736,59.52585058,59.52585058,59.52585058,59.52585058
t_3737,73.87530378,73.87530378,73.87530378,73.87530378
t_3738,84.68763949,84.68763949,84.68763949,84.68763949
t_3739,85.18955803,85.18955803,85.18955803,85.18955803
t_374,30.43250606,30.43250606,30.43250606,30.43250606
t_3740,85.18955803,85.18955803,85.18955803,85.18955803
t_3741,85.18955803,85.18955803,85.18955803,85.18955803
t_3742,85.18955803,85.18955803,85.18955803,85.18955803
t_3743,83.54084937,83.54084937,83.54084937,83.54084937
t_3744,82.15796805,82.15796805,82.15796805,82.15796805
t_3745,82.15796805,82.15796805,82.15796805,82.15796805
t_3746,82.15796805,82.15796805,82.15796805,82.15796805
t_3747,82.15796805,82.15796805,82.15796805,82.15796805
t_3748,82.15796805,82.15796805,82.15796805,82.15796805
t_3749,82.15796805,82.15796805,82.15796805,82.15796805
t_375,41.14875909,41.14875909,41.14875909,41.14875909
t_3750,80.17084321,80.17084321,80.17084321,80.17084321
t_3751,67.43871295,67.43871295,67.43871295,67.43871295
t_3752,59.82598265,59.82598265,59.82598265,59.82598265
t_3753,41.19983795,41.19983795,41.19983795,41.19983795
t_3754,40.85730576,40.85730576,40.85730576,40.85730576
t_3755,40.85730576,40.85730576,40.85730576,40.85730576
t_3756,40.85730576,40.85730576,40.85730576,40.85730576
t_3757,40.85730576,40.85730576,40.85730576,40.85730576
t_3758,40.85730576,40.85730576,40.85730576,40.85730576
t_3759,40.85730576,40.85730576,40.85730576,40.85730576
t_376,43.21985363,43.21985363,43.21985363,43.21985363
t_3760,41.05861406,41.05861406,41.05861406,41.05861406
t_3761,69.04210113,69.04210113,69.04210113,69.04210113
t_3762,81.9642407,81.9642407,81.9642407,81.9642407
t_3763,83.87654124,83.87654124,83.87654124,83.87654124
t_3764,83.87654124,83.87654124,83.87654124,83.87654124
t_3765,83.87654124,83.87654124,83.87654124,83.87654124
t_3766,83.87654124,83.87654124,83.87654124,83.87654124
t_3767,83.87679124,83.87679124,83.87679124,83.87679124
t_3768,83.87654124,83.87654124,83.87654124,83.87654124
t_3769,83.87679123,83.87679123,83.87679123,83.87679123
t_377,60.3075555,60.3075555,60.3075555,60.3075555
t_3770,83.87654123,83.87654123,83.87654123,83.87654123
t_3771,82.31137788,82.31137788,82.31137788,82.31137788
t_3772,80.8383607,80.8383607,80.8383607,80.8383607
t_3773,80.5077357,80.5077357,80.5077357,80.5077357
t_3774,80.02305555,80.02305555,80.02305555,80.02305555
t_3775,60.57966137,60.57966137,60.57966137,60.57966137
t_3776,53.51068328,53.51068328,53.51068328,53.51068328
t_3777,28.18250606,28.18250606,28.18250606,28.18250606
t_3778,25.71871548,25.71871548,25.71871548,25.71871548
t_3779,25.71871548,25.71871548,25.71871548,25.71871548
t_378,60.3075555,60.3075555,60.3075555,60.3075555
t_3780,25.71871548,25.71871548,25.71871548,25.71871548
t_3781,25.71871548,25.71871548,25.71871548,25.71871548
t_3782,25.71871548,25.71871548,25.71871548,25.71871548
t_3783,25.71871548,25.71871548,25.71871548,25.71871548
t_3784,27.96871548,27.96871548,27.96871548,27.96871548
t_3785,43.21985363,43.21985363,43.21985363,43.21985363
t_3786,54.82939868,54.82939868,54.82939868,54.82939868
t_3787,54.93799906,54.93799906,54.93799906,54.93799906
t_3788,54.93799906,54.93799906,54.93799906,54.93799906
t_3789,54.93799906,54.93799906,54.93799906,54.93799906
t_379,57.26583874,57.26583874,57.26583874,57.26583874
t_3790,54.93799906,54.93799906,54.93799906,54.93799906
t_3791,54.93799906,54.93799906,54.93799906,54.93799906
t_3792,54.93799906,54.93799906,54.93799906,54.93799906
t_3793,54.93799906,54.93799906,54.93799906,54.93799906
t_3794,54.93799906,54.93799906,54.93799906,54.93799906
t_3795,54.93799906,54.93799906,54.93799906,54.93799906
t_3796,54.93799906,54.93799906,54.93799906,54.93799906
t_3797,54.93799906,54.93799906,54.93799906,54.93799906
t_3798,54.93799906,54.93799906,54.93799906,54.93799906
t_3799,43.21985363,43.21985363,43.21985363,43.21985363
t_38,15.21625303,15.21625303,15.21625303,15.21625303
t_380,57.26583874,57.26583874,57.26583874,57.26583874
t_3800,41.14875909,41.14875909,41.14875909,41.14875909
t_3801,25.71871548,25.71871548,25.71871548,25.71871548
t_3802,25.71871548,25.71871548,25.71871548,25.71871548
t_3803,25.71871548,25.71871548,25.71871548,25.71871548
t_3804,25.71871548,25.71871548,25.71871548,25.71871548
t_3805,25.71871548,25.71871548,25.71871548,25.71871548
t_3806,25.71871548,25.71871548,25.71871548,25.71871548
t_3807,27.96871548,27.96871548,27.96871548,27.96871548
t_3808,43.21985363,43.21985363,43.21985363,43.21985363
t_3809,47.02621878,47.02621878,47.02621878,47.02621878
t_381,57.26583874,57.26583874,57.26583874,57.26583874
t_3810,54.93799906,54.93799906,54.93799906,54.93799906
t_3811,54.93799906,54.93799906,54.93799906,54.93799906
t_3812,54.93799906,54.93799906,54.93799906,54.93799906
t_3813,54.93799906,54.93799906,54.93799906,54.93799906
t_3814,54.93799906,54.93799906,54.93799906,54.93799906
t_3815,54.93824906,54.93824906,54.93824906,54.93824906
t_3816,54.93799906,54.93799906,54.93799906,54.93799906
t_3817,54.93799906,54.93799906,54.93799906,54.93799906
t_3818,54.93799906,54.93799906,54.93799906,54.93799906
t_3819,54.93799906,54.93799906,54.93799906,54.93799906
t_382,57.26583874,57.26583874,57.26583874,57.26583874
t_3820,54.93799906,54.93799906,54.93799906,54.93799906
t_3821,54.93799906,54.93799906,54.93799906,54.93799906
t_3822,54.14034045,54.14034045,54.14034045,54.14034045
t_3823,43.21985363,43.21985363,43.21985363,43.21985363
t_3824,38.68496851,38.68496851,38.68496851,38.68496851
t_3825,15.21625303,15.21625303,15.21625303,15.21625303
t_3826,15.21625303,15.21625303,15.21625303,15.21625303
t_3827,15.21625303,15.21625303,15.21625303,15.21625303
t_3828,15.21625303,15.21625303,15.21625303,15.21625303
t_3829,15.21625303,15.21625303,15.21625303,15.21625303
t_383,57.26583874,57.26583874,57.26583874,57.26583874
t_3830,15.21625303,15.21625303,15.21625303,15.21625303
t_3831,15.21625303,15.21625303,15.21625303,15.21625303
t_3832,19.71625303,19.71625303,19.71625303,19.71625303
t_3833,43.21985363,43.21985363,43.21985363,43.21985363
t_3834,48.84546771,48.84546771,48.84546771,48.84546771
t_3835,57.03000523,57.03000523,57.03000523,57.03000523
t_3836,57.03000523,57.03000523,57.03000523,57.03000523
t_3837,56.12038077,56.12038077,56.12038077,56.12038077
t_3838,57.03000523,57.03000523,57.03000523,57.03000523
t_3839,57.03000523,57.03000523,57.03000523,57.03000523
t_384,57.26583874,57.26583874,57.26583874,57.26583874
t_3840,57.03000523,57.03000523,57.03000523,57.03000523
t_3841,54.89791294,54.89791294,54.89791294,54.89791294
t_3842,53.07866401,53.07866401,53.07866401,53.07866401
t_3843,53.07866401,53.07866401,53.07866401,53.07866401
t_3844,53.07866401,53.07866401,53.07866401,53.07866401
t_3845,53.07866401,53.07866401,53.07866401,53.07866401
t_3846,53.07866401,53.07866401,53.07866401,53.07866401
t_3847,47.02621878,47.02621878,47.02621878,47.02621878
t_3848,43.21985363,43.21985363,43.21985363,43.21985363
t_3849,43.21985363,43.21985363,43.21985363,43.21985363
t_385,55.68379356,55.68379356,55.68379356,55.68379356
t_3850,37.69476957,37.69476957,37.69476957,37.69476957
t_3851,37.69476957,37.69476957,37.69476957,37.69476957
t_3852,28.7055113,28.7055113,28.7055113,28.7055113
t_3853,28.7055113,28.7055113,28.7055113,28.7055113
t_3854,37.69476957,37.69476957,37.69476957,37.69476957
t_3855,37.69476958,37.69476958,37.69476958,37.69476958
t_3856,41.14875909,41.14875909,41.14875909,41.14875909
t_3857,43.21985363,43.21985363,43.21985363,43.21985363
t_3858,59.16209755,59.16209755,59.16209755,59.16209755
t_3859,70.65541525,70.65541525,70.65541525,70.65541525
t_386,54.93799906,54.93799906,54.93799906,54.93799906
t_3860,70.65541525,70.65541525,70.65541525,70.65541525
t_3861,70.65541525,70.65541525,70.65541525,70.65541525
t_3862,71.18344303,71.18344303,71.18344303,71.18344303
t_3863,71.18344303,71.18344303,71.18344303,71.18344303
t_3864,71.18344303,71.18344303,71.18344303,71.18344303
t_3865,71.18344303,71.18344303,71.18344303,71.18344303
t_3866,69.05135072,69.05135072,69.05135072,69.05135072
t_3867,69.05135072,69.05135072,69.05135072,69.05135072
t_3868,69.05135072,69.05135072,69.05135072,69.05135072
t_3869,68.52332294,68.52332294,68.52332294,68.52332294
t_387,54.93799906,54.93799906,54.93799906,54.93799906
t_3870,68.52332305,68.52332305,68.52332305,68.52332305
t_3871,61.56125325,61.56125325,61.56125325,61.56125325
t_3872,55.29109753,55.29109753,55.29109753,55.29109753
t_3873,32.0012875,32.0012875,32.0012875,32.0012875
t_3874,29.35522918,29.35522918,29.35522918,29.35522918
t_3875,27.83247895,27.83247895,27.83247895,27.83247895
t_3876,27.18410547,27.18410547,27.18410547,27.18410547
t_3877,24.52584038,24.52584038,24.52584038,24.52584038
t_3878,24.52584038,24.52584038,24.52584038,24.52584038
t_3879,24.52584038,24.52584038,24.52584038,24.52584038
t_388,54.93799906,54.93799906,54.93799906,54.93799906
t_3880,40.65171786,40.65171786,40.65171786,40.65171786
t_3881,57.75488811,57.75488811,57.75488811,57.75488811
t_3882,79.93703016,79.93703016,79.93703016,79.93703016
t_3883,80.99789395,80.99789395,80.99789395,80.99789395
t_3884,81.52592173,81.52592173,81.52592173,81.52592173
t_3885,81.52592173,81.52592173,81.52592173,81.52592173
t_3886,81.52592173,81.52592173,81.52592173,81.52592173
t_3887,81.52592173,81.52592173,81.52592173,81.52592173
t_3888,81.52592173,81.52592173,81.52592173,81.52592173
t_3889,81.52592173,81.52592173,81.52592173,81.52592173
t_389,54.93799906,54.93799906,54.93799906,54.93799906
t_3890,81.52592173,81.52592173,81.52592173,81.52592173
t_3891,80.99789395,80.99789395,80.99789395,80.99789395
t_3892,80.99789395,80.99789395,80.99789395,80.99789395
t_3893,80.99789395,80.99789395,80.99789395,80.99789395
t_3894,80.99789395,80.99789395,80.99789395,80.99789395
t_3895,78.2582196,78.2582196,78.2582196,78.2582196
t_3896,62.94492748,62.94492748,62.94492748,62.94492748
t_3897,58.66451257,58.66451257,58.66451257,58.66451257
t_3898,40.65171787,40.65171787,40.65171787,40.65171787
t_3899,40.65171787,40.65171787,40.65171787,40.65171787
t_39,15.21625303,15.21625303,15.21625303,15.21625303
t_390,55.64355347,55.64355347,55.64355347,55.64355347
t_3900,40.65171787,40.65171787,40.65171787,40.65171787
t_3901,40.65171787,40.65171787,40.65171787,40.65171787
t_3902,40.65171787,40.65171787,40.65171787,40.65171787
t_3903,40.65171787,40.65171787,40.65171787,40.65171787
t_3904,57.50304249,57.50304249,57.50304249,57.50304249
t_3905,62.94492748,62.94492748,62.94492748,62.94492748
t_3906,79.36754193,79.36754193,79.36754193,79.36754193
t_3907,80.86705162,80.86705162,80.86705162,80.86705162
t_3908,80.86705162,80.86705162,80.86705162,80.86705162
t_3909,80.86705162,80.86705162,80.86705162,80.86705162
t_391,57.26583874,57.26583874,57.26583874,57.26583874
t_3910,81.39507939,81.39507939,81.39507939,81.39507939
t_3911,81.39507939,81.39507939,81.39507939,81.39507939
t_3912,81.39507939,81.39507939,81.39507939,81.39507939
t_3913,81.39507939,81.39507939,81.39507939,81.39507939
t_3914,81.39507939,81.39507939,81.39507939,81.39507939
t_3915,81.39507939,81.39507939,81.39507939,81.39507939
t_3916,80.86705162,80.86705162,80.86705162,80.86705162
t_3917,80.76024655,80.76024655,80.76024655,80.76024655
t_3918,80.18630039,80.18630039,80.18630039,80.18630039
t_3919,58.44760574,58.44760574,58.44760574,58.44760574
t_392,57.26583874,57.26583874,57.26583874,57.26583874
t_3920,43.21985364,43.21985364,43.21985364,43.21985364
t_3921,28.18250606,28.18250606,28.18250606,28.18250606
t_3922,28.18250606,28.18250606,28.18250606,28.18250606
t_3923,28.18250606,28.18250606,28.18250606,28.18250606
t_3924,28.18250606,28.18250606,28.18250606,28.18250606
t_3925,28.18250606,28.18250606,28.18250606,28.18250606
t_3926,28.18250606,28.18250606,28.18250606,28.18250606
t_3927,28.18250606,28.18250606,28.18250606,28.18250606
t_3928,41.14875909,41.14875909,41.14875909,41.14875909
t_3929,43.21985363,43.21985363,43.21985363,43.21985363
t_393,50.19549134,50.19549134,50.19549134,50.19549134
t_3930,59.16209753,59.16209753,59.16209753,59.16209753
t_3931,59.16209753,59.16209753,59.16209753,59.16209753
t_3932,59.6901253,59.6901253,59.6901253,59.6901253
t_3933,59.88499913,59.88499913,59.88499913,59.88499913
t_3934,69.87835056,69.87835056,69.87835056,69.87835056
t_3935,69.87835056,69.87835056,69.87835056,69.87835056
t_3936,69.87835056,69.87835056,69.87835056,69.87835056
t_3937,63.79491704,63.79491704,63.79491704,63.79491704
t_3938,63.79491704,63.79491704,63.79491704,63.79491704
t_3939,63.79491704,63.79491704,63.79491704,63.79491704
t_394,43.21985363,43.21985363,43.21985363,43.21985363
t_3940,63.79491704,63.79491704,63.79491704,63.79491704
t_3941,53.60669178,53.60669178,53.60669178,53.60669178
t_3942,43.74788141,43.74788141,43.74788141,43.74788141
t_3943,43.21985363,43.21985363,43.21985363,43.21985363
t_3944,41.14875909,41.14875909,41.14875909,41.14875909
t_3945,25.71871548,25.71871548,25.71871548,25.71871548
t_3946,25.71871548,25.71871548,25.71871548,25.71871548
t_3947,25.71871548,25.71871548,25.71871548,25.71871548
t_3948,25.71871548,25.71871548,25.71871548,25.71871548
t_3949,25.71871548,25.71871548,25.71871548,25.71871548
t_395,43.21985363,43.21985363,43.21985363,43.21985363
t_3950,25.71871548,25.71871548,25.71871548,25.71871548
t_3951,25.71871548,25.71871548,25.71871548,25.71871548
t_3952,41.14875909,41.14875909,41.14875909,41.14875909
t_3953,43.21985363,43.21985363,43.21985363,43.21985363
t_3954,53.07866401,53.07866401,53.07866401,53.07866401
t_3955,58.1638032,58.1638032,58.1638032,58.1638032
t_3956,58.1638032,58.1638032,58.1638032,58.1638032
t_3957,58.1638032,58.1638032,58.1638032,58.1638032
t_3958,58.8867048,58.8867048,58.8867048,58.8867048
t_3959,63.79491704,63.79491704,63.79491704,63.79491704
t_396,40.29874917,40.29874917,40.29874917,40.29874917
t_3960,53.60669178,53.60669178,53.60669178,53.60669178
t_3961,53.07891401,53.07891401,53.07891401,53.07891401
t_3962,53.07866401,53.07866401,53.07866401,53.07866401
t_3963,53.07866401,53.07866401,53.07866401,53.07866401
t_3964,54.89791294,54.89791294,54.89791294,54.89791294
t_3965,54.89791294,54.89791294,54.89791294,54.89791294
t_3966,47.02621878,47.02621878,47.02621878,47.02621878
t_3967,43.21985363,43.21985363,43.21985363,43.21985363
t_3968,41.14875909,41.14875909,41.14875909,41.14875909
t_3969,27.77819686,27.77819686,27.77819686,27.77819686
t_397,40.29874917,40.29874917,40.29874917,40.29874917
t_3970,27.77819686,27.77819686,27.77819686,27.77819686
t_3971,27.77819686,27.77819686,27.77819686,27.77819686
t_3972,27.77819686,27.77819686,27.77819686,27.77819686
t_3973,27.77819686,27.77819686,27.77819686,27.77819686
t_3974,27.77819686,27.77819686,27.77819686,27.77819686
t_3975,30.02819686,30.02819686,30.02819686,30.02819686
t_3976,41.14875909,41.14875909,41.14875909,41.14875909
t_3977,43.21985364,43.21985364,43.21985364,43.21985364
t_3978,77.5124251,77.5124251,77.5124251,77.5124251
t_3979,77.5124251,77.5124251,77.5124251,77.5124251
t_398,43.21985363,43.21985363,43.21985363,43.21985363
t_3980,77.5124251,77.5124251,77.5124251,77.5124251
t_3981,77.5124251,77.5124251,77.5124251,77.5124251
t_3982,77.5124251,77.5124251,77.5124251,77.5124251
t_3983,77.5126751,77.5126751,77.5126751,77.5126751
t_3984,77.5124251,77.5124251,77.5124251,77.5124251
t_3985,77.5124251,77.5124251,77.5124251,77.5124251
t_3986,77.3345133,77.3345133,77.3345133,77.3345133
t_3987,77.01214965,77.01214965,77.01214965,77.01214965
t_3988,76.70260398,76.70260398,76.70260398,76.70260398
t_3989,63.26746223,63.26746223,63.26746223,63.26746223
t_399,43.21985363,43.21985363,43.21985363,43.21985363
t_3990,53.07866401,53.07866401,53.07866401,53.07866401
t_3991,43.21985363,43.21985363,43.21985363,43.21985363
t_3992,38.68496851,38.68496851,38.68496851,38.68496851
t_3993,17.46625303,17.46625303,17.46625303,17.46625303
t_3994,17.46625303,17.46625303,17.46625303,17.46625303
t_3995,17.46625303,17.46625303,17.46625303,17.46625303
t_3996,17.46625303,17.46625303,17.46625303,17.46625303
t_3997,17.46625303,17.46625303,17.46625303,17.46625303
t_3998,17.46625303,17.46625303,17.46625303,17.46625303
t_3999,21.44303691,21.44303691,21.44303691,21.44303691
t_4,41.14875909,41.14875909,41.14875909,41.14875909
t_40,43.21985363,43.21985363,43.21985363,43.21985363
t_400,54.93799906,54.93799906,54.93799906,54.93799906
t_4000,40.74444989,40.74444989,40.74444989,40.74444989
t_4001,43.21985363,43.21985363,43.21985363,43.21985363
t_4002,54.89791294,54.89791294,54.89791294,54.89791294
t_4003,58.11270257,58.11270257,58.11270257,58.11270257
t_4004,59.16209753,59.16209753,59.16209753,59.16209753
t_4005,59.16209752,59.16209752,59.16209752,59.16209752
t_4006,57.0633076,57.0633076,57.0633076,57.0633076
t_4007,53.07866401,53.07866401,53.07866401,53.07866401
t_4008,53.07866401,53.07866401,53.07866401,53.07866401
t_4009,53.07866401,53.07866401,53.07866401,53.07866401
t_401,61.2142289,61.2142289,61.2142289,61.2142289
t_4010,53.07866401,53.07866401,53.07866401,53.07866401
t_4011,53.07866401,53.07866401,53.07866401,53.07866401
t_4012,53.07866401,53.07866401,53.07866401,53.07866401
t_4013,53.07866401,53.07866401,53.07866401,53.07866401
t_4014,53.07866401,53.07866401,53.07866401,53.07866401
t_4015,43.21985363,43.21985363,43.21985363,43.21985363
t_4016,17.46625305,17.46625305,17.46625305,17.46625305
t_4017,15.21625303,15.21625303,15.21625303,15.21625303
t_4018,15.21625303,15.21625303,15.21625303,15.21625303
t_4019,15.21625303,15.21625303,15.21625303,15.21625303
t_402,61.2142289,61.2142289,61.2142289,61.2142289
t_4020,12.96625303,12.96625303,12.96625303,12.96625303
t_4021,12.96625303,12.96625303,12.96625303,12.96625303
t_4022,12.96625303,12.96625303,12.96625303,12.96625303
t_4023,15.21625303,15.21625303,15.21625303,15.21625303
t_4024,29.94376501,29.94376501,29.94376501,29.94376501
t_4025,43.21985363,43.21985363,43.21985363,43.21985363
t_4026,53.07866401,53.07866401,53.07866401,53.07866401
t_4027,53.07866401,53.07866401,53.07866401,53.07866401
t_4028,53.07866401,53.07866401,53.07866401,53.07866401
t_4029,53.07866401,53.07866401,53.07866401,53.07866401
t_403,61.2142289,61.2142289,61.2142289,61.2142289
t_4030,53.07866401,53.07866401,53.07866401,53.07866401
t_4031,53.07866401,53.07866401,53.07866401,53.07866401
t_4032,53.07866401,53.07866401,53.07866401,53.07866401
t_4033,53.07866401,53.07866401,53.07866401,53.07866401
t_4034,53.07866401,53.07866401,53.07866401,53.07866401
t_4035,53.07866401,53.07866401,53.07866401,53.07866401
t_4036,53.07866401,53.07866401,53.07866401,53.07866401
t_4037,53.07866401,53.07866401,53.07866401,53.07866401
t_4038,53.07866401,53.07866401,53.07866401,53.07866401
t_4039,43.21985363,43.21985363,43.21985363,43.21985363
t_404,61.2142289,61.2142289,61.2142289,61.2142289
t_4040,41.14875909,41.14875909,41.14875909,41.14875909
t_4041,27.96871548,27.96871548,27.96871548,27.96871548
t_4042,25.71871548,25.71871548,25.71871548,25.71871548
t_4043,25.71871548,25.71871548,25.71871548,25.71871548
t_4044,25.71871548,25.71871548,25.71871548,25.71871548
t_4045,25.71871548,25.71871548,25.71871548,25.71871548
t_4046,25.71871548,25.71871548,25.71871548,25.71871548
t_4047,25.71871548,25.71871548,25.71871548,25.71871548
t_4048,30.43250606,30.43250606,30.43250606,30.43250606
t_4049,43.21985363,43.21985363,43.21985363,43.21985363
t_405,61.2142289,61.2142289,61.2142289,61.2142289
t_4050,53.07866401,53.07866401,53.07866401,53.07866401
t_4051,54.93799906,54.93799906,54.93799906,54.93799906
t_4052,55.66090067,55.66090067,55.66090067,55.66090067
t_4053,65.65425209,65.65425209,65.65425209,65.65425209
t_4054,65.65425209,65.65425209,65.65425209,65.65425209
t_4055,65.65425209,65.65425209,65.65425209,65.65425209
t_4056,65.65425209,65.65425209,65.65425209,65.65425209
t_4057,65.65425209,65.65425209,65.65425209,65.65425209
t_4058,65.65425209,65.65425209,65.65425209,65.65425209
t_4059,65.65425209,65.65425209,65.65425209,65.65425209
t_406,61.2142289,61.2142289,61.2142289,61.2142289
t_4060,65.65425209,65.65425209,65.65425209,65.65425209
t_4061,65.65425209,65.65425209,65.65425209,65.65425209
t_4062,64.37338941,64.37338941,64.37338941,64.37338941
t_4063,53.93610666,53.93610666,53.93610666,53.93610666
t_4064,36.22117793,36.22117793,36.22117793,36.22117793
t_4065,25.71871548,25.71871548,25.71871548,25.71871548
t_4066,25.71871548,25.71871548,25.71871548,25.71871548
t_4067,25.71871548,25.71871548,25.71871548,25.71871548
t_4068,25.71871548,25.71871548,25.71871548,25.71871548
t_4069,25.71871548,25.71871548,25.71871548,25.71871548
t_407,61.2142289,61.2142289,61.2142289,61.2142289
t_4070,25.71871548,25.71871548,25.71871548,25.71871548
t_4071,25.71871548,25.71871548,25.71871548,25.71871548
t_4072,30.43250606,30.43250606,30.43250606,30.43250606
t_4073,43.21985363,43.21985363,43.21985363,43.21985363
t_4074,59.16209752,59.16209752,59.16209752,59.16209752
t_4075,77.61428222,77.61428222,77.61428222,77.61428222
t_4076,77.61428222,77.61428222,77.61428222,77.61428222
t_4077,77.61428222,77.61428222,77.61428222,77.61428222
t_4078,77.61428222,77.61428222,77.61428222,77.61428222
t_4079,77.61428222,77.61428222,77.61428222,77.61428222
t_408,61.2142289,61.2142289,61.2142289,61.2142289
t_4080,77.61428222,77.61428222,77.61428222,77.61428222
t_4081,77.61428222,77.61428222,77.61428222,77.61428222
t_4082,77.61428222,77.61428222,77.61428222,77.61428222
t_4083,77.61428222,77.61428222,77.61428222,77.61428222
t_4084,77.61428222,77.61428222,77.61428222,77.61428222
t_4085,77.61428222,77.61428222,77.61428222,77.61428222
t_4086,66.69184802,66.69184802,66.69184802,66.69184802
t_4087,53.93610666,53.93610666,53.93610666,53.93610666
t_4088,41.14875909,41.14875909,41.14875909,41.14875909
t_4089,25.71871548,25.71871548,25.71871548,25.71871548
t_409,59.83761293,59.83761293,59.83761293,59.83761293
t_4090,25.71871548,25.71871548,25.71871548,25.71871548
t_4091,25.71871548,25.71871548,25.71871548,25.71871548
t_4092,25.71871548,25.71871548,25.71871548,25.71871548
t_4093,25.71871548,25.71871548,25.71871548,25.71871548
t_4094,25.71871548,25.71871548,25.71871548,25.71871548
t_4095,25.71871548,25.71871548,25.71871548,25.71871548
t_4096,41.14875909,41.14875909,41.14875909,41.14875909
t_4097,43.21985363,43.21985363,43.21985363,43.21985363
t_4098,78.16372796,78.16372796,78.16372796,78.16372796
t_4099,105.7497161,105.7497161,105.7497161,105.7497161
t_41,50.11011765,50.11011765,50.11011765,50.11011765
t_410,56.58212424,56.58212424,56.58212424,56.58212424
t_4100,105.7497161,105.7497161,105.7497161,105.7497161
t_4101,105.7497161,105.7497161,105.7497161,105.7497161
t_4102,105.7497161,105.7497161,105.7497161,105.7497161
t_4103,105.7497161,105.7497161,105.7497161,105.7497161
t_4104,105.7497161,105.7497161,105.7497161,105.7497161
t_4105,105.7497161,105.7497161,105.7497161,105.7497161
t_4106,105.7497161,105.7497161,105.7497161,105.7497161
t_4107,105.7497161,105.7497161,105.7497161,105.7497161
t_4108,103.9862526,103.9862526,103.9862526,103.9862526
t_4109,95.84619955,95.84619955,95.84619955,95.84619955
t_411,55.68379356,55.68379356,55.68379356,55.68379356
t_4110,90.97409332,90.97409332,90.97409332,90.97409332
t_4111,60.96905145,60.96905145,60.96905145,60.96905145
t_4112,43.21985363,43.21985363,43.21985363,43.21985363
t_4113,27.28022072,27.28022072,27.28022072,27.28022072
t_4114,25.03022072,25.03022072,25.03022072,25.03022072
t_4115,25.03022072,25.03022072,25.03022072,25.03022072
t_4116,25.03022072,25.03022072,25.03022072,25.03022072
t_4117,25.03022072,25.03022072,25.03022072,25.03022072
t_4118,25.03022072,25.03022072,25.03022072,25.03022072
t_4119,27.96871548,27.96871548,27.96871548,27.96871548
t_412,55.68379356,55.68379356,55.68379356,55.68379356
t_4120,43.21985363,43.21985363,43.21985363,43.21985363
t_4121,47.02621878,47.02621878,47.02621878,47.02621878
t_4122,54.93799906,54.93799906,54.93799906,54.93799906
t_4123,54.93799906,54.93799906,54.93799906,54.93799906
t_4124,55.46602684,55.46602684,55.46602684,55.46602684
t_4125,54.93799906,54.93799906,54.93799906,54.93799906
t_4126,54.93799906,54.93799906,54.93799906,54.93799906
t_4127,54.93799906,54.93799906,54.93799906,54.93799906
t_4128,54.93799906,54.93799906,54.93799906,54.93799906
t_4129,54.93799906,54.93799906,54.93799906,54.93799906
t_413,55.68379356,55.68379356,55.68379356,55.68379356
t_4130,54.93799906,54.93799906,54.93799906,54.93799906
t_4131,54.93799906,54.93799906,54.93799906,54.93799906
t_4132,54.93799906,54.93799906,54.93799906,54.93799906
t_4133,54.93799906,54.93799906,54.93799906,54.93799906
t_4134,54.93799906,54.93799906,54.93799906,54.93799906
t_4135,43.21985363,43.21985363,43.21985363,43.21985363
t_4136,16.5639677,16.5639677,16.5639677,16.5639677
t_4137,4.5,4.5,4.5,4.5
t_4138,4.5,4.5,4.5,4.5
t_4139,4.0722975,4.0722975,4.0722975,4.0722975
t_414,55.68379356,55.68379356,55.68379356,55.68379356
t_4140,4.0722975,4.0722975,4.0722975,4.0722975
t_4141,3.644595,3.644595,3.644595,3.644595
t_4142,3.644595001,3.644595001,3.644595001,3.644595001
t_4143,4.072297501,4.072297501,4.072297501,4.072297501
t_4144,9,9,9,9
t_4145,43.21985363,43.21985363,43.21985363,43.21985363
t_4146,48.04977624,48.04977624,48.04977624,48.04977624
t_4147,53.07866401,53.07866401,53.07866401,53.07866401
t_4148,53.07866401,53.07866401,53.07866401,53.07866401
t_4149,53.07866401,53.07866401,53.07866401,53.07866401
t_415,59.5779397,59.5779397,59.5779397,59.5779397
t_4150,53.07866401,53.07866401,53.07866401,53.07866401
t_4151,53.07866401,53.07866401,53.07866401,53.07866401
t_4152,53.07866401,53.07866401,53.07866401,53.07866401
t_4153,48.04977624,48.04977624,48.04977624,48.04977624
t_4154,48.04977624,48.04977624,48.04977624,48.04977624
t_4155,48.04977624,48.04977624,48.04977624,48.04977624
t_4156,48.04977624,48.04977624,48.04977624,48.04977624
t_4157,47.02621878,47.02621878,47.02621878,47.02621878
t_4158,43.21985363,43.21985363,43.21985363,43.21985363
t_4159,43.21985363,43.21985363,43.21985363,43.21985363
t_416,61.2142289,61.2142289,61.2142289,61.2142289
t_4160,41.14875908,41.14875908,41.14875908,41.14875908
t_4161,27.96871548,27.96871548,27.96871548,27.96871548
t_4162,23.46871548,23.46871548,23.46871548,23.46871548
t_4163,23.46871548,23.46871548,23.46871548,23.46871548
t_4164,23.46871548,23.46871548,23.46871548,23.46871548
t_4165,23.46871548,23.46871548,23.46871548,23.46871548
t_4166,23.46871548,23.46871548,23.46871548,23.46871548
t_4167,23.46871548,23.46871548,23.46871548,23.46871548
t_4168,37.31408521,37.31408521,37.31408521,37.31408521
t_4169,43.21985363,43.21985363,43.21985363,43.21985363
t_417,57.03342281,57.03342281,57.03342281,57.03342281
t_4170,43.21985363,43.21985363,43.21985363,43.21985363
t_4171,43.21985363,43.21985363,43.21985363,43.21985363
t_4172,43.21985363,43.21985363,43.21985363,43.21985363
t_4173,43.21985363,43.21985363,43.21985363,43.21985363
t_4174,43.21985363,43.21985363,43.21985363,43.21985363
t_4175,43.21985363,43.21985363,43.21985363,43.21985363
t_4176,43.21985363,43.21985363,43.21985363,43.21985363
t_4177,43.21985363,43.21985363,43.21985363,43.21985363
t_4178,43.21985363,43.21985363,43.21985363,43.21985363
t_4179,43.21985363,43.21985363,43.21985363,43.21985363
t_418,54.93799906,54.93799906,54.93799906,54.93799906
t_4180,43.21985363,43.21985363,43.21985363,43.21985363
t_4181,43.21985363,43.21985363,43.21985363,43.21985363
t_4182,43.21985363,43.21985363,43.21985363,43.21985363
t_4183,43.21985363,43.21985363,43.21985363,43.21985363
t_4184,30.43250606,30.43250606,30.43250606,30.43250606
t_4185,28.18250606,28.18250606,28.18250606,28.18250606
t_4186,25.71871548,25.71871548,25.71871548,25.71871548
t_4187,25.71846548,25.71846548,25.71846548,25.71846548
t_4188,25.29101298,25.29101298,25.29101298,25.29101298
t_4189,25.71846548,25.71846548,25.71846548,25.71846548
t_419,54.93799906,54.93799906,54.93799906,54.93799906
t_4190,28.18250606,28.18250606,28.18250606,28.18250606
t_4191,28.18250606,28.18250606,28.18250606,28.18250606
t_4192,30.43250606,30.43250606,30.43250606,30.43250606
t_4193,41.14875909,41.14875909,41.14875909,41.14875909
t_4194,43.21985363,43.21985363,43.21985363,43.21985363
t_4195,48.04977625,48.04977625,48.04977625,48.04977625
t_4196,48.04977625,48.04977625,48.04977625,48.04977625
t_4197,48.04977624,48.04977624,48.04977624,48.04977624
t_4198,48.04977625,48.04977625,48.04977625,48.04977625
t_4199,48.04977625,48.04977625,48.04977625,48.04977625
t_42,60.82637068,60.82637068,60.82637068,60.82637068
t_420,54.93799906,54.93799906,54.93799906,54.93799906
t_4200,48.04977625,48.04977625,48.04977625,48.04977625
t_4201,48.05002624,48.05002624,48.05002624,48.05002624
t_4202,48.04977625,48.04977625,48.04977625,48.04977625
t_4203,48.04977625,48.04977625,48.04977625,48.04977625
t_4204,48.04977625,48.04977625,48.04977625,48.04977625
t_4205,48.04977625,48.04977625,48.04977625,48.04977625
t_4206,48.04977625,48.04977625,48.04977625,48.04977625
t_4207,43.21985364,43.21985364,43.21985364,43.21985364
t_4208,41.14875909,41.14875909,41.14875909,41.14875909
t_4209,28.18250606,28.18250606,28.18250606,28.18250606
t_421,54.93799906,54.93799906,54.93799906,54.93799906
t_4210,25.71871548,25.71871548,25.71871548,25.71871548
t_4211,25.71871548,25.71871548,25.71871548,25.71871548
t_4212,25.29101298,25.29101298,25.29101298,25.29101298
t_4213,25.29101298,25.29101298,25.29101298,25.29101298
t_4214,25.71871548,25.71871548,25.71871548,25.71871548
t_4215,25.71871548,25.71871548,25.71871548,25.71871548
t_4216,25.71871548,25.71871548,25.71871548,25.71871548
t_4217,43.21985363,43.21985363,43.21985363,43.21985363
t_4218,53.53448438,53.53448438,53.53448438,53.53448438
t_4219,54.68574307,54.68574307,54.68574307,54.68574307
t_422,54.93799906,54.93799906,54.93799906,54.93799906
t_4220,54.68574307,54.68574307,54.68574307,54.68574307
t_4221,54.68574307,54.68574307,54.68574307,54.68574307
t_4222,54.68574307,54.68574307,54.68574307,54.68574307
t_4223,54.68574307,54.68574307,54.68574307,54.68574307
t_4224,54.68574307,54.68574307,54.68574307,54.68574307
t_4225,54.68574307,54.68574307,54.68574307,54.68574307
t_4226,54.68574307,54.68574307,54.68574307,54.68574307
t_4227,54.68574307,54.68574307,54.68574307,54.68574307
t_4228,54.68574307,54.68574307,54.68574307,54.68574307
t_4229,54.68574307,54.68574307,54.68574307,54.68574307
t_423,54.93799906,54.93799906,54.93799906,54.93799906
t_4230,52.32828715,52.32828715,52.32828715,52.32828715
t_4231,43.21985363,43.21985363,43.21985363,43.21985363
t_4232,19.71625303,19.71625303,19.71625303,19.71625303
t_4233,15.21625303,15.21625303,15.21625303,15.21625303
t_4234,12.96625303,12.96625303,12.96625303,12.96625303
t_4235,12.96625303,12.96625303,12.96625303,12.96625303
t_4236,12.96625303,12.96625303,12.96625303,12.96625303
t_4237,12.96625303,12.96625303,12.96625303,12.96625303
t_4238,12.96625303,12.96625303,12.96625303,12.96625303
t_4239,12.96625303,12.96625303,12.96625303,12.96625303
t_424,57.62472993,57.62472993,57.62472993,57.62472993
t_4240,12.96625303,12.96625303,12.96625303,12.96625303
t_4241,40.75606306,40.75606306,40.75606306,40.75606306
t_4242,51.39226628,51.39226628,51.39226628,51.39226628
t_4243,54.93799906,54.93799906,54.93799906,54.93799906
t_4244,54.93799906,54.93799906,54.93799906,54.93799906
t_4245,54.93799906,54.93799906,54.93799906,54.93799906
t_4246,54.93799906,54.93799906,54.93799906,54.93799906
t_4247,54.93799906,54.93799906,54.93799906,54.93799906
t_4248,54.93799906,54.93799906,54.93799906,54.93799906
t_4249,54.93799906,54.93799906,54.93799906,54.93799906
t_425,61.2142289,61.2142289,61.2142289,61.2142289
t_4250,54.93799906,54.93799906,54.93799906,54.93799906
t_4251,54.93799906,54.93799906,54.93799906,54.93799906
t_4252,54.93799906,54.93799906,54.93799906,54.93799906
t_4253,54.93799906,54.93799906,54.93799906,54.93799906
t_4254,54.93799906,54.93799906,54.93799906,54.93799906
t_4255,43.21985363,43.21985363,43.21985363,43.21985363
t_4256,36.22117793,36.22117793,36.22117793,36.22117793
t_4257,15.21625303,15.21625303,15.21625303,15.21625303
t_4258,12.96625303,12.96625303,12.96625303,12.96625303
t_4259,12.96625303,12.96625303,12.96625303,12.96625303
t_426,61.2142289,61.2142289,61.2142289,61.2142289
t_4260,12.96625303,12.96625303,12.96625303,12.96625303
t_4261,12.96625303,12.96625303,12.96625303,12.96625303
t_4262,12.96625303,12.96625303,12.96625303,12.96625303
t_4263,12.96625303,12.96625303,12.96625303,12.96625303
t_4264,17.46625303,17.46625303,17.46625303,17.46625303
t_4265,43.21985363,43.21985363,43.21985363,43.21985363
t_4266,51.76993606,51.76993606,51.76993606,51.76993606
t_4267,54.93799906,54.93799906,54.93799906,54.93799906
t_4268,54.93824906,54.93824906,54.93824906,54.93824906
t_4269,54.93799906,54.93799906,54.93799906,54.93799906
t_427,61.2142289,61.2142289,61.2142289,61.2142289
t_4270,54.93799906,54.93799906,54.93799906,54.93799906
t_4271,54.93799906,54.93799906,54.93799906,54.93799906
t_4272,54.93799906,54.93799906,54.93799906,54.93799906
t_4273,54.93799906,54.93799906,54.93799906,54.93799906
t_4274,54.93799906,54.93799906,54.93799906,54.93799906
t_4275,54.93799906,54.93799906,54.93799906,54.93799906
t_4276,54.93799906,54.93799906,54.93799906,54.93799906
t_4277,54.93799906,54.93799906,54.93799906,54.93799906
t_4278,54.93799906,54.93799906,54.93799906,54.93799906
t_4279,43.21985363,43.21985363,43.21985363,43.21985363
t_428,67.29766242,67.29766242,67.29766242,67.29766242
t_4280,30.25360061,30.25360061,30.25360061,30.25360061
t_4281,15.21625303,15.21625303,15.21625303,15.21625303
t_4282,15.21625303,15.21625303,15.21625303,15.21625303
t_4283,15.21625303,15.21625303,15.21625303,15.21625303
t_4284,15.21625303,15.21625303,15.21625303,15.21625303
t_4285,15.21625303,15.21625303,15.21625303,15.21625303
t_4286,15.21625303,15.21625303,15.21625303,15.21625303
t_4287,15.21625303,15.21625303,15.21625303,15.21625303
t_4288,22.31758186,22.31758186,22.31758186,22.31758186
t_4289,43.21985363,43.21985363,43.21985363,43.21985363
t_429,67.29766242,67.29766242,67.29766242,67.29766242
t_4290,54.93799906,54.93799906,54.93799906,54.93799906
t_4291,54.93799906,54.93799906,54.93799906,54.93799906
t_4292,54.93799906,54.93799906,54.93799906,54.93799906
t_4293,54.93799906,54.93799906,54.93799906,54.93799906
t_4294,54.93799906,54.93799906,54.93799906,54.93799906
t_4295,54.93799906,54.93799906,54.93799906,54.93799906
t_4296,54.93799906,54.93799906,54.93799906,54.93799906
t_4297,54.93799906,54.93799906,54.93799906,54.93799906
t_4298,54.93799906,54.93799906,54.93799906,54.93799906
t_4299,54.93799906,54.93799906,54.93799906,54.93799906
t_43,60.82637068,60.82637068,60.82637068,60.82637068
t_430,67.24551197,67.24551197,67.24551197,67.24551197
t_4300,54.93799906,54.93799906,54.93799906,54.93799906
t_4301,54.93799906,54.93799906,54.93799906,54.93799906
t_4302,54.93799906,54.93799906,54.93799906,54.93799906
t_4303,48.43354949,48.43354949,48.43354949,48.43354949
t_4304,40.75606306,40.75606306,40.75606306,40.75606306
t_4305,15.21625303,15.21625303,15.21625303,15.21625303
t_4306,15.21625303,15.21625303,15.21625303,15.21625303
t_4307,15.21625303,15.21625303,15.21625303,15.21625303
t_4308,15.21625303,15.21625303,15.21625303,15.21625303
t_4309,15.21625303,15.21625303,15.21625303,15.21625303
t_431,62.89426849,62.89426849,62.89426849,62.89426849
t_4310,15.21625303,15.21625303,15.21625303,15.21625303
t_4311,15.21625303,15.21625303,15.21625303,15.21625303
t_4312,40.75606306,40.75606306,40.75606306,40.75606306
t_4313,48.43354949,48.43354949,48.43354949,48.43354949
t_4314,54.93799906,54.93799906,54.93799906,54.93799906
t_4315,75.92811977,75.92811977,75.92811977,75.92811977
t_4316,75.92811977,75.92811977,75.92811977,75.92811977
t_4317,75.92811977,75.92811977,75.92811977,75.92811977
t_4318,75.92811977,75.92811977,75.92811977,75.92811977
t_4319,75.92836977,75.92836977,75.92836977,75.92836977
t_432,54.93799907,54.93799907,54.93799907,54.93799907
t_4320,75.92836977,75.92836977,75.92836977,75.92836977
t_4321,76.65102138,76.65102138,76.65102138,76.65102138
t_4322,76.65102138,76.65102138,76.65102138,76.65102138
t_4323,76.65102138,76.65102138,76.65102138,76.65102138
t_4324,76.65102138,76.65102138,76.65102138,76.65102138
t_4325,76.65102138,76.65102138,76.65102138,76.65102138
t_4326,76.6502991,76.6502991,76.6502991,76.6502991
t_4327,43.74788141,43.74788141,43.74788141,43.74788141
t_4328,27.24994965,27.24994965,27.24994965,27.24994965
t_4329,15.21625303,15.21625303,15.21625303,15.21625303
t_433,50.11011765,50.11011765,50.11011765,50.11011765
t_4330,15.21625303,15.21625303,15.21625303,15.21625303
t_4331,15.21625303,15.21625303,15.21625303,15.21625303
t_4332,15.21625303,15.21625303,15.21625303,15.21625303
t_4333,15.21625303,15.21625303,15.21625303,15.21625303
t_4334,15.21625303,15.21625303,15.21625303,15.21625303
t_4335,17.46625303,17.46625303,17.46625303,17.46625303
t_4336,27.96871548,27.96871548,27.96871548,27.96871548
t_4337,43.21985363,43.21985363,43.21985363,43.21985363
t_4338,54.51698301,54.51698301,54.51698301,54.51698301
t_4339,74.77940237,74.77940237,74.77940237,74.77940237
t_434,48.09228904,48.09228904,48.09228904,48.09228904
t_4340,74.77940237,74.77940237,74.77940237,74.77940237
t_4341,74.77940237,74.77940237,74.77940237,74.77940237
t_4342,74.77940237,74.77940237,74.77940237,74.77940237
t_4343,74.77940237,74.77940237,74.77940237,74.77940237
t_4344,74.77940237,74.77940237,74.77940237,74.77940237
t_4345,71.73768561,71.73768561,71.73768561,71.73768561
t_4346,65.65425209,65.65425209,65.65425209,65.65425209
t_4347,65.65425209,65.65425209,65.65425209,65.65425209
t_4348,65.65425209,65.65425209,65.65425209,65.65425209
t_4349,55.46602684,55.46602684,55.46602684,55.46602684
t_435,43.25203157,43.25203157,43.25203157,43.25203157
t_4350,48.96157727,48.96157727,48.96157727,48.96157727
t_4351,43.21985363,43.21985363,43.21985363,43.21985363
t_4352,19.71625303,19.71625303,19.71625303,19.71625303
t_4353,15.21625303,15.21625303,15.21625303,15.21625303
t_4354,15.21625303,15.21625303,15.21625303,15.21625303
t_4355,15.21625303,15.21625303,15.21625303,15.21625303
t_4356,15.21625303,15.21625303,15.21625303,15.21625303
t_4357,15.21625303,15.21625303,15.21625303,15.21625303
t_4358,15.21625303,15.21625303,15.21625303,15.21625303
t_4359,15.21625303,15.21625303,15.21625303,15.21625303
t_436,43.21985364,43.21985364,43.21985364,43.21985364
t_4360,43.21985363,43.21985363,43.21985363,43.21985363
t_4361,48.43354949,48.43354949,48.43354949,48.43354949
t_4362,54.93799906,54.93799906,54.93799906,54.93799906
t_4363,78.01730726,78.01730726,78.01730726,78.01730726
t_4364,78.67941017,78.67941017,78.67941017,78.67941017
t_4365,78.67941017,78.67941017,78.67941017,78.67941017
t_4366,79.40231178,79.40231178,79.40231178,79.40231178
t_4367,79.40231178,79.40231178,79.40231178,79.40231178
t_4368,79.40231178,79.40231178,79.40231178,79.40231178
t_4369,79.40231178,79.40231178,79.40231178,79.40231178
t_437,43.21985363,43.21985363,43.21985363,43.21985363
t_4370,79.40231178,79.40231178,79.40231178,79.40231178
t_4371,79.40231178,79.40231178,79.40231178,79.40231178
t_4372,79.40231178,79.40231178,79.40231178,79.40231178
t_4373,79.40231178,79.40231178,79.40231178,79.40231178
t_4374,79.40231178,79.40231178,79.40231178,79.40231178
t_4375,64.8382006,64.8382006,64.8382006,64.8382006
t_4376,53.88969316,53.88969316,53.88969316,53.88969316
t_4377,32.72401004,32.72401004,32.72401004,32.72401004
t_4378,32.72401004,32.72401004,32.72401004,32.72401004
t_4379,32.72401004,32.72401004,32.72401004,32.72401004
t_438,43.21985363,43.21985363,43.21985363,43.21985363
t_4380,32.72401004,32.72401004,32.72401004,32.72401004
t_4381,32.72401004,32.72401004,32.72401004,32.72401004
t_4382,32.72401004,32.72401004,32.72401004,32.72401004
t_4383,34.78349142,34.78349142,34.78349142,34.78349142
t_4384,49.97330258,49.97330258,49.97330258,49.97330258
t_4385,71.31165856,71.31165856,71.31165856,71.31165856
t_4386,77.91544065,77.91544065,77.91544065,77.91544065
t_4387,78.44346843,78.44346843,78.44346843,78.44346843
t_4388,78.63834225,78.63834225,78.63834225,78.63834225
t_4389,78.63834225,78.63834225,78.63834225,78.63834225
t_439,43.25203157,43.25203157,43.25203157,43.25203157
t_4390,78.63834225,78.63834225,78.63834225,78.63834225
t_4391,78.44346843,78.44346843,78.44346843,78.44346843
t_4392,77.07304807,77.07304807,77.07304807,77.07304807
t_4393,69.47661597,69.47661597,69.47661597,69.47661597
t_4394,63.79549001,63.79549001,63.79549001,63.79549001
t_4395,61.54946036,61.54946036,61.54946036,61.54946036
t_4396,56.75724799,56.75724799,56.75724799,56.75724799
t_4397,56.75724799,56.75724799,56.75724799,56.75724799
t_4398,54.93799906,54.93799906,54.93799906,54.93799906
t_4399,43.21985363,43.21985363,43.21985363,43.21985363
t_44,60.82637068,60.82637068,60.82637068,60.82637068
t_440,50.86275956,50.86275956,50.86275956,50.86275956
t_4400,43.21985363,43.21985363,43.21985363,43.21985363
t_4401,28.18250606,28.18250606,28.18250606,28.18250606
t_4402,15.21625304,15.21625304,15.21625304,15.21625304
t_4403,15.21625303,15.21625303,15.21625303,15.21625303
t_4404,15.21625303,15.21625303,15.21625303,15.21625303
t_4405,15.21625303,15.21625303,15.21625303,15.21625303
t_4406,15.21625304,15.21625304,15.21625304,15.21625304
t_4407,15.21625304,15.21625304,15.21625304,15.21625304
t_4408,30.43250606,30.43250606,30.43250606,30.43250606
t_4409,43.21985363,43.21985363,43.21985363,43.21985363
t_441,50.27390937,50.27390937,50.27390937,50.27390937
t_4410,45.03910257,45.03910257,45.03910257,45.03910257
t_4411,50.25279842,50.25279842,50.25279842,50.25279842
t_4412,52.91291849,52.91291849,52.91291849,52.91291849
t_4413,50.97570002,50.97570002,50.97570002,50.97570002
t_4414,50.97570002,50.97570002,50.97570002,50.97570002
t_4415,50.97570002,50.97570002,50.97570002,50.97570002
t_4416,49.15645109,49.15645109,49.15645109,49.15645109
t_4417,49.15645109,49.15645109,49.15645109,49.15645109
t_4418,49.15645109,49.15645109,49.15645109,49.15645109
t_4419,49.15645109,49.15645109,49.15645109,49.15645109
t_442,45.29094818,45.29094818,45.29094818,45.29094818
t_4420,49.15645109,49.15645109,49.15645109,49.15645109
t_4421,49.15645109,49.15645109,49.15645109,49.15645109
t_4422,49.15645109,49.15645109,49.15645109,49.15645109
t_4423,41.28409083,41.28409083,41.28409083,41.28409083
t_4424,28.18250606,28.18250606,28.18250606,28.18250606
t_4425,15.21625303,15.21625303,15.21625303,15.21625303
t_4426,15.21625303,15.21625303,15.21625303,15.21625303
t_4427,15.21625303,15.21625303,15.21625303,15.21625303
t_4428,15.21625303,15.21625303,15.21625303,15.21625303
t_4429,15.21625303,15.21625303,15.21625303,15.21625303
t_443,45.29094818,45.29094818,45.29094818,45.29094818
t_4430,15.21625303,15.21625303,15.21625303,15.21625303
t_4431,15.21625303,15.21625303,15.21625303,15.21625303
t_4432,27.96871548,27.96871548,27.96871548,27.96871548
t_4433,43.21985363,43.21985363,43.21985363,43.21985363
t_4434,43.51033161,43.51033161,43.51033161,43.51033161
t_4435,54.93799906,54.93799906,54.93799906,54.93799906
t_4436,55.46602684,55.46602684,55.46602684,55.46602684
t_4437,55.46602684,55.46602684,55.46602684,55.46602684
t_4438,55.66090067,55.66090067,55.66090067,55.66090067
t_4439,55.66090067,55.66090067,55.66090067,55.66090067
t_444,45.29094818,45.29094818,45.29094818,45.29094818
t_4440,55.66090067,55.66090067,55.66090067,55.66090067
t_4441,55.66090067,55.66090067,55.66090067,55.66090067
t_4442,55.66090067,55.66090067,55.66090067,55.66090067
t_4443,55.66090067,55.66090067,55.66090067,55.66090067
t_4444,55.66090067,55.66090067,55.66090067,55.66090067
t_4445,55.66090067,55.66090067,55.66090067,55.66090067
t_4446,55.66090067,55.66090067,55.66090067,55.66090067
t_4447,49.15645109,49.15645109,49.15645109,49.15645109
t_4448,43.21985363,43.21985363,43.21985363,43.21985363
t_4449,27.96871548,27.96871548,27.96871548,27.96871548
t_445,45.29094818,45.29094818,45.29094818,45.29094818
t_4450,25.71871548,25.71871548,25.71871548,25.71871548
t_4451,25.71871548,25.71871548,25.71871548,25.71871548
t_4452,25.71871548,25.71871548,25.71871548,25.71871548
t_4453,25.71871548,25.71871548,25.71871548,25.71871548
t_4454,25.71871548,25.71871548,25.71871548,25.71871548
t_4455,40.34014069,40.34014069,40.34014069,40.34014069
t_4456,43.21985363,43.21985363,43.21985363,43.21985363
t_4457,48.43354949,48.43354949,48.43354949,48.43354949
t_4458,61.02143258,61.02143258,61.02143258,61.02143258
t_4459,61.02143258,61.02143258,61.02143258,61.02143258
t_446,46.2615704,46.2615704,46.2615704,46.2615704
t_4460,61.54946036,61.54946036,61.54946036,61.54946036
t_4461,61.54946036,61.54946036,61.54946036,61.54946036
t_4462,61.74433419,61.74433419,61.74433419,61.74433419
t_4463,61.74433419,61.74433419,61.74433419,61.74433419
t_4464,61.74433419,61.74433419,61.74433419,61.74433419
t_4465,55.66090067,55.66090067,55.66090067,55.66090067
t_4466,55.66090067,55.66090067,55.66090067,55.66090067
t_4467,55.66090067,55.66090067,55.66090067,55.66090067
t_4468,55.66090067,55.66090067,55.66090067,55.66090067
t_4469,55.66090067,55.66090067,55.66090067,55.66090067
t_447,46.2615704,46.2615704,46.2615704,46.2615704
t_4470,55.66090067,55.66090067,55.66090067,55.66090067
t_4471,49.15645109,49.15645109,49.15645109,49.15645109
t_4472,43.21985363,43.21985363,43.21985363,43.21985363
t_4473,30.43250606,30.43250606,30.43250606,30.43250606
t_4474,30.43250606,30.43250606,30.43250606,30.43250606
t_4475,28.18250606,28.18250606,28.18250606,28.18250606
t_4476,28.18250606,28.18250606,28.18250606,28.18250606
t_4477,28.18250606,28.18250606,28.18250606,28.18250606
t_4478,30.43250606,30.43250606,30.43250606,30.43250606
t_4479,30.43250606,30.43250606,30.43250606,30.43250606
t_448,46.2615704,46.2615704,46.2615704,46.2615704
t_4480,43.21985363,43.21985363,43.21985363,43.21985363
t_4481,43.21985363,43.21985363,43.21985363,43.21985363
t_4482,54.93799906,54.93799906,54.93799906,54.93799906
t_4483,61.54946036,61.54946036,61.54946036,61.54946036
t_4484,61.74433419,61.74433419,61.74433419,61.74433419
t_4485,61.74433419,61.74433419,61.74433419,61.74433419
t_4486,61.74433419,61.74433419,61.74433419,61.74433419
t_4487,61.74433419,61.74433419,61.74433419,61.74433419
t_4488,61.74433419,61.74433419,61.74433419,61.74433419
t_4489,61.74433419,61.74433419,61.74433419,61.74433419
t_449,51.13400581,51.13400581,51.13400581,51.13400581
t_4490,61.74433419,61.74433419,61.74433419,61.74433419
t_4491,57.4801496,57.4801496,57.4801496,57.4801496
t_4492,55.66090067,55.66090067,55.66090067,55.66090067
t_4493,55.66090067,55.66090067,55.66090067,55.66090067
t_4494,49.15645109,49.15645109,49.15645109,49.15645109
t_4495,43.94275524,43.94275524,43.94275524,43.94275524
t_4496,19.71625303,19.71625303,19.71625303,19.71625303
t_4497,15.21625303,15.21625303,15.21625303,15.21625303
t_4498,15.21625303,15.21625303,15.21625303,15.21625303
t_4499,15.21625303,15.21625303,15.21625303,15.21625303
t_45,60.82637068,60.82637068,60.82637068,60.82637068
t_450,51.13400581,51.13400581,51.13400581,51.13400581
t_4500,15.21625303,15.21625303,15.21625303,15.21625303
t_4501,15.21625303,15.21625303,15.21625303,15.21625303
t_4502,15.21625303,15.21625303,15.21625303,15.21625303
t_4503,15.21625303,15.21625303,15.21625303,15.21625303
t_4504,36.22117793,36.22117793,36.22117793,36.22117793
t_4505,43.21985363,43.21985363,43.21985363,43.21985363
t_4506,60.76543528,60.76543528,60.76543528,60.76543528
t_4507,86.29295962,86.29295962,86.29295962,86.29295962
t_4508,89.92352659,89.92352659,89.92352659,89.92352659
t_4509,89.92352659,89.92352659,89.92352659,89.92352659
t_451,51.13400581,51.13400581,51.13400581,51.13400581
t_4510,89.92352659,89.92352659,89.92352659,89.92352659
t_4511,89.92352659,89.92352659,89.92352659,89.92352659
t_4512,89.92352659,89.92352659,89.92352659,89.92352659
t_4513,76.2996082,76.2996082,76.2996082,76.2996082
t_4514,76.2996082,76.2996082,76.2996082,76.2996082
t_4515,76.2996082,76.2996082,76.2996082,76.2996082
t_4516,76.2996082,76.2996082,76.2996082,76.2996082
t_4517,76.2996082,76.2996082,76.2996082,76.2996082
t_4518,64.2929851,64.2929851,64.2929851,64.2929851
t_4519,43.21985364,43.21985364,43.21985364,43.21985364
t_452,51.13400581,51.13400581,51.13400581,51.13400581
t_4520,17.46625303,17.46625303,17.46625303,17.46625303
t_4521,15.21625303,15.21625303,15.21625303,15.21625303
t_4522,15.21625303,15.21625303,15.21625303,15.21625303
t_4523,15.21625303,15.21625303,15.21625303,15.21625303
t_4524,15.21625303,15.21625303,15.21625303,15.21625303
t_4525,15.21625303,15.21625303,15.21625303,15.21625303
t_4526,15.21625303,15.21625303,15.21625303,15.21625303
t_4527,15.21625303,15.21625303,15.21625303,15.21625303
t_4528,19.71625303,19.71625303,19.71625303,19.71625303
t_4529,43.21985363,43.21985363,43.21985363,43.21985363
t_453,51.13400581,51.13400581,51.13400581,51.13400581
t_4530,48.43354949,48.43354949,48.43354949,48.43354949
t_4531,56.75724799,56.75724799,56.75724799,56.75724799
t_4532,56.75724799,56.75724799,56.75724799,56.75724799
t_4533,54.93799906,54.93799906,54.93799906,54.93799906
t_4534,54.93799906,54.93799906,54.93799906,54.93799906
t_4535,54.93799906,54.93799906,54.93799906,54.93799906
t_4536,54.93799906,54.93799906,54.93799906,54.93799906
t_4537,54.93799906,54.93799906,54.93799906,54.93799906
t_4538,54.93799906,54.93799906,54.93799906,54.93799906
t_4539,54.93799906,54.93799906,54.93799906,54.93799906
t_454,51.13400581,51.13400581,51.13400581,51.13400581
t_4540,54.93799906,54.93799906,54.93799906,54.93799906
t_4541,54.93799906,54.93799906,54.93799906,54.93799906
t_4542,54.93799906,54.93799906,54.93799906,54.93799906
t_4543,43.21985363,43.21985363,43.21985363,43.21985363
t_4544,41.14875909,41.14875909,41.14875909,41.14875909
t_4545,15.21625303,15.21625303,15.21625303,15.21625303
t_4546,15.21625303,15.21625303,15.21625303,15.21625303
t_4547,15.21625303,15.21625303,15.21625303,15.21625303
t_4548,15.21625303,15.21625303,15.21625303,15.21625303
t_4549,15.21625303,15.21625303,15.21625303,15.21625303
t_455,51.13400581,51.13400581,51.13400581,51.13400581
t_4550,15.21625303,15.21625303,15.21625303,15.21625303
t_4551,15.21625303,15.21625303,15.21625303,15.21625303
t_4552,36.22117793,36.22117793,36.22117793,36.22117793
t_4553,43.21985363,43.21985363,43.21985363,43.21985363
t_4554,56.75724797,56.75724797,56.75724797,56.75724797
t_4555,56.75724799,56.75724799,56.75724799,56.75724799
t_4556,56.75724799,56.75724799,56.75724799,56.75724799
t_4557,56.75724799,56.75724799,56.75724799,56.75724799
t_4558,56.75749799,56.75749799,56.75749799,56.75749799
t_4559,56.75724799,56.75724799,56.75724799,56.75724799
t_456,51.13400581,51.13400581,51.13400581,51.13400581
t_4560,56.75724799,56.75724799,56.75724799,56.75724799
t_4561,56.75724799,56.75724799,56.75724799,56.75724799
t_4562,56.75724799,56.75724799,56.75724799,56.75724799
t_4563,56.75724799,56.75724799,56.75724799,56.75724799
t_4564,56.75724799,56.75724799,56.75724799,56.75724799
t_4565,56.75724799,56.75724799,56.75724799,56.75724799
t_4566,54.93799906,54.93799906,54.93799906,54.93799906
t_4567,48.43354948,48.43354948,48.43354948,48.43354948
t_4568,38.28065931,38.28065931,38.28065931,38.28065931
t_4569,15.21625303,15.21625303,15.21625303,15.21625303
t_457,44.30922778,44.30922778,44.30922778,44.30922778
t_4570,15.21625303,15.21625303,15.21625303,15.21625303
t_4571,15.21625303,15.21625303,15.21625303,15.21625303
t_4572,15.21625303,15.21625303,15.21625303,15.21625303
t_4573,15.21625303,15.21625303,15.21625303,15.21625303
t_4574,15.21625303,15.21625303,15.21625303,15.21625303
t_4575,15.21625303,15.21625303,15.21625303,15.21625303
t_4576,36.22117793,36.22117793,36.22117793,36.22117793
t_4577,43.21985363,43.21985363,43.21985363,43.21985363
t_4578,55.66090067,55.66090067,55.66090067,55.66090067
t_4579,66.40004659,66.40004659,66.40004659,66.40004659
t_458,44.30922778,44.30922778,44.30922778,44.30922778
t_4580,66.40004659,66.40004659,66.40004659,66.40004659
t_4581,66.40004659,66.40004659,66.40004659,66.40004659
t_4582,66.40004659,66.40004659,66.40004659,66.40004659
t_4583,66.40004659,66.40004659,66.40004659,66.40004659
t_4584,66.40004659,66.40004659,66.40004659,66.40004659
t_4585,66.40004659,66.40004659,66.40004659,66.40004659
t_4586,66.40004659,66.40004659,66.40004659,66.40004659
t_4587,66.40004659,66.40004659,66.40004659,66.40004659
t_4588,66.40004659,66.40004659,66.40004659,66.40004659
t_4589,66.40004659,66.40004659,66.40004659,66.40004659
t_459,41.8454372,41.8454372,41.8454372,41.8454372
t_4590,66.40004659,66.40004659,66.40004659,66.40004659
t_4591,49.72094295,49.72094295,49.72094295,49.72094295
t_4592,43.21985363,43.21985363,43.21985363,43.21985363
t_4593,17.46625303,17.46625303,17.46625303,17.46625303
t_4594,15.21625303,15.21625303,15.21625303,15.21625303
t_4595,15.21625303,15.21625303,15.21625303,15.21625303
t_4596,15.21625303,15.21625303,15.21625303,15.21625303
t_4597,15.21625303,15.21625303,15.21625303,15.21625303
t_4598,15.21625303,15.21625303,15.21625303,15.21625303
t_4599,15.21625303,15.21625303,15.21625303,15.21625303
t_46,60.82637068,60.82637068,60.82637068,60.82637068
t_460,41.8454372,41.8454372,41.8454372,41.8454372
t_4600,43.21985363,43.21985363,43.21985363,43.21985363
t_4601,48.99804134,48.99804134,48.99804134,48.99804134
t_4602,55.68379356,55.68379356,55.68379356,55.68379356
t_4603,67.77081008,67.77081008,67.77081008,67.77081008
t_4604,77.8259121,77.8259121,77.8259121,77.8259121
t_4605,77.8259121,77.8259121,77.8259121,77.8259121
t_4606,76.64821169,76.64821169,76.64821169,76.64821169
t_4607,77.8259121,77.8259121,77.8259121,77.8259121
t_4608,77.8259121,77.8259121,77.8259121,77.8259121
t_4609,77.8259121,77.8259121,77.8259121,77.8259121
t_461,39.85174489,39.85174489,39.85174489,39.85174489
t_4610,77.8259121,77.8259121,77.8259121,77.8259121
t_4611,77.8259121,77.8259121,77.8259121,77.8259121
t_4612,77.8259121,77.8259121,77.8259121,77.8259121
t_4613,77.29174748,77.29174748,77.29174748,77.29174748
t_4614,77.8259121,77.8259121,77.8259121,77.8259121
t_4615,70.60599526,70.60599526,70.60599526,70.60599526
t_4616,43.21985363,43.21985363,43.21985363,43.21985363
t_4617,29.58249614,29.58249614,29.58249614,29.58249614
t_4618,29.58249614,29.58249614,29.58249614,29.58249614
t_4619,27.33249614,27.33249614,27.33249614,27.33249614
t_462,43.16470789,43.16470789,43.16470789,43.16470789
t_4620,27.33249614,27.33249614,27.33249614,27.33249614
t_4621,27.33249614,27.33249614,27.33249614,27.33249614
t_4622,29.58249614,29.58249614,29.58249614,29.58249614
t_4623,40.74444989,40.74444989,40.74444989,40.74444989
t_4624,43.21985364,43.21985364,43.21985364,43.21985364
t_4625,76.34580265,76.34580265,76.34580265,76.34580265
t_4626,84.7538625,84.7538625,84.7538625,84.7538625
t_4627,95.47011553,95.47011553,95.47011553,95.47011553
t_4628,99.10068249,99.10068249,99.10068249,99.10068249
t_4629,99.10068249,99.10068249,99.10068249,99.10068249
t_463,43.16470789,43.16470789,43.16470789,43.16470789
t_4630,99.63484711,99.63484711,99.63484711,99.63484711
t_4631,99.10068249,99.10068249,99.10068249,99.10068249
t_4632,95.47011553,95.47011553,95.47011553,95.47011553
t_4633,85.47676411,85.47676411,85.47676411,85.47676411
t_4634,85.4767641,85.4767641,85.4767641,85.4767641
t_4635,85.4767641,85.4767641,85.4767641,85.4767641
t_4636,85.4767641,85.4767641,85.4767641,85.4767641
t_4637,85.28189028,85.28189028,85.28189028,85.28189028
t_4638,82.98653693,82.98653693,82.98653693,82.98653693
t_4639,75.75180562,75.75180562,75.75180562,75.75180562
t_464,43.16470789,43.16470789,43.16470789,43.16470789
t_4640,50.3902246,50.3902246,50.3902246,50.3902246
t_4641,46.61911021,46.61911021,46.61911021,46.61911021
t_4642,36.7528671,36.7528671,36.7528671,36.7528671
t_4643,36.7528671,36.7528671,36.7528671,36.7528671
t_4644,36.7528671,36.7528671,36.7528671,36.7528671
t_4645,36.7528671,36.7528671,36.7528671,36.7528671
t_4646,36.7528671,36.7528671,36.7528671,36.7528671
t_4647,48.31913005,48.31913005,48.31913005,48.31913005
t_4648,52.46131914,52.46131914,52.46131914,52.46131914
t_4649,80.44204138,80.44204138,80.44204138,80.44204138
t_465,38.32445042,38.32445042,38.32445042,38.32445042
t_4650,86.40274071,86.40274071,86.40274071,86.40274071
t_4651,86.40274071,86.40274071,86.40274071,86.40274071
t_4652,86.40274071,86.40274071,86.40274071,86.40274071
t_4653,86.40274071,86.40274071,86.40274071,86.40274071
t_4654,86.93076849,86.93076849,86.93076849,86.93076849
t_4655,86.40274071,86.40274071,86.40274071,86.40274071
t_4656,86.40274071,86.40274071,86.40274071,86.40274071
t_4657,86.06037776,86.06037776,86.06037776,86.06037776
t_4658,85.52724325,85.52724325,85.52724325,85.52724325
t_4659,85.52724324,85.52724324,85.52724324,85.52724324
t_466,38.32445042,38.32445042,38.32445042,38.32445042
t_4660,84.7538625,84.7538625,84.7538625,84.7538625
t_4661,84.7538625,84.7538625,84.7538625,84.7538625
t_4662,77.83530519,77.83530519,77.83530519,77.83530519
t_4663,54.51698301,54.51698301,54.51698301,54.51698301
t_4664,41.14875909,41.14875909,41.14875909,41.14875909
t_4665,17.46625303,17.46625303,17.46625303,17.46625303
t_4666,17.46625303,17.46625303,17.46625303,17.46625303
t_4667,17.46625303,17.46625303,17.46625303,17.46625303
t_4668,17.46625303,17.46625303,17.46625303,17.46625303
t_4669,17.46625303,17.46625303,17.46625303,17.46625303
t_467,38.29227248,38.29227248,38.29227248,38.29227248
t_4670,17.46625303,17.46625303,17.46625303,17.46625303
t_4671,40.34014069,40.34014069,40.34014069,40.34014069
t_4672,43.21985364,43.21985364,43.21985364,43.21985364
t_4673,63.00313028,63.00313028,63.00313028,63.00313028
t_4674,77.83530519,77.83530519,77.83530519,77.83530519
t_4675,77.83530519,77.83530519,77.83530519,77.83530519
t_4676,77.83530519,77.83530519,77.83530519,77.83530519
t_4677,77.83530519,77.83530519,77.83530519,77.83530519
t_4678,77.83530519,77.83530519,77.83530519,77.83530519
t_4679,77.83530519,77.83530519,77.83530519,77.83530519
t_468,38.29227248,38.29227248,38.29227248,38.29227248
t_4680,77.83530519,77.83530519,77.83530519,77.83530519
t_4681,77.83530519,77.83530519,77.83530519,77.83530519
t_4682,77.83530519,77.83530519,77.83530519,77.83530519
t_4683,77.83530519,77.83530519,77.83530519,77.83530519
t_4684,77.83530519,77.83530519,77.83530519,77.83530519
t_4685,76.20888443,76.20888443,76.20888443,76.20888443
t_4686,60.15868009,60.15868009,60.15868009,60.15868009
t_4687,43.21985363,43.21985363,43.21985363,43.21985363
t_4688,40.34014069,40.34014069,40.34014069,40.34014069
t_4689,17.46625304,17.46625304,17.46625304,17.46625304
t_469,38.29227248,38.29227248,38.29227248,38.29227248
t_4690,17.46625304,17.46625304,17.46625304,17.46625304
t_4691,17.46625304,17.46625304,17.46625304,17.46625304
t_4692,17.46625304,17.46625304,17.46625304,17.46625304
t_4693,17.46625304,17.46625304,17.46625304,17.46625304
t_4694,17.46625304,17.46625304,17.46625304,17.46625304
t_4695,17.46625304,17.46625304,17.46625304,17.46625304
t_4696,40.74444989,40.74444989,40.74444989,40.74444989
t_4697,43.21985363,43.21985363,43.21985363,43.21985363
t_4698,58.62528935,58.62528935,58.62528935,58.62528935
t_4699,71.30476375,71.30476375,71.30476375,71.30476375
t_47,60.82662068,60.82662068,60.82662068,60.82662068
t_470,38.32445042,38.32445042,38.32445042,38.32445042
t_4700,71.30476375,71.30476375,71.30476375,71.30476375
t_4701,71.30476375,71.30476375,71.30476375,71.30476375
t_4702,71.30476375,71.30476375,71.30476375,71.30476375
t_4703,71.30476375,71.30476375,71.30476375,71.30476375
t_4704,71.30476375,71.30476375,71.30476375,71.30476375
t_4705,71.30476375,71.30476375,71.30476375,71.30476375
t_4706,71.30476375,71.30476375,71.30476375,71.30476375
t_4707,71.30476375,71.30476375,71.30476375,71.30476375
t_4708,71.30476375,71.30476375,71.30476375,71.30476375
t_4709,71.30476375,71.30476375,71.30476375,71.30476375
t_471,43.25203157,43.25203157,43.25203157,43.25203157
t_4710,71.30476375,71.30476375,71.30476375,71.30476375
t_4711,63.90172223,63.90172223,63.90172223,63.90172223
t_4712,51.40323598,51.40323598,51.40323598,51.40323598
t_4713,39.44873925,39.44873925,39.44873925,39.44873925
t_4714,29.58249614,29.58249614,29.58249614,29.58249614
t_4715,29.58249614,29.58249614,29.58249614,29.58249614
t_4716,27.33249614,27.33249614,27.33249614,27.33249614
t_4717,27.33249614,27.33249614,27.33249614,27.33249614
t_4718,29.58249614,29.58249614,29.58249614,29.58249614
t_4719,29.58249614,29.58249614,29.58249614,29.58249614
t_472,54.93799906,54.93799906,54.93799906,54.93799906
t_4720,41.14875909,41.14875909,41.14875909,41.14875909
t_4721,43.21985364,43.21985364,43.21985364,43.21985364
t_4722,62.73329761,62.73329761,62.73329761,62.73329761
t_4723,62.73329761,62.73329761,62.73329761,62.73329761
t_4724,63.45619922,63.45619922,63.45619922,63.45619922
t_4725,63.45619922,63.45619922,63.45619922,63.45619922
t_4726,62.86734901,62.86734901,62.86734901,62.86734901
t_4727,63.45619922,63.45619922,63.45619922,63.45619922
t_4728,63.45619922,63.45619922,63.45619922,63.45619922
t_4729,63.45619922,63.45619922,63.45619922,63.45619922
t_473,54.93799906,54.93799906,54.93799906,54.93799906
t_4730,63.45619922,63.45619922,63.45619922,63.45619922
t_4731,63.45619922,63.45619922,63.45619922,63.45619922
t_4732,63.45619922,63.45619922,63.45619922,63.45619922
t_4733,63.45619922,63.45619922,63.45619922,63.45619922
t_4734,62.92203459,62.92203459,62.92203459,62.92203459
t_4735,55.04501079,55.04501079,55.04501079,55.04501079
t_4736,43.21985363,43.21985363,43.21985363,43.21985363
t_4737,41.14875909,41.14875909,41.14875909,41.14875909
t_4738,37.46565853,37.46565853,37.46565853,37.46565853
t_4739,37.46565853,37.46565853,37.46565853,37.46565853
t_474,54.93799906,54.93799906,54.93799906,54.93799906
t_4740,30.43250606,30.43250606,30.43250606,30.43250606
t_4741,30.43250606,30.43250606,30.43250606,30.43250606
t_4742,37.46565853,37.46565853,37.46565853,37.46565853
t_4743,37.46565853,37.46565853,37.46565853,37.46565853
t_4744,43.21985363,43.21985363,43.21985363,43.21985363
t_4745,54.51698301,54.51698301,54.51698301,54.51698301
t_4746,63.26746223,63.26746223,63.26746223,63.26746223
t_4747,63.99036384,63.99036384,63.99036384,63.99036384
t_4748,63.99036384,63.99036384,63.99036384,63.99036384
t_4749,63.99036384,63.99036384,63.99036384,63.99036384
t_475,54.93799906,54.93799906,54.93799906,54.93799906
t_4750,63.99036384,63.99036384,63.99036384,63.99036384
t_4751,63.79549001,63.79549001,63.79549001,63.79549001
t_4752,63.26746223,63.26746223,63.26746223,63.26746223
t_4753,61.02143258,61.02143258,61.02143258,61.02143258
t_4754,61.02143258,61.02143258,61.02143258,61.02143258
t_4755,61.02143258,61.02143258,61.02143258,61.02143258
t_4756,61.02143258,61.02143258,61.02143258,61.02143258
t_4757,61.02143258,61.02143258,61.02143258,61.02143258
t_4758,54.93799906,54.93799906,54.93799906,54.93799906
t_4759,48.43354949,48.43354949,48.43354949,48.43354949
t_476,54.93799906,54.93799906,54.93799906,54.93799906
t_4760,43.21985363,43.21985363,43.21985363,43.21985363
t_4761,39.44873925,39.44873925,39.44873925,39.44873925
t_4762,19.71625303,19.71625303,19.71625303,19.71625303
t_4763,19.71625303,19.71625303,19.71625303,19.71625303
t_4764,19.71625303,19.71625303,19.71625303,19.71625303
t_4765,19.71625303,19.71625303,19.71625303,19.71625303
t_4766,19.71625303,19.71625303,19.71625303,19.71625303
t_4767,19.71625303,19.71625303,19.71625303,19.71625303
t_4768,41.14875909,41.14875909,41.14875909,41.14875909
t_4769,43.21985363,43.21985363,43.21985363,43.21985363
t_477,54.93799906,54.93799906,54.93799906,54.93799906
t_4770,54.93799906,54.93799906,54.93799906,54.93799906
t_4771,54.93799907,54.93799907,54.93799907,54.93799907
t_4772,61.02143258,61.02143258,61.02143258,61.02143258
t_4773,54.93799906,54.93799906,54.93799906,54.93799906
t_4774,55.46602684,55.46602684,55.46602684,55.46602684
t_4775,55.46602684,55.46602684,55.46602684,55.46602684
t_4776,55.46602684,55.46602684,55.46602684,55.46602684
t_4777,55.66090067,55.66090067,55.66090067,55.66090067
t_4778,55.66090067,55.66090067,55.66090067,55.66090067
t_4779,55.66090067,55.66090067,55.66090067,55.66090067
t_478,54.93799906,54.93799906,54.93799906,54.93799906
t_4780,55.33531364,55.33531364,55.33531364,55.33531364
t_4781,53.57173053,53.57173053,53.57173053,53.57173053
t_4782,43.94275524,43.94275524,43.94275524,43.94275524
t_4783,43.94275524,43.94275524,43.94275524,43.94275524
t_4784,29.58249614,29.58249614,29.58249614,29.58249614
t_4785,15.21625303,15.21625303,15.21625303,15.21625303
t_4786,15.21625303,15.21625303,15.21625303,15.21625303
t_4787,15.21625303,15.21625303,15.21625303,15.21625303
t_4788,15.21625303,15.21625303,15.21625303,15.21625303
t_4789,15.21625303,15.21625303,15.21625303,15.21625303
t_479,54.93799906,54.93799906,54.93799906,54.93799906
t_4790,15.21625303,15.21625303,15.21625303,15.21625303
t_4791,15.21625303,15.21625303,15.21625303,15.21625303
t_4792,15.21625303,15.21625303,15.21625303,15.21625303
t_4793,39.44873925,39.44873925,39.44873925,39.44873925
t_4794,43.21985364,43.21985364,43.21985364,43.21985364
t_4795,64.03187916,64.03187916,64.03187916,64.03187916
t_4796,64.03187916,64.03187916,64.03187916,64.03187916
t_4797,64.03187916,64.03187916,64.03187916,64.03187916
t_4798,64.03187916,64.03187916,64.03187916,64.03187916
t_4799,64.03187916,64.03187916,64.03187916,64.03187916
t_48,60.82662068,60.82662068,60.82662068,60.82662068
t_480,54.93799906,54.93799906,54.93799906,54.93799906
t_4800,64.03187916,64.03187916,64.03187916,64.03187916
t_4801,64.03187916,64.03187916,64.03187916,64.03187916
t_4802,64.03187916,64.03187916,64.03187916,64.03187916
t_4803,64.03187916,64.03187916,64.03187916,64.03187916
t_4804,64.03187916,64.03187916,64.03187916,64.03187916
t_4805,64.03187916,64.03187916,64.03187916,64.03187916
t_4806,64.03187916,64.03187916,64.03187916,64.03187916
t_4807,53.93610666,53.93610666,53.93610666,53.93610666
t_4808,29.60406135,29.60406135,29.60406135,29.60406135
t_4809,27.33249614,27.33249614,27.33249614,27.33249614
t_481,54.93799906,54.93799906,54.93799906,54.93799906
t_4810,27.33249614,27.33249614,27.33249614,27.33249614
t_4811,27.33249614,27.33249614,27.33249614,27.33249614
t_4812,27.33249614,27.33249614,27.33249614,27.33249614
t_4813,27.33249614,27.33249614,27.33249614,27.33249614
t_4814,27.33249614,27.33249614,27.33249614,27.33249614
t_4815,27.33249614,27.33249614,27.33249614,27.33249614
t_4816,28.18250606,28.18250606,28.18250606,28.18250606
t_4817,41.14875909,41.14875909,41.14875909,41.14875909
t_4818,76.81739213,76.81739213,76.81739213,76.81739213
t_4819,105.5604966,105.5604966,105.5604966,105.5604966
t_482,54.93799906,54.93799906,54.93799906,54.93799906
t_4820,105.5604966,105.5604966,105.5604966,105.5604966
t_4821,105.5604966,105.5604966,105.5604966,105.5604966
t_4822,105.5604966,105.5604966,105.5604966,105.5604966
t_4823,105.5604966,105.5604966,105.5604966,105.5604966
t_4824,105.5604966,105.5604966,105.5604966,105.5604966
t_4825,95.4676061,95.4676061,95.4676061,95.4676061
t_4826,95.4676061,95.4676061,95.4676061,95.4676061
t_4827,95.406469,95.406469,95.406469,95.406469
t_4828,95.37533591,95.37533591,95.37533591,95.37533591
t_4829,92.2114021,92.2114021,92.2114021,92.2114021
t_483,54.93799906,54.93799906,54.93799906,54.93799906
t_4830,76.48017047,76.48017047,76.48017047,76.48017047
t_4831,43.94275524,43.94275524,43.94275524,43.94275524
t_4832,39.44873925,39.44873925,39.44873925,39.44873925
t_4833,15.21625303,15.21625303,15.21625303,15.21625303
t_4834,15.21625303,15.21625303,15.21625303,15.21625303
t_4835,15.21625303,15.21625303,15.21625303,15.21625303
t_4836,15.21625303,15.21625303,15.21625303,15.21625303
t_4837,15.21625303,15.21625303,15.21625303,15.21625303
t_4838,15.21625303,15.21625303,15.21625303,15.21625303
t_4839,15.21625303,15.21625303,15.21625303,15.21625303
t_484,54.93799906,54.93799906,54.93799906,54.93799906
t_4840,39.44873925,39.44873925,39.44873925,39.44873925
t_4841,43.21985363,43.21985363,43.21985363,43.21985363
t_4842,61.02143258,61.02143258,61.02143258,61.02143258
t_4843,61.02143258,61.02143258,61.02143258,61.02143258
t_4844,61.02143258,61.02143258,61.02143258,61.02143258
t_4845,61.02143258,61.02143258,61.02143258,61.02143258
t_4846,61.02143258,61.02143258,61.02143258,61.02143258
t_4847,61.02143258,61.02143258,61.02143258,61.02143258
t_4848,61.02143258,61.02143258,61.02143258,61.02143258
t_4849,54.93799906,54.93799906,54.93799906,54.93799906
t_485,54.87252641,54.87252641,54.87252641,54.87252641
t_4850,54.93799906,54.93799906,54.93799906,54.93799906
t_4851,54.93799906,54.93799906,54.93799906,54.93799906
t_4852,54.93799906,54.93799906,54.93799906,54.93799906
t_4853,54.93799906,54.93799906,54.93799906,54.93799906
t_4854,54.93799906,54.93799906,54.93799906,54.93799906
t_4855,43.21985363,43.21985363,43.21985363,43.21985363
t_4856,39.44873925,39.44873925,39.44873925,39.44873925
t_4857,15.21625303,15.21625303,15.21625303,15.21625303
t_4858,15.21625303,15.21625303,15.21625303,15.21625303
t_4859,15.21625303,15.21625303,15.21625303,15.21625303
t_486,54.44085665,54.44085665,54.44085665,54.44085665
t_4860,15.21625303,15.21625303,15.21625303,15.21625303
t_4861,15.21625303,15.21625303,15.21625303,15.21625303
t_4862,15.21625303,15.21625303,15.21625303,15.21625303
t_4863,15.21625303,15.21625303,15.21625303,15.21625303
t_4864,39.44873925,39.44873925,39.44873925,39.44873925
t_4865,43.21985363,43.21985363,43.21985363,43.21985363
t_4866,54.93799906,54.93799906,54.93799906,54.93799906
t_4867,55.68379356,55.68379356,55.68379356,55.68379356
t_4868,55.68379356,55.68379356,55.68379356,55.68379356
t_4869,55.68379356,55.68379356,55.68379356,55.68379356
t_487,54.93824906,54.93824906,54.93824906,54.93824906
t_4870,55.68379356,55.68379356,55.68379356,55.68379356
t_4871,56.21182134,56.21182134,56.21182134,56.21182134
t_4872,56.21182134,56.21182134,56.21182134,56.21182134
t_4873,56.21182134,56.21182134,56.21182134,56.21182134
t_4874,56.21182134,56.21182134,56.21182134,56.21182134
t_4875,56.21232134,56.21232134,56.21232134,56.21232134
t_4876,56.21232134,56.21232134,56.21232134,56.21232134
t_4877,56.21232134,56.21232134,56.21232134,56.21232134
t_4878,56.21232134,56.21232134,56.21232134,56.21232134
t_4879,55.46602684,55.46602684,55.46602684,55.46602684
t_488,54.93824906,54.93824906,54.93824906,54.93824906
t_4880,43.21985363,43.21985363,43.21985363,43.21985363
t_4881,38.28086181,38.28086181,38.28086181,38.28086181
t_4882,36.22158294,36.22158294,36.22158294,36.22158294
t_4883,36.22158294,36.22158294,36.22158294,36.22158294
t_4884,36.22158294,36.22158294,36.22158294,36.22158294
t_4885,36.22158294,36.22158294,36.22158294,36.22158294
t_4886,36.22158294,36.22158294,36.22158294,36.22158294
t_4887,36.22158294,36.22158294,36.22158294,36.22158294
t_4888,42.36984371,42.36984371,42.36984371,42.36984371
t_4889,48.99804134,48.99804134,48.99804134,48.99804134
t_489,50.11011765,50.11011765,50.11011765,50.11011765
t_4890,55.68379356,55.68379356,55.68379356,55.68379356
t_4891,62.49012868,62.49012868,62.49012868,62.49012868
t_4892,62.49012869,62.49012869,62.49012869,62.49012869
t_4893,62.49012869,62.49012869,62.49012869,62.49012869
t_4894,62.49012869,62.49012869,62.49012869,62.49012869
t_4895,62.49012869,62.49012869,62.49012869,62.49012869
t_4896,62.49012868,62.49012868,62.49012868,62.49012868
t_4897,56.40669517,56.40669517,56.40669517,56.40669517
t_4898,56.40669517,56.40669517,56.40669517,56.40669517
t_4899,56.40669517,56.40669517,56.40669517,56.40669517
t_49,64.45693763,64.45693763,64.45693763,64.45693763
t_490,48.43354949,48.43354949,48.43354949,48.43354949
t_4900,56.40669517,56.40669517,56.40669517,56.40669517
t_4901,62.49012868,62.49012868,62.49012868,62.49012868
t_4902,61.74433419,61.74433419,61.74433419,61.74433419
t_4903,54.70639306,54.70639306,54.70639306,54.70639306
t_4904,42.36984371,42.36984371,42.36984371,42.36984371
t_4905,36.75469387,36.75469387,36.75469387,36.75469387
t_4906,33.16924705,33.16924705,33.16924705,33.16924705
t_4907,26.44275004,26.44275004,26.44275004,26.44275004
t_4908,26.44275004,26.44275004,26.44275004,26.44275004
t_4909,26.44275004,26.44275004,26.44275004,26.44275004
t_491,48.43354949,48.43354949,48.43354949,48.43354949
t_4910,33.16924705,33.16924705,33.16924705,33.16924705
t_4911,33.16924705,33.16924705,33.16924705,33.16924705
t_4912,43.21985363,43.21985363,43.21985363,43.21985363
t_4913,51.69063021,51.69063021,51.69063021,51.69063021
t_4914,78.2582196,78.2582196,78.2582196,78.2582196
t_4915,78.78624738,78.78624738,78.78624738,78.78624738
t_4916,78.2582196,78.2582196,78.2582196,78.2582196
t_4917,78.2582196,78.2582196,78.2582196,78.2582196
t_4918,78.2582196,78.2582196,78.2582196,78.2582196
t_4919,78.2582196,78.2582196,78.2582196,78.2582196
t_492,48.43354949,48.43354949,48.43354949,48.43354949
t_4920,78.2582196,78.2582196,78.2582196,78.2582196
t_4921,78.2582196,78.2582196,78.2582196,78.2582196
t_4922,78.2582196,78.2582196,78.2582196,78.2582196
t_4923,78.2582196,78.2582196,78.2582196,78.2582196
t_4924,78.2582196,78.2582196,78.2582196,78.2582196
t_4925,78.2582196,78.2582196,78.2582196,78.2582196
t_4926,77.5124251,77.5124251,77.5124251,77.5124251
t_4927,60.07378385,60.07378385,60.07378385,60.07378385
t_4928,43.21985363,43.21985363,43.21985363,43.21985363
t_4929,41.14875909,41.14875909,41.14875909,41.14875909
t_493,44.77932605,44.77932605,44.77932605,44.77932605
t_4930,40.34014069,40.34014069,40.34014069,40.34014069
t_4931,25.52819686,25.52819686,25.52819686,25.52819686
t_4932,25.52819686,25.52819686,25.52819686,25.52819686
t_4933,25.52819686,25.52819686,25.52819686,25.52819686
t_4934,38.09014069,38.09014069,38.09014069,38.09014069
t_4935,38.09014069,38.09014069,38.09014069,38.09014069
t_4936,43.21985363,43.21985363,43.21985363,43.21985363
t_4937,62.41448688,62.41448688,62.41448688,62.41448688
t_4938,78.25459488,78.25459488,78.25459488,78.25459488
t_4939,78.25459488,78.25459488,78.25459488,78.25459488
t_494,48.43354949,48.43354949,48.43354949,48.43354949
t_4940,78.25459488,78.25459488,78.25459488,78.25459488
t_4941,78.25459488,78.25459488,78.25459488,78.25459488
t_4942,78.25459488,78.25459488,78.25459488,78.25459488
t_4943,78.25459488,78.25459488,78.25459488,78.25459488
t_4944,78.25459488,78.25459488,78.25459488,78.25459488
t_4945,78.07532324,78.07532324,78.07532324,78.07532324
t_4946,78.07532324,78.07532324,78.07532324,78.07532324
t_4947,78.07532324,78.07532324,78.07532324,78.07532324
t_4948,78.07532324,78.07532324,78.07532324,78.07532324
t_4949,78.07532324,78.07532324,78.07532324,78.07532324
t_495,48.43379949,48.43379949,48.43379949,48.43379949
t_4950,64.67227716,64.67227716,64.67227716,64.67227716
t_4951,54.93799906,54.93799906,54.93799906,54.93799906
t_4952,43.21985363,43.21985363,43.21985363,43.21985363
t_4953,30.02819686,30.02819686,30.02819686,30.02819686
t_4954,19.71625303,19.71625303,19.71625303,19.71625303
t_4955,19.71625303,19.71625303,19.71625303,19.71625303
t_4956,19.71625303,19.71625303,19.71625303,19.71625303
t_4957,19.71625303,19.71625303,19.71625303,19.71625303
t_4958,19.71625303,19.71625303,19.71625303,19.71625303
t_4959,19.71625303,19.71625303,19.71625303,19.71625303
t_496,48.43379949,48.43379949,48.43379949,48.43379949
t_4960,43.21985363,43.21985363,43.21985363,43.21985363
t_4961,49.69888067,49.69888067,49.69888067,49.69888067
t_4962,56.6097274,56.6097274,56.6097274,56.6097274
t_4963,56.6097274,56.6097274,56.6097274,56.6097274
t_4964,57.33262901,57.33262901,57.33262901,57.33262901
t_4965,57.33262901,57.33262901,57.33262901,57.33262901
t_4966,57.33262901,57.33262901,57.33262901,57.33262901
t_4967,57.13775518,57.13775518,57.13775518,57.13775518
t_4968,56.6097274,56.6097274,56.6097274,56.6097274
t_4969,56.6097274,56.6097274,56.6097274,56.6097274
t_497,54.93824906,54.93824906,54.93824906,54.93824906
t_4970,56.6097274,56.6097274,56.6097274,56.6097274
t_4971,56.6097274,56.6097274,56.6097274,56.6097274
t_4972,56.6097274,56.6097274,56.6097274,56.6097274
t_4973,56.6097274,56.6097274,56.6097274,56.6097274
t_4974,55.91588561,55.91588561,55.91588561,55.91588561
t_4975,54.93799906,54.93799906,54.93799906,54.93799906
t_4976,43.21985363,43.21985363,43.21985363,43.21985363
t_4977,19.71625303,19.71625303,19.71625303,19.71625303
t_4978,19.71625303,19.71625303,19.71625303,19.71625303
t_4979,15.21625303,15.21625303,15.21625303,15.21625303
t_498,54.93824906,54.93824906,54.93824906,54.93824906
t_4980,15.21625303,15.21625303,15.21625303,15.21625303
t_4981,15.21625303,15.21625303,15.21625303,15.21625303
t_4982,19.71625303,19.71625303,19.71625303,19.71625303
t_4983,30.43250606,30.43250606,30.43250606,30.43250606
t_4984,43.21985363,43.21985363,43.21985363,43.21985363
t_4985,73.16154803,73.16154803,73.16154803,73.16154803
t_4986,81.8350509,81.8350509,81.8350509,81.8350509
t_4987,81.8350509,81.8350509,81.8350509,81.8350509
t_4988,81.8350509,81.8350509,81.8350509,81.8350509
t_4989,81.8350509,81.8350509,81.8350509,81.8350509
t_499,54.93824906,54.93824906,54.93824906,54.93824906
t_4990,81.8350509,81.8350509,81.8350509,81.8350509
t_4991,81.8350509,81.8350509,81.8350509,81.8350509
t_4992,81.8350509,81.8350509,81.8350509,81.8350509
t_4993,82.3294643,82.3294643,82.3294643,82.3294643
t_4994,82.32448545,82.32448545,82.32448545,82.32448545
t_4995,82.36307868,82.36307868,82.36307868,82.36307868
t_4996,82.36307868,82.36307868,82.36307868,82.36307868
t_4997,82.36307868,82.36307868,82.36307868,82.36307868
t_4998,81.32895593,81.32895593,81.32895593,81.32895593
t_4999,70.78140213,70.78140213,70.78140213,70.78140213
t_5,41.14875909,41.14875909,41.14875909,41.14875909
t_50,64.45693763,64.45693763,64.45693763,64.45693763
t_500,54.93824906,54.93824906,54.93824906,54.93824906
t_5000,61.62367048,61.62367048,61.62367048,61.62367048
t_5001,43.90682499,43.90682499,43.90682499,43.90682499
t_5002,41.65682499,41.65682499,41.65682499,41.65682499
t_5003,41.65682499,41.65682499,41.65682499,41.65682499
t_5004,41.65682499,41.65682499,41.65682499,41.65682499
t_5005,41.65682499,41.65682499,41.65682499,41.65682499
t_5006,41.65682499,41.65682499,41.65682499,41.65682499
t_5007,41.65682499,41.65682499,41.65682499,41.65682499
t_5008,43.90682499,43.90682499,43.90682499,43.90682499
t_5009,64.26923276,64.26923276,64.26923276,64.26923276
t_501,54.93824906,54.93824906,54.93824906,54.93824906
t_5010,81.04554817,81.04554817,81.04554817,81.04554817
t_5011,81.57357595,81.57357595,81.57357595,81.57357595
t_5012,95.39236817,95.39236817,95.39236817,95.39236817
t_5013,95.39236817,95.39236817,95.39236817,95.39236817
t_5014,95.39236817,95.39236817,95.39236817,95.39236817
t_5015,95.39236817,95.39236817,95.39236817,95.39236817
t_5016,95.39236817,95.39236817,95.39236817,95.39236817
t_5017,95.39236817,95.39236817,95.39236817,95.39236817
t_5018,95.39236817,95.39236817,95.39236817,95.39236817
t_5019,95.39236817,95.39236817,95.39236817,95.39236817
t_502,54.93824906,54.93824906,54.93824906,54.93824906
t_5020,95.39236817,95.39236817,95.39236817,95.39236817
t_5021,95.39236817,95.39236817,95.39236817,95.39236817
t_5022,95.10706655,95.10706655,95.10706655,95.10706655
t_5023,84.00399463,84.00399463,84.00399463,84.00399463
t_5024,49.45567977,49.45567977,49.45567977,49.45567977
t_5025,30.43250606,30.43250606,30.43250606,30.43250606
t_5026,30.43250606,30.43250606,30.43250606,30.43250606
t_5027,28.18250606,28.18250606,28.18250606,28.18250606
t_5028,28.18250606,28.18250606,28.18250606,28.18250606
t_5029,28.18250606,28.18250606,28.18250606,28.18250606
t_503,54.93799907,54.93799907,54.93799907,54.93799907
t_5030,30.43250606,30.43250606,30.43250606,30.43250606
t_5031,30.43250606,30.43250606,30.43250606,30.43250606
t_5032,41.14875909,41.14875909,41.14875909,41.14875909
t_5033,52.51993902,52.51993902,52.51993902,52.51993902
t_5034,81.10481614,81.10481614,81.10481614,81.10481614
t_5035,95.92388531,95.92388531,95.92388531,95.92388531
t_5036,104.3973501,104.3973501,104.3973501,104.3973501
t_5037,104.3973501,104.3973501,104.3973501,104.3973501
t_5038,104.3973501,104.3973501,104.3973501,104.3973501
t_5039,104.3973501,104.3973501,104.3973501,104.3973501
t_504,54.93799906,54.93799906,54.93799906,54.93799906
t_5040,104.3973501,104.3973501,104.3973501,104.3973501
t_5041,104.3973501,104.3973501,104.3973501,104.3973501
t_5042,104.3973501,104.3973501,104.3973501,104.3973501
t_5043,104.3973501,104.3973501,104.3973501,104.3973501
t_5044,104.3973501,104.3973501,104.3973501,104.3973501
t_5045,95.92388531,95.92388531,95.92388531,95.92388531
t_5046,95.92388531,95.92388531,95.92388531,95.92388531
t_5047,70.97627596,70.97627596,70.97627596,70.97627596
t_5048,47.38458522,47.38458522,47.38458522,47.38458522
t_5049,41.14875909,41.14875909,41.14875909,41.14875909
t_505,54.93799906,54.93799906,54.93799906,54.93799906
t_5050,40.74444989,40.74444989,40.74444989,40.74444989
t_5051,40.74444989,40.74444989,40.74444989,40.74444989
t_5052,30.43250606,30.43250606,30.43250606,30.43250606
t_5053,30.43250606,30.43250606,30.43250606,30.43250606
t_5054,30.43250606,30.43250606,30.43250606,30.43250606
t_5055,40.74444989,40.74444989,40.74444989,40.74444989
t_5056,43.21985363,43.21985363,43.21985363,43.21985363
t_5057,55.69468342,55.69468342,55.69468342,55.69468342
t_5058,63.26746223,63.26746223,63.26746223,63.26746223
t_5059,78.14844685,78.14844685,78.14844685,78.14844685
t_506,50.01041791,50.01041791,50.01041791,50.01041791
t_5060,78.14844685,78.14844685,78.14844685,78.14844685
t_5061,78.14844685,78.14844685,78.14844685,78.14844685
t_5062,78.14844685,78.14844685,78.14844685,78.14844685
t_5063,78.14844685,78.14844685,78.14844685,78.14844685
t_5064,78.14844685,78.14844685,78.14844685,78.14844685
t_5065,78.14844685,78.14844685,78.14844685,78.14844685
t_5066,78.14844685,78.14844685,78.14844685,78.14844685
t_5067,78.14844685,78.14844685,78.14844685,78.14844685
t_5068,78.14844685,78.14844685,78.14844685,78.14844685
t_5069,74.46068393,74.46068393,74.46068393,74.46068393
t_507,47.66177309,47.66177309,47.66177309,47.66177309
t_5070,77.61428223,77.61428223,77.61428223,77.61428223
t_5071,55.23988461,55.23988461,55.23988461,55.23988461
t_5072,43.21985363,43.21985363,43.21985363,43.21985363
t_5073,40.74444989,40.74444989,40.74444989,40.74444989
t_5074,30.43250606,30.43250606,30.43250606,30.43250606
t_5075,30.43250606,30.43250606,30.43250606,30.43250606
t_5076,30.43250606,30.43250606,30.43250606,30.43250606
t_5077,30.43250606,30.43250606,30.43250606,30.43250606
t_5078,30.43250606,30.43250606,30.43250606,30.43250606
t_5079,40.74444989,40.74444989,40.74444989,40.74444989
t_508,45.1825365,45.1825365,45.1825365,45.1825365
t_5080,43.21985363,43.21985363,43.21985363,43.21985363
t_5081,48.43354949,48.43354949,48.43354949,48.43354949
t_5082,62.07051718,62.07051718,62.07051718,62.07051718
t_5083,75.8893094,75.8893094,75.8893094,75.8893094
t_5084,75.8893094,75.8893094,75.8893094,75.8893094
t_5085,75.8893094,75.8893094,75.8893094,75.8893094
t_5086,72.84759264,72.84759264,72.84759264,72.84759264
t_5087,70.3400405,70.3400405,70.3400405,70.3400405
t_5088,69.80587588,69.80587588,69.80587588,69.80587588
t_5089,72.84759264,72.84759264,72.84759264,72.84759264
t_509,45.1825365,45.1825365,45.1825365,45.1825365
t_5090,72.84759264,72.84759264,72.84759264,72.84759264
t_5091,72.84759264,72.84759264,72.84759264,72.84759264
t_5092,75.30045919,75.30045919,75.30045919,75.30045919
t_5093,75.30045919,75.30045919,75.30045919,75.30045919
t_5094,75.30045919,75.30045919,75.30045919,75.30045919
t_5095,62.40405287,62.40405287,62.40405287,62.40405287
t_5096,43.21985363,43.21985363,43.21985363,43.21985363
t_5097,30.43250606,30.43250606,30.43250606,30.43250606
t_5098,28.18250606,28.18250606,28.18250606,28.18250606
t_5099,28.18250606,28.18250606,28.18250606,28.18250606
t_51,64.45693763,64.45693763,64.45693763,64.45693763
t_510,47.67328369,47.67328369,47.67328369,47.67328369
t_5100,28.18250606,28.18250606,28.18250606,28.18250606
t_5101,28.18250606,28.18250606,28.18250606,28.18250606
t_5102,28.18250606,28.18250606,28.18250606,28.18250606
t_5103,30.43250606,30.43250606,30.43250606,30.43250606
t_5104,41.14875909,41.14875909,41.14875909,41.14875909
t_5105,43.21985363,43.21985363,43.21985363,43.21985363
t_5106,63.24821759,63.24821759,63.24821759,63.24821759
t_5107,73.43644284,73.43644284,73.43644284,73.43644284
t_5108,73.43644284,73.43644284,73.43644284,73.43644284
t_5109,73.43644284,73.43644284,73.43644284,73.43644284
t_511,54.93799906,54.93799906,54.93799906,54.93799906
t_5110,73.43644284,73.43644284,73.43644284,73.43644284
t_5111,70.28284454,70.28284454,70.28284454,70.28284454
t_5112,73.43644284,73.43644284,73.43644284,73.43644284
t_5113,73.43644284,73.43644284,73.43644284,73.43644284
t_5114,73.43644284,73.43644284,73.43644284,73.43644284
t_5115,73.43644284,73.43644284,73.43644284,73.43644284
t_5116,73.43644284,73.43644284,73.43644284,73.43644284
t_5117,73.43644284,73.43644284,73.43644284,73.43644284
t_5118,73.43644284,73.43644284,73.43644284,73.43644284
t_5119,59.91542864,59.91542864,59.91542864,59.91542864
t_512,54.93799906,54.93799906,54.93799906,54.93799906
t_5120,43.21985363,43.21985363,43.21985363,43.21985363
t_5121,30.43250606,30.43250606,30.43250606,30.43250606
t_5122,28.18250606,28.18250606,28.18250606,28.18250606
t_5123,28.18250606,28.18250606,28.18250606,28.18250606
t_5124,28.18250606,28.18250606,28.18250606,28.18250606
t_5125,28.18250606,28.18250606,28.18250606,28.18250606
t_5126,28.18250606,28.18250606,28.18250606,28.18250606
t_5127,30.43250606,30.43250606,30.43250606,30.43250606
t_5128,43.21985363,43.21985363,43.21985363,43.21985363
t_5129,43.21985363,43.21985363,43.21985363,43.21985363
t_513,54.93799906,54.93799906,54.93799906,54.93799906
t_5130,63.26746223,63.26746223,63.26746223,63.26746223
t_5131,63.79549001,63.79549001,63.79549001,63.79549001
t_5132,63.79549001,63.79549001,63.79549001,63.79549001
t_5133,63.79549001,63.79549001,63.79549001,63.79549001
t_5134,63.79549001,63.79549001,63.79549001,63.79549001
t_5135,63.79549001,63.79549001,63.79549001,63.79549001
t_5136,63.79549001,63.79549001,63.79549001,63.79549001
t_5137,63.26746223,63.26746223,63.26746223,63.26746223
t_5138,63.26746223,63.26746223,63.26746223,63.26746223
t_5139,63.26746223,63.26746223,63.26746223,63.26746223
t_514,49.85425289,49.85425289,49.85425289,49.85425289
t_5140,63.26746223,63.26746223,63.26746223,63.26746223
t_5141,63.26746223,63.26746223,63.26746223,63.26746223
t_5142,63.26746223,63.26746223,63.26746223,63.26746223
t_5143,49.34739182,49.34739182,49.34739182,49.34739182
t_5144,43.21985363,43.21985363,43.21985363,43.21985363
t_5145,17.46625303,17.46625303,17.46625303,17.46625303
t_5146,17.46625303,17.46625303,17.46625303,17.46625303
t_5147,17.46625303,17.46625303,17.46625303,17.46625303
t_5148,17.46625303,17.46625303,17.46625303,17.46625303
t_5149,17.46625303,17.46625303,17.46625303,17.46625303
t_515,48.28184491,48.28184491,48.28184491,48.28184491
t_5150,17.46625303,17.46625303,17.46625303,17.46625303
t_5151,17.46625303,17.46625303,17.46625303,17.46625303
t_5152,40.74444989,40.74444989,40.74444989,40.74444989
t_5153,43.21985363,43.21985363,43.21985363,43.21985363
t_5154,54.93799906,54.93799906,54.93799906,54.93799906
t_5155,61.02143258,61.02143258,61.02143258,61.02143258
t_5156,61.54946036,61.54946036,61.54946036,61.54946036
t_5157,61.54946036,61.54946036,61.54946036,61.54946036
t_5158,61.54946036,61.54946036,61.54946036,61.54946036
t_5159,61.54946036,61.54946036,61.54946036,61.54946036
t_516,46.86114151,46.86114151,46.86114151,46.86114151
t_5160,61.02143258,61.02143258,61.02143258,61.02143258
t_5161,61.02143258,61.02143258,61.02143258,61.02143258
t_5162,61.02143258,61.02143258,61.02143258,61.02143258
t_5163,55.85184139,55.85184139,55.85184139,55.85184139
t_5164,55.85184139,55.85184139,55.85184139,55.85184139
t_5165,61.02143258,61.02143258,61.02143258,61.02143258
t_5166,54.93799906,54.93799906,54.93799906,54.93799906
t_5167,43.21985363,43.21985363,43.21985363,43.21985363
t_5168,41.14875909,41.14875909,41.14875909,41.14875909
t_5169,17.46625303,17.46625303,17.46625303,17.46625303
t_517,44.77932604,44.77932604,44.77932604,44.77932604
t_5170,17.46625303,17.46625303,17.46625303,17.46625303
t_5171,17.46625303,17.46625303,17.46625303,17.46625303
t_5172,17.46625303,17.46625303,17.46625303,17.46625303
t_5173,17.46625303,17.46625303,17.46625303,17.46625303
t_5174,17.46625303,17.46625303,17.46625303,17.46625303
t_5175,19.71625303,19.71625303,19.71625303,19.71625303
t_5176,43.21985363,43.21985363,43.21985363,43.21985363
t_5177,48.43354949,48.43354949,48.43354949,48.43354949
t_5178,77.05821414,77.05821414,77.05821414,77.05821414
t_5179,78.92897087,78.92897087,78.92897087,78.92897087
t_518,48.43354949,48.43354949,48.43354949,48.43354949
t_5180,78.92897087,78.92897087,78.92897087,78.92897087
t_5181,78.92897087,78.92897087,78.92897087,78.92897087
t_5182,78.92897087,78.92897087,78.92897087,78.92897087
t_5183,78.92897087,78.92897087,78.92897087,78.92897087
t_5184,78.92897087,78.92897087,78.92897087,78.92897087
t_5185,78.92897087,78.92897087,78.92897087,78.92897087
t_5186,78.92897087,78.92897087,78.92897087,78.92897087
t_5187,78.92897087,78.92897087,78.92897087,78.92897087
t_5188,78.92897087,78.92897087,78.92897087,78.92897087
t_5189,78.92897087,78.92897087,78.92897087,78.92897087
t_519,49.85425289,49.85425289,49.85425289,49.85425289
t_5190,79.29925467,79.29925467,79.29925467,79.29925467
t_5191,56.76301266,56.76301266,56.76301266,56.76301266
t_5192,43.21985363,43.21985363,43.21985363,43.21985363
t_5193,17.46625303,17.46625303,17.46625303,17.46625303
t_5194,17.46625303,17.46625303,17.46625303,17.46625303
t_5195,17.46625303,17.46625303,17.46625303,17.46625303
t_5196,17.46625303,17.46625303,17.46625303,17.46625303
t_5197,17.46625303,17.46625303,17.46625303,17.46625303
t_5198,17.46625303,17.46625303,17.46625303,17.46625303
t_5199,19.71625303,19.71625303,19.71625303,19.71625303
t_52,67.03965431,67.03965431,67.03965431,67.03965431
t_520,54.93799906,54.93799906,54.93799906,54.93799906
t_5200,43.21985363,43.21985363,43.21985363,43.21985363
t_5201,55.69468342,55.69468342,55.69468342,55.69468342
t_5202,80.32446644,80.32446644,80.32446644,80.32446644
t_5203,80.32446644,80.32446644,80.32446644,80.32446644
t_5204,81.04736804,81.04736804,81.04736804,81.04736804
t_5205,81.04736804,81.04736804,81.04736804,81.04736804
t_5206,81.04736804,81.04736804,81.04736804,81.04736804
t_5207,81.04736804,81.04736804,81.04736804,81.04736804
t_5208,81.04736804,81.04736804,81.04736804,81.04736804
t_5209,81.04736804,81.04736804,81.04736804,81.04736804
t_521,54.93799906,54.93799906,54.93799906,54.93799906
t_5210,81.04736804,81.04736804,81.04736804,81.04736804
t_5211,81.04736804,81.04736804,81.04736804,81.04736804
t_5212,81.04736804,81.04736804,81.04736804,81.04736804
t_5213,80.85249421,80.85249421,80.85249421,80.85249421
t_5214,80.85249421,80.85249421,80.85249421,80.85249421
t_5215,68.93960135,68.93960135,68.93960135,68.93960135
t_5216,41.14875909,41.14875909,41.14875909,41.14875909
t_5217,28.18250606,28.18250606,28.18250606,28.18250606
t_5218,28.18250606,28.18250606,28.18250606,28.18250606
t_5219,28.18250606,28.18250606,28.18250606,28.18250606
t_522,54.93799906,54.93799906,54.93799906,54.93799906
t_5220,28.18250606,28.18250606,28.18250606,28.18250606
t_5221,28.18250606,28.18250606,28.18250606,28.18250606
t_5222,28.18250606,28.18250606,28.18250606,28.18250606
t_5223,41.14875909,41.14875909,41.14875909,41.14875909
t_5224,43.21985363,43.21985363,43.21985363,43.21985363
t_5225,54.51698301,54.51698301,54.51698301,54.51698301
t_5226,62.67247518,62.67247518,62.67247518,62.67247518
t_5227,72.86070044,72.86070044,72.86070044,72.86070044
t_5228,72.86070044,72.86070044,72.86070044,72.86070044
t_5229,72.86070044,72.86070044,72.86070044,72.86070044
t_523,54.93799906,54.93799906,54.93799906,54.93799906
t_5230,72.86070044,72.86070044,72.86070044,72.86070044
t_5231,69.81898368,69.81898368,69.81898368,69.81898368
t_5232,69.81898368,69.81898368,69.81898368,69.81898368
t_5233,59.82563225,59.82563225,59.82563225,59.82563225
t_5234,59.82563225,59.82563225,59.82563225,59.82563225
t_5235,59.82563225,59.82563225,59.82563225,59.82563225
t_5236,59.82563225,59.82563225,59.82563225,59.82563225
t_5237,59.63075842,59.63075842,59.63075842,59.63075842
t_5238,59.63075842,59.63075842,59.63075842,59.63075842
t_5239,48.43354949,48.43354949,48.43354949,48.43354949
t_524,54.93799906,54.93799906,54.93799906,54.93799906
t_5240,43.21985363,43.21985363,43.21985363,43.21985363
t_5241,30.43250606,30.43250606,30.43250606,30.43250606
t_5242,30.43250606,30.43250606,30.43250606,30.43250606
t_5243,28.18250606,28.18250606,28.18250606,28.18250606
t_5244,28.18250606,28.18250606,28.18250606,28.18250606
t_5245,28.18250606,28.18250606,28.18250606,28.18250606
t_5246,30.43250606,30.43250606,30.43250606,30.43250606
t_5247,41.14875909,41.14875909,41.14875909,41.14875909
t_5248,43.21985363,43.21985363,43.21985363,43.21985363
t_5249,48.43354949,48.43354949,48.43354949,48.43354949
t_525,54.93799906,54.93799906,54.93799906,54.93799906
t_5250,59.10273065,59.10273065,59.10273065,59.10273065
t_5251,59.10273065,59.10273065,59.10273065,59.10273065
t_5252,59.10298065,59.10298065,59.10298065,59.10298065
t_5253,59.10273065,59.10273065,59.10273065,59.10273065
t_5254,59.63075842,59.63075842,59.63075842,59.63075842
t_5255,59.63075842,59.63075842,59.63075842,59.63075842
t_5256,59.63075842,59.63075842,59.63075842,59.63075842
t_5257,57.53712138,57.53712138,57.53712138,57.53712138
t_5258,57.53712138,57.53712138,57.53712138,57.53712138
t_5259,59.10273065,59.10273065,59.10273065,59.10273065
t_526,54.93799906,54.93799906,54.93799906,54.93799906
t_5260,61.02143257,61.02143257,61.02143257,61.02143257
t_5261,62.14444741,62.14444741,62.14444741,62.14444741
t_5262,61.02143258,61.02143258,61.02143258,61.02143258
t_5263,54.51698301,54.51698301,54.51698301,54.51698301
t_5264,43.21985364,43.21985364,43.21985364,43.21985364
t_5265,41.14875909,41.14875909,41.14875909,41.14875909
t_5266,41.14875909,41.14875909,41.14875909,41.14875909
t_5267,41.14875909,41.14875909,41.14875909,41.14875909
t_5268,41.14875909,41.14875909,41.14875909,41.14875909
t_5269,41.14875909,41.14875909,41.14875909,41.14875909
t_527,54.93799906,54.93799906,54.93799906,54.93799906
t_5270,41.14875909,41.14875909,41.14875909,41.14875909
t_5271,43.21985364,43.21985364,43.21985364,43.21985364
t_5272,47.36204273,47.36204273,47.36204273,47.36204273
t_5273,76.29421081,76.29421081,76.29421081,76.29421081
t_5274,76.29421081,76.29421081,76.29421081,76.29421081
t_5275,76.29421081,76.29421081,76.29421081,76.29421081
t_5276,76.82223859,76.82223859,76.82223859,76.82223859
t_5277,76.29421081,76.29421081,76.29421081,76.29421081
t_5278,76.82223859,76.82223859,76.82223859,76.82223859
t_5279,76.82223859,76.82223859,76.82223859,76.82223859
t_528,54.93799906,54.93799906,54.93799906,54.93799906
t_5280,76.82223859,76.82223859,76.82223859,76.82223859
t_5281,76.29421081,76.29421081,76.29421081,76.29421081
t_5282,76.29421081,76.29421081,76.29421081,76.29421081
t_5283,76.29421081,76.29421081,76.29421081,76.29421081
t_5284,76.29421081,76.29421081,76.29421081,76.29421081
t_5285,76.29421081,76.29421081,76.29421081,76.29421081
t_5286,76.29421081,76.29421081,76.29421081,76.29421081
t_5287,73.18307671,73.18307671,73.18307671,73.18307671
t_5288,53.07979963,53.07979963,53.07979963,53.07979963
t_5289,53.07979963,53.07979963,53.07979963,53.07979963
t_529,52.7078096,52.7078096,52.7078096,52.7078096
t_5290,40.29245206,40.29245206,40.29245206,40.29245206
t_5291,38.04245206,38.04245206,38.04245206,38.04245206
t_5292,38.04245206,38.04245206,38.04245206,38.04245206
t_5293,38.04245206,38.04245206,38.04245206,38.04245206
t_5294,40.29245206,40.29245206,40.29245206,40.29245206
t_5295,40.29245206,40.29245206,40.29245206,40.29245206
t_5296,53.07979963,53.07979963,53.07979963,53.07979963
t_5297,71.00797553,71.00797553,71.00797553,71.00797553
t_5298,82.1110188,82.1110188,82.1110188,82.1110188
t_5299,82.1110188,82.1110188,82.1110188,82.1110188
t_53,62.25727665,62.25727665,62.25727665,62.25727665
t_530,50.11011765,50.11011765,50.11011765,50.11011765
t_5300,82.1110188,82.1110188,82.1110188,82.1110188
t_5301,82.1110188,82.1110188,82.1110188,82.1110188
t_5302,82.1110188,82.1110188,82.1110188,82.1110188
t_5303,82.1110188,82.1110188,82.1110188,82.1110188
t_5304,82.1110188,82.1110188,82.1110188,82.1110188
t_5305,81.87770407,81.87770407,81.87770407,81.87770407
t_5306,81.87770407,81.87770407,81.87770407,81.87770407
t_5307,81.83009569,81.83009569,81.83009569,81.83009569
t_5308,81.60642262,81.60642262,81.60642262,81.60642262
t_5309,81.80672811,81.80672811,81.80672811,81.80672811
t_531,45.1825365,45.1825365,45.1825365,45.1825365
t_5310,81.08131001,81.08131001,81.08131001,81.08131001
t_5311,64.51994458,64.51994458,64.51994458,64.51994458
t_5312,45.29094818,45.29094818,45.29094818,45.29094818
t_5313,25.7845264,25.7845264,25.7845264,25.7845264
t_5314,25.7845264,25.7845264,25.7845264,25.7845264
t_5315,25.7845264,25.7845264,25.7845264,25.7845264
t_5316,25.7845264,25.7845264,25.7845264,25.7845264
t_5317,25.7845264,25.7845264,25.7845264,25.7845264
t_5318,25.7845264,25.7845264,25.7845264,25.7845264
t_5319,27.70980194,27.70980194,27.70980194,27.70980194
t_532,41.0160878,41.0160878,41.0160878,41.0160878
t_5320,41.14875909,41.14875909,41.14875909,41.14875909
t_5321,54.63927205,54.63927205,54.63927205,54.63927205
t_5322,78.50774363,78.50774363,78.50774363,78.50774363
t_5323,78.50774363,78.50774363,78.50774363,78.50774363
t_5324,78.50774363,78.50774363,78.50774363,78.50774363
t_5325,78.50774363,78.50774363,78.50774363,78.50774363
t_5326,78.50799363,78.50799363,78.50799363,78.50799363
t_5327,78.50799363,78.50799363,78.50799363,78.50799363
t_5328,78.50774363,78.50774363,78.50774363,78.50774363
t_5329,78.50774363,78.50774363,78.50774363,78.50774363
t_533,41.0160878,41.0160878,41.0160878,41.0160878
t_5330,79.03577141,79.03577141,79.03577141,79.03577141
t_5331,79.03577141,79.03577141,79.03577141,79.03577141
t_5332,79.03577141,79.03577141,79.03577141,79.03577141
t_5333,79.03577141,79.03577141,79.03577141,79.03577141
t_5334,85.40845245,85.40845245,85.40845245,85.40845245
t_5335,58.07829576,58.07829576,58.07829576,58.07829576
t_5336,41.14875909,41.14875909,41.14875909,41.14875909
t_5337,15.21625303,15.21625303,15.21625303,15.21625303
t_5338,15.21625303,15.21625303,15.21625303,15.21625303
t_5339,15.21625303,15.21625303,15.21625303,15.21625303
t_534,45.94366894,45.94366894,45.94366894,45.94366894
t_5340,15.21625303,15.21625303,15.21625303,15.21625303
t_5341,15.21625303,15.21625303,15.21625303,15.21625303
t_5342,15.21625303,15.21625303,15.21625303,15.21625303
t_5343,15.21625303,15.21625303,15.21625303,15.21625303
t_5344,41.14875909,41.14875909,41.14875909,41.14875909
t_5345,47.36204273,47.36204273,47.36204273,47.36204273
t_5346,62.31495093,62.31495093,62.31495093,62.31495093
t_5347,72.50317618,72.50317618,72.50317618,72.50317618
t_5348,75.54489294,75.54489294,75.54489294,75.54489294
t_5349,75.54489294,75.54489294,75.54489294,75.54489294
t_535,50.11011765,50.11011765,50.11011765,50.11011765
t_5350,75.54489294,75.54489294,75.54489294,75.54489294
t_5351,75.54489294,75.54489294,75.54489294,75.54489294
t_5352,75.54489294,75.54489294,75.54489294,75.54489294
t_5353,75.54489294,75.54489294,75.54489294,75.54489294
t_5354,75.54489294,75.54489294,75.54489294,75.54489294
t_5355,75.54489294,75.54489294,75.54489294,75.54489294
t_5356,75.54489294,75.54489294,75.54489294,75.54489294
t_5357,72.50317618,72.50317618,72.50317618,72.50317618
t_5358,75.54489294,75.54489294,75.54489294,75.54489294
t_5359,53.93610667,53.93610667,53.93610667,53.93610667
t_536,50.11011765,50.11011765,50.11011765,50.11011765
t_5360,41.14875909,41.14875909,41.14875909,41.14875909
t_5361,15.21625303,15.21625303,15.21625303,15.21625303
t_5362,15.21625303,15.21625303,15.21625303,15.21625303
t_5363,15.21625303,15.21625303,15.21625303,15.21625303
t_5364,15.21625303,15.21625303,15.21625303,15.21625303
t_5365,15.21625303,15.21625303,15.21625303,15.21625303
t_5366,15.21625303,15.21625303,15.21625303,15.21625303
t_5367,15.21625303,15.21625303,15.21625303,15.21625303
t_5368,41.14875909,41.14875909,41.14875909,41.14875909
t_5369,43.21985363,43.21985363,43.21985363,43.21985363
t_537,44.77932604,44.77932604,44.77932604,44.77932604
t_5370,76.29421082,76.29421082,76.29421082,76.29421082
t_5371,76.29421082,76.29421082,76.29421082,76.29421082
t_5372,76.29421082,76.29421082,76.29421082,76.29421082
t_5373,76.29421082,76.29421082,76.29421082,76.29421082
t_5374,76.29421082,76.29421082,76.29421082,76.29421082
t_5375,76.29421082,76.29421082,76.29421082,76.29421082
t_5376,76.29421082,76.29421082,76.29421082,76.29421082
t_5377,76.29421082,76.29421082,76.29421082,76.29421082
t_5378,76.29421082,76.29421082,76.29421082,76.29421082
t_5379,76.29421082,76.29421082,76.29421082,76.29421082
t_538,38.29227248,38.29227248,38.29227248,38.29227248
t_5380,76.29421082,76.29421082,76.29421082,76.29421082
t_5381,76.29421082,76.29421082,76.29421082,76.29421082
t_5382,76.29421082,76.29421082,76.29421082,76.29421082
t_5383,63.00313028,63.00313028,63.00313028,63.00313028
t_5384,48.14982664,48.14982664,48.14982664,48.14982664
t_5385,20.14622604,20.14622604,20.14622604,20.14622604
t_5386,20.14622604,20.14622604,20.14622604,20.14622604
t_5387,20.14622604,20.14622604,20.14622604,20.14622604
t_5388,20.14622603,20.14622603,20.14622603,20.14622603
t_5389,20.14622604,20.14622604,20.14622604,20.14622604
t_539,38.29227248,38.29227248,38.29227248,38.29227248
t_5390,20.14622604,20.14622604,20.14622604,20.14622604
t_5391,20.14622604,20.14622604,20.14622604,20.14622604
t_5392,35.36247906,35.36247906,35.36247906,35.36247906
t_5393,65.24006963,65.24006963,65.24006963,65.24006963
t_5394,77.51242511,77.51242511,77.51242511,77.51242511
t_5395,77.51242511,77.51242511,77.51242511,77.51242511
t_5396,77.51242511,77.51242511,77.51242511,77.51242511
t_5397,77.51242511,77.51242511,77.51242511,77.51242511
t_5398,77.51242511,77.51242511,77.51242511,77.51242511
t_5399,77.51242511,77.51242511,77.51242511,77.51242511
t_54,70.15859913,70.15859913,70.15859913,70.15859913
t_540,38.29227248,38.29227248,38.29227248,38.29227248
t_5400,77.51242511,77.51242511,77.51242511,77.51242511
t_5401,77.51242511,77.51242511,77.51242511,77.51242511
t_5402,77.51242511,77.51242511,77.51242511,77.51242511
t_5403,77.51242511,77.51242511,77.51242511,77.51242511
t_5404,77.51242511,77.51242511,77.51242511,77.51242511
t_5405,77.51242511,77.51242511,77.51242511,77.51242511
t_5406,77.51242511,77.51242511,77.51242511,77.51242511
t_5407,73.45497072,73.45497072,73.45497072,73.45497072
t_5408,56.34408252,56.34408252,56.34408252,56.34408252
t_5409,33.57351226,33.57351226,33.57351226,33.57351226
t_541,38.29227248,38.29227248,38.29227248,38.29227248
t_5410,28.76171729,28.76171729,28.76171729,28.76171729
t_5411,28.76171729,28.76171729,28.76171729,28.76171729
t_5412,28.76171729,28.76171729,28.76171729,28.76171729
t_5413,28.76171729,28.76171729,28.76171729,28.76171729
t_5414,28.76171729,28.76171729,28.76171729,28.76171729
t_5415,28.76171729,28.76171729,28.76171729,28.76171729
t_5416,42.30718155,42.30718155,42.30718155,42.30718155
t_5417,47.36204273,47.36204273,47.36204273,47.36204273
t_5418,77.51242511,77.51242511,77.51242511,77.51242511
t_5419,77.51242511,77.51242511,77.51242511,77.51242511
t_542,38.29227248,38.29227248,38.29227248,38.29227248
t_5420,77.51242511,77.51242511,77.51242511,77.51242511
t_5421,77.51242511,77.51242511,77.51242511,77.51242511
t_5422,77.51242511,77.51242511,77.51242511,77.51242511
t_5423,77.51242511,77.51242511,77.51242511,77.51242511
t_5424,77.51242511,77.51242511,77.51242511,77.51242511
t_5425,77.51242511,77.51242511,77.51242511,77.51242511
t_5426,77.51242511,77.51242511,77.51242511,77.51242511
t_5427,77.5124251,77.5124251,77.5124251,77.5124251
t_5428,77.5124251,77.5124251,77.5124251,77.5124251
t_5429,77.5124251,77.5124251,77.5124251,77.5124251
t_543,38.29227248,38.29227248,38.29227248,38.29227248
t_5430,74.97547246,74.97547246,74.97547246,74.97547246
t_5431,59.69710604,59.69710604,59.69710604,59.69710604
t_5432,41.72797032,41.72797032,41.72797032,41.72797032
t_5433,28.18250606,28.18250606,28.18250606,28.18250606
t_5434,28.18250606,28.18250606,28.18250606,28.18250606
t_5435,28.18250606,28.18250606,28.18250606,28.18250606
t_5436,28.18250606,28.18250606,28.18250606,28.18250606
t_5437,28.18250606,28.18250606,28.18250606,28.18250606
t_5438,28.18250606,28.18250606,28.18250606,28.18250606
t_5439,28.18250606,28.18250606,28.18250606,28.18250606
t_544,43.21985363,43.21985363,43.21985363,43.21985363
t_5440,41.14875909,41.14875909,41.14875909,41.14875909
t_5441,57.98928727,57.98928727,57.98928727,57.98928727
t_5442,80.76024655,80.76024655,80.76024655,80.76024655
t_5443,81.28827433,81.28827433,81.28827433,81.28827433
t_5444,81.28827433,81.28827433,81.28827433,81.28827433
t_5445,81.28827433,81.28827433,81.28827433,81.28827433
t_5446,81.28827433,81.28827433,81.28827433,81.28827433
t_5447,81.28827433,81.28827433,81.28827433,81.28827433
t_5448,81.28827433,81.28827433,81.28827433,81.28827433
t_5449,81.28827433,81.28827433,81.28827433,81.28827433
t_545,46.7473827,46.7473827,46.7473827,46.7473827
t_5450,81.28827433,81.28827433,81.28827433,81.28827433
t_5451,81.28827433,81.28827433,81.28827433,81.28827433
t_5452,81.28827433,81.28827433,81.28827433,81.28827433
t_5453,81.28827433,81.28827433,81.28827433,81.28827433
t_5454,81.28827433,81.28827433,81.28827433,81.28827433
t_5455,70.78140213,70.78140213,70.78140213,70.78140213
t_5456,59.81607099,59.81607099,59.81607099,59.81607099
t_5457,39.74209341,39.74209341,39.74209341,39.74209341
t_5458,37.49209341,37.49209341,37.49209341,37.49209341
t_5459,37.49209341,37.49209341,37.49209341,37.49209341
t_546,46.7473827,46.7473827,46.7473827,46.7473827
t_5460,37.49209341,37.49209341,37.49209341,37.49209341
t_5461,37.49209341,37.49209341,37.49209341,37.49209341
t_5462,37.49209341,37.49209341,37.49209341,37.49209341
t_5463,39.74209341,39.74209341,39.74209341,39.74209341
t_5464,56.69417256,56.69417256,56.69417256,56.69417256
t_5465,69.78976125,69.78976125,69.78976125,69.78976125
t_5466,81.16165632,81.16165632,81.16165632,81.16165632
t_5467,81.6896841,81.6896841,81.6896841,81.6896841
t_5468,81.6896841,81.6896841,81.6896841,81.6896841
t_5469,81.6896841,81.6896841,81.6896841,81.6896841
t_547,46.7473827,46.7473827,46.7473827,46.7473827
t_5470,81.6896841,81.6896841,81.6896841,81.6896841
t_5471,81.6896841,81.6896841,81.6896841,81.6896841
t_5472,81.16165632,81.16165632,81.16165632,81.16165632
t_5473,81.16190632,81.16190632,81.16190632,81.16190632
t_5474,81.16165632,81.16165632,81.16165632,81.16165632
t_5475,81.16165632,81.16165632,81.16165632,81.16165632
t_5476,81.16165632,81.16165632,81.16165632,81.16165632
t_5477,81.16165632,81.16165632,81.16165632,81.16165632
t_5478,81.16165632,81.16165632,81.16165632,81.16165632
t_5479,76.91710899,76.91710899,76.91710899,76.91710899
t_548,46.7473827,46.7473827,46.7473827,46.7473827
t_5480,58.36541768,58.36541768,58.36541768,58.36541768
t_5481,55.22636534,55.22636534,55.22636534,55.22636534
t_5482,55.22636534,55.22636534,55.22636534,55.22636534
t_5483,53.15527079,53.15527079,53.15527079,53.15527079
t_5484,53.15527079,53.15527079,53.15527079,53.15527079
t_5485,55.22636534,55.22636534,55.22636534,55.22636534
t_5486,55.22636534,55.22636534,55.22636534,55.22636534
t_5487,55.22636534,55.22636534,55.22636534,55.22636534
t_5488,64.11710972,64.11710972,64.11710972,64.11710972
t_5489,81.07606177,81.07606177,81.07606177,81.07606177
t_549,46.7473827,46.7473827,46.7473827,46.7473827
t_5490,81.47830634,81.47830634,81.47830634,81.47830634
t_5491,81.47830634,81.47830634,81.47830634,81.47830634
t_5492,81.47830634,81.47830634,81.47830634,81.47830634
t_5493,81.47830634,81.47830634,81.47830634,81.47830634
t_5494,81.47830634,81.47830634,81.47830634,81.47830634
t_5495,81.47830634,81.47830634,81.47830634,81.47830634
t_5496,81.47830634,81.47830634,81.47830634,81.47830634
t_5497,81.47830634,81.47830634,81.47830634,81.47830634
t_5498,81.47830634,81.47830634,81.47830634,81.47830634
t_5499,81.47830634,81.47830634,81.47830634,81.47830634
t_55,77.88086578,77.88086578,77.88086578,77.88086578
t_550,46.7473827,46.7473827,46.7473827,46.7473827
t_5500,81.47830634,81.47830634,81.47830634,81.47830634
t_5501,81.47830634,81.47830634,81.47830634,81.47830634
t_5502,79.18390967,79.18390967,79.18390967,79.18390967
t_5503,64.67045179,64.67045179,64.67045179,64.67045179
t_5504,43.21985363,43.21985363,43.21985363,43.21985363
t_5505,43.21985363,43.21985363,43.21985363,43.21985363
t_5506,41.14875909,41.14875909,41.14875909,41.14875909
t_5507,30.43250606,30.43250606,30.43250606,30.43250606
t_5508,30.43250606,30.43250606,30.43250606,30.43250606
t_5509,41.14875909,41.14875909,41.14875909,41.14875909
t_551,44.77932605,44.77932605,44.77932605,44.77932605
t_5510,41.14875909,41.14875909,41.14875909,41.14875909
t_5511,43.21985363,43.21985363,43.21985363,43.21985363
t_5512,43.21985363,43.21985363,43.21985363,43.21985363
t_5513,70.6215593,70.6215593,70.6215593,70.6215593
t_5514,76.29421082,76.29421082,76.29421082,76.29421082
t_5515,76.8222386,76.8222386,76.8222386,76.8222386
t_5516,76.8222386,76.8222386,76.8222386,76.8222386
t_5517,76.8222386,76.8222386,76.8222386,76.8222386
t_5518,76.8222386,76.8222386,76.8222386,76.8222386
t_5519,77.01711243,77.01711243,77.01711243,77.01711243
t_552,38.29227248,38.29227248,38.29227248,38.29227248
t_5520,77.01711243,77.01711243,77.01711243,77.01711243
t_5521,77.01711243,77.01711243,77.01711243,77.01711243
t_5522,77.01711243,77.01711243,77.01711243,77.01711243
t_5523,77.01711243,77.01711243,77.01711243,77.01711243
t_5524,77.01711243,77.01711243,77.01711243,77.01711243
t_5525,77.01711243,77.01711243,77.01711243,77.01711243
t_5526,77.01711243,77.01711243,77.01711243,77.01711243
t_5527,62.8379251,62.8379251,62.8379251,62.8379251
t_5528,43.21985363,43.21985363,43.21985363,43.21985363
t_5529,41.14875909,41.14875909,41.14875909,41.14875909
t_553,21.78734758,21.78734758,21.78734758,21.78734758
t_5530,40.74444989,40.74444989,40.74444989,40.74444989
t_5531,30.43250606,30.43250606,30.43250606,30.43250606
t_5532,30.43250606,30.43250606,30.43250606,30.43250606
t_5533,30.43250606,30.43250606,30.43250606,30.43250606
t_5534,40.74444989,40.74444989,40.74444989,40.74444989
t_5535,41.14875909,41.14875909,41.14875909,41.14875909
t_5536,43.21985363,43.21985363,43.21985363,43.21985363
t_5537,68.78114543,68.78114543,68.78114543,68.78114543
t_5538,78.04045288,78.04045288,78.04045288,78.04045288
t_5539,78.23532671,78.23532671,78.23532671,78.23532671
t_554,21.78734758,21.78734758,21.78734758,21.78734758
t_5540,78.23532671,78.23532671,78.23532671,78.23532671
t_5541,78.23532671,78.23532671,78.23532671,78.23532671
t_5542,78.23532671,78.23532671,78.23532671,78.23532671
t_5543,78.23532671,78.23532671,78.23532671,78.23532671
t_5544,78.23532671,78.23532671,78.23532671,78.23532671
t_5545,78.23532671,78.23532671,78.23532671,78.23532671
t_5546,78.23532671,78.23532671,78.23532671,78.23532671
t_5547,78.23532671,78.23532671,78.23532671,78.23532671
t_5548,78.23532671,78.23532671,78.23532671,78.23532671
t_5549,78.23532671,78.23532671,78.23532671,78.23532671
t_555,21.78734758,21.78734758,21.78734758,21.78734758
t_5550,78.23532671,78.23532671,78.23532671,78.23532671
t_5551,76.8706189,76.8706189,76.8706189,76.8706189
t_5552,58.90341387,58.90341387,58.90341387,58.90341387
t_5553,43.79021,43.79021,43.79021,43.79021
t_5554,41.54021,41.54021,41.54021,41.54021
t_5555,41.54021,41.54021,41.54021,41.54021
t_5556,41.54021,41.54021,41.54021,41.54021
t_5557,41.54021,41.54021,41.54021,41.54021
t_5558,41.54021,41.54021,41.54021,41.54021
t_5559,43.79021,43.79021,43.79021,43.79021
t_556,21.78734758,21.78734758,21.78734758,21.78734758
t_5560,56.57755757,56.57755757,56.57755757,56.57755757
t_5561,73.18307673,73.18307673,73.18307673,73.18307673
t_5562,77.5124251,77.5124251,77.5124251,77.5124251
t_5563,78.04045288,78.04045288,78.04045288,78.04045288
t_5564,78.04045288,78.04045288,78.04045288,78.04045288
t_5565,78.04045288,78.04045288,78.04045288,78.04045288
t_5566,78.04045288,78.04045288,78.04045288,78.04045288
t_5567,78.04045288,78.04045288,78.04045288,78.04045288
t_5568,78.04045288,78.04045288,78.04045288,78.04045288
t_5569,78.04045288,78.04045288,78.04045288,78.04045288
t_557,21.78734758,21.78734758,21.78734758,21.78734758
t_5570,78.04045288,78.04045288,78.04045288,78.04045288
t_5571,78.04045288,78.04045288,78.04045288,78.04045288
t_5572,78.04045288,78.04045288,78.04045288,78.04045288
t_5573,77.5124251,77.5124251,77.5124251,77.5124251
t_5574,78.04045288,78.04045288,78.04045288,78.04045288
t_5575,77.5124251,77.5124251,77.5124251,77.5124251
t_5576,56.78583776,56.78583776,56.78583776,56.78583776
t_5577,52.31455822,52.31455822,52.31455822,52.31455822
t_5578,52.31455822,52.31455822,52.31455822,52.31455822
t_5579,39.52721065,39.52721065,39.52721065,39.52721065
t_558,21.78734758,21.78734758,21.78734758,21.78734758
t_5580,39.52721065,39.52721065,39.52721065,39.52721065
t_5581,39.52721065,39.52721065,39.52721065,39.52721065
t_5582,52.31455822,52.31455822,52.31455822,52.31455822
t_5583,52.31455822,52.31455822,52.31455822,52.31455822
t_5584,54.05042186,54.05042186,54.05042186,54.05042186
t_5585,77.78761543,77.78761543,77.78761543,77.78761543
t_5586,83.37763306,83.37763306,83.37763306,83.37763306
t_5587,83.90566083,83.90566083,83.90566083,83.90566083
t_5588,83.90566083,83.90566083,83.90566083,83.90566083
t_5589,83.90566083,83.90566083,83.90566083,83.90566083
t_559,21.78734758,21.78734758,21.78734758,21.78734758
t_5590,83.90566083,83.90566083,83.90566083,83.90566083
t_5591,83.90566083,83.90566083,83.90566083,83.90566083
t_5592,83.90566083,83.90566083,83.90566083,83.90566083
t_5593,83.90566083,83.90566083,83.90566083,83.90566083
t_5594,83.90566083,83.90566083,83.90566083,83.90566083
t_5595,83.90566083,83.90566083,83.90566083,83.90566083
t_5596,83.90566083,83.90566083,83.90566083,83.90566083
t_5597,83.90566083,83.90566083,83.90566083,83.90566083
t_5598,83.90566083,83.90566083,83.90566083,83.90566083
t_5599,81.34851129,81.34851129,81.34851129,81.34851129
t_56,79.18538934,79.18538934,79.18538934,79.18538934
t_560,22.84340313,22.84340313,22.84340313,22.84340313
t_5600,62.94492749,62.94492749,62.94492749,62.94492749
t_5601,52.52944098,52.52944098,52.52944098,52.52944098
t_5602,52.52944098,52.52944098,52.52944098,52.52944098
t_5603,52.5294409,52.5294409,52.5294409,52.5294409
t_5604,52.5294409,52.5294409,52.5294409,52.5294409
t_5605,52.52944098,52.52944098,52.52944098,52.52944098
t_5606,52.52944098,52.52944098,52.52944098,52.52944098
t_5607,52.52944098,52.52944098,52.52944098,52.52944098
t_5608,60.16571681,60.16571681,60.16571681,60.16571681
t_5609,83.20502156,83.20502156,83.20502156,83.20502156
t_561,22.84340313,22.84340313,22.84340313,22.84340313
t_5610,88.32962782,88.32962782,88.32962782,88.32962782
t_5611,113.0528875,113.0528875,113.0528875,113.0528875
t_5612,113.0528875,113.0528875,113.0528875,113.0528875
t_5613,113.0528875,113.0528875,113.0528875,113.0528875
t_5614,113.0528875,113.0528875,113.0528875,113.0528875
t_5615,113.0528875,113.0528875,113.0528875,113.0528875
t_5616,113.0528875,113.0528875,113.0528875,113.0528875
t_5617,113.0528875,113.0528875,113.0528875,113.0528875
t_5618,113.0528875,113.0528875,113.0528875,113.0528875
t_5619,113.0528875,113.0528875,113.0528875,113.0528875
t_562,6.750000002,6.750000002,6.750000002,6.750000002
t_5620,113.0528875,113.0528875,113.0528875,113.0528875
t_5621,102.14842,102.14842,102.14842,102.14842
t_5622,101.9730474,101.9730474,101.9730474,101.9730474
t_5623,84.97076216,84.97076216,84.97076216,84.97076216
t_5624,59.31436053,59.31436053,59.31436053,59.31436053
t_5625,53.89795951,53.89795951,53.89795951,53.89795951
t_5626,50.45834643,50.45834643,50.45834643,50.45834643
t_5627,29.02584038,29.02584038,29.02584038,29.02584038
t_5628,29.02584038,29.02584038,29.02584038,29.02584038
t_5629,29.02584038,29.02584038,29.02584038,29.02584038
t_563,6.750000001,6.750000001,6.750000001,6.750000001
t_5630,50.45834643,50.45834643,50.45834643,50.45834643
t_5631,50.45834644,50.45834644,50.45834644,50.45834644
t_5632,59.82598265,59.82598265,59.82598265,59.82598265
t_5633,80.74013389,80.74013389,80.74013389,80.74013389
t_5634,81.48592839,81.48592839,81.48592839,81.48592839
t_5635,82.20882999,82.20882999,82.20882999,82.20882999
t_5636,82.20882999,82.20882999,82.20882999,82.20882999
t_5637,82.20882999,82.20882999,82.20882999,82.20882999
t_5638,82.20882999,82.20882999,82.20882999,82.20882999
t_5639,82.20882999,82.20882999,82.20882999,82.20882999
t_564,4.500000001,4.500000001,4.500000001,4.500000001
t_5640,82.20882999,82.20882999,82.20882999,82.20882999
t_5641,79.33211561,79.33211561,79.33211561,79.33211561
t_5642,78.31857011,78.31857011,78.31857011,78.31857011
t_5643,69.73181661,69.73181661,69.73181661,69.73181661
t_5644,77.76290692,77.76290692,77.76290692,77.76290692
t_5645,78.74602205,78.74602205,78.74602205,78.74602205
t_5646,78.94089588,78.94089588,78.94089588,78.94089588
t_5647,78.0211727,78.0211727,78.0211727,78.0211727
t_5648,50.27390937,50.27390937,50.27390937,50.27390937
t_5649,41.14875909,41.14875909,41.14875909,41.14875909
t_565,4.500000001,4.500000001,4.500000001,4.500000001
t_5650,41.14875909,41.14875909,41.14875909,41.14875909
t_5651,30.43250606,30.43250606,30.43250606,30.43250606
t_5652,30.43250606,30.43250606,30.43250606,30.43250606
t_5653,41.14875909,41.14875909,41.14875909,41.14875909
t_5654,41.14875909,41.14875909,41.14875909,41.14875909
t_5655,43.21985363,43.21985363,43.21985363,43.21985363
t_5656,43.21985363,43.21985363,43.21985363,43.21985363
t_5657,62.19913299,62.19913299,62.19913299,62.19913299
t_5658,62.19913299,62.19913299,62.19913299,62.19913299
t_5659,62.19913299,62.19913299,62.19913299,62.19913299
t_566,4.500000001,4.500000001,4.500000001,4.500000001
t_5660,62.19913299,62.19913299,62.19913299,62.19913299
t_5661,62.19913299,62.19913299,62.19913299,62.19913299
t_5662,62.19913299,62.19913299,62.19913299,62.19913299
t_5663,62.19913299,62.19913299,62.19913299,62.19913299
t_5664,58.56856603,58.56856603,58.56856603,58.56856603
t_5665,54.93799906,54.93799906,54.93799906,54.93799906
t_5666,54.93799906,54.93799906,54.93799906,54.93799906
t_5667,54.93799906,54.93799906,54.93799906,54.93799906
t_5668,54.93799906,54.93799906,54.93799906,54.93799906
t_5669,54.93799906,54.93799906,54.93799906,54.93799906
t_567,6.750000001,6.750000001,6.750000001,6.750000001
t_5670,54.93799906,54.93799906,54.93799906,54.93799906
t_5671,43.21985363,43.21985363,43.21985363,43.21985363
t_5672,41.14875909,41.14875909,41.14875909,41.14875909
t_5673,27.96871548,27.96871548,27.96871548,27.96871548
t_5674,25.71871548,25.71871548,25.71871548,25.71871548
t_5675,23.2549249,23.2549249,23.2549249,23.2549249
t_5676,22.82722241,22.82722241,22.82722241,22.82722241
t_5677,22.82722241,22.82722241,22.82722241,22.82722241
t_5678,23.2549249,23.2549249,23.2549249,23.2549249
t_5679,23.25492491,23.25492491,23.25492491,23.25492491
t_568,19.71625303,19.71625303,19.71625303,19.71625303
t_5680,30.43250606,30.43250606,30.43250606,30.43250606
t_5681,41.14875909,41.14875909,41.14875909,41.14875909
t_5682,43.21985363,43.21985363,43.21985363,43.21985363
t_5683,43.21985363,43.21985363,43.21985363,43.21985363
t_5684,43.21985363,43.21985363,43.21985363,43.21985363
t_5685,43.21985363,43.21985363,43.21985363,43.21985363
t_5686,43.21985363,43.21985363,43.21985363,43.21985363
t_5687,43.21985363,43.21985363,43.21985363,43.21985363
t_5688,43.21985363,43.21985363,43.21985363,43.21985363
t_5689,43.21985363,43.21985363,43.21985363,43.21985363
t_569,51.84297636,51.84297636,51.84297636,51.84297636
t_5690,43.21985363,43.21985363,43.21985363,43.21985363
t_5691,43.21985363,43.21985363,43.21985363,43.21985363
t_5692,43.21985363,43.21985363,43.21985363,43.21985363
t_5693,43.21985363,43.21985363,43.21985363,43.21985363
t_5694,43.21985363,43.21985363,43.21985363,43.21985363
t_5695,43.21985363,43.21985363,43.21985363,43.21985363
t_5696,6.75,6.75,6.75,6.75
t_5697,4.5,4.5,4.5,4.5
t_5698,4.5,4.5,4.5,4.5
t_5699,4.5,4.5,4.5,4.5
t_57,72.10170809,72.10170809,72.10170809,72.10170809
t_570,51.84297636,51.84297636,51.84297636,51.84297636
t_5700,4.5,4.5,4.5,4.5
t_5701,4.5,4.5,4.5,4.5
t_5702,4.5,4.5,4.5,4.5
t_5703,4.5,4.5,4.5,4.5
t_5704,6.75,6.75,6.75,6.75
t_5705,30.2536006,30.2536006,30.2536006,30.2536006
t_5706,54.93799906,54.93799906,54.93799906,54.93799906
t_5707,54.93799906,54.93799906,54.93799906,54.93799906
t_5708,54.93799906,54.93799906,54.93799906,54.93799906
t_5709,54.93799906,54.93799906,54.93799906,54.93799906
t_571,51.84297636,51.84297636,51.84297636,51.84297636
t_5710,54.93799906,54.93799906,54.93799906,54.93799906
t_5711,54.93799906,54.93799906,54.93799906,54.93799906
t_5712,54.93799906,54.93799906,54.93799906,54.93799906
t_5713,54.93799906,54.93799906,54.93799906,54.93799906
t_5714,54.93799906,54.93799906,54.93799906,54.93799906
t_5715,54.93799906,54.93799906,54.93799906,54.93799906
t_5716,54.93799906,54.93799906,54.93799906,54.93799906
t_5717,54.93799906,54.93799906,54.93799906,54.93799906
t_5718,54.93799906,54.93799906,54.93799906,54.93799906
t_5719,54.93799906,54.93799906,54.93799906,54.93799906
t_572,51.84297636,51.84297636,51.84297636,51.84297636
t_5720,43.21985363,43.21985363,43.21985363,43.21985363
t_5721,34.84418843,34.84418843,34.84418843,34.84418843
t_5722,25.03022073,25.03022073,25.03022073,25.03022073
t_5723,25.03022073,25.03022073,25.03022073,25.03022073
t_5724,25.03022073,25.03022073,25.03022073,25.03022073
t_5725,25.03022073,25.03022073,25.03022073,25.03022073
t_5726,25.03022073,25.03022073,25.03022073,25.03022073
t_5727,40.34014069,40.34014069,40.34014069,40.34014069
t_5728,43.21985363,43.21985363,43.21985363,43.21985363
t_5729,48.43354949,48.43354949,48.43354949,48.43354949
t_573,51.84297636,51.84297636,51.84297636,51.84297636
t_5730,54.93799906,54.93799906,54.93799906,54.93799906
t_5731,54.93799907,54.93799907,54.93799907,54.93799907
t_5732,54.93799907,54.93799907,54.93799907,54.93799907
t_5733,54.93799907,54.93799907,54.93799907,54.93799907
t_5734,54.93799907,54.93799907,54.93799907,54.93799907
t_5735,54.93799906,54.93799906,54.93799906,54.93799906
t_5736,54.93799906,54.93799906,54.93799906,54.93799906
t_5737,54.93799906,54.93799906,54.93799906,54.93799906
t_5738,54.93799906,54.93799906,54.93799906,54.93799906
t_5739,54.93799906,54.93799906,54.93799906,54.93799906
t_574,51.84297636,51.84297636,51.84297636,51.84297636
t_5740,54.93799906,54.93799906,54.93799906,54.93799906
t_5741,54.93799906,54.93799906,54.93799906,54.93799906
t_5742,54.93799906,54.93799906,54.93799906,54.93799906
t_5743,43.21985363,43.21985363,43.21985363,43.21985363
t_5744,43.21985363,43.21985363,43.21985363,43.21985363
t_5745,30.43250606,30.43250606,30.43250606,30.43250606
t_5746,28.18250605,28.18250605,28.18250605,28.18250605
t_5747,28.18250606,28.18250606,28.18250606,28.18250606
t_5748,28.18250606,28.18250606,28.18250606,28.18250606
t_5749,28.18250606,28.18250606,28.18250606,28.18250606
t_575,51.84297636,51.84297636,51.84297636,51.84297636
t_5750,28.18250606,28.18250606,28.18250606,28.18250606
t_5751,28.18250606,28.18250606,28.18250606,28.18250606
t_5752,28.18250606,28.18250606,28.18250606,28.18250606
t_5753,39.56408521,39.56408521,39.56408521,39.56408521
t_5754,43.21985363,43.21985363,43.21985363,43.21985363
t_5755,43.21985363,43.21985363,43.21985363,43.21985363
t_5756,43.21985363,43.21985363,43.21985363,43.21985363
t_5757,43.21985363,43.21985363,43.21985363,43.21985363
t_5758,43.21985363,43.21985363,43.21985363,43.21985363
t_5759,43.21985363,43.21985363,43.21985363,43.21985363
t_576,51.84297636,51.84297636,51.84297636,51.84297636
t_5760,43.21985363,43.21985363,43.21985363,43.21985363
t_5761,43.21985363,43.21985363,43.21985363,43.21985363
t_5762,43.21985363,43.21985363,43.21985363,43.21985363
t_5763,43.21985363,43.21985363,43.21985363,43.21985363
t_5764,43.21985363,43.21985363,43.21985363,43.21985363
t_5765,43.21985363,43.21985363,43.21985363,43.21985363
t_5766,43.21985363,43.21985363,43.21985363,43.21985363
t_5767,43.21985363,43.21985363,43.21985363,43.21985363
t_5768,15.21625303,15.21625303,15.21625303,15.21625303
t_5769,15.21625303,15.21625303,15.21625303,15.21625303
t_577,51.84297636,51.84297636,51.84297636,51.84297636
t_5770,15.21625303,15.21625303,15.21625303,15.21625303
t_5771,15.21625303,15.21625303,15.21625303,15.21625303
t_5772,15.21625303,15.21625303,15.21625303,15.21625303
t_5773,15.21625303,15.21625303,15.21625303,15.21625303
t_5774,15.21625303,15.21625303,15.21625303,15.21625303
t_5775,15.21625303,15.21625303,15.21625303,15.21625303
t_5776,15.21625303,15.21625303,15.21625303,15.21625303
t_5777,41.14875909,41.14875909,41.14875909,41.14875909
t_5778,54.93799906,54.93799906,54.93799906,54.93799906
t_5779,54.93799906,54.93799906,54.93799906,54.93799906
t_578,51.84297636,51.84297636,51.84297636,51.84297636
t_5780,54.93799906,54.93799906,54.93799906,54.93799906
t_5781,54.93799906,54.93799906,54.93799906,54.93799906
t_5782,54.93799906,54.93799906,54.93799906,54.93799906
t_5783,54.93824906,54.93824906,54.93824906,54.93824906
t_5784,54.93799906,54.93799906,54.93799906,54.93799906
t_5785,54.93799906,54.93799906,54.93799906,54.93799906
t_5786,54.93799906,54.93799906,54.93799906,54.93799906
t_5787,54.93799906,54.93799906,54.93799906,54.93799906
t_5788,54.93799906,54.93799906,54.93799906,54.93799906
t_5789,54.93799906,54.93799906,54.93799906,54.93799906
t_579,51.84297636,51.84297636,51.84297636,51.84297636
t_5790,54.93799906,54.93799906,54.93799906,54.93799906
t_5791,48.43354949,48.43354949,48.43354949,48.43354949
t_5792,43.21985363,43.21985363,43.21985363,43.21985363
t_5793,15.21625303,15.21625303,15.21625303,15.21625303
t_5794,15.21625303,15.21625303,15.21625303,15.21625303
t_5795,15.21625303,15.21625303,15.21625303,15.21625303
t_5796,15.21625303,15.21625303,15.21625303,15.21625303
t_5797,15.21625303,15.21625303,15.21625303,15.21625303
t_5798,15.21625303,15.21625303,15.21625303,15.21625303
t_5799,15.21625303,15.21625303,15.21625303,15.21625303
t_58,42.27505051,42.27505051,42.27505051,42.27505051
t_580,51.84297636,51.84297636,51.84297636,51.84297636
t_5800,43.21985363,43.21985363,43.21985363,43.21985363
t_5801,48.43354949,48.43354949,48.43354949,48.43354949
t_5802,54.93799906,54.93799906,54.93799906,54.93799906
t_5803,55.46602685,55.46602685,55.46602685,55.46602685
t_5804,55.46602685,55.46602685,55.46602685,55.46602685
t_5805,55.46602685,55.46602685,55.46602685,55.46602685
t_5806,55.46602685,55.46602685,55.46602685,55.46602685
t_5807,55.46602684,55.46602684,55.46602684,55.46602684
t_5808,55.46602684,55.46602684,55.46602684,55.46602684
t_5809,55.46602684,55.46602684,55.46602684,55.46602684
t_581,50.11011765,50.11011765,50.11011765,50.11011765
t_5810,55.46602684,55.46602684,55.46602684,55.46602684
t_5811,55.46602684,55.46602684,55.46602684,55.46602684
t_5812,55.46602684,55.46602684,55.46602684,55.46602684
t_5813,54.93799906,54.93799906,54.93799906,54.93799906
t_5814,55.46602684,55.46602684,55.46602684,55.46602684
t_5815,43.74788141,43.74788141,43.74788141,43.74788141
t_5816,30.02819686,30.02819686,30.02819686,30.02819686
t_5817,15.21625303,15.21625303,15.21625303,15.21625303
t_5818,15.21625303,15.21625303,15.21625303,15.21625303
t_5819,15.21625303,15.21625303,15.21625303,15.21625303
t_582,50.11011765,50.11011765,50.11011765,50.11011765
t_5820,15.21625303,15.21625303,15.21625303,15.21625303
t_5821,15.21625303,15.21625303,15.21625303,15.21625303
t_5822,15.21625303,15.21625303,15.21625303,15.21625303
t_5823,15.21625303,15.21625303,15.21625303,15.21625303
t_5824,17.46625303,17.46625303,17.46625303,17.46625303
t_5825,43.21985363,43.21985363,43.21985363,43.21985363
t_5826,54.93799906,54.93799906,54.93799906,54.93799906
t_5827,55.46602684,55.46602684,55.46602684,55.46602684
t_5828,55.46602684,55.46602684,55.46602684,55.46602684
t_5829,55.46602684,55.46602684,55.46602684,55.46602684
t_583,53.6622253,53.6622253,53.6622253,53.6622253
t_5830,55.46602684,55.46602684,55.46602684,55.46602684
t_5831,55.46602684,55.46602684,55.46602684,55.46602684
t_5832,55.46602684,55.46602684,55.46602684,55.46602684
t_5833,55.46602684,55.46602684,55.46602684,55.46602684
t_5834,55.46602684,55.46602684,55.46602684,55.46602684
t_5835,55.46602684,55.46602684,55.46602684,55.46602684
t_5836,55.46602684,55.46602684,55.46602684,55.46602684
t_5837,54.93799906,54.93799906,54.93799906,54.93799906
t_5838,55.46602684,55.46602684,55.46602684,55.46602684
t_5839,52.81264059,52.81264059,52.81264059,52.81264059
t_584,53.6622253,53.6622253,53.6622253,53.6622253
t_5840,37.60377773,37.60377773,37.60377773,37.60377773
t_5841,22.56643015,22.56643015,22.56643015,22.56643015
t_5842,22.56643015,22.56643015,22.56643015,22.56643015
t_5843,22.56643015,22.56643015,22.56643015,22.56643015
t_5844,22.56643015,22.56643015,22.56643015,22.56643015
t_5845,22.56643015,22.56643015,22.56643015,22.56643015
t_5846,22.56643015,22.56643015,22.56643015,22.56643015
t_5847,25.03022072,25.03022072,25.03022072,25.03022072
t_5848,28.18250606,28.18250606,28.18250606,28.18250606
t_5849,43.21985363,43.21985363,43.21985363,43.21985363
t_585,58.66451257,58.66451257,58.66451257,58.66451257
t_5850,54.93799906,54.93799906,54.93799906,54.93799906
t_5851,55.46602684,55.46602684,55.46602684,55.46602684
t_5852,55.46602684,55.46602684,55.46602684,55.46602684
t_5853,55.46602684,55.46602684,55.46602684,55.46602684
t_5854,55.46602684,55.46602684,55.46602684,55.46602684
t_5855,55.46602685,55.46602685,55.46602685,55.46602685
t_5856,55.46602685,55.46602685,55.46602685,55.46602685
t_5857,58.5077436,58.5077436,58.5077436,58.5077436
t_5858,58.5077436,58.5077436,58.5077436,58.5077436
t_5859,55.46602684,55.46602684,55.46602684,55.46602684
t_586,58.13801645,58.13801645,58.13801645,58.13801645
t_5860,58.5077436,58.5077436,58.5077436,58.5077436
t_5861,68.69596885,68.69596885,68.69596885,68.69596885
t_5862,71.73768561,71.73768561,71.73768561,71.73768561
t_5863,63.05645184,63.05645184,63.05645184,63.05645184
t_5864,41.14875909,41.14875909,41.14875909,41.14875909
t_5865,25.71871548,25.71871548,25.71871548,25.71871548
t_5866,25.71871548,25.71871548,25.71871548,25.71871548
t_5867,25.71871548,25.71871548,25.71871548,25.71871548
t_5868,25.71871548,25.71871548,25.71871548,25.71871548
t_5869,25.71871548,25.71871548,25.71871548,25.71871548
t_587,56.76910643,56.76910643,56.76910643,56.76910643
t_5870,25.71871548,25.71871548,25.71871548,25.71871548
t_5871,27.96871548,27.96871548,27.96871548,27.96871548
t_5872,45.31349068,45.31349068,45.31349068,45.31349068
t_5873,61.47101064,61.47101064,61.47101064,61.47101064
t_5874,68.33851634,68.33851634,68.33851634,68.33851634
t_5875,74.85189063,74.85189063,74.85189063,74.85189063
t_5876,74.85189063,74.85189063,74.85189063,74.85189063
t_5877,74.85189063,74.85189063,74.85189063,74.85189063
t_5878,74.85189063,74.85189063,74.85189063,74.85189063
t_5879,74.85189063,74.85189063,74.85189063,74.85189063
t_588,57.81886236,57.81886236,57.81886236,57.81886236
t_5880,74.85189063,74.85189063,74.85189063,74.85189063
t_5881,74.85189063,74.85189063,74.85189063,74.85189063
t_5882,74.85189063,74.85189063,74.85189063,74.85189063
t_5883,74.85189063,74.85189063,74.85189063,74.85189063
t_5884,74.85189063,74.85189063,74.85189063,74.85189063
t_5885,74.32386285,74.32386285,74.32386285,74.32386285
t_5886,74.85189063,74.85189063,74.85189063,74.85189063
t_5887,74.73835424,74.73835424,74.73835424,74.73835424
t_5888,54.80353201,54.80353201,54.80353201,54.80353201
t_5889,40.39511727,40.39511727,40.39511727,40.39511727
t_589,47.69889625,47.69889625,47.69889625,47.69889625
t_5890,30.02819686,30.02819686,30.02819686,30.02819686
t_5891,30.02819686,30.02819686,30.02819686,30.02819686
t_5892,27.77819686,27.77819686,27.77819686,27.77819686
t_5893,27.77819686,27.77819686,27.77819686,27.77819686
t_5894,30.02819686,30.02819686,30.02819686,30.02819686
t_5895,30.02819686,30.02819686,30.02819686,30.02819686
t_5896,40.29874917,40.29874917,40.29874917,40.29874917
t_5897,44.13369597,44.13369597,44.13369597,44.13369597
t_5898,50.27390937,50.27390937,50.27390937,50.27390937
t_5899,50.27390937,50.27390937,50.27390937,50.27390937
t_59,31.83944556,31.83944556,31.83944556,31.83944556
t_590,47.69889625,47.69889625,47.69889625,47.69889625
t_5900,50.27390937,50.27390937,50.27390937,50.27390937
t_5901,50.27390937,50.27390937,50.27390937,50.27390937
t_5902,50.80193715,50.80193715,50.80193715,50.80193715
t_5903,44.71850363,44.71850363,44.71850363,44.71850363
t_5904,44.71850363,44.71850363,44.71850363,44.71850363
t_5905,44.71850363,44.71850363,44.71850363,44.71850363
t_5906,44.71850363,44.71850363,44.71850363,44.71850363
t_5907,44.71850363,44.71850363,44.71850363,44.71850363
t_5908,44.71850363,44.71850363,44.71850363,44.71850363
t_5909,44.19047585,44.19047585,44.19047585,44.19047585
t_591,60.41008662,60.41008662,60.41008662,60.41008662
t_5910,44.71850363,44.71850363,44.71850363,44.71850363
t_5911,43.74788141,43.74788141,43.74788141,43.74788141
t_5912,41.14875909,41.14875909,41.14875909,41.14875909
t_5913,28.18250606,28.18250606,28.18250606,28.18250606
t_5914,15.21625303,15.21625303,15.21625303,15.21625303
t_5915,15.21625303,15.21625303,15.21625303,15.21625303
t_5916,15.21625303,15.21625303,15.21625303,15.21625303
t_5917,15.21625303,15.21625303,15.21625303,15.21625303
t_5918,15.21625303,15.21625303,15.21625303,15.21625303
t_5919,15.21625303,15.21625303,15.21625303,15.21625303
t_592,61.39586829,61.39586829,61.39586829,61.39586829
t_5920,25.71871548,25.71871548,25.71871548,25.71871548
t_5921,41.14875909,41.14875909,41.14875909,41.14875909
t_5922,54.88815947,54.88815947,54.88815947,54.88815947
t_5923,55.66090067,55.66090067,55.66090067,55.66090067
t_5924,55.66090067,55.66090067,55.66090067,55.66090067
t_5925,55.66090067,55.66090067,55.66090067,55.66090067
t_5926,55.66090067,55.66090067,55.66090067,55.66090067
t_5927,55.66090067,55.66090067,55.66090067,55.66090067
t_5928,55.66090067,55.66090067,55.66090067,55.66090067
t_5929,55.66090067,55.66090067,55.66090067,55.66090067
t_593,64.92339736,64.92339736,64.92339736,64.92339736
t_5930,55.66090067,55.66090067,55.66090067,55.66090067
t_5931,55.66090067,55.66090067,55.66090067,55.66090067
t_5932,55.66090067,55.66090067,55.66090067,55.66090067
t_5933,55.66090067,55.66090067,55.66090067,55.66090067
t_5934,55.66090067,55.66090067,55.66090067,55.66090067
t_5935,55.66090067,55.66090067,55.66090067,55.66090067
t_5936,54.93799906,54.93799906,54.93799906,54.93799906
t_5937,37.71729646,37.71729646,37.71729646,37.71729646
t_5938,32.5036006,32.5036006,32.5036006,32.5036006
t_5939,30.25360061,30.25360061,30.25360061,30.25360061
t_594,64.92339736,64.92339736,64.92339736,64.92339736
t_5940,30.25360061,30.25360061,30.25360061,30.25360061
t_5941,32.5036006,32.5036006,32.5036006,32.5036006
t_5942,32.5036006,32.5036006,32.5036006,32.5036006
t_5943,43.21985363,43.21985363,43.21985363,43.21985363
t_5944,43.21985363,43.21985363,43.21985363,43.21985363
t_5945,73.01687622,73.01687622,73.01687622,73.01687622
t_5946,81.85414921,81.85414921,81.85414921,81.85414921
t_5947,82.38217699,82.38217699,82.38217699,82.38217699
t_5948,82.57705082,82.57705082,82.57705082,82.57705082
t_5949,100.1190504,100.1190504,100.1190504,100.1190504
t_595,64.92339736,64.92339736,64.92339736,64.92339736
t_5950,100.1190504,100.1190504,100.1190504,100.1190504
t_5951,100.1190504,100.1190504,100.1190504,100.1190504
t_5952,100.1190504,100.1190504,100.1190504,100.1190504
t_5953,99.2942796,99.2942796,99.2942796,99.2942796
t_5954,97.96513165,97.96513165,97.96513165,97.96513165
t_5955,96.64568619,96.64568619,96.64568619,96.64568619
t_5956,91.8592451,91.8592451,91.8592451,91.8592451
t_5957,79.29210159,79.29210159,79.29210159,79.29210159
t_5958,80.22825821,80.22825821,80.22825821,80.22825821
t_5959,77.5124251,77.5124251,77.5124251,77.5124251
t_596,64.92339736,64.92339736,64.92339736,64.92339736
t_5960,47.36204273,47.36204273,47.36204273,47.36204273
t_5961,40.74444989,40.74444989,40.74444989,40.74444989
t_5962,28.18250606,28.18250606,28.18250606,28.18250606
t_5963,28.18250606,28.18250606,28.18250606,28.18250606
t_5964,28.18250606,28.18250606,28.18250606,28.18250606
t_5965,28.18250606,28.18250606,28.18250606,28.18250606
t_5966,28.18250606,28.18250606,28.18250606,28.18250606
t_5967,28.18250606,28.18250606,28.18250606,28.18250606
t_5968,51.5493168,51.5493168,51.5493168,51.5493168
t_5969,74.73380092,74.73380092,74.73380092,74.73380092
t_597,64.92339736,64.92339736,64.92339736,64.92339736
t_5970,82.46254393,82.46254393,82.46254393,82.46254393
t_5971,82.46254393,82.46254393,82.46254393,82.46254393
t_5972,82.46254393,82.46254393,82.46254393,82.46254393
t_5973,82.46254393,82.46254393,82.46254393,82.46254393
t_5974,82.46254393,82.46254393,82.46254393,82.46254393
t_5975,82.46254393,82.46254393,82.46254393,82.46254393
t_5976,82.46254393,82.46254393,82.46254393,82.46254393
t_5977,79.01289253,79.01289253,79.01289253,79.01289253
t_5978,78.98274404,78.98274404,78.98274404,78.98274404
t_5979,77.5124251,77.5124251,77.5124251,77.5124251
t_598,62.19204164,62.19204164,62.19204164,62.19204164
t_5980,63.26746223,63.26746223,63.26746223,63.26746223
t_5981,63.26746223,63.26746223,63.26746223,63.26746223
t_5982,59.10273065,59.10273065,59.10273065,59.10273065
t_5983,54.93799906,54.93799906,54.93799906,54.93799906
t_5984,52.7279408,52.7279408,52.7279408,52.7279408
t_5985,40.0675683,40.0675683,40.0675683,40.0675683
t_5986,30.2536006,30.2536006,30.2536006,30.2536006
t_5987,30.2536006,30.2536006,30.2536006,30.2536006
t_5988,30.2536006,30.2536006,30.2536006,30.2536006
t_5989,30.2533506,30.2533506,30.2533506,30.2533506
t_599,62.19204163,62.19204163,62.19204163,62.19204163
t_5990,30.25335061,30.25335061,30.25335061,30.25335061
t_5991,30.2536006,30.2536006,30.2536006,30.2536006
t_5992,48.43354949,48.43354949,48.43354949,48.43354949
t_5993,54.93799906,54.93799906,54.93799906,54.93799906
t_5994,54.93799906,54.93799906,54.93799906,54.93799906
t_5995,54.93799906,54.93799906,54.93799906,54.93799906
t_5996,54.93799906,54.93799906,54.93799906,54.93799906
t_5997,54.93799906,54.93799906,54.93799906,54.93799906
t_5998,54.93799906,54.93799906,54.93799906,54.93799906
t_5999,54.93799906,54.93799906,54.93799906,54.93799906
t_6,41.14875909,41.14875909,41.14875909,41.14875909
t_60,29.58944556,29.58944556,29.58944556,29.58944556
t_600,50.37794965,50.37794965,50.37794965,50.37794965
t_6000,54.93799906,54.93799906,54.93799906,54.93799906
t_6001,48.43354949,48.43354949,48.43354949,48.43354949
t_6002,48.43354949,48.43354949,48.43354949,48.43354949
t_6003,43.21985364,43.21985364,43.21985364,43.21985364
t_6004,43.21985363,43.21985363,43.21985363,43.21985363
t_6005,43.21985363,43.21985363,43.21985363,43.21985363
t_6006,46.74738269,46.74738269,46.74738269,46.74738269
t_6007,43.21985363,43.21985363,43.21985363,43.21985363
t_6008,40.74444989,40.74444989,40.74444989,40.74444989
t_6009,28.18250606,28.18250606,28.18250606,28.18250606
t_601,44.77932605,44.77932605,44.77932605,44.77932605
t_6010,25.93250606,25.93250606,25.93250606,25.93250606
t_6011,21.02408247,21.02408247,21.02408247,21.02408247
t_6012,21.00492491,21.00492491,21.00492491,21.00492491
t_6013,21.00492491,21.00492491,21.00492491,21.00492491
t_6014,21.00492491,21.00492491,21.00492491,21.00492491
t_6015,25.12388766,25.12388766,25.12388766,25.12388766
t_6016,29.33817761,29.33817761,29.33817761,29.33817761
t_6017,43.21985363,43.21985363,43.21985363,43.21985363
t_6018,43.21985363,43.21985363,43.21985363,43.21985363
t_6019,43.21985363,43.21985363,43.21985363,43.21985363
t_602,43.21985363,43.21985363,43.21985363,43.21985363
t_6020,43.21985363,43.21985363,43.21985363,43.21985363
t_6021,43.21985363,43.21985363,43.21985363,43.21985363
t_6022,43.21985363,43.21985363,43.21985363,43.21985363
t_6023,43.21985363,43.21985363,43.21985363,43.21985363
t_6024,43.21985363,43.21985363,43.21985363,43.21985363
t_6025,43.21985363,43.21985363,43.21985363,43.21985363
t_6026,43.21985363,43.21985363,43.21985363,43.21985363
t_6027,43.21985363,43.21985363,43.21985363,43.21985363
t_6028,43.21985363,43.21985363,43.21985363,43.21985363
t_6029,43.21985363,43.21985363,43.21985363,43.21985363
t_603,43.21985363,43.21985363,43.21985363,43.21985363
t_6030,43.21985363,43.21985363,43.21985363,43.21985363
t_6031,43.21985363,43.21985363,43.21985363,43.21985363
t_6032,15.00246245,15.00246245,15.00246245,15.00246245
t_6033,12.75246245,12.75246245,12.75246245,12.75246245
t_6034,12.75246245,12.75246245,12.75246245,12.75246245
t_6035,12.75246245,12.75246245,12.75246245,12.75246245
t_6036,12.75246245,12.75246245,12.75246245,12.75246245
t_6037,12.75246245,12.75246245,12.75246245,12.75246245
t_6038,12.75246245,12.75246245,12.75246245,12.75246245
t_6039,12.75246245,12.75246245,12.75246245,12.75246245
t_604,43.21985363,43.21985363,43.21985363,43.21985363
t_6040,17.46625303,17.46625303,17.46625303,17.46625303
t_6041,43.21985363,43.21985363,43.21985363,43.21985363
t_6042,54.93799906,54.93799906,54.93799906,54.93799906
t_6043,55.46602684,55.46602684,55.46602684,55.46602684
t_6044,55.46602684,55.46602684,55.46602684,55.46602684
t_6045,55.46602684,55.46602684,55.46602684,55.46602684
t_6046,55.46602684,55.46602684,55.46602684,55.46602684
t_6047,55.46602684,55.46602684,55.46602684,55.46602684
t_6048,55.46602684,55.46602684,55.46602684,55.46602684
t_6049,55.46602684,55.46602684,55.46602684,55.46602684
t_605,43.21985363,43.21985363,43.21985363,43.21985363
t_6050,55.46602684,55.46602684,55.46602684,55.46602684
t_6051,55.46602684,55.46602684,55.46602684,55.46602684
t_6052,55.46602683,55.46602683,55.46602683,55.46602683
t_6053,54.93799906,54.93799906,54.93799906,54.93799906
t_6054,54.93799906,54.93799906,54.93799906,54.93799906
t_6055,54.93799906,54.93799906,54.93799906,54.93799906
t_6056,48.43354949,48.43354949,48.43354949,48.43354949
t_6057,43.21985363,43.21985363,43.21985363,43.21985363
t_6058,40.75606306,40.75606306,40.75606306,40.75606306
t_6059,38.68496851,38.68496851,38.68496851,38.68496851
t_606,43.21985363,43.21985363,43.21985363,43.21985363
t_6060,38.68496851,38.68496851,38.68496851,38.68496851
t_6061,38.68496851,38.68496851,38.68496851,38.68496851
t_6062,40.75606306,40.75606306,40.75606306,40.75606306
t_6063,43.21985363,43.21985363,43.21985363,43.21985363
t_6064,43.21985363,43.21985363,43.21985363,43.21985363
t_6065,63.26746223,63.26746223,63.26746223,63.26746223
t_6066,64.01325673,64.01325673,64.01325673,64.01325673
t_6067,64.01325673,64.01325673,64.01325673,64.01325673
t_6068,64.01325673,64.01325673,64.01325673,64.01325673
t_6069,64.01325673,64.01325673,64.01325673,64.01325673
t_607,46.7473827,46.7473827,46.7473827,46.7473827
t_6070,64.01325673,64.01325673,64.01325673,64.01325673
t_6071,64.01325673,64.01325673,64.01325673,64.01325673
t_6072,64.01325673,64.01325673,64.01325673,64.01325673
t_6073,64.01325673,64.01325673,64.01325673,64.01325673
t_6074,62.9449275,62.9449275,62.9449275,62.9449275
t_6075,55.68379356,55.68379356,55.68379356,55.68379356
t_6076,55.68379356,55.68379356,55.68379356,55.68379356
t_6077,55.68379356,55.68379356,55.68379356,55.68379356
t_6078,55.68379356,55.68379356,55.68379356,55.68379356
t_6079,54.93799906,54.93799906,54.93799906,54.93799906
t_608,46.7473827,46.7473827,46.7473827,46.7473827
t_6080,48.99804134,48.99804134,48.99804134,48.99804134
t_6081,43.21985363,43.21985363,43.21985363,43.21985363
t_6082,41.14875909,41.14875909,41.14875909,41.14875909
t_6083,41.14875909,41.14875909,41.14875909,41.14875909
t_6084,41.14875909,41.14875909,41.14875909,41.14875909
t_6085,41.14875909,41.14875909,41.14875909,41.14875909
t_6086,41.14875909,41.14875909,41.14875909,41.14875909
t_6087,41.14875909,41.14875909,41.14875909,41.14875909
t_6088,43.21985363,43.21985363,43.21985363,43.21985363
t_6089,54.93799906,54.93799906,54.93799906,54.93799906
t_609,43.21985363,43.21985363,43.21985363,43.21985363
t_6090,63.47909211,63.47909211,63.47909211,63.47909211
t_6091,64.20199372,64.20199372,64.20199372,64.20199372
t_6092,64.20199372,64.20199372,64.20199372,64.20199372
t_6093,64.20199372,64.20199372,64.20199372,64.20199372
t_6094,64.20199372,64.20199372,64.20199372,64.20199372
t_6095,64.20199372,64.20199372,64.20199372,64.20199372
t_6096,61.04839542,61.04839542,61.04839542,61.04839542
t_6097,61.04839542,61.04839542,61.04839542,61.04839542
t_6098,61.04839542,61.04839542,61.04839542,61.04839542
t_6099,60.85352159,60.85352159,60.85352159,60.85352159
t_61,41.93133654,41.93133654,41.93133654,41.93133654
t_610,40.75606306,40.75606306,40.75606306,40.75606306
t_6100,60.48334161,60.48334161,60.48334161,60.48334161
t_6101,60.48334161,60.48334161,60.48334161,60.48334161
t_6102,64.00711989,64.00711989,64.00711989,64.00711989
t_6103,63.6678291,63.6678291,63.6678291,63.6678291
t_6104,56.1804091,56.1804091,56.1804091,56.1804091
t_6105,43.6968223,43.6968223,43.6968223,43.6968223
t_6106,43.6968223,43.6968223,43.6968223,43.6968223
t_6107,42.10269642,42.10269642,42.10269642,42.10269642
t_6108,42.10269642,42.10269642,42.10269642,42.10269642
t_6109,42.10269642,42.10269642,42.10269642,42.10269642
t_611,38.29227248,38.29227248,38.29227248,38.29227248
t_6110,45.29094818,45.29094818,45.29094818,45.29094818
t_6111,55.99337589,55.99337589,55.99337589,55.99337589
t_6112,65.21150749,65.21150749,65.21150749,65.21150749
t_6113,82.97400478,82.97400478,82.97400478,82.97400478
t_6114,84.14376288,84.14376288,84.14376288,84.14376288
t_6115,101.8806363,101.8806363,101.8806363,101.8806363
t_6116,101.8806363,101.8806363,101.8806363,101.8806363
t_6117,101.8806363,101.8806363,101.8806363,101.8806363
t_6118,101.8806363,101.8806363,101.8806363,101.8806363
t_6119,101.8806363,101.8806363,101.8806363,101.8806363
t_612,38.29227248,38.29227248,38.29227248,38.29227248
t_6120,101.8806363,101.8806363,101.8806363,101.8806363
t_6121,100.5239187,100.5239187,100.5239187,100.5239187
t_6122,100.135804,100.135804,100.135804,100.135804
t_6123,100.135804,100.135804,100.135804,100.135804
t_6124,91.75238466,91.75238466,91.75238466,91.75238466
t_6125,78.2051285,78.2051285,78.2051285,78.2051285
t_6126,79.20988776,79.20988776,79.20988776,79.20988776
t_6127,79.66690008,79.66690008,79.66690008,79.66690008
t_6128,72.49227532,72.49227532,72.49227532,72.49227532
t_6129,69.47303353,69.47303353,69.47303353,69.47303353
t_613,38.29227248,38.29227248,38.29227248,38.29227248
t_6130,57.74313685,57.74313685,57.74313685,57.74313685
t_6131,47.02688382,47.02688382,47.02688382,47.02688382
t_6132,47.02688382,47.02688382,47.02688382,47.02688382
t_6133,57.42609759,57.42609759,57.42609759,57.42609759
t_6134,57.48303915,57.48303915,57.48303915,57.48303915
t_6135,62.96858396,62.96858396,62.96858396,62.96858396
t_6136,62.96858396,62.96858396,62.96858396,62.96858396
t_6137,73.10360052,73.10360052,73.10360052,73.10360052
t_6138,73.63162828,73.63162828,73.63162828,73.63162828
t_6139,73.63162828,73.63162828,73.63162828,73.63162828
t_614,40.35175385,40.35175385,40.35175385,40.35175385
t_6140,70.48527173,70.48527173,70.48527173,70.48527173
t_6141,62.72716077,62.72716077,62.72716077,62.72716077
t_6142,56.41996417,56.41996417,56.41996417,56.41996417
t_6143,56.41996417,56.41996417,56.41996417,56.41996417
t_6144,55.19741812,55.19741812,55.19741812,55.19741812
t_6145,45.53983607,45.53983607,45.53983607,45.53983607
t_6146,45.53958607,45.53958607,45.53958607,45.53958607
t_6147,45.53958607,45.53958607,45.53958607,45.53958607
t_6148,52.04045999,52.04045999,52.04045999,52.04045999
t_6149,55.69468342,55.69468342,55.69468342,55.69468342
t_615,43.21985363,43.21985363,43.21985363,43.21985363
t_6150,55.69468342,55.69468342,55.69468342,55.69468342
t_6151,55.69468342,55.69468342,55.69468342,55.69468342
t_6152,52.04045999,52.04045999,52.04045999,52.04045999
t_6153,47.36204273,47.36204273,47.36204273,47.36204273
t_6154,42.57966509,42.57966509,42.57966509,42.57966509
t_6155,42.57966509,42.57966509,42.57966509,42.57966509
t_6156,42.24391574,42.24391574,42.24391574,42.24391574
t_6157,42.24391574,42.24391574,42.24391574,42.24391574
t_6158,42.57966509,42.57966509,42.57966509,42.57966509
t_6159,42.57966509,42.57966509,42.57966509,42.57966509
t_616,43.21985363,43.21985363,43.21985363,43.21985363
t_6160,42.57966509,42.57966509,42.57966509,42.57966509
t_6161,52.04045999,52.04045999,52.04045999,52.04045999
t_6162,52.04045999,52.04045999,52.04045999,52.04045999
t_6163,52.04045999,52.04045999,52.04045999,52.04045999
t_6164,52.04045999,52.04045999,52.04045999,52.04045999
t_6165,52.04045999,52.04045999,52.04045999,52.04045999
t_6166,52.04045999,52.04045999,52.04045999,52.04045999
t_6167,52.04045999,52.04045999,52.04045999,52.04045999
t_6168,52.04045999,52.04045999,52.04045999,52.04045999
t_6169,47.36204272,47.36204272,47.36204272,47.36204272
t_617,46.7473827,46.7473827,46.7473827,46.7473827
t_6170,45.29094818,45.29094818,45.29094818,45.29094818
t_6171,45.29094818,45.29094818,45.29094818,45.29094818
t_6172,45.29094818,45.29094818,45.29094818,45.29094818
t_6173,45.29094818,45.29094818,45.29094818,45.29094818
t_6174,45.29094819,45.29094819,45.29094819,45.29094819
t_6175,47.36204272,47.36204272,47.36204272,47.36204272
t_6176,30.43250606,30.43250606,30.43250606,30.43250606
t_6177,28.18250606,28.18250606,28.18250606,28.18250606
t_6178,28.18250606,28.18250606,28.18250606,28.18250606
t_6179,28.18250606,28.18250606,28.18250606,28.18250606
t_618,46.7473827,46.7473827,46.7473827,46.7473827
t_6180,28.18250606,28.18250606,28.18250606,28.18250606
t_6181,28.18250606,28.18250606,28.18250606,28.18250606
t_6182,28.18250606,28.18250606,28.18250606,28.18250606
t_6183,28.18250606,28.18250606,28.18250606,28.18250606
t_6184,50.11011766,50.11011766,50.11011766,50.11011766
t_6185,57.7548881,57.7548881,57.7548881,57.7548881
t_6186,63.66566804,63.66566804,63.66566804,63.66566804
t_6187,63.66566804,63.66566804,63.66566804,63.66566804
t_6188,64.19983265,64.19983265,64.19983265,64.19983265
t_6189,64.19983265,64.19983265,64.19983265,64.19983265
t_619,46.7473827,46.7473827,46.7473827,46.7473827
t_6190,64.19983265,64.19983265,64.19983265,64.19983265
t_6191,64.19983265,64.19983265,64.19983265,64.19983265
t_6192,64.19983265,64.19983265,64.19983265,64.19983265
t_6193,64.19983266,64.19983266,64.19983266,64.19983266
t_6194,64.19983266,64.19983266,64.19983266,64.19983266
t_6195,64.19983266,64.19983266,64.19983266,64.19983266
t_6196,64.19983266,64.19983266,64.19983266,64.19983266
t_6197,64.19983266,64.19983266,64.19983266,64.19983266
t_6198,64.19983266,64.19983266,64.19983266,64.19983266
t_6199,64.19983266,64.19983266,64.19983266,64.19983266
t_62,44.0554252,44.0554252,44.0554252,44.0554252
t_620,46.7473827,46.7473827,46.7473827,46.7473827
t_6200,49.45567976,49.45567976,49.45567976,49.45567976
t_6201,41.14875909,41.14875909,41.14875909,41.14875909
t_6202,41.14875909,41.14875909,41.14875909,41.14875909
t_6203,41.14875909,41.14875909,41.14875909,41.14875909
t_6204,40.95567746,40.95567746,40.95567746,40.95567746
t_6205,41.14875909,41.14875909,41.14875909,41.14875909
t_6206,41.14875909,41.14875909,41.14875909,41.14875909
t_6207,41.14875909,41.14875909,41.14875909,41.14875909
t_6208,47.36204273,47.36204273,47.36204273,47.36204273
t_6209,76.01414437,76.01414437,76.01414437,76.01414437
t_621,46.7473827,46.7473827,46.7473827,46.7473827
t_6210,76.73704598,76.73704598,76.73704598,76.73704598
t_6211,76.73704598,76.73704598,76.73704598,76.73704598
t_6212,76.73704598,76.73704598,76.73704598,76.73704598
t_6213,76.73704598,76.73704598,76.73704598,76.73704598
t_6214,76.73704598,76.73704598,76.73704598,76.73704598
t_6215,76.73704598,76.73704598,76.73704598,76.73704598
t_6216,76.73704598,76.73704598,76.73704598,76.73704598
t_6217,76.73704598,76.73704598,76.73704598,76.73704598
t_6218,76.73704598,76.73704598,76.73704598,76.73704598
t_6219,76.73704598,76.73704598,76.73704598,76.73704598
t_622,44.77932604,44.77932604,44.77932604,44.77932604
t_6220,76.73704598,76.73704598,76.73704598,76.73704598
t_6221,76.73704598,76.73704598,76.73704598,76.73704598
t_6222,76.73704598,76.73704598,76.73704598,76.73704598
t_6223,76.73704598,76.73704598,76.73704598,76.73704598
t_6224,61.62796422,61.62796422,61.62796422,61.62796422
t_6225,43.21985363,43.21985363,43.21985363,43.21985363
t_6226,43.21985363,43.21985363,43.21985363,43.21985363
t_6227,41.14875909,41.14875909,41.14875909,41.14875909
t_6228,41.14875909,41.14875909,41.14875909,41.14875909
t_6229,41.14875909,41.14875909,41.14875909,41.14875909
t_623,43.21985363,43.21985363,43.21985363,43.21985363
t_6230,43.21985363,43.21985363,43.21985363,43.21985363
t_6231,43.21985363,43.21985363,43.21985363,43.21985363
t_6232,43.21985364,43.21985364,43.21985364,43.21985364
t_6233,62.19913299,62.19913299,62.19913299,62.19913299
t_6234,63.6678291,63.6678291,63.6678291,63.6678291
t_6235,63.6678291,63.6678291,63.6678291,63.6678291
t_6236,63.6678291,63.6678291,63.6678291,63.6678291
t_6237,63.6678291,63.6678291,63.6678291,63.6678291
t_6238,63.6678291,63.6678291,63.6678291,63.6678291
t_6239,60.5142308,60.5142308,60.5142308,60.5142308
t_624,43.21985363,43.21985363,43.21985363,43.21985363
t_6240,60.5142308,60.5142308,60.5142308,60.5142308
t_6241,63.47295527,63.47295527,63.47295527,63.47295527
t_6242,63.47295527,63.47295527,63.47295527,63.47295527
t_6243,62.94492749,62.94492749,62.94492749,62.94492749
t_6244,62.94492749,62.94492749,62.94492749,62.94492749
t_6245,62.94492749,62.94492749,62.94492749,62.94492749
t_6246,62.94492749,62.94492749,62.94492749,62.94492749
t_6247,62.94492749,62.94492749,62.94492749,62.94492749
t_6248,51.76535365,51.76535365,51.76535365,51.76535365
t_6249,43.21985363,43.21985363,43.21985363,43.21985363
t_625,38.29227248,38.29227248,38.29227248,38.29227248
t_6250,43.21985363,43.21985363,43.21985363,43.21985363
t_6251,43.21985363,43.21985363,43.21985363,43.21985363
t_6252,43.21985363,43.21985363,43.21985363,43.21985363
t_6253,43.21985363,43.21985363,43.21985363,43.21985363
t_6254,43.21985363,43.21985363,43.21985363,43.21985363
t_6255,43.21985364,43.21985364,43.21985364,43.21985364
t_6256,56.76301266,56.76301266,56.76301266,56.76301266
t_6257,63.26746223,63.26746223,63.26746223,63.26746223
t_6258,63.26746223,63.26746223,63.26746223,63.26746223
t_6259,63.79549001,63.79549001,63.79549001,63.79549001
t_626,21.78734758,21.78734758,21.78734758,21.78734758
t_6260,63.79549001,63.79549001,63.79549001,63.79549001
t_6261,63.79549001,63.79549001,63.79549001,63.79549001
t_6262,63.79549001,63.79549001,63.79549001,63.79549001
t_6263,63.79549001,63.79549001,63.79549001,63.79549001
t_6264,63.79549001,63.79549001,63.79549001,63.79549001
t_6265,63.26746223,63.26746223,63.26746223,63.26746223
t_6266,63.26746223,63.26746223,63.26746223,63.26746223
t_6267,63.26746223,63.26746223,63.26746223,63.26746223
t_6268,63.26746223,63.26746223,63.26746223,63.26746223
t_6269,63.26746223,63.26746223,63.26746223,63.26746223
t_627,21.78734758,21.78734758,21.78734758,21.78734758
t_6270,63.26746223,63.26746223,63.26746223,63.26746223
t_6271,63.26746223,63.26746223,63.26746223,63.26746223
t_6272,62.19913299,62.19913299,62.19913299,62.19913299
t_6273,43.51033161,43.51033161,43.51033161,43.51033161
t_6274,43.21985363,43.21985363,43.21985363,43.21985363
t_6275,43.21985363,43.21985363,43.21985363,43.21985363
t_6276,43.21985363,43.21985363,43.21985363,43.21985363
t_6277,43.21985363,43.21985363,43.21985363,43.21985363
t_6278,43.21985363,43.21985363,43.21985363,43.21985363
t_6279,43.21985363,43.21985363,43.21985363,43.21985363
t_628,19.71625303,19.71625303,19.71625303,19.71625303
t_6280,43.21985363,43.21985363,43.21985363,43.21985363
t_6281,48.43354949,48.43354949,48.43354949,48.43354949
t_6282,48.43354949,48.43354949,48.43354949,48.43354949
t_6283,48.43354949,48.43354949,48.43354949,48.43354949
t_6284,48.43354949,48.43354949,48.43354949,48.43354949
t_6285,48.43354949,48.43354949,48.43354949,48.43354949
t_6286,48.43354949,48.43354949,48.43354949,48.43354949
t_6287,48.43354949,48.43354949,48.43354949,48.43354949
t_6288,48.43354949,48.43354949,48.43354949,48.43354949
t_6289,44.58564874,44.58564874,44.58564874,44.58564874
t_629,19.71625303,19.71625303,19.71625303,19.71625303
t_6290,44.58564874,44.58564874,44.58564874,44.58564874
t_6291,44.58564874,44.58564874,44.58564874,44.58564874
t_6292,44.58564874,44.58564874,44.58564874,44.58564874
t_6293,48.43354949,48.43354949,48.43354949,48.43354949
t_6294,48.43354949,48.43354949,48.43354949,48.43354949
t_6295,48.43354949,48.43354949,48.43354949,48.43354949
t_6296,43.21985363,43.21985363,43.21985363,43.21985363
t_6297,41.14875909,41.14875909,41.14875909,41.14875909
t_6298,41.14875909,41.14875909,41.14875909,41.14875909
t_6299,30.43250606,30.43250606,30.43250606,30.43250606
t_63,54.3787177,54.3787177,54.3787177,54.3787177
t_630,19.71625303,19.71625303,19.71625303,19.71625303
t_6300,30.43250606,30.43250606,30.43250606,30.43250606
t_6301,30.43250606,30.43250606,30.43250606,30.43250606
t_6302,41.14875909,41.14875909,41.14875909,41.14875909
t_6303,43.21985363,43.21985363,43.21985363,43.21985363
t_6304,43.21985363,43.21985363,43.21985363,43.21985363
t_6305,57.97971582,57.97971582,57.97971582,57.97971582
t_6306,57.97971582,57.97971582,57.97971582,57.97971582
t_6307,57.97971582,57.97971582,57.97971582,57.97971582
t_6308,57.97971582,57.97971582,57.97971582,57.97971582
t_6309,57.97971582,57.97971582,57.97971582,57.97971582
t_631,21.78734758,21.78734758,21.78734758,21.78734758
t_6310,55.46602684,55.46602684,55.46602684,55.46602684
t_6311,55.46602684,55.46602684,55.46602684,55.46602684
t_6312,55.46602684,55.46602684,55.46602684,55.46602684
t_6313,55.46602684,55.46602684,55.46602684,55.46602684
t_6314,55.46602684,55.46602684,55.46602684,55.46602684
t_6315,55.46602684,55.46602684,55.46602684,55.46602684
t_6316,55.46602684,55.46602684,55.46602684,55.46602684
t_6317,55.46602684,55.46602684,55.46602684,55.46602684
t_6318,55.46602684,55.46602684,55.46602684,55.46602684
t_6319,55.46602684,55.46602684,55.46602684,55.46602684
t_632,21.78734758,21.78734758,21.78734758,21.78734758
t_6320,48.43354949,48.43354949,48.43354949,48.43354949
t_6321,43.21985363,43.21985363,43.21985363,43.21985363
t_6322,19.71625303,19.71625303,19.71625303,19.71625303
t_6323,17.46625303,17.46625303,17.46625303,17.46625303
t_6324,17.46625303,17.46625303,17.46625303,17.46625303
t_6325,15.21625303,15.21625303,15.21625303,15.21625303
t_6326,19.71625303,19.71625303,19.71625303,19.71625303
t_6327,23.88098461,23.88098461,23.88098461,23.88098461
t_6328,57.34498154,57.34498154,57.34498154,57.34498154
t_6329,73.99979128,73.99979128,73.99979128,73.99979128
t_633,6.75,6.75,6.75,6.75
t_6330,91.33302347,91.33302347,91.33302347,91.33302347
t_6331,91.33302347,91.33302347,91.33302347,91.33302347
t_6332,91.33302347,91.33302347,91.33302347,91.33302347
t_6333,91.33302347,91.33302347,91.33302347,91.33302347
t_6334,91.33302347,91.33302347,91.33302347,91.33302347
t_6335,91.33302347,91.33302347,91.33302347,91.33302347
t_6336,91.33302347,91.33302347,91.33302347,91.33302347
t_6337,89.41494052,89.41494052,89.41494052,89.41494052
t_6338,89.41494052,89.41494052,89.41494052,89.41494052
t_6339,88.51874974,88.51874974,88.51874974,88.51874974
t_634,4.5,4.5,4.5,4.5
t_6340,87.98458511,87.98458511,87.98458511,87.98458511
t_6341,85.26366015,85.26366015,85.26366015,85.26366015
t_6342,88.51874973,88.51874973,88.51874973,88.51874973
t_6343,88.51874973,88.51874973,88.51874973,88.51874973
t_6344,57.75488811,57.75488811,57.75488811,57.75488811
t_6345,45.31349068,45.31349068,45.31349068,45.31349068
t_6346,31.34214807,31.34214807,31.34214807,31.34214807
t_6347,31.34214807,31.34214807,31.34214807,31.34214807
t_6348,29.09214807,29.09214807,29.09214807,29.09214807
t_6349,29.09214807,29.09214807,29.09214807,29.09214807
t_635,4.5,4.5,4.5,4.5
t_6350,31.34214806,31.34214806,31.34214806,31.34214806
t_6351,31.34214807,31.34214807,31.34214807,31.34214807
t_6352,47.36204273,47.36204273,47.36204273,47.36204273
t_6353,61.58963244,61.58963244,61.58963244,61.58963244
t_6354,63.79549001,63.79549001,63.79549001,63.79549001
t_6355,63.79549001,63.79549001,63.79549001,63.79549001
t_6356,63.79549001,63.79549001,63.79549001,63.79549001
t_6357,63.26746224,63.26746224,63.26746224,63.26746224
t_6358,63.79549001,63.79549001,63.79549001,63.79549001
t_6359,63.79549001,63.79549001,63.79549001,63.79549001
t_636,4.5,4.5,4.5,4.5
t_6360,63.79549001,63.79549001,63.79549001,63.79549001
t_6361,62.72716077,62.72716077,62.72716077,62.72716077
t_6362,55.46602686,55.46602686,55.46602686,55.46602686
t_6363,55.46602685,55.46602685,55.46602685,55.46602685
t_6364,54.93799908,54.93799908,54.93799908,54.93799908
t_6365,54.93799908,54.93799908,54.93799908,54.93799908
t_6366,61.0214326,61.0214326,61.0214326,61.0214326
t_6367,48.96157727,48.96157727,48.96157727,48.96157727
t_6368,43.21985363,43.21985363,43.21985363,43.21985363
t_6369,30.43250606,30.43250606,30.43250606,30.43250606
t_637,4.5,4.5,4.5,4.5
t_6370,30.02819686,30.02819686,30.02819686,30.02819686
t_6371,27.77819686,27.77819686,27.77819686,27.77819686
t_6372,28.18250606,28.18250606,28.18250606,28.18250606
t_6373,28.18250606,28.18250606,28.18250606,28.18250606
t_6374,30.43250606,30.43250606,30.43250606,30.43250606
t_6375,30.43250606,30.43250606,30.43250606,30.43250606
t_6376,43.21985363,43.21985363,43.21985363,43.21985363
t_6377,57.29104044,57.29104044,57.29104044,57.29104044
t_6378,72.14841175,72.14841175,72.14841175,72.14841175
t_6379,72.14841175,72.14841175,72.14841175,72.14841175
t_638,4.5,4.5,4.5,4.5
t_6380,72.14841175,72.14841175,72.14841175,72.14841175
t_6381,72.14841175,72.14841175,72.14841175,72.14841175
t_6382,72.14841175,72.14841175,72.14841175,72.14841175
t_6383,72.14841175,72.14841175,72.14841175,72.14841175
t_6384,61.62089571,61.62089571,61.62089571,61.62089571
t_6385,57.99032874,57.99032874,57.99032874,57.99032874
t_6386,57.26742714,57.26742714,57.26742714,57.26742714
t_6387,57.26742714,57.26742714,57.26742714,57.26742714
t_6388,57.26742714,57.26742714,57.26742714,57.26742714
t_6389,57.26742714,57.26742714,57.26742714,57.26742714
t_639,4.5,4.5,4.5,4.5
t_6390,57.26742714,57.26742714,57.26742714,57.26742714
t_6391,57.26742714,57.26742714,57.26742714,57.26742714
t_6392,43.21985363,43.21985363,43.21985363,43.21985363
t_6393,41.14875909,41.14875909,41.14875909,41.14875909
t_6394,41.14875909,41.14875909,41.14875909,41.14875909
t_6395,30.43250606,30.43250606,30.43250606,30.43250606
t_6396,28.18250606,28.18250606,28.18250606,28.18250606
t_6397,30.43250606,30.43250606,30.43250606,30.43250606
t_6398,41.14875909,41.14875909,41.14875909,41.14875909
t_6399,43.21985363,43.21985363,43.21985363,43.21985363
t_64,70.79663223,70.79663223,70.79663223,70.79663223
t_640,15.21625303,15.21625303,15.21625303,15.21625303
t_6400,47.04440826,47.04440826,47.04440826,47.04440826
t_6401,55.68379356,55.68379356,55.68379356,55.68379356
t_6402,55.68379356,55.68379356,55.68379356,55.68379356
t_6403,55.68379356,55.68379356,55.68379356,55.68379356
t_6404,55.68379356,55.68379356,55.68379356,55.68379356
t_6405,55.68379356,55.68379356,55.68379356,55.68379356
t_6406,55.68379356,55.68379356,55.68379356,55.68379356
t_6407,55.68379356,55.68379356,55.68379356,55.68379356
t_6408,55.68379356,55.68379356,55.68379356,55.68379356
t_6409,55.68379356,55.68379356,55.68379356,55.68379356
t_641,43.21985363,43.21985363,43.21985363,43.21985363
t_6410,55.68379356,55.68379356,55.68379356,55.68379356
t_6411,55.68379356,55.68379356,55.68379356,55.68379356
t_6412,55.68379356,55.68379356,55.68379356,55.68379356
t_6413,55.68379356,55.68379356,55.68379356,55.68379356
t_6414,61.76722708,61.76722708,61.76722708,61.76722708
t_6415,61.76722708,61.76722708,61.76722708,61.76722708
t_6416,61.02143258,61.02143258,61.02143258,61.02143258
t_6417,57.35343029,57.35343029,57.35343029,57.35343029
t_6418,48.99804134,48.99804134,48.99804134,48.99804134
t_6419,48.99804134,48.99804134,48.99804134,48.99804134
t_642,43.21985363,43.21985363,43.21985363,43.21985363
t_6420,48.99804134,48.99804134,48.99804134,48.99804134
t_6421,48.99804134,48.99804134,48.99804134,48.99804134
t_6422,48.99804134,48.99804134,48.99804134,48.99804134
t_6423,48.99804134,48.99804134,48.99804134,48.99804134
t_6424,52.76390334,52.76390334,52.76390334,52.76390334
t_6425,59.31436052,59.31436052,59.31436052,59.31436052
t_6426,59.31436053,59.31436053,59.31436053,59.31436053
t_6427,59.31436053,59.31436053,59.31436053,59.31436053
t_6428,59.31436053,59.31436053,59.31436053,59.31436053
t_6429,59.31436053,59.31436053,59.31436053,59.31436053
t_643,43.21985363,43.21985363,43.21985363,43.21985363
t_6430,59.31436053,59.31436053,59.31436053,59.31436053
t_6431,59.31436053,59.31436053,59.31436053,59.31436053
t_6432,59.31436053,59.31436053,59.31436053,59.31436053
t_6433,59.31436052,59.31436052,59.31436052,59.31436052
t_6434,56.16076223,56.16076223,56.16076223,56.16076223
t_6435,56.16076223,56.16076223,56.16076223,56.16076223
t_6436,58.80477222,58.80477222,58.80477222,58.80477222
t_6437,59.31436052,59.31436052,59.31436052,59.31436052
t_6438,59.31436052,59.31436052,59.31436052,59.31436052
t_6439,54.93799906,54.93799906,54.93799906,54.93799906
t_644,43.21985363,43.21985363,43.21985363,43.21985363
t_6440,43.21985363,43.21985363,43.21985363,43.21985363
t_6441,41.14875909,41.14875909,41.14875909,41.14875909
t_6442,23.25492491,23.25492491,23.25492491,23.25492491
t_6443,25.29076298,25.29076298,25.29076298,25.29076298
t_6444,23.46871548,23.46871548,23.46871548,23.46871548
t_6445,23.46871548,23.46871548,23.46871548,23.46871548
t_6446,23.46871548,23.46871548,23.46871548,23.46871548
t_6447,30.43250606,30.43250606,30.43250606,30.43250606
t_6448,43.21985363,43.21985363,43.21985363,43.21985363
t_6449,54.93799906,54.93799906,54.93799906,54.93799906
t_645,43.21985363,43.21985363,43.21985363,43.21985363
t_6450,54.93799906,54.93799906,54.93799906,54.93799906
t_6451,54.93799906,54.93799906,54.93799906,54.93799906
t_6452,54.93799906,54.93799906,54.93799906,54.93799906
t_6453,54.93799906,54.93799906,54.93799906,54.93799906
t_6454,54.93799906,54.93799906,54.93799906,54.93799906
t_6455,54.93799906,54.93799906,54.93799906,54.93799906
t_6456,54.93799906,54.93799906,54.93799906,54.93799906
t_6457,54.93799906,54.93799906,54.93799906,54.93799906
t_6458,54.93799906,54.93799906,54.93799906,54.93799906
t_6459,54.93799906,54.93799906,54.93799906,54.93799906
t_646,43.21985363,43.21985363,43.21985363,43.21985363
t_6460,54.93799906,54.93799906,54.93799906,54.93799906
t_6461,54.93799906,54.93799906,54.93799906,54.93799906
t_6462,54.93799906,54.93799906,54.93799906,54.93799906
t_6463,54.93799906,54.93799906,54.93799906,54.93799906
t_6464,43.21985363,43.21985363,43.21985363,43.21985363
t_6465,27.77819686,27.77819686,27.77819686,27.77819686
t_6466,17.46625303,17.46625303,17.46625303,17.46625303
t_6467,17.46625303,17.46625303,17.46625303,17.46625303
t_6468,15.21625303,15.21625303,15.21625303,15.21625303
t_6469,15.21625303,15.21625303,15.21625303,15.21625303
t_647,43.21985363,43.21985363,43.21985363,43.21985363
t_6470,17.46625303,17.46625303,17.46625303,17.46625303
t_6471,17.46625303,17.46625303,17.46625303,17.46625303
t_6472,43.21985363,43.21985363,43.21985363,43.21985363
t_6473,54.93799906,54.93799906,54.93799906,54.93799906
t_6474,54.93799906,54.93799906,54.93799906,54.93799906
t_6475,54.93799906,54.93799906,54.93799906,54.93799906
t_6476,54.93799906,54.93799906,54.93799906,54.93799906
t_6477,54.93799906,54.93799906,54.93799906,54.93799906
t_6478,54.93799906,54.93799906,54.93799906,54.93799906
t_6479,54.93799906,54.93799906,54.93799906,54.93799906
t_648,43.21985363,43.21985363,43.21985363,43.21985363
t_6480,54.93749906,54.93749906,54.93749906,54.93749906
t_6481,33.505493,33.505493,33.505493,33.505493
t_6482,33.505493,33.505493,33.505493,33.505493
t_6483,33.505493,33.505493,33.505493,33.505493
t_6484,32.4674831,32.4674831,32.4674831,32.4674831
t_6485,32.60763057,32.60763057,32.60763057,32.60763057
t_6486,33.505493,33.505493,33.505493,33.505493
t_6487,34.15026113,34.15026113,34.15026113,34.15026113
t_6488,22.84340313,22.84340313,22.84340313,22.84340313
t_6489,1.36E+01,1.36E+01,1.36E+01,1.36E+01
t_649,43.21985363,43.21985363,43.21985363,43.21985363
t_6490,2.25E+00,2.25E+00,2.25E+00,2.25E+00
t_6491,2.25E+00,2.25E+00,2.25E+00,2.25E+00
t_6492,2.25E+00,2.25E+00,2.25E+00,2.25E+00
t_6493,2.25E+00,2.25E+00,2.25E+00,2.25E+00
t_6494,2.25E+00,2.25E+00,2.25E+00,2.25E+00
t_6495,2.25E+00,2.25E+00,2.25E+00,2.25E+00
t_6496,40.34014069,40.34014069,40.34014069,40.34014069
t_6497,43.21985363,43.21985363,43.21985363,43.21985363
t_6498,43.21985363,43.21985363,43.21985363,43.21985363
t_6499,43.94275524,43.94275524,43.94275524,43.94275524
t_65,86.70292463,86.70292463,86.70292463,86.70292463
t_650,43.21985363,43.21985363,43.21985363,43.21985363
t_6500,43.94275524,43.94275524,43.94275524,43.94275524
t_6501,43.94275524,43.94275524,43.94275524,43.94275524
t_6502,43.94275524,43.94275524,43.94275524,43.94275524
t_6503,43.94275524,43.94275524,43.94275524,43.94275524
t_6504,43.94275524,43.94275524,43.94275524,43.94275524
t_6505,43.94275524,43.94275524,43.94275524,43.94275524
t_6506,43.94275524,43.94275524,43.94275524,43.94275524
t_6507,43.94275524,43.94275524,43.94275524,43.94275524
t_6508,43.94275524,43.94275524,43.94275524,43.94275524
t_6509,43.94275524,43.94275524,43.94275524,43.94275524
t_651,43.21985363,43.21985363,43.21985363,43.21985363
t_6510,43.94275524,43.94275524,43.94275524,43.94275524
t_6511,43.94275524,43.94275524,43.94275524,43.94275524
t_6512,40.46385926,40.46385926,40.46385926,40.46385926
t_6513,4.5,4.5,4.5,4.5
t_6514,4.5,4.5,4.5,4.5
t_6515,4.5,4.5,4.5,4.5
t_6516,4.5,4.5,4.5,4.5
t_6517,4.5,4.5,4.5,4.5
t_6518,4.5,4.5,4.5,4.5
t_6519,4.5,4.5,4.5,4.5
t_652,43.21985363,43.21985363,43.21985363,43.21985363
t_6520,9,9,9,9
t_6521,43.21985363,43.21985363,43.21985363,43.21985363
t_6522,43.94275524,43.94275524,43.94275524,43.94275524
t_6523,43.94275524,43.94275524,43.94275524,43.94275524
t_6524,43.94275524,43.94275524,43.94275524,43.94275524
t_6525,43.94275524,43.94275524,43.94275524,43.94275524
t_6526,43.94275524,43.94275524,43.94275524,43.94275524
t_6527,43.94275524,43.94275524,43.94275524,43.94275524
t_6528,43.94275524,43.94275524,43.94275524,43.94275524
t_6529,43.94275524,43.94275524,43.94275524,43.94275524
t_653,38.29227248,38.29227248,38.29227248,38.29227248
t_6530,43.94275524,43.94275524,43.94275524,43.94275524
t_6531,43.94275524,43.94275524,43.94275524,43.94275524
t_6532,43.94275524,43.94275524,43.94275524,43.94275524
t_6533,43.74788141,43.74788141,43.74788141,43.74788141
t_6534,43.94275524,43.94275524,43.94275524,43.94275524
t_6535,43.94275524,43.94275524,43.94275524,43.94275524
t_6536,27.12585996,27.12585996,27.12585996,27.12585996
t_6537,17.46625303,17.46625303,17.46625303,17.46625303
t_6538,12.75246245,12.75246245,12.75246245,12.75246245
t_6539,12.75246245,12.75246245,12.75246245,12.75246245
t_654,38.29227248,38.29227248,38.29227248,38.29227248
t_6540,12.75246245,12.75246245,12.75246245,12.75246245
t_6541,15.00246245,15.00246245,15.00246245,15.00246245
t_6542,15.00246245,15.00246245,15.00246245,15.00246245
t_6543,43.21985363,43.21985363,43.21985363,43.21985363
t_6544,43.21985363,43.21985363,43.21985363,43.21985363
t_6545,55.68379356,55.68379356,55.68379356,55.68379356
t_6546,59.09993657,59.09993657,59.09993657,59.09993657
t_6547,66.16619667,66.16619667,66.16619667,66.16619667
t_6548,65.80158774,65.80158774,65.80158774,65.80158774
t_6549,71.82269536,71.82269536,71.82269536,71.82269536
t_655,42.41123522,42.41123522,42.41123522,42.41123522
t_6550,71.25846215,71.25846215,71.25846215,71.25846215
t_6551,70.72429753,70.72429753,70.72429753,70.72429753
t_6552,70.72429753,70.72429753,70.72429753,70.72429753
t_6553,70.13544733,70.13544733,70.13544733,70.13544733
t_6554,51.091493,51.091493,51.091493,51.091493
t_6555,51.091493,51.091493,51.091493,51.091493
t_6556,51.091493,51.091493,51.091493,51.091493
t_6557,51.091493,51.091493,51.091493,51.091493
t_6558,51.091493,51.091493,51.091493,51.091493
t_6559,51.091493,51.091493,51.091493,51.091493
t_656,43.21985363,43.21985363,43.21985363,43.21985363
t_6560,46.26157039,46.26157039,46.26157039,46.26157039
t_6561,38.68496851,38.68496851,38.68496851,38.68496851
t_6562,27.96871548,27.96871548,27.96871548,27.96871548
t_6563,25.71871548,25.71871548,25.71871548,25.71871548
t_6564,25.71871548,25.71871548,25.71871548,25.71871548
t_6565,25.71871548,25.71871548,25.71871548,25.71871548
t_6566,29.58249614,29.58249614,29.58249614,29.58249614
t_6567,41.14875909,41.14875909,41.14875909,41.14875909
t_6568,43.21985363,43.21985363,43.21985363,43.21985363
t_6569,58.72551032,58.72551032,58.72551032,58.72551032
t_657,38.29227248,38.29227248,38.29227248,38.29227248
t_6570,58.72551032,58.72551032,58.72551032,58.72551032
t_6571,58.72551032,58.72551032,58.72551032,58.72551032
t_6572,58.72551032,58.72551032,58.72551032,58.72551032
t_6573,58.72551032,58.72551032,58.72551032,58.72551032
t_6574,66.40004659,66.40004659,66.40004659,66.40004659
t_6575,66.40004659,66.40004659,66.40004659,66.40004659
t_6576,66.40004659,66.40004659,66.40004659,66.40004659
t_6577,66.40004659,66.40004659,66.40004659,66.40004659
t_6578,66.40004659,66.40004659,66.40004659,66.40004659
t_6579,66.40004659,66.40004659,66.40004659,66.40004659
t_658,34.81079783,34.81079783,34.81079783,34.81079783
t_6580,66.40004659,66.40004659,66.40004659,66.40004659
t_6581,63.93625602,63.93625602,63.93625602,63.93625602
t_6582,66.40004659,66.40004659,66.40004659,66.40004659
t_6583,66.40004659,66.40004659,66.40004659,66.40004659
t_6584,48.99804134,48.99804134,48.99804134,48.99804134
t_6585,43.21985363,43.21985363,43.21985363,43.21985363
t_6586,43.21985363,43.21985363,43.21985363,43.21985363
t_6587,41.14875909,41.14875909,41.14875909,41.14875909
t_6588,41.14875909,41.14875909,41.14875909,41.14875909
t_6589,41.14875909,41.14875909,41.14875909,41.14875909
t_659,34.81079783,34.81079783,34.81079783,34.81079783
t_6590,43.21985363,43.21985363,43.21985363,43.21985363
t_6591,43.21985363,43.21985363,43.21985363,43.21985363
t_6592,54.09834897,54.09834897,54.09834897,54.09834897
t_6593,61.76722708,61.76722708,61.76722708,61.76722708
t_6594,61.76722708,61.76722708,61.76722708,61.76722708
t_6595,62.29525486,62.29525486,62.29525486,62.29525486
t_6596,61.76722708,61.76722708,61.76722708,61.76722708
t_6597,61.76722708,61.76722708,61.76722708,61.76722708
t_6598,61.76722708,61.76722708,61.76722708,61.76722708
t_6599,61.76722708,61.76722708,61.76722708,61.76722708
t_66,86.70292463,86.70292463,86.70292463,86.70292463
t_660,34.63650406,34.63650406,34.63650406,34.63650406
t_6600,61.76722708,61.76722708,61.76722708,61.76722708
t_6601,55.68379356,55.68379356,55.68379356,55.68379356
t_6602,55.68379356,55.68379356,55.68379356,55.68379356
t_6603,55.68379356,55.68379356,55.68379356,55.68379356
t_6604,55.68379356,55.68379356,55.68379356,55.68379356
t_6605,55.68379356,55.68379356,55.68379356,55.68379356
t_6606,58.72551032,58.72551032,58.72551032,58.72551032
t_6607,57.75488811,57.75488811,57.75488811,57.75488811
t_6608,55.68379356,55.68379356,55.68379356,55.68379356
t_6609,48.99804134,48.99804134,48.99804134,48.99804134
t_661,34.75441536,34.75441536,34.75441536,34.75441536
t_6610,43.21985364,43.21985364,43.21985364,43.21985364
t_6611,43.21985363,43.21985363,43.21985363,43.21985363
t_6612,43.21985363,43.21985363,43.21985363,43.21985363
t_6613,43.21985363,43.21985363,43.21985363,43.21985363
t_6614,43.21985364,43.21985364,43.21985364,43.21985364
t_6615,43.21985364,43.21985364,43.21985364,43.21985364
t_6616,55.68379356,55.68379356,55.68379356,55.68379356
t_6617,59.3217746,59.3217746,59.3217746,59.3217746
t_6618,59.3215246,59.3215246,59.3215246,59.3215246
t_6619,59.3215246,59.3215246,59.3215246,59.3215246
t_662,34.81054783,34.81054783,34.81054783,34.81054783
t_6620,59.3215246,59.3215246,59.3215246,59.3215246
t_6621,59.3215246,59.3215246,59.3215246,59.3215246
t_6622,56.27980784,56.27980784,56.27980784,56.27980784
t_6623,56.27980784,56.27980784,56.27980784,56.27980784
t_6624,56.27980784,56.27980784,56.27980784,56.27980784
t_6625,56.13216017,56.13216017,56.13216017,56.13216017
t_6626,55.68379356,55.68379356,55.68379356,55.68379356
t_6627,55.68379356,55.68379356,55.68379356,55.68379356
t_6628,55.68379356,55.68379356,55.68379356,55.68379356
t_6629,57.75488811,57.75488811,57.75488811,57.75488811
t_663,34.81054783,34.81054783,34.81054783,34.81054783
t_6630,59.3215246,59.3215246,59.3215246,59.3215246
t_6631,59.3215246,59.3215246,59.3215246,59.3215246
t_6632,55.68379356,55.68379356,55.68379356,55.68379356
t_6633,55.68379356,55.68379356,55.68379356,55.68379356
t_6634,50.941118,50.941118,50.941118,50.941118
t_6635,50.941118,50.941118,50.941118,50.941118
t_6636,50.941118,50.941118,50.941118,50.941118
t_6637,50.941118,50.941118,50.941118,50.941118
t_6638,50.941118,50.941118,50.941118,50.941118
t_6639,50.941118,50.941118,50.941118,50.941118
t_664,38.29227248,38.29227248,38.29227248,38.29227248
t_6640,55.68379356,55.68379356,55.68379356,55.68379356
t_6641,59.3215246,59.3215246,59.3215246,59.3215246
t_6642,59.3215246,59.3215246,59.3215246,59.3215246
t_6643,59.3215246,59.3215246,59.3215246,59.3215246
t_6644,59.3215246,59.3215246,59.3215246,59.3215246
t_6645,59.3215246,59.3215246,59.3215246,59.3215246
t_6646,56.27980784,56.27980784,56.27980784,56.27980784
t_6647,56.27980784,56.27980784,56.27980784,56.27980784
t_6648,56.27980784,56.27980784,56.27980784,56.27980784
t_6649,55.68379356,55.68379356,55.68379356,55.68379356
t_665,43.21985363,43.21985363,43.21985363,43.21985363
t_6650,55.68379356,55.68379356,55.68379356,55.68379356
t_6651,55.68379356,55.68379356,55.68379356,55.68379356
t_6652,55.68379356,55.68379356,55.68379356,55.68379356
t_6653,55.68379356,55.68379356,55.68379356,55.68379356
t_6654,56.27980784,56.27980784,56.27980784,56.27980784
t_6655,56.27980784,56.27980784,56.27980784,56.27980784
t_6656,55.68379356,55.68379356,55.68379356,55.68379356
t_6657,54.62943758,54.62943758,54.62943758,54.62943758
t_6658,50.941118,50.941118,50.941118,50.941118
t_6659,50.941118,50.941118,50.941118,50.941118
t_666,43.21985363,43.21985363,43.21985363,43.21985363
t_6660,49.44916455,49.44916455,49.44916455,49.44916455
t_6661,49.44916455,49.44916455,49.44916455,49.44916455
t_6662,50.941118,50.941118,50.941118,50.941118
t_6663,51.79013086,51.79013086,51.79013086,51.79013086
t_6664,59.82598265,59.82598265,59.82598265,59.82598265
t_6665,62.36324136,62.36324136,62.36324136,62.36324136
t_6666,62.36324136,62.36324136,62.36324136,62.36324136
t_6667,62.36324136,62.36324136,62.36324136,62.36324136
t_6668,62.36324136,62.36324136,62.36324136,62.36324136
t_6669,62.36324136,62.36324136,62.36324136,62.36324136
t_667,38.29227249,38.29227249,38.29227249,38.29227249
t_6670,62.36324136,62.36324136,62.36324136,62.36324136
t_6671,56.27980784,56.27980784,56.27980784,56.27980784
t_6672,56.38653492,56.38653492,56.38653492,56.38653492
t_6673,55.68379356,55.68379356,55.68379356,55.68379356
t_6674,61.76722708,61.76722708,61.76722708,61.76722708
t_6675,61.76722708,61.76722708,61.76722708,61.76722708
t_6676,61.76722708,61.76722708,61.76722708,61.76722708
t_6677,61.76722708,61.76722708,61.76722708,61.76722708
t_6678,61.76722708,61.76722708,61.76722708,61.76722708
t_6679,61.76722708,61.76722708,61.76722708,61.76722708
t_668,43.21985363,43.21985363,43.21985363,43.21985363
t_6680,55.68379356,55.68379356,55.68379356,55.68379356
t_6681,43.21985363,43.21985363,43.21985363,43.21985363
t_6682,43.21985363,43.21985363,43.21985363,43.21985363
t_6683,43.21985363,43.21985363,43.21985363,43.21985363
t_6684,43.21985363,43.21985363,43.21985363,43.21985363
t_6685,43.21985363,43.21985363,43.21985363,43.21985363
t_6686,43.21985363,43.21985363,43.21985363,43.21985363
t_6687,48.99804134,48.99804134,48.99804134,48.99804134
t_6688,55.68379356,55.68379356,55.68379356,55.68379356
t_6689,58.72551032,58.72551032,58.72551032,58.72551032
t_669,43.21985363,43.21985363,43.21985363,43.21985363
t_6690,58.72551032,58.72551032,58.72551032,58.72551032
t_6691,58.72551032,58.72551032,58.72551032,58.72551032
t_6692,58.72551032,58.72551032,58.72551032,58.72551032
t_6693,58.72551032,58.72551032,58.72551032,58.72551032
t_6694,58.72551032,58.72551032,58.72551032,58.72551032
t_6695,58.72551032,58.72551032,58.72551032,58.72551032
t_6696,58.72551032,58.72551032,58.72551032,58.72551032
t_6697,58.72551032,58.72551032,58.72551032,58.72551032
t_6698,58.72551032,58.72551032,58.72551032,58.72551032
t_6699,57.75488811,57.75488811,57.75488811,57.75488811
t_67,86.70292463,86.70292463,86.70292463,86.70292463
t_670,43.21985363,43.21985363,43.21985363,43.21985363
t_6700,57.75488811,57.75488811,57.75488811,57.75488811
t_6701,57.75488811,57.75488811,57.75488811,57.75488811
t_6702,58.72551032,58.72551032,58.72551032,58.72551032
t_6703,55.68379356,55.68379356,55.68379356,55.68379356
t_6704,43.21985363,43.21985363,43.21985363,43.21985363
t_6705,40.74444988,40.74444988,40.74444988,40.74444988
t_6706,28.18250606,28.18250606,28.18250606,28.18250606
t_6707,28.18250606,28.18250606,28.18250606,28.18250606
t_6708,28.18250606,28.18250606,28.18250606,28.18250606
t_6709,28.18250606,28.18250606,28.18250606,28.18250606
t_671,43.21985363,43.21985363,43.21985363,43.21985363
t_6710,28.18250606,28.18250606,28.18250606,28.18250606
t_6711,30.43250606,30.43250606,30.43250606,30.43250606
t_6712,43.21985363,43.21985363,43.21985363,43.21985363
t_6713,58.72551032,58.72551032,58.72551032,58.72551032
t_6714,61.76722708,61.76722708,61.76722708,61.76722708
t_6715,61.76722708,61.76722708,61.76722708,61.76722708
t_6716,61.76722708,61.76722708,61.76722708,61.76722708
t_6717,61.76722708,61.76722708,61.76722708,61.76722708
t_6718,61.76722708,61.76722708,61.76722708,61.76722708
t_6719,57.80205593,57.80205593,57.80205593,57.80205593
t_672,43.21985363,43.21985363,43.21985363,43.21985363
t_6720,57.75488811,57.75488811,57.75488811,57.75488811
t_6721,58.72551032,58.72551032,58.72551032,58.72551032
t_6722,58.19796078,58.19796078,58.19796078,58.19796078
t_6723,57.75488811,57.75488811,57.75488811,57.75488811
t_6724,58.72551032,58.72551032,58.72551032,58.72551032
t_6725,58.72551032,58.72551032,58.72551032,58.72551032
t_6726,58.72551032,58.72551032,58.72551032,58.72551032
t_6727,58.72551032,58.72551032,58.72551032,58.72551032
t_6728,43.21985363,43.21985363,43.21985363,43.21985363
t_6729,41.14875909,41.14875909,41.14875909,41.14875909
t_673,43.21985363,43.21985363,43.21985363,43.21985363
t_6730,28.18250606,28.18250606,28.18250606,28.18250606
t_6731,28.18250606,28.18250606,28.18250606,28.18250606
t_6732,28.18250606,28.18250606,28.18250606,28.18250606
t_6733,28.18250606,28.18250606,28.18250606,28.18250606
t_6734,28.18250606,28.18250606,28.18250606,28.18250606
t_6735,30.43250606,30.43250606,30.43250606,30.43250606
t_6736,43.21985363,43.21985363,43.21985363,43.21985363
t_6737,62.35607727,62.35607727,62.35607727,62.35607727
t_6738,62.35607727,62.35607727,62.35607727,62.35607727
t_6739,62.35607727,62.35607727,62.35607727,62.35607727
t_674,43.21985363,43.21985363,43.21985363,43.21985363
t_6740,62.35607727,62.35607727,62.35607727,62.35607727
t_6741,62.35607727,62.35607727,62.35607727,62.35607727
t_6742,62.35607727,62.35607727,62.35607727,62.35607727
t_6743,62.35607727,62.35607727,62.35607727,62.35607727
t_6744,62.35607727,62.35607727,62.35607727,62.35607727
t_6745,59.31436051,59.31436051,59.31436051,59.31436051
t_6746,59.31436051,59.31436051,59.31436051,59.31436051
t_6747,59.31436051,59.31436051,59.31436051,59.31436051
t_6748,59.31436051,59.31436051,59.31436051,59.31436051
t_6749,59.31436051,59.31436051,59.31436051,59.31436051
t_675,43.21985363,43.21985363,43.21985363,43.21985363
t_6750,59.31436051,59.31436051,59.31436051,59.31436051
t_6751,59.31436051,59.31436051,59.31436051,59.31436051
t_6752,48.99804134,48.99804134,48.99804134,48.99804134
t_6753,43.21985363,43.21985363,43.21985363,43.21985363
t_6754,30.43250606,30.43250606,30.43250606,30.43250606
t_6755,28.18250606,28.18250606,28.18250606,28.18250606
t_6756,28.18250606,28.18250606,28.18250606,28.18250606
t_6757,28.18250606,28.18250606,28.18250606,28.18250606
t_6758,30.43250606,30.43250606,30.43250606,30.43250606
t_6759,41.14875909,41.14875909,41.14875909,41.14875909
t_676,43.21985363,43.21985363,43.21985363,43.21985363
t_6760,43.21985363,43.21985363,43.21985363,43.21985363
t_6761,73.60651066,73.60651066,73.60651066,73.60651066
t_6762,99.9017335,99.9017335,99.9017335,99.9017335
t_6763,99.9017335,99.9017335,99.9017335,99.9017335
t_6764,99.9017335,99.9017335,99.9017335,99.9017335
t_6765,99.9017335,99.9017335,99.9017335,99.9017335
t_6766,99.9017335,99.9017335,99.9017335,99.9017335
t_6767,99.9017335,99.9017335,99.9017335,99.9017335
t_6768,99.9017335,99.9017335,99.9017335,99.9017335
t_6769,103.6385622,103.6385622,103.6385622,103.6385622
t_677,43.21985363,43.21985363,43.21985363,43.21985363
t_6770,104.0839,104.0839,104.0839,104.0839
t_6771,108.0004293,108.0004293,108.0004293,108.0004293
t_6772,108.3642907,108.3642907,108.3642907,108.3642907
t_6773,104.4471782,104.4471782,104.4471782,104.4471782
t_6774,108.3827224,108.3827224,108.3827224,108.3827224
t_6775,109.0327423,109.0327423,109.0327423,109.0327423
t_6776,83.12192488,83.12192488,83.12192488,83.12192488
t_6777,65.55706426,65.55706426,65.55706426,65.55706426
t_6778,55.12654111,55.12654111,55.12654111,55.12654111
t_6779,42.16028808,42.16028808,42.16028808,42.16028808
t_678,43.21985363,43.21985363,43.21985363,43.21985363
t_6780,42.16028808,42.16028808,42.16028808,42.16028808
t_6781,42.16028808,42.16028808,42.16028808,42.16028808
t_6782,55.12654111,55.12654111,55.12654111,55.12654111
t_6783,59.82598265,59.82598265,59.82598265,59.82598265
t_6784,80.95779185,80.95779185,80.95779185,80.95779185
t_6785,89.98088148,89.98088148,89.98088148,89.98088148
t_6786,112.3220875,112.3220875,112.3220875,112.3220875
t_6787,112.3220875,112.3220875,112.3220875,112.3220875
t_6788,90.70378309,90.70378309,90.70378309,90.70378309
t_6789,90.70378309,90.70378309,90.70378309,90.70378309
t_679,43.21985363,43.21985363,43.21985363,43.21985363
t_6790,90.70378309,90.70378309,90.70378309,90.70378309
t_6791,90.50890926,90.50890926,90.50890926,90.50890926
t_6792,89.98088148,89.98088148,89.98088148,89.98088148
t_6793,89.98088148,89.98088148,89.98088148,89.98088148
t_6794,89.98088148,89.98088148,89.98088148,89.98088148
t_6795,89.98088148,89.98088148,89.98088148,89.98088148
t_6796,89.98088147,89.98088147,89.98088147,89.98088147
t_6797,89.98088148,89.98088148,89.98088148,89.98088148
t_6798,89.98088148,89.98088148,89.98088148,89.98088148
t_6799,90.50890926,90.50890926,90.50890926,90.50890926
t_68,86.70292463,86.70292463,86.70292463,86.70292463
t_680,43.21985363,43.21985363,43.21985363,43.21985363
t_6800,78.063304,78.063304,78.063304,78.063304
t_6801,64.43583404,64.43583404,64.43583404,64.43583404
t_6802,44.96754053,44.96754053,44.96754053,44.96754053
t_6803,42.71754053,42.71754053,42.71754053,42.71754053
t_6804,32.0012875,32.0012875,32.0012875,32.0012875
t_6805,42.31323132,42.31323132,42.31323132,42.31323132
t_6806,44.96754053,44.96754053,44.96754053,44.96754053
t_6807,55.68379356,55.68379356,55.68379356,55.68379356
t_6808,70.46442602,70.46442602,70.46442602,70.46442602
t_6809,88.72406133,88.72406133,88.72406133,88.72406133
t_681,43.21985363,43.21985363,43.21985363,43.21985363
t_6810,99.44031436,99.44031436,99.44031436,99.44031436
t_6811,99.44031436,99.44031436,99.44031436,99.44031436
t_6812,99.44031436,99.44031436,99.44031436,99.44031436
t_6813,99.44031436,99.44031436,99.44031436,99.44031436
t_6814,96.25177168,96.25177168,96.25177168,96.25177168
t_6815,96.89728967,96.89728967,96.89728967,96.89728967
t_6816,93.84833084,93.84833084,93.84833084,93.84833084
t_6817,92.31224197,92.31224197,92.31224197,92.31224197
t_6818,92.27311587,92.27311587,92.27311587,92.27311587
t_6819,92.36487068,92.36487068,92.36487068,92.36487068
t_682,27.96871548,27.96871548,27.96871548,27.96871548
t_6820,92.77033062,92.77033062,92.77033062,92.77033062
t_6821,92.98914507,92.98914507,92.98914507,92.98914507
t_6822,92.98914507,92.98914507,92.98914507,92.98914507
t_6823,97.28737226,97.28737226,97.28737226,97.28737226
t_6824,71.6141022,71.6141022,71.6141022,71.6141022
t_6825,57.7548881,57.7548881,57.7548881,57.7548881
t_6826,44.56323132,44.56323132,44.56323132,44.56323132
t_6827,32.0012875,32.0012875,32.0012875,32.0012875
t_6828,32.0012875,32.0012875,32.0012875,32.0012875
t_6829,32.0012875,32.0012875,32.0012875,32.0012875
t_683,25.71871548,25.71871548,25.71871548,25.71871548
t_6830,44.56323132,44.56323132,44.56323132,44.56323132
t_6831,55.68379356,55.68379356,55.68379356,55.68379356
t_6832,77.291758,77.291758,77.291758,77.291758
t_6833,88.95383797,88.95383797,88.95383797,88.95383797
t_6834,114.2051255,114.2051255,114.2051255,114.2051255
t_6835,114.2051255,114.2051255,114.2051255,114.2051255
t_6836,114.2051255,114.2051255,114.2051255,114.2051255
t_6837,114.2051255,114.2051255,114.2051255,114.2051255
t_6838,114.2051255,114.2051255,114.2051255,114.2051255
t_6839,114.2051255,114.2051255,114.2051255,114.2051255
t_684,25.71871548,25.71871548,25.71871548,25.71871548
t_6840,111.724155,111.724155,111.724155,111.724155
t_6841,98.85727116,98.85727116,98.85727116,98.85727116
t_6842,98.50588369,98.50588369,98.50588369,98.50588369
t_6843,98.38555828,98.38555828,98.38555828,98.38555828
t_6844,97.77514161,97.77514161,97.77514161,97.77514161
t_6845,98.92646607,98.92646607,98.92646607,98.92646607
t_6846,99.67009098,99.67009098,99.67009098,99.67009098
t_6847,98.60539945,98.60539945,98.60539945,98.60539945
t_6848,68.06640099,68.06640099,68.06640099,68.06640099
t_6849,61.98637681,61.98637681,61.98637681,61.98637681
t_685,25.71871548,25.71871548,25.71871548,25.71871548
t_6850,44.7493504,44.7493504,44.7493504,44.7493504
t_6851,32.18740658,32.18740658,32.18740658,32.18740658
t_6852,32.18740658,32.18740658,32.18740658,32.18740658
t_6853,32.18740658,32.18740658,32.18740658,32.18740658
t_6854,44.7493504,44.7493504,44.7493504,44.7493504
t_6855,55.86991264,55.86991264,55.86991264,55.86991264
t_6856,70.82167573,70.82167573,70.82167573,70.82167573
t_6857,91.43480843,91.43480843,91.43480843,91.43480843
t_6858,92.15771004,92.15771004,92.15771004,92.15771004
t_6859,91.43480843,91.43480843,91.43480843,91.43480843
t_686,25.71871548,25.71871548,25.71871548,25.71871548
t_6860,91.43480843,91.43480843,91.43480843,91.43480843
t_6861,91.43480843,91.43480843,91.43480843,91.43480843
t_6862,91.43480843,91.43480843,91.43480843,91.43480843
t_6863,91.43480843,91.43480843,91.43480843,91.43480843
t_6864,91.43480843,91.43480843,91.43480843,91.43480843
t_6865,91.20503179,91.20503179,91.20503179,91.20503179
t_6866,90.32801727,90.32801727,90.32801727,90.32801727
t_6867,89.03819745,89.03819745,89.03819745,89.03819745
t_6868,88.99116295,88.99116295,88.99116295,88.99116295
t_6869,90.01500527,90.01500527,90.01500527,90.01500527
t_687,27.96871548,27.96871548,27.96871548,27.96871548
t_6870,90.19943764,90.19943764,90.19943764,90.19943764
t_6871,91.73305957,91.73305957,91.73305957,91.73305957
t_6872,66.11276331,66.11276331,66.11276331,66.11276331
t_6873,44.96754053,44.96754053,44.96754053,44.96754053
t_6874,42.71754053,42.71754053,42.71754053,42.71754053
t_6875,42.71754053,42.71754053,42.71754053,42.71754053
t_6876,42.71754053,42.71754053,42.71754053,42.71754053
t_6877,42.71754053,42.71754053,42.71754053,42.71754053
t_6878,42.71754053,42.71754053,42.71754053,42.71754053
t_6879,44.96754053,44.96754053,44.96754053,44.96754053
t_688,41.14875909,41.14875909,41.14875909,41.14875909
t_6880,73.5487545,73.5487545,73.5487545,73.5487545
t_6881,91.20503179,91.20503179,91.20503179,91.20503179
t_6882,91.9279334,91.9279334,91.9279334,91.9279334
t_6883,91.92793339,91.92793339,91.92793339,91.92793339
t_6884,91.39164,91.39164,91.39164,91.39164
t_6885,88.55781545,88.55781545,88.55781545,88.55781545
t_6886,85.47676411,85.47676411,85.47676411,85.47676411
t_6887,85.47676411,85.47676411,85.47676411,85.47676411
t_6888,85.4767641,85.4767641,85.4767641,85.4767641
t_6889,85.47676411,85.47676411,85.47676411,85.47676411
t_689,51.92936659,51.92936659,51.92936659,51.92936659
t_6890,85.4767641,85.4767641,85.4767641,85.4767641
t_6891,85.4767641,85.4767641,85.4767641,85.4767641
t_6892,85.4767641,85.4767641,85.4767641,85.4767641
t_6893,84.7538625,84.7538625,84.7538625,84.7538625
t_6894,85.47676411,85.47676411,85.47676411,85.47676411
t_6895,90.90854881,90.90854881,90.90854881,90.90854881
t_6896,82.49179835,82.49179835,82.49179835,82.49179835
t_6897,59.82598265,59.82598265,59.82598265,59.82598265
t_6898,44.96754053,44.96754053,44.96754053,44.96754053
t_6899,42.71754053,42.71754053,42.71754053,42.71754053
t_69,86.70292463,86.70292463,86.70292463,86.70292463
t_690,51.92936659,51.92936659,51.92936659,51.92936659
t_6900,42.71754053,42.71754053,42.71754053,42.71754053
t_6901,42.71754053,42.71754053,42.71754053,42.71754053
t_6902,44.96754053,44.96754053,44.96754053,44.96754053
t_6903,61.29145246,61.29145246,61.29145246,61.29145246
t_6904,84.74905622,84.74905622,84.74905622,84.74905622
t_6905,95.82722053,95.82722053,95.82722053,95.82722053
t_6906,106.5437236,106.5437236,106.5437236,106.5437236
t_6907,106.5437236,106.5437236,106.5437236,106.5437236
t_6908,106.5437236,106.5437236,106.5437236,106.5437236
t_6909,106.5437236,106.5437236,106.5437236,106.5437236
t_691,50.11011765,50.11011765,50.11011765,50.11011765
t_6910,106.5437236,106.5437236,106.5437236,106.5437236
t_6911,106.5437236,106.5437236,106.5437236,106.5437236
t_6912,106.5434736,106.5434736,106.5434736,106.5434736
t_6913,102.7994724,102.7994724,102.7994724,102.7994724
t_6914,100.5036377,100.5036377,100.5036377,100.5036377
t_6915,95.87594318,95.87594318,95.87594318,95.87594318
t_6916,85.84900227,85.84900227,85.84900227,85.84900227
t_6917,86.25177246,86.25177246,86.25177246,86.25177246
t_6918,92.08321941,92.08321941,92.08321941,92.08321941
t_6919,96.3552483,96.3552483,96.3552483,96.3552483
t_692,50.11011765,50.11011765,50.11011765,50.11011765
t_6920,88.81578996,88.81578996,88.81578996,88.81578996
t_6921,68.60056562,68.60056562,68.60056562,68.60056562
t_6922,52.45290322,52.45290322,52.45290322,52.45290322
t_6923,42.90365961,42.90365961,42.90365961,42.90365961
t_6924,42.90365961,42.90365961,42.90365961,42.90365961
t_6925,42.90365961,42.90365961,42.90365961,42.90365961
t_6926,44.97475416,44.97475416,44.97475416,44.97475416
t_6927,54.61212468,54.61212468,54.61212468,54.61212468
t_6928,84.74905621,84.74905621,84.74905621,84.74905621
t_6929,91.43480843,91.43480843,91.43480843,91.43480843
t_693,50.11011765,50.11011765,50.11011765,50.11011765
t_6930,91.43480843,91.43480843,91.43480843,91.43480843
t_6931,91.43480843,91.43480843,91.43480843,91.43480843
t_6932,91.43480843,91.43480843,91.43480843,91.43480843
t_6933,90.47594265,90.47594265,90.47594265,90.47594265
t_6934,86.88026945,86.88026945,86.88026945,86.88026945
t_6935,84.7538625,84.7538625,84.7538625,84.7538625
t_6936,84.7538625,84.7538625,84.7538625,84.7538625
t_6937,78.89642751,78.89642751,78.89642751,78.89642751
t_6938,78.28295212,78.28295212,78.28295212,78.28295212
t_6939,76.76624732,76.76624732,76.76624732,76.76624732
t_694,50.11011765,50.11011765,50.11011765,50.11011765
t_6940,76.71821163,76.71821163,76.71821163,76.71821163
t_6941,76.71821163,76.71821163,76.71821163,76.71821163
t_6942,76.71821164,76.71821164,76.71821164,76.71821164
t_6943,78.28295212,78.28295212,78.28295212,78.28295212
t_6944,56.79333988,56.79333988,56.79333988,56.79333988
t_6945,43.21985363,43.21985363,43.21985363,43.21985363
t_6946,30.43250606,30.43250606,30.43250606,30.43250606
t_6947,28.18250606,28.18250606,28.18250606,28.18250606
t_6948,28.18250606,28.18250606,28.18250606,28.18250606
t_6949,28.18250606,28.18250606,28.18250606,28.18250606
t_695,50.11011765,50.11011765,50.11011765,50.11011765
t_6950,30.43250606,30.43250606,30.43250606,30.43250606
t_6951,40.84541994,40.84541994,40.84541994,40.84541994
t_6952,47.23219261,47.23219261,47.23219261,47.23219261
t_6953,58.72551032,58.72551032,58.72551032,58.72551032
t_6954,58.72551032,58.72551032,58.72551032,58.72551032
t_6955,58.72551032,58.72551032,58.72551032,58.72551032
t_6956,58.72551032,58.72551032,58.72551032,58.72551032
t_6957,59.2535381,59.2535381,59.2535381,59.2535381
t_6958,59.2535381,59.2535381,59.2535381,59.2535381
t_6959,58.28291588,58.28291588,58.28291588,58.28291588
t_696,50.11011765,50.11011765,50.11011765,50.11011765
t_6960,58.28291588,58.28291588,58.28291588,58.28291588
t_6961,56.21182134,56.21182134,56.21182134,56.21182134
t_6962,56.21182134,56.21182134,56.21182134,56.21182134
t_6963,56.21182134,56.21182134,56.21182134,56.21182134
t_6964,56.21182134,56.21182134,56.21182134,56.21182134
t_6965,58.28291588,58.28291588,58.28291588,58.28291588
t_6966,59.2535381,59.2535381,59.2535381,59.2535381
t_6967,58.28291588,58.28291588,58.28291588,58.28291588
t_6968,55.25155086,55.25155086,55.25155086,55.25155086
t_6969,43.21985363,43.21985363,43.21985363,43.21985363
t_697,50.11011765,50.11011765,50.11011765,50.11011765
t_6970,41.14875909,41.14875909,41.14875909,41.14875909
t_6971,30.43250606,30.43250606,30.43250606,30.43250606
t_6972,27.79186046,27.79186046,27.79186046,27.79186046
t_6973,28.18250606,28.18250606,28.18250606,28.18250606
t_6974,40.83382498,40.83382498,40.83382498,40.83382498
t_6975,41.14875909,41.14875909,41.14875909,41.14875909
t_6976,55.08147486,55.08147486,55.08147486,55.08147486
t_6977,73.60649493,73.60649493,73.60649493,73.60649493
t_6978,73.60649493,73.60649493,73.60649493,73.60649493
t_6979,73.60649493,73.60649493,73.60649493,73.60649493
t_698,50.11011765,50.11011765,50.11011765,50.11011765
t_6980,73.60649493,73.60649493,73.60649493,73.60649493
t_6981,70.56477817,70.56477817,70.56477817,70.56477817
t_6982,70.56477817,70.56477817,70.56477817,70.56477817
t_6983,70.56477817,70.56477817,70.56477817,70.56477817
t_6984,70.56477817,70.56477817,70.56477817,70.56477817
t_6985,70.03061354,70.03061354,70.03061354,70.03061354
t_6986,68.77629998,68.77629998,68.77629998,68.77629998
t_6987,68.47114114,68.47114114,68.47114114,68.47114114
t_6988,60.03726211,60.03726211,60.03726211,60.03726211
t_6989,59.84852514,59.84852514,59.84852514,59.84852514
t_699,50.11011765,50.11011765,50.11011765,50.11011765
t_6990,59.84852515,59.84852515,59.84852515,59.84852515
t_6991,60.37655292,60.37655292,60.37655292,60.37655292
t_6992,51.06913589,51.06913589,51.06913589,51.06913589
t_6993,41.14875909,41.14875909,41.14875909,41.14875909
t_6994,28.18250606,28.18250606,28.18250606,28.18250606
t_6995,28.18250606,28.18250606,28.18250606,28.18250606
t_6996,28.18250606,28.18250606,28.18250606,28.18250606
t_6997,28.18250606,28.18250606,28.18250606,28.18250606
t_6998,28.18250606,28.18250606,28.18250606,28.18250606
t_6999,30.43250606,30.43250606,30.43250606,30.43250606
t_7,41.14875909,41.14875909,41.14875909,41.14875909
t_70,86.70292463,86.70292463,86.70292463,86.70292463
t_700,45.94366895,45.94366895,45.94366895,45.94366895
t_7000,43.21985363,43.21985363,43.21985363,43.21985363
t_7001,58.72551032,58.72551032,58.72551032,58.72551032
t_7002,69.44176335,69.44176335,69.44176335,69.44176335
t_7003,59.44841192,59.44841192,59.44841192,59.44841192
t_7004,56.40669516,56.40669516,56.40669516,56.40669516
t_7005,56.40669516,56.40669516,56.40669516,56.40669516
t_7006,56.40669516,56.40669516,56.40669516,56.40669516
t_7007,56.40669516,56.40669516,56.40669516,56.40669516
t_7008,55.68379356,55.68379356,55.68379356,55.68379356
t_7009,55.68379356,55.68379356,55.68379356,55.68379356
t_701,45.94366895,45.94366895,45.94366895,45.94366895
t_7010,55.68379356,55.68379356,55.68379356,55.68379356
t_7011,55.68379356,55.68379356,55.68379356,55.68379356
t_7012,55.68379356,55.68379356,55.68379356,55.68379356
t_7013,55.68379356,55.68379356,55.68379356,55.68379356
t_7014,55.68379356,55.68379356,55.68379356,55.68379356
t_7015,55.68379356,55.68379356,55.68379356,55.68379356
t_7016,43.21985363,43.21985363,43.21985363,43.21985363
t_7017,19.71625303,19.71625303,19.71625303,19.71625303
t_7018,15.21625303,15.21625303,15.21625303,15.21625303
t_7019,15.21625303,15.21625303,15.21625303,15.21625303
t_702,45.94366895,45.94366895,45.94366895,45.94366895
t_7020,15.21625303,15.21625303,15.21625303,15.21625303
t_7021,15.21625303,15.21625303,15.21625303,15.21625303
t_7022,15.21625303,15.21625303,15.21625303,15.21625303
t_7023,15.21625303,15.21625303,15.21625303,15.21625303
t_7024,43.21985363,43.21985363,43.21985363,43.21985363
t_7025,56.40669516,56.40669516,56.40669516,56.40669516
t_7026,66.40004659,66.40004659,66.40004659,66.40004659
t_7027,56.40669516,56.40669516,56.40669516,56.40669516
t_7028,56.40669516,56.40669516,56.40669516,56.40669516
t_7029,56.40669516,56.40669516,56.40669516,56.40669516
t_703,50.11011765,50.11011765,50.11011765,50.11011765
t_7030,56.40669516,56.40669516,56.40669516,56.40669516
t_7031,55.68379356,55.68379356,55.68379356,55.68379356
t_7032,55.68379356,55.68379356,55.68379356,55.68379356
t_7033,55.68379356,55.68379356,55.68379356,55.68379356
t_7034,55.68379356,55.68379356,55.68379356,55.68379356
t_7035,55.68379356,55.68379356,55.68379356,55.68379356
t_7036,55.68379356,55.68379356,55.68379356,55.68379356
t_7037,55.68379356,55.68379356,55.68379356,55.68379356
t_7038,55.68379356,55.68379356,55.68379356,55.68379356
t_7039,55.68379356,55.68379356,55.68379356,55.68379356
t_704,50.11011765,50.11011765,50.11011765,50.11011765
t_7040,48.99804134,48.99804134,48.99804134,48.99804134
t_7041,41.14875909,41.14875909,41.14875909,41.14875909
t_7042,30.43250606,30.43250606,30.43250606,30.43250606
t_7043,28.18250606,28.18250606,28.18250606,28.18250606
t_7044,28.18250606,28.18250606,28.18250606,28.18250606
t_7045,28.18250606,28.18250606,28.18250606,28.18250606
t_7046,30.43250606,30.43250606,30.43250606,30.43250606
t_7047,41.14875909,41.14875909,41.14875909,41.14875909
t_7048,74.26392277,74.26392277,74.26392277,74.26392277
t_7049,81.91223358,81.91223358,81.91223358,81.91223358
t_705,50.11011765,50.11011765,50.11011765,50.11011765
t_7050,82.44026135,82.44026135,82.44026135,82.44026135
t_7051,81.91223358,81.91223358,81.91223358,81.91223358
t_7052,81.91223358,81.91223358,81.91223358,81.91223358
t_7053,81.91223358,81.91223358,81.91223358,81.91223358
t_7054,81.91223358,81.91223358,81.91223358,81.91223358
t_7055,81.91223358,81.91223358,81.91223358,81.91223358
t_7056,82.2990773,82.2990773,82.2990773,82.2990773
t_7057,80.8567809,80.8567809,80.8567809,80.8567809
t_7058,79.79350626,79.79350626,79.79350626,79.79350626
t_7059,78.29803385,78.29803385,78.29803385,78.29803385
t_706,43.21985363,43.21985363,43.21985363,43.21985363
t_7060,64.73615833,64.73615833,64.73615833,64.73615833
t_7061,64.54128451,64.54128451,64.54128451,64.54128451
t_7062,64.73615833,64.73615833,64.73615833,64.73615833
t_7063,74.72950976,74.72950976,74.72950976,74.72950976
t_7064,63.47295524,63.47295524,63.47295524,63.47295524
t_7065,48.99804134,48.99804134,48.99804134,48.99804134
t_7066,43.21985363,43.21985363,43.21985363,43.21985363
t_7067,43.21985363,43.21985363,43.21985363,43.21985363
t_7068,43.21985363,43.21985363,43.21985363,43.21985363
t_7069,43.21985363,43.21985363,43.21985363,43.21985363
t_707,43.21985363,43.21985363,43.21985363,43.21985363
t_7070,43.21985363,43.21985363,43.21985363,43.21985363
t_7071,43.21985363,43.21985363,43.21985363,43.21985363
t_7072,55.68379356,55.68379356,55.68379356,55.68379356
t_7073,62.49012868,62.49012868,62.49012868,62.49012868
t_7074,70.54223578,70.54223578,70.54223578,70.54223578
t_7075,66.40004659,66.40004659,66.40004659,66.40004659
t_7076,66.40004659,66.40004659,66.40004659,66.40004659
t_7077,66.40004659,66.40004659,66.40004659,66.40004659
t_7078,66.40004659,66.40004659,66.40004659,66.40004659
t_7079,66.40004659,66.40004659,66.40004659,66.40004659
t_708,42.23407196,42.23407196,42.23407196,42.23407196
t_7080,66.40004659,66.40004659,66.40004659,66.40004659
t_7081,56.21182134,56.21182134,56.21182134,56.21182134
t_7082,55.68379356,55.68379356,55.68379356,55.68379356
t_7083,53.74856027,53.74856027,53.74856027,53.74856027
t_7084,52.50042156,52.50042156,52.50042156,52.50042156
t_7085,53.36292995,53.36292995,53.36292995,53.36292995
t_7086,59.82598275,59.82598275,59.82598275,59.82598275
t_7087,59.82598275,59.82598275,59.82598275,59.82598275
t_7088,43.21985364,43.21985364,43.21985364,43.21985364
t_7089,30.43250606,30.43250606,30.43250606,30.43250606
t_709,41.14875909,41.14875909,41.14875909,41.14875909
t_7090,19.71625303,19.71625303,19.71625303,19.71625303
t_7091,15.21625303,15.21625303,15.21625303,15.21625303
t_7092,15.21625303,15.21625303,15.21625303,15.21625303
t_7093,15.21625303,15.21625303,15.21625303,15.21625303
t_7094,19.71625303,19.71625303,19.71625303,19.71625303
t_7095,41.14875909,41.14875909,41.14875909,41.14875909
t_7096,43.21985363,43.21985363,43.21985363,43.21985363
t_7097,59.82598265,59.82598265,59.82598265,59.82598265
t_7098,55.68379356,55.68379356,55.68379356,55.68379356
t_7099,55.68379356,55.68379356,55.68379356,55.68379356
t_71,86.70292463,86.70292463,86.70292463,86.70292463
t_710,42.23407196,42.23407196,42.23407196,42.23407196
t_7100,55.68379356,55.68379356,55.68379356,55.68379356
t_7101,55.68379356,55.68379356,55.68379356,55.68379356
t_7102,55.68379356,55.68379356,55.68379356,55.68379356
t_7103,55.68379356,55.68379356,55.68379356,55.68379356
t_7104,55.68379356,55.68379356,55.68379356,55.68379356
t_7105,55.68379356,55.68379356,55.68379356,55.68379356
t_7106,55.68379356,55.68379356,55.68379356,55.68379356
t_7107,55.68379356,55.68379356,55.68379356,55.68379356
t_7108,55.68379356,55.68379356,55.68379356,55.68379356
t_7109,55.68379356,55.68379356,55.68379356,55.68379356
t_711,43.21985363,43.21985363,43.21985363,43.21985363
t_7110,55.68379356,55.68379356,55.68379356,55.68379356
t_7111,55.68379356,55.68379356,55.68379356,55.68379356
t_7112,48.99804134,48.99804134,48.99804134,48.99804134
t_7113,30.2536006,30.2536006,30.2536006,30.2536006
t_7114,12.96625303,12.96625303,12.96625303,12.96625303
t_7115,12.96625303,12.96625303,12.96625303,12.96625303
t_7116,12.96625303,12.96625303,12.96625303,12.96625303
t_7117,12.96625303,12.96625303,12.96625303,12.96625303
t_7118,12.96625303,12.96625303,12.96625303,12.96625303
t_7119,25.93250606,25.93250606,25.93250606,25.93250606
t_712,43.21985363,43.21985363,43.21985363,43.21985363
t_7120,48.99804134,48.99804134,48.99804134,48.99804134
t_7121,55.68379356,55.68379356,55.68379356,55.68379356
t_7122,55.68379356,55.68379356,55.68379356,55.68379356
t_7123,55.68379356,55.68379356,55.68379356,55.68379356
t_7124,55.68379356,55.68379356,55.68379356,55.68379356
t_7125,55.68379356,55.68379356,55.68379356,55.68379356
t_7126,55.68379356,55.68379356,55.68379356,55.68379356
t_7127,55.68379356,55.68379356,55.68379356,55.68379356
t_7128,55.68379356,55.68379356,55.68379356,55.68379356
t_7129,55.68379356,55.68379356,55.68379356,55.68379356
t_713,48.56663163,48.56663163,48.56663163,48.56663163
t_7130,55.68379356,55.68379356,55.68379356,55.68379356
t_7131,55.68379356,55.68379356,55.68379356,55.68379356
t_7132,55.68379356,55.68379356,55.68379356,55.68379356
t_7133,55.68379356,55.68379356,55.68379356,55.68379356
t_7134,55.68379356,55.68379356,55.68379356,55.68379356
t_7135,55.68379356,55.68379356,55.68379356,55.68379356
t_7136,55.68379356,55.68379356,55.68379356,55.68379356
t_7137,43.21985363,43.21985363,43.21985363,43.21985363
t_7138,36.22117794,36.22117794,36.22117794,36.22117794
t_7139,19.71625303,19.71625303,19.71625303,19.71625303
t_714,51.42162553,51.42162553,51.42162553,51.42162553
t_7140,17.46625303,17.46625303,17.46625303,17.46625303
t_7141,25.71871548,25.71871548,25.71871548,25.71871548
t_7142,37.89876452,37.89876452,37.89876452,37.89876452
t_7143,41.14875909,41.14875909,41.14875909,41.14875909
t_7144,48.99804134,48.99804134,48.99804134,48.99804134
t_7145,59.84852514,59.84852514,59.84852514,59.84852514
t_7146,59.84852514,59.84852514,59.84852514,59.84852514
t_7147,59.84852514,59.84852514,59.84852514,59.84852514
t_7148,59.84852514,59.84852514,59.84852514,59.84852514
t_7149,59.84852514,59.84852514,59.84852514,59.84852514
t_715,60.74756391,60.74756391,60.74756391,60.74756391
t_7150,59.84852514,59.84852514,59.84852514,59.84852514
t_7151,59.84852514,59.84852514,59.84852514,59.84852514
t_7152,59.84852514,59.84852514,59.84852514,59.84852514
t_7153,59.84852514,59.84852514,59.84852514,59.84852514
t_7154,59.84852514,59.84852514,59.84852514,59.84852514
t_7155,59.84852514,59.84852514,59.84852514,59.84852514
t_7156,59.84852514,59.84852514,59.84852514,59.84852514
t_7157,59.84852514,59.84852514,59.84852514,59.84852514
t_7158,59.84852514,59.84852514,59.84852514,59.84852514
t_7159,59.84852514,59.84852514,59.84852514,59.84852514
t_716,62.91494324,62.91494324,62.91494324,62.91494324
t_7160,53.92088683,53.92088683,53.92088683,53.92088683
t_7161,43.21985363,43.21985363,43.21985363,43.21985363
t_7162,30.43250606,30.43250606,30.43250606,30.43250606
t_7163,28.18250606,28.18250606,28.18250606,28.18250606
t_7164,28.18250606,28.18250606,28.18250606,28.18250606
t_7165,28.18250606,28.18250606,28.18250606,28.18250606
t_7166,30.43250606,30.43250606,30.43250606,30.43250606
t_7167,41.14875909,41.14875909,41.14875909,41.14875909
t_7168,48.99804134,48.99804134,48.99804134,48.99804134
t_7169,58.72551036,58.72551036,58.72551036,58.72551036
t_717,62.91494324,62.91494324,62.91494324,62.91494324
t_7170,58.72551036,58.72551036,58.72551036,58.72551036
t_7171,58.72551036,58.72551036,58.72551036,58.72551036
t_7172,58.72551036,58.72551036,58.72551036,58.72551036
t_7173,58.72551036,58.72551036,58.72551036,58.72551036
t_7174,58.72551036,58.72551036,58.72551036,58.72551036
t_7175,57.75488811,57.75488811,57.75488811,57.75488811
t_7176,55.68379356,55.68379356,55.68379356,55.68379356
t_7177,55.68379356,55.68379356,55.68379356,55.68379356
t_7178,55.68379356,55.68379356,55.68379356,55.68379356
t_7179,55.68379356,55.68379356,55.68379356,55.68379356
t_718,62.91494324,62.91494324,62.91494324,62.91494324
t_7180,55.68379356,55.68379356,55.68379356,55.68379356
t_7181,55.68379356,55.68379356,55.68379356,55.68379356
t_7182,55.68379356,55.68379356,55.68379356,55.68379356
t_7183,55.68379356,55.68379356,55.68379356,55.68379356
t_7184,48.99804134,48.99804134,48.99804134,48.99804134
t_7185,43.21985363,43.21985363,43.21985363,43.21985363
t_7186,40.34014067,40.34014067,40.34014067,40.34014067
t_7187,19.71625303,19.71625303,19.71625303,19.71625303
t_7188,17.46625303,17.46625303,17.46625303,17.46625303
t_7189,27.86757195,27.86757195,27.86757195,27.86757195
t_719,62.91494324,62.91494324,62.91494324,62.91494324
t_7190,40.74444987,40.74444987,40.74444987,40.74444987
t_7191,41.14875909,41.14875909,41.14875909,41.14875909
t_7192,48.99804134,48.99804134,48.99804134,48.99804134
t_7193,69.44176335,69.44176335,69.44176335,69.44176335
t_7194,69.44176335,69.44176335,69.44176335,69.44176335
t_7195,69.44176335,69.44176335,69.44176335,69.44176335
t_7196,69.44176335,69.44176335,69.44176335,69.44176335
t_7197,69.44176335,69.44176335,69.44176335,69.44176335
t_7198,69.44176335,69.44176335,69.44176335,69.44176335
t_7199,69.44176335,69.44176335,69.44176335,69.44176335
t_72,86.70292463,86.70292463,86.70292463,86.70292463
t_720,59.31436052,59.31436052,59.31436052,59.31436052
t_7200,69.44176335,69.44176335,69.44176335,69.44176335
t_7201,68.47114114,68.47114114,68.47114114,68.47114114
t_7202,68.47114114,68.47114114,68.47114114,68.47114114
t_7203,68.47114114,68.47114114,68.47114114,68.47114114
t_7204,68.47114114,68.47114114,68.47114114,68.47114114
t_7205,69.44176335,69.44176335,69.44176335,69.44176335
t_7206,73.0723303,73.0723303,73.0723303,73.0723303
t_7207,73.0723303,73.0723303,73.0723303,73.0723303
t_7208,59.71429437,59.71429437,59.71429437,59.71429437
t_7209,43.21985363,43.21985363,43.21985363,43.21985363
t_721,59.31436052,59.31436052,59.31436052,59.31436052
t_7210,41.14875909,41.14875909,41.14875909,41.14875909
t_7211,30.43250606,30.43250606,30.43250606,30.43250606
t_7212,28.18250606,28.18250606,28.18250606,28.18250606
t_7213,28.18250606,28.18250606,28.18250606,28.18250606
t_7214,40.90771101,40.90771101,40.90771101,40.90771101
t_7215,47.36204273,47.36204273,47.36204273,47.36204273
t_7216,78.06811028,78.06811028,78.06811028,78.06811028
t_7217,100.0582595,100.0582595,100.0582595,100.0582595
t_7218,101.8732536,101.8732536,101.8732536,101.8732536
t_7219,101.3452258,101.3452258,101.3452258,101.3452258
t_722,56.85056994,56.85056994,56.85056994,56.85056994
t_7220,101.8878835,101.8878835,101.8878835,101.8878835
t_7221,101.8878835,101.8878835,101.8878835,101.8878835
t_7222,101.7649446,101.7649446,101.7649446,101.7649446
t_7223,101.3452258,101.3452258,101.3452258,101.3452258
t_7224,100.0148237,100.0148237,100.0148237,100.0148237
t_7225,102.5613608,102.5613608,102.5613608,102.5613608
t_7226,101.8732536,101.8732536,101.8732536,101.8732536
t_7227,100.9104749,100.9104749,100.9104749,100.9104749
t_7228,98.78344111,98.78344111,98.78344111,98.78344111
t_7229,100.3824472,100.3824472,100.3824472,100.3824472
t_723,56.85056994,56.85056994,56.85056994,56.85056994
t_7230,102.2364327,102.2364327,102.2364327,102.2364327
t_7231,106.559207,106.559207,106.559207,106.559207
t_7232,108.3470273,108.3470273,108.3470273,108.3470273
t_7233,104.9602009,104.9602009,104.9602009,104.9602009
t_7234,94.64116081,94.64116081,94.64116081,94.64116081
t_7235,91.04252991,91.04252991,91.04252991,91.04252991
t_7236,92.47119576,92.47119576,92.47119576,92.47119576
t_7237,95.80450159,95.80450159,95.80450159,95.80450159
t_7238,97.61650779,97.61650779,97.61650779,97.61650779
t_7239,106.7480212,106.7480212,106.7480212,106.7480212
t_724,59.31436051,59.31436051,59.31436051,59.31436051
t_7240,121.3457795,121.3457795,121.3457795,121.3457795
t_7241,150.0319746,150.0319746,150.0319746,150.0319746
t_7242,153.8046532,153.8046532,153.8046532,153.8046532
t_7243,153.8046532,153.8046532,153.8046532,153.8046532
t_7244,153.0051502,153.0051502,153.0051502,153.0051502
t_7245,153.0266375,153.0266375,153.0266375,153.0266375
t_7246,153.8046532,153.8046532,153.8046532,153.8046532
t_7247,153.8046532,153.8046532,153.8046532,153.8046532
t_7248,152.0168329,152.0168329,152.0168329,152.0168329
t_7249,145.6087498,145.6087498,145.6087498,145.6087498
t_725,48.409893,48.409893,48.409893,48.409893
t_7250,144.9324655,144.9324655,144.9324655,144.9324655
t_7251,140.7317405,140.7317405,140.7317405,140.7317405
t_7252,139.1327345,139.1327345,139.1327345,139.1327345
t_7253,145.2232252,145.2232252,145.2232252,145.2232252
t_7254,150.4178269,150.4178269,150.4178269,150.4178269
t_7255,152.0168329,152.0168329,152.0168329,152.0168329
t_7256,152.2056471,152.2056471,152.2056471,152.2056471
t_7257,119.3937009,119.3937009,119.3937009,119.3937009
t_7258,110.7050367,110.7050367,110.7050367,110.7050367
t_7259,110.0212796,110.0212796,110.0212796,110.0212796
t_726,43.21985364,43.21985364,43.21985364,43.21985364
t_7260,110.0212796,110.0212796,110.0212796,110.0212796
t_7261,110.0212796,110.0212796,110.0212796,110.0212796
t_7262,110.0212796,110.0212796,110.0212796,110.0212796
t_7263,114.4656681,114.4656681,114.4656681,114.4656681
t_7264,126.9543596,126.9543596,126.9543596,126.9543596
t_7265,153.0051502,153.0051502,153.0051502,153.0051502
t_7266,153.8046532,153.8046532,153.8046532,153.8046532
t_7267,153.8046532,153.8046532,153.8046532,153.8046532
t_7268,153.8046532,153.8046532,153.8046532,153.8046532
t_7269,153.8046532,153.8046532,153.8046532,153.8046532
t_727,46.7473827,46.7473827,46.7473827,46.7473827
t_7270,153.8046532,153.8046532,153.8046532,153.8046532
t_7271,152.0168329,152.0168329,152.0168329,152.0168329
t_7272,136.5283207,136.5283207,136.5283207,136.5283207
t_7273,107.1211429,107.1211429,107.1211429,107.1211429
t_7274,90.55057929,90.55057929,90.55057929,90.55057929
t_7275,87.57731366,87.57731366,87.57731366,87.57731366
t_7276,74.19534512,74.19534512,74.19534512,74.19534512
t_7277,59.84852515,59.84852515,59.84852515,59.84852515
t_7278,59.84852515,59.84852515,59.84852515,59.84852515
t_7279,59.84852515,59.84852515,59.84852515,59.84852515
t_728,46.7473827,46.7473827,46.7473827,46.7473827
t_7280,60.75816715,60.75816715,60.75816715,60.75816715
t_7281,45.29094818,45.29094818,45.29094818,45.29094818
t_7282,45.29094818,45.29094818,45.29094818,45.29094818
t_7283,45.29094818,45.29094818,45.29094818,45.29094818
t_7284,45.29094818,45.29094818,45.29094818,45.29094818
t_7285,45.29094818,45.29094818,45.29094818,45.29094818
t_7286,45.29094818,45.29094818,45.29094818,45.29094818
t_7287,45.29094818,45.29094818,45.29094818,45.29094818
t_7288,61.28241717,61.28241717,61.28241717,61.28241717
t_7289,61.28241717,61.28241717,61.28241717,61.28241717
t_729,30.2536006,30.2536006,30.2536006,30.2536006
t_7290,71.9986702,71.9986702,71.9986702,71.9986702
t_7291,71.9986702,71.9986702,71.9986702,71.9986702
t_7292,69.53487962,69.53487962,69.53487962,69.53487962
t_7293,69.53487962,69.53487962,69.53487962,69.53487962
t_7294,71.9986702,71.9986702,71.9986702,71.9986702
t_7295,70.56477817,70.56477817,70.56477817,70.56477817
t_7296,70.03061354,70.03061354,70.03061354,70.03061354
t_7297,66.40004659,66.40004659,66.40004659,66.40004659
t_7298,66.40004659,66.40004659,66.40004659,66.40004659
t_7299,66.40004659,66.40004659,66.40004659,66.40004659
t_73,81.51288526,81.51288526,81.51288526,81.51288526
t_730,15.21625303,15.21625303,15.21625303,15.21625303
t_7300,64.19405074,64.19405074,64.19405074,64.19405074
t_7301,61.38209606,61.38209606,61.38209606,61.38209606
t_7302,63.93625601,63.93625601,63.93625601,63.93625601
t_7303,66.40004659,66.40004659,66.40004659,66.40004659
t_7304,59.71429437,59.71429437,59.71429437,59.71429437
t_7305,43.21985363,43.21985363,43.21985363,43.21985363
t_7306,41.14875909,41.14875909,41.14875909,41.14875909
t_7307,30.43250606,30.43250606,30.43250606,30.43250606
t_7308,30.43250606,30.43250606,30.43250606,30.43250606
t_7309,30.43250606,30.43250606,30.43250606,30.43250606
t_731,15.21625303,15.21625303,15.21625303,15.21625303
t_7310,41.14875909,41.14875909,41.14875909,41.14875909
t_7311,41.14875909,41.14875909,41.14875909,41.14875909
t_7312,48.99804134,48.99804134,48.99804134,48.99804134
t_7313,55.68379356,55.68379356,55.68379356,55.68379356
t_7314,56.40669516,56.40669516,56.40669516,56.40669516
t_7315,56.21182122,56.21182122,56.21182122,56.21182122
t_7316,55.68379356,55.68379356,55.68379356,55.68379356
t_7317,55.68379356,55.68379356,55.68379356,55.68379356
t_7318,55.68379356,55.68379356,55.68379356,55.68379356
t_7319,55.68379356,55.68379356,55.68379356,55.68379356
t_732,15.21625303,15.21625303,15.21625303,15.21625303
t_7320,55.68379356,55.68379356,55.68379356,55.68379356
t_7321,61.76722708,61.76722708,61.76722708,61.76722708
t_7322,61.76722708,61.76722708,61.76722708,61.76722708
t_7323,61.70492971,61.70492971,61.70492971,61.70492971
t_7324,58.00615914,58.00615914,58.00615914,58.00615914
t_7325,55.08147486,55.08147486,55.08147486,55.08147486
t_7326,51.12632066,51.12632066,51.12632066,51.12632066
t_7327,55.08147486,55.08147486,55.08147486,55.08147486
t_7328,50.27390937,50.27390937,50.27390937,50.27390937
t_7329,42.60580197,42.60580197,42.60580197,42.60580197
t_733,15.21625303,15.21625303,15.21625303,15.21625303
t_7330,28.18250606,28.18250606,28.18250606,28.18250606
t_7331,28.18250606,28.18250606,28.18250606,28.18250606
t_7332,28.18250606,28.18250606,28.18250606,28.18250606
t_7333,28.18250605,28.18250605,28.18250605,28.18250605
t_7334,28.18250606,28.18250606,28.18250606,28.18250606
t_7335,30.43250606,30.43250606,30.43250606,30.43250606
t_7336,43.21985363,43.21985363,43.21985363,43.21985363
t_7337,43.94275524,43.94275524,43.94275524,43.94275524
t_7338,43.94275524,43.94275524,43.94275524,43.94275524
t_7339,43.94275524,43.94275524,43.94275524,43.94275524
t_734,15.21625303,15.21625303,15.21625303,15.21625303
t_7340,43.94275524,43.94275524,43.94275524,43.94275524
t_7341,43.94275524,43.94275524,43.94275524,43.94275524
t_7342,43.94275524,43.94275524,43.94275524,43.94275524
t_7343,43.94275524,43.94275524,43.94275524,43.94275524
t_7344,43.21985364,43.21985364,43.21985364,43.21985364
t_7345,43.21985363,43.21985363,43.21985363,43.21985363
t_7346,43.21985363,43.21985363,43.21985363,43.21985363
t_7347,43.21985363,43.21985363,43.21985363,43.21985363
t_7348,43.21985363,43.21985363,43.21985363,43.21985363
t_7349,43.21985363,43.21985363,43.21985363,43.21985363
t_735,17.46625303,17.46625303,17.46625303,17.46625303
t_7350,43.21985363,43.21985363,43.21985363,43.21985363
t_7351,43.21985363,43.21985363,43.21985363,43.21985363
t_7352,41.14875909,41.14875909,41.14875909,41.14875909
t_7353,15.00246245,15.00246245,15.00246245,15.00246245
t_7354,15.00246245,15.00246245,15.00246245,15.00246245
t_7355,15.00246245,15.00246245,15.00246245,15.00246245
t_7356,15.00246245,15.00246245,15.00246245,15.00246245
t_7357,15.00246245,15.00246245,15.00246245,15.00246245
t_7358,15.00246245,15.00246245,15.00246245,15.00246245
t_7359,15.00246245,15.00246245,15.00246245,15.00246245
t_736,39.56408521,39.56408521,39.56408521,39.56408521
t_7360,34.63650406,34.63650406,34.63650406,34.63650406
t_7361,43.21985363,43.21985363,43.21985363,43.21985363
t_7362,43.21985364,43.21985364,43.21985364,43.21985364
t_7363,43.21985363,43.21985363,43.21985363,43.21985363
t_7364,43.21985363,43.21985363,43.21985363,43.21985363
t_7365,43.21985363,43.21985363,43.21985363,43.21985363
t_7366,43.21985363,43.21985363,43.21985363,43.21985363
t_7367,43.21985364,43.21985364,43.21985364,43.21985364
t_7368,43.21985364,43.21985364,43.21985364,43.21985364
t_7369,43.21985364,43.21985364,43.21985364,43.21985364
t_737,44.1294781,44.1294781,44.1294781,44.1294781
t_7370,43.21985363,43.21985363,43.21985363,43.21985363
t_7371,38.29227248,38.29227248,38.29227248,38.29227248
t_7372,38.29227248,38.29227248,38.29227248,38.29227248
t_7373,38.29227248,38.29227248,38.29227248,38.29227248
t_7374,43.21985363,43.21985363,43.21985363,43.21985363
t_7375,43.21985363,43.21985363,43.21985363,43.21985363
t_7376,27.78981003,27.78981003,27.78981003,27.78981003
t_7377,12.75246245,12.75246245,12.75246245,12.75246245
t_7378,12.75246245,12.75246245,12.75246245,12.75246245
t_7379,12.75246245,12.75246245,12.75246245,12.75246245
t_738,44.1294781,44.1294781,44.1294781,44.1294781
t_7380,12.75246245,12.75246245,12.75246245,12.75246245
t_7381,12.80230276,12.80230276,12.80230276,12.80230276
t_7382,15.21625303,15.21625303,15.21625303,15.21625303
t_7383,15.21625303,15.21625303,15.21625303,15.21625303
t_7384,41.14875909,41.14875909,41.14875909,41.14875909
t_7385,43.21985363,43.21985363,43.21985363,43.21985363
t_7386,43.21985363,43.21985363,43.21985363,43.21985363
t_7387,43.21985363,43.21985363,43.21985363,43.21985363
t_7388,45.29094818,45.29094818,45.29094818,45.29094818
t_7389,52.18121219,52.18121219,52.18121219,52.18121219
t_739,44.1294781,44.1294781,44.1294781,44.1294781
t_7390,54.50157634,54.50157634,54.50157634,54.50157634
t_7391,54.50157634,54.50157634,54.50157634,54.50157634
t_7392,54.57299378,54.57299378,54.57299378,54.57299378
t_7393,57.67770785,57.67770785,57.67770785,57.67770785
t_7394,57.67770785,57.67770785,57.67770785,57.67770785
t_7395,57.67770785,57.67770785,57.67770785,57.67770785
t_7396,57.67770785,57.67770785,57.67770785,57.67770785
t_7397,57.67770785,57.67770785,57.67770785,57.67770785
t_7398,57.67770785,57.67770785,57.67770785,57.67770785
t_7399,57.67770785,57.67770785,57.67770785,57.67770785
t_74,71.51953384,71.51953384,71.51953384,71.51953384
t_740,44.1294781,44.1294781,44.1294781,44.1294781
t_7400,54.02193943,54.02193943,54.02193943,54.02193943
t_7401,29.67410724,29.67410724,29.67410724,29.67410724
t_7402,29.67410724,29.67410724,29.67410724,29.67410724
t_7403,26.49797574,26.49797574,26.49797574,26.49797574
t_7404,26.49797574,26.49797574,26.49797574,26.49797574
t_7405,26.49797574,26.49797574,26.49797574,26.49797574
t_7406,27.23685892,27.23685892,27.23685892,27.23685892
t_7407,29.67410724,29.67410724,29.67410724,29.67410724
t_7408,55.6066133,55.6066133,55.6066133,55.6066133
t_7409,57.67770785,57.67770785,57.67770785,57.67770785
t_741,44.1294781,44.1294781,44.1294781,44.1294781
t_7410,55.24045953,55.24045953,55.24045953,55.24045953
t_7411,55.21673578,55.21673578,55.21673578,55.21673578
t_7412,55.21673578,55.21673578,55.21673578,55.21673578
t_7413,54.50157634,54.50157634,54.50157634,54.50157634
t_7414,48.10748682,48.10748682,48.10748682,48.10748682
t_7415,43.94275524,43.94275524,43.94275524,43.94275524
t_7416,43.94275524,43.94275524,43.94275524,43.94275524
t_7417,43.94275524,43.94275524,43.94275524,43.94275524
t_7418,43.94275524,43.94275524,43.94275524,43.94275524
t_7419,43.94275524,43.94275524,43.94275524,43.94275524
t_742,44.1294781,44.1294781,44.1294781,44.1294781
t_7420,43.94275524,43.94275524,43.94275524,43.94275524
t_7421,43.94275524,43.94275524,43.94275524,43.94275524
t_7422,43.94275524,43.94275524,43.94275524,43.94275524
t_7423,53.93610666,53.93610666,53.93610666,53.93610666
t_7424,41.87166069,41.87166069,41.87166069,41.87166069
t_7425,15.21625303,15.21625303,15.21625303,15.21625303
t_7426,15.21625303,15.21625303,15.21625303,15.21625303
t_7427,15.21625303,15.21625303,15.21625303,15.21625303
t_7428,15.21625303,15.21625303,15.21625303,15.21625303
t_7429,15.21625303,15.21625303,15.21625303,15.21625303
t_743,44.1294781,44.1294781,44.1294781,44.1294781
t_7430,15.21625303,15.21625303,15.21625303,15.21625303
t_7431,28.18250604,28.18250604,28.18250604,28.18250604
t_7432,43.21985363,43.21985363,43.21985363,43.21985363
t_7433,72.97825486,72.97825486,72.97825486,72.97825486
t_7434,76.95666796,76.95666796,76.95666796,76.95666796
t_7435,76.95666796,76.95666796,76.95666796,76.95666796
t_7436,76.95666796,76.95666796,76.95666796,76.95666796
t_7437,76.95666796,76.95666796,76.95666796,76.95666796
t_7438,76.95666796,76.95666796,76.95666796,76.95666796
t_7439,76.95666796,76.95666796,76.95666796,76.95666796
t_744,44.1294781,44.1294781,44.1294781,44.1294781
t_7440,76.95666796,76.95666796,76.95666796,76.95666796
t_7441,76.95666796,76.95666796,76.95666796,76.95666796
t_7442,81.27490406,81.27490406,81.27490406,81.27490406
t_7443,82.94280139,82.94280139,82.94280139,82.94280139
t_7444,86.13332702,86.13332702,86.13332702,86.13332702
t_7445,88.73177781,88.73177781,88.73177781,88.73177781
t_7446,91.49170243,91.49170243,91.49170243,91.49170243
t_7447,91.49170243,91.49170243,91.49170243,91.49170243
t_7448,85.14053727,85.14053727,85.14053727,85.14053727
t_7449,32.97264431,32.97264431,32.97264431,32.97264431
t_745,43.21985363,43.21985363,43.21985363,43.21985363
t_7450,34.52425658,34.52425658,34.52425658,34.52425658
t_7451,42.19270877,42.19270877,42.19270877,42.19270877
t_7452,44.41448139,44.41448139,44.41448139,44.41448139
t_7453,46.14952414,46.14952414,46.14952414,46.14952414
t_7454,52.81712247,52.81712247,52.81712247,52.81712247
t_7455,79.56178719,79.56178719,79.56178719,79.56178719
t_7456,84.39980857,84.39980857,84.39980857,84.39980857
t_7457,128.3094677,128.3094677,128.3094677,128.3094677
t_7458,141.0998106,141.0998106,141.0998106,141.0998106
t_7459,141.0998106,141.0998106,141.0998106,141.0998106
t_746,43.21985363,43.21985363,43.21985363,43.21985363
t_7460,141.0998106,141.0998106,141.0998106,141.0998106
t_7461,141.0998106,141.0998106,141.0998106,141.0998106
t_7462,141.0998106,141.0998106,141.0998106,141.0998106
t_7463,141.0998106,141.0998106,141.0998106,141.0998106
t_7464,141.0998106,141.0998106,141.0998106,141.0998106
t_7465,125.9803027,125.9803027,125.9803027,125.9803027
t_7466,120.0447373,120.0447373,120.0447373,120.0447373
t_7467,118.0217581,118.0217581,118.0217581,118.0217581
t_7468,111.9254424,111.9254424,111.9254424,111.9254424
t_7469,111.2726688,111.2726688,111.2726688,111.2726688
t_747,43.21985363,43.21985363,43.21985363,43.21985363
t_7470,111.2726688,111.2726688,111.2726688,111.2726688
t_7471,114.331886,114.331886,114.331886,114.331886
t_7472,113.5209921,113.5209921,113.5209921,113.5209921
t_7473,63.4951962,63.4951962,63.4951962,63.4951962
t_7474,61.2451962,61.2451962,61.2451962,61.2451962
t_7475,61.01130137,61.01130137,61.01130137,61.01130137
t_7476,61.01130137,61.01130137,61.01130137,61.01130137
t_7477,61.01130137,61.01130137,61.01130137,61.01130137
t_7478,61.01130137,61.01130137,61.01130137,61.01130137
t_7479,81.61333538,81.61333538,81.61333538,81.61333538
t_748,43.21985363,43.21985363,43.21985363,43.21985363
t_7480,90.71454339,90.71454339,90.71454339,90.71454339
t_7481,124.2637912,124.2637912,124.2637912,124.2637912
t_7482,130.5948906,130.5948906,130.5948906,130.5948906
t_7483,131.3200838,131.3200838,131.3200838,131.3200838
t_7484,131.3200838,131.3200838,131.3200838,131.3200838
t_7485,130.4745357,130.4745357,130.4745357,130.4745357
t_7486,126.6280017,126.6280017,126.6280017,126.6280017
t_7487,127.7636069,127.7636069,127.7636069,127.7636069
t_7488,123.6116434,123.6116434,123.6116434,123.6116434
t_7489,122.7139128,122.7139128,122.7139128,122.7139128
t_749,43.21985363,43.21985363,43.21985363,43.21985363
t_7490,122.7139128,122.7139128,122.7139128,122.7139128
t_7491,122.5807823,122.5807823,122.5807823,122.5807823
t_7492,120.2296085,120.2296085,120.2296085,120.2296085
t_7493,116.6568899,116.6568899,116.6568899,116.6568899
t_7494,116.6568899,116.6568899,116.6568899,116.6568899
t_7495,122.7139128,122.7139128,122.7139128,122.7139128
t_7496,124.6683439,124.6683439,124.6683439,124.6683439
t_7497,81.72766935,81.72766935,81.72766935,81.72766935
t_7498,81.72766934,81.72766934,81.72766934,81.72766934
t_7499,81.72766934,81.72766934,81.72766934,81.72766934
t_75,70.79663223,70.79663223,70.79663223,70.79663223
t_750,43.21985363,43.21985363,43.21985363,43.21985363
t_7500,68.94032177,68.94032177,68.94032177,68.94032177
t_7501,81.72766934,81.72766934,81.72766934,81.72766934
t_7502,81.72766934,81.72766934,81.72766934,81.72766934
t_7503,86.95311647,86.95311647,86.95311647,86.95311647
t_7504,105.8682257,105.8682257,105.8682257,105.8682257
t_7505,137.001102,137.001102,137.001102,137.001102
t_7506,137.001102,137.001102,137.001102,137.001102
t_7507,137.001102,137.001102,137.001102,137.001102
t_7508,137.001102,137.001102,137.001102,137.001102
t_7509,137.001102,137.001102,137.001102,137.001102
t_751,43.21985363,43.21985363,43.21985363,43.21985363
t_7510,137.001102,137.001102,137.001102,137.001102
t_7511,135.2786423,135.2786423,135.2786423,135.2786423
t_7512,123.0469187,123.0469187,123.0469187,123.0469187
t_7513,90.68263227,90.68263227,90.68263227,90.68263227
t_7514,88.37029733,88.37029733,88.37029733,88.37029733
t_7515,87.01515126,87.01515126,87.01515126,87.01515126
t_7516,85.27947491,85.27947491,85.27947491,85.27947491
t_7517,86.02329132,86.02329132,86.02329132,86.02329132
t_7518,88.11969201,88.11969201,88.11969201,88.11969201
t_7519,88.37004733,88.37004733,88.37004733,88.37004733
t_752,43.21985363,43.21985363,43.21985363,43.21985363
t_7520,84.7538625,84.7538625,84.7538625,84.7538625
t_7521,75.92344024,75.92344024,75.92344024,75.92344024
t_7522,68.68670314,68.68670314,68.68670314,68.68670314
t_7523,68.68670314,68.68670314,68.68670314,68.68670314
t_7524,68.68670314,68.68670314,68.68670314,68.68670314
t_7525,68.71803559,68.71803559,68.71803559,68.71803559
t_7526,72.13834749,72.13834749,72.13834749,72.13834749
t_7527,81.23054532,81.23054532,81.23054532,81.23054532
t_7528,84.27137117,84.27137117,84.27137117,84.27137117
t_7529,84.27137116,84.27137116,84.27137116,84.27137116
t_753,38.68496851,38.68496851,38.68496851,38.68496851
t_7530,83.00131978,83.00131978,83.00131978,83.00131978
t_7531,83.00131978,83.00131978,83.00131978,83.00131978
t_7532,82.50795653,82.50795653,82.50795653,82.50795653
t_7533,82.85430213,82.85430213,82.85430213,82.85430213
t_7534,82.58222626,82.58222626,82.58222626,82.58222626
t_7535,83.16515168,83.16515168,83.16515168,83.16515168
t_7536,82.61363249,82.61363249,82.61363249,82.61363249
t_7537,77.00857882,77.00857882,77.00857882,77.00857882
t_7538,76.55061827,76.55061827,76.55061827,76.55061827
t_7539,72.00974982,72.00974982,72.00974982,72.00974982
t_754,17.46625303,17.46625303,17.46625303,17.46625303
t_7540,71.07535376,71.07535376,71.07535376,71.07535376
t_7541,59.22611598,59.22611598,59.22611598,59.22611598
t_7542,59.66385701,59.66385701,59.66385701,59.66385701
t_7543,62.94492746,62.94492746,62.94492746,62.94492746
t_7544,55.95533036,55.95533036,55.95533036,55.95533036
t_7545,52.62860829,52.62860829,52.62860829,52.62860829
t_7546,52.62860829,52.62860829,52.62860829,52.62860829
t_7547,52.62860829,52.62860829,52.62860829,52.62860829
t_7548,48.40989299,48.40989299,48.40989299,48.40989299
t_7549,48.40989299,48.40989299,48.40989299,48.40989299
t_755,17.46625303,17.46625303,17.46625303,17.46625303
t_7550,52.62860829,52.62860829,52.62860829,52.62860829
t_7551,52.62860829,52.62860829,52.62860829,52.62860829
t_7552,64.64515211,64.64515211,64.64515211,64.64515211
t_7553,64.64515211,64.64515211,64.64515211,64.64515211
t_7554,64.64515211,64.64515211,64.64515211,64.64515211
t_7555,64.64515211,64.64515211,64.64515211,64.64515211
t_7556,64.64515211,64.64515211,64.64515211,64.64515211
t_7557,64.64515211,64.64515211,64.64515211,64.64515211
t_7558,64.64515211,64.64515211,64.64515211,64.64515211
t_7559,64.50651066,64.50651066,64.50651066,64.50651066
t_756,17.46625303,17.46625303,17.46625303,17.46625303
t_7560,60.97283123,60.97283123,60.97283123,60.97283123
t_7561,64.60563143,64.60563143,64.60563143,64.60563143
t_7562,62.4652566,62.4652566,62.4652566,62.4652566
t_7563,59.41970499,59.41970499,59.41970499,59.41970499
t_7564,59.41970499,59.41970499,59.41970499,59.41970499
t_7565,59.41970499,59.41970499,59.41970499,59.41970499
t_7566,61.22631586,61.22631586,61.22631586,61.22631586
t_7567,64.64515211,64.64515211,64.64515211,64.64515211
t_7568,64.64515211,64.64515211,64.64515211,64.64515211
t_7569,64.64515211,64.64515211,64.64515211,64.64515211
t_757,17.46625302,17.46625302,17.46625302,17.46625302
t_7570,55.25325629,55.25325629,55.25325629,55.25325629
t_7571,55.25325629,55.25325629,55.25325629,55.25325629
t_7572,55.25325629,55.25325629,55.25325629,55.25325629
t_7573,55.25325629,55.25325629,55.25325629,55.25325629
t_7574,61.15771258,61.15771258,61.15771258,61.15771258
t_7575,64.64515211,64.64515211,64.64515211,64.64515211
t_7576,64.64515211,64.64515211,64.64515211,64.64515211
t_7577,64.64515211,64.64515211,64.64515211,64.64515211
t_7578,64.64515211,64.64515211,64.64515211,64.64515211
t_7579,65.36805372,65.36805372,65.36805372,65.36805372
t_758,17.46625303,17.46625303,17.46625303,17.46625303
t_7580,75.36140514,75.36140514,75.36140514,75.36140514
t_7581,75.36140514,75.36140514,75.36140514,75.36140514
t_7582,75.36140514,75.36140514,75.36140514,75.36140514
t_7583,75.36140514,75.36140514,75.36140514,75.36140514
t_7584,75.36140514,75.36140514,75.36140514,75.36140514
t_7585,75.36140514,75.36140514,75.36140514,75.36140514
t_7586,71.19495644,71.19495644,71.19495644,71.19495644
t_7587,71.19495644,71.19495644,71.19495644,71.19495644
t_7588,71.19495644,71.19495644,71.19495644,71.19495644
t_7589,72.36173282,72.36173282,72.36173282,72.36173282
t_759,25.71871548,25.71871548,25.71871548,25.71871548
t_7590,84.32276369,84.32276369,84.32276369,84.32276369
t_7591,96.01350203,96.01350203,96.01350203,96.01350203
t_7592,110.00515,110.00515,110.00515,110.00515
t_7593,86.43527603,86.43527603,86.43527603,86.43527603
t_7594,85.42120215,85.42120215,85.42120215,85.42120215
t_7595,78.45343856,78.45343856,78.45343856,78.45343856
t_7596,78.45343856,78.45343856,78.45343856,78.45343856
t_7597,84.31021408,84.31021408,84.31021408,84.31021408
t_7598,93.5137952,93.5137952,93.5137952,93.5137952
t_7599,112.3870214,112.3870214,112.3870214,112.3870214
t_76,68.64023492,68.64023492,68.64023492,68.64023492
t_760,43.21985363,43.21985363,43.21985363,43.21985363
t_7600,115.4999157,115.4999157,115.4999157,115.4999157
t_7601,140.7512032,140.7512032,140.7512032,140.7512032
t_7602,140.7512032,140.7512032,140.7512032,140.7512032
t_7603,140.7512032,140.7512032,140.7512032,140.7512032
t_7604,140.7512032,140.7512032,140.7512032,140.7512032
t_7605,140.7512032,140.7512032,140.7512032,140.7512032
t_7606,140.7512032,140.7512032,140.7512032,140.7512032
t_7607,140.7512032,140.7512032,140.7512032,140.7512032
t_7608,140.7512032,140.7512032,140.7512032,140.7512032
t_7609,130.2559965,130.2559965,130.2559965,130.2559965
t_761,54.93799906,54.93799906,54.93799906,54.93799906
t_7610,103.2547613,103.2547613,103.2547613,103.2547613
t_7611,98.48612047,98.48612047,98.48612047,98.48612047
t_7612,96.17589404,96.17589404,96.17589404,96.17589404
t_7613,96.65671988,96.65671988,96.65671988,96.65671988
t_7614,99.19164106,99.19164106,99.19164106,99.19164106
t_7615,102.8834636,102.8834636,102.8834636,102.8834636
t_7616,112.0217083,112.0217083,112.0217083,112.0217083
t_7617,105.4316671,105.4316671,105.4316671,105.4316671
t_7618,100.4825378,100.4825378,100.4825378,100.4825378
t_7619,94.03230557,94.03230557,94.03230557,94.03230557
t_762,55.01021808,55.01021808,55.01021808,55.01021808
t_7620,87.44316867,87.44316867,87.44316867,87.44316867
t_7621,89.99696357,89.99696357,89.99696357,89.99696357
t_7622,92.15376959,92.15376959,92.15376959,92.15376959
t_7623,97.99902376,97.99902376,97.99902376,97.99902376
t_7624,107.9992375,107.9992375,107.9992375,107.9992375
t_7625,106.2089399,106.2089399,106.2089399,106.2089399
t_7626,102.3753612,102.3753612,102.3753612,102.3753612
t_7627,99.6276458,99.6276458,99.6276458,99.6276458
t_7628,98.7153147,98.7153147,98.7153147,98.7153147
t_7629,87.08596133,87.08596133,87.08596133,87.08596133
t_763,55.01021808,55.01021808,55.01021808,55.01021808
t_7630,84.7538625,84.7538625,84.7538625,84.7538625
t_7631,84.7538625,84.7538625,84.7538625,84.7538625
t_7632,82.00143628,82.00143628,82.00143628,82.00143628
t_7633,68.03283474,68.03283474,68.03283474,68.03283474
t_7634,64.69660585,64.69660585,64.69660585,64.69660585
t_7635,56.8473236,56.8473236,56.8473236,56.8473236
t_7636,56.8473236,56.8473236,56.8473236,56.8473236
t_7637,56.8473236,56.8473236,56.8473236,56.8473236
t_7638,59.07147619,59.07147619,59.07147619,59.07147619
t_7639,62.84230632,62.84230632,62.84230632,62.84230632
t_764,55.01021808,55.01021808,55.01021808,55.01021808
t_7640,62.84230632,62.84230632,62.84230632,62.84230632
t_7641,56.8473236,56.8473236,56.8473236,56.8473236
t_7642,51.06913589,51.06913589,51.06913589,51.06913589
t_7643,43.21985363,43.21985363,43.21985363,43.21985363
t_7644,43.21985363,43.21985363,43.21985363,43.21985363
t_7645,43.31412524,43.31412524,43.31412524,43.31412524
t_7646,48.99804134,48.99804134,48.99804134,48.99804134
t_7647,56.87173453,56.87173453,56.87173453,56.87173453
t_7648,58.72551032,58.72551032,58.72551032,58.72551032
t_7649,58.72551032,58.72551032,58.72551032,58.72551032
t_765,55.01021808,55.01021808,55.01021808,55.01021808
t_7650,58.72551032,58.72551032,58.72551032,58.72551032
t_7651,58.72551032,58.72551032,58.72551032,58.72551032
t_7652,58.72551032,58.72551032,58.72551032,58.72551032
t_7653,55.68379356,55.68379356,55.68379356,55.68379356
t_7654,55.68379356,55.68379356,55.68379356,55.68379356
t_7655,55.68379356,55.68379356,55.68379356,55.68379356
t_7656,55.68379356,55.68379356,55.68379356,55.68379356
t_7657,55.68379356,55.68379356,55.68379356,55.68379356
t_7658,55.68379356,55.68379356,55.68379356,55.68379356
t_7659,55.68379356,55.68379356,55.68379356,55.68379356
t_766,55.01021808,55.01021808,55.01021808,55.01021808
t_7660,53.09552816,53.09552816,53.09552816,53.09552816
t_7661,52.22231995,52.22231995,52.22231995,52.22231995
t_7662,52.78494121,52.78494121,52.78494121,52.78494121
t_7663,55.68379358,55.68379358,55.68379358,55.68379358
t_7664,57.7548881,57.7548881,57.7548881,57.7548881
t_7665,53.42848259,53.42848259,53.42848259,53.42848259
t_7666,45.04288714,45.04288714,45.04288714,45.04288714
t_7667,45.04288714,45.04288714,45.04288714,45.04288714
t_7668,45.04288714,45.04288714,45.04288714,45.04288714
t_7669,45.04288714,45.04288714,45.04288714,45.04288714
t_767,55.01021808,55.01021808,55.01021808,55.01021808
t_7670,48.0846039,48.0846039,48.0846039,48.0846039
t_7671,48.0846039,48.0846039,48.0846039,48.0846039
t_7672,52.0397581,52.0397581,52.0397581,52.0397581
t_7673,52.0397581,52.0397581,52.0397581,52.0397581
t_7674,52.0397581,52.0397581,52.0397581,52.0397581
t_7675,52.0397581,52.0397581,52.0397581,52.0397581
t_7676,52.0397581,52.0397581,52.0397581,52.0397581
t_7677,52.0397581,52.0397581,52.0397581,52.0397581
t_7678,52.0397581,52.0397581,52.0397581,52.0397581
t_7679,47.11398169,47.11398169,47.11398169,47.11398169
t_768,55.01021808,55.01021808,55.01021808,55.01021808
t_7680,45.29094818,45.29094818,45.29094818,45.29094818
t_7681,43.21985363,43.21985363,43.21985363,43.21985363
t_7682,43.21985363,43.21985363,43.21985363,43.21985363
t_7683,43.21985363,43.21985363,43.21985363,43.21985363
t_7684,43.21985363,43.21985363,43.21985363,43.21985363
t_7685,43.21985363,43.21985363,43.21985363,43.21985363
t_7686,43.21985363,43.21985363,43.21985363,43.21985363
t_7687,43.21985363,43.21985363,43.21985363,43.21985363
t_7688,43.21985363,43.21985363,43.21985363,43.21985363
t_7689,41.14875909,41.14875909,41.14875909,41.14875909
t_769,55.01021808,55.01021808,55.01021808,55.01021808
t_7690,30.43250606,30.43250606,30.43250606,30.43250606
t_7691,30.43250606,30.43250606,30.43250606,30.43250606
t_7692,28.18250606,28.18250606,28.18250606,28.18250606
t_7693,28.18250606,28.18250606,28.18250606,28.18250606
t_7694,30.43250606,30.43250606,30.43250606,30.43250606
t_7695,30.43250606,30.43250606,30.43250606,30.43250606
t_7696,41.14875909,41.14875909,41.14875909,41.14875909
t_7697,43.21985363,43.21985363,43.21985363,43.21985363
t_7698,45.29094818,45.29094818,45.29094818,45.29094818
t_7699,45.29094818,45.29094818,45.29094818,45.29094818
t_77,67.70064614,67.70064614,67.70064614,67.70064614
t_770,55.01021808,55.01021808,55.01021808,55.01021808
t_7700,43.21985363,43.21985363,43.21985363,43.21985363
t_7701,43.21985363,43.21985363,43.21985363,43.21985363
t_7702,43.21985363,43.21985363,43.21985363,43.21985363
t_7703,43.21985363,43.21985363,43.21985363,43.21985363
t_7704,43.21985363,43.21985363,43.21985363,43.21985363
t_7705,43.21985363,43.21985363,43.21985363,43.21985363
t_7706,43.21985363,43.21985363,43.21985363,43.21985363
t_7707,41.27339015,41.27339015,41.27339015,41.27339015
t_7708,41.19676849,41.19676849,41.19676849,41.19676849
t_7709,41.14875909,41.14875909,41.14875909,41.14875909
t_771,54.93799906,54.93799906,54.93799906,54.93799906
t_7710,41.14875909,41.14875909,41.14875909,41.14875909
t_7711,41.14875909,41.14875909,41.14875909,41.14875909
t_7712,30.43250606,30.43250606,30.43250606,30.43250606
t_7713,28.18250606,28.18250606,28.18250606,28.18250606
t_7714,17.46625303,17.46625303,17.46625303,17.46625303
t_7715,15.21625303,15.21625303,15.21625303,15.21625303
t_7716,15.21625303,15.21625303,15.21625303,15.21625303
t_7717,15.21625303,15.21625303,15.21625303,15.21625303
t_7718,15.21625303,15.21625303,15.21625303,15.21625303
t_7719,15.21625303,15.21625303,15.21625303,15.21625303
t_772,54.93799906,54.93799906,54.93799906,54.93799906
t_7720,19.71625303,19.71625303,19.71625303,19.71625303
t_7721,53.93610666,53.93610666,53.93610666,53.93610666
t_7722,53.93610666,53.93610666,53.93610666,53.93610666
t_7723,53.93610666,53.93610666,53.93610666,53.93610666
t_7724,53.93610666,53.93610666,53.93610666,53.93610666
t_7725,53.93610666,53.93610666,53.93610666,53.93610666
t_7726,53.93610666,53.93610666,53.93610666,53.93610666
t_7727,53.93610666,53.93610666,53.93610666,53.93610666
t_7728,53.93610666,53.93610666,53.93610666,53.93610666
t_7729,53.93610666,53.93610666,53.93610666,53.93610666
t_773,54.93799906,54.93799906,54.93799906,54.93799906
t_7730,53.93610666,53.93610666,53.93610666,53.93610666
t_7731,53.93610666,53.93610666,53.93610666,53.93610666
t_7732,53.93610666,53.93610666,53.93610666,53.93610666
t_7733,43.21985364,43.21985364,43.21985364,43.21985364
t_7734,43.74788141,43.74788141,43.74788141,43.74788141
t_7735,43.74788141,43.74788141,43.74788141,43.74788141
t_7736,43.74788141,43.74788141,43.74788141,43.74788141
t_7737,27.96871548,27.96871548,27.96871548,27.96871548
t_7738,25.71871548,25.71871548,25.71871548,25.71871548
t_7739,25.71871548,25.71871548,25.71871548,25.71871548
t_774,55.01021808,55.01021808,55.01021808,55.01021808
t_7740,25.71871548,25.71871548,25.71871548,25.71871548
t_7741,25.71871548,25.71871548,25.71871548,25.71871548
t_7742,25.71871548,25.71871548,25.71871548,25.71871548
t_7743,27.96871548,27.96871548,27.96871548,27.96871548
t_7744,43.21985363,43.21985363,43.21985363,43.21985363
t_7745,55.68379356,55.68379356,55.68379356,55.68379356
t_7746,56.21182134,56.21182134,56.21182134,56.21182134
t_7747,56.21182134,56.21182134,56.21182134,56.21182134
t_7748,55.68379356,55.68379356,55.68379356,55.68379356
t_7749,56.21182134,56.21182134,56.21182134,56.21182134
t_775,55.53824586,55.53824586,55.53824586,55.53824586
t_7750,56.40669516,56.40669516,56.40669516,56.40669516
t_7751,56.40669516,56.40669516,56.40669516,56.40669516
t_7752,56.40669516,56.40669516,56.40669516,56.40669516
t_7753,56.40669516,56.40669516,56.40669516,56.40669516
t_7754,56.40669516,56.40669516,56.40669516,56.40669516
t_7755,56.40669516,56.40669516,56.40669516,56.40669516
t_7756,56.40669516,56.40669516,56.40669516,56.40669516
t_7757,59.84852515,59.84852515,59.84852515,59.84852515
t_7758,70.94172963,70.94172963,70.94172963,70.94172963
t_7759,74.41516925,74.41516925,74.41516925,74.41516925
t_776,55.53824586,55.53824586,55.53824586,55.53824586
t_7760,73.61375503,73.61375503,73.61375503,73.61375503
t_7761,51.23980437,51.23980437,51.23980437,51.23980437
t_7762,35.20414078,35.20414078,35.20414078,35.20414078
t_7763,32.0012875,32.0012875,32.0012875,32.0012875
t_7764,29.7512875,29.7512875,29.7512875,29.7512875
t_7765,29.7512875,29.7512875,29.7512875,29.7512875
t_7766,40.59996627,40.59996627,40.59996627,40.59996627
t_7767,56.28063772,56.28063772,56.28063772,56.28063772
t_7768,74.43693011,74.43693011,74.43693011,74.43693011
t_7769,82.87436072,82.87436072,82.87436072,82.87436072
t_777,53.50015068,53.50015068,53.50015068,53.50015068
t_7770,82.87436072,82.87436072,82.87436072,82.87436072
t_7771,82.87436072,82.87436072,82.87436072,82.87436072
t_7772,82.87436072,82.87436072,82.87436072,82.87436072
t_7773,82.87436072,82.87436072,82.87436072,82.87436072
t_7774,81.51457546,81.51457546,81.51457546,81.51457546
t_7775,71.38235807,71.38235807,71.38235807,71.38235807
t_7776,63.74834075,63.74834075,63.74834075,63.74834075
t_7777,47.5222651,47.5222651,47.5222651,47.5222651
t_7778,45.29119818,45.29119818,45.29119818,45.29119818
t_7779,45.29094818,45.29094818,45.29094818,45.29094818
t_778,48.48821206,48.48821206,48.48821206,48.48821206
t_7780,45.29094818,45.29094818,45.29094818,45.29094818
t_7781,45.29094818,45.29094818,45.29094818,45.29094818
t_7782,46.85042059,46.85042059,46.85042059,46.85042059
t_7783,46.85042059,46.85042059,46.85042059,46.85042059
t_7784,45.29094818,45.29094818,45.29094818,45.29094818
t_7785,41.14875909,41.14875909,41.14875909,41.14875909
t_7786,28.18250606,28.18250606,28.18250606,28.18250606
t_7787,28.18250606,28.18250606,28.18250606,28.18250606
t_7788,28.18250606,28.18250606,28.18250606,28.18250606
t_7789,28.18250606,28.18250606,28.18250606,28.18250606
t_779,46.02442149,46.02442149,46.02442149,46.02442149
t_7790,28.18250606,28.18250606,28.18250606,28.18250606
t_7791,30.43250606,30.43250606,30.43250606,30.43250606
t_7792,46.85042059,46.85042059,46.85042059,46.85042059
t_7793,56.65737677,56.65737677,56.65737677,56.65737677
t_7794,56.65737677,56.65737677,56.65737677,56.65737677
t_7795,56.65737677,56.65737677,56.65737677,56.65737677
t_7796,56.65737677,56.65737677,56.65737677,56.65737677
t_7797,56.65737677,56.65737677,56.65737677,56.65737677
t_7798,67.3736298,67.3736298,67.3736298,67.3736298
t_7799,67.3736298,67.3736298,67.3736298,67.3736298
t_78,66.74792273,66.74792273,66.74792273,66.74792273
t_780,45.96975891,45.96975891,45.96975891,45.96975891
t_7800,66.78477961,66.78477961,66.78477961,66.78477961
t_7801,66.78477961,66.78477961,66.78477961,66.78477961
t_7802,65.81415739,65.81415739,65.81415739,65.81415739
t_7803,65.39642144,65.39642144,65.39642144,65.39642144
t_7804,61.78538892,61.78538892,61.78538892,61.78538892
t_7805,60.41997315,60.41997315,60.41997315,60.41997315
t_7806,67.37299812,67.37299812,67.37299812,67.37299812
t_7807,70.41534656,70.41534656,70.41534656,70.41534656
t_7808,63.7866569,63.7866569,63.7866569,63.7866569
t_7809,53.93610666,53.93610666,53.93610666,53.93610666
t_781,45.96975891,45.96975891,45.96975891,45.96975891
t_7810,52.12564328,52.12564328,52.12564328,52.12564328
t_7811,46.93743097,46.93743097,46.93743097,46.93743097
t_7812,46.93743097,46.93743097,46.93743097,46.93743097
t_7813,51.86501212,51.86501212,51.86501212,51.86501212
t_7814,52.12564328,52.12564328,52.12564328,52.12564328
t_7815,65.79842973,65.79842973,65.79842973,65.79842973
t_7816,99.61525348,99.61525348,99.61525348,99.61525348
t_7817,101.2584167,101.2584167,101.2584167,101.2584167
t_7818,101.2584167,101.2584167,101.2584167,101.2584167
t_7819,101.2584167,101.2584167,101.2584167,101.2584167
t_782,46.02442149,46.02442149,46.02442149,46.02442149
t_7820,101.2584167,101.2584167,101.2584167,101.2584167
t_7821,101.2584167,101.2584167,101.2584167,101.2584167
t_7822,101.2584167,101.2584167,101.2584167,101.2584167
t_7823,101.2584167,101.2584167,101.2584167,101.2584167
t_7824,101.2584167,101.2584167,101.2584167,101.2584167
t_7825,101.218399,101.218399,101.218399,101.218399
t_7826,99.97363,99.97363,99.97363,99.97363
t_7827,99.61525348,99.61525348,99.61525348,99.61525348
t_7828,99.61525348,99.61525348,99.61525348,99.61525348
t_7829,79.21738624,79.21738624,79.21738624,79.21738624
t_783,48.48821206,48.48821206,48.48821206,48.48821206
t_7830,76.02419622,76.02419622,76.02419622,76.02419622
t_7831,79.71460082,79.71460082,79.71460082,79.71460082
t_7832,82.16532278,82.16532278,82.16532278,82.16532278
t_7833,54.58239271,54.58239271,54.58239271,54.58239271
t_7834,48.12138697,48.12138697,48.12138697,48.12138697
t_7835,48.12138697,48.12138697,48.12138697,48.12138697
t_7836,48.12138697,48.12138697,48.12138697,48.12138697
t_7837,48.12138697,48.12138697,48.12138697,48.12138697
t_7838,48.12138697,48.12138697,48.12138697,48.12138697
t_7839,59.33474405,59.33474405,59.33474405,59.33474405
t_784,55.01021808,55.01021808,55.01021808,55.01021808
t_7840,65.13516256,65.13516256,65.13516256,65.13516256
t_7841,66.52047281,66.52047281,66.52047281,66.52047281
t_7842,67.04850059,67.04850059,67.04850059,67.04850059
t_7843,66.52047281,66.52047281,66.52047281,66.52047281
t_7844,66.52047281,66.52047281,66.52047281,66.52047281
t_7845,66.52047281,66.52047281,66.52047281,66.52047281
t_7846,66.52047281,66.52047281,66.52047281,66.52047281
t_7847,66.52047281,66.52047281,66.52047281,66.52047281
t_7848,66.41994924,66.41994924,66.41994924,66.41994924
t_7849,64.77678604,64.77678604,64.77678604,64.77678604
t_785,65.75818454,65.75818454,65.75818454,65.75818454
t_7850,64.77678604,64.77678604,64.77678604,64.77678604
t_7851,64.77678604,64.77678604,64.77678604,64.77678604
t_7852,64.77678604,64.77678604,64.77678604,64.77678604
t_7853,64.77678604,64.77678604,64.77678604,64.77678604
t_7854,64.77678604,64.77678604,64.77678604,64.77678604
t_7855,64.77678604,64.77678604,64.77678604,64.77678604
t_7856,64.77678604,64.77678604,64.77678604,64.77678604
t_7857,45.29094818,45.29094818,45.29094818,45.29094818
t_7858,43.21985363,43.21985363,43.21985363,43.21985363
t_7859,43.21985363,43.21985363,43.21985363,43.21985363
t_786,66.28621232,66.28621232,66.28621232,66.28621232
t_7860,41.14875909,41.14875909,41.14875909,41.14875909
t_7861,41.14875909,41.14875909,41.14875909,41.14875909
t_7862,43.21985363,43.21985363,43.21985363,43.21985363
t_7863,43.21985363,43.21985363,43.21985363,43.21985363
t_7864,56.91397749,56.91397749,56.91397749,56.91397749
t_7865,58.72551032,58.72551032,58.72551032,58.72551032
t_7866,58.72551032,58.72551032,58.72551032,58.72551032
t_7867,58.72551032,58.72551032,58.72551032,58.72551032
t_7868,55.68379356,55.68379356,55.68379356,55.68379356
t_7869,55.68379356,55.68379356,55.68379356,55.68379356
t_787,66.28621232,66.28621232,66.28621232,66.28621232
t_7870,55.68379356,55.68379356,55.68379356,55.68379356
t_7871,55.68379356,55.68379356,55.68379356,55.68379356
t_7872,55.68379356,55.68379356,55.68379356,55.68379356
t_7873,55.60103565,55.60103565,55.60103565,55.60103565
t_7874,51.86377502,51.86377502,51.86377502,51.86377502
t_7875,48.99804134,48.99804134,48.99804134,48.99804134
t_7876,48.99804134,48.99804134,48.99804134,48.99804134
t_7877,48.99804134,48.99804134,48.99804134,48.99804134
t_7878,48.99804134,48.99804134,48.99804134,48.99804134
t_7879,48.99804134,48.99804134,48.99804134,48.99804134
t_788,66.28621232,66.28621232,66.28621232,66.28621232
t_7880,48.99804134,48.99804134,48.99804134,48.99804134
t_7881,43.21985363,43.21985363,43.21985363,43.21985363
t_7882,43.21985363,43.21985363,43.21985363,43.21985363
t_7883,43.21985363,43.21985363,43.21985363,43.21985363
t_7884,43.21985363,43.21985363,43.21985363,43.21985363
t_7885,43.21985363,43.21985363,43.21985363,43.21985363
t_7886,43.21985363,43.21985363,43.21985363,43.21985363
t_7887,43.21985363,43.21985363,43.21985363,43.21985363
t_7888,60.15278699,60.15278699,60.15278699,60.15278699
t_7889,62.94492746,62.94492746,62.94492746,62.94492746
t_789,66.28621232,66.28621232,66.28621232,66.28621232
t_7890,62.94492746,62.94492746,62.94492746,62.94492746
t_7891,63.1441949,63.1441949,63.1441949,63.1441949
t_7892,63.1441949,63.1441949,63.1441949,63.1441949
t_7893,63.1441949,63.1441949,63.1441949,63.1441949
t_7894,63.1441949,63.1441949,63.1441949,63.1441949
t_7895,78.04604881,78.04604881,78.04604881,78.04604881
t_7896,74.64068179,74.64068179,74.64068179,74.64068179
t_7897,79.56455177,79.56455177,79.56455177,79.56455177
t_7898,77.02605679,77.02605679,77.02605679,77.02605679
t_7899,75.90424294,75.90424294,75.90424294,75.90424294
t_79,64.97146971,64.97146971,64.97146971,64.97146971
t_790,66.28621232,66.28621232,66.28621232,66.28621232
t_7900,75.09985575,75.09985575,75.09985575,75.09985575
t_7901,75.15885494,75.15885494,75.15885494,75.15885494
t_7902,76.49557545,76.49557545,76.49557545,76.49557545
t_7903,79.56455177,79.56455177,79.56455177,79.56455177
t_7904,79.56455177,79.56455177,79.56455177,79.56455177
t_7905,79.0962861,79.0962861,79.0962861,79.0962861
t_7906,64.87417944,64.87417944,64.87417944,64.87417944
t_7907,66.62208477,66.62208477,66.62208477,66.62208477
t_7908,64.87417944,64.87417944,64.87417944,64.87417944
t_7909,64.87417944,64.87417944,64.87417944,64.87417944
t_791,66.28621232,66.28621232,66.28621232,66.28621232
t_7910,76.96989641,76.96989641,76.96989641,76.96989641
t_7911,84.7538625,84.7538625,84.7538625,84.7538625
t_7912,84.7538625,84.7538625,84.7538625,84.7538625
t_7913,85.11223902,85.11223902,85.11223902,85.11223902
t_7914,85.11223902,85.11223902,85.11223902,85.11223902
t_7915,85.11223902,85.11223902,85.11223902,85.11223902
t_7916,85.11223902,85.11223902,85.11223902,85.11223902
t_7917,83.00537553,83.00537553,83.00537553,83.00537553
t_7918,81.43224718,81.43224718,81.43224718,81.43224718
t_7919,83.00601862,83.00601862,83.00601862,83.00601862
t_792,60.67061127,60.67061127,60.67061127,60.67061127
t_7920,83.00537553,83.00537553,83.00537553,83.00537553
t_7921,82.13113205,82.13113205,82.13113205,82.13113205
t_7922,81.09715217,81.09715217,81.09715217,81.09715217
t_7923,80.48938921,80.48938921,80.48938921,80.48938921
t_7924,80.4367966,80.4367966,80.4367966,80.4367966
t_7925,82.15920714,82.15920714,82.15920714,82.15920714
t_7926,84.07117585,84.07117585,84.07117585,84.07117585
t_7927,95.67353908,95.67353908,95.67353908,95.67353908
t_7928,101.6379966,101.6379966,101.6379966,101.6379966
t_7929,96.26614023,96.26614023,96.26614023,96.26614023
t_793,55.01071808,55.01071808,55.01071808,55.01071808
t_7930,93.54449342,93.54449342,93.54449342,93.54449342
t_7931,85.40424228,85.40424228,85.40424228,85.40424228
t_7932,83.04395471,83.04395471,83.04395471,83.04395471
t_7933,86.34277216,86.34277216,86.34277216,86.34277216
t_7934,95.51504362,95.51504362,95.51504362,95.51504362
t_7935,109.8802238,109.8802238,109.8802238,109.8802238
t_7936,109.8802238,109.8802238,109.8802238,109.8802238
t_7937,110.2386004,110.2386004,110.2386004,110.2386004
t_7938,104.1458078,104.1458078,104.1458078,104.1458078
t_7939,104.1460577,104.1460577,104.1460577,104.1460577
t_794,54.93799906,54.93799906,54.93799906,54.93799906
t_7940,104.1458078,104.1458078,104.1458078,104.1458078
t_7941,104.1458077,104.1458077,104.1458077,104.1458077
t_7942,103.9570825,103.9570825,103.9570825,103.9570825
t_7943,103.4290547,103.4290547,103.4290547,103.4290547
t_7944,103.4290547,103.4290547,103.4290547,103.4290547
t_7945,100.2514379,100.2514379,100.2514379,100.2514379
t_7946,98.41171387,98.41171387,98.41171387,98.41171387
t_7947,95.32874174,95.32874174,95.32874174,95.32874174
t_7948,95.29298038,95.29298038,95.29298038,95.29298038
t_7949,97.53384681,97.53384681,97.53384681,97.53384681
t_795,54.93799906,54.93799906,54.93799906,54.93799906
t_7950,100.5290584,100.5290584,100.5290584,100.5290584
t_7951,101.4924786,101.4924786,101.4924786,101.4924786
t_7952,103.8414767,103.8414767,103.8414767,103.8414767
t_7953,103.4831002,103.4831002,103.4831002,103.4831002
t_7954,101.1341021,101.1341021,101.1341021,101.1341021
t_7955,88.51644062,88.51644062,88.51644062,88.51644062
t_7956,86.9810304,86.9810304,86.9810304,86.9810304
t_7957,96.2316841,96.2316841,96.2316841,96.2316841
t_7958,98.54793805,98.54793805,98.54793805,98.54793805
t_7959,103.4831002,103.4831002,103.4831002,103.4831002
t_796,52.70168598,52.70168598,52.70168598,52.70168598
t_7960,108.1978428,108.1978428,108.1978428,108.1978428
t_7961,106.7157415,106.7157415,106.7157415,106.7157415
t_7962,106.4106911,106.4106911,106.4106911,106.4106911
t_7963,104.4477713,104.4477713,104.4477713,104.4477713
t_7964,100.5836294,100.5836294,100.5836294,100.5836294
t_7965,96.6529282,96.6529282,96.6529282,96.6529282
t_7966,96.6529282,96.6529282,96.6529282,96.6529282
t_7967,96.6529282,96.6529282,96.6529282,96.6529282
t_7968,95.96794901,95.96794901,95.96794901,95.96794901
t_7969,94.68757758,94.68757758,94.68757758,94.68757758
t_797,43.21985363,43.21985363,43.21985363,43.21985363
t_7970,92.76398054,92.76398054,92.76398054,92.76398054
t_7971,88.7818539,88.7818539,88.7818539,88.7818539
t_7972,88.32388371,88.32388371,88.32388371,88.32388371
t_7973,88.13355022,88.13355022,88.13355022,88.13355022
t_7974,88.7818539,88.7818539,88.7818539,88.7818539
t_7975,95.36184191,95.36184191,95.36184191,95.36184191
t_7976,102.5201522,102.5201522,102.5201522,102.5201522
t_7977,93.913837,93.913837,93.913837,93.913837
t_7978,92.07633357,92.07633357,92.07633357,92.07633357
t_7979,91.19671742,91.19671742,91.19671742,91.19671742
t_798,43.21985363,43.21985363,43.21985363,43.21985363
t_7980,92.11155972,92.11155972,92.11155972,92.11155972
t_7981,92.11155972,92.11155972,92.11155972,92.11155972
t_7982,92.49443317,92.49443317,92.49443317,92.49443317
t_7983,95.29298038,95.29298038,95.29298038,95.29298038
t_7984,106.4163946,106.4163946,106.4163946,106.4163946
t_7985,106.9866309,106.9866309,106.9866309,106.9866309
t_7986,106.9866309,106.9866309,106.9866309,106.9866309
t_7987,106.9866309,106.9866309,106.9866309,106.9866309
t_7988,106.9866309,106.9866309,106.9866309,106.9866309
t_7989,106.9866309,106.9866309,106.9866309,106.9866309
t_799,43.21985363,43.21985363,43.21985363,43.21985363
t_7990,106.9866309,106.9866309,106.9866309,106.9866309
t_7991,106.9866309,106.9866309,106.9866309,106.9866309
t_7992,101.9572107,101.9572107,101.9572107,101.9572107
t_7993,91.58973562,91.58973562,91.58973562,91.58973562
t_7994,88.19011266,88.19011266,88.19011266,88.19011266
t_7995,84.7538625,84.7538625,84.7538625,84.7538625
t_7996,84.7538625,84.7538625,84.7538625,84.7538625
t_7997,84.7538625,84.7538625,84.7538625,84.7538625
t_7998,84.7538625,84.7538625,84.7538625,84.7538625
t_7999,85.54739342,85.54739342,85.54739342,85.54739342
t_8,41.14875909,41.14875909,41.14875909,41.14875909
t_80,66.74783924,66.74783924,66.74783924,66.74783924
t_800,43.21985363,43.21985363,43.21985363,43.21985363
t_8000,90.46288899,90.46288899,90.46288899,90.46288899
t_8001,87.68760635,87.68760635,87.68760635,87.68760635
t_8002,82.15920714,82.15920714,82.15920714,82.15920714
t_8003,79.81870036,79.81870036,79.81870036,79.81870036
t_8004,79.81870035,79.81870035,79.81870035,79.81870035
t_8005,78.33936547,78.33936547,78.33936547,78.33936547
t_8006,79.81870036,79.81870036,79.81870036,79.81870036
t_8007,79.81870036,79.81870036,79.81870036,79.81870036
t_8008,84.7538625,84.7538625,84.7538625,84.7538625
t_8009,85.11223902,85.11223902,85.11223902,85.11223902
t_801,39.56408521,39.56408521,39.56408521,39.56408521
t_8010,85.11223902,85.11223902,85.11223902,85.11223902
t_8011,85.11223902,85.11223902,85.11223902,85.11223902
t_8012,85.11223902,85.11223902,85.11223902,85.11223902
t_8013,85.11223902,85.11223902,85.11223902,85.11223902
t_8014,85.11223902,85.11223902,85.11223902,85.11223902
t_8015,85.06519897,85.06519897,85.06519897,85.06519897
t_8016,84.7538625,84.7538625,84.7538625,84.7538625
t_8017,80.28851954,80.28851954,80.28851954,80.28851954
t_8018,76.96989641,76.96989641,76.96989641,76.96989641
t_8019,73.56995229,73.56995229,73.56995229,73.56995229
t_802,28.18250606,28.18250606,28.18250606,28.18250606
t_8020,72.65256014,72.65256014,72.65256014,72.65256014
t_8021,72.46873208,72.46873208,72.46873208,72.46873208
t_8022,74.71006738,74.71006738,74.71006738,74.71006738
t_8023,79.37988838,79.37988838,79.37988838,79.37988838
t_8024,79.33265973,79.33265973,79.33265973,79.33265973
t_8025,68.86056475,68.86056475,68.86056475,68.86056475
t_8026,61.8800184,61.8800184,61.8800184,61.8800184
t_8027,61.8800184,61.8800184,61.8800184,61.8800184
t_8028,49.09267083,49.09267083,49.09267083,49.09267083
t_8029,49.09267083,49.09267083,49.09267083,49.09267083
t_803,28.18250606,28.18250606,28.18250606,28.18250606
t_8030,63.45128793,63.45128793,63.45128793,63.45128793
t_8031,68.66676531,68.66676531,68.66676531,68.66676531
t_8032,79.82011802,79.82011802,79.82011802,79.82011802
t_8033,83.0187582,83.0187582,83.0187582,83.0187582
t_8034,83.00537553,83.00537553,83.00537553,83.00537553
t_8035,84.31225965,84.31225965,84.31225965,84.31225965
t_8036,84.7538625,84.7538625,84.7538625,84.7538625
t_8037,84.7538625,84.7538625,84.7538625,84.7538625
t_8038,85.28189028,85.28189028,85.28189028,85.28189028
t_8039,85.28189028,85.28189028,85.28189028,85.28189028
t_804,28.18250606,28.18250606,28.18250606,28.18250606
t_8040,85.28189028,85.28189028,85.28189028,85.28189028
t_8041,85.28189028,85.28189028,85.28189028,85.28189028
t_8042,84.7538625,84.7538625,84.7538625,84.7538625
t_8043,84.7538625,84.7538625,84.7538625,84.7538625
t_8044,84.7538625,84.7538625,84.7538625,84.7538625
t_8045,84.7538625,84.7538625,84.7538625,84.7538625
t_8046,84.7538625,84.7538625,84.7538625,84.7538625
t_8047,84.7538625,84.7538625,84.7538625,84.7538625
t_8048,85.28189028,85.28189028,85.28189028,85.28189028
t_8049,76.64854892,76.64854892,76.64854892,76.64854892
t_805,28.18250606,28.18250606,28.18250606,28.18250606
t_8050,70.28402636,70.28402636,70.28402636,70.28402636
t_8051,70.28402636,70.28402636,70.28402636,70.28402636
t_8052,57.49667878,57.49667878,57.49667878,57.49667878
t_8053,58.49962689,58.49962689,58.49962689,58.49962689
t_8054,71.44098161,71.44098161,71.44098161,71.44098161
t_8055,71.60274197,71.60274197,71.60274197,71.60274197
t_8056,110.055755,110.055755,110.055755,110.055755
t_8057,110.0810576,110.0810576,110.0810576,110.0810576
t_8058,110.0810576,110.0810576,110.0810576,110.0810576
t_8059,110.0810576,110.0810576,110.0810576,110.0810576
t_806,28.18250606,28.18250606,28.18250606,28.18250606
t_8060,110.0810576,110.0810576,110.0810576,110.0810576
t_8061,110.0810576,110.0810576,110.0810576,110.0810576
t_8062,110.0810576,110.0810576,110.0810576,110.0810576
t_8063,110.0304525,110.0304525,110.0304525,110.0304525
t_8064,110.0304525,110.0304525,110.0304525,110.0304525
t_8065,110.0304525,110.0304525,110.0304525,110.0304525
t_8066,110.0304525,110.0304525,110.0304525,110.0304525
t_8067,110.00515,110.00515,110.00515,110.00515
t_8068,107.3824195,107.3824195,107.3824195,107.3824195
t_8069,104.6531487,104.6531487,104.6531487,104.6531487
t_807,28.18250606,28.18250606,28.18250606,28.18250606
t_8070,106.2609675,106.2609675,106.2609675,106.2609675
t_8071,108.7009139,108.7009139,108.7009139,108.7009139
t_8072,110.0304525,110.0304525,110.0304525,110.0304525
t_8073,110.00515,110.00515,110.00515,110.00515
t_8074,91.29912954,91.29912954,91.29912954,91.29912954
t_8075,83.7894759,83.7894759,83.7894759,83.7894759
t_8076,82.57993096,82.57993096,82.57993096,82.57993096
t_8077,85.32963247,85.32963247,85.32963247,85.32963247
t_8078,87.52771439,87.52771439,87.52771439,87.52771439
t_8079,93.3068802,93.3068802,93.3068802,93.3068802
t_808,28.18250606,28.18250606,28.18250606,28.18250606
t_8080,109.1152146,109.1152146,109.1152146,109.1152146
t_8081,110.0304525,110.0304525,110.0304525,110.0304525
t_8082,110.0304525,110.0304525,110.0304525,110.0304525
t_8083,110.0304525,110.0304525,110.0304525,110.0304525
t_8084,110.0304525,110.0304525,110.0304525,110.0304525
t_8085,110.0304525,110.0304525,110.0304525,110.0304525
t_8086,109.3520606,109.3520606,109.3520606,109.3520606
t_8087,106.3964652,106.3964652,106.3964652,106.3964652
t_8088,88.99442799,88.99442799,88.99442799,88.99442799
t_8089,73.58786395,73.58786395,73.58786395,73.58786395
t_809,45.29094818,45.29094818,45.29094818,45.29094818
t_8090,62.87161092,62.87161092,62.87161092,62.87161092
t_8091,58.03608642,58.03608642,58.03608642,58.03608642
t_8092,55.34305661,55.34305661,55.34305661,55.34305661
t_8093,54.08891339,54.08891339,54.08891339,54.08891339
t_8094,57.6459138,57.6459138,57.6459138,57.6459138
t_8095,62.87136092,62.87136092,62.87136092,62.87136092
t_8096,62.87136092,62.87136092,62.87136092,62.87136092
t_8097,54.65848598,54.65848598,54.65848598,54.65848598
t_8098,46.57799262,46.57799262,46.57799262,46.57799262
t_8099,46.57799262,46.57799262,46.57799262,46.57799262
t_81,59.24032779,59.24032779,59.24032779,59.24032779
t_810,45.29094818,45.29094818,45.29094818,45.29094818
t_8100,46.57799262,46.57799262,46.57799262,46.57799262
t_8101,46.57799262,46.57799262,46.57799262,46.57799262
t_8102,46.57799262,46.57799262,46.57799262,46.57799262
t_8103,47.86503706,47.86503706,47.86503706,47.86503706
t_8104,59.31436051,59.31436051,59.31436051,59.31436051
t_8105,59.40030907,59.40030907,59.40030907,59.40030907
t_8106,59.40030907,59.40030907,59.40030907,59.40030907
t_8107,59.40030907,59.40030907,59.40030907,59.40030907
t_8108,59.40030907,59.40030907,59.40030907,59.40030907
t_8109,59.40030907,59.40030907,59.40030907,59.40030907
t_811,45.29094818,45.29094818,45.29094818,45.29094818
t_8110,59.40030907,59.40030907,59.40030907,59.40030907
t_8111,59.40030907,59.40030907,59.40030907,59.40030907
t_8112,59.40030907,59.40030907,59.40030907,59.40030907
t_8113,59.40030907,59.40030907,59.40030907,59.40030907
t_8114,59.40030907,59.40030907,59.40030907,59.40030907
t_8115,59.40030907,59.40030907,59.40030907,59.40030907
t_8116,59.40030906,59.40030906,59.40030906,59.40030906
t_8117,59.04193255,59.04193255,59.04193255,59.04193255
t_8118,59.67273703,59.67273703,59.67273703,59.67273703
t_8119,63.22973744,63.22973744,63.22973744,63.22973744
t_812,45.29094818,45.29094818,45.29094818,45.29094818
t_8120,63.22973744,63.22973744,63.22973744,63.22973744
t_8121,62.03219009,62.03219009,62.03219009,62.03219009
t_8122,55.52389381,55.52389381,55.52389381,55.52389381
t_8123,47.96829325,47.96829325,47.96829325,47.96829325
t_8124,46.57799262,46.57799262,46.57799262,46.57799262
t_8125,46.57799262,46.57799262,46.57799262,46.57799262
t_8126,55.52389381,55.52389381,55.52389381,55.52389381
t_8127,56.1856087,56.1856087,56.1856087,56.1856087
t_8128,62.87136092,62.87136092,62.87136092,62.87136092
t_8129,73.58761395,73.58761395,73.58761395,73.58761395
t_813,45.29094818,45.29094818,45.29094818,45.29094818
t_8130,73.58761395,73.58761395,73.58761395,73.58761395
t_8131,73.58761395,73.58761395,73.58761395,73.58761395
t_8132,73.58761395,73.58761395,73.58761395,73.58761395
t_8133,77.2181809,77.2181809,77.2181809,77.2181809
t_8134,77.2181809,77.2181809,77.2181809,77.2181809
t_8135,77.2181809,77.2181809,77.2181809,77.2181809
t_8136,76.23024433,76.23024433,76.23024433,76.23024433
t_8137,70.53242868,70.53242868,70.53242868,70.53242868
t_8138,66.97542828,66.97542828,66.97542828,66.97542828
t_8139,66.70300031,66.70300031,66.70300031,66.70300031
t_814,45.29094818,45.29094818,45.29094818,45.29094818
t_8140,66.70300031,66.70300031,66.70300031,66.70300031
t_8141,63.54940201,63.54940201,63.54940201,63.54940201
t_8142,67.24668347,67.24668347,67.24668347,67.24668347
t_8143,75.41533511,75.41533511,75.41533511,75.41533511
t_8144,75.41533511,75.41533511,75.41533511,75.41533511
t_8145,63.34486133,63.34486133,63.34486133,63.34486133
t_8146,45.40051234,45.40051234,45.40051234,45.40051234
t_8147,45.29094818,45.29094818,45.29094818,45.29094818
t_8148,45.29094818,45.29094818,45.29094818,45.29094818
t_8149,43.21985364,43.21985364,43.21985364,43.21985364
t_815,44.1294781,44.1294781,44.1294781,44.1294781
t_8150,43.3294178,43.3294178,43.3294178,43.3294178
t_8151,47.82104281,47.82104281,47.82104281,47.82104281
t_8152,69.44176335,69.44176335,69.44176335,69.44176335
t_8153,82.0521107,82.0521107,82.0521107,82.0521107
t_8154,84.4743796,84.4743796,84.4743796,84.4743796
t_8155,81.40822061,81.40822061,81.40822061,81.40822061
t_8156,81.32966113,81.32966113,81.32966113,81.32966113
t_8157,81.93917006,81.93917006,81.93917006,81.93917006
t_8158,83.7103637,83.7103637,83.7103637,83.7103637
t_8159,83.81951648,83.81951648,83.81951648,83.81951648
t_816,44.1294781,44.1294781,44.1294781,44.1294781
t_8160,83.81951648,83.81951648,83.81951648,83.81951648
t_8161,88.5900559,88.5900559,88.5900559,88.5900559
t_8162,85.92515331,85.92515331,85.92515331,85.92515331
t_8163,83.86600374,83.86600374,83.86600374,83.86600374
t_8164,82.80414854,82.80414854,82.80414854,82.80414854
t_8165,82.33862092,82.33862092,82.33862092,82.33862092
t_8166,84.45586393,84.45586393,84.45586393,84.45586393
t_8167,88.5900559,88.5900559,88.5900559,88.5900559
t_8168,97.98297515,97.98297515,97.98297515,97.98297515
t_8169,94.67348942,94.67348942,94.67348942,94.67348942
t_817,43.21985364,43.21985364,43.21985364,43.21985364
t_8170,81.63199027,81.63199027,81.63199027,81.63199027
t_8171,73.34017748,73.34017748,73.34017748,73.34017748
t_8172,72.73216575,72.73216575,72.73216575,72.73216575
t_8173,87.10730047,87.10730047,87.10730047,87.10730047
t_8174,96.03136631,96.03136631,96.03136631,96.03136631
t_8175,107.7980155,107.7980155,107.7980155,107.7980155
t_8176,137.2148567,137.2148567,137.2148567,137.2148567
t_8177,144.6539163,144.6539163,144.6539163,144.6539163
t_8178,144.6539163,144.6539163,144.6539163,144.6539163
t_8179,144.6539163,144.6539163,144.6539163,144.6539163
t_818,43.21985364,43.21985364,43.21985364,43.21985364
t_8180,144.6539163,144.6539163,144.6539163,144.6539163
t_8181,144.6134032,144.6134032,144.6134032,144.6134032
t_8182,144.406308,144.406308,144.406308,144.406308
t_8183,144.6539163,144.6539163,144.6539163,144.6539163
t_8184,137.2148567,137.2148567,137.2148567,137.2148567
t_8185,118.8968938,118.8968938,118.8968938,118.8968938
t_8186,115.5457258,115.5457258,115.5457258,115.5457258
t_8187,112.4940074,112.4940074,112.4940074,112.4940074
t_8188,109.6946298,109.6946298,109.6946298,109.6946298
t_8189,109.675069,109.675069,109.675069,109.675069
t_819,43.21985363,43.21985363,43.21985363,43.21985363
t_8190,108.2615825,108.2615825,108.2615825,108.2615825
t_8191,108.3788148,108.3788148,108.3788148,108.3788148
t_8192,108.485912,108.485912,108.485912,108.485912
t_8193,105.2355867,105.2355867,105.2355867,105.2355867
t_8194,74.84713076,74.84713076,74.84713076,74.84713076
t_8195,74.84713076,74.84713076,74.84713076,74.84713076
t_8196,74.84713076,74.84713076,74.84713076,74.84713076
t_8197,74.84713076,74.84713076,74.84713076,74.84713076
t_8198,74.84713076,74.84713076,74.84713076,74.84713076
t_8199,81.67668415,81.67668415,81.67668415,81.67668415
t_82,42.71754053,42.71754053,42.71754053,42.71754053
t_820,43.21985363,43.21985363,43.21985363,43.21985363
t_8200,95.74331325,95.74331325,95.74331325,95.74331325
t_8201,120.9946008,120.9946008,120.9946008,120.9946008
t_8202,120.9946008,120.9946008,120.9946008,120.9946008
t_8203,121.9200692,121.9200692,121.9200692,121.9200692
t_8204,121.9200692,121.9200692,121.9200692,121.9200692
t_8205,121.9200692,121.9200692,121.9200692,121.9200692
t_8206,121.9200692,121.9200692,121.9200692,121.9200692
t_8207,121.9200692,121.9200692,121.9200692,121.9200692
t_8208,121.9200692,121.9200692,121.9200692,121.9200692
t_8209,121.9200692,121.9200692,121.9200692,121.9200692
t_821,43.21985363,43.21985363,43.21985363,43.21985363
t_8210,122.7943127,122.7943127,122.7943127,122.7943127
t_8211,122.4065328,122.4065328,122.4065328,122.4065328
t_8212,97.54302521,97.54302521,97.54302521,97.54302521
t_8213,97.54302521,97.54302521,97.54302521,97.54302521
t_8214,97.54302521,97.54302521,97.54302521,97.54302521
t_8215,97.54302521,97.54302521,97.54302521,97.54302521
t_8216,96.09919147,96.09919147,96.09919147,96.09919147
t_8217,86.73720631,86.73720631,86.73720631,86.73720631
t_8218,74.01503903,74.01503903,74.01503903,74.01503903
t_8219,72.19825012,72.19825012,72.19825012,72.19825012
t_822,43.21985363,43.21985363,43.21985363,43.21985363
t_8220,72.19825012,72.19825012,72.19825012,72.19825012
t_8221,72.19825012,72.19825012,72.19825012,72.19825012
t_8222,82.23316312,82.23316312,82.23316312,82.23316312
t_8223,85.07908528,85.07908528,85.07908528,85.07908528
t_8224,108.1681815,108.1681815,108.1681815,108.1681815
t_8225,109.5558228,109.5558228,109.5558228,109.5558228
t_8226,109.5558228,109.5558228,109.5558228,109.5558228
t_8227,109.5558228,109.5558228,109.5558228,109.5558228
t_8228,109.5558228,109.5558228,109.5558228,109.5558228
t_8229,109.5558228,109.5558228,109.5558228,109.5558228
t_823,43.21985363,43.21985363,43.21985363,43.21985363
t_8230,109.5558228,109.5558228,109.5558228,109.5558228
t_8231,109.5558228,109.5558228,109.5558228,109.5558228
t_8232,109.5558228,109.5558228,109.5558228,109.5558228
t_8233,109.5558228,109.5558228,109.5558228,109.5558228
t_8234,109.5558228,109.5558228,109.5558228,109.5558228
t_8235,109.5558228,109.5558228,109.5558228,109.5558228
t_8236,109.5558228,109.5558228,109.5558228,109.5558228
t_8237,108.6051665,108.6051665,108.6051665,108.6051665
t_8238,108.0227846,108.0227846,108.0227846,108.0227846
t_8239,108.6303543,108.6303543,108.6303543,108.6303543
t_824,43.21985363,43.21985363,43.21985363,43.21985363
t_8240,108.9605988,108.9605988,108.9605988,108.9605988
t_8241,107.5729575,107.5729575,107.5729575,107.5729575
t_8242,89.64402141,89.64402141,89.64402141,89.64402141
t_8243,85.30622324,85.30622324,85.30622324,85.30622324
t_8244,78.27865265,78.27865265,78.27865265,78.27865265
t_8245,78.27865265,78.27865265,78.27865265,78.27865265
t_8246,85.51714545,85.51714545,85.51714545,85.51714545
t_8247,88.29670579,88.29670579,88.29670579,88.29670579
t_8248,106.4373363,106.4373363,106.4373363,106.4373363
t_8249,111.3253422,111.3253422,111.3253422,111.3253422
t_825,42.41123524,42.41123524,42.41123524,42.41123524
t_8250,111.3253422,111.3253422,111.3253422,111.3253422
t_8251,111.3253422,111.3253422,111.3253422,111.3253422
t_8252,111.3253422,111.3253422,111.3253422,111.3253422
t_8253,110.3695414,110.3695414,110.3695414,110.3695414
t_8254,97.01823979,97.01823979,97.01823979,97.01823979
t_8255,97.01823978,97.01823978,97.01823978,97.01823978
t_8256,97.01823978,97.01823978,97.01823978,97.01823978
t_8257,94.26498539,94.26498539,94.26498539,94.26498539
t_8258,94.16073391,94.16073391,94.16073391,94.16073391
t_8259,92.13023389,92.13023389,92.13023389,92.13023389
t_826,27.56440628,27.56440628,27.56440628,27.56440628
t_8260,92.13023389,92.13023389,92.13023389,92.13023389
t_8261,92.13023389,92.13023389,92.13023389,92.13023389
t_8262,92.13023389,92.13023389,92.13023389,92.13023389
t_8263,95.7801613,95.7801613,95.7801613,95.7801613
t_8264,97.54626756,97.54626756,97.54626756,97.54626756
t_8265,87.74822754,87.74822754,87.74822754,87.74822754
t_8266,84.18298381,84.18298381,84.18298381,84.18298381
t_8267,89.26494084,89.26494084,89.26494084,89.26494084
t_8268,90.11887467,90.11887467,90.11887467,90.11887467
t_8269,92.03555436,92.03555436,92.03555436,92.03555436
t_827,25.31440628,25.31440628,25.31440628,25.31440628
t_8270,94.65258257,94.65258257,94.65258257,94.65258257
t_8271,94.80567555,94.80567555,94.80567555,94.80567555
t_8272,98.99182741,98.99182741,98.99182741,98.99182741
t_8273,129.0236105,129.0236105,129.0236105,129.0236105
t_8274,129.0236105,129.0236105,129.0236105,129.0236105
t_8275,126.1491285,126.1491285,126.1491285,126.1491285
t_8276,123.7981634,123.7981634,123.7981634,123.7981634
t_8277,123.6618573,123.6618573,123.6618573,123.6618573
t_8278,129.8395727,129.8395727,129.8395727,129.8395727
t_8279,130.4112518,130.4112518,130.4112518,130.4112518
t_828,25.31440628,25.31440628,25.31440628,25.31440628
t_8280,127.7660374,127.7660374,127.7660374,127.7660374
t_8281,118.682276,118.682276,118.682276,118.682276
t_8282,115.2004755,115.2004755,115.2004755,115.2004755
t_8283,114.9920811,114.9920811,114.9920811,114.9920811
t_8284,113.5202147,113.5202147,113.5202147,113.5202147
t_8285,88.2593456,88.2593456,88.2593456,88.2593456
t_8286,89.66805306,89.66805306,89.66805306,89.66805306
t_8287,93.60210786,93.60210786,93.60210786,93.60210786
t_8288,97.45850432,97.45850432,97.45850432,97.45850432
t_8289,87.83975443,87.83975443,87.83975443,87.83975443
t_829,25.31440628,25.31440628,25.31440628,25.31440628
t_8290,83.51697052,83.51697052,83.51697052,83.51697052
t_8291,81.74006383,81.74006383,81.74006383,81.74006383
t_8292,81.74006383,81.74006383,81.74006383,81.74006383
t_8293,82.11436055,82.11436055,82.11436055,82.11436055
t_8294,82.61430731,82.61430731,82.61430731,82.61430731
t_8295,95.19460487,95.19460487,95.19460487,95.19460487
t_8296,101.6576036,101.6576036,101.6576036,101.6576036
t_8297,100.1801738,100.1801738,100.1801738,100.1801738
t_8298,101.7934268,101.7934268,101.7934268,101.7934268
t_8299,101.7934268,101.7934268,101.7934268,101.7934268
t_83,40.30569859,40.30569859,40.30569859,40.30569859
t_830,27.56440628,27.56440628,27.56440628,27.56440628
t_8300,101.7934268,101.7934268,101.7934268,101.7934268
t_8301,101.7934268,101.7934268,101.7934268,101.7934268
t_8302,101.7934268,101.7934268,101.7934268,101.7934268
t_8303,97.54302521,97.54302521,97.54302521,97.54302521
t_8304,97.54302521,97.54302521,97.54302521,97.54302521
t_8305,97.54302521,97.54302521,97.54302521,97.54302521
t_8306,96.14797661,96.14797661,96.14797661,96.14797661
t_8307,94.50093716,94.50093716,94.50093716,94.50093716
t_8308,94.21216371,94.21216371,94.21216371,94.21216371
t_8309,93.60962883,93.60962883,93.60962883,93.60962883
t_831,29.62388764,29.62388764,29.62388764,29.62388764
t_8310,91.9578755,91.9578755,91.9578755,91.9578755
t_8311,95.72728649,95.72728649,95.72728649,95.72728649
t_8312,97.54302521,97.54302521,97.54302521,97.54302521
t_8313,96.06575466,96.06575466,96.06575466,96.06575466
t_8314,91.49445807,91.49445807,91.49445807,91.49445807
t_8315,91.4433346,91.4433346,91.4433346,91.4433346
t_8316,91.4433346,91.4433346,91.4433346,91.4433346
t_8317,91.4433346,91.4433346,91.4433346,91.4433346
t_8318,91.83406743,91.83406743,91.83406743,91.83406743
t_8319,96.0223062,96.0223062,96.0223062,96.0223062
t_832,43.21985363,43.21985363,43.21985363,43.21985363
t_8320,97.54302521,97.54302521,97.54302521,97.54302521
t_8321,97.54302521,97.54302521,97.54302521,97.54302521
t_8322,97.54302521,97.54302521,97.54302521,97.54302521
t_8323,95.25627387,95.25627387,95.25627387,95.25627387
t_8324,87.74822754,87.74822754,87.74822754,87.74822754
t_8325,84.7538625,84.7538625,84.7538625,84.7538625
t_8326,78.59562893,78.59562893,78.59562893,78.59562893
t_8327,67.26431026,67.26431026,67.26431026,67.26431026
t_8328,57.21320989,57.21320989,57.21320989,57.21320989
t_8329,57.21320989,57.21320989,57.21320989,57.21320989
t_833,54.93799906,54.93799906,54.93799906,54.93799906
t_8330,57.21320989,57.21320989,57.21320989,57.21320989
t_8331,57.21320989,57.21320989,57.21320989,57.21320989
t_8332,57.21320989,57.21320989,57.21320989,57.21320989
t_8333,57.21320989,57.21320989,57.21320989,57.21320989
t_8334,57.21320989,57.21320989,57.21320989,57.21320989
t_8335,62.43865701,62.43865701,62.43865701,62.43865701
t_8336,62.43865701,62.43865701,62.43865701,62.43865701
t_8337,62.43865701,62.43865701,62.43865701,62.43865701
t_8338,57.21320989,57.21320989,57.21320989,57.21320989
t_8339,57.21320989,57.21320989,57.21320989,57.21320989
t_834,65.65425209,65.65425209,65.65425209,65.65425209
t_8340,57.21320989,57.21320989,57.21320989,57.21320989
t_8341,57.21320989,57.21320989,57.21320989,57.21320989
t_8342,57.6459138,57.6459138,57.6459138,57.6459138
t_8343,66.25775883,66.25775883,66.25775883,66.25775883
t_8344,69.23255698,69.23255698,69.23255698,69.23255698
t_8345,69.23255698,69.23255698,69.23255698,69.23255698
t_8346,69.23255698,69.23255698,69.23255698,69.23255698
t_8347,69.23255698,69.23255698,69.23255698,69.23255698
t_8348,69.23255698,69.23255698,69.23255698,69.23255698
t_8349,69.23280698,69.23280698,69.23280698,69.23280698
t_835,65.65425209,65.65425209,65.65425209,65.65425209
t_8350,69.170818,69.170818,69.170818,69.170818
t_8351,68.59191691,68.59191691,68.59191691,68.59191691
t_8352,67.43767972,67.43767972,67.43767972,67.43767972
t_8353,77.52385444,77.52385444,77.52385444,77.52385444
t_8354,77.85678163,77.85678163,77.85678163,77.85678163
t_8355,77.96325346,77.96325346,77.96325346,77.96325346
t_8356,78.59562893,78.59562893,78.59562893,78.59562893
t_8357,78.59562893,78.59562893,78.59562893,78.59562893
t_8358,79.68815618,79.68815618,79.68815618,79.68815618
t_8359,81.57528054,81.57528054,81.57528054,81.57528054
t_836,65.65425209,65.65425209,65.65425209,65.65425209
t_8360,83.00537553,83.00537553,83.00537553,83.00537553
t_8361,83.00537553,83.00537553,83.00537553,83.00537553
t_8362,76.3085197,76.3085197,76.3085197,76.3085197
t_8363,75.51651214,75.51651214,75.51651214,75.51651214
t_8364,75.51651214,75.51651214,75.51651214,75.51651214
t_8365,76.51049214,76.51049214,76.51049214,76.51049214
t_8366,80.9891007,80.9891007,80.9891007,80.9891007
t_8367,87.16808639,87.16808639,87.16808639,87.16808639
t_8368,87.40365304,87.40365304,87.40365304,87.40365304
t_8369,88.89820008,88.89820008,88.89820008,88.89820008
t_837,65.65425209,65.65425209,65.65425209,65.65425209
t_8370,90.17893568,90.17893568,90.17893568,90.17893568
t_8371,90.17893568,90.17893568,90.17893568,90.17893568
t_8372,90.17893568,90.17893568,90.17893568,90.17893568
t_8373,88.9091731,88.9091731,88.9091731,88.9091731
t_8374,87.40365304,87.40365304,87.40365304,87.40365304
t_8375,86.83437015,86.83437015,86.83437015,86.83437015
t_8376,86.60826412,86.60826412,86.60826412,86.60826412
t_8377,83.01249206,83.01249206,83.01249206,83.01249206
t_8378,83.00537553,83.00537553,83.00537553,83.00537553
t_8379,82.53714135,82.53714135,82.53714135,82.53714135
t_838,65.65425209,65.65425209,65.65425209,65.65425209
t_8380,81.43029633,81.43029633,81.43029633,81.43029633
t_8381,79.66861623,79.66861623,79.66861623,79.66861623
t_8382,80.3509398,80.3509398,80.3509398,80.3509398
t_8383,78.97282588,78.97282588,78.97282588,78.97282588
t_8384,78.93084207,78.93084207,78.93084207,78.93084207
t_8385,75.51651214,75.51651214,75.51651214,75.51651214
t_8386,75.51651214,75.51651214,75.51651214,75.51651214
t_8387,75.51651214,75.51651214,75.51651214,75.51651214
t_8388,75.51651214,75.51651214,75.51651214,75.51651214
t_8389,75.51651214,75.51651214,75.51651214,75.51651214
t_839,65.65425209,65.65425209,65.65425209,65.65425209
t_8390,75.51651214,75.51651214,75.51651214,75.51651214
t_8391,75.51651214,75.51651214,75.51651214,75.51651214
t_8392,78.69413408,78.69413408,78.69413408,78.69413408
t_8393,78.59562893,78.59562893,78.59562893,78.59562893
t_8394,78.59562893,78.59562893,78.59562893,78.59562893
t_8395,78.59562893,78.59562893,78.59562893,78.59562893
t_8396,79.05133255,79.05133255,79.05133255,79.05133255
t_8397,79.5053333,79.5053333,79.5053333,79.5053333
t_8398,89.6071874,89.6071874,89.6071874,89.6071874
t_8399,90.09173157,90.09173157,90.09173157,90.09173157
t_84,38.6643563,38.6643563,38.6643563,38.6643563
t_840,65.65425209,65.65425209,65.65425209,65.65425209
t_8400,104.1147324,104.1147324,104.1147324,104.1147324
t_8401,108.8757991,108.8757991,108.8757991,108.8757991
t_8402,108.4842264,108.4842264,108.4842264,108.4842264
t_8403,108.4842264,108.4842264,108.4842264,108.4842264
t_8404,108.4842264,108.4842264,108.4842264,108.4842264
t_8405,109.358045,109.358045,109.358045,109.358045
t_8406,115.3061848,115.3061848,115.3061848,115.3061848
t_8407,124.4896061,124.4896061,124.4896061,124.4896061
t_8408,143.2842682,143.2842682,143.2842682,143.2842682
t_8409,151.3311261,151.3311261,151.3311261,151.3311261
t_841,65.65425209,65.65425209,65.65425209,65.65425209
t_8410,140.6052411,140.6052411,140.6052411,140.6052411
t_8411,126.7007196,126.7007196,126.7007196,126.7007196
t_8412,127.9705916,127.9705916,127.9705916,127.9705916
t_8413,131.5611571,131.5611571,131.5611571,131.5611571
t_8414,133.9332537,133.9332537,133.9332537,133.9332537
t_8415,139.2100141,139.2100141,139.2100141,139.2100141
t_8416,163.3803917,163.3803917,163.3803917,163.3803917
t_8417,190.5403859,190.5403859,190.5403859,190.5403859
t_8418,190.5403859,190.5403859,190.5403859,190.5403859
t_8419,190.5403859,190.5403859,190.5403859,190.5403859
t_842,63.19046152,63.19046152,63.19046152,63.19046152
t_8420,190.5403859,190.5403859,190.5403859,190.5403859
t_8421,190.5403859,190.5403859,190.5403859,190.5403859
t_8422,190.5403859,190.5403859,190.5403859,190.5403859
t_8423,190.5403859,190.5403859,190.5403859,190.5403859
t_8424,190.5303621,190.5303621,190.5303621,190.5303621
t_8425,180.6860685,180.6860685,180.6860685,180.6860685
t_8426,172.9432192,172.9432192,172.9432192,172.9432192
t_8427,165.9562205,165.9562205,165.9562205,165.9562205
t_8428,162.5364821,162.5364821,162.5364821,162.5364821
t_8429,157.6743359,157.6743359,157.6743359,157.6743359
t_843,63.19046152,63.19046152,63.19046152,63.19046152
t_8430,163.3862287,163.3862287,163.3862287,163.3862287
t_8431,182.3187387,182.3187387,182.3187387,182.3187387
t_8432,190.5403859,190.5403859,190.5403859,190.5403859
t_8433,190.5403859,190.5403859,190.5403859,190.5403859
t_8434,149.7537679,149.7537679,149.7537679,149.7537679
t_8435,148.2270924,148.2270924,148.2270924,148.2270924
t_8436,141.9517324,141.9517324,141.9517324,141.9517324
t_8437,142.760338,142.760338,142.760338,142.760338
t_8438,148.1702541,148.1702541,148.1702541,148.1702541
t_8439,150.5472454,150.5472454,150.5472454,150.5472454
t_844,63.19046152,63.19046152,63.19046152,63.19046152
t_8440,178.7775803,178.7775803,178.7775803,178.7775803
t_8441,185.0486552,185.0486552,185.0486552,185.0486552
t_8442,185.0904888,185.0904888,185.0904888,185.0904888
t_8443,182.7174166,182.7174166,182.7174166,182.7174166
t_8444,179.5569244,179.5569244,179.5569244,179.5569244
t_8445,179.5569244,179.5569244,179.5569244,179.5569244
t_8446,179.1033558,179.1033558,179.1033558,179.1033558
t_8447,156.3596568,156.3596568,156.3596568,156.3596568
t_8448,144.8648066,144.8648066,144.8648066,144.8648066
t_8449,121.6357871,121.6357871,121.6357871,121.6357871
t_845,63.19046152,63.19046152,63.19046152,63.19046152
t_8450,121.3785376,121.3785376,121.3785376,121.3785376
t_8451,121.3785376,121.3785376,121.3785376,121.3785376
t_8452,115.1393246,115.1393246,115.1393246,115.1393246
t_8453,115.2161957,115.2161957,115.2161957,115.2161957
t_8454,115.254722,115.254722,115.254722,115.254722
t_8455,116.0608516,116.0608516,116.0608516,116.0608516
t_8456,121.9889714,121.9889714,121.9889714,121.9889714
t_8457,122.2089127,122.2089127,122.2089127,122.2089127
t_8458,83.96325184,83.96325184,83.96325184,83.96325184
t_8459,80.92728924,80.92728924,80.92728924,80.92728924
t_846,63.19046152,63.19046152,63.19046152,63.19046152
t_8460,80.4987995,80.4987995,80.4987995,80.4987995
t_8461,80.4987995,80.4987995,80.4987995,80.4987995
t_8462,80.92728924,80.92728924,80.92728924,80.92728924
t_8463,85.5267163,85.5267163,85.5267163,85.5267163
t_8464,99.29332566,99.29332566,99.29332566,99.29332566
t_8465,126.791868,126.791868,126.791868,126.791868
t_8466,125.6746977,125.6746977,125.6746977,125.6746977
t_8467,124.0159416,124.0159416,124.0159416,124.0159416
t_8468,124.0159416,124.0159416,124.0159416,124.0159416
t_8469,119.4374183,119.4374183,119.4374183,119.4374183
t_847,65.65425209,65.65425209,65.65425209,65.65425209
t_8470,116.1760664,116.1760664,116.1760664,116.1760664
t_8471,114.8526158,114.8526158,114.8526158,114.8526158
t_8472,90.40051974,90.40051974,90.40051974,90.40051974
t_8473,90.20564591,90.20564591,90.20564591,90.20564591
t_8474,89.67761813,89.67761813,89.67761813,89.67761813
t_8475,89.67761813,89.67761813,89.67761813,89.67761813
t_8476,89.67761813,89.67761813,89.67761813,89.67761813
t_8477,89.67761813,89.67761813,89.67761813,89.67761813
t_8478,89.67761813,89.67761813,89.67761813,89.67761813
t_8479,91.06525946,91.06525946,91.06525946,91.06525946
t_848,65.65425209,65.65425209,65.65425209,65.65425209
t_8480,93.86925016,93.86925016,93.86925016,93.86925016
t_8481,100.8664235,100.8664235,100.8664235,100.8664235
t_8482,92.41376223,92.41376223,92.41376223,92.41376223
t_8483,91.28977276,91.28977276,91.28977276,91.28977276
t_8484,91.22964673,91.22964673,91.22964673,91.22964673
t_8485,91.28977276,91.28977276,91.28977276,91.28977276
t_8486,94.32301752,94.32301752,94.32301752,94.32301752
t_8487,98.24662938,98.24662938,98.24662938,98.24662938
t_8488,103.1283083,103.1283083,103.1283083,103.1283083
t_8489,107.1125234,107.1125234,107.1125234,107.1125234
t_849,43.21985364,43.21985364,43.21985364,43.21985364
t_8490,107.835425,107.835425,107.835425,107.835425
t_8491,107.835425,107.835425,107.835425,107.835425
t_8492,106.9611815,106.9611815,106.9611815,106.9611815
t_8493,106.6468904,106.6468904,106.6468904,106.6468904
t_8494,105.183474,105.183474,105.183474,105.183474
t_8495,101.4557977,101.4557977,101.4557977,101.4557977
t_8496,98.87916485,98.87916485,98.87916485,98.87916485
t_8497,98.02386227,98.02386227,98.02386227,98.02386227
t_8498,98.02361227,98.02361227,98.02361227,98.02361227
t_8499,98.02361227,98.02361227,98.02361227,98.02361227
t_85,38.81434428,38.81434428,38.81434428,38.81434428
t_850,15.21625303,15.21625303,15.21625303,15.21625303
t_8500,95.48329231,95.48329231,95.48329231,95.48329231
t_8501,95.67576049,95.67576049,95.67576049,95.67576049
t_8502,96.79856859,96.79856859,96.79856859,96.79856859
t_8503,97.92927415,97.92927415,97.92927415,97.92927415
t_8504,103.1283083,103.1283083,103.1283083,103.1283083
t_8505,101.740667,101.740667,101.740667,101.740667
t_8506,98.99805575,98.99805575,98.99805575,98.99805575
t_8507,95.04331364,95.04331364,95.04331364,95.04331364
t_8508,95.92432511,95.92432511,95.92432511,95.92432511
t_8509,99.99218004,99.99218004,99.99218004,99.99218004
t_851,15.21625303,15.21625303,15.21625303,15.21625303
t_8510,100.8664235,100.8664235,100.8664235,100.8664235
t_8511,103.1283083,103.1283083,103.1283083,103.1283083
t_8512,107.1125234,107.1125234,107.1125234,107.1125234
t_8513,106.2382799,106.2382799,106.2382799,106.2382799
t_8514,106.2382799,106.2382799,106.2382799,106.2382799
t_8515,106.2382799,106.2382799,106.2382799,106.2382799
t_8516,105.7214948,105.7214948,105.7214948,105.7214948
t_8517,104.8906791,104.8906791,104.8906791,104.8906791
t_8518,104.0553015,104.0553015,104.0553015,104.0553015
t_8519,104.0126887,104.0126887,104.0126887,104.0126887
t_852,15.21625303,15.21625303,15.21625303,15.21625303
t_8520,98.27649136,98.27649136,98.27649136,98.27649136
t_8521,81.10428094,81.10428094,81.10428094,81.10428094
t_8522,81.10428094,81.10428094,81.10428094,81.10428094
t_8523,77.66987045,77.66987045,77.66987045,77.66987045
t_8524,76.9087942,76.9087942,76.9087942,76.9087942
t_8525,63.06964392,63.06964392,63.06964392,63.06964392
t_8526,59.82598265,59.82598265,59.82598265,59.82598265
t_8527,57.7548881,57.7548881,57.7548881,57.7548881
t_8528,57.7548881,57.7548881,57.7548881,57.7548881
t_8529,57.7548881,57.7548881,57.7548881,57.7548881
t_853,15.21625303,15.21625303,15.21625303,15.21625303
t_8530,54.27282007,54.27282007,54.27282007,54.27282007
t_8531,51.92534744,51.92534744,51.92534744,51.92534744
t_8532,49.85425289,49.85425289,49.85425289,49.85425289
t_8533,49.85425289,49.85425289,49.85425289,49.85425289
t_8534,49.85425289,49.85425289,49.85425289,49.85425289
t_8535,49.85425289,49.85425289,49.85425289,49.85425289
t_8536,54.93799906,54.93799906,54.93799906,54.93799906
t_8537,54.93799906,54.93799906,54.93799906,54.93799906
t_8538,54.93799906,54.93799906,54.93799906,54.93799906
t_8539,54.93799906,54.93799906,54.93799906,54.93799906
t_854,15.21625303,15.21625303,15.21625303,15.21625303
t_8540,54.93799906,54.93799906,54.93799906,54.93799906
t_8541,54.93799906,54.93799906,54.93799906,54.93799906
t_8542,44.77932604,44.77932604,44.77932604,44.77932604
t_8543,43.35455597,43.35455597,43.35455597,43.35455597
t_8544,43.21985364,43.21985364,43.21985364,43.21985364
t_8545,43.21985364,43.21985364,43.21985364,43.21985364
t_8546,43.21985364,43.21985364,43.21985364,43.21985364
t_8547,43.21985363,43.21985363,43.21985363,43.21985363
t_8548,43.21985363,43.21985363,43.21985363,43.21985363
t_8549,43.21985363,43.21985363,43.21985363,43.21985363
t_855,15.21625303,15.21625303,15.21625303,15.21625303
t_8550,43.21985363,43.21985363,43.21985363,43.21985363
t_8551,43.21985363,43.21985363,43.21985363,43.21985363
t_8552,43.21985363,43.21985363,43.21985363,43.21985363
t_8553,41.14875909,41.14875909,41.14875909,41.14875909
t_8554,41.14875909,41.14875909,41.14875909,41.14875909
t_8555,40.74444988,40.74444988,40.74444988,40.74444988
t_8556,40.74444988,40.74444988,40.74444988,40.74444988
t_8557,40.74444988,40.74444988,40.74444988,40.74444988
t_8558,40.74444988,40.74444988,40.74444988,40.74444988
t_8559,41.14875909,41.14875909,41.14875909,41.14875909
t_856,38.71625376,38.71625376,38.71625376,38.71625376
t_8560,43.21985363,43.21985363,43.21985363,43.21985363
t_8561,43.21985363,43.21985363,43.21985363,43.21985363
t_8562,43.21985363,43.21985363,43.21985363,43.21985363
t_8563,43.21985363,43.21985363,43.21985363,43.21985363
t_8564,43.21985363,43.21985363,43.21985363,43.21985363
t_8565,43.21985363,43.21985363,43.21985363,43.21985363
t_8566,43.21985363,43.21985363,43.21985363,43.21985363
t_8567,43.21985363,43.21985363,43.21985363,43.21985363
t_8568,43.21985363,43.21985363,43.21985363,43.21985363
t_8569,43.21985363,43.21985363,43.21985363,43.21985363
t_857,52.41278724,52.41278724,52.41278724,52.41278724
t_8570,43.21985364,43.21985364,43.21985364,43.21985364
t_8571,47.36204273,47.36204273,47.36204273,47.36204273
t_8572,47.36204273,47.36204273,47.36204273,47.36204273
t_8573,47.36204273,47.36204273,47.36204273,47.36204273
t_8574,47.36204273,47.36204273,47.36204273,47.36204273
t_8575,52.19196533,52.19196533,52.19196533,52.19196533
t_8576,52.19196533,52.19196533,52.19196533,52.19196533
t_8577,55.878287,55.878287,55.878287,55.878287
t_8578,57.08847936,57.08847936,57.08847936,57.08847936
t_8579,50.05403723,50.05403723,50.05403723,50.05403723
t_858,55.32622757,55.32622757,55.32622757,55.32622757
t_8580,39.74209341,39.74209341,39.74209341,39.74209341
t_8581,42.09023313,42.09023313,42.09023313,42.09023313
t_8582,47.03863508,47.03863508,47.03863508,47.03863508
t_8583,62.1805015,62.1805015,62.1805015,62.1805015
t_8584,64.65590526,64.65590526,64.65590526,64.65590526
t_8585,80.56219765,80.56219765,80.56219765,80.56219765
t_8586,80.56219765,80.56219765,80.56219765,80.56219765
t_8587,80.56219765,80.56219765,80.56219765,80.56219765
t_8588,80.56219765,80.56219765,80.56219765,80.56219765
t_8589,80.56219765,80.56219765,80.56219765,80.56219765
t_859,55.32622757,55.32622757,55.32622757,55.32622757
t_8590,81.90784888,81.90784888,81.90784888,81.90784888
t_8591,76.19863053,76.19863053,76.19863053,76.19863053
t_8592,67.98977383,67.98977383,67.98977383,67.98977383
t_8593,64.82780753,64.82780753,64.82780753,64.82780753
t_8594,60.1493903,60.1493903,60.1493903,60.1493903
t_8595,60.1493903,60.1493903,60.1493903,60.1493903
t_8596,48.08494433,48.08494433,48.08494433,48.08494433
t_8597,47.36204273,47.36204273,47.36204273,47.36204273
t_8598,47.36204273,47.36204273,47.36204273,47.36204273
t_8599,47.36204273,47.36204273,47.36204273,47.36204273
t_86,40.30569859,40.30569859,40.30569859,40.30569859
t_860,54.7981998,54.7981998,54.7981998,54.7981998
t_8600,47.36204273,47.36204273,47.36204273,47.36204273
t_8601,47.36204273,47.36204273,47.36204273,47.36204273
t_8602,44.88663897,44.88663897,44.88663897,44.88663897
t_8603,44.88663897,44.88663897,44.88663897,44.88663897
t_8604,44.88663897,44.88663897,44.88663897,44.88663897
t_8605,44.88663897,44.88663897,44.88663897,44.88663897
t_8606,44.88663897,44.88663897,44.88663897,44.88663897
t_8607,44.88663897,44.88663897,44.88663897,44.88663897
t_8608,45.29094818,45.29094818,45.29094818,45.29094818
t_8609,45.29094818,45.29094818,45.29094818,45.29094818
t_861,54.7981998,54.7981998,54.7981998,54.7981998
t_8610,45.29094818,45.29094818,45.29094818,45.29094818
t_8611,45.29094818,45.29094818,45.29094818,45.29094818
t_8612,45.29094818,45.29094818,45.29094818,45.29094818
t_8613,45.29094818,45.29094818,45.29094818,45.29094818
t_8614,45.29094818,45.29094818,45.29094818,45.29094818
t_8615,45.29094818,45.29094818,45.29094818,45.29094818
t_8616,45.29094818,45.29094818,45.29094818,45.29094818
t_8617,45.81897596,45.81897596,45.81897596,45.81897596
t_8618,45.29094818,45.29094818,45.29094818,45.29094818
t_8619,45.29094818,45.29094818,45.29094818,45.29094818
t_862,55.32622757,55.32622757,55.32622757,55.32622757
t_8620,45.29094818,45.29094818,45.29094818,45.29094818
t_8621,45.29094818,45.29094818,45.29094818,45.29094818
t_8622,45.29094818,45.29094818,45.29094818,45.29094818
t_8623,45.29094818,45.29094818,45.29094818,45.29094818
t_8624,45.29094818,45.29094818,45.29094818,45.29094818
t_8625,47.36204273,47.36204273,47.36204273,47.36204273
t_8626,47.36204273,47.36204273,47.36204273,47.36204273
t_8627,44.88663897,44.88663897,44.88663897,44.88663897
t_8628,44.88663897,44.88663897,44.88663897,44.88663897
t_8629,57.76118418,57.76118418,57.76118418,57.76118418
t_863,54.7981998,54.7981998,54.7981998,54.7981998
t_8630,68.61556064,68.61556064,68.61556064,68.61556064
t_8631,69.24906596,69.24906596,69.24906596,69.24906596
t_8632,72.21299286,72.21299286,72.21299286,72.21299286
t_8633,73.35673018,73.35673018,73.35673018,73.35673018
t_8634,80.00260819,80.00260819,80.00260819,80.00260819
t_8635,83.13705381,83.13705381,83.13705381,83.13705381
t_8636,83.13705381,83.13705381,83.13705381,83.13705381
t_8637,83.13705381,83.13705381,83.13705381,83.13705381
t_8638,96.39587643,96.39587643,96.39587643,96.39587643
t_8639,97.48387379,97.48387379,97.48387379,97.48387379
t_864,54.7981998,54.7981998,54.7981998,54.7981998
t_8640,93.5037789,93.5037789,93.5037789,93.5037789
t_8641,100.9632279,100.9632279,100.9632279,100.9632279
t_8642,100.9632279,100.9632279,100.9632279,100.9632279
t_8643,100.9632279,100.9632279,100.9632279,100.9632279
t_8644,100.9632279,100.9632279,100.9632279,100.9632279
t_8645,96.30275405,96.30275405,96.30275405,96.30275405
t_8646,99.883275,99.883275,99.883275,99.883275
t_8647,101.434703,101.434703,101.434703,101.434703
t_8648,101.434703,101.434703,101.434703,101.434703
t_8649,89.76185366,89.76185366,89.76185366,89.76185366
t_865,53.60263018,53.60263018,53.60263018,53.60263018
t_8650,71.61615684,71.61615684,71.61615684,71.61615684
t_8651,64.54402922,64.54402922,64.54402922,64.54402922
t_8652,64.54402922,64.54402922,64.54402922,64.54402922
t_8653,64.54402922,64.54402922,64.54402922,64.54402922
t_8654,64.78638489,64.78638489,64.78638489,64.78638489
t_8655,70.10486768,70.10486768,70.10486768,70.10486768
t_8656,78.68548387,78.68548387,78.68548387,78.68548387
t_8657,80.24495628,80.24495628,80.24495628,80.24495628
t_8658,80.95921389,80.95921389,80.95921389,80.95921389
t_8659,84.08368098,84.08368098,84.08368098,84.08368098
t_866,48.43354949,48.43354949,48.43354949,48.43354949
t_8660,84.08368098,84.08368098,84.08368098,84.08368098
t_8661,84.08368098,84.08368098,84.08368098,84.08368098
t_8662,77.04808824,77.04808824,77.04808824,77.04808824
t_8663,77.5576627,77.5576627,77.5576627,77.5576627
t_8664,77.54278058,77.54278058,77.54278058,77.54278058
t_8665,77.54278059,77.54278059,77.54278059,77.54278059
t_8666,77.40246065,77.40246065,77.40246065,77.40246065
t_8667,83.51540648,83.51540648,83.51540648,83.51540648
t_8668,81.50696276,81.50696276,81.50696276,81.50696276
t_8669,80.72499546,80.72499546,80.72499546,80.72499546
t_867,48.32773542,48.32773542,48.32773542,48.32773542
t_8670,81.29603131,81.29603131,81.29603131,81.29603131
t_8671,83.31485016,83.31485016,83.31485016,83.31485016
t_8672,83.51540648,83.51540648,83.51540648,83.51540648
t_8673,80.77912091,80.77912091,80.77912091,80.77912091
t_8674,73.52264475,73.52264475,73.52264475,73.52264475
t_8675,67.47973532,67.47973532,67.47973532,67.47973532
t_8676,66.42479655,66.42479655,66.42479655,66.42479655
t_8677,66.42479655,66.42479655,66.42479655,66.42479655
t_8678,69.93643928,69.93643928,69.93643928,69.93643928
t_8679,83.51540648,83.51540648,83.51540648,83.51540648
t_868,48.32773542,48.32773542,48.32773542,48.32773542
t_8680,98.46091951,98.46091951,98.46091951,98.46091951
t_8681,98.46091951,98.46091951,98.46091951,98.46091951
t_8682,98.46091951,98.46091951,98.46091951,98.46091951
t_8683,98.46091951,98.46091951,98.46091951,98.46091951
t_8684,98.46091951,98.46091951,98.46091951,98.46091951
t_8685,98.46091951,98.46091951,98.46091951,98.46091951
t_8686,98.46091951,98.46091951,98.46091951,98.46091951
t_8687,98.46091951,98.46091951,98.46091951,98.46091951
t_8688,98.46091951,98.46091951,98.46091951,98.46091951
t_8689,98.46091951,98.46091951,98.46091951,98.46091951
t_869,48.32773542,48.32773542,48.32773542,48.32773542
t_8690,98.46091951,98.46091951,98.46091951,98.46091951
t_8691,98.46091951,98.46091951,98.46091951,98.46091951
t_8692,98.46091951,98.46091951,98.46091951,98.46091951
t_8693,97.86334313,97.86334313,97.86334313,97.86334313
t_8694,96.73644121,96.73644121,96.73644121,96.73644121
t_8695,96.73718515,96.73718515,96.73718515,96.73718515
t_8696,97.2322017,97.2322017,97.2322017,97.2322017
t_8697,79.87836108,79.87836108,79.87836108,79.87836108
t_8698,65.85951296,65.85951296,65.85951296,65.85951296
t_8699,59.82598265,59.82598265,59.82598265,59.82598265
t_87,40.30569859,40.30569859,40.30569859,40.30569859
t_870,48.32773542,48.32773542,48.32773542,48.32773542
t_8700,59.82598265,59.82598265,59.82598265,59.82598265
t_8701,59.82598265,59.82598265,59.82598265,59.82598265
t_8702,63.59192698,63.59192698,63.59192698,63.59192698
t_8703,71.10707455,71.10707455,71.10707455,71.10707455
t_8704,77.72421858,77.72421858,77.72421858,77.72421858
t_8705,85.88796645,85.88796645,85.88796645,85.88796645
t_8706,85.88796645,85.88796645,85.88796645,85.88796645
t_8707,85.88796645,85.88796645,85.88796645,85.88796645
t_8708,84.95600243,84.95600243,84.95600243,84.95600243
t_8709,80.73003889,80.73003889,80.73003889,80.73003889
t_871,53.0534096,53.0534096,53.0534096,53.0534096
t_8710,79.43679716,79.43679716,79.43679716,79.43679716
t_8711,76.77826448,76.77826448,76.77826448,76.77826448
t_8712,76.27546443,76.27546443,76.27546443,76.27546443
t_8713,59.818625,59.818625,59.818625,59.818625
t_8714,59.7199395,59.7199395,59.7199395,59.7199395
t_8715,55.90550116,55.90550116,55.90550116,55.90550116
t_8716,50.11011765,50.11011765,50.11011765,50.11011765
t_8717,50.11011765,50.11011765,50.11011765,50.11011765
t_8718,53.02526089,53.02526089,53.02526089,53.02526089
t_8719,53.02526089,53.02526089,53.02526089,53.02526089
t_872,53.0534096,53.0534096,53.0534096,53.0534096
t_8720,53.02526089,53.02526089,53.02526089,53.02526089
t_8721,53.02526089,53.02526089,53.02526089,53.02526089
t_8722,48.30493497,48.30493497,48.30493497,48.30493497
t_8723,47.51873098,47.51873098,47.51873098,47.51873098
t_8724,47.51873098,47.51873098,47.51873098,47.51873098
t_8725,47.51873098,47.51873098,47.51873098,47.51873098
t_8726,47.51873098,47.51873098,47.51873098,47.51873098
t_8727,53.02526089,53.02526089,53.02526089,53.02526089
t_8728,53.02526089,53.02526089,53.02526089,53.02526089
t_8729,53.02526089,53.02526089,53.02526089,53.02526089
t_873,43.21985363,43.21985363,43.21985363,43.21985363
t_8730,53.02526089,53.02526089,53.02526089,53.02526089
t_8731,53.02526089,53.02526089,53.02526089,53.02526089
t_8732,53.02526089,53.02526089,53.02526089,53.02526089
t_8733,53.02526089,53.02526089,53.02526089,53.02526089
t_8734,53.02526089,53.02526089,53.02526089,53.02526089
t_8735,50.11036765,50.11036765,50.11036765,50.11036765
t_8736,44.77957604,44.77957604,44.77957604,44.77957604
t_8737,43.94275524,43.94275524,43.94275524,43.94275524
t_8738,43.74788141,43.74788141,43.74788141,43.74788141
t_8739,43.21985363,43.21985363,43.21985363,43.21985363
t_874,28.18250606,28.18250606,28.18250606,28.18250606
t_8740,43.21985363,43.21985363,43.21985363,43.21985363
t_8741,41.23098003,41.23098003,41.23098003,41.23098003
t_8742,41.69537055,41.69537055,41.69537055,41.69537055
t_8743,43.74788141,43.74788141,43.74788141,43.74788141
t_8744,43.94275524,43.94275524,43.94275524,43.94275524
t_8745,43.94275524,43.94275524,43.94275524,43.94275524
t_8746,43.21985363,43.21985363,43.21985363,43.21985363
t_8747,41.14875909,41.14875909,41.14875909,41.14875909
t_8748,41.14875909,41.14875909,41.14875909,41.14875909
t_8749,41.14875909,41.14875909,41.14875909,41.14875909
t_875,25.71871548,25.71871548,25.71871548,25.71871548
t_8750,41.14875909,41.14875909,41.14875909,41.14875909
t_8751,41.14875909,41.14875909,41.14875909,41.14875909
t_8752,43.21985363,43.21985363,43.21985363,43.21985363
t_8753,53.93610666,53.93610666,53.93610666,53.93610666
t_8754,56.00720121,56.00720121,56.00720121,56.00720121
t_8755,56.00720121,56.00720121,56.00720121,56.00720121
t_8756,53.54341063,53.54341063,53.54341063,53.54341063
t_8757,56.00720121,56.00720121,56.00720121,56.00720121
t_8758,56.00720121,56.00720121,56.00720121,56.00720121
t_8759,56.00720121,56.00720121,56.00720121,56.00720121
t_876,25.71871548,25.71871548,25.71871548,25.71871548
t_8760,56.00720121,56.00720121,56.00720121,56.00720121
t_877,25.71871548,25.71871548,25.71871548,25.71871548
t_878,25.71871548,25.71871548,25.71871548,25.71871548
t_879,25.71871548,25.71871548,25.71871548,25.71871548
t_88,61.91961969,61.91961969,61.91961969,61.91961969
t_880,43.21985363,43.21985363,43.21985363,43.21985363
t_881,54.93799906,54.93799906,54.93799906,54.93799906
t_882,54.93799906,54.93799906,54.93799906,54.93799906
t_883,54.93799906,54.93799906,54.93799906,54.93799906
t_884,54.93799906,54.93799906,54.93799906,54.93799906
t_885,55.46602684,55.46602684,55.46602684,55.46602684
t_886,54.65740843,54.65740843,54.65740843,54.65740843
t_887,50.53844572,50.53844572,50.53844572,50.53844572
t_888,50.01041791,50.01041791,50.01041791,50.01041791
t_889,33.50549301,33.50549301,33.50549301,33.50549301
t_89,62.89377396,62.89377396,62.89377396,62.89377396
t_890,33.50549301,33.50549301,33.50549301,33.50549301
t_891,33.50549301,33.50549301,33.50549301,33.50549301
t_892,33.50549301,33.50549301,33.50549301,33.50549301
t_893,33.50549301,33.50549301,33.50549301,33.50549301
t_894,33.50549301,33.50549301,33.50549301,33.50549301
t_895,33.50549301,33.50549301,33.50549301,33.50549301
t_896,33.50549301,33.50549301,33.50549301,33.50549301
t_897,24.75104343,24.75104343,24.75104343,24.75104343
t_898,19.53734758,19.53734758,19.53734758,19.53734758
t_899,17.06194382,17.06194382,17.06194382,17.06194382
t_9,37.18785534,37.18785534,37.18785534,37.18785534
t_90,62.12944257,62.12944257,62.12944257,62.12944257
t_900,6.750000001,6.750000001,6.750000001,6.750000001
t_901,4.500000001,4.500000001,4.500000001,4.500000001
t_902,6.750000001,6.750000001,6.750000001,6.750000001
t_903,27.37388764,27.37388764,27.37388764,27.37388764
t_904,32.50360061,32.50360061,32.50360061,32.50360061
t_905,54.93799906,54.93799906,54.93799906,54.93799906
t_906,54.93799906,54.93799906,54.93799906,54.93799906
t_907,54.93799906,54.93799906,54.93799906,54.93799906
t_908,54.93799906,54.93799906,54.93799906,54.93799906
t_909,54.93799906,54.93799906,54.93799906,54.93799906
t_91,62.12944257,62.12944257,62.12944257,62.12944257
t_910,54.93799906,54.93799906,54.93799906,54.93799906
t_911,54.93799906,54.93799906,54.93799906,54.93799906
t_912,54.93799906,54.93799906,54.93799906,54.93799906
t_913,54.93799906,54.93799906,54.93799906,54.93799906
t_914,54.93799906,54.93799906,54.93799906,54.93799906
t_915,54.93799906,54.93799906,54.93799906,54.93799906
t_916,54.93799906,54.93799906,54.93799906,54.93799906
t_917,54.93799906,54.93799906,54.93799906,54.93799906
t_918,54.93799906,54.93799906,54.93799906,54.93799906
t_919,54.93799906,54.93799906,54.93799906,54.93799906
t_92,60.50827223,60.50827223,60.50827223,60.50827223
t_920,54.93799906,54.93799906,54.93799906,54.93799906
t_921,45.96975891,45.96975891,45.96975891,45.96975891
t_922,40.75606306,40.75606306,40.75606306,40.75606306
t_923,40.75606306,40.75606306,40.75606306,40.75606306
t_924,40.75606306,40.75606306,40.75606306,40.75606306
t_925,40.06756831,40.06756831,40.06756831,40.06756831
t_926,40.75606306,40.75606306,40.75606306,40.75606306
t_927,43.21985363,43.21985363,43.21985363,43.21985363
t_928,48.43354949,48.43354949,48.43354949,48.43354949
t_929,56.757248,56.757248,56.757248,56.757248
t_93,54.17098162,54.17098162,54.17098162,54.17098162
t_930,61.02143258,61.02143258,61.02143258,61.02143258
t_931,61.02143258,61.02143258,61.02143258,61.02143258
t_932,61.02143258,61.02143258,61.02143258,61.02143258
t_933,61.02143258,61.02143258,61.02143258,61.02143258
t_934,61.54946036,61.54946036,61.54946036,61.54946036
t_935,60.05106037,60.05106037,60.05106037,60.05106037
t_936,59.14227592,59.14227592,59.14227592,59.14227592
t_937,53.5463608,53.5463608,53.5463608,53.5463608
t_938,49.69846005,49.69846005,49.69846005,49.69846005
t_939,46.40489768,46.40489768,46.40489768,46.40489768
t_94,54.17098162,54.17098162,54.17098162,54.17098162
t_940,44.58564874,44.58564874,44.58564874,44.58564874
t_941,44.58564874,44.58564874,44.58564874,44.58564874
t_942,44.58564874,44.58564874,44.58564874,44.58564874
t_943,50.78082621,50.78082621,50.78082621,50.78082621
t_944,55.04501079,55.04501079,55.04501079,55.04501079
t_945,50.78082621,50.78082621,50.78082621,50.78082621
t_946,43.21985364,43.21985364,43.21985364,43.21985364
t_947,43.21985364,43.21985364,43.21985364,43.21985364
t_948,43.21985364,43.21985364,43.21985364,43.21985364
t_949,43.21985364,43.21985364,43.21985364,43.21985364
t_95,54.17098162,54.17098162,54.17098162,54.17098162
t_950,43.21985364,43.21985364,43.21985364,43.21985364
t_951,43.21985364,43.21985364,43.21985364,43.21985364
t_952,47.36204273,47.36204273,47.36204273,47.36204273
t_953,63.00313029,63.00313029,63.00313029,63.00313029
t_954,63.24223808,63.24223808,63.24223808,63.24223808
t_955,63.24223808,63.24223808,63.24223808,63.24223808
t_956,63.24223808,63.24223808,63.24223808,63.24223808
t_957,63.24223808,63.24223808,63.24223808,63.24223808
t_958,63.24223808,63.24223808,63.24223808,63.24223808
t_959,63.24223808,63.24223808,63.24223808,63.24223808
t_96,53.64295385,53.64295385,53.64295385,53.64295385
t_960,63.24223808,63.24223808,63.24223808,63.24223808
t_961,59.63508367,59.63508367,59.63508367,59.63508367
t_962,59.58801463,59.58801463,59.58801463,59.58801463
t_963,59.34890684,59.34890684,59.34890684,59.34890684
t_964,52.04045996,52.04045996,52.04045996,52.04045996
t_965,63.00313028,63.00313028,63.00313028,63.00313028
t_966,63.00313029,63.00313029,63.00313029,63.00313029
t_967,63.00313029,63.00313029,63.00313029,63.00313029
t_968,63.00313029,63.00313029,63.00313029,63.00313029
t_969,48.92151514,48.92151514,48.92151514,48.92151514
t_97,52.04070995,52.04070995,52.04070995,52.04070995
t_970,45.69316836,45.69316836,45.69316836,45.69316836
t_971,34.51999417,34.51999417,34.51999417,34.51999417
t_972,31.81307302,31.81307302,31.81307302,31.81307302
t_973,31.81307302,31.81307302,31.81307302,31.81307302
t_974,34.06307302,34.06307302,34.06307302,34.06307302
t_975,45.69316836,45.69316836,45.69316836,45.69316836
t_976,53.39580231,53.39580231,53.39580231,53.39580231
t_977,66.12226962,66.12226962,66.12226962,66.12226962
t_978,66.12226962,66.12226962,66.12226962,66.12226962
t_979,66.12226962,66.12226962,66.12226962,66.12226962
t_98,47.5865528,47.5865528,47.5865528,47.5865528
t_980,66.12226962,66.12226962,66.12226962,66.12226962
t_981,62.22893839,62.22893839,62.22893839,62.22893839
t_982,62.22893839,62.22893839,62.22893839,62.22893839
t_983,62.22893839,62.22893839,62.22893839,62.22893839
t_984,62.22893839,62.22893839,62.22893839,62.22893839
t_985,56.78705342,56.78705342,56.78705342,56.78705342
t_986,56.757248,56.757248,56.757248,56.757248
t_987,54.93799907,54.93799907,54.93799907,54.93799907
t_988,54.93799906,54.93799906,54.93799906,54.93799906
t_989,54.93799906,54.93799906,54.93799906,54.93799906
t_99,43.21985364,43.21985364,43.21985364,43.21985364
t_990,54.93799906,54.93799906,54.93799906,54.93799906
t_991,54.93799906,54.93799906,54.93799906,54.93799906
t_992,54.93799906,54.93799906,54.93799906,54.93799906
t_993,52.71019831,52.71019831,52.71019831,52.71019831
t_994,48.45610921,48.45610921,48.45610921,48.45610921
t_995,48.45610921,48.45610921,48.45610921,48.45610921
t_996,48.45610921,48.45610921,48.45610921,48.45610921
t_997,48.45610921,48.45610921,48.45610921,48.45610921
t_998,48.45610921,48.45610921,48.45610921,48.45610921
t_999,48.45610921,48.45610921,48.45610921,48.45610921
