time_step,DE00,AT00,FR00,IT00
t_1,94.65905544,94.65905544,94.65905544,94.65905544
t_2,93.65938993,93.65938993,93.65938993,93.65938993
t_3,92.06893451,92.06893451,92.06893451,92.06893451
t_4,89.9957695,89.9957695,89.9957695,89.9957695
t_5,87.58078347,87.58078347,87.58078347,87.58078347
t_6,84.98810277,84.98810277,84.98810277,84.98810277
t_7,82.39394065,82.39394065,82.39394065,82.39394065
t_8,79.97462237,79.97462237,79.97462237,79.97462237
t_9,77.89459888,77.89459888,77.89459888,77.89459888
t_10,76.29526253,76.29526253,76.29526253,76.29526253
t_11,75.28532445,75.28532445,75.28532445,75.28532445
t_12,74.93340722,74.93340722,74.93340722,74.93340722
t_13,75.2633571,75.2633571,75.2633571,75.2633571
t_14,76.25259533,76.25259533,76.25259533,76.25259533
t_15,77.8336224,77.8336224,77.8336224,77.8336224
t_16,79.89857537,79.89857537,79.89857537,79.89857537
t_17,82.30653095,82.30653095,82.30653095,82.30653095
t_18,84.89306077,84.89306077,84.89306077,84.89306077
t_19,87.48139191,87.48139191,87.48139191,87.48139191
t_20,89.89441639,89.89441639,89.89441639,89.89441639
t_21,91.96673497,91.96673497,91.96673497,91.96673497
t_22,93.55591751,93.55591751,93.55591751,93.55591751
t_23,94.55221445,94.55221445,94.55221445,94.55221445
t_24,94.88605815,94.88605815,94.88605815,94.88605815
t_25,94.53284225,94.53284225,94.53284225,94.53284225
t_26,93.51465114,93.51465114,93.51465114,93.51465114
t_27,91.89881811,91.89881811,91.89881811,91.89881811
t_28,89.79340622,89.79340622,89.79340622,89.79340622
t_29,87.33991434,87.33991434,87.33991434,87.33991434
t_30,84.70370009,84.70370009,84.70370009,84.70370009
t_31,82.06276669,82.06276669,82.06276669,82.06276669
t_32,79.59567306,79.59567306,79.59567306,79.59567306
t_33,77.46938698,77.46938698,77.46938698,77.46938698
t_34,75.82790645,75.82790645,75.82790645,75.82790645
t_35,74.78242361,74.78242361,74.78242361,74.78242361
t_36,74.40370196,74.40370196,74.40370196,74.40370196
t_37,74.71718904,74.71718904,74.71718904,74.71718904
t_38,75.70120126,75.70120126,75.70120126,75.70120126
t_39,77.28831027,77.28831027,77.28831027,77.28831027
t_40,79.36984268,79.36984268,79.36984268,79.36984268
t_41,81.80319348,81.80319348,81.80319348,81.80319348
t_42,84.42146188,84.42146188,84.42146188,84.42146188
t_43,87.04475962,87.04475962,87.04475962,87.04475962
t_44,89.49242644,89.49242644,89.49242644,89.49242644
t_45,91.59532476,91.59532476,91.59532476,91.59532476
t_46,93.20737786,93.20737786,93.20737786,93.20737786
t_47,94.2155656,94.2155656,94.2155656,94.2155656
t_48,94.54769466,94.54769466,94.54769466,94.54769466
t_49,94.17740982,94.17740982,94.17740982,94.17740982
t_50,93.12609896,93.12609896,93.12609896,93.12609896
t_51,91.46155466,91.46155466,91.46155466,91.46155466
t_52,89.29347524,89.29347524,89.29347524,89.29347524
t_53,86.76610321,86.76610321,86.76610321,86.76610321
t_54,84.04849416,84.04849416,84.04849416,84.04849416
t_55,81.32307162,81.32307162,81.32307162,81.32307162
t_56,78.7732416,78.7732416,78.7732416,78.7732416
t_57,76.57090654,76.57090654,76.57090654,76.57090654
t_58,74.86472747,74.86472747,74.86472747,74.86472747
t_59,73.76993497,73.76993497,73.76993497,73.76993497
t_60,73.36038627,73.36038627,73.36038627,73.36038627
t_61,73.66341529,73.66341529,73.66341529,73.66341529
t_62,74.65783415,74.65783415,74.65783415,74.65783415
t_63,76.27523154,76.27523154,76.27523154,76.27523154
t_64,78.4044896,78.4044896,78.4044896,78.4044896
t_65,80.89922189,80.89922189,80.89922189,80.89922189
t_66,83.58763541,83.58763541,83.58763541,83.58763541
t_67,86.28415346,86.28415346,86.28415346,86.28415346
t_68,88.80201391,88.80201391,88.80201391,88.80201391
t_69,90.96598899,90.96598899,90.96598899,90.96598899
t_70,92.62436116,92.62436116,92.62436116,92.62436116
t_71,93.65933778,93.65933778,93.65933778,93.65933778
t_72,93.99519053,93.99519053,93.99519053,93.99519053
t_73,93.60355776,93.60355776,93.60355776,93.60355776
t_74,92.50553936,92.50553936,92.50553936,92.50553936
t_75,90.7704302,90.7704302,90.7704302,90.7704302
t_76,88.51116672,88.51116672,88.51116672,88.51116672
t_77,85.87678504,85.87678504,85.87678504,85.87678504
t_78,83.04239307,83.04239307,83.04239307,83.04239307
t_79,80.19733069,80.19733069,80.19733069,80.19733069
t_80,77.53231717,77.53231717,77.53231717,77.53231717
t_81,75.22645744,75.22645744,75.22645744,75.22645744
t_82,73.43499127,73.43499127,73.43499127,73.43499127
t_83,72.27862249,72.27862249,72.27862249,72.27862249
t_84,71.83516078,71.83516078,71.83516078,71.83516078
t_85,72.13405426,72.13405426,72.13405426,72.13405426
t_86,73.15419619,73.15419619,73.15419619,73.15419619
t_87,74.82516808,74.82516808,74.82516808,74.82516808
t_88,77.03184789,77.03184789,77.03184789,77.03184789
t_89,79.62208292,79.62208292,79.62208292,79.62208292
t_90,82.41691675,82.41691675,82.41691675,82.41691675
t_91,85.22268405,85.22268405,85.22268405,85.22268405
t_92,87.84415665,87.84415665,87.84415665,87.84415665
t_93,90.09784972,90.09784972,90.09784972,90.09784972
t_94,91.82458209,91.82458209,91.82458209,91.82458209
t_95,92.90043171,92.90043171,92.90043171,92.90043171
t_96,93.24533332,93.24533332,93.24533332,93.24533332
t_97,92.8287223,92.8287223,92.8287223,92.8287223
t_98,91.67182773,91.67182773,91.67182773,91.67182773
t_99,89.84644418,89.84644418,89.84644418,89.84644418
t_100,87.47025071,87.47025071,87.47025071,87.47025071
t_101,84.69898131,84.69898131,84.69898131,84.69898131
t_102,81.71596671,81.71596671,81.71596671,81.71596671
t_103,78.71974898,78.71974898,78.71974898,78.71974898
t_104,75.91060462,75.91060462,75.91060462,75.91060462
t_105,73.47689009,73.47689009,73.47689009,73.47689009
t_106,71.58213969,71.58213969,71.58213969,71.58213969
t_107,70.35379894,70.35379894,70.35379894,70.35379894
t_108,69.87436867,69.87436867,69.87436867,69.87436867
t_109,70.17557478,70.17557478,70.17557478,70.17557478
t_110,71.23597465,71.23597465,71.23597465,71.23597465
t_111,72.98217933,72.98217933,72.98217933,72.98217933
t_112,75.29362457,75.29362457,75.29362457,75.29362457
t_113,78.01058177,78.01058177,78.01058177,78.01058177
t_114,80.9448776,80.9448776,80.9448776,80.9448776
t_115,83.89260362,83.89260362,83.89260362,83.89260362
t_116,86.64795866,86.64795866,86.64795866,86.64795866
t_117,89.01728492,89.01728492,89.01728492,89.01728492
t_118,90.83234152,90.83234152,90.83234152,90.83234152
t_119,91.96190635,91.96190635,91.96190635,91.96190635
t_120,92.32090707,92.32090707,92.32090707,92.32090707
t_121,91.8764464,91.8764464,91.8764464,91.8764464
t_122,90.65029596,90.65029596,90.65029596,90.65029596
t_123,88.71767146,88.71767146,88.71767146,88.71767146
t_124,86.20235491,86.20235491,86.20235491,86.20235491
t_125,83.26847899,83.26847899,83.26847899,83.26847899
t_126,80.10951786,80.10951786,80.10951786,80.10951786
t_127,76.93522206,76.93522206,76.93522206,76.93522206
t_128,73.95737888,73.95737888,73.95737888,73.95737888
t_129,71.3753642,71.3753642,71.3753642,71.3753642
t_130,69.36247067,69.36247067,69.36247067,69.36247067
t_131,68.05394911,68.05394911,68.05394911,68.05394911
t_132,67.53758764,67.53758764,67.53758764,67.53758764
t_133,67.84748428,67.84748428,67.84748428,67.84748428
t_134,68.96145373,68.96145373,68.96145373,68.96145373
t_135,70.80226359,70.80226359,70.80226359,70.80226359
t_136,73.24263467,73.24263467,73.24263467,73.24263467
t_137,76.1136831,76.1136831,76.1136831,76.1136831
t_138,79.2162451,79.2162451,79.2162451,79.2162451
t_139,82.33432597,82.33432597,82.33432597,82.33432597
t_140,85.2497658,85.2497658,85.2497658,85.2497658
t_141,87.757127,87.757127,87.757127,87.757127
t_142,89.67778819,89.67778819,89.67778819,89.67778819
t_143,90.87227833,90.87227833,90.87227833,90.87227833
t_144,91.25,91.25,91.25,91.25
t_145,90.7756645,90.7756645,90.7756645,90.7756645
t_146,89.4719828,89.4719828,89.4719828,89.4719828
t_147,87.41840923,87.41840923,87.41840923,87.41840923
t_148,84.7460037,84.7460037,84.7460037,84.7460037
t_149,81.62874317,81.62874317,81.62874317,81.62874317
t_150,78.27185767,78.27185767,78.27185767,78.27185767
t_151,74.89797187,74.89797187,74.89797187,74.89797187
t_152,71.7319877,71.7319877,71.7319877,71.7319877
t_153,68.98573357,68.98573357,68.98573357,68.98573357
t_154,66.84342774,66.84342774,66.84342774,66.84342774
t_155,65.44895277,65.44895277,65.44895277,65.44895277
t_156,64.89581958,64.89581958,64.89581958,64.89581958
t_157,65.2205206,65.2205206,65.2205206,65.2205206
t_158,66.3997436,66.3997436,66.3997436,66.3997436
t_159,68.35165648,68.35165648,68.35165648,68.35165648
t_160,70.94119649,70.94119649,70.94119649,70.94119649
t_161,73.98902321,73.98902321,73.98902321,73.98902321
t_162,77.2835429,77.2835429,77.2835429,77.2835429
t_163,80.59519859,80.59519859,80.59519859,80.59519859
t_164,83.69206147,83.69206147,83.69206147,83.69206147
t_165,86.35566522,86.35566522,86.35566522,86.35566522
t_166,88.39600261,88.39600261,88.39600261,88.39600261
t_167,89.66465544,89.66465544,89.66465544,89.66465544
t_168,90.06515107,90.06515107,90.06515107,90.06515107
t_169,89.5598233,89.5598233,89.5598233,89.5598233
t_170,88.17269068,88.17269068,88.17269068,88.17269068
t_171,85.98813491,85.98813491,85.98813491,85.98813491
t_172,83.14544756,83.14544756,83.14544756,83.14544756
t_173,79.8295964,79.8295964,79.8295964,79.8295964
t_174,76.25882249,76.25882249,76.25882249,76.25882249
t_175,72.66989924,72.66989924,72.66989924,72.66989924
t_176,69.30204849,69.30204849,69.30204849,69.30204849
t_177,66.38060592,66.38060592,66.38060592,66.38060592
t_178,64.10155074,64.10155074,64.10155074,64.10155074
t_179,62.61796143,62.61796143,62.61796143,62.61796143
t_180,62.02933329,62.02933329,62.02933329,62.02933329
t_181,62.37450271,62.37450271,62.37450271,62.37450271
t_182,63.62868051,63.62868051,63.62868051,63.62868051
t_183,65.70481847,65.70481847,65.70481847,65.70481847
t_184,68.45923806,68.45923806,68.45923806,68.45923806
t_185,71.70115882,71.70115882,71.70115882,71.70115882
t_186,75.20549517,75.20549517,75.20549517,75.20549517
t_187,78.72806399,78.72806399,78.72806399,78.72806399
t_188,82.02217572,82.02217572,82.02217572,82.02217572
t_189,84.85548229,84.85548229,84.85548229,84.85548229
t_190,87.02593119,87.02593119,87.02593119,87.02593119
t_191,88.37573069,88.37573069,88.37573069,88.37573069
t_192,88.80236133,88.80236133,88.80236133,88.80236133
t_193,88.2658655,88.2658655,88.2658655,88.2658655
t_194,86.79189793,86.79189793,86.79189793,86.79189793
t_195,84.47030666,84.47030666,84.47030666,84.47030666
t_196,81.44931859,81.44931859,81.44931859,81.44931859
t_197,77.92570484,77.92570484,77.92570484,77.92570484
t_198,74.1315774,74.1315774,74.1315774,74.1315774
t_199,70.31870302,70.31870302,70.31870302,70.31870302
t_200,66.74139371,66.74139371,66.74139371,66.74139371
t_201,63.63913675,63.63913675,63.63913675,63.63913675
t_202,61.22015022,61.22015022,61.22015022,61.22015022
t_203,59.64699332,59.64699332,59.64699332,59.64699332
t_204,59.0252255,59.0252255,59.0252255,59.0252255
t_205,59.39590542,59.39590542,59.39590542,59.39590542
t_206,60.73246182,60.73246182,60.73246182,60.73246182
t_207,62.94217238,62.94217238,62.94217238,62.94217238
t_208,65.87217243,65.87217243,65.87217243,65.87217243
t_209,69.31960553,69.31960553,69.31960553,69.31960553
t_210,73.04524234,73.04524234,73.04524234,73.04524234
t_211,76.78965409,76.78965409,76.78965409,76.78965409
t_212,80.29084719,80.29084719,80.29084719,80.29084719
t_213,83.30216052,83.30216052,83.30216052,83.30216052
t_214,85.60920285,85.60920285,85.60920285,85.60920285
t_215,87.04466741,87.04466741,87.04466741,87.04466741
t_216,87.5,87.5,87.5,87.5
t_217,94.65905544,94.65905544,94.65905544,94.65905544
t_218,93.65938993,93.65938993,93.65938993,93.65938993
t_219,92.06893451,92.06893451,92.06893451,92.06893451
t_220,89.9957695,89.9957695,89.9957695,89.9957695
t_221,87.58078347,87.58078347,87.58078347,87.58078347
t_222,84.98810277,84.98810277,84.98810277,84.98810277
t_223,82.39394065,82.39394065,82.39394065,82.39394065
t_224,79.97462237,79.97462237,79.97462237,79.97462237
t_225,77.89459888,77.89459888,77.89459888,77.89459888
t_226,76.29526253,76.29526253,76.29526253,76.29526253
t_227,75.28532445,75.28532445,75.28532445,75.28532445
t_228,74.93340722,74.93340722,74.93340722,74.93340722
t_229,75.2633571,75.2633571,75.2633571,75.2633571
t_230,76.25259533,76.25259533,76.25259533,76.25259533
t_231,77.8336224,77.8336224,77.8336224,77.8336224
t_232,79.89857537,79.89857537,79.89857537,79.89857537
t_233,82.30653095,82.30653095,82.30653095,82.30653095
t_234,84.89306077,84.89306077,84.89306077,84.89306077
t_235,87.48139191,87.48139191,87.48139191,87.48139191
t_236,89.89441639,89.89441639,89.89441639,89.89441639
t_237,91.96673497,91.96673497,91.96673497,91.96673497
t_238,93.55591751,93.55591751,93.55591751,93.55591751
t_239,94.55221445,94.55221445,94.55221445,94.55221445
t_240,94.88605815,94.88605815,94.88605815,94.88605815
t_241,94.53284225,94.53284225,94.53284225,94.53284225
t_242,93.51465114,93.51465114,93.51465114,93.51465114
t_243,91.89881811,91.89881811,91.89881811,91.89881811
t_244,89.79340622,89.79340622,89.79340622,89.79340622
t_245,87.33991434,87.33991434,87.33991434,87.33991434
t_246,84.70370009,84.70370009,84.70370009,84.70370009
t_247,82.06276669,82.06276669,82.06276669,82.06276669
t_248,79.59567306,79.59567306,79.59567306,79.59567306
t_249,77.46938698,77.46938698,77.46938698,77.46938698
t_250,75.82790645,75.82790645,75.82790645,75.82790645
t_251,74.78242361,74.78242361,74.78242361,74.78242361
t_252,74.40370196,74.40370196,74.40370196,74.40370196
t_253,74.71718904,74.71718904,74.71718904,74.71718904
t_254,75.70120126,75.70120126,75.70120126,75.70120126
t_255,77.28831027,77.28831027,77.28831027,77.28831027
t_256,79.36984268,79.36984268,79.36984268,79.36984268
t_257,81.80319348,81.80319348,81.80319348,81.80319348
t_258,84.42146188,84.42146188,84.42146188,84.42146188
t_259,87.04475962,87.04475962,87.04475962,87.04475962
t_260,89.49242644,89.49242644,89.49242644,89.49242644
t_261,91.59532476,91.59532476,91.59532476,91.59532476
t_262,93.20737786,93.20737786,93.20737786,93.20737786
t_263,94.2155656,94.2155656,94.2155656,94.2155656
t_264,94.54769466,94.54769466,94.54769466,94.54769466
t_265,94.17740982,94.17740982,94.17740982,94.17740982
t_266,93.12609896,93.12609896,93.12609896,93.12609896
t_267,91.46155466,91.46155466,91.46155466,91.46155466
t_268,89.29347524,89.29347524,89.29347524,89.29347524
t_269,86.76610321,86.76610321,86.76610321,86.76610321
t_270,84.04849416,84.04849416,84.04849416,84.04849416
t_271,81.32307162,81.32307162,81.32307162,81.32307162
t_272,78.7732416,78.7732416,78.7732416,78.7732416
t_273,76.57090654,76.57090654,76.57090654,76.57090654
t_274,74.86472747,74.86472747,74.86472747,74.86472747
t_275,73.76993497,73.76993497,73.76993497,73.76993497
t_276,73.36038627,73.36038627,73.36038627,73.36038627
t_277,73.66341529,73.66341529,73.66341529,73.66341529
t_278,74.65783415,74.65783415,74.65783415,74.65783415
t_279,76.27523154,76.27523154,76.27523154,76.27523154
t_280,78.4044896,78.4044896,78.4044896,78.4044896
t_281,80.89922189,80.89922189,80.89922189,80.89922189
t_282,83.58763541,83.58763541,83.58763541,83.58763541
t_283,86.28415346,86.28415346,86.28415346,86.28415346
t_284,88.80201391,88.80201391,88.80201391,88.80201391
t_285,90.96598899,90.96598899,90.96598899,90.96598899
t_286,92.62436116,92.62436116,92.62436116,92.62436116
t_287,93.65933778,93.65933778,93.65933778,93.65933778
t_288,93.99519053,93.99519053,93.99519053,93.99519053
t_289,93.60355776,93.60355776,93.60355776,93.60355776
t_290,92.50553936,92.50553936,92.50553936,92.50553936
t_291,90.7704302,90.7704302,90.7704302,90.7704302
t_292,88.51116672,88.51116672,88.51116672,88.51116672
t_293,85.87678504,85.87678504,85.87678504,85.87678504
t_294,83.04239307,83.04239307,83.04239307,83.04239307
t_295,80.19733069,80.19733069,80.19733069,80.19733069
t_296,77.53231717,77.53231717,77.53231717,77.53231717
t_297,75.22645744,75.22645744,75.22645744,75.22645744
t_298,73.43499127,73.43499127,73.43499127,73.43499127
t_299,72.27862249,72.27862249,72.27862249,72.27862249
t_300,71.83516078,71.83516078,71.83516078,71.83516078
t_301,72.13405426,72.13405426,72.13405426,72.13405426
t_302,73.15419619,73.15419619,73.15419619,73.15419619
t_303,74.82516808,74.82516808,74.82516808,74.82516808
t_304,77.03184789,77.03184789,77.03184789,77.03184789
t_305,79.62208292,79.62208292,79.62208292,79.62208292
t_306,82.41691675,82.41691675,82.41691675,82.41691675
t_307,85.22268405,85.22268405,85.22268405,85.22268405
t_308,87.84415665,87.84415665,87.84415665,87.84415665
t_309,90.09784972,90.09784972,90.09784972,90.09784972
t_310,91.82458209,91.82458209,91.82458209,91.82458209
t_311,92.90043171,92.90043171,92.90043171,92.90043171
t_312,93.24533332,93.24533332,93.24533332,93.24533332
t_313,92.8287223,92.8287223,92.8287223,92.8287223
t_314,91.67182773,91.67182773,91.67182773,91.67182773
t_315,89.84644418,89.84644418,89.84644418,89.84644418
t_316,87.47025071,87.47025071,87.47025071,87.47025071
t_317,84.69898131,84.69898131,84.69898131,84.69898131
t_318,81.71596671,81.71596671,81.71596671,81.71596671
t_319,78.71974898,78.71974898,78.71974898,78.71974898
t_320,75.91060462,75.91060462,75.91060462,75.91060462
t_321,73.47689009,73.47689009,73.47689009,73.47689009
t_322,71.58213969,71.58213969,71.58213969,71.58213969
t_323,70.35379894,70.35379894,70.35379894,70.35379894
t_324,69.87436867,69.87436867,69.87436867,69.87436867
t_325,70.17557478,70.17557478,70.17557478,70.17557478
t_326,71.23597465,71.23597465,71.23597465,71.23597465
t_327,72.98217933,72.98217933,72.98217933,72.98217933
t_328,75.29362457,75.29362457,75.29362457,75.29362457
t_329,78.01058177,78.01058177,78.01058177,78.01058177
t_330,80.9448776,80.9448776,80.9448776,80.9448776
t_331,83.89260362,83.89260362,83.89260362,83.89260362
t_332,86.64795866,86.64795866,86.64795866,86.64795866
t_333,89.01728492,89.01728492,89.01728492,89.01728492
t_334,90.83234152,90.83234152,90.83234152,90.83234152
t_335,91.96190635,91.96190635,91.96190635,91.96190635
t_336,92.32090707,92.32090707,92.32090707,92.32090707
t_337,91.8764464,91.8764464,91.8764464,91.8764464
t_338,90.65029596,90.65029596,90.65029596,90.65029596
t_339,88.71767146,88.71767146,88.71767146,88.71767146
t_340,86.20235491,86.20235491,86.20235491,86.20235491
t_341,83.26847899,83.26847899,83.26847899,83.26847899
t_342,80.10951786,80.10951786,80.10951786,80.10951786
t_343,76.93522206,76.93522206,76.93522206,76.93522206
t_344,73.95737888,73.95737888,73.95737888,73.95737888
t_345,71.3753642,71.3753642,71.3753642,71.3753642
t_346,69.36247067,69.36247067,69.36247067,69.36247067
t_347,68.05394911,68.05394911,68.05394911,68.05394911
t_348,67.53758764,67.53758764,67.53758764,67.53758764
t_349,67.84748428,67.84748428,67.84748428,67.84748428
t_350,68.96145373,68.96145373,68.96145373,68.96145373
t_351,70.80226359,70.80226359,70.80226359,70.80226359
t_352,73.24263467,73.24263467,73.24263467,73.24263467
t_353,76.1136831,76.1136831,76.1136831,76.1136831
t_354,79.2162451,79.2162451,79.2162451,79.2162451
t_355,82.33432597,82.33432597,82.33432597,82.33432597
t_356,85.2497658,85.2497658,85.2497658,85.2497658
t_357,87.757127,87.757127,87.757127,87.757127
t_358,89.67778819,89.67778819,89.67778819,89.67778819
t_359,90.87227833,90.87227833,90.87227833,90.87227833
t_360,91.25,91.25,91.25,91.25
t_361,90.7756645,90.7756645,90.7756645,90.7756645
t_362,89.4719828,89.4719828,89.4719828,89.4719828
t_363,87.41840923,87.41840923,87.41840923,87.41840923
t_364,84.7460037,84.7460037,84.7460037,84.7460037
t_365,81.62874317,81.62874317,81.62874317,81.62874317
t_366,78.27185767,78.27185767,78.27185767,78.27185767
t_367,74.89797187,74.89797187,74.89797187,74.89797187
t_368,71.7319877,71.7319877,71.7319877,71.7319877
t_369,68.98573357,68.98573357,68.98573357,68.98573357
t_370,66.84342774,66.84342774,66.84342774,66.84342774
t_371,65.44895277,65.44895277,65.44895277,65.44895277
t_372,64.89581958,64.89581958,64.89581958,64.89581958
t_373,65.2205206,65.2205206,65.2205206,65.2205206
t_374,66.3997436,66.3997436,66.3997436,66.3997436
t_375,68.35165648,68.35165648,68.35165648,68.35165648
t_376,70.94119649,70.94119649,70.94119649,70.94119649
t_377,73.98902321,73.98902321,73.98902321,73.98902321
t_378,77.2835429,77.2835429,77.2835429,77.2835429
t_379,80.59519859,80.59519859,80.59519859,80.59519859
t_380,83.69206147,83.69206147,83.69206147,83.69206147
t_381,86.35566522,86.35566522,86.35566522,86.35566522
t_382,88.39600261,88.39600261,88.39600261,88.39600261
t_383,89.66465544,89.66465544,89.66465544,89.66465544
t_384,90.06515107,90.06515107,90.06515107,90.06515107
t_385,89.5598233,89.5598233,89.5598233,89.5598233
t_386,88.17269068,88.17269068,88.17269068,88.17269068
t_387,85.98813491,85.98813491,85.98813491,85.98813491
t_388,83.14544756,83.14544756,83.14544756,83.14544756
t_389,79.8295964,79.8295964,79.8295964,79.8295964
t_390,76.25882249,76.25882249,76.25882249,76.25882249
t_391,72.66989924,72.66989924,72.66989924,72.66989924
t_392,69.30204849,69.30204849,69.30204849,69.30204849
t_393,66.38060592,66.38060592,66.38060592,66.38060592
t_394,64.10155074,64.10155074,64.10155074,64.10155074
t_395,62.61796143,62.61796143,62.61796143,62.61796143
t_396,62.02933329,62.02933329,62.02933329,62.02933329
t_397,62.37450271,62.37450271,62.37450271,62.37450271
t_398,63.62868051,63.62868051,63.62868051,63.62868051
t_399,65.70481847,65.70481847,65.70481847,65.70481847
t_400,68.45923806,68.45923806,68.45923806,68.45923806
t_401,71.70115882,71.70115882,71.70115882,71.70115882
t_402,75.20549517,75.20549517,75.20549517,75.20549517
t_403,78.72806399,78.72806399,78.72806399,78.72806399
t_404,82.02217572,82.02217572,82.02217572,82.02217572
t_405,84.85548229,84.85548229,84.85548229,84.85548229
t_406,87.02593119,87.02593119,87.02593119,87.02593119
t_407,88.37573069,88.37573069,88.37573069,88.37573069
t_408,88.80236133,88.80236133,88.80236133,88.80236133
t_409,88.2658655,88.2658655,88.2658655,88.2658655
t_410,86.79189793,86.79189793,86.79189793,86.79189793
t_411,84.47030666,84.47030666,84.47030666,84.47030666
t_412,81.44931859,81.44931859,81.44931859,81.44931859
t_413,77.92570484,77.92570484,77.92570484,77.92570484
t_414,74.1315774,74.1315774,74.1315774,74.1315774
t_415,70.31870302,70.31870302,70.31870302,70.31870302
t_416,66.74139371,66.74139371,66.74139371,66.74139371
t_417,63.63913675,63.63913675,63.63913675,63.63913675
t_418,61.22015022,61.22015022,61.22015022,61.22015022
t_419,59.64699332,59.64699332,59.64699332,59.64699332
t_420,59.0252255,59.0252255,59.0252255,59.0252255
t_421,59.39590542,59.39590542,59.39590542,59.39590542
t_422,60.73246182,60.73246182,60.73246182,60.73246182
t_423,62.94217238,62.94217238,62.94217238,62.94217238
t_424,65.87217243,65.87217243,65.87217243,65.87217243
t_425,69.31960553,69.31960553,69.31960553,69.31960553
t_426,73.04524234,73.04524234,73.04524234,73.04524234
t_427,76.78965409,76.78965409,76.78965409,76.78965409
t_428,80.29084719,80.29084719,80.29084719,80.29084719
t_429,83.30216052,83.30216052,83.30216052,83.30216052
t_430,85.60920285,85.60920285,85.60920285,85.60920285
t_431,87.04466741,87.04466741,87.04466741,87.04466741
t_432,87.5,87.5,87.5,87.5
t_433,94.65905544,94.65905544,94.65905544,94.65905544
t_434,93.65938993,93.65938993,93.65938993,93.65938993
t_435,92.06893451,92.06893451,92.06893451,92.06893451
t_436,89.9957695,89.9957695,89.9957695,89.9957695
t_437,87.58078347,87.58078347,87.58078347,87.58078347
t_438,84.98810277,84.98810277,84.98810277,84.98810277
t_439,82.39394065,82.39394065,82.39394065,82.39394065
t_440,79.97462237,79.97462237,79.97462237,79.97462237
t_441,77.89459888,77.89459888,77.89459888,77.89459888
t_442,76.29526253,76.29526253,76.29526253,76.29526253
t_443,75.28532445,75.28532445,75.28532445,75.28532445
t_444,74.93340722,74.93340722,74.93340722,74.93340722
t_445,75.2633571,75.2633571,75.2633571,75.2633571
t_446,76.25259533,76.25259533,76.25259533,76.25259533
t_447,77.8336224,77.8336224,77.8336224,77.8336224
t_448,79.89857537,79.89857537,79.89857537,79.89857537
t_449,82.30653095,82.30653095,82.30653095,82.30653095
t_450,84.89306077,84.89306077,84.89306077,84.89306077
t_451,87.48139191,87.48139191,87.48139191,87.48139191
t_452,89.89441639,89.89441639,89.89441639,89.89441639
t_453,91.96673497,91.96673497,91.96673497,91.96673497
t_454,93.55591751,93.55591751,93.55591751,93.55591751
t_455,94.55221445,94.55221445,94.55221445,94.55221445
t_456,94.88605815,94.88605815,94.88605815,94.88605815
t_457,94.53284225,94.53284225,94.53284225,94.53284225
t_458,93.51465114,93.51465114,93.51465114,93.51465114
t_459,91.89881811,91.89881811,91.89881811,91.89881811
t_460,89.79340622,89.79340622,89.79340622,89.79340622
t_461,87.33991434,87.33991434,87.33991434,87.33991434
t_462,84.70370009,84.70370009,84.70370009,84.70370009
t_463,82.06276669,82.06276669,82.06276669,82.06276669
t_464,79.59567306,79.59567306,79.59567306,79.59567306
t_465,77.46938698,77.46938698,77.46938698,77.46938698
t_466,75.82790645,75.82790645,75.82790645,75.82790645
t_467,74.78242361,74.78242361,74.78242361,74.78242361
t_468,74.40370196,74.40370196,74.40370196,74.40370196
t_469,74.71718904,74.71718904,74.71718904,74.71718904
t_470,75.70120126,75.70120126,75.70120126,75.70120126
t_471,77.28831027,77.28831027,77.28831027,77.28831027
t_472,79.36984268,79.36984268,79.36984268,79.36984268
t_473,81.80319348,81.80319348,81.80319348,81.80319348
t_474,84.42146188,84.42146188,84.42146188,84.42146188
t_475,87.04475962,87.04475962,87.04475962,87.04475962
t_476,89.49242644,89.49242644,89.49242644,89.49242644
t_477,91.59532476,91.59532476,91.59532476,91.59532476
t_478,93.20737786,93.20737786,93.20737786,93.20737786
t_479,94.2155656,94.2155656,94.2155656,94.2155656
t_480,94.54769466,94.54769466,94.54769466,94.54769466
t_481,94.17740982,94.17740982,94.17740982,94.17740982
t_482,93.12609896,93.12609896,93.12609896,93.12609896
t_483,91.46155466,91.46155466,91.46155466,91.46155466
t_484,89.29347524,89.29347524,89.29347524,89.29347524
t_485,86.76610321,86.76610321,86.76610321,86.76610321
t_486,84.04849416,84.04849416,84.04849416,84.04849416
t_487,81.32307162,81.32307162,81.32307162,81.32307162
t_488,78.7732416,78.7732416,78.7732416,78.7732416
t_489,76.57090654,76.57090654,76.57090654,76.57090654
t_490,74.86472747,74.86472747,74.86472747,74.86472747
t_491,73.76993497,73.76993497,73.76993497,73.76993497
t_492,73.36038627,73.36038627,73.36038627,73.36038627
t_493,73.66341529,73.66341529,73.66341529,73.66341529
t_494,74.65783415,74.65783415,74.65783415,74.65783415
t_495,76.27523154,76.27523154,76.27523154,76.27523154
t_496,78.4044896,78.4044896,78.4044896,78.4044896
t_497,80.89922189,80.89922189,80.89922189,80.89922189
t_498,83.58763541,83.58763541,83.58763541,83.58763541
t_499,86.28415346,86.28415346,86.28415346,86.28415346
t_500,88.80201391,88.80201391,88.80201391,88.80201391
t_501,90.96598899,90.96598899,90.96598899,90.96598899
t_502,92.62436116,92.62436116,92.62436116,92.62436116
t_503,93.65933778,93.65933778,93.65933778,93.65933778
t_504,93.99519053,93.99519053,93.99519053,93.99519053
t_505,93.60355776,93.60355776,93.60355776,93.60355776
t_506,92.50553936,92.50553936,92.50553936,92.50553936
t_507,90.7704302,90.7704302,90.7704302,90.7704302
t_508,88.51116672,88.51116672,88.51116672,88.51116672
t_509,85.87678504,85.87678504,85.87678504,85.87678504
t_510,83.04239307,83.04239307,83.04239307,83.04239307
t_511,80.19733069,80.19733069,80.19733069,80.19733069
t_512,77.53231717,77.53231717,77.53231717,77.53231717
t_513,75.22645744,75.22645744,75.22645744,75.22645744
t_514,73.43499127,73.43499127,73.43499127,73.43499127
t_515,72.27862249,72.27862249,72.27862249,72.27862249
t_516,71.83516078,71.83516078,71.83516078,71.83516078
t_517,72.13405426,72.13405426,72.13405426,72.13405426
t_518,73.15419619,73.15419619,73.15419619,73.15419619
t_519,74.82516808,74.82516808,74.82516808,74.82516808
t_520,77.03184789,77.03184789,77.03184789,77.03184789
t_521,79.62208292,79.62208292,79.62208292,79.62208292
t_522,82.41691675,82.41691675,82.41691675,82.41691675
t_523,85.22268405,85.22268405,85.22268405,85.22268405
t_524,87.84415665,87.84415665,87.84415665,87.84415665
t_525,90.09784972,90.09784972,90.09784972,90.09784972
t_526,91.82458209,91.82458209,91.82458209,91.82458209
t_527,92.90043171,92.90043171,92.90043171,92.90043171
t_528,93.24533332,93.24533332,93.24533332,93.24533332
t_529,92.8287223,92.8287223,92.8287223,92.8287223
t_530,91.67182773,91.67182773,91.67182773,91.67182773
t_531,89.84644418,89.84644418,89.84644418,89.84644418
t_532,87.47025071,87.47025071,87.47025071,87.47025071
t_533,84.69898131,84.69898131,84.69898131,84.69898131
t_534,81.71596671,81.71596671,81.71596671,81.71596671
t_535,78.71974898,78.71974898,78.71974898,78.71974898
t_536,75.91060462,75.91060462,75.91060462,75.91060462
t_537,73.47689009,73.47689009,73.47689009,73.47689009
t_538,71.58213969,71.58213969,71.58213969,71.58213969
t_539,70.35379894,70.35379894,70.35379894,70.35379894
t_540,69.87436867,69.87436867,69.87436867,69.87436867
t_541,70.17557478,70.17557478,70.17557478,70.17557478
t_542,71.23597465,71.23597465,71.23597465,71.23597465
t_543,72.98217933,72.98217933,72.98217933,72.98217933
t_544,75.29362457,75.29362457,75.29362457,75.29362457
t_545,78.01058177,78.01058177,78.01058177,78.01058177
t_546,80.9448776,80.9448776,80.9448776,80.9448776
t_547,83.89260362,83.89260362,83.89260362,83.89260362
t_548,86.64795866,86.64795866,86.64795866,86.64795866
t_549,89.01728492,89.01728492,89.01728492,89.01728492
t_550,90.83234152,90.83234152,90.83234152,90.83234152
t_551,91.96190635,91.96190635,91.96190635,91.96190635
t_552,92.32090707,92.32090707,92.32090707,92.32090707
t_553,91.8764464,91.8764464,91.8764464,91.8764464
t_554,90.65029596,90.65029596,90.65029596,90.65029596
t_555,88.71767146,88.71767146,88.71767146,88.71767146
t_556,86.20235491,86.20235491,86.20235491,86.20235491
t_557,83.26847899,83.26847899,83.26847899,83.26847899
t_558,80.10951786,80.10951786,80.10951786,80.10951786
t_559,76.93522206,76.93522206,76.93522206,76.93522206
t_560,73.95737888,73.95737888,73.95737888,73.95737888
t_561,71.3753642,71.3753642,71.3753642,71.3753642
t_562,69.36247067,69.36247067,69.36247067,69.36247067
t_563,68.05394911,68.05394911,68.05394911,68.05394911
t_564,67.53758764,67.53758764,67.53758764,67.53758764
t_565,67.84748428,67.84748428,67.84748428,67.84748428
t_566,68.96145373,68.96145373,68.96145373,68.96145373
t_567,70.80226359,70.80226359,70.80226359,70.80226359
t_568,73.24263467,73.24263467,73.24263467,73.24263467
t_569,76.1136831,76.1136831,76.1136831,76.1136831
t_570,79.2162451,79.2162451,79.2162451,79.2162451
t_571,82.33432597,82.33432597,82.33432597,82.33432597
t_572,85.2497658,85.2497658,85.2497658,85.2497658
t_573,87.757127,87.757127,87.757127,87.757127
t_574,89.67778819,89.67778819,89.67778819,89.67778819
t_575,90.87227833,90.87227833,90.87227833,90.87227833
t_576,91.25,91.25,91.25,91.25
t_577,90.7756645,90.7756645,90.7756645,90.7756645
t_578,89.4719828,89.4719828,89.4719828,89.4719828
t_579,87.41840923,87.41840923,87.41840923,87.41840923
t_580,84.7460037,84.7460037,84.7460037,84.7460037
t_581,81.62874317,81.62874317,81.62874317,81.62874317
t_582,78.27185767,78.27185767,78.27185767,78.27185767
t_583,74.89797187,74.89797187,74.89797187,74.89797187
t_584,71.7319877,71.7319877,71.7319877,71.7319877
t_585,68.98573357,68.98573357,68.98573357,68.98573357
t_586,66.84342774,66.84342774,66.84342774,66.84342774
t_587,65.44895277,65.44895277,65.44895277,65.44895277
t_588,64.89581958,64.89581958,64.89581958,64.89581958
t_589,65.2205206,65.2205206,65.2205206,65.2205206
t_590,66.3997436,66.3997436,66.3997436,66.3997436
t_591,68.35165648,68.35165648,68.35165648,68.35165648
t_592,70.94119649,70.94119649,70.94119649,70.94119649
t_593,73.98902321,73.98902321,73.98902321,73.98902321
t_594,77.2835429,77.2835429,77.2835429,77.2835429
t_595,80.59519859,80.59519859,80.59519859,80.59519859
t_596,83.69206147,83.69206147,83.69206147,83.69206147
t_597,86.35566522,86.35566522,86.35566522,86.35566522
t_598,88.39600261,88.39600261,88.39600261,88.39600261
t_599,89.66465544,89.66465544,89.66465544,89.66465544
t_600,90.06515107,90.06515107,90.06515107,90.06515107
t_601,89.5598233,89.5598233,89.5598233,89.5598233
t_602,88.17269068,88.17269068,88.17269068,88.17269068
t_603,85.98813491,85.98813491,85.98813491,85.98813491
t_604,83.14544756,83.14544756,83.14544756,83.14544756
t_605,79.8295964,79.8295964,79.8295964,79.8295964
t_606,76.25882249,76.25882249,76.25882249,76.25882249
t_607,72.66989924,72.66989924,72.66989924,72.66989924
t_608,69.30204849,69.30204849,69.30204849,69.30204849
t_609,66.38060592,66.38060592,66.38060592,66.38060592
t_610,64.10155074,64.10155074,64.10155074,64.10155074
t_611,62.61796143,62.61796143,62.61796143,62.61796143
t_612,62.02933329,62.02933329,62.02933329,62.02933329
t_613,62.37450271,62.37450271,62.37450271,62.37450271
t_614,63.62868051,63.62868051,63.62868051,63.62868051
t_615,65.70481847,65.70481847,65.70481847,65.70481847
t_616,68.45923806,68.45923806,68.45923806,68.45923806
t_617,71.70115882,71.70115882,71.70115882,71.70115882
t_618,75.20549517,75.20549517,75.20549517,75.20549517
t_619,78.72806399,78.72806399,78.72806399,78.72806399
t_620,82.02217572,82.02217572,82.02217572,82.02217572
t_621,84.85548229,84.85548229,84.85548229,84.85548229
t_622,87.02593119,87.02593119,87.02593119,87.02593119
t_623,88.37573069,88.37573069,88.37573069,88.37573069
t_624,88.80236133,88.80236133,88.80236133,88.80236133
t_625,88.2658655,88.2658655,88.2658655,88.2658655
t_626,86.79189793,86.79189793,86.79189793,86.79189793
t_627,84.47030666,84.47030666,84.47030666,84.47030666
t_628,81.44931859,81.44931859,81.44931859,81.44931859
t_629,77.92570484,77.92570484,77.92570484,77.92570484
t_630,74.1315774,74.1315774,74.1315774,74.1315774
t_631,70.31870302,70.31870302,70.31870302,70.31870302
t_632,66.74139371,66.74139371,66.74139371,66.74139371
t_633,63.63913675,63.63913675,63.63913675,63.63913675
t_634,61.22015022,61.22015022,61.22015022,61.22015022
t_635,59.64699332,59.64699332,59.64699332,59.64699332
t_636,59.0252255,59.0252255,59.0252255,59.0252255
t_637,59.39590542,59.39590542,59.39590542,59.39590542
t_638,60.73246182,60.73246182,60.73246182,60.73246182
t_639,62.94217238,62.94217238,62.94217238,62.94217238
t_640,65.87217243,65.87217243,65.87217243,65.87217243
t_641,69.31960553,69.31960553,69.31960553,69.31960553
t_642,73.04524234,73.04524234,73.04524234,73.04524234
t_643,76.78965409,76.78965409,76.78965409,76.78965409
t_644,80.29084719,80.29084719,80.29084719,80.29084719
t_645,83.30216052,83.30216052,83.30216052,83.30216052
t_646,85.60920285,85.60920285,85.60920285,85.60920285
t_647,87.04466741,87.04466741,87.04466741,87.04466741
t_648,87.5,87.5,87.5,87.5
t_649,94.65905544,94.65905544,94.65905544,94.65905544
t_650,93.65938993,93.65938993,93.65938993,93.65938993
t_651,92.06893451,92.06893451,92.06893451,92.06893451
t_652,89.9957695,89.9957695,89.9957695,89.9957695
t_653,87.58078347,87.58078347,87.58078347,87.58078347
t_654,84.98810277,84.98810277,84.98810277,84.98810277
t_655,82.39394065,82.39394065,82.39394065,82.39394065
t_656,79.97462237,79.97462237,79.97462237,79.97462237
t_657,77.89459888,77.89459888,77.89459888,77.89459888
t_658,76.29526253,76.29526253,76.29526253,76.29526253
t_659,75.28532445,75.28532445,75.28532445,75.28532445
t_660,74.93340722,74.93340722,74.93340722,74.93340722
t_661,75.2633571,75.2633571,75.2633571,75.2633571
t_662,76.25259533,76.25259533,76.25259533,76.25259533
t_663,77.8336224,77.8336224,77.8336224,77.8336224
t_664,79.89857537,79.89857537,79.89857537,79.89857537
t_665,82.30653095,82.30653095,82.30653095,82.30653095
t_666,84.89306077,84.89306077,84.89306077,84.89306077
t_667,87.48139191,87.48139191,87.48139191,87.48139191
t_668,89.89441639,89.89441639,89.89441639,89.89441639
t_669,91.96673497,91.96673497,91.96673497,91.96673497
t_670,93.55591751,93.55591751,93.55591751,93.55591751
t_671,94.55221445,94.55221445,94.55221445,94.55221445
t_672,94.88605815,94.88605815,94.88605815,94.88605815
t_673,94.53284225,94.53284225,94.53284225,94.53284225
t_674,93.51465114,93.51465114,93.51465114,93.51465114
t_675,91.89881811,91.89881811,91.89881811,91.89881811
t_676,89.79340622,89.79340622,89.79340622,89.79340622
t_677,87.33991434,87.33991434,87.33991434,87.33991434
t_678,84.70370009,84.70370009,84.70370009,84.70370009
t_679,82.06276669,82.06276669,82.06276669,82.06276669
t_680,79.59567306,79.59567306,79.59567306,79.59567306
t_681,77.46938698,77.46938698,77.46938698,77.46938698
t_682,75.82790645,75.82790645,75.82790645,75.82790645
t_683,74.78242361,74.78242361,74.78242361,74.78242361
t_684,74.40370196,74.40370196,74.40370196,74.40370196
t_685,74.71718904,74.71718904,74.71718904,74.71718904
t_686,75.70120126,75.70120126,75.70120126,75.70120126
t_687,77.28831027,77.28831027,77.28831027,77.28831027
t_688,79.36984268,79.36984268,79.36984268,79.36984268
t_689,81.80319348,81.80319348,81.80319348,81.80319348
t_690,84.42146188,84.42146188,84.42146188,84.42146188
t_691,87.04475962,87.04475962,87.04475962,87.04475962
t_692,89.49242644,89.49242644,89.49242644,89.49242644
t_693,91.59532476,91.59532476,91.59532476,91.59532476
t_694,93.20737786,93.20737786,93.20737786,93.20737786
t_695,94.2155656,94.2155656,94.2155656,94.2155656
t_696,94.54769466,94.54769466,94.54769466,94.54769466
t_697,94.17740982,94.17740982,94.17740982,94.17740982
t_698,93.12609896,93.12609896,93.12609896,93.12609896
t_699,91.46155466,91.46155466,91.46155466,91.46155466
t_700,89.29347524,89.29347524,89.29347524,89.29347524
t_701,86.76610321,86.76610321,86.76610321,86.76610321
t_702,84.04849416,84.04849416,84.04849416,84.04849416
t_703,81.32307162,81.32307162,81.32307162,81.32307162
t_704,78.7732416,78.7732416,78.7732416,78.7732416
t_705,76.57090654,76.57090654,76.57090654,76.57090654
t_706,74.86472747,74.86472747,74.86472747,74.86472747
t_707,73.76993497,73.76993497,73.76993497,73.76993497
t_708,73.36038627,73.36038627,73.36038627,73.36038627
t_709,73.66341529,73.66341529,73.66341529,73.66341529
t_710,74.65783415,74.65783415,74.65783415,74.65783415
t_711,76.27523154,76.27523154,76.27523154,76.27523154
t_712,78.4044896,78.4044896,78.4044896,78.4044896
t_713,80.89922189,80.89922189,80.89922189,80.89922189
t_714,83.58763541,83.58763541,83.58763541,83.58763541
t_715,86.28415346,86.28415346,86.28415346,86.28415346
t_716,88.80201391,88.80201391,88.80201391,88.80201391
t_717,90.96598899,90.96598899,90.96598899,90.96598899
t_718,92.62436116,92.62436116,92.62436116,92.62436116
t_719,93.65933778,93.65933778,93.65933778,93.65933778
t_720,93.99519053,93.99519053,93.99519053,93.99519053
t_721,93.60355776,93.60355776,93.60355776,93.60355776
t_722,92.50553936,92.50553936,92.50553936,92.50553936
t_723,90.7704302,90.7704302,90.7704302,90.7704302
t_724,88.51116672,88.51116672,88.51116672,88.51116672
t_725,85.87678504,85.87678504,85.87678504,85.87678504
t_726,83.04239307,83.04239307,83.04239307,83.04239307
t_727,80.19733069,80.19733069,80.19733069,80.19733069
t_728,77.53231717,77.53231717,77.53231717,77.53231717
t_729,75.22645744,75.22645744,75.22645744,75.22645744
t_730,73.43499127,73.43499127,73.43499127,73.43499127
t_731,72.27862249,72.27862249,72.27862249,72.27862249
t_732,71.83516078,71.83516078,71.83516078,71.83516078
t_733,72.13405426,72.13405426,72.13405426,72.13405426
t_734,73.15419619,73.15419619,73.15419619,73.15419619
t_735,74.82516808,74.82516808,74.82516808,74.82516808
t_736,77.03184789,77.03184789,77.03184789,77.03184789
t_737,79.62208292,79.62208292,79.62208292,79.62208292
t_738,82.41691675,82.41691675,82.41691675,82.41691675
t_739,85.22268405,85.22268405,85.22268405,85.22268405
t_740,87.84415665,87.84415665,87.84415665,87.84415665
t_741,90.09784972,90.09784972,90.09784972,90.09784972
t_742,91.82458209,91.82458209,91.82458209,91.82458209
t_743,92.90043171,92.90043171,92.90043171,92.90043171
t_744,93.24533332,93.24533332,93.24533332,93.24533332
t_745,92.8287223,92.8287223,92.8287223,92.8287223
t_746,91.67182773,91.67182773,91.67182773,91.67182773
t_747,89.84644418,89.84644418,89.84644418,89.84644418
t_748,87.47025071,87.47025071,87.47025071,87.47025071
t_749,84.69898131,84.69898131,84.69898131,84.69898131
t_750,81.71596671,81.71596671,81.71596671,81.71596671
t_751,78.71974898,78.71974898,78.71974898,78.71974898
t_752,75.91060462,75.91060462,75.91060462,75.91060462
t_753,73.47689009,73.47689009,73.47689009,73.47689009
t_754,71.58213969,71.58213969,71.58213969,71.58213969
t_755,70.35379894,70.35379894,70.35379894,70.35379894
t_756,69.87436867,69.87436867,69.87436867,69.87436867
t_757,70.17557478,70.17557478,70.17557478,70.17557478
t_758,71.23597465,71.23597465,71.23597465,71.23597465
t_759,72.98217933,72.98217933,72.98217933,72.98217933
t_760,75.29362457,75.29362457,75.29362457,75.29362457
t_761,78.01058177,78.01058177,78.01058177,78.01058177
t_762,80.9448776,80.9448776,80.9448776,80.9448776
t_763,83.89260362,83.89260362,83.89260362,83.89260362
t_764,86.64795866,86.64795866,86.64795866,86.64795866
t_765,89.01728492,89.01728492,89.01728492,89.01728492
t_766,90.83234152,90.83234152,90.83234152,90.83234152
t_767,91.96190635,91.96190635,91.96190635,91.96190635
t_768,92.32090707,92.32090707,92.32090707,92.32090707
t_769,91.8764464,91.8764464,91.8764464,91.8764464
t_770,90.65029596,90.65029596,90.65029596,90.65029596
t_771,88.71767146,88.71767146,88.71767146,88.71767146
t_772,86.20235491,86.20235491,86.20235491,86.20235491
t_773,83.26847899,83.26847899,83.26847899,83.26847899
t_774,80.10951786,80.10951786,80.10951786,80.10951786
t_775,76.93522206,76.93522206,76.93522206,76.93522206
t_776,73.95737888,73.95737888,73.95737888,73.95737888
t_777,71.3753642,71.3753642,71.3753642,71.3753642
t_778,69.36247067,69.36247067,69.36247067,69.36247067
t_779,68.05394911,68.05394911,68.05394911,68.05394911
t_780,67.53758764,67.53758764,67.53758764,67.53758764
t_781,67.84748428,67.84748428,67.84748428,67.84748428
t_782,68.96145373,68.96145373,68.96145373,68.96145373
t_783,70.80226359,70.80226359,70.80226359,70.80226359
t_784,73.24263467,73.24263467,73.24263467,73.24263467
t_785,76.1136831,76.1136831,76.1136831,76.1136831
t_786,79.2162451,79.2162451,79.2162451,79.2162451
t_787,82.33432597,82.33432597,82.33432597,82.33432597
t_788,85.2497658,85.2497658,85.2497658,85.2497658
t_789,87.757127,87.757127,87.757127,87.757127
t_790,89.67778819,89.67778819,89.67778819,89.67778819
t_791,90.87227833,90.87227833,90.87227833,90.87227833
t_792,91.25,91.25,91.25,91.25
t_793,90.7756645,90.7756645,90.7756645,90.7756645
t_794,89.4719828,89.4719828,89.4719828,89.4719828
t_795,87.41840923,87.41840923,87.41840923,87.41840923
t_796,84.7460037,84.7460037,84.7460037,84.7460037
t_797,81.62874317,81.62874317,81.62874317,81.62874317
t_798,78.27185767,78.27185767,78.27185767,78.27185767
t_799,74.89797187,74.89797187,74.89797187,74.89797187
t_800,71.7319877,71.7319877,71.7319877,71.7319877
t_801,68.98573357,68.98573357,68.98573357,68.98573357
t_802,66.84342774,66.84342774,66.84342774,66.84342774
t_803,65.44895277,65.44895277,65.44895277,65.44895277
t_804,64.89581958,64.89581958,64.89581958,64.89581958
t_805,65.2205206,65.2205206,65.2205206,65.2205206
t_806,66.3997436,66.3997436,66.3997436,66.3997436
t_807,68.35165648,68.35165648,68.35165648,68.35165648
t_808,70.94119649,70.94119649,70.94119649,70.94119649
t_809,73.98902321,73.98902321,73.98902321,73.98902321
t_810,77.2835429,77.2835429,77.2835429,77.2835429
t_811,80.59519859,80.59519859,80.59519859,80.59519859
t_812,83.69206147,83.69206147,83.69206147,83.69206147
t_813,86.35566522,86.35566522,86.35566522,86.35566522
t_814,88.39600261,88.39600261,88.39600261,88.39600261
t_815,89.66465544,89.66465544,89.66465544,89.66465544
t_816,90.06515107,90.06515107,90.06515107,90.06515107
t_817,89.5598233,89.5598233,89.5598233,89.5598233
t_818,88.17269068,88.17269068,88.17269068,88.17269068
t_819,85.98813491,85.98813491,85.98813491,85.98813491
t_820,83.14544756,83.14544756,83.14544756,83.14544756
t_821,79.8295964,79.8295964,79.8295964,79.8295964
t_822,76.25882249,76.25882249,76.25882249,76.25882249
t_823,72.66989924,72.66989924,72.66989924,72.66989924
t_824,69.30204849,69.30204849,69.30204849,69.30204849
t_825,66.38060592,66.38060592,66.38060592,66.38060592
t_826,64.10155074,64.10155074,64.10155074,64.10155074
t_827,62.61796143,62.61796143,62.61796143,62.61796143
t_828,62.02933329,62.02933329,62.02933329,62.02933329
t_829,62.37450271,62.37450271,62.37450271,62.37450271
t_830,63.62868051,63.62868051,63.62868051,63.62868051
t_831,65.70481847,65.70481847,65.70481847,65.70481847
t_832,68.45923806,68.45923806,68.45923806,68.45923806
t_833,71.70115882,71.70115882,71.70115882,71.70115882
t_834,75.20549517,75.20549517,75.20549517,75.20549517
t_835,78.72806399,78.72806399,78.72806399,78.72806399
t_836,82.02217572,82.02217572,82.02217572,82.02217572
t_837,84.85548229,84.85548229,84.85548229,84.85548229
t_838,87.02593119,87.02593119,87.02593119,87.02593119
t_839,88.37573069,88.37573069,88.37573069,88.37573069
t_840,88.80236133,88.80236133,88.80236133,88.80236133
t_841,88.2658655,88.2658655,88.2658655,88.2658655
t_842,86.79189793,86.79189793,86.79189793,86.79189793
t_843,84.47030666,84.47030666,84.47030666,84.47030666
t_844,81.44931859,81.44931859,81.44931859,81.44931859
t_845,77.92570484,77.92570484,77.92570484,77.92570484
t_846,74.1315774,74.1315774,74.1315774,74.1315774
t_847,70.31870302,70.31870302,70.31870302,70.31870302
t_848,66.74139371,66.74139371,66.74139371,66.74139371
t_849,63.63913675,63.63913675,63.63913675,63.63913675
t_850,61.22015022,61.22015022,61.22015022,61.22015022
t_851,59.64699332,59.64699332,59.64699332,59.64699332
t_852,59.0252255,59.0252255,59.0252255,59.0252255
t_853,59.39590542,59.39590542,59.39590542,59.39590542
t_854,60.73246182,60.73246182,60.73246182,60.73246182
t_855,62.94217238,62.94217238,62.94217238,62.94217238
t_856,65.87217243,65.87217243,65.87217243,65.87217243
t_857,69.31960553,69.31960553,69.31960553,69.31960553
t_858,73.04524234,73.04524234,73.04524234,73.04524234
t_859,76.78965409,76.78965409,76.78965409,76.78965409
t_860,80.29084719,80.29084719,80.29084719,80.29084719
t_861,83.30216052,83.30216052,83.30216052,83.30216052
t_862,85.60920285,85.60920285,85.60920285,85.60920285
t_863,87.04466741,87.04466741,87.04466741,87.04466741
t_864,87.5,87.5,87.5,87.5
t_865,94.65905544,94.65905544,94.65905544,94.65905544
t_866,93.65938993,93.65938993,93.65938993,93.65938993
t_867,92.06893451,92.06893451,92.06893451,92.06893451
t_868,89.9957695,89.9957695,89.9957695,89.9957695
t_869,87.58078347,87.58078347,87.58078347,87.58078347
t_870,84.98810277,84.98810277,84.98810277,84.98810277
t_871,82.39394065,82.39394065,82.39394065,82.39394065
t_872,79.97462237,79.97462237,79.97462237,79.97462237
t_873,77.89459888,77.89459888,77.89459888,77.89459888
t_874,76.29526253,76.29526253,76.29526253,76.29526253
t_875,75.28532445,75.28532445,75.28532445,75.28532445
t_876,74.93340722,74.93340722,74.93340722,74.93340722
t_877,75.2633571,75.2633571,75.2633571,75.2633571
t_878,76.25259533,76.25259533,76.25259533,76.25259533
t_879,77.8336224,77.8336224,77.8336224,77.8336224
t_880,79.89857537,79.89857537,79.89857537,79.89857537
t_881,82.30653095,82.30653095,82.30653095,82.30653095
t_882,84.89306077,84.89306077,84.89306077,84.89306077
t_883,87.48139191,87.48139191,87.48139191,87.48139191
t_884,89.89441639,89.89441639,89.89441639,89.89441639
t_885,91.96673497,91.96673497,91.96673497,91.96673497
t_886,93.55591751,93.55591751,93.55591751,93.55591751
t_887,94.55221445,94.55221445,94.55221445,94.55221445
t_888,94.88605815,94.88605815,94.88605815,94.88605815
t_889,94.53284225,94.53284225,94.53284225,94.53284225
t_890,93.51465114,93.51465114,93.51465114,93.51465114
t_891,91.89881811,91.89881811,91.89881811,91.89881811
t_892,89.79340622,89.79340622,89.79340622,89.79340622
t_893,87.33991434,87.33991434,87.33991434,87.33991434
t_894,84.70370009,84.70370009,84.70370009,84.70370009
t_895,82.06276669,82.06276669,82.06276669,82.06276669
t_896,79.59567306,79.59567306,79.59567306,79.59567306
t_897,77.46938698,77.46938698,77.46938698,77.46938698
t_898,75.82790645,75.82790645,75.82790645,75.82790645
t_899,74.78242361,74.78242361,74.78242361,74.78242361
t_900,74.40370196,74.40370196,74.40370196,74.40370196
t_901,74.71718904,74.71718904,74.71718904,74.71718904
t_902,75.70120126,75.70120126,75.70120126,75.70120126
t_903,77.28831027,77.28831027,77.28831027,77.28831027
t_904,79.36984268,79.36984268,79.36984268,79.36984268
t_905,81.80319348,81.80319348,81.80319348,81.80319348
t_906,84.42146188,84.42146188,84.42146188,84.42146188
t_907,87.04475962,87.04475962,87.04475962,87.04475962
t_908,89.49242644,89.49242644,89.49242644,89.49242644
t_909,91.59532476,91.59532476,91.59532476,91.59532476
t_910,93.20737786,93.20737786,93.20737786,93.20737786
t_911,94.2155656,94.2155656,94.2155656,94.2155656
t_912,94.54769466,94.54769466,94.54769466,94.54769466
t_913,94.17740982,94.17740982,94.17740982,94.17740982
t_914,93.12609896,93.12609896,93.12609896,93.12609896
t_915,91.46155466,91.46155466,91.46155466,91.46155466
t_916,89.29347524,89.29347524,89.29347524,89.29347524
t_917,86.76610321,86.76610321,86.76610321,86.76610321
t_918,84.04849416,84.04849416,84.04849416,84.04849416
t_919,81.32307162,81.32307162,81.32307162,81.32307162
t_920,78.7732416,78.7732416,78.7732416,78.7732416
t_921,76.57090654,76.57090654,76.57090654,76.57090654
t_922,74.86472747,74.86472747,74.86472747,74.86472747
t_923,73.76993497,73.76993497,73.76993497,73.76993497
t_924,73.36038627,73.36038627,73.36038627,73.36038627
t_925,73.66341529,73.66341529,73.66341529,73.66341529
t_926,74.65783415,74.65783415,74.65783415,74.65783415
t_927,76.27523154,76.27523154,76.27523154,76.27523154
t_928,78.4044896,78.4044896,78.4044896,78.4044896
t_929,80.89922189,80.89922189,80.89922189,80.89922189
t_930,83.58763541,83.58763541,83.58763541,83.58763541
t_931,86.28415346,86.28415346,86.28415346,86.28415346
t_932,88.80201391,88.80201391,88.80201391,88.80201391
t_933,90.96598899,90.96598899,90.96598899,90.96598899
t_934,92.62436116,92.62436116,92.62436116,92.62436116
t_935,93.65933778,93.65933778,93.65933778,93.65933778
t_936,93.99519053,93.99519053,93.99519053,93.99519053
t_937,93.60355776,93.60355776,93.60355776,93.60355776
t_938,92.50553936,92.50553936,92.50553936,92.50553936
t_939,90.7704302,90.7704302,90.7704302,90.7704302
t_940,88.51116672,88.51116672,88.51116672,88.51116672
t_941,85.87678504,85.87678504,85.87678504,85.87678504
t_942,83.04239307,83.04239307,83.04239307,83.04239307
t_943,80.19733069,80.19733069,80.19733069,80.19733069
t_944,77.53231717,77.53231717,77.53231717,77.53231717
t_945,75.22645744,75.22645744,75.22645744,75.22645744
t_946,73.43499127,73.43499127,73.43499127,73.43499127
t_947,72.27862249,72.27862249,72.27862249,72.27862249
t_948,71.83516078,71.83516078,71.83516078,71.83516078
t_949,72.13405426,72.13405426,72.13405426,72.13405426
t_950,73.15419619,73.15419619,73.15419619,73.15419619
t_951,74.82516808,74.82516808,74.82516808,74.82516808
t_952,77.03184789,77.03184789,77.03184789,77.03184789
t_953,79.62208292,79.62208292,79.62208292,79.62208292
t_954,82.41691675,82.41691675,82.41691675,82.41691675
t_955,85.22268405,85.22268405,85.22268405,85.22268405
t_956,87.84415665,87.84415665,87.84415665,87.84415665
t_957,90.09784972,90.09784972,90.09784972,90.09784972
t_958,91.82458209,91.82458209,91.82458209,91.82458209
t_959,92.90043171,92.90043171,92.90043171,92.90043171
t_960,93.24533332,93.24533332,93.24533332,93.24533332
t_961,92.8287223,92.8287223,92.8287223,92.8287223
t_962,91.67182773,91.67182773,91.67182773,91.67182773
t_963,89.84644418,89.84644418,89.84644418,89.84644418
t_964,87.47025071,87.47025071,87.47025071,87.47025071
t_965,84.69898131,84.69898131,84.69898131,84.69898131
t_966,81.71596671,81.71596671,81.71596671,81.71596671
t_967,78.71974898,78.71974898,78.71974898,78.71974898
t_968,75.91060462,75.91060462,75.91060462,75.91060462
t_969,73.47689009,73.47689009,73.47689009,73.47689009
t_970,71.58213969,71.58213969,71.58213969,71.58213969
t_971,70.35379894,70.35379894,70.35379894,70.35379894
t_972,69.87436867,69.87436867,69.87436867,69.87436867
t_973,70.17557478,70.17557478,70.17557478,70.17557478
t_974,71.23597465,71.23597465,71.23597465,71.23597465
t_975,72.98217933,72.98217933,72.98217933,72.98217933
t_976,75.29362457,75.29362457,75.29362457,75.29362457
t_977,78.01058177,78.01058177,78.01058177,78.01058177
t_978,80.9448776,80.9448776,80.9448776,80.9448776
t_979,83.89260362,83.89260362,83.89260362,83.89260362
t_980,86.64795866,86.64795866,86.64795866,86.64795866
t_981,89.01728492,89.01728492,89.01728492,89.01728492
t_982,90.83234152,90.83234152,90.83234152,90.83234152
t_983,91.96190635,91.96190635,91.96190635,91.96190635
t_984,92.32090707,92.32090707,92.32090707,92.32090707
t_985,91.8764464,91.8764464,91.8764464,91.8764464
t_986,90.65029596,90.65029596,90.65029596,90.65029596
t_987,88.71767146,88.71767146,88.71767146,88.71767146
t_988,86.20235491,86.20235491,86.20235491,86.20235491
t_989,83.26847899,83.26847899,83.26847899,83.26847899
t_990,80.10951786,80.10951786,80.10951786,80.10951786
t_991,76.93522206,76.93522206,76.93522206,76.93522206
t_992,73.95737888,73.95737888,73.95737888,73.95737888
t_993,71.3753642,71.3753642,71.3753642,71.3753642
t_994,69.36247067,69.36247067,69.36247067,69.36247067
t_995,68.05394911,68.05394911,68.05394911,68.05394911
t_996,67.53758764,67.53758764,67.53758764,67.53758764
t_997,67.84748428,67.84748428,67.84748428,67.84748428
t_998,68.96145373,68.96145373,68.96145373,68.96145373
t_999,70.80226359,70.80226359,70.80226359,70.80226359
t_1000,73.24263467,73.24263467,73.24263467,73.24263467
t_1001,76.1136831,76.1136831,76.1136831,76.1136831
t_1002,79.2162451,79.2162451,79.2162451,79.2162451
t_1003,82.33432597,82.33432597,82.33432597,82.33432597
t_1004,85.2497658,85.2497658,85.2497658,85.2497658
t_1005,87.757127,87.757127,87.757127,87.757127
t_1006,89.67778819,89.67778819,89.67778819,89.67778819
t_1007,90.87227833,90.87227833,90.87227833,90.87227833
t_1008,91.25,91.25,91.25,91.25
t_1009,90.7756645,90.7756645,90.7756645,90.7756645
t_1010,89.4719828,89.4719828,89.4719828,89.4719828
t_1011,87.41840923,87.41840923,87.41840923,87.41840923
t_1012,84.7460037,84.7460037,84.7460037,84.7460037
t_1013,81.62874317,81.62874317,81.62874317,81.62874317
t_1014,78.27185767,78.27185767,78.27185767,78.27185767
t_1015,74.89797187,74.89797187,74.89797187,74.89797187
t_1016,71.7319877,71.7319877,71.7319877,71.7319877
t_1017,68.98573357,68.98573357,68.98573357,68.98573357
t_1018,66.84342774,66.84342774,66.84342774,66.84342774
t_1019,65.44895277,65.44895277,65.44895277,65.44895277
t_1020,64.89581958,64.89581958,64.89581958,64.89581958
t_1021,65.2205206,65.2205206,65.2205206,65.2205206
t_1022,66.3997436,66.3997436,66.3997436,66.3997436
t_1023,68.35165648,68.35165648,68.35165648,68.35165648
t_1024,70.94119649,70.94119649,70.94119649,70.94119649
t_1025,73.98902321,73.98902321,73.98902321,73.98902321
t_1026,77.2835429,77.2835429,77.2835429,77.2835429
t_1027,80.59519859,80.59519859,80.59519859,80.59519859
t_1028,83.69206147,83.69206147,83.69206147,83.69206147
t_1029,86.35566522,86.35566522,86.35566522,86.35566522
t_1030,88.39600261,88.39600261,88.39600261,88.39600261
t_1031,89.66465544,89.66465544,89.66465544,89.66465544
t_1032,90.06515107,90.06515107,90.06515107,90.06515107
t_1033,89.5598233,89.5598233,89.5598233,89.5598233
t_1034,88.17269068,88.17269068,88.17269068,88.17269068
t_1035,85.98813491,85.98813491,85.98813491,85.98813491
t_1036,83.14544756,83.14544756,83.14544756,83.14544756
t_1037,79.8295964,79.8295964,79.8295964,79.8295964
t_1038,76.25882249,76.25882249,76.25882249,76.25882249
t_1039,72.66989924,72.66989924,72.66989924,72.66989924
t_1040,69.30204849,69.30204849,69.30204849,69.30204849
t_1041,66.38060592,66.38060592,66.38060592,66.38060592
t_1042,64.10155074,64.10155074,64.10155074,64.10155074
t_1043,62.61796143,62.61796143,62.61796143,62.61796143
t_1044,62.02933329,62.02933329,62.02933329,62.02933329
t_1045,62.37450271,62.37450271,62.37450271,62.37450271
t_1046,63.62868051,63.62868051,63.62868051,63.62868051
t_1047,65.70481847,65.70481847,65.70481847,65.70481847
t_1048,68.45923806,68.45923806,68.45923806,68.45923806
t_1049,71.70115882,71.70115882,71.70115882,71.70115882
t_1050,75.20549517,75.20549517,75.20549517,75.20549517
t_1051,78.72806399,78.72806399,78.72806399,78.72806399
t_1052,82.02217572,82.02217572,82.02217572,82.02217572
t_1053,84.85548229,84.85548229,84.85548229,84.85548229
t_1054,87.02593119,87.02593119,87.02593119,87.02593119
t_1055,88.37573069,88.37573069,88.37573069,88.37573069
t_1056,88.80236133,88.80236133,88.80236133,88.80236133
t_1057,88.2658655,88.2658655,88.2658655,88.2658655
t_1058,86.79189793,86.79189793,86.79189793,86.79189793
t_1059,84.47030666,84.47030666,84.47030666,84.47030666
t_1060,81.44931859,81.44931859,81.44931859,81.44931859
t_1061,77.92570484,77.92570484,77.92570484,77.92570484
t_1062,74.1315774,74.1315774,74.1315774,74.1315774
t_1063,70.31870302,70.31870302,70.31870302,70.31870302
t_1064,66.74139371,66.74139371,66.74139371,66.74139371
t_1065,63.63913675,63.63913675,63.63913675,63.63913675
t_1066,61.22015022,61.22015022,61.22015022,61.22015022
t_1067,59.64699332,59.64699332,59.64699332,59.64699332
t_1068,59.0252255,59.0252255,59.0252255,59.0252255
t_1069,59.39590542,59.39590542,59.39590542,59.39590542
t_1070,60.73246182,60.73246182,60.73246182,60.73246182
t_1071,62.94217238,62.94217238,62.94217238,62.94217238
t_1072,65.87217243,65.87217243,65.87217243,65.87217243
t_1073,69.31960553,69.31960553,69.31960553,69.31960553
t_1074,73.04524234,73.04524234,73.04524234,73.04524234
t_1075,76.78965409,76.78965409,76.78965409,76.78965409
t_1076,80.29084719,80.29084719,80.29084719,80.29084719
t_1077,83.30216052,83.30216052,83.30216052,83.30216052
t_1078,85.60920285,85.60920285,85.60920285,85.60920285
t_1079,87.04466741,87.04466741,87.04466741,87.04466741
t_1080,87.5,87.5,87.5,87.5
t_1081,94.65905544,94.65905544,94.65905544,94.65905544
t_1082,93.65938993,93.65938993,93.65938993,93.65938993
t_1083,92.06893451,92.06893451,92.06893451,92.06893451
t_1084,89.9957695,89.9957695,89.9957695,89.9957695
t_1085,87.58078347,87.58078347,87.58078347,87.58078347
t_1086,84.98810277,84.98810277,84.98810277,84.98810277
t_1087,82.39394065,82.39394065,82.39394065,82.39394065
t_1088,79.97462237,79.97462237,79.97462237,79.97462237
t_1089,77.89459888,77.89459888,77.89459888,77.89459888
t_1090,76.29526253,76.29526253,76.29526253,76.29526253
t_1091,75.28532445,75.28532445,75.28532445,75.28532445
t_1092,74.93340722,74.93340722,74.93340722,74.93340722
t_1093,75.2633571,75.2633571,75.2633571,75.2633571
t_1094,76.25259533,76.25259533,76.25259533,76.25259533
t_1095,77.8336224,77.8336224,77.8336224,77.8336224
t_1096,79.89857537,79.89857537,79.89857537,79.89857537
t_1097,82.30653095,82.30653095,82.30653095,82.30653095
t_1098,84.89306077,84.89306077,84.89306077,84.89306077
t_1099,87.48139191,87.48139191,87.48139191,87.48139191
t_1100,89.89441639,89.89441639,89.89441639,89.89441639
t_1101,91.96673497,91.96673497,91.96673497,91.96673497
t_1102,93.55591751,93.55591751,93.55591751,93.55591751
t_1103,94.55221445,94.55221445,94.55221445,94.55221445
t_1104,94.88605815,94.88605815,94.88605815,94.88605815
t_1105,94.53284225,94.53284225,94.53284225,94.53284225
t_1106,93.51465114,93.51465114,93.51465114,93.51465114
t_1107,91.89881811,91.89881811,91.89881811,91.89881811
t_1108,89.79340622,89.79340622,89.79340622,89.79340622
t_1109,87.33991434,87.33991434,87.33991434,87.33991434
t_1110,84.70370009,84.70370009,84.70370009,84.70370009
t_1111,82.06276669,82.06276669,82.06276669,82.06276669
t_1112,79.59567306,79.59567306,79.59567306,79.59567306
t_1113,77.46938698,77.46938698,77.46938698,77.46938698
t_1114,75.82790645,75.82790645,75.82790645,75.82790645
t_1115,74.78242361,74.78242361,74.78242361,74.78242361
t_1116,74.40370196,74.40370196,74.40370196,74.40370196
t_1117,74.71718904,74.71718904,74.71718904,74.71718904
t_1118,75.70120126,75.70120126,75.70120126,75.70120126
t_1119,77.28831027,77.28831027,77.28831027,77.28831027
t_1120,79.36984268,79.36984268,79.36984268,79.36984268
t_1121,81.80319348,81.80319348,81.80319348,81.80319348
t_1122,84.42146188,84.42146188,84.42146188,84.42146188
t_1123,87.04475962,87.04475962,87.04475962,87.04475962
t_1124,89.49242644,89.49242644,89.49242644,89.49242644
t_1125,91.59532476,91.59532476,91.59532476,91.59532476
t_1126,93.20737786,93.20737786,93.20737786,93.20737786
t_1127,94.2155656,94.2155656,94.2155656,94.2155656
t_1128,94.54769466,94.54769466,94.54769466,94.54769466
t_1129,94.17740982,94.17740982,94.17740982,94.17740982
t_1130,93.12609896,93.12609896,93.12609896,93.12609896
t_1131,91.46155466,91.46155466,91.46155466,91.46155466
t_1132,89.29347524,89.29347524,89.29347524,89.29347524
t_1133,86.76610321,86.76610321,86.76610321,86.76610321
t_1134,84.04849416,84.04849416,84.04849416,84.04849416
t_1135,81.32307162,81.32307162,81.32307162,81.32307162
t_1136,78.7732416,78.7732416,78.7732416,78.7732416
t_1137,76.57090654,76.57090654,76.57090654,76.57090654
t_1138,74.86472747,74.86472747,74.86472747,74.86472747
t_1139,73.76993497,73.76993497,73.76993497,73.76993497
t_1140,73.36038627,73.36038627,73.36038627,73.36038627
t_1141,73.66341529,73.66341529,73.66341529,73.66341529
t_1142,74.65783415,74.65783415,74.65783415,74.65783415
t_1143,76.27523154,76.27523154,76.27523154,76.27523154
t_1144,78.4044896,78.4044896,78.4044896,78.4044896
t_1145,80.89922189,80.89922189,80.89922189,80.89922189
t_1146,83.58763541,83.58763541,83.58763541,83.58763541
t_1147,86.28415346,86.28415346,86.28415346,86.28415346
t_1148,88.80201391,88.80201391,88.80201391,88.80201391
t_1149,90.96598899,90.96598899,90.96598899,90.96598899
t_1150,92.62436116,92.62436116,92.62436116,92.62436116
t_1151,93.65933778,93.65933778,93.65933778,93.65933778
t_1152,93.99519053,93.99519053,93.99519053,93.99519053
t_1153,93.60355776,93.60355776,93.60355776,93.60355776
t_1154,92.50553936,92.50553936,92.50553936,92.50553936
t_1155,90.7704302,90.7704302,90.7704302,90.7704302
t_1156,88.51116672,88.51116672,88.51116672,88.51116672
t_1157,85.87678504,85.87678504,85.87678504,85.87678504
t_1158,83.04239307,83.04239307,83.04239307,83.04239307
t_1159,80.19733069,80.19733069,80.19733069,80.19733069
t_1160,77.53231717,77.53231717,77.53231717,77.53231717
t_1161,75.22645744,75.22645744,75.22645744,75.22645744
t_1162,73.43499127,73.43499127,73.43499127,73.43499127
t_1163,72.27862249,72.27862249,72.27862249,72.27862249
t_1164,71.83516078,71.83516078,71.83516078,71.83516078
t_1165,72.13405426,72.13405426,72.13405426,72.13405426
t_1166,73.15419619,73.15419619,73.15419619,73.15419619
t_1167,74.82516808,74.82516808,74.82516808,74.82516808
t_1168,77.03184789,77.03184789,77.03184789,77.03184789
t_1169,79.62208292,79.62208292,79.62208292,79.62208292
t_1170,82.41691675,82.41691675,82.41691675,82.41691675
t_1171,85.22268405,85.22268405,85.22268405,85.22268405
t_1172,87.84415665,87.84415665,87.84415665,87.84415665
t_1173,90.09784972,90.09784972,90.09784972,90.09784972
t_1174,91.82458209,91.82458209,91.82458209,91.82458209
t_1175,92.90043171,92.90043171,92.90043171,92.90043171
t_1176,93.24533332,93.24533332,93.24533332,93.24533332
t_1177,92.8287223,92.8287223,92.8287223,92.8287223
t_1178,91.67182773,91.67182773,91.67182773,91.67182773
t_1179,89.84644418,89.84644418,89.84644418,89.84644418
t_1180,87.47025071,87.47025071,87.47025071,87.47025071
t_1181,84.69898131,84.69898131,84.69898131,84.69898131
t_1182,81.71596671,81.71596671,81.71596671,81.71596671
t_1183,78.71974898,78.71974898,78.71974898,78.71974898
t_1184,75.91060462,75.91060462,75.91060462,75.91060462
t_1185,73.47689009,73.47689009,73.47689009,73.47689009
t_1186,71.58213969,71.58213969,71.58213969,71.58213969
t_1187,70.35379894,70.35379894,70.35379894,70.35379894
t_1188,69.87436867,69.87436867,69.87436867,69.87436867
t_1189,70.17557478,70.17557478,70.17557478,70.17557478
t_1190,71.23597465,71.23597465,71.23597465,71.23597465
t_1191,72.98217933,72.98217933,72.98217933,72.98217933
t_1192,75.29362457,75.29362457,75.29362457,75.29362457
t_1193,78.01058177,78.01058177,78.01058177,78.01058177
t_1194,80.9448776,80.9448776,80.9448776,80.9448776
t_1195,83.89260362,83.89260362,83.89260362,83.89260362
t_1196,86.64795866,86.64795866,86.64795866,86.64795866
t_1197,89.01728492,89.01728492,89.01728492,89.01728492
t_1198,90.83234152,90.83234152,90.83234152,90.83234152
t_1199,91.96190635,91.96190635,91.96190635,91.96190635
t_1200,92.32090707,92.32090707,92.32090707,92.32090707
t_1201,91.8764464,91.8764464,91.8764464,91.8764464
t_1202,90.65029596,90.65029596,90.65029596,90.65029596
t_1203,88.71767146,88.71767146,88.71767146,88.71767146
t_1204,86.20235491,86.20235491,86.20235491,86.20235491
t_1205,83.26847899,83.26847899,83.26847899,83.26847899
t_1206,80.10951786,80.10951786,80.10951786,80.10951786
t_1207,76.93522206,76.93522206,76.93522206,76.93522206
t_1208,73.95737888,73.95737888,73.95737888,73.95737888
t_1209,71.3753642,71.3753642,71.3753642,71.3753642
t_1210,69.36247067,69.36247067,69.36247067,69.36247067
t_1211,68.05394911,68.05394911,68.05394911,68.05394911
t_1212,67.53758764,67.53758764,67.53758764,67.53758764
t_1213,67.84748428,67.84748428,67.84748428,67.84748428
t_1214,68.96145373,68.96145373,68.96145373,68.96145373
t_1215,70.80226359,70.80226359,70.80226359,70.80226359
t_1216,73.24263467,73.24263467,73.24263467,73.24263467
t_1217,76.1136831,76.1136831,76.1136831,76.1136831
t_1218,79.2162451,79.2162451,79.2162451,79.2162451
t_1219,82.33432597,82.33432597,82.33432597,82.33432597
t_1220,85.2497658,85.2497658,85.2497658,85.2497658
t_1221,87.757127,87.757127,87.757127,87.757127
t_1222,89.67778819,89.67778819,89.67778819,89.67778819
t_1223,90.87227833,90.87227833,90.87227833,90.87227833
t_1224,91.25,91.25,91.25,91.25
t_1225,90.7756645,90.7756645,90.7756645,90.7756645
t_1226,89.4719828,89.4719828,89.4719828,89.4719828
t_1227,87.41840923,87.41840923,87.41840923,87.41840923
t_1228,84.7460037,84.7460037,84.7460037,84.7460037
t_1229,81.62874317,81.62874317,81.62874317,81.62874317
t_1230,78.27185767,78.27185767,78.27185767,78.27185767
t_1231,74.89797187,74.89797187,74.89797187,74.89797187
t_1232,71.7319877,71.7319877,71.7319877,71.7319877
t_1233,68.98573357,68.98573357,68.98573357,68.98573357
t_1234,66.84342774,66.84342774,66.84342774,66.84342774
t_1235,65.44895277,65.44895277,65.44895277,65.44895277
t_1236,64.89581958,64.89581958,64.89581958,64.89581958
t_1237,65.2205206,65.2205206,65.2205206,65.2205206
t_1238,66.3997436,66.3997436,66.3997436,66.3997436
t_1239,68.35165648,68.35165648,68.35165648,68.35165648
t_1240,70.94119649,70.94119649,70.94119649,70.94119649
t_1241,73.98902321,73.98902321,73.98902321,73.98902321
t_1242,77.2835429,77.2835429,77.2835429,77.2835429
t_1243,80.59519859,80.59519859,80.59519859,80.59519859
t_1244,83.69206147,83.69206147,83.69206147,83.69206147
t_1245,86.35566522,86.35566522,86.35566522,86.35566522
t_1246,88.39600261,88.39600261,88.39600261,88.39600261
t_1247,89.66465544,89.66465544,89.66465544,89.66465544
t_1248,90.06515107,90.06515107,90.06515107,90.06515107
t_1249,89.5598233,89.5598233,89.5598233,89.5598233
t_1250,88.17269068,88.17269068,88.17269068,88.17269068
t_1251,85.98813491,85.98813491,85.98813491,85.98813491
t_1252,83.14544756,83.14544756,83.14544756,83.14544756
t_1253,79.8295964,79.8295964,79.8295964,79.8295964
t_1254,76.25882249,76.25882249,76.25882249,76.25882249
t_1255,72.66989924,72.66989924,72.66989924,72.66989924
t_1256,69.30204849,69.30204849,69.30204849,69.30204849
t_1257,66.38060592,66.38060592,66.38060592,66.38060592
t_1258,64.10155074,64.10155074,64.10155074,64.10155074
t_1259,62.61796143,62.61796143,62.61796143,62.61796143
t_1260,62.02933329,62.02933329,62.02933329,62.02933329
t_1261,62.37450271,62.37450271,62.37450271,62.37450271
t_1262,63.62868051,63.62868051,63.62868051,63.62868051
t_1263,65.70481847,65.70481847,65.70481847,65.70481847
t_1264,68.45923806,68.45923806,68.45923806,68.45923806
t_1265,71.70115882,71.70115882,71.70115882,71.70115882
t_1266,75.20549517,75.20549517,75.20549517,75.20549517
t_1267,78.72806399,78.72806399,78.72806399,78.72806399
t_1268,82.02217572,82.02217572,82.02217572,82.02217572
t_1269,84.85548229,84.85548229,84.85548229,84.85548229
t_1270,87.02593119,87.02593119,87.02593119,87.02593119
t_1271,88.37573069,88.37573069,88.37573069,88.37573069
t_1272,88.80236133,88.80236133,88.80236133,88.80236133
t_1273,88.2658655,88.2658655,88.2658655,88.2658655
t_1274,86.79189793,86.79189793,86.79189793,86.79189793
t_1275,84.47030666,84.47030666,84.47030666,84.47030666
t_1276,81.44931859,81.44931859,81.44931859,81.44931859
t_1277,77.92570484,77.92570484,77.92570484,77.92570484
t_1278,74.1315774,74.1315774,74.1315774,74.1315774
t_1279,70.31870302,70.31870302,70.31870302,70.31870302
t_1280,66.74139371,66.74139371,66.74139371,66.74139371
t_1281,63.63913675,63.63913675,63.63913675,63.63913675
t_1282,61.22015022,61.22015022,61.22015022,61.22015022
t_1283,59.64699332,59.64699332,59.64699332,59.64699332
t_1284,59.0252255,59.0252255,59.0252255,59.0252255
t_1285,59.39590542,59.39590542,59.39590542,59.39590542
t_1286,60.73246182,60.73246182,60.73246182,60.73246182
t_1287,62.94217238,62.94217238,62.94217238,62.94217238
t_1288,65.87217243,65.87217243,65.87217243,65.87217243
t_1289,69.31960553,69.31960553,69.31960553,69.31960553
t_1290,73.04524234,73.04524234,73.04524234,73.04524234
t_1291,76.78965409,76.78965409,76.78965409,76.78965409
t_1292,80.29084719,80.29084719,80.29084719,80.29084719
t_1293,83.30216052,83.30216052,83.30216052,83.30216052
t_1294,85.60920285,85.60920285,85.60920285,85.60920285
t_1295,87.04466741,87.04466741,87.04466741,87.04466741
t_1296,87.5,87.5,87.5,87.5
t_1297,94.65905544,94.65905544,94.65905544,94.65905544
t_1298,93.65938993,93.65938993,93.65938993,93.65938993
t_1299,92.06893451,92.06893451,92.06893451,92.06893451
t_1300,89.9957695,89.9957695,89.9957695,89.9957695
t_1301,87.58078347,87.58078347,87.58078347,87.58078347
t_1302,84.98810277,84.98810277,84.98810277,84.98810277
t_1303,82.39394065,82.39394065,82.39394065,82.39394065
t_1304,79.97462237,79.97462237,79.97462237,79.97462237
t_1305,77.89459888,77.89459888,77.89459888,77.89459888
t_1306,76.29526253,76.29526253,76.29526253,76.29526253
t_1307,75.28532445,75.28532445,75.28532445,75.28532445
t_1308,74.93340722,74.93340722,74.93340722,74.93340722
t_1309,75.2633571,75.2633571,75.2633571,75.2633571
t_1310,76.25259533,76.25259533,76.25259533,76.25259533
t_1311,77.8336224,77.8336224,77.8336224,77.8336224
t_1312,79.89857537,79.89857537,79.89857537,79.89857537
t_1313,82.30653095,82.30653095,82.30653095,82.30653095
t_1314,84.89306077,84.89306077,84.89306077,84.89306077
t_1315,87.48139191,87.48139191,87.48139191,87.48139191
t_1316,89.89441639,89.89441639,89.89441639,89.89441639
t_1317,91.96673497,91.96673497,91.96673497,91.96673497
t_1318,93.55591751,93.55591751,93.55591751,93.55591751
t_1319,94.55221445,94.55221445,94.55221445,94.55221445
t_1320,94.88605815,94.88605815,94.88605815,94.88605815
t_1321,94.53284225,94.53284225,94.53284225,94.53284225
t_1322,93.51465114,93.51465114,93.51465114,93.51465114
t_1323,91.89881811,91.89881811,91.89881811,91.89881811
t_1324,89.79340622,89.79340622,89.79340622,89.79340622
t_1325,87.33991434,87.33991434,87.33991434,87.33991434
t_1326,84.70370009,84.70370009,84.70370009,84.70370009
t_1327,82.06276669,82.06276669,82.06276669,82.06276669
t_1328,79.59567306,79.59567306,79.59567306,79.59567306
t_1329,77.46938698,77.46938698,77.46938698,77.46938698
t_1330,75.82790645,75.82790645,75.82790645,75.82790645
t_1331,74.78242361,74.78242361,74.78242361,74.78242361
t_1332,74.40370196,74.40370196,74.40370196,74.40370196
t_1333,74.71718904,74.71718904,74.71718904,74.71718904
t_1334,75.70120126,75.70120126,75.70120126,75.70120126
t_1335,77.28831027,77.28831027,77.28831027,77.28831027
t_1336,79.36984268,79.36984268,79.36984268,79.36984268
t_1337,81.80319348,81.80319348,81.80319348,81.80319348
t_1338,84.42146188,84.42146188,84.42146188,84.42146188
t_1339,87.04475962,87.04475962,87.04475962,87.04475962
t_1340,89.49242644,89.49242644,89.49242644,89.49242644
t_1341,91.59532476,91.59532476,91.59532476,91.59532476
t_1342,93.20737786,93.20737786,93.20737786,93.20737786
t_1343,94.2155656,94.2155656,94.2155656,94.2155656
t_1344,94.54769466,94.54769466,94.54769466,94.54769466
t_1345,94.17740982,94.17740982,94.17740982,94.17740982
t_1346,93.12609896,93.12609896,93.12609896,93.12609896
t_1347,91.46155466,91.46155466,91.46155466,91.46155466
t_1348,89.29347524,89.29347524,89.29347524,89.29347524
t_1349,86.76610321,86.76610321,86.76610321,86.76610321
t_1350,84.04849416,84.04849416,84.04849416,84.04849416
t_1351,81.32307162,81.32307162,81.32307162,81.32307162
t_1352,78.7732416,78.7732416,78.7732416,78.7732416
t_1353,76.57090654,76.57090654,76.57090654,76.57090654
t_1354,74.86472747,74.86472747,74.86472747,74.86472747
t_1355,73.76993497,73.76993497,73.76993497,73.76993497
t_1356,73.36038627,73.36038627,73.36038627,73.36038627
t_1357,73.66341529,73.66341529,73.66341529,73.66341529
t_1358,74.65783415,74.65783415,74.65783415,74.65783415
t_1359,76.27523154,76.27523154,76.27523154,76.27523154
t_1360,78.4044896,78.4044896,78.4044896,78.4044896
t_1361,80.89922189,80.89922189,80.89922189,80.89922189
t_1362,83.58763541,83.58763541,83.58763541,83.58763541
t_1363,86.28415346,86.28415346,86.28415346,86.28415346
t_1364,88.80201391,88.80201391,88.80201391,88.80201391
t_1365,90.96598899,90.96598899,90.96598899,90.96598899
t_1366,92.62436116,92.62436116,92.62436116,92.62436116
t_1367,93.65933778,93.65933778,93.65933778,93.65933778
t_1368,93.99519053,93.99519053,93.99519053,93.99519053
t_1369,93.60355776,93.60355776,93.60355776,93.60355776
t_1370,92.50553936,92.50553936,92.50553936,92.50553936
t_1371,90.7704302,90.7704302,90.7704302,90.7704302
t_1372,88.51116672,88.51116672,88.51116672,88.51116672
t_1373,85.87678504,85.87678504,85.87678504,85.87678504
t_1374,83.04239307,83.04239307,83.04239307,83.04239307
t_1375,80.19733069,80.19733069,80.19733069,80.19733069
t_1376,77.53231717,77.53231717,77.53231717,77.53231717
t_1377,75.22645744,75.22645744,75.22645744,75.22645744
t_1378,73.43499127,73.43499127,73.43499127,73.43499127
t_1379,72.27862249,72.27862249,72.27862249,72.27862249
t_1380,71.83516078,71.83516078,71.83516078,71.83516078
t_1381,72.13405426,72.13405426,72.13405426,72.13405426
t_1382,73.15419619,73.15419619,73.15419619,73.15419619
t_1383,74.82516808,74.82516808,74.82516808,74.82516808
t_1384,77.03184789,77.03184789,77.03184789,77.03184789
t_1385,79.62208292,79.62208292,79.62208292,79.62208292
t_1386,82.41691675,82.41691675,82.41691675,82.41691675
t_1387,85.22268405,85.22268405,85.22268405,85.22268405
t_1388,87.84415665,87.84415665,87.84415665,87.84415665
t_1389,90.09784972,90.09784972,90.09784972,90.09784972
t_1390,91.82458209,91.82458209,91.82458209,91.82458209
t_1391,92.90043171,92.90043171,92.90043171,92.90043171
t_1392,93.24533332,93.24533332,93.24533332,93.24533332
t_1393,92.8287223,92.8287223,92.8287223,92.8287223
t_1394,91.67182773,91.67182773,91.67182773,91.67182773
t_1395,89.84644418,89.84644418,89.84644418,89.84644418
t_1396,87.47025071,87.47025071,87.47025071,87.47025071
t_1397,84.69898131,84.69898131,84.69898131,84.69898131
t_1398,81.71596671,81.71596671,81.71596671,81.71596671
t_1399,78.71974898,78.71974898,78.71974898,78.71974898
t_1400,75.91060462,75.91060462,75.91060462,75.91060462
t_1401,73.47689009,73.47689009,73.47689009,73.47689009
t_1402,71.58213969,71.58213969,71.58213969,71.58213969
t_1403,70.35379894,70.35379894,70.35379894,70.35379894
t_1404,69.87436867,69.87436867,69.87436867,69.87436867
t_1405,70.17557478,70.17557478,70.17557478,70.17557478
t_1406,71.23597465,71.23597465,71.23597465,71.23597465
t_1407,72.98217933,72.98217933,72.98217933,72.98217933
t_1408,75.29362457,75.29362457,75.29362457,75.29362457
t_1409,78.01058177,78.01058177,78.01058177,78.01058177
t_1410,80.9448776,80.9448776,80.9448776,80.9448776
t_1411,83.89260362,83.89260362,83.89260362,83.89260362
t_1412,86.64795866,86.64795866,86.64795866,86.64795866
t_1413,89.01728492,89.01728492,89.01728492,89.01728492
t_1414,90.83234152,90.83234152,90.83234152,90.83234152
t_1415,91.96190635,91.96190635,91.96190635,91.96190635
t_1416,92.32090707,92.32090707,92.32090707,92.32090707
t_1417,91.8764464,91.8764464,91.8764464,91.8764464
t_1418,90.65029596,90.65029596,90.65029596,90.65029596
t_1419,88.71767146,88.71767146,88.71767146,88.71767146
t_1420,86.20235491,86.20235491,86.20235491,86.20235491
t_1421,83.26847899,83.26847899,83.26847899,83.26847899
t_1422,80.10951786,80.10951786,80.10951786,80.10951786
t_1423,76.93522206,76.93522206,76.93522206,76.93522206
t_1424,73.95737888,73.95737888,73.95737888,73.95737888
t_1425,71.3753642,71.3753642,71.3753642,71.3753642
t_1426,69.36247067,69.36247067,69.36247067,69.36247067
t_1427,68.05394911,68.05394911,68.05394911,68.05394911
t_1428,67.53758764,67.53758764,67.53758764,67.53758764
t_1429,67.84748428,67.84748428,67.84748428,67.84748428
t_1430,68.96145373,68.96145373,68.96145373,68.96145373
t_1431,70.80226359,70.80226359,70.80226359,70.80226359
t_1432,73.24263467,73.24263467,73.24263467,73.24263467
t_1433,76.1136831,76.1136831,76.1136831,76.1136831
t_1434,79.2162451,79.2162451,79.2162451,79.2162451
t_1435,82.33432597,82.33432597,82.33432597,82.33432597
t_1436,85.2497658,85.2497658,85.2497658,85.2497658
t_1437,87.757127,87.757127,87.757127,87.757127
t_1438,89.67778819,89.67778819,89.67778819,89.67778819
t_1439,90.87227833,90.87227833,90.87227833,90.87227833
t_1440,91.25,91.25,91.25,91.25
t_1441,90.7756645,90.7756645,90.7756645,90.7756645
t_1442,89.4719828,89.4719828,89.4719828,89.4719828
t_1443,87.41840923,87.41840923,87.41840923,87.41840923
t_1444,84.7460037,84.7460037,84.7460037,84.7460037
t_1445,81.62874317,81.62874317,81.62874317,81.62874317
t_1446,78.27185767,78.27185767,78.27185767,78.27185767
t_1447,74.89797187,74.89797187,74.89797187,74.89797187
t_1448,71.7319877,71.7319877,71.7319877,71.7319877
t_1449,68.98573357,68.98573357,68.98573357,68.98573357
t_1450,66.84342774,66.84342774,66.84342774,66.84342774
t_1451,65.44895277,65.44895277,65.44895277,65.44895277
t_1452,64.89581958,64.89581958,64.89581958,64.89581958
t_1453,65.2205206,65.2205206,65.2205206,65.2205206
t_1454,66.3997436,66.3997436,66.3997436,66.3997436
t_1455,68.35165648,68.35165648,68.35165648,68.35165648
t_1456,70.94119649,70.94119649,70.94119649,70.94119649
t_1457,73.98902321,73.98902321,73.98902321,73.98902321
t_1458,77.2835429,77.2835429,77.2835429,77.2835429
t_1459,80.59519859,80.59519859,80.59519859,80.59519859
t_1460,83.69206147,83.69206147,83.69206147,83.69206147
t_1461,86.35566522,86.35566522,86.35566522,86.35566522
t_1462,88.39600261,88.39600261,88.39600261,88.39600261
t_1463,89.66465544,89.66465544,89.66465544,89.66465544
t_1464,90.06515107,90.06515107,90.06515107,90.06515107
t_1465,89.5598233,89.5598233,89.5598233,89.5598233
t_1466,88.17269068,88.17269068,88.17269068,88.17269068
t_1467,85.98813491,85.98813491,85.98813491,85.98813491
t_1468,83.14544756,83.14544756,83.14544756,83.14544756
t_1469,79.8295964,79.8295964,79.8295964,79.8295964
t_1470,76.25882249,76.25882249,76.25882249,76.25882249
t_1471,72.66989924,72.66989924,72.66989924,72.66989924
t_1472,69.30204849,69.30204849,69.30204849,69.30204849
t_1473,66.38060592,66.38060592,66.38060592,66.38060592
t_1474,64.10155074,64.10155074,64.10155074,64.10155074
t_1475,62.61796143,62.61796143,62.61796143,62.61796143
t_1476,62.02933329,62.02933329,62.02933329,62.02933329
t_1477,62.37450271,62.37450271,62.37450271,62.37450271
t_1478,63.62868051,63.62868051,63.62868051,63.62868051
t_1479,65.70481847,65.70481847,65.70481847,65.70481847
t_1480,68.45923806,68.45923806,68.45923806,68.45923806
t_1481,71.70115882,71.70115882,71.70115882,71.70115882
t_1482,75.20549517,75.20549517,75.20549517,75.20549517
t_1483,78.72806399,78.72806399,78.72806399,78.72806399
t_1484,82.02217572,82.02217572,82.02217572,82.02217572
t_1485,84.85548229,84.85548229,84.85548229,84.85548229
t_1486,87.02593119,87.02593119,87.02593119,87.02593119
t_1487,88.37573069,88.37573069,88.37573069,88.37573069
t_1488,88.80236133,88.80236133,88.80236133,88.80236133
t_1489,88.2658655,88.2658655,88.2658655,88.2658655
t_1490,86.79189793,86.79189793,86.79189793,86.79189793
t_1491,84.47030666,84.47030666,84.47030666,84.47030666
t_1492,81.44931859,81.44931859,81.44931859,81.44931859
t_1493,77.92570484,77.92570484,77.92570484,77.92570484
t_1494,74.1315774,74.1315774,74.1315774,74.1315774
t_1495,70.31870302,70.31870302,70.31870302,70.31870302
t_1496,66.74139371,66.74139371,66.74139371,66.74139371
t_1497,63.63913675,63.63913675,63.63913675,63.63913675
t_1498,61.22015022,61.22015022,61.22015022,61.22015022
t_1499,59.64699332,59.64699332,59.64699332,59.64699332
t_1500,59.0252255,59.0252255,59.0252255,59.0252255
t_1501,59.39590542,59.39590542,59.39590542,59.39590542
t_1502,60.73246182,60.73246182,60.73246182,60.73246182
t_1503,62.94217238,62.94217238,62.94217238,62.94217238
t_1504,65.87217243,65.87217243,65.87217243,65.87217243
t_1505,69.31960553,69.31960553,69.31960553,69.31960553
t_1506,73.04524234,73.04524234,73.04524234,73.04524234
t_1507,76.78965409,76.78965409,76.78965409,76.78965409
t_1508,80.29084719,80.29084719,80.29084719,80.29084719
t_1509,83.30216052,83.30216052,83.30216052,83.30216052
t_1510,85.60920285,85.60920285,85.60920285,85.60920285
t_1511,87.04466741,87.04466741,87.04466741,87.04466741
t_1512,87.5,87.5,87.5,87.5
t_1513,94.65905544,94.65905544,94.65905544,94.65905544
t_1514,93.65938993,93.65938993,93.65938993,93.65938993
t_1515,92.06893451,92.06893451,92.06893451,92.06893451
t_1516,89.9957695,89.9957695,89.9957695,89.9957695
t_1517,87.58078347,87.58078347,87.58078347,87.58078347
t_1518,84.98810277,84.98810277,84.98810277,84.98810277
t_1519,82.39394065,82.39394065,82.39394065,82.39394065
t_1520,79.97462237,79.97462237,79.97462237,79.97462237
t_1521,77.89459888,77.89459888,77.89459888,77.89459888
t_1522,76.29526253,76.29526253,76.29526253,76.29526253
t_1523,75.28532445,75.28532445,75.28532445,75.28532445
t_1524,74.93340722,74.93340722,74.93340722,74.93340722
t_1525,75.2633571,75.2633571,75.2633571,75.2633571
t_1526,76.25259533,76.25259533,76.25259533,76.25259533
t_1527,77.8336224,77.8336224,77.8336224,77.8336224
t_1528,79.89857537,79.89857537,79.89857537,79.89857537
t_1529,82.30653095,82.30653095,82.30653095,82.30653095
t_1530,84.89306077,84.89306077,84.89306077,84.89306077
t_1531,87.48139191,87.48139191,87.48139191,87.48139191
t_1532,89.89441639,89.89441639,89.89441639,89.89441639
t_1533,91.96673497,91.96673497,91.96673497,91.96673497
t_1534,93.55591751,93.55591751,93.55591751,93.55591751
t_1535,94.55221445,94.55221445,94.55221445,94.55221445
t_1536,94.88605815,94.88605815,94.88605815,94.88605815
t_1537,94.53284225,94.53284225,94.53284225,94.53284225
t_1538,93.51465114,93.51465114,93.51465114,93.51465114
t_1539,91.89881811,91.89881811,91.89881811,91.89881811
t_1540,89.79340622,89.79340622,89.79340622,89.79340622
t_1541,87.33991434,87.33991434,87.33991434,87.33991434
t_1542,84.70370009,84.70370009,84.70370009,84.70370009
t_1543,82.06276669,82.06276669,82.06276669,82.06276669
t_1544,79.59567306,79.59567306,79.59567306,79.59567306
t_1545,77.46938698,77.46938698,77.46938698,77.46938698
t_1546,75.82790645,75.82790645,75.82790645,75.82790645
t_1547,74.78242361,74.78242361,74.78242361,74.78242361
t_1548,74.40370196,74.40370196,74.40370196,74.40370196
t_1549,74.71718904,74.71718904,74.71718904,74.71718904
t_1550,75.70120126,75.70120126,75.70120126,75.70120126
t_1551,77.28831027,77.28831027,77.28831027,77.28831027
t_1552,79.36984268,79.36984268,79.36984268,79.36984268
t_1553,81.80319348,81.80319348,81.80319348,81.80319348
t_1554,84.42146188,84.42146188,84.42146188,84.42146188
t_1555,87.04475962,87.04475962,87.04475962,87.04475962
t_1556,89.49242644,89.49242644,89.49242644,89.49242644
t_1557,91.59532476,91.59532476,91.59532476,91.59532476
t_1558,93.20737786,93.20737786,93.20737786,93.20737786
t_1559,94.2155656,94.2155656,94.2155656,94.2155656
t_1560,94.54769466,94.54769466,94.54769466,94.54769466
t_1561,94.17740982,94.17740982,94.17740982,94.17740982
t_1562,93.12609896,93.12609896,93.12609896,93.12609896
t_1563,91.46155466,91.46155466,91.46155466,91.46155466
t_1564,89.29347524,89.29347524,89.29347524,89.29347524
t_1565,86.76610321,86.76610321,86.76610321,86.76610321
t_1566,84.04849416,84.04849416,84.04849416,84.04849416
t_1567,81.32307162,81.32307162,81.32307162,81.32307162
t_1568,78.7732416,78.7732416,78.7732416,78.7732416
t_1569,76.57090654,76.57090654,76.57090654,76.57090654
t_1570,74.86472747,74.86472747,74.86472747,74.86472747
t_1571,73.76993497,73.76993497,73.76993497,73.76993497
t_1572,73.36038627,73.36038627,73.36038627,73.36038627
t_1573,73.66341529,73.66341529,73.66341529,73.66341529
t_1574,74.65783415,74.65783415,74.65783415,74.65783415
t_1575,76.27523154,76.27523154,76.27523154,76.27523154
t_1576,78.4044896,78.4044896,78.4044896,78.4044896
t_1577,80.89922189,80.89922189,80.89922189,80.89922189
t_1578,83.58763541,83.58763541,83.58763541,83.58763541
t_1579,86.28415346,86.28415346,86.28415346,86.28415346
t_1580,88.80201391,88.80201391,88.80201391,88.80201391
t_1581,90.96598899,90.96598899,90.96598899,90.96598899
t_1582,92.62436116,92.62436116,92.62436116,92.62436116
t_1583,93.65933778,93.65933778,93.65933778,93.65933778
t_1584,93.99519053,93.99519053,93.99519053,93.99519053
t_1585,93.60355776,93.60355776,93.60355776,93.60355776
t_1586,92.50553936,92.50553936,92.50553936,92.50553936
t_1587,90.7704302,90.7704302,90.7704302,90.7704302
t_1588,88.51116672,88.51116672,88.51116672,88.51116672
t_1589,85.87678504,85.87678504,85.87678504,85.87678504
t_1590,83.04239307,83.04239307,83.04239307,83.04239307
t_1591,80.19733069,80.19733069,80.19733069,80.19733069
t_1592,77.53231717,77.53231717,77.53231717,77.53231717
t_1593,75.22645744,75.22645744,75.22645744,75.22645744
t_1594,73.43499127,73.43499127,73.43499127,73.43499127
t_1595,72.27862249,72.27862249,72.27862249,72.27862249
t_1596,71.83516078,71.83516078,71.83516078,71.83516078
t_1597,72.13405426,72.13405426,72.13405426,72.13405426
t_1598,73.15419619,73.15419619,73.15419619,73.15419619
t_1599,74.82516808,74.82516808,74.82516808,74.82516808
t_1600,77.03184789,77.03184789,77.03184789,77.03184789
t_1601,79.62208292,79.62208292,79.62208292,79.62208292
t_1602,82.41691675,82.41691675,82.41691675,82.41691675
t_1603,85.22268405,85.22268405,85.22268405,85.22268405
t_1604,87.84415665,87.84415665,87.84415665,87.84415665
t_1605,90.09784972,90.09784972,90.09784972,90.09784972
t_1606,91.82458209,91.82458209,91.82458209,91.82458209
t_1607,92.90043171,92.90043171,92.90043171,92.90043171
t_1608,93.24533332,93.24533332,93.24533332,93.24533332
t_1609,92.8287223,92.8287223,92.8287223,92.8287223
t_1610,91.67182773,91.67182773,91.67182773,91.67182773
t_1611,89.84644418,89.84644418,89.84644418,89.84644418
t_1612,87.47025071,87.47025071,87.47025071,87.47025071
t_1613,84.69898131,84.69898131,84.69898131,84.69898131
t_1614,81.71596671,81.71596671,81.71596671,81.71596671
t_1615,78.71974898,78.71974898,78.71974898,78.71974898
t_1616,75.91060462,75.91060462,75.91060462,75.91060462
t_1617,73.47689009,73.47689009,73.47689009,73.47689009
t_1618,71.58213969,71.58213969,71.58213969,71.58213969
t_1619,70.35379894,70.35379894,70.35379894,70.35379894
t_1620,69.87436867,69.87436867,69.87436867,69.87436867
t_1621,70.17557478,70.17557478,70.17557478,70.17557478
t_1622,71.23597465,71.23597465,71.23597465,71.23597465
t_1623,72.98217933,72.98217933,72.98217933,72.98217933
t_1624,75.29362457,75.29362457,75.29362457,75.29362457
t_1625,78.01058177,78.01058177,78.01058177,78.01058177
t_1626,80.9448776,80.9448776,80.9448776,80.9448776
t_1627,83.89260362,83.89260362,83.89260362,83.89260362
t_1628,86.64795866,86.64795866,86.64795866,86.64795866
t_1629,89.01728492,89.01728492,89.01728492,89.01728492
t_1630,90.83234152,90.83234152,90.83234152,90.83234152
t_1631,91.96190635,91.96190635,91.96190635,91.96190635
t_1632,92.32090707,92.32090707,92.32090707,92.32090707
t_1633,91.8764464,91.8764464,91.8764464,91.8764464
t_1634,90.65029596,90.65029596,90.65029596,90.65029596
t_1635,88.71767146,88.71767146,88.71767146,88.71767146
t_1636,86.20235491,86.20235491,86.20235491,86.20235491
t_1637,83.26847899,83.26847899,83.26847899,83.26847899
t_1638,80.10951786,80.10951786,80.10951786,80.10951786
t_1639,76.93522206,76.93522206,76.93522206,76.93522206
t_1640,73.95737888,73.95737888,73.95737888,73.95737888
t_1641,71.3753642,71.3753642,71.3753642,71.3753642
t_1642,69.36247067,69.36247067,69.36247067,69.36247067
t_1643,68.05394911,68.05394911,68.05394911,68.05394911
t_1644,67.53758764,67.53758764,67.53758764,67.53758764
t_1645,67.84748428,67.84748428,67.84748428,67.84748428
t_1646,68.96145373,68.96145373,68.96145373,68.96145373
t_1647,70.80226359,70.80226359,70.80226359,70.80226359
t_1648,73.24263467,73.24263467,73.24263467,73.24263467
t_1649,76.1136831,76.1136831,76.1136831,76.1136831
t_1650,79.2162451,79.2162451,79.2162451,79.2162451
t_1651,82.33432597,82.33432597,82.33432597,82.33432597
t_1652,85.2497658,85.2497658,85.2497658,85.2497658
t_1653,87.757127,87.757127,87.757127,87.757127
t_1654,89.67778819,89.67778819,89.67778819,89.67778819
t_1655,90.87227833,90.87227833,90.87227833,90.87227833
t_1656,91.25,91.25,91.25,91.25
t_1657,90.7756645,90.7756645,90.7756645,90.7756645
t_1658,89.4719828,89.4719828,89.4719828,89.4719828
t_1659,87.41840923,87.41840923,87.41840923,87.41840923
t_1660,84.7460037,84.7460037,84.7460037,84.7460037
t_1661,81.62874317,81.62874317,81.62874317,81.62874317
t_1662,78.27185767,78.27185767,78.27185767,78.27185767
t_1663,74.89797187,74.89797187,74.89797187,74.89797187
t_1664,71.7319877,71.7319877,71.7319877,71.7319877
t_1665,68.98573357,68.98573357,68.98573357,68.98573357
t_1666,66.84342774,66.84342774,66.84342774,66.84342774
t_1667,65.44895277,65.44895277,65.44895277,65.44895277
t_1668,64.89581958,64.89581958,64.89581958,64.89581958
t_1669,65.2205206,65.2205206,65.2205206,65.2205206
t_1670,66.3997436,66.3997436,66.3997436,66.3997436
t_1671,68.35165648,68.35165648,68.35165648,68.35165648
t_1672,70.94119649,70.94119649,70.94119649,70.94119649
t_1673,73.98902321,73.98902321,73.98902321,73.98902321
t_1674,77.2835429,77.2835429,77.2835429,77.2835429
t_1675,80.59519859,80.59519859,80.59519859,80.59519859
t_1676,83.69206147,83.69206147,83.69206147,83.69206147
t_1677,86.35566522,86.35566522,86.35566522,86.35566522
t_1678,88.39600261,88.39600261,88.39600261,88.39600261
t_1679,89.66465544,89.66465544,89.66465544,89.66465544
t_1680,90.06515107,90.06515107,90.06515107,90.06515107
t_1681,89.5598233,89.5598233,89.5598233,89.5598233
t_1682,88.17269068,88.17269068,88.17269068,88.17269068
t_1683,85.98813491,85.98813491,85.98813491,85.98813491
t_1684,83.14544756,83.14544756,83.14544756,83.14544756
t_1685,79.8295964,79.8295964,79.8295964,79.8295964
t_1686,76.25882249,76.25882249,76.25882249,76.25882249
t_1687,72.66989924,72.66989924,72.66989924,72.66989924
t_1688,69.30204849,69.30204849,69.30204849,69.30204849
t_1689,66.38060592,66.38060592,66.38060592,66.38060592
t_1690,64.10155074,64.10155074,64.10155074,64.10155074
t_1691,62.61796143,62.61796143,62.61796143,62.61796143
t_1692,62.02933329,62.02933329,62.02933329,62.02933329
t_1693,62.37450271,62.37450271,62.37450271,62.37450271
t_1694,63.62868051,63.62868051,63.62868051,63.62868051
t_1695,65.70481847,65.70481847,65.70481847,65.70481847
t_1696,68.45923806,68.45923806,68.45923806,68.45923806
t_1697,71.70115882,71.70115882,71.70115882,71.70115882
t_1698,75.20549517,75.20549517,75.20549517,75.20549517
t_1699,78.72806399,78.72806399,78.72806399,78.72806399
t_1700,82.02217572,82.02217572,82.02217572,82.02217572
t_1701,84.85548229,84.85548229,84.85548229,84.85548229
t_1702,87.02593119,87.02593119,87.02593119,87.02593119
t_1703,88.37573069,88.37573069,88.37573069,88.37573069
t_1704,88.80236133,88.80236133,88.80236133,88.80236133
t_1705,88.2658655,88.2658655,88.2658655,88.2658655
t_1706,86.79189793,86.79189793,86.79189793,86.79189793
t_1707,84.47030666,84.47030666,84.47030666,84.47030666
t_1708,81.44931859,81.44931859,81.44931859,81.44931859
t_1709,77.92570484,77.92570484,77.92570484,77.92570484
t_1710,74.1315774,74.1315774,74.1315774,74.1315774
t_1711,70.31870302,70.31870302,70.31870302,70.31870302
t_1712,66.74139371,66.74139371,66.74139371,66.74139371
t_1713,63.63913675,63.63913675,63.63913675,63.63913675
t_1714,61.22015022,61.22015022,61.22015022,61.22015022
t_1715,59.64699332,59.64699332,59.64699332,59.64699332
t_1716,59.0252255,59.0252255,59.0252255,59.0252255
t_1717,59.39590542,59.39590542,59.39590542,59.39590542
t_1718,60.73246182,60.73246182,60.73246182,60.73246182
t_1719,62.94217238,62.94217238,62.94217238,62.94217238
t_1720,65.87217243,65.87217243,65.87217243,65.87217243
t_1721,69.31960553,69.31960553,69.31960553,69.31960553
t_1722,73.04524234,73.04524234,73.04524234,73.04524234
t_1723,76.78965409,76.78965409,76.78965409,76.78965409
t_1724,80.29084719,80.29084719,80.29084719,80.29084719
t_1725,83.30216052,83.30216052,83.30216052,83.30216052
t_1726,85.60920285,85.60920285,85.60920285,85.60920285
t_1727,87.04466741,87.04466741,87.04466741,87.04466741
t_1728,87.5,87.5,87.5,87.5
t_1729,94.65905544,94.65905544,94.65905544,94.65905544
t_1730,93.65938993,93.65938993,93.65938993,93.65938993
t_1731,92.06893451,92.06893451,92.06893451,92.06893451
t_1732,89.9957695,89.9957695,89.9957695,89.9957695
t_1733,87.58078347,87.58078347,87.58078347,87.58078347
t_1734,84.98810277,84.98810277,84.98810277,84.98810277
t_1735,82.39394065,82.39394065,82.39394065,82.39394065
t_1736,79.97462237,79.97462237,79.97462237,79.97462237
t_1737,77.89459888,77.89459888,77.89459888,77.89459888
t_1738,76.29526253,76.29526253,76.29526253,76.29526253
t_1739,75.28532445,75.28532445,75.28532445,75.28532445
t_1740,74.93340722,74.93340722,74.93340722,74.93340722
t_1741,75.2633571,75.2633571,75.2633571,75.2633571
t_1742,76.25259533,76.25259533,76.25259533,76.25259533
t_1743,77.8336224,77.8336224,77.8336224,77.8336224
t_1744,79.89857537,79.89857537,79.89857537,79.89857537
t_1745,82.30653095,82.30653095,82.30653095,82.30653095
t_1746,84.89306077,84.89306077,84.89306077,84.89306077
t_1747,87.48139191,87.48139191,87.48139191,87.48139191
t_1748,89.89441639,89.89441639,89.89441639,89.89441639
t_1749,91.96673497,91.96673497,91.96673497,91.96673497
t_1750,93.55591751,93.55591751,93.55591751,93.55591751
t_1751,94.55221445,94.55221445,94.55221445,94.55221445
t_1752,94.88605815,94.88605815,94.88605815,94.88605815
t_1753,94.53284225,94.53284225,94.53284225,94.53284225
t_1754,93.51465114,93.51465114,93.51465114,93.51465114
t_1755,91.89881811,91.89881811,91.89881811,91.89881811
t_1756,89.79340622,89.79340622,89.79340622,89.79340622
t_1757,87.33991434,87.33991434,87.33991434,87.33991434
t_1758,84.70370009,84.70370009,84.70370009,84.70370009
t_1759,82.06276669,82.06276669,82.06276669,82.06276669
t_1760,79.59567306,79.59567306,79.59567306,79.59567306
t_1761,77.46938698,77.46938698,77.46938698,77.46938698
t_1762,75.82790645,75.82790645,75.82790645,75.82790645
t_1763,74.78242361,74.78242361,74.78242361,74.78242361
t_1764,74.40370196,74.40370196,74.40370196,74.40370196
t_1765,74.71718904,74.71718904,74.71718904,74.71718904
t_1766,75.70120126,75.70120126,75.70120126,75.70120126
t_1767,77.28831027,77.28831027,77.28831027,77.28831027
t_1768,79.36984268,79.36984268,79.36984268,79.36984268
t_1769,81.80319348,81.80319348,81.80319348,81.80319348
t_1770,84.42146188,84.42146188,84.42146188,84.42146188
t_1771,87.04475962,87.04475962,87.04475962,87.04475962
t_1772,89.49242644,89.49242644,89.49242644,89.49242644
t_1773,91.59532476,91.59532476,91.59532476,91.59532476
t_1774,93.20737786,93.20737786,93.20737786,93.20737786
t_1775,94.2155656,94.2155656,94.2155656,94.2155656
t_1776,94.54769466,94.54769466,94.54769466,94.54769466
t_1777,94.17740982,94.17740982,94.17740982,94.17740982
t_1778,93.12609896,93.12609896,93.12609896,93.12609896
t_1779,91.46155466,91.46155466,91.46155466,91.46155466
t_1780,89.29347524,89.29347524,89.29347524,89.29347524
t_1781,86.76610321,86.76610321,86.76610321,86.76610321
t_1782,84.04849416,84.04849416,84.04849416,84.04849416
t_1783,81.32307162,81.32307162,81.32307162,81.32307162
t_1784,78.7732416,78.7732416,78.7732416,78.7732416
t_1785,76.57090654,76.57090654,76.57090654,76.57090654
t_1786,74.86472747,74.86472747,74.86472747,74.86472747
t_1787,73.76993497,73.76993497,73.76993497,73.76993497
t_1788,73.36038627,73.36038627,73.36038627,73.36038627
t_1789,73.66341529,73.66341529,73.66341529,73.66341529
t_1790,74.65783415,74.65783415,74.65783415,74.65783415
t_1791,76.27523154,76.27523154,76.27523154,76.27523154
t_1792,78.4044896,78.4044896,78.4044896,78.4044896
t_1793,80.89922189,80.89922189,80.89922189,80.89922189
t_1794,83.58763541,83.58763541,83.58763541,83.58763541
t_1795,86.28415346,86.28415346,86.28415346,86.28415346
t_1796,88.80201391,88.80201391,88.80201391,88.80201391
t_1797,90.96598899,90.96598899,90.96598899,90.96598899
t_1798,92.62436116,92.62436116,92.62436116,92.62436116
t_1799,93.65933778,93.65933778,93.65933778,93.65933778
t_1800,93.99519053,93.99519053,93.99519053,93.99519053
t_1801,93.60355776,93.60355776,93.60355776,93.60355776
t_1802,92.50553936,92.50553936,92.50553936,92.50553936
t_1803,90.7704302,90.7704302,90.7704302,90.7704302
t_1804,88.51116672,88.51116672,88.51116672,88.51116672
t_1805,85.87678504,85.87678504,85.87678504,85.87678504
t_1806,83.04239307,83.04239307,83.04239307,83.04239307
t_1807,80.19733069,80.19733069,80.19733069,80.19733069
t_1808,77.53231717,77.53231717,77.53231717,77.53231717
t_1809,75.22645744,75.22645744,75.22645744,75.22645744
t_1810,73.43499127,73.43499127,73.43499127,73.43499127
t_1811,72.27862249,72.27862249,72.27862249,72.27862249
t_1812,71.83516078,71.83516078,71.83516078,71.83516078
t_1813,72.13405426,72.13405426,72.13405426,72.13405426
t_1814,73.15419619,73.15419619,73.15419619,73.15419619
t_1815,74.82516808,74.82516808,74.82516808,74.82516808
t_1816,77.03184789,77.03184789,77.03184789,77.03184789
t_1817,79.62208292,79.62208292,79.62208292,79.62208292
t_1818,82.41691675,82.41691675,82.41691675,82.41691675
t_1819,85.22268405,85.22268405,85.22268405,85.22268405
t_1820,87.84415665,87.84415665,87.84415665,87.84415665
t_1821,90.09784972,90.09784972,90.09784972,90.09784972
t_1822,91.82458209,91.82458209,91.82458209,91.82458209
t_1823,92.90043171,92.90043171,92.90043171,92.90043171
t_1824,93.24533332,93.24533332,93.24533332,93.24533332
t_1825,92.8287223,92.8287223,92.8287223,92.8287223
t_1826,91.67182773,91.67182773,91.67182773,91.67182773
t_1827,89.84644418,89.84644418,89.84644418,89.84644418
t_1828,87.47025071,87.47025071,87.47025071,87.47025071
t_1829,84.69898131,84.69898131,84.69898131,84.69898131
t_1830,81.71596671,81.71596671,81.71596671,81.71596671
t_1831,78.71974898,78.71974898,78.71974898,78.71974898
t_1832,75.91060462,75.91060462,75.91060462,75.91060462
t_1833,73.47689009,73.47689009,73.47689009,73.47689009
t_1834,71.58213969,71.58213969,71.58213969,71.58213969
t_1835,70.35379894,70.35379894,70.35379894,70.35379894
t_1836,69.87436867,69.87436867,69.87436867,69.87436867
t_1837,70.17557478,70.17557478,70.17557478,70.17557478
t_1838,71.23597465,71.23597465,71.23597465,71.23597465
t_1839,72.98217933,72.98217933,72.98217933,72.98217933
t_1840,75.29362457,75.29362457,75.29362457,75.29362457
t_1841,78.01058177,78.01058177,78.01058177,78.01058177
t_1842,80.9448776,80.9448776,80.9448776,80.9448776
t_1843,83.89260362,83.89260362,83.89260362,83.89260362
t_1844,86.64795866,86.64795866,86.64795866,86.64795866
t_1845,89.01728492,89.01728492,89.01728492,89.01728492
t_1846,90.83234152,90.83234152,90.83234152,90.83234152
t_1847,91.96190635,91.96190635,91.96190635,91.96190635
t_1848,92.32090707,92.32090707,92.32090707,92.32090707
t_1849,91.8764464,91.8764464,91.8764464,91.8764464
t_1850,90.65029596,90.65029596,90.65029596,90.65029596
t_1851,88.71767146,88.71767146,88.71767146,88.71767146
t_1852,86.20235491,86.20235491,86.20235491,86.20235491
t_1853,83.26847899,83.26847899,83.26847899,83.26847899
t_1854,80.10951786,80.10951786,80.10951786,80.10951786
t_1855,76.93522206,76.93522206,76.93522206,76.93522206
t_1856,73.95737888,73.95737888,73.95737888,73.95737888
t_1857,71.3753642,71.3753642,71.3753642,71.3753642
t_1858,69.36247067,69.36247067,69.36247067,69.36247067
t_1859,68.05394911,68.05394911,68.05394911,68.05394911
t_1860,67.53758764,67.53758764,67.53758764,67.53758764
t_1861,67.84748428,67.84748428,67.84748428,67.84748428
t_1862,68.96145373,68.96145373,68.96145373,68.96145373
t_1863,70.80226359,70.80226359,70.80226359,70.80226359
t_1864,73.24263467,73.24263467,73.24263467,73.24263467
t_1865,76.1136831,76.1136831,76.1136831,76.1136831
t_1866,79.2162451,79.2162451,79.2162451,79.2162451
t_1867,82.33432597,82.33432597,82.33432597,82.33432597
t_1868,85.2497658,85.2497658,85.2497658,85.2497658
t_1869,87.757127,87.757127,87.757127,87.757127
t_1870,89.67778819,89.67778819,89.67778819,89.67778819
t_1871,90.87227833,90.87227833,90.87227833,90.87227833
t_1872,91.25,91.25,91.25,91.25
t_1873,90.7756645,90.7756645,90.7756645,90.7756645
t_1874,89.4719828,89.4719828,89.4719828,89.4719828
t_1875,87.41840923,87.41840923,87.41840923,87.41840923
t_1876,84.7460037,84.7460037,84.7460037,84.7460037
t_1877,81.62874317,81.62874317,81.62874317,81.62874317
t_1878,78.27185767,78.27185767,78.27185767,78.27185767
t_1879,74.89797187,74.89797187,74.89797187,74.89797187
t_1880,71.7319877,71.7319877,71.7319877,71.7319877
t_1881,68.98573357,68.98573357,68.98573357,68.98573357
t_1882,66.84342774,66.84342774,66.84342774,66.84342774
t_1883,65.44895277,65.44895277,65.44895277,65.44895277
t_1884,64.89581958,64.89581958,64.89581958,64.89581958
t_1885,65.2205206,65.2205206,65.2205206,65.2205206
t_1886,66.3997436,66.3997436,66.3997436,66.3997436
t_1887,68.35165648,68.35165648,68.35165648,68.35165648
t_1888,70.94119649,70.94119649,70.94119649,70.94119649
t_1889,73.98902321,73.98902321,73.98902321,73.98902321
t_1890,77.2835429,77.2835429,77.2835429,77.2835429
t_1891,80.59519859,80.59519859,80.59519859,80.59519859
t_1892,83.69206147,83.69206147,83.69206147,83.69206147
t_1893,86.35566522,86.35566522,86.35566522,86.35566522
t_1894,88.39600261,88.39600261,88.39600261,88.39600261
t_1895,89.66465544,89.66465544,89.66465544,89.66465544
t_1896,90.06515107,90.06515107,90.06515107,90.06515107
t_1897,89.5598233,89.5598233,89.5598233,89.5598233
t_1898,88.17269068,88.17269068,88.17269068,88.17269068
t_1899,85.98813491,85.98813491,85.98813491,85.98813491
t_1900,83.14544756,83.14544756,83.14544756,83.14544756
t_1901,79.8295964,79.8295964,79.8295964,79.8295964
t_1902,76.25882249,76.25882249,76.25882249,76.25882249
t_1903,72.66989924,72.66989924,72.66989924,72.66989924
t_1904,69.30204849,69.30204849,69.30204849,69.30204849
t_1905,66.38060592,66.38060592,66.38060592,66.38060592
t_1906,64.10155074,64.10155074,64.10155074,64.10155074
t_1907,62.61796143,62.61796143,62.61796143,62.61796143
t_1908,62.02933329,62.02933329,62.02933329,62.02933329
t_1909,62.37450271,62.37450271,62.37450271,62.37450271
t_1910,63.62868051,63.62868051,63.62868051,63.62868051
t_1911,65.70481847,65.70481847,65.70481847,65.70481847
t_1912,68.45923806,68.45923806,68.45923806,68.45923806
t_1913,71.70115882,71.70115882,71.70115882,71.70115882
t_1914,75.20549517,75.20549517,75.20549517,75.20549517
t_1915,78.72806399,78.72806399,78.72806399,78.72806399
t_1916,82.02217572,82.02217572,82.02217572,82.02217572
t_1917,84.85548229,84.85548229,84.85548229,84.85548229
t_1918,87.02593119,87.02593119,87.02593119,87.02593119
t_1919,88.37573069,88.37573069,88.37573069,88.37573069
t_1920,88.80236133,88.80236133,88.80236133,88.80236133
t_1921,88.2658655,88.2658655,88.2658655,88.2658655
t_1922,86.79189793,86.79189793,86.79189793,86.79189793
t_1923,84.47030666,84.47030666,84.47030666,84.47030666
t_1924,81.44931859,81.44931859,81.44931859,81.44931859
t_1925,77.92570484,77.92570484,77.92570484,77.92570484
t_1926,74.1315774,74.1315774,74.1315774,74.1315774
t_1927,70.31870302,70.31870302,70.31870302,70.31870302
t_1928,66.74139371,66.74139371,66.74139371,66.74139371
t_1929,63.63913675,63.63913675,63.63913675,63.63913675
t_1930,61.22015022,61.22015022,61.22015022,61.22015022
t_1931,59.64699332,59.64699332,59.64699332,59.64699332
t_1932,59.0252255,59.0252255,59.0252255,59.0252255
t_1933,59.39590542,59.39590542,59.39590542,59.39590542
t_1934,60.73246182,60.73246182,60.73246182,60.73246182
t_1935,62.94217238,62.94217238,62.94217238,62.94217238
t_1936,65.87217243,65.87217243,65.87217243,65.87217243
t_1937,69.31960553,69.31960553,69.31960553,69.31960553
t_1938,73.04524234,73.04524234,73.04524234,73.04524234
t_1939,76.78965409,76.78965409,76.78965409,76.78965409
t_1940,80.29084719,80.29084719,80.29084719,80.29084719
t_1941,83.30216052,83.30216052,83.30216052,83.30216052
t_1942,85.60920285,85.60920285,85.60920285,85.60920285
t_1943,87.04466741,87.04466741,87.04466741,87.04466741
t_1944,87.5,87.5,87.5,87.5
t_1945,94.65905544,94.65905544,94.65905544,94.65905544
t_1946,93.65938993,93.65938993,93.65938993,93.65938993
t_1947,92.06893451,92.06893451,92.06893451,92.06893451
t_1948,89.9957695,89.9957695,89.9957695,89.9957695
t_1949,87.58078347,87.58078347,87.58078347,87.58078347
t_1950,84.98810277,84.98810277,84.98810277,84.98810277
t_1951,82.39394065,82.39394065,82.39394065,82.39394065
t_1952,79.97462237,79.97462237,79.97462237,79.97462237
t_1953,77.89459888,77.89459888,77.89459888,77.89459888
t_1954,76.29526253,76.29526253,76.29526253,76.29526253
t_1955,75.28532445,75.28532445,75.28532445,75.28532445
t_1956,74.93340722,74.93340722,74.93340722,74.93340722
t_1957,75.2633571,75.2633571,75.2633571,75.2633571
t_1958,76.25259533,76.25259533,76.25259533,76.25259533
t_1959,77.8336224,77.8336224,77.8336224,77.8336224
t_1960,79.89857537,79.89857537,79.89857537,79.89857537
t_1961,82.30653095,82.30653095,82.30653095,82.30653095
t_1962,84.89306077,84.89306077,84.89306077,84.89306077
t_1963,87.48139191,87.48139191,87.48139191,87.48139191
t_1964,89.89441639,89.89441639,89.89441639,89.89441639
t_1965,91.96673497,91.96673497,91.96673497,91.96673497
t_1966,93.55591751,93.55591751,93.55591751,93.55591751
t_1967,94.55221445,94.55221445,94.55221445,94.55221445
t_1968,94.88605815,94.88605815,94.88605815,94.88605815
t_1969,94.53284225,94.53284225,94.53284225,94.53284225
t_1970,93.51465114,93.51465114,93.51465114,93.51465114
t_1971,91.89881811,91.89881811,91.89881811,91.89881811
t_1972,89.79340622,89.79340622,89.79340622,89.79340622
t_1973,87.33991434,87.33991434,87.33991434,87.33991434
t_1974,84.70370009,84.70370009,84.70370009,84.70370009
t_1975,82.06276669,82.06276669,82.06276669,82.06276669
t_1976,79.59567306,79.59567306,79.59567306,79.59567306
t_1977,77.46938698,77.46938698,77.46938698,77.46938698
t_1978,75.82790645,75.82790645,75.82790645,75.82790645
t_1979,74.78242361,74.78242361,74.78242361,74.78242361
t_1980,74.40370196,74.40370196,74.40370196,74.40370196
t_1981,74.71718904,74.71718904,74.71718904,74.71718904
t_1982,75.70120126,75.70120126,75.70120126,75.70120126
t_1983,77.28831027,77.28831027,77.28831027,77.28831027
t_1984,79.36984268,79.36984268,79.36984268,79.36984268
t_1985,81.80319348,81.80319348,81.80319348,81.80319348
t_1986,84.42146188,84.42146188,84.42146188,84.42146188
t_1987,87.04475962,87.04475962,87.04475962,87.04475962
t_1988,89.49242644,89.49242644,89.49242644,89.49242644
t_1989,91.59532476,91.59532476,91.59532476,91.59532476
t_1990,93.20737786,93.20737786,93.20737786,93.20737786
t_1991,94.2155656,94.2155656,94.2155656,94.2155656
t_1992,94.54769466,94.54769466,94.54769466,94.54769466
t_1993,94.17740982,94.17740982,94.17740982,94.17740982
t_1994,93.12609896,93.12609896,93.12609896,93.12609896
t_1995,91.46155466,91.46155466,91.46155466,91.46155466
t_1996,89.29347524,89.29347524,89.29347524,89.29347524
t_1997,86.76610321,86.76610321,86.76610321,86.76610321
t_1998,84.04849416,84.04849416,84.04849416,84.04849416
t_1999,81.32307162,81.32307162,81.32307162,81.32307162
t_2000,78.7732416,78.7732416,78.7732416,78.7732416
t_2001,76.57090654,76.57090654,76.57090654,76.57090654
t_2002,74.86472747,74.86472747,74.86472747,74.86472747
t_2003,73.76993497,73.76993497,73.76993497,73.76993497
t_2004,73.36038627,73.36038627,73.36038627,73.36038627
t_2005,73.66341529,73.66341529,73.66341529,73.66341529
t_2006,74.65783415,74.65783415,74.65783415,74.65783415
t_2007,76.27523154,76.27523154,76.27523154,76.27523154
t_2008,78.4044896,78.4044896,78.4044896,78.4044896
t_2009,80.89922189,80.89922189,80.89922189,80.89922189
t_2010,83.58763541,83.58763541,83.58763541,83.58763541
t_2011,86.28415346,86.28415346,86.28415346,86.28415346
t_2012,88.80201391,88.80201391,88.80201391,88.80201391
t_2013,90.96598899,90.96598899,90.96598899,90.96598899
t_2014,92.62436116,92.62436116,92.62436116,92.62436116
t_2015,93.65933778,93.65933778,93.65933778,93.65933778
t_2016,93.99519053,93.99519053,93.99519053,93.99519053
t_2017,93.60355776,93.60355776,93.60355776,93.60355776
t_2018,92.50553936,92.50553936,92.50553936,92.50553936
t_2019,90.7704302,90.7704302,90.7704302,90.7704302
t_2020,88.51116672,88.51116672,88.51116672,88.51116672
t_2021,85.87678504,85.87678504,85.87678504,85.87678504
t_2022,83.04239307,83.04239307,83.04239307,83.04239307
t_2023,80.19733069,80.19733069,80.19733069,80.19733069
t_2024,77.53231717,77.53231717,77.53231717,77.53231717
t_2025,75.22645744,75.22645744,75.22645744,75.22645744
t_2026,73.43499127,73.43499127,73.43499127,73.43499127
t_2027,72.27862249,72.27862249,72.27862249,72.27862249
t_2028,71.83516078,71.83516078,71.83516078,71.83516078
t_2029,72.13405426,72.13405426,72.13405426,72.13405426
t_2030,73.15419619,73.15419619,73.15419619,73.15419619
t_2031,74.82516808,74.82516808,74.82516808,74.82516808
t_2032,77.03184789,77.03184789,77.03184789,77.03184789
t_2033,79.62208292,79.62208292,79.62208292,79.62208292
t_2034,82.41691675,82.41691675,82.41691675,82.41691675
t_2035,85.22268405,85.22268405,85.22268405,85.22268405
t_2036,87.84415665,87.84415665,87.84415665,87.84415665
t_2037,90.09784972,90.09784972,90.09784972,90.09784972
t_2038,91.82458209,91.82458209,91.82458209,91.82458209
t_2039,92.90043171,92.90043171,92.90043171,92.90043171
t_2040,93.24533332,93.24533332,93.24533332,93.24533332
t_2041,92.8287223,92.8287223,92.8287223,92.8287223
t_2042,91.67182773,91.67182773,91.67182773,91.67182773
t_2043,89.84644418,89.84644418,89.84644418,89.84644418
t_2044,87.47025071,87.47025071,87.47025071,87.47025071
t_2045,84.69898131,84.69898131,84.69898131,84.69898131
t_2046,81.71596671,81.71596671,81.71596671,81.71596671
t_2047,78.71974898,78.71974898,78.71974898,78.71974898
t_2048,75.91060462,75.91060462,75.91060462,75.91060462
t_2049,73.47689009,73.47689009,73.47689009,73.47689009
t_2050,71.58213969,71.58213969,71.58213969,71.58213969
t_2051,70.35379894,70.35379894,70.35379894,70.35379894
t_2052,69.87436867,69.87436867,69.87436867,69.87436867
t_2053,70.17557478,70.17557478,70.17557478,70.17557478
t_2054,71.23597465,71.23597465,71.23597465,71.23597465
t_2055,72.98217933,72.98217933,72.98217933,72.98217933
t_2056,75.29362457,75.29362457,75.29362457,75.29362457
t_2057,78.01058177,78.01058177,78.01058177,78.01058177
t_2058,80.9448776,80.9448776,80.9448776,80.9448776
t_2059,83.89260362,83.89260362,83.89260362,83.89260362
t_2060,86.64795866,86.64795866,86.64795866,86.64795866
t_2061,89.01728492,89.01728492,89.01728492,89.01728492
t_2062,90.83234152,90.83234152,90.83234152,90.83234152
t_2063,91.96190635,91.96190635,91.96190635,91.96190635
t_2064,92.32090707,92.32090707,92.32090707,92.32090707
t_2065,91.8764464,91.8764464,91.8764464,91.8764464
t_2066,90.65029596,90.65029596,90.65029596,90.65029596
t_2067,88.71767146,88.71767146,88.71767146,88.71767146
t_2068,86.20235491,86.20235491,86.20235491,86.20235491
t_2069,83.26847899,83.26847899,83.26847899,83.26847899
t_2070,80.10951786,80.10951786,80.10951786,80.10951786
t_2071,76.93522206,76.93522206,76.93522206,76.93522206
t_2072,73.95737888,73.95737888,73.95737888,73.95737888
t_2073,71.3753642,71.3753642,71.3753642,71.3753642
t_2074,69.36247067,69.36247067,69.36247067,69.36247067
t_2075,68.05394911,68.05394911,68.05394911,68.05394911
t_2076,67.53758764,67.53758764,67.53758764,67.53758764
t_2077,67.84748428,67.84748428,67.84748428,67.84748428
t_2078,68.96145373,68.96145373,68.96145373,68.96145373
t_2079,70.80226359,70.80226359,70.80226359,70.80226359
t_2080,73.24263467,73.24263467,73.24263467,73.24263467
t_2081,76.1136831,76.1136831,76.1136831,76.1136831
t_2082,79.2162451,79.2162451,79.2162451,79.2162451
t_2083,82.33432597,82.33432597,82.33432597,82.33432597
t_2084,85.2497658,85.2497658,85.2497658,85.2497658
t_2085,87.757127,87.757127,87.757127,87.757127
t_2086,89.67778819,89.67778819,89.67778819,89.67778819
t_2087,90.87227833,90.87227833,90.87227833,90.87227833
t_2088,91.25,91.25,91.25,91.25
t_2089,90.7756645,90.7756645,90.7756645,90.7756645
t_2090,89.4719828,89.4719828,89.4719828,89.4719828
t_2091,87.41840923,87.41840923,87.41840923,87.41840923
t_2092,84.7460037,84.7460037,84.7460037,84.7460037
t_2093,81.62874317,81.62874317,81.62874317,81.62874317
t_2094,78.27185767,78.27185767,78.27185767,78.27185767
t_2095,74.89797187,74.89797187,74.89797187,74.89797187
t_2096,71.7319877,71.7319877,71.7319877,71.7319877
t_2097,68.98573357,68.98573357,68.98573357,68.98573357
t_2098,66.84342774,66.84342774,66.84342774,66.84342774
t_2099,65.44895277,65.44895277,65.44895277,65.44895277
t_2100,64.89581958,64.89581958,64.89581958,64.89581958
t_2101,65.2205206,65.2205206,65.2205206,65.2205206
t_2102,66.3997436,66.3997436,66.3997436,66.3997436
t_2103,68.35165648,68.35165648,68.35165648,68.35165648
t_2104,70.94119649,70.94119649,70.94119649,70.94119649
t_2105,73.98902321,73.98902321,73.98902321,73.98902321
t_2106,77.2835429,77.2835429,77.2835429,77.2835429
t_2107,80.59519859,80.59519859,80.59519859,80.59519859
t_2108,83.69206147,83.69206147,83.69206147,83.69206147
t_2109,86.35566522,86.35566522,86.35566522,86.35566522
t_2110,88.39600261,88.39600261,88.39600261,88.39600261
t_2111,89.66465544,89.66465544,89.66465544,89.66465544
t_2112,90.06515107,90.06515107,90.06515107,90.06515107
t_2113,89.5598233,89.5598233,89.5598233,89.5598233
t_2114,88.17269068,88.17269068,88.17269068,88.17269068
t_2115,85.98813491,85.98813491,85.98813491,85.98813491
t_2116,83.14544756,83.14544756,83.14544756,83.14544756
t_2117,79.8295964,79.8295964,79.8295964,79.8295964
t_2118,76.25882249,76.25882249,76.25882249,76.25882249
t_2119,72.66989924,72.66989924,72.66989924,72.66989924
t_2120,69.30204849,69.30204849,69.30204849,69.30204849
t_2121,66.38060592,66.38060592,66.38060592,66.38060592
t_2122,64.10155074,64.10155074,64.10155074,64.10155074
t_2123,62.61796143,62.61796143,62.61796143,62.61796143
t_2124,62.02933329,62.02933329,62.02933329,62.02933329
t_2125,62.37450271,62.37450271,62.37450271,62.37450271
t_2126,63.62868051,63.62868051,63.62868051,63.62868051
t_2127,65.70481847,65.70481847,65.70481847,65.70481847
t_2128,68.45923806,68.45923806,68.45923806,68.45923806
t_2129,71.70115882,71.70115882,71.70115882,71.70115882
t_2130,75.20549517,75.20549517,75.20549517,75.20549517
t_2131,78.72806399,78.72806399,78.72806399,78.72806399
t_2132,82.02217572,82.02217572,82.02217572,82.02217572
t_2133,84.85548229,84.85548229,84.85548229,84.85548229
t_2134,87.02593119,87.02593119,87.02593119,87.02593119
t_2135,88.37573069,88.37573069,88.37573069,88.37573069
t_2136,88.80236133,88.80236133,88.80236133,88.80236133
t_2137,88.2658655,88.2658655,88.2658655,88.2658655
t_2138,86.79189793,86.79189793,86.79189793,86.79189793
t_2139,84.47030666,84.47030666,84.47030666,84.47030666
t_2140,81.44931859,81.44931859,81.44931859,81.44931859
t_2141,77.92570484,77.92570484,77.92570484,77.92570484
t_2142,74.1315774,74.1315774,74.1315774,74.1315774
t_2143,70.31870302,70.31870302,70.31870302,70.31870302
t_2144,66.74139371,66.74139371,66.74139371,66.74139371
t_2145,63.63913675,63.63913675,63.63913675,63.63913675
t_2146,61.22015022,61.22015022,61.22015022,61.22015022
t_2147,59.64699332,59.64699332,59.64699332,59.64699332
t_2148,59.0252255,59.0252255,59.0252255,59.0252255
t_2149,59.39590542,59.39590542,59.39590542,59.39590542
t_2150,60.73246182,60.73246182,60.73246182,60.73246182
t_2151,62.94217238,62.94217238,62.94217238,62.94217238
t_2152,65.87217243,65.87217243,65.87217243,65.87217243
t_2153,69.31960553,69.31960553,69.31960553,69.31960553
t_2154,73.04524234,73.04524234,73.04524234,73.04524234
t_2155,76.78965409,76.78965409,76.78965409,76.78965409
t_2156,80.29084719,80.29084719,80.29084719,80.29084719
t_2157,83.30216052,83.30216052,83.30216052,83.30216052
t_2158,85.60920285,85.60920285,85.60920285,85.60920285
t_2159,87.04466741,87.04466741,87.04466741,87.04466741
t_2160,87.5,87.5,87.5,87.5
t_2161,94.65905544,94.65905544,94.65905544,94.65905544
t_2162,93.65938993,93.65938993,93.65938993,93.65938993
t_2163,92.06893451,92.06893451,92.06893451,92.06893451
t_2164,89.9957695,89.9957695,89.9957695,89.9957695
t_2165,87.58078347,87.58078347,87.58078347,87.58078347
t_2166,84.98810277,84.98810277,84.98810277,84.98810277
t_2167,82.39394065,82.39394065,82.39394065,82.39394065
t_2168,79.97462237,79.97462237,79.97462237,79.97462237
t_2169,77.89459888,77.89459888,77.89459888,77.89459888
t_2170,76.29526253,76.29526253,76.29526253,76.29526253
t_2171,75.28532445,75.28532445,75.28532445,75.28532445
t_2172,74.93340722,74.93340722,74.93340722,74.93340722
t_2173,75.2633571,75.2633571,75.2633571,75.2633571
t_2174,76.25259533,76.25259533,76.25259533,76.25259533
t_2175,77.8336224,77.8336224,77.8336224,77.8336224
t_2176,79.89857537,79.89857537,79.89857537,79.89857537
t_2177,82.30653095,82.30653095,82.30653095,82.30653095
t_2178,84.89306077,84.89306077,84.89306077,84.89306077
t_2179,87.48139191,87.48139191,87.48139191,87.48139191
t_2180,89.89441639,89.89441639,89.89441639,89.89441639
t_2181,91.96673497,91.96673497,91.96673497,91.96673497
t_2182,93.55591751,93.55591751,93.55591751,93.55591751
t_2183,94.55221445,94.55221445,94.55221445,94.55221445
t_2184,94.88605815,94.88605815,94.88605815,94.88605815
t_2185,86.93310737,86.93310737,86.93310737,86.93310737
t_2186,85.37155926,85.37155926,85.37155926,85.37155926
t_2187,82.91104292,82.91104292,82.91104292,82.91104292
t_2188,79.70915281,79.70915281,79.70915281,79.70915281
t_2189,75.97491726,75.97491726,75.97491726,75.97491726
t_2190,71.95475766,71.95475766,71.95475766,71.95475766
t_2191,67.91582312,67.91582312,67.91582312,67.91582312
t_2192,64.12782757,64.12782757,64.12782757,64.12782757
t_2193,60.84462419,60.84462419,60.84462419,60.84462419
t_2194,58.28677607,58.28677607,58.28677607,58.28677607
t_2195,56.6263198,56.6263198,56.6263198,56.6263198
t_2196,55.9747745,55.9747745,55.9747745,55.9747745
t_2197,56.37523189,56.37523189,56.37523189,56.37523189
t_2198,57.79908767,57.79908767,57.79908767,57.79908767
t_2199,60.14765982,60.14765982,60.14765982,60.14765982
t_2200,63.25860629,63.25860629,63.25860629,63.25860629
t_2201,66.91672563,66.91672563,66.91672563,66.91672563
t_2202,70.8684226,70.8684226,70.8684226,70.8684226
t_2203,74.83886652,74.83886652,74.83886652,74.83886652
t_2204,78.55068141,78.55068141,78.55068141,78.55068141
t_2205,81.74289678,81.74289678,81.74289678,81.74289678
t_2206,84.18886418,84.18886418,84.18886418,84.18886418
t_2207,85.71190929,85.71190929,85.71190929,85.71190929
t_2208,86.19763867,86.19763867,86.19763867,86.19763867
t_2209,85.6020441,85.6020441,85.6020441,85.6020441
t_2210,83.95483093,83.95483093,83.95483093,83.95483093
t_2211,81.35772114,81.35772114,81.35772114,81.35772114
t_2212,77.97782428,77.97782428,77.97782428,77.97782428
t_2213,74.03650737,74.03650737,74.03650737,74.03650737
t_2214,69.79450483,69.79450483,69.79450483,69.79450483
t_2215,65.53426983,65.53426983,65.53426983,65.53426983
t_2216,61.54076194,61.54076194,61.54076194,61.54076194
t_2217,58.0819781,58.0819781,58.0819781,58.0819781
t_2218,55.39055738,55.39055738,55.39055738,55.39055738
t_2219,53.6477225,53.6477225,53.6477225,53.6477225
t_2220,52.97066671,52.97066671,52.97066671,52.97066671
t_2221,53.40426378,53.40426378,53.40426378,53.40426378
t_2222,54.91768714,54.91768714,54.91768714,54.91768714
t_2223,57.40619064,57.40619064,57.40619064,57.40619064
t_2224,60.69795151,60.69795151,60.69795151,60.69795151
t_2225,64.56552941,64.56552941,64.56552941,64.56552941
t_2226,68.74117751,68.74117751,68.74117751,68.74117751
t_2227,72.93497495,72.93497495,72.93497495,72.93497495
t_2228,76.85455244,76.85455244,76.85455244,76.85455244
t_2229,80.22506853,80.22506853,80.22506853,80.22506853
t_2230,82.80807144,82.80807144,82.80807144,82.80807144
t_2231,84.41795149,84.41795149,84.41795149,84.41795149
t_2232,84.93484893,84.93484893,84.93484893,84.93484893
t_2233,84.31311935,84.31311935,84.31311935,84.31311935
t_2234,82.58475951,82.58475951,82.58475951,82.58475951
t_2235,79.85753821,79.85753821,79.85753821,79.85753821
t_2236,76.30793853,76.30793853,76.30793853,76.30793853
t_2237,72.16937276,72.16937276,72.16937276,72.16937276
t_2238,67.7164571,67.7164571,67.7164571,67.7164571
t_2239,63.24640543,63.24640543,63.24640543,63.24640543
t_2240,59.05880351,59.05880351,59.05880351,59.05880351
t_2241,55.43514008,55.43514008,55.43514008,55.43514008
t_2242,52.61949429,52.61949429,52.61949429,52.61949429
t_2243,50.80170461,50.80170461,50.80170461,50.80170461
t_2244,50.10418042,50.10418042,50.10418042,50.10418042
t_2245,50.57327244,50.57327244,50.57327244,50.57327244
t_2246,52.17581014,52.17581014,52.17581014,52.17581014
t_2247,54.80106299,54.80106299,54.80106299,54.80106299
t_2248,58.2680123,58.2680123,58.2680123,58.2680123
t_2249,62.33745677,62.33745677,62.33745677,62.33745677
t_2250,66.72814233,66.72814233,66.72814233,66.72814233
t_2251,71.13582818,71.13582818,71.13582818,71.13582818
t_2252,75.2539963,75.2539963,75.2539963,75.2539963
t_2253,78.79479421,78.79479421,78.79479421,78.79479421
t_2254,81.50877932,81.50877932,81.50877932,81.50877932
t_2255,83.20211029,83.20211029,83.20211029,83.20211029
t_2256,83.75,83.75,83.75,83.75
t_2257,83.10549646,83.10549646,83.10549646,83.10549646
t_2258,81.30297393,81.30297393,81.30297393,81.30297393
t_2259,78.45607643,78.45607643,78.45607643,78.45607643
t_2260,74.7502342,74.7502342,74.7502342,74.7502342
t_2261,70.43024538,70.43024538,70.43024538,70.43024538
t_2262,65.7837549,65.7837549,65.7837549,65.7837549
t_2263,61.12174555,61.12174555,61.12174555,61.12174555
t_2264,56.75736533,56.75736533,56.75736533,56.75736533
t_2265,52.98453297,52.98453297,52.98453297,52.98453297
t_2266,50.05778415,50.05778415,50.05778415,50.05778415
t_2267,48.17474093,48.17474093,48.17474093,48.17474093
t_2268,47.46241236,47.46241236,47.46241236,47.46241236
t_2269,47.9682761,47.9682761,47.9682761,47.9682761
t_2270,49.65676721,49.65676721,49.65676721,49.65676721
t_2271,52.41143237,52.41143237,52.41143237,52.41143237
t_2272,56.04262112,56.04262112,56.04262112,56.04262112
t_2273,60.30020659,60.30020659,60.30020659,60.30020659
t_2274,64.89048214,64.89048214,64.89048214,64.89048214
t_2275,69.49609236,69.49609236,69.49609236,69.49609236
t_2276,73.79764509,73.79764509,73.79764509,73.79764509
t_2277,77.49553197,77.49553197,77.49553197,77.49553197
t_2278,80.33046615,80.33046615,80.33046615,80.33046615
t_2279,82.10132838,82.10132838,82.10132838,82.10132838
t_2280,82.67909293,82.67909293,82.67909293,82.67909293
t_2281,82.01586844,82.01586844,82.01586844,82.01586844
t_2282,80.1484206,80.1484206,80.1484206,80.1484206
t_2283,77.19591851,77.19591851,77.19591851,77.19591851
t_2284,73.35204134,73.35204134,73.35204134,73.35204134
t_2285,68.87196774,68.87196774,68.87196774,68.87196774
t_2286,64.0551224,64.0551224,64.0551224,64.0551224
t_2287,59.22484687,59.22484687,59.22484687,59.22484687
t_2288,54.70637543,54.70637543,54.70637543,54.70637543
t_2289,50.80461723,50.80461723,50.80461723,50.80461723
t_2290,47.78326323,47.78326323,47.78326323,47.78326323
t_2291,45.84665043,45.84665043,45.84665043,45.84665043
t_2292,45.12563133,45.12563133,45.12563133,45.12563133
t_2293,45.66842628,45.66842628,45.66842628,45.66842628
t_2294,47.4370982,47.4370982,47.4370982,47.4370982
t_2295,50.30990648,50.30990648,50.30990648,50.30990648
t_2296,54.08939538,54.08939538,54.08939538,54.08939538
t_2297,58.51567967,58.51567967,58.51567967,58.51567967
t_2298,63.28403329,63.28403329,63.28403329,63.28403329
t_2299,68.06559004,68.06559004,68.06559004,68.06559004
t_2300,72.52974929,72.52974929,72.52974929,72.52974929
t_2301,76.36675926,76.36675926,76.36675926,76.36675926
t_2302,79.30893439,79.30893439,79.30893439,79.30893439
t_2303,81.14905249,81.14905249,81.14905249,81.14905249
t_2304,81.75466668,81.75466668,81.75466668,81.75466668
t_2305,81.07734308,81.07734308,81.07734308,81.07734308
t_2306,79.15618003,79.15618003,79.15618003,79.15618003
t_2307,76.11535371,76.11535371,76.11535371,76.11535371
t_2308,72.15584335,72.15584335,72.15584335,72.15584335
t_2309,67.5418873,67.5418873,67.5418873,67.5418873
t_2310,62.58308325,62.58308325,62.58308325,62.58308325
t_2311,57.61334573,57.61334573,57.61334573,57.61334573
t_2312,52.96815211,52.96815211,52.96815211,52.96815211
t_2313,48.96162849,48.96162849,48.96162849,48.96162849
t_2314,45.8650417,45.8650417,45.8650417,45.8650417
t_2315,43.88817096,43.88817096,43.88817096,43.88817096
t_2316,43.16483922,43.16483922,43.16483922,43.16483922
t_2317,43.74360273,43.74360273,43.74360273,43.74360273
t_2318,45.58424661,45.58424661,45.58424661,45.58424661
t_2319,48.56033912,48.56033912,48.56033912,48.56033912
t_2320,52.46768283,52.46768283,52.46768283,52.46768283
t_2321,57.03809796,57.03809796,57.03809796,57.03809796
t_2322,61.95760693,61.95760693,61.95760693,61.95760693
t_2323,66.88778631,66.88778631,66.88778631,66.88778631
t_2324,71.48883328,71.48883328,71.48883328,71.48883328
t_2325,75.44277324,75.44277324,75.44277324,75.44277324
t_2326,78.47522275,78.47522275,78.47522275,78.47522275
t_2327,80.37421703,80.37421703,80.37421703,80.37421703
t_2328,81.00480947,81.00480947,81.00480947,81.00480947
t_2329,80.31843701,80.31843701,80.31843701,80.31843701
t_2330,78.35640095,78.35640095,78.35640095,78.35640095
t_2331,75.24721444,75.24721444,75.24721444,75.24721444
t_2332,71.19798609,71.19798609,71.19798609,71.19798609
t_2333,66.4804179,66.4804179,66.4804179,66.4804179
t_2334,61.41236459,61.41236459,61.41236459,61.41236459
t_2335,56.33620675,56.33620675,56.33620675,56.33620675
t_2336,51.5955104,51.5955104,51.5955104,51.5955104
t_2337,47.51156503,47.51156503,47.51156503,47.51156503
t_2338,44.36140374,44.36140374,44.36140374,44.36140374
t_2339,42.35880992,42.35880992,42.35880992,42.35880992
t_2340,41.63961373,41.63961373,41.63961373,41.63961373
t_2341,42.25229024,42.25229024,42.25229024,42.25229024
t_2342,44.15451042,44.15451042,44.15451042,44.15451042
t_2343,47.21589002,47.21589002,47.21589002,47.21589002
t_2344,51.2267584,51.2267584,51.2267584,51.2267584
t_2345,55.91235703,55.91235703,55.91235703,55.91235703
t_2346,60.95150584,60.95150584,60.95150584,60.95150584
t_2347,65.99846814,65.99846814,65.99846814,65.99846814
t_2348,70.70652476,70.70652476,70.70652476,70.70652476
t_2349,74.75164877,74.75164877,74.75164877,74.75164877
t_2350,77.85466315,77.85466315,77.85466315,77.85466315
t_2351,79.80036497,79.80036497,79.80036497,79.80036497
t_2352,80.45230534,80.45230534,80.45230534,80.45230534
t_2353,79.76220919,79.76220919,79.76220919,79.76220919
t_2354,77.77338426,77.77338426,77.77338426,77.77338426
t_2355,74.61787868,74.61787868,74.61787868,74.61787868
t_2356,70.50757356,70.50757356,70.50757356,70.50757356
t_2357,65.71981173,65.71981173,65.71981173,65.71981173
t_2358,60.57853812,60.57853812,60.57853812,60.57853812
t_2359,55.43223517,55.43223517,55.43223517,55.43223517
t_2360,50.63015732,50.63015732,50.63015732,50.63015732
t_2361,46.49848629,46.49848629,46.49848629,46.49848629
t_2362,43.31803663,43.31803663,43.31803663,43.31803663
t_2363,41.30503617,41.30503617,41.30503617,41.30503617
t_2364,40.59629804,40.59629804,40.59629804,40.59629804
t_2365,41.23980161,41.23980161,41.23980161,41.23980161
t_2366,43.19133143,43.19133143,43.19133143,43.19133143
t_2367,46.31740959,46.31740959,46.31740959,46.31740959
t_2368,50.40432694,50.40432694,50.40432694,50.40432694
t_2369,55.17266196,55.17266196,55.17266196,55.17266196
t_2370,60.29629991,60.29629991,60.29629991,60.29629991
t_2371,65.42465701,65.42465701,65.42465701,65.42465701
t_2372,70.20659378,70.20659378,70.20659378,70.20659378
t_2373,74.31438533,74.31438533,74.31438533,74.31438533
t_2374,77.46611098,77.46611098,77.46611098,77.46611098
t_2375,79.44493253,79.44493253,79.44493253,79.44493253
t_2376,80.11394185,80.11394185,80.11394185,80.11394185
t_2377,79.42556034,79.42556034,79.42556034,79.42556034
t_2378,77.4248446,77.4248446,77.4248446,77.4248446
t_2379,74.24646847,74.24646847,74.24646847,74.24646847
t_2380,70.10558361,70.10558361,70.10558361,70.10558361
t_2381,65.28317945,65.28317945,65.28317945,65.28317945
t_2382,60.10693923,60.10693923,60.10693923,60.10693923
t_2383,54.9288977,54.9288977,54.9288977,54.9288977
t_2384,50.10142463,50.10142463,50.10142463,50.10142463
t_2385,45.95317417,45.95317417,45.95317417,45.95317417
t_2386,42.76664256,42.76664256,42.76664256,42.76664256
t_2387,40.75886811,40.75886811,40.75886811,40.75886811
t_2388,40.06659278,40.06659278,40.06659278,40.06659278
t_2389,40.73690077,40.73690077,40.73690077,40.73690077
t_2390,42.72397535,42.72397535,42.72397535,42.72397535
t_2391,45.89219769,45.89219769,45.89219769,45.89219769
t_2392,50.02537763,50.02537763,50.02537763,50.02537763
t_2393,54.841488,54.841488,54.841488,54.841488
t_2394,60.01189723,60.01189723,60.01189723,60.01189723
t_2395,65.18378788,65.18378788,65.18378788,65.18378788
t_2396,70.0042305,70.0042305,70.0042305,70.0042305
t_2397,74.14426892,74.14426892,74.14426892,74.14426892
t_2398,77.32137219,77.32137219,77.32137219,77.32137219
t_2399,79.31871935,79.31871935,79.31871935,79.31871935
t_2400,80.0,80.0,80.0,80.0
t_2401,86.93310737,86.93310737,86.93310737,86.93310737
t_2402,85.37155926,85.37155926,85.37155926,85.37155926
t_2403,82.91104292,82.91104292,82.91104292,82.91104292
t_2404,79.70915281,79.70915281,79.70915281,79.70915281
t_2405,75.97491726,75.97491726,75.97491726,75.97491726
t_2406,71.95475766,71.95475766,71.95475766,71.95475766
t_2407,67.91582312,67.91582312,67.91582312,67.91582312
t_2408,64.12782757,64.12782757,64.12782757,64.12782757
t_2409,60.84462419,60.84462419,60.84462419,60.84462419
t_2410,58.28677607,58.28677607,58.28677607,58.28677607
t_2411,56.6263198,56.6263198,56.6263198,56.6263198
t_2412,55.9747745,55.9747745,55.9747745,55.9747745
t_2413,56.37523189,56.37523189,56.37523189,56.37523189
t_2414,57.79908767,57.79908767,57.79908767,57.79908767
t_2415,60.14765982,60.14765982,60.14765982,60.14765982
t_2416,63.25860629,63.25860629,63.25860629,63.25860629
t_2417,66.91672563,66.91672563,66.91672563,66.91672563
t_2418,70.8684226,70.8684226,70.8684226,70.8684226
t_2419,74.83886652,74.83886652,74.83886652,74.83886652
t_2420,78.55068141,78.55068141,78.55068141,78.55068141
t_2421,81.74289678,81.74289678,81.74289678,81.74289678
t_2422,84.18886418,84.18886418,84.18886418,84.18886418
t_2423,85.71190929,85.71190929,85.71190929,85.71190929
t_2424,86.19763867,86.19763867,86.19763867,86.19763867
t_2425,85.6020441,85.6020441,85.6020441,85.6020441
t_2426,83.95483093,83.95483093,83.95483093,83.95483093
t_2427,81.35772114,81.35772114,81.35772114,81.35772114
t_2428,77.97782428,77.97782428,77.97782428,77.97782428
t_2429,74.03650737,74.03650737,74.03650737,74.03650737
t_2430,69.79450483,69.79450483,69.79450483,69.79450483
t_2431,65.53426983,65.53426983,65.53426983,65.53426983
t_2432,61.54076194,61.54076194,61.54076194,61.54076194
t_2433,58.0819781,58.0819781,58.0819781,58.0819781
t_2434,55.39055738,55.39055738,55.39055738,55.39055738
t_2435,53.6477225,53.6477225,53.6477225,53.6477225
t_2436,52.97066671,52.97066671,52.97066671,52.97066671
t_2437,53.40426378,53.40426378,53.40426378,53.40426378
t_2438,54.91768714,54.91768714,54.91768714,54.91768714
t_2439,57.40619064,57.40619064,57.40619064,57.40619064
t_2440,60.69795151,60.69795151,60.69795151,60.69795151
t_2441,64.56552941,64.56552941,64.56552941,64.56552941
t_2442,68.74117751,68.74117751,68.74117751,68.74117751
t_2443,72.93497495,72.93497495,72.93497495,72.93497495
t_2444,76.85455244,76.85455244,76.85455244,76.85455244
t_2445,80.22506853,80.22506853,80.22506853,80.22506853
t_2446,82.80807144,82.80807144,82.80807144,82.80807144
t_2447,84.41795149,84.41795149,84.41795149,84.41795149
t_2448,84.93484893,84.93484893,84.93484893,84.93484893
t_2449,84.31311935,84.31311935,84.31311935,84.31311935
t_2450,82.58475951,82.58475951,82.58475951,82.58475951
t_2451,79.85753821,79.85753821,79.85753821,79.85753821
t_2452,76.30793853,76.30793853,76.30793853,76.30793853
t_2453,72.16937276,72.16937276,72.16937276,72.16937276
t_2454,67.7164571,67.7164571,67.7164571,67.7164571
t_2455,63.24640543,63.24640543,63.24640543,63.24640543
t_2456,59.05880351,59.05880351,59.05880351,59.05880351
t_2457,55.43514008,55.43514008,55.43514008,55.43514008
t_2458,52.61949429,52.61949429,52.61949429,52.61949429
t_2459,50.80170461,50.80170461,50.80170461,50.80170461
t_2460,50.10418042,50.10418042,50.10418042,50.10418042
t_2461,50.57327244,50.57327244,50.57327244,50.57327244
t_2462,52.17581014,52.17581014,52.17581014,52.17581014
t_2463,54.80106299,54.80106299,54.80106299,54.80106299
t_2464,58.2680123,58.2680123,58.2680123,58.2680123
t_2465,62.33745677,62.33745677,62.33745677,62.33745677
t_2466,66.72814233,66.72814233,66.72814233,66.72814233
t_2467,71.13582818,71.13582818,71.13582818,71.13582818
t_2468,75.2539963,75.2539963,75.2539963,75.2539963
t_2469,78.79479421,78.79479421,78.79479421,78.79479421
t_2470,81.50877932,81.50877932,81.50877932,81.50877932
t_2471,83.20211029,83.20211029,83.20211029,83.20211029
t_2472,83.75,83.75,83.75,83.75
t_2473,83.10549646,83.10549646,83.10549646,83.10549646
t_2474,81.30297393,81.30297393,81.30297393,81.30297393
t_2475,78.45607643,78.45607643,78.45607643,78.45607643
t_2476,74.7502342,74.7502342,74.7502342,74.7502342
t_2477,70.43024538,70.43024538,70.43024538,70.43024538
t_2478,65.7837549,65.7837549,65.7837549,65.7837549
t_2479,61.12174555,61.12174555,61.12174555,61.12174555
t_2480,56.75736533,56.75736533,56.75736533,56.75736533
t_2481,52.98453297,52.98453297,52.98453297,52.98453297
t_2482,50.05778415,50.05778415,50.05778415,50.05778415
t_2483,48.17474093,48.17474093,48.17474093,48.17474093
t_2484,47.46241236,47.46241236,47.46241236,47.46241236
t_2485,47.9682761,47.9682761,47.9682761,47.9682761
t_2486,49.65676721,49.65676721,49.65676721,49.65676721
t_2487,52.41143237,52.41143237,52.41143237,52.41143237
t_2488,56.04262112,56.04262112,56.04262112,56.04262112
t_2489,60.30020659,60.30020659,60.30020659,60.30020659
t_2490,64.89048214,64.89048214,64.89048214,64.89048214
t_2491,69.49609236,69.49609236,69.49609236,69.49609236
t_2492,73.79764509,73.79764509,73.79764509,73.79764509
t_2493,77.49553197,77.49553197,77.49553197,77.49553197
t_2494,80.33046615,80.33046615,80.33046615,80.33046615
t_2495,82.10132838,82.10132838,82.10132838,82.10132838
t_2496,82.67909293,82.67909293,82.67909293,82.67909293
t_2497,82.01586844,82.01586844,82.01586844,82.01586844
t_2498,80.1484206,80.1484206,80.1484206,80.1484206
t_2499,77.19591851,77.19591851,77.19591851,77.19591851
t_2500,73.35204134,73.35204134,73.35204134,73.35204134
t_2501,68.87196774,68.87196774,68.87196774,68.87196774
t_2502,64.0551224,64.0551224,64.0551224,64.0551224
t_2503,59.22484687,59.22484687,59.22484687,59.22484687
t_2504,54.70637543,54.70637543,54.70637543,54.70637543
t_2505,50.80461723,50.80461723,50.80461723,50.80461723
t_2506,47.78326323,47.78326323,47.78326323,47.78326323
t_2507,45.84665043,45.84665043,45.84665043,45.84665043
t_2508,45.12563133,45.12563133,45.12563133,45.12563133
t_2509,45.66842628,45.66842628,45.66842628,45.66842628
t_2510,47.4370982,47.4370982,47.4370982,47.4370982
t_2511,50.30990648,50.30990648,50.30990648,50.30990648
t_2512,54.08939538,54.08939538,54.08939538,54.08939538
t_2513,58.51567967,58.51567967,58.51567967,58.51567967
t_2514,63.28403329,63.28403329,63.28403329,63.28403329
t_2515,68.06559004,68.06559004,68.06559004,68.06559004
t_2516,72.52974929,72.52974929,72.52974929,72.52974929
t_2517,76.36675926,76.36675926,76.36675926,76.36675926
t_2518,79.30893439,79.30893439,79.30893439,79.30893439
t_2519,81.14905249,81.14905249,81.14905249,81.14905249
t_2520,81.75466668,81.75466668,81.75466668,81.75466668
t_2521,81.07734308,81.07734308,81.07734308,81.07734308
t_2522,79.15618003,79.15618003,79.15618003,79.15618003
t_2523,76.11535371,76.11535371,76.11535371,76.11535371
t_2524,72.15584335,72.15584335,72.15584335,72.15584335
t_2525,67.5418873,67.5418873,67.5418873,67.5418873
t_2526,62.58308325,62.58308325,62.58308325,62.58308325
t_2527,57.61334573,57.61334573,57.61334573,57.61334573
t_2528,52.96815211,52.96815211,52.96815211,52.96815211
t_2529,48.96162849,48.96162849,48.96162849,48.96162849
t_2530,45.8650417,45.8650417,45.8650417,45.8650417
t_2531,43.88817096,43.88817096,43.88817096,43.88817096
t_2532,43.16483922,43.16483922,43.16483922,43.16483922
t_2533,43.74360273,43.74360273,43.74360273,43.74360273
t_2534,45.58424661,45.58424661,45.58424661,45.58424661
t_2535,48.56033912,48.56033912,48.56033912,48.56033912
t_2536,52.46768283,52.46768283,52.46768283,52.46768283
t_2537,57.03809796,57.03809796,57.03809796,57.03809796
t_2538,61.95760693,61.95760693,61.95760693,61.95760693
t_2539,66.88778631,66.88778631,66.88778631,66.88778631
t_2540,71.48883328,71.48883328,71.48883328,71.48883328
t_2541,75.44277324,75.44277324,75.44277324,75.44277324
t_2542,78.47522275,78.47522275,78.47522275,78.47522275
t_2543,80.37421703,80.37421703,80.37421703,80.37421703
t_2544,81.00480947,81.00480947,81.00480947,81.00480947
t_2545,80.31843701,80.31843701,80.31843701,80.31843701
t_2546,78.35640095,78.35640095,78.35640095,78.35640095
t_2547,75.24721444,75.24721444,75.24721444,75.24721444
t_2548,71.19798609,71.19798609,71.19798609,71.19798609
t_2549,66.4804179,66.4804179,66.4804179,66.4804179
t_2550,61.41236459,61.41236459,61.41236459,61.41236459
t_2551,56.33620675,56.33620675,56.33620675,56.33620675
t_2552,51.5955104,51.5955104,51.5955104,51.5955104
t_2553,47.51156503,47.51156503,47.51156503,47.51156503
t_2554,44.36140374,44.36140374,44.36140374,44.36140374
t_2555,42.35880992,42.35880992,42.35880992,42.35880992
t_2556,41.63961373,41.63961373,41.63961373,41.63961373
t_2557,42.25229024,42.25229024,42.25229024,42.25229024
t_2558,44.15451042,44.15451042,44.15451042,44.15451042
t_2559,47.21589002,47.21589002,47.21589002,47.21589002
t_2560,51.2267584,51.2267584,51.2267584,51.2267584
t_2561,55.91235703,55.91235703,55.91235703,55.91235703
t_2562,60.95150584,60.95150584,60.95150584,60.95150584
t_2563,65.99846814,65.99846814,65.99846814,65.99846814
t_2564,70.70652476,70.70652476,70.70652476,70.70652476
t_2565,74.75164877,74.75164877,74.75164877,74.75164877
t_2566,77.85466315,77.85466315,77.85466315,77.85466315
t_2567,79.80036497,79.80036497,79.80036497,79.80036497
t_2568,80.45230534,80.45230534,80.45230534,80.45230534
t_2569,79.76220919,79.76220919,79.76220919,79.76220919
t_2570,77.77338426,77.77338426,77.77338426,77.77338426
t_2571,74.61787868,74.61787868,74.61787868,74.61787868
t_2572,70.50757356,70.50757356,70.50757356,70.50757356
t_2573,65.71981173,65.71981173,65.71981173,65.71981173
t_2574,60.57853812,60.57853812,60.57853812,60.57853812
t_2575,55.43223517,55.43223517,55.43223517,55.43223517
t_2576,50.63015732,50.63015732,50.63015732,50.63015732
t_2577,46.49848629,46.49848629,46.49848629,46.49848629
t_2578,43.31803663,43.31803663,43.31803663,43.31803663
t_2579,41.30503617,41.30503617,41.30503617,41.30503617
t_2580,40.59629804,40.59629804,40.59629804,40.59629804
t_2581,41.23980161,41.23980161,41.23980161,41.23980161
t_2582,43.19133143,43.19133143,43.19133143,43.19133143
t_2583,46.31740959,46.31740959,46.31740959,46.31740959
t_2584,50.40432694,50.40432694,50.40432694,50.40432694
t_2585,55.17266196,55.17266196,55.17266196,55.17266196
t_2586,60.29629991,60.29629991,60.29629991,60.29629991
t_2587,65.42465701,65.42465701,65.42465701,65.42465701
t_2588,70.20659378,70.20659378,70.20659378,70.20659378
t_2589,74.31438533,74.31438533,74.31438533,74.31438533
t_2590,77.46611098,77.46611098,77.46611098,77.46611098
t_2591,79.44493253,79.44493253,79.44493253,79.44493253
t_2592,80.11394185,80.11394185,80.11394185,80.11394185
t_2593,79.42556034,79.42556034,79.42556034,79.42556034
t_2594,77.4248446,77.4248446,77.4248446,77.4248446
t_2595,74.24646847,74.24646847,74.24646847,74.24646847
t_2596,70.10558361,70.10558361,70.10558361,70.10558361
t_2597,65.28317945,65.28317945,65.28317945,65.28317945
t_2598,60.10693923,60.10693923,60.10693923,60.10693923
t_2599,54.9288977,54.9288977,54.9288977,54.9288977
t_2600,50.10142463,50.10142463,50.10142463,50.10142463
t_2601,45.95317417,45.95317417,45.95317417,45.95317417
t_2602,42.76664256,42.76664256,42.76664256,42.76664256
t_2603,40.75886811,40.75886811,40.75886811,40.75886811
t_2604,40.06659278,40.06659278,40.06659278,40.06659278
t_2605,40.73690077,40.73690077,40.73690077,40.73690077
t_2606,42.72397535,42.72397535,42.72397535,42.72397535
t_2607,45.89219769,45.89219769,45.89219769,45.89219769
t_2608,50.02537763,50.02537763,50.02537763,50.02537763
t_2609,54.841488,54.841488,54.841488,54.841488
t_2610,60.01189723,60.01189723,60.01189723,60.01189723
t_2611,65.18378788,65.18378788,65.18378788,65.18378788
t_2612,70.0042305,70.0042305,70.0042305,70.0042305
t_2613,74.14426892,74.14426892,74.14426892,74.14426892
t_2614,77.32137219,77.32137219,77.32137219,77.32137219
t_2615,79.31871935,79.31871935,79.31871935,79.31871935
t_2616,80.0,80.0,80.0,80.0
t_2617,86.93310737,86.93310737,86.93310737,86.93310737
t_2618,85.37155926,85.37155926,85.37155926,85.37155926
t_2619,82.91104292,82.91104292,82.91104292,82.91104292
t_2620,79.70915281,79.70915281,79.70915281,79.70915281
t_2621,75.97491726,75.97491726,75.97491726,75.97491726
t_2622,71.95475766,71.95475766,71.95475766,71.95475766
t_2623,67.91582312,67.91582312,67.91582312,67.91582312
t_2624,64.12782757,64.12782757,64.12782757,64.12782757
t_2625,60.84462419,60.84462419,60.84462419,60.84462419
t_2626,58.28677607,58.28677607,58.28677607,58.28677607
t_2627,56.6263198,56.6263198,56.6263198,56.6263198
t_2628,55.9747745,55.9747745,55.9747745,55.9747745
t_2629,56.37523189,56.37523189,56.37523189,56.37523189
t_2630,57.79908767,57.79908767,57.79908767,57.79908767
t_2631,60.14765982,60.14765982,60.14765982,60.14765982
t_2632,63.25860629,63.25860629,63.25860629,63.25860629
t_2633,66.91672563,66.91672563,66.91672563,66.91672563
t_2634,70.8684226,70.8684226,70.8684226,70.8684226
t_2635,74.83886652,74.83886652,74.83886652,74.83886652
t_2636,78.55068141,78.55068141,78.55068141,78.55068141
t_2637,81.74289678,81.74289678,81.74289678,81.74289678
t_2638,84.18886418,84.18886418,84.18886418,84.18886418
t_2639,85.71190929,85.71190929,85.71190929,85.71190929
t_2640,86.19763867,86.19763867,86.19763867,86.19763867
t_2641,85.6020441,85.6020441,85.6020441,85.6020441
t_2642,83.95483093,83.95483093,83.95483093,83.95483093
t_2643,81.35772114,81.35772114,81.35772114,81.35772114
t_2644,77.97782428,77.97782428,77.97782428,77.97782428
t_2645,74.03650737,74.03650737,74.03650737,74.03650737
t_2646,69.79450483,69.79450483,69.79450483,69.79450483
t_2647,65.53426983,65.53426983,65.53426983,65.53426983
t_2648,61.54076194,61.54076194,61.54076194,61.54076194
t_2649,58.0819781,58.0819781,58.0819781,58.0819781
t_2650,55.39055738,55.39055738,55.39055738,55.39055738
t_2651,53.6477225,53.6477225,53.6477225,53.6477225
t_2652,52.97066671,52.97066671,52.97066671,52.97066671
t_2653,53.40426378,53.40426378,53.40426378,53.40426378
t_2654,54.91768714,54.91768714,54.91768714,54.91768714
t_2655,57.40619064,57.40619064,57.40619064,57.40619064
t_2656,60.69795151,60.69795151,60.69795151,60.69795151
t_2657,64.56552941,64.56552941,64.56552941,64.56552941
t_2658,68.74117751,68.74117751,68.74117751,68.74117751
t_2659,72.93497495,72.93497495,72.93497495,72.93497495
t_2660,76.85455244,76.85455244,76.85455244,76.85455244
t_2661,80.22506853,80.22506853,80.22506853,80.22506853
t_2662,82.80807144,82.80807144,82.80807144,82.80807144
t_2663,84.41795149,84.41795149,84.41795149,84.41795149
t_2664,84.93484893,84.93484893,84.93484893,84.93484893
t_2665,84.31311935,84.31311935,84.31311935,84.31311935
t_2666,82.58475951,82.58475951,82.58475951,82.58475951
t_2667,79.85753821,79.85753821,79.85753821,79.85753821
t_2668,76.30793853,76.30793853,76.30793853,76.30793853
t_2669,72.16937276,72.16937276,72.16937276,72.16937276
t_2670,67.7164571,67.7164571,67.7164571,67.7164571
t_2671,63.24640543,63.24640543,63.24640543,63.24640543
t_2672,59.05880351,59.05880351,59.05880351,59.05880351
t_2673,55.43514008,55.43514008,55.43514008,55.43514008
t_2674,52.61949429,52.61949429,52.61949429,52.61949429
t_2675,50.80170461,50.80170461,50.80170461,50.80170461
t_2676,50.10418042,50.10418042,50.10418042,50.10418042
t_2677,50.57327244,50.57327244,50.57327244,50.57327244
t_2678,52.17581014,52.17581014,52.17581014,52.17581014
t_2679,54.80106299,54.80106299,54.80106299,54.80106299
t_2680,58.2680123,58.2680123,58.2680123,58.2680123
t_2681,62.33745677,62.33745677,62.33745677,62.33745677
t_2682,66.72814233,66.72814233,66.72814233,66.72814233
t_2683,71.13582818,71.13582818,71.13582818,71.13582818
t_2684,75.2539963,75.2539963,75.2539963,75.2539963
t_2685,78.79479421,78.79479421,78.79479421,78.79479421
t_2686,81.50877932,81.50877932,81.50877932,81.50877932
t_2687,83.20211029,83.20211029,83.20211029,83.20211029
t_2688,83.75,83.75,83.75,83.75
t_2689,83.10549646,83.10549646,83.10549646,83.10549646
t_2690,81.30297393,81.30297393,81.30297393,81.30297393
t_2691,78.45607643,78.45607643,78.45607643,78.45607643
t_2692,74.7502342,74.7502342,74.7502342,74.7502342
t_2693,70.43024538,70.43024538,70.43024538,70.43024538
t_2694,65.7837549,65.7837549,65.7837549,65.7837549
t_2695,61.12174555,61.12174555,61.12174555,61.12174555
t_2696,56.75736533,56.75736533,56.75736533,56.75736533
t_2697,52.98453297,52.98453297,52.98453297,52.98453297
t_2698,50.05778415,50.05778415,50.05778415,50.05778415
t_2699,48.17474093,48.17474093,48.17474093,48.17474093
t_2700,47.46241236,47.46241236,47.46241236,47.46241236
t_2701,47.9682761,47.9682761,47.9682761,47.9682761
t_2702,49.65676721,49.65676721,49.65676721,49.65676721
t_2703,52.41143237,52.41143237,52.41143237,52.41143237
t_2704,56.04262112,56.04262112,56.04262112,56.04262112
t_2705,60.30020659,60.30020659,60.30020659,60.30020659
t_2706,64.89048214,64.89048214,64.89048214,64.89048214
t_2707,69.49609236,69.49609236,69.49609236,69.49609236
t_2708,73.79764509,73.79764509,73.79764509,73.79764509
t_2709,77.49553197,77.49553197,77.49553197,77.49553197
t_2710,80.33046615,80.33046615,80.33046615,80.33046615
t_2711,82.10132838,82.10132838,82.10132838,82.10132838
t_2712,82.67909293,82.67909293,82.67909293,82.67909293
t_2713,82.01586844,82.01586844,82.01586844,82.01586844
t_2714,80.1484206,80.1484206,80.1484206,80.1484206
t_2715,77.19591851,77.19591851,77.19591851,77.19591851
t_2716,73.35204134,73.35204134,73.35204134,73.35204134
t_2717,68.87196774,68.87196774,68.87196774,68.87196774
t_2718,64.0551224,64.0551224,64.0551224,64.0551224
t_2719,59.22484687,59.22484687,59.22484687,59.22484687
t_2720,54.70637543,54.70637543,54.70637543,54.70637543
t_2721,50.80461723,50.80461723,50.80461723,50.80461723
t_2722,47.78326323,47.78326323,47.78326323,47.78326323
t_2723,45.84665043,45.84665043,45.84665043,45.84665043
t_2724,45.12563133,45.12563133,45.12563133,45.12563133
t_2725,45.66842628,45.66842628,45.66842628,45.66842628
t_2726,47.4370982,47.4370982,47.4370982,47.4370982
t_2727,50.30990648,50.30990648,50.30990648,50.30990648
t_2728,54.08939538,54.08939538,54.08939538,54.08939538
t_2729,58.51567967,58.51567967,58.51567967,58.51567967
t_2730,63.28403329,63.28403329,63.28403329,63.28403329
t_2731,68.06559004,68.06559004,68.06559004,68.06559004
t_2732,72.52974929,72.52974929,72.52974929,72.52974929
t_2733,76.36675926,76.36675926,76.36675926,76.36675926
t_2734,79.30893439,79.30893439,79.30893439,79.30893439
t_2735,81.14905249,81.14905249,81.14905249,81.14905249
t_2736,81.75466668,81.75466668,81.75466668,81.75466668
t_2737,81.07734308,81.07734308,81.07734308,81.07734308
t_2738,79.15618003,79.15618003,79.15618003,79.15618003
t_2739,76.11535371,76.11535371,76.11535371,76.11535371
t_2740,72.15584335,72.15584335,72.15584335,72.15584335
t_2741,67.5418873,67.5418873,67.5418873,67.5418873
t_2742,62.58308325,62.58308325,62.58308325,62.58308325
t_2743,57.61334573,57.61334573,57.61334573,57.61334573
t_2744,52.96815211,52.96815211,52.96815211,52.96815211
t_2745,48.96162849,48.96162849,48.96162849,48.96162849
t_2746,45.8650417,45.8650417,45.8650417,45.8650417
t_2747,43.88817096,43.88817096,43.88817096,43.88817096
t_2748,43.16483922,43.16483922,43.16483922,43.16483922
t_2749,43.74360273,43.74360273,43.74360273,43.74360273
t_2750,45.58424661,45.58424661,45.58424661,45.58424661
t_2751,48.56033912,48.56033912,48.56033912,48.56033912
t_2752,52.46768283,52.46768283,52.46768283,52.46768283
t_2753,57.03809796,57.03809796,57.03809796,57.03809796
t_2754,61.95760693,61.95760693,61.95760693,61.95760693
t_2755,66.88778631,66.88778631,66.88778631,66.88778631
t_2756,71.48883328,71.48883328,71.48883328,71.48883328
t_2757,75.44277324,75.44277324,75.44277324,75.44277324
t_2758,78.47522275,78.47522275,78.47522275,78.47522275
t_2759,80.37421703,80.37421703,80.37421703,80.37421703
t_2760,81.00480947,81.00480947,81.00480947,81.00480947
t_2761,80.31843701,80.31843701,80.31843701,80.31843701
t_2762,78.35640095,78.35640095,78.35640095,78.35640095
t_2763,75.24721444,75.24721444,75.24721444,75.24721444
t_2764,71.19798609,71.19798609,71.19798609,71.19798609
t_2765,66.4804179,66.4804179,66.4804179,66.4804179
t_2766,61.41236459,61.41236459,61.41236459,61.41236459
t_2767,56.33620675,56.33620675,56.33620675,56.33620675
t_2768,51.5955104,51.5955104,51.5955104,51.5955104
t_2769,47.51156503,47.51156503,47.51156503,47.51156503
t_2770,44.36140374,44.36140374,44.36140374,44.36140374
t_2771,42.35880992,42.35880992,42.35880992,42.35880992
t_2772,41.63961373,41.63961373,41.63961373,41.63961373
t_2773,42.25229024,42.25229024,42.25229024,42.25229024
t_2774,44.15451042,44.15451042,44.15451042,44.15451042
t_2775,47.21589002,47.21589002,47.21589002,47.21589002
t_2776,51.2267584,51.2267584,51.2267584,51.2267584
t_2777,55.91235703,55.91235703,55.91235703,55.91235703
t_2778,60.95150584,60.95150584,60.95150584,60.95150584
t_2779,65.99846814,65.99846814,65.99846814,65.99846814
t_2780,70.70652476,70.70652476,70.70652476,70.70652476
t_2781,74.75164877,74.75164877,74.75164877,74.75164877
t_2782,77.85466315,77.85466315,77.85466315,77.85466315
t_2783,79.80036497,79.80036497,79.80036497,79.80036497
t_2784,80.45230534,80.45230534,80.45230534,80.45230534
t_2785,79.76220919,79.76220919,79.76220919,79.76220919
t_2786,77.77338426,77.77338426,77.77338426,77.77338426
t_2787,74.61787868,74.61787868,74.61787868,74.61787868
t_2788,70.50757356,70.50757356,70.50757356,70.50757356
t_2789,65.71981173,65.71981173,65.71981173,65.71981173
t_2790,60.57853812,60.57853812,60.57853812,60.57853812
t_2791,55.43223517,55.43223517,55.43223517,55.43223517
t_2792,50.63015732,50.63015732,50.63015732,50.63015732
t_2793,46.49848629,46.49848629,46.49848629,46.49848629
t_2794,43.31803663,43.31803663,43.31803663,43.31803663
t_2795,41.30503617,41.30503617,41.30503617,41.30503617
t_2796,40.59629804,40.59629804,40.59629804,40.59629804
t_2797,41.23980161,41.23980161,41.23980161,41.23980161
t_2798,43.19133143,43.19133143,43.19133143,43.19133143
t_2799,46.31740959,46.31740959,46.31740959,46.31740959
t_2800,50.40432694,50.40432694,50.40432694,50.40432694
t_2801,55.17266196,55.17266196,55.17266196,55.17266196
t_2802,60.29629991,60.29629991,60.29629991,60.29629991
t_2803,65.42465701,65.42465701,65.42465701,65.42465701
t_2804,70.20659378,70.20659378,70.20659378,70.20659378
t_2805,74.31438533,74.31438533,74.31438533,74.31438533
t_2806,77.46611098,77.46611098,77.46611098,77.46611098
t_2807,79.44493253,79.44493253,79.44493253,79.44493253
t_2808,80.11394185,80.11394185,80.11394185,80.11394185
t_2809,79.42556034,79.42556034,79.42556034,79.42556034
t_2810,77.4248446,77.4248446,77.4248446,77.4248446
t_2811,74.24646847,74.24646847,74.24646847,74.24646847
t_2812,70.10558361,70.10558361,70.10558361,70.10558361
t_2813,65.28317945,65.28317945,65.28317945,65.28317945
t_2814,60.10693923,60.10693923,60.10693923,60.10693923
t_2815,54.9288977,54.9288977,54.9288977,54.9288977
t_2816,50.10142463,50.10142463,50.10142463,50.10142463
t_2817,45.95317417,45.95317417,45.95317417,45.95317417
t_2818,42.76664256,42.76664256,42.76664256,42.76664256
t_2819,40.75886811,40.75886811,40.75886811,40.75886811
t_2820,40.06659278,40.06659278,40.06659278,40.06659278
t_2821,40.73690077,40.73690077,40.73690077,40.73690077
t_2822,42.72397535,42.72397535,42.72397535,42.72397535
t_2823,45.89219769,45.89219769,45.89219769,45.89219769
t_2824,50.02537763,50.02537763,50.02537763,50.02537763
t_2825,54.841488,54.841488,54.841488,54.841488
t_2826,60.01189723,60.01189723,60.01189723,60.01189723
t_2827,65.18378788,65.18378788,65.18378788,65.18378788
t_2828,70.0042305,70.0042305,70.0042305,70.0042305
t_2829,74.14426892,74.14426892,74.14426892,74.14426892
t_2830,77.32137219,77.32137219,77.32137219,77.32137219
t_2831,79.31871935,79.31871935,79.31871935,79.31871935
t_2832,80.0,80.0,80.0,80.0
t_2833,86.93310737,86.93310737,86.93310737,86.93310737
t_2834,85.37155926,85.37155926,85.37155926,85.37155926
t_2835,82.91104292,82.91104292,82.91104292,82.91104292
t_2836,79.70915281,79.70915281,79.70915281,79.70915281
t_2837,75.97491726,75.97491726,75.97491726,75.97491726
t_2838,71.95475766,71.95475766,71.95475766,71.95475766
t_2839,67.91582312,67.91582312,67.91582312,67.91582312
t_2840,64.12782757,64.12782757,64.12782757,64.12782757
t_2841,60.84462419,60.84462419,60.84462419,60.84462419
t_2842,58.28677607,58.28677607,58.28677607,58.28677607
t_2843,56.6263198,56.6263198,56.6263198,56.6263198
t_2844,55.9747745,55.9747745,55.9747745,55.9747745
t_2845,56.37523189,56.37523189,56.37523189,56.37523189
t_2846,57.79908767,57.79908767,57.79908767,57.79908767
t_2847,60.14765982,60.14765982,60.14765982,60.14765982
t_2848,63.25860629,63.25860629,63.25860629,63.25860629
t_2849,66.91672563,66.91672563,66.91672563,66.91672563
t_2850,70.8684226,70.8684226,70.8684226,70.8684226
t_2851,74.83886652,74.83886652,74.83886652,74.83886652
t_2852,78.55068141,78.55068141,78.55068141,78.55068141
t_2853,81.74289678,81.74289678,81.74289678,81.74289678
t_2854,84.18886418,84.18886418,84.18886418,84.18886418
t_2855,85.71190929,85.71190929,85.71190929,85.71190929
t_2856,86.19763867,86.19763867,86.19763867,86.19763867
t_2857,85.6020441,85.6020441,85.6020441,85.6020441
t_2858,83.95483093,83.95483093,83.95483093,83.95483093
t_2859,81.35772114,81.35772114,81.35772114,81.35772114
t_2860,77.97782428,77.97782428,77.97782428,77.97782428
t_2861,74.03650737,74.03650737,74.03650737,74.03650737
t_2862,69.79450483,69.79450483,69.79450483,69.79450483
t_2863,65.53426983,65.53426983,65.53426983,65.53426983
t_2864,61.54076194,61.54076194,61.54076194,61.54076194
t_2865,58.0819781,58.0819781,58.0819781,58.0819781
t_2866,55.39055738,55.39055738,55.39055738,55.39055738
t_2867,53.6477225,53.6477225,53.6477225,53.6477225
t_2868,52.97066671,52.97066671,52.97066671,52.97066671
t_2869,53.40426378,53.40426378,53.40426378,53.40426378
t_2870,54.91768714,54.91768714,54.91768714,54.91768714
t_2871,57.40619064,57.40619064,57.40619064,57.40619064
t_2872,60.69795151,60.69795151,60.69795151,60.69795151
t_2873,64.56552941,64.56552941,64.56552941,64.56552941
t_2874,68.74117751,68.74117751,68.74117751,68.74117751
t_2875,72.93497495,72.93497495,72.93497495,72.93497495
t_2876,76.85455244,76.85455244,76.85455244,76.85455244
t_2877,80.22506853,80.22506853,80.22506853,80.22506853
t_2878,82.80807144,82.80807144,82.80807144,82.80807144
t_2879,84.41795149,84.41795149,84.41795149,84.41795149
t_2880,84.93484893,84.93484893,84.93484893,84.93484893
t_2881,84.31311935,84.31311935,84.31311935,84.31311935
t_2882,82.58475951,82.58475951,82.58475951,82.58475951
t_2883,79.85753821,79.85753821,79.85753821,79.85753821
t_2884,76.30793853,76.30793853,76.30793853,76.30793853
t_2885,72.16937276,72.16937276,72.16937276,72.16937276
t_2886,67.7164571,67.7164571,67.7164571,67.7164571
t_2887,63.24640543,63.24640543,63.24640543,63.24640543
t_2888,59.05880351,59.05880351,59.05880351,59.05880351
t_2889,55.43514008,55.43514008,55.43514008,55.43514008
t_2890,52.61949429,52.61949429,52.61949429,52.61949429
t_2891,50.80170461,50.80170461,50.80170461,50.80170461
t_2892,50.10418042,50.10418042,50.10418042,50.10418042
t_2893,50.57327244,50.57327244,50.57327244,50.57327244
t_2894,52.17581014,52.17581014,52.17581014,52.17581014
t_2895,54.80106299,54.80106299,54.80106299,54.80106299
t_2896,58.2680123,58.2680123,58.2680123,58.2680123
t_2897,62.33745677,62.33745677,62.33745677,62.33745677
t_2898,66.72814233,66.72814233,66.72814233,66.72814233
t_2899,71.13582818,71.13582818,71.13582818,71.13582818
t_2900,75.2539963,75.2539963,75.2539963,75.2539963
t_2901,78.79479421,78.79479421,78.79479421,78.79479421
t_2902,81.50877932,81.50877932,81.50877932,81.50877932
t_2903,83.20211029,83.20211029,83.20211029,83.20211029
t_2904,83.75,83.75,83.75,83.75
t_2905,83.10549646,83.10549646,83.10549646,83.10549646
t_2906,81.30297393,81.30297393,81.30297393,81.30297393
t_2907,78.45607643,78.45607643,78.45607643,78.45607643
t_2908,74.7502342,74.7502342,74.7502342,74.7502342
t_2909,70.43024538,70.43024538,70.43024538,70.43024538
t_2910,65.7837549,65.7837549,65.7837549,65.7837549
t_2911,61.12174555,61.12174555,61.12174555,61.12174555
t_2912,56.75736533,56.75736533,56.75736533,56.75736533
t_2913,52.98453297,52.98453297,52.98453297,52.98453297
t_2914,50.05778415,50.05778415,50.05778415,50.05778415
t_2915,48.17474093,48.17474093,48.17474093,48.17474093
t_2916,47.46241236,47.46241236,47.46241236,47.46241236
t_2917,47.9682761,47.9682761,47.9682761,47.9682761
t_2918,49.65676721,49.65676721,49.65676721,49.65676721
t_2919,52.41143237,52.41143237,52.41143237,52.41143237
t_2920,56.04262112,56.04262112,56.04262112,56.04262112
t_2921,60.30020659,60.30020659,60.30020659,60.30020659
t_2922,64.89048214,64.89048214,64.89048214,64.89048214
t_2923,69.49609236,69.49609236,69.49609236,69.49609236
t_2924,73.79764509,73.79764509,73.79764509,73.79764509
t_2925,77.49553197,77.49553197,77.49553197,77.49553197
t_2926,80.33046615,80.33046615,80.33046615,80.33046615
t_2927,82.10132838,82.10132838,82.10132838,82.10132838
t_2928,82.67909293,82.67909293,82.67909293,82.67909293
t_2929,82.01586844,82.01586844,82.01586844,82.01586844
t_2930,80.1484206,80.1484206,80.1484206,80.1484206
t_2931,77.19591851,77.19591851,77.19591851,77.19591851
t_2932,73.35204134,73.35204134,73.35204134,73.35204134
t_2933,68.87196774,68.87196774,68.87196774,68.87196774
t_2934,64.0551224,64.0551224,64.0551224,64.0551224
t_2935,59.22484687,59.22484687,59.22484687,59.22484687
t_2936,54.70637543,54.70637543,54.70637543,54.70637543
t_2937,50.80461723,50.80461723,50.80461723,50.80461723
t_2938,47.78326323,47.78326323,47.78326323,47.78326323
t_2939,45.84665043,45.84665043,45.84665043,45.84665043
t_2940,45.12563133,45.12563133,45.12563133,45.12563133
t_2941,45.66842628,45.66842628,45.66842628,45.66842628
t_2942,47.4370982,47.4370982,47.4370982,47.4370982
t_2943,50.30990648,50.30990648,50.30990648,50.30990648
t_2944,54.08939538,54.08939538,54.08939538,54.08939538
t_2945,58.51567967,58.51567967,58.51567967,58.51567967
t_2946,63.28403329,63.28403329,63.28403329,63.28403329
t_2947,68.06559004,68.06559004,68.06559004,68.06559004
t_2948,72.52974929,72.52974929,72.52974929,72.52974929
t_2949,76.36675926,76.36675926,76.36675926,76.36675926
t_2950,79.30893439,79.30893439,79.30893439,79.30893439
t_2951,81.14905249,81.14905249,81.14905249,81.14905249
t_2952,81.75466668,81.75466668,81.75466668,81.75466668
t_2953,81.07734308,81.07734308,81.07734308,81.07734308
t_2954,79.15618003,79.15618003,79.15618003,79.15618003
t_2955,76.11535371,76.11535371,76.11535371,76.11535371
t_2956,72.15584335,72.15584335,72.15584335,72.15584335
t_2957,67.5418873,67.5418873,67.5418873,67.5418873
t_2958,62.58308325,62.58308325,62.58308325,62.58308325
t_2959,57.61334573,57.61334573,57.61334573,57.61334573
t_2960,52.96815211,52.96815211,52.96815211,52.96815211
t_2961,48.96162849,48.96162849,48.96162849,48.96162849
t_2962,45.8650417,45.8650417,45.8650417,45.8650417
t_2963,43.88817096,43.88817096,43.88817096,43.88817096
t_2964,43.16483922,43.16483922,43.16483922,43.16483922
t_2965,43.74360273,43.74360273,43.74360273,43.74360273
t_2966,45.58424661,45.58424661,45.58424661,45.58424661
t_2967,48.56033912,48.56033912,48.56033912,48.56033912
t_2968,52.46768283,52.46768283,52.46768283,52.46768283
t_2969,57.03809796,57.03809796,57.03809796,57.03809796
t_2970,61.95760693,61.95760693,61.95760693,61.95760693
t_2971,66.88778631,66.88778631,66.88778631,66.88778631
t_2972,71.48883328,71.48883328,71.48883328,71.48883328
t_2973,75.44277324,75.44277324,75.44277324,75.44277324
t_2974,78.47522275,78.47522275,78.47522275,78.47522275
t_2975,80.37421703,80.37421703,80.37421703,80.37421703
t_2976,81.00480947,81.00480947,81.00480947,81.00480947
t_2977,80.31843701,80.31843701,80.31843701,80.31843701
t_2978,78.35640095,78.35640095,78.35640095,78.35640095
t_2979,75.24721444,75.24721444,75.24721444,75.24721444
t_2980,71.19798609,71.19798609,71.19798609,71.19798609
t_2981,66.4804179,66.4804179,66.4804179,66.4804179
t_2982,61.41236459,61.41236459,61.41236459,61.41236459
t_2983,56.33620675,56.33620675,56.33620675,56.33620675
t_2984,51.5955104,51.5955104,51.5955104,51.5955104
t_2985,47.51156503,47.51156503,47.51156503,47.51156503
t_2986,44.36140374,44.36140374,44.36140374,44.36140374
t_2987,42.35880992,42.35880992,42.35880992,42.35880992
t_2988,41.63961373,41.63961373,41.63961373,41.63961373
t_2989,42.25229024,42.25229024,42.25229024,42.25229024
t_2990,44.15451042,44.15451042,44.15451042,44.15451042
t_2991,47.21589002,47.21589002,47.21589002,47.21589002
t_2992,51.2267584,51.2267584,51.2267584,51.2267584
t_2993,55.91235703,55.91235703,55.91235703,55.91235703
t_2994,60.95150584,60.95150584,60.95150584,60.95150584
t_2995,65.99846814,65.99846814,65.99846814,65.99846814
t_2996,70.70652476,70.70652476,70.70652476,70.70652476
t_2997,74.75164877,74.75164877,74.75164877,74.75164877
t_2998,77.85466315,77.85466315,77.85466315,77.85466315
t_2999,79.80036497,79.80036497,79.80036497,79.80036497
t_3000,80.45230534,80.45230534,80.45230534,80.45230534
t_3001,79.76220919,79.76220919,79.76220919,79.76220919
t_3002,77.77338426,77.77338426,77.77338426,77.77338426
t_3003,74.61787868,74.61787868,74.61787868,74.61787868
t_3004,70.50757356,70.50757356,70.50757356,70.50757356
t_3005,65.71981173,65.71981173,65.71981173,65.71981173
t_3006,60.57853812,60.57853812,60.57853812,60.57853812
t_3007,55.43223517,55.43223517,55.43223517,55.43223517
t_3008,50.63015732,50.63015732,50.63015732,50.63015732
t_3009,46.49848629,46.49848629,46.49848629,46.49848629
t_3010,43.31803663,43.31803663,43.31803663,43.31803663
t_3011,41.30503617,41.30503617,41.30503617,41.30503617
t_3012,40.59629804,40.59629804,40.59629804,40.59629804
t_3013,41.23980161,41.23980161,41.23980161,41.23980161
t_3014,43.19133143,43.19133143,43.19133143,43.19133143
t_3015,46.31740959,46.31740959,46.31740959,46.31740959
t_3016,50.40432694,50.40432694,50.40432694,50.40432694
t_3017,55.17266196,55.17266196,55.17266196,55.17266196
t_3018,60.29629991,60.29629991,60.29629991,60.29629991
t_3019,65.42465701,65.42465701,65.42465701,65.42465701
t_3020,70.20659378,70.20659378,70.20659378,70.20659378
t_3021,74.31438533,74.31438533,74.31438533,74.31438533
t_3022,77.46611098,77.46611098,77.46611098,77.46611098
t_3023,79.44493253,79.44493253,79.44493253,79.44493253
t_3024,80.11394185,80.11394185,80.11394185,80.11394185
t_3025,79.42556034,79.42556034,79.42556034,79.42556034
t_3026,77.4248446,77.4248446,77.4248446,77.4248446
t_3027,74.24646847,74.24646847,74.24646847,74.24646847
t_3028,70.10558361,70.10558361,70.10558361,70.10558361
t_3029,65.28317945,65.28317945,65.28317945,65.28317945
t_3030,60.10693923,60.10693923,60.10693923,60.10693923
t_3031,54.9288977,54.9288977,54.9288977,54.9288977
t_3032,50.10142463,50.10142463,50.10142463,50.10142463
t_3033,45.95317417,45.95317417,45.95317417,45.95317417
t_3034,42.76664256,42.76664256,42.76664256,42.76664256
t_3035,40.75886811,40.75886811,40.75886811,40.75886811
t_3036,40.06659278,40.06659278,40.06659278,40.06659278
t_3037,40.73690077,40.73690077,40.73690077,40.73690077
t_3038,42.72397535,42.72397535,42.72397535,42.72397535
t_3039,45.89219769,45.89219769,45.89219769,45.89219769
t_3040,50.02537763,50.02537763,50.02537763,50.02537763
t_3041,54.841488,54.841488,54.841488,54.841488
t_3042,60.01189723,60.01189723,60.01189723,60.01189723
t_3043,65.18378788,65.18378788,65.18378788,65.18378788
t_3044,70.0042305,70.0042305,70.0042305,70.0042305
t_3045,74.14426892,74.14426892,74.14426892,74.14426892
t_3046,77.32137219,77.32137219,77.32137219,77.32137219
t_3047,79.31871935,79.31871935,79.31871935,79.31871935
t_3048,80.0,80.0,80.0,80.0
t_3049,86.93310737,86.93310737,86.93310737,86.93310737
t_3050,85.37155926,85.37155926,85.37155926,85.37155926
t_3051,82.91104292,82.91104292,82.91104292,82.91104292
t_3052,79.70915281,79.70915281,79.70915281,79.70915281
t_3053,75.97491726,75.97491726,75.97491726,75.97491726
t_3054,71.95475766,71.95475766,71.95475766,71.95475766
t_3055,67.91582312,67.91582312,67.91582312,67.91582312
t_3056,64.12782757,64.12782757,64.12782757,64.12782757
t_3057,60.84462419,60.84462419,60.84462419,60.84462419
t_3058,58.28677607,58.28677607,58.28677607,58.28677607
t_3059,56.6263198,56.6263198,56.6263198,56.6263198
t_3060,55.9747745,55.9747745,55.9747745,55.9747745
t_3061,56.37523189,56.37523189,56.37523189,56.37523189
t_3062,57.79908767,57.79908767,57.79908767,57.79908767
t_3063,60.14765982,60.14765982,60.14765982,60.14765982
t_3064,63.25860629,63.25860629,63.25860629,63.25860629
t_3065,66.91672563,66.91672563,66.91672563,66.91672563
t_3066,70.8684226,70.8684226,70.8684226,70.8684226
t_3067,74.83886652,74.83886652,74.83886652,74.83886652
t_3068,78.55068141,78.55068141,78.55068141,78.55068141
t_3069,81.74289678,81.74289678,81.74289678,81.74289678
t_3070,84.18886418,84.18886418,84.18886418,84.18886418
t_3071,85.71190929,85.71190929,85.71190929,85.71190929
t_3072,86.19763867,86.19763867,86.19763867,86.19763867
t_3073,85.6020441,85.6020441,85.6020441,85.6020441
t_3074,83.95483093,83.95483093,83.95483093,83.95483093
t_3075,81.35772114,81.35772114,81.35772114,81.35772114
t_3076,77.97782428,77.97782428,77.97782428,77.97782428
t_3077,74.03650737,74.03650737,74.03650737,74.03650737
t_3078,69.79450483,69.79450483,69.79450483,69.79450483
t_3079,65.53426983,65.53426983,65.53426983,65.53426983
t_3080,61.54076194,61.54076194,61.54076194,61.54076194
t_3081,58.0819781,58.0819781,58.0819781,58.0819781
t_3082,55.39055738,55.39055738,55.39055738,55.39055738
t_3083,53.6477225,53.6477225,53.6477225,53.6477225
t_3084,52.97066671,52.97066671,52.97066671,52.97066671
t_3085,53.40426378,53.40426378,53.40426378,53.40426378
t_3086,54.91768714,54.91768714,54.91768714,54.91768714
t_3087,57.40619064,57.40619064,57.40619064,57.40619064
t_3088,60.69795151,60.69795151,60.69795151,60.69795151
t_3089,64.56552941,64.56552941,64.56552941,64.56552941
t_3090,68.74117751,68.74117751,68.74117751,68.74117751
t_3091,72.93497495,72.93497495,72.93497495,72.93497495
t_3092,76.85455244,76.85455244,76.85455244,76.85455244
t_3093,80.22506853,80.22506853,80.22506853,80.22506853
t_3094,82.80807144,82.80807144,82.80807144,82.80807144
t_3095,84.41795149,84.41795149,84.41795149,84.41795149
t_3096,84.93484893,84.93484893,84.93484893,84.93484893
t_3097,84.31311935,84.31311935,84.31311935,84.31311935
t_3098,82.58475951,82.58475951,82.58475951,82.58475951
t_3099,79.85753821,79.85753821,79.85753821,79.85753821
t_3100,76.30793853,76.30793853,76.30793853,76.30793853
t_3101,72.16937276,72.16937276,72.16937276,72.16937276
t_3102,67.7164571,67.7164571,67.7164571,67.7164571
t_3103,63.24640543,63.24640543,63.24640543,63.24640543
t_3104,59.05880351,59.05880351,59.05880351,59.05880351
t_3105,55.43514008,55.43514008,55.43514008,55.43514008
t_3106,52.61949429,52.61949429,52.61949429,52.61949429
t_3107,50.80170461,50.80170461,50.80170461,50.80170461
t_3108,50.10418042,50.10418042,50.10418042,50.10418042
t_3109,50.57327244,50.57327244,50.57327244,50.57327244
t_3110,52.17581014,52.17581014,52.17581014,52.17581014
t_3111,54.80106299,54.80106299,54.80106299,54.80106299
t_3112,58.2680123,58.2680123,58.2680123,58.2680123
t_3113,62.33745677,62.33745677,62.33745677,62.33745677
t_3114,66.72814233,66.72814233,66.72814233,66.72814233
t_3115,71.13582818,71.13582818,71.13582818,71.13582818
t_3116,75.2539963,75.2539963,75.2539963,75.2539963
t_3117,78.79479421,78.79479421,78.79479421,78.79479421
t_3118,81.50877932,81.50877932,81.50877932,81.50877932
t_3119,83.20211029,83.20211029,83.20211029,83.20211029
t_3120,83.75,83.75,83.75,83.75
t_3121,83.10549646,83.10549646,83.10549646,83.10549646
t_3122,81.30297393,81.30297393,81.30297393,81.30297393
t_3123,78.45607643,78.45607643,78.45607643,78.45607643
t_3124,74.7502342,74.7502342,74.7502342,74.7502342
t_3125,70.43024538,70.43024538,70.43024538,70.43024538
t_3126,65.7837549,65.7837549,65.7837549,65.7837549
t_3127,61.12174555,61.12174555,61.12174555,61.12174555
t_3128,56.75736533,56.75736533,56.75736533,56.75736533
t_3129,52.98453297,52.98453297,52.98453297,52.98453297
t_3130,50.05778415,50.05778415,50.05778415,50.05778415
t_3131,48.17474093,48.17474093,48.17474093,48.17474093
t_3132,47.46241236,47.46241236,47.46241236,47.46241236
t_3133,47.9682761,47.9682761,47.9682761,47.9682761
t_3134,49.65676721,49.65676721,49.65676721,49.65676721
t_3135,52.41143237,52.41143237,52.41143237,52.41143237
t_3136,56.04262112,56.04262112,56.04262112,56.04262112
t_3137,60.30020659,60.30020659,60.30020659,60.30020659
t_3138,64.89048214,64.89048214,64.89048214,64.89048214
t_3139,69.49609236,69.49609236,69.49609236,69.49609236
t_3140,73.79764509,73.79764509,73.79764509,73.79764509
t_3141,77.49553197,77.49553197,77.49553197,77.49553197
t_3142,80.33046615,80.33046615,80.33046615,80.33046615
t_3143,82.10132838,82.10132838,82.10132838,82.10132838
t_3144,82.67909293,82.67909293,82.67909293,82.67909293
t_3145,82.01586844,82.01586844,82.01586844,82.01586844
t_3146,80.1484206,80.1484206,80.1484206,80.1484206
t_3147,77.19591851,77.19591851,77.19591851,77.19591851
t_3148,73.35204134,73.35204134,73.35204134,73.35204134
t_3149,68.87196774,68.87196774,68.87196774,68.87196774
t_3150,64.0551224,64.0551224,64.0551224,64.0551224
t_3151,59.22484687,59.22484687,59.22484687,59.22484687
t_3152,54.70637543,54.70637543,54.70637543,54.70637543
t_3153,50.80461723,50.80461723,50.80461723,50.80461723
t_3154,47.78326323,47.78326323,47.78326323,47.78326323
t_3155,45.84665043,45.84665043,45.84665043,45.84665043
t_3156,45.12563133,45.12563133,45.12563133,45.12563133
t_3157,45.66842628,45.66842628,45.66842628,45.66842628
t_3158,47.4370982,47.4370982,47.4370982,47.4370982
t_3159,50.30990648,50.30990648,50.30990648,50.30990648
t_3160,54.08939538,54.08939538,54.08939538,54.08939538
t_3161,58.51567967,58.51567967,58.51567967,58.51567967
t_3162,63.28403329,63.28403329,63.28403329,63.28403329
t_3163,68.06559004,68.06559004,68.06559004,68.06559004
t_3164,72.52974929,72.52974929,72.52974929,72.52974929
t_3165,76.36675926,76.36675926,76.36675926,76.36675926
t_3166,79.30893439,79.30893439,79.30893439,79.30893439
t_3167,81.14905249,81.14905249,81.14905249,81.14905249
t_3168,81.75466668,81.75466668,81.75466668,81.75466668
t_3169,81.07734308,81.07734308,81.07734308,81.07734308
t_3170,79.15618003,79.15618003,79.15618003,79.15618003
t_3171,76.11535371,76.11535371,76.11535371,76.11535371
t_3172,72.15584335,72.15584335,72.15584335,72.15584335
t_3173,67.5418873,67.5418873,67.5418873,67.5418873
t_3174,62.58308325,62.58308325,62.58308325,62.58308325
t_3175,57.61334573,57.61334573,57.61334573,57.61334573
t_3176,52.96815211,52.96815211,52.96815211,52.96815211
t_3177,48.96162849,48.96162849,48.96162849,48.96162849
t_3178,45.8650417,45.8650417,45.8650417,45.8650417
t_3179,43.88817096,43.88817096,43.88817096,43.88817096
t_3180,43.16483922,43.16483922,43.16483922,43.16483922
t_3181,43.74360273,43.74360273,43.74360273,43.74360273
t_3182,45.58424661,45.58424661,45.58424661,45.58424661
t_3183,48.56033912,48.56033912,48.56033912,48.56033912
t_3184,52.46768283,52.46768283,52.46768283,52.46768283
t_3185,57.03809796,57.03809796,57.03809796,57.03809796
t_3186,61.95760693,61.95760693,61.95760693,61.95760693
t_3187,66.88778631,66.88778631,66.88778631,66.88778631
t_3188,71.48883328,71.48883328,71.48883328,71.48883328
t_3189,75.44277324,75.44277324,75.44277324,75.44277324
t_3190,78.47522275,78.47522275,78.47522275,78.47522275
t_3191,80.37421703,80.37421703,80.37421703,80.37421703
t_3192,81.00480947,81.00480947,81.00480947,81.00480947
t_3193,80.31843701,80.31843701,80.31843701,80.31843701
t_3194,78.35640095,78.35640095,78.35640095,78.35640095
t_3195,75.24721444,75.24721444,75.24721444,75.24721444
t_3196,71.19798609,71.19798609,71.19798609,71.19798609
t_3197,66.4804179,66.4804179,66.4804179,66.4804179
t_3198,61.41236459,61.41236459,61.41236459,61.41236459
t_3199,56.33620675,56.33620675,56.33620675,56.33620675
t_3200,51.5955104,51.5955104,51.5955104,51.5955104
t_3201,47.51156503,47.51156503,47.51156503,47.51156503
t_3202,44.36140374,44.36140374,44.36140374,44.36140374
t_3203,42.35880992,42.35880992,42.35880992,42.35880992
t_3204,41.63961373,41.63961373,41.63961373,41.63961373
t_3205,42.25229024,42.25229024,42.25229024,42.25229024
t_3206,44.15451042,44.15451042,44.15451042,44.15451042
t_3207,47.21589002,47.21589002,47.21589002,47.21589002
t_3208,51.2267584,51.2267584,51.2267584,51.2267584
t_3209,55.91235703,55.91235703,55.91235703,55.91235703
t_3210,60.95150584,60.95150584,60.95150584,60.95150584
t_3211,65.99846814,65.99846814,65.99846814,65.99846814
t_3212,70.70652476,70.70652476,70.70652476,70.70652476
t_3213,74.75164877,74.75164877,74.75164877,74.75164877
t_3214,77.85466315,77.85466315,77.85466315,77.85466315
t_3215,79.80036497,79.80036497,79.80036497,79.80036497
t_3216,80.45230534,80.45230534,80.45230534,80.45230534
t_3217,79.76220919,79.76220919,79.76220919,79.76220919
t_3218,77.77338426,77.77338426,77.77338426,77.77338426
t_3219,74.61787868,74.61787868,74.61787868,74.61787868
t_3220,70.50757356,70.50757356,70.50757356,70.50757356
t_3221,65.71981173,65.71981173,65.71981173,65.71981173
t_3222,60.57853812,60.57853812,60.57853812,60.57853812
t_3223,55.43223517,55.43223517,55.43223517,55.43223517
t_3224,50.63015732,50.63015732,50.63015732,50.63015732
t_3225,46.49848629,46.49848629,46.49848629,46.49848629
t_3226,43.31803663,43.31803663,43.31803663,43.31803663
t_3227,41.30503617,41.30503617,41.30503617,41.30503617
t_3228,40.59629804,40.59629804,40.59629804,40.59629804
t_3229,41.23980161,41.23980161,41.23980161,41.23980161
t_3230,43.19133143,43.19133143,43.19133143,43.19133143
t_3231,46.31740959,46.31740959,46.31740959,46.31740959
t_3232,50.40432694,50.40432694,50.40432694,50.40432694
t_3233,55.17266196,55.17266196,55.17266196,55.17266196
t_3234,60.29629991,60.29629991,60.29629991,60.29629991
t_3235,65.42465701,65.42465701,65.42465701,65.42465701
t_3236,70.20659378,70.20659378,70.20659378,70.20659378
t_3237,74.31438533,74.31438533,74.31438533,74.31438533
t_3238,77.46611098,77.46611098,77.46611098,77.46611098
t_3239,79.44493253,79.44493253,79.44493253,79.44493253
t_3240,80.11394185,80.11394185,80.11394185,80.11394185
t_3241,79.42556034,79.42556034,79.42556034,79.42556034
t_3242,77.4248446,77.4248446,77.4248446,77.4248446
t_3243,74.24646847,74.24646847,74.24646847,74.24646847
t_3244,70.10558361,70.10558361,70.10558361,70.10558361
t_3245,65.28317945,65.28317945,65.28317945,65.28317945
t_3246,60.10693923,60.10693923,60.10693923,60.10693923
t_3247,54.9288977,54.9288977,54.9288977,54.9288977
t_3248,50.10142463,50.10142463,50.10142463,50.10142463
t_3249,45.95317417,45.95317417,45.95317417,45.95317417
t_3250,42.76664256,42.76664256,42.76664256,42.76664256
t_3251,40.75886811,40.75886811,40.75886811,40.75886811
t_3252,40.06659278,40.06659278,40.06659278,40.06659278
t_3253,40.73690077,40.73690077,40.73690077,40.73690077
t_3254,42.72397535,42.72397535,42.72397535,42.72397535
t_3255,45.89219769,45.89219769,45.89219769,45.89219769
t_3256,50.02537763,50.02537763,50.02537763,50.02537763
t_3257,54.841488,54.841488,54.841488,54.841488
t_3258,60.01189723,60.01189723,60.01189723,60.01189723
t_3259,65.18378788,65.18378788,65.18378788,65.18378788
t_3260,70.0042305,70.0042305,70.0042305,70.0042305
t_3261,74.14426892,74.14426892,74.14426892,74.14426892
t_3262,77.32137219,77.32137219,77.32137219,77.32137219
t_3263,79.31871935,79.31871935,79.31871935,79.31871935
t_3264,80.0,80.0,80.0,80.0
t_3265,86.93310737,86.93310737,86.93310737,86.93310737
t_3266,85.37155926,85.37155926,85.37155926,85.37155926
t_3267,82.91104292,82.91104292,82.91104292,82.91104292
t_3268,79.70915281,79.70915281,79.70915281,79.70915281
t_3269,75.97491726,75.97491726,75.97491726,75.97491726
t_3270,71.95475766,71.95475766,71.95475766,71.95475766
t_3271,67.91582312,67.91582312,67.91582312,67.91582312
t_3272,64.12782757,64.12782757,64.12782757,64.12782757
t_3273,60.84462419,60.84462419,60.84462419,60.84462419
t_3274,58.28677607,58.28677607,58.28677607,58.28677607
t_3275,56.6263198,56.6263198,56.6263198,56.6263198
t_3276,55.9747745,55.9747745,55.9747745,55.9747745
t_3277,56.37523189,56.37523189,56.37523189,56.37523189
t_3278,57.79908767,57.79908767,57.79908767,57.79908767
t_3279,60.14765982,60.14765982,60.14765982,60.14765982
t_3280,63.25860629,63.25860629,63.25860629,63.25860629
t_3281,66.91672563,66.91672563,66.91672563,66.91672563
t_3282,70.8684226,70.8684226,70.8684226,70.8684226
t_3283,74.83886652,74.83886652,74.83886652,74.83886652
t_3284,78.55068141,78.55068141,78.55068141,78.55068141
t_3285,81.74289678,81.74289678,81.74289678,81.74289678
t_3286,84.18886418,84.18886418,84.18886418,84.18886418
t_3287,85.71190929,85.71190929,85.71190929,85.71190929
t_3288,86.19763867,86.19763867,86.19763867,86.19763867
t_3289,85.6020441,85.6020441,85.6020441,85.6020441
t_3290,83.95483093,83.95483093,83.95483093,83.95483093
t_3291,81.35772114,81.35772114,81.35772114,81.35772114
t_3292,77.97782428,77.97782428,77.97782428,77.97782428
t_3293,74.03650737,74.03650737,74.03650737,74.03650737
t_3294,69.79450483,69.79450483,69.79450483,69.79450483
t_3295,65.53426983,65.53426983,65.53426983,65.53426983
t_3296,61.54076194,61.54076194,61.54076194,61.54076194
t_3297,58.0819781,58.0819781,58.0819781,58.0819781
t_3298,55.39055738,55.39055738,55.39055738,55.39055738
t_3299,53.6477225,53.6477225,53.6477225,53.6477225
t_3300,52.97066671,52.97066671,52.97066671,52.97066671
t_3301,53.40426378,53.40426378,53.40426378,53.40426378
t_3302,54.91768714,54.91768714,54.91768714,54.91768714
t_3303,57.40619064,57.40619064,57.40619064,57.40619064
t_3304,60.69795151,60.69795151,60.69795151,60.69795151
t_3305,64.56552941,64.56552941,64.56552941,64.56552941
t_3306,68.74117751,68.74117751,68.74117751,68.74117751
t_3307,72.93497495,72.93497495,72.93497495,72.93497495
t_3308,76.85455244,76.85455244,76.85455244,76.85455244
t_3309,80.22506853,80.22506853,80.22506853,80.22506853
t_3310,82.80807144,82.80807144,82.80807144,82.80807144
t_3311,84.41795149,84.41795149,84.41795149,84.41795149
t_3312,84.93484893,84.93484893,84.93484893,84.93484893
t_3313,84.31311935,84.31311935,84.31311935,84.31311935
t_3314,82.58475951,82.58475951,82.58475951,82.58475951
t_3315,79.85753821,79.85753821,79.85753821,79.85753821
t_3316,76.30793853,76.30793853,76.30793853,76.30793853
t_3317,72.16937276,72.16937276,72.16937276,72.16937276
t_3318,67.7164571,67.7164571,67.7164571,67.7164571
t_3319,63.24640543,63.24640543,63.24640543,63.24640543
t_3320,59.05880351,59.05880351,59.05880351,59.05880351
t_3321,55.43514008,55.43514008,55.43514008,55.43514008
t_3322,52.61949429,52.61949429,52.61949429,52.61949429
t_3323,50.80170461,50.80170461,50.80170461,50.80170461
t_3324,50.10418042,50.10418042,50.10418042,50.10418042
t_3325,50.57327244,50.57327244,50.57327244,50.57327244
t_3326,52.17581014,52.17581014,52.17581014,52.17581014
t_3327,54.80106299,54.80106299,54.80106299,54.80106299
t_3328,58.2680123,58.2680123,58.2680123,58.2680123
t_3329,62.33745677,62.33745677,62.33745677,62.33745677
t_3330,66.72814233,66.72814233,66.72814233,66.72814233
t_3331,71.13582818,71.13582818,71.13582818,71.13582818
t_3332,75.2539963,75.2539963,75.2539963,75.2539963
t_3333,78.79479421,78.79479421,78.79479421,78.79479421
t_3334,81.50877932,81.50877932,81.50877932,81.50877932
t_3335,83.20211029,83.20211029,83.20211029,83.20211029
t_3336,83.75,83.75,83.75,83.75
t_3337,83.10549646,83.10549646,83.10549646,83.10549646
t_3338,81.30297393,81.30297393,81.30297393,81.30297393
t_3339,78.45607643,78.45607643,78.45607643,78.45607643
t_3340,74.7502342,74.7502342,74.7502342,74.7502342
t_3341,70.43024538,70.43024538,70.43024538,70.43024538
t_3342,65.7837549,65.7837549,65.7837549,65.7837549
t_3343,61.12174555,61.12174555,61.12174555,61.12174555
t_3344,56.75736533,56.75736533,56.75736533,56.75736533
t_3345,52.98453297,52.98453297,52.98453297,52.98453297
t_3346,50.05778415,50.05778415,50.05778415,50.05778415
t_3347,48.17474093,48.17474093,48.17474093,48.17474093
t_3348,47.46241236,47.46241236,47.46241236,47.46241236
t_3349,47.9682761,47.9682761,47.9682761,47.9682761
t_3350,49.65676721,49.65676721,49.65676721,49.65676721
t_3351,52.41143237,52.41143237,52.41143237,52.41143237
t_3352,56.04262112,56.04262112,56.04262112,56.04262112
t_3353,60.30020659,60.30020659,60.30020659,60.30020659
t_3354,64.89048214,64.89048214,64.89048214,64.89048214
t_3355,69.49609236,69.49609236,69.49609236,69.49609236
t_3356,73.79764509,73.79764509,73.79764509,73.79764509
t_3357,77.49553197,77.49553197,77.49553197,77.49553197
t_3358,80.33046615,80.33046615,80.33046615,80.33046615
t_3359,82.10132838,82.10132838,82.10132838,82.10132838
t_3360,82.67909293,82.67909293,82.67909293,82.67909293
t_3361,82.01586844,82.01586844,82.01586844,82.01586844
t_3362,80.1484206,80.1484206,80.1484206,80.1484206
t_3363,77.19591851,77.19591851,77.19591851,77.19591851
t_3364,73.35204134,73.35204134,73.35204134,73.35204134
t_3365,68.87196774,68.87196774,68.87196774,68.87196774
t_3366,64.0551224,64.0551224,64.0551224,64.0551224
t_3367,59.22484687,59.22484687,59.22484687,59.22484687
t_3368,54.70637543,54.70637543,54.70637543,54.70637543
t_3369,50.80461723,50.80461723,50.80461723,50.80461723
t_3370,47.78326323,47.78326323,47.78326323,47.78326323
t_3371,45.84665043,45.84665043,45.84665043,45.84665043
t_3372,45.12563133,45.12563133,45.12563133,45.12563133
t_3373,45.66842628,45.66842628,45.66842628,45.66842628
t_3374,47.4370982,47.4370982,47.4370982,47.4370982
t_3375,50.30990648,50.30990648,50.30990648,50.30990648
t_3376,54.08939538,54.08939538,54.08939538,54.08939538
t_3377,58.51567967,58.51567967,58.51567967,58.51567967
t_3378,63.28403329,63.28403329,63.28403329,63.28403329
t_3379,68.06559004,68.06559004,68.06559004,68.06559004
t_3380,72.52974929,72.52974929,72.52974929,72.52974929
t_3381,76.36675926,76.36675926,76.36675926,76.36675926
t_3382,79.30893439,79.30893439,79.30893439,79.30893439
t_3383,81.14905249,81.14905249,81.14905249,81.14905249
t_3384,81.75466668,81.75466668,81.75466668,81.75466668
t_3385,81.07734308,81.07734308,81.07734308,81.07734308
t_3386,79.15618003,79.15618003,79.15618003,79.15618003
t_3387,76.11535371,76.11535371,76.11535371,76.11535371
t_3388,72.15584335,72.15584335,72.15584335,72.15584335
t_3389,67.5418873,67.5418873,67.5418873,67.5418873
t_3390,62.58308325,62.58308325,62.58308325,62.58308325
t_3391,57.61334573,57.61334573,57.61334573,57.61334573
t_3392,52.96815211,52.96815211,52.96815211,52.96815211
t_3393,48.96162849,48.96162849,48.96162849,48.96162849
t_3394,45.8650417,45.8650417,45.8650417,45.8650417
t_3395,43.88817096,43.88817096,43.88817096,43.88817096
t_3396,43.16483922,43.16483922,43.16483922,43.16483922
t_3397,43.74360273,43.74360273,43.74360273,43.74360273
t_3398,45.58424661,45.58424661,45.58424661,45.58424661
t_3399,48.56033912,48.56033912,48.56033912,48.56033912
t_3400,52.46768283,52.46768283,52.46768283,52.46768283
t_3401,57.03809796,57.03809796,57.03809796,57.03809796
t_3402,61.95760693,61.95760693,61.95760693,61.95760693
t_3403,66.88778631,66.88778631,66.88778631,66.88778631
t_3404,71.48883328,71.48883328,71.48883328,71.48883328
t_3405,75.44277324,75.44277324,75.44277324,75.44277324
t_3406,78.47522275,78.47522275,78.47522275,78.47522275
t_3407,80.37421703,80.37421703,80.37421703,80.37421703
t_3408,81.00480947,81.00480947,81.00480947,81.00480947
t_3409,80.31843701,80.31843701,80.31843701,80.31843701
t_3410,78.35640095,78.35640095,78.35640095,78.35640095
t_3411,75.24721444,75.24721444,75.24721444,75.24721444
t_3412,71.19798609,71.19798609,71.19798609,71.19798609
t_3413,66.4804179,66.4804179,66.4804179,66.4804179
t_3414,61.41236459,61.41236459,61.41236459,61.41236459
t_3415,56.33620675,56.33620675,56.33620675,56.33620675
t_3416,51.5955104,51.5955104,51.5955104,51.5955104
t_3417,47.51156503,47.51156503,47.51156503,47.51156503
t_3418,44.36140374,44.36140374,44.36140374,44.36140374
t_3419,42.35880992,42.35880992,42.35880992,42.35880992
t_3420,41.63961373,41.63961373,41.63961373,41.63961373
t_3421,42.25229024,42.25229024,42.25229024,42.25229024
t_3422,44.15451042,44.15451042,44.15451042,44.15451042
t_3423,47.21589002,47.21589002,47.21589002,47.21589002
t_3424,51.2267584,51.2267584,51.2267584,51.2267584
t_3425,55.91235703,55.91235703,55.91235703,55.91235703
t_3426,60.95150584,60.95150584,60.95150584,60.95150584
t_3427,65.99846814,65.99846814,65.99846814,65.99846814
t_3428,70.70652476,70.70652476,70.70652476,70.70652476
t_3429,74.75164877,74.75164877,74.75164877,74.75164877
t_3430,77.85466315,77.85466315,77.85466315,77.85466315
t_3431,79.80036497,79.80036497,79.80036497,79.80036497
t_3432,80.45230534,80.45230534,80.45230534,80.45230534
t_3433,79.76220919,79.76220919,79.76220919,79.76220919
t_3434,77.77338426,77.77338426,77.77338426,77.77338426
t_3435,74.61787868,74.61787868,74.61787868,74.61787868
t_3436,70.50757356,70.50757356,70.50757356,70.50757356
t_3437,65.71981173,65.71981173,65.71981173,65.71981173
t_3438,60.57853812,60.57853812,60.57853812,60.57853812
t_3439,55.43223517,55.43223517,55.43223517,55.43223517
t_3440,50.63015732,50.63015732,50.63015732,50.63015732
t_3441,46.49848629,46.49848629,46.49848629,46.49848629
t_3442,43.31803663,43.31803663,43.31803663,43.31803663
t_3443,41.30503617,41.30503617,41.30503617,41.30503617
t_3444,40.59629804,40.59629804,40.59629804,40.59629804
t_3445,41.23980161,41.23980161,41.23980161,41.23980161
t_3446,43.19133143,43.19133143,43.19133143,43.19133143
t_3447,46.31740959,46.31740959,46.31740959,46.31740959
t_3448,50.40432694,50.40432694,50.40432694,50.40432694
t_3449,55.17266196,55.17266196,55.17266196,55.17266196
t_3450,60.29629991,60.29629991,60.29629991,60.29629991
t_3451,65.42465701,65.42465701,65.42465701,65.42465701
t_3452,70.20659378,70.20659378,70.20659378,70.20659378
t_3453,74.31438533,74.31438533,74.31438533,74.31438533
t_3454,77.46611098,77.46611098,77.46611098,77.46611098
t_3455,79.44493253,79.44493253,79.44493253,79.44493253
t_3456,80.11394185,80.11394185,80.11394185,80.11394185
t_3457,79.42556034,79.42556034,79.42556034,79.42556034
t_3458,77.4248446,77.4248446,77.4248446,77.4248446
t_3459,74.24646847,74.24646847,74.24646847,74.24646847
t_3460,70.10558361,70.10558361,70.10558361,70.10558361
t_3461,65.28317945,65.28317945,65.28317945,65.28317945
t_3462,60.10693923,60.10693923,60.10693923,60.10693923
t_3463,54.9288977,54.9288977,54.9288977,54.9288977
t_3464,50.10142463,50.10142463,50.10142463,50.10142463
t_3465,45.95317417,45.95317417,45.95317417,45.95317417
t_3466,42.76664256,42.76664256,42.76664256,42.76664256
t_3467,40.75886811,40.75886811,40.75886811,40.75886811
t_3468,40.06659278,40.06659278,40.06659278,40.06659278
t_3469,40.73690077,40.73690077,40.73690077,40.73690077
t_3470,42.72397535,42.72397535,42.72397535,42.72397535
t_3471,45.89219769,45.89219769,45.89219769,45.89219769
t_3472,50.02537763,50.02537763,50.02537763,50.02537763
t_3473,54.841488,54.841488,54.841488,54.841488
t_3474,60.01189723,60.01189723,60.01189723,60.01189723
t_3475,65.18378788,65.18378788,65.18378788,65.18378788
t_3476,70.0042305,70.0042305,70.0042305,70.0042305
t_3477,74.14426892,74.14426892,74.14426892,74.14426892
t_3478,77.32137219,77.32137219,77.32137219,77.32137219
t_3479,79.31871935,79.31871935,79.31871935,79.31871935
t_3480,80.0,80.0,80.0,80.0
t_3481,86.93310737,86.93310737,86.93310737,86.93310737
t_3482,85.37155926,85.37155926,85.37155926,85.37155926
t_3483,82.91104292,82.91104292,82.91104292,82.91104292
t_3484,79.70915281,79.70915281,79.70915281,79.70915281
t_3485,75.97491726,75.97491726,75.97491726,75.97491726
t_3486,71.95475766,71.95475766,71.95475766,71.95475766
t_3487,67.91582312,67.91582312,67.91582312,67.91582312
t_3488,64.12782757,64.12782757,64.12782757,64.12782757
t_3489,60.84462419,60.84462419,60.84462419,60.84462419
t_3490,58.28677607,58.28677607,58.28677607,58.28677607
t_3491,56.6263198,56.6263198,56.6263198,56.6263198
t_3492,55.9747745,55.9747745,55.9747745,55.9747745
t_3493,56.37523189,56.37523189,56.37523189,56.37523189
t_3494,57.79908767,57.79908767,57.79908767,57.79908767
t_3495,60.14765982,60.14765982,60.14765982,60.14765982
t_3496,63.25860629,63.25860629,63.25860629,63.25860629
t_3497,66.91672563,66.91672563,66.91672563,66.91672563
t_3498,70.8684226,70.8684226,70.8684226,70.8684226
t_3499,74.83886652,74.83886652,74.83886652,74.83886652
t_3500,78.55068141,78.55068141,78.55068141,78.55068141
t_3501,81.74289678,81.74289678,81.74289678,81.74289678
t_3502,84.18886418,84.18886418,84.18886418,84.18886418
t_3503,85.71190929,85.71190929,85.71190929,85.71190929
t_3504,86.19763867,86.19763867,86.19763867,86.19763867
t_3505,85.6020441,85.6020441,85.6020441,85.6020441
t_3506,83.95483093,83.95483093,83.95483093,83.95483093
t_3507,81.35772114,81.35772114,81.35772114,81.35772114
t_3508,77.97782428,77.97782428,77.97782428,77.97782428
t_3509,74.03650737,74.03650737,74.03650737,74.03650737
t_3510,69.79450483,69.79450483,69.79450483,69.79450483
t_3511,65.53426983,65.53426983,65.53426983,65.53426983
t_3512,61.54076194,61.54076194,61.54076194,61.54076194
t_3513,58.0819781,58.0819781,58.0819781,58.0819781
t_3514,55.39055738,55.39055738,55.39055738,55.39055738
t_3515,53.6477225,53.6477225,53.6477225,53.6477225
t_3516,52.97066671,52.97066671,52.97066671,52.97066671
t_3517,53.40426378,53.40426378,53.40426378,53.40426378
t_3518,54.91768714,54.91768714,54.91768714,54.91768714
t_3519,57.40619064,57.40619064,57.40619064,57.40619064
t_3520,60.69795151,60.69795151,60.69795151,60.69795151
t_3521,64.56552941,64.56552941,64.56552941,64.56552941
t_3522,68.74117751,68.74117751,68.74117751,68.74117751
t_3523,72.93497495,72.93497495,72.93497495,72.93497495
t_3524,76.85455244,76.85455244,76.85455244,76.85455244
t_3525,80.22506853,80.22506853,80.22506853,80.22506853
t_3526,82.80807144,82.80807144,82.80807144,82.80807144
t_3527,84.41795149,84.41795149,84.41795149,84.41795149
t_3528,84.93484893,84.93484893,84.93484893,84.93484893
t_3529,84.31311935,84.31311935,84.31311935,84.31311935
t_3530,82.58475951,82.58475951,82.58475951,82.58475951
t_3531,79.85753821,79.85753821,79.85753821,79.85753821
t_3532,76.30793853,76.30793853,76.30793853,76.30793853
t_3533,72.16937276,72.16937276,72.16937276,72.16937276
t_3534,67.7164571,67.7164571,67.7164571,67.7164571
t_3535,63.24640543,63.24640543,63.24640543,63.24640543
t_3536,59.05880351,59.05880351,59.05880351,59.05880351
t_3537,55.43514008,55.43514008,55.43514008,55.43514008
t_3538,52.61949429,52.61949429,52.61949429,52.61949429
t_3539,50.80170461,50.80170461,50.80170461,50.80170461
t_3540,50.10418042,50.10418042,50.10418042,50.10418042
t_3541,50.57327244,50.57327244,50.57327244,50.57327244
t_3542,52.17581014,52.17581014,52.17581014,52.17581014
t_3543,54.80106299,54.80106299,54.80106299,54.80106299
t_3544,58.2680123,58.2680123,58.2680123,58.2680123
t_3545,62.33745677,62.33745677,62.33745677,62.33745677
t_3546,66.72814233,66.72814233,66.72814233,66.72814233
t_3547,71.13582818,71.13582818,71.13582818,71.13582818
t_3548,75.2539963,75.2539963,75.2539963,75.2539963
t_3549,78.79479421,78.79479421,78.79479421,78.79479421
t_3550,81.50877932,81.50877932,81.50877932,81.50877932
t_3551,83.20211029,83.20211029,83.20211029,83.20211029
t_3552,83.75,83.75,83.75,83.75
t_3553,83.10549646,83.10549646,83.10549646,83.10549646
t_3554,81.30297393,81.30297393,81.30297393,81.30297393
t_3555,78.45607643,78.45607643,78.45607643,78.45607643
t_3556,74.7502342,74.7502342,74.7502342,74.7502342
t_3557,70.43024538,70.43024538,70.43024538,70.43024538
t_3558,65.7837549,65.7837549,65.7837549,65.7837549
t_3559,61.12174555,61.12174555,61.12174555,61.12174555
t_3560,56.75736533,56.75736533,56.75736533,56.75736533
t_3561,52.98453297,52.98453297,52.98453297,52.98453297
t_3562,50.05778415,50.05778415,50.05778415,50.05778415
t_3563,48.17474093,48.17474093,48.17474093,48.17474093
t_3564,47.46241236,47.46241236,47.46241236,47.46241236
t_3565,47.9682761,47.9682761,47.9682761,47.9682761
t_3566,49.65676721,49.65676721,49.65676721,49.65676721
t_3567,52.41143237,52.41143237,52.41143237,52.41143237
t_3568,56.04262112,56.04262112,56.04262112,56.04262112
t_3569,60.30020659,60.30020659,60.30020659,60.30020659
t_3570,64.89048214,64.89048214,64.89048214,64.89048214
t_3571,69.49609236,69.49609236,69.49609236,69.49609236
t_3572,73.79764509,73.79764509,73.79764509,73.79764509
t_3573,77.49553197,77.49553197,77.49553197,77.49553197
t_3574,80.33046615,80.33046615,80.33046615,80.33046615
t_3575,82.10132838,82.10132838,82.10132838,82.10132838
t_3576,82.67909293,82.67909293,82.67909293,82.67909293
t_3577,82.01586844,82.01586844,82.01586844,82.01586844
t_3578,80.1484206,80.1484206,80.1484206,80.1484206
t_3579,77.19591851,77.19591851,77.19591851,77.19591851
t_3580,73.35204134,73.35204134,73.35204134,73.35204134
t_3581,68.87196774,68.87196774,68.87196774,68.87196774
t_3582,64.0551224,64.0551224,64.0551224,64.0551224
t_3583,59.22484687,59.22484687,59.22484687,59.22484687
t_3584,54.70637543,54.70637543,54.70637543,54.70637543
t_3585,50.80461723,50.80461723,50.80461723,50.80461723
t_3586,47.78326323,47.78326323,47.78326323,47.78326323
t_3587,45.84665043,45.84665043,45.84665043,45.84665043
t_3588,45.12563133,45.12563133,45.12563133,45.12563133
t_3589,45.66842628,45.66842628,45.66842628,45.66842628
t_3590,47.4370982,47.4370982,47.4370982,47.4370982
t_3591,50.30990648,50.30990648,50.30990648,50.30990648
t_3592,54.08939538,54.08939538,54.08939538,54.08939538
t_3593,58.51567967,58.51567967,58.51567967,58.51567967
t_3594,63.28403329,63.28403329,63.28403329,63.28403329
t_3595,68.06559004,68.06559004,68.06559004,68.06559004
t_3596,72.52974929,72.52974929,72.52974929,72.52974929
t_3597,76.36675926,76.36675926,76.36675926,76.36675926
t_3598,79.30893439,79.30893439,79.30893439,79.30893439
t_3599,81.14905249,81.14905249,81.14905249,81.14905249
t_3600,81.75466668,81.75466668,81.75466668,81.75466668
t_3601,81.07734308,81.07734308,81.07734308,81.07734308
t_3602,79.15618003,79.15618003,79.15618003,79.15618003
t_3603,76.11535371,76.11535371,76.11535371,76.11535371
t_3604,72.15584335,72.15584335,72.15584335,72.15584335
t_3605,67.5418873,67.5418873,67.5418873,67.5418873
t_3606,62.58308325,62.58308325,62.58308325,62.58308325
t_3607,57.61334573,57.61334573,57.61334573,57.61334573
t_3608,52.96815211,52.96815211,52.96815211,52.96815211
t_3609,48.96162849,48.96162849,48.96162849,48.96162849
t_3610,45.8650417,45.8650417,45.8650417,45.8650417
t_3611,43.88817096,43.88817096,43.88817096,43.88817096
t_3612,43.16483922,43.16483922,43.16483922,43.16483922
t_3613,43.74360273,43.74360273,43.74360273,43.74360273
t_3614,45.58424661,45.58424661,45.58424661,45.58424661
t_3615,48.56033912,48.56033912,48.56033912,48.56033912
t_3616,52.46768283,52.46768283,52.46768283,52.46768283
t_3617,57.03809796,57.03809796,57.03809796,57.03809796
t_3618,61.95760693,61.95760693,61.95760693,61.95760693
t_3619,66.88778631,66.88778631,66.88778631,66.88778631
t_3620,71.48883328,71.48883328,71.48883328,71.48883328
t_3621,75.44277324,75.44277324,75.44277324,75.44277324
t_3622,78.47522275,78.47522275,78.47522275,78.47522275
t_3623,80.37421703,80.37421703,80.37421703,80.37421703
t_3624,81.00480947,81.00480947,81.00480947,81.00480947
t_3625,80.31843701,80.31843701,80.31843701,80.31843701
t_3626,78.35640095,78.35640095,78.35640095,78.35640095
t_3627,75.24721444,75.24721444,75.24721444,75.24721444
t_3628,71.19798609,71.19798609,71.19798609,71.19798609
t_3629,66.4804179,66.4804179,66.4804179,66.4804179
t_3630,61.41236459,61.41236459,61.41236459,61.41236459
t_3631,56.33620675,56.33620675,56.33620675,56.33620675
t_3632,51.5955104,51.5955104,51.5955104,51.5955104
t_3633,47.51156503,47.51156503,47.51156503,47.51156503
t_3634,44.36140374,44.36140374,44.36140374,44.36140374
t_3635,42.35880992,42.35880992,42.35880992,42.35880992
t_3636,41.63961373,41.63961373,41.63961373,41.63961373
t_3637,42.25229024,42.25229024,42.25229024,42.25229024
t_3638,44.15451042,44.15451042,44.15451042,44.15451042
t_3639,47.21589002,47.21589002,47.21589002,47.21589002
t_3640,51.2267584,51.2267584,51.2267584,51.2267584
t_3641,55.91235703,55.91235703,55.91235703,55.91235703
t_3642,60.95150584,60.95150584,60.95150584,60.95150584
t_3643,65.99846814,65.99846814,65.99846814,65.99846814
t_3644,70.70652476,70.70652476,70.70652476,70.70652476
t_3645,74.75164877,74.75164877,74.75164877,74.75164877
t_3646,77.85466315,77.85466315,77.85466315,77.85466315
t_3647,79.80036497,79.80036497,79.80036497,79.80036497
t_3648,80.45230534,80.45230534,80.45230534,80.45230534
t_3649,79.76220919,79.76220919,79.76220919,79.76220919
t_3650,77.77338426,77.77338426,77.77338426,77.77338426
t_3651,74.61787868,74.61787868,74.61787868,74.61787868
t_3652,70.50757356,70.50757356,70.50757356,70.50757356
t_3653,65.71981173,65.71981173,65.71981173,65.71981173
t_3654,60.57853812,60.57853812,60.57853812,60.57853812
t_3655,55.43223517,55.43223517,55.43223517,55.43223517
t_3656,50.63015732,50.63015732,50.63015732,50.63015732
t_3657,46.49848629,46.49848629,46.49848629,46.49848629
t_3658,43.31803663,43.31803663,43.31803663,43.31803663
t_3659,41.30503617,41.30503617,41.30503617,41.30503617
t_3660,40.59629804,40.59629804,40.59629804,40.59629804
t_3661,41.23980161,41.23980161,41.23980161,41.23980161
t_3662,43.19133143,43.19133143,43.19133143,43.19133143
t_3663,46.31740959,46.31740959,46.31740959,46.31740959
t_3664,50.40432694,50.40432694,50.40432694,50.40432694
t_3665,55.17266196,55.17266196,55.17266196,55.17266196
t_3666,60.29629991,60.29629991,60.29629991,60.29629991
t_3667,65.42465701,65.42465701,65.42465701,65.42465701
t_3668,70.20659378,70.20659378,70.20659378,70.20659378
t_3669,74.31438533,74.31438533,74.31438533,74.31438533
t_3670,77.46611098,77.46611098,77.46611098,77.46611098
t_3671,79.44493253,79.44493253,79.44493253,79.44493253
t_3672,80.11394185,80.11394185,80.11394185,80.11394185
t_3673,79.42556034,79.42556034,79.42556034,79.42556034
t_3674,77.4248446,77.4248446,77.4248446,77.4248446
t_3675,74.24646847,74.24646847,74.24646847,74.24646847
t_3676,70.10558361,70.10558361,70.10558361,70.10558361
t_3677,65.28317945,65.28317945,65.28317945,65.28317945
t_3678,60.10693923,60.10693923,60.10693923,60.10693923
t_3679,54.9288977,54.9288977,54.9288977,54.9288977
t_3680,50.10142463,50.10142463,50.10142463,50.10142463
t_3681,45.95317417,45.95317417,45.95317417,45.95317417
t_3682,42.76664256,42.76664256,42.76664256,42.76664256
t_3683,40.75886811,40.75886811,40.75886811,40.75886811
t_3684,40.06659278,40.06659278,40.06659278,40.06659278
t_3685,40.73690077,40.73690077,40.73690077,40.73690077
t_3686,42.72397535,42.72397535,42.72397535,42.72397535
t_3687,45.89219769,45.89219769,45.89219769,45.89219769
t_3688,50.02537763,50.02537763,50.02537763,50.02537763
t_3689,54.841488,54.841488,54.841488,54.841488
t_3690,60.01189723,60.01189723,60.01189723,60.01189723
t_3691,65.18378788,65.18378788,65.18378788,65.18378788
t_3692,70.0042305,70.0042305,70.0042305,70.0042305
t_3693,74.14426892,74.14426892,74.14426892,74.14426892
t_3694,77.32137219,77.32137219,77.32137219,77.32137219
t_3695,79.31871935,79.31871935,79.31871935,79.31871935
t_3696,80.0,80.0,80.0,80.0
t_3697,86.93310737,86.93310737,86.93310737,86.93310737
t_3698,85.37155926,85.37155926,85.37155926,85.37155926
t_3699,82.91104292,82.91104292,82.91104292,82.91104292
t_3700,79.70915281,79.70915281,79.70915281,79.70915281
t_3701,75.97491726,75.97491726,75.97491726,75.97491726
t_3702,71.95475766,71.95475766,71.95475766,71.95475766
t_3703,67.91582312,67.91582312,67.91582312,67.91582312
t_3704,64.12782757,64.12782757,64.12782757,64.12782757
t_3705,60.84462419,60.84462419,60.84462419,60.84462419
t_3706,58.28677607,58.28677607,58.28677607,58.28677607
t_3707,56.6263198,56.6263198,56.6263198,56.6263198
t_3708,55.9747745,55.9747745,55.9747745,55.9747745
t_3709,56.37523189,56.37523189,56.37523189,56.37523189
t_3710,57.79908767,57.79908767,57.79908767,57.79908767
t_3711,60.14765982,60.14765982,60.14765982,60.14765982
t_3712,63.25860629,63.25860629,63.25860629,63.25860629
t_3713,66.91672563,66.91672563,66.91672563,66.91672563
t_3714,70.8684226,70.8684226,70.8684226,70.8684226
t_3715,74.83886652,74.83886652,74.83886652,74.83886652
t_3716,78.55068141,78.55068141,78.55068141,78.55068141
t_3717,81.74289678,81.74289678,81.74289678,81.74289678
t_3718,84.18886418,84.18886418,84.18886418,84.18886418
t_3719,85.71190929,85.71190929,85.71190929,85.71190929
t_3720,86.19763867,86.19763867,86.19763867,86.19763867
t_3721,85.6020441,85.6020441,85.6020441,85.6020441
t_3722,83.95483093,83.95483093,83.95483093,83.95483093
t_3723,81.35772114,81.35772114,81.35772114,81.35772114
t_3724,77.97782428,77.97782428,77.97782428,77.97782428
t_3725,74.03650737,74.03650737,74.03650737,74.03650737
t_3726,69.79450483,69.79450483,69.79450483,69.79450483
t_3727,65.53426983,65.53426983,65.53426983,65.53426983
t_3728,61.54076194,61.54076194,61.54076194,61.54076194
t_3729,58.0819781,58.0819781,58.0819781,58.0819781
t_3730,55.39055738,55.39055738,55.39055738,55.39055738
t_3731,53.6477225,53.6477225,53.6477225,53.6477225
t_3732,52.97066671,52.97066671,52.97066671,52.97066671
t_3733,53.40426378,53.40426378,53.40426378,53.40426378
t_3734,54.91768714,54.91768714,54.91768714,54.91768714
t_3735,57.40619064,57.40619064,57.40619064,57.40619064
t_3736,60.69795151,60.69795151,60.69795151,60.69795151
t_3737,64.56552941,64.56552941,64.56552941,64.56552941
t_3738,68.74117751,68.74117751,68.74117751,68.74117751
t_3739,72.93497495,72.93497495,72.93497495,72.93497495
t_3740,76.85455244,76.85455244,76.85455244,76.85455244
t_3741,80.22506853,80.22506853,80.22506853,80.22506853
t_3742,82.80807144,82.80807144,82.80807144,82.80807144
t_3743,84.41795149,84.41795149,84.41795149,84.41795149
t_3744,84.93484893,84.93484893,84.93484893,84.93484893
t_3745,84.31311935,84.31311935,84.31311935,84.31311935
t_3746,82.58475951,82.58475951,82.58475951,82.58475951
t_3747,79.85753821,79.85753821,79.85753821,79.85753821
t_3748,76.30793853,76.30793853,76.30793853,76.30793853
t_3749,72.16937276,72.16937276,72.16937276,72.16937276
t_3750,67.7164571,67.7164571,67.7164571,67.7164571
t_3751,63.24640543,63.24640543,63.24640543,63.24640543
t_3752,59.05880351,59.05880351,59.05880351,59.05880351
t_3753,55.43514008,55.43514008,55.43514008,55.43514008
t_3754,52.61949429,52.61949429,52.61949429,52.61949429
t_3755,50.80170461,50.80170461,50.80170461,50.80170461
t_3756,50.10418042,50.10418042,50.10418042,50.10418042
t_3757,50.57327244,50.57327244,50.57327244,50.57327244
t_3758,52.17581014,52.17581014,52.17581014,52.17581014
t_3759,54.80106299,54.80106299,54.80106299,54.80106299
t_3760,58.2680123,58.2680123,58.2680123,58.2680123
t_3761,62.33745677,62.33745677,62.33745677,62.33745677
t_3762,66.72814233,66.72814233,66.72814233,66.72814233
t_3763,71.13582818,71.13582818,71.13582818,71.13582818
t_3764,75.2539963,75.2539963,75.2539963,75.2539963
t_3765,78.79479421,78.79479421,78.79479421,78.79479421
t_3766,81.50877932,81.50877932,81.50877932,81.50877932
t_3767,83.20211029,83.20211029,83.20211029,83.20211029
t_3768,83.75,83.75,83.75,83.75
t_3769,83.10549646,83.10549646,83.10549646,83.10549646
t_3770,81.30297393,81.30297393,81.30297393,81.30297393
t_3771,78.45607643,78.45607643,78.45607643,78.45607643
t_3772,74.7502342,74.7502342,74.7502342,74.7502342
t_3773,70.43024538,70.43024538,70.43024538,70.43024538
t_3774,65.7837549,65.7837549,65.7837549,65.7837549
t_3775,61.12174555,61.12174555,61.12174555,61.12174555
t_3776,56.75736533,56.75736533,56.75736533,56.75736533
t_3777,52.98453297,52.98453297,52.98453297,52.98453297
t_3778,50.05778415,50.05778415,50.05778415,50.05778415
t_3779,48.17474093,48.17474093,48.17474093,48.17474093
t_3780,47.46241236,47.46241236,47.46241236,47.46241236
t_3781,47.9682761,47.9682761,47.9682761,47.9682761
t_3782,49.65676721,49.65676721,49.65676721,49.65676721
t_3783,52.41143237,52.41143237,52.41143237,52.41143237
t_3784,56.04262112,56.04262112,56.04262112,56.04262112
t_3785,60.30020659,60.30020659,60.30020659,60.30020659
t_3786,64.89048214,64.89048214,64.89048214,64.89048214
t_3787,69.49609236,69.49609236,69.49609236,69.49609236
t_3788,73.79764509,73.79764509,73.79764509,73.79764509
t_3789,77.49553197,77.49553197,77.49553197,77.49553197
t_3790,80.33046615,80.33046615,80.33046615,80.33046615
t_3791,82.10132838,82.10132838,82.10132838,82.10132838
t_3792,82.67909293,82.67909293,82.67909293,82.67909293
t_3793,82.01586844,82.01586844,82.01586844,82.01586844
t_3794,80.1484206,80.1484206,80.1484206,80.1484206
t_3795,77.19591851,77.19591851,77.19591851,77.19591851
t_3796,73.35204134,73.35204134,73.35204134,73.35204134
t_3797,68.87196774,68.87196774,68.87196774,68.87196774
t_3798,64.0551224,64.0551224,64.0551224,64.0551224
t_3799,59.22484687,59.22484687,59.22484687,59.22484687
t_3800,54.70637543,54.70637543,54.70637543,54.70637543
t_3801,50.80461723,50.80461723,50.80461723,50.80461723
t_3802,47.78326323,47.78326323,47.78326323,47.78326323
t_3803,45.84665043,45.84665043,45.84665043,45.84665043
t_3804,45.12563133,45.12563133,45.12563133,45.12563133
t_3805,45.66842628,45.66842628,45.66842628,45.66842628
t_3806,47.4370982,47.4370982,47.4370982,47.4370982
t_3807,50.30990648,50.30990648,50.30990648,50.30990648
t_3808,54.08939538,54.08939538,54.08939538,54.08939538
t_3809,58.51567967,58.51567967,58.51567967,58.51567967
t_3810,63.28403329,63.28403329,63.28403329,63.28403329
t_3811,68.06559004,68.06559004,68.06559004,68.06559004
t_3812,72.52974929,72.52974929,72.52974929,72.52974929
t_3813,76.36675926,76.36675926,76.36675926,76.36675926
t_3814,79.30893439,79.30893439,79.30893439,79.30893439
t_3815,81.14905249,81.14905249,81.14905249,81.14905249
t_3816,81.75466668,81.75466668,81.75466668,81.75466668
t_3817,81.07734308,81.07734308,81.07734308,81.07734308
t_3818,79.15618003,79.15618003,79.15618003,79.15618003
t_3819,76.11535371,76.11535371,76.11535371,76.11535371
t_3820,72.15584335,72.15584335,72.15584335,72.15584335
t_3821,67.5418873,67.5418873,67.5418873,67.5418873
t_3822,62.58308325,62.58308325,62.58308325,62.58308325
t_3823,57.61334573,57.61334573,57.61334573,57.61334573
t_3824,52.96815211,52.96815211,52.96815211,52.96815211
t_3825,48.96162849,48.96162849,48.96162849,48.96162849
t_3826,45.8650417,45.8650417,45.8650417,45.8650417
t_3827,43.88817096,43.88817096,43.88817096,43.88817096
t_3828,43.16483922,43.16483922,43.16483922,43.16483922
t_3829,43.74360273,43.74360273,43.74360273,43.74360273
t_3830,45.58424661,45.58424661,45.58424661,45.58424661
t_3831,48.56033912,48.56033912,48.56033912,48.56033912
t_3832,52.46768283,52.46768283,52.46768283,52.46768283
t_3833,57.03809796,57.03809796,57.03809796,57.03809796
t_3834,61.95760693,61.95760693,61.95760693,61.95760693
t_3835,66.88778631,66.88778631,66.88778631,66.88778631
t_3836,71.48883328,71.48883328,71.48883328,71.48883328
t_3837,75.44277324,75.44277324,75.44277324,75.44277324
t_3838,78.47522275,78.47522275,78.47522275,78.47522275
t_3839,80.37421703,80.37421703,80.37421703,80.37421703
t_3840,81.00480947,81.00480947,81.00480947,81.00480947
t_3841,80.31843701,80.31843701,80.31843701,80.31843701
t_3842,78.35640095,78.35640095,78.35640095,78.35640095
t_3843,75.24721444,75.24721444,75.24721444,75.24721444
t_3844,71.19798609,71.19798609,71.19798609,71.19798609
t_3845,66.4804179,66.4804179,66.4804179,66.4804179
t_3846,61.41236459,61.41236459,61.41236459,61.41236459
t_3847,56.33620675,56.33620675,56.33620675,56.33620675
t_3848,51.5955104,51.5955104,51.5955104,51.5955104
t_3849,47.51156503,47.51156503,47.51156503,47.51156503
t_3850,44.36140374,44.36140374,44.36140374,44.36140374
t_3851,42.35880992,42.35880992,42.35880992,42.35880992
t_3852,41.63961373,41.63961373,41.63961373,41.63961373
t_3853,42.25229024,42.25229024,42.25229024,42.25229024
t_3854,44.15451042,44.15451042,44.15451042,44.15451042
t_3855,47.21589002,47.21589002,47.21589002,47.21589002
t_3856,51.2267584,51.2267584,51.2267584,51.2267584
t_3857,55.91235703,55.91235703,55.91235703,55.91235703
t_3858,60.95150584,60.95150584,60.95150584,60.95150584
t_3859,65.99846814,65.99846814,65.99846814,65.99846814
t_3860,70.70652476,70.70652476,70.70652476,70.70652476
t_3861,74.75164877,74.75164877,74.75164877,74.75164877
t_3862,77.85466315,77.85466315,77.85466315,77.85466315
t_3863,79.80036497,79.80036497,79.80036497,79.80036497
t_3864,80.45230534,80.45230534,80.45230534,80.45230534
t_3865,79.76220919,79.76220919,79.76220919,79.76220919
t_3866,77.77338426,77.77338426,77.77338426,77.77338426
t_3867,74.61787868,74.61787868,74.61787868,74.61787868
t_3868,70.50757356,70.50757356,70.50757356,70.50757356
t_3869,65.71981173,65.71981173,65.71981173,65.71981173
t_3870,60.57853812,60.57853812,60.57853812,60.57853812
t_3871,55.43223517,55.43223517,55.43223517,55.43223517
t_3872,50.63015732,50.63015732,50.63015732,50.63015732
t_3873,46.49848629,46.49848629,46.49848629,46.49848629
t_3874,43.31803663,43.31803663,43.31803663,43.31803663
t_3875,41.30503617,41.30503617,41.30503617,41.30503617
t_3876,40.59629804,40.59629804,40.59629804,40.59629804
t_3877,41.23980161,41.23980161,41.23980161,41.23980161
t_3878,43.19133143,43.19133143,43.19133143,43.19133143
t_3879,46.31740959,46.31740959,46.31740959,46.31740959
t_3880,50.40432694,50.40432694,50.40432694,50.40432694
t_3881,55.17266196,55.17266196,55.17266196,55.17266196
t_3882,60.29629991,60.29629991,60.29629991,60.29629991
t_3883,65.42465701,65.42465701,65.42465701,65.42465701
t_3884,70.20659378,70.20659378,70.20659378,70.20659378
t_3885,74.31438533,74.31438533,74.31438533,74.31438533
t_3886,77.46611098,77.46611098,77.46611098,77.46611098
t_3887,79.44493253,79.44493253,79.44493253,79.44493253
t_3888,80.11394185,80.11394185,80.11394185,80.11394185
t_3889,79.42556034,79.42556034,79.42556034,79.42556034
t_3890,77.4248446,77.4248446,77.4248446,77.4248446
t_3891,74.24646847,74.24646847,74.24646847,74.24646847
t_3892,70.10558361,70.10558361,70.10558361,70.10558361
t_3893,65.28317945,65.28317945,65.28317945,65.28317945
t_3894,60.10693923,60.10693923,60.10693923,60.10693923
t_3895,54.9288977,54.9288977,54.9288977,54.9288977
t_3896,50.10142463,50.10142463,50.10142463,50.10142463
t_3897,45.95317417,45.95317417,45.95317417,45.95317417
t_3898,42.76664256,42.76664256,42.76664256,42.76664256
t_3899,40.75886811,40.75886811,40.75886811,40.75886811
t_3900,40.06659278,40.06659278,40.06659278,40.06659278
t_3901,40.73690077,40.73690077,40.73690077,40.73690077
t_3902,42.72397535,42.72397535,42.72397535,42.72397535
t_3903,45.89219769,45.89219769,45.89219769,45.89219769
t_3904,50.02537763,50.02537763,50.02537763,50.02537763
t_3905,54.841488,54.841488,54.841488,54.841488
t_3906,60.01189723,60.01189723,60.01189723,60.01189723
t_3907,65.18378788,65.18378788,65.18378788,65.18378788
t_3908,70.0042305,70.0042305,70.0042305,70.0042305
t_3909,74.14426892,74.14426892,74.14426892,74.14426892
t_3910,77.32137219,77.32137219,77.32137219,77.32137219
t_3911,79.31871935,79.31871935,79.31871935,79.31871935
t_3912,80.0,80.0,80.0,80.0
t_3913,86.93310737,86.93310737,86.93310737,86.93310737
t_3914,85.37155926,85.37155926,85.37155926,85.37155926
t_3915,82.91104292,82.91104292,82.91104292,82.91104292
t_3916,79.70915281,79.70915281,79.70915281,79.70915281
t_3917,75.97491726,75.97491726,75.97491726,75.97491726
t_3918,71.95475766,71.95475766,71.95475766,71.95475766
t_3919,67.91582312,67.91582312,67.91582312,67.91582312
t_3920,64.12782757,64.12782757,64.12782757,64.12782757
t_3921,60.84462419,60.84462419,60.84462419,60.84462419
t_3922,58.28677607,58.28677607,58.28677607,58.28677607
t_3923,56.6263198,56.6263198,56.6263198,56.6263198
t_3924,55.9747745,55.9747745,55.9747745,55.9747745
t_3925,56.37523189,56.37523189,56.37523189,56.37523189
t_3926,57.79908767,57.79908767,57.79908767,57.79908767
t_3927,60.14765982,60.14765982,60.14765982,60.14765982
t_3928,63.25860629,63.25860629,63.25860629,63.25860629
t_3929,66.91672563,66.91672563,66.91672563,66.91672563
t_3930,70.8684226,70.8684226,70.8684226,70.8684226
t_3931,74.83886652,74.83886652,74.83886652,74.83886652
t_3932,78.55068141,78.55068141,78.55068141,78.55068141
t_3933,81.74289678,81.74289678,81.74289678,81.74289678
t_3934,84.18886418,84.18886418,84.18886418,84.18886418
t_3935,85.71190929,85.71190929,85.71190929,85.71190929
t_3936,86.19763867,86.19763867,86.19763867,86.19763867
t_3937,85.6020441,85.6020441,85.6020441,85.6020441
t_3938,83.95483093,83.95483093,83.95483093,83.95483093
t_3939,81.35772114,81.35772114,81.35772114,81.35772114
t_3940,77.97782428,77.97782428,77.97782428,77.97782428
t_3941,74.03650737,74.03650737,74.03650737,74.03650737
t_3942,69.79450483,69.79450483,69.79450483,69.79450483
t_3943,65.53426983,65.53426983,65.53426983,65.53426983
t_3944,61.54076194,61.54076194,61.54076194,61.54076194
t_3945,58.0819781,58.0819781,58.0819781,58.0819781
t_3946,55.39055738,55.39055738,55.39055738,55.39055738
t_3947,53.6477225,53.6477225,53.6477225,53.6477225
t_3948,52.97066671,52.97066671,52.97066671,52.97066671
t_3949,53.40426378,53.40426378,53.40426378,53.40426378
t_3950,54.91768714,54.91768714,54.91768714,54.91768714
t_3951,57.40619064,57.40619064,57.40619064,57.40619064
t_3952,60.69795151,60.69795151,60.69795151,60.69795151
t_3953,64.56552941,64.56552941,64.56552941,64.56552941
t_3954,68.74117751,68.74117751,68.74117751,68.74117751
t_3955,72.93497495,72.93497495,72.93497495,72.93497495
t_3956,76.85455244,76.85455244,76.85455244,76.85455244
t_3957,80.22506853,80.22506853,80.22506853,80.22506853
t_3958,82.80807144,82.80807144,82.80807144,82.80807144
t_3959,84.41795149,84.41795149,84.41795149,84.41795149
t_3960,84.93484893,84.93484893,84.93484893,84.93484893
t_3961,84.31311935,84.31311935,84.31311935,84.31311935
t_3962,82.58475951,82.58475951,82.58475951,82.58475951
t_3963,79.85753821,79.85753821,79.85753821,79.85753821
t_3964,76.30793853,76.30793853,76.30793853,76.30793853
t_3965,72.16937276,72.16937276,72.16937276,72.16937276
t_3966,67.7164571,67.7164571,67.7164571,67.7164571
t_3967,63.24640543,63.24640543,63.24640543,63.24640543
t_3968,59.05880351,59.05880351,59.05880351,59.05880351
t_3969,55.43514008,55.43514008,55.43514008,55.43514008
t_3970,52.61949429,52.61949429,52.61949429,52.61949429
t_3971,50.80170461,50.80170461,50.80170461,50.80170461
t_3972,50.10418042,50.10418042,50.10418042,50.10418042
t_3973,50.57327244,50.57327244,50.57327244,50.57327244
t_3974,52.17581014,52.17581014,52.17581014,52.17581014
t_3975,54.80106299,54.80106299,54.80106299,54.80106299
t_3976,58.2680123,58.2680123,58.2680123,58.2680123
t_3977,62.33745677,62.33745677,62.33745677,62.33745677
t_3978,66.72814233,66.72814233,66.72814233,66.72814233
t_3979,71.13582818,71.13582818,71.13582818,71.13582818
t_3980,75.2539963,75.2539963,75.2539963,75.2539963
t_3981,78.79479421,78.79479421,78.79479421,78.79479421
t_3982,81.50877932,81.50877932,81.50877932,81.50877932
t_3983,83.20211029,83.20211029,83.20211029,83.20211029
t_3984,83.75,83.75,83.75,83.75
t_3985,83.10549646,83.10549646,83.10549646,83.10549646
t_3986,81.30297393,81.30297393,81.30297393,81.30297393
t_3987,78.45607643,78.45607643,78.45607643,78.45607643
t_3988,74.7502342,74.7502342,74.7502342,74.7502342
t_3989,70.43024538,70.43024538,70.43024538,70.43024538
t_3990,65.7837549,65.7837549,65.7837549,65.7837549
t_3991,61.12174555,61.12174555,61.12174555,61.12174555
t_3992,56.75736533,56.75736533,56.75736533,56.75736533
t_3993,52.98453297,52.98453297,52.98453297,52.98453297
t_3994,50.05778415,50.05778415,50.05778415,50.05778415
t_3995,48.17474093,48.17474093,48.17474093,48.17474093
t_3996,47.46241236,47.46241236,47.46241236,47.46241236
t_3997,47.9682761,47.9682761,47.9682761,47.9682761
t_3998,49.65676721,49.65676721,49.65676721,49.65676721
t_3999,52.41143237,52.41143237,52.41143237,52.41143237
t_4000,56.04262112,56.04262112,56.04262112,56.04262112
t_4001,60.30020659,60.30020659,60.30020659,60.30020659
t_4002,64.89048214,64.89048214,64.89048214,64.89048214
t_4003,69.49609236,69.49609236,69.49609236,69.49609236
t_4004,73.79764509,73.79764509,73.79764509,73.79764509
t_4005,77.49553197,77.49553197,77.49553197,77.49553197
t_4006,80.33046615,80.33046615,80.33046615,80.33046615
t_4007,82.10132838,82.10132838,82.10132838,82.10132838
t_4008,82.67909293,82.67909293,82.67909293,82.67909293
t_4009,82.01586844,82.01586844,82.01586844,82.01586844
t_4010,80.1484206,80.1484206,80.1484206,80.1484206
t_4011,77.19591851,77.19591851,77.19591851,77.19591851
t_4012,73.35204134,73.35204134,73.35204134,73.35204134
t_4013,68.87196774,68.87196774,68.87196774,68.87196774
t_4014,64.0551224,64.0551224,64.0551224,64.0551224
t_4015,59.22484687,59.22484687,59.22484687,59.22484687
t_4016,54.70637543,54.70637543,54.70637543,54.70637543
t_4017,50.80461723,50.80461723,50.80461723,50.80461723
t_4018,47.78326323,47.78326323,47.78326323,47.78326323
t_4019,45.84665043,45.84665043,45.84665043,45.84665043
t_4020,45.12563133,45.12563133,45.12563133,45.12563133
t_4021,45.66842628,45.66842628,45.66842628,45.66842628
t_4022,47.4370982,47.4370982,47.4370982,47.4370982
t_4023,50.30990648,50.30990648,50.30990648,50.30990648
t_4024,54.08939538,54.08939538,54.08939538,54.08939538
t_4025,58.51567967,58.51567967,58.51567967,58.51567967
t_4026,63.28403329,63.28403329,63.28403329,63.28403329
t_4027,68.06559004,68.06559004,68.06559004,68.06559004
t_4028,72.52974929,72.52974929,72.52974929,72.52974929
t_4029,76.36675926,76.36675926,76.36675926,76.36675926
t_4030,79.30893439,79.30893439,79.30893439,79.30893439
t_4031,81.14905249,81.14905249,81.14905249,81.14905249
t_4032,81.75466668,81.75466668,81.75466668,81.75466668
t_4033,81.07734308,81.07734308,81.07734308,81.07734308
t_4034,79.15618003,79.15618003,79.15618003,79.15618003
t_4035,76.11535371,76.11535371,76.11535371,76.11535371
t_4036,72.15584335,72.15584335,72.15584335,72.15584335
t_4037,67.5418873,67.5418873,67.5418873,67.5418873
t_4038,62.58308325,62.58308325,62.58308325,62.58308325
t_4039,57.61334573,57.61334573,57.61334573,57.61334573
t_4040,52.96815211,52.96815211,52.96815211,52.96815211
t_4041,48.96162849,48.96162849,48.96162849,48.96162849
t_4042,45.8650417,45.8650417,45.8650417,45.8650417
t_4043,43.88817096,43.88817096,43.88817096,43.88817096
t_4044,43.16483922,43.16483922,43.16483922,43.16483922
t_4045,43.74360273,43.74360273,43.74360273,43.74360273
t_4046,45.58424661,45.58424661,45.58424661,45.58424661
t_4047,48.56033912,48.56033912,48.56033912,48.56033912
t_4048,52.46768283,52.46768283,52.46768283,52.46768283
t_4049,57.03809796,57.03809796,57.03809796,57.03809796
t_4050,61.95760693,61.95760693,61.95760693,61.95760693
t_4051,66.88778631,66.88778631,66.88778631,66.88778631
t_4052,71.48883328,71.48883328,71.48883328,71.48883328
t_4053,75.44277324,75.44277324,75.44277324,75.44277324
t_4054,78.47522275,78.47522275,78.47522275,78.47522275
t_4055,80.37421703,80.37421703,80.37421703,80.37421703
t_4056,81.00480947,81.00480947,81.00480947,81.00480947
t_4057,80.31843701,80.31843701,80.31843701,80.31843701
t_4058,78.35640095,78.35640095,78.35640095,78.35640095
t_4059,75.24721444,75.24721444,75.24721444,75.24721444
t_4060,71.19798609,71.19798609,71.19798609,71.19798609
t_4061,66.4804179,66.4804179,66.4804179,66.4804179
t_4062,61.41236459,61.41236459,61.41236459,61.41236459
t_4063,56.33620675,56.33620675,56.33620675,56.33620675
t_4064,51.5955104,51.5955104,51.5955104,51.5955104
t_4065,47.51156503,47.51156503,47.51156503,47.51156503
t_4066,44.36140374,44.36140374,44.36140374,44.36140374
t_4067,42.35880992,42.35880992,42.35880992,42.35880992
t_4068,41.63961373,41.63961373,41.63961373,41.63961373
t_4069,42.25229024,42.25229024,42.25229024,42.25229024
t_4070,44.15451042,44.15451042,44.15451042,44.15451042
t_4071,47.21589002,47.21589002,47.21589002,47.21589002
t_4072,51.2267584,51.2267584,51.2267584,51.2267584
t_4073,55.91235703,55.91235703,55.91235703,55.91235703
t_4074,60.95150584,60.95150584,60.95150584,60.95150584
t_4075,65.99846814,65.99846814,65.99846814,65.99846814
t_4076,70.70652476,70.70652476,70.70652476,70.70652476
t_4077,74.75164877,74.75164877,74.75164877,74.75164877
t_4078,77.85466315,77.85466315,77.85466315,77.85466315
t_4079,79.80036497,79.80036497,79.80036497,79.80036497
t_4080,80.45230534,80.45230534,80.45230534,80.45230534
t_4081,79.76220919,79.76220919,79.76220919,79.76220919
t_4082,77.77338426,77.77338426,77.77338426,77.77338426
t_4083,74.61787868,74.61787868,74.61787868,74.61787868
t_4084,70.50757356,70.50757356,70.50757356,70.50757356
t_4085,65.71981173,65.71981173,65.71981173,65.71981173
t_4086,60.57853812,60.57853812,60.57853812,60.57853812
t_4087,55.43223517,55.43223517,55.43223517,55.43223517
t_4088,50.63015732,50.63015732,50.63015732,50.63015732
t_4089,46.49848629,46.49848629,46.49848629,46.49848629
t_4090,43.31803663,43.31803663,43.31803663,43.31803663
t_4091,41.30503617,41.30503617,41.30503617,41.30503617
t_4092,40.59629804,40.59629804,40.59629804,40.59629804
t_4093,41.23980161,41.23980161,41.23980161,41.23980161
t_4094,43.19133143,43.19133143,43.19133143,43.19133143
t_4095,46.31740959,46.31740959,46.31740959,46.31740959
t_4096,50.40432694,50.40432694,50.40432694,50.40432694
t_4097,55.17266196,55.17266196,55.17266196,55.17266196
t_4098,60.29629991,60.29629991,60.29629991,60.29629991
t_4099,65.42465701,65.42465701,65.42465701,65.42465701
t_4100,70.20659378,70.20659378,70.20659378,70.20659378
t_4101,74.31438533,74.31438533,74.31438533,74.31438533
t_4102,77.46611098,77.46611098,77.46611098,77.46611098
t_4103,79.44493253,79.44493253,79.44493253,79.44493253
t_4104,80.11394185,80.11394185,80.11394185,80.11394185
t_4105,79.42556034,79.42556034,79.42556034,79.42556034
t_4106,77.4248446,77.4248446,77.4248446,77.4248446
t_4107,74.24646847,74.24646847,74.24646847,74.24646847
t_4108,70.10558361,70.10558361,70.10558361,70.10558361
t_4109,65.28317945,65.28317945,65.28317945,65.28317945
t_4110,60.10693923,60.10693923,60.10693923,60.10693923
t_4111,54.9288977,54.9288977,54.9288977,54.9288977
t_4112,50.10142463,50.10142463,50.10142463,50.10142463
t_4113,45.95317417,45.95317417,45.95317417,45.95317417
t_4114,42.76664256,42.76664256,42.76664256,42.76664256
t_4115,40.75886811,40.75886811,40.75886811,40.75886811
t_4116,40.06659278,40.06659278,40.06659278,40.06659278
t_4117,40.73690077,40.73690077,40.73690077,40.73690077
t_4118,42.72397535,42.72397535,42.72397535,42.72397535
t_4119,45.89219769,45.89219769,45.89219769,45.89219769
t_4120,50.02537763,50.02537763,50.02537763,50.02537763
t_4121,54.841488,54.841488,54.841488,54.841488
t_4122,60.01189723,60.01189723,60.01189723,60.01189723
t_4123,65.18378788,65.18378788,65.18378788,65.18378788
t_4124,70.0042305,70.0042305,70.0042305,70.0042305
t_4125,74.14426892,74.14426892,74.14426892,74.14426892
t_4126,77.32137219,77.32137219,77.32137219,77.32137219
t_4127,79.31871935,79.31871935,79.31871935,79.31871935
t_4128,80.0,80.0,80.0,80.0
t_4129,86.93310737,86.93310737,86.93310737,86.93310737
t_4130,85.37155926,85.37155926,85.37155926,85.37155926
t_4131,82.91104292,82.91104292,82.91104292,82.91104292
t_4132,79.70915281,79.70915281,79.70915281,79.70915281
t_4133,75.97491726,75.97491726,75.97491726,75.97491726
t_4134,71.95475766,71.95475766,71.95475766,71.95475766
t_4135,67.91582312,67.91582312,67.91582312,67.91582312
t_4136,64.12782757,64.12782757,64.12782757,64.12782757
t_4137,60.84462419,60.84462419,60.84462419,60.84462419
t_4138,58.28677607,58.28677607,58.28677607,58.28677607
t_4139,56.6263198,56.6263198,56.6263198,56.6263198
t_4140,55.9747745,55.9747745,55.9747745,55.9747745
t_4141,56.37523189,56.37523189,56.37523189,56.37523189
t_4142,57.79908767,57.79908767,57.79908767,57.79908767
t_4143,60.14765982,60.14765982,60.14765982,60.14765982
t_4144,63.25860629,63.25860629,63.25860629,63.25860629
t_4145,66.91672563,66.91672563,66.91672563,66.91672563
t_4146,70.8684226,70.8684226,70.8684226,70.8684226
t_4147,74.83886652,74.83886652,74.83886652,74.83886652
t_4148,78.55068141,78.55068141,78.55068141,78.55068141
t_4149,81.74289678,81.74289678,81.74289678,81.74289678
t_4150,84.18886418,84.18886418,84.18886418,84.18886418
t_4151,85.71190929,85.71190929,85.71190929,85.71190929
t_4152,86.19763867,86.19763867,86.19763867,86.19763867
t_4153,85.6020441,85.6020441,85.6020441,85.6020441
t_4154,83.95483093,83.95483093,83.95483093,83.95483093
t_4155,81.35772114,81.35772114,81.35772114,81.35772114
t_4156,77.97782428,77.97782428,77.97782428,77.97782428
t_4157,74.03650737,74.03650737,74.03650737,74.03650737
t_4158,69.79450483,69.79450483,69.79450483,69.79450483
t_4159,65.53426983,65.53426983,65.53426983,65.53426983
t_4160,61.54076194,61.54076194,61.54076194,61.54076194
t_4161,58.0819781,58.0819781,58.0819781,58.0819781
t_4162,55.39055738,55.39055738,55.39055738,55.39055738
t_4163,53.6477225,53.6477225,53.6477225,53.6477225
t_4164,52.97066671,52.97066671,52.97066671,52.97066671
t_4165,53.40426378,53.40426378,53.40426378,53.40426378
t_4166,54.91768714,54.91768714,54.91768714,54.91768714
t_4167,57.40619064,57.40619064,57.40619064,57.40619064
t_4168,60.69795151,60.69795151,60.69795151,60.69795151
t_4169,64.56552941,64.56552941,64.56552941,64.56552941
t_4170,68.74117751,68.74117751,68.74117751,68.74117751
t_4171,72.93497495,72.93497495,72.93497495,72.93497495
t_4172,76.85455244,76.85455244,76.85455244,76.85455244
t_4173,80.22506853,80.22506853,80.22506853,80.22506853
t_4174,82.80807144,82.80807144,82.80807144,82.80807144
t_4175,84.41795149,84.41795149,84.41795149,84.41795149
t_4176,84.93484893,84.93484893,84.93484893,84.93484893
t_4177,84.31311935,84.31311935,84.31311935,84.31311935
t_4178,82.58475951,82.58475951,82.58475951,82.58475951
t_4179,79.85753821,79.85753821,79.85753821,79.85753821
t_4180,76.30793853,76.30793853,76.30793853,76.30793853
t_4181,72.16937276,72.16937276,72.16937276,72.16937276
t_4182,67.7164571,67.7164571,67.7164571,67.7164571
t_4183,63.24640543,63.24640543,63.24640543,63.24640543
t_4184,59.05880351,59.05880351,59.05880351,59.05880351
t_4185,55.43514008,55.43514008,55.43514008,55.43514008
t_4186,52.61949429,52.61949429,52.61949429,52.61949429
t_4187,50.80170461,50.80170461,50.80170461,50.80170461
t_4188,50.10418042,50.10418042,50.10418042,50.10418042
t_4189,50.57327244,50.57327244,50.57327244,50.57327244
t_4190,52.17581014,52.17581014,52.17581014,52.17581014
t_4191,54.80106299,54.80106299,54.80106299,54.80106299
t_4192,58.2680123,58.2680123,58.2680123,58.2680123
t_4193,62.33745677,62.33745677,62.33745677,62.33745677
t_4194,66.72814233,66.72814233,66.72814233,66.72814233
t_4195,71.13582818,71.13582818,71.13582818,71.13582818
t_4196,75.2539963,75.2539963,75.2539963,75.2539963
t_4197,78.79479421,78.79479421,78.79479421,78.79479421
t_4198,81.50877932,81.50877932,81.50877932,81.50877932
t_4199,83.20211029,83.20211029,83.20211029,83.20211029
t_4200,83.75,83.75,83.75,83.75
t_4201,83.10549646,83.10549646,83.10549646,83.10549646
t_4202,81.30297393,81.30297393,81.30297393,81.30297393
t_4203,78.45607643,78.45607643,78.45607643,78.45607643
t_4204,74.7502342,74.7502342,74.7502342,74.7502342
t_4205,70.43024538,70.43024538,70.43024538,70.43024538
t_4206,65.7837549,65.7837549,65.7837549,65.7837549
t_4207,61.12174555,61.12174555,61.12174555,61.12174555
t_4208,56.75736533,56.75736533,56.75736533,56.75736533
t_4209,52.98453297,52.98453297,52.98453297,52.98453297
t_4210,50.05778415,50.05778415,50.05778415,50.05778415
t_4211,48.17474093,48.17474093,48.17474093,48.17474093
t_4212,47.46241236,47.46241236,47.46241236,47.46241236
t_4213,47.9682761,47.9682761,47.9682761,47.9682761
t_4214,49.65676721,49.65676721,49.65676721,49.65676721
t_4215,52.41143237,52.41143237,52.41143237,52.41143237
t_4216,56.04262112,56.04262112,56.04262112,56.04262112
t_4217,60.30020659,60.30020659,60.30020659,60.30020659
t_4218,64.89048214,64.89048214,64.89048214,64.89048214
t_4219,69.49609236,69.49609236,69.49609236,69.49609236
t_4220,73.79764509,73.79764509,73.79764509,73.79764509
t_4221,77.49553197,77.49553197,77.49553197,77.49553197
t_4222,80.33046615,80.33046615,80.33046615,80.33046615
t_4223,82.10132838,82.10132838,82.10132838,82.10132838
t_4224,82.67909293,82.67909293,82.67909293,82.67909293
t_4225,82.01586844,82.01586844,82.01586844,82.01586844
t_4226,80.1484206,80.1484206,80.1484206,80.1484206
t_4227,77.19591851,77.19591851,77.19591851,77.19591851
t_4228,73.35204134,73.35204134,73.35204134,73.35204134
t_4229,68.87196774,68.87196774,68.87196774,68.87196774
t_4230,64.0551224,64.0551224,64.0551224,64.0551224
t_4231,59.22484687,59.22484687,59.22484687,59.22484687
t_4232,54.70637543,54.70637543,54.70637543,54.70637543
t_4233,50.80461723,50.80461723,50.80461723,50.80461723
t_4234,47.78326323,47.78326323,47.78326323,47.78326323
t_4235,45.84665043,45.84665043,45.84665043,45.84665043
t_4236,45.12563133,45.12563133,45.12563133,45.12563133
t_4237,45.66842628,45.66842628,45.66842628,45.66842628
t_4238,47.4370982,47.4370982,47.4370982,47.4370982
t_4239,50.30990648,50.30990648,50.30990648,50.30990648
t_4240,54.08939538,54.08939538,54.08939538,54.08939538
t_4241,58.51567967,58.51567967,58.51567967,58.51567967
t_4242,63.28403329,63.28403329,63.28403329,63.28403329
t_4243,68.06559004,68.06559004,68.06559004,68.06559004
t_4244,72.52974929,72.52974929,72.52974929,72.52974929
t_4245,76.36675926,76.36675926,76.36675926,76.36675926
t_4246,79.30893439,79.30893439,79.30893439,79.30893439
t_4247,81.14905249,81.14905249,81.14905249,81.14905249
t_4248,81.75466668,81.75466668,81.75466668,81.75466668
t_4249,81.07734308,81.07734308,81.07734308,81.07734308
t_4250,79.15618003,79.15618003,79.15618003,79.15618003
t_4251,76.11535371,76.11535371,76.11535371,76.11535371
t_4252,72.15584335,72.15584335,72.15584335,72.15584335
t_4253,67.5418873,67.5418873,67.5418873,67.5418873
t_4254,62.58308325,62.58308325,62.58308325,62.58308325
t_4255,57.61334573,57.61334573,57.61334573,57.61334573
t_4256,52.96815211,52.96815211,52.96815211,52.96815211
t_4257,48.96162849,48.96162849,48.96162849,48.96162849
t_4258,45.8650417,45.8650417,45.8650417,45.8650417
t_4259,43.88817096,43.88817096,43.88817096,43.88817096
t_4260,43.16483922,43.16483922,43.16483922,43.16483922
t_4261,43.74360273,43.74360273,43.74360273,43.74360273
t_4262,45.58424661,45.58424661,45.58424661,45.58424661
t_4263,48.56033912,48.56033912,48.56033912,48.56033912
t_4264,52.46768283,52.46768283,52.46768283,52.46768283
t_4265,57.03809796,57.03809796,57.03809796,57.03809796
t_4266,61.95760693,61.95760693,61.95760693,61.95760693
t_4267,66.88778631,66.88778631,66.88778631,66.88778631
t_4268,71.48883328,71.48883328,71.48883328,71.48883328
t_4269,75.44277324,75.44277324,75.44277324,75.44277324
t_4270,78.47522275,78.47522275,78.47522275,78.47522275
t_4271,80.37421703,80.37421703,80.37421703,80.37421703
t_4272,81.00480947,81.00480947,81.00480947,81.00480947
t_4273,80.31843701,80.31843701,80.31843701,80.31843701
t_4274,78.35640095,78.35640095,78.35640095,78.35640095
t_4275,75.24721444,75.24721444,75.24721444,75.24721444
t_4276,71.19798609,71.19798609,71.19798609,71.19798609
t_4277,66.4804179,66.4804179,66.4804179,66.4804179
t_4278,61.41236459,61.41236459,61.41236459,61.41236459
t_4279,56.33620675,56.33620675,56.33620675,56.33620675
t_4280,51.5955104,51.5955104,51.5955104,51.5955104
t_4281,47.51156503,47.51156503,47.51156503,47.51156503
t_4282,44.36140374,44.36140374,44.36140374,44.36140374
t_4283,42.35880992,42.35880992,42.35880992,42.35880992
t_4284,41.63961373,41.63961373,41.63961373,41.63961373
t_4285,42.25229024,42.25229024,42.25229024,42.25229024
t_4286,44.15451042,44.15451042,44.15451042,44.15451042
t_4287,47.21589002,47.21589002,47.21589002,47.21589002
t_4288,51.2267584,51.2267584,51.2267584,51.2267584
t_4289,55.91235703,55.91235703,55.91235703,55.91235703
t_4290,60.95150584,60.95150584,60.95150584,60.95150584
t_4291,65.99846814,65.99846814,65.99846814,65.99846814
t_4292,70.70652476,70.70652476,70.70652476,70.70652476
t_4293,74.75164877,74.75164877,74.75164877,74.75164877
t_4294,77.85466315,77.85466315,77.85466315,77.85466315
t_4295,79.80036497,79.80036497,79.80036497,79.80036497
t_4296,80.45230534,80.45230534,80.45230534,80.45230534
t_4297,79.76220919,79.76220919,79.76220919,79.76220919
t_4298,77.77338426,77.77338426,77.77338426,77.77338426
t_4299,74.61787868,74.61787868,74.61787868,74.61787868
t_4300,70.50757356,70.50757356,70.50757356,70.50757356
t_4301,65.71981173,65.71981173,65.71981173,65.71981173
t_4302,60.57853812,60.57853812,60.57853812,60.57853812
t_4303,55.43223517,55.43223517,55.43223517,55.43223517
t_4304,50.63015732,50.63015732,50.63015732,50.63015732
t_4305,46.49848629,46.49848629,46.49848629,46.49848629
t_4306,43.31803663,43.31803663,43.31803663,43.31803663
t_4307,41.30503617,41.30503617,41.30503617,41.30503617
t_4308,40.59629804,40.59629804,40.59629804,40.59629804
t_4309,41.23980161,41.23980161,41.23980161,41.23980161
t_4310,43.19133143,43.19133143,43.19133143,43.19133143
t_4311,46.31740959,46.31740959,46.31740959,46.31740959
t_4312,50.40432694,50.40432694,50.40432694,50.40432694
t_4313,55.17266196,55.17266196,55.17266196,55.17266196
t_4314,60.29629991,60.29629991,60.29629991,60.29629991
t_4315,65.42465701,65.42465701,65.42465701,65.42465701
t_4316,70.20659378,70.20659378,70.20659378,70.20659378
t_4317,74.31438533,74.31438533,74.31438533,74.31438533
t_4318,77.46611098,77.46611098,77.46611098,77.46611098
t_4319,79.44493253,79.44493253,79.44493253,79.44493253
t_4320,80.11394185,80.11394185,80.11394185,80.11394185
t_4321,79.42556034,79.42556034,79.42556034,79.42556034
t_4322,77.4248446,77.4248446,77.4248446,77.4248446
t_4323,74.24646847,74.24646847,74.24646847,74.24646847
t_4324,70.10558361,70.10558361,70.10558361,70.10558361
t_4325,65.28317945,65.28317945,65.28317945,65.28317945
t_4326,60.10693923,60.10693923,60.10693923,60.10693923
t_4327,54.9288977,54.9288977,54.9288977,54.9288977
t_4328,50.10142463,50.10142463,50.10142463,50.10142463
t_4329,45.95317417,45.95317417,45.95317417,45.95317417
t_4330,42.76664256,42.76664256,42.76664256,42.76664256
t_4331,40.75886811,40.75886811,40.75886811,40.75886811
t_4332,40.06659278,40.06659278,40.06659278,40.06659278
t_4333,40.73690077,40.73690077,40.73690077,40.73690077
t_4334,42.72397535,42.72397535,42.72397535,42.72397535
t_4335,45.89219769,45.89219769,45.89219769,45.89219769
t_4336,50.02537763,50.02537763,50.02537763,50.02537763
t_4337,54.841488,54.841488,54.841488,54.841488
t_4338,60.01189723,60.01189723,60.01189723,60.01189723
t_4339,65.18378788,65.18378788,65.18378788,65.18378788
t_4340,70.0042305,70.0042305,70.0042305,70.0042305
t_4341,74.14426892,74.14426892,74.14426892,74.14426892
t_4342,77.32137219,77.32137219,77.32137219,77.32137219
t_4343,79.31871935,79.31871935,79.31871935,79.31871935
t_4344,80.0,80.0,80.0,80.0
t_4345,86.93310737,86.93310737,86.93310737,86.93310737
t_4346,85.37155926,85.37155926,85.37155926,85.37155926
t_4347,82.91104292,82.91104292,82.91104292,82.91104292
t_4348,79.70915281,79.70915281,79.70915281,79.70915281
t_4349,75.97491726,75.97491726,75.97491726,75.97491726
t_4350,71.95475766,71.95475766,71.95475766,71.95475766
t_4351,67.91582312,67.91582312,67.91582312,67.91582312
t_4352,64.12782757,64.12782757,64.12782757,64.12782757
t_4353,60.84462419,60.84462419,60.84462419,60.84462419
t_4354,58.28677607,58.28677607,58.28677607,58.28677607
t_4355,56.6263198,56.6263198,56.6263198,56.6263198
t_4356,55.9747745,55.9747745,55.9747745,55.9747745
t_4357,56.37523189,56.37523189,56.37523189,56.37523189
t_4358,57.79908767,57.79908767,57.79908767,57.79908767
t_4359,60.14765982,60.14765982,60.14765982,60.14765982
t_4360,63.25860629,63.25860629,63.25860629,63.25860629
t_4361,66.91672563,66.91672563,66.91672563,66.91672563
t_4362,70.8684226,70.8684226,70.8684226,70.8684226
t_4363,74.83886652,74.83886652,74.83886652,74.83886652
t_4364,78.55068141,78.55068141,78.55068141,78.55068141
t_4365,81.74289678,81.74289678,81.74289678,81.74289678
t_4366,84.18886418,84.18886418,84.18886418,84.18886418
t_4367,85.71190929,85.71190929,85.71190929,85.71190929
t_4368,86.19763867,86.19763867,86.19763867,86.19763867
t_4369,79.31871935,79.31871935,79.31871935,79.31871935
t_4370,77.32137219,77.32137219,77.32137219,77.32137219
t_4371,74.14426892,74.14426892,74.14426892,74.14426892
t_4372,70.0042305,70.0042305,70.0042305,70.0042305
t_4373,65.18378788,65.18378788,65.18378788,65.18378788
t_4374,60.01189723,60.01189723,60.01189723,60.01189723
t_4375,54.841488,54.841488,54.841488,54.841488
t_4376,50.02537763,50.02537763,50.02537763,50.02537763
t_4377,45.89219769,45.89219769,45.89219769,45.89219769
t_4378,42.72397535,42.72397535,42.72397535,42.72397535
t_4379,40.73690077,40.73690077,40.73690077,40.73690077
t_4380,40.06659278,40.06659278,40.06659278,40.06659278
t_4381,40.75886811,40.75886811,40.75886811,40.75886811
t_4382,42.76664256,42.76664256,42.76664256,42.76664256
t_4383,45.95317417,45.95317417,45.95317417,45.95317417
t_4384,50.10142463,50.10142463,50.10142463,50.10142463
t_4385,54.9288977,54.9288977,54.9288977,54.9288977
t_4386,60.10693923,60.10693923,60.10693923,60.10693923
t_4387,65.28317945,65.28317945,65.28317945,65.28317945
t_4388,70.10558361,70.10558361,70.10558361,70.10558361
t_4389,74.24646847,74.24646847,74.24646847,74.24646847
t_4390,77.4248446,77.4248446,77.4248446,77.4248446
t_4391,79.42556034,79.42556034,79.42556034,79.42556034
t_4392,80.11394185,80.11394185,80.11394185,80.11394185
t_4393,79.44493253,79.44493253,79.44493253,79.44493253
t_4394,77.46611098,77.46611098,77.46611098,77.46611098
t_4395,74.31438533,74.31438533,74.31438533,74.31438533
t_4396,70.20659378,70.20659378,70.20659378,70.20659378
t_4397,65.42465701,65.42465701,65.42465701,65.42465701
t_4398,60.29629991,60.29629991,60.29629991,60.29629991
t_4399,55.17266196,55.17266196,55.17266196,55.17266196
t_4400,50.40432694,50.40432694,50.40432694,50.40432694
t_4401,46.31740959,46.31740959,46.31740959,46.31740959
t_4402,43.19133143,43.19133143,43.19133143,43.19133143
t_4403,41.23980161,41.23980161,41.23980161,41.23980161
t_4404,40.59629804,40.59629804,40.59629804,40.59629804
t_4405,41.30503617,41.30503617,41.30503617,41.30503617
t_4406,43.31803663,43.31803663,43.31803663,43.31803663
t_4407,46.49848629,46.49848629,46.49848629,46.49848629
t_4408,50.63015732,50.63015732,50.63015732,50.63015732
t_4409,55.43223517,55.43223517,55.43223517,55.43223517
t_4410,60.57853812,60.57853812,60.57853812,60.57853812
t_4411,65.71981173,65.71981173,65.71981173,65.71981173
t_4412,70.50757356,70.50757356,70.50757356,70.50757356
t_4413,74.61787868,74.61787868,74.61787868,74.61787868
t_4414,77.77338426,77.77338426,77.77338426,77.77338426
t_4415,79.76220919,79.76220919,79.76220919,79.76220919
t_4416,80.45230534,80.45230534,80.45230534,80.45230534
t_4417,79.80036497,79.80036497,79.80036497,79.80036497
t_4418,77.85466315,77.85466315,77.85466315,77.85466315
t_4419,74.75164877,74.75164877,74.75164877,74.75164877
t_4420,70.70652476,70.70652476,70.70652476,70.70652476
t_4421,65.99846814,65.99846814,65.99846814,65.99846814
t_4422,60.95150584,60.95150584,60.95150584,60.95150584
t_4423,55.91235703,55.91235703,55.91235703,55.91235703
t_4424,51.2267584,51.2267584,51.2267584,51.2267584
t_4425,47.21589002,47.21589002,47.21589002,47.21589002
t_4426,44.15451042,44.15451042,44.15451042,44.15451042
t_4427,42.25229024,42.25229024,42.25229024,42.25229024
t_4428,41.63961373,41.63961373,41.63961373,41.63961373
t_4429,42.35880992,42.35880992,42.35880992,42.35880992
t_4430,44.36140374,44.36140374,44.36140374,44.36140374
t_4431,47.51156503,47.51156503,47.51156503,47.51156503
t_4432,51.5955104,51.5955104,51.5955104,51.5955104
t_4433,56.33620675,56.33620675,56.33620675,56.33620675
t_4434,61.41236459,61.41236459,61.41236459,61.41236459
t_4435,66.4804179,66.4804179,66.4804179,66.4804179
t_4436,71.19798609,71.19798609,71.19798609,71.19798609
t_4437,75.24721444,75.24721444,75.24721444,75.24721444
t_4438,78.35640095,78.35640095,78.35640095,78.35640095
t_4439,80.31843701,80.31843701,80.31843701,80.31843701
t_4440,81.00480947,81.00480947,81.00480947,81.00480947
t_4441,80.37421703,80.37421703,80.37421703,80.37421703
t_4442,78.47522275,78.47522275,78.47522275,78.47522275
t_4443,75.44277324,75.44277324,75.44277324,75.44277324
t_4444,71.48883328,71.48883328,71.48883328,71.48883328
t_4445,66.88778631,66.88778631,66.88778631,66.88778631
t_4446,61.95760693,61.95760693,61.95760693,61.95760693
t_4447,57.03809796,57.03809796,57.03809796,57.03809796
t_4448,52.46768283,52.46768283,52.46768283,52.46768283
t_4449,48.56033912,48.56033912,48.56033912,48.56033912
t_4450,45.58424661,45.58424661,45.58424661,45.58424661
t_4451,43.74360273,43.74360273,43.74360273,43.74360273
t_4452,43.16483922,43.16483922,43.16483922,43.16483922
t_4453,43.88817096,43.88817096,43.88817096,43.88817096
t_4454,45.8650417,45.8650417,45.8650417,45.8650417
t_4455,48.96162849,48.96162849,48.96162849,48.96162849
t_4456,52.96815211,52.96815211,52.96815211,52.96815211
t_4457,57.61334573,57.61334573,57.61334573,57.61334573
t_4458,62.58308325,62.58308325,62.58308325,62.58308325
t_4459,67.5418873,67.5418873,67.5418873,67.5418873
t_4460,72.15584335,72.15584335,72.15584335,72.15584335
t_4461,76.11535371,76.11535371,76.11535371,76.11535371
t_4462,79.15618003,79.15618003,79.15618003,79.15618003
t_4463,81.07734308,81.07734308,81.07734308,81.07734308
t_4464,81.75466668,81.75466668,81.75466668,81.75466668
t_4465,81.14905249,81.14905249,81.14905249,81.14905249
t_4466,79.30893439,79.30893439,79.30893439,79.30893439
t_4467,76.36675926,76.36675926,76.36675926,76.36675926
t_4468,72.52974929,72.52974929,72.52974929,72.52974929
t_4469,68.06559004,68.06559004,68.06559004,68.06559004
t_4470,63.28403329,63.28403329,63.28403329,63.28403329
t_4471,58.51567967,58.51567967,58.51567967,58.51567967
t_4472,54.08939538,54.08939538,54.08939538,54.08939538
t_4473,50.30990648,50.30990648,50.30990648,50.30990648
t_4474,47.4370982,47.4370982,47.4370982,47.4370982
t_4475,45.66842628,45.66842628,45.66842628,45.66842628
t_4476,45.12563133,45.12563133,45.12563133,45.12563133
t_4477,45.84665043,45.84665043,45.84665043,45.84665043
t_4478,47.78326323,47.78326323,47.78326323,47.78326323
t_4479,50.80461723,50.80461723,50.80461723,50.80461723
t_4480,54.70637543,54.70637543,54.70637543,54.70637543
t_4481,59.22484687,59.22484687,59.22484687,59.22484687
t_4482,64.0551224,64.0551224,64.0551224,64.0551224
t_4483,68.87196774,68.87196774,68.87196774,68.87196774
t_4484,73.35204134,73.35204134,73.35204134,73.35204134
t_4485,77.19591851,77.19591851,77.19591851,77.19591851
t_4486,80.1484206,80.1484206,80.1484206,80.1484206
t_4487,82.01586844,82.01586844,82.01586844,82.01586844
t_4488,82.67909293,82.67909293,82.67909293,82.67909293
t_4489,82.10132838,82.10132838,82.10132838,82.10132838
t_4490,80.33046615,80.33046615,80.33046615,80.33046615
t_4491,77.49553197,77.49553197,77.49553197,77.49553197
t_4492,73.79764509,73.79764509,73.79764509,73.79764509
t_4493,69.49609236,69.49609236,69.49609236,69.49609236
t_4494,64.89048214,64.89048214,64.89048214,64.89048214
t_4495,60.30020659,60.30020659,60.30020659,60.30020659
t_4496,56.04262112,56.04262112,56.04262112,56.04262112
t_4497,52.41143237,52.41143237,52.41143237,52.41143237
t_4498,49.65676721,49.65676721,49.65676721,49.65676721
t_4499,47.9682761,47.9682761,47.9682761,47.9682761
t_4500,47.46241236,47.46241236,47.46241236,47.46241236
t_4501,48.17474093,48.17474093,48.17474093,48.17474093
t_4502,50.05778415,50.05778415,50.05778415,50.05778415
t_4503,52.98453297,52.98453297,52.98453297,52.98453297
t_4504,56.75736533,56.75736533,56.75736533,56.75736533
t_4505,61.12174555,61.12174555,61.12174555,61.12174555
t_4506,65.7837549,65.7837549,65.7837549,65.7837549
t_4507,70.43024538,70.43024538,70.43024538,70.43024538
t_4508,74.7502342,74.7502342,74.7502342,74.7502342
t_4509,78.45607643,78.45607643,78.45607643,78.45607643
t_4510,81.30297393,81.30297393,81.30297393,81.30297393
t_4511,83.10549646,83.10549646,83.10549646,83.10549646
t_4512,83.75,83.75,83.75,83.75
t_4513,83.20211029,83.20211029,83.20211029,83.20211029
t_4514,81.50877932,81.50877932,81.50877932,81.50877932
t_4515,78.79479421,78.79479421,78.79479421,78.79479421
t_4516,75.2539963,75.2539963,75.2539963,75.2539963
t_4517,71.13582818,71.13582818,71.13582818,71.13582818
t_4518,66.72814233,66.72814233,66.72814233,66.72814233
t_4519,62.33745677,62.33745677,62.33745677,62.33745677
t_4520,58.2680123,58.2680123,58.2680123,58.2680123
t_4521,54.80106299,54.80106299,54.80106299,54.80106299
t_4522,52.17581014,52.17581014,52.17581014,52.17581014
t_4523,50.57327244,50.57327244,50.57327244,50.57327244
t_4524,50.10418042,50.10418042,50.10418042,50.10418042
t_4525,50.80170461,50.80170461,50.80170461,50.80170461
t_4526,52.61949429,52.61949429,52.61949429,52.61949429
t_4527,55.43514008,55.43514008,55.43514008,55.43514008
t_4528,59.05880351,59.05880351,59.05880351,59.05880351
t_4529,63.24640543,63.24640543,63.24640543,63.24640543
t_4530,67.7164571,67.7164571,67.7164571,67.7164571
t_4531,72.16937276,72.16937276,72.16937276,72.16937276
t_4532,76.30793853,76.30793853,76.30793853,76.30793853
t_4533,79.85753821,79.85753821,79.85753821,79.85753821
t_4534,82.58475951,82.58475951,82.58475951,82.58475951
t_4535,84.31311935,84.31311935,84.31311935,84.31311935
t_4536,84.93484893,84.93484893,84.93484893,84.93484893
t_4537,84.41795149,84.41795149,84.41795149,84.41795149
t_4538,82.80807144,82.80807144,82.80807144,82.80807144
t_4539,80.22506853,80.22506853,80.22506853,80.22506853
t_4540,76.85455244,76.85455244,76.85455244,76.85455244
t_4541,72.93497495,72.93497495,72.93497495,72.93497495
t_4542,68.74117751,68.74117751,68.74117751,68.74117751
t_4543,64.56552941,64.56552941,64.56552941,64.56552941
t_4544,60.69795151,60.69795151,60.69795151,60.69795151
t_4545,57.40619064,57.40619064,57.40619064,57.40619064
t_4546,54.91768714,54.91768714,54.91768714,54.91768714
t_4547,53.40426378,53.40426378,53.40426378,53.40426378
t_4548,52.97066671,52.97066671,52.97066671,52.97066671
t_4549,53.6477225,53.6477225,53.6477225,53.6477225
t_4550,55.39055738,55.39055738,55.39055738,55.39055738
t_4551,58.0819781,58.0819781,58.0819781,58.0819781
t_4552,61.54076194,61.54076194,61.54076194,61.54076194
t_4553,65.53426983,65.53426983,65.53426983,65.53426983
t_4554,69.79450483,69.79450483,69.79450483,69.79450483
t_4555,74.03650737,74.03650737,74.03650737,74.03650737
t_4556,77.97782428,77.97782428,77.97782428,77.97782428
t_4557,81.35772114,81.35772114,81.35772114,81.35772114
t_4558,83.95483093,83.95483093,83.95483093,83.95483093
t_4559,85.6020441,85.6020441,85.6020441,85.6020441
t_4560,86.19763867,86.19763867,86.19763867,86.19763867
t_4561,85.71190929,85.71190929,85.71190929,85.71190929
t_4562,84.18886418,84.18886418,84.18886418,84.18886418
t_4563,81.74289678,81.74289678,81.74289678,81.74289678
t_4564,78.55068141,78.55068141,78.55068141,78.55068141
t_4565,74.83886652,74.83886652,74.83886652,74.83886652
t_4566,70.8684226,70.8684226,70.8684226,70.8684226
t_4567,66.91672563,66.91672563,66.91672563,66.91672563
t_4568,63.25860629,63.25860629,63.25860629,63.25860629
t_4569,60.14765982,60.14765982,60.14765982,60.14765982
t_4570,57.79908767,57.79908767,57.79908767,57.79908767
t_4571,56.37523189,56.37523189,56.37523189,56.37523189
t_4572,55.9747745,55.9747745,55.9747745,55.9747745
t_4573,56.6263198,56.6263198,56.6263198,56.6263198
t_4574,58.28677607,58.28677607,58.28677607,58.28677607
t_4575,60.84462419,60.84462419,60.84462419,60.84462419
t_4576,64.12782757,64.12782757,64.12782757,64.12782757
t_4577,67.91582312,67.91582312,67.91582312,67.91582312
t_4578,71.95475766,71.95475766,71.95475766,71.95475766
t_4579,75.97491726,75.97491726,75.97491726,75.97491726
t_4580,79.70915281,79.70915281,79.70915281,79.70915281
t_4581,82.91104292,82.91104292,82.91104292,82.91104292
t_4582,85.37155926,85.37155926,85.37155926,85.37155926
t_4583,86.93310737,86.93310737,86.93310737,86.93310737
t_4584,87.5,87.5,87.5,87.5
t_4585,79.31871935,79.31871935,79.31871935,79.31871935
t_4586,77.32137219,77.32137219,77.32137219,77.32137219
t_4587,74.14426892,74.14426892,74.14426892,74.14426892
t_4588,70.0042305,70.0042305,70.0042305,70.0042305
t_4589,65.18378788,65.18378788,65.18378788,65.18378788
t_4590,60.01189723,60.01189723,60.01189723,60.01189723
t_4591,54.841488,54.841488,54.841488,54.841488
t_4592,50.02537763,50.02537763,50.02537763,50.02537763
t_4593,45.89219769,45.89219769,45.89219769,45.89219769
t_4594,42.72397535,42.72397535,42.72397535,42.72397535
t_4595,40.73690077,40.73690077,40.73690077,40.73690077
t_4596,40.06659278,40.06659278,40.06659278,40.06659278
t_4597,40.75886811,40.75886811,40.75886811,40.75886811
t_4598,42.76664256,42.76664256,42.76664256,42.76664256
t_4599,45.95317417,45.95317417,45.95317417,45.95317417
t_4600,50.10142463,50.10142463,50.10142463,50.10142463
t_4601,54.9288977,54.9288977,54.9288977,54.9288977
t_4602,60.10693923,60.10693923,60.10693923,60.10693923
t_4603,65.28317945,65.28317945,65.28317945,65.28317945
t_4604,70.10558361,70.10558361,70.10558361,70.10558361
t_4605,74.24646847,74.24646847,74.24646847,74.24646847
t_4606,77.4248446,77.4248446,77.4248446,77.4248446
t_4607,79.42556034,79.42556034,79.42556034,79.42556034
t_4608,80.11394185,80.11394185,80.11394185,80.11394185
t_4609,79.44493253,79.44493253,79.44493253,79.44493253
t_4610,77.46611098,77.46611098,77.46611098,77.46611098
t_4611,74.31438533,74.31438533,74.31438533,74.31438533
t_4612,70.20659378,70.20659378,70.20659378,70.20659378
t_4613,65.42465701,65.42465701,65.42465701,65.42465701
t_4614,60.29629991,60.29629991,60.29629991,60.29629991
t_4615,55.17266196,55.17266196,55.17266196,55.17266196
t_4616,50.40432694,50.40432694,50.40432694,50.40432694
t_4617,46.31740959,46.31740959,46.31740959,46.31740959
t_4618,43.19133143,43.19133143,43.19133143,43.19133143
t_4619,41.23980161,41.23980161,41.23980161,41.23980161
t_4620,40.59629804,40.59629804,40.59629804,40.59629804
t_4621,41.30503617,41.30503617,41.30503617,41.30503617
t_4622,43.31803663,43.31803663,43.31803663,43.31803663
t_4623,46.49848629,46.49848629,46.49848629,46.49848629
t_4624,50.63015732,50.63015732,50.63015732,50.63015732
t_4625,55.43223517,55.43223517,55.43223517,55.43223517
t_4626,60.57853812,60.57853812,60.57853812,60.57853812
t_4627,65.71981173,65.71981173,65.71981173,65.71981173
t_4628,70.50757356,70.50757356,70.50757356,70.50757356
t_4629,74.61787868,74.61787868,74.61787868,74.61787868
t_4630,77.77338426,77.77338426,77.77338426,77.77338426
t_4631,79.76220919,79.76220919,79.76220919,79.76220919
t_4632,80.45230534,80.45230534,80.45230534,80.45230534
t_4633,79.80036497,79.80036497,79.80036497,79.80036497
t_4634,77.85466315,77.85466315,77.85466315,77.85466315
t_4635,74.75164877,74.75164877,74.75164877,74.75164877
t_4636,70.70652476,70.70652476,70.70652476,70.70652476
t_4637,65.99846814,65.99846814,65.99846814,65.99846814
t_4638,60.95150584,60.95150584,60.95150584,60.95150584
t_4639,55.91235703,55.91235703,55.91235703,55.91235703
t_4640,51.2267584,51.2267584,51.2267584,51.2267584
t_4641,47.21589002,47.21589002,47.21589002,47.21589002
t_4642,44.15451042,44.15451042,44.15451042,44.15451042
t_4643,42.25229024,42.25229024,42.25229024,42.25229024
t_4644,41.63961373,41.63961373,41.63961373,41.63961373
t_4645,42.35880992,42.35880992,42.35880992,42.35880992
t_4646,44.36140374,44.36140374,44.36140374,44.36140374
t_4647,47.51156503,47.51156503,47.51156503,47.51156503
t_4648,51.5955104,51.5955104,51.5955104,51.5955104
t_4649,56.33620675,56.33620675,56.33620675,56.33620675
t_4650,61.41236459,61.41236459,61.41236459,61.41236459
t_4651,66.4804179,66.4804179,66.4804179,66.4804179
t_4652,71.19798609,71.19798609,71.19798609,71.19798609
t_4653,75.24721444,75.24721444,75.24721444,75.24721444
t_4654,78.35640095,78.35640095,78.35640095,78.35640095
t_4655,80.31843701,80.31843701,80.31843701,80.31843701
t_4656,81.00480947,81.00480947,81.00480947,81.00480947
t_4657,80.37421703,80.37421703,80.37421703,80.37421703
t_4658,78.47522275,78.47522275,78.47522275,78.47522275
t_4659,75.44277324,75.44277324,75.44277324,75.44277324
t_4660,71.48883328,71.48883328,71.48883328,71.48883328
t_4661,66.88778631,66.88778631,66.88778631,66.88778631
t_4662,61.95760693,61.95760693,61.95760693,61.95760693
t_4663,57.03809796,57.03809796,57.03809796,57.03809796
t_4664,52.46768283,52.46768283,52.46768283,52.46768283
t_4665,48.56033912,48.56033912,48.56033912,48.56033912
t_4666,45.58424661,45.58424661,45.58424661,45.58424661
t_4667,43.74360273,43.74360273,43.74360273,43.74360273
t_4668,43.16483922,43.16483922,43.16483922,43.16483922
t_4669,43.88817096,43.88817096,43.88817096,43.88817096
t_4670,45.8650417,45.8650417,45.8650417,45.8650417
t_4671,48.96162849,48.96162849,48.96162849,48.96162849
t_4672,52.96815211,52.96815211,52.96815211,52.96815211
t_4673,57.61334573,57.61334573,57.61334573,57.61334573
t_4674,62.58308325,62.58308325,62.58308325,62.58308325
t_4675,67.5418873,67.5418873,67.5418873,67.5418873
t_4676,72.15584335,72.15584335,72.15584335,72.15584335
t_4677,76.11535371,76.11535371,76.11535371,76.11535371
t_4678,79.15618003,79.15618003,79.15618003,79.15618003
t_4679,81.07734308,81.07734308,81.07734308,81.07734308
t_4680,81.75466668,81.75466668,81.75466668,81.75466668
t_4681,81.14905249,81.14905249,81.14905249,81.14905249
t_4682,79.30893439,79.30893439,79.30893439,79.30893439
t_4683,76.36675926,76.36675926,76.36675926,76.36675926
t_4684,72.52974929,72.52974929,72.52974929,72.52974929
t_4685,68.06559004,68.06559004,68.06559004,68.06559004
t_4686,63.28403329,63.28403329,63.28403329,63.28403329
t_4687,58.51567967,58.51567967,58.51567967,58.51567967
t_4688,54.08939538,54.08939538,54.08939538,54.08939538
t_4689,50.30990648,50.30990648,50.30990648,50.30990648
t_4690,47.4370982,47.4370982,47.4370982,47.4370982
t_4691,45.66842628,45.66842628,45.66842628,45.66842628
t_4692,45.12563133,45.12563133,45.12563133,45.12563133
t_4693,45.84665043,45.84665043,45.84665043,45.84665043
t_4694,47.78326323,47.78326323,47.78326323,47.78326323
t_4695,50.80461723,50.80461723,50.80461723,50.80461723
t_4696,54.70637543,54.70637543,54.70637543,54.70637543
t_4697,59.22484687,59.22484687,59.22484687,59.22484687
t_4698,64.0551224,64.0551224,64.0551224,64.0551224
t_4699,68.87196774,68.87196774,68.87196774,68.87196774
t_4700,73.35204134,73.35204134,73.35204134,73.35204134
t_4701,77.19591851,77.19591851,77.19591851,77.19591851
t_4702,80.1484206,80.1484206,80.1484206,80.1484206
t_4703,82.01586844,82.01586844,82.01586844,82.01586844
t_4704,82.67909293,82.67909293,82.67909293,82.67909293
t_4705,82.10132838,82.10132838,82.10132838,82.10132838
t_4706,80.33046615,80.33046615,80.33046615,80.33046615
t_4707,77.49553197,77.49553197,77.49553197,77.49553197
t_4708,73.79764509,73.79764509,73.79764509,73.79764509
t_4709,69.49609236,69.49609236,69.49609236,69.49609236
t_4710,64.89048214,64.89048214,64.89048214,64.89048214
t_4711,60.30020659,60.30020659,60.30020659,60.30020659
t_4712,56.04262112,56.04262112,56.04262112,56.04262112
t_4713,52.41143237,52.41143237,52.41143237,52.41143237
t_4714,49.65676721,49.65676721,49.65676721,49.65676721
t_4715,47.9682761,47.9682761,47.9682761,47.9682761
t_4716,47.46241236,47.46241236,47.46241236,47.46241236
t_4717,48.17474093,48.17474093,48.17474093,48.17474093
t_4718,50.05778415,50.05778415,50.05778415,50.05778415
t_4719,52.98453297,52.98453297,52.98453297,52.98453297
t_4720,56.75736533,56.75736533,56.75736533,56.75736533
t_4721,61.12174555,61.12174555,61.12174555,61.12174555
t_4722,65.7837549,65.7837549,65.7837549,65.7837549
t_4723,70.43024538,70.43024538,70.43024538,70.43024538
t_4724,74.7502342,74.7502342,74.7502342,74.7502342
t_4725,78.45607643,78.45607643,78.45607643,78.45607643
t_4726,81.30297393,81.30297393,81.30297393,81.30297393
t_4727,83.10549646,83.10549646,83.10549646,83.10549646
t_4728,83.75,83.75,83.75,83.75
t_4729,83.20211029,83.20211029,83.20211029,83.20211029
t_4730,81.50877932,81.50877932,81.50877932,81.50877932
t_4731,78.79479421,78.79479421,78.79479421,78.79479421
t_4732,75.2539963,75.2539963,75.2539963,75.2539963
t_4733,71.13582818,71.13582818,71.13582818,71.13582818
t_4734,66.72814233,66.72814233,66.72814233,66.72814233
t_4735,62.33745677,62.33745677,62.33745677,62.33745677
t_4736,58.2680123,58.2680123,58.2680123,58.2680123
t_4737,54.80106299,54.80106299,54.80106299,54.80106299
t_4738,52.17581014,52.17581014,52.17581014,52.17581014
t_4739,50.57327244,50.57327244,50.57327244,50.57327244
t_4740,50.10418042,50.10418042,50.10418042,50.10418042
t_4741,50.80170461,50.80170461,50.80170461,50.80170461
t_4742,52.61949429,52.61949429,52.61949429,52.61949429
t_4743,55.43514008,55.43514008,55.43514008,55.43514008
t_4744,59.05880351,59.05880351,59.05880351,59.05880351
t_4745,63.24640543,63.24640543,63.24640543,63.24640543
t_4746,67.7164571,67.7164571,67.7164571,67.7164571
t_4747,72.16937276,72.16937276,72.16937276,72.16937276
t_4748,76.30793853,76.30793853,76.30793853,76.30793853
t_4749,79.85753821,79.85753821,79.85753821,79.85753821
t_4750,82.58475951,82.58475951,82.58475951,82.58475951
t_4751,84.31311935,84.31311935,84.31311935,84.31311935
t_4752,84.93484893,84.93484893,84.93484893,84.93484893
t_4753,84.41795149,84.41795149,84.41795149,84.41795149
t_4754,82.80807144,82.80807144,82.80807144,82.80807144
t_4755,80.22506853,80.22506853,80.22506853,80.22506853
t_4756,76.85455244,76.85455244,76.85455244,76.85455244
t_4757,72.93497495,72.93497495,72.93497495,72.93497495
t_4758,68.74117751,68.74117751,68.74117751,68.74117751
t_4759,64.56552941,64.56552941,64.56552941,64.56552941
t_4760,60.69795151,60.69795151,60.69795151,60.69795151
t_4761,57.40619064,57.40619064,57.40619064,57.40619064
t_4762,54.91768714,54.91768714,54.91768714,54.91768714
t_4763,53.40426378,53.40426378,53.40426378,53.40426378
t_4764,52.97066671,52.97066671,52.97066671,52.97066671
t_4765,53.6477225,53.6477225,53.6477225,53.6477225
t_4766,55.39055738,55.39055738,55.39055738,55.39055738
t_4767,58.0819781,58.0819781,58.0819781,58.0819781
t_4768,61.54076194,61.54076194,61.54076194,61.54076194
t_4769,65.53426983,65.53426983,65.53426983,65.53426983
t_4770,69.79450483,69.79450483,69.79450483,69.79450483
t_4771,74.03650737,74.03650737,74.03650737,74.03650737
t_4772,77.97782428,77.97782428,77.97782428,77.97782428
t_4773,81.35772114,81.35772114,81.35772114,81.35772114
t_4774,83.95483093,83.95483093,83.95483093,83.95483093
t_4775,85.6020441,85.6020441,85.6020441,85.6020441
t_4776,86.19763867,86.19763867,86.19763867,86.19763867
t_4777,85.71190929,85.71190929,85.71190929,85.71190929
t_4778,84.18886418,84.18886418,84.18886418,84.18886418
t_4779,81.74289678,81.74289678,81.74289678,81.74289678
t_4780,78.55068141,78.55068141,78.55068141,78.55068141
t_4781,74.83886652,74.83886652,74.83886652,74.83886652
t_4782,70.8684226,70.8684226,70.8684226,70.8684226
t_4783,66.91672563,66.91672563,66.91672563,66.91672563
t_4784,63.25860629,63.25860629,63.25860629,63.25860629
t_4785,60.14765982,60.14765982,60.14765982,60.14765982
t_4786,57.79908767,57.79908767,57.79908767,57.79908767
t_4787,56.37523189,56.37523189,56.37523189,56.37523189
t_4788,55.9747745,55.9747745,55.9747745,55.9747745
t_4789,56.6263198,56.6263198,56.6263198,56.6263198
t_4790,58.28677607,58.28677607,58.28677607,58.28677607
t_4791,60.84462419,60.84462419,60.84462419,60.84462419
t_4792,64.12782757,64.12782757,64.12782757,64.12782757
t_4793,67.91582312,67.91582312,67.91582312,67.91582312
t_4794,71.95475766,71.95475766,71.95475766,71.95475766
t_4795,75.97491726,75.97491726,75.97491726,75.97491726
t_4796,79.70915281,79.70915281,79.70915281,79.70915281
t_4797,82.91104292,82.91104292,82.91104292,82.91104292
t_4798,85.37155926,85.37155926,85.37155926,85.37155926
t_4799,86.93310737,86.93310737,86.93310737,86.93310737
t_4800,87.5,87.5,87.5,87.5
t_4801,79.31871935,79.31871935,79.31871935,79.31871935
t_4802,77.32137219,77.32137219,77.32137219,77.32137219
t_4803,74.14426892,74.14426892,74.14426892,74.14426892
t_4804,70.0042305,70.0042305,70.0042305,70.0042305
t_4805,65.18378788,65.18378788,65.18378788,65.18378788
t_4806,60.01189723,60.01189723,60.01189723,60.01189723
t_4807,54.841488,54.841488,54.841488,54.841488
t_4808,50.02537763,50.02537763,50.02537763,50.02537763
t_4809,45.89219769,45.89219769,45.89219769,45.89219769
t_4810,42.72397535,42.72397535,42.72397535,42.72397535
t_4811,40.73690077,40.73690077,40.73690077,40.73690077
t_4812,40.06659278,40.06659278,40.06659278,40.06659278
t_4813,40.75886811,40.75886811,40.75886811,40.75886811
t_4814,42.76664256,42.76664256,42.76664256,42.76664256
t_4815,45.95317417,45.95317417,45.95317417,45.95317417
t_4816,50.10142463,50.10142463,50.10142463,50.10142463
t_4817,54.9288977,54.9288977,54.9288977,54.9288977
t_4818,60.10693923,60.10693923,60.10693923,60.10693923
t_4819,65.28317945,65.28317945,65.28317945,65.28317945
t_4820,70.10558361,70.10558361,70.10558361,70.10558361
t_4821,74.24646847,74.24646847,74.24646847,74.24646847
t_4822,77.4248446,77.4248446,77.4248446,77.4248446
t_4823,79.42556034,79.42556034,79.42556034,79.42556034
t_4824,80.11394185,80.11394185,80.11394185,80.11394185
t_4825,79.44493253,79.44493253,79.44493253,79.44493253
t_4826,77.46611098,77.46611098,77.46611098,77.46611098
t_4827,74.31438533,74.31438533,74.31438533,74.31438533
t_4828,70.20659378,70.20659378,70.20659378,70.20659378
t_4829,65.42465701,65.42465701,65.42465701,65.42465701
t_4830,60.29629991,60.29629991,60.29629991,60.29629991
t_4831,55.17266196,55.17266196,55.17266196,55.17266196
t_4832,50.40432694,50.40432694,50.40432694,50.40432694
t_4833,46.31740959,46.31740959,46.31740959,46.31740959
t_4834,43.19133143,43.19133143,43.19133143,43.19133143
t_4835,41.23980161,41.23980161,41.23980161,41.23980161
t_4836,40.59629804,40.59629804,40.59629804,40.59629804
t_4837,41.30503617,41.30503617,41.30503617,41.30503617
t_4838,43.31803663,43.31803663,43.31803663,43.31803663
t_4839,46.49848629,46.49848629,46.49848629,46.49848629
t_4840,50.63015732,50.63015732,50.63015732,50.63015732
t_4841,55.43223517,55.43223517,55.43223517,55.43223517
t_4842,60.57853812,60.57853812,60.57853812,60.57853812
t_4843,65.71981173,65.71981173,65.71981173,65.71981173
t_4844,70.50757356,70.50757356,70.50757356,70.50757356
t_4845,74.61787868,74.61787868,74.61787868,74.61787868
t_4846,77.77338426,77.77338426,77.77338426,77.77338426
t_4847,79.76220919,79.76220919,79.76220919,79.76220919
t_4848,80.45230534,80.45230534,80.45230534,80.45230534
t_4849,79.80036497,79.80036497,79.80036497,79.80036497
t_4850,77.85466315,77.85466315,77.85466315,77.85466315
t_4851,74.75164877,74.75164877,74.75164877,74.75164877
t_4852,70.70652476,70.70652476,70.70652476,70.70652476
t_4853,65.99846814,65.99846814,65.99846814,65.99846814
t_4854,60.95150584,60.95150584,60.95150584,60.95150584
t_4855,55.91235703,55.91235703,55.91235703,55.91235703
t_4856,51.2267584,51.2267584,51.2267584,51.2267584
t_4857,47.21589002,47.21589002,47.21589002,47.21589002
t_4858,44.15451042,44.15451042,44.15451042,44.15451042
t_4859,42.25229024,42.25229024,42.25229024,42.25229024
t_4860,41.63961373,41.63961373,41.63961373,41.63961373
t_4861,42.35880992,42.35880992,42.35880992,42.35880992
t_4862,44.36140374,44.36140374,44.36140374,44.36140374
t_4863,47.51156503,47.51156503,47.51156503,47.51156503
t_4864,51.5955104,51.5955104,51.5955104,51.5955104
t_4865,56.33620675,56.33620675,56.33620675,56.33620675
t_4866,61.41236459,61.41236459,61.41236459,61.41236459
t_4867,66.4804179,66.4804179,66.4804179,66.4804179
t_4868,71.19798609,71.19798609,71.19798609,71.19798609
t_4869,75.24721444,75.24721444,75.24721444,75.24721444
t_4870,78.35640095,78.35640095,78.35640095,78.35640095
t_4871,80.31843701,80.31843701,80.31843701,80.31843701
t_4872,81.00480947,81.00480947,81.00480947,81.00480947
t_4873,80.37421703,80.37421703,80.37421703,80.37421703
t_4874,78.47522275,78.47522275,78.47522275,78.47522275
t_4875,75.44277324,75.44277324,75.44277324,75.44277324
t_4876,71.48883328,71.48883328,71.48883328,71.48883328
t_4877,66.88778631,66.88778631,66.88778631,66.88778631
t_4878,61.95760693,61.95760693,61.95760693,61.95760693
t_4879,57.03809796,57.03809796,57.03809796,57.03809796
t_4880,52.46768283,52.46768283,52.46768283,52.46768283
t_4881,48.56033912,48.56033912,48.56033912,48.56033912
t_4882,45.58424661,45.58424661,45.58424661,45.58424661
t_4883,43.74360273,43.74360273,43.74360273,43.74360273
t_4884,43.16483922,43.16483922,43.16483922,43.16483922
t_4885,43.88817096,43.88817096,43.88817096,43.88817096
t_4886,45.8650417,45.8650417,45.8650417,45.8650417
t_4887,48.96162849,48.96162849,48.96162849,48.96162849
t_4888,52.96815211,52.96815211,52.96815211,52.96815211
t_4889,57.61334573,57.61334573,57.61334573,57.61334573
t_4890,62.58308325,62.58308325,62.58308325,62.58308325
t_4891,67.5418873,67.5418873,67.5418873,67.5418873
t_4892,72.15584335,72.15584335,72.15584335,72.15584335
t_4893,76.11535371,76.11535371,76.11535371,76.11535371
t_4894,79.15618003,79.15618003,79.15618003,79.15618003
t_4895,81.07734308,81.07734308,81.07734308,81.07734308
t_4896,81.75466668,81.75466668,81.75466668,81.75466668
t_4897,81.14905249,81.14905249,81.14905249,81.14905249
t_4898,79.30893439,79.30893439,79.30893439,79.30893439
t_4899,76.36675926,76.36675926,76.36675926,76.36675926
t_4900,72.52974929,72.52974929,72.52974929,72.52974929
t_4901,68.06559004,68.06559004,68.06559004,68.06559004
t_4902,63.28403329,63.28403329,63.28403329,63.28403329
t_4903,58.51567967,58.51567967,58.51567967,58.51567967
t_4904,54.08939538,54.08939538,54.08939538,54.08939538
t_4905,50.30990648,50.30990648,50.30990648,50.30990648
t_4906,47.4370982,47.4370982,47.4370982,47.4370982
t_4907,45.66842628,45.66842628,45.66842628,45.66842628
t_4908,45.12563133,45.12563133,45.12563133,45.12563133
t_4909,45.84665043,45.84665043,45.84665043,45.84665043
t_4910,47.78326323,47.78326323,47.78326323,47.78326323
t_4911,50.80461723,50.80461723,50.80461723,50.80461723
t_4912,54.70637543,54.70637543,54.70637543,54.70637543
t_4913,59.22484687,59.22484687,59.22484687,59.22484687
t_4914,64.0551224,64.0551224,64.0551224,64.0551224
t_4915,68.87196774,68.87196774,68.87196774,68.87196774
t_4916,73.35204134,73.35204134,73.35204134,73.35204134
t_4917,77.19591851,77.19591851,77.19591851,77.19591851
t_4918,80.1484206,80.1484206,80.1484206,80.1484206
t_4919,82.01586844,82.01586844,82.01586844,82.01586844
t_4920,82.67909293,82.67909293,82.67909293,82.67909293
t_4921,82.10132838,82.10132838,82.10132838,82.10132838
t_4922,80.33046615,80.33046615,80.33046615,80.33046615
t_4923,77.49553197,77.49553197,77.49553197,77.49553197
t_4924,73.79764509,73.79764509,73.79764509,73.79764509
t_4925,69.49609236,69.49609236,69.49609236,69.49609236
t_4926,64.89048214,64.89048214,64.89048214,64.89048214
t_4927,60.30020659,60.30020659,60.30020659,60.30020659
t_4928,56.04262112,56.04262112,56.04262112,56.04262112
t_4929,52.41143237,52.41143237,52.41143237,52.41143237
t_4930,49.65676721,49.65676721,49.65676721,49.65676721
t_4931,47.9682761,47.9682761,47.9682761,47.9682761
t_4932,47.46241236,47.46241236,47.46241236,47.46241236
t_4933,48.17474093,48.17474093,48.17474093,48.17474093
t_4934,50.05778415,50.05778415,50.05778415,50.05778415
t_4935,52.98453297,52.98453297,52.98453297,52.98453297
t_4936,56.75736533,56.75736533,56.75736533,56.75736533
t_4937,61.12174555,61.12174555,61.12174555,61.12174555
t_4938,65.7837549,65.7837549,65.7837549,65.7837549
t_4939,70.43024538,70.43024538,70.43024538,70.43024538
t_4940,74.7502342,74.7502342,74.7502342,74.7502342
t_4941,78.45607643,78.45607643,78.45607643,78.45607643
t_4942,81.30297393,81.30297393,81.30297393,81.30297393
t_4943,83.10549646,83.10549646,83.10549646,83.10549646
t_4944,83.75,83.75,83.75,83.75
t_4945,83.20211029,83.20211029,83.20211029,83.20211029
t_4946,81.50877932,81.50877932,81.50877932,81.50877932
t_4947,78.79479421,78.79479421,78.79479421,78.79479421
t_4948,75.2539963,75.2539963,75.2539963,75.2539963
t_4949,71.13582818,71.13582818,71.13582818,71.13582818
t_4950,66.72814233,66.72814233,66.72814233,66.72814233
t_4951,62.33745677,62.33745677,62.33745677,62.33745677
t_4952,58.2680123,58.2680123,58.2680123,58.2680123
t_4953,54.80106299,54.80106299,54.80106299,54.80106299
t_4954,52.17581014,52.17581014,52.17581014,52.17581014
t_4955,50.57327244,50.57327244,50.57327244,50.57327244
t_4956,50.10418042,50.10418042,50.10418042,50.10418042
t_4957,50.80170461,50.80170461,50.80170461,50.80170461
t_4958,52.61949429,52.61949429,52.61949429,52.61949429
t_4959,55.43514008,55.43514008,55.43514008,55.43514008
t_4960,59.05880351,59.05880351,59.05880351,59.05880351
t_4961,63.24640543,63.24640543,63.24640543,63.24640543
t_4962,67.7164571,67.7164571,67.7164571,67.7164571
t_4963,72.16937276,72.16937276,72.16937276,72.16937276
t_4964,76.30793853,76.30793853,76.30793853,76.30793853
t_4965,79.85753821,79.85753821,79.85753821,79.85753821
t_4966,82.58475951,82.58475951,82.58475951,82.58475951
t_4967,84.31311935,84.31311935,84.31311935,84.31311935
t_4968,84.93484893,84.93484893,84.93484893,84.93484893
t_4969,84.41795149,84.41795149,84.41795149,84.41795149
t_4970,82.80807144,82.80807144,82.80807144,82.80807144
t_4971,80.22506853,80.22506853,80.22506853,80.22506853
t_4972,76.85455244,76.85455244,76.85455244,76.85455244
t_4973,72.93497495,72.93497495,72.93497495,72.93497495
t_4974,68.74117751,68.74117751,68.74117751,68.74117751
t_4975,64.56552941,64.56552941,64.56552941,64.56552941
t_4976,60.69795151,60.69795151,60.69795151,60.69795151
t_4977,57.40619064,57.40619064,57.40619064,57.40619064
t_4978,54.91768714,54.91768714,54.91768714,54.91768714
t_4979,53.40426378,53.40426378,53.40426378,53.40426378
t_4980,52.97066671,52.97066671,52.97066671,52.97066671
t_4981,53.6477225,53.6477225,53.6477225,53.6477225
t_4982,55.39055738,55.39055738,55.39055738,55.39055738
t_4983,58.0819781,58.0819781,58.0819781,58.0819781
t_4984,61.54076194,61.54076194,61.54076194,61.54076194
t_4985,65.53426983,65.53426983,65.53426983,65.53426983
t_4986,69.79450483,69.79450483,69.79450483,69.79450483
t_4987,74.03650737,74.03650737,74.03650737,74.03650737
t_4988,77.97782428,77.97782428,77.97782428,77.97782428
t_4989,81.35772114,81.35772114,81.35772114,81.35772114
t_4990,83.95483093,83.95483093,83.95483093,83.95483093
t_4991,85.6020441,85.6020441,85.6020441,85.6020441
t_4992,86.19763867,86.19763867,86.19763867,86.19763867
t_4993,85.71190929,85.71190929,85.71190929,85.71190929
t_4994,84.18886418,84.18886418,84.18886418,84.18886418
t_4995,81.74289678,81.74289678,81.74289678,81.74289678
t_4996,78.55068141,78.55068141,78.55068141,78.55068141
t_4997,74.83886652,74.83886652,74.83886652,74.83886652
t_4998,70.8684226,70.8684226,70.8684226,70.8684226
t_4999,66.91672563,66.91672563,66.91672563,66.91672563
t_5000,63.25860629,63.25860629,63.25860629,63.25860629
t_5001,60.14765982,60.14765982,60.14765982,60.14765982
t_5002,57.79908767,57.79908767,57.79908767,57.79908767
t_5003,56.37523189,56.37523189,56.37523189,56.37523189
t_5004,55.9747745,55.9747745,55.9747745,55.9747745
t_5005,56.6263198,56.6263198,56.6263198,56.6263198
t_5006,58.28677607,58.28677607,58.28677607,58.28677607
t_5007,60.84462419,60.84462419,60.84462419,60.84462419
t_5008,64.12782757,64.12782757,64.12782757,64.12782757
t_5009,67.91582312,67.91582312,67.91582312,67.91582312
t_5010,71.95475766,71.95475766,71.95475766,71.95475766
t_5011,75.97491726,75.97491726,75.97491726,75.97491726
t_5012,79.70915281,79.70915281,79.70915281,79.70915281
t_5013,82.91104292,82.91104292,82.91104292,82.91104292
t_5014,85.37155926,85.37155926,85.37155926,85.37155926
t_5015,86.93310737,86.93310737,86.93310737,86.93310737
t_5016,87.5,87.5,87.5,87.5
t_5017,79.31871935,79.31871935,79.31871935,79.31871935
t_5018,77.32137219,77.32137219,77.32137219,77.32137219
t_5019,74.14426892,74.14426892,74.14426892,74.14426892
t_5020,70.0042305,70.0042305,70.0042305,70.0042305
t_5021,65.18378788,65.18378788,65.18378788,65.18378788
t_5022,60.01189723,60.01189723,60.01189723,60.01189723
t_5023,54.841488,54.841488,54.841488,54.841488
t_5024,50.02537763,50.02537763,50.02537763,50.02537763
t_5025,45.89219769,45.89219769,45.89219769,45.89219769
t_5026,42.72397535,42.72397535,42.72397535,42.72397535
t_5027,40.73690077,40.73690077,40.73690077,40.73690077
t_5028,40.06659278,40.06659278,40.06659278,40.06659278
t_5029,40.75886811,40.75886811,40.75886811,40.75886811
t_5030,42.76664256,42.76664256,42.76664256,42.76664256
t_5031,45.95317417,45.95317417,45.95317417,45.95317417
t_5032,50.10142463,50.10142463,50.10142463,50.10142463
t_5033,54.9288977,54.9288977,54.9288977,54.9288977
t_5034,60.10693923,60.10693923,60.10693923,60.10693923
t_5035,65.28317945,65.28317945,65.28317945,65.28317945
t_5036,70.10558361,70.10558361,70.10558361,70.10558361
t_5037,74.24646847,74.24646847,74.24646847,74.24646847
t_5038,77.4248446,77.4248446,77.4248446,77.4248446
t_5039,79.42556034,79.42556034,79.42556034,79.42556034
t_5040,80.11394185,80.11394185,80.11394185,80.11394185
t_5041,79.44493253,79.44493253,79.44493253,79.44493253
t_5042,77.46611098,77.46611098,77.46611098,77.46611098
t_5043,74.31438533,74.31438533,74.31438533,74.31438533
t_5044,70.20659378,70.20659378,70.20659378,70.20659378
t_5045,65.42465701,65.42465701,65.42465701,65.42465701
t_5046,60.29629991,60.29629991,60.29629991,60.29629991
t_5047,55.17266196,55.17266196,55.17266196,55.17266196
t_5048,50.40432694,50.40432694,50.40432694,50.40432694
t_5049,46.31740959,46.31740959,46.31740959,46.31740959
t_5050,43.19133143,43.19133143,43.19133143,43.19133143
t_5051,41.23980161,41.23980161,41.23980161,41.23980161
t_5052,40.59629804,40.59629804,40.59629804,40.59629804
t_5053,41.30503617,41.30503617,41.30503617,41.30503617
t_5054,43.31803663,43.31803663,43.31803663,43.31803663
t_5055,46.49848629,46.49848629,46.49848629,46.49848629
t_5056,50.63015732,50.63015732,50.63015732,50.63015732
t_5057,55.43223517,55.43223517,55.43223517,55.43223517
t_5058,60.57853812,60.57853812,60.57853812,60.57853812
t_5059,65.71981173,65.71981173,65.71981173,65.71981173
t_5060,70.50757356,70.50757356,70.50757356,70.50757356
t_5061,74.61787868,74.61787868,74.61787868,74.61787868
t_5062,77.77338426,77.77338426,77.77338426,77.77338426
t_5063,79.76220919,79.76220919,79.76220919,79.76220919
t_5064,80.45230534,80.45230534,80.45230534,80.45230534
t_5065,79.80036497,79.80036497,79.80036497,79.80036497
t_5066,77.85466315,77.85466315,77.85466315,77.85466315
t_5067,74.75164877,74.75164877,74.75164877,74.75164877
t_5068,70.70652476,70.70652476,70.70652476,70.70652476
t_5069,65.99846814,65.99846814,65.99846814,65.99846814
t_5070,60.95150584,60.95150584,60.95150584,60.95150584
t_5071,55.91235703,55.91235703,55.91235703,55.91235703
t_5072,51.2267584,51.2267584,51.2267584,51.2267584
t_5073,47.21589002,47.21589002,47.21589002,47.21589002
t_5074,44.15451042,44.15451042,44.15451042,44.15451042
t_5075,42.25229024,42.25229024,42.25229024,42.25229024
t_5076,41.63961373,41.63961373,41.63961373,41.63961373
t_5077,42.35880992,42.35880992,42.35880992,42.35880992
t_5078,44.36140374,44.36140374,44.36140374,44.36140374
t_5079,47.51156503,47.51156503,47.51156503,47.51156503
t_5080,51.5955104,51.5955104,51.5955104,51.5955104
t_5081,56.33620675,56.33620675,56.33620675,56.33620675
t_5082,61.41236459,61.41236459,61.41236459,61.41236459
t_5083,66.4804179,66.4804179,66.4804179,66.4804179
t_5084,71.19798609,71.19798609,71.19798609,71.19798609
t_5085,75.24721444,75.24721444,75.24721444,75.24721444
t_5086,78.35640095,78.35640095,78.35640095,78.35640095
t_5087,80.31843701,80.31843701,80.31843701,80.31843701
t_5088,81.00480947,81.00480947,81.00480947,81.00480947
t_5089,80.37421703,80.37421703,80.37421703,80.37421703
t_5090,78.47522275,78.47522275,78.47522275,78.47522275
t_5091,75.44277324,75.44277324,75.44277324,75.44277324
t_5092,71.48883328,71.48883328,71.48883328,71.48883328
t_5093,66.88778631,66.88778631,66.88778631,66.88778631
t_5094,61.95760693,61.95760693,61.95760693,61.95760693
t_5095,57.03809796,57.03809796,57.03809796,57.03809796
t_5096,52.46768283,52.46768283,52.46768283,52.46768283
t_5097,48.56033912,48.56033912,48.56033912,48.56033912
t_5098,45.58424661,45.58424661,45.58424661,45.58424661
t_5099,43.74360273,43.74360273,43.74360273,43.74360273
t_5100,43.16483922,43.16483922,43.16483922,43.16483922
t_5101,43.88817096,43.88817096,43.88817096,43.88817096
t_5102,45.8650417,45.8650417,45.8650417,45.8650417
t_5103,48.96162849,48.96162849,48.96162849,48.96162849
t_5104,52.96815211,52.96815211,52.96815211,52.96815211
t_5105,57.61334573,57.61334573,57.61334573,57.61334573
t_5106,62.58308325,62.58308325,62.58308325,62.58308325
t_5107,67.5418873,67.5418873,67.5418873,67.5418873
t_5108,72.15584335,72.15584335,72.15584335,72.15584335
t_5109,76.11535371,76.11535371,76.11535371,76.11535371
t_5110,79.15618003,79.15618003,79.15618003,79.15618003
t_5111,81.07734308,81.07734308,81.07734308,81.07734308
t_5112,81.75466668,81.75466668,81.75466668,81.75466668
t_5113,81.14905249,81.14905249,81.14905249,81.14905249
t_5114,79.30893439,79.30893439,79.30893439,79.30893439
t_5115,76.36675926,76.36675926,76.36675926,76.36675926
t_5116,72.52974929,72.52974929,72.52974929,72.52974929
t_5117,68.06559004,68.06559004,68.06559004,68.06559004
t_5118,63.28403329,63.28403329,63.28403329,63.28403329
t_5119,58.51567967,58.51567967,58.51567967,58.51567967
t_5120,54.08939538,54.08939538,54.08939538,54.08939538
t_5121,50.30990648,50.30990648,50.30990648,50.30990648
t_5122,47.4370982,47.4370982,47.4370982,47.4370982
t_5123,45.66842628,45.66842628,45.66842628,45.66842628
t_5124,45.12563133,45.12563133,45.12563133,45.12563133
t_5125,45.84665043,45.84665043,45.84665043,45.84665043
t_5126,47.78326323,47.78326323,47.78326323,47.78326323
t_5127,50.80461723,50.80461723,50.80461723,50.80461723
t_5128,54.70637543,54.70637543,54.70637543,54.70637543
t_5129,59.22484687,59.22484687,59.22484687,59.22484687
t_5130,64.0551224,64.0551224,64.0551224,64.0551224
t_5131,68.87196774,68.87196774,68.87196774,68.87196774
t_5132,73.35204134,73.35204134,73.35204134,73.35204134
t_5133,77.19591851,77.19591851,77.19591851,77.19591851
t_5134,80.1484206,80.1484206,80.1484206,80.1484206
t_5135,82.01586844,82.01586844,82.01586844,82.01586844
t_5136,82.67909293,82.67909293,82.67909293,82.67909293
t_5137,82.10132838,82.10132838,82.10132838,82.10132838
t_5138,80.33046615,80.33046615,80.33046615,80.33046615
t_5139,77.49553197,77.49553197,77.49553197,77.49553197
t_5140,73.79764509,73.79764509,73.79764509,73.79764509
t_5141,69.49609236,69.49609236,69.49609236,69.49609236
t_5142,64.89048214,64.89048214,64.89048214,64.89048214
t_5143,60.30020659,60.30020659,60.30020659,60.30020659
t_5144,56.04262112,56.04262112,56.04262112,56.04262112
t_5145,52.41143237,52.41143237,52.41143237,52.41143237
t_5146,49.65676721,49.65676721,49.65676721,49.65676721
t_5147,47.9682761,47.9682761,47.9682761,47.9682761
t_5148,47.46241236,47.46241236,47.46241236,47.46241236
t_5149,48.17474093,48.17474093,48.17474093,48.17474093
t_5150,50.05778415,50.05778415,50.05778415,50.05778415
t_5151,52.98453297,52.98453297,52.98453297,52.98453297
t_5152,56.75736533,56.75736533,56.75736533,56.75736533
t_5153,61.12174555,61.12174555,61.12174555,61.12174555
t_5154,65.7837549,65.7837549,65.7837549,65.7837549
t_5155,70.43024538,70.43024538,70.43024538,70.43024538
t_5156,74.7502342,74.7502342,74.7502342,74.7502342
t_5157,78.45607643,78.45607643,78.45607643,78.45607643
t_5158,81.30297393,81.30297393,81.30297393,81.30297393
t_5159,83.10549646,83.10549646,83.10549646,83.10549646
t_5160,83.75,83.75,83.75,83.75
t_5161,83.20211029,83.20211029,83.20211029,83.20211029
t_5162,81.50877932,81.50877932,81.50877932,81.50877932
t_5163,78.79479421,78.79479421,78.79479421,78.79479421
t_5164,75.2539963,75.2539963,75.2539963,75.2539963
t_5165,71.13582818,71.13582818,71.13582818,71.13582818
t_5166,66.72814233,66.72814233,66.72814233,66.72814233
t_5167,62.33745677,62.33745677,62.33745677,62.33745677
t_5168,58.2680123,58.2680123,58.2680123,58.2680123
t_5169,54.80106299,54.80106299,54.80106299,54.80106299
t_5170,52.17581014,52.17581014,52.17581014,52.17581014
t_5171,50.57327244,50.57327244,50.57327244,50.57327244
t_5172,50.10418042,50.10418042,50.10418042,50.10418042
t_5173,50.80170461,50.80170461,50.80170461,50.80170461
t_5174,52.61949429,52.61949429,52.61949429,52.61949429
t_5175,55.43514008,55.43514008,55.43514008,55.43514008
t_5176,59.05880351,59.05880351,59.05880351,59.05880351
t_5177,63.24640543,63.24640543,63.24640543,63.24640543
t_5178,67.7164571,67.7164571,67.7164571,67.7164571
t_5179,72.16937276,72.16937276,72.16937276,72.16937276
t_5180,76.30793853,76.30793853,76.30793853,76.30793853
t_5181,79.85753821,79.85753821,79.85753821,79.85753821
t_5182,82.58475951,82.58475951,82.58475951,82.58475951
t_5183,84.31311935,84.31311935,84.31311935,84.31311935
t_5184,84.93484893,84.93484893,84.93484893,84.93484893
t_5185,84.41795149,84.41795149,84.41795149,84.41795149
t_5186,82.80807144,82.80807144,82.80807144,82.80807144
t_5187,80.22506853,80.22506853,80.22506853,80.22506853
t_5188,76.85455244,76.85455244,76.85455244,76.85455244
t_5189,72.93497495,72.93497495,72.93497495,72.93497495
t_5190,68.74117751,68.74117751,68.74117751,68.74117751
t_5191,64.56552941,64.56552941,64.56552941,64.56552941
t_5192,60.69795151,60.69795151,60.69795151,60.69795151
t_5193,57.40619064,57.40619064,57.40619064,57.40619064
t_5194,54.91768714,54.91768714,54.91768714,54.91768714
t_5195,53.40426378,53.40426378,53.40426378,53.40426378
t_5196,52.97066671,52.97066671,52.97066671,52.97066671
t_5197,53.6477225,53.6477225,53.6477225,53.6477225
t_5198,55.39055738,55.39055738,55.39055738,55.39055738
t_5199,58.0819781,58.0819781,58.0819781,58.0819781
t_5200,61.54076194,61.54076194,61.54076194,61.54076194
t_5201,65.53426983,65.53426983,65.53426983,65.53426983
t_5202,69.79450483,69.79450483,69.79450483,69.79450483
t_5203,74.03650737,74.03650737,74.03650737,74.03650737
t_5204,77.97782428,77.97782428,77.97782428,77.97782428
t_5205,81.35772114,81.35772114,81.35772114,81.35772114
t_5206,83.95483093,83.95483093,83.95483093,83.95483093
t_5207,85.6020441,85.6020441,85.6020441,85.6020441
t_5208,86.19763867,86.19763867,86.19763867,86.19763867
t_5209,85.71190929,85.71190929,85.71190929,85.71190929
t_5210,84.18886418,84.18886418,84.18886418,84.18886418
t_5211,81.74289678,81.74289678,81.74289678,81.74289678
t_5212,78.55068141,78.55068141,78.55068141,78.55068141
t_5213,74.83886652,74.83886652,74.83886652,74.83886652
t_5214,70.8684226,70.8684226,70.8684226,70.8684226
t_5215,66.91672563,66.91672563,66.91672563,66.91672563
t_5216,63.25860629,63.25860629,63.25860629,63.25860629
t_5217,60.14765982,60.14765982,60.14765982,60.14765982
t_5218,57.79908767,57.79908767,57.79908767,57.79908767
t_5219,56.37523189,56.37523189,56.37523189,56.37523189
t_5220,55.9747745,55.9747745,55.9747745,55.9747745
t_5221,56.6263198,56.6263198,56.6263198,56.6263198
t_5222,58.28677607,58.28677607,58.28677607,58.28677607
t_5223,60.84462419,60.84462419,60.84462419,60.84462419
t_5224,64.12782757,64.12782757,64.12782757,64.12782757
t_5225,67.91582312,67.91582312,67.91582312,67.91582312
t_5226,71.95475766,71.95475766,71.95475766,71.95475766
t_5227,75.97491726,75.97491726,75.97491726,75.97491726
t_5228,79.70915281,79.70915281,79.70915281,79.70915281
t_5229,82.91104292,82.91104292,82.91104292,82.91104292
t_5230,85.37155926,85.37155926,85.37155926,85.37155926
t_5231,86.93310737,86.93310737,86.93310737,86.93310737
t_5232,87.5,87.5,87.5,87.5
t_5233,79.31871935,79.31871935,79.31871935,79.31871935
t_5234,77.32137219,77.32137219,77.32137219,77.32137219
t_5235,74.14426892,74.14426892,74.14426892,74.14426892
t_5236,70.0042305,70.0042305,70.0042305,70.0042305
t_5237,65.18378788,65.18378788,65.18378788,65.18378788
t_5238,60.01189723,60.01189723,60.01189723,60.01189723
t_5239,54.841488,54.841488,54.841488,54.841488
t_5240,50.02537763,50.02537763,50.02537763,50.02537763
t_5241,45.89219769,45.89219769,45.89219769,45.89219769
t_5242,42.72397535,42.72397535,42.72397535,42.72397535
t_5243,40.73690077,40.73690077,40.73690077,40.73690077
t_5244,40.06659278,40.06659278,40.06659278,40.06659278
t_5245,40.75886811,40.75886811,40.75886811,40.75886811
t_5246,42.76664256,42.76664256,42.76664256,42.76664256
t_5247,45.95317417,45.95317417,45.95317417,45.95317417
t_5248,50.10142463,50.10142463,50.10142463,50.10142463
t_5249,54.9288977,54.9288977,54.9288977,54.9288977
t_5250,60.10693923,60.10693923,60.10693923,60.10693923
t_5251,65.28317945,65.28317945,65.28317945,65.28317945
t_5252,70.10558361,70.10558361,70.10558361,70.10558361
t_5253,74.24646847,74.24646847,74.24646847,74.24646847
t_5254,77.4248446,77.4248446,77.4248446,77.4248446
t_5255,79.42556034,79.42556034,79.42556034,79.42556034
t_5256,80.11394185,80.11394185,80.11394185,80.11394185
t_5257,79.44493253,79.44493253,79.44493253,79.44493253
t_5258,77.46611098,77.46611098,77.46611098,77.46611098
t_5259,74.31438533,74.31438533,74.31438533,74.31438533
t_5260,70.20659378,70.20659378,70.20659378,70.20659378
t_5261,65.42465701,65.42465701,65.42465701,65.42465701
t_5262,60.29629991,60.29629991,60.29629991,60.29629991
t_5263,55.17266196,55.17266196,55.17266196,55.17266196
t_5264,50.40432694,50.40432694,50.40432694,50.40432694
t_5265,46.31740959,46.31740959,46.31740959,46.31740959
t_5266,43.19133143,43.19133143,43.19133143,43.19133143
t_5267,41.23980161,41.23980161,41.23980161,41.23980161
t_5268,40.59629804,40.59629804,40.59629804,40.59629804
t_5269,41.30503617,41.30503617,41.30503617,41.30503617
t_5270,43.31803663,43.31803663,43.31803663,43.31803663
t_5271,46.49848629,46.49848629,46.49848629,46.49848629
t_5272,50.63015732,50.63015732,50.63015732,50.63015732
t_5273,55.43223517,55.43223517,55.43223517,55.43223517
t_5274,60.57853812,60.57853812,60.57853812,60.57853812
t_5275,65.71981173,65.71981173,65.71981173,65.71981173
t_5276,70.50757356,70.50757356,70.50757356,70.50757356
t_5277,74.61787868,74.61787868,74.61787868,74.61787868
t_5278,77.77338426,77.77338426,77.77338426,77.77338426
t_5279,79.76220919,79.76220919,79.76220919,79.76220919
t_5280,80.45230534,80.45230534,80.45230534,80.45230534
t_5281,79.80036497,79.80036497,79.80036497,79.80036497
t_5282,77.85466315,77.85466315,77.85466315,77.85466315
t_5283,74.75164877,74.75164877,74.75164877,74.75164877
t_5284,70.70652476,70.70652476,70.70652476,70.70652476
t_5285,65.99846814,65.99846814,65.99846814,65.99846814
t_5286,60.95150584,60.95150584,60.95150584,60.95150584
t_5287,55.91235703,55.91235703,55.91235703,55.91235703
t_5288,51.2267584,51.2267584,51.2267584,51.2267584
t_5289,47.21589002,47.21589002,47.21589002,47.21589002
t_5290,44.15451042,44.15451042,44.15451042,44.15451042
t_5291,42.25229024,42.25229024,42.25229024,42.25229024
t_5292,41.63961373,41.63961373,41.63961373,41.63961373
t_5293,42.35880992,42.35880992,42.35880992,42.35880992
t_5294,44.36140374,44.36140374,44.36140374,44.36140374
t_5295,47.51156503,47.51156503,47.51156503,47.51156503
t_5296,51.5955104,51.5955104,51.5955104,51.5955104
t_5297,56.33620675,56.33620675,56.33620675,56.33620675
t_5298,61.41236459,61.41236459,61.41236459,61.41236459
t_5299,66.4804179,66.4804179,66.4804179,66.4804179
t_5300,71.19798609,71.19798609,71.19798609,71.19798609
t_5301,75.24721444,75.24721444,75.24721444,75.24721444
t_5302,78.35640095,78.35640095,78.35640095,78.35640095
t_5303,80.31843701,80.31843701,80.31843701,80.31843701
t_5304,81.00480947,81.00480947,81.00480947,81.00480947
t_5305,80.37421703,80.37421703,80.37421703,80.37421703
t_5306,78.47522275,78.47522275,78.47522275,78.47522275
t_5307,75.44277324,75.44277324,75.44277324,75.44277324
t_5308,71.48883328,71.48883328,71.48883328,71.48883328
t_5309,66.88778631,66.88778631,66.88778631,66.88778631
t_5310,61.95760693,61.95760693,61.95760693,61.95760693
t_5311,57.03809796,57.03809796,57.03809796,57.03809796
t_5312,52.46768283,52.46768283,52.46768283,52.46768283
t_5313,48.56033912,48.56033912,48.56033912,48.56033912
t_5314,45.58424661,45.58424661,45.58424661,45.58424661
t_5315,43.74360273,43.74360273,43.74360273,43.74360273
t_5316,43.16483922,43.16483922,43.16483922,43.16483922
t_5317,43.88817096,43.88817096,43.88817096,43.88817096
t_5318,45.8650417,45.8650417,45.8650417,45.8650417
t_5319,48.96162849,48.96162849,48.96162849,48.96162849
t_5320,52.96815211,52.96815211,52.96815211,52.96815211
t_5321,57.61334573,57.61334573,57.61334573,57.61334573
t_5322,62.58308325,62.58308325,62.58308325,62.58308325
t_5323,67.5418873,67.5418873,67.5418873,67.5418873
t_5324,72.15584335,72.15584335,72.15584335,72.15584335
t_5325,76.11535371,76.11535371,76.11535371,76.11535371
t_5326,79.15618003,79.15618003,79.15618003,79.15618003
t_5327,81.07734308,81.07734308,81.07734308,81.07734308
t_5328,81.75466668,81.75466668,81.75466668,81.75466668
t_5329,81.14905249,81.14905249,81.14905249,81.14905249
t_5330,79.30893439,79.30893439,79.30893439,79.30893439
t_5331,76.36675926,76.36675926,76.36675926,76.36675926
t_5332,72.52974929,72.52974929,72.52974929,72.52974929
t_5333,68.06559004,68.06559004,68.06559004,68.06559004
t_5334,63.28403329,63.28403329,63.28403329,63.28403329
t_5335,58.51567967,58.51567967,58.51567967,58.51567967
t_5336,54.08939538,54.08939538,54.08939538,54.08939538
t_5337,50.30990648,50.30990648,50.30990648,50.30990648
t_5338,47.4370982,47.4370982,47.4370982,47.4370982
t_5339,45.66842628,45.66842628,45.66842628,45.66842628
t_5340,45.12563133,45.12563133,45.12563133,45.12563133
t_5341,45.84665043,45.84665043,45.84665043,45.84665043
t_5342,47.78326323,47.78326323,47.78326323,47.78326323
t_5343,50.80461723,50.80461723,50.80461723,50.80461723
t_5344,54.70637543,54.70637543,54.70637543,54.70637543
t_5345,59.22484687,59.22484687,59.22484687,59.22484687
t_5346,64.0551224,64.0551224,64.0551224,64.0551224
t_5347,68.87196774,68.87196774,68.87196774,68.87196774
t_5348,73.35204134,73.35204134,73.35204134,73.35204134
t_5349,77.19591851,77.19591851,77.19591851,77.19591851
t_5350,80.1484206,80.1484206,80.1484206,80.1484206
t_5351,82.01586844,82.01586844,82.01586844,82.01586844
t_5352,82.67909293,82.67909293,82.67909293,82.67909293
t_5353,82.10132838,82.10132838,82.10132838,82.10132838
t_5354,80.33046615,80.33046615,80.33046615,80.33046615
t_5355,77.49553197,77.49553197,77.49553197,77.49553197
t_5356,73.79764509,73.79764509,73.79764509,73.79764509
t_5357,69.49609236,69.49609236,69.49609236,69.49609236
t_5358,64.89048214,64.89048214,64.89048214,64.89048214
t_5359,60.30020659,60.30020659,60.30020659,60.30020659
t_5360,56.04262112,56.04262112,56.04262112,56.04262112
t_5361,52.41143237,52.41143237,52.41143237,52.41143237
t_5362,49.65676721,49.65676721,49.65676721,49.65676721
t_5363,47.9682761,47.9682761,47.9682761,47.9682761
t_5364,47.46241236,47.46241236,47.46241236,47.46241236
t_5365,48.17474093,48.17474093,48.17474093,48.17474093
t_5366,50.05778415,50.05778415,50.05778415,50.05778415
t_5367,52.98453297,52.98453297,52.98453297,52.98453297
t_5368,56.75736533,56.75736533,56.75736533,56.75736533
t_5369,61.12174555,61.12174555,61.12174555,61.12174555
t_5370,65.7837549,65.7837549,65.7837549,65.7837549
t_5371,70.43024538,70.43024538,70.43024538,70.43024538
t_5372,74.7502342,74.7502342,74.7502342,74.7502342
t_5373,78.45607643,78.45607643,78.45607643,78.45607643
t_5374,81.30297393,81.30297393,81.30297393,81.30297393
t_5375,83.10549646,83.10549646,83.10549646,83.10549646
t_5376,83.75,83.75,83.75,83.75
t_5377,83.20211029,83.20211029,83.20211029,83.20211029
t_5378,81.50877932,81.50877932,81.50877932,81.50877932
t_5379,78.79479421,78.79479421,78.79479421,78.79479421
t_5380,75.2539963,75.2539963,75.2539963,75.2539963
t_5381,71.13582818,71.13582818,71.13582818,71.13582818
t_5382,66.72814233,66.72814233,66.72814233,66.72814233
t_5383,62.33745677,62.33745677,62.33745677,62.33745677
t_5384,58.2680123,58.2680123,58.2680123,58.2680123
t_5385,54.80106299,54.80106299,54.80106299,54.80106299
t_5386,52.17581014,52.17581014,52.17581014,52.17581014
t_5387,50.57327244,50.57327244,50.57327244,50.57327244
t_5388,50.10418042,50.10418042,50.10418042,50.10418042
t_5389,50.80170461,50.80170461,50.80170461,50.80170461
t_5390,52.61949429,52.61949429,52.61949429,52.61949429
t_5391,55.43514008,55.43514008,55.43514008,55.43514008
t_5392,59.05880351,59.05880351,59.05880351,59.05880351
t_5393,63.24640543,63.24640543,63.24640543,63.24640543
t_5394,67.7164571,67.7164571,67.7164571,67.7164571
t_5395,72.16937276,72.16937276,72.16937276,72.16937276
t_5396,76.30793853,76.30793853,76.30793853,76.30793853
t_5397,79.85753821,79.85753821,79.85753821,79.85753821
t_5398,82.58475951,82.58475951,82.58475951,82.58475951
t_5399,84.31311935,84.31311935,84.31311935,84.31311935
t_5400,84.93484893,84.93484893,84.93484893,84.93484893
t_5401,84.41795149,84.41795149,84.41795149,84.41795149
t_5402,82.80807144,82.80807144,82.80807144,82.80807144
t_5403,80.22506853,80.22506853,80.22506853,80.22506853
t_5404,76.85455244,76.85455244,76.85455244,76.85455244
t_5405,72.93497495,72.93497495,72.93497495,72.93497495
t_5406,68.74117751,68.74117751,68.74117751,68.74117751
t_5407,64.56552941,64.56552941,64.56552941,64.56552941
t_5408,60.69795151,60.69795151,60.69795151,60.69795151
t_5409,57.40619064,57.40619064,57.40619064,57.40619064
t_5410,54.91768714,54.91768714,54.91768714,54.91768714
t_5411,53.40426378,53.40426378,53.40426378,53.40426378
t_5412,52.97066671,52.97066671,52.97066671,52.97066671
t_5413,53.6477225,53.6477225,53.6477225,53.6477225
t_5414,55.39055738,55.39055738,55.39055738,55.39055738
t_5415,58.0819781,58.0819781,58.0819781,58.0819781
t_5416,61.54076194,61.54076194,61.54076194,61.54076194
t_5417,65.53426983,65.53426983,65.53426983,65.53426983
t_5418,69.79450483,69.79450483,69.79450483,69.79450483
t_5419,74.03650737,74.03650737,74.03650737,74.03650737
t_5420,77.97782428,77.97782428,77.97782428,77.97782428
t_5421,81.35772114,81.35772114,81.35772114,81.35772114
t_5422,83.95483093,83.95483093,83.95483093,83.95483093
t_5423,85.6020441,85.6020441,85.6020441,85.6020441
t_5424,86.19763867,86.19763867,86.19763867,86.19763867
t_5425,85.71190929,85.71190929,85.71190929,85.71190929
t_5426,84.18886418,84.18886418,84.18886418,84.18886418
t_5427,81.74289678,81.74289678,81.74289678,81.74289678
t_5428,78.55068141,78.55068141,78.55068141,78.55068141
t_5429,74.83886652,74.83886652,74.83886652,74.83886652
t_5430,70.8684226,70.8684226,70.8684226,70.8684226
t_5431,66.91672563,66.91672563,66.91672563,66.91672563
t_5432,63.25860629,63.25860629,63.25860629,63.25860629
t_5433,60.14765982,60.14765982,60.14765982,60.14765982
t_5434,57.79908767,57.79908767,57.79908767,57.79908767
t_5435,56.37523189,56.37523189,56.37523189,56.37523189
t_5436,55.9747745,55.9747745,55.9747745,55.9747745
t_5437,56.6263198,56.6263198,56.6263198,56.6263198
t_5438,58.28677607,58.28677607,58.28677607,58.28677607
t_5439,60.84462419,60.84462419,60.84462419,60.84462419
t_5440,64.12782757,64.12782757,64.12782757,64.12782757
t_5441,67.91582312,67.91582312,67.91582312,67.91582312
t_5442,71.95475766,71.95475766,71.95475766,71.95475766
t_5443,75.97491726,75.97491726,75.97491726,75.97491726
t_5444,79.70915281,79.70915281,79.70915281,79.70915281
t_5445,82.91104292,82.91104292,82.91104292,82.91104292
t_5446,85.37155926,85.37155926,85.37155926,85.37155926
t_5447,86.93310737,86.93310737,86.93310737,86.93310737
t_5448,87.5,87.5,87.5,87.5
t_5449,79.31871935,79.31871935,79.31871935,79.31871935
t_5450,77.32137219,77.32137219,77.32137219,77.32137219
t_5451,74.14426892,74.14426892,74.14426892,74.14426892
t_5452,70.0042305,70.0042305,70.0042305,70.0042305
t_5453,65.18378788,65.18378788,65.18378788,65.18378788
t_5454,60.01189723,60.01189723,60.01189723,60.01189723
t_5455,54.841488,54.841488,54.841488,54.841488
t_5456,50.02537763,50.02537763,50.02537763,50.02537763
t_5457,45.89219769,45.89219769,45.89219769,45.89219769
t_5458,42.72397535,42.72397535,42.72397535,42.72397535
t_5459,40.73690077,40.73690077,40.73690077,40.73690077
t_5460,40.06659278,40.06659278,40.06659278,40.06659278
t_5461,40.75886811,40.75886811,40.75886811,40.75886811
t_5462,42.76664256,42.76664256,42.76664256,42.76664256
t_5463,45.95317417,45.95317417,45.95317417,45.95317417
t_5464,50.10142463,50.10142463,50.10142463,50.10142463
t_5465,54.9288977,54.9288977,54.9288977,54.9288977
t_5466,60.10693923,60.10693923,60.10693923,60.10693923
t_5467,65.28317945,65.28317945,65.28317945,65.28317945
t_5468,70.10558361,70.10558361,70.10558361,70.10558361
t_5469,74.24646847,74.24646847,74.24646847,74.24646847
t_5470,77.4248446,77.4248446,77.4248446,77.4248446
t_5471,79.42556034,79.42556034,79.42556034,79.42556034
t_5472,80.11394185,80.11394185,80.11394185,80.11394185
t_5473,79.44493253,79.44493253,79.44493253,79.44493253
t_5474,77.46611098,77.46611098,77.46611098,77.46611098
t_5475,74.31438533,74.31438533,74.31438533,74.31438533
t_5476,70.20659378,70.20659378,70.20659378,70.20659378
t_5477,65.42465701,65.42465701,65.42465701,65.42465701
t_5478,60.29629991,60.29629991,60.29629991,60.29629991
t_5479,55.17266196,55.17266196,55.17266196,55.17266196
t_5480,50.40432694,50.40432694,50.40432694,50.40432694
t_5481,46.31740959,46.31740959,46.31740959,46.31740959
t_5482,43.19133143,43.19133143,43.19133143,43.19133143
t_5483,41.23980161,41.23980161,41.23980161,41.23980161
t_5484,40.59629804,40.59629804,40.59629804,40.59629804
t_5485,41.30503617,41.30503617,41.30503617,41.30503617
t_5486,43.31803663,43.31803663,43.31803663,43.31803663
t_5487,46.49848629,46.49848629,46.49848629,46.49848629
t_5488,50.63015732,50.63015732,50.63015732,50.63015732
t_5489,55.43223517,55.43223517,55.43223517,55.43223517
t_5490,60.57853812,60.57853812,60.57853812,60.57853812
t_5491,65.71981173,65.71981173,65.71981173,65.71981173
t_5492,70.50757356,70.50757356,70.50757356,70.50757356
t_5493,74.61787868,74.61787868,74.61787868,74.61787868
t_5494,77.77338426,77.77338426,77.77338426,77.77338426
t_5495,79.76220919,79.76220919,79.76220919,79.76220919
t_5496,80.45230534,80.45230534,80.45230534,80.45230534
t_5497,79.80036497,79.80036497,79.80036497,79.80036497
t_5498,77.85466315,77.85466315,77.85466315,77.85466315
t_5499,74.75164877,74.75164877,74.75164877,74.75164877
t_5500,70.70652476,70.70652476,70.70652476,70.70652476
t_5501,65.99846814,65.99846814,65.99846814,65.99846814
t_5502,60.95150584,60.95150584,60.95150584,60.95150584
t_5503,55.91235703,55.91235703,55.91235703,55.91235703
t_5504,51.2267584,51.2267584,51.2267584,51.2267584
t_5505,47.21589002,47.21589002,47.21589002,47.21589002
t_5506,44.15451042,44.15451042,44.15451042,44.15451042
t_5507,42.25229024,42.25229024,42.25229024,42.25229024
t_5508,41.63961373,41.63961373,41.63961373,41.63961373
t_5509,42.35880992,42.35880992,42.35880992,42.35880992
t_5510,44.36140374,44.36140374,44.36140374,44.36140374
t_5511,47.51156503,47.51156503,47.51156503,47.51156503
t_5512,51.5955104,51.5955104,51.5955104,51.5955104
t_5513,56.33620675,56.33620675,56.33620675,56.33620675
t_5514,61.41236459,61.41236459,61.41236459,61.41236459
t_5515,66.4804179,66.4804179,66.4804179,66.4804179
t_5516,71.19798609,71.19798609,71.19798609,71.19798609
t_5517,75.24721444,75.24721444,75.24721444,75.24721444
t_5518,78.35640095,78.35640095,78.35640095,78.35640095
t_5519,80.31843701,80.31843701,80.31843701,80.31843701
t_5520,81.00480947,81.00480947,81.00480947,81.00480947
t_5521,80.37421703,80.37421703,80.37421703,80.37421703
t_5522,78.47522275,78.47522275,78.47522275,78.47522275
t_5523,75.44277324,75.44277324,75.44277324,75.44277324
t_5524,71.48883328,71.48883328,71.48883328,71.48883328
t_5525,66.88778631,66.88778631,66.88778631,66.88778631
t_5526,61.95760693,61.95760693,61.95760693,61.95760693
t_5527,57.03809796,57.03809796,57.03809796,57.03809796
t_5528,52.46768283,52.46768283,52.46768283,52.46768283
t_5529,48.56033912,48.56033912,48.56033912,48.56033912
t_5530,45.58424661,45.58424661,45.58424661,45.58424661
t_5531,43.74360273,43.74360273,43.74360273,43.74360273
t_5532,43.16483922,43.16483922,43.16483922,43.16483922
t_5533,43.88817096,43.88817096,43.88817096,43.88817096
t_5534,45.8650417,45.8650417,45.8650417,45.8650417
t_5535,48.96162849,48.96162849,48.96162849,48.96162849
t_5536,52.96815211,52.96815211,52.96815211,52.96815211
t_5537,57.61334573,57.61334573,57.61334573,57.61334573
t_5538,62.58308325,62.58308325,62.58308325,62.58308325
t_5539,67.5418873,67.5418873,67.5418873,67.5418873
t_5540,72.15584335,72.15584335,72.15584335,72.15584335
t_5541,76.11535371,76.11535371,76.11535371,76.11535371
t_5542,79.15618003,79.15618003,79.15618003,79.15618003
t_5543,81.07734308,81.07734308,81.07734308,81.07734308
t_5544,81.75466668,81.75466668,81.75466668,81.75466668
t_5545,81.14905249,81.14905249,81.14905249,81.14905249
t_5546,79.30893439,79.30893439,79.30893439,79.30893439
t_5547,76.36675926,76.36675926,76.36675926,76.36675926
t_5548,72.52974929,72.52974929,72.52974929,72.52974929
t_5549,68.06559004,68.06559004,68.06559004,68.06559004
t_5550,63.28403329,63.28403329,63.28403329,63.28403329
t_5551,58.51567967,58.51567967,58.51567967,58.51567967
t_5552,54.08939538,54.08939538,54.08939538,54.08939538
t_5553,50.30990648,50.30990648,50.30990648,50.30990648
t_5554,47.4370982,47.4370982,47.4370982,47.4370982
t_5555,45.66842628,45.66842628,45.66842628,45.66842628
t_5556,45.12563133,45.12563133,45.12563133,45.12563133
t_5557,45.84665043,45.84665043,45.84665043,45.84665043
t_5558,47.78326323,47.78326323,47.78326323,47.78326323
t_5559,50.80461723,50.80461723,50.80461723,50.80461723
t_5560,54.70637543,54.70637543,54.70637543,54.70637543
t_5561,59.22484687,59.22484687,59.22484687,59.22484687
t_5562,64.0551224,64.0551224,64.0551224,64.0551224
t_5563,68.87196774,68.87196774,68.87196774,68.87196774
t_5564,73.35204134,73.35204134,73.35204134,73.35204134
t_5565,77.19591851,77.19591851,77.19591851,77.19591851
t_5566,80.1484206,80.1484206,80.1484206,80.1484206
t_5567,82.01586844,82.01586844,82.01586844,82.01586844
t_5568,82.67909293,82.67909293,82.67909293,82.67909293
t_5569,82.10132838,82.10132838,82.10132838,82.10132838
t_5570,80.33046615,80.33046615,80.33046615,80.33046615
t_5571,77.49553197,77.49553197,77.49553197,77.49553197
t_5572,73.79764509,73.79764509,73.79764509,73.79764509
t_5573,69.49609236,69.49609236,69.49609236,69.49609236
t_5574,64.89048214,64.89048214,64.89048214,64.89048214
t_5575,60.30020659,60.30020659,60.30020659,60.30020659
t_5576,56.04262112,56.04262112,56.04262112,56.04262112
t_5577,52.41143237,52.41143237,52.41143237,52.41143237
t_5578,49.65676721,49.65676721,49.65676721,49.65676721
t_5579,47.9682761,47.9682761,47.9682761,47.9682761
t_5580,47.46241236,47.46241236,47.46241236,47.46241236
t_5581,48.17474093,48.17474093,48.17474093,48.17474093
t_5582,50.05778415,50.05778415,50.05778415,50.05778415
t_5583,52.98453297,52.98453297,52.98453297,52.98453297
t_5584,56.75736533,56.75736533,56.75736533,56.75736533
t_5585,61.12174555,61.12174555,61.12174555,61.12174555
t_5586,65.7837549,65.7837549,65.7837549,65.7837549
t_5587,70.43024538,70.43024538,70.43024538,70.43024538
t_5588,74.7502342,74.7502342,74.7502342,74.7502342
t_5589,78.45607643,78.45607643,78.45607643,78.45607643
t_5590,81.30297393,81.30297393,81.30297393,81.30297393
t_5591,83.10549646,83.10549646,83.10549646,83.10549646
t_5592,83.75,83.75,83.75,83.75
t_5593,83.20211029,83.20211029,83.20211029,83.20211029
t_5594,81.50877932,81.50877932,81.50877932,81.50877932
t_5595,78.79479421,78.79479421,78.79479421,78.79479421
t_5596,75.2539963,75.2539963,75.2539963,75.2539963
t_5597,71.13582818,71.13582818,71.13582818,71.13582818
t_5598,66.72814233,66.72814233,66.72814233,66.72814233
t_5599,62.33745677,62.33745677,62.33745677,62.33745677
t_5600,58.2680123,58.2680123,58.2680123,58.2680123
t_5601,54.80106299,54.80106299,54.80106299,54.80106299
t_5602,52.17581014,52.17581014,52.17581014,52.17581014
t_5603,50.57327244,50.57327244,50.57327244,50.57327244
t_5604,50.10418042,50.10418042,50.10418042,50.10418042
t_5605,50.80170461,50.80170461,50.80170461,50.80170461
t_5606,52.61949429,52.61949429,52.61949429,52.61949429
t_5607,55.43514008,55.43514008,55.43514008,55.43514008
t_5608,59.05880351,59.05880351,59.05880351,59.05880351
t_5609,63.24640543,63.24640543,63.24640543,63.24640543
t_5610,67.7164571,67.7164571,67.7164571,67.7164571
t_5611,72.16937276,72.16937276,72.16937276,72.16937276
t_5612,76.30793853,76.30793853,76.30793853,76.30793853
t_5613,79.85753821,79.85753821,79.85753821,79.85753821
t_5614,82.58475951,82.58475951,82.58475951,82.58475951
t_5615,84.31311935,84.31311935,84.31311935,84.31311935
t_5616,84.93484893,84.93484893,84.93484893,84.93484893
t_5617,84.41795149,84.41795149,84.41795149,84.41795149
t_5618,82.80807144,82.80807144,82.80807144,82.80807144
t_5619,80.22506853,80.22506853,80.22506853,80.22506853
t_5620,76.85455244,76.85455244,76.85455244,76.85455244
t_5621,72.93497495,72.93497495,72.93497495,72.93497495
t_5622,68.74117751,68.74117751,68.74117751,68.74117751
t_5623,64.56552941,64.56552941,64.56552941,64.56552941
t_5624,60.69795151,60.69795151,60.69795151,60.69795151
t_5625,57.40619064,57.40619064,57.40619064,57.40619064
t_5626,54.91768714,54.91768714,54.91768714,54.91768714
t_5627,53.40426378,53.40426378,53.40426378,53.40426378
t_5628,52.97066671,52.97066671,52.97066671,52.97066671
t_5629,53.6477225,53.6477225,53.6477225,53.6477225
t_5630,55.39055738,55.39055738,55.39055738,55.39055738
t_5631,58.0819781,58.0819781,58.0819781,58.0819781
t_5632,61.54076194,61.54076194,61.54076194,61.54076194
t_5633,65.53426983,65.53426983,65.53426983,65.53426983
t_5634,69.79450483,69.79450483,69.79450483,69.79450483
t_5635,74.03650737,74.03650737,74.03650737,74.03650737
t_5636,77.97782428,77.97782428,77.97782428,77.97782428
t_5637,81.35772114,81.35772114,81.35772114,81.35772114
t_5638,83.95483093,83.95483093,83.95483093,83.95483093
t_5639,85.6020441,85.6020441,85.6020441,85.6020441
t_5640,86.19763867,86.19763867,86.19763867,86.19763867
t_5641,85.71190929,85.71190929,85.71190929,85.71190929
t_5642,84.18886418,84.18886418,84.18886418,84.18886418
t_5643,81.74289678,81.74289678,81.74289678,81.74289678
t_5644,78.55068141,78.55068141,78.55068141,78.55068141
t_5645,74.83886652,74.83886652,74.83886652,74.83886652
t_5646,70.8684226,70.8684226,70.8684226,70.8684226
t_5647,66.91672563,66.91672563,66.91672563,66.91672563
t_5648,63.25860629,63.25860629,63.25860629,63.25860629
t_5649,60.14765982,60.14765982,60.14765982,60.14765982
t_5650,57.79908767,57.79908767,57.79908767,57.79908767
t_5651,56.37523189,56.37523189,56.37523189,56.37523189
t_5652,55.9747745,55.9747745,55.9747745,55.9747745
t_5653,56.6263198,56.6263198,56.6263198,56.6263198
t_5654,58.28677607,58.28677607,58.28677607,58.28677607
t_5655,60.84462419,60.84462419,60.84462419,60.84462419
t_5656,64.12782757,64.12782757,64.12782757,64.12782757
t_5657,67.91582312,67.91582312,67.91582312,67.91582312
t_5658,71.95475766,71.95475766,71.95475766,71.95475766
t_5659,75.97491726,75.97491726,75.97491726,75.97491726
t_5660,79.70915281,79.70915281,79.70915281,79.70915281
t_5661,82.91104292,82.91104292,82.91104292,82.91104292
t_5662,85.37155926,85.37155926,85.37155926,85.37155926
t_5663,86.93310737,86.93310737,86.93310737,86.93310737
t_5664,87.5,87.5,87.5,87.5
t_5665,79.31871935,79.31871935,79.31871935,79.31871935
t_5666,77.32137219,77.32137219,77.32137219,77.32137219
t_5667,74.14426892,74.14426892,74.14426892,74.14426892
t_5668,70.0042305,70.0042305,70.0042305,70.0042305
t_5669,65.18378788,65.18378788,65.18378788,65.18378788
t_5670,60.01189723,60.01189723,60.01189723,60.01189723
t_5671,54.841488,54.841488,54.841488,54.841488
t_5672,50.02537763,50.02537763,50.02537763,50.02537763
t_5673,45.89219769,45.89219769,45.89219769,45.89219769
t_5674,42.72397535,42.72397535,42.72397535,42.72397535
t_5675,40.73690077,40.73690077,40.73690077,40.73690077
t_5676,40.06659278,40.06659278,40.06659278,40.06659278
t_5677,40.75886811,40.75886811,40.75886811,40.75886811
t_5678,42.76664256,42.76664256,42.76664256,42.76664256
t_5679,45.95317417,45.95317417,45.95317417,45.95317417
t_5680,50.10142463,50.10142463,50.10142463,50.10142463
t_5681,54.9288977,54.9288977,54.9288977,54.9288977
t_5682,60.10693923,60.10693923,60.10693923,60.10693923
t_5683,65.28317945,65.28317945,65.28317945,65.28317945
t_5684,70.10558361,70.10558361,70.10558361,70.10558361
t_5685,74.24646847,74.24646847,74.24646847,74.24646847
t_5686,77.4248446,77.4248446,77.4248446,77.4248446
t_5687,79.42556034,79.42556034,79.42556034,79.42556034
t_5688,80.11394185,80.11394185,80.11394185,80.11394185
t_5689,79.44493253,79.44493253,79.44493253,79.44493253
t_5690,77.46611098,77.46611098,77.46611098,77.46611098
t_5691,74.31438533,74.31438533,74.31438533,74.31438533
t_5692,70.20659378,70.20659378,70.20659378,70.20659378
t_5693,65.42465701,65.42465701,65.42465701,65.42465701
t_5694,60.29629991,60.29629991,60.29629991,60.29629991
t_5695,55.17266196,55.17266196,55.17266196,55.17266196
t_5696,50.40432694,50.40432694,50.40432694,50.40432694
t_5697,46.31740959,46.31740959,46.31740959,46.31740959
t_5698,43.19133143,43.19133143,43.19133143,43.19133143
t_5699,41.23980161,41.23980161,41.23980161,41.23980161
t_5700,40.59629804,40.59629804,40.59629804,40.59629804
t_5701,41.30503617,41.30503617,41.30503617,41.30503617
t_5702,43.31803663,43.31803663,43.31803663,43.31803663
t_5703,46.49848629,46.49848629,46.49848629,46.49848629
t_5704,50.63015732,50.63015732,50.63015732,50.63015732
t_5705,55.43223517,55.43223517,55.43223517,55.43223517
t_5706,60.57853812,60.57853812,60.57853812,60.57853812
t_5707,65.71981173,65.71981173,65.71981173,65.71981173
t_5708,70.50757356,70.50757356,70.50757356,70.50757356
t_5709,74.61787868,74.61787868,74.61787868,74.61787868
t_5710,77.77338426,77.77338426,77.77338426,77.77338426
t_5711,79.76220919,79.76220919,79.76220919,79.76220919
t_5712,80.45230534,80.45230534,80.45230534,80.45230534
t_5713,79.80036497,79.80036497,79.80036497,79.80036497
t_5714,77.85466315,77.85466315,77.85466315,77.85466315
t_5715,74.75164877,74.75164877,74.75164877,74.75164877
t_5716,70.70652476,70.70652476,70.70652476,70.70652476
t_5717,65.99846814,65.99846814,65.99846814,65.99846814
t_5718,60.95150584,60.95150584,60.95150584,60.95150584
t_5719,55.91235703,55.91235703,55.91235703,55.91235703
t_5720,51.2267584,51.2267584,51.2267584,51.2267584
t_5721,47.21589002,47.21589002,47.21589002,47.21589002
t_5722,44.15451042,44.15451042,44.15451042,44.15451042
t_5723,42.25229024,42.25229024,42.25229024,42.25229024
t_5724,41.63961373,41.63961373,41.63961373,41.63961373
t_5725,42.35880992,42.35880992,42.35880992,42.35880992
t_5726,44.36140374,44.36140374,44.36140374,44.36140374
t_5727,47.51156503,47.51156503,47.51156503,47.51156503
t_5728,51.5955104,51.5955104,51.5955104,51.5955104
t_5729,56.33620675,56.33620675,56.33620675,56.33620675
t_5730,61.41236459,61.41236459,61.41236459,61.41236459
t_5731,66.4804179,66.4804179,66.4804179,66.4804179
t_5732,71.19798609,71.19798609,71.19798609,71.19798609
t_5733,75.24721444,75.24721444,75.24721444,75.24721444
t_5734,78.35640095,78.35640095,78.35640095,78.35640095
t_5735,80.31843701,80.31843701,80.31843701,80.31843701
t_5736,81.00480947,81.00480947,81.00480947,81.00480947
t_5737,80.37421703,80.37421703,80.37421703,80.37421703
t_5738,78.47522275,78.47522275,78.47522275,78.47522275
t_5739,75.44277324,75.44277324,75.44277324,75.44277324
t_5740,71.48883328,71.48883328,71.48883328,71.48883328
t_5741,66.88778631,66.88778631,66.88778631,66.88778631
t_5742,61.95760693,61.95760693,61.95760693,61.95760693
t_5743,57.03809796,57.03809796,57.03809796,57.03809796
t_5744,52.46768283,52.46768283,52.46768283,52.46768283
t_5745,48.56033912,48.56033912,48.56033912,48.56033912
t_5746,45.58424661,45.58424661,45.58424661,45.58424661
t_5747,43.74360273,43.74360273,43.74360273,43.74360273
t_5748,43.16483922,43.16483922,43.16483922,43.16483922
t_5749,43.88817096,43.88817096,43.88817096,43.88817096
t_5750,45.8650417,45.8650417,45.8650417,45.8650417
t_5751,48.96162849,48.96162849,48.96162849,48.96162849
t_5752,52.96815211,52.96815211,52.96815211,52.96815211
t_5753,57.61334573,57.61334573,57.61334573,57.61334573
t_5754,62.58308325,62.58308325,62.58308325,62.58308325
t_5755,67.5418873,67.5418873,67.5418873,67.5418873
t_5756,72.15584335,72.15584335,72.15584335,72.15584335
t_5757,76.11535371,76.11535371,76.11535371,76.11535371
t_5758,79.15618003,79.15618003,79.15618003,79.15618003
t_5759,81.07734308,81.07734308,81.07734308,81.07734308
t_5760,81.75466668,81.75466668,81.75466668,81.75466668
t_5761,81.14905249,81.14905249,81.14905249,81.14905249
t_5762,79.30893439,79.30893439,79.30893439,79.30893439
t_5763,76.36675926,76.36675926,76.36675926,76.36675926
t_5764,72.52974929,72.52974929,72.52974929,72.52974929
t_5765,68.06559004,68.06559004,68.06559004,68.06559004
t_5766,63.28403329,63.28403329,63.28403329,63.28403329
t_5767,58.51567967,58.51567967,58.51567967,58.51567967
t_5768,54.08939538,54.08939538,54.08939538,54.08939538
t_5769,50.30990648,50.30990648,50.30990648,50.30990648
t_5770,47.4370982,47.4370982,47.4370982,47.4370982
t_5771,45.66842628,45.66842628,45.66842628,45.66842628
t_5772,45.12563133,45.12563133,45.12563133,45.12563133
t_5773,45.84665043,45.84665043,45.84665043,45.84665043
t_5774,47.78326323,47.78326323,47.78326323,47.78326323
t_5775,50.80461723,50.80461723,50.80461723,50.80461723
t_5776,54.70637543,54.70637543,54.70637543,54.70637543
t_5777,59.22484687,59.22484687,59.22484687,59.22484687
t_5778,64.0551224,64.0551224,64.0551224,64.0551224
t_5779,68.87196774,68.87196774,68.87196774,68.87196774
t_5780,73.35204134,73.35204134,73.35204134,73.35204134
t_5781,77.19591851,77.19591851,77.19591851,77.19591851
t_5782,80.1484206,80.1484206,80.1484206,80.1484206
t_5783,82.01586844,82.01586844,82.01586844,82.01586844
t_5784,82.67909293,82.67909293,82.67909293,82.67909293
t_5785,82.10132838,82.10132838,82.10132838,82.10132838
t_5786,80.33046615,80.33046615,80.33046615,80.33046615
t_5787,77.49553197,77.49553197,77.49553197,77.49553197
t_5788,73.79764509,73.79764509,73.79764509,73.79764509
t_5789,69.49609236,69.49609236,69.49609236,69.49609236
t_5790,64.89048214,64.89048214,64.89048214,64.89048214
t_5791,60.30020659,60.30020659,60.30020659,60.30020659
t_5792,56.04262112,56.04262112,56.04262112,56.04262112
t_5793,52.41143237,52.41143237,52.41143237,52.41143237
t_5794,49.65676721,49.65676721,49.65676721,49.65676721
t_5795,47.9682761,47.9682761,47.9682761,47.9682761
t_5796,47.46241236,47.46241236,47.46241236,47.46241236
t_5797,48.17474093,48.17474093,48.17474093,48.17474093
t_5798,50.05778415,50.05778415,50.05778415,50.05778415
t_5799,52.98453297,52.98453297,52.98453297,52.98453297
t_5800,56.75736533,56.75736533,56.75736533,56.75736533
t_5801,61.12174555,61.12174555,61.12174555,61.12174555
t_5802,65.7837549,65.7837549,65.7837549,65.7837549
t_5803,70.43024538,70.43024538,70.43024538,70.43024538
t_5804,74.7502342,74.7502342,74.7502342,74.7502342
t_5805,78.45607643,78.45607643,78.45607643,78.45607643
t_5806,81.30297393,81.30297393,81.30297393,81.30297393
t_5807,83.10549646,83.10549646,83.10549646,83.10549646
t_5808,83.75,83.75,83.75,83.75
t_5809,83.20211029,83.20211029,83.20211029,83.20211029
t_5810,81.50877932,81.50877932,81.50877932,81.50877932
t_5811,78.79479421,78.79479421,78.79479421,78.79479421
t_5812,75.2539963,75.2539963,75.2539963,75.2539963
t_5813,71.13582818,71.13582818,71.13582818,71.13582818
t_5814,66.72814233,66.72814233,66.72814233,66.72814233
t_5815,62.33745677,62.33745677,62.33745677,62.33745677
t_5816,58.2680123,58.2680123,58.2680123,58.2680123
t_5817,54.80106299,54.80106299,54.80106299,54.80106299
t_5818,52.17581014,52.17581014,52.17581014,52.17581014
t_5819,50.57327244,50.57327244,50.57327244,50.57327244
t_5820,50.10418042,50.10418042,50.10418042,50.10418042
t_5821,50.80170461,50.80170461,50.80170461,50.80170461
t_5822,52.61949429,52.61949429,52.61949429,52.61949429
t_5823,55.43514008,55.43514008,55.43514008,55.43514008
t_5824,59.05880351,59.05880351,59.05880351,59.05880351
t_5825,63.24640543,63.24640543,63.24640543,63.24640543
t_5826,67.7164571,67.7164571,67.7164571,67.7164571
t_5827,72.16937276,72.16937276,72.16937276,72.16937276
t_5828,76.30793853,76.30793853,76.30793853,76.30793853
t_5829,79.85753821,79.85753821,79.85753821,79.85753821
t_5830,82.58475951,82.58475951,82.58475951,82.58475951
t_5831,84.31311935,84.31311935,84.31311935,84.31311935
t_5832,84.93484893,84.93484893,84.93484893,84.93484893
t_5833,84.41795149,84.41795149,84.41795149,84.41795149
t_5834,82.80807144,82.80807144,82.80807144,82.80807144
t_5835,80.22506853,80.22506853,80.22506853,80.22506853
t_5836,76.85455244,76.85455244,76.85455244,76.85455244
t_5837,72.93497495,72.93497495,72.93497495,72.93497495
t_5838,68.74117751,68.74117751,68.74117751,68.74117751
t_5839,64.56552941,64.56552941,64.56552941,64.56552941
t_5840,60.69795151,60.69795151,60.69795151,60.69795151
t_5841,57.40619064,57.40619064,57.40619064,57.40619064
t_5842,54.91768714,54.91768714,54.91768714,54.91768714
t_5843,53.40426378,53.40426378,53.40426378,53.40426378
t_5844,52.97066671,52.97066671,52.97066671,52.97066671
t_5845,53.6477225,53.6477225,53.6477225,53.6477225
t_5846,55.39055738,55.39055738,55.39055738,55.39055738
t_5847,58.0819781,58.0819781,58.0819781,58.0819781
t_5848,61.54076194,61.54076194,61.54076194,61.54076194
t_5849,65.53426983,65.53426983,65.53426983,65.53426983
t_5850,69.79450483,69.79450483,69.79450483,69.79450483
t_5851,74.03650737,74.03650737,74.03650737,74.03650737
t_5852,77.97782428,77.97782428,77.97782428,77.97782428
t_5853,81.35772114,81.35772114,81.35772114,81.35772114
t_5854,83.95483093,83.95483093,83.95483093,83.95483093
t_5855,85.6020441,85.6020441,85.6020441,85.6020441
t_5856,86.19763867,86.19763867,86.19763867,86.19763867
t_5857,85.71190929,85.71190929,85.71190929,85.71190929
t_5858,84.18886418,84.18886418,84.18886418,84.18886418
t_5859,81.74289678,81.74289678,81.74289678,81.74289678
t_5860,78.55068141,78.55068141,78.55068141,78.55068141
t_5861,74.83886652,74.83886652,74.83886652,74.83886652
t_5862,70.8684226,70.8684226,70.8684226,70.8684226
t_5863,66.91672563,66.91672563,66.91672563,66.91672563
t_5864,63.25860629,63.25860629,63.25860629,63.25860629
t_5865,60.14765982,60.14765982,60.14765982,60.14765982
t_5866,57.79908767,57.79908767,57.79908767,57.79908767
t_5867,56.37523189,56.37523189,56.37523189,56.37523189
t_5868,55.9747745,55.9747745,55.9747745,55.9747745
t_5869,56.6263198,56.6263198,56.6263198,56.6263198
t_5870,58.28677607,58.28677607,58.28677607,58.28677607
t_5871,60.84462419,60.84462419,60.84462419,60.84462419
t_5872,64.12782757,64.12782757,64.12782757,64.12782757
t_5873,67.91582312,67.91582312,67.91582312,67.91582312
t_5874,71.95475766,71.95475766,71.95475766,71.95475766
t_5875,75.97491726,75.97491726,75.97491726,75.97491726
t_5876,79.70915281,79.70915281,79.70915281,79.70915281
t_5877,82.91104292,82.91104292,82.91104292,82.91104292
t_5878,85.37155926,85.37155926,85.37155926,85.37155926
t_5879,86.93310737,86.93310737,86.93310737,86.93310737
t_5880,87.5,87.5,87.5,87.5
t_5881,79.31871935,79.31871935,79.31871935,79.31871935
t_5882,77.32137219,77.32137219,77.32137219,77.32137219
t_5883,74.14426892,74.14426892,74.14426892,74.14426892
t_5884,70.0042305,70.0042305,70.0042305,70.0042305
t_5885,65.18378788,65.18378788,65.18378788,65.18378788
t_5886,60.01189723,60.01189723,60.01189723,60.01189723
t_5887,54.841488,54.841488,54.841488,54.841488
t_5888,50.02537763,50.02537763,50.02537763,50.02537763
t_5889,45.89219769,45.89219769,45.89219769,45.89219769
t_5890,42.72397535,42.72397535,42.72397535,42.72397535
t_5891,40.73690077,40.73690077,40.73690077,40.73690077
t_5892,40.06659278,40.06659278,40.06659278,40.06659278
t_5893,40.75886811,40.75886811,40.75886811,40.75886811
t_5894,42.76664256,42.76664256,42.76664256,42.76664256
t_5895,45.95317417,45.95317417,45.95317417,45.95317417
t_5896,50.10142463,50.10142463,50.10142463,50.10142463
t_5897,54.9288977,54.9288977,54.9288977,54.9288977
t_5898,60.10693923,60.10693923,60.10693923,60.10693923
t_5899,65.28317945,65.28317945,65.28317945,65.28317945
t_5900,70.10558361,70.10558361,70.10558361,70.10558361
t_5901,74.24646847,74.24646847,74.24646847,74.24646847
t_5902,77.4248446,77.4248446,77.4248446,77.4248446
t_5903,79.42556034,79.42556034,79.42556034,79.42556034
t_5904,80.11394185,80.11394185,80.11394185,80.11394185
t_5905,79.44493253,79.44493253,79.44493253,79.44493253
t_5906,77.46611098,77.46611098,77.46611098,77.46611098
t_5907,74.31438533,74.31438533,74.31438533,74.31438533
t_5908,70.20659378,70.20659378,70.20659378,70.20659378
t_5909,65.42465701,65.42465701,65.42465701,65.42465701
t_5910,60.29629991,60.29629991,60.29629991,60.29629991
t_5911,55.17266196,55.17266196,55.17266196,55.17266196
t_5912,50.40432694,50.40432694,50.40432694,50.40432694
t_5913,46.31740959,46.31740959,46.31740959,46.31740959
t_5914,43.19133143,43.19133143,43.19133143,43.19133143
t_5915,41.23980161,41.23980161,41.23980161,41.23980161
t_5916,40.59629804,40.59629804,40.59629804,40.59629804
t_5917,41.30503617,41.30503617,41.30503617,41.30503617
t_5918,43.31803663,43.31803663,43.31803663,43.31803663
t_5919,46.49848629,46.49848629,46.49848629,46.49848629
t_5920,50.63015732,50.63015732,50.63015732,50.63015732
t_5921,55.43223517,55.43223517,55.43223517,55.43223517
t_5922,60.57853812,60.57853812,60.57853812,60.57853812
t_5923,65.71981173,65.71981173,65.71981173,65.71981173
t_5924,70.50757356,70.50757356,70.50757356,70.50757356
t_5925,74.61787868,74.61787868,74.61787868,74.61787868
t_5926,77.77338426,77.77338426,77.77338426,77.77338426
t_5927,79.76220919,79.76220919,79.76220919,79.76220919
t_5928,80.45230534,80.45230534,80.45230534,80.45230534
t_5929,79.80036497,79.80036497,79.80036497,79.80036497
t_5930,77.85466315,77.85466315,77.85466315,77.85466315
t_5931,74.75164877,74.75164877,74.75164877,74.75164877
t_5932,70.70652476,70.70652476,70.70652476,70.70652476
t_5933,65.99846814,65.99846814,65.99846814,65.99846814
t_5934,60.95150584,60.95150584,60.95150584,60.95150584
t_5935,55.91235703,55.91235703,55.91235703,55.91235703
t_5936,51.2267584,51.2267584,51.2267584,51.2267584
t_5937,47.21589002,47.21589002,47.21589002,47.21589002
t_5938,44.15451042,44.15451042,44.15451042,44.15451042
t_5939,42.25229024,42.25229024,42.25229024,42.25229024
t_5940,41.63961373,41.63961373,41.63961373,41.63961373
t_5941,42.35880992,42.35880992,42.35880992,42.35880992
t_5942,44.36140374,44.36140374,44.36140374,44.36140374
t_5943,47.51156503,47.51156503,47.51156503,47.51156503
t_5944,51.5955104,51.5955104,51.5955104,51.5955104
t_5945,56.33620675,56.33620675,56.33620675,56.33620675
t_5946,61.41236459,61.41236459,61.41236459,61.41236459
t_5947,66.4804179,66.4804179,66.4804179,66.4804179
t_5948,71.19798609,71.19798609,71.19798609,71.19798609
t_5949,75.24721444,75.24721444,75.24721444,75.24721444
t_5950,78.35640095,78.35640095,78.35640095,78.35640095
t_5951,80.31843701,80.31843701,80.31843701,80.31843701
t_5952,81.00480947,81.00480947,81.00480947,81.00480947
t_5953,80.37421703,80.37421703,80.37421703,80.37421703
t_5954,78.47522275,78.47522275,78.47522275,78.47522275
t_5955,75.44277324,75.44277324,75.44277324,75.44277324
t_5956,71.48883328,71.48883328,71.48883328,71.48883328
t_5957,66.88778631,66.88778631,66.88778631,66.88778631
t_5958,61.95760693,61.95760693,61.95760693,61.95760693
t_5959,57.03809796,57.03809796,57.03809796,57.03809796
t_5960,52.46768283,52.46768283,52.46768283,52.46768283
t_5961,48.56033912,48.56033912,48.56033912,48.56033912
t_5962,45.58424661,45.58424661,45.58424661,45.58424661
t_5963,43.74360273,43.74360273,43.74360273,43.74360273
t_5964,43.16483922,43.16483922,43.16483922,43.16483922
t_5965,43.88817096,43.88817096,43.88817096,43.88817096
t_5966,45.8650417,45.8650417,45.8650417,45.8650417
t_5967,48.96162849,48.96162849,48.96162849,48.96162849
t_5968,52.96815211,52.96815211,52.96815211,52.96815211
t_5969,57.61334573,57.61334573,57.61334573,57.61334573
t_5970,62.58308325,62.58308325,62.58308325,62.58308325
t_5971,67.5418873,67.5418873,67.5418873,67.5418873
t_5972,72.15584335,72.15584335,72.15584335,72.15584335
t_5973,76.11535371,76.11535371,76.11535371,76.11535371
t_5974,79.15618003,79.15618003,79.15618003,79.15618003
t_5975,81.07734308,81.07734308,81.07734308,81.07734308
t_5976,81.75466668,81.75466668,81.75466668,81.75466668
t_5977,81.14905249,81.14905249,81.14905249,81.14905249
t_5978,79.30893439,79.30893439,79.30893439,79.30893439
t_5979,76.36675926,76.36675926,76.36675926,76.36675926
t_5980,72.52974929,72.52974929,72.52974929,72.52974929
t_5981,68.06559004,68.06559004,68.06559004,68.06559004
t_5982,63.28403329,63.28403329,63.28403329,63.28403329
t_5983,58.51567967,58.51567967,58.51567967,58.51567967
t_5984,54.08939538,54.08939538,54.08939538,54.08939538
t_5985,50.30990648,50.30990648,50.30990648,50.30990648
t_5986,47.4370982,47.4370982,47.4370982,47.4370982
t_5987,45.66842628,45.66842628,45.66842628,45.66842628
t_5988,45.12563133,45.12563133,45.12563133,45.12563133
t_5989,45.84665043,45.84665043,45.84665043,45.84665043
t_5990,47.78326323,47.78326323,47.78326323,47.78326323
t_5991,50.80461723,50.80461723,50.80461723,50.80461723
t_5992,54.70637543,54.70637543,54.70637543,54.70637543
t_5993,59.22484687,59.22484687,59.22484687,59.22484687
t_5994,64.0551224,64.0551224,64.0551224,64.0551224
t_5995,68.87196774,68.87196774,68.87196774,68.87196774
t_5996,73.35204134,73.35204134,73.35204134,73.35204134
t_5997,77.19591851,77.19591851,77.19591851,77.19591851
t_5998,80.1484206,80.1484206,80.1484206,80.1484206
t_5999,82.01586844,82.01586844,82.01586844,82.01586844
t_6000,82.67909293,82.67909293,82.67909293,82.67909293
t_6001,82.10132838,82.10132838,82.10132838,82.10132838
t_6002,80.33046615,80.33046615,80.33046615,80.33046615
t_6003,77.49553197,77.49553197,77.49553197,77.49553197
t_6004,73.79764509,73.79764509,73.79764509,73.79764509
t_6005,69.49609236,69.49609236,69.49609236,69.49609236
t_6006,64.89048214,64.89048214,64.89048214,64.89048214
t_6007,60.30020659,60.30020659,60.30020659,60.30020659
t_6008,56.04262112,56.04262112,56.04262112,56.04262112
t_6009,52.41143237,52.41143237,52.41143237,52.41143237
t_6010,49.65676721,49.65676721,49.65676721,49.65676721
t_6011,47.9682761,47.9682761,47.9682761,47.9682761
t_6012,47.46241236,47.46241236,47.46241236,47.46241236
t_6013,48.17474093,48.17474093,48.17474093,48.17474093
t_6014,50.05778415,50.05778415,50.05778415,50.05778415
t_6015,52.98453297,52.98453297,52.98453297,52.98453297
t_6016,56.75736533,56.75736533,56.75736533,56.75736533
t_6017,61.12174555,61.12174555,61.12174555,61.12174555
t_6018,65.7837549,65.7837549,65.7837549,65.7837549
t_6019,70.43024538,70.43024538,70.43024538,70.43024538
t_6020,74.7502342,74.7502342,74.7502342,74.7502342
t_6021,78.45607643,78.45607643,78.45607643,78.45607643
t_6022,81.30297393,81.30297393,81.30297393,81.30297393
t_6023,83.10549646,83.10549646,83.10549646,83.10549646
t_6024,83.75,83.75,83.75,83.75
t_6025,83.20211029,83.20211029,83.20211029,83.20211029
t_6026,81.50877932,81.50877932,81.50877932,81.50877932
t_6027,78.79479421,78.79479421,78.79479421,78.79479421
t_6028,75.2539963,75.2539963,75.2539963,75.2539963
t_6029,71.13582818,71.13582818,71.13582818,71.13582818
t_6030,66.72814233,66.72814233,66.72814233,66.72814233
t_6031,62.33745677,62.33745677,62.33745677,62.33745677
t_6032,58.2680123,58.2680123,58.2680123,58.2680123
t_6033,54.80106299,54.80106299,54.80106299,54.80106299
t_6034,52.17581014,52.17581014,52.17581014,52.17581014
t_6035,50.57327244,50.57327244,50.57327244,50.57327244
t_6036,50.10418042,50.10418042,50.10418042,50.10418042
t_6037,50.80170461,50.80170461,50.80170461,50.80170461
t_6038,52.61949429,52.61949429,52.61949429,52.61949429
t_6039,55.43514008,55.43514008,55.43514008,55.43514008
t_6040,59.05880351,59.05880351,59.05880351,59.05880351
t_6041,63.24640543,63.24640543,63.24640543,63.24640543
t_6042,67.7164571,67.7164571,67.7164571,67.7164571
t_6043,72.16937276,72.16937276,72.16937276,72.16937276
t_6044,76.30793853,76.30793853,76.30793853,76.30793853
t_6045,79.85753821,79.85753821,79.85753821,79.85753821
t_6046,82.58475951,82.58475951,82.58475951,82.58475951
t_6047,84.31311935,84.31311935,84.31311935,84.31311935
t_6048,84.93484893,84.93484893,84.93484893,84.93484893
t_6049,84.41795149,84.41795149,84.41795149,84.41795149
t_6050,82.80807144,82.80807144,82.80807144,82.80807144
t_6051,80.22506853,80.22506853,80.22506853,80.22506853
t_6052,76.85455244,76.85455244,76.85455244,76.85455244
t_6053,72.93497495,72.93497495,72.93497495,72.93497495
t_6054,68.74117751,68.74117751,68.74117751,68.74117751
t_6055,64.56552941,64.56552941,64.56552941,64.56552941
t_6056,60.69795151,60.69795151,60.69795151,60.69795151
t_6057,57.40619064,57.40619064,57.40619064,57.40619064
t_6058,54.91768714,54.91768714,54.91768714,54.91768714
t_6059,53.40426378,53.40426378,53.40426378,53.40426378
t_6060,52.97066671,52.97066671,52.97066671,52.97066671
t_6061,53.6477225,53.6477225,53.6477225,53.6477225
t_6062,55.39055738,55.39055738,55.39055738,55.39055738
t_6063,58.0819781,58.0819781,58.0819781,58.0819781
t_6064,61.54076194,61.54076194,61.54076194,61.54076194
t_6065,65.53426983,65.53426983,65.53426983,65.53426983
t_6066,69.79450483,69.79450483,69.79450483,69.79450483
t_6067,74.03650737,74.03650737,74.03650737,74.03650737
t_6068,77.97782428,77.97782428,77.97782428,77.97782428
t_6069,81.35772114,81.35772114,81.35772114,81.35772114
t_6070,83.95483093,83.95483093,83.95483093,83.95483093
t_6071,85.6020441,85.6020441,85.6020441,85.6020441
t_6072,86.19763867,86.19763867,86.19763867,86.19763867
t_6073,85.71190929,85.71190929,85.71190929,85.71190929
t_6074,84.18886418,84.18886418,84.18886418,84.18886418
t_6075,81.74289678,81.74289678,81.74289678,81.74289678
t_6076,78.55068141,78.55068141,78.55068141,78.55068141
t_6077,74.83886652,74.83886652,74.83886652,74.83886652
t_6078,70.8684226,70.8684226,70.8684226,70.8684226
t_6079,66.91672563,66.91672563,66.91672563,66.91672563
t_6080,63.25860629,63.25860629,63.25860629,63.25860629
t_6081,60.14765982,60.14765982,60.14765982,60.14765982
t_6082,57.79908767,57.79908767,57.79908767,57.79908767
t_6083,56.37523189,56.37523189,56.37523189,56.37523189
t_6084,55.9747745,55.9747745,55.9747745,55.9747745
t_6085,56.6263198,56.6263198,56.6263198,56.6263198
t_6086,58.28677607,58.28677607,58.28677607,58.28677607
t_6087,60.84462419,60.84462419,60.84462419,60.84462419
t_6088,64.12782757,64.12782757,64.12782757,64.12782757
t_6089,67.91582312,67.91582312,67.91582312,67.91582312
t_6090,71.95475766,71.95475766,71.95475766,71.95475766
t_6091,75.97491726,75.97491726,75.97491726,75.97491726
t_6092,79.70915281,79.70915281,79.70915281,79.70915281
t_6093,82.91104292,82.91104292,82.91104292,82.91104292
t_6094,85.37155926,85.37155926,85.37155926,85.37155926
t_6095,86.93310737,86.93310737,86.93310737,86.93310737
t_6096,87.5,87.5,87.5,87.5
t_6097,79.31871935,79.31871935,79.31871935,79.31871935
t_6098,77.32137219,77.32137219,77.32137219,77.32137219
t_6099,74.14426892,74.14426892,74.14426892,74.14426892
t_6100,70.0042305,70.0042305,70.0042305,70.0042305
t_6101,65.18378788,65.18378788,65.18378788,65.18378788
t_6102,60.01189723,60.01189723,60.01189723,60.01189723
t_6103,54.841488,54.841488,54.841488,54.841488
t_6104,50.02537763,50.02537763,50.02537763,50.02537763
t_6105,45.89219769,45.89219769,45.89219769,45.89219769
t_6106,42.72397535,42.72397535,42.72397535,42.72397535
t_6107,40.73690077,40.73690077,40.73690077,40.73690077
t_6108,40.06659278,40.06659278,40.06659278,40.06659278
t_6109,40.75886811,40.75886811,40.75886811,40.75886811
t_6110,42.76664256,42.76664256,42.76664256,42.76664256
t_6111,45.95317417,45.95317417,45.95317417,45.95317417
t_6112,50.10142463,50.10142463,50.10142463,50.10142463
t_6113,54.9288977,54.9288977,54.9288977,54.9288977
t_6114,60.10693923,60.10693923,60.10693923,60.10693923
t_6115,65.28317945,65.28317945,65.28317945,65.28317945
t_6116,70.10558361,70.10558361,70.10558361,70.10558361
t_6117,74.24646847,74.24646847,74.24646847,74.24646847
t_6118,77.4248446,77.4248446,77.4248446,77.4248446
t_6119,79.42556034,79.42556034,79.42556034,79.42556034
t_6120,80.11394185,80.11394185,80.11394185,80.11394185
t_6121,79.44493253,79.44493253,79.44493253,79.44493253
t_6122,77.46611098,77.46611098,77.46611098,77.46611098
t_6123,74.31438533,74.31438533,74.31438533,74.31438533
t_6124,70.20659378,70.20659378,70.20659378,70.20659378
t_6125,65.42465701,65.42465701,65.42465701,65.42465701
t_6126,60.29629991,60.29629991,60.29629991,60.29629991
t_6127,55.17266196,55.17266196,55.17266196,55.17266196
t_6128,50.40432694,50.40432694,50.40432694,50.40432694
t_6129,46.31740959,46.31740959,46.31740959,46.31740959
t_6130,43.19133143,43.19133143,43.19133143,43.19133143
t_6131,41.23980161,41.23980161,41.23980161,41.23980161
t_6132,40.59629804,40.59629804,40.59629804,40.59629804
t_6133,41.30503617,41.30503617,41.30503617,41.30503617
t_6134,43.31803663,43.31803663,43.31803663,43.31803663
t_6135,46.49848629,46.49848629,46.49848629,46.49848629
t_6136,50.63015732,50.63015732,50.63015732,50.63015732
t_6137,55.43223517,55.43223517,55.43223517,55.43223517
t_6138,60.57853812,60.57853812,60.57853812,60.57853812
t_6139,65.71981173,65.71981173,65.71981173,65.71981173
t_6140,70.50757356,70.50757356,70.50757356,70.50757356
t_6141,74.61787868,74.61787868,74.61787868,74.61787868
t_6142,77.77338426,77.77338426,77.77338426,77.77338426
t_6143,79.76220919,79.76220919,79.76220919,79.76220919
t_6144,80.45230534,80.45230534,80.45230534,80.45230534
t_6145,79.80036497,79.80036497,79.80036497,79.80036497
t_6146,77.85466315,77.85466315,77.85466315,77.85466315
t_6147,74.75164877,74.75164877,74.75164877,74.75164877
t_6148,70.70652476,70.70652476,70.70652476,70.70652476
t_6149,65.99846814,65.99846814,65.99846814,65.99846814
t_6150,60.95150584,60.95150584,60.95150584,60.95150584
t_6151,55.91235703,55.91235703,55.91235703,55.91235703
t_6152,51.2267584,51.2267584,51.2267584,51.2267584
t_6153,47.21589002,47.21589002,47.21589002,47.21589002
t_6154,44.15451042,44.15451042,44.15451042,44.15451042
t_6155,42.25229024,42.25229024,42.25229024,42.25229024
t_6156,41.63961373,41.63961373,41.63961373,41.63961373
t_6157,42.35880992,42.35880992,42.35880992,42.35880992
t_6158,44.36140374,44.36140374,44.36140374,44.36140374
t_6159,47.51156503,47.51156503,47.51156503,47.51156503
t_6160,51.5955104,51.5955104,51.5955104,51.5955104
t_6161,56.33620675,56.33620675,56.33620675,56.33620675
t_6162,61.41236459,61.41236459,61.41236459,61.41236459
t_6163,66.4804179,66.4804179,66.4804179,66.4804179
t_6164,71.19798609,71.19798609,71.19798609,71.19798609
t_6165,75.24721444,75.24721444,75.24721444,75.24721444
t_6166,78.35640095,78.35640095,78.35640095,78.35640095
t_6167,80.31843701,80.31843701,80.31843701,80.31843701
t_6168,81.00480947,81.00480947,81.00480947,81.00480947
t_6169,80.37421703,80.37421703,80.37421703,80.37421703
t_6170,78.47522275,78.47522275,78.47522275,78.47522275
t_6171,75.44277324,75.44277324,75.44277324,75.44277324
t_6172,71.48883328,71.48883328,71.48883328,71.48883328
t_6173,66.88778631,66.88778631,66.88778631,66.88778631
t_6174,61.95760693,61.95760693,61.95760693,61.95760693
t_6175,57.03809796,57.03809796,57.03809796,57.03809796
t_6176,52.46768283,52.46768283,52.46768283,52.46768283
t_6177,48.56033912,48.56033912,48.56033912,48.56033912
t_6178,45.58424661,45.58424661,45.58424661,45.58424661
t_6179,43.74360273,43.74360273,43.74360273,43.74360273
t_6180,43.16483922,43.16483922,43.16483922,43.16483922
t_6181,43.88817096,43.88817096,43.88817096,43.88817096
t_6182,45.8650417,45.8650417,45.8650417,45.8650417
t_6183,48.96162849,48.96162849,48.96162849,48.96162849
t_6184,52.96815211,52.96815211,52.96815211,52.96815211
t_6185,57.61334573,57.61334573,57.61334573,57.61334573
t_6186,62.58308325,62.58308325,62.58308325,62.58308325
t_6187,67.5418873,67.5418873,67.5418873,67.5418873
t_6188,72.15584335,72.15584335,72.15584335,72.15584335
t_6189,76.11535371,76.11535371,76.11535371,76.11535371
t_6190,79.15618003,79.15618003,79.15618003,79.15618003
t_6191,81.07734308,81.07734308,81.07734308,81.07734308
t_6192,81.75466668,81.75466668,81.75466668,81.75466668
t_6193,81.14905249,81.14905249,81.14905249,81.14905249
t_6194,79.30893439,79.30893439,79.30893439,79.30893439
t_6195,76.36675926,76.36675926,76.36675926,76.36675926
t_6196,72.52974929,72.52974929,72.52974929,72.52974929
t_6197,68.06559004,68.06559004,68.06559004,68.06559004
t_6198,63.28403329,63.28403329,63.28403329,63.28403329
t_6199,58.51567967,58.51567967,58.51567967,58.51567967
t_6200,54.08939538,54.08939538,54.08939538,54.08939538
t_6201,50.30990648,50.30990648,50.30990648,50.30990648
t_6202,47.4370982,47.4370982,47.4370982,47.4370982
t_6203,45.66842628,45.66842628,45.66842628,45.66842628
t_6204,45.12563133,45.12563133,45.12563133,45.12563133
t_6205,45.84665043,45.84665043,45.84665043,45.84665043
t_6206,47.78326323,47.78326323,47.78326323,47.78326323
t_6207,50.80461723,50.80461723,50.80461723,50.80461723
t_6208,54.70637543,54.70637543,54.70637543,54.70637543
t_6209,59.22484687,59.22484687,59.22484687,59.22484687
t_6210,64.0551224,64.0551224,64.0551224,64.0551224
t_6211,68.87196774,68.87196774,68.87196774,68.87196774
t_6212,73.35204134,73.35204134,73.35204134,73.35204134
t_6213,77.19591851,77.19591851,77.19591851,77.19591851
t_6214,80.1484206,80.1484206,80.1484206,80.1484206
t_6215,82.01586844,82.01586844,82.01586844,82.01586844
t_6216,82.67909293,82.67909293,82.67909293,82.67909293
t_6217,82.10132838,82.10132838,82.10132838,82.10132838
t_6218,80.33046615,80.33046615,80.33046615,80.33046615
t_6219,77.49553197,77.49553197,77.49553197,77.49553197
t_6220,73.79764509,73.79764509,73.79764509,73.79764509
t_6221,69.49609236,69.49609236,69.49609236,69.49609236
t_6222,64.89048214,64.89048214,64.89048214,64.89048214
t_6223,60.30020659,60.30020659,60.30020659,60.30020659
t_6224,56.04262112,56.04262112,56.04262112,56.04262112
t_6225,52.41143237,52.41143237,52.41143237,52.41143237
t_6226,49.65676721,49.65676721,49.65676721,49.65676721
t_6227,47.9682761,47.9682761,47.9682761,47.9682761
t_6228,47.46241236,47.46241236,47.46241236,47.46241236
t_6229,48.17474093,48.17474093,48.17474093,48.17474093
t_6230,50.05778415,50.05778415,50.05778415,50.05778415
t_6231,52.98453297,52.98453297,52.98453297,52.98453297
t_6232,56.75736533,56.75736533,56.75736533,56.75736533
t_6233,61.12174555,61.12174555,61.12174555,61.12174555
t_6234,65.7837549,65.7837549,65.7837549,65.7837549
t_6235,70.43024538,70.43024538,70.43024538,70.43024538
t_6236,74.7502342,74.7502342,74.7502342,74.7502342
t_6237,78.45607643,78.45607643,78.45607643,78.45607643
t_6238,81.30297393,81.30297393,81.30297393,81.30297393
t_6239,83.10549646,83.10549646,83.10549646,83.10549646
t_6240,83.75,83.75,83.75,83.75
t_6241,83.20211029,83.20211029,83.20211029,83.20211029
t_6242,81.50877932,81.50877932,81.50877932,81.50877932
t_6243,78.79479421,78.79479421,78.79479421,78.79479421
t_6244,75.2539963,75.2539963,75.2539963,75.2539963
t_6245,71.13582818,71.13582818,71.13582818,71.13582818
t_6246,66.72814233,66.72814233,66.72814233,66.72814233
t_6247,62.33745677,62.33745677,62.33745677,62.33745677
t_6248,58.2680123,58.2680123,58.2680123,58.2680123
t_6249,54.80106299,54.80106299,54.80106299,54.80106299
t_6250,52.17581014,52.17581014,52.17581014,52.17581014
t_6251,50.57327244,50.57327244,50.57327244,50.57327244
t_6252,50.10418042,50.10418042,50.10418042,50.10418042
t_6253,50.80170461,50.80170461,50.80170461,50.80170461
t_6254,52.61949429,52.61949429,52.61949429,52.61949429
t_6255,55.43514008,55.43514008,55.43514008,55.43514008
t_6256,59.05880351,59.05880351,59.05880351,59.05880351
t_6257,63.24640543,63.24640543,63.24640543,63.24640543
t_6258,67.7164571,67.7164571,67.7164571,67.7164571
t_6259,72.16937276,72.16937276,72.16937276,72.16937276
t_6260,76.30793853,76.30793853,76.30793853,76.30793853
t_6261,79.85753821,79.85753821,79.85753821,79.85753821
t_6262,82.58475951,82.58475951,82.58475951,82.58475951
t_6263,84.31311935,84.31311935,84.31311935,84.31311935
t_6264,84.93484893,84.93484893,84.93484893,84.93484893
t_6265,84.41795149,84.41795149,84.41795149,84.41795149
t_6266,82.80807144,82.80807144,82.80807144,82.80807144
t_6267,80.22506853,80.22506853,80.22506853,80.22506853
t_6268,76.85455244,76.85455244,76.85455244,76.85455244
t_6269,72.93497495,72.93497495,72.93497495,72.93497495
t_6270,68.74117751,68.74117751,68.74117751,68.74117751
t_6271,64.56552941,64.56552941,64.56552941,64.56552941
t_6272,60.69795151,60.69795151,60.69795151,60.69795151
t_6273,57.40619064,57.40619064,57.40619064,57.40619064
t_6274,54.91768714,54.91768714,54.91768714,54.91768714
t_6275,53.40426378,53.40426378,53.40426378,53.40426378
t_6276,52.97066671,52.97066671,52.97066671,52.97066671
t_6277,53.6477225,53.6477225,53.6477225,53.6477225
t_6278,55.39055738,55.39055738,55.39055738,55.39055738
t_6279,58.0819781,58.0819781,58.0819781,58.0819781
t_6280,61.54076194,61.54076194,61.54076194,61.54076194
t_6281,65.53426983,65.53426983,65.53426983,65.53426983
t_6282,69.79450483,69.79450483,69.79450483,69.79450483
t_6283,74.03650737,74.03650737,74.03650737,74.03650737
t_6284,77.97782428,77.97782428,77.97782428,77.97782428
t_6285,81.35772114,81.35772114,81.35772114,81.35772114
t_6286,83.95483093,83.95483093,83.95483093,83.95483093
t_6287,85.6020441,85.6020441,85.6020441,85.6020441
t_6288,86.19763867,86.19763867,86.19763867,86.19763867
t_6289,85.71190929,85.71190929,85.71190929,85.71190929
t_6290,84.18886418,84.18886418,84.18886418,84.18886418
t_6291,81.74289678,81.74289678,81.74289678,81.74289678
t_6292,78.55068141,78.55068141,78.55068141,78.55068141
t_6293,74.83886652,74.83886652,74.83886652,74.83886652
t_6294,70.8684226,70.8684226,70.8684226,70.8684226
t_6295,66.91672563,66.91672563,66.91672563,66.91672563
t_6296,63.25860629,63.25860629,63.25860629,63.25860629
t_6297,60.14765982,60.14765982,60.14765982,60.14765982
t_6298,57.79908767,57.79908767,57.79908767,57.79908767
t_6299,56.37523189,56.37523189,56.37523189,56.37523189
t_6300,55.9747745,55.9747745,55.9747745,55.9747745
t_6301,56.6263198,56.6263198,56.6263198,56.6263198
t_6302,58.28677607,58.28677607,58.28677607,58.28677607
t_6303,60.84462419,60.84462419,60.84462419,60.84462419
t_6304,64.12782757,64.12782757,64.12782757,64.12782757
t_6305,67.91582312,67.91582312,67.91582312,67.91582312
t_6306,71.95475766,71.95475766,71.95475766,71.95475766
t_6307,75.97491726,75.97491726,75.97491726,75.97491726
t_6308,79.70915281,79.70915281,79.70915281,79.70915281
t_6309,82.91104292,82.91104292,82.91104292,82.91104292
t_6310,85.37155926,85.37155926,85.37155926,85.37155926
t_6311,86.93310737,86.93310737,86.93310737,86.93310737
t_6312,87.5,87.5,87.5,87.5
t_6313,79.31871935,79.31871935,79.31871935,79.31871935
t_6314,77.32137219,77.32137219,77.32137219,77.32137219
t_6315,74.14426892,74.14426892,74.14426892,74.14426892
t_6316,70.0042305,70.0042305,70.0042305,70.0042305
t_6317,65.18378788,65.18378788,65.18378788,65.18378788
t_6318,60.01189723,60.01189723,60.01189723,60.01189723
t_6319,54.841488,54.841488,54.841488,54.841488
t_6320,50.02537763,50.02537763,50.02537763,50.02537763
t_6321,45.89219769,45.89219769,45.89219769,45.89219769
t_6322,42.72397535,42.72397535,42.72397535,42.72397535
t_6323,40.73690077,40.73690077,40.73690077,40.73690077
t_6324,40.06659278,40.06659278,40.06659278,40.06659278
t_6325,40.75886811,40.75886811,40.75886811,40.75886811
t_6326,42.76664256,42.76664256,42.76664256,42.76664256
t_6327,45.95317417,45.95317417,45.95317417,45.95317417
t_6328,50.10142463,50.10142463,50.10142463,50.10142463
t_6329,54.9288977,54.9288977,54.9288977,54.9288977
t_6330,60.10693923,60.10693923,60.10693923,60.10693923
t_6331,65.28317945,65.28317945,65.28317945,65.28317945
t_6332,70.10558361,70.10558361,70.10558361,70.10558361
t_6333,74.24646847,74.24646847,74.24646847,74.24646847
t_6334,77.4248446,77.4248446,77.4248446,77.4248446
t_6335,79.42556034,79.42556034,79.42556034,79.42556034
t_6336,80.11394185,80.11394185,80.11394185,80.11394185
t_6337,79.44493253,79.44493253,79.44493253,79.44493253
t_6338,77.46611098,77.46611098,77.46611098,77.46611098
t_6339,74.31438533,74.31438533,74.31438533,74.31438533
t_6340,70.20659378,70.20659378,70.20659378,70.20659378
t_6341,65.42465701,65.42465701,65.42465701,65.42465701
t_6342,60.29629991,60.29629991,60.29629991,60.29629991
t_6343,55.17266196,55.17266196,55.17266196,55.17266196
t_6344,50.40432694,50.40432694,50.40432694,50.40432694
t_6345,46.31740959,46.31740959,46.31740959,46.31740959
t_6346,43.19133143,43.19133143,43.19133143,43.19133143
t_6347,41.23980161,41.23980161,41.23980161,41.23980161
t_6348,40.59629804,40.59629804,40.59629804,40.59629804
t_6349,41.30503617,41.30503617,41.30503617,41.30503617
t_6350,43.31803663,43.31803663,43.31803663,43.31803663
t_6351,46.49848629,46.49848629,46.49848629,46.49848629
t_6352,50.63015732,50.63015732,50.63015732,50.63015732
t_6353,55.43223517,55.43223517,55.43223517,55.43223517
t_6354,60.57853812,60.57853812,60.57853812,60.57853812
t_6355,65.71981173,65.71981173,65.71981173,65.71981173
t_6356,70.50757356,70.50757356,70.50757356,70.50757356
t_6357,74.61787868,74.61787868,74.61787868,74.61787868
t_6358,77.77338426,77.77338426,77.77338426,77.77338426
t_6359,79.76220919,79.76220919,79.76220919,79.76220919
t_6360,80.45230534,80.45230534,80.45230534,80.45230534
t_6361,79.80036497,79.80036497,79.80036497,79.80036497
t_6362,77.85466315,77.85466315,77.85466315,77.85466315
t_6363,74.75164877,74.75164877,74.75164877,74.75164877
t_6364,70.70652476,70.70652476,70.70652476,70.70652476
t_6365,65.99846814,65.99846814,65.99846814,65.99846814
t_6366,60.95150584,60.95150584,60.95150584,60.95150584
t_6367,55.91235703,55.91235703,55.91235703,55.91235703
t_6368,51.2267584,51.2267584,51.2267584,51.2267584
t_6369,47.21589002,47.21589002,47.21589002,47.21589002
t_6370,44.15451042,44.15451042,44.15451042,44.15451042
t_6371,42.25229024,42.25229024,42.25229024,42.25229024
t_6372,41.63961373,41.63961373,41.63961373,41.63961373
t_6373,42.35880992,42.35880992,42.35880992,42.35880992
t_6374,44.36140374,44.36140374,44.36140374,44.36140374
t_6375,47.51156503,47.51156503,47.51156503,47.51156503
t_6376,51.5955104,51.5955104,51.5955104,51.5955104
t_6377,56.33620675,56.33620675,56.33620675,56.33620675
t_6378,61.41236459,61.41236459,61.41236459,61.41236459
t_6379,66.4804179,66.4804179,66.4804179,66.4804179
t_6380,71.19798609,71.19798609,71.19798609,71.19798609
t_6381,75.24721444,75.24721444,75.24721444,75.24721444
t_6382,78.35640095,78.35640095,78.35640095,78.35640095
t_6383,80.31843701,80.31843701,80.31843701,80.31843701
t_6384,81.00480947,81.00480947,81.00480947,81.00480947
t_6385,80.37421703,80.37421703,80.37421703,80.37421703
t_6386,78.47522275,78.47522275,78.47522275,78.47522275
t_6387,75.44277324,75.44277324,75.44277324,75.44277324
t_6388,71.48883328,71.48883328,71.48883328,71.48883328
t_6389,66.88778631,66.88778631,66.88778631,66.88778631
t_6390,61.95760693,61.95760693,61.95760693,61.95760693
t_6391,57.03809796,57.03809796,57.03809796,57.03809796
t_6392,52.46768283,52.46768283,52.46768283,52.46768283
t_6393,48.56033912,48.56033912,48.56033912,48.56033912
t_6394,45.58424661,45.58424661,45.58424661,45.58424661
t_6395,43.74360273,43.74360273,43.74360273,43.74360273
t_6396,43.16483922,43.16483922,43.16483922,43.16483922
t_6397,43.88817096,43.88817096,43.88817096,43.88817096
t_6398,45.8650417,45.8650417,45.8650417,45.8650417
t_6399,48.96162849,48.96162849,48.96162849,48.96162849
t_6400,52.96815211,52.96815211,52.96815211,52.96815211
t_6401,57.61334573,57.61334573,57.61334573,57.61334573
t_6402,62.58308325,62.58308325,62.58308325,62.58308325
t_6403,67.5418873,67.5418873,67.5418873,67.5418873
t_6404,72.15584335,72.15584335,72.15584335,72.15584335
t_6405,76.11535371,76.11535371,76.11535371,76.11535371
t_6406,79.15618003,79.15618003,79.15618003,79.15618003
t_6407,81.07734308,81.07734308,81.07734308,81.07734308
t_6408,81.75466668,81.75466668,81.75466668,81.75466668
t_6409,81.14905249,81.14905249,81.14905249,81.14905249
t_6410,79.30893439,79.30893439,79.30893439,79.30893439
t_6411,76.36675926,76.36675926,76.36675926,76.36675926
t_6412,72.52974929,72.52974929,72.52974929,72.52974929
t_6413,68.06559004,68.06559004,68.06559004,68.06559004
t_6414,63.28403329,63.28403329,63.28403329,63.28403329
t_6415,58.51567967,58.51567967,58.51567967,58.51567967
t_6416,54.08939538,54.08939538,54.08939538,54.08939538
t_6417,50.30990648,50.30990648,50.30990648,50.30990648
t_6418,47.4370982,47.4370982,47.4370982,47.4370982
t_6419,45.66842628,45.66842628,45.66842628,45.66842628
t_6420,45.12563133,45.12563133,45.12563133,45.12563133
t_6421,45.84665043,45.84665043,45.84665043,45.84665043
t_6422,47.78326323,47.78326323,47.78326323,47.78326323
t_6423,50.80461723,50.80461723,50.80461723,50.80461723
t_6424,54.70637543,54.70637543,54.70637543,54.70637543
t_6425,59.22484687,59.22484687,59.22484687,59.22484687
t_6426,64.0551224,64.0551224,64.0551224,64.0551224
t_6427,68.87196774,68.87196774,68.87196774,68.87196774
t_6428,73.35204134,73.35204134,73.35204134,73.35204134
t_6429,77.19591851,77.19591851,77.19591851,77.19591851
t_6430,80.1484206,80.1484206,80.1484206,80.1484206
t_6431,82.01586844,82.01586844,82.01586844,82.01586844
t_6432,82.67909293,82.67909293,82.67909293,82.67909293
t_6433,82.10132838,82.10132838,82.10132838,82.10132838
t_6434,80.33046615,80.33046615,80.33046615,80.33046615
t_6435,77.49553197,77.49553197,77.49553197,77.49553197
t_6436,73.79764509,73.79764509,73.79764509,73.79764509
t_6437,69.49609236,69.49609236,69.49609236,69.49609236
t_6438,64.89048214,64.89048214,64.89048214,64.89048214
t_6439,60.30020659,60.30020659,60.30020659,60.30020659
t_6440,56.04262112,56.04262112,56.04262112,56.04262112
t_6441,52.41143237,52.41143237,52.41143237,52.41143237
t_6442,49.65676721,49.65676721,49.65676721,49.65676721
t_6443,47.9682761,47.9682761,47.9682761,47.9682761
t_6444,47.46241236,47.46241236,47.46241236,47.46241236
t_6445,48.17474093,48.17474093,48.17474093,48.17474093
t_6446,50.05778415,50.05778415,50.05778415,50.05778415
t_6447,52.98453297,52.98453297,52.98453297,52.98453297
t_6448,56.75736533,56.75736533,56.75736533,56.75736533
t_6449,61.12174555,61.12174555,61.12174555,61.12174555
t_6450,65.7837549,65.7837549,65.7837549,65.7837549
t_6451,70.43024538,70.43024538,70.43024538,70.43024538
t_6452,74.7502342,74.7502342,74.7502342,74.7502342
t_6453,78.45607643,78.45607643,78.45607643,78.45607643
t_6454,81.30297393,81.30297393,81.30297393,81.30297393
t_6455,83.10549646,83.10549646,83.10549646,83.10549646
t_6456,83.75,83.75,83.75,83.75
t_6457,83.20211029,83.20211029,83.20211029,83.20211029
t_6458,81.50877932,81.50877932,81.50877932,81.50877932
t_6459,78.79479421,78.79479421,78.79479421,78.79479421
t_6460,75.2539963,75.2539963,75.2539963,75.2539963
t_6461,71.13582818,71.13582818,71.13582818,71.13582818
t_6462,66.72814233,66.72814233,66.72814233,66.72814233
t_6463,62.33745677,62.33745677,62.33745677,62.33745677
t_6464,58.2680123,58.2680123,58.2680123,58.2680123
t_6465,54.80106299,54.80106299,54.80106299,54.80106299
t_6466,52.17581014,52.17581014,52.17581014,52.17581014
t_6467,50.57327244,50.57327244,50.57327244,50.57327244
t_6468,50.10418042,50.10418042,50.10418042,50.10418042
t_6469,50.80170461,50.80170461,50.80170461,50.80170461
t_6470,52.61949429,52.61949429,52.61949429,52.61949429
t_6471,55.43514008,55.43514008,55.43514008,55.43514008
t_6472,59.05880351,59.05880351,59.05880351,59.05880351
t_6473,63.24640543,63.24640543,63.24640543,63.24640543
t_6474,67.7164571,67.7164571,67.7164571,67.7164571
t_6475,72.16937276,72.16937276,72.16937276,72.16937276
t_6476,76.30793853,76.30793853,76.30793853,76.30793853
t_6477,79.85753821,79.85753821,79.85753821,79.85753821
t_6478,82.58475951,82.58475951,82.58475951,82.58475951
t_6479,84.31311935,84.31311935,84.31311935,84.31311935
t_6480,84.93484893,84.93484893,84.93484893,84.93484893
t_6481,84.41795149,84.41795149,84.41795149,84.41795149
t_6482,82.80807144,82.80807144,82.80807144,82.80807144
t_6483,80.22506853,80.22506853,80.22506853,80.22506853
t_6484,76.85455244,76.85455244,76.85455244,76.85455244
t_6485,72.93497495,72.93497495,72.93497495,72.93497495
t_6486,68.74117751,68.74117751,68.74117751,68.74117751
t_6487,64.56552941,64.56552941,64.56552941,64.56552941
t_6488,60.69795151,60.69795151,60.69795151,60.69795151
t_6489,57.40619064,57.40619064,57.40619064,57.40619064
t_6490,54.91768714,54.91768714,54.91768714,54.91768714
t_6491,53.40426378,53.40426378,53.40426378,53.40426378
t_6492,52.97066671,52.97066671,52.97066671,52.97066671
t_6493,53.6477225,53.6477225,53.6477225,53.6477225
t_6494,55.39055738,55.39055738,55.39055738,55.39055738
t_6495,58.0819781,58.0819781,58.0819781,58.0819781
t_6496,61.54076194,61.54076194,61.54076194,61.54076194
t_6497,65.53426983,65.53426983,65.53426983,65.53426983
t_6498,69.79450483,69.79450483,69.79450483,69.79450483
t_6499,74.03650737,74.03650737,74.03650737,74.03650737
t_6500,77.97782428,77.97782428,77.97782428,77.97782428
t_6501,81.35772114,81.35772114,81.35772114,81.35772114
t_6502,83.95483093,83.95483093,83.95483093,83.95483093
t_6503,85.6020441,85.6020441,85.6020441,85.6020441
t_6504,86.19763867,86.19763867,86.19763867,86.19763867
t_6505,85.71190929,85.71190929,85.71190929,85.71190929
t_6506,84.18886418,84.18886418,84.18886418,84.18886418
t_6507,81.74289678,81.74289678,81.74289678,81.74289678
t_6508,78.55068141,78.55068141,78.55068141,78.55068141
t_6509,74.83886652,74.83886652,74.83886652,74.83886652
t_6510,70.8684226,70.8684226,70.8684226,70.8684226
t_6511,66.91672563,66.91672563,66.91672563,66.91672563
t_6512,63.25860629,63.25860629,63.25860629,63.25860629
t_6513,60.14765982,60.14765982,60.14765982,60.14765982
t_6514,57.79908767,57.79908767,57.79908767,57.79908767
t_6515,56.37523189,56.37523189,56.37523189,56.37523189
t_6516,55.9747745,55.9747745,55.9747745,55.9747745
t_6517,56.6263198,56.6263198,56.6263198,56.6263198
t_6518,58.28677607,58.28677607,58.28677607,58.28677607
t_6519,60.84462419,60.84462419,60.84462419,60.84462419
t_6520,64.12782757,64.12782757,64.12782757,64.12782757
t_6521,67.91582312,67.91582312,67.91582312,67.91582312
t_6522,71.95475766,71.95475766,71.95475766,71.95475766
t_6523,75.97491726,75.97491726,75.97491726,75.97491726
t_6524,79.70915281,79.70915281,79.70915281,79.70915281
t_6525,82.91104292,82.91104292,82.91104292,82.91104292
t_6526,85.37155926,85.37155926,85.37155926,85.37155926
t_6527,86.93310737,86.93310737,86.93310737,86.93310737
t_6528,87.5,87.5,87.5,87.5
t_6529,79.31871935,79.31871935,79.31871935,79.31871935
t_6530,77.32137219,77.32137219,77.32137219,77.32137219
t_6531,74.14426892,74.14426892,74.14426892,74.14426892
t_6532,70.0042305,70.0042305,70.0042305,70.0042305
t_6533,65.18378788,65.18378788,65.18378788,65.18378788
t_6534,60.01189723,60.01189723,60.01189723,60.01189723
t_6535,54.841488,54.841488,54.841488,54.841488
t_6536,50.02537763,50.02537763,50.02537763,50.02537763
t_6537,45.89219769,45.89219769,45.89219769,45.89219769
t_6538,42.72397535,42.72397535,42.72397535,42.72397535
t_6539,40.73690077,40.73690077,40.73690077,40.73690077
t_6540,40.06659278,40.06659278,40.06659278,40.06659278
t_6541,40.75886811,40.75886811,40.75886811,40.75886811
t_6542,42.76664256,42.76664256,42.76664256,42.76664256
t_6543,45.95317417,45.95317417,45.95317417,45.95317417
t_6544,50.10142463,50.10142463,50.10142463,50.10142463
t_6545,54.9288977,54.9288977,54.9288977,54.9288977
t_6546,60.10693923,60.10693923,60.10693923,60.10693923
t_6547,65.28317945,65.28317945,65.28317945,65.28317945
t_6548,70.10558361,70.10558361,70.10558361,70.10558361
t_6549,74.24646847,74.24646847,74.24646847,74.24646847
t_6550,77.4248446,77.4248446,77.4248446,77.4248446
t_6551,79.42556034,79.42556034,79.42556034,79.42556034
t_6552,80.11394185,80.11394185,80.11394185,80.11394185
t_6553,79.44493253,79.44493253,79.44493253,79.44493253
t_6554,77.46611098,77.46611098,77.46611098,77.46611098
t_6555,74.31438533,74.31438533,74.31438533,74.31438533
t_6556,70.20659378,70.20659378,70.20659378,70.20659378
t_6557,65.42465701,65.42465701,65.42465701,65.42465701
t_6558,60.29629991,60.29629991,60.29629991,60.29629991
t_6559,55.17266196,55.17266196,55.17266196,55.17266196
t_6560,50.40432694,50.40432694,50.40432694,50.40432694
t_6561,46.31740959,46.31740959,46.31740959,46.31740959
t_6562,43.19133143,43.19133143,43.19133143,43.19133143
t_6563,41.23980161,41.23980161,41.23980161,41.23980161
t_6564,40.59629804,40.59629804,40.59629804,40.59629804
t_6565,41.30503617,41.30503617,41.30503617,41.30503617
t_6566,43.31803663,43.31803663,43.31803663,43.31803663
t_6567,46.49848629,46.49848629,46.49848629,46.49848629
t_6568,50.63015732,50.63015732,50.63015732,50.63015732
t_6569,55.43223517,55.43223517,55.43223517,55.43223517
t_6570,60.57853812,60.57853812,60.57853812,60.57853812
t_6571,65.71981173,65.71981173,65.71981173,65.71981173
t_6572,70.50757356,70.50757356,70.50757356,70.50757356
t_6573,74.61787868,74.61787868,74.61787868,74.61787868
t_6574,77.77338426,77.77338426,77.77338426,77.77338426
t_6575,79.76220919,79.76220919,79.76220919,79.76220919
t_6576,80.45230534,80.45230534,80.45230534,80.45230534
t_6577,87.04466741,87.04466741,87.04466741,87.04466741
t_6578,85.60920285,85.60920285,85.60920285,85.60920285
t_6579,83.30216052,83.30216052,83.30216052,83.30216052
t_6580,80.29084719,80.29084719,80.29084719,80.29084719
t_6581,76.78965409,76.78965409,76.78965409,76.78965409
t_6582,73.04524234,73.04524234,73.04524234,73.04524234
t_6583,69.31960553,69.31960553,69.31960553,69.31960553
t_6584,65.87217243,65.87217243,65.87217243,65.87217243
t_6585,62.94217238,62.94217238,62.94217238,62.94217238
t_6586,60.73246182,60.73246182,60.73246182,60.73246182
t_6587,59.39590542,59.39590542,59.39590542,59.39590542
t_6588,59.0252255,59.0252255,59.0252255,59.0252255
t_6589,59.64699332,59.64699332,59.64699332,59.64699332
t_6590,61.22015022,61.22015022,61.22015022,61.22015022
t_6591,63.63913675,63.63913675,63.63913675,63.63913675
t_6592,66.74139371,66.74139371,66.74139371,66.74139371
t_6593,70.31870302,70.31870302,70.31870302,70.31870302
t_6594,74.1315774,74.1315774,74.1315774,74.1315774
t_6595,77.92570484,77.92570484,77.92570484,77.92570484
t_6596,81.44931859,81.44931859,81.44931859,81.44931859
t_6597,84.47030666,84.47030666,84.47030666,84.47030666
t_6598,86.79189793,86.79189793,86.79189793,86.79189793
t_6599,88.2658655,88.2658655,88.2658655,88.2658655
t_6600,88.80236133,88.80236133,88.80236133,88.80236133
t_6601,88.37573069,88.37573069,88.37573069,88.37573069
t_6602,87.02593119,87.02593119,87.02593119,87.02593119
t_6603,84.85548229,84.85548229,84.85548229,84.85548229
t_6604,82.02217572,82.02217572,82.02217572,82.02217572
t_6605,78.72806399,78.72806399,78.72806399,78.72806399
t_6606,75.20549517,75.20549517,75.20549517,75.20549517
t_6607,71.70115882,71.70115882,71.70115882,71.70115882
t_6608,68.45923806,68.45923806,68.45923806,68.45923806
t_6609,65.70481847,65.70481847,65.70481847,65.70481847
t_6610,63.62868051,63.62868051,63.62868051,63.62868051
t_6611,62.37450271,62.37450271,62.37450271,62.37450271
t_6612,62.02933329,62.02933329,62.02933329,62.02933329
t_6613,62.61796143,62.61796143,62.61796143,62.61796143
t_6614,64.10155074,64.10155074,64.10155074,64.10155074
t_6615,66.38060592,66.38060592,66.38060592,66.38060592
t_6616,69.30204849,69.30204849,69.30204849,69.30204849
t_6617,72.66989924,72.66989924,72.66989924,72.66989924
t_6618,76.25882249,76.25882249,76.25882249,76.25882249
t_6619,79.8295964,79.8295964,79.8295964,79.8295964
t_6620,83.14544756,83.14544756,83.14544756,83.14544756
t_6621,85.98813491,85.98813491,85.98813491,85.98813491
t_6622,88.17269068,88.17269068,88.17269068,88.17269068
t_6623,89.5598233,89.5598233,89.5598233,89.5598233
t_6624,90.06515107,90.06515107,90.06515107,90.06515107
t_6625,89.66465544,89.66465544,89.66465544,89.66465544
t_6626,88.39600261,88.39600261,88.39600261,88.39600261
t_6627,86.35566522,86.35566522,86.35566522,86.35566522
t_6628,83.69206147,83.69206147,83.69206147,83.69206147
t_6629,80.59519859,80.59519859,80.59519859,80.59519859
t_6630,77.2835429,77.2835429,77.2835429,77.2835429
t_6631,73.98902321,73.98902321,73.98902321,73.98902321
t_6632,70.94119649,70.94119649,70.94119649,70.94119649
t_6633,68.35165648,68.35165648,68.35165648,68.35165648
t_6634,66.3997436,66.3997436,66.3997436,66.3997436
t_6635,65.2205206,65.2205206,65.2205206,65.2205206
t_6636,64.89581958,64.89581958,64.89581958,64.89581958
t_6637,65.44895277,65.44895277,65.44895277,65.44895277
t_6638,66.84342774,66.84342774,66.84342774,66.84342774
t_6639,68.98573357,68.98573357,68.98573357,68.98573357
t_6640,71.7319877,71.7319877,71.7319877,71.7319877
t_6641,74.89797187,74.89797187,74.89797187,74.89797187
t_6642,78.27185767,78.27185767,78.27185767,78.27185767
t_6643,81.62874317,81.62874317,81.62874317,81.62874317
t_6644,84.7460037,84.7460037,84.7460037,84.7460037
t_6645,87.41840923,87.41840923,87.41840923,87.41840923
t_6646,89.4719828,89.4719828,89.4719828,89.4719828
t_6647,90.7756645,90.7756645,90.7756645,90.7756645
t_6648,91.25,91.25,91.25,91.25
t_6649,90.87227833,90.87227833,90.87227833,90.87227833
t_6650,89.67778819,89.67778819,89.67778819,89.67778819
t_6651,87.757127,87.757127,87.757127,87.757127
t_6652,85.2497658,85.2497658,85.2497658,85.2497658
t_6653,82.33432597,82.33432597,82.33432597,82.33432597
t_6654,79.2162451,79.2162451,79.2162451,79.2162451
t_6655,76.1136831,76.1136831,76.1136831,76.1136831
t_6656,73.24263467,73.24263467,73.24263467,73.24263467
t_6657,70.80226359,70.80226359,70.80226359,70.80226359
t_6658,68.96145373,68.96145373,68.96145373,68.96145373
t_6659,67.84748428,67.84748428,67.84748428,67.84748428
t_6660,67.53758764,67.53758764,67.53758764,67.53758764
t_6661,68.05394911,68.05394911,68.05394911,68.05394911
t_6662,69.36247067,69.36247067,69.36247067,69.36247067
t_6663,71.3753642,71.3753642,71.3753642,71.3753642
t_6664,73.95737888,73.95737888,73.95737888,73.95737888
t_6665,76.93522206,76.93522206,76.93522206,76.93522206
t_6666,80.10951786,80.10951786,80.10951786,80.10951786
t_6667,83.26847899,83.26847899,83.26847899,83.26847899
t_6668,86.20235491,86.20235491,86.20235491,86.20235491
t_6669,88.71767146,88.71767146,88.71767146,88.71767146
t_6670,90.65029596,90.65029596,90.65029596,90.65029596
t_6671,91.8764464,91.8764464,91.8764464,91.8764464
t_6672,92.32090707,92.32090707,92.32090707,92.32090707
t_6673,91.96190635,91.96190635,91.96190635,91.96190635
t_6674,90.83234152,90.83234152,90.83234152,90.83234152
t_6675,89.01728492,89.01728492,89.01728492,89.01728492
t_6676,86.64795866,86.64795866,86.64795866,86.64795866
t_6677,83.89260362,83.89260362,83.89260362,83.89260362
t_6678,80.9448776,80.9448776,80.9448776,80.9448776
t_6679,78.01058177,78.01058177,78.01058177,78.01058177
t_6680,75.29362457,75.29362457,75.29362457,75.29362457
t_6681,72.98217933,72.98217933,72.98217933,72.98217933
t_6682,71.23597465,71.23597465,71.23597465,71.23597465
t_6683,70.17557478,70.17557478,70.17557478,70.17557478
t_6684,69.87436867,69.87436867,69.87436867,69.87436867
t_6685,70.35379894,70.35379894,70.35379894,70.35379894
t_6686,71.58213969,71.58213969,71.58213969,71.58213969
t_6687,73.47689009,73.47689009,73.47689009,73.47689009
t_6688,75.91060462,75.91060462,75.91060462,75.91060462
t_6689,78.71974898,78.71974898,78.71974898,78.71974898
t_6690,81.71596671,81.71596671,81.71596671,81.71596671
t_6691,84.69898131,84.69898131,84.69898131,84.69898131
t_6692,87.47025071,87.47025071,87.47025071,87.47025071
t_6693,89.84644418,89.84644418,89.84644418,89.84644418
t_6694,91.67182773,91.67182773,91.67182773,91.67182773
t_6695,92.8287223,92.8287223,92.8287223,92.8287223
t_6696,93.24533332,93.24533332,93.24533332,93.24533332
t_6697,92.90043171,92.90043171,92.90043171,92.90043171
t_6698,91.82458209,91.82458209,91.82458209,91.82458209
t_6699,90.09784972,90.09784972,90.09784972,90.09784972
t_6700,87.84415665,87.84415665,87.84415665,87.84415665
t_6701,85.22268405,85.22268405,85.22268405,85.22268405
t_6702,82.41691675,82.41691675,82.41691675,82.41691675
t_6703,79.62208292,79.62208292,79.62208292,79.62208292
t_6704,77.03184789,77.03184789,77.03184789,77.03184789
t_6705,74.82516808,74.82516808,74.82516808,74.82516808
t_6706,73.15419619,73.15419619,73.15419619,73.15419619
t_6707,72.13405426,72.13405426,72.13405426,72.13405426
t_6708,71.83516078,71.83516078,71.83516078,71.83516078
t_6709,72.27862249,72.27862249,72.27862249,72.27862249
t_6710,73.43499127,73.43499127,73.43499127,73.43499127
t_6711,75.22645744,75.22645744,75.22645744,75.22645744
t_6712,77.53231717,77.53231717,77.53231717,77.53231717
t_6713,80.19733069,80.19733069,80.19733069,80.19733069
t_6714,83.04239307,83.04239307,83.04239307,83.04239307
t_6715,85.87678504,85.87678504,85.87678504,85.87678504
t_6716,88.51116672,88.51116672,88.51116672,88.51116672
t_6717,90.7704302,90.7704302,90.7704302,90.7704302
t_6718,92.50553936,92.50553936,92.50553936,92.50553936
t_6719,93.60355776,93.60355776,93.60355776,93.60355776
t_6720,93.99519053,93.99519053,93.99519053,93.99519053
t_6721,93.65933778,93.65933778,93.65933778,93.65933778
t_6722,92.62436116,92.62436116,92.62436116,92.62436116
t_6723,90.96598899,90.96598899,90.96598899,90.96598899
t_6724,88.80201391,88.80201391,88.80201391,88.80201391
t_6725,86.28415346,86.28415346,86.28415346,86.28415346
t_6726,83.58763541,83.58763541,83.58763541,83.58763541
t_6727,80.89922189,80.89922189,80.89922189,80.89922189
t_6728,78.4044896,78.4044896,78.4044896,78.4044896
t_6729,76.27523154,76.27523154,76.27523154,76.27523154
t_6730,74.65783415,74.65783415,74.65783415,74.65783415
t_6731,73.66341529,73.66341529,73.66341529,73.66341529
t_6732,73.36038627,73.36038627,73.36038627,73.36038627
t_6733,73.76993497,73.76993497,73.76993497,73.76993497
t_6734,74.86472747,74.86472747,74.86472747,74.86472747
t_6735,76.57090654,76.57090654,76.57090654,76.57090654
t_6736,78.7732416,78.7732416,78.7732416,78.7732416
t_6737,81.32307162,81.32307162,81.32307162,81.32307162
t_6738,84.04849416,84.04849416,84.04849416,84.04849416
t_6739,86.76610321,86.76610321,86.76610321,86.76610321
t_6740,89.29347524,89.29347524,89.29347524,89.29347524
t_6741,91.46155466,91.46155466,91.46155466,91.46155466
t_6742,93.12609896,93.12609896,93.12609896,93.12609896
t_6743,94.17740982,94.17740982,94.17740982,94.17740982
t_6744,94.54769466,94.54769466,94.54769466,94.54769466
t_6745,94.2155656,94.2155656,94.2155656,94.2155656
t_6746,93.20737786,93.20737786,93.20737786,93.20737786
t_6747,91.59532476,91.59532476,91.59532476,91.59532476
t_6748,89.49242644,89.49242644,89.49242644,89.49242644
t_6749,87.04475962,87.04475962,87.04475962,87.04475962
t_6750,84.42146188,84.42146188,84.42146188,84.42146188
t_6751,81.80319348,81.80319348,81.80319348,81.80319348
t_6752,79.36984268,79.36984268,79.36984268,79.36984268
t_6753,77.28831027,77.28831027,77.28831027,77.28831027
t_6754,75.70120126,75.70120126,75.70120126,75.70120126
t_6755,74.71718904,74.71718904,74.71718904,74.71718904
t_6756,74.40370196,74.40370196,74.40370196,74.40370196
t_6757,74.78242361,74.78242361,74.78242361,74.78242361
t_6758,75.82790645,75.82790645,75.82790645,75.82790645
t_6759,77.46938698,77.46938698,77.46938698,77.46938698
t_6760,79.59567306,79.59567306,79.59567306,79.59567306
t_6761,82.06276669,82.06276669,82.06276669,82.06276669
t_6762,84.70370009,84.70370009,84.70370009,84.70370009
t_6763,87.33991434,87.33991434,87.33991434,87.33991434
t_6764,89.79340622,89.79340622,89.79340622,89.79340622
t_6765,91.89881811,91.89881811,91.89881811,91.89881811
t_6766,93.51465114,93.51465114,93.51465114,93.51465114
t_6767,94.53284225,94.53284225,94.53284225,94.53284225
t_6768,94.88605815,94.88605815,94.88605815,94.88605815
t_6769,94.55221445,94.55221445,94.55221445,94.55221445
t_6770,93.55591751,93.55591751,93.55591751,93.55591751
t_6771,91.96673497,91.96673497,91.96673497,91.96673497
t_6772,89.89441639,89.89441639,89.89441639,89.89441639
t_6773,87.48139191,87.48139191,87.48139191,87.48139191
t_6774,84.89306077,84.89306077,84.89306077,84.89306077
t_6775,82.30653095,82.30653095,82.30653095,82.30653095
t_6776,79.89857537,79.89857537,79.89857537,79.89857537
t_6777,77.8336224,77.8336224,77.8336224,77.8336224
t_6778,76.25259533,76.25259533,76.25259533,76.25259533
t_6779,75.2633571,75.2633571,75.2633571,75.2633571
t_6780,74.93340722,74.93340722,74.93340722,74.93340722
t_6781,75.28532445,75.28532445,75.28532445,75.28532445
t_6782,76.29526253,76.29526253,76.29526253,76.29526253
t_6783,77.89459888,77.89459888,77.89459888,77.89459888
t_6784,79.97462237,79.97462237,79.97462237,79.97462237
t_6785,82.39394065,82.39394065,82.39394065,82.39394065
t_6786,84.98810277,84.98810277,84.98810277,84.98810277
t_6787,87.58078347,87.58078347,87.58078347,87.58078347
t_6788,89.9957695,89.9957695,89.9957695,89.9957695
t_6789,92.06893451,92.06893451,92.06893451,92.06893451
t_6790,93.65938993,93.65938993,93.65938993,93.65938993
t_6791,94.65905544,94.65905544,94.65905544,94.65905544
t_6792,95.0,95.0,95.0,95.0
t_6793,87.04466741,87.04466741,87.04466741,87.04466741
t_6794,85.60920285,85.60920285,85.60920285,85.60920285
t_6795,83.30216052,83.30216052,83.30216052,83.30216052
t_6796,80.29084719,80.29084719,80.29084719,80.29084719
t_6797,76.78965409,76.78965409,76.78965409,76.78965409
t_6798,73.04524234,73.04524234,73.04524234,73.04524234
t_6799,69.31960553,69.31960553,69.31960553,69.31960553
t_6800,65.87217243,65.87217243,65.87217243,65.87217243
t_6801,62.94217238,62.94217238,62.94217238,62.94217238
t_6802,60.73246182,60.73246182,60.73246182,60.73246182
t_6803,59.39590542,59.39590542,59.39590542,59.39590542
t_6804,59.0252255,59.0252255,59.0252255,59.0252255
t_6805,59.64699332,59.64699332,59.64699332,59.64699332
t_6806,61.22015022,61.22015022,61.22015022,61.22015022
t_6807,63.63913675,63.63913675,63.63913675,63.63913675
t_6808,66.74139371,66.74139371,66.74139371,66.74139371
t_6809,70.31870302,70.31870302,70.31870302,70.31870302
t_6810,74.1315774,74.1315774,74.1315774,74.1315774
t_6811,77.92570484,77.92570484,77.92570484,77.92570484
t_6812,81.44931859,81.44931859,81.44931859,81.44931859
t_6813,84.47030666,84.47030666,84.47030666,84.47030666
t_6814,86.79189793,86.79189793,86.79189793,86.79189793
t_6815,88.2658655,88.2658655,88.2658655,88.2658655
t_6816,88.80236133,88.80236133,88.80236133,88.80236133
t_6817,88.37573069,88.37573069,88.37573069,88.37573069
t_6818,87.02593119,87.02593119,87.02593119,87.02593119
t_6819,84.85548229,84.85548229,84.85548229,84.85548229
t_6820,82.02217572,82.02217572,82.02217572,82.02217572
t_6821,78.72806399,78.72806399,78.72806399,78.72806399
t_6822,75.20549517,75.20549517,75.20549517,75.20549517
t_6823,71.70115882,71.70115882,71.70115882,71.70115882
t_6824,68.45923806,68.45923806,68.45923806,68.45923806
t_6825,65.70481847,65.70481847,65.70481847,65.70481847
t_6826,63.62868051,63.62868051,63.62868051,63.62868051
t_6827,62.37450271,62.37450271,62.37450271,62.37450271
t_6828,62.02933329,62.02933329,62.02933329,62.02933329
t_6829,62.61796143,62.61796143,62.61796143,62.61796143
t_6830,64.10155074,64.10155074,64.10155074,64.10155074
t_6831,66.38060592,66.38060592,66.38060592,66.38060592
t_6832,69.30204849,69.30204849,69.30204849,69.30204849
t_6833,72.66989924,72.66989924,72.66989924,72.66989924
t_6834,76.25882249,76.25882249,76.25882249,76.25882249
t_6835,79.8295964,79.8295964,79.8295964,79.8295964
t_6836,83.14544756,83.14544756,83.14544756,83.14544756
t_6837,85.98813491,85.98813491,85.98813491,85.98813491
t_6838,88.17269068,88.17269068,88.17269068,88.17269068
t_6839,89.5598233,89.5598233,89.5598233,89.5598233
t_6840,90.06515107,90.06515107,90.06515107,90.06515107
t_6841,89.66465544,89.66465544,89.66465544,89.66465544
t_6842,88.39600261,88.39600261,88.39600261,88.39600261
t_6843,86.35566522,86.35566522,86.35566522,86.35566522
t_6844,83.69206147,83.69206147,83.69206147,83.69206147
t_6845,80.59519859,80.59519859,80.59519859,80.59519859
t_6846,77.2835429,77.2835429,77.2835429,77.2835429
t_6847,73.98902321,73.98902321,73.98902321,73.98902321
t_6848,70.94119649,70.94119649,70.94119649,70.94119649
t_6849,68.35165648,68.35165648,68.35165648,68.35165648
t_6850,66.3997436,66.3997436,66.3997436,66.3997436
t_6851,65.2205206,65.2205206,65.2205206,65.2205206
t_6852,64.89581958,64.89581958,64.89581958,64.89581958
t_6853,65.44895277,65.44895277,65.44895277,65.44895277
t_6854,66.84342774,66.84342774,66.84342774,66.84342774
t_6855,68.98573357,68.98573357,68.98573357,68.98573357
t_6856,71.7319877,71.7319877,71.7319877,71.7319877
t_6857,74.89797187,74.89797187,74.89797187,74.89797187
t_6858,78.27185767,78.27185767,78.27185767,78.27185767
t_6859,81.62874317,81.62874317,81.62874317,81.62874317
t_6860,84.7460037,84.7460037,84.7460037,84.7460037
t_6861,87.41840923,87.41840923,87.41840923,87.41840923
t_6862,89.4719828,89.4719828,89.4719828,89.4719828
t_6863,90.7756645,90.7756645,90.7756645,90.7756645
t_6864,91.25,91.25,91.25,91.25
t_6865,90.87227833,90.87227833,90.87227833,90.87227833
t_6866,89.67778819,89.67778819,89.67778819,89.67778819
t_6867,87.757127,87.757127,87.757127,87.757127
t_6868,85.2497658,85.2497658,85.2497658,85.2497658
t_6869,82.33432597,82.33432597,82.33432597,82.33432597
t_6870,79.2162451,79.2162451,79.2162451,79.2162451
t_6871,76.1136831,76.1136831,76.1136831,76.1136831
t_6872,73.24263467,73.24263467,73.24263467,73.24263467
t_6873,70.80226359,70.80226359,70.80226359,70.80226359
t_6874,68.96145373,68.96145373,68.96145373,68.96145373
t_6875,67.84748428,67.84748428,67.84748428,67.84748428
t_6876,67.53758764,67.53758764,67.53758764,67.53758764
t_6877,68.05394911,68.05394911,68.05394911,68.05394911
t_6878,69.36247067,69.36247067,69.36247067,69.36247067
t_6879,71.3753642,71.3753642,71.3753642,71.3753642
t_6880,73.95737888,73.95737888,73.95737888,73.95737888
t_6881,76.93522206,76.93522206,76.93522206,76.93522206
t_6882,80.10951786,80.10951786,80.10951786,80.10951786
t_6883,83.26847899,83.26847899,83.26847899,83.26847899
t_6884,86.20235491,86.20235491,86.20235491,86.20235491
t_6885,88.71767146,88.71767146,88.71767146,88.71767146
t_6886,90.65029596,90.65029596,90.65029596,90.65029596
t_6887,91.8764464,91.8764464,91.8764464,91.8764464
t_6888,92.32090707,92.32090707,92.32090707,92.32090707
t_6889,91.96190635,91.96190635,91.96190635,91.96190635
t_6890,90.83234152,90.83234152,90.83234152,90.83234152
t_6891,89.01728492,89.01728492,89.01728492,89.01728492
t_6892,86.64795866,86.64795866,86.64795866,86.64795866
t_6893,83.89260362,83.89260362,83.89260362,83.89260362
t_6894,80.9448776,80.9448776,80.9448776,80.9448776
t_6895,78.01058177,78.01058177,78.01058177,78.01058177
t_6896,75.29362457,75.29362457,75.29362457,75.29362457
t_6897,72.98217933,72.98217933,72.98217933,72.98217933
t_6898,71.23597465,71.23597465,71.23597465,71.23597465
t_6899,70.17557478,70.17557478,70.17557478,70.17557478
t_6900,69.87436867,69.87436867,69.87436867,69.87436867
t_6901,70.35379894,70.35379894,70.35379894,70.35379894
t_6902,71.58213969,71.58213969,71.58213969,71.58213969
t_6903,73.47689009,73.47689009,73.47689009,73.47689009
t_6904,75.91060462,75.91060462,75.91060462,75.91060462
t_6905,78.71974898,78.71974898,78.71974898,78.71974898
t_6906,81.71596671,81.71596671,81.71596671,81.71596671
t_6907,84.69898131,84.69898131,84.69898131,84.69898131
t_6908,87.47025071,87.47025071,87.47025071,87.47025071
t_6909,89.84644418,89.84644418,89.84644418,89.84644418
t_6910,91.67182773,91.67182773,91.67182773,91.67182773
t_6911,92.8287223,92.8287223,92.8287223,92.8287223
t_6912,93.24533332,93.24533332,93.24533332,93.24533332
t_6913,92.90043171,92.90043171,92.90043171,92.90043171
t_6914,91.82458209,91.82458209,91.82458209,91.82458209
t_6915,90.09784972,90.09784972,90.09784972,90.09784972
t_6916,87.84415665,87.84415665,87.84415665,87.84415665
t_6917,85.22268405,85.22268405,85.22268405,85.22268405
t_6918,82.41691675,82.41691675,82.41691675,82.41691675
t_6919,79.62208292,79.62208292,79.62208292,79.62208292
t_6920,77.03184789,77.03184789,77.03184789,77.03184789
t_6921,74.82516808,74.82516808,74.82516808,74.82516808
t_6922,73.15419619,73.15419619,73.15419619,73.15419619
t_6923,72.13405426,72.13405426,72.13405426,72.13405426
t_6924,71.83516078,71.83516078,71.83516078,71.83516078
t_6925,72.27862249,72.27862249,72.27862249,72.27862249
t_6926,73.43499127,73.43499127,73.43499127,73.43499127
t_6927,75.22645744,75.22645744,75.22645744,75.22645744
t_6928,77.53231717,77.53231717,77.53231717,77.53231717
t_6929,80.19733069,80.19733069,80.19733069,80.19733069
t_6930,83.04239307,83.04239307,83.04239307,83.04239307
t_6931,85.87678504,85.87678504,85.87678504,85.87678504
t_6932,88.51116672,88.51116672,88.51116672,88.51116672
t_6933,90.7704302,90.7704302,90.7704302,90.7704302
t_6934,92.50553936,92.50553936,92.50553936,92.50553936
t_6935,93.60355776,93.60355776,93.60355776,93.60355776
t_6936,93.99519053,93.99519053,93.99519053,93.99519053
t_6937,93.65933778,93.65933778,93.65933778,93.65933778
t_6938,92.62436116,92.62436116,92.62436116,92.62436116
t_6939,90.96598899,90.96598899,90.96598899,90.96598899
t_6940,88.80201391,88.80201391,88.80201391,88.80201391
t_6941,86.28415346,86.28415346,86.28415346,86.28415346
t_6942,83.58763541,83.58763541,83.58763541,83.58763541
t_6943,80.89922189,80.89922189,80.89922189,80.89922189
t_6944,78.4044896,78.4044896,78.4044896,78.4044896
t_6945,76.27523154,76.27523154,76.27523154,76.27523154
t_6946,74.65783415,74.65783415,74.65783415,74.65783415
t_6947,73.66341529,73.66341529,73.66341529,73.66341529
t_6948,73.36038627,73.36038627,73.36038627,73.36038627
t_6949,73.76993497,73.76993497,73.76993497,73.76993497
t_6950,74.86472747,74.86472747,74.86472747,74.86472747
t_6951,76.57090654,76.57090654,76.57090654,76.57090654
t_6952,78.7732416,78.7732416,78.7732416,78.7732416
t_6953,81.32307162,81.32307162,81.32307162,81.32307162
t_6954,84.04849416,84.04849416,84.04849416,84.04849416
t_6955,86.76610321,86.76610321,86.76610321,86.76610321
t_6956,89.29347524,89.29347524,89.29347524,89.29347524
t_6957,91.46155466,91.46155466,91.46155466,91.46155466
t_6958,93.12609896,93.12609896,93.12609896,93.12609896
t_6959,94.17740982,94.17740982,94.17740982,94.17740982
t_6960,94.54769466,94.54769466,94.54769466,94.54769466
t_6961,94.2155656,94.2155656,94.2155656,94.2155656
t_6962,93.20737786,93.20737786,93.20737786,93.20737786
t_6963,91.59532476,91.59532476,91.59532476,91.59532476
t_6964,89.49242644,89.49242644,89.49242644,89.49242644
t_6965,87.04475962,87.04475962,87.04475962,87.04475962
t_6966,84.42146188,84.42146188,84.42146188,84.42146188
t_6967,81.80319348,81.80319348,81.80319348,81.80319348
t_6968,79.36984268,79.36984268,79.36984268,79.36984268
t_6969,77.28831027,77.28831027,77.28831027,77.28831027
t_6970,75.70120126,75.70120126,75.70120126,75.70120126
t_6971,74.71718904,74.71718904,74.71718904,74.71718904
t_6972,74.40370196,74.40370196,74.40370196,74.40370196
t_6973,74.78242361,74.78242361,74.78242361,74.78242361
t_6974,75.82790645,75.82790645,75.82790645,75.82790645
t_6975,77.46938698,77.46938698,77.46938698,77.46938698
t_6976,79.59567306,79.59567306,79.59567306,79.59567306
t_6977,82.06276669,82.06276669,82.06276669,82.06276669
t_6978,84.70370009,84.70370009,84.70370009,84.70370009
t_6979,87.33991434,87.33991434,87.33991434,87.33991434
t_6980,89.79340622,89.79340622,89.79340622,89.79340622
t_6981,91.89881811,91.89881811,91.89881811,91.89881811
t_6982,93.51465114,93.51465114,93.51465114,93.51465114
t_6983,94.53284225,94.53284225,94.53284225,94.53284225
t_6984,94.88605815,94.88605815,94.88605815,94.88605815
t_6985,94.55221445,94.55221445,94.55221445,94.55221445
t_6986,93.55591751,93.55591751,93.55591751,93.55591751
t_6987,91.96673497,91.96673497,91.96673497,91.96673497
t_6988,89.89441639,89.89441639,89.89441639,89.89441639
t_6989,87.48139191,87.48139191,87.48139191,87.48139191
t_6990,84.89306077,84.89306077,84.89306077,84.89306077
t_6991,82.30653095,82.30653095,82.30653095,82.30653095
t_6992,79.89857537,79.89857537,79.89857537,79.89857537
t_6993,77.8336224,77.8336224,77.8336224,77.8336224
t_6994,76.25259533,76.25259533,76.25259533,76.25259533
t_6995,75.2633571,75.2633571,75.2633571,75.2633571
t_6996,74.93340722,74.93340722,74.93340722,74.93340722
t_6997,75.28532445,75.28532445,75.28532445,75.28532445
t_6998,76.29526253,76.29526253,76.29526253,76.29526253
t_6999,77.89459888,77.89459888,77.89459888,77.89459888
t_7000,79.97462237,79.97462237,79.97462237,79.97462237
t_7001,82.39394065,82.39394065,82.39394065,82.39394065
t_7002,84.98810277,84.98810277,84.98810277,84.98810277
t_7003,87.58078347,87.58078347,87.58078347,87.58078347
t_7004,89.9957695,89.9957695,89.9957695,89.9957695
t_7005,92.06893451,92.06893451,92.06893451,92.06893451
t_7006,93.65938993,93.65938993,93.65938993,93.65938993
t_7007,94.65905544,94.65905544,94.65905544,94.65905544
t_7008,95.0,95.0,95.0,95.0
t_7009,87.04466741,87.04466741,87.04466741,87.04466741
t_7010,85.60920285,85.60920285,85.60920285,85.60920285
t_7011,83.30216052,83.30216052,83.30216052,83.30216052
t_7012,80.29084719,80.29084719,80.29084719,80.29084719
t_7013,76.78965409,76.78965409,76.78965409,76.78965409
t_7014,73.04524234,73.04524234,73.04524234,73.04524234
t_7015,69.31960553,69.31960553,69.31960553,69.31960553
t_7016,65.87217243,65.87217243,65.87217243,65.87217243
t_7017,62.94217238,62.94217238,62.94217238,62.94217238
t_7018,60.73246182,60.73246182,60.73246182,60.73246182
t_7019,59.39590542,59.39590542,59.39590542,59.39590542
t_7020,59.0252255,59.0252255,59.0252255,59.0252255
t_7021,59.64699332,59.64699332,59.64699332,59.64699332
t_7022,61.22015022,61.22015022,61.22015022,61.22015022
t_7023,63.63913675,63.63913675,63.63913675,63.63913675
t_7024,66.74139371,66.74139371,66.74139371,66.74139371
t_7025,70.31870302,70.31870302,70.31870302,70.31870302
t_7026,74.1315774,74.1315774,74.1315774,74.1315774
t_7027,77.92570484,77.92570484,77.92570484,77.92570484
t_7028,81.44931859,81.44931859,81.44931859,81.44931859
t_7029,84.47030666,84.47030666,84.47030666,84.47030666
t_7030,86.79189793,86.79189793,86.79189793,86.79189793
t_7031,88.2658655,88.2658655,88.2658655,88.2658655
t_7032,88.80236133,88.80236133,88.80236133,88.80236133
t_7033,88.37573069,88.37573069,88.37573069,88.37573069
t_7034,87.02593119,87.02593119,87.02593119,87.02593119
t_7035,84.85548229,84.85548229,84.85548229,84.85548229
t_7036,82.02217572,82.02217572,82.02217572,82.02217572
t_7037,78.72806399,78.72806399,78.72806399,78.72806399
t_7038,75.20549517,75.20549517,75.20549517,75.20549517
t_7039,71.70115882,71.70115882,71.70115882,71.70115882
t_7040,68.45923806,68.45923806,68.45923806,68.45923806
t_7041,65.70481847,65.70481847,65.70481847,65.70481847
t_7042,63.62868051,63.62868051,63.62868051,63.62868051
t_7043,62.37450271,62.37450271,62.37450271,62.37450271
t_7044,62.02933329,62.02933329,62.02933329,62.02933329
t_7045,62.61796143,62.61796143,62.61796143,62.61796143
t_7046,64.10155074,64.10155074,64.10155074,64.10155074
t_7047,66.38060592,66.38060592,66.38060592,66.38060592
t_7048,69.30204849,69.30204849,69.30204849,69.30204849
t_7049,72.66989924,72.66989924,72.66989924,72.66989924
t_7050,76.25882249,76.25882249,76.25882249,76.25882249
t_7051,79.8295964,79.8295964,79.8295964,79.8295964
t_7052,83.14544756,83.14544756,83.14544756,83.14544756
t_7053,85.98813491,85.98813491,85.98813491,85.98813491
t_7054,88.17269068,88.17269068,88.17269068,88.17269068
t_7055,89.5598233,89.5598233,89.5598233,89.5598233
t_7056,90.06515107,90.06515107,90.06515107,90.06515107
t_7057,89.66465544,89.66465544,89.66465544,89.66465544
t_7058,88.39600261,88.39600261,88.39600261,88.39600261
t_7059,86.35566522,86.35566522,86.35566522,86.35566522
t_7060,83.69206147,83.69206147,83.69206147,83.69206147
t_7061,80.59519859,80.59519859,80.59519859,80.59519859
t_7062,77.2835429,77.2835429,77.2835429,77.2835429
t_7063,73.98902321,73.98902321,73.98902321,73.98902321
t_7064,70.94119649,70.94119649,70.94119649,70.94119649
t_7065,68.35165648,68.35165648,68.35165648,68.35165648
t_7066,66.3997436,66.3997436,66.3997436,66.3997436
t_7067,65.2205206,65.2205206,65.2205206,65.2205206
t_7068,64.89581958,64.89581958,64.89581958,64.89581958
t_7069,65.44895277,65.44895277,65.44895277,65.44895277
t_7070,66.84342774,66.84342774,66.84342774,66.84342774
t_7071,68.98573357,68.98573357,68.98573357,68.98573357
t_7072,71.7319877,71.7319877,71.7319877,71.7319877
t_7073,74.89797187,74.89797187,74.89797187,74.89797187
t_7074,78.27185767,78.27185767,78.27185767,78.27185767
t_7075,81.62874317,81.62874317,81.62874317,81.62874317
t_7076,84.7460037,84.7460037,84.7460037,84.7460037
t_7077,87.41840923,87.41840923,87.41840923,87.41840923
t_7078,89.4719828,89.4719828,89.4719828,89.4719828
t_7079,90.7756645,90.7756645,90.7756645,90.7756645
t_7080,91.25,91.25,91.25,91.25
t_7081,90.87227833,90.87227833,90.87227833,90.87227833
t_7082,89.67778819,89.67778819,89.67778819,89.67778819
t_7083,87.757127,87.757127,87.757127,87.757127
t_7084,85.2497658,85.2497658,85.2497658,85.2497658
t_7085,82.33432597,82.33432597,82.33432597,82.33432597
t_7086,79.2162451,79.2162451,79.2162451,79.2162451
t_7087,76.1136831,76.1136831,76.1136831,76.1136831
t_7088,73.24263467,73.24263467,73.24263467,73.24263467
t_7089,70.80226359,70.80226359,70.80226359,70.80226359
t_7090,68.96145373,68.96145373,68.96145373,68.96145373
t_7091,67.84748428,67.84748428,67.84748428,67.84748428
t_7092,67.53758764,67.53758764,67.53758764,67.53758764
t_7093,68.05394911,68.05394911,68.05394911,68.05394911
t_7094,69.36247067,69.36247067,69.36247067,69.36247067
t_7095,71.3753642,71.3753642,71.3753642,71.3753642
t_7096,73.95737888,73.95737888,73.95737888,73.95737888
t_7097,76.93522206,76.93522206,76.93522206,76.93522206
t_7098,80.10951786,80.10951786,80.10951786,80.10951786
t_7099,83.26847899,83.26847899,83.26847899,83.26847899
t_7100,86.20235491,86.20235491,86.20235491,86.20235491
t_7101,88.71767146,88.71767146,88.71767146,88.71767146
t_7102,90.65029596,90.65029596,90.65029596,90.65029596
t_7103,91.8764464,91.8764464,91.8764464,91.8764464
t_7104,92.32090707,92.32090707,92.32090707,92.32090707
t_7105,91.96190635,91.96190635,91.96190635,91.96190635
t_7106,90.83234152,90.83234152,90.83234152,90.83234152
t_7107,89.01728492,89.01728492,89.01728492,89.01728492
t_7108,86.64795866,86.64795866,86.64795866,86.64795866
t_7109,83.89260362,83.89260362,83.89260362,83.89260362
t_7110,80.9448776,80.9448776,80.9448776,80.9448776
t_7111,78.01058177,78.01058177,78.01058177,78.01058177
t_7112,75.29362457,75.29362457,75.29362457,75.29362457
t_7113,72.98217933,72.98217933,72.98217933,72.98217933
t_7114,71.23597465,71.23597465,71.23597465,71.23597465
t_7115,70.17557478,70.17557478,70.17557478,70.17557478
t_7116,69.87436867,69.87436867,69.87436867,69.87436867
t_7117,70.35379894,70.35379894,70.35379894,70.35379894
t_7118,71.58213969,71.58213969,71.58213969,71.58213969
t_7119,73.47689009,73.47689009,73.47689009,73.47689009
t_7120,75.91060462,75.91060462,75.91060462,75.91060462
t_7121,78.71974898,78.71974898,78.71974898,78.71974898
t_7122,81.71596671,81.71596671,81.71596671,81.71596671
t_7123,84.69898131,84.69898131,84.69898131,84.69898131
t_7124,87.47025071,87.47025071,87.47025071,87.47025071
t_7125,89.84644418,89.84644418,89.84644418,89.84644418
t_7126,91.67182773,91.67182773,91.67182773,91.67182773
t_7127,92.8287223,92.8287223,92.8287223,92.8287223
t_7128,93.24533332,93.24533332,93.24533332,93.24533332
t_7129,92.90043171,92.90043171,92.90043171,92.90043171
t_7130,91.82458209,91.82458209,91.82458209,91.82458209
t_7131,90.09784972,90.09784972,90.09784972,90.09784972
t_7132,87.84415665,87.84415665,87.84415665,87.84415665
t_7133,85.22268405,85.22268405,85.22268405,85.22268405
t_7134,82.41691675,82.41691675,82.41691675,82.41691675
t_7135,79.62208292,79.62208292,79.62208292,79.62208292
t_7136,77.03184789,77.03184789,77.03184789,77.03184789
t_7137,74.82516808,74.82516808,74.82516808,74.82516808
t_7138,73.15419619,73.15419619,73.15419619,73.15419619
t_7139,72.13405426,72.13405426,72.13405426,72.13405426
t_7140,71.83516078,71.83516078,71.83516078,71.83516078
t_7141,72.27862249,72.27862249,72.27862249,72.27862249
t_7142,73.43499127,73.43499127,73.43499127,73.43499127
t_7143,75.22645744,75.22645744,75.22645744,75.22645744
t_7144,77.53231717,77.53231717,77.53231717,77.53231717
t_7145,80.19733069,80.19733069,80.19733069,80.19733069
t_7146,83.04239307,83.04239307,83.04239307,83.04239307
t_7147,85.87678504,85.87678504,85.87678504,85.87678504
t_7148,88.51116672,88.51116672,88.51116672,88.51116672
t_7149,90.7704302,90.7704302,90.7704302,90.7704302
t_7150,92.50553936,92.50553936,92.50553936,92.50553936
t_7151,93.60355776,93.60355776,93.60355776,93.60355776
t_7152,93.99519053,93.99519053,93.99519053,93.99519053
t_7153,93.65933778,93.65933778,93.65933778,93.65933778
t_7154,92.62436116,92.62436116,92.62436116,92.62436116
t_7155,90.96598899,90.96598899,90.96598899,90.96598899
t_7156,88.80201391,88.80201391,88.80201391,88.80201391
t_7157,86.28415346,86.28415346,86.28415346,86.28415346
t_7158,83.58763541,83.58763541,83.58763541,83.58763541
t_7159,80.89922189,80.89922189,80.89922189,80.89922189
t_7160,78.4044896,78.4044896,78.4044896,78.4044896
t_7161,76.27523154,76.27523154,76.27523154,76.27523154
t_7162,74.65783415,74.65783415,74.65783415,74.65783415
t_7163,73.66341529,73.66341529,73.66341529,73.66341529
t_7164,73.36038627,73.36038627,73.36038627,73.36038627
t_7165,73.76993497,73.76993497,73.76993497,73.76993497
t_7166,74.86472747,74.86472747,74.86472747,74.86472747
t_7167,76.57090654,76.57090654,76.57090654,76.57090654
t_7168,78.7732416,78.7732416,78.7732416,78.7732416
t_7169,81.32307162,81.32307162,81.32307162,81.32307162
t_7170,84.04849416,84.04849416,84.04849416,84.04849416
t_7171,86.76610321,86.76610321,86.76610321,86.76610321
t_7172,89.29347524,89.29347524,89.29347524,89.29347524
t_7173,91.46155466,91.46155466,91.46155466,91.46155466
t_7174,93.12609896,93.12609896,93.12609896,93.12609896
t_7175,94.17740982,94.17740982,94.17740982,94.17740982
t_7176,94.54769466,94.54769466,94.54769466,94.54769466
t_7177,94.2155656,94.2155656,94.2155656,94.2155656
t_7178,93.20737786,93.20737786,93.20737786,93.20737786
t_7179,91.59532476,91.59532476,91.59532476,91.59532476
t_7180,89.49242644,89.49242644,89.49242644,89.49242644
t_7181,87.04475962,87.04475962,87.04475962,87.04475962
t_7182,84.42146188,84.42146188,84.42146188,84.42146188
t_7183,81.80319348,81.80319348,81.80319348,81.80319348
t_7184,79.36984268,79.36984268,79.36984268,79.36984268
t_7185,77.28831027,77.28831027,77.28831027,77.28831027
t_7186,75.70120126,75.70120126,75.70120126,75.70120126
t_7187,74.71718904,74.71718904,74.71718904,74.71718904
t_7188,74.40370196,74.40370196,74.40370196,74.40370196
t_7189,74.78242361,74.78242361,74.78242361,74.78242361
t_7190,75.82790645,75.82790645,75.82790645,75.82790645
t_7191,77.46938698,77.46938698,77.46938698,77.46938698
t_7192,79.59567306,79.59567306,79.59567306,79.59567306
t_7193,82.06276669,82.06276669,82.06276669,82.06276669
t_7194,84.70370009,84.70370009,84.70370009,84.70370009
t_7195,87.33991434,87.33991434,87.33991434,87.33991434
t_7196,89.79340622,89.79340622,89.79340622,89.79340622
t_7197,91.89881811,91.89881811,91.89881811,91.89881811
t_7198,93.51465114,93.51465114,93.51465114,93.51465114
t_7199,94.53284225,94.53284225,94.53284225,94.53284225
t_7200,94.88605815,94.88605815,94.88605815,94.88605815
t_7201,94.55221445,94.55221445,94.55221445,94.55221445
t_7202,93.55591751,93.55591751,93.55591751,93.55591751
t_7203,91.96673497,91.96673497,91.96673497,91.96673497
t_7204,89.89441639,89.89441639,89.89441639,89.89441639
t_7205,87.48139191,87.48139191,87.48139191,87.48139191
t_7206,84.89306077,84.89306077,84.89306077,84.89306077
t_7207,82.30653095,82.30653095,82.30653095,82.30653095
t_7208,79.89857537,79.89857537,79.89857537,79.89857537
t_7209,77.8336224,77.8336224,77.8336224,77.8336224
t_7210,76.25259533,76.25259533,76.25259533,76.25259533
t_7211,75.2633571,75.2633571,75.2633571,75.2633571
t_7212,74.93340722,74.93340722,74.93340722,74.93340722
t_7213,75.28532445,75.28532445,75.28532445,75.28532445
t_7214,76.29526253,76.29526253,76.29526253,76.29526253
t_7215,77.89459888,77.89459888,77.89459888,77.89459888
t_7216,79.97462237,79.97462237,79.97462237,79.97462237
t_7217,82.39394065,82.39394065,82.39394065,82.39394065
t_7218,84.98810277,84.98810277,84.98810277,84.98810277
t_7219,87.58078347,87.58078347,87.58078347,87.58078347
t_7220,89.9957695,89.9957695,89.9957695,89.9957695
t_7221,92.06893451,92.06893451,92.06893451,92.06893451
t_7222,93.65938993,93.65938993,93.65938993,93.65938993
t_7223,94.65905544,94.65905544,94.65905544,94.65905544
t_7224,95.0,95.0,95.0,95.0
t_7225,87.04466741,87.04466741,87.04466741,87.04466741
t_7226,85.60920285,85.60920285,85.60920285,85.60920285
t_7227,83.30216052,83.30216052,83.30216052,83.30216052
t_7228,80.29084719,80.29084719,80.29084719,80.29084719
t_7229,76.78965409,76.78965409,76.78965409,76.78965409
t_7230,73.04524234,73.04524234,73.04524234,73.04524234
t_7231,69.31960553,69.31960553,69.31960553,69.31960553
t_7232,65.87217243,65.87217243,65.87217243,65.87217243
t_7233,62.94217238,62.94217238,62.94217238,62.94217238
t_7234,60.73246182,60.73246182,60.73246182,60.73246182
t_7235,59.39590542,59.39590542,59.39590542,59.39590542
t_7236,59.0252255,59.0252255,59.0252255,59.0252255
t_7237,59.64699332,59.64699332,59.64699332,59.64699332
t_7238,61.22015022,61.22015022,61.22015022,61.22015022
t_7239,63.63913675,63.63913675,63.63913675,63.63913675
t_7240,66.74139371,66.74139371,66.74139371,66.74139371
t_7241,70.31870302,70.31870302,70.31870302,70.31870302
t_7242,74.1315774,74.1315774,74.1315774,74.1315774
t_7243,77.92570484,77.92570484,77.92570484,77.92570484
t_7244,81.44931859,81.44931859,81.44931859,81.44931859
t_7245,84.47030666,84.47030666,84.47030666,84.47030666
t_7246,86.79189793,86.79189793,86.79189793,86.79189793
t_7247,88.2658655,88.2658655,88.2658655,88.2658655
t_7248,88.80236133,88.80236133,88.80236133,88.80236133
t_7249,88.37573069,88.37573069,88.37573069,88.37573069
t_7250,87.02593119,87.02593119,87.02593119,87.02593119
t_7251,84.85548229,84.85548229,84.85548229,84.85548229
t_7252,82.02217572,82.02217572,82.02217572,82.02217572
t_7253,78.72806399,78.72806399,78.72806399,78.72806399
t_7254,75.20549517,75.20549517,75.20549517,75.20549517
t_7255,71.70115882,71.70115882,71.70115882,71.70115882
t_7256,68.45923806,68.45923806,68.45923806,68.45923806
t_7257,65.70481847,65.70481847,65.70481847,65.70481847
t_7258,63.62868051,63.62868051,63.62868051,63.62868051
t_7259,62.37450271,62.37450271,62.37450271,62.37450271
t_7260,62.02933329,62.02933329,62.02933329,62.02933329
t_7261,62.61796143,62.61796143,62.61796143,62.61796143
t_7262,64.10155074,64.10155074,64.10155074,64.10155074
t_7263,66.38060592,66.38060592,66.38060592,66.38060592
t_7264,69.30204849,69.30204849,69.30204849,69.30204849
t_7265,72.66989924,72.66989924,72.66989924,72.66989924
t_7266,76.25882249,76.25882249,76.25882249,76.25882249
t_7267,79.8295964,79.8295964,79.8295964,79.8295964
t_7268,83.14544756,83.14544756,83.14544756,83.14544756
t_7269,85.98813491,85.98813491,85.98813491,85.98813491
t_7270,88.17269068,88.17269068,88.17269068,88.17269068
t_7271,89.5598233,89.5598233,89.5598233,89.5598233
t_7272,90.06515107,90.06515107,90.06515107,90.06515107
t_7273,89.66465544,89.66465544,89.66465544,89.66465544
t_7274,88.39600261,88.39600261,88.39600261,88.39600261
t_7275,86.35566522,86.35566522,86.35566522,86.35566522
t_7276,83.69206147,83.69206147,83.69206147,83.69206147
t_7277,80.59519859,80.59519859,80.59519859,80.59519859
t_7278,77.2835429,77.2835429,77.2835429,77.2835429
t_7279,73.98902321,73.98902321,73.98902321,73.98902321
t_7280,70.94119649,70.94119649,70.94119649,70.94119649
t_7281,68.35165648,68.35165648,68.35165648,68.35165648
t_7282,66.3997436,66.3997436,66.3997436,66.3997436
t_7283,65.2205206,65.2205206,65.2205206,65.2205206
t_7284,64.89581958,64.89581958,64.89581958,64.89581958
t_7285,65.44895277,65.44895277,65.44895277,65.44895277
t_7286,66.84342774,66.84342774,66.84342774,66.84342774
t_7287,68.98573357,68.98573357,68.98573357,68.98573357
t_7288,71.7319877,71.7319877,71.7319877,71.7319877
t_7289,74.89797187,74.89797187,74.89797187,74.89797187
t_7290,78.27185767,78.27185767,78.27185767,78.27185767
t_7291,81.62874317,81.62874317,81.62874317,81.62874317
t_7292,84.7460037,84.7460037,84.7460037,84.7460037
t_7293,87.41840923,87.41840923,87.41840923,87.41840923
t_7294,89.4719828,89.4719828,89.4719828,89.4719828
t_7295,90.7756645,90.7756645,90.7756645,90.7756645
t_7296,91.25,91.25,91.25,91.25
t_7297,90.87227833,90.87227833,90.87227833,90.87227833
t_7298,89.67778819,89.67778819,89.67778819,89.67778819
t_7299,87.757127,87.757127,87.757127,87.757127
t_7300,85.2497658,85.2497658,85.2497658,85.2497658
t_7301,82.33432597,82.33432597,82.33432597,82.33432597
t_7302,79.2162451,79.2162451,79.2162451,79.2162451
t_7303,76.1136831,76.1136831,76.1136831,76.1136831
t_7304,73.24263467,73.24263467,73.24263467,73.24263467
t_7305,70.80226359,70.80226359,70.80226359,70.80226359
t_7306,68.96145373,68.96145373,68.96145373,68.96145373
t_7307,67.84748428,67.84748428,67.84748428,67.84748428
t_7308,67.53758764,67.53758764,67.53758764,67.53758764
t_7309,68.05394911,68.05394911,68.05394911,68.05394911
t_7310,69.36247067,69.36247067,69.36247067,69.36247067
t_7311,71.3753642,71.3753642,71.3753642,71.3753642
t_7312,73.95737888,73.95737888,73.95737888,73.95737888
t_7313,76.93522206,76.93522206,76.93522206,76.93522206
t_7314,80.10951786,80.10951786,80.10951786,80.10951786
t_7315,83.26847899,83.26847899,83.26847899,83.26847899
t_7316,86.20235491,86.20235491,86.20235491,86.20235491
t_7317,88.71767146,88.71767146,88.71767146,88.71767146
t_7318,90.65029596,90.65029596,90.65029596,90.65029596
t_7319,91.8764464,91.8764464,91.8764464,91.8764464
t_7320,92.32090707,92.32090707,92.32090707,92.32090707
t_7321,91.96190635,91.96190635,91.96190635,91.96190635
t_7322,90.83234152,90.83234152,90.83234152,90.83234152
t_7323,89.01728492,89.01728492,89.01728492,89.01728492
t_7324,86.64795866,86.64795866,86.64795866,86.64795866
t_7325,83.89260362,83.89260362,83.89260362,83.89260362
t_7326,80.9448776,80.9448776,80.9448776,80.9448776
t_7327,78.01058177,78.01058177,78.01058177,78.01058177
t_7328,75.29362457,75.29362457,75.29362457,75.29362457
t_7329,72.98217933,72.98217933,72.98217933,72.98217933
t_7330,71.23597465,71.23597465,71.23597465,71.23597465
t_7331,70.17557478,70.17557478,70.17557478,70.17557478
t_7332,69.87436867,69.87436867,69.87436867,69.87436867
t_7333,70.35379894,70.35379894,70.35379894,70.35379894
t_7334,71.58213969,71.58213969,71.58213969,71.58213969
t_7335,73.47689009,73.47689009,73.47689009,73.47689009
t_7336,75.91060462,75.91060462,75.91060462,75.91060462
t_7337,78.71974898,78.71974898,78.71974898,78.71974898
t_7338,81.71596671,81.71596671,81.71596671,81.71596671
t_7339,84.69898131,84.69898131,84.69898131,84.69898131
t_7340,87.47025071,87.47025071,87.47025071,87.47025071
t_7341,89.84644418,89.84644418,89.84644418,89.84644418
t_7342,91.67182773,91.67182773,91.67182773,91.67182773
t_7343,92.8287223,92.8287223,92.8287223,92.8287223
t_7344,93.24533332,93.24533332,93.24533332,93.24533332
t_7345,92.90043171,92.90043171,92.90043171,92.90043171
t_7346,91.82458209,91.82458209,91.82458209,91.82458209
t_7347,90.09784972,90.09784972,90.09784972,90.09784972
t_7348,87.84415665,87.84415665,87.84415665,87.84415665
t_7349,85.22268405,85.22268405,85.22268405,85.22268405
t_7350,82.41691675,82.41691675,82.41691675,82.41691675
t_7351,79.62208292,79.62208292,79.62208292,79.62208292
t_7352,77.03184789,77.03184789,77.03184789,77.03184789
t_7353,74.82516808,74.82516808,74.82516808,74.82516808
t_7354,73.15419619,73.15419619,73.15419619,73.15419619
t_7355,72.13405426,72.13405426,72.13405426,72.13405426
t_7356,71.83516078,71.83516078,71.83516078,71.83516078
t_7357,72.27862249,72.27862249,72.27862249,72.27862249
t_7358,73.43499127,73.43499127,73.43499127,73.43499127
t_7359,75.22645744,75.22645744,75.22645744,75.22645744
t_7360,77.53231717,77.53231717,77.53231717,77.53231717
t_7361,80.19733069,80.19733069,80.19733069,80.19733069
t_7362,83.04239307,83.04239307,83.04239307,83.04239307
t_7363,85.87678504,85.87678504,85.87678504,85.87678504
t_7364,88.51116672,88.51116672,88.51116672,88.51116672
t_7365,90.7704302,90.7704302,90.7704302,90.7704302
t_7366,92.50553936,92.50553936,92.50553936,92.50553936
t_7367,93.60355776,93.60355776,93.60355776,93.60355776
t_7368,93.99519053,93.99519053,93.99519053,93.99519053
t_7369,93.65933778,93.65933778,93.65933778,93.65933778
t_7370,92.62436116,92.62436116,92.62436116,92.62436116
t_7371,90.96598899,90.96598899,90.96598899,90.96598899
t_7372,88.80201391,88.80201391,88.80201391,88.80201391
t_7373,86.28415346,86.28415346,86.28415346,86.28415346
t_7374,83.58763541,83.58763541,83.58763541,83.58763541
t_7375,80.89922189,80.89922189,80.89922189,80.89922189
t_7376,78.4044896,78.4044896,78.4044896,78.4044896
t_7377,76.27523154,76.27523154,76.27523154,76.27523154
t_7378,74.65783415,74.65783415,74.65783415,74.65783415
t_7379,73.66341529,73.66341529,73.66341529,73.66341529
t_7380,73.36038627,73.36038627,73.36038627,73.36038627
t_7381,73.76993497,73.76993497,73.76993497,73.76993497
t_7382,74.86472747,74.86472747,74.86472747,74.86472747
t_7383,76.57090654,76.57090654,76.57090654,76.57090654
t_7384,78.7732416,78.7732416,78.7732416,78.7732416
t_7385,81.32307162,81.32307162,81.32307162,81.32307162
t_7386,84.04849416,84.04849416,84.04849416,84.04849416
t_7387,86.76610321,86.76610321,86.76610321,86.76610321
t_7388,89.29347524,89.29347524,89.29347524,89.29347524
t_7389,91.46155466,91.46155466,91.46155466,91.46155466
t_7390,93.12609896,93.12609896,93.12609896,93.12609896
t_7391,94.17740982,94.17740982,94.17740982,94.17740982
t_7392,94.54769466,94.54769466,94.54769466,94.54769466
t_7393,94.2155656,94.2155656,94.2155656,94.2155656
t_7394,93.20737786,93.20737786,93.20737786,93.20737786
t_7395,91.59532476,91.59532476,91.59532476,91.59532476
t_7396,89.49242644,89.49242644,89.49242644,89.49242644
t_7397,87.04475962,87.04475962,87.04475962,87.04475962
t_7398,84.42146188,84.42146188,84.42146188,84.42146188
t_7399,81.80319348,81.80319348,81.80319348,81.80319348
t_7400,79.36984268,79.36984268,79.36984268,79.36984268
t_7401,77.28831027,77.28831027,77.28831027,77.28831027
t_7402,75.70120126,75.70120126,75.70120126,75.70120126
t_7403,74.71718904,74.71718904,74.71718904,74.71718904
t_7404,74.40370196,74.40370196,74.40370196,74.40370196
t_7405,74.78242361,74.78242361,74.78242361,74.78242361
t_7406,75.82790645,75.82790645,75.82790645,75.82790645
t_7407,77.46938698,77.46938698,77.46938698,77.46938698
t_7408,79.59567306,79.59567306,79.59567306,79.59567306
t_7409,82.06276669,82.06276669,82.06276669,82.06276669
t_7410,84.70370009,84.70370009,84.70370009,84.70370009
t_7411,87.33991434,87.33991434,87.33991434,87.33991434
t_7412,89.79340622,89.79340622,89.79340622,89.79340622
t_7413,91.89881811,91.89881811,91.89881811,91.89881811
t_7414,93.51465114,93.51465114,93.51465114,93.51465114
t_7415,94.53284225,94.53284225,94.53284225,94.53284225
t_7416,94.88605815,94.88605815,94.88605815,94.88605815
t_7417,94.55221445,94.55221445,94.55221445,94.55221445
t_7418,93.55591751,93.55591751,93.55591751,93.55591751
t_7419,91.96673497,91.96673497,91.96673497,91.96673497
t_7420,89.89441639,89.89441639,89.89441639,89.89441639
t_7421,87.48139191,87.48139191,87.48139191,87.48139191
t_7422,84.89306077,84.89306077,84.89306077,84.89306077
t_7423,82.30653095,82.30653095,82.30653095,82.30653095
t_7424,79.89857537,79.89857537,79.89857537,79.89857537
t_7425,77.8336224,77.8336224,77.8336224,77.8336224
t_7426,76.25259533,76.25259533,76.25259533,76.25259533
t_7427,75.2633571,75.2633571,75.2633571,75.2633571
t_7428,74.93340722,74.93340722,74.93340722,74.93340722
t_7429,75.28532445,75.28532445,75.28532445,75.28532445
t_7430,76.29526253,76.29526253,76.29526253,76.29526253
t_7431,77.89459888,77.89459888,77.89459888,77.89459888
t_7432,79.97462237,79.97462237,79.97462237,79.97462237
t_7433,82.39394065,82.39394065,82.39394065,82.39394065
t_7434,84.98810277,84.98810277,84.98810277,84.98810277
t_7435,87.58078347,87.58078347,87.58078347,87.58078347
t_7436,89.9957695,89.9957695,89.9957695,89.9957695
t_7437,92.06893451,92.06893451,92.06893451,92.06893451
t_7438,93.65938993,93.65938993,93.65938993,93.65938993
t_7439,94.65905544,94.65905544,94.65905544,94.65905544
t_7440,95.0,95.0,95.0,95.0
t_7441,87.04466741,87.04466741,87.04466741,87.04466741
t_7442,85.60920285,85.60920285,85.60920285,85.60920285
t_7443,83.30216052,83.30216052,83.30216052,83.30216052
t_7444,80.29084719,80.29084719,80.29084719,80.29084719
t_7445,76.78965409,76.78965409,76.78965409,76.78965409
t_7446,73.04524234,73.04524234,73.04524234,73.04524234
t_7447,69.31960553,69.31960553,69.31960553,69.31960553
t_7448,65.87217243,65.87217243,65.87217243,65.87217243
t_7449,62.94217238,62.94217238,62.94217238,62.94217238
t_7450,60.73246182,60.73246182,60.73246182,60.73246182
t_7451,59.39590542,59.39590542,59.39590542,59.39590542
t_7452,59.0252255,59.0252255,59.0252255,59.0252255
t_7453,59.64699332,59.64699332,59.64699332,59.64699332
t_7454,61.22015022,61.22015022,61.22015022,61.22015022
t_7455,63.63913675,63.63913675,63.63913675,63.63913675
t_7456,66.74139371,66.74139371,66.74139371,66.74139371
t_7457,70.31870302,70.31870302,70.31870302,70.31870302
t_7458,74.1315774,74.1315774,74.1315774,74.1315774
t_7459,77.92570484,77.92570484,77.92570484,77.92570484
t_7460,81.44931859,81.44931859,81.44931859,81.44931859
t_7461,84.47030666,84.47030666,84.47030666,84.47030666
t_7462,86.79189793,86.79189793,86.79189793,86.79189793
t_7463,88.2658655,88.2658655,88.2658655,88.2658655
t_7464,88.80236133,88.80236133,88.80236133,88.80236133
t_7465,88.37573069,88.37573069,88.37573069,88.37573069
t_7466,87.02593119,87.02593119,87.02593119,87.02593119
t_7467,84.85548229,84.85548229,84.85548229,84.85548229
t_7468,82.02217572,82.02217572,82.02217572,82.02217572
t_7469,78.72806399,78.72806399,78.72806399,78.72806399
t_7470,75.20549517,75.20549517,75.20549517,75.20549517
t_7471,71.70115882,71.70115882,71.70115882,71.70115882
t_7472,68.45923806,68.45923806,68.45923806,68.45923806
t_7473,65.70481847,65.70481847,65.70481847,65.70481847
t_7474,63.62868051,63.62868051,63.62868051,63.62868051
t_7475,62.37450271,62.37450271,62.37450271,62.37450271
t_7476,62.02933329,62.02933329,62.02933329,62.02933329
t_7477,62.61796143,62.61796143,62.61796143,62.61796143
t_7478,64.10155074,64.10155074,64.10155074,64.10155074
t_7479,66.38060592,66.38060592,66.38060592,66.38060592
t_7480,69.30204849,69.30204849,69.30204849,69.30204849
t_7481,72.66989924,72.66989924,72.66989924,72.66989924
t_7482,76.25882249,76.25882249,76.25882249,76.25882249
t_7483,79.8295964,79.8295964,79.8295964,79.8295964
t_7484,83.14544756,83.14544756,83.14544756,83.14544756
t_7485,85.98813491,85.98813491,85.98813491,85.98813491
t_7486,88.17269068,88.17269068,88.17269068,88.17269068
t_7487,89.5598233,89.5598233,89.5598233,89.5598233
t_7488,90.06515107,90.06515107,90.06515107,90.06515107
t_7489,89.66465544,89.66465544,89.66465544,89.66465544
t_7490,88.39600261,88.39600261,88.39600261,88.39600261
t_7491,86.35566522,86.35566522,86.35566522,86.35566522
t_7492,83.69206147,83.69206147,83.69206147,83.69206147
t_7493,80.59519859,80.59519859,80.59519859,80.59519859
t_7494,77.2835429,77.2835429,77.2835429,77.2835429
t_7495,73.98902321,73.98902321,73.98902321,73.98902321
t_7496,70.94119649,70.94119649,70.94119649,70.94119649
t_7497,68.35165648,68.35165648,68.35165648,68.35165648
t_7498,66.3997436,66.3997436,66.3997436,66.3997436
t_7499,65.2205206,65.2205206,65.2205206,65.2205206
t_7500,64.89581958,64.89581958,64.89581958,64.89581958
t_7501,65.44895277,65.44895277,65.44895277,65.44895277
t_7502,66.84342774,66.84342774,66.84342774,66.84342774
t_7503,68.98573357,68.98573357,68.98573357,68.98573357
t_7504,71.7319877,71.7319877,71.7319877,71.7319877
t_7505,74.89797187,74.89797187,74.89797187,74.89797187
t_7506,78.27185767,78.27185767,78.27185767,78.27185767
t_7507,81.62874317,81.62874317,81.62874317,81.62874317
t_7508,84.7460037,84.7460037,84.7460037,84.7460037
t_7509,87.41840923,87.41840923,87.41840923,87.41840923
t_7510,89.4719828,89.4719828,89.4719828,89.4719828
t_7511,90.7756645,90.7756645,90.7756645,90.7756645
t_7512,91.25,91.25,91.25,91.25
t_7513,90.87227833,90.87227833,90.87227833,90.87227833
t_7514,89.67778819,89.67778819,89.67778819,89.67778819
t_7515,87.757127,87.757127,87.757127,87.757127
t_7516,85.2497658,85.2497658,85.2497658,85.2497658
t_7517,82.33432597,82.33432597,82.33432597,82.33432597
t_7518,79.2162451,79.2162451,79.2162451,79.2162451
t_7519,76.1136831,76.1136831,76.1136831,76.1136831
t_7520,73.24263467,73.24263467,73.24263467,73.24263467
t_7521,70.80226359,70.80226359,70.80226359,70.80226359
t_7522,68.96145373,68.96145373,68.96145373,68.96145373
t_7523,67.84748428,67.84748428,67.84748428,67.84748428
t_7524,67.53758764,67.53758764,67.53758764,67.53758764
t_7525,68.05394911,68.05394911,68.05394911,68.05394911
t_7526,69.36247067,69.36247067,69.36247067,69.36247067
t_7527,71.3753642,71.3753642,71.3753642,71.3753642
t_7528,73.95737888,73.95737888,73.95737888,73.95737888
t_7529,76.93522206,76.93522206,76.93522206,76.93522206
t_7530,80.10951786,80.10951786,80.10951786,80.10951786
t_7531,83.26847899,83.26847899,83.26847899,83.26847899
t_7532,86.20235491,86.20235491,86.20235491,86.20235491
t_7533,88.71767146,88.71767146,88.71767146,88.71767146
t_7534,90.65029596,90.65029596,90.65029596,90.65029596
t_7535,91.8764464,91.8764464,91.8764464,91.8764464
t_7536,92.32090707,92.32090707,92.32090707,92.32090707
t_7537,91.96190635,91.96190635,91.96190635,91.96190635
t_7538,90.83234152,90.83234152,90.83234152,90.83234152
t_7539,89.01728492,89.01728492,89.01728492,89.01728492
t_7540,86.64795866,86.64795866,86.64795866,86.64795866
t_7541,83.89260362,83.89260362,83.89260362,83.89260362
t_7542,80.9448776,80.9448776,80.9448776,80.9448776
t_7543,78.01058177,78.01058177,78.01058177,78.01058177
t_7544,75.29362457,75.29362457,75.29362457,75.29362457
t_7545,72.98217933,72.98217933,72.98217933,72.98217933
t_7546,71.23597465,71.23597465,71.23597465,71.23597465
t_7547,70.17557478,70.17557478,70.17557478,70.17557478
t_7548,69.87436867,69.87436867,69.87436867,69.87436867
t_7549,70.35379894,70.35379894,70.35379894,70.35379894
t_7550,71.58213969,71.58213969,71.58213969,71.58213969
t_7551,73.47689009,73.47689009,73.47689009,73.47689009
t_7552,75.91060462,75.91060462,75.91060462,75.91060462
t_7553,78.71974898,78.71974898,78.71974898,78.71974898
t_7554,81.71596671,81.71596671,81.71596671,81.71596671
t_7555,84.69898131,84.69898131,84.69898131,84.69898131
t_7556,87.47025071,87.47025071,87.47025071,87.47025071
t_7557,89.84644418,89.84644418,89.84644418,89.84644418
t_7558,91.67182773,91.67182773,91.67182773,91.67182773
t_7559,92.8287223,92.8287223,92.8287223,92.8287223
t_7560,93.24533332,93.24533332,93.24533332,93.24533332
t_7561,92.90043171,92.90043171,92.90043171,92.90043171
t_7562,91.82458209,91.82458209,91.82458209,91.82458209
t_7563,90.09784972,90.09784972,90.09784972,90.09784972
t_7564,87.84415665,87.84415665,87.84415665,87.84415665
t_7565,85.22268405,85.22268405,85.22268405,85.22268405
t_7566,82.41691675,82.41691675,82.41691675,82.41691675
t_7567,79.62208292,79.62208292,79.62208292,79.62208292
t_7568,77.03184789,77.03184789,77.03184789,77.03184789
t_7569,74.82516808,74.82516808,74.82516808,74.82516808
t_7570,73.15419619,73.15419619,73.15419619,73.15419619
t_7571,72.13405426,72.13405426,72.13405426,72.13405426
t_7572,71.83516078,71.83516078,71.83516078,71.83516078
t_7573,72.27862249,72.27862249,72.27862249,72.27862249
t_7574,73.43499127,73.43499127,73.43499127,73.43499127
t_7575,75.22645744,75.22645744,75.22645744,75.22645744
t_7576,77.53231717,77.53231717,77.53231717,77.53231717
t_7577,80.19733069,80.19733069,80.19733069,80.19733069
t_7578,83.04239307,83.04239307,83.04239307,83.04239307
t_7579,85.87678504,85.87678504,85.87678504,85.87678504
t_7580,88.51116672,88.51116672,88.51116672,88.51116672
t_7581,90.7704302,90.7704302,90.7704302,90.7704302
t_7582,92.50553936,92.50553936,92.50553936,92.50553936
t_7583,93.60355776,93.60355776,93.60355776,93.60355776
t_7584,93.99519053,93.99519053,93.99519053,93.99519053
t_7585,93.65933778,93.65933778,93.65933778,93.65933778
t_7586,92.62436116,92.62436116,92.62436116,92.62436116
t_7587,90.96598899,90.96598899,90.96598899,90.96598899
t_7588,88.80201391,88.80201391,88.80201391,88.80201391
t_7589,86.28415346,86.28415346,86.28415346,86.28415346
t_7590,83.58763541,83.58763541,83.58763541,83.58763541
t_7591,80.89922189,80.89922189,80.89922189,80.89922189
t_7592,78.4044896,78.4044896,78.4044896,78.4044896
t_7593,76.27523154,76.27523154,76.27523154,76.27523154
t_7594,74.65783415,74.65783415,74.65783415,74.65783415
t_7595,73.66341529,73.66341529,73.66341529,73.66341529
t_7596,73.36038627,73.36038627,73.36038627,73.36038627
t_7597,73.76993497,73.76993497,73.76993497,73.76993497
t_7598,74.86472747,74.86472747,74.86472747,74.86472747
t_7599,76.57090654,76.57090654,76.57090654,76.57090654
t_7600,78.7732416,78.7732416,78.7732416,78.7732416
t_7601,81.32307162,81.32307162,81.32307162,81.32307162
t_7602,84.04849416,84.04849416,84.04849416,84.04849416
t_7603,86.76610321,86.76610321,86.76610321,86.76610321
t_7604,89.29347524,89.29347524,89.29347524,89.29347524
t_7605,91.46155466,91.46155466,91.46155466,91.46155466
t_7606,93.12609896,93.12609896,93.12609896,93.12609896
t_7607,94.17740982,94.17740982,94.17740982,94.17740982
t_7608,94.54769466,94.54769466,94.54769466,94.54769466
t_7609,94.2155656,94.2155656,94.2155656,94.2155656
t_7610,93.20737786,93.20737786,93.20737786,93.20737786
t_7611,91.59532476,91.59532476,91.59532476,91.59532476
t_7612,89.49242644,89.49242644,89.49242644,89.49242644
t_7613,87.04475962,87.04475962,87.04475962,87.04475962
t_7614,84.42146188,84.42146188,84.42146188,84.42146188
t_7615,81.80319348,81.80319348,81.80319348,81.80319348
t_7616,79.36984268,79.36984268,79.36984268,79.36984268
t_7617,77.28831027,77.28831027,77.28831027,77.28831027
t_7618,75.70120126,75.70120126,75.70120126,75.70120126
t_7619,74.71718904,74.71718904,74.71718904,74.71718904
t_7620,74.40370196,74.40370196,74.40370196,74.40370196
t_7621,74.78242361,74.78242361,74.78242361,74.78242361
t_7622,75.82790645,75.82790645,75.82790645,75.82790645
t_7623,77.46938698,77.46938698,77.46938698,77.46938698
t_7624,79.59567306,79.59567306,79.59567306,79.59567306
t_7625,82.06276669,82.06276669,82.06276669,82.06276669
t_7626,84.70370009,84.70370009,84.70370009,84.70370009
t_7627,87.33991434,87.33991434,87.33991434,87.33991434
t_7628,89.79340622,89.79340622,89.79340622,89.79340622
t_7629,91.89881811,91.89881811,91.89881811,91.89881811
t_7630,93.51465114,93.51465114,93.51465114,93.51465114
t_7631,94.53284225,94.53284225,94.53284225,94.53284225
t_7632,94.88605815,94.88605815,94.88605815,94.88605815
t_7633,94.55221445,94.55221445,94.55221445,94.55221445
t_7634,93.55591751,93.55591751,93.55591751,93.55591751
t_7635,91.96673497,91.96673497,91.96673497,91.96673497
t_7636,89.89441639,89.89441639,89.89441639,89.89441639
t_7637,87.48139191,87.48139191,87.48139191,87.48139191
t_7638,84.89306077,84.89306077,84.89306077,84.89306077
t_7639,82.30653095,82.30653095,82.30653095,82.30653095
t_7640,79.89857537,79.89857537,79.89857537,79.89857537
t_7641,77.8336224,77.8336224,77.8336224,77.8336224
t_7642,76.25259533,76.25259533,76.25259533,76.25259533
t_7643,75.2633571,75.2633571,75.2633571,75.2633571
t_7644,74.93340722,74.93340722,74.93340722,74.93340722
t_7645,75.28532445,75.28532445,75.28532445,75.28532445
t_7646,76.29526253,76.29526253,76.29526253,76.29526253
t_7647,77.89459888,77.89459888,77.89459888,77.89459888
t_7648,79.97462237,79.97462237,79.97462237,79.97462237
t_7649,82.39394065,82.39394065,82.39394065,82.39394065
t_7650,84.98810277,84.98810277,84.98810277,84.98810277
t_7651,87.58078347,87.58078347,87.58078347,87.58078347
t_7652,89.9957695,89.9957695,89.9957695,89.9957695
t_7653,92.06893451,92.06893451,92.06893451,92.06893451
t_7654,93.65938993,93.65938993,93.65938993,93.65938993
t_7655,94.65905544,94.65905544,94.65905544,94.65905544
t_7656,95.0,95.0,95.0,95.0
t_7657,87.04466741,87.04466741,87.04466741,87.04466741
t_7658,85.60920285,85.60920285,85.60920285,85.60920285
t_7659,83.30216052,83.30216052,83.30216052,83.30216052
t_7660,80.29084719,80.29084719,80.29084719,80.29084719
t_7661,76.78965409,76.78965409,76.78965409,76.78965409
t_7662,73.04524234,73.04524234,73.04524234,73.04524234
t_7663,69.31960553,69.31960553,69.31960553,69.31960553
t_7664,65.87217243,65.87217243,65.87217243,65.87217243
t_7665,62.94217238,62.94217238,62.94217238,62.94217238
t_7666,60.73246182,60.73246182,60.73246182,60.73246182
t_7667,59.39590542,59.39590542,59.39590542,59.39590542
t_7668,59.0252255,59.0252255,59.0252255,59.0252255
t_7669,59.64699332,59.64699332,59.64699332,59.64699332
t_7670,61.22015022,61.22015022,61.22015022,61.22015022
t_7671,63.63913675,63.63913675,63.63913675,63.63913675
t_7672,66.74139371,66.74139371,66.74139371,66.74139371
t_7673,70.31870302,70.31870302,70.31870302,70.31870302
t_7674,74.1315774,74.1315774,74.1315774,74.1315774
t_7675,77.92570484,77.92570484,77.92570484,77.92570484
t_7676,81.44931859,81.44931859,81.44931859,81.44931859
t_7677,84.47030666,84.47030666,84.47030666,84.47030666
t_7678,86.79189793,86.79189793,86.79189793,86.79189793
t_7679,88.2658655,88.2658655,88.2658655,88.2658655
t_7680,88.80236133,88.80236133,88.80236133,88.80236133
t_7681,88.37573069,88.37573069,88.37573069,88.37573069
t_7682,87.02593119,87.02593119,87.02593119,87.02593119
t_7683,84.85548229,84.85548229,84.85548229,84.85548229
t_7684,82.02217572,82.02217572,82.02217572,82.02217572
t_7685,78.72806399,78.72806399,78.72806399,78.72806399
t_7686,75.20549517,75.20549517,75.20549517,75.20549517
t_7687,71.70115882,71.70115882,71.70115882,71.70115882
t_7688,68.45923806,68.45923806,68.45923806,68.45923806
t_7689,65.70481847,65.70481847,65.70481847,65.70481847
t_7690,63.62868051,63.62868051,63.62868051,63.62868051
t_7691,62.37450271,62.37450271,62.37450271,62.37450271
t_7692,62.02933329,62.02933329,62.02933329,62.02933329
t_7693,62.61796143,62.61796143,62.61796143,62.61796143
t_7694,64.10155074,64.10155074,64.10155074,64.10155074
t_7695,66.38060592,66.38060592,66.38060592,66.38060592
t_7696,69.30204849,69.30204849,69.30204849,69.30204849
t_7697,72.66989924,72.66989924,72.66989924,72.66989924
t_7698,76.25882249,76.25882249,76.25882249,76.25882249
t_7699,79.8295964,79.8295964,79.8295964,79.8295964
t_7700,83.14544756,83.14544756,83.14544756,83.14544756
t_7701,85.98813491,85.98813491,85.98813491,85.98813491
t_7702,88.17269068,88.17269068,88.17269068,88.17269068
t_7703,89.5598233,89.5598233,89.5598233,89.5598233
t_7704,90.06515107,90.06515107,90.06515107,90.06515107
t_7705,89.66465544,89.66465544,89.66465544,89.66465544
t_7706,88.39600261,88.39600261,88.39600261,88.39600261
t_7707,86.35566522,86.35566522,86.35566522,86.35566522
t_7708,83.69206147,83.69206147,83.69206147,83.69206147
t_7709,80.59519859,80.59519859,80.59519859,80.59519859
t_7710,77.2835429,77.2835429,77.2835429,77.2835429
t_7711,73.98902321,73.98902321,73.98902321,73.98902321
t_7712,70.94119649,70.94119649,70.94119649,70.94119649
t_7713,68.35165648,68.35165648,68.35165648,68.35165648
t_7714,66.3997436,66.3997436,66.3997436,66.3997436
t_7715,65.2205206,65.2205206,65.2205206,65.2205206
t_7716,64.89581958,64.89581958,64.89581958,64.89581958
t_7717,65.44895277,65.44895277,65.44895277,65.44895277
t_7718,66.84342774,66.84342774,66.84342774,66.84342774
t_7719,68.98573357,68.98573357,68.98573357,68.98573357
t_7720,71.7319877,71.7319877,71.7319877,71.7319877
t_7721,74.89797187,74.89797187,74.89797187,74.89797187
t_7722,78.27185767,78.27185767,78.27185767,78.27185767
t_7723,81.62874317,81.62874317,81.62874317,81.62874317
t_7724,84.7460037,84.7460037,84.7460037,84.7460037
t_7725,87.41840923,87.41840923,87.41840923,87.41840923
t_7726,89.4719828,89.4719828,89.4719828,89.4719828
t_7727,90.7756645,90.7756645,90.7756645,90.7756645
t_7728,91.25,91.25,91.25,91.25
t_7729,90.87227833,90.87227833,90.87227833,90.87227833
t_7730,89.67778819,89.67778819,89.67778819,89.67778819
t_7731,87.757127,87.757127,87.757127,87.757127
t_7732,85.2497658,85.2497658,85.2497658,85.2497658
t_7733,82.33432597,82.33432597,82.33432597,82.33432597
t_7734,79.2162451,79.2162451,79.2162451,79.2162451
t_7735,76.1136831,76.1136831,76.1136831,76.1136831
t_7736,73.24263467,73.24263467,73.24263467,73.24263467
t_7737,70.80226359,70.80226359,70.80226359,70.80226359
t_7738,68.96145373,68.96145373,68.96145373,68.96145373
t_7739,67.84748428,67.84748428,67.84748428,67.84748428
t_7740,67.53758764,67.53758764,67.53758764,67.53758764
t_7741,68.05394911,68.05394911,68.05394911,68.05394911
t_7742,69.36247067,69.36247067,69.36247067,69.36247067
t_7743,71.3753642,71.3753642,71.3753642,71.3753642
t_7744,73.95737888,73.95737888,73.95737888,73.95737888
t_7745,76.93522206,76.93522206,76.93522206,76.93522206
t_7746,80.10951786,80.10951786,80.10951786,80.10951786
t_7747,83.26847899,83.26847899,83.26847899,83.26847899
t_7748,86.20235491,86.20235491,86.20235491,86.20235491
t_7749,88.71767146,88.71767146,88.71767146,88.71767146
t_7750,90.65029596,90.65029596,90.65029596,90.65029596
t_7751,91.8764464,91.8764464,91.8764464,91.8764464
t_7752,92.32090707,92.32090707,92.32090707,92.32090707
t_7753,91.96190635,91.96190635,91.96190635,91.96190635
t_7754,90.83234152,90.83234152,90.83234152,90.83234152
t_7755,89.01728492,89.01728492,89.01728492,89.01728492
t_7756,86.64795866,86.64795866,86.64795866,86.64795866
t_7757,83.89260362,83.89260362,83.89260362,83.89260362
t_7758,80.9448776,80.9448776,80.9448776,80.9448776
t_7759,78.01058177,78.01058177,78.01058177,78.01058177
t_7760,75.29362457,75.29362457,75.29362457,75.29362457
t_7761,72.98217933,72.98217933,72.98217933,72.98217933
t_7762,71.23597465,71.23597465,71.23597465,71.23597465
t_7763,70.17557478,70.17557478,70.17557478,70.17557478
t_7764,69.87436867,69.87436867,69.87436867,69.87436867
t_7765,70.35379894,70.35379894,70.35379894,70.35379894
t_7766,71.58213969,71.58213969,71.58213969,71.58213969
t_7767,73.47689009,73.47689009,73.47689009,73.47689009
t_7768,75.91060462,75.91060462,75.91060462,75.91060462
t_7769,78.71974898,78.71974898,78.71974898,78.71974898
t_7770,81.71596671,81.71596671,81.71596671,81.71596671
t_7771,84.69898131,84.69898131,84.69898131,84.69898131
t_7772,87.47025071,87.47025071,87.47025071,87.47025071
t_7773,89.84644418,89.84644418,89.84644418,89.84644418
t_7774,91.67182773,91.67182773,91.67182773,91.67182773
t_7775,92.8287223,92.8287223,92.8287223,92.8287223
t_7776,93.24533332,93.24533332,93.24533332,93.24533332
t_7777,92.90043171,92.90043171,92.90043171,92.90043171
t_7778,91.82458209,91.82458209,91.82458209,91.82458209
t_7779,90.09784972,90.09784972,90.09784972,90.09784972
t_7780,87.84415665,87.84415665,87.84415665,87.84415665
t_7781,85.22268405,85.22268405,85.22268405,85.22268405
t_7782,82.41691675,82.41691675,82.41691675,82.41691675
t_7783,79.62208292,79.62208292,79.62208292,79.62208292
t_7784,77.03184789,77.03184789,77.03184789,77.03184789
t_7785,74.82516808,74.82516808,74.82516808,74.82516808
t_7786,73.15419619,73.15419619,73.15419619,73.15419619
t_7787,72.13405426,72.13405426,72.13405426,72.13405426
t_7788,71.83516078,71.83516078,71.83516078,71.83516078
t_7789,72.27862249,72.27862249,72.27862249,72.27862249
t_7790,73.43499127,73.43499127,73.43499127,73.43499127
t_7791,75.22645744,75.22645744,75.22645744,75.22645744
t_7792,77.53231717,77.53231717,77.53231717,77.53231717
t_7793,80.19733069,80.19733069,80.19733069,80.19733069
t_7794,83.04239307,83.04239307,83.04239307,83.04239307
t_7795,85.87678504,85.87678504,85.87678504,85.87678504
t_7796,88.51116672,88.51116672,88.51116672,88.51116672
t_7797,90.7704302,90.7704302,90.7704302,90.7704302
t_7798,92.50553936,92.50553936,92.50553936,92.50553936
t_7799,93.60355776,93.60355776,93.60355776,93.60355776
t_7800,93.99519053,93.99519053,93.99519053,93.99519053
t_7801,93.65933778,93.65933778,93.65933778,93.65933778
t_7802,92.62436116,92.62436116,92.62436116,92.62436116
t_7803,90.96598899,90.96598899,90.96598899,90.96598899
t_7804,88.80201391,88.80201391,88.80201391,88.80201391
t_7805,86.28415346,86.28415346,86.28415346,86.28415346
t_7806,83.58763541,83.58763541,83.58763541,83.58763541
t_7807,80.89922189,80.89922189,80.89922189,80.89922189
t_7808,78.4044896,78.4044896,78.4044896,78.4044896
t_7809,76.27523154,76.27523154,76.27523154,76.27523154
t_7810,74.65783415,74.65783415,74.65783415,74.65783415
t_7811,73.66341529,73.66341529,73.66341529,73.66341529
t_7812,73.36038627,73.36038627,73.36038627,73.36038627
t_7813,73.76993497,73.76993497,73.76993497,73.76993497
t_7814,74.86472747,74.86472747,74.86472747,74.86472747
t_7815,76.57090654,76.57090654,76.57090654,76.57090654
t_7816,78.7732416,78.7732416,78.7732416,78.7732416
t_7817,81.32307162,81.32307162,81.32307162,81.32307162
t_7818,84.04849416,84.04849416,84.04849416,84.04849416
t_7819,86.76610321,86.76610321,86.76610321,86.76610321
t_7820,89.29347524,89.29347524,89.29347524,89.29347524
t_7821,91.46155466,91.46155466,91.46155466,91.46155466
t_7822,93.12609896,93.12609896,93.12609896,93.12609896
t_7823,94.17740982,94.17740982,94.17740982,94.17740982
t_7824,94.54769466,94.54769466,94.54769466,94.54769466
t_7825,94.2155656,94.2155656,94.2155656,94.2155656
t_7826,93.20737786,93.20737786,93.20737786,93.20737786
t_7827,91.59532476,91.59532476,91.59532476,91.59532476
t_7828,89.49242644,89.49242644,89.49242644,89.49242644
t_7829,87.04475962,87.04475962,87.04475962,87.04475962
t_7830,84.42146188,84.42146188,84.42146188,84.42146188
t_7831,81.80319348,81.80319348,81.80319348,81.80319348
t_7832,79.36984268,79.36984268,79.36984268,79.36984268
t_7833,77.28831027,77.28831027,77.28831027,77.28831027
t_7834,75.70120126,75.70120126,75.70120126,75.70120126
t_7835,74.71718904,74.71718904,74.71718904,74.71718904
t_7836,74.40370196,74.40370196,74.40370196,74.40370196
t_7837,74.78242361,74.78242361,74.78242361,74.78242361
t_7838,75.82790645,75.82790645,75.82790645,75.82790645
t_7839,77.46938698,77.46938698,77.46938698,77.46938698
t_7840,79.59567306,79.59567306,79.59567306,79.59567306
t_7841,82.06276669,82.06276669,82.06276669,82.06276669
t_7842,84.70370009,84.70370009,84.70370009,84.70370009
t_7843,87.33991434,87.33991434,87.33991434,87.33991434
t_7844,89.79340622,89.79340622,89.79340622,89.79340622
t_7845,91.89881811,91.89881811,91.89881811,91.89881811
t_7846,93.51465114,93.51465114,93.51465114,93.51465114
t_7847,94.53284225,94.53284225,94.53284225,94.53284225
t_7848,94.88605815,94.88605815,94.88605815,94.88605815
t_7849,94.55221445,94.55221445,94.55221445,94.55221445
t_7850,93.55591751,93.55591751,93.55591751,93.55591751
t_7851,91.96673497,91.96673497,91.96673497,91.96673497
t_7852,89.89441639,89.89441639,89.89441639,89.89441639
t_7853,87.48139191,87.48139191,87.48139191,87.48139191
t_7854,84.89306077,84.89306077,84.89306077,84.89306077
t_7855,82.30653095,82.30653095,82.30653095,82.30653095
t_7856,79.89857537,79.89857537,79.89857537,79.89857537
t_7857,77.8336224,77.8336224,77.8336224,77.8336224
t_7858,76.25259533,76.25259533,76.25259533,76.25259533
t_7859,75.2633571,75.2633571,75.2633571,75.2633571
t_7860,74.93340722,74.93340722,74.93340722,74.93340722
t_7861,75.28532445,75.28532445,75.28532445,75.28532445
t_7862,76.29526253,76.29526253,76.29526253,76.29526253
t_7863,77.89459888,77.89459888,77.89459888,77.89459888
t_7864,79.97462237,79.97462237,79.97462237,79.97462237
t_7865,82.39394065,82.39394065,82.39394065,82.39394065
t_7866,84.98810277,84.98810277,84.98810277,84.98810277
t_7867,87.58078347,87.58078347,87.58078347,87.58078347
t_7868,89.9957695,89.9957695,89.9957695,89.9957695
t_7869,92.06893451,92.06893451,92.06893451,92.06893451
t_7870,93.65938993,93.65938993,93.65938993,93.65938993
t_7871,94.65905544,94.65905544,94.65905544,94.65905544
t_7872,95.0,95.0,95.0,95.0
t_7873,87.04466741,87.04466741,87.04466741,87.04466741
t_7874,85.60920285,85.60920285,85.60920285,85.60920285
t_7875,83.30216052,83.30216052,83.30216052,83.30216052
t_7876,80.29084719,80.29084719,80.29084719,80.29084719
t_7877,76.78965409,76.78965409,76.78965409,76.78965409
t_7878,73.04524234,73.04524234,73.04524234,73.04524234
t_7879,69.31960553,69.31960553,69.31960553,69.31960553
t_7880,65.87217243,65.87217243,65.87217243,65.87217243
t_7881,62.94217238,62.94217238,62.94217238,62.94217238
t_7882,60.73246182,60.73246182,60.73246182,60.73246182
t_7883,59.39590542,59.39590542,59.39590542,59.39590542
t_7884,59.0252255,59.0252255,59.0252255,59.0252255
t_7885,59.64699332,59.64699332,59.64699332,59.64699332
t_7886,61.22015022,61.22015022,61.22015022,61.22015022
t_7887,63.63913675,63.63913675,63.63913675,63.63913675
t_7888,66.74139371,66.74139371,66.74139371,66.74139371
t_7889,70.31870302,70.31870302,70.31870302,70.31870302
t_7890,74.1315774,74.1315774,74.1315774,74.1315774
t_7891,77.92570484,77.92570484,77.92570484,77.92570484
t_7892,81.44931859,81.44931859,81.44931859,81.44931859
t_7893,84.47030666,84.47030666,84.47030666,84.47030666
t_7894,86.79189793,86.79189793,86.79189793,86.79189793
t_7895,88.2658655,88.2658655,88.2658655,88.2658655
t_7896,88.80236133,88.80236133,88.80236133,88.80236133
t_7897,88.37573069,88.37573069,88.37573069,88.37573069
t_7898,87.02593119,87.02593119,87.02593119,87.02593119
t_7899,84.85548229,84.85548229,84.85548229,84.85548229
t_7900,82.02217572,82.02217572,82.02217572,82.02217572
t_7901,78.72806399,78.72806399,78.72806399,78.72806399
t_7902,75.20549517,75.20549517,75.20549517,75.20549517
t_7903,71.70115882,71.70115882,71.70115882,71.70115882
t_7904,68.45923806,68.45923806,68.45923806,68.45923806
t_7905,65.70481847,65.70481847,65.70481847,65.70481847
t_7906,63.62868051,63.62868051,63.62868051,63.62868051
t_7907,62.37450271,62.37450271,62.37450271,62.37450271
t_7908,62.02933329,62.02933329,62.02933329,62.02933329
t_7909,62.61796143,62.61796143,62.61796143,62.61796143
t_7910,64.10155074,64.10155074,64.10155074,64.10155074
t_7911,66.38060592,66.38060592,66.38060592,66.38060592
t_7912,69.30204849,69.30204849,69.30204849,69.30204849
t_7913,72.66989924,72.66989924,72.66989924,72.66989924
t_7914,76.25882249,76.25882249,76.25882249,76.25882249
t_7915,79.8295964,79.8295964,79.8295964,79.8295964
t_7916,83.14544756,83.14544756,83.14544756,83.14544756
t_7917,85.98813491,85.98813491,85.98813491,85.98813491
t_7918,88.17269068,88.17269068,88.17269068,88.17269068
t_7919,89.5598233,89.5598233,89.5598233,89.5598233
t_7920,90.06515107,90.06515107,90.06515107,90.06515107
t_7921,89.66465544,89.66465544,89.66465544,89.66465544
t_7922,88.39600261,88.39600261,88.39600261,88.39600261
t_7923,86.35566522,86.35566522,86.35566522,86.35566522
t_7924,83.69206147,83.69206147,83.69206147,83.69206147
t_7925,80.59519859,80.59519859,80.59519859,80.59519859
t_7926,77.2835429,77.2835429,77.2835429,77.2835429
t_7927,73.98902321,73.98902321,73.98902321,73.98902321
t_7928,70.94119649,70.94119649,70.94119649,70.94119649
t_7929,68.35165648,68.35165648,68.35165648,68.35165648
t_7930,66.3997436,66.3997436,66.3997436,66.3997436
t_7931,65.2205206,65.2205206,65.2205206,65.2205206
t_7932,64.89581958,64.89581958,64.89581958,64.89581958
t_7933,65.44895277,65.44895277,65.44895277,65.44895277
t_7934,66.84342774,66.84342774,66.84342774,66.84342774
t_7935,68.98573357,68.98573357,68.98573357,68.98573357
t_7936,71.7319877,71.7319877,71.7319877,71.7319877
t_7937,74.89797187,74.89797187,74.89797187,74.89797187
t_7938,78.27185767,78.27185767,78.27185767,78.27185767
t_7939,81.62874317,81.62874317,81.62874317,81.62874317
t_7940,84.7460037,84.7460037,84.7460037,84.7460037
t_7941,87.41840923,87.41840923,87.41840923,87.41840923
t_7942,89.4719828,89.4719828,89.4719828,89.4719828
t_7943,90.7756645,90.7756645,90.7756645,90.7756645
t_7944,91.25,91.25,91.25,91.25
t_7945,90.87227833,90.87227833,90.87227833,90.87227833
t_7946,89.67778819,89.67778819,89.67778819,89.67778819
t_7947,87.757127,87.757127,87.757127,87.757127
t_7948,85.2497658,85.2497658,85.2497658,85.2497658
t_7949,82.33432597,82.33432597,82.33432597,82.33432597
t_7950,79.2162451,79.2162451,79.2162451,79.2162451
t_7951,76.1136831,76.1136831,76.1136831,76.1136831
t_7952,73.24263467,73.24263467,73.24263467,73.24263467
t_7953,70.80226359,70.80226359,70.80226359,70.80226359
t_7954,68.96145373,68.96145373,68.96145373,68.96145373
t_7955,67.84748428,67.84748428,67.84748428,67.84748428
t_7956,67.53758764,67.53758764,67.53758764,67.53758764
t_7957,68.05394911,68.05394911,68.05394911,68.05394911
t_7958,69.36247067,69.36247067,69.36247067,69.36247067
t_7959,71.3753642,71.3753642,71.3753642,71.3753642
t_7960,73.95737888,73.95737888,73.95737888,73.95737888
t_7961,76.93522206,76.93522206,76.93522206,76.93522206
t_7962,80.10951786,80.10951786,80.10951786,80.10951786
t_7963,83.26847899,83.26847899,83.26847899,83.26847899
t_7964,86.20235491,86.20235491,86.20235491,86.20235491
t_7965,88.71767146,88.71767146,88.71767146,88.71767146
t_7966,90.65029596,90.65029596,90.65029596,90.65029596
t_7967,91.8764464,91.8764464,91.8764464,91.8764464
t_7968,92.32090707,92.32090707,92.32090707,92.32090707
t_7969,91.96190635,91.96190635,91.96190635,91.96190635
t_7970,90.83234152,90.83234152,90.83234152,90.83234152
t_7971,89.01728492,89.01728492,89.01728492,89.01728492
t_7972,86.64795866,86.64795866,86.64795866,86.64795866
t_7973,83.89260362,83.89260362,83.89260362,83.89260362
t_7974,80.9448776,80.9448776,80.9448776,80.9448776
t_7975,78.01058177,78.01058177,78.01058177,78.01058177
t_7976,75.29362457,75.29362457,75.29362457,75.29362457
t_7977,72.98217933,72.98217933,72.98217933,72.98217933
t_7978,71.23597465,71.23597465,71.23597465,71.23597465
t_7979,70.17557478,70.17557478,70.17557478,70.17557478
t_7980,69.87436867,69.87436867,69.87436867,69.87436867
t_7981,70.35379894,70.35379894,70.35379894,70.35379894
t_7982,71.58213969,71.58213969,71.58213969,71.58213969
t_7983,73.47689009,73.47689009,73.47689009,73.47689009
t_7984,75.91060462,75.91060462,75.91060462,75.91060462
t_7985,78.71974898,78.71974898,78.71974898,78.71974898
t_7986,81.71596671,81.71596671,81.71596671,81.71596671
t_7987,84.69898131,84.69898131,84.69898131,84.69898131
t_7988,87.47025071,87.47025071,87.47025071,87.47025071
t_7989,89.84644418,89.84644418,89.84644418,89.84644418
t_7990,91.67182773,91.67182773,91.67182773,91.67182773
t_7991,92.8287223,92.8287223,92.8287223,92.8287223
t_7992,93.24533332,93.24533332,93.24533332,93.24533332
t_7993,92.90043171,92.90043171,92.90043171,92.90043171
t_7994,91.82458209,91.82458209,91.82458209,91.82458209
t_7995,90.09784972,90.09784972,90.09784972,90.09784972
t_7996,87.84415665,87.84415665,87.84415665,87.84415665
t_7997,85.22268405,85.22268405,85.22268405,85.22268405
t_7998,82.41691675,82.41691675,82.41691675,82.41691675
t_7999,79.62208292,79.62208292,79.62208292,79.62208292
t_8000,77.03184789,77.03184789,77.03184789,77.03184789
t_8001,74.82516808,74.82516808,74.82516808,74.82516808
t_8002,73.15419619,73.15419619,73.15419619,73.15419619
t_8003,72.13405426,72.13405426,72.13405426,72.13405426
t_8004,71.83516078,71.83516078,71.83516078,71.83516078
t_8005,72.27862249,72.27862249,72.27862249,72.27862249
t_8006,73.43499127,73.43499127,73.43499127,73.43499127
t_8007,75.22645744,75.22645744,75.22645744,75.22645744
t_8008,77.53231717,77.53231717,77.53231717,77.53231717
t_8009,80.19733069,80.19733069,80.19733069,80.19733069
t_8010,83.04239307,83.04239307,83.04239307,83.04239307
t_8011,85.87678504,85.87678504,85.87678504,85.87678504
t_8012,88.51116672,88.51116672,88.51116672,88.51116672
t_8013,90.7704302,90.7704302,90.7704302,90.7704302
t_8014,92.50553936,92.50553936,92.50553936,92.50553936
t_8015,93.60355776,93.60355776,93.60355776,93.60355776
t_8016,93.99519053,93.99519053,93.99519053,93.99519053
t_8017,93.65933778,93.65933778,93.65933778,93.65933778
t_8018,92.62436116,92.62436116,92.62436116,92.62436116
t_8019,90.96598899,90.96598899,90.96598899,90.96598899
t_8020,88.80201391,88.80201391,88.80201391,88.80201391
t_8021,86.28415346,86.28415346,86.28415346,86.28415346
t_8022,83.58763541,83.58763541,83.58763541,83.58763541
t_8023,80.89922189,80.89922189,80.89922189,80.89922189
t_8024,78.4044896,78.4044896,78.4044896,78.4044896
t_8025,76.27523154,76.27523154,76.27523154,76.27523154
t_8026,74.65783415,74.65783415,74.65783415,74.65783415
t_8027,73.66341529,73.66341529,73.66341529,73.66341529
t_8028,73.36038627,73.36038627,73.36038627,73.36038627
t_8029,73.76993497,73.76993497,73.76993497,73.76993497
t_8030,74.86472747,74.86472747,74.86472747,74.86472747
t_8031,76.57090654,76.57090654,76.57090654,76.57090654
t_8032,78.7732416,78.7732416,78.7732416,78.7732416
t_8033,81.32307162,81.32307162,81.32307162,81.32307162
t_8034,84.04849416,84.04849416,84.04849416,84.04849416
t_8035,86.76610321,86.76610321,86.76610321,86.76610321
t_8036,89.29347524,89.29347524,89.29347524,89.29347524
t_8037,91.46155466,91.46155466,91.46155466,91.46155466
t_8038,93.12609896,93.12609896,93.12609896,93.12609896
t_8039,94.17740982,94.17740982,94.17740982,94.17740982
t_8040,94.54769466,94.54769466,94.54769466,94.54769466
t_8041,94.2155656,94.2155656,94.2155656,94.2155656
t_8042,93.20737786,93.20737786,93.20737786,93.20737786
t_8043,91.59532476,91.59532476,91.59532476,91.59532476
t_8044,89.49242644,89.49242644,89.49242644,89.49242644
t_8045,87.04475962,87.04475962,87.04475962,87.04475962
t_8046,84.42146188,84.42146188,84.42146188,84.42146188
t_8047,81.80319348,81.80319348,81.80319348,81.80319348
t_8048,79.36984268,79.36984268,79.36984268,79.36984268
t_8049,77.28831027,77.28831027,77.28831027,77.28831027
t_8050,75.70120126,75.70120126,75.70120126,75.70120126
t_8051,74.71718904,74.71718904,74.71718904,74.71718904
t_8052,74.40370196,74.40370196,74.40370196,74.40370196
t_8053,74.78242361,74.78242361,74.78242361,74.78242361
t_8054,75.82790645,75.82790645,75.82790645,75.82790645
t_8055,77.46938698,77.46938698,77.46938698,77.46938698
t_8056,79.59567306,79.59567306,79.59567306,79.59567306
t_8057,82.06276669,82.06276669,82.06276669,82.06276669
t_8058,84.70370009,84.70370009,84.70370009,84.70370009
t_8059,87.33991434,87.33991434,87.33991434,87.33991434
t_8060,89.79340622,89.79340622,89.79340622,89.79340622
t_8061,91.89881811,91.89881811,91.89881811,91.89881811
t_8062,93.51465114,93.51465114,93.51465114,93.51465114
t_8063,94.53284225,94.53284225,94.53284225,94.53284225
t_8064,94.88605815,94.88605815,94.88605815,94.88605815
t_8065,94.55221445,94.55221445,94.55221445,94.55221445
t_8066,93.55591751,93.55591751,93.55591751,93.55591751
t_8067,91.96673497,91.96673497,91.96673497,91.96673497
t_8068,89.89441639,89.89441639,89.89441639,89.89441639
t_8069,87.48139191,87.48139191,87.48139191,87.48139191
t_8070,84.89306077,84.89306077,84.89306077,84.89306077
t_8071,82.30653095,82.30653095,82.30653095,82.30653095
t_8072,79.89857537,79.89857537,79.89857537,79.89857537
t_8073,77.8336224,77.8336224,77.8336224,77.8336224
t_8074,76.25259533,76.25259533,76.25259533,76.25259533
t_8075,75.2633571,75.2633571,75.2633571,75.2633571
t_8076,74.93340722,74.93340722,74.93340722,74.93340722
t_8077,75.28532445,75.28532445,75.28532445,75.28532445
t_8078,76.29526253,76.29526253,76.29526253,76.29526253
t_8079,77.89459888,77.89459888,77.89459888,77.89459888
t_8080,79.97462237,79.97462237,79.97462237,79.97462237
t_8081,82.39394065,82.39394065,82.39394065,82.39394065
t_8082,84.98810277,84.98810277,84.98810277,84.98810277
t_8083,87.58078347,87.58078347,87.58078347,87.58078347
t_8084,89.9957695,89.9957695,89.9957695,89.9957695
t_8085,92.06893451,92.06893451,92.06893451,92.06893451
t_8086,93.65938993,93.65938993,93.65938993,93.65938993
t_8087,94.65905544,94.65905544,94.65905544,94.65905544
t_8088,95.0,95.0,95.0,95.0
t_8089,87.04466741,87.04466741,87.04466741,87.04466741
t_8090,85.60920285,85.60920285,85.60920285,85.60920285
t_8091,83.30216052,83.30216052,83.30216052,83.30216052
t_8092,80.29084719,80.29084719,80.29084719,80.29084719
t_8093,76.78965409,76.78965409,76.78965409,76.78965409
t_8094,73.04524234,73.04524234,73.04524234,73.04524234
t_8095,69.31960553,69.31960553,69.31960553,69.31960553
t_8096,65.87217243,65.87217243,65.87217243,65.87217243
t_8097,62.94217238,62.94217238,62.94217238,62.94217238
t_8098,60.73246182,60.73246182,60.73246182,60.73246182
t_8099,59.39590542,59.39590542,59.39590542,59.39590542
t_8100,59.0252255,59.0252255,59.0252255,59.0252255
t_8101,59.64699332,59.64699332,59.64699332,59.64699332
t_8102,61.22015022,61.22015022,61.22015022,61.22015022
t_8103,63.63913675,63.63913675,63.63913675,63.63913675
t_8104,66.74139371,66.74139371,66.74139371,66.74139371
t_8105,70.31870302,70.31870302,70.31870302,70.31870302
t_8106,74.1315774,74.1315774,74.1315774,74.1315774
t_8107,77.92570484,77.92570484,77.92570484,77.92570484
t_8108,81.44931859,81.44931859,81.44931859,81.44931859
t_8109,84.47030666,84.47030666,84.47030666,84.47030666
t_8110,86.79189793,86.79189793,86.79189793,86.79189793
t_8111,88.2658655,88.2658655,88.2658655,88.2658655
t_8112,88.80236133,88.80236133,88.80236133,88.80236133
t_8113,88.37573069,88.37573069,88.37573069,88.37573069
t_8114,87.02593119,87.02593119,87.02593119,87.02593119
t_8115,84.85548229,84.85548229,84.85548229,84.85548229
t_8116,82.02217572,82.02217572,82.02217572,82.02217572
t_8117,78.72806399,78.72806399,78.72806399,78.72806399
t_8118,75.20549517,75.20549517,75.20549517,75.20549517
t_8119,71.70115882,71.70115882,71.70115882,71.70115882
t_8120,68.45923806,68.45923806,68.45923806,68.45923806
t_8121,65.70481847,65.70481847,65.70481847,65.70481847
t_8122,63.62868051,63.62868051,63.62868051,63.62868051
t_8123,62.37450271,62.37450271,62.37450271,62.37450271
t_8124,62.02933329,62.02933329,62.02933329,62.02933329
t_8125,62.61796143,62.61796143,62.61796143,62.61796143
t_8126,64.10155074,64.10155074,64.10155074,64.10155074
t_8127,66.38060592,66.38060592,66.38060592,66.38060592
t_8128,69.30204849,69.30204849,69.30204849,69.30204849
t_8129,72.66989924,72.66989924,72.66989924,72.66989924
t_8130,76.25882249,76.25882249,76.25882249,76.25882249
t_8131,79.8295964,79.8295964,79.8295964,79.8295964
t_8132,83.14544756,83.14544756,83.14544756,83.14544756
t_8133,85.98813491,85.98813491,85.98813491,85.98813491
t_8134,88.17269068,88.17269068,88.17269068,88.17269068
t_8135,89.5598233,89.5598233,89.5598233,89.5598233
t_8136,90.06515107,90.06515107,90.06515107,90.06515107
t_8137,89.66465544,89.66465544,89.66465544,89.66465544
t_8138,88.39600261,88.39600261,88.39600261,88.39600261
t_8139,86.35566522,86.35566522,86.35566522,86.35566522
t_8140,83.69206147,83.69206147,83.69206147,83.69206147
t_8141,80.59519859,80.59519859,80.59519859,80.59519859
t_8142,77.2835429,77.2835429,77.2835429,77.2835429
t_8143,73.98902321,73.98902321,73.98902321,73.98902321
t_8144,70.94119649,70.94119649,70.94119649,70.94119649
t_8145,68.35165648,68.35165648,68.35165648,68.35165648
t_8146,66.3997436,66.3997436,66.3997436,66.3997436
t_8147,65.2205206,65.2205206,65.2205206,65.2205206
t_8148,64.89581958,64.89581958,64.89581958,64.89581958
t_8149,65.44895277,65.44895277,65.44895277,65.44895277
t_8150,66.84342774,66.84342774,66.84342774,66.84342774
t_8151,68.98573357,68.98573357,68.98573357,68.98573357
t_8152,71.7319877,71.7319877,71.7319877,71.7319877
t_8153,74.89797187,74.89797187,74.89797187,74.89797187
t_8154,78.27185767,78.27185767,78.27185767,78.27185767
t_8155,81.62874317,81.62874317,81.62874317,81.62874317
t_8156,84.7460037,84.7460037,84.7460037,84.7460037
t_8157,87.41840923,87.41840923,87.41840923,87.41840923
t_8158,89.4719828,89.4719828,89.4719828,89.4719828
t_8159,90.7756645,90.7756645,90.7756645,90.7756645
t_8160,91.25,91.25,91.25,91.25
t_8161,90.87227833,90.87227833,90.87227833,90.87227833
t_8162,89.67778819,89.67778819,89.67778819,89.67778819
t_8163,87.757127,87.757127,87.757127,87.757127
t_8164,85.2497658,85.2497658,85.2497658,85.2497658
t_8165,82.33432597,82.33432597,82.33432597,82.33432597
t_8166,79.2162451,79.2162451,79.2162451,79.2162451
t_8167,76.1136831,76.1136831,76.1136831,76.1136831
t_8168,73.24263467,73.24263467,73.24263467,73.24263467
t_8169,70.80226359,70.80226359,70.80226359,70.80226359
t_8170,68.96145373,68.96145373,68.96145373,68.96145373
t_8171,67.84748428,67.84748428,67.84748428,67.84748428
t_8172,67.53758764,67.53758764,67.53758764,67.53758764
t_8173,68.05394911,68.05394911,68.05394911,68.05394911
t_8174,69.36247067,69.36247067,69.36247067,69.36247067
t_8175,71.3753642,71.3753642,71.3753642,71.3753642
t_8176,73.95737888,73.95737888,73.95737888,73.95737888
t_8177,76.93522206,76.93522206,76.93522206,76.93522206
t_8178,80.10951786,80.10951786,80.10951786,80.10951786
t_8179,83.26847899,83.26847899,83.26847899,83.26847899
t_8180,86.20235491,86.20235491,86.20235491,86.20235491
t_8181,88.71767146,88.71767146,88.71767146,88.71767146
t_8182,90.65029596,90.65029596,90.65029596,90.65029596
t_8183,91.8764464,91.8764464,91.8764464,91.8764464
t_8184,92.32090707,92.32090707,92.32090707,92.32090707
t_8185,91.96190635,91.96190635,91.96190635,91.96190635
t_8186,90.83234152,90.83234152,90.83234152,90.83234152
t_8187,89.01728492,89.01728492,89.01728492,89.01728492
t_8188,86.64795866,86.64795866,86.64795866,86.64795866
t_8189,83.89260362,83.89260362,83.89260362,83.89260362
t_8190,80.9448776,80.9448776,80.9448776,80.9448776
t_8191,78.01058177,78.01058177,78.01058177,78.01058177
t_8192,75.29362457,75.29362457,75.29362457,75.29362457
t_8193,72.98217933,72.98217933,72.98217933,72.98217933
t_8194,71.23597465,71.23597465,71.23597465,71.23597465
t_8195,70.17557478,70.17557478,70.17557478,70.17557478
t_8196,69.87436867,69.87436867,69.87436867,69.87436867
t_8197,70.35379894,70.35379894,70.35379894,70.35379894
t_8198,71.58213969,71.58213969,71.58213969,71.58213969
t_8199,73.47689009,73.47689009,73.47689009,73.47689009
t_8200,75.91060462,75.91060462,75.91060462,75.91060462
t_8201,78.71974898,78.71974898,78.71974898,78.71974898
t_8202,81.71596671,81.71596671,81.71596671,81.71596671
t_8203,84.69898131,84.69898131,84.69898131,84.69898131
t_8204,87.47025071,87.47025071,87.47025071,87.47025071
t_8205,89.84644418,89.84644418,89.84644418,89.84644418
t_8206,91.67182773,91.67182773,91.67182773,91.67182773
t_8207,92.8287223,92.8287223,92.8287223,92.8287223
t_8208,93.24533332,93.24533332,93.24533332,93.24533332
t_8209,92.90043171,92.90043171,92.90043171,92.90043171
t_8210,91.82458209,91.82458209,91.82458209,91.82458209
t_8211,90.09784972,90.09784972,90.09784972,90.09784972
t_8212,87.84415665,87.84415665,87.84415665,87.84415665
t_8213,85.22268405,85.22268405,85.22268405,85.22268405
t_8214,82.41691675,82.41691675,82.41691675,82.41691675
t_8215,79.62208292,79.62208292,79.62208292,79.62208292
t_8216,77.03184789,77.03184789,77.03184789,77.03184789
t_8217,74.82516808,74.82516808,74.82516808,74.82516808
t_8218,73.15419619,73.15419619,73.15419619,73.15419619
t_8219,72.13405426,72.13405426,72.13405426,72.13405426
t_8220,71.83516078,71.83516078,71.83516078,71.83516078
t_8221,72.27862249,72.27862249,72.27862249,72.27862249
t_8222,73.43499127,73.43499127,73.43499127,73.43499127
t_8223,75.22645744,75.22645744,75.22645744,75.22645744
t_8224,77.53231717,77.53231717,77.53231717,77.53231717
t_8225,80.19733069,80.19733069,80.19733069,80.19733069
t_8226,83.04239307,83.04239307,83.04239307,83.04239307
t_8227,85.87678504,85.87678504,85.87678504,85.87678504
t_8228,88.51116672,88.51116672,88.51116672,88.51116672
t_8229,90.7704302,90.7704302,90.7704302,90.7704302
t_8230,92.50553936,92.50553936,92.50553936,92.50553936
t_8231,93.60355776,93.60355776,93.60355776,93.60355776
t_8232,93.99519053,93.99519053,93.99519053,93.99519053
t_8233,93.65933778,93.65933778,93.65933778,93.65933778
t_8234,92.62436116,92.62436116,92.62436116,92.62436116
t_8235,90.96598899,90.96598899,90.96598899,90.96598899
t_8236,88.80201391,88.80201391,88.80201391,88.80201391
t_8237,86.28415346,86.28415346,86.28415346,86.28415346
t_8238,83.58763541,83.58763541,83.58763541,83.58763541
t_8239,80.89922189,80.89922189,80.89922189,80.89922189
t_8240,78.4044896,78.4044896,78.4044896,78.4044896
t_8241,76.27523154,76.27523154,76.27523154,76.27523154
t_8242,74.65783415,74.65783415,74.65783415,74.65783415
t_8243,73.66341529,73.66341529,73.66341529,73.66341529
t_8244,73.36038627,73.36038627,73.36038627,73.36038627
t_8245,73.76993497,73.76993497,73.76993497,73.76993497
t_8246,74.86472747,74.86472747,74.86472747,74.86472747
t_8247,76.57090654,76.57090654,76.57090654,76.57090654
t_8248,78.7732416,78.7732416,78.7732416,78.7732416
t_8249,81.32307162,81.32307162,81.32307162,81.32307162
t_8250,84.04849416,84.04849416,84.04849416,84.04849416
t_8251,86.76610321,86.76610321,86.76610321,86.76610321
t_8252,89.29347524,89.29347524,89.29347524,89.29347524
t_8253,91.46155466,91.46155466,91.46155466,91.46155466
t_8254,93.12609896,93.12609896,93.12609896,93.12609896
t_8255,94.17740982,94.17740982,94.17740982,94.17740982
t_8256,94.54769466,94.54769466,94.54769466,94.54769466
t_8257,94.2155656,94.2155656,94.2155656,94.2155656
t_8258,93.20737786,93.20737786,93.20737786,93.20737786
t_8259,91.59532476,91.59532476,91.59532476,91.59532476
t_8260,89.49242644,89.49242644,89.49242644,89.49242644
t_8261,87.04475962,87.04475962,87.04475962,87.04475962
t_8262,84.42146188,84.42146188,84.42146188,84.42146188
t_8263,81.80319348,81.80319348,81.80319348,81.80319348
t_8264,79.36984268,79.36984268,79.36984268,79.36984268
t_8265,77.28831027,77.28831027,77.28831027,77.28831027
t_8266,75.70120126,75.70120126,75.70120126,75.70120126
t_8267,74.71718904,74.71718904,74.71718904,74.71718904
t_8268,74.40370196,74.40370196,74.40370196,74.40370196
t_8269,74.78242361,74.78242361,74.78242361,74.78242361
t_8270,75.82790645,75.82790645,75.82790645,75.82790645
t_8271,77.46938698,77.46938698,77.46938698,77.46938698
t_8272,79.59567306,79.59567306,79.59567306,79.59567306
t_8273,82.06276669,82.06276669,82.06276669,82.06276669
t_8274,84.70370009,84.70370009,84.70370009,84.70370009
t_8275,87.33991434,87.33991434,87.33991434,87.33991434
t_8276,89.79340622,89.79340622,89.79340622,89.79340622
t_8277,91.89881811,91.89881811,91.89881811,91.89881811
t_8278,93.51465114,93.51465114,93.51465114,93.51465114
t_8279,94.53284225,94.53284225,94.53284225,94.53284225
t_8280,94.88605815,94.88605815,94.88605815,94.88605815
t_8281,94.55221445,94.55221445,94.55221445,94.55221445
t_8282,93.55591751,93.55591751,93.55591751,93.55591751
t_8283,91.96673497,91.96673497,91.96673497,91.96673497
t_8284,89.89441639,89.89441639,89.89441639,89.89441639
t_8285,87.48139191,87.48139191,87.48139191,87.48139191
t_8286,84.89306077,84.89306077,84.89306077,84.89306077
t_8287,82.30653095,82.30653095,82.30653095,82.30653095
t_8288,79.89857537,79.89857537,79.89857537,79.89857537
t_8289,77.8336224,77.8336224,77.8336224,77.8336224
t_8290,76.25259533,76.25259533,76.25259533,76.25259533
t_8291,75.2633571,75.2633571,75.2633571,75.2633571
t_8292,74.93340722,74.93340722,74.93340722,74.93340722
t_8293,75.28532445,75.28532445,75.28532445,75.28532445
t_8294,76.29526253,76.29526253,76.29526253,76.29526253
t_8295,77.89459888,77.89459888,77.89459888,77.89459888
t_8296,79.97462237,79.97462237,79.97462237,79.97462237
t_8297,82.39394065,82.39394065,82.39394065,82.39394065
t_8298,84.98810277,84.98810277,84.98810277,84.98810277
t_8299,87.58078347,87.58078347,87.58078347,87.58078347
t_8300,89.9957695,89.9957695,89.9957695,89.9957695
t_8301,92.06893451,92.06893451,92.06893451,92.06893451
t_8302,93.65938993,93.65938993,93.65938993,93.65938993
t_8303,94.65905544,94.65905544,94.65905544,94.65905544
t_8304,95.0,95.0,95.0,95.0
t_8305,87.04466741,87.04466741,87.04466741,87.04466741
t_8306,85.60920285,85.60920285,85.60920285,85.60920285
t_8307,83.30216052,83.30216052,83.30216052,83.30216052
t_8308,80.29084719,80.29084719,80.29084719,80.29084719
t_8309,76.78965409,76.78965409,76.78965409,76.78965409
t_8310,73.04524234,73.04524234,73.04524234,73.04524234
t_8311,69.31960553,69.31960553,69.31960553,69.31960553
t_8312,65.87217243,65.87217243,65.87217243,65.87217243
t_8313,62.94217238,62.94217238,62.94217238,62.94217238
t_8314,60.73246182,60.73246182,60.73246182,60.73246182
t_8315,59.39590542,59.39590542,59.39590542,59.39590542
t_8316,59.0252255,59.0252255,59.0252255,59.0252255
t_8317,59.64699332,59.64699332,59.64699332,59.64699332
t_8318,61.22015022,61.22015022,61.22015022,61.22015022
t_8319,63.63913675,63.63913675,63.63913675,63.63913675
t_8320,66.74139371,66.74139371,66.74139371,66.74139371
t_8321,70.31870302,70.31870302,70.31870302,70.31870302
t_8322,74.1315774,74.1315774,74.1315774,74.1315774
t_8323,77.92570484,77.92570484,77.92570484,77.92570484
t_8324,81.44931859,81.44931859,81.44931859,81.44931859
t_8325,84.47030666,84.47030666,84.47030666,84.47030666
t_8326,86.79189793,86.79189793,86.79189793,86.79189793
t_8327,88.2658655,88.2658655,88.2658655,88.2658655
t_8328,88.80236133,88.80236133,88.80236133,88.80236133
t_8329,88.37573069,88.37573069,88.37573069,88.37573069
t_8330,87.02593119,87.02593119,87.02593119,87.02593119
t_8331,84.85548229,84.85548229,84.85548229,84.85548229
t_8332,82.02217572,82.02217572,82.02217572,82.02217572
t_8333,78.72806399,78.72806399,78.72806399,78.72806399
t_8334,75.20549517,75.20549517,75.20549517,75.20549517
t_8335,71.70115882,71.70115882,71.70115882,71.70115882
t_8336,68.45923806,68.45923806,68.45923806,68.45923806
t_8337,65.70481847,65.70481847,65.70481847,65.70481847
t_8338,63.62868051,63.62868051,63.62868051,63.62868051
t_8339,62.37450271,62.37450271,62.37450271,62.37450271
t_8340,62.02933329,62.02933329,62.02933329,62.02933329
t_8341,62.61796143,62.61796143,62.61796143,62.61796143
t_8342,64.10155074,64.10155074,64.10155074,64.10155074
t_8343,66.38060592,66.38060592,66.38060592,66.38060592
t_8344,69.30204849,69.30204849,69.30204849,69.30204849
t_8345,72.66989924,72.66989924,72.66989924,72.66989924
t_8346,76.25882249,76.25882249,76.25882249,76.25882249
t_8347,79.8295964,79.8295964,79.8295964,79.8295964
t_8348,83.14544756,83.14544756,83.14544756,83.14544756
t_8349,85.98813491,85.98813491,85.98813491,85.98813491
t_8350,88.17269068,88.17269068,88.17269068,88.17269068
t_8351,89.5598233,89.5598233,89.5598233,89.5598233
t_8352,90.06515107,90.06515107,90.06515107,90.06515107
t_8353,89.66465544,89.66465544,89.66465544,89.66465544
t_8354,88.39600261,88.39600261,88.39600261,88.39600261
t_8355,86.35566522,86.35566522,86.35566522,86.35566522
t_8356,83.69206147,83.69206147,83.69206147,83.69206147
t_8357,80.59519859,80.59519859,80.59519859,80.59519859
t_8358,77.2835429,77.2835429,77.2835429,77.2835429
t_8359,73.98902321,73.98902321,73.98902321,73.98902321
t_8360,70.94119649,70.94119649,70.94119649,70.94119649
t_8361,68.35165648,68.35165648,68.35165648,68.35165648
t_8362,66.3997436,66.3997436,66.3997436,66.3997436
t_8363,65.2205206,65.2205206,65.2205206,65.2205206
t_8364,64.89581958,64.89581958,64.89581958,64.89581958
t_8365,65.44895277,65.44895277,65.44895277,65.44895277
t_8366,66.84342774,66.84342774,66.84342774,66.84342774
t_8367,68.98573357,68.98573357,68.98573357,68.98573357
t_8368,71.7319877,71.7319877,71.7319877,71.7319877
t_8369,74.89797187,74.89797187,74.89797187,74.89797187
t_8370,78.27185767,78.27185767,78.27185767,78.27185767
t_8371,81.62874317,81.62874317,81.62874317,81.62874317
t_8372,84.7460037,84.7460037,84.7460037,84.7460037
t_8373,87.41840923,87.41840923,87.41840923,87.41840923
t_8374,89.4719828,89.4719828,89.4719828,89.4719828
t_8375,90.7756645,90.7756645,90.7756645,90.7756645
t_8376,91.25,91.25,91.25,91.25
t_8377,90.87227833,90.87227833,90.87227833,90.87227833
t_8378,89.67778819,89.67778819,89.67778819,89.67778819
t_8379,87.757127,87.757127,87.757127,87.757127
t_8380,85.2497658,85.2497658,85.2497658,85.2497658
t_8381,82.33432597,82.33432597,82.33432597,82.33432597
t_8382,79.2162451,79.2162451,79.2162451,79.2162451
t_8383,76.1136831,76.1136831,76.1136831,76.1136831
t_8384,73.24263467,73.24263467,73.24263467,73.24263467
t_8385,70.80226359,70.80226359,70.80226359,70.80226359
t_8386,68.96145373,68.96145373,68.96145373,68.96145373
t_8387,67.84748428,67.84748428,67.84748428,67.84748428
t_8388,67.53758764,67.53758764,67.53758764,67.53758764
t_8389,68.05394911,68.05394911,68.05394911,68.05394911
t_8390,69.36247067,69.36247067,69.36247067,69.36247067
t_8391,71.3753642,71.3753642,71.3753642,71.3753642
t_8392,73.95737888,73.95737888,73.95737888,73.95737888
t_8393,76.93522206,76.93522206,76.93522206,76.93522206
t_8394,80.10951786,80.10951786,80.10951786,80.10951786
t_8395,83.26847899,83.26847899,83.26847899,83.26847899
t_8396,86.20235491,86.20235491,86.20235491,86.20235491
t_8397,88.71767146,88.71767146,88.71767146,88.71767146
t_8398,90.65029596,90.65029596,90.65029596,90.65029596
t_8399,91.8764464,91.8764464,91.8764464,91.8764464
t_8400,92.32090707,92.32090707,92.32090707,92.32090707
t_8401,91.96190635,91.96190635,91.96190635,91.96190635
t_8402,90.83234152,90.83234152,90.83234152,90.83234152
t_8403,89.01728492,89.01728492,89.01728492,89.01728492
t_8404,86.64795866,86.64795866,86.64795866,86.64795866
t_8405,83.89260362,83.89260362,83.89260362,83.89260362
t_8406,80.9448776,80.9448776,80.9448776,80.9448776
t_8407,78.01058177,78.01058177,78.01058177,78.01058177
t_8408,75.29362457,75.29362457,75.29362457,75.29362457
t_8409,72.98217933,72.98217933,72.98217933,72.98217933
t_8410,71.23597465,71.23597465,71.23597465,71.23597465
t_8411,70.17557478,70.17557478,70.17557478,70.17557478
t_8412,69.87436867,69.87436867,69.87436867,69.87436867
t_8413,70.35379894,70.35379894,70.35379894,70.35379894
t_8414,71.58213969,71.58213969,71.58213969,71.58213969
t_8415,73.47689009,73.47689009,73.47689009,73.47689009
t_8416,75.91060462,75.91060462,75.91060462,75.91060462
t_8417,78.71974898,78.71974898,78.71974898,78.71974898
t_8418,81.71596671,81.71596671,81.71596671,81.71596671
t_8419,84.69898131,84.69898131,84.69898131,84.69898131
t_8420,87.47025071,87.47025071,87.47025071,87.47025071
t_8421,89.84644418,89.84644418,89.84644418,89.84644418
t_8422,91.67182773,91.67182773,91.67182773,91.67182773
t_8423,92.8287223,92.8287223,92.8287223,92.8287223
t_8424,93.24533332,93.24533332,93.24533332,93.24533332
t_8425,92.90043171,92.90043171,92.90043171,92.90043171
t_8426,91.82458209,91.82458209,91.82458209,91.82458209
t_8427,90.09784972,90.09784972,90.09784972,90.09784972
t_8428,87.84415665,87.84415665,87.84415665,87.84415665
t_8429,85.22268405,85.22268405,85.22268405,85.22268405
t_8430,82.41691675,82.41691675,82.41691675,82.41691675
t_8431,79.62208292,79.62208292,79.62208292,79.62208292
t_8432,77.03184789,77.03184789,77.03184789,77.03184789
t_8433,74.82516808,74.82516808,74.82516808,74.82516808
t_8434,73.15419619,73.15419619,73.15419619,73.15419619
t_8435,72.13405426,72.13405426,72.13405426,72.13405426
t_8436,71.83516078,71.83516078,71.83516078,71.83516078
t_8437,72.27862249,72.27862249,72.27862249,72.27862249
t_8438,73.43499127,73.43499127,73.43499127,73.43499127
t_8439,75.22645744,75.22645744,75.22645744,75.22645744
t_8440,77.53231717,77.53231717,77.53231717,77.53231717
t_8441,80.19733069,80.19733069,80.19733069,80.19733069
t_8442,83.04239307,83.04239307,83.04239307,83.04239307
t_8443,85.87678504,85.87678504,85.87678504,85.87678504
t_8444,88.51116672,88.51116672,88.51116672,88.51116672
t_8445,90.7704302,90.7704302,90.7704302,90.7704302
t_8446,92.50553936,92.50553936,92.50553936,92.50553936
t_8447,93.60355776,93.60355776,93.60355776,93.60355776
t_8448,93.99519053,93.99519053,93.99519053,93.99519053
t_8449,93.65933778,93.65933778,93.65933778,93.65933778
t_8450,92.62436116,92.62436116,92.62436116,92.62436116
t_8451,90.96598899,90.96598899,90.96598899,90.96598899
t_8452,88.80201391,88.80201391,88.80201391,88.80201391
t_8453,86.28415346,86.28415346,86.28415346,86.28415346
t_8454,83.58763541,83.58763541,83.58763541,83.58763541
t_8455,80.89922189,80.89922189,80.89922189,80.89922189
t_8456,78.4044896,78.4044896,78.4044896,78.4044896
t_8457,76.27523154,76.27523154,76.27523154,76.27523154
t_8458,74.65783415,74.65783415,74.65783415,74.65783415
t_8459,73.66341529,73.66341529,73.66341529,73.66341529
t_8460,73.36038627,73.36038627,73.36038627,73.36038627
t_8461,73.76993497,73.76993497,73.76993497,73.76993497
t_8462,74.86472747,74.86472747,74.86472747,74.86472747
t_8463,76.57090654,76.57090654,76.57090654,76.57090654
t_8464,78.7732416,78.7732416,78.7732416,78.7732416
t_8465,81.32307162,81.32307162,81.32307162,81.32307162
t_8466,84.04849416,84.04849416,84.04849416,84.04849416
t_8467,86.76610321,86.76610321,86.76610321,86.76610321
t_8468,89.29347524,89.29347524,89.29347524,89.29347524
t_8469,91.46155466,91.46155466,91.46155466,91.46155466
t_8470,93.12609896,93.12609896,93.12609896,93.12609896
t_8471,94.17740982,94.17740982,94.17740982,94.17740982
t_8472,94.54769466,94.54769466,94.54769466,94.54769466
t_8473,94.2155656,94.2155656,94.2155656,94.2155656
t_8474,93.20737786,93.20737786,93.20737786,93.20737786
t_8475,91.59532476,91.59532476,91.59532476,91.59532476
t_8476,89.49242644,89.49242644,89.49242644,89.49242644
t_8477,87.04475962,87.04475962,87.04475962,87.04475962
t_8478,84.42146188,84.42146188,84.42146188,84.42146188
t_8479,81.80319348,81.80319348,81.80319348,81.80319348
t_8480,79.36984268,79.36984268,79.36984268,79.36984268
t_8481,77.28831027,77.28831027,77.28831027,77.28831027
t_8482,75.70120126,75.70120126,75.70120126,75.70120126
t_8483,74.71718904,74.71718904,74.71718904,74.71718904
t_8484,74.40370196,74.40370196,74.40370196,74.40370196
t_8485,74.78242361,74.78242361,74.78242361,74.78242361
t_8486,75.82790645,75.82790645,75.82790645,75.82790645
t_8487,77.46938698,77.46938698,77.46938698,77.46938698
t_8488,79.59567306,79.59567306,79.59567306,79.59567306
t_8489,82.06276669,82.06276669,82.06276669,82.06276669
t_8490,84.70370009,84.70370009,84.70370009,84.70370009
t_8491,87.33991434,87.33991434,87.33991434,87.33991434
t_8492,89.79340622,89.79340622,89.79340622,89.79340622
t_8493,91.89881811,91.89881811,91.89881811,91.89881811
t_8494,93.51465114,93.51465114,93.51465114,93.51465114
t_8495,94.53284225,94.53284225,94.53284225,94.53284225
t_8496,94.88605815,94.88605815,94.88605815,94.88605815
t_8497,94.55221445,94.55221445,94.55221445,94.55221445
t_8498,93.55591751,93.55591751,93.55591751,93.55591751
t_8499,91.96673497,91.96673497,91.96673497,91.96673497
t_8500,89.89441639,89.89441639,89.89441639,89.89441639
t_8501,87.48139191,87.48139191,87.48139191,87.48139191
t_8502,84.89306077,84.89306077,84.89306077,84.89306077
t_8503,82.30653095,82.30653095,82.30653095,82.30653095
t_8504,79.89857537,79.89857537,79.89857537,79.89857537
t_8505,77.8336224,77.8336224,77.8336224,77.8336224
t_8506,76.25259533,76.25259533,76.25259533,76.25259533
t_8507,75.2633571,75.2633571,75.2633571,75.2633571
t_8508,74.93340722,74.93340722,74.93340722,74.93340722
t_8509,75.28532445,75.28532445,75.28532445,75.28532445
t_8510,76.29526253,76.29526253,76.29526253,76.29526253
t_8511,77.89459888,77.89459888,77.89459888,77.89459888
t_8512,79.97462237,79.97462237,79.97462237,79.97462237
t_8513,82.39394065,82.39394065,82.39394065,82.39394065
t_8514,84.98810277,84.98810277,84.98810277,84.98810277
t_8515,87.58078347,87.58078347,87.58078347,87.58078347
t_8516,89.9957695,89.9957695,89.9957695,89.9957695
t_8517,92.06893451,92.06893451,92.06893451,92.06893451
t_8518,93.65938993,93.65938993,93.65938993,93.65938993
t_8519,94.65905544,94.65905544,94.65905544,94.65905544
t_8520,95.0,95.0,95.0,95.0
t_8521,87.04466741,87.04466741,87.04466741,87.04466741
t_8522,85.60920285,85.60920285,85.60920285,85.60920285
t_8523,83.30216052,83.30216052,83.30216052,83.30216052
t_8524,80.29084719,80.29084719,80.29084719,80.29084719
t_8525,76.78965409,76.78965409,76.78965409,76.78965409
t_8526,73.04524234,73.04524234,73.04524234,73.04524234
t_8527,69.31960553,69.31960553,69.31960553,69.31960553
t_8528,65.87217243,65.87217243,65.87217243,65.87217243
t_8529,62.94217238,62.94217238,62.94217238,62.94217238
t_8530,60.73246182,60.73246182,60.73246182,60.73246182
t_8531,59.39590542,59.39590542,59.39590542,59.39590542
t_8532,59.0252255,59.0252255,59.0252255,59.0252255
t_8533,59.64699332,59.64699332,59.64699332,59.64699332
t_8534,61.22015022,61.22015022,61.22015022,61.22015022
t_8535,63.63913675,63.63913675,63.63913675,63.63913675
t_8536,66.74139371,66.74139371,66.74139371,66.74139371
t_8537,70.31870302,70.31870302,70.31870302,70.31870302
t_8538,74.1315774,74.1315774,74.1315774,74.1315774
t_8539,77.92570484,77.92570484,77.92570484,77.92570484
t_8540,81.44931859,81.44931859,81.44931859,81.44931859
t_8541,84.47030666,84.47030666,84.47030666,84.47030666
t_8542,86.79189793,86.79189793,86.79189793,86.79189793
t_8543,88.2658655,88.2658655,88.2658655,88.2658655
t_8544,88.80236133,88.80236133,88.80236133,88.80236133
t_8545,88.37573069,88.37573069,88.37573069,88.37573069
t_8546,87.02593119,87.02593119,87.02593119,87.02593119
t_8547,84.85548229,84.85548229,84.85548229,84.85548229
t_8548,82.02217572,82.02217572,82.02217572,82.02217572
t_8549,78.72806399,78.72806399,78.72806399,78.72806399
t_8550,75.20549517,75.20549517,75.20549517,75.20549517
t_8551,71.70115882,71.70115882,71.70115882,71.70115882
t_8552,68.45923806,68.45923806,68.45923806,68.45923806
t_8553,65.70481847,65.70481847,65.70481847,65.70481847
t_8554,63.62868051,63.62868051,63.62868051,63.62868051
t_8555,62.37450271,62.37450271,62.37450271,62.37450271
t_8556,62.02933329,62.02933329,62.02933329,62.02933329
t_8557,62.61796143,62.61796143,62.61796143,62.61796143
t_8558,64.10155074,64.10155074,64.10155074,64.10155074
t_8559,66.38060592,66.38060592,66.38060592,66.38060592
t_8560,69.30204849,69.30204849,69.30204849,69.30204849
t_8561,72.66989924,72.66989924,72.66989924,72.66989924
t_8562,76.25882249,76.25882249,76.25882249,76.25882249
t_8563,79.8295964,79.8295964,79.8295964,79.8295964
t_8564,83.14544756,83.14544756,83.14544756,83.14544756
t_8565,85.98813491,85.98813491,85.98813491,85.98813491
t_8566,88.17269068,88.17269068,88.17269068,88.17269068
t_8567,89.5598233,89.5598233,89.5598233,89.5598233
t_8568,90.06515107,90.06515107,90.06515107,90.06515107
t_8569,89.66465544,89.66465544,89.66465544,89.66465544
t_8570,88.39600261,88.39600261,88.39600261,88.39600261
t_8571,86.35566522,86.35566522,86.35566522,86.35566522
t_8572,83.69206147,83.69206147,83.69206147,83.69206147
t_8573,80.59519859,80.59519859,80.59519859,80.59519859
t_8574,77.2835429,77.2835429,77.2835429,77.2835429
t_8575,73.98902321,73.98902321,73.98902321,73.98902321
t_8576,70.94119649,70.94119649,70.94119649,70.94119649
t_8577,68.35165648,68.35165648,68.35165648,68.35165648
t_8578,66.3997436,66.3997436,66.3997436,66.3997436
t_8579,65.2205206,65.2205206,65.2205206,65.2205206
t_8580,64.89581958,64.89581958,64.89581958,64.89581958
t_8581,65.44895277,65.44895277,65.44895277,65.44895277
t_8582,66.84342774,66.84342774,66.84342774,66.84342774
t_8583,68.98573357,68.98573357,68.98573357,68.98573357
t_8584,71.7319877,71.7319877,71.7319877,71.7319877
t_8585,74.89797187,74.89797187,74.89797187,74.89797187
t_8586,78.27185767,78.27185767,78.27185767,78.27185767
t_8587,81.62874317,81.62874317,81.62874317,81.62874317
t_8588,84.7460037,84.7460037,84.7460037,84.7460037
t_8589,87.41840923,87.41840923,87.41840923,87.41840923
t_8590,89.4719828,89.4719828,89.4719828,89.4719828
t_8591,90.7756645,90.7756645,90.7756645,90.7756645
t_8592,91.25,91.25,91.25,91.25
t_8593,90.87227833,90.87227833,90.87227833,90.87227833
t_8594,89.67778819,89.67778819,89.67778819,89.67778819
t_8595,87.757127,87.757127,87.757127,87.757127
t_8596,85.2497658,85.2497658,85.2497658,85.2497658
t_8597,82.33432597,82.33432597,82.33432597,82.33432597
t_8598,79.2162451,79.2162451,79.2162451,79.2162451
t_8599,76.1136831,76.1136831,76.1136831,76.1136831
t_8600,73.24263467,73.24263467,73.24263467,73.24263467
t_8601,70.80226359,70.80226359,70.80226359,70.80226359
t_8602,68.96145373,68.96145373,68.96145373,68.96145373
t_8603,67.84748428,67.84748428,67.84748428,67.84748428
t_8604,67.53758764,67.53758764,67.53758764,67.53758764
t_8605,68.05394911,68.05394911,68.05394911,68.05394911
t_8606,69.36247067,69.36247067,69.36247067,69.36247067
t_8607,71.3753642,71.3753642,71.3753642,71.3753642
t_8608,73.95737888,73.95737888,73.95737888,73.95737888
t_8609,76.93522206,76.93522206,76.93522206,76.93522206
t_8610,80.10951786,80.10951786,80.10951786,80.10951786
t_8611,83.26847899,83.26847899,83.26847899,83.26847899
t_8612,86.20235491,86.20235491,86.20235491,86.20235491
t_8613,88.71767146,88.71767146,88.71767146,88.71767146
t_8614,90.65029596,90.65029596,90.65029596,90.65029596
t_8615,91.8764464,91.8764464,91.8764464,91.8764464
t_8616,92.32090707,92.32090707,92.32090707,92.32090707
t_8617,91.96190635,91.96190635,91.96190635,91.96190635
t_8618,90.83234152,90.83234152,90.83234152,90.83234152
t_8619,89.01728492,89.01728492,89.01728492,89.01728492
t_8620,86.64795866,86.64795866,86.64795866,86.64795866
t_8621,83.89260362,83.89260362,83.89260362,83.89260362
t_8622,80.9448776,80.9448776,80.9448776,80.9448776
t_8623,78.01058177,78.01058177,78.01058177,78.01058177
t_8624,75.29362457,75.29362457,75.29362457,75.29362457
t_8625,72.98217933,72.98217933,72.98217933,72.98217933
t_8626,71.23597465,71.23597465,71.23597465,71.23597465
t_8627,70.17557478,70.17557478,70.17557478,70.17557478
t_8628,69.87436867,69.87436867,69.87436867,69.87436867
t_8629,70.35379894,70.35379894,70.35379894,70.35379894
t_8630,71.58213969,71.58213969,71.58213969,71.58213969
t_8631,73.47689009,73.47689009,73.47689009,73.47689009
t_8632,75.91060462,75.91060462,75.91060462,75.91060462
t_8633,78.71974898,78.71974898,78.71974898,78.71974898
t_8634,81.71596671,81.71596671,81.71596671,81.71596671
t_8635,84.69898131,84.69898131,84.69898131,84.69898131
t_8636,87.47025071,87.47025071,87.47025071,87.47025071
t_8637,89.84644418,89.84644418,89.84644418,89.84644418
t_8638,91.67182773,91.67182773,91.67182773,91.67182773
t_8639,92.8287223,92.8287223,92.8287223,92.8287223
t_8640,93.24533332,93.24533332,93.24533332,93.24533332
t_8641,92.90043171,92.90043171,92.90043171,92.90043171
t_8642,91.82458209,91.82458209,91.82458209,91.82458209
t_8643,90.09784972,90.09784972,90.09784972,90.09784972
t_8644,87.84415665,87.84415665,87.84415665,87.84415665
t_8645,85.22268405,85.22268405,85.22268405,85.22268405
t_8646,82.41691675,82.41691675,82.41691675,82.41691675
t_8647,79.62208292,79.62208292,79.62208292,79.62208292
t_8648,77.03184789,77.03184789,77.03184789,77.03184789
t_8649,74.82516808,74.82516808,74.82516808,74.82516808
t_8650,73.15419619,73.15419619,73.15419619,73.15419619
t_8651,72.13405426,72.13405426,72.13405426,72.13405426
t_8652,71.83516078,71.83516078,71.83516078,71.83516078
t_8653,72.27862249,72.27862249,72.27862249,72.27862249
t_8654,73.43499127,73.43499127,73.43499127,73.43499127
t_8655,75.22645744,75.22645744,75.22645744,75.22645744
t_8656,77.53231717,77.53231717,77.53231717,77.53231717
t_8657,80.19733069,80.19733069,80.19733069,80.19733069
t_8658,83.04239307,83.04239307,83.04239307,83.04239307
t_8659,85.87678504,85.87678504,85.87678504,85.87678504
t_8660,88.51116672,88.51116672,88.51116672,88.51116672
t_8661,90.7704302,90.7704302,90.7704302,90.7704302
t_8662,92.50553936,92.50553936,92.50553936,92.50553936
t_8663,93.60355776,93.60355776,93.60355776,93.60355776
t_8664,93.99519053,93.99519053,93.99519053,93.99519053
t_8665,93.65933778,93.65933778,93.65933778,93.65933778
t_8666,92.62436116,92.62436116,92.62436116,92.62436116
t_8667,90.96598899,90.96598899,90.96598899,90.96598899
t_8668,88.80201391,88.80201391,88.80201391,88.80201391
t_8669,86.28415346,86.28415346,86.28415346,86.28415346
t_8670,83.58763541,83.58763541,83.58763541,83.58763541
t_8671,80.89922189,80.89922189,80.89922189,80.89922189
t_8672,78.4044896,78.4044896,78.4044896,78.4044896
t_8673,76.27523154,76.27523154,76.27523154,76.27523154
t_8674,74.65783415,74.65783415,74.65783415,74.65783415
t_8675,73.66341529,73.66341529,73.66341529,73.66341529
t_8676,73.36038627,73.36038627,73.36038627,73.36038627
t_8677,73.76993497,73.76993497,73.76993497,73.76993497
t_8678,74.86472747,74.86472747,74.86472747,74.86472747
t_8679,76.57090654,76.57090654,76.57090654,76.57090654
t_8680,78.7732416,78.7732416,78.7732416,78.7732416
t_8681,81.32307162,81.32307162,81.32307162,81.32307162
t_8682,84.04849416,84.04849416,84.04849416,84.04849416
t_8683,86.76610321,86.76610321,86.76610321,86.76610321
t_8684,89.29347524,89.29347524,89.29347524,89.29347524
t_8685,91.46155466,91.46155466,91.46155466,91.46155466
t_8686,93.12609896,93.12609896,93.12609896,93.12609896
t_8687,94.17740982,94.17740982,94.17740982,94.17740982
t_8688,94.54769466,94.54769466,94.54769466,94.54769466
t_8689,94.2155656,94.2155656,94.2155656,94.2155656
t_8690,93.20737786,93.20737786,93.20737786,93.20737786
t_8691,91.59532476,91.59532476,91.59532476,91.59532476
t_8692,89.49242644,89.49242644,89.49242644,89.49242644
t_8693,87.04475962,87.04475962,87.04475962,87.04475962
t_8694,84.42146188,84.42146188,84.42146188,84.42146188
t_8695,81.80319348,81.80319348,81.80319348,81.80319348
t_8696,79.36984268,79.36984268,79.36984268,79.36984268
t_8697,77.28831027,77.28831027,77.28831027,77.28831027
t_8698,75.70120126,75.70120126,75.70120126,75.70120126
t_8699,74.71718904,74.71718904,74.71718904,74.71718904
t_8700,74.40370196,74.40370196,74.40370196,74.40370196
t_8701,74.78242361,74.78242361,74.78242361,74.78242361
t_8702,75.82790645,75.82790645,75.82790645,75.82790645
t_8703,77.46938698,77.46938698,77.46938698,77.46938698
t_8704,79.59567306,79.59567306,79.59567306,79.59567306
t_8705,82.06276669,82.06276669,82.06276669,82.06276669
t_8706,84.70370009,84.70370009,84.70370009,84.70370009
t_8707,87.33991434,87.33991434,87.33991434,87.33991434
t_8708,89.79340622,89.79340622,89.79340622,89.79340622
t_8709,91.89881811,91.89881811,91.89881811,91.89881811
t_8710,93.51465114,93.51465114,93.51465114,93.51465114
t_8711,94.53284225,94.53284225,94.53284225,94.53284225
t_8712,94.88605815,94.88605815,94.88605815,94.88605815
t_8713,94.55221445,94.55221445,94.55221445,94.55221445
t_8714,93.55591751,93.55591751,93.55591751,93.55591751
t_8715,91.96673497,91.96673497,91.96673497,91.96673497
t_8716,89.89441639,89.89441639,89.89441639,89.89441639
t_8717,87.48139191,87.48139191,87.48139191,87.48139191
t_8718,84.89306077,84.89306077,84.89306077,84.89306077
t_8719,82.30653095,82.30653095,82.30653095,82.30653095
t_8720,79.89857537,79.89857537,79.89857537,79.89857537
t_8721,77.8336224,77.8336224,77.8336224,77.8336224
t_8722,76.25259533,76.25259533,76.25259533,76.25259533
t_8723,75.2633571,75.2633571,75.2633571,75.2633571
t_8724,74.93340722,74.93340722,74.93340722,74.93340722
t_8725,75.28532445,75.28532445,75.28532445,75.28532445
t_8726,76.29526253,76.29526253,76.29526253,76.29526253
t_8727,77.89459888,77.89459888,77.89459888,77.89459888
t_8728,79.97462237,79.97462237,79.97462237,79.97462237
t_8729,82.39394065,82.39394065,82.39394065,82.39394065
t_8730,84.98810277,84.98810277,84.98810277,84.98810277
t_8731,87.58078347,87.58078347,87.58078347,87.58078347
t_8732,89.9957695,89.9957695,89.9957695,89.9957695
t_8733,92.06893451,92.06893451,92.06893451,92.06893451
t_8734,93.65938993,93.65938993,93.65938993,93.65938993
t_8735,94.65905544,94.65905544,94.65905544,94.65905544
t_8736,95.0,95.0,95.0,95.0
t_8737,87.04466741,87.04466741,87.04466741,87.04466741
t_8738,85.60920285,85.60920285,85.60920285,85.60920285
t_8739,83.30216052,83.30216052,83.30216052,83.30216052
t_8740,80.29084719,80.29084719,80.29084719,80.29084719
t_8741,76.78965409,76.78965409,76.78965409,76.78965409
t_8742,73.04524234,73.04524234,73.04524234,73.04524234
t_8743,69.31960553,69.31960553,69.31960553,69.31960553
t_8744,65.87217243,65.87217243,65.87217243,65.87217243
t_8745,62.94217238,62.94217238,62.94217238,62.94217238
t_8746,60.73246182,60.73246182,60.73246182,60.73246182
t_8747,59.39590542,59.39590542,59.39590542,59.39590542
t_8748,59.0252255,59.0252255,59.0252255,59.0252255
t_8749,59.64699332,59.64699332,59.64699332,59.64699332
t_8750,61.22015022,61.22015022,61.22015022,61.22015022
t_8751,63.63913675,63.63913675,63.63913675,63.63913675
t_8752,66.74139371,66.74139371,66.74139371,66.74139371
t_8753,70.31870302,70.31870302,70.31870302,70.31870302
t_8754,74.1315774,74.1315774,74.1315774,74.1315774
t_8755,77.92570484,77.92570484,77.92570484,77.92570484
t_8756,81.44931859,81.44931859,81.44931859,81.44931859
t_8757,84.47030666,84.47030666,84.47030666,84.47030666
t_8758,86.79189793,86.79189793,86.79189793,86.79189793
t_8759,88.2658655,88.2658655,88.2658655,88.2658655
t_8760,88.80236133,88.80236133,88.80236133,88.80236133
