time_step,DE00,AT00,FR00,IT00
t_1,60.1494,60.1494,60.1494,60.1494
t_10,0.0,0.0,0.0,0.0
t_100,60.1494,60.1494,60.1494,60.1494
t_1000,81.0944,81.0944,81.0944,81.0944
t_1001,107.022,107.022,107.022,107.022
t_1002,107.022,107.022,107.022,107.022
t_1003,107.022,107.022,107.022,107.022
t_1004,107.022,107.022,107.022,107.022
t_1005,107.022,107.022,107.022,107.022
t_1006,107.022,107.022,107.022,107.022
t_1007,107.022,107.022,107.022,107.022
t_1008,107.022,107.022,107.022,107.022
t_1009,107.022,107.022,107.022,107.022
t_101,60.1494,60.1494,60.1494,60.1494
t_1010,107.022,107.022,107.022,107.022
t_1011,107.022,107.022,107.022,107.022
t_1012,107.022,107.022,107.022,107.022
t_1013,107.022,107.022,107.022,107.022
t_1014,107.022,107.022,107.022,107.022
t_1015,107.022,107.022,107.022,107.022
t_1016,107.022,107.022,107.022,107.022
t_1017,107.022,107.022,107.022,107.022
t_1018,107.022,107.022,107.022,107.022
t_1019,86.687,86.687,86.687,86.687
t_102,60.1494,60.1494,60.1494,60.1494
t_1020,86.687,86.687,86.687,86.687
t_1021,86.687,86.687,86.687,86.687
t_1022,86.687,86.687,86.687,86.687
t_1023,86.687,86.687,86.687,86.687
t_1024,107.022,107.022,107.022,107.022
t_1025,132.1269,132.1269,132.1269,132.1269
t_1026,132.1269,132.1269,132.1269,132.1269
t_1027,132.1269,132.1269,132.1269,132.1269
t_1028,132.1269,132.1269,132.1269,132.1269
t_1029,132.1269,132.1269,132.1269,132.1269
t_103,68.5239,68.5239,68.5239,68.5239
t_1030,132.1269,132.1269,132.1269,132.1269
t_1031,132.1269,132.1269,132.1269,132.1269
t_1032,132.1269,132.1269,132.1269,132.1269
t_1033,131.4276,131.4276,131.4276,131.4276
t_1034,121.153,121.153,121.153,121.153
t_1035,110.0869,110.0869,110.0869,110.0869
t_1036,110.0052,110.0052,110.0052,110.0052
t_1037,110.0052,110.0052,110.0052,110.0052
t_1038,110.0052,110.0052,110.0052,110.0052
t_1039,132.1269,132.1269,132.1269,132.1269
t_104,68.5239,68.5239,68.5239,68.5239
t_1040,132.1269,132.1269,132.1269,132.1269
t_1041,110.0052,110.0052,110.0052,110.0052
t_1042,107.022,107.022,107.022,107.022
t_1043,107.022,107.022,107.022,107.022
t_1044,107.022,107.022,107.022,107.022
t_1045,107.022,107.022,107.022,107.022
t_1046,107.022,107.022,107.022,107.022
t_1047,107.022,107.022,107.022,107.022
t_1048,110.0052,110.0052,110.0052,110.0052
t_1049,132.1269,132.1269,132.1269,132.1269
t_105,60.1494,60.1494,60.1494,60.1494
t_1050,132.1269,132.1269,132.1269,132.1269
t_1051,132.1269,132.1269,132.1269,132.1269
t_1052,132.1269,132.1269,132.1269,132.1269
t_1053,132.1269,132.1269,132.1269,132.1269
t_1054,132.1269,132.1269,132.1269,132.1269
t_1055,132.1269,132.1269,132.1269,132.1269
t_1056,110.0052,110.0052,110.0052,110.0052
t_1057,107.022,107.022,107.022,107.022
t_1058,107.022,107.022,107.022,107.022
t_1059,107.022,107.022,107.022,107.022
t_106,51.865,51.865,51.865,51.865
t_1060,107.022,107.022,107.022,107.022
t_1061,102.5246,102.5246,102.5246,102.5246
t_1062,106.8335,106.8335,106.8335,106.8335
t_1063,107.022,107.022,107.022,107.022
t_1064,107.022,107.022,107.022,107.022
t_1065,107.022,107.022,107.022,107.022
t_1066,81.0042,81.0042,81.0042,81.0042
t_1067,60.1494,60.1494,60.1494,60.1494
t_1068,60.1494,60.1494,60.1494,60.1494
t_1069,60.1494,60.1494,60.1494,60.1494
t_107,9.0,9.0,9.0,9.0
t_1070,60.1494,60.1494,60.1494,60.1494
t_1071,60.1494,60.1494,60.1494,60.1494
t_1072,60.1494,60.1494,60.1494,60.1494
t_1073,107.022,107.022,107.022,107.022
t_1074,107.022,107.022,107.022,107.022
t_1075,107.022,107.022,107.022,107.022
t_1076,107.022,107.022,107.022,107.022
t_1077,107.022,107.022,107.022,107.022
t_1078,107.022,107.022,107.022,107.022
t_1079,107.022,107.022,107.022,107.022
t_108,0.0,0.0,0.0,0.0
t_1080,107.022,107.022,107.022,107.022
t_1081,103.217,103.217,103.217,103.217
t_1082,97.8018,97.8018,97.8018,97.8018
t_1083,81.0042,81.0042,81.0042,81.0042
t_1084,81.0042,81.0042,81.0042,81.0042
t_1085,81.0042,81.0042,81.0042,81.0042
t_1086,81.0042,81.0042,81.0042,81.0042
t_1087,100.0062,100.0062,100.0062,100.0062
t_1088,81.0042,81.0042,81.0042,81.0042
t_1089,60.1494,60.1494,60.1494,60.1494
t_109,0.0,0.0,0.0,0.0
t_1090,42.0098,42.0098,42.0098,42.0098
t_1091,42.0098,42.0098,42.0098,42.0098
t_1092,9.0,9.0,9.0,9.0
t_1093,9.0,9.0,9.0,9.0
t_1094,9.0,9.0,9.0,9.0
t_1095,42.0098,42.0098,42.0098,42.0098
t_1096,60.1494,60.1494,60.1494,60.1494
t_1097,107.022,107.022,107.022,107.022
t_1098,110.0052,110.0052,110.0052,110.0052
t_1099,110.0052,110.0052,110.0052,110.0052
t_11,0.0,0.0,0.0,0.0
t_110,9.0,9.0,9.0,9.0
t_1100,110.0052,110.0052,110.0052,110.0052
t_1101,110.0052,110.0052,110.0052,110.0052
t_1102,110.0052,110.0052,110.0052,110.0052
t_1103,110.0052,110.0052,110.0052,110.0052
t_1104,110.0052,110.0052,110.0052,110.0052
t_1105,107.022,107.022,107.022,107.022
t_1106,107.022,107.022,107.022,107.022
t_1107,107.022,107.022,107.022,107.022
t_1108,107.022,107.022,107.022,107.022
t_1109,107.022,107.022,107.022,107.022
t_111,51.865,51.865,51.865,51.865
t_1110,107.022,107.022,107.022,107.022
t_1111,107.022,107.022,107.022,107.022
t_1112,107.022,107.022,107.022,107.022
t_1113,107.022,107.022,107.022,107.022
t_1114,60.1494,60.1494,60.1494,60.1494
t_1115,60.1494,60.1494,60.1494,60.1494
t_1116,51.865,51.865,51.865,51.865
t_1117,48.7202,48.7202,48.7202,48.7202
t_1118,48.465,48.465,48.465,48.465
t_1119,48.465,48.465,48.465,48.465
t_112,60.1494,60.1494,60.1494,60.1494
t_1120,50.2478,50.2478,50.2478,50.2478
t_1121,60.1494,60.1494,60.1494,60.1494
t_1122,60.1494,60.1494,60.1494,60.1494
t_1123,60.1494,60.1494,60.1494,60.1494
t_1124,60.1494,60.1494,60.1494,60.1494
t_1125,60.1494,60.1494,60.1494,60.1494
t_1126,60.1494,60.1494,60.1494,60.1494
t_1127,60.1494,60.1494,60.1494,60.1494
t_1128,60.1494,60.1494,60.1494,60.1494
t_1129,60.1494,60.1494,60.1494,60.1494
t_113,107.022,107.022,107.022,107.022
t_1130,60.1494,60.1494,60.1494,60.1494
t_1131,60.1494,60.1494,60.1494,60.1494
t_1132,60.1494,60.1494,60.1494,60.1494
t_1133,60.1494,60.1494,60.1494,60.1494
t_1134,60.1494,60.1494,60.1494,60.1494
t_1135,60.1494,60.1494,60.1494,60.1494
t_1136,60.1494,60.1494,60.1494,60.1494
t_1137,9.0,9.0,9.0,9.0
t_1138,0.0,0.0,0.0,0.0
t_1139,0.0,0.0,0.0,0.0
t_114,107.022,107.022,107.022,107.022
t_1140,0.0,0.0,0.0,0.0
t_1141,0.0,0.0,0.0,0.0
t_1142,0.0,0.0,0.0,0.0
t_1143,0.0,0.0,0.0,0.0
t_1144,48.465,48.465,48.465,48.465
t_1145,64.0319,64.0319,64.0319,64.0319
t_1146,64.0319,64.0319,64.0319,64.0319
t_1147,64.0319,64.0319,64.0319,64.0319
t_1148,64.0319,64.0319,64.0319,64.0319
t_1149,64.0319,64.0319,64.0319,64.0319
t_115,107.022,107.022,107.022,107.022
t_1150,64.0319,64.0319,64.0319,64.0319
t_1151,64.0319,64.0319,64.0319,64.0319
t_1152,64.0319,64.0319,64.0319,64.0319
t_1153,60.1494,60.1494,60.1494,60.1494
t_1154,60.1494,60.1494,60.1494,60.1494
t_1155,60.1494,60.1494,60.1494,60.1494
t_1156,60.1494,60.1494,60.1494,60.1494
t_1157,60.1494,60.1494,60.1494,60.1494
t_1158,60.1494,60.1494,60.1494,60.1494
t_1159,60.1494,60.1494,60.1494,60.1494
t_116,107.022,107.022,107.022,107.022
t_1160,60.1494,60.1494,60.1494,60.1494
t_1161,45.5263,45.5263,45.5263,45.5263
t_1162,0.0,0.0,0.0,0.0
t_1163,0.0,0.0,0.0,0.0
t_1164,0.0,0.0,0.0,0.0
t_1165,0.0,0.0,0.0,0.0
t_1166,0.0,0.0,0.0,0.0
t_1167,0.0,0.0,0.0,0.0
t_1168,0.0,0.0,0.0,0.0
t_1169,51.865,51.865,51.865,51.865
t_117,107.022,107.022,107.022,107.022
t_1170,60.1494,60.1494,60.1494,60.1494
t_1171,60.1494,60.1494,60.1494,60.1494
t_1172,60.1494,60.1494,60.1494,60.1494
t_1173,60.1494,60.1494,60.1494,60.1494
t_1174,60.1494,60.1494,60.1494,60.1494
t_1175,60.1494,60.1494,60.1494,60.1494
t_1176,60.1494,60.1494,60.1494,60.1494
t_1177,60.1494,60.1494,60.1494,60.1494
t_1178,60.1494,60.1494,60.1494,60.1494
t_1179,60.1494,60.1494,60.1494,60.1494
t_118,107.022,107.022,107.022,107.022
t_1180,60.1494,60.1494,60.1494,60.1494
t_1181,60.1494,60.1494,60.1494,60.1494
t_1182,60.1494,60.1494,60.1494,60.1494
t_1183,60.1494,60.1494,60.1494,60.1494
t_1184,51.865,51.865,51.865,51.865
t_1185,0.0,0.0,0.0,0.0
t_1186,0.0,0.0,0.0,0.0
t_1187,0.0,0.0,0.0,0.0
t_1188,0.0,0.0,0.0,0.0
t_1189,0.0,0.0,0.0,0.0
t_119,107.022,107.022,107.022,107.022
t_1190,0.0,0.0,0.0,0.0
t_1191,0.0,0.0,0.0,0.0
t_1192,0.0,0.0,0.0,0.0
t_1193,60.1494,60.1494,60.1494,60.1494
t_1194,60.1494,60.1494,60.1494,60.1494
t_1195,60.1494,60.1494,60.1494,60.1494
t_1196,60.1494,60.1494,60.1494,60.1494
t_1197,60.1494,60.1494,60.1494,60.1494
t_1198,60.1494,60.1494,60.1494,60.1494
t_1199,60.1494,60.1494,60.1494,60.1494
t_12,0.0,0.0,0.0,0.0
t_120,107.022,107.022,107.022,107.022
t_1200,60.1494,60.1494,60.1494,60.1494
t_1201,60.1494,60.1494,60.1494,60.1494
t_1202,60.1494,60.1494,60.1494,60.1494
t_1203,60.1494,60.1494,60.1494,60.1494
t_1204,60.1494,60.1494,60.1494,60.1494
t_1205,60.1494,60.1494,60.1494,60.1494
t_1206,60.1494,60.1494,60.1494,60.1494
t_1207,60.1494,60.1494,60.1494,60.1494
t_1208,60.1494,60.1494,60.1494,60.1494
t_1209,50.2478,50.2478,50.2478,50.2478
t_121,107.022,107.022,107.022,107.022
t_1210,0.0,0.0,0.0,0.0
t_1211,0.0,0.0,0.0,0.0
t_1212,0.0,0.0,0.0,0.0
t_1213,0.0,0.0,0.0,0.0
t_1214,0.0,0.0,0.0,0.0
t_1215,0.0,0.0,0.0,0.0
t_1216,51.865,51.865,51.865,51.865
t_1217,107.022,107.022,107.022,107.022
t_1218,110.0052,110.0052,110.0052,110.0052
t_1219,110.0052,110.0052,110.0052,110.0052
t_122,107.022,107.022,107.022,107.022
t_1220,110.0052,110.0052,110.0052,110.0052
t_1221,110.0052,110.0052,110.0052,110.0052
t_1222,110.0052,110.0052,110.0052,110.0052
t_1223,110.0052,110.0052,110.0052,110.0052
t_1224,110.0052,110.0052,110.0052,110.0052
t_1225,110.0052,110.0052,110.0052,110.0052
t_1226,110.0052,110.0052,110.0052,110.0052
t_1227,109.8694,109.8694,109.8694,109.8694
t_1228,107.022,107.022,107.022,107.022
t_1229,107.022,107.022,107.022,107.022
t_123,104.1736,104.1736,104.1736,104.1736
t_1230,108.6844,108.6844,108.6844,108.6844
t_1231,110.0052,110.0052,110.0052,110.0052
t_1232,107.022,107.022,107.022,107.022
t_1233,79.4691,79.4691,79.4691,79.4691
t_1234,60.1494,60.1494,60.1494,60.1494
t_1235,60.1494,60.1494,60.1494,60.1494
t_1236,60.1494,60.1494,60.1494,60.1494
t_1237,60.1494,60.1494,60.1494,60.1494
t_1238,60.1494,60.1494,60.1494,60.1494
t_1239,60.1494,60.1494,60.1494,60.1494
t_124,87.7104,87.7104,87.7104,87.7104
t_1240,79.4691,79.4691,79.4691,79.4691
t_1241,110.0052,110.0052,110.0052,110.0052
t_1242,110.0052,110.0052,110.0052,110.0052
t_1243,110.0052,110.0052,110.0052,110.0052
t_1244,110.0052,110.0052,110.0052,110.0052
t_1245,110.0052,110.0052,110.0052,110.0052
t_1246,110.0052,110.0052,110.0052,110.0052
t_1247,110.0052,110.0052,110.0052,110.0052
t_1248,110.0052,110.0052,110.0052,110.0052
t_1249,110.0052,110.0052,110.0052,110.0052
t_125,87.7104,87.7104,87.7104,87.7104
t_1250,110.0052,110.0052,110.0052,110.0052
t_1251,110.0052,110.0052,110.0052,110.0052
t_1252,107.3908,107.3908,107.3908,107.3908
t_1253,109.4568,109.4568,109.4568,109.4568
t_1254,110.0052,110.0052,110.0052,110.0052
t_1255,110.0052,110.0052,110.0052,110.0052
t_1256,110.0052,110.0052,110.0052,110.0052
t_1257,83.2621,83.2621,83.2621,83.2621
t_1258,83.2621,83.2621,83.2621,83.2621
t_1259,60.1494,60.1494,60.1494,60.1494
t_126,87.7104,87.7104,87.7104,87.7104
t_1260,60.1494,60.1494,60.1494,60.1494
t_1261,60.1494,60.1494,60.1494,60.1494
t_1262,83.2621,83.2621,83.2621,83.2621
t_1263,83.2621,83.2621,83.2621,83.2621
t_1264,110.0052,110.0052,110.0052,110.0052
t_1265,112.5377,112.5377,112.5377,112.5377
t_1266,112.5377,112.5377,112.5377,112.5377
t_1267,112.5377,112.5377,112.5377,112.5377
t_1268,112.5377,112.5377,112.5377,112.5377
t_1269,112.5377,112.5377,112.5377,112.5377
t_127,104.8632,104.8632,104.8632,104.8632
t_1270,112.5377,112.5377,112.5377,112.5377
t_1271,112.5377,112.5377,112.5377,112.5377
t_1272,110.0052,110.0052,110.0052,110.0052
t_1273,110.0052,110.0052,110.0052,110.0052
t_1274,110.0052,110.0052,110.0052,110.0052
t_1275,107.022,107.022,107.022,107.022
t_1276,107.022,107.022,107.022,107.022
t_1277,107.022,107.022,107.022,107.022
t_1278,107.022,107.022,107.022,107.022
t_1279,107.022,107.022,107.022,107.022
t_128,107.022,107.022,107.022,107.022
t_1280,107.022,107.022,107.022,107.022
t_1281,79.4691,79.4691,79.4691,79.4691
t_1282,60.1494,60.1494,60.1494,60.1494
t_1283,60.1494,60.1494,60.1494,60.1494
t_1284,60.1494,60.1494,60.1494,60.1494
t_1285,60.1494,60.1494,60.1494,60.1494
t_1286,60.1494,60.1494,60.1494,60.1494
t_1287,60.1494,60.1494,60.1494,60.1494
t_1288,60.1494,60.1494,60.1494,60.1494
t_1289,60.1494,60.1494,60.1494,60.1494
t_129,60.1494,60.1494,60.1494,60.1494
t_1290,79.4691,79.4691,79.4691,79.4691
t_1291,79.4691,79.4691,79.4691,79.4691
t_1292,79.4691,79.4691,79.4691,79.4691
t_1293,79.4691,79.4691,79.4691,79.4691
t_1294,79.4691,79.4691,79.4691,79.4691
t_1295,79.4691,79.4691,79.4691,79.4691
t_1296,79.4691,79.4691,79.4691,79.4691
t_1297,60.1494,60.1494,60.1494,60.1494
t_1298,60.1494,60.1494,60.1494,60.1494
t_1299,60.1494,60.1494,60.1494,60.1494
t_13,0.0,0.0,0.0,0.0
t_130,55.5036,55.5036,55.5036,55.5036
t_1300,60.1494,60.1494,60.1494,60.1494
t_1301,60.1494,60.1494,60.1494,60.1494
t_1302,60.1494,60.1494,60.1494,60.1494
t_1303,60.1494,60.1494,60.1494,60.1494
t_1304,60.1494,60.1494,60.1494,60.1494
t_1305,60.1494,60.1494,60.1494,60.1494
t_1306,48.7202,48.7202,48.7202,48.7202
t_1307,48.7202,48.7202,48.7202,48.7202
t_1308,48.7202,48.7202,48.7202,48.7202
t_1309,48.465,48.465,48.465,48.465
t_131,9.0,9.0,9.0,9.0
t_1310,48.465,48.465,48.465,48.465
t_1311,48.7202,48.7202,48.7202,48.7202
t_1312,51.865,51.865,51.865,51.865
t_1313,60.1494,60.1494,60.1494,60.1494
t_1314,60.1494,60.1494,60.1494,60.1494
t_1315,60.1494,60.1494,60.1494,60.1494
t_1316,60.1494,60.1494,60.1494,60.1494
t_1317,60.1494,60.1494,60.1494,60.1494
t_1318,60.1494,60.1494,60.1494,60.1494
t_1319,60.1494,60.1494,60.1494,60.1494
t_132,0.0,0.0,0.0,0.0
t_1320,60.1494,60.1494,60.1494,60.1494
t_1321,60.1494,60.1494,60.1494,60.1494
t_1322,60.1494,60.1494,60.1494,60.1494
t_1323,60.1494,60.1494,60.1494,60.1494
t_1324,60.1494,60.1494,60.1494,60.1494
t_1325,60.1494,60.1494,60.1494,60.1494
t_1326,60.1494,60.1494,60.1494,60.1494
t_1327,60.1494,60.1494,60.1494,60.1494
t_1328,60.1494,60.1494,60.1494,60.1494
t_1329,9.0,9.0,9.0,9.0
t_133,0.0,0.0,0.0,0.0
t_1330,0.0,0.0,0.0,0.0
t_1331,0.0,0.0,0.0,0.0
t_1332,0.0,0.0,0.0,0.0
t_1333,0.0,0.0,0.0,0.0
t_1334,0.0,0.0,0.0,0.0
t_1335,0.0,0.0,0.0,0.0
t_1336,9.0,9.0,9.0,9.0
t_1337,60.1494,60.1494,60.1494,60.1494
t_1338,60.1494,60.1494,60.1494,60.1494
t_1339,60.1494,60.1494,60.1494,60.1494
t_134,9.0,9.0,9.0,9.0
t_1340,60.1494,60.1494,60.1494,60.1494
t_1341,60.1494,60.1494,60.1494,60.1494
t_1342,60.1494,60.1494,60.1494,60.1494
t_1343,60.1494,60.1494,60.1494,60.1494
t_1344,60.1494,60.1494,60.1494,60.1494
t_1345,60.1494,60.1494,60.1494,60.1494
t_1346,60.1494,60.1494,60.1494,60.1494
t_1347,60.1494,60.1494,60.1494,60.1494
t_1348,60.1494,60.1494,60.1494,60.1494
t_1349,60.1494,60.1494,60.1494,60.1494
t_135,60.1494,60.1494,60.1494,60.1494
t_1350,60.1494,60.1494,60.1494,60.1494
t_1351,60.1494,60.1494,60.1494,60.1494
t_1352,60.1494,60.1494,60.1494,60.1494
t_1353,60.1494,60.1494,60.1494,60.1494
t_1354,60.1494,60.1494,60.1494,60.1494
t_1355,48.7202,48.7202,48.7202,48.7202
t_1356,48.7202,48.7202,48.7202,48.7202
t_1357,48.7202,48.7202,48.7202,48.7202
t_1358,48.7202,48.7202,48.7202,48.7202
t_1359,60.1494,60.1494,60.1494,60.1494
t_136,81.0042,81.0042,81.0042,81.0042
t_1360,60.1494,60.1494,60.1494,60.1494
t_1361,64.0319,64.0319,64.0319,64.0319
t_1362,64.0319,64.0319,64.0319,64.0319
t_1363,64.0319,64.0319,64.0319,64.0319
t_1364,64.0319,64.0319,64.0319,64.0319
t_1365,64.0319,64.0319,64.0319,64.0319
t_1366,64.0319,64.0319,64.0319,64.0319
t_1367,64.0319,64.0319,64.0319,64.0319
t_1368,64.0319,64.0319,64.0319,64.0319
t_1369,60.1494,60.1494,60.1494,60.1494
t_137,107.022,107.022,107.022,107.022
t_1370,60.1494,60.1494,60.1494,60.1494
t_1371,60.1494,60.1494,60.1494,60.1494
t_1372,60.1494,60.1494,60.1494,60.1494
t_1373,60.1494,60.1494,60.1494,60.1494
t_1374,64.0319,64.0319,64.0319,64.0319
t_1375,64.0319,64.0319,64.0319,64.0319
t_1376,60.1494,60.1494,60.1494,60.1494
t_1377,51.865,51.865,51.865,51.865
t_1378,48.465,48.465,48.465,48.465
t_1379,48.465,48.465,48.465,48.465
t_138,107.022,107.022,107.022,107.022
t_1380,9.0,9.0,9.0,9.0
t_1381,9.0,9.0,9.0,9.0
t_1382,9.0,9.0,9.0,9.0
t_1383,48.465,48.465,48.465,48.465
t_1384,60.1494,60.1494,60.1494,60.1494
t_1385,100.1949,100.1949,100.1949,100.1949
t_1386,107.022,107.022,107.022,107.022
t_1387,107.022,107.022,107.022,107.022
t_1388,107.022,107.022,107.022,107.022
t_1389,107.022,107.022,107.022,107.022
t_139,107.022,107.022,107.022,107.022
t_1390,107.022,107.022,107.022,107.022
t_1391,107.022,107.022,107.022,107.022
t_1392,107.022,107.022,107.022,107.022
t_1393,100.1949,100.1949,100.1949,100.1949
t_1394,100.1949,100.1949,100.1949,100.1949
t_1395,79.4691,79.4691,79.4691,79.4691
t_1396,60.1494,60.1494,60.1494,60.1494
t_1397,60.1494,60.1494,60.1494,60.1494
t_1398,60.1494,60.1494,60.1494,60.1494
t_1399,60.1494,60.1494,60.1494,60.1494
t_14,0.0,0.0,0.0,0.0
t_140,107.022,107.022,107.022,107.022
t_1400,60.1494,60.1494,60.1494,60.1494
t_1401,0.0,0.0,0.0,0.0
t_1402,0.0,0.0,0.0,0.0
t_1403,0.0,0.0,0.0,0.0
t_1404,0.0,0.0,0.0,0.0
t_1405,0.0,0.0,0.0,0.0
t_1406,0.0,0.0,0.0,0.0
t_1407,0.0,0.0,0.0,0.0
t_1408,0.0,0.0,0.0,0.0
t_1409,60.1494,60.1494,60.1494,60.1494
t_141,107.022,107.022,107.022,107.022
t_1410,79.4691,79.4691,79.4691,79.4691
t_1411,79.4691,79.4691,79.4691,79.4691
t_1412,79.4691,79.4691,79.4691,79.4691
t_1413,79.4691,79.4691,79.4691,79.4691
t_1414,79.4691,79.4691,79.4691,79.4691
t_1415,79.4691,79.4691,79.4691,79.4691
t_1416,79.4691,79.4691,79.4691,79.4691
t_1417,79.4691,79.4691,79.4691,79.4691
t_1418,79.4691,79.4691,79.4691,79.4691
t_1419,79.4691,79.4691,79.4691,79.4691
t_142,107.022,107.022,107.022,107.022
t_1420,79.4691,79.4691,79.4691,79.4691
t_1421,79.4691,79.4691,79.4691,79.4691
t_1422,79.4691,79.4691,79.4691,79.4691
t_1423,79.4691,79.4691,79.4691,79.4691
t_1424,60.1494,60.1494,60.1494,60.1494
t_1425,9.0,9.0,9.0,9.0
t_1426,0.0,0.0,0.0,0.0
t_1427,0.0,0.0,0.0,0.0
t_1428,0.0,0.0,0.0,0.0
t_1429,0.0,0.0,0.0,0.0
t_143,107.022,107.022,107.022,107.022
t_1430,0.0,0.0,0.0,0.0
t_1431,0.0,0.0,0.0,0.0
t_1432,39.3052,39.3052,39.3052,39.3052
t_1433,60.1494,60.1494,60.1494,60.1494
t_1434,79.4691,79.4691,79.4691,79.4691
t_1435,79.4691,79.4691,79.4691,79.4691
t_1436,79.4691,79.4691,79.4691,79.4691
t_1437,79.4691,79.4691,79.4691,79.4691
t_1438,79.4691,79.4691,79.4691,79.4691
t_1439,79.4691,79.4691,79.4691,79.4691
t_144,107.022,107.022,107.022,107.022
t_1440,79.4691,79.4691,79.4691,79.4691
t_1441,60.1494,60.1494,60.1494,60.1494
t_1442,60.1494,60.1494,60.1494,60.1494
t_1443,60.1494,60.1494,60.1494,60.1494
t_1444,60.1494,60.1494,60.1494,60.1494
t_1445,60.1494,60.1494,60.1494,60.1494
t_1446,60.1494,60.1494,60.1494,60.1494
t_1447,60.1494,60.1494,60.1494,60.1494
t_1448,60.1494,60.1494,60.1494,60.1494
t_1449,60.1494,60.1494,60.1494,60.1494
t_145,107.022,107.022,107.022,107.022
t_1450,60.1494,60.1494,60.1494,60.1494
t_1451,51.865,51.865,51.865,51.865
t_1452,42.0098,42.0098,42.0098,42.0098
t_1453,0.0,0.0,0.0,0.0
t_1454,42.0098,42.0098,42.0098,42.0098
t_1455,51.865,51.865,51.865,51.865
t_1456,60.1494,60.1494,60.1494,60.1494
t_1457,60.1494,60.1494,60.1494,60.1494
t_1458,95.7162,95.7162,95.7162,95.7162
t_1459,95.7162,95.7162,95.7162,95.7162
t_146,107.022,107.022,107.022,107.022
t_1460,95.7162,95.7162,95.7162,95.7162
t_1461,95.7162,95.7162,95.7162,95.7162
t_1462,95.7162,95.7162,95.7162,95.7162
t_1463,95.7162,95.7162,95.7162,95.7162
t_1464,95.7162,95.7162,95.7162,95.7162
t_1465,79.4691,79.4691,79.4691,79.4691
t_1466,79.4691,79.4691,79.4691,79.4691
t_1467,64.3691,64.3691,64.3691,64.3691
t_1468,64.3691,64.3691,64.3691,64.3691
t_1469,79.4691,79.4691,79.4691,79.4691
t_147,107.022,107.022,107.022,107.022
t_1470,79.4691,79.4691,79.4691,79.4691
t_1471,79.4691,79.4691,79.4691,79.4691
t_1472,60.1494,60.1494,60.1494,60.1494
t_1473,42.0098,42.0098,42.0098,42.0098
t_1474,0.0,0.0,0.0,0.0
t_1475,0.0,0.0,0.0,0.0
t_1476,0.0,0.0,0.0,0.0
t_1477,0.0,0.0,0.0,0.0
t_1478,0.0,0.0,0.0,0.0
t_1479,0.0,0.0,0.0,0.0
t_148,107.022,107.022,107.022,107.022
t_1480,45.5263,45.5263,45.5263,45.5263
t_1481,60.1494,60.1494,60.1494,60.1494
t_1482,60.1494,60.1494,60.1494,60.1494
t_1483,60.1494,60.1494,60.1494,60.1494
t_1484,60.1494,60.1494,60.1494,60.1494
t_1485,60.1494,60.1494,60.1494,60.1494
t_1486,60.1494,60.1494,60.1494,60.1494
t_1487,60.1494,60.1494,60.1494,60.1494
t_1488,60.1494,60.1494,60.1494,60.1494
t_1489,60.1494,60.1494,60.1494,60.1494
t_149,107.022,107.022,107.022,107.022
t_1490,60.1494,60.1494,60.1494,60.1494
t_1491,60.1494,60.1494,60.1494,60.1494
t_1492,60.1494,60.1494,60.1494,60.1494
t_1493,60.1494,60.1494,60.1494,60.1494
t_1494,60.1494,60.1494,60.1494,60.1494
t_1495,60.1494,60.1494,60.1494,60.1494
t_1496,60.1494,60.1494,60.1494,60.1494
t_1497,45.5263,45.5263,45.5263,45.5263
t_1498,0.0,0.0,0.0,0.0
t_1499,0.0,0.0,0.0,0.0
t_15,0.0,0.0,0.0,0.0
t_150,107.022,107.022,107.022,107.022
t_1500,0.0,0.0,0.0,0.0
t_1501,0.0,0.0,0.0,0.0
t_1502,0.0,0.0,0.0,0.0
t_1503,0.0,0.0,0.0,0.0
t_1504,0.0,0.0,0.0,0.0
t_1505,51.9302,51.9302,51.9302,51.9302
t_1506,60.1494,60.1494,60.1494,60.1494
t_1507,60.1494,60.1494,60.1494,60.1494
t_1508,60.1494,60.1494,60.1494,60.1494
t_1509,60.1494,60.1494,60.1494,60.1494
t_151,107.022,107.022,107.022,107.022
t_1510,60.1494,60.1494,60.1494,60.1494
t_1511,60.1494,60.1494,60.1494,60.1494
t_1512,60.1494,60.1494,60.1494,60.1494
t_1513,60.1494,60.1494,60.1494,60.1494
t_1514,60.1494,60.1494,60.1494,60.1494
t_1515,60.1494,60.1494,60.1494,60.1494
t_1516,60.1494,60.1494,60.1494,60.1494
t_1517,60.1494,60.1494,60.1494,60.1494
t_1518,60.1494,60.1494,60.1494,60.1494
t_1519,60.1494,60.1494,60.1494,60.1494
t_152,107.022,107.022,107.022,107.022
t_1520,60.1494,60.1494,60.1494,60.1494
t_1521,45.5263,45.5263,45.5263,45.5263
t_1522,0.0,0.0,0.0,0.0
t_1523,0.0,0.0,0.0,0.0
t_1524,0.0,0.0,0.0,0.0
t_1525,0.0,0.0,0.0,0.0
t_1526,0.0,0.0,0.0,0.0
t_1527,0.0,0.0,0.0,0.0
t_1528,60.1494,60.1494,60.1494,60.1494
t_1529,107.022,107.022,107.022,107.022
t_153,66.3873,66.3873,66.3873,66.3873
t_1530,107.9256,107.9256,107.9256,107.9256
t_1531,107.9256,107.9256,107.9256,107.9256
t_1532,107.9256,107.9256,107.9256,107.9256
t_1533,107.9256,107.9256,107.9256,107.9256
t_1534,107.9256,107.9256,107.9256,107.9256
t_1535,107.9256,107.9256,107.9256,107.9256
t_1536,107.022,107.022,107.022,107.022
t_1537,107.022,107.022,107.022,107.022
t_1538,107.022,107.022,107.022,107.022
t_1539,107.022,107.022,107.022,107.022
t_154,55.5036,55.5036,55.5036,55.5036
t_1540,107.022,107.022,107.022,107.022
t_1541,107.022,107.022,107.022,107.022
t_1542,107.022,107.022,107.022,107.022
t_1543,107.022,107.022,107.022,107.022
t_1544,79.4691,79.4691,79.4691,79.4691
t_1545,60.1494,60.1494,60.1494,60.1494
t_1546,51.865,51.865,51.865,51.865
t_1547,9.0,9.0,9.0,9.0
t_1548,0.0,0.0,0.0,0.0
t_1549,0.0,0.0,0.0,0.0
t_155,9.0,9.0,9.0,9.0
t_1550,0.0,0.0,0.0,0.0
t_1551,9.0,9.0,9.0,9.0
t_1552,51.865,51.865,51.865,51.865
t_1553,60.1494,60.1494,60.1494,60.1494
t_1554,79.4691,79.4691,79.4691,79.4691
t_1555,79.4691,79.4691,79.4691,79.4691
t_1556,79.4691,79.4691,79.4691,79.4691
t_1557,79.4691,79.4691,79.4691,79.4691
t_1558,79.4691,79.4691,79.4691,79.4691
t_1559,79.4691,79.4691,79.4691,79.4691
t_156,9.0,9.0,9.0,9.0
t_1560,79.4691,79.4691,79.4691,79.4691
t_1561,79.4691,79.4691,79.4691,79.4691
t_1562,79.4691,79.4691,79.4691,79.4691
t_1563,60.1494,60.1494,60.1494,60.1494
t_1564,60.1494,60.1494,60.1494,60.1494
t_1565,60.1494,60.1494,60.1494,60.1494
t_1566,60.1494,60.1494,60.1494,60.1494
t_1567,74.2595,74.2595,74.2595,74.2595
t_1568,60.1494,60.1494,60.1494,60.1494
t_1569,0.0,0.0,0.0,0.0
t_157,9.0,9.0,9.0,9.0
t_1570,0.0,0.0,0.0,0.0
t_1571,0.0,0.0,0.0,0.0
t_1572,0.0,0.0,0.0,0.0
t_1573,0.0,0.0,0.0,0.0
t_1574,0.0,0.0,0.0,0.0
t_1575,0.0,0.0,0.0,0.0
t_1576,0.0,0.0,0.0,0.0
t_1577,60.1494,60.1494,60.1494,60.1494
t_1578,79.4691,79.4691,79.4691,79.4691
t_1579,79.4691,79.4691,79.4691,79.4691
t_158,55.5036,55.5036,55.5036,55.5036
t_1580,79.4691,79.4691,79.4691,79.4691
t_1581,79.4691,79.4691,79.4691,79.4691
t_1582,79.4691,79.4691,79.4691,79.4691
t_1583,79.4691,79.4691,79.4691,79.4691
t_1584,79.4691,79.4691,79.4691,79.4691
t_1585,79.4691,79.4691,79.4691,79.4691
t_1586,79.4691,79.4691,79.4691,79.4691
t_1587,79.4691,79.4691,79.4691,79.4691
t_1588,79.4691,79.4691,79.4691,79.4691
t_1589,79.4691,79.4691,79.4691,79.4691
t_159,60.1494,60.1494,60.1494,60.1494
t_1590,79.4691,79.4691,79.4691,79.4691
t_1591,79.4691,79.4691,79.4691,79.4691
t_1592,60.1494,60.1494,60.1494,60.1494
t_1593,60.1494,60.1494,60.1494,60.1494
t_1594,51.865,51.865,51.865,51.865
t_1595,39.3052,39.3052,39.3052,39.3052
t_1596,50.2478,50.2478,50.2478,50.2478
t_1597,60.1494,60.1494,60.1494,60.1494
t_1598,60.1494,60.1494,60.1494,60.1494
t_1599,60.1494,60.1494,60.1494,60.1494
t_16,39.2559,39.2559,39.2559,39.2559
t_160,68.5239,68.5239,68.5239,68.5239
t_1600,60.1494,60.1494,60.1494,60.1494
t_1601,93.9277,93.9277,93.9277,93.9277
t_1602,93.9277,93.9277,93.9277,93.9277
t_1603,93.9277,93.9277,93.9277,93.9277
t_1604,93.9277,93.9277,93.9277,93.9277
t_1605,93.9277,93.9277,93.9277,93.9277
t_1606,93.9277,93.9277,93.9277,93.9277
t_1607,93.9277,93.9277,93.9277,93.9277
t_1608,79.4691,79.4691,79.4691,79.4691
t_1609,64.0319,64.0319,64.0319,64.0319
t_161,107.022,107.022,107.022,107.022
t_1610,60.1494,60.1494,60.1494,60.1494
t_1611,60.1494,60.1494,60.1494,60.1494
t_1612,60.1494,60.1494,60.1494,60.1494
t_1613,60.1494,60.1494,60.1494,60.1494
t_1614,60.1494,60.1494,60.1494,60.1494
t_1615,60.1494,60.1494,60.1494,60.1494
t_1616,60.1494,60.1494,60.1494,60.1494
t_1617,0.0,0.0,0.0,0.0
t_1618,0.0,0.0,0.0,0.0
t_1619,0.0,0.0,0.0,0.0
t_162,107.022,107.022,107.022,107.022
t_1620,0.0,0.0,0.0,0.0
t_1621,0.0,0.0,0.0,0.0
t_1622,0.0,0.0,0.0,0.0
t_1623,0.0,0.0,0.0,0.0
t_1624,0.0,0.0,0.0,0.0
t_1625,60.1494,60.1494,60.1494,60.1494
t_1626,105.9803,105.9803,105.9803,105.9803
t_1627,105.9803,105.9803,105.9803,105.9803
t_1628,105.9803,105.9803,105.9803,105.9803
t_1629,105.9803,105.9803,105.9803,105.9803
t_163,107.022,107.022,107.022,107.022
t_1630,105.9803,105.9803,105.9803,105.9803
t_1631,105.9803,105.9803,105.9803,105.9803
t_1632,105.9803,105.9803,105.9803,105.9803
t_1633,105.9803,105.9803,105.9803,105.9803
t_1634,105.9803,105.9803,105.9803,105.9803
t_1635,105.9803,105.9803,105.9803,105.9803
t_1636,105.9803,105.9803,105.9803,105.9803
t_1637,105.9803,105.9803,105.9803,105.9803
t_1638,105.9803,105.9803,105.9803,105.9803
t_1639,105.9803,105.9803,105.9803,105.9803
t_164,107.022,107.022,107.022,107.022
t_1640,60.1494,60.1494,60.1494,60.1494
t_1641,0.0,0.0,0.0,0.0
t_1642,0.0,0.0,0.0,0.0
t_1643,0.0,0.0,0.0,0.0
t_1644,0.0,0.0,0.0,0.0
t_1645,0.0,0.0,0.0,0.0
t_1646,0.0,0.0,0.0,0.0
t_1647,0.0,0.0,0.0,0.0
t_1648,0.0,0.0,0.0,0.0
t_1649,60.1494,60.1494,60.1494,60.1494
t_165,107.022,107.022,107.022,107.022
t_1650,107.022,107.022,107.022,107.022
t_1651,107.022,107.022,107.022,107.022
t_1652,107.022,107.022,107.022,107.022
t_1653,107.022,107.022,107.022,107.022
t_1654,107.022,107.022,107.022,107.022
t_1655,107.022,107.022,107.022,107.022
t_1656,107.022,107.022,107.022,107.022
t_1657,107.022,107.022,107.022,107.022
t_1658,107.022,107.022,107.022,107.022
t_1659,107.022,107.022,107.022,107.022
t_166,107.022,107.022,107.022,107.022
t_1660,107.022,107.022,107.022,107.022
t_1661,107.022,107.022,107.022,107.022
t_1662,107.022,107.022,107.022,107.022
t_1663,107.022,107.022,107.022,107.022
t_1664,60.1494,60.1494,60.1494,60.1494
t_1665,0.0,0.0,0.0,0.0
t_1666,0.0,0.0,0.0,0.0
t_1667,0.0,0.0,0.0,0.0
t_1668,0.0,0.0,0.0,0.0
t_1669,0.0,0.0,0.0,0.0
t_167,107.022,107.022,107.022,107.022
t_1670,0.0,0.0,0.0,0.0
t_1671,0.0,0.0,0.0,0.0
t_1672,9.0,9.0,9.0,9.0
t_1673,60.1494,60.1494,60.1494,60.1494
t_1674,107.022,107.022,107.022,107.022
t_1675,107.022,107.022,107.022,107.022
t_1676,107.022,107.022,107.022,107.022
t_1677,107.022,107.022,107.022,107.022
t_1678,107.022,107.022,107.022,107.022
t_1679,107.022,107.022,107.022,107.022
t_168,107.022,107.022,107.022,107.022
t_1680,107.022,107.022,107.022,107.022
t_1681,107.022,107.022,107.022,107.022
t_1682,107.022,107.022,107.022,107.022
t_1683,107.022,107.022,107.022,107.022
t_1684,107.022,107.022,107.022,107.022
t_1685,107.022,107.022,107.022,107.022
t_1686,107.022,107.022,107.022,107.022
t_1687,107.022,107.022,107.022,107.022
t_1688,60.1494,60.1494,60.1494,60.1494
t_1689,9.0,9.0,9.0,9.0
t_169,107.022,107.022,107.022,107.022
t_1690,0.0,0.0,0.0,0.0
t_1691,0.0,0.0,0.0,0.0
t_1692,0.0,0.0,0.0,0.0
t_1693,0.0,0.0,0.0,0.0
t_1694,0.0,0.0,0.0,0.0
t_1695,0.0,0.0,0.0,0.0
t_1696,9.0,9.0,9.0,9.0
t_1697,60.1494,60.1494,60.1494,60.1494
t_1698,60.1494,60.1494,60.1494,60.1494
t_1699,60.1494,60.1494,60.1494,60.1494
t_17,51.865,51.865,51.865,51.865
t_170,107.022,107.022,107.022,107.022
t_1700,60.1494,60.1494,60.1494,60.1494
t_1701,60.1494,60.1494,60.1494,60.1494
t_1702,60.1494,60.1494,60.1494,60.1494
t_1703,60.1494,60.1494,60.1494,60.1494
t_1704,60.1494,60.1494,60.1494,60.1494
t_1705,60.1494,60.1494,60.1494,60.1494
t_1706,60.1494,60.1494,60.1494,60.1494
t_1707,60.1494,60.1494,60.1494,60.1494
t_1708,60.1494,60.1494,60.1494,60.1494
t_1709,60.1494,60.1494,60.1494,60.1494
t_171,107.022,107.022,107.022,107.022
t_1710,60.1494,60.1494,60.1494,60.1494
t_1711,60.1494,60.1494,60.1494,60.1494
t_1712,51.865,51.865,51.865,51.865
t_1713,9.0,9.0,9.0,9.0
t_1714,0.0,0.0,0.0,0.0
t_1715,0.0,0.0,0.0,0.0
t_1716,0.0,0.0,0.0,0.0
t_1717,0.0,0.0,0.0,0.0
t_1718,0.0,0.0,0.0,0.0
t_1719,0.0,0.0,0.0,0.0
t_172,101.0849,101.0849,101.0849,101.0849
t_1720,45.5263,45.5263,45.5263,45.5263
t_1721,60.1494,60.1494,60.1494,60.1494
t_1722,60.1494,60.1494,60.1494,60.1494
t_1723,60.1494,60.1494,60.1494,60.1494
t_1724,60.1494,60.1494,60.1494,60.1494
t_1725,60.1494,60.1494,60.1494,60.1494
t_1726,60.1494,60.1494,60.1494,60.1494
t_1727,60.1494,60.1494,60.1494,60.1494
t_1728,60.1494,60.1494,60.1494,60.1494
t_1729,60.1494,60.1494,60.1494,60.1494
t_173,94.41,94.41,94.41,94.41
t_1730,60.1494,60.1494,60.1494,60.1494
t_1731,60.1494,60.1494,60.1494,60.1494
t_1732,60.1494,60.1494,60.1494,60.1494
t_1733,60.1494,60.1494,60.1494,60.1494
t_1734,60.1494,60.1494,60.1494,60.1494
t_1735,60.1494,60.1494,60.1494,60.1494
t_1736,60.1494,60.1494,60.1494,60.1494
t_1737,9.0,9.0,9.0,9.0
t_1738,0.0,0.0,0.0,0.0
t_1739,0.0,0.0,0.0,0.0
t_174,95.1746,95.1746,95.1746,95.1746
t_1740,0.0,0.0,0.0,0.0
t_1741,0.0,0.0,0.0,0.0
t_1742,0.0,0.0,0.0,0.0
t_1743,0.0,0.0,0.0,0.0
t_1744,51.865,51.865,51.865,51.865
t_1745,60.1494,60.1494,60.1494,60.1494
t_1746,107.022,107.022,107.022,107.022
t_1747,107.022,107.022,107.022,107.022
t_1748,107.022,107.022,107.022,107.022
t_1749,107.022,107.022,107.022,107.022
t_175,107.022,107.022,107.022,107.022
t_1750,107.022,107.022,107.022,107.022
t_1751,107.022,107.022,107.022,107.022
t_1752,107.022,107.022,107.022,107.022
t_1753,107.022,107.022,107.022,107.022
t_1754,107.022,107.022,107.022,107.022
t_1755,107.022,107.022,107.022,107.022
t_1756,107.022,107.022,107.022,107.022
t_1757,102.4954,102.4954,102.4954,102.4954
t_1758,102.4661,102.4661,102.4661,102.4661
t_1759,101.337,101.337,101.337,101.337
t_176,107.022,107.022,107.022,107.022
t_1760,60.1494,60.1494,60.1494,60.1494
t_1761,51.865,51.865,51.865,51.865
t_1762,39.2559,39.2559,39.2559,39.2559
t_1763,9.0,9.0,9.0,9.0
t_1764,9.0,9.0,9.0,9.0
t_1765,39.2559,39.2559,39.2559,39.2559
t_1766,51.865,51.865,51.865,51.865
t_1767,60.1494,60.1494,60.1494,60.1494
t_1768,60.1494,60.1494,60.1494,60.1494
t_1769,107.022,107.022,107.022,107.022
t_177,80.7663,80.7663,80.7663,80.7663
t_1770,107.022,107.022,107.022,107.022
t_1771,107.022,107.022,107.022,107.022
t_1772,107.022,107.022,107.022,107.022
t_1773,107.022,107.022,107.022,107.022
t_1774,107.022,107.022,107.022,107.022
t_1775,107.022,107.022,107.022,107.022
t_1776,107.022,107.022,107.022,107.022
t_1777,107.022,107.022,107.022,107.022
t_1778,107.022,107.022,107.022,107.022
t_1779,107.022,107.022,107.022,107.022
t_178,60.1494,60.1494,60.1494,60.1494
t_1780,99.0684,99.0684,99.0684,99.0684
t_1781,86.687,86.687,86.687,86.687
t_1782,98.1263,98.1263,98.1263,98.1263
t_1783,107.022,107.022,107.022,107.022
t_1784,80.7231,80.7231,80.7231,80.7231
t_1785,60.1494,60.1494,60.1494,60.1494
t_1786,51.865,51.865,51.865,51.865
t_1787,9.0,9.0,9.0,9.0
t_1788,9.0,9.0,9.0,9.0
t_1789,0.0,0.0,0.0,0.0
t_179,60.1494,60.1494,60.1494,60.1494
t_1790,0.0,0.0,0.0,0.0
t_1791,6.8113,6.8113,6.8113,6.8113
t_1792,9.0,9.0,9.0,9.0
t_1793,60.1494,60.1494,60.1494,60.1494
t_1794,106.6506,106.6506,106.6506,106.6506
t_1795,106.6506,106.6506,106.6506,106.6506
t_1796,106.6506,106.6506,106.6506,106.6506
t_1797,106.6506,106.6506,106.6506,106.6506
t_1798,106.6506,106.6506,106.6506,106.6506
t_1799,106.6506,106.6506,106.6506,106.6506
t_18,51.865,51.865,51.865,51.865
t_180,51.865,51.865,51.865,51.865
t_1800,106.6506,106.6506,106.6506,106.6506
t_1801,106.6506,106.6506,106.6506,106.6506
t_1802,106.6506,106.6506,106.6506,106.6506
t_1803,106.6506,106.6506,106.6506,106.6506
t_1804,106.6506,106.6506,106.6506,106.6506
t_1805,106.6506,106.6506,106.6506,106.6506
t_1806,106.6506,106.6506,106.6506,106.6506
t_1807,106.6506,106.6506,106.6506,106.6506
t_1808,60.1494,60.1494,60.1494,60.1494
t_1809,9.0,9.0,9.0,9.0
t_181,51.865,51.865,51.865,51.865
t_1810,0.0,0.0,0.0,0.0
t_1811,0.0,0.0,0.0,0.0
t_1812,0.0,0.0,0.0,0.0
t_1813,0.0,0.0,0.0,0.0
t_1814,0.0,0.0,0.0,0.0
t_1815,0.0,0.0,0.0,0.0
t_1816,9.0,9.0,9.0,9.0
t_1817,60.1494,60.1494,60.1494,60.1494
t_1818,107.022,107.022,107.022,107.022
t_1819,107.022,107.022,107.022,107.022
t_182,60.1494,60.1494,60.1494,60.1494
t_1820,107.022,107.022,107.022,107.022
t_1821,107.022,107.022,107.022,107.022
t_1822,107.022,107.022,107.022,107.022
t_1823,107.022,107.022,107.022,107.022
t_1824,107.022,107.022,107.022,107.022
t_1825,106.6506,106.6506,106.6506,106.6506
t_1826,106.6506,106.6506,106.6506,106.6506
t_1827,106.6506,106.6506,106.6506,106.6506
t_1828,102.8541,102.8541,102.8541,102.8541
t_1829,95.2085,95.2085,95.2085,95.2085
t_183,60.1494,60.1494,60.1494,60.1494
t_1830,79.4691,79.4691,79.4691,79.4691
t_1831,79.4691,79.4691,79.4691,79.4691
t_1832,60.1494,60.1494,60.1494,60.1494
t_1833,9.0,9.0,9.0,9.0
t_1834,0.0,0.0,0.0,0.0
t_1835,0.0,0.0,0.0,0.0
t_1836,0.0,0.0,0.0,0.0
t_1837,0.0,0.0,0.0,0.0
t_1838,0.0,0.0,0.0,0.0
t_1839,0.0,0.0,0.0,0.0
t_184,80.7663,80.7663,80.7663,80.7663
t_1840,0.0,0.0,0.0,0.0
t_1841,51.865,51.865,51.865,51.865
t_1842,60.1494,60.1494,60.1494,60.1494
t_1843,60.1494,60.1494,60.1494,60.1494
t_1844,60.1494,60.1494,60.1494,60.1494
t_1845,60.1494,60.1494,60.1494,60.1494
t_1846,60.1494,60.1494,60.1494,60.1494
t_1847,60.1494,60.1494,60.1494,60.1494
t_1848,60.1494,60.1494,60.1494,60.1494
t_1849,60.1494,60.1494,60.1494,60.1494
t_185,106.7076,106.7076,106.7076,106.7076
t_1850,60.1494,60.1494,60.1494,60.1494
t_1851,60.1494,60.1494,60.1494,60.1494
t_1852,60.1494,60.1494,60.1494,60.1494
t_1853,60.1494,60.1494,60.1494,60.1494
t_1854,60.1494,60.1494,60.1494,60.1494
t_1855,60.1494,60.1494,60.1494,60.1494
t_1856,60.1494,60.1494,60.1494,60.1494
t_1857,42.0098,42.0098,42.0098,42.0098
t_1858,0.0,0.0,0.0,0.0
t_1859,0.0,0.0,0.0,0.0
t_186,106.7076,106.7076,106.7076,106.7076
t_1860,0.0,0.0,0.0,0.0
t_1861,0.0,0.0,0.0,0.0
t_1862,0.0,0.0,0.0,0.0
t_1863,0.0,0.0,0.0,0.0
t_1864,0.0,0.0,0.0,0.0
t_1865,60.1494,60.1494,60.1494,60.1494
t_1866,60.1494,60.1494,60.1494,60.1494
t_1867,60.1494,60.1494,60.1494,60.1494
t_1868,60.1494,60.1494,60.1494,60.1494
t_1869,60.1494,60.1494,60.1494,60.1494
t_187,106.7076,106.7076,106.7076,106.7076
t_1870,60.1494,60.1494,60.1494,60.1494
t_1871,60.1494,60.1494,60.1494,60.1494
t_1872,60.1494,60.1494,60.1494,60.1494
t_1873,60.1494,60.1494,60.1494,60.1494
t_1874,60.1494,60.1494,60.1494,60.1494
t_1875,60.1494,60.1494,60.1494,60.1494
t_1876,60.1494,60.1494,60.1494,60.1494
t_1877,60.1494,60.1494,60.1494,60.1494
t_1878,60.1494,60.1494,60.1494,60.1494
t_1879,60.1494,60.1494,60.1494,60.1494
t_188,106.7076,106.7076,106.7076,106.7076
t_1880,45.5263,45.5263,45.5263,45.5263
t_1881,0.0,0.0,0.0,0.0
t_1882,0.0,0.0,0.0,0.0
t_1883,0.0,0.0,0.0,0.0
t_1884,0.0,0.0,0.0,0.0
t_1885,0.0,0.0,0.0,0.0
t_1886,0.0,0.0,0.0,0.0
t_1887,0.0,0.0,0.0,0.0
t_1888,0.0,0.0,0.0,0.0
t_1889,9.0,9.0,9.0,9.0
t_189,106.7076,106.7076,106.7076,106.7076
t_1890,60.1494,60.1494,60.1494,60.1494
t_1891,60.1494,60.1494,60.1494,60.1494
t_1892,60.1494,60.1494,60.1494,60.1494
t_1893,60.1494,60.1494,60.1494,60.1494
t_1894,60.1494,60.1494,60.1494,60.1494
t_1895,60.1494,60.1494,60.1494,60.1494
t_1896,60.1494,60.1494,60.1494,60.1494
t_1897,60.1494,60.1494,60.1494,60.1494
t_1898,60.1494,60.1494,60.1494,60.1494
t_1899,60.1494,60.1494,60.1494,60.1494
t_19,51.865,51.865,51.865,51.865
t_190,106.7076,106.7076,106.7076,106.7076
t_1900,60.1494,60.1494,60.1494,60.1494
t_1901,60.1494,60.1494,60.1494,60.1494
t_1902,60.1494,60.1494,60.1494,60.1494
t_1903,60.1494,60.1494,60.1494,60.1494
t_1904,9.0,9.0,9.0,9.0
t_1905,0.0,0.0,0.0,0.0
t_1906,0.0,0.0,0.0,0.0
t_1907,0.0,0.0,0.0,0.0
t_1908,0.0,0.0,0.0,0.0
t_1909,0.0,0.0,0.0,0.0
t_191,106.7076,106.7076,106.7076,106.7076
t_1910,0.0,0.0,0.0,0.0
t_1911,0.0,0.0,0.0,0.0
t_1912,0.0,0.0,0.0,0.0
t_1913,60.1494,60.1494,60.1494,60.1494
t_1914,60.1494,60.1494,60.1494,60.1494
t_1915,60.1494,60.1494,60.1494,60.1494
t_1916,60.1494,60.1494,60.1494,60.1494
t_1917,60.1494,60.1494,60.1494,60.1494
t_1918,60.1494,60.1494,60.1494,60.1494
t_1919,60.1494,60.1494,60.1494,60.1494
t_192,106.7076,106.7076,106.7076,106.7076
t_1920,60.1494,60.1494,60.1494,60.1494
t_1921,60.1494,60.1494,60.1494,60.1494
t_1922,60.1494,60.1494,60.1494,60.1494
t_1923,60.1494,60.1494,60.1494,60.1494
t_1924,60.1494,60.1494,60.1494,60.1494
t_1925,60.1494,60.1494,60.1494,60.1494
t_1926,60.1494,60.1494,60.1494,60.1494
t_1927,60.1494,60.1494,60.1494,60.1494
t_1928,0.0,0.0,0.0,0.0
t_1929,0.0,0.0,0.0,0.0
t_193,87.7104,87.7104,87.7104,87.7104
t_1930,0.0,0.0,0.0,0.0
t_1931,0.0,0.0,0.0,0.0
t_1932,0.0,0.0,0.0,0.0
t_1933,0.0,0.0,0.0,0.0
t_1934,0.0,0.0,0.0,0.0
t_1935,0.0,0.0,0.0,0.0
t_1936,0.0,0.0,0.0,0.0
t_1937,45.5263,45.5263,45.5263,45.5263
t_1938,60.1494,60.1494,60.1494,60.1494
t_1939,60.1494,60.1494,60.1494,60.1494
t_194,87.7104,87.7104,87.7104,87.7104
t_1940,60.1494,60.1494,60.1494,60.1494
t_1941,60.1494,60.1494,60.1494,60.1494
t_1942,60.1494,60.1494,60.1494,60.1494
t_1943,60.1494,60.1494,60.1494,60.1494
t_1944,60.1494,60.1494,60.1494,60.1494
t_1945,60.1494,60.1494,60.1494,60.1494
t_1946,60.1494,60.1494,60.1494,60.1494
t_1947,60.1494,60.1494,60.1494,60.1494
t_1948,60.1494,60.1494,60.1494,60.1494
t_1949,60.1494,60.1494,60.1494,60.1494
t_195,76.688,76.688,76.688,76.688
t_1950,60.1494,60.1494,60.1494,60.1494
t_1951,60.1494,60.1494,60.1494,60.1494
t_1952,0.0,0.0,0.0,0.0
t_1953,0.0,0.0,0.0,0.0
t_1954,0.0,0.0,0.0,0.0
t_1955,0.0,0.0,0.0,0.0
t_1956,0.0,0.0,0.0,0.0
t_1957,0.0,0.0,0.0,0.0
t_1958,0.0,0.0,0.0,0.0
t_1959,0.0,0.0,0.0,0.0
t_196,76.688,76.688,76.688,76.688
t_1960,0.0,0.0,0.0,0.0
t_1961,45.5263,45.5263,45.5263,45.5263
t_1962,60.1494,60.1494,60.1494,60.1494
t_1963,60.1494,60.1494,60.1494,60.1494
t_1964,60.1494,60.1494,60.1494,60.1494
t_1965,60.1494,60.1494,60.1494,60.1494
t_1966,60.1494,60.1494,60.1494,60.1494
t_1967,60.1494,60.1494,60.1494,60.1494
t_1968,60.1494,60.1494,60.1494,60.1494
t_1969,60.1494,60.1494,60.1494,60.1494
t_197,76.688,76.688,76.688,76.688
t_1970,60.1494,60.1494,60.1494,60.1494
t_1971,60.1494,60.1494,60.1494,60.1494
t_1972,60.1494,60.1494,60.1494,60.1494
t_1973,60.1494,60.1494,60.1494,60.1494
t_1974,60.1494,60.1494,60.1494,60.1494
t_1975,60.1494,60.1494,60.1494,60.1494
t_1976,9.0,9.0,9.0,9.0
t_1977,0.0,0.0,0.0,0.0
t_1978,0.0,0.0,0.0,0.0
t_1979,0.0,0.0,0.0,0.0
t_198,76.688,76.688,76.688,76.688
t_1980,0.0,0.0,0.0,0.0
t_1981,0.0,0.0,0.0,0.0
t_1982,0.0,0.0,0.0,0.0
t_1983,0.0,0.0,0.0,0.0
t_1984,0.0,0.0,0.0,0.0
t_1985,51.865,51.865,51.865,51.865
t_1986,107.022,107.022,107.022,107.022
t_1987,107.022,107.022,107.022,107.022
t_1988,107.022,107.022,107.022,107.022
t_1989,107.022,107.022,107.022,107.022
t_199,94.6776,94.6776,94.6776,94.6776
t_1990,107.022,107.022,107.022,107.022
t_1991,107.022,107.022,107.022,107.022
t_1992,107.022,107.022,107.022,107.022
t_1993,107.022,107.022,107.022,107.022
t_1994,107.022,107.022,107.022,107.022
t_1995,107.022,107.022,107.022,107.022
t_1996,107.022,107.022,107.022,107.022
t_1997,107.022,107.022,107.022,107.022
t_1998,107.022,107.022,107.022,107.022
t_1999,97.4337,97.4337,97.4337,97.4337
t_2,60.1494,60.1494,60.1494,60.1494
t_20,51.865,51.865,51.865,51.865
t_200,94.6776,94.6776,94.6776,94.6776
t_2000,60.1494,60.1494,60.1494,60.1494
t_2001,0.0,0.0,0.0,0.0
t_2002,0.0,0.0,0.0,0.0
t_2003,0.0,0.0,0.0,0.0
t_2004,0.0,0.0,0.0,0.0
t_2005,0.0,0.0,0.0,0.0
t_2006,0.0,0.0,0.0,0.0
t_2007,0.0,0.0,0.0,0.0
t_2008,0.0,0.0,0.0,0.0
t_2009,45.5263,45.5263,45.5263,45.5263
t_201,66.3873,66.3873,66.3873,66.3873
t_2010,60.1494,60.1494,60.1494,60.1494
t_2011,60.1494,60.1494,60.1494,60.1494
t_2012,60.1494,60.1494,60.1494,60.1494
t_2013,60.1494,60.1494,60.1494,60.1494
t_2014,60.1494,60.1494,60.1494,60.1494
t_2015,60.1494,60.1494,60.1494,60.1494
t_2016,60.1494,60.1494,60.1494,60.1494
t_2017,60.1494,60.1494,60.1494,60.1494
t_2018,60.1494,60.1494,60.1494,60.1494
t_2019,60.1494,60.1494,60.1494,60.1494
t_202,60.1494,60.1494,60.1494,60.1494
t_2020,60.1494,60.1494,60.1494,60.1494
t_2021,60.1494,60.1494,60.1494,60.1494
t_2022,60.1494,60.1494,60.1494,60.1494
t_2023,60.1494,60.1494,60.1494,60.1494
t_2024,60.1494,60.1494,60.1494,60.1494
t_2025,9.0,9.0,9.0,9.0
t_2026,0.0,0.0,0.0,0.0
t_2027,0.0,0.0,0.0,0.0
t_2028,0.0,0.0,0.0,0.0
t_2029,0.0,0.0,0.0,0.0
t_203,51.865,51.865,51.865,51.865
t_2030,0.0,0.0,0.0,0.0
t_2031,0.0,0.0,0.0,0.0
t_2032,0.0,0.0,0.0,0.0
t_2033,60.1494,60.1494,60.1494,60.1494
t_2034,60.1494,60.1494,60.1494,60.1494
t_2035,60.1494,60.1494,60.1494,60.1494
t_2036,60.1494,60.1494,60.1494,60.1494
t_2037,60.1494,60.1494,60.1494,60.1494
t_2038,60.1494,60.1494,60.1494,60.1494
t_2039,60.1494,60.1494,60.1494,60.1494
t_204,9.0,9.0,9.0,9.0
t_2040,60.1494,60.1494,60.1494,60.1494
t_2041,60.1494,60.1494,60.1494,60.1494
t_2042,60.1494,60.1494,60.1494,60.1494
t_2043,60.1494,60.1494,60.1494,60.1494
t_2044,60.1494,60.1494,60.1494,60.1494
t_2045,60.1494,60.1494,60.1494,60.1494
t_2046,60.1494,60.1494,60.1494,60.1494
t_2047,60.1494,60.1494,60.1494,60.1494
t_2048,60.1494,60.1494,60.1494,60.1494
t_2049,9.0,9.0,9.0,9.0
t_205,9.0,9.0,9.0,9.0
t_2050,0.0,0.0,0.0,0.0
t_2051,0.0,0.0,0.0,0.0
t_2052,0.0,0.0,0.0,0.0
t_2053,0.0,0.0,0.0,0.0
t_2054,0.0,0.0,0.0,0.0
t_2055,0.0,0.0,0.0,0.0
t_2056,0.0,0.0,0.0,0.0
t_2057,39.2559,39.2559,39.2559,39.2559
t_2058,60.1494,60.1494,60.1494,60.1494
t_2059,60.1494,60.1494,60.1494,60.1494
t_206,51.865,51.865,51.865,51.865
t_2060,60.1494,60.1494,60.1494,60.1494
t_2061,60.1494,60.1494,60.1494,60.1494
t_2062,60.1494,60.1494,60.1494,60.1494
t_2063,60.1494,60.1494,60.1494,60.1494
t_2064,60.1494,60.1494,60.1494,60.1494
t_2065,60.1494,60.1494,60.1494,60.1494
t_2066,60.1494,60.1494,60.1494,60.1494
t_2067,60.1494,60.1494,60.1494,60.1494
t_2068,60.1494,60.1494,60.1494,60.1494
t_2069,60.1494,60.1494,60.1494,60.1494
t_207,60.1494,60.1494,60.1494,60.1494
t_2070,60.1494,60.1494,60.1494,60.1494
t_2071,60.1494,60.1494,60.1494,60.1494
t_2072,9.0,9.0,9.0,9.0
t_2073,0.0,0.0,0.0,0.0
t_2074,0.0,0.0,0.0,0.0
t_2075,0.0,0.0,0.0,0.0
t_2076,0.0,0.0,0.0,0.0
t_2077,0.0,0.0,0.0,0.0
t_2078,0.0,0.0,0.0,0.0
t_2079,0.0,0.0,0.0,0.0
t_208,64.0319,64.0319,64.0319,64.0319
t_2080,0.0,0.0,0.0,0.0
t_2081,9.0,9.0,9.0,9.0
t_2082,60.1494,60.1494,60.1494,60.1494
t_2083,60.1494,60.1494,60.1494,60.1494
t_2084,60.1494,60.1494,60.1494,60.1494
t_2085,60.1494,60.1494,60.1494,60.1494
t_2086,60.1494,60.1494,60.1494,60.1494
t_2087,60.1494,60.1494,60.1494,60.1494
t_2088,60.1494,60.1494,60.1494,60.1494
t_2089,60.1494,60.1494,60.1494,60.1494
t_209,101.3196,101.3196,101.3196,101.3196
t_2090,60.1494,60.1494,60.1494,60.1494
t_2091,60.1494,60.1494,60.1494,60.1494
t_2092,60.1494,60.1494,60.1494,60.1494
t_2093,60.1494,60.1494,60.1494,60.1494
t_2094,60.1494,60.1494,60.1494,60.1494
t_2095,60.1494,60.1494,60.1494,60.1494
t_2096,51.865,51.865,51.865,51.865
t_2097,0.0,0.0,0.0,0.0
t_2098,0.0,0.0,0.0,0.0
t_2099,0.0,0.0,0.0,0.0
t_21,51.865,51.865,51.865,51.865
t_210,101.3196,101.3196,101.3196,101.3196
t_2100,0.0,0.0,0.0,0.0
t_2101,0.0,0.0,0.0,0.0
t_2102,0.0,0.0,0.0,0.0
t_2103,0.0,0.0,0.0,0.0
t_2104,0.0,0.0,0.0,0.0
t_2105,45.5263,45.5263,45.5263,45.5263
t_2106,60.1494,60.1494,60.1494,60.1494
t_2107,60.1494,60.1494,60.1494,60.1494
t_2108,60.1494,60.1494,60.1494,60.1494
t_2109,60.1494,60.1494,60.1494,60.1494
t_211,101.3196,101.3196,101.3196,101.3196
t_2110,60.1494,60.1494,60.1494,60.1494
t_2111,60.1494,60.1494,60.1494,60.1494
t_2112,60.1494,60.1494,60.1494,60.1494
t_2113,60.1494,60.1494,60.1494,60.1494
t_2114,60.1494,60.1494,60.1494,60.1494
t_2115,60.1494,60.1494,60.1494,60.1494
t_2116,60.1494,60.1494,60.1494,60.1494
t_2117,60.1494,60.1494,60.1494,60.1494
t_2118,60.1494,60.1494,60.1494,60.1494
t_2119,60.1494,60.1494,60.1494,60.1494
t_212,101.3196,101.3196,101.3196,101.3196
t_2120,0.0,0.0,0.0,0.0
t_2121,0.0,0.0,0.0,0.0
t_2122,0.0,0.0,0.0,0.0
t_2123,0.0,0.0,0.0,0.0
t_2124,0.0,0.0,0.0,0.0
t_2125,0.0,0.0,0.0,0.0
t_2126,0.0,0.0,0.0,0.0
t_2127,0.0,0.0,0.0,0.0
t_2128,0.0,0.0,0.0,0.0
t_2129,9.0,9.0,9.0,9.0
t_213,101.3196,101.3196,101.3196,101.3196
t_2130,60.1494,60.1494,60.1494,60.1494
t_2131,60.1494,60.1494,60.1494,60.1494
t_2132,60.1494,60.1494,60.1494,60.1494
t_2133,60.1494,60.1494,60.1494,60.1494
t_2134,60.1494,60.1494,60.1494,60.1494
t_2135,60.1494,60.1494,60.1494,60.1494
t_2136,60.1494,60.1494,60.1494,60.1494
t_2137,60.1494,60.1494,60.1494,60.1494
t_2138,51.865,51.865,51.865,51.865
t_2139,51.865,51.865,51.865,51.865
t_214,101.3196,101.3196,101.3196,101.3196
t_2140,51.865,51.865,51.865,51.865
t_2141,51.865,51.865,51.865,51.865
t_2142,51.865,51.865,51.865,51.865
t_2143,45.5263,45.5263,45.5263,45.5263
t_2144,0.0,0.0,0.0,0.0
t_2145,0.0,0.0,0.0,0.0
t_2146,0.0,0.0,0.0,0.0
t_2147,0.0,0.0,0.0,0.0
t_2148,0.0,0.0,0.0,0.0
t_2149,0.0,0.0,0.0,0.0
t_215,101.3196,101.3196,101.3196,101.3196
t_2150,0.0,0.0,0.0,0.0
t_2151,0.0,0.0,0.0,0.0
t_2152,0.0,0.0,0.0,0.0
t_2153,0.0,0.0,0.0,0.0
t_2154,60.1494,60.1494,60.1494,60.1494
t_2155,60.1494,60.1494,60.1494,60.1494
t_2156,60.1494,60.1494,60.1494,60.1494
t_2157,60.1494,60.1494,60.1494,60.1494
t_2158,60.1494,60.1494,60.1494,60.1494
t_2159,60.1494,60.1494,60.1494,60.1494
t_216,94.9072,94.9072,94.9072,94.9072
t_2160,60.1494,60.1494,60.1494,60.1494
t_2161,60.1494,60.1494,60.1494,60.1494
t_2162,60.1494,60.1494,60.1494,60.1494
t_2163,60.1494,60.1494,60.1494,60.1494
t_2164,60.1494,60.1494,60.1494,60.1494
t_2165,60.1494,60.1494,60.1494,60.1494
t_2166,60.1494,60.1494,60.1494,60.1494
t_2167,51.865,51.865,51.865,51.865
t_2168,0.0,0.0,0.0,0.0
t_2169,0.0,0.0,0.0,0.0
t_217,82.068,82.068,82.068,82.068
t_2170,0.0,0.0,0.0,0.0
t_2171,0.0,0.0,0.0,0.0
t_2172,0.0,0.0,0.0,0.0
t_2173,0.0,0.0,0.0,0.0
t_2174,0.0,0.0,0.0,0.0
t_2175,0.0,0.0,0.0,0.0
t_2176,0.0,0.0,0.0,0.0
t_2177,9.0,9.0,9.0,9.0
t_2178,60.1494,60.1494,60.1494,60.1494
t_2179,60.1494,60.1494,60.1494,60.1494
t_218,82.068,82.068,82.068,82.068
t_2180,60.1494,60.1494,60.1494,60.1494
t_2181,60.1494,60.1494,60.1494,60.1494
t_2182,60.1494,60.1494,60.1494,60.1494
t_2183,60.1494,60.1494,60.1494,60.1494
t_2184,60.1494,60.1494,60.1494,60.1494
t_2185,60.1494,60.1494,60.1494,60.1494
t_2186,60.1494,60.1494,60.1494,60.1494
t_2187,60.1494,60.1494,60.1494,60.1494
t_2188,60.1494,60.1494,60.1494,60.1494
t_2189,60.1494,60.1494,60.1494,60.1494
t_219,82.068,82.068,82.068,82.068
t_2190,60.1494,60.1494,60.1494,60.1494
t_2191,60.1494,60.1494,60.1494,60.1494
t_2192,9.0,9.0,9.0,9.0
t_2193,0.0,0.0,0.0,0.0
t_2194,0.0,0.0,0.0,0.0
t_2195,0.0,0.0,0.0,0.0
t_2196,0.0,0.0,0.0,0.0
t_2197,0.0,0.0,0.0,0.0
t_2198,0.0,0.0,0.0,0.0
t_2199,0.0,0.0,0.0,0.0
t_22,51.865,51.865,51.865,51.865
t_220,82.068,82.068,82.068,82.068
t_2200,0.0,0.0,0.0,0.0
t_2201,39.2559,39.2559,39.2559,39.2559
t_2202,79.4691,79.4691,79.4691,79.4691
t_2203,79.4691,79.4691,79.4691,79.4691
t_2204,79.4691,79.4691,79.4691,79.4691
t_2205,79.4691,79.4691,79.4691,79.4691
t_2206,79.4691,79.4691,79.4691,79.4691
t_2207,79.4691,79.4691,79.4691,79.4691
t_2208,79.4691,79.4691,79.4691,79.4691
t_2209,79.4691,79.4691,79.4691,79.4691
t_221,82.068,82.068,82.068,82.068
t_2210,79.4691,79.4691,79.4691,79.4691
t_2211,79.4691,79.4691,79.4691,79.4691
t_2212,79.4691,79.4691,79.4691,79.4691
t_2213,79.4691,79.4691,79.4691,79.4691
t_2214,79.4691,79.4691,79.4691,79.4691
t_2215,79.4691,79.4691,79.4691,79.4691
t_2216,60.1494,60.1494,60.1494,60.1494
t_2217,0.0,0.0,0.0,0.0
t_2218,0.0,0.0,0.0,0.0
t_2219,0.0,0.0,0.0,0.0
t_222,87.7104,87.7104,87.7104,87.7104
t_2220,0.0,0.0,0.0,0.0
t_2221,0.0,0.0,0.0,0.0
t_2222,0.0,0.0,0.0,0.0
t_2223,0.0,0.0,0.0,0.0
t_2224,0.0,0.0,0.0,0.0
t_2225,60.1494,60.1494,60.1494,60.1494
t_2226,107.022,107.022,107.022,107.022
t_2227,107.022,107.022,107.022,107.022
t_2228,107.022,107.022,107.022,107.022
t_2229,107.022,107.022,107.022,107.022
t_223,101.3196,101.3196,101.3196,101.3196
t_2230,107.022,107.022,107.022,107.022
t_2231,107.022,107.022,107.022,107.022
t_2232,107.022,107.022,107.022,107.022
t_2233,107.022,107.022,107.022,107.022
t_2234,107.022,107.022,107.022,107.022
t_2235,107.022,107.022,107.022,107.022
t_2236,107.022,107.022,107.022,107.022
t_2237,107.022,107.022,107.022,107.022
t_2238,107.022,107.022,107.022,107.022
t_2239,97.6539,97.6539,97.6539,97.6539
t_224,101.3196,101.3196,101.3196,101.3196
t_2240,60.1494,60.1494,60.1494,60.1494
t_2241,0.0,0.0,0.0,0.0
t_2242,0.0,0.0,0.0,0.0
t_2243,0.0,0.0,0.0,0.0
t_2244,0.0,0.0,0.0,0.0
t_2245,0.0,0.0,0.0,0.0
t_2246,0.0,0.0,0.0,0.0
t_2247,0.0,0.0,0.0,0.0
t_2248,0.0,0.0,0.0,0.0
t_2249,60.1494,60.1494,60.1494,60.1494
t_225,87.7104,87.7104,87.7104,87.7104
t_2250,107.022,107.022,107.022,107.022
t_2251,107.022,107.022,107.022,107.022
t_2252,107.022,107.022,107.022,107.022
t_2253,107.022,107.022,107.022,107.022
t_2254,107.022,107.022,107.022,107.022
t_2255,107.022,107.022,107.022,107.022
t_2256,107.022,107.022,107.022,107.022
t_2257,107.022,107.022,107.022,107.022
t_2258,107.022,107.022,107.022,107.022
t_2259,107.022,107.022,107.022,107.022
t_226,60.1494,60.1494,60.1494,60.1494
t_2260,107.022,107.022,107.022,107.022
t_2261,107.022,107.022,107.022,107.022
t_2262,107.022,107.022,107.022,107.022
t_2263,107.022,107.022,107.022,107.022
t_2264,60.1494,60.1494,60.1494,60.1494
t_2265,9.0,9.0,9.0,9.0
t_2266,0.0,0.0,0.0,0.0
t_2267,0.0,0.0,0.0,0.0
t_2268,0.0,0.0,0.0,0.0
t_2269,0.0,0.0,0.0,0.0
t_227,60.1494,60.1494,60.1494,60.1494
t_2270,0.0,0.0,0.0,0.0
t_2271,0.0,0.0,0.0,0.0
t_2272,50.6271,50.6271,50.6271,50.6271
t_2273,79.4691,79.4691,79.4691,79.4691
t_2274,110.0052,110.0052,110.0052,110.0052
t_2275,110.0052,110.0052,110.0052,110.0052
t_2276,110.0052,110.0052,110.0052,110.0052
t_2277,110.0052,110.0052,110.0052,110.0052
t_2278,110.0052,110.0052,110.0052,110.0052
t_2279,110.0052,110.0052,110.0052,110.0052
t_228,60.1494,60.1494,60.1494,60.1494
t_2280,110.0052,110.0052,110.0052,110.0052
t_2281,110.0052,110.0052,110.0052,110.0052
t_2282,110.0052,110.0052,110.0052,110.0052
t_2283,110.0052,110.0052,110.0052,110.0052
t_2284,110.0052,110.0052,110.0052,110.0052
t_2285,110.0052,110.0052,110.0052,110.0052
t_2286,110.0052,110.0052,110.0052,110.0052
t_2287,107.022,107.022,107.022,107.022
t_2288,60.1494,60.1494,60.1494,60.1494
t_2289,9.0,9.0,9.0,9.0
t_229,60.1494,60.1494,60.1494,60.1494
t_2290,0.0,0.0,0.0,0.0
t_2291,0.0,0.0,0.0,0.0
t_2292,0.0,0.0,0.0,0.0
t_2293,0.0,0.0,0.0,0.0
t_2294,0.0,0.0,0.0,0.0
t_2295,0.0,0.0,0.0,0.0
t_2296,39.2559,39.2559,39.2559,39.2559
t_2297,60.1494,60.1494,60.1494,60.1494
t_2298,107.022,107.022,107.022,107.022
t_2299,107.022,107.022,107.022,107.022
t_23,51.865,51.865,51.865,51.865
t_230,60.1494,60.1494,60.1494,60.1494
t_2300,107.022,107.022,107.022,107.022
t_2301,107.022,107.022,107.022,107.022
t_2302,107.022,107.022,107.022,107.022
t_2303,107.022,107.022,107.022,107.022
t_2304,107.022,107.022,107.022,107.022
t_2305,107.022,107.022,107.022,107.022
t_2306,107.022,107.022,107.022,107.022
t_2307,107.022,107.022,107.022,107.022
t_2308,107.022,107.022,107.022,107.022
t_2309,107.022,107.022,107.022,107.022
t_231,60.1494,60.1494,60.1494,60.1494
t_2310,107.022,107.022,107.022,107.022
t_2311,81.0042,81.0042,81.0042,81.0042
t_2312,60.1494,60.1494,60.1494,60.1494
t_2313,0.0,0.0,0.0,0.0
t_2314,0.0,0.0,0.0,0.0
t_2315,0.0,0.0,0.0,0.0
t_2316,0.0,0.0,0.0,0.0
t_2317,0.0,0.0,0.0,0.0
t_2318,0.0,0.0,0.0,0.0
t_2319,0.0,0.0,0.0,0.0
t_232,105.4502,105.4502,105.4502,105.4502
t_2320,0.0,0.0,0.0,0.0
t_2321,60.1494,60.1494,60.1494,60.1494
t_2322,107.022,107.022,107.022,107.022
t_2323,107.022,107.022,107.022,107.022
t_2324,107.022,107.022,107.022,107.022
t_2325,107.022,107.022,107.022,107.022
t_2326,107.022,107.022,107.022,107.022
t_2327,107.022,107.022,107.022,107.022
t_2328,107.022,107.022,107.022,107.022
t_2329,107.022,107.022,107.022,107.022
t_233,107.022,107.022,107.022,107.022
t_2330,107.022,107.022,107.022,107.022
t_2331,107.022,107.022,107.022,107.022
t_2332,106.2645,106.2645,106.2645,106.2645
t_2333,102.0141,102.0141,102.0141,102.0141
t_2334,107.022,107.022,107.022,107.022
t_2335,60.1494,60.1494,60.1494,60.1494
t_2336,9.0,9.0,9.0,9.0
t_2337,0.0,0.0,0.0,0.0
t_2338,0.0,0.0,0.0,0.0
t_2339,0.0,0.0,0.0,0.0
t_234,107.022,107.022,107.022,107.022
t_2340,0.0,0.0,0.0,0.0
t_2341,0.0,0.0,0.0,0.0
t_2342,0.0,0.0,0.0,0.0
t_2343,0.0,0.0,0.0,0.0
t_2344,0.0,0.0,0.0,0.0
t_2345,9.0,9.0,9.0,9.0
t_2346,60.1494,60.1494,60.1494,60.1494
t_2347,60.1494,60.1494,60.1494,60.1494
t_2348,60.1494,60.1494,60.1494,60.1494
t_2349,60.1494,60.1494,60.1494,60.1494
t_235,107.022,107.022,107.022,107.022
t_2350,60.1494,60.1494,60.1494,60.1494
t_2351,60.1494,60.1494,60.1494,60.1494
t_2352,60.1494,60.1494,60.1494,60.1494
t_2353,60.1494,60.1494,60.1494,60.1494
t_2354,60.1494,60.1494,60.1494,60.1494
t_2355,60.1494,60.1494,60.1494,60.1494
t_2356,60.1494,60.1494,60.1494,60.1494
t_2357,60.1494,60.1494,60.1494,60.1494
t_2358,60.1494,60.1494,60.1494,60.1494
t_2359,60.1494,60.1494,60.1494,60.1494
t_236,107.022,107.022,107.022,107.022
t_2360,0.0,0.0,0.0,0.0
t_2361,0.0,0.0,0.0,0.0
t_2362,0.0,0.0,0.0,0.0
t_2363,0.0,0.0,0.0,0.0
t_2364,0.0,0.0,0.0,0.0
t_2365,0.0,0.0,0.0,0.0
t_2366,0.0,0.0,0.0,0.0
t_2367,0.0,0.0,0.0,0.0
t_2368,0.0,0.0,0.0,0.0
t_2369,0.0,0.0,0.0,0.0
t_237,107.022,107.022,107.022,107.022
t_2370,60.1494,60.1494,60.1494,60.1494
t_2371,60.1494,60.1494,60.1494,60.1494
t_2372,64.0319,64.0319,64.0319,64.0319
t_2373,64.0319,64.0319,64.0319,64.0319
t_2374,64.0319,64.0319,64.0319,64.0319
t_2375,64.0319,64.0319,64.0319,64.0319
t_2376,64.0319,64.0319,64.0319,64.0319
t_2377,64.0319,64.0319,64.0319,64.0319
t_2378,64.0319,64.0319,64.0319,64.0319
t_2379,64.0319,64.0319,64.0319,64.0319
t_238,107.022,107.022,107.022,107.022
t_2380,64.0319,64.0319,64.0319,64.0319
t_2381,64.0319,64.0319,64.0319,64.0319
t_2382,64.0319,64.0319,64.0319,64.0319
t_2383,64.0319,64.0319,64.0319,64.0319
t_2384,60.1494,60.1494,60.1494,60.1494
t_2385,0.0,0.0,0.0,0.0
t_2386,0.0,0.0,0.0,0.0
t_2387,0.0,0.0,0.0,0.0
t_2388,0.0,0.0,0.0,0.0
t_2389,0.0,0.0,0.0,0.0
t_239,107.022,107.022,107.022,107.022
t_2390,0.0,0.0,0.0,0.0
t_2391,9.0,9.0,9.0,9.0
t_2392,60.1494,60.1494,60.1494,60.1494
t_2393,79.4691,79.4691,79.4691,79.4691
t_2394,107.9077,107.9077,107.9077,107.9077
t_2395,107.9077,107.9077,107.9077,107.9077
t_2396,107.9077,107.9077,107.9077,107.9077
t_2397,107.9077,107.9077,107.9077,107.9077
t_2398,107.9077,107.9077,107.9077,107.9077
t_2399,107.9077,107.9077,107.9077,107.9077
t_24,51.865,51.865,51.865,51.865
t_240,107.022,107.022,107.022,107.022
t_2400,107.9077,107.9077,107.9077,107.9077
t_2401,107.9077,107.9077,107.9077,107.9077
t_2402,107.9077,107.9077,107.9077,107.9077
t_2403,107.9077,107.9077,107.9077,107.9077
t_2404,107.9077,107.9077,107.9077,107.9077
t_2405,107.9077,107.9077,107.9077,107.9077
t_2406,107.9077,107.9077,107.9077,107.9077
t_2407,107.022,107.022,107.022,107.022
t_2408,60.1494,60.1494,60.1494,60.1494
t_2409,9.0,9.0,9.0,9.0
t_241,107.022,107.022,107.022,107.022
t_2410,0.0,0.0,0.0,0.0
t_2411,0.0,0.0,0.0,0.0
t_2412,0.0,0.0,0.0,0.0
t_2413,0.0,0.0,0.0,0.0
t_2414,0.0,0.0,0.0,0.0
t_2415,0.0,0.0,0.0,0.0
t_2416,60.1494,60.1494,60.1494,60.1494
t_2417,81.6746,81.6746,81.6746,81.6746
t_2418,107.9077,107.9077,107.9077,107.9077
t_2419,107.9077,107.9077,107.9077,107.9077
t_242,107.022,107.022,107.022,107.022
t_2420,107.9077,107.9077,107.9077,107.9077
t_2421,107.9077,107.9077,107.9077,107.9077
t_2422,107.9077,107.9077,107.9077,107.9077
t_2423,107.9077,107.9077,107.9077,107.9077
t_2424,107.9077,107.9077,107.9077,107.9077
t_2425,107.9077,107.9077,107.9077,107.9077
t_2426,107.9077,107.9077,107.9077,107.9077
t_2427,107.022,107.022,107.022,107.022
t_2428,107.022,107.022,107.022,107.022
t_2429,107.022,107.022,107.022,107.022
t_243,107.022,107.022,107.022,107.022
t_2430,107.022,107.022,107.022,107.022
t_2431,60.1494,60.1494,60.1494,60.1494
t_2432,51.865,51.865,51.865,51.865
t_2433,0.0,0.0,0.0,0.0
t_2434,0.0,0.0,0.0,0.0
t_2435,0.0,0.0,0.0,0.0
t_2436,0.0,0.0,0.0,0.0
t_2437,0.0,0.0,0.0,0.0
t_2438,0.0,0.0,0.0,0.0
t_2439,0.0,0.0,0.0,0.0
t_244,107.022,107.022,107.022,107.022
t_2440,0.0,0.0,0.0,0.0
t_2441,51.865,51.865,51.865,51.865
t_2442,60.1494,60.1494,60.1494,60.1494
t_2443,79.4691,79.4691,79.4691,79.4691
t_2444,79.4691,79.4691,79.4691,79.4691
t_2445,79.4691,79.4691,79.4691,79.4691
t_2446,79.4691,79.4691,79.4691,79.4691
t_2447,79.4691,79.4691,79.4691,79.4691
t_2448,79.4691,79.4691,79.4691,79.4691
t_2449,79.4691,79.4691,79.4691,79.4691
t_245,103.5205,103.5205,103.5205,103.5205
t_2450,79.4691,79.4691,79.4691,79.4691
t_2451,79.4691,79.4691,79.4691,79.4691
t_2452,79.4691,79.4691,79.4691,79.4691
t_2453,79.4691,79.4691,79.4691,79.4691
t_2454,79.4691,79.4691,79.4691,79.4691
t_2455,79.4691,79.4691,79.4691,79.4691
t_2456,60.1494,60.1494,60.1494,60.1494
t_2457,0.0,0.0,0.0,0.0
t_2458,0.0,0.0,0.0,0.0
t_2459,0.0,0.0,0.0,0.0
t_246,102.0459,102.0459,102.0459,102.0459
t_2460,0.0,0.0,0.0,0.0
t_2461,0.0,0.0,0.0,0.0
t_2462,0.0,0.0,0.0,0.0
t_2463,0.0,0.0,0.0,0.0
t_2464,48.465,48.465,48.465,48.465
t_2465,60.1494,60.1494,60.1494,60.1494
t_2466,107.022,107.022,107.022,107.022
t_2467,107.022,107.022,107.022,107.022
t_2468,107.022,107.022,107.022,107.022
t_2469,107.022,107.022,107.022,107.022
t_247,107.022,107.022,107.022,107.022
t_2470,107.022,107.022,107.022,107.022
t_2471,107.022,107.022,107.022,107.022
t_2472,107.022,107.022,107.022,107.022
t_2473,107.022,107.022,107.022,107.022
t_2474,107.022,107.022,107.022,107.022
t_2475,107.022,107.022,107.022,107.022
t_2476,107.022,107.022,107.022,107.022
t_2477,107.022,107.022,107.022,107.022
t_2478,107.022,107.022,107.022,107.022
t_2479,79.4691,79.4691,79.4691,79.4691
t_248,107.022,107.022,107.022,107.022
t_2480,60.1494,60.1494,60.1494,60.1494
t_2481,60.1494,60.1494,60.1494,60.1494
t_2482,39.2559,39.2559,39.2559,39.2559
t_2483,39.2559,39.2559,39.2559,39.2559
t_2484,21.9464,21.9464,21.9464,21.9464
t_2485,0.0,0.0,0.0,0.0
t_2486,21.9464,21.9464,21.9464,21.9464
t_2487,39.2559,39.2559,39.2559,39.2559
t_2488,51.865,51.865,51.865,51.865
t_2489,60.1494,60.1494,60.1494,60.1494
t_249,81.0042,81.0042,81.0042,81.0042
t_2490,94.6192,94.6192,94.6192,94.6192
t_2491,94.6192,94.6192,94.6192,94.6192
t_2492,94.6192,94.6192,94.6192,94.6192
t_2493,94.6192,94.6192,94.6192,94.6192
t_2494,94.6192,94.6192,94.6192,94.6192
t_2495,94.6192,94.6192,94.6192,94.6192
t_2496,94.6192,94.6192,94.6192,94.6192
t_2497,79.4691,79.4691,79.4691,79.4691
t_2498,79.4691,79.4691,79.4691,79.4691
t_2499,79.4691,79.4691,79.4691,79.4691
t_25,51.865,51.865,51.865,51.865
t_250,60.1494,60.1494,60.1494,60.1494
t_2500,79.4691,79.4691,79.4691,79.4691
t_2501,79.4691,79.4691,79.4691,79.4691
t_2502,79.4691,79.4691,79.4691,79.4691
t_2503,60.1494,60.1494,60.1494,60.1494
t_2504,9.0,9.0,9.0,9.0
t_2505,0.0,0.0,0.0,0.0
t_2506,0.0,0.0,0.0,0.0
t_2507,0.0,0.0,0.0,0.0
t_2508,0.0,0.0,0.0,0.0
t_2509,0.0,0.0,0.0,0.0
t_251,60.1494,60.1494,60.1494,60.1494
t_2510,0.0,0.0,0.0,0.0
t_2511,0.0,0.0,0.0,0.0
t_2512,0.0,0.0,0.0,0.0
t_2513,51.865,51.865,51.865,51.865
t_2514,60.1494,60.1494,60.1494,60.1494
t_2515,60.1494,60.1494,60.1494,60.1494
t_2516,60.1494,60.1494,60.1494,60.1494
t_2517,60.1494,60.1494,60.1494,60.1494
t_2518,60.1494,60.1494,60.1494,60.1494
t_2519,60.1494,60.1494,60.1494,60.1494
t_252,52.2092,52.2092,52.2092,52.2092
t_2520,60.1494,60.1494,60.1494,60.1494
t_2521,60.1494,60.1494,60.1494,60.1494
t_2522,60.1494,60.1494,60.1494,60.1494
t_2523,60.1494,60.1494,60.1494,60.1494
t_2524,60.1494,60.1494,60.1494,60.1494
t_2525,60.1494,60.1494,60.1494,60.1494
t_2526,60.1494,60.1494,60.1494,60.1494
t_2527,60.1494,60.1494,60.1494,60.1494
t_2528,45.5263,45.5263,45.5263,45.5263
t_2529,0.0,0.0,0.0,0.0
t_253,51.865,51.865,51.865,51.865
t_2530,0.0,0.0,0.0,0.0
t_2531,0.0,0.0,0.0,0.0
t_2532,0.0,0.0,0.0,0.0
t_2533,0.0,0.0,0.0,0.0
t_2534,0.0,0.0,0.0,0.0
t_2535,0.0,0.0,0.0,0.0
t_2536,0.0,0.0,0.0,0.0
t_2537,51.865,51.865,51.865,51.865
t_2538,60.1494,60.1494,60.1494,60.1494
t_2539,60.1494,60.1494,60.1494,60.1494
t_254,52.2092,52.2092,52.2092,52.2092
t_2540,60.1494,60.1494,60.1494,60.1494
t_2541,60.1494,60.1494,60.1494,60.1494
t_2542,60.1494,60.1494,60.1494,60.1494
t_2543,60.1494,60.1494,60.1494,60.1494
t_2544,60.1494,60.1494,60.1494,60.1494
t_2545,60.1494,60.1494,60.1494,60.1494
t_2546,60.1494,60.1494,60.1494,60.1494
t_2547,60.1494,60.1494,60.1494,60.1494
t_2548,60.1494,60.1494,60.1494,60.1494
t_2549,60.1494,60.1494,60.1494,60.1494
t_255,60.1494,60.1494,60.1494,60.1494
t_2550,60.1494,60.1494,60.1494,60.1494
t_2551,60.1494,60.1494,60.1494,60.1494
t_2552,45.5263,45.5263,45.5263,45.5263
t_2553,0.0,0.0,0.0,0.0
t_2554,0.0,0.0,0.0,0.0
t_2555,0.0,0.0,0.0,0.0
t_2556,0.0,0.0,0.0,0.0
t_2557,0.0,0.0,0.0,0.0
t_2558,0.0,0.0,0.0,0.0
t_2559,0.0,0.0,0.0,0.0
t_256,66.3873,66.3873,66.3873,66.3873
t_2560,0.0,0.0,0.0,0.0
t_2561,60.1494,60.1494,60.1494,60.1494
t_2562,96.2536,96.2536,96.2536,96.2536
t_2563,96.2536,96.2536,96.2536,96.2536
t_2564,96.2536,96.2536,96.2536,96.2536
t_2565,96.2536,96.2536,96.2536,96.2536
t_2566,96.2536,96.2536,96.2536,96.2536
t_2567,96.2536,96.2536,96.2536,96.2536
t_2568,96.2536,96.2536,96.2536,96.2536
t_2569,96.2536,96.2536,96.2536,96.2536
t_257,107.022,107.022,107.022,107.022
t_2570,96.2536,96.2536,96.2536,96.2536
t_2571,96.2536,96.2536,96.2536,96.2536
t_2572,96.2536,96.2536,96.2536,96.2536
t_2573,96.2536,96.2536,96.2536,96.2536
t_2574,96.2536,96.2536,96.2536,96.2536
t_2575,60.1494,60.1494,60.1494,60.1494
t_2576,51.865,51.865,51.865,51.865
t_2577,0.0,0.0,0.0,0.0
t_2578,0.0,0.0,0.0,0.0
t_2579,0.0,0.0,0.0,0.0
t_258,107.022,107.022,107.022,107.022
t_2580,0.0,0.0,0.0,0.0
t_2581,0.0,0.0,0.0,0.0
t_2582,0.0,0.0,0.0,0.0
t_2583,0.0,0.0,0.0,0.0
t_2584,9.0,9.0,9.0,9.0
t_2585,60.1494,60.1494,60.1494,60.1494
t_2586,79.4691,79.4691,79.4691,79.4691
t_2587,79.4691,79.4691,79.4691,79.4691
t_2588,79.4691,79.4691,79.4691,79.4691
t_2589,79.4691,79.4691,79.4691,79.4691
t_259,107.022,107.022,107.022,107.022
t_2590,79.4691,79.4691,79.4691,79.4691
t_2591,79.4691,79.4691,79.4691,79.4691
t_2592,79.4691,79.4691,79.4691,79.4691
t_2593,79.4691,79.4691,79.4691,79.4691
t_2594,79.4691,79.4691,79.4691,79.4691
t_2595,79.4691,79.4691,79.4691,79.4691
t_2596,79.4691,79.4691,79.4691,79.4691
t_2597,79.4691,79.4691,79.4691,79.4691
t_2598,79.4691,79.4691,79.4691,79.4691
t_2599,79.4691,79.4691,79.4691,79.4691
t_26,51.865,51.865,51.865,51.865
t_260,107.022,107.022,107.022,107.022
t_2600,60.1494,60.1494,60.1494,60.1494
t_2601,60.1494,60.1494,60.1494,60.1494
t_2602,9.0,9.0,9.0,9.0
t_2603,9.0,9.0,9.0,9.0
t_2604,9.0,9.0,9.0,9.0
t_2605,9.0,9.0,9.0,9.0
t_2606,9.0,9.0,9.0,9.0
t_2607,9.0,9.0,9.0,9.0
t_2608,51.865,51.865,51.865,51.865
t_2609,60.1494,60.1494,60.1494,60.1494
t_261,107.022,107.022,107.022,107.022
t_2610,105.8116,105.8116,105.8116,105.8116
t_2611,105.8116,105.8116,105.8116,105.8116
t_2612,105.8116,105.8116,105.8116,105.8116
t_2613,105.8116,105.8116,105.8116,105.8116
t_2614,105.8116,105.8116,105.8116,105.8116
t_2615,105.8116,105.8116,105.8116,105.8116
t_2616,105.8116,105.8116,105.8116,105.8116
t_2617,105.8116,105.8116,105.8116,105.8116
t_2618,105.8116,105.8116,105.8116,105.8116
t_2619,105.8116,105.8116,105.8116,105.8116
t_262,107.022,107.022,107.022,107.022
t_2620,105.8116,105.8116,105.8116,105.8116
t_2621,102.2515,102.2515,102.2515,102.2515
t_2622,105.8116,105.8116,105.8116,105.8116
t_2623,100.575,100.575,100.575,100.575
t_2624,60.1494,60.1494,60.1494,60.1494
t_2625,51.8773,51.8773,51.8773,51.8773
t_2626,51.8773,51.8773,51.8773,51.8773
t_2627,51.8773,51.8773,51.8773,51.8773
t_2628,51.865,51.865,51.865,51.865
t_2629,51.865,51.865,51.865,51.865
t_263,107.022,107.022,107.022,107.022
t_2630,51.8773,51.8773,51.8773,51.8773
t_2631,51.8773,51.8773,51.8773,51.8773
t_2632,60.1494,60.1494,60.1494,60.1494
t_2633,80.088,80.088,80.088,80.088
t_2634,107.022,107.022,107.022,107.022
t_2635,107.022,107.022,107.022,107.022
t_2636,107.022,107.022,107.022,107.022
t_2637,107.022,107.022,107.022,107.022
t_2638,107.022,107.022,107.022,107.022
t_2639,107.022,107.022,107.022,107.022
t_264,94.5581,94.5581,94.5581,94.5581
t_2640,107.022,107.022,107.022,107.022
t_2641,105.8116,105.8116,105.8116,105.8116
t_2642,105.8116,105.8116,105.8116,105.8116
t_2643,105.8116,105.8116,105.8116,105.8116
t_2644,105.8116,105.8116,105.8116,105.8116
t_2645,105.8116,105.8116,105.8116,105.8116
t_2646,105.8116,105.8116,105.8116,105.8116
t_2647,64.0319,64.0319,64.0319,64.0319
t_2648,60.1494,60.1494,60.1494,60.1494
t_2649,9.0,9.0,9.0,9.0
t_265,60.1494,60.1494,60.1494,60.1494
t_2650,0.0,0.0,0.0,0.0
t_2651,0.0,0.0,0.0,0.0
t_2652,0.0,0.0,0.0,0.0
t_2653,0.0,0.0,0.0,0.0
t_2654,0.0,0.0,0.0,0.0
t_2655,0.0,0.0,0.0,0.0
t_2656,0.0,0.0,0.0,0.0
t_2657,60.1494,60.1494,60.1494,60.1494
t_2658,79.4691,79.4691,79.4691,79.4691
t_2659,79.4691,79.4691,79.4691,79.4691
t_266,60.1494,60.1494,60.1494,60.1494
t_2660,79.4691,79.4691,79.4691,79.4691
t_2661,79.4691,79.4691,79.4691,79.4691
t_2662,79.4691,79.4691,79.4691,79.4691
t_2663,79.4691,79.4691,79.4691,79.4691
t_2664,79.4691,79.4691,79.4691,79.4691
t_2665,79.4691,79.4691,79.4691,79.4691
t_2666,79.4691,79.4691,79.4691,79.4691
t_2667,79.4691,79.4691,79.4691,79.4691
t_2668,79.4691,79.4691,79.4691,79.4691
t_2669,79.4691,79.4691,79.4691,79.4691
t_267,60.1494,60.1494,60.1494,60.1494
t_2670,79.4691,79.4691,79.4691,79.4691
t_2671,60.1494,60.1494,60.1494,60.1494
t_2672,60.1494,60.1494,60.1494,60.1494
t_2673,51.865,51.865,51.865,51.865
t_2674,51.865,51.865,51.865,51.865
t_2675,51.865,51.865,51.865,51.865
t_2676,51.865,51.865,51.865,51.865
t_2677,51.865,51.865,51.865,51.865
t_2678,51.865,51.865,51.865,51.865
t_2679,51.865,51.865,51.865,51.865
t_268,60.1494,60.1494,60.1494,60.1494
t_2680,60.1494,60.1494,60.1494,60.1494
t_2681,60.1494,60.1494,60.1494,60.1494
t_2682,79.4691,79.4691,79.4691,79.4691
t_2683,79.4691,79.4691,79.4691,79.4691
t_2684,79.4691,79.4691,79.4691,79.4691
t_2685,79.4691,79.4691,79.4691,79.4691
t_2686,79.4691,79.4691,79.4691,79.4691
t_2687,79.4691,79.4691,79.4691,79.4691
t_2688,79.4691,79.4691,79.4691,79.4691
t_2689,79.4691,79.4691,79.4691,79.4691
t_269,60.1494,60.1494,60.1494,60.1494
t_2690,79.4691,79.4691,79.4691,79.4691
t_2691,79.4691,79.4691,79.4691,79.4691
t_2692,79.4691,79.4691,79.4691,79.4691
t_2693,79.4691,79.4691,79.4691,79.4691
t_2694,79.4691,79.4691,79.4691,79.4691
t_2695,79.4691,79.4691,79.4691,79.4691
t_2696,79.4691,79.4691,79.4691,79.4691
t_2697,60.1494,60.1494,60.1494,60.1494
t_2698,60.1494,60.1494,60.1494,60.1494
t_2699,60.1494,60.1494,60.1494,60.1494
t_27,51.865,51.865,51.865,51.865
t_270,60.1494,60.1494,60.1494,60.1494
t_2700,60.1494,60.1494,60.1494,60.1494
t_2701,60.1494,60.1494,60.1494,60.1494
t_2702,60.1494,60.1494,60.1494,60.1494
t_2703,60.1494,60.1494,60.1494,60.1494
t_2704,60.1494,60.1494,60.1494,60.1494
t_2705,79.4691,79.4691,79.4691,79.4691
t_2706,107.022,107.022,107.022,107.022
t_2707,107.022,107.022,107.022,107.022
t_2708,107.022,107.022,107.022,107.022
t_2709,107.022,107.022,107.022,107.022
t_271,60.1494,60.1494,60.1494,60.1494
t_2710,107.022,107.022,107.022,107.022
t_2711,107.022,107.022,107.022,107.022
t_2712,107.022,107.022,107.022,107.022
t_2713,107.022,107.022,107.022,107.022
t_2714,107.022,107.022,107.022,107.022
t_2715,107.022,107.022,107.022,107.022
t_2716,107.022,107.022,107.022,107.022
t_2717,107.022,107.022,107.022,107.022
t_2718,107.022,107.022,107.022,107.022
t_2719,107.022,107.022,107.022,107.022
t_272,60.1494,60.1494,60.1494,60.1494
t_2720,60.1494,60.1494,60.1494,60.1494
t_2721,60.1494,60.1494,60.1494,60.1494
t_2722,60.1494,60.1494,60.1494,60.1494
t_2723,60.1494,60.1494,60.1494,60.1494
t_2724,60.1494,60.1494,60.1494,60.1494
t_2725,60.1494,60.1494,60.1494,60.1494
t_2726,60.1494,60.1494,60.1494,60.1494
t_2727,60.1494,60.1494,60.1494,60.1494
t_2728,60.1494,60.1494,60.1494,60.1494
t_2729,60.1494,60.1494,60.1494,60.1494
t_273,51.865,51.865,51.865,51.865
t_2730,74.2595,74.2595,74.2595,74.2595
t_2731,74.2595,74.2595,74.2595,74.2595
t_2732,74.2595,74.2595,74.2595,74.2595
t_2733,74.2595,74.2595,74.2595,74.2595
t_2734,74.2595,74.2595,74.2595,74.2595
t_2735,74.2595,74.2595,74.2595,74.2595
t_2736,74.2595,74.2595,74.2595,74.2595
t_2737,60.1494,60.1494,60.1494,60.1494
t_2738,60.1494,60.1494,60.1494,60.1494
t_2739,60.1494,60.1494,60.1494,60.1494
t_274,0.0,0.0,0.0,0.0
t_2740,60.1494,60.1494,60.1494,60.1494
t_2741,60.1494,60.1494,60.1494,60.1494
t_2742,60.1494,60.1494,60.1494,60.1494
t_2743,60.1494,60.1494,60.1494,60.1494
t_2744,51.865,51.865,51.865,51.865
t_2745,39.2559,39.2559,39.2559,39.2559
t_2746,0.0,0.0,0.0,0.0
t_2747,0.0,0.0,0.0,0.0
t_2748,0.0,0.0,0.0,0.0
t_2749,0.0,0.0,0.0,0.0
t_275,0.0,0.0,0.0,0.0
t_2750,0.0,0.0,0.0,0.0
t_2751,0.0,0.0,0.0,0.0
t_2752,45.5263,45.5263,45.5263,45.5263
t_2753,60.1494,60.1494,60.1494,60.1494
t_2754,60.1494,60.1494,60.1494,60.1494
t_2755,60.1494,60.1494,60.1494,60.1494
t_2756,60.1494,60.1494,60.1494,60.1494
t_2757,60.1494,60.1494,60.1494,60.1494
t_2758,60.1494,60.1494,60.1494,60.1494
t_2759,60.1494,60.1494,60.1494,60.1494
t_276,0.0,0.0,0.0,0.0
t_2760,60.1494,60.1494,60.1494,60.1494
t_2761,60.1494,60.1494,60.1494,60.1494
t_2762,60.1494,60.1494,60.1494,60.1494
t_2763,60.1494,60.1494,60.1494,60.1494
t_2764,60.1494,60.1494,60.1494,60.1494
t_2765,60.1494,60.1494,60.1494,60.1494
t_2766,60.1494,60.1494,60.1494,60.1494
t_2767,60.1494,60.1494,60.1494,60.1494
t_2768,51.865,51.865,51.865,51.865
t_2769,45.5263,45.5263,45.5263,45.5263
t_277,0.0,0.0,0.0,0.0
t_2770,0.0,0.0,0.0,0.0
t_2771,0.0,0.0,0.0,0.0
t_2772,0.0,0.0,0.0,0.0
t_2773,0.0,0.0,0.0,0.0
t_2774,0.0,0.0,0.0,0.0
t_2775,0.0,0.0,0.0,0.0
t_2776,0.0,0.0,0.0,0.0
t_2777,51.865,51.865,51.865,51.865
t_2778,60.1494,60.1494,60.1494,60.1494
t_2779,60.1494,60.1494,60.1494,60.1494
t_278,0.0,0.0,0.0,0.0
t_2780,60.1494,60.1494,60.1494,60.1494
t_2781,60.1494,60.1494,60.1494,60.1494
t_2782,60.1494,60.1494,60.1494,60.1494
t_2783,60.1494,60.1494,60.1494,60.1494
t_2784,60.1494,60.1494,60.1494,60.1494
t_2785,60.1494,60.1494,60.1494,60.1494
t_2786,60.1494,60.1494,60.1494,60.1494
t_2787,60.1494,60.1494,60.1494,60.1494
t_2788,60.1494,60.1494,60.1494,60.1494
t_2789,60.1494,60.1494,60.1494,60.1494
t_279,0.0,0.0,0.0,0.0
t_2790,60.1494,60.1494,60.1494,60.1494
t_2791,60.1494,60.1494,60.1494,60.1494
t_2792,45.5263,45.5263,45.5263,45.5263
t_2793,0.0,0.0,0.0,0.0
t_2794,0.0,0.0,0.0,0.0
t_2795,0.0,0.0,0.0,0.0
t_2796,0.0,0.0,0.0,0.0
t_2797,0.0,0.0,0.0,0.0
t_2798,0.0,0.0,0.0,0.0
t_2799,0.0,0.0,0.0,0.0
t_28,51.865,51.865,51.865,51.865
t_280,60.1494,60.1494,60.1494,60.1494
t_2800,39.2559,39.2559,39.2559,39.2559
t_2801,60.1494,60.1494,60.1494,60.1494
t_2802,79.4691,79.4691,79.4691,79.4691
t_2803,79.4691,79.4691,79.4691,79.4691
t_2804,79.4691,79.4691,79.4691,79.4691
t_2805,79.4691,79.4691,79.4691,79.4691
t_2806,79.4691,79.4691,79.4691,79.4691
t_2807,79.4691,79.4691,79.4691,79.4691
t_2808,79.4691,79.4691,79.4691,79.4691
t_2809,79.4691,79.4691,79.4691,79.4691
t_281,60.1494,60.1494,60.1494,60.1494
t_2810,79.4691,79.4691,79.4691,79.4691
t_2811,79.4691,79.4691,79.4691,79.4691
t_2812,79.4691,79.4691,79.4691,79.4691
t_2813,79.4691,79.4691,79.4691,79.4691
t_2814,79.4691,79.4691,79.4691,79.4691
t_2815,60.1494,60.1494,60.1494,60.1494
t_2816,60.1494,60.1494,60.1494,60.1494
t_2817,9.0,9.0,9.0,9.0
t_2818,9.0,9.0,9.0,9.0
t_2819,9.0,9.0,9.0,9.0
t_282,60.1494,60.1494,60.1494,60.1494
t_2820,9.0,9.0,9.0,9.0
t_2821,0.0,0.0,0.0,0.0
t_2822,9.0,9.0,9.0,9.0
t_2823,9.0,9.0,9.0,9.0
t_2824,60.1494,60.1494,60.1494,60.1494
t_2825,60.1494,60.1494,60.1494,60.1494
t_2826,107.022,107.022,107.022,107.022
t_2827,107.022,107.022,107.022,107.022
t_2828,107.022,107.022,107.022,107.022
t_2829,107.022,107.022,107.022,107.022
t_283,60.1494,60.1494,60.1494,60.1494
t_2830,107.022,107.022,107.022,107.022
t_2831,107.022,107.022,107.022,107.022
t_2832,107.022,107.022,107.022,107.022
t_2833,107.022,107.022,107.022,107.022
t_2834,107.022,107.022,107.022,107.022
t_2835,107.022,107.022,107.022,107.022
t_2836,107.022,107.022,107.022,107.022
t_2837,107.022,107.022,107.022,107.022
t_2838,107.022,107.022,107.022,107.022
t_2839,60.1494,60.1494,60.1494,60.1494
t_284,60.1494,60.1494,60.1494,60.1494
t_2840,51.865,51.865,51.865,51.865
t_2841,0.0,0.0,0.0,0.0
t_2842,0.0,0.0,0.0,0.0
t_2843,0.0,0.0,0.0,0.0
t_2844,0.0,0.0,0.0,0.0
t_2845,0.0,0.0,0.0,0.0
t_2846,0.0,0.0,0.0,0.0
t_2847,0.0,0.0,0.0,0.0
t_2848,51.865,51.865,51.865,51.865
t_2849,64.0319,64.0319,64.0319,64.0319
t_285,60.1494,60.1494,60.1494,60.1494
t_2850,97.0139,97.0139,97.0139,97.0139
t_2851,97.0139,97.0139,97.0139,97.0139
t_2852,97.0139,97.0139,97.0139,97.0139
t_2853,97.0139,97.0139,97.0139,97.0139
t_2854,97.0139,97.0139,97.0139,97.0139
t_2855,97.0139,97.0139,97.0139,97.0139
t_2856,97.0139,97.0139,97.0139,97.0139
t_2857,97.0139,97.0139,97.0139,97.0139
t_2858,97.0139,97.0139,97.0139,97.0139
t_2859,97.0139,97.0139,97.0139,97.0139
t_286,60.1494,60.1494,60.1494,60.1494
t_2860,97.0139,97.0139,97.0139,97.0139
t_2861,97.0139,97.0139,97.0139,97.0139
t_2862,97.0139,97.0139,97.0139,97.0139
t_2863,60.1494,60.1494,60.1494,60.1494
t_2864,60.1494,60.1494,60.1494,60.1494
t_2865,0.0,0.0,0.0,0.0
t_2866,0.0,0.0,0.0,0.0
t_2867,0.0,0.0,0.0,0.0
t_2868,0.0,0.0,0.0,0.0
t_2869,0.0,0.0,0.0,0.0
t_287,60.1494,60.1494,60.1494,60.1494
t_2870,0.0,0.0,0.0,0.0
t_2871,0.0,0.0,0.0,0.0
t_2872,55.5035,55.5035,55.5035,55.5035
t_2873,60.1494,60.1494,60.1494,60.1494
t_2874,98.1911,98.1911,98.1911,98.1911
t_2875,98.1911,98.1911,98.1911,98.1911
t_2876,98.1911,98.1911,98.1911,98.1911
t_2877,98.1911,98.1911,98.1911,98.1911
t_2878,98.1911,98.1911,98.1911,98.1911
t_2879,98.1911,98.1911,98.1911,98.1911
t_288,60.1494,60.1494,60.1494,60.1494
t_2880,98.1911,98.1911,98.1911,98.1911
t_2881,98.1911,98.1911,98.1911,98.1911
t_2882,98.1911,98.1911,98.1911,98.1911
t_2883,98.1911,98.1911,98.1911,98.1911
t_2884,98.1911,98.1911,98.1911,98.1911
t_2885,98.1911,98.1911,98.1911,98.1911
t_2886,98.1911,98.1911,98.1911,98.1911
t_2887,60.1494,60.1494,60.1494,60.1494
t_2888,42.0098,42.0098,42.0098,42.0098
t_2889,0.0,0.0,0.0,0.0
t_289,60.1494,60.1494,60.1494,60.1494
t_2890,0.0,0.0,0.0,0.0
t_2891,0.0,0.0,0.0,0.0
t_2892,0.0,0.0,0.0,0.0
t_2893,0.0,0.0,0.0,0.0
t_2894,0.0,0.0,0.0,0.0
t_2895,0.0,0.0,0.0,0.0
t_2896,9.0,9.0,9.0,9.0
t_2897,60.1494,60.1494,60.1494,60.1494
t_2898,79.4691,79.4691,79.4691,79.4691
t_2899,79.4691,79.4691,79.4691,79.4691
t_29,51.865,51.865,51.865,51.865
t_290,60.1494,60.1494,60.1494,60.1494
t_2900,79.4691,79.4691,79.4691,79.4691
t_2901,79.4691,79.4691,79.4691,79.4691
t_2902,79.4691,79.4691,79.4691,79.4691
t_2903,79.4691,79.4691,79.4691,79.4691
t_2904,79.4691,79.4691,79.4691,79.4691
t_2905,79.4691,79.4691,79.4691,79.4691
t_2906,79.4691,79.4691,79.4691,79.4691
t_2907,79.4691,79.4691,79.4691,79.4691
t_2908,79.4691,79.4691,79.4691,79.4691
t_2909,79.4691,79.4691,79.4691,79.4691
t_291,60.1494,60.1494,60.1494,60.1494
t_2910,79.4691,79.4691,79.4691,79.4691
t_2911,60.1494,60.1494,60.1494,60.1494
t_2912,48.465,48.465,48.465,48.465
t_2913,0.0,0.0,0.0,0.0
t_2914,0.0,0.0,0.0,0.0
t_2915,0.0,0.0,0.0,0.0
t_2916,0.0,0.0,0.0,0.0
t_2917,0.0,0.0,0.0,0.0
t_2918,0.0,0.0,0.0,0.0
t_2919,0.0,0.0,0.0,0.0
t_292,60.1494,60.1494,60.1494,60.1494
t_2920,48.465,48.465,48.465,48.465
t_2921,60.1494,60.1494,60.1494,60.1494
t_2922,64.0319,64.0319,64.0319,64.0319
t_2923,64.0319,64.0319,64.0319,64.0319
t_2924,64.0319,64.0319,64.0319,64.0319
t_2925,64.0319,64.0319,64.0319,64.0319
t_2926,64.0319,64.0319,64.0319,64.0319
t_2927,64.0319,64.0319,64.0319,64.0319
t_2928,64.0319,64.0319,64.0319,64.0319
t_2929,64.0319,64.0319,64.0319,64.0319
t_293,60.1494,60.1494,60.1494,60.1494
t_2930,64.0319,64.0319,64.0319,64.0319
t_2931,64.0319,64.0319,64.0319,64.0319
t_2932,64.0319,64.0319,64.0319,64.0319
t_2933,64.0319,64.0319,64.0319,64.0319
t_2934,60.1494,60.1494,60.1494,60.1494
t_2935,60.1494,60.1494,60.1494,60.1494
t_2936,0.0,0.0,0.0,0.0
t_2937,0.0,0.0,0.0,0.0
t_2938,0.0,0.0,0.0,0.0
t_2939,0.0,0.0,0.0,0.0
t_294,60.1494,60.1494,60.1494,60.1494
t_2940,0.0,0.0,0.0,0.0
t_2941,0.0,0.0,0.0,0.0
t_2942,0.0,0.0,0.0,0.0
t_2943,0.0,0.0,0.0,0.0
t_2944,0.0,0.0,0.0,0.0
t_2945,9.0,9.0,9.0,9.0
t_2946,60.1494,60.1494,60.1494,60.1494
t_2947,60.1494,60.1494,60.1494,60.1494
t_2948,60.1494,60.1494,60.1494,60.1494
t_2949,60.1494,60.1494,60.1494,60.1494
t_295,60.1494,60.1494,60.1494,60.1494
t_2950,60.1494,60.1494,60.1494,60.1494
t_2951,60.1494,60.1494,60.1494,60.1494
t_2952,60.1494,60.1494,60.1494,60.1494
t_2953,60.1494,60.1494,60.1494,60.1494
t_2954,60.1494,60.1494,60.1494,60.1494
t_2955,60.1494,60.1494,60.1494,60.1494
t_2956,60.1494,60.1494,60.1494,60.1494
t_2957,60.1494,60.1494,60.1494,60.1494
t_2958,60.1494,60.1494,60.1494,60.1494
t_2959,60.1494,60.1494,60.1494,60.1494
t_296,60.1494,60.1494,60.1494,60.1494
t_2960,0.0,0.0,0.0,0.0
t_2961,0.0,0.0,0.0,0.0
t_2962,0.0,0.0,0.0,0.0
t_2963,0.0,0.0,0.0,0.0
t_2964,0.0,0.0,0.0,0.0
t_2965,0.0,0.0,0.0,0.0
t_2966,0.0,0.0,0.0,0.0
t_2967,0.0,0.0,0.0,0.0
t_2968,0.0,0.0,0.0,0.0
t_2969,60.1494,60.1494,60.1494,60.1494
t_297,9.0,9.0,9.0,9.0
t_2970,99.5662,99.5662,99.5662,99.5662
t_2971,99.7875,99.7875,99.7875,99.7875
t_2972,99.7875,99.7875,99.7875,99.7875
t_2973,99.7875,99.7875,99.7875,99.7875
t_2974,99.7875,99.7875,99.7875,99.7875
t_2975,99.7875,99.7875,99.7875,99.7875
t_2976,99.7875,99.7875,99.7875,99.7875
t_2977,99.7875,99.7875,99.7875,99.7875
t_2978,99.7875,99.7875,99.7875,99.7875
t_2979,99.7875,99.7875,99.7875,99.7875
t_298,0.0,0.0,0.0,0.0
t_2980,99.7875,99.7875,99.7875,99.7875
t_2981,99.7875,99.7875,99.7875,99.7875
t_2982,97.9886,97.9886,97.9886,97.9886
t_2983,60.1494,60.1494,60.1494,60.1494
t_2984,0.0,0.0,0.0,0.0
t_2985,0.0,0.0,0.0,0.0
t_2986,0.0,0.0,0.0,0.0
t_2987,0.0,0.0,0.0,0.0
t_2988,0.0,0.0,0.0,0.0
t_2989,0.0,0.0,0.0,0.0
t_299,0.0,0.0,0.0,0.0
t_2990,0.0,0.0,0.0,0.0
t_2991,0.0,0.0,0.0,0.0
t_2992,0.0,0.0,0.0,0.0
t_2993,50.2478,50.2478,50.2478,50.2478
t_2994,66.3873,66.3873,66.3873,66.3873
t_2995,66.3873,66.3873,66.3873,66.3873
t_2996,66.3873,66.3873,66.3873,66.3873
t_2997,66.3873,66.3873,66.3873,66.3873
t_2998,66.3873,66.3873,66.3873,66.3873
t_2999,66.3873,66.3873,66.3873,66.3873
t_3,51.865,51.865,51.865,51.865
t_30,51.865,51.865,51.865,51.865
t_300,0.0,0.0,0.0,0.0
t_3000,66.3873,66.3873,66.3873,66.3873
t_3001,66.3873,66.3873,66.3873,66.3873
t_3002,66.3873,66.3873,66.3873,66.3873
t_3003,66.3873,66.3873,66.3873,66.3873
t_3004,64.0319,64.0319,64.0319,64.0319
t_3005,64.0319,64.0319,64.0319,64.0319
t_3006,60.1494,60.1494,60.1494,60.1494
t_3007,51.865,51.865,51.865,51.865
t_3008,0.0,0.0,0.0,0.0
t_3009,0.0,0.0,0.0,0.0
t_301,0.0,0.0,0.0,0.0
t_3010,0.0,0.0,0.0,0.0
t_3011,0.0,0.0,0.0,0.0
t_3012,0.0,0.0,0.0,0.0
t_3013,0.0,0.0,0.0,0.0
t_3014,0.0,0.0,0.0,0.0
t_3015,0.0,0.0,0.0,0.0
t_3016,0.0,0.0,0.0,0.0
t_3017,51.865,51.865,51.865,51.865
t_3018,79.4691,79.4691,79.4691,79.4691
t_3019,79.4691,79.4691,79.4691,79.4691
t_302,0.0,0.0,0.0,0.0
t_3020,79.4691,79.4691,79.4691,79.4691
t_3021,79.4691,79.4691,79.4691,79.4691
t_3022,79.4691,79.4691,79.4691,79.4691
t_3023,79.4691,79.4691,79.4691,79.4691
t_3024,79.4691,79.4691,79.4691,79.4691
t_3025,79.4691,79.4691,79.4691,79.4691
t_3026,79.4691,79.4691,79.4691,79.4691
t_3027,79.4691,79.4691,79.4691,79.4691
t_3028,79.4691,79.4691,79.4691,79.4691
t_3029,79.4691,79.4691,79.4691,79.4691
t_303,0.0,0.0,0.0,0.0
t_3030,79.4691,79.4691,79.4691,79.4691
t_3031,60.1494,60.1494,60.1494,60.1494
t_3032,9.0,9.0,9.0,9.0
t_3033,0.0,0.0,0.0,0.0
t_3034,0.0,0.0,0.0,0.0
t_3035,0.0,0.0,0.0,0.0
t_3036,0.0,0.0,0.0,0.0
t_3037,0.0,0.0,0.0,0.0
t_3038,0.0,0.0,0.0,0.0
t_3039,0.0,0.0,0.0,0.0
t_304,9.0,9.0,9.0,9.0
t_3040,0.0,0.0,0.0,0.0
t_3041,51.865,51.865,51.865,51.865
t_3042,64.0319,64.0319,64.0319,64.0319
t_3043,64.0319,64.0319,64.0319,64.0319
t_3044,64.0319,64.0319,64.0319,64.0319
t_3045,64.0319,64.0319,64.0319,64.0319
t_3046,64.0319,64.0319,64.0319,64.0319
t_3047,64.0319,64.0319,64.0319,64.0319
t_3048,64.0319,64.0319,64.0319,64.0319
t_3049,64.0319,64.0319,64.0319,64.0319
t_305,60.1494,60.1494,60.1494,60.1494
t_3050,64.0319,64.0319,64.0319,64.0319
t_3051,64.0319,64.0319,64.0319,64.0319
t_3052,64.0319,64.0319,64.0319,64.0319
t_3053,64.0319,64.0319,64.0319,64.0319
t_3054,64.0319,64.0319,64.0319,64.0319
t_3055,60.1494,60.1494,60.1494,60.1494
t_3056,9.0,9.0,9.0,9.0
t_3057,0.0,0.0,0.0,0.0
t_3058,0.0,0.0,0.0,0.0
t_3059,0.0,0.0,0.0,0.0
t_306,60.1494,60.1494,60.1494,60.1494
t_3060,0.0,0.0,0.0,0.0
t_3061,0.0,0.0,0.0,0.0
t_3062,0.0,0.0,0.0,0.0
t_3063,0.0,0.0,0.0,0.0
t_3064,0.0,0.0,0.0,0.0
t_3065,51.865,51.865,51.865,51.865
t_3066,60.1494,60.1494,60.1494,60.1494
t_3067,60.1494,60.1494,60.1494,60.1494
t_3068,60.1494,60.1494,60.1494,60.1494
t_3069,60.1494,60.1494,60.1494,60.1494
t_307,60.1494,60.1494,60.1494,60.1494
t_3070,60.1494,60.1494,60.1494,60.1494
t_3071,60.1494,60.1494,60.1494,60.1494
t_3072,60.1494,60.1494,60.1494,60.1494
t_3073,60.1494,60.1494,60.1494,60.1494
t_3074,60.1494,60.1494,60.1494,60.1494
t_3075,60.1494,60.1494,60.1494,60.1494
t_3076,60.1494,60.1494,60.1494,60.1494
t_3077,60.1494,60.1494,60.1494,60.1494
t_3078,60.1494,60.1494,60.1494,60.1494
t_3079,60.1494,60.1494,60.1494,60.1494
t_308,60.1494,60.1494,60.1494,60.1494
t_3080,9.0,9.0,9.0,9.0
t_3081,0.0,0.0,0.0,0.0
t_3082,0.0,0.0,0.0,0.0
t_3083,0.0,0.0,0.0,0.0
t_3084,0.0,0.0,0.0,0.0
t_3085,0.0,0.0,0.0,0.0
t_3086,0.0,0.0,0.0,0.0
t_3087,0.0,0.0,0.0,0.0
t_3088,0.0,0.0,0.0,0.0
t_3089,50.2478,50.2478,50.2478,50.2478
t_309,60.1494,60.1494,60.1494,60.1494
t_3090,60.1494,60.1494,60.1494,60.1494
t_3091,66.3873,66.3873,66.3873,66.3873
t_3092,66.3873,66.3873,66.3873,66.3873
t_3093,66.3873,66.3873,66.3873,66.3873
t_3094,66.3873,66.3873,66.3873,66.3873
t_3095,66.3873,66.3873,66.3873,66.3873
t_3096,66.3873,66.3873,66.3873,66.3873
t_3097,66.3873,66.3873,66.3873,66.3873
t_3098,66.3873,66.3873,66.3873,66.3873
t_3099,66.3873,66.3873,66.3873,66.3873
t_31,51.865,51.865,51.865,51.865
t_310,60.1494,60.1494,60.1494,60.1494
t_3100,66.3873,66.3873,66.3873,66.3873
t_3101,66.3873,66.3873,66.3873,66.3873
t_3102,66.3873,66.3873,66.3873,66.3873
t_3103,60.1494,60.1494,60.1494,60.1494
t_3104,60.1494,60.1494,60.1494,60.1494
t_3105,48.465,48.465,48.465,48.465
t_3106,48.465,48.465,48.465,48.465
t_3107,48.465,48.465,48.465,48.465
t_3108,48.465,48.465,48.465,48.465
t_3109,48.465,48.465,48.465,48.465
t_311,60.1494,60.1494,60.1494,60.1494
t_3110,48.465,48.465,48.465,48.465
t_3111,48.465,48.465,48.465,48.465
t_3112,55.5035,55.5035,55.5035,55.5035
t_3113,60.1494,60.1494,60.1494,60.1494
t_3114,97.0139,97.0139,97.0139,97.0139
t_3115,97.0139,97.0139,97.0139,97.0139
t_3116,97.0139,97.0139,97.0139,97.0139
t_3117,97.0139,97.0139,97.0139,97.0139
t_3118,97.0139,97.0139,97.0139,97.0139
t_3119,97.0139,97.0139,97.0139,97.0139
t_312,60.1494,60.1494,60.1494,60.1494
t_3120,97.0139,97.0139,97.0139,97.0139
t_3121,97.0139,97.0139,97.0139,97.0139
t_3122,97.0139,97.0139,97.0139,97.0139
t_3123,97.0139,97.0139,97.0139,97.0139
t_3124,97.0139,97.0139,97.0139,97.0139
t_3125,97.0139,97.0139,97.0139,97.0139
t_3126,97.0139,97.0139,97.0139,97.0139
t_3127,79.4691,79.4691,79.4691,79.4691
t_3128,60.1494,60.1494,60.1494,60.1494
t_3129,60.1494,60.1494,60.1494,60.1494
t_313,52.6765,52.6765,52.6765,52.6765
t_3130,51.865,51.865,51.865,51.865
t_3131,45.5263,45.5263,45.5263,45.5263
t_3132,45.5263,45.5263,45.5263,45.5263
t_3133,9.0,9.0,9.0,9.0
t_3134,9.0,9.0,9.0,9.0
t_3135,45.5263,45.5263,45.5263,45.5263
t_3136,45.5263,45.5263,45.5263,45.5263
t_3137,60.1494,60.1494,60.1494,60.1494
t_3138,60.1494,60.1494,60.1494,60.1494
t_3139,60.1494,60.1494,60.1494,60.1494
t_314,52.2092,52.2092,52.2092,52.2092
t_3140,60.1494,60.1494,60.1494,60.1494
t_3141,60.1494,60.1494,60.1494,60.1494
t_3142,60.1494,60.1494,60.1494,60.1494
t_3143,60.1494,60.1494,60.1494,60.1494
t_3144,60.1494,60.1494,60.1494,60.1494
t_3145,60.1494,60.1494,60.1494,60.1494
t_3146,60.1494,60.1494,60.1494,60.1494
t_3147,60.1494,60.1494,60.1494,60.1494
t_3148,60.1494,60.1494,60.1494,60.1494
t_3149,60.1494,60.1494,60.1494,60.1494
t_315,51.8961,51.8961,51.8961,51.8961
t_3150,60.1494,60.1494,60.1494,60.1494
t_3151,60.1494,60.1494,60.1494,60.1494
t_3152,51.865,51.865,51.865,51.865
t_3153,45.5263,45.5263,45.5263,45.5263
t_3154,45.5263,45.5263,45.5263,45.5263
t_3155,45.5263,45.5263,45.5263,45.5263
t_3156,45.5263,45.5263,45.5263,45.5263
t_3157,45.5263,45.5263,45.5263,45.5263
t_3158,45.5263,45.5263,45.5263,45.5263
t_3159,45.5263,45.5263,45.5263,45.5263
t_316,51.865,51.865,51.865,51.865
t_3160,50.5654,50.5654,50.5654,50.5654
t_3161,60.1494,60.1494,60.1494,60.1494
t_3162,60.1494,60.1494,60.1494,60.1494
t_3163,60.1494,60.1494,60.1494,60.1494
t_3164,60.1494,60.1494,60.1494,60.1494
t_3165,60.1494,60.1494,60.1494,60.1494
t_3166,60.1494,60.1494,60.1494,60.1494
t_3167,60.1494,60.1494,60.1494,60.1494
t_3168,60.1494,60.1494,60.1494,60.1494
t_3169,60.1494,60.1494,60.1494,60.1494
t_317,51.865,51.865,51.865,51.865
t_3170,60.1494,60.1494,60.1494,60.1494
t_3171,60.1494,60.1494,60.1494,60.1494
t_3172,60.1494,60.1494,60.1494,60.1494
t_3173,60.1494,60.1494,60.1494,60.1494
t_3174,51.865,51.865,51.865,51.865
t_3175,9.0,9.0,9.0,9.0
t_3176,0.0,0.0,0.0,0.0
t_3177,0.0,0.0,0.0,0.0
t_3178,0.0,0.0,0.0,0.0
t_3179,0.0,0.0,0.0,0.0
t_318,51.865,51.865,51.865,51.865
t_3180,0.0,0.0,0.0,0.0
t_3181,0.0,0.0,0.0,0.0
t_3182,0.0,0.0,0.0,0.0
t_3183,0.0,0.0,0.0,0.0
t_3184,0.0,0.0,0.0,0.0
t_3185,8.41,8.41,8.41,8.41
t_3186,10.649,10.649,10.649,10.649
t_3187,11.1121,11.1121,11.1121,11.1121
t_3188,11.1121,11.1121,11.1121,11.1121
t_3189,11.1121,11.1121,11.1121,11.1121
t_319,51.865,51.865,51.865,51.865
t_3190,11.1121,11.1121,11.1121,11.1121
t_3191,11.1121,11.1121,11.1121,11.1121
t_3192,11.1121,11.1121,11.1121,11.1121
t_3193,11.1121,11.1121,11.1121,11.1121
t_3194,11.1121,11.1121,11.1121,11.1121
t_3195,11.1121,11.1121,11.1121,11.1121
t_3196,11.1121,11.1121,11.1121,11.1121
t_3197,11.1121,11.1121,11.1121,11.1121
t_3198,11.1121,11.1121,11.1121,11.1121
t_3199,11.1121,11.1121,11.1121,11.1121
t_32,51.865,51.865,51.865,51.865
t_320,51.8961,51.8961,51.8961,51.8961
t_3200,0.0,0.0,0.0,0.0
t_3201,0.0,0.0,0.0,0.0
t_3202,0.0,0.0,0.0,0.0
t_3203,0.0,0.0,0.0,0.0
t_3204,0.0,0.0,0.0,0.0
t_3205,0.0,0.0,0.0,0.0
t_3206,0.0,0.0,0.0,0.0
t_3207,0.0,0.0,0.0,0.0
t_3208,8.41,8.41,8.41,8.41
t_3209,51.865,51.865,51.865,51.865
t_321,0.0,0.0,0.0,0.0
t_3210,60.1494,60.1494,60.1494,60.1494
t_3211,60.1494,60.1494,60.1494,60.1494
t_3212,60.1494,60.1494,60.1494,60.1494
t_3213,60.1494,60.1494,60.1494,60.1494
t_3214,60.1494,60.1494,60.1494,60.1494
t_3215,60.1494,60.1494,60.1494,60.1494
t_3216,60.1494,60.1494,60.1494,60.1494
t_3217,60.1494,60.1494,60.1494,60.1494
t_3218,60.1494,60.1494,60.1494,60.1494
t_3219,60.1494,60.1494,60.1494,60.1494
t_322,0.0,0.0,0.0,0.0
t_3220,60.1494,60.1494,60.1494,60.1494
t_3221,60.1494,60.1494,60.1494,60.1494
t_3222,60.1494,60.1494,60.1494,60.1494
t_3223,60.1494,60.1494,60.1494,60.1494
t_3224,45.5263,45.5263,45.5263,45.5263
t_3225,9.0,9.0,9.0,9.0
t_3226,9.0,9.0,9.0,9.0
t_3227,9.0,9.0,9.0,9.0
t_3228,9.0,9.0,9.0,9.0
t_3229,9.0,9.0,9.0,9.0
t_323,0.0,0.0,0.0,0.0
t_3230,9.0,9.0,9.0,9.0
t_3231,9.0,9.0,9.0,9.0
t_3232,60.1494,60.1494,60.1494,60.1494
t_3233,79.4691,79.4691,79.4691,79.4691
t_3234,107.022,107.022,107.022,107.022
t_3235,107.022,107.022,107.022,107.022
t_3236,107.022,107.022,107.022,107.022
t_3237,107.022,107.022,107.022,107.022
t_3238,107.022,107.022,107.022,107.022
t_3239,107.022,107.022,107.022,107.022
t_324,0.0,0.0,0.0,0.0
t_3240,107.022,107.022,107.022,107.022
t_3241,107.022,107.022,107.022,107.022
t_3242,107.022,107.022,107.022,107.022
t_3243,107.022,107.022,107.022,107.022
t_3244,107.022,107.022,107.022,107.022
t_3245,107.022,107.022,107.022,107.022
t_3246,107.022,107.022,107.022,107.022
t_3247,80.1183,80.1183,80.1183,80.1183
t_3248,60.1494,60.1494,60.1494,60.1494
t_3249,60.1494,60.1494,60.1494,60.1494
t_325,0.0,0.0,0.0,0.0
t_3250,60.1494,60.1494,60.1494,60.1494
t_3251,60.1494,60.1494,60.1494,60.1494
t_3252,60.1494,60.1494,60.1494,60.1494
t_3253,60.1494,60.1494,60.1494,60.1494
t_3254,60.1494,60.1494,60.1494,60.1494
t_3255,60.1494,60.1494,60.1494,60.1494
t_3256,60.1494,60.1494,60.1494,60.1494
t_3257,105.0305,105.0305,105.0305,105.0305
t_3258,105.8516,105.8516,105.8516,105.8516
t_3259,105.8516,105.8516,105.8516,105.8516
t_326,0.0,0.0,0.0,0.0
t_3260,105.8516,105.8516,105.8516,105.8516
t_3261,105.8516,105.8516,105.8516,105.8516
t_3262,105.8516,105.8516,105.8516,105.8516
t_3263,105.8516,105.8516,105.8516,105.8516
t_3264,105.8516,105.8516,105.8516,105.8516
t_3265,105.8516,105.8516,105.8516,105.8516
t_3266,105.8516,105.8516,105.8516,105.8516
t_3267,105.8516,105.8516,105.8516,105.8516
t_3268,98.5814,98.5814,98.5814,98.5814
t_3269,94.5471,94.5471,94.5471,94.5471
t_327,0.0,0.0,0.0,0.0
t_3270,79.4691,79.4691,79.4691,79.4691
t_3271,60.1494,60.1494,60.1494,60.1494
t_3272,60.1494,60.1494,60.1494,60.1494
t_3273,51.865,51.865,51.865,51.865
t_3274,0.0,0.0,0.0,0.0
t_3275,0.0,0.0,0.0,0.0
t_3276,0.0,0.0,0.0,0.0
t_3277,0.0,0.0,0.0,0.0
t_3278,0.0,0.0,0.0,0.0
t_3279,0.0,0.0,0.0,0.0
t_328,9.0,9.0,9.0,9.0
t_3280,0.0,0.0,0.0,0.0
t_3281,50.2478,50.2478,50.2478,50.2478
t_3282,60.1494,60.1494,60.1494,60.1494
t_3283,79.4691,79.4691,79.4691,79.4691
t_3284,79.4691,79.4691,79.4691,79.4691
t_3285,79.4691,79.4691,79.4691,79.4691
t_3286,79.4691,79.4691,79.4691,79.4691
t_3287,79.4691,79.4691,79.4691,79.4691
t_3288,79.4691,79.4691,79.4691,79.4691
t_3289,79.4691,79.4691,79.4691,79.4691
t_329,60.1494,60.1494,60.1494,60.1494
t_3290,79.4691,79.4691,79.4691,79.4691
t_3291,79.4691,79.4691,79.4691,79.4691
t_3292,79.4691,79.4691,79.4691,79.4691
t_3293,79.4691,79.4691,79.4691,79.4691
t_3294,79.4691,79.4691,79.4691,79.4691
t_3295,60.1494,60.1494,60.1494,60.1494
t_3296,60.1494,60.1494,60.1494,60.1494
t_3297,60.1494,60.1494,60.1494,60.1494
t_3298,60.1494,60.1494,60.1494,60.1494
t_3299,60.1494,60.1494,60.1494,60.1494
t_33,39.2559,39.2559,39.2559,39.2559
t_330,60.1494,60.1494,60.1494,60.1494
t_3300,60.1494,60.1494,60.1494,60.1494
t_3301,60.1494,60.1494,60.1494,60.1494
t_3302,60.1494,60.1494,60.1494,60.1494
t_3303,60.1494,60.1494,60.1494,60.1494
t_3304,60.1494,60.1494,60.1494,60.1494
t_3305,79.4691,79.4691,79.4691,79.4691
t_3306,105.7471,105.7471,105.7471,105.7471
t_3307,105.7471,105.7471,105.7471,105.7471
t_3308,105.7471,105.7471,105.7471,105.7471
t_3309,105.7471,105.7471,105.7471,105.7471
t_331,60.1494,60.1494,60.1494,60.1494
t_3310,105.7471,105.7471,105.7471,105.7471
t_3311,105.7471,105.7471,105.7471,105.7471
t_3312,105.7471,105.7471,105.7471,105.7471
t_3313,79.4691,79.4691,79.4691,79.4691
t_3314,79.4691,79.4691,79.4691,79.4691
t_3315,79.4691,79.4691,79.4691,79.4691
t_3316,79.4691,79.4691,79.4691,79.4691
t_3317,79.4691,79.4691,79.4691,79.4691
t_3318,60.1494,60.1494,60.1494,60.1494
t_3319,60.1494,60.1494,60.1494,60.1494
t_332,60.1494,60.1494,60.1494,60.1494
t_3320,45.5263,45.5263,45.5263,45.5263
t_3321,0.0,0.0,0.0,0.0
t_3322,0.0,0.0,0.0,0.0
t_3323,0.0,0.0,0.0,0.0
t_3324,0.0,0.0,0.0,0.0
t_3325,0.0,0.0,0.0,0.0
t_3326,0.0,0.0,0.0,0.0
t_3327,0.0,0.0,0.0,0.0
t_3328,9.0,9.0,9.0,9.0
t_3329,51.865,51.865,51.865,51.865
t_333,60.1494,60.1494,60.1494,60.1494
t_3330,60.1494,60.1494,60.1494,60.1494
t_3331,60.1494,60.1494,60.1494,60.1494
t_3332,60.1494,60.1494,60.1494,60.1494
t_3333,60.1494,60.1494,60.1494,60.1494
t_3334,60.1494,60.1494,60.1494,60.1494
t_3335,60.1494,60.1494,60.1494,60.1494
t_3336,60.1494,60.1494,60.1494,60.1494
t_3337,60.1494,60.1494,60.1494,60.1494
t_3338,60.1494,60.1494,60.1494,60.1494
t_3339,60.1494,60.1494,60.1494,60.1494
t_334,60.1494,60.1494,60.1494,60.1494
t_3340,60.1494,60.1494,60.1494,60.1494
t_3341,60.1494,60.1494,60.1494,60.1494
t_3342,60.1494,60.1494,60.1494,60.1494
t_3343,60.1494,60.1494,60.1494,60.1494
t_3344,9.0,9.0,9.0,9.0
t_3345,0.0,0.0,0.0,0.0
t_3346,0.0,0.0,0.0,0.0
t_3347,0.0,0.0,0.0,0.0
t_3348,0.0,0.0,0.0,0.0
t_3349,0.0,0.0,0.0,0.0
t_335,60.1494,60.1494,60.1494,60.1494
t_3350,0.0,0.0,0.0,0.0
t_3351,0.0,0.0,0.0,0.0
t_3352,0.0,0.0,0.0,0.0
t_3353,50.2478,50.2478,50.2478,50.2478
t_3354,60.1494,60.1494,60.1494,60.1494
t_3355,60.1494,60.1494,60.1494,60.1494
t_3356,60.1494,60.1494,60.1494,60.1494
t_3357,60.1494,60.1494,60.1494,60.1494
t_3358,60.1494,60.1494,60.1494,60.1494
t_3359,60.1494,60.1494,60.1494,60.1494
t_336,60.1494,60.1494,60.1494,60.1494
t_3360,60.1494,60.1494,60.1494,60.1494
t_3361,60.1494,60.1494,60.1494,60.1494
t_3362,60.1494,60.1494,60.1494,60.1494
t_3363,60.1494,60.1494,60.1494,60.1494
t_3364,60.1494,60.1494,60.1494,60.1494
t_3365,60.1494,60.1494,60.1494,60.1494
t_3366,60.1494,60.1494,60.1494,60.1494
t_3367,60.1494,60.1494,60.1494,60.1494
t_3368,9.0,9.0,9.0,9.0
t_3369,0.0,0.0,0.0,0.0
t_337,60.1494,60.1494,60.1494,60.1494
t_3370,0.0,0.0,0.0,0.0
t_3371,0.0,0.0,0.0,0.0
t_3372,0.0,0.0,0.0,0.0
t_3373,0.0,0.0,0.0,0.0
t_3374,0.0,0.0,0.0,0.0
t_3375,0.0,0.0,0.0,0.0
t_3376,0.0,0.0,0.0,0.0
t_3377,45.5263,45.5263,45.5263,45.5263
t_3378,60.1494,60.1494,60.1494,60.1494
t_3379,60.1494,60.1494,60.1494,60.1494
t_338,60.1494,60.1494,60.1494,60.1494
t_3380,60.1494,60.1494,60.1494,60.1494
t_3381,60.1494,60.1494,60.1494,60.1494
t_3382,60.1494,60.1494,60.1494,60.1494
t_3383,60.1494,60.1494,60.1494,60.1494
t_3384,60.1494,60.1494,60.1494,60.1494
t_3385,60.1494,60.1494,60.1494,60.1494
t_3386,60.1494,60.1494,60.1494,60.1494
t_3387,60.1494,60.1494,60.1494,60.1494
t_3388,60.1494,60.1494,60.1494,60.1494
t_3389,60.1494,60.1494,60.1494,60.1494
t_339,60.1494,60.1494,60.1494,60.1494
t_3390,60.1494,60.1494,60.1494,60.1494
t_3391,51.865,51.865,51.865,51.865
t_3392,0.0,0.0,0.0,0.0
t_3393,0.0,0.0,0.0,0.0
t_3394,0.0,0.0,0.0,0.0
t_3395,0.0,0.0,0.0,0.0
t_3396,0.0,0.0,0.0,0.0
t_3397,0.0,0.0,0.0,0.0
t_3398,0.0,0.0,0.0,0.0
t_3399,0.0,0.0,0.0,0.0
t_34,0.0,0.0,0.0,0.0
t_340,60.1494,60.1494,60.1494,60.1494
t_3400,0.0,0.0,0.0,0.0
t_3401,51.865,51.865,51.865,51.865
t_3402,97.0139,97.0139,97.0139,97.0139
t_3403,97.0742,97.0742,97.0742,97.0742
t_3404,97.0742,97.0742,97.0742,97.0742
t_3405,97.0742,97.0742,97.0742,97.0742
t_3406,97.0742,97.0742,97.0742,97.0742
t_3407,97.0742,97.0742,97.0742,97.0742
t_3408,97.0742,97.0742,97.0742,97.0742
t_3409,97.0742,97.0742,97.0742,97.0742
t_341,60.1494,60.1494,60.1494,60.1494
t_3410,97.0742,97.0742,97.0742,97.0742
t_3411,97.0742,97.0742,97.0742,97.0742
t_3412,97.0742,97.0742,97.0742,97.0742
t_3413,97.0742,97.0742,97.0742,97.0742
t_3414,97.0742,97.0742,97.0742,97.0742
t_3415,60.1494,60.1494,60.1494,60.1494
t_3416,42.0098,42.0098,42.0098,42.0098
t_3417,0.0,0.0,0.0,0.0
t_3418,0.0,0.0,0.0,0.0
t_3419,0.0,0.0,0.0,0.0
t_342,60.1494,60.1494,60.1494,60.1494
t_3420,0.0,0.0,0.0,0.0
t_3421,0.0,0.0,0.0,0.0
t_3422,0.0,0.0,0.0,0.0
t_3423,0.0,0.0,0.0,0.0
t_3424,51.865,51.865,51.865,51.865
t_3425,60.1494,60.1494,60.1494,60.1494
t_3426,107.022,107.022,107.022,107.022
t_3427,107.022,107.022,107.022,107.022
t_3428,107.022,107.022,107.022,107.022
t_3429,107.022,107.022,107.022,107.022
t_343,60.1494,60.1494,60.1494,60.1494
t_3430,107.022,107.022,107.022,107.022
t_3431,107.022,107.022,107.022,107.022
t_3432,107.022,107.022,107.022,107.022
t_3433,107.022,107.022,107.022,107.022
t_3434,107.022,107.022,107.022,107.022
t_3435,107.022,107.022,107.022,107.022
t_3436,107.022,107.022,107.022,107.022
t_3437,107.022,107.022,107.022,107.022
t_3438,107.022,107.022,107.022,107.022
t_3439,64.0319,64.0319,64.0319,64.0319
t_344,60.1494,60.1494,60.1494,60.1494
t_3440,51.865,51.865,51.865,51.865
t_3441,0.0,0.0,0.0,0.0
t_3442,0.0,0.0,0.0,0.0
t_3443,0.0,0.0,0.0,0.0
t_3444,0.0,0.0,0.0,0.0
t_3445,0.0,0.0,0.0,0.0
t_3446,0.0,0.0,0.0,0.0
t_3447,0.0,0.0,0.0,0.0
t_3448,9.0,9.0,9.0,9.0
t_3449,60.1494,60.1494,60.1494,60.1494
t_345,60.1494,60.1494,60.1494,60.1494
t_3450,107.022,107.022,107.022,107.022
t_3451,107.022,107.022,107.022,107.022
t_3452,107.022,107.022,107.022,107.022
t_3453,107.022,107.022,107.022,107.022
t_3454,107.022,107.022,107.022,107.022
t_3455,107.022,107.022,107.022,107.022
t_3456,107.022,107.022,107.022,107.022
t_3457,107.022,107.022,107.022,107.022
t_3458,107.022,107.022,107.022,107.022
t_3459,107.022,107.022,107.022,107.022
t_346,0.0,0.0,0.0,0.0
t_3460,107.022,107.022,107.022,107.022
t_3461,107.022,107.022,107.022,107.022
t_3462,107.022,107.022,107.022,107.022
t_3463,60.1494,60.1494,60.1494,60.1494
t_3464,50.2478,50.2478,50.2478,50.2478
t_3465,0.0,0.0,0.0,0.0
t_3466,0.0,0.0,0.0,0.0
t_3467,0.0,0.0,0.0,0.0
t_3468,0.0,0.0,0.0,0.0
t_3469,0.0,0.0,0.0,0.0
t_347,0.0,0.0,0.0,0.0
t_3470,0.0,0.0,0.0,0.0
t_3471,0.0,0.0,0.0,0.0
t_3472,50.2478,50.2478,50.2478,50.2478
t_3473,60.1494,60.1494,60.1494,60.1494
t_3474,107.022,107.022,107.022,107.022
t_3475,107.022,107.022,107.022,107.022
t_3476,107.022,107.022,107.022,107.022
t_3477,107.022,107.022,107.022,107.022
t_3478,107.022,107.022,107.022,107.022
t_3479,107.022,107.022,107.022,107.022
t_348,0.0,0.0,0.0,0.0
t_3480,107.022,107.022,107.022,107.022
t_3481,107.022,107.022,107.022,107.022
t_3482,107.022,107.022,107.022,107.022
t_3483,107.022,107.022,107.022,107.022
t_3484,107.022,107.022,107.022,107.022
t_3485,107.022,107.022,107.022,107.022
t_3486,107.022,107.022,107.022,107.022
t_3487,60.1494,60.1494,60.1494,60.1494
t_3488,60.1494,60.1494,60.1494,60.1494
t_3489,60.1494,60.1494,60.1494,60.1494
t_349,0.0,0.0,0.0,0.0
t_3490,60.1494,60.1494,60.1494,60.1494
t_3491,60.1494,60.1494,60.1494,60.1494
t_3492,60.1494,60.1494,60.1494,60.1494
t_3493,60.1494,60.1494,60.1494,60.1494
t_3494,60.1494,60.1494,60.1494,60.1494
t_3495,60.1494,60.1494,60.1494,60.1494
t_3496,60.1494,60.1494,60.1494,60.1494
t_3497,60.1494,60.1494,60.1494,60.1494
t_3498,105.5899,105.5899,105.5899,105.5899
t_3499,105.5899,105.5899,105.5899,105.5899
t_35,0.0,0.0,0.0,0.0
t_350,0.0,0.0,0.0,0.0
t_3500,105.5899,105.5899,105.5899,105.5899
t_3501,105.5899,105.5899,105.5899,105.5899
t_3502,105.5899,105.5899,105.5899,105.5899
t_3503,105.5899,105.5899,105.5899,105.5899
t_3504,105.5899,105.5899,105.5899,105.5899
t_3505,105.5899,105.5899,105.5899,105.5899
t_3506,105.5899,105.5899,105.5899,105.5899
t_3507,105.5899,105.5899,105.5899,105.5899
t_3508,105.5899,105.5899,105.5899,105.5899
t_3509,105.5899,105.5899,105.5899,105.5899
t_351,0.0,0.0,0.0,0.0
t_3510,97.1705,97.1705,97.1705,97.1705
t_3511,60.1494,60.1494,60.1494,60.1494
t_3512,50.2478,50.2478,50.2478,50.2478
t_3513,0.0,0.0,0.0,0.0
t_3514,0.0,0.0,0.0,0.0
t_3515,0.0,0.0,0.0,0.0
t_3516,0.0,0.0,0.0,0.0
t_3517,0.0,0.0,0.0,0.0
t_3518,0.0,0.0,0.0,0.0
t_3519,0.0,0.0,0.0,0.0
t_352,60.1494,60.1494,60.1494,60.1494
t_3520,9.0,9.0,9.0,9.0
t_3521,60.1494,60.1494,60.1494,60.1494
t_3522,94.7578,94.7578,94.7578,94.7578
t_3523,99.5846,99.5846,99.5846,99.5846
t_3524,99.5846,99.5846,99.5846,99.5846
t_3525,99.5846,99.5846,99.5846,99.5846
t_3526,99.5846,99.5846,99.5846,99.5846
t_3527,99.5846,99.5846,99.5846,99.5846
t_3528,99.5846,99.5846,99.5846,99.5846
t_3529,99.5846,99.5846,99.5846,99.5846
t_353,68.5239,68.5239,68.5239,68.5239
t_3530,99.5846,99.5846,99.5846,99.5846
t_3531,99.5846,99.5846,99.5846,99.5846
t_3532,99.5846,99.5846,99.5846,99.5846
t_3533,99.5846,99.5846,99.5846,99.5846
t_3534,95.9985,95.9985,95.9985,95.9985
t_3535,60.1494,60.1494,60.1494,60.1494
t_3536,29.0156,29.0156,29.0156,29.0156
t_3537,0.0,0.0,0.0,0.0
t_3538,0.0,0.0,0.0,0.0
t_3539,0.0,0.0,0.0,0.0
t_354,68.5239,68.5239,68.5239,68.5239
t_3540,0.0,0.0,0.0,0.0
t_3541,0.0,0.0,0.0,0.0
t_3542,0.0,0.0,0.0,0.0
t_3543,0.0,0.0,0.0,0.0
t_3544,48.465,48.465,48.465,48.465
t_3545,60.1494,60.1494,60.1494,60.1494
t_3546,107.022,107.022,107.022,107.022
t_3547,107.022,107.022,107.022,107.022
t_3548,107.022,107.022,107.022,107.022
t_3549,107.022,107.022,107.022,107.022
t_355,68.5239,68.5239,68.5239,68.5239
t_3550,107.022,107.022,107.022,107.022
t_3551,107.022,107.022,107.022,107.022
t_3552,107.022,107.022,107.022,107.022
t_3553,107.022,107.022,107.022,107.022
t_3554,107.022,107.022,107.022,107.022
t_3555,107.022,107.022,107.022,107.022
t_3556,107.022,107.022,107.022,107.022
t_3557,107.022,107.022,107.022,107.022
t_3558,107.022,107.022,107.022,107.022
t_3559,60.1494,60.1494,60.1494,60.1494
t_356,68.5239,68.5239,68.5239,68.5239
t_3560,51.865,51.865,51.865,51.865
t_3561,0.0,0.0,0.0,0.0
t_3562,0.0,0.0,0.0,0.0
t_3563,0.0,0.0,0.0,0.0
t_3564,0.0,0.0,0.0,0.0
t_3565,0.0,0.0,0.0,0.0
t_3566,0.0,0.0,0.0,0.0
t_3567,0.0,0.0,0.0,0.0
t_3568,51.865,51.865,51.865,51.865
t_3569,81.0042,81.0042,81.0042,81.0042
t_357,68.5239,68.5239,68.5239,68.5239
t_3570,107.022,107.022,107.022,107.022
t_3571,107.022,107.022,107.022,107.022
t_3572,107.022,107.022,107.022,107.022
t_3573,107.022,107.022,107.022,107.022
t_3574,107.022,107.022,107.022,107.022
t_3575,107.022,107.022,107.022,107.022
t_3576,107.022,107.022,107.022,107.022
t_3577,107.022,107.022,107.022,107.022
t_3578,107.022,107.022,107.022,107.022
t_3579,107.022,107.022,107.022,107.022
t_358,68.5239,68.5239,68.5239,68.5239
t_3580,107.022,107.022,107.022,107.022
t_3581,107.022,107.022,107.022,107.022
t_3582,107.022,107.022,107.022,107.022
t_3583,81.0042,81.0042,81.0042,81.0042
t_3584,60.1494,60.1494,60.1494,60.1494
t_3585,42.0098,42.0098,42.0098,42.0098
t_3586,9.0,9.0,9.0,9.0
t_3587,9.0,9.0,9.0,9.0
t_3588,0.0,0.0,0.0,0.0
t_3589,0.0,0.0,0.0,0.0
t_359,68.5239,68.5239,68.5239,68.5239
t_3590,9.0,9.0,9.0,9.0
t_3591,50.2478,50.2478,50.2478,50.2478
t_3592,60.1494,60.1494,60.1494,60.1494
t_3593,81.0042,81.0042,81.0042,81.0042
t_3594,107.022,107.022,107.022,107.022
t_3595,107.022,107.022,107.022,107.022
t_3596,107.022,107.022,107.022,107.022
t_3597,107.022,107.022,107.022,107.022
t_3598,107.022,107.022,107.022,107.022
t_3599,107.022,107.022,107.022,107.022
t_36,0.0,0.0,0.0,0.0
t_360,66.3873,66.3873,66.3873,66.3873
t_3600,107.022,107.022,107.022,107.022
t_3601,107.022,107.022,107.022,107.022
t_3602,107.022,107.022,107.022,107.022
t_3603,107.022,107.022,107.022,107.022
t_3604,106.9462,106.9462,106.9462,106.9462
t_3605,107.022,107.022,107.022,107.022
t_3606,106.3247,106.3247,106.3247,106.3247
t_3607,99.5846,99.5846,99.5846,99.5846
t_3608,75.3749,75.3749,75.3749,75.3749
t_3609,60.1494,60.1494,60.1494,60.1494
t_361,64.6298,64.6298,64.6298,64.6298
t_3610,60.1494,60.1494,60.1494,60.1494
t_3611,60.1494,60.1494,60.1494,60.1494
t_3612,60.1494,60.1494,60.1494,60.1494
t_3613,60.1494,60.1494,60.1494,60.1494
t_3614,60.1494,60.1494,60.1494,60.1494
t_3615,60.1494,60.1494,60.1494,60.1494
t_3616,60.1494,60.1494,60.1494,60.1494
t_3617,66.3873,66.3873,66.3873,66.3873
t_3618,99.5846,99.5846,99.5846,99.5846
t_3619,99.5846,99.5846,99.5846,99.5846
t_362,64.2303,64.2303,64.2303,64.2303
t_3620,99.5846,99.5846,99.5846,99.5846
t_3621,99.5846,99.5846,99.5846,99.5846
t_3622,99.5846,99.5846,99.5846,99.5846
t_3623,99.5846,99.5846,99.5846,99.5846
t_3624,99.5846,99.5846,99.5846,99.5846
t_3625,99.5846,99.5846,99.5846,99.5846
t_3626,99.5846,99.5846,99.5846,99.5846
t_3627,99.5846,99.5846,99.5846,99.5846
t_3628,99.5846,99.5846,99.5846,99.5846
t_3629,99.5846,99.5846,99.5846,99.5846
t_363,64.0319,64.0319,64.0319,64.0319
t_3630,97.7291,97.7291,97.7291,97.7291
t_3631,66.3873,66.3873,66.3873,66.3873
t_3632,60.1494,60.1494,60.1494,60.1494
t_3633,55.5035,55.5035,55.5035,55.5035
t_3634,9.0,9.0,9.0,9.0
t_3635,9.0,9.0,9.0,9.0
t_3636,9.0,9.0,9.0,9.0
t_3637,9.0,9.0,9.0,9.0
t_3638,9.0,9.0,9.0,9.0
t_3639,9.0,9.0,9.0,9.0
t_364,64.0319,64.0319,64.0319,64.0319
t_3640,60.1494,60.1494,60.1494,60.1494
t_3641,60.1494,60.1494,60.1494,60.1494
t_3642,68.5239,68.5239,68.5239,68.5239
t_3643,79.4691,79.4691,79.4691,79.4691
t_3644,79.4691,79.4691,79.4691,79.4691
t_3645,79.4691,79.4691,79.4691,79.4691
t_3646,79.4691,79.4691,79.4691,79.4691
t_3647,79.4691,79.4691,79.4691,79.4691
t_3648,79.4691,79.4691,79.4691,79.4691
t_3649,79.4691,79.4691,79.4691,79.4691
t_365,64.0319,64.0319,64.0319,64.0319
t_3650,79.4691,79.4691,79.4691,79.4691
t_3651,79.4691,79.4691,79.4691,79.4691
t_3652,79.4691,79.4691,79.4691,79.4691
t_3653,79.4691,79.4691,79.4691,79.4691
t_3654,60.1494,60.1494,60.1494,60.1494
t_3655,60.1494,60.1494,60.1494,60.1494
t_3656,0.0,0.0,0.0,0.0
t_3657,0.0,0.0,0.0,0.0
t_3658,0.0,0.0,0.0,0.0
t_3659,0.0,0.0,0.0,0.0
t_366,66.3873,66.3873,66.3873,66.3873
t_3660,0.0,0.0,0.0,0.0
t_3661,0.0,0.0,0.0,0.0
t_3662,0.0,0.0,0.0,0.0
t_3663,0.0,0.0,0.0,0.0
t_3664,9.0,9.0,9.0,9.0
t_3665,60.1494,60.1494,60.1494,60.1494
t_3666,60.1494,60.1494,60.1494,60.1494
t_3667,79.4691,79.4691,79.4691,79.4691
t_3668,79.4691,79.4691,79.4691,79.4691
t_3669,79.4691,79.4691,79.4691,79.4691
t_367,68.5239,68.5239,68.5239,68.5239
t_3670,79.4691,79.4691,79.4691,79.4691
t_3671,79.4691,79.4691,79.4691,79.4691
t_3672,79.4691,79.4691,79.4691,79.4691
t_3673,79.4691,79.4691,79.4691,79.4691
t_3674,79.4691,79.4691,79.4691,79.4691
t_3675,79.4691,79.4691,79.4691,79.4691
t_3676,79.4691,79.4691,79.4691,79.4691
t_3677,79.4691,79.4691,79.4691,79.4691
t_3678,79.4691,79.4691,79.4691,79.4691
t_3679,60.1494,60.1494,60.1494,60.1494
t_368,68.5239,68.5239,68.5239,68.5239
t_3680,9.0,9.0,9.0,9.0
t_3681,0.0,0.0,0.0,0.0
t_3682,0.0,0.0,0.0,0.0
t_3683,0.0,0.0,0.0,0.0
t_3684,0.0,0.0,0.0,0.0
t_3685,0.0,0.0,0.0,0.0
t_3686,0.0,0.0,0.0,0.0
t_3687,0.0,0.0,0.0,0.0
t_3688,51.865,51.865,51.865,51.865
t_3689,60.1494,60.1494,60.1494,60.1494
t_369,60.1494,60.1494,60.1494,60.1494
t_3690,104.6701,104.6701,104.6701,104.6701
t_3691,104.7862,104.7862,104.7862,104.7862
t_3692,104.7862,104.7862,104.7862,104.7862
t_3693,104.7862,104.7862,104.7862,104.7862
t_3694,104.7862,104.7862,104.7862,104.7862
t_3695,104.7862,104.7862,104.7862,104.7862
t_3696,104.7862,104.7862,104.7862,104.7862
t_3697,104.7862,104.7862,104.7862,104.7862
t_3698,104.7862,104.7862,104.7862,104.7862
t_3699,104.7862,104.7862,104.7862,104.7862
t_37,0.0,0.0,0.0,0.0
t_370,51.865,51.865,51.865,51.865
t_3700,104.7862,104.7862,104.7862,104.7862
t_3701,104.7862,104.7862,104.7862,104.7862
t_3702,104.7862,104.7862,104.7862,104.7862
t_3703,79.3119,79.3119,79.3119,79.3119
t_3704,60.1494,60.1494,60.1494,60.1494
t_3705,55.5035,55.5035,55.5035,55.5035
t_3706,9.0,9.0,9.0,9.0
t_3707,9.0,9.0,9.0,9.0
t_3708,0.0,0.0,0.0,0.0
t_3709,0.0,0.0,0.0,0.0
t_371,0.0,0.0,0.0,0.0
t_3710,9.0,9.0,9.0,9.0
t_3711,9.0,9.0,9.0,9.0
t_3712,60.1494,60.1494,60.1494,60.1494
t_3713,79.3119,79.3119,79.3119,79.3119
t_3714,107.022,107.022,107.022,107.022
t_3715,107.022,107.022,107.022,107.022
t_3716,107.022,107.022,107.022,107.022
t_3717,107.022,107.022,107.022,107.022
t_3718,107.022,107.022,107.022,107.022
t_3719,107.022,107.022,107.022,107.022
t_372,0.0,0.0,0.0,0.0
t_3720,107.022,107.022,107.022,107.022
t_3721,107.022,107.022,107.022,107.022
t_3722,107.022,107.022,107.022,107.022
t_3723,107.022,107.022,107.022,107.022
t_3724,107.022,107.022,107.022,107.022
t_3725,107.022,107.022,107.022,107.022
t_3726,107.022,107.022,107.022,107.022
t_3727,99.5846,99.5846,99.5846,99.5846
t_3728,66.3873,66.3873,66.3873,66.3873
t_3729,60.1494,60.1494,60.1494,60.1494
t_373,0.0,0.0,0.0,0.0
t_3730,55.5035,55.5035,55.5035,55.5035
t_3731,55.5035,55.5035,55.5035,55.5035
t_3732,9.0,9.0,9.0,9.0
t_3733,9.0,9.0,9.0,9.0
t_3734,51.865,51.865,51.865,51.865
t_3735,55.5035,55.5035,55.5035,55.5035
t_3736,60.1494,60.1494,60.1494,60.1494
t_3737,81.0042,81.0042,81.0042,81.0042
t_3738,107.022,107.022,107.022,107.022
t_3739,107.022,107.022,107.022,107.022
t_374,9.0,9.0,9.0,9.0
t_3740,107.022,107.022,107.022,107.022
t_3741,107.022,107.022,107.022,107.022
t_3742,107.022,107.022,107.022,107.022
t_3743,107.022,107.022,107.022,107.022
t_3744,107.022,107.022,107.022,107.022
t_3745,107.022,107.022,107.022,107.022
t_3746,107.022,107.022,107.022,107.022
t_3747,107.022,107.022,107.022,107.022
t_3748,107.022,107.022,107.022,107.022
t_3749,107.022,107.022,107.022,107.022
t_375,51.865,51.865,51.865,51.865
t_3750,100.8391,100.8391,100.8391,100.8391
t_3751,75.3749,75.3749,75.3749,75.3749
t_3752,60.1494,60.1494,60.1494,60.1494
t_3753,0.0,0.0,0.0,0.0
t_3754,0.0,0.0,0.0,0.0
t_3755,0.0,0.0,0.0,0.0
t_3756,0.0,0.0,0.0,0.0
t_3757,0.0,0.0,0.0,0.0
t_3758,0.0,0.0,0.0,0.0
t_3759,0.0,0.0,0.0,0.0
t_376,60.1494,60.1494,60.1494,60.1494
t_3760,0.0,0.0,0.0,0.0
t_3761,60.1494,60.1494,60.1494,60.1494
t_3762,98.3627,98.3627,98.3627,98.3627
t_3763,106.0119,106.0119,106.0119,106.0119
t_3764,106.0119,106.0119,106.0119,106.0119
t_3765,106.0119,106.0119,106.0119,106.0119
t_3766,106.0119,106.0119,106.0119,106.0119
t_3767,106.0119,106.0119,106.0119,106.0119
t_3768,106.0119,106.0119,106.0119,106.0119
t_3769,106.0119,106.0119,106.0119,106.0119
t_377,116.3333,116.3333,116.3333,116.3333
t_3770,106.0119,106.0119,106.0119,106.0119
t_3771,106.0119,106.0119,106.0119,106.0119
t_3772,106.0119,106.0119,106.0119,106.0119
t_3773,106.0119,106.0119,106.0119,106.0119
t_3774,106.0119,106.0119,106.0119,106.0119
t_3775,66.3873,66.3873,66.3873,66.3873
t_3776,55.5035,55.5035,55.5035,55.5035
t_3777,0.0,0.0,0.0,0.0
t_3778,0.0,0.0,0.0,0.0
t_3779,0.0,0.0,0.0,0.0
t_378,116.3333,116.3333,116.3333,116.3333
t_3780,0.0,0.0,0.0,0.0
t_3781,0.0,0.0,0.0,0.0
t_3782,0.0,0.0,0.0,0.0
t_3783,0.0,0.0,0.0,0.0
t_3784,9.0,9.0,9.0,9.0
t_3785,60.1494,60.1494,60.1494,60.1494
t_3786,106.5876,106.5876,106.5876,106.5876
t_3787,107.022,107.022,107.022,107.022
t_3788,107.022,107.022,107.022,107.022
t_3789,107.022,107.022,107.022,107.022
t_379,116.3333,116.3333,116.3333,116.3333
t_3790,107.022,107.022,107.022,107.022
t_3791,107.022,107.022,107.022,107.022
t_3792,107.022,107.022,107.022,107.022
t_3793,107.022,107.022,107.022,107.022
t_3794,107.022,107.022,107.022,107.022
t_3795,107.022,107.022,107.022,107.022
t_3796,107.022,107.022,107.022,107.022
t_3797,107.022,107.022,107.022,107.022
t_3798,107.022,107.022,107.022,107.022
t_3799,60.1494,60.1494,60.1494,60.1494
t_38,0.0,0.0,0.0,0.0
t_380,116.3333,116.3333,116.3333,116.3333
t_3800,51.865,51.865,51.865,51.865
t_3801,0.0,0.0,0.0,0.0
t_3802,0.0,0.0,0.0,0.0
t_3803,0.0,0.0,0.0,0.0
t_3804,0.0,0.0,0.0,0.0
t_3805,0.0,0.0,0.0,0.0
t_3806,0.0,0.0,0.0,0.0
t_3807,9.0,9.0,9.0,9.0
t_3808,60.1494,60.1494,60.1494,60.1494
t_3809,75.3749,75.3749,75.3749,75.3749
t_381,116.3333,116.3333,116.3333,116.3333
t_3810,107.022,107.022,107.022,107.022
t_3811,107.022,107.022,107.022,107.022
t_3812,107.022,107.022,107.022,107.022
t_3813,107.022,107.022,107.022,107.022
t_3814,107.022,107.022,107.022,107.022
t_3815,107.022,107.022,107.022,107.022
t_3816,107.022,107.022,107.022,107.022
t_3817,107.022,107.022,107.022,107.022
t_3818,107.022,107.022,107.022,107.022
t_3819,107.022,107.022,107.022,107.022
t_382,116.3333,116.3333,116.3333,116.3333
t_3820,107.022,107.022,107.022,107.022
t_3821,107.022,107.022,107.022,107.022
t_3822,103.8313,103.8313,103.8313,103.8313
t_3823,60.1494,60.1494,60.1494,60.1494
t_3824,51.865,51.865,51.865,51.865
t_3825,0.0,0.0,0.0,0.0
t_3826,0.0,0.0,0.0,0.0
t_3827,0.0,0.0,0.0,0.0
t_3828,0.0,0.0,0.0,0.0
t_3829,0.0,0.0,0.0,0.0
t_383,116.3333,116.3333,116.3333,116.3333
t_3830,0.0,0.0,0.0,0.0
t_3831,0.0,0.0,0.0,0.0
t_3832,9.0,9.0,9.0,9.0
t_3833,60.1494,60.1494,60.1494,60.1494
t_3834,75.3749,75.3749,75.3749,75.3749
t_3835,99.5846,99.5846,99.5846,99.5846
t_3836,99.5846,99.5846,99.5846,99.5846
t_3837,99.5846,99.5846,99.5846,99.5846
t_3838,99.5846,99.5846,99.5846,99.5846
t_3839,99.5846,99.5846,99.5846,99.5846
t_384,116.3333,116.3333,116.3333,116.3333
t_3840,99.5846,99.5846,99.5846,99.5846
t_3841,99.5846,99.5846,99.5846,99.5846
t_3842,99.5846,99.5846,99.5846,99.5846
t_3843,99.5846,99.5846,99.5846,99.5846
t_3844,99.5846,99.5846,99.5846,99.5846
t_3845,99.5846,99.5846,99.5846,99.5846
t_3846,99.5846,99.5846,99.5846,99.5846
t_3847,75.3749,75.3749,75.3749,75.3749
t_3848,60.1494,60.1494,60.1494,60.1494
t_3849,60.1494,60.1494,60.1494,60.1494
t_385,110.0052,110.0052,110.0052,110.0052
t_3850,44.957,44.957,44.957,44.957
t_3851,44.957,44.957,44.957,44.957
t_3852,9.0,9.0,9.0,9.0
t_3853,9.0,9.0,9.0,9.0
t_3854,44.957,44.957,44.957,44.957
t_3855,44.957,44.957,44.957,44.957
t_3856,51.865,51.865,51.865,51.865
t_3857,60.1494,60.1494,60.1494,60.1494
t_3858,99.5846,99.5846,99.5846,99.5846
t_3859,99.5846,99.5846,99.5846,99.5846
t_386,107.022,107.022,107.022,107.022
t_3860,99.5846,99.5846,99.5846,99.5846
t_3861,99.5846,99.5846,99.5846,99.5846
t_3862,99.5846,99.5846,99.5846,99.5846
t_3863,99.5846,99.5846,99.5846,99.5846
t_3864,99.5846,99.5846,99.5846,99.5846
t_3865,99.5846,99.5846,99.5846,99.5846
t_3866,99.5846,99.5846,99.5846,99.5846
t_3867,99.5846,99.5846,99.5846,99.5846
t_3868,99.5846,99.5846,99.5846,99.5846
t_3869,99.5846,99.5846,99.5846,99.5846
t_387,107.022,107.022,107.022,107.022
t_3870,99.5846,99.5846,99.5846,99.5846
t_3871,75.3749,75.3749,75.3749,75.3749
t_3872,60.1494,60.1494,60.1494,60.1494
t_3873,9.0,9.0,9.0,9.0
t_3874,0.0,0.0,0.0,0.0
t_3875,0.0,0.0,0.0,0.0
t_3876,0.0,0.0,0.0,0.0
t_3877,0.0,0.0,0.0,0.0
t_3878,0.0,0.0,0.0,0.0
t_3879,0.0,0.0,0.0,0.0
t_388,107.022,107.022,107.022,107.022
t_3880,55.5035,55.5035,55.5035,55.5035
t_3881,60.1494,60.1494,60.1494,60.1494
t_3882,105.583,105.583,105.583,105.583
t_3883,107.022,107.022,107.022,107.022
t_3884,107.022,107.022,107.022,107.022
t_3885,107.022,107.022,107.022,107.022
t_3886,107.022,107.022,107.022,107.022
t_3887,107.022,107.022,107.022,107.022
t_3888,107.022,107.022,107.022,107.022
t_3889,107.022,107.022,107.022,107.022
t_389,107.022,107.022,107.022,107.022
t_3890,107.022,107.022,107.022,107.022
t_3891,107.022,107.022,107.022,107.022
t_3892,107.022,107.022,107.022,107.022
t_3893,107.022,107.022,107.022,107.022
t_3894,107.022,107.022,107.022,107.022
t_3895,97.0139,97.0139,97.0139,97.0139
t_3896,66.3873,66.3873,66.3873,66.3873
t_3897,60.1494,60.1494,60.1494,60.1494
t_3898,9.0,9.0,9.0,9.0
t_3899,9.0,9.0,9.0,9.0
t_39,0.0,0.0,0.0,0.0
t_390,109.8442,109.8442,109.8442,109.8442
t_3900,9.0,9.0,9.0,9.0
t_3901,9.0,9.0,9.0,9.0
t_3902,9.0,9.0,9.0,9.0
t_3903,9.0,9.0,9.0,9.0
t_3904,55.5035,55.5035,55.5035,55.5035
t_3905,66.3873,66.3873,66.3873,66.3873
t_3906,101.0239,101.0239,101.0239,101.0239
t_3907,107.022,107.022,107.022,107.022
t_3908,107.022,107.022,107.022,107.022
t_3909,107.022,107.022,107.022,107.022
t_391,116.3333,116.3333,116.3333,116.3333
t_3910,107.022,107.022,107.022,107.022
t_3911,107.022,107.022,107.022,107.022
t_3912,107.022,107.022,107.022,107.022
t_3913,107.022,107.022,107.022,107.022
t_3914,107.022,107.022,107.022,107.022
t_3915,107.022,107.022,107.022,107.022
t_3916,107.022,107.022,107.022,107.022
t_3917,107.022,107.022,107.022,107.022
t_3918,107.022,107.022,107.022,107.022
t_3919,75.3749,75.3749,75.3749,75.3749
t_392,116.3333,116.3333,116.3333,116.3333
t_3920,60.1494,60.1494,60.1494,60.1494
t_3921,0.0,0.0,0.0,0.0
t_3922,0.0,0.0,0.0,0.0
t_3923,0.0,0.0,0.0,0.0
t_3924,0.0,0.0,0.0,0.0
t_3925,0.0,0.0,0.0,0.0
t_3926,0.0,0.0,0.0,0.0
t_3927,0.0,0.0,0.0,0.0
t_3928,51.865,51.865,51.865,51.865
t_3929,60.1494,60.1494,60.1494,60.1494
t_393,88.0519,88.0519,88.0519,88.0519
t_3930,99.5846,99.5846,99.5846,99.5846
t_3931,99.5846,99.5846,99.5846,99.5846
t_3932,99.5846,99.5846,99.5846,99.5846
t_3933,99.5846,99.5846,99.5846,99.5846
t_3934,99.5846,99.5846,99.5846,99.5846
t_3935,99.5846,99.5846,99.5846,99.5846
t_3936,99.5846,99.5846,99.5846,99.5846
t_3937,99.5846,99.5846,99.5846,99.5846
t_3938,99.5846,99.5846,99.5846,99.5846
t_3939,99.5846,99.5846,99.5846,99.5846
t_394,60.1494,60.1494,60.1494,60.1494
t_3940,99.5846,99.5846,99.5846,99.5846
t_3941,99.5846,99.5846,99.5846,99.5846
t_3942,60.1494,60.1494,60.1494,60.1494
t_3943,60.1494,60.1494,60.1494,60.1494
t_3944,51.865,51.865,51.865,51.865
t_3945,0.0,0.0,0.0,0.0
t_3946,0.0,0.0,0.0,0.0
t_3947,0.0,0.0,0.0,0.0
t_3948,0.0,0.0,0.0,0.0
t_3949,0.0,0.0,0.0,0.0
t_395,60.1494,60.1494,60.1494,60.1494
t_3950,0.0,0.0,0.0,0.0
t_3951,0.0,0.0,0.0,0.0
t_3952,51.865,51.865,51.865,51.865
t_3953,60.1494,60.1494,60.1494,60.1494
t_3954,99.5846,99.5846,99.5846,99.5846
t_3955,99.5846,99.5846,99.5846,99.5846
t_3956,99.5846,99.5846,99.5846,99.5846
t_3957,99.5846,99.5846,99.5846,99.5846
t_3958,99.5846,99.5846,99.5846,99.5846
t_3959,99.5846,99.5846,99.5846,99.5846
t_396,51.865,51.865,51.865,51.865
t_3960,99.5846,99.5846,99.5846,99.5846
t_3961,99.5846,99.5846,99.5846,99.5846
t_3962,99.5846,99.5846,99.5846,99.5846
t_3963,99.5846,99.5846,99.5846,99.5846
t_3964,99.5846,99.5846,99.5846,99.5846
t_3965,99.5846,99.5846,99.5846,99.5846
t_3966,75.3749,75.3749,75.3749,75.3749
t_3967,60.1494,60.1494,60.1494,60.1494
t_3968,51.865,51.865,51.865,51.865
t_3969,0.0,0.0,0.0,0.0
t_397,51.865,51.865,51.865,51.865
t_3970,0.0,0.0,0.0,0.0
t_3971,0.0,0.0,0.0,0.0
t_3972,0.0,0.0,0.0,0.0
t_3973,0.0,0.0,0.0,0.0
t_3974,0.0,0.0,0.0,0.0
t_3975,9.0,9.0,9.0,9.0
t_3976,51.865,51.865,51.865,51.865
t_3977,60.1494,60.1494,60.1494,60.1494
t_3978,107.022,107.022,107.022,107.022
t_3979,107.022,107.022,107.022,107.022
t_398,60.1494,60.1494,60.1494,60.1494
t_3980,107.022,107.022,107.022,107.022
t_3981,107.022,107.022,107.022,107.022
t_3982,107.022,107.022,107.022,107.022
t_3983,107.022,107.022,107.022,107.022
t_3984,107.022,107.022,107.022,107.022
t_3985,107.022,107.022,107.022,107.022
t_3986,107.022,107.022,107.022,107.022
t_3987,107.022,107.022,107.022,107.022
t_3988,107.022,107.022,107.022,107.022
t_3989,107.022,107.022,107.022,107.022
t_399,60.1494,60.1494,60.1494,60.1494
t_3990,99.5846,99.5846,99.5846,99.5846
t_3991,60.1494,60.1494,60.1494,60.1494
t_3992,51.865,51.865,51.865,51.865
t_3993,0.0,0.0,0.0,0.0
t_3994,0.0,0.0,0.0,0.0
t_3995,0.0,0.0,0.0,0.0
t_3996,0.0,0.0,0.0,0.0
t_3997,0.0,0.0,0.0,0.0
t_3998,0.0,0.0,0.0,0.0
t_3999,0.0,0.0,0.0,0.0
t_4,51.865,51.865,51.865,51.865
t_40,60.1494,60.1494,60.1494,60.1494
t_400,107.022,107.022,107.022,107.022
t_4000,50.2478,50.2478,50.2478,50.2478
t_4001,60.1494,60.1494,60.1494,60.1494
t_4002,99.5846,99.5846,99.5846,99.5846
t_4003,99.5846,99.5846,99.5846,99.5846
t_4004,99.5846,99.5846,99.5846,99.5846
t_4005,99.5846,99.5846,99.5846,99.5846
t_4006,99.5846,99.5846,99.5846,99.5846
t_4007,99.5846,99.5846,99.5846,99.5846
t_4008,99.5846,99.5846,99.5846,99.5846
t_4009,99.5846,99.5846,99.5846,99.5846
t_401,132.1269,132.1269,132.1269,132.1269
t_4010,99.5846,99.5846,99.5846,99.5846
t_4011,99.5846,99.5846,99.5846,99.5846
t_4012,99.5846,99.5846,99.5846,99.5846
t_4013,99.5846,99.5846,99.5846,99.5846
t_4014,99.5846,99.5846,99.5846,99.5846
t_4015,60.1494,60.1494,60.1494,60.1494
t_4016,9.0,9.0,9.0,9.0
t_4017,0.0,0.0,0.0,0.0
t_4018,0.0,0.0,0.0,0.0
t_4019,0.0,0.0,0.0,0.0
t_402,132.1269,132.1269,132.1269,132.1269
t_4020,0.0,0.0,0.0,0.0
t_4021,0.0,0.0,0.0,0.0
t_4022,0.0,0.0,0.0,0.0
t_4023,0.0,0.0,0.0,0.0
t_4024,29.455,29.455,29.455,29.455
t_4025,60.1494,60.1494,60.1494,60.1494
t_4026,99.5846,99.5846,99.5846,99.5846
t_4027,99.5846,99.5846,99.5846,99.5846
t_4028,99.5846,99.5846,99.5846,99.5846
t_4029,99.5846,99.5846,99.5846,99.5846
t_403,132.1269,132.1269,132.1269,132.1269
t_4030,99.5846,99.5846,99.5846,99.5846
t_4031,99.5846,99.5846,99.5846,99.5846
t_4032,99.5846,99.5846,99.5846,99.5846
t_4033,99.5846,99.5846,99.5846,99.5846
t_4034,99.5846,99.5846,99.5846,99.5846
t_4035,99.5846,99.5846,99.5846,99.5846
t_4036,99.5846,99.5846,99.5846,99.5846
t_4037,99.5846,99.5846,99.5846,99.5846
t_4038,99.5846,99.5846,99.5846,99.5846
t_4039,60.1494,60.1494,60.1494,60.1494
t_404,132.1269,132.1269,132.1269,132.1269
t_4040,51.865,51.865,51.865,51.865
t_4041,9.0,9.0,9.0,9.0
t_4042,0.0,0.0,0.0,0.0
t_4043,0.0,0.0,0.0,0.0
t_4044,0.0,0.0,0.0,0.0
t_4045,0.0,0.0,0.0,0.0
t_4046,0.0,0.0,0.0,0.0
t_4047,0.0,0.0,0.0,0.0
t_4048,9.0,9.0,9.0,9.0
t_4049,60.1494,60.1494,60.1494,60.1494
t_405,132.1269,132.1269,132.1269,132.1269
t_4050,99.5846,99.5846,99.5846,99.5846
t_4051,107.022,107.022,107.022,107.022
t_4052,107.022,107.022,107.022,107.022
t_4053,107.022,107.022,107.022,107.022
t_4054,107.022,107.022,107.022,107.022
t_4055,107.022,107.022,107.022,107.022
t_4056,107.022,107.022,107.022,107.022
t_4057,107.022,107.022,107.022,107.022
t_4058,107.022,107.022,107.022,107.022
t_4059,107.022,107.022,107.022,107.022
t_406,132.1269,132.1269,132.1269,132.1269
t_4060,107.022,107.022,107.022,107.022
t_4061,107.022,107.022,107.022,107.022
t_4062,101.8985,101.8985,101.8985,101.8985
t_4063,60.1494,60.1494,60.1494,60.1494
t_4064,42.0098,42.0098,42.0098,42.0098
t_4065,0.0,0.0,0.0,0.0
t_4066,0.0,0.0,0.0,0.0
t_4067,0.0,0.0,0.0,0.0
t_4068,0.0,0.0,0.0,0.0
t_4069,0.0,0.0,0.0,0.0
t_407,132.1269,132.1269,132.1269,132.1269
t_4070,0.0,0.0,0.0,0.0
t_4071,0.0,0.0,0.0,0.0
t_4072,9.0,9.0,9.0,9.0
t_4073,60.1494,60.1494,60.1494,60.1494
t_4074,99.5846,99.5846,99.5846,99.5846
t_4075,107.022,107.022,107.022,107.022
t_4076,107.022,107.022,107.022,107.022
t_4077,107.022,107.022,107.022,107.022
t_4078,107.022,107.022,107.022,107.022
t_4079,107.022,107.022,107.022,107.022
t_408,132.1269,132.1269,132.1269,132.1269
t_4080,107.022,107.022,107.022,107.022
t_4081,107.022,107.022,107.022,107.022
t_4082,107.022,107.022,107.022,107.022
t_4083,107.022,107.022,107.022,107.022
t_4084,107.022,107.022,107.022,107.022
t_4085,107.022,107.022,107.022,107.022
t_4086,100.2569,100.2569,100.2569,100.2569
t_4087,60.1494,60.1494,60.1494,60.1494
t_4088,51.865,51.865,51.865,51.865
t_4089,0.0,0.0,0.0,0.0
t_409,126.6204,126.6204,126.6204,126.6204
t_4090,0.0,0.0,0.0,0.0
t_4091,0.0,0.0,0.0,0.0
t_4092,0.0,0.0,0.0,0.0
t_4093,0.0,0.0,0.0,0.0
t_4094,0.0,0.0,0.0,0.0
t_4095,0.0,0.0,0.0,0.0
t_4096,51.865,51.865,51.865,51.865
t_4097,60.1494,60.1494,60.1494,60.1494
t_4098,107.022,107.022,107.022,107.022
t_4099,107.022,107.022,107.022,107.022
t_41,87.7104,87.7104,87.7104,87.7104
t_410,113.5985,113.5985,113.5985,113.5985
t_4100,107.022,107.022,107.022,107.022
t_4101,107.022,107.022,107.022,107.022
t_4102,107.022,107.022,107.022,107.022
t_4103,107.022,107.022,107.022,107.022
t_4104,107.022,107.022,107.022,107.022
t_4105,107.022,107.022,107.022,107.022
t_4106,107.022,107.022,107.022,107.022
t_4107,107.022,107.022,107.022,107.022
t_4108,107.022,107.022,107.022,107.022
t_4109,107.022,107.022,107.022,107.022
t_411,110.0052,110.0052,110.0052,110.0052
t_4110,107.022,107.022,107.022,107.022
t_4111,81.0042,81.0042,81.0042,81.0042
t_4112,60.1494,60.1494,60.1494,60.1494
t_4113,9.0,9.0,9.0,9.0
t_4114,0.0,0.0,0.0,0.0
t_4115,0.0,0.0,0.0,0.0
t_4116,0.0,0.0,0.0,0.0
t_4117,0.0,0.0,0.0,0.0
t_4118,0.0,0.0,0.0,0.0
t_4119,9.0,9.0,9.0,9.0
t_412,110.0052,110.0052,110.0052,110.0052
t_4120,60.1494,60.1494,60.1494,60.1494
t_4121,75.3749,75.3749,75.3749,75.3749
t_4122,107.022,107.022,107.022,107.022
t_4123,107.022,107.022,107.022,107.022
t_4124,107.022,107.022,107.022,107.022
t_4125,107.022,107.022,107.022,107.022
t_4126,107.022,107.022,107.022,107.022
t_4127,107.022,107.022,107.022,107.022
t_4128,107.022,107.022,107.022,107.022
t_4129,107.022,107.022,107.022,107.022
t_413,110.0052,110.0052,110.0052,110.0052
t_4130,107.022,107.022,107.022,107.022
t_4131,107.022,107.022,107.022,107.022
t_4132,107.022,107.022,107.022,107.022
t_4133,107.022,107.022,107.022,107.022
t_4134,107.022,107.022,107.022,107.022
t_4135,60.1494,60.1494,60.1494,60.1494
t_4136,39.2559,39.2559,39.2559,39.2559
t_4137,0.0,0.0,0.0,0.0
t_4138,0.0,0.0,0.0,0.0
t_4139,0.0,0.0,0.0,0.0
t_414,110.0052,110.0052,110.0052,110.0052
t_4140,0.0,0.0,0.0,0.0
t_4141,0.0,0.0,0.0,0.0
t_4142,0.0,0.0,0.0,0.0
t_4143,0.0,0.0,0.0,0.0
t_4144,9.0,9.0,9.0,9.0
t_4145,60.1494,60.1494,60.1494,60.1494
t_4146,79.4691,79.4691,79.4691,79.4691
t_4147,99.5846,99.5846,99.5846,99.5846
t_4148,99.5846,99.5846,99.5846,99.5846
t_4149,99.5846,99.5846,99.5846,99.5846
t_415,125.5817,125.5817,125.5817,125.5817
t_4150,99.5846,99.5846,99.5846,99.5846
t_4151,99.5846,99.5846,99.5846,99.5846
t_4152,99.5846,99.5846,99.5846,99.5846
t_4153,79.4691,79.4691,79.4691,79.4691
t_4154,79.4691,79.4691,79.4691,79.4691
t_4155,79.4691,79.4691,79.4691,79.4691
t_4156,79.4691,79.4691,79.4691,79.4691
t_4157,75.3749,75.3749,75.3749,75.3749
t_4158,60.1494,60.1494,60.1494,60.1494
t_4159,60.1494,60.1494,60.1494,60.1494
t_416,132.1269,132.1269,132.1269,132.1269
t_4160,51.865,51.865,51.865,51.865
t_4161,9.0,9.0,9.0,9.0
t_4162,0.0,0.0,0.0,0.0
t_4163,0.0,0.0,0.0,0.0
t_4164,0.0,0.0,0.0,0.0
t_4165,0.0,0.0,0.0,0.0
t_4166,0.0,0.0,0.0,0.0
t_4167,0.0,0.0,0.0,0.0
t_4168,45.5263,45.5263,45.5263,45.5263
t_4169,60.1494,60.1494,60.1494,60.1494
t_417,115.4037,115.4037,115.4037,115.4037
t_4170,60.1494,60.1494,60.1494,60.1494
t_4171,60.1494,60.1494,60.1494,60.1494
t_4172,60.1494,60.1494,60.1494,60.1494
t_4173,60.1494,60.1494,60.1494,60.1494
t_4174,60.1494,60.1494,60.1494,60.1494
t_4175,60.1494,60.1494,60.1494,60.1494
t_4176,60.1494,60.1494,60.1494,60.1494
t_4177,60.1494,60.1494,60.1494,60.1494
t_4178,60.1494,60.1494,60.1494,60.1494
t_4179,60.1494,60.1494,60.1494,60.1494
t_418,107.022,107.022,107.022,107.022
t_4180,60.1494,60.1494,60.1494,60.1494
t_4181,60.1494,60.1494,60.1494,60.1494
t_4182,60.1494,60.1494,60.1494,60.1494
t_4183,60.1494,60.1494,60.1494,60.1494
t_4184,9.0,9.0,9.0,9.0
t_4185,0.0,0.0,0.0,0.0
t_4186,0.0,0.0,0.0,0.0
t_4187,0.0,0.0,0.0,0.0
t_4188,0.0,0.0,0.0,0.0
t_4189,0.0,0.0,0.0,0.0
t_419,107.022,107.022,107.022,107.022
t_4190,0.0,0.0,0.0,0.0
t_4191,0.0,0.0,0.0,0.0
t_4192,9.0,9.0,9.0,9.0
t_4193,51.865,51.865,51.865,51.865
t_4194,60.1494,60.1494,60.1494,60.1494
t_4195,79.4691,79.4691,79.4691,79.4691
t_4196,79.4691,79.4691,79.4691,79.4691
t_4197,79.4691,79.4691,79.4691,79.4691
t_4198,79.4691,79.4691,79.4691,79.4691
t_4199,79.4691,79.4691,79.4691,79.4691
t_42,87.7104,87.7104,87.7104,87.7104
t_420,107.022,107.022,107.022,107.022
t_4200,79.4691,79.4691,79.4691,79.4691
t_4201,79.4691,79.4691,79.4691,79.4691
t_4202,79.4691,79.4691,79.4691,79.4691
t_4203,79.4691,79.4691,79.4691,79.4691
t_4204,79.4691,79.4691,79.4691,79.4691
t_4205,79.4691,79.4691,79.4691,79.4691
t_4206,79.4691,79.4691,79.4691,79.4691
t_4207,60.1494,60.1494,60.1494,60.1494
t_4208,51.865,51.865,51.865,51.865
t_4209,0.0,0.0,0.0,0.0
t_421,107.022,107.022,107.022,107.022
t_4210,0.0,0.0,0.0,0.0
t_4211,0.0,0.0,0.0,0.0
t_4212,0.0,0.0,0.0,0.0
t_4213,0.0,0.0,0.0,0.0
t_4214,0.0,0.0,0.0,0.0
t_4215,0.0,0.0,0.0,0.0
t_4216,0.0,0.0,0.0,0.0
t_4217,60.1494,60.1494,60.1494,60.1494
t_4218,101.4079,101.4079,101.4079,101.4079
t_4219,106.0129,106.0129,106.0129,106.0129
t_422,107.022,107.022,107.022,107.022
t_4220,106.0129,106.0129,106.0129,106.0129
t_4221,106.0129,106.0129,106.0129,106.0129
t_4222,106.0129,106.0129,106.0129,106.0129
t_4223,106.0129,106.0129,106.0129,106.0129
t_4224,106.0129,106.0129,106.0129,106.0129
t_4225,106.0129,106.0129,106.0129,106.0129
t_4226,106.0129,106.0129,106.0129,106.0129
t_4227,106.0129,106.0129,106.0129,106.0129
t_4228,106.0129,106.0129,106.0129,106.0129
t_4229,106.0129,106.0129,106.0129,106.0129
t_423,107.022,107.022,107.022,107.022
t_4230,96.5831,96.5831,96.5831,96.5831
t_4231,60.1494,60.1494,60.1494,60.1494
t_4232,9.0,9.0,9.0,9.0
t_4233,0.0,0.0,0.0,0.0
t_4234,0.0,0.0,0.0,0.0
t_4235,0.0,0.0,0.0,0.0
t_4236,0.0,0.0,0.0,0.0
t_4237,0.0,0.0,0.0,0.0
t_4238,0.0,0.0,0.0,0.0
t_4239,0.0,0.0,0.0,0.0
t_424,117.7689,117.7689,117.7689,117.7689
t_4240,0.0,0.0,0.0,0.0
t_4241,60.1494,60.1494,60.1494,60.1494
t_4242,102.6942,102.6942,102.6942,102.6942
t_4243,107.022,107.022,107.022,107.022
t_4244,107.022,107.022,107.022,107.022
t_4245,107.022,107.022,107.022,107.022
t_4246,107.022,107.022,107.022,107.022
t_4247,107.022,107.022,107.022,107.022
t_4248,107.022,107.022,107.022,107.022
t_4249,107.022,107.022,107.022,107.022
t_425,132.1269,132.1269,132.1269,132.1269
t_4250,107.022,107.022,107.022,107.022
t_4251,107.022,107.022,107.022,107.022
t_4252,107.022,107.022,107.022,107.022
t_4253,107.022,107.022,107.022,107.022
t_4254,107.022,107.022,107.022,107.022
t_4255,60.1494,60.1494,60.1494,60.1494
t_4256,42.0098,42.0098,42.0098,42.0098
t_4257,0.0,0.0,0.0,0.0
t_4258,0.0,0.0,0.0,0.0
t_4259,0.0,0.0,0.0,0.0
t_426,132.1269,132.1269,132.1269,132.1269
t_4260,0.0,0.0,0.0,0.0
t_4261,0.0,0.0,0.0,0.0
t_4262,0.0,0.0,0.0,0.0
t_4263,0.0,0.0,0.0,0.0
t_4264,0.0,0.0,0.0,0.0
t_4265,60.1494,60.1494,60.1494,60.1494
t_4266,94.3497,94.3497,94.3497,94.3497
t_4267,107.022,107.022,107.022,107.022
t_4268,107.022,107.022,107.022,107.022
t_4269,107.022,107.022,107.022,107.022
t_427,132.1269,132.1269,132.1269,132.1269
t_4270,107.022,107.022,107.022,107.022
t_4271,107.022,107.022,107.022,107.022
t_4272,107.022,107.022,107.022,107.022
t_4273,107.022,107.022,107.022,107.022
t_4274,107.022,107.022,107.022,107.022
t_4275,107.022,107.022,107.022,107.022
t_4276,107.022,107.022,107.022,107.022
t_4277,107.022,107.022,107.022,107.022
t_4278,107.022,107.022,107.022,107.022
t_4279,60.1494,60.1494,60.1494,60.1494
t_428,132.1269,132.1269,132.1269,132.1269
t_4280,60.1494,60.1494,60.1494,60.1494
t_4281,0.0,0.0,0.0,0.0
t_4282,0.0,0.0,0.0,0.0
t_4283,0.0,0.0,0.0,0.0
t_4284,0.0,0.0,0.0,0.0
t_4285,0.0,0.0,0.0,0.0
t_4286,0.0,0.0,0.0,0.0
t_4287,0.0,0.0,0.0,0.0
t_4288,28.4053,28.4053,28.4053,28.4053
t_4289,60.1494,60.1494,60.1494,60.1494
t_429,132.1269,132.1269,132.1269,132.1269
t_4290,107.022,107.022,107.022,107.022
t_4291,107.022,107.022,107.022,107.022
t_4292,107.022,107.022,107.022,107.022
t_4293,107.022,107.022,107.022,107.022
t_4294,107.022,107.022,107.022,107.022
t_4295,107.022,107.022,107.022,107.022
t_4296,107.022,107.022,107.022,107.022
t_4297,107.022,107.022,107.022,107.022
t_4298,107.022,107.022,107.022,107.022
t_4299,107.022,107.022,107.022,107.022
t_43,87.7104,87.7104,87.7104,87.7104
t_430,131.9183,131.9183,131.9183,131.9183
t_4300,107.022,107.022,107.022,107.022
t_4301,107.022,107.022,107.022,107.022
t_4302,107.022,107.022,107.022,107.022
t_4303,81.0042,81.0042,81.0042,81.0042
t_4304,60.1494,60.1494,60.1494,60.1494
t_4305,0.0,0.0,0.0,0.0
t_4306,0.0,0.0,0.0,0.0
t_4307,0.0,0.0,0.0,0.0
t_4308,0.0,0.0,0.0,0.0
t_4309,0.0,0.0,0.0,0.0
t_431,114.5133,114.5133,114.5133,114.5133
t_4310,0.0,0.0,0.0,0.0
t_4311,0.0,0.0,0.0,0.0
t_4312,60.1494,60.1494,60.1494,60.1494
t_4313,81.0042,81.0042,81.0042,81.0042
t_4314,107.022,107.022,107.022,107.022
t_4315,107.022,107.022,107.022,107.022
t_4316,107.022,107.022,107.022,107.022
t_4317,107.022,107.022,107.022,107.022
t_4318,107.022,107.022,107.022,107.022
t_4319,107.022,107.022,107.022,107.022
t_432,107.022,107.022,107.022,107.022
t_4320,107.022,107.022,107.022,107.022
t_4321,107.022,107.022,107.022,107.022
t_4322,107.022,107.022,107.022,107.022
t_4323,107.022,107.022,107.022,107.022
t_4324,107.022,107.022,107.022,107.022
t_4325,107.022,107.022,107.022,107.022
t_4326,107.022,107.022,107.022,107.022
t_4327,60.1494,60.1494,60.1494,60.1494
t_4328,24.0674,24.0674,24.0674,24.0674
t_4329,0.0,0.0,0.0,0.0
t_433,87.7104,87.7104,87.7104,87.7104
t_4330,0.0,0.0,0.0,0.0
t_4331,0.0,0.0,0.0,0.0
t_4332,0.0,0.0,0.0,0.0
t_4333,0.0,0.0,0.0,0.0
t_4334,0.0,0.0,0.0,0.0
t_4335,0.0,0.0,0.0,0.0
t_4336,9.0,9.0,9.0,9.0
t_4337,60.1494,60.1494,60.1494,60.1494
t_4338,81.0042,81.0042,81.0042,81.0042
t_4339,107.022,107.022,107.022,107.022
t_434,79.6391,79.6391,79.6391,79.6391
t_4340,107.022,107.022,107.022,107.022
t_4341,107.022,107.022,107.022,107.022
t_4342,107.022,107.022,107.022,107.022
t_4343,107.022,107.022,107.022,107.022
t_4344,107.022,107.022,107.022,107.022
t_4345,107.022,107.022,107.022,107.022
t_4346,107.022,107.022,107.022,107.022
t_4347,107.022,107.022,107.022,107.022
t_4348,107.022,107.022,107.022,107.022
t_4349,107.022,107.022,107.022,107.022
t_435,60.2781,60.2781,60.2781,60.2781
t_4350,81.0042,81.0042,81.0042,81.0042
t_4351,60.1494,60.1494,60.1494,60.1494
t_4352,9.0,9.0,9.0,9.0
t_4353,0.0,0.0,0.0,0.0
t_4354,0.0,0.0,0.0,0.0
t_4355,0.0,0.0,0.0,0.0
t_4356,0.0,0.0,0.0,0.0
t_4357,0.0,0.0,0.0,0.0
t_4358,0.0,0.0,0.0,0.0
t_4359,0.0,0.0,0.0,0.0
t_436,60.1494,60.1494,60.1494,60.1494
t_4360,60.1494,60.1494,60.1494,60.1494
t_4361,81.0042,81.0042,81.0042,81.0042
t_4362,107.022,107.022,107.022,107.022
t_4363,107.022,107.022,107.022,107.022
t_4364,107.022,107.022,107.022,107.022
t_4365,107.022,107.022,107.022,107.022
t_4366,107.022,107.022,107.022,107.022
t_4367,107.022,107.022,107.022,107.022
t_4368,107.022,107.022,107.022,107.022
t_4369,107.022,107.022,107.022,107.022
t_437,60.1494,60.1494,60.1494,60.1494
t_4370,107.022,107.022,107.022,107.022
t_4371,107.022,107.022,107.022,107.022
t_4372,107.022,107.022,107.022,107.022
t_4373,107.022,107.022,107.022,107.022
t_4374,107.022,107.022,107.022,107.022
t_4375,81.0042,81.0042,81.0042,81.0042
t_4376,60.1494,60.1494,60.1494,60.1494
t_4377,0.0,0.0,0.0,0.0
t_4378,0.0,0.0,0.0,0.0
t_4379,0.0,0.0,0.0,0.0
t_438,60.1494,60.1494,60.1494,60.1494
t_4380,0.0,0.0,0.0,0.0
t_4381,0.0,0.0,0.0,0.0
t_4382,0.0,0.0,0.0,0.0
t_4383,0.0,0.0,0.0,0.0
t_4384,55.5035,55.5035,55.5035,55.5035
t_4385,81.0042,81.0042,81.0042,81.0042
t_4386,107.022,107.022,107.022,107.022
t_4387,107.022,107.022,107.022,107.022
t_4388,107.022,107.022,107.022,107.022
t_4389,107.022,107.022,107.022,107.022
t_439,60.2781,60.2781,60.2781,60.2781
t_4390,107.022,107.022,107.022,107.022
t_4391,107.022,107.022,107.022,107.022
t_4392,107.022,107.022,107.022,107.022
t_4393,107.022,107.022,107.022,107.022
t_4394,107.022,107.022,107.022,107.022
t_4395,107.022,107.022,107.022,107.022
t_4396,107.022,107.022,107.022,107.022
t_4397,107.022,107.022,107.022,107.022
t_4398,107.022,107.022,107.022,107.022
t_4399,60.1494,60.1494,60.1494,60.1494
t_44,87.7104,87.7104,87.7104,87.7104
t_440,66.3873,66.3873,66.3873,66.3873
t_4400,60.1494,60.1494,60.1494,60.1494
t_4401,51.865,51.865,51.865,51.865
t_4402,0.0,0.0,0.0,0.0
t_4403,0.0,0.0,0.0,0.0
t_4404,0.0,0.0,0.0,0.0
t_4405,0.0,0.0,0.0,0.0
t_4406,0.0,0.0,0.0,0.0
t_4407,0.0,0.0,0.0,0.0
t_4408,9.0,9.0,9.0,9.0
t_4409,60.1494,60.1494,60.1494,60.1494
t_441,64.0319,64.0319,64.0319,64.0319
t_4410,60.1494,60.1494,60.1494,60.1494
t_4411,81.0042,81.0042,81.0042,81.0042
t_4412,81.0042,81.0042,81.0042,81.0042
t_4413,81.0042,81.0042,81.0042,81.0042
t_4414,81.0042,81.0042,81.0042,81.0042
t_4415,81.0042,81.0042,81.0042,81.0042
t_4416,81.0042,81.0042,81.0042,81.0042
t_4417,81.0042,81.0042,81.0042,81.0042
t_4418,81.0042,81.0042,81.0042,81.0042
t_4419,81.0042,81.0042,81.0042,81.0042
t_442,60.1494,60.1494,60.1494,60.1494
t_4420,81.0042,81.0042,81.0042,81.0042
t_4421,81.0042,81.0042,81.0042,81.0042
t_4422,81.0042,81.0042,81.0042,81.0042
t_4423,60.1494,60.1494,60.1494,60.1494
t_4424,51.865,51.865,51.865,51.865
t_4425,0.0,0.0,0.0,0.0
t_4426,0.0,0.0,0.0,0.0
t_4427,0.0,0.0,0.0,0.0
t_4428,0.0,0.0,0.0,0.0
t_4429,0.0,0.0,0.0,0.0
t_443,60.1494,60.1494,60.1494,60.1494
t_4430,0.0,0.0,0.0,0.0
t_4431,0.0,0.0,0.0,0.0
t_4432,9.0,9.0,9.0,9.0
t_4433,60.1494,60.1494,60.1494,60.1494
t_4434,61.3113,61.3113,61.3113,61.3113
t_4435,107.022,107.022,107.022,107.022
t_4436,107.022,107.022,107.022,107.022
t_4437,107.022,107.022,107.022,107.022
t_4438,107.022,107.022,107.022,107.022
t_4439,107.022,107.022,107.022,107.022
t_444,60.1494,60.1494,60.1494,60.1494
t_4440,107.022,107.022,107.022,107.022
t_4441,107.022,107.022,107.022,107.022
t_4442,107.022,107.022,107.022,107.022
t_4443,107.022,107.022,107.022,107.022
t_4444,107.022,107.022,107.022,107.022
t_4445,107.022,107.022,107.022,107.022
t_4446,107.022,107.022,107.022,107.022
t_4447,81.0042,81.0042,81.0042,81.0042
t_4448,60.1494,60.1494,60.1494,60.1494
t_4449,9.0,9.0,9.0,9.0
t_445,60.1494,60.1494,60.1494,60.1494
t_4450,0.0,0.0,0.0,0.0
t_4451,0.0,0.0,0.0,0.0
t_4452,0.0,0.0,0.0,0.0
t_4453,0.0,0.0,0.0,0.0
t_4454,0.0,0.0,0.0,0.0
t_4455,50.2478,50.2478,50.2478,50.2478
t_4456,60.1494,60.1494,60.1494,60.1494
t_4457,81.0042,81.0042,81.0042,81.0042
t_4458,107.022,107.022,107.022,107.022
t_4459,107.022,107.022,107.022,107.022
t_446,60.1494,60.1494,60.1494,60.1494
t_4460,107.022,107.022,107.022,107.022
t_4461,107.022,107.022,107.022,107.022
t_4462,107.022,107.022,107.022,107.022
t_4463,107.022,107.022,107.022,107.022
t_4464,107.022,107.022,107.022,107.022
t_4465,107.022,107.022,107.022,107.022
t_4466,107.022,107.022,107.022,107.022
t_4467,107.022,107.022,107.022,107.022
t_4468,107.022,107.022,107.022,107.022
t_4469,107.022,107.022,107.022,107.022
t_447,60.1494,60.1494,60.1494,60.1494
t_4470,107.022,107.022,107.022,107.022
t_4471,81.0042,81.0042,81.0042,81.0042
t_4472,60.1494,60.1494,60.1494,60.1494
t_4473,9.0,9.0,9.0,9.0
t_4474,9.0,9.0,9.0,9.0
t_4475,0.0,0.0,0.0,0.0
t_4476,0.0,0.0,0.0,0.0
t_4477,0.0,0.0,0.0,0.0
t_4478,9.0,9.0,9.0,9.0
t_4479,9.0,9.0,9.0,9.0
t_448,60.1494,60.1494,60.1494,60.1494
t_4480,60.1494,60.1494,60.1494,60.1494
t_4481,60.1494,60.1494,60.1494,60.1494
t_4482,107.022,107.022,107.022,107.022
t_4483,107.022,107.022,107.022,107.022
t_4484,107.022,107.022,107.022,107.022
t_4485,107.022,107.022,107.022,107.022
t_4486,107.022,107.022,107.022,107.022
t_4487,107.022,107.022,107.022,107.022
t_4488,107.022,107.022,107.022,107.022
t_4489,107.022,107.022,107.022,107.022
t_449,79.6391,79.6391,79.6391,79.6391
t_4490,107.022,107.022,107.022,107.022
t_4491,107.022,107.022,107.022,107.022
t_4492,107.022,107.022,107.022,107.022
t_4493,107.022,107.022,107.022,107.022
t_4494,81.0042,81.0042,81.0042,81.0042
t_4495,60.1494,60.1494,60.1494,60.1494
t_4496,9.0,9.0,9.0,9.0
t_4497,0.0,0.0,0.0,0.0
t_4498,0.0,0.0,0.0,0.0
t_4499,0.0,0.0,0.0,0.0
t_45,87.7104,87.7104,87.7104,87.7104
t_450,79.6391,79.6391,79.6391,79.6391
t_4500,0.0,0.0,0.0,0.0
t_4501,0.0,0.0,0.0,0.0
t_4502,0.0,0.0,0.0,0.0
t_4503,0.0,0.0,0.0,0.0
t_4504,42.0098,42.0098,42.0098,42.0098
t_4505,60.1494,60.1494,60.1494,60.1494
t_4506,97.0139,97.0139,97.0139,97.0139
t_4507,97.0139,97.0139,97.0139,97.0139
t_4508,97.0139,97.0139,97.0139,97.0139
t_4509,97.0139,97.0139,97.0139,97.0139
t_451,79.6391,79.6391,79.6391,79.6391
t_4510,97.0139,97.0139,97.0139,97.0139
t_4511,97.0139,97.0139,97.0139,97.0139
t_4512,97.0139,97.0139,97.0139,97.0139
t_4513,97.0139,97.0139,97.0139,97.0139
t_4514,97.0139,97.0139,97.0139,97.0139
t_4515,97.0139,97.0139,97.0139,97.0139
t_4516,97.0139,97.0139,97.0139,97.0139
t_4517,97.0139,97.0139,97.0139,97.0139
t_4518,73.429,73.429,73.429,73.429
t_4519,60.1494,60.1494,60.1494,60.1494
t_452,79.6391,79.6391,79.6391,79.6391
t_4520,0.0,0.0,0.0,0.0
t_4521,0.0,0.0,0.0,0.0
t_4522,0.0,0.0,0.0,0.0
t_4523,0.0,0.0,0.0,0.0
t_4524,0.0,0.0,0.0,0.0
t_4525,0.0,0.0,0.0,0.0
t_4526,0.0,0.0,0.0,0.0
t_4527,0.0,0.0,0.0,0.0
t_4528,9.0,9.0,9.0,9.0
t_4529,60.1494,60.1494,60.1494,60.1494
t_453,79.6391,79.6391,79.6391,79.6391
t_4530,81.0042,81.0042,81.0042,81.0042
t_4531,107.022,107.022,107.022,107.022
t_4532,107.022,107.022,107.022,107.022
t_4533,107.022,107.022,107.022,107.022
t_4534,107.022,107.022,107.022,107.022
t_4535,107.022,107.022,107.022,107.022
t_4536,107.022,107.022,107.022,107.022
t_4537,107.022,107.022,107.022,107.022
t_4538,107.022,107.022,107.022,107.022
t_4539,107.022,107.022,107.022,107.022
t_454,79.6391,79.6391,79.6391,79.6391
t_4540,107.022,107.022,107.022,107.022
t_4541,107.022,107.022,107.022,107.022
t_4542,107.022,107.022,107.022,107.022
t_4543,60.1494,60.1494,60.1494,60.1494
t_4544,51.865,51.865,51.865,51.865
t_4545,0.0,0.0,0.0,0.0
t_4546,0.0,0.0,0.0,0.0
t_4547,0.0,0.0,0.0,0.0
t_4548,0.0,0.0,0.0,0.0
t_4549,0.0,0.0,0.0,0.0
t_455,79.6391,79.6391,79.6391,79.6391
t_4550,0.0,0.0,0.0,0.0
t_4551,0.0,0.0,0.0,0.0
t_4552,42.0098,42.0098,42.0098,42.0098
t_4553,60.1494,60.1494,60.1494,60.1494
t_4554,107.022,107.022,107.022,107.022
t_4555,107.022,107.022,107.022,107.022
t_4556,107.022,107.022,107.022,107.022
t_4557,107.022,107.022,107.022,107.022
t_4558,107.022,107.022,107.022,107.022
t_4559,107.022,107.022,107.022,107.022
t_456,79.6391,79.6391,79.6391,79.6391
t_4560,107.022,107.022,107.022,107.022
t_4561,107.022,107.022,107.022,107.022
t_4562,107.022,107.022,107.022,107.022
t_4563,107.022,107.022,107.022,107.022
t_4564,107.022,107.022,107.022,107.022
t_4565,107.022,107.022,107.022,107.022
t_4566,107.022,107.022,107.022,107.022
t_4567,81.0042,81.0042,81.0042,81.0042
t_4568,50.2478,50.2478,50.2478,50.2478
t_4569,0.0,0.0,0.0,0.0
t_457,64.5069,64.5069,64.5069,64.5069
t_4570,0.0,0.0,0.0,0.0
t_4571,0.0,0.0,0.0,0.0
t_4572,0.0,0.0,0.0,0.0
t_4573,0.0,0.0,0.0,0.0
t_4574,0.0,0.0,0.0,0.0
t_4575,0.0,0.0,0.0,0.0
t_4576,42.0098,42.0098,42.0098,42.0098
t_4577,60.1494,60.1494,60.1494,60.1494
t_4578,107.022,107.022,107.022,107.022
t_4579,110.0052,110.0052,110.0052,110.0052
t_458,64.5069,64.5069,64.5069,64.5069
t_4580,110.0052,110.0052,110.0052,110.0052
t_4581,110.0052,110.0052,110.0052,110.0052
t_4582,110.0052,110.0052,110.0052,110.0052
t_4583,110.0052,110.0052,110.0052,110.0052
t_4584,110.0052,110.0052,110.0052,110.0052
t_4585,110.0052,110.0052,110.0052,110.0052
t_4586,110.0052,110.0052,110.0052,110.0052
t_4587,110.0052,110.0052,110.0052,110.0052
t_4588,110.0052,110.0052,110.0052,110.0052
t_4589,110.0052,110.0052,110.0052,110.0052
t_459,64.5069,64.5069,64.5069,64.5069
t_4590,110.0052,110.0052,110.0052,110.0052
t_4591,83.2621,83.2621,83.2621,83.2621
t_4592,60.1494,60.1494,60.1494,60.1494
t_4593,9.0,9.0,9.0,9.0
t_4594,0.0,0.0,0.0,0.0
t_4595,0.0,0.0,0.0,0.0
t_4596,0.0,0.0,0.0,0.0
t_4597,0.0,0.0,0.0,0.0
t_4598,0.0,0.0,0.0,0.0
t_4599,0.0,0.0,0.0,0.0
t_46,87.7104,87.7104,87.7104,87.7104
t_460,64.5069,64.5069,64.5069,64.5069
t_4600,60.1494,60.1494,60.1494,60.1494
t_4601,83.2621,83.2621,83.2621,83.2621
t_4602,110.0052,110.0052,110.0052,110.0052
t_4603,110.0052,110.0052,110.0052,110.0052
t_4604,110.0052,110.0052,110.0052,110.0052
t_4605,110.0052,110.0052,110.0052,110.0052
t_4606,110.0052,110.0052,110.0052,110.0052
t_4607,110.0052,110.0052,110.0052,110.0052
t_4608,110.0052,110.0052,110.0052,110.0052
t_4609,110.0052,110.0052,110.0052,110.0052
t_461,66.3873,66.3873,66.3873,66.3873
t_4610,110.0052,110.0052,110.0052,110.0052
t_4611,110.0052,110.0052,110.0052,110.0052
t_4612,110.0052,110.0052,110.0052,110.0052
t_4613,110.0052,110.0052,110.0052,110.0052
t_4614,110.0052,110.0052,110.0052,110.0052
t_4615,83.2621,83.2621,83.2621,83.2621
t_4616,60.1494,60.1494,60.1494,60.1494
t_4617,9.0,9.0,9.0,9.0
t_4618,9.0,9.0,9.0,9.0
t_4619,0.0,0.0,0.0,0.0
t_462,79.6391,79.6391,79.6391,79.6391
t_4620,0.0,0.0,0.0,0.0
t_4621,0.0,0.0,0.0,0.0
t_4622,9.0,9.0,9.0,9.0
t_4623,50.2478,50.2478,50.2478,50.2478
t_4624,60.1494,60.1494,60.1494,60.1494
t_4625,97.0139,97.0139,97.0139,97.0139
t_4626,110.0052,110.0052,110.0052,110.0052
t_4627,110.0052,110.0052,110.0052,110.0052
t_4628,110.0052,110.0052,110.0052,110.0052
t_4629,110.0052,110.0052,110.0052,110.0052
t_463,79.6391,79.6391,79.6391,79.6391
t_4630,110.0052,110.0052,110.0052,110.0052
t_4631,110.0052,110.0052,110.0052,110.0052
t_4632,110.0052,110.0052,110.0052,110.0052
t_4633,110.0052,110.0052,110.0052,110.0052
t_4634,110.0052,110.0052,110.0052,110.0052
t_4635,110.0052,110.0052,110.0052,110.0052
t_4636,110.0052,110.0052,110.0052,110.0052
t_4637,110.0052,110.0052,110.0052,110.0052
t_4638,110.0052,110.0052,110.0052,110.0052
t_4639,95.0282,95.0282,95.0282,95.0282
t_464,79.6391,79.6391,79.6391,79.6391
t_4640,60.1494,60.1494,60.1494,60.1494
t_4641,48.465,48.465,48.465,48.465
t_4642,9.0,9.0,9.0,9.0
t_4643,9.0,9.0,9.0,9.0
t_4644,9.0,9.0,9.0,9.0
t_4645,9.0,9.0,9.0,9.0
t_4646,9.0,9.0,9.0,9.0
t_4647,51.865,51.865,51.865,51.865
t_4648,60.1494,60.1494,60.1494,60.1494
t_4649,104.3648,104.3648,104.3648,104.3648
t_465,60.2781,60.2781,60.2781,60.2781
t_4650,110.0052,110.0052,110.0052,110.0052
t_4651,110.0052,110.0052,110.0052,110.0052
t_4652,110.0052,110.0052,110.0052,110.0052
t_4653,110.0052,110.0052,110.0052,110.0052
t_4654,110.0052,110.0052,110.0052,110.0052
t_4655,110.0052,110.0052,110.0052,110.0052
t_4656,110.0052,110.0052,110.0052,110.0052
t_4657,110.0052,110.0052,110.0052,110.0052
t_4658,110.0052,110.0052,110.0052,110.0052
t_4659,110.0052,110.0052,110.0052,110.0052
t_466,60.2781,60.2781,60.2781,60.2781
t_4660,110.0052,110.0052,110.0052,110.0052
t_4661,110.0052,110.0052,110.0052,110.0052
t_4662,107.022,107.022,107.022,107.022
t_4663,81.0042,81.0042,81.0042,81.0042
t_4664,51.865,51.865,51.865,51.865
t_4665,0.0,0.0,0.0,0.0
t_4666,0.0,0.0,0.0,0.0
t_4667,0.0,0.0,0.0,0.0
t_4668,0.0,0.0,0.0,0.0
t_4669,0.0,0.0,0.0,0.0
t_467,60.1494,60.1494,60.1494,60.1494
t_4670,0.0,0.0,0.0,0.0
t_4671,50.2478,50.2478,50.2478,50.2478
t_4672,60.1494,60.1494,60.1494,60.1494
t_4673,81.0042,81.0042,81.0042,81.0042
t_4674,107.022,107.022,107.022,107.022
t_4675,107.022,107.022,107.022,107.022
t_4676,107.022,107.022,107.022,107.022
t_4677,107.022,107.022,107.022,107.022
t_4678,107.022,107.022,107.022,107.022
t_4679,107.022,107.022,107.022,107.022
t_468,60.1494,60.1494,60.1494,60.1494
t_4680,107.022,107.022,107.022,107.022
t_4681,107.022,107.022,107.022,107.022
t_4682,107.022,107.022,107.022,107.022
t_4683,107.022,107.022,107.022,107.022
t_4684,107.022,107.022,107.022,107.022
t_4685,107.022,107.022,107.022,107.022
t_4686,103.571,103.571,103.571,103.571
t_4687,60.1494,60.1494,60.1494,60.1494
t_4688,50.2478,50.2478,50.2478,50.2478
t_4689,0.0,0.0,0.0,0.0
t_469,60.1494,60.1494,60.1494,60.1494
t_4690,0.0,0.0,0.0,0.0
t_4691,0.0,0.0,0.0,0.0
t_4692,0.0,0.0,0.0,0.0
t_4693,0.0,0.0,0.0,0.0
t_4694,0.0,0.0,0.0,0.0
t_4695,0.0,0.0,0.0,0.0
t_4696,50.2478,50.2478,50.2478,50.2478
t_4697,60.1494,60.1494,60.1494,60.1494
t_4698,97.4374,97.4374,97.4374,97.4374
t_4699,107.022,107.022,107.022,107.022
t_47,87.7104,87.7104,87.7104,87.7104
t_470,60.2781,60.2781,60.2781,60.2781
t_4700,107.022,107.022,107.022,107.022
t_4701,107.022,107.022,107.022,107.022
t_4702,107.022,107.022,107.022,107.022
t_4703,107.022,107.022,107.022,107.022
t_4704,107.022,107.022,107.022,107.022
t_4705,107.022,107.022,107.022,107.022
t_4706,107.022,107.022,107.022,107.022
t_4707,107.022,107.022,107.022,107.022
t_4708,107.022,107.022,107.022,107.022
t_4709,107.022,107.022,107.022,107.022
t_471,60.2781,60.2781,60.2781,60.2781
t_4710,107.022,107.022,107.022,107.022
t_4711,81.0042,81.0042,81.0042,81.0042
t_4712,60.1494,60.1494,60.1494,60.1494
t_4713,48.465,48.465,48.465,48.465
t_4714,9.0,9.0,9.0,9.0
t_4715,9.0,9.0,9.0,9.0
t_4716,0.0,0.0,0.0,0.0
t_4717,0.0,0.0,0.0,0.0
t_4718,9.0,9.0,9.0,9.0
t_4719,9.0,9.0,9.0,9.0
t_472,107.022,107.022,107.022,107.022
t_4720,51.865,51.865,51.865,51.865
t_4721,60.1494,60.1494,60.1494,60.1494
t_4722,107.022,107.022,107.022,107.022
t_4723,107.022,107.022,107.022,107.022
t_4724,107.022,107.022,107.022,107.022
t_4725,107.022,107.022,107.022,107.022
t_4726,107.022,107.022,107.022,107.022
t_4727,107.022,107.022,107.022,107.022
t_4728,107.022,107.022,107.022,107.022
t_4729,107.022,107.022,107.022,107.022
t_473,107.022,107.022,107.022,107.022
t_4730,107.022,107.022,107.022,107.022
t_4731,107.022,107.022,107.022,107.022
t_4732,107.022,107.022,107.022,107.022
t_4733,107.022,107.022,107.022,107.022
t_4734,107.022,107.022,107.022,107.022
t_4735,81.0042,81.0042,81.0042,81.0042
t_4736,60.1494,60.1494,60.1494,60.1494
t_4737,51.865,51.865,51.865,51.865
t_4738,37.1326,37.1326,37.1326,37.1326
t_4739,37.1326,37.1326,37.1326,37.1326
t_474,107.022,107.022,107.022,107.022
t_4740,9.0,9.0,9.0,9.0
t_4741,9.0,9.0,9.0,9.0
t_4742,37.1326,37.1326,37.1326,37.1326
t_4743,37.1326,37.1326,37.1326,37.1326
t_4744,60.1494,60.1494,60.1494,60.1494
t_4745,81.0042,81.0042,81.0042,81.0042
t_4746,107.022,107.022,107.022,107.022
t_4747,107.022,107.022,107.022,107.022
t_4748,107.022,107.022,107.022,107.022
t_4749,107.022,107.022,107.022,107.022
t_475,107.022,107.022,107.022,107.022
t_4750,107.022,107.022,107.022,107.022
t_4751,107.022,107.022,107.022,107.022
t_4752,107.022,107.022,107.022,107.022
t_4753,107.022,107.022,107.022,107.022
t_4754,107.022,107.022,107.022,107.022
t_4755,107.022,107.022,107.022,107.022
t_4756,107.022,107.022,107.022,107.022
t_4757,107.022,107.022,107.022,107.022
t_4758,107.022,107.022,107.022,107.022
t_4759,81.0042,81.0042,81.0042,81.0042
t_476,107.022,107.022,107.022,107.022
t_4760,60.1494,60.1494,60.1494,60.1494
t_4761,48.465,48.465,48.465,48.465
t_4762,9.0,9.0,9.0,9.0
t_4763,9.0,9.0,9.0,9.0
t_4764,9.0,9.0,9.0,9.0
t_4765,9.0,9.0,9.0,9.0
t_4766,9.0,9.0,9.0,9.0
t_4767,9.0,9.0,9.0,9.0
t_4768,51.865,51.865,51.865,51.865
t_4769,60.1494,60.1494,60.1494,60.1494
t_477,107.022,107.022,107.022,107.022
t_4770,107.022,107.022,107.022,107.022
t_4771,107.022,107.022,107.022,107.022
t_4772,107.022,107.022,107.022,107.022
t_4773,107.022,107.022,107.022,107.022
t_4774,107.022,107.022,107.022,107.022
t_4775,107.022,107.022,107.022,107.022
t_4776,107.022,107.022,107.022,107.022
t_4777,107.022,107.022,107.022,107.022
t_4778,107.022,107.022,107.022,107.022
t_4779,107.022,107.022,107.022,107.022
t_478,107.022,107.022,107.022,107.022
t_4780,105.7196,105.7196,105.7196,105.7196
t_4781,98.6653,98.6653,98.6653,98.6653
t_4782,60.1494,60.1494,60.1494,60.1494
t_4783,60.1494,60.1494,60.1494,60.1494
t_4784,9.0,9.0,9.0,9.0
t_4785,0.0,0.0,0.0,0.0
t_4786,0.0,0.0,0.0,0.0
t_4787,0.0,0.0,0.0,0.0
t_4788,0.0,0.0,0.0,0.0
t_4789,0.0,0.0,0.0,0.0
t_479,107.022,107.022,107.022,107.022
t_4790,0.0,0.0,0.0,0.0
t_4791,0.0,0.0,0.0,0.0
t_4792,0.0,0.0,0.0,0.0
t_4793,48.465,48.465,48.465,48.465
t_4794,60.1494,60.1494,60.1494,60.1494
t_4795,64.0319,64.0319,64.0319,64.0319
t_4796,64.0319,64.0319,64.0319,64.0319
t_4797,64.0319,64.0319,64.0319,64.0319
t_4798,64.0319,64.0319,64.0319,64.0319
t_4799,64.0319,64.0319,64.0319,64.0319
t_48,87.7104,87.7104,87.7104,87.7104
t_480,107.022,107.022,107.022,107.022
t_4800,64.0319,64.0319,64.0319,64.0319
t_4801,64.0319,64.0319,64.0319,64.0319
t_4802,64.0319,64.0319,64.0319,64.0319
t_4803,64.0319,64.0319,64.0319,64.0319
t_4804,64.0319,64.0319,64.0319,64.0319
t_4805,64.0319,64.0319,64.0319,64.0319
t_4806,64.0319,64.0319,64.0319,64.0319
t_4807,60.1494,60.1494,60.1494,60.1494
t_4808,9.0,9.0,9.0,9.0
t_4809,0.0,0.0,0.0,0.0
t_481,107.022,107.022,107.022,107.022
t_4810,0.0,0.0,0.0,0.0
t_4811,0.0,0.0,0.0,0.0
t_4812,0.0,0.0,0.0,0.0
t_4813,0.0,0.0,0.0,0.0
t_4814,0.0,0.0,0.0,0.0
t_4815,0.0,0.0,0.0,0.0
t_4816,0.0,0.0,0.0,0.0
t_4817,51.865,51.865,51.865,51.865
t_4818,98.7192,98.7192,98.7192,98.7192
t_4819,106.7588,106.7588,106.7588,106.7588
t_482,107.022,107.022,107.022,107.022
t_4820,106.7588,106.7588,106.7588,106.7588
t_4821,106.7588,106.7588,106.7588,106.7588
t_4822,106.7588,106.7588,106.7588,106.7588
t_4823,106.7588,106.7588,106.7588,106.7588
t_4824,106.7588,106.7588,106.7588,106.7588
t_4825,106.7588,106.7588,106.7588,106.7588
t_4826,106.7588,106.7588,106.7588,106.7588
t_4827,106.7588,106.7588,106.7588,106.7588
t_4828,106.7588,106.7588,106.7588,106.7588
t_4829,106.7588,106.7588,106.7588,106.7588
t_483,107.022,107.022,107.022,107.022
t_4830,106.7588,106.7588,106.7588,106.7588
t_4831,60.1494,60.1494,60.1494,60.1494
t_4832,48.465,48.465,48.465,48.465
t_4833,0.0,0.0,0.0,0.0
t_4834,0.0,0.0,0.0,0.0
t_4835,0.0,0.0,0.0,0.0
t_4836,0.0,0.0,0.0,0.0
t_4837,0.0,0.0,0.0,0.0
t_4838,0.0,0.0,0.0,0.0
t_4839,0.0,0.0,0.0,0.0
t_484,107.022,107.022,107.022,107.022
t_4840,48.465,48.465,48.465,48.465
t_4841,60.1494,60.1494,60.1494,60.1494
t_4842,107.022,107.022,107.022,107.022
t_4843,107.022,107.022,107.022,107.022
t_4844,107.022,107.022,107.022,107.022
t_4845,107.022,107.022,107.022,107.022
t_4846,107.022,107.022,107.022,107.022
t_4847,107.022,107.022,107.022,107.022
t_4848,107.022,107.022,107.022,107.022
t_4849,107.022,107.022,107.022,107.022
t_485,106.7601,106.7601,106.7601,106.7601
t_4850,107.022,107.022,107.022,107.022
t_4851,107.022,107.022,107.022,107.022
t_4852,107.022,107.022,107.022,107.022
t_4853,107.022,107.022,107.022,107.022
t_4854,107.022,107.022,107.022,107.022
t_4855,60.1494,60.1494,60.1494,60.1494
t_4856,48.465,48.465,48.465,48.465
t_4857,0.0,0.0,0.0,0.0
t_4858,0.0,0.0,0.0,0.0
t_4859,0.0,0.0,0.0,0.0
t_486,105.0334,105.0334,105.0334,105.0334
t_4860,0.0,0.0,0.0,0.0
t_4861,0.0,0.0,0.0,0.0
t_4862,0.0,0.0,0.0,0.0
t_4863,0.0,0.0,0.0,0.0
t_4864,48.465,48.465,48.465,48.465
t_4865,60.1494,60.1494,60.1494,60.1494
t_4866,107.022,107.022,107.022,107.022
t_4867,110.0052,110.0052,110.0052,110.0052
t_4868,110.0052,110.0052,110.0052,110.0052
t_4869,110.0052,110.0052,110.0052,110.0052
t_487,107.022,107.022,107.022,107.022
t_4870,110.0052,110.0052,110.0052,110.0052
t_4871,110.0052,110.0052,110.0052,110.0052
t_4872,110.0052,110.0052,110.0052,110.0052
t_4873,110.0052,110.0052,110.0052,110.0052
t_4874,110.0052,110.0052,110.0052,110.0052
t_4875,110.0052,110.0052,110.0052,110.0052
t_4876,110.0052,110.0052,110.0052,110.0052
t_4877,110.0052,110.0052,110.0052,110.0052
t_4878,110.0052,110.0052,110.0052,110.0052
t_4879,107.022,107.022,107.022,107.022
t_488,107.022,107.022,107.022,107.022
t_4880,60.1494,60.1494,60.1494,60.1494
t_4881,50.2478,50.2478,50.2478,50.2478
t_4882,42.0107,42.0107,42.0107,42.0107
t_4883,42.0107,42.0107,42.0107,42.0107
t_4884,42.0107,42.0107,42.0107,42.0107
t_4885,42.0107,42.0107,42.0107,42.0107
t_4886,42.0107,42.0107,42.0107,42.0107
t_4887,42.0107,42.0107,42.0107,42.0107
t_4888,60.1494,60.1494,60.1494,60.1494
t_4889,83.2621,83.2621,83.2621,83.2621
t_489,87.7104,87.7104,87.7104,87.7104
t_4890,110.0052,110.0052,110.0052,110.0052
t_4891,110.0052,110.0052,110.0052,110.0052
t_4892,110.0052,110.0052,110.0052,110.0052
t_4893,110.0052,110.0052,110.0052,110.0052
t_4894,110.0052,110.0052,110.0052,110.0052
t_4895,110.0052,110.0052,110.0052,110.0052
t_4896,110.0052,110.0052,110.0052,110.0052
t_4897,110.0052,110.0052,110.0052,110.0052
t_4898,110.0052,110.0052,110.0052,110.0052
t_4899,110.0052,110.0052,110.0052,110.0052
t_49,87.7104,87.7104,87.7104,87.7104
t_490,81.0042,81.0042,81.0042,81.0042
t_4900,110.0052,110.0052,110.0052,110.0052
t_4901,110.0052,110.0052,110.0052,110.0052
t_4902,107.022,107.022,107.022,107.022
t_4903,103.9834,103.9834,103.9834,103.9834
t_4904,60.1494,60.1494,60.1494,60.1494
t_4905,50.2478,50.2478,50.2478,50.2478
t_4906,35.906,35.906,35.906,35.906
t_4907,9.0,9.0,9.0,9.0
t_4908,9.0,9.0,9.0,9.0
t_4909,9.0,9.0,9.0,9.0
t_491,81.0042,81.0042,81.0042,81.0042
t_4910,35.906,35.906,35.906,35.906
t_4911,35.906,35.906,35.906,35.906
t_4912,60.1494,60.1494,60.1494,60.1494
t_4913,94.0325,94.0325,94.0325,94.0325
t_4914,110.0052,110.0052,110.0052,110.0052
t_4915,110.0052,110.0052,110.0052,110.0052
t_4916,110.0052,110.0052,110.0052,110.0052
t_4917,110.0052,110.0052,110.0052,110.0052
t_4918,110.0052,110.0052,110.0052,110.0052
t_4919,110.0052,110.0052,110.0052,110.0052
t_492,81.0042,81.0042,81.0042,81.0042
t_4920,110.0052,110.0052,110.0052,110.0052
t_4921,110.0052,110.0052,110.0052,110.0052
t_4922,110.0052,110.0052,110.0052,110.0052
t_4923,110.0052,110.0052,110.0052,110.0052
t_4924,110.0052,110.0052,110.0052,110.0052
t_4925,110.0052,110.0052,110.0052,110.0052
t_4926,107.022,107.022,107.022,107.022
t_4927,94.2473,94.2473,94.2473,94.2473
t_4928,60.1494,60.1494,60.1494,60.1494
t_4929,51.865,51.865,51.865,51.865
t_493,66.3873,66.3873,66.3873,66.3873
t_4930,50.2478,50.2478,50.2478,50.2478
t_4931,0.0,0.0,0.0,0.0
t_4932,0.0,0.0,0.0,0.0
t_4933,0.0,0.0,0.0,0.0
t_4934,50.2478,50.2478,50.2478,50.2478
t_4935,50.2478,50.2478,50.2478,50.2478
t_4936,60.1494,60.1494,60.1494,60.1494
t_4937,103.6101,103.6101,103.6101,103.6101
t_4938,113.7089,113.7089,113.7089,113.7089
t_4939,113.7089,113.7089,113.7089,113.7089
t_494,81.0042,81.0042,81.0042,81.0042
t_4940,113.7089,113.7089,113.7089,113.7089
t_4941,113.7089,113.7089,113.7089,113.7089
t_4942,113.7089,113.7089,113.7089,113.7089
t_4943,113.7089,113.7089,113.7089,113.7089
t_4944,113.7089,113.7089,113.7089,113.7089
t_4945,113.7089,113.7089,113.7089,113.7089
t_4946,113.7089,113.7089,113.7089,113.7089
t_4947,113.7089,113.7089,113.7089,113.7089
t_4948,113.7089,113.7089,113.7089,113.7089
t_4949,113.7089,113.7089,113.7089,113.7089
t_495,81.0042,81.0042,81.0042,81.0042
t_4950,112.6412,112.6412,112.6412,112.6412
t_4951,107.022,107.022,107.022,107.022
t_4952,60.1494,60.1494,60.1494,60.1494
t_4953,50.2478,50.2478,50.2478,50.2478
t_4954,9.0,9.0,9.0,9.0
t_4955,9.0,9.0,9.0,9.0
t_4956,9.0,9.0,9.0,9.0
t_4957,9.0,9.0,9.0,9.0
t_4958,9.0,9.0,9.0,9.0
t_4959,9.0,9.0,9.0,9.0
t_496,81.0042,81.0042,81.0042,81.0042
t_4960,60.1494,60.1494,60.1494,60.1494
t_4961,86.0655,86.0655,86.0655,86.0655
t_4962,113.7089,113.7089,113.7089,113.7089
t_4963,113.7089,113.7089,113.7089,113.7089
t_4964,113.7089,113.7089,113.7089,113.7089
t_4965,113.7089,113.7089,113.7089,113.7089
t_4966,113.7089,113.7089,113.7089,113.7089
t_4967,113.7089,113.7089,113.7089,113.7089
t_4968,113.7089,113.7089,113.7089,113.7089
t_4969,113.7089,113.7089,113.7089,113.7089
t_497,107.022,107.022,107.022,107.022
t_4970,113.7089,113.7089,113.7089,113.7089
t_4971,113.7089,113.7089,113.7089,113.7089
t_4972,113.7089,113.7089,113.7089,113.7089
t_4973,113.7089,113.7089,113.7089,113.7089
t_4974,110.9335,110.9335,110.9335,110.9335
t_4975,107.022,107.022,107.022,107.022
t_4976,60.1494,60.1494,60.1494,60.1494
t_4977,9.0,9.0,9.0,9.0
t_4978,9.0,9.0,9.0,9.0
t_4979,0.0,0.0,0.0,0.0
t_498,107.022,107.022,107.022,107.022
t_4980,0.0,0.0,0.0,0.0
t_4981,0.0,0.0,0.0,0.0
t_4982,9.0,9.0,9.0,9.0
t_4983,9.0,9.0,9.0,9.0
t_4984,60.1494,60.1494,60.1494,60.1494
t_4985,94.5487,94.5487,94.5487,94.5487
t_4986,110.0052,110.0052,110.0052,110.0052
t_4987,110.0052,110.0052,110.0052,110.0052
t_4988,110.0052,110.0052,110.0052,110.0052
t_4989,110.0052,110.0052,110.0052,110.0052
t_499,107.022,107.022,107.022,107.022
t_4990,110.0052,110.0052,110.0052,110.0052
t_4991,110.0052,110.0052,110.0052,110.0052
t_4992,110.0052,110.0052,110.0052,110.0052
t_4993,110.0052,110.0052,110.0052,110.0052
t_4994,110.0052,110.0052,110.0052,110.0052
t_4995,110.0052,110.0052,110.0052,110.0052
t_4996,110.0052,110.0052,110.0052,110.0052
t_4997,110.0052,110.0052,110.0052,110.0052
t_4998,107.022,107.022,107.022,107.022
t_4999,81.0042,81.0042,81.0042,81.0042
t_5,51.865,51.865,51.865,51.865
t_50,87.7104,87.7104,87.7104,87.7104
t_500,107.022,107.022,107.022,107.022
t_5000,60.1494,60.1494,60.1494,60.1494
t_5001,9.0,9.0,9.0,9.0
t_5002,0.0,0.0,0.0,0.0
t_5003,0.0,0.0,0.0,0.0
t_5004,0.0,0.0,0.0,0.0
t_5005,0.0,0.0,0.0,0.0
t_5006,0.0,0.0,0.0,0.0
t_5007,0.0,0.0,0.0,0.0
t_5008,9.0,9.0,9.0,9.0
t_5009,60.1494,60.1494,60.1494,60.1494
t_501,107.022,107.022,107.022,107.022
t_5010,107.022,107.022,107.022,107.022
t_5011,107.022,107.022,107.022,107.022
t_5012,107.022,107.022,107.022,107.022
t_5013,107.022,107.022,107.022,107.022
t_5014,107.022,107.022,107.022,107.022
t_5015,107.022,107.022,107.022,107.022
t_5016,107.022,107.022,107.022,107.022
t_5017,107.022,107.022,107.022,107.022
t_5018,107.022,107.022,107.022,107.022
t_5019,107.022,107.022,107.022,107.022
t_502,107.022,107.022,107.022,107.022
t_5020,107.022,107.022,107.022,107.022
t_5021,107.022,107.022,107.022,107.022
t_5022,107.022,107.022,107.022,107.022
t_5023,81.0042,81.0042,81.0042,81.0042
t_5024,60.1494,60.1494,60.1494,60.1494
t_5025,9.0,9.0,9.0,9.0
t_5026,9.0,9.0,9.0,9.0
t_5027,0.0,0.0,0.0,0.0
t_5028,0.0,0.0,0.0,0.0
t_5029,0.0,0.0,0.0,0.0
t_503,107.022,107.022,107.022,107.022
t_5030,9.0,9.0,9.0,9.0
t_5031,9.0,9.0,9.0,9.0
t_5032,51.865,51.865,51.865,51.865
t_5033,64.0319,64.0319,64.0319,64.0319
t_5034,107.022,107.022,107.022,107.022
t_5035,107.022,107.022,107.022,107.022
t_5036,107.022,107.022,107.022,107.022
t_5037,107.022,107.022,107.022,107.022
t_5038,107.022,107.022,107.022,107.022
t_5039,107.022,107.022,107.022,107.022
t_504,107.022,107.022,107.022,107.022
t_5040,107.022,107.022,107.022,107.022
t_5041,107.022,107.022,107.022,107.022
t_5042,107.022,107.022,107.022,107.022
t_5043,107.022,107.022,107.022,107.022
t_5044,107.022,107.022,107.022,107.022
t_5045,107.022,107.022,107.022,107.022
t_5046,107.022,107.022,107.022,107.022
t_5047,81.0042,81.0042,81.0042,81.0042
t_5048,60.1494,60.1494,60.1494,60.1494
t_5049,51.865,51.865,51.865,51.865
t_505,107.022,107.022,107.022,107.022
t_5050,50.2478,50.2478,50.2478,50.2478
t_5051,50.2478,50.2478,50.2478,50.2478
t_5052,9.0,9.0,9.0,9.0
t_5053,9.0,9.0,9.0,9.0
t_5054,9.0,9.0,9.0,9.0
t_5055,50.2478,50.2478,50.2478,50.2478
t_5056,60.1494,60.1494,60.1494,60.1494
t_5057,81.0042,81.0042,81.0042,81.0042
t_5058,107.022,107.022,107.022,107.022
t_5059,107.022,107.022,107.022,107.022
t_506,107.022,107.022,107.022,107.022
t_5060,107.022,107.022,107.022,107.022
t_5061,107.022,107.022,107.022,107.022
t_5062,107.022,107.022,107.022,107.022
t_5063,107.022,107.022,107.022,107.022
t_5064,107.022,107.022,107.022,107.022
t_5065,107.022,107.022,107.022,107.022
t_5066,107.022,107.022,107.022,107.022
t_5067,107.022,107.022,107.022,107.022
t_5068,107.022,107.022,107.022,107.022
t_5069,107.022,107.022,107.022,107.022
t_507,97.6274,97.6274,97.6274,97.6274
t_5070,107.022,107.022,107.022,107.022
t_5071,81.0042,81.0042,81.0042,81.0042
t_5072,60.1494,60.1494,60.1494,60.1494
t_5073,50.2478,50.2478,50.2478,50.2478
t_5074,9.0,9.0,9.0,9.0
t_5075,9.0,9.0,9.0,9.0
t_5076,9.0,9.0,9.0,9.0
t_5077,9.0,9.0,9.0,9.0
t_5078,9.0,9.0,9.0,9.0
t_5079,50.2478,50.2478,50.2478,50.2478
t_508,87.7104,87.7104,87.7104,87.7104
t_5080,60.1494,60.1494,60.1494,60.1494
t_5081,81.0042,81.0042,81.0042,81.0042
t_5082,109.1062,109.1062,109.1062,109.1062
t_5083,109.1062,109.1062,109.1062,109.1062
t_5084,109.1062,109.1062,109.1062,109.1062
t_5085,109.1062,109.1062,109.1062,109.1062
t_5086,109.1062,109.1062,109.1062,109.1062
t_5087,109.1062,109.1062,109.1062,109.1062
t_5088,109.1062,109.1062,109.1062,109.1062
t_5089,109.1062,109.1062,109.1062,109.1062
t_509,87.7104,87.7104,87.7104,87.7104
t_5090,109.1062,109.1062,109.1062,109.1062
t_5091,109.1062,109.1062,109.1062,109.1062
t_5092,109.1062,109.1062,109.1062,109.1062
t_5093,109.1062,109.1062,109.1062,109.1062
t_5094,109.1062,109.1062,109.1062,109.1062
t_5095,94.0212,94.0212,94.0212,94.0212
t_5096,60.1494,60.1494,60.1494,60.1494
t_5097,9.0,9.0,9.0,9.0
t_5098,0.0,0.0,0.0,0.0
t_5099,0.0,0.0,0.0,0.0
t_51,87.7104,87.7104,87.7104,87.7104
t_510,97.6734,97.6734,97.6734,97.6734
t_5100,0.0,0.0,0.0,0.0
t_5101,0.0,0.0,0.0,0.0
t_5102,0.0,0.0,0.0,0.0
t_5103,9.0,9.0,9.0,9.0
t_5104,51.865,51.865,51.865,51.865
t_5105,60.1494,60.1494,60.1494,60.1494
t_5106,109.1062,109.1062,109.1062,109.1062
t_5107,109.1062,109.1062,109.1062,109.1062
t_5108,109.1062,109.1062,109.1062,109.1062
t_5109,109.1062,109.1062,109.1062,109.1062
t_511,107.022,107.022,107.022,107.022
t_5110,109.1062,109.1062,109.1062,109.1062
t_5111,109.1062,109.1062,109.1062,109.1062
t_5112,109.1062,109.1062,109.1062,109.1062
t_5113,109.1062,109.1062,109.1062,109.1062
t_5114,109.1062,109.1062,109.1062,109.1062
t_5115,109.1062,109.1062,109.1062,109.1062
t_5116,109.1062,109.1062,109.1062,109.1062
t_5117,109.1062,109.1062,109.1062,109.1062
t_5118,109.1062,109.1062,109.1062,109.1062
t_5119,94.9955,94.9955,94.9955,94.9955
t_512,107.022,107.022,107.022,107.022
t_5120,60.1494,60.1494,60.1494,60.1494
t_5121,9.0,9.0,9.0,9.0
t_5122,0.0,0.0,0.0,0.0
t_5123,0.0,0.0,0.0,0.0
t_5124,0.0,0.0,0.0,0.0
t_5125,0.0,0.0,0.0,0.0
t_5126,0.0,0.0,0.0,0.0
t_5127,9.0,9.0,9.0,9.0
t_5128,60.1494,60.1494,60.1494,60.1494
t_5129,60.1494,60.1494,60.1494,60.1494
t_513,107.022,107.022,107.022,107.022
t_5130,107.022,107.022,107.022,107.022
t_5131,107.022,107.022,107.022,107.022
t_5132,107.022,107.022,107.022,107.022
t_5133,107.022,107.022,107.022,107.022
t_5134,107.022,107.022,107.022,107.022
t_5135,107.022,107.022,107.022,107.022
t_5136,107.022,107.022,107.022,107.022
t_5137,107.022,107.022,107.022,107.022
t_5138,107.022,107.022,107.022,107.022
t_5139,107.022,107.022,107.022,107.022
t_514,86.687,86.687,86.687,86.687
t_5140,107.022,107.022,107.022,107.022
t_5141,107.022,107.022,107.022,107.022
t_5142,107.022,107.022,107.022,107.022
t_5143,81.0042,81.0042,81.0042,81.0042
t_5144,60.1494,60.1494,60.1494,60.1494
t_5145,0.0,0.0,0.0,0.0
t_5146,0.0,0.0,0.0,0.0
t_5147,0.0,0.0,0.0,0.0
t_5148,0.0,0.0,0.0,0.0
t_5149,0.0,0.0,0.0,0.0
t_515,86.687,86.687,86.687,86.687
t_5150,0.0,0.0,0.0,0.0
t_5151,0.0,0.0,0.0,0.0
t_5152,50.2478,50.2478,50.2478,50.2478
t_5153,60.1494,60.1494,60.1494,60.1494
t_5154,107.022,107.022,107.022,107.022
t_5155,107.022,107.022,107.022,107.022
t_5156,107.022,107.022,107.022,107.022
t_5157,107.022,107.022,107.022,107.022
t_5158,107.022,107.022,107.022,107.022
t_5159,107.022,107.022,107.022,107.022
t_516,81.0042,81.0042,81.0042,81.0042
t_5160,107.022,107.022,107.022,107.022
t_5161,107.022,107.022,107.022,107.022
t_5162,107.022,107.022,107.022,107.022
t_5163,107.022,107.022,107.022,107.022
t_5164,107.022,107.022,107.022,107.022
t_5165,107.022,107.022,107.022,107.022
t_5166,107.022,107.022,107.022,107.022
t_5167,60.1494,60.1494,60.1494,60.1494
t_5168,51.865,51.865,51.865,51.865
t_5169,0.0,0.0,0.0,0.0
t_517,66.3873,66.3873,66.3873,66.3873
t_5170,0.0,0.0,0.0,0.0
t_5171,0.0,0.0,0.0,0.0
t_5172,0.0,0.0,0.0,0.0
t_5173,0.0,0.0,0.0,0.0
t_5174,0.0,0.0,0.0,0.0
t_5175,9.0,9.0,9.0,9.0
t_5176,60.1494,60.1494,60.1494,60.1494
t_5177,81.0042,81.0042,81.0042,81.0042
t_5178,107.022,107.022,107.022,107.022
t_5179,107.022,107.022,107.022,107.022
t_518,81.0042,81.0042,81.0042,81.0042
t_5180,107.022,107.022,107.022,107.022
t_5181,107.022,107.022,107.022,107.022
t_5182,107.022,107.022,107.022,107.022
t_5183,107.022,107.022,107.022,107.022
t_5184,107.022,107.022,107.022,107.022
t_5185,107.022,107.022,107.022,107.022
t_5186,107.022,107.022,107.022,107.022
t_5187,107.022,107.022,107.022,107.022
t_5188,107.022,107.022,107.022,107.022
t_5189,107.022,107.022,107.022,107.022
t_519,86.687,86.687,86.687,86.687
t_5190,107.022,107.022,107.022,107.022
t_5191,81.0042,81.0042,81.0042,81.0042
t_5192,60.1494,60.1494,60.1494,60.1494
t_5193,0.0,0.0,0.0,0.0
t_5194,0.0,0.0,0.0,0.0
t_5195,0.0,0.0,0.0,0.0
t_5196,0.0,0.0,0.0,0.0
t_5197,0.0,0.0,0.0,0.0
t_5198,0.0,0.0,0.0,0.0
t_5199,9.0,9.0,9.0,9.0
t_52,87.7104,87.7104,87.7104,87.7104
t_520,107.022,107.022,107.022,107.022
t_5200,60.1494,60.1494,60.1494,60.1494
t_5201,81.0042,81.0042,81.0042,81.0042
t_5202,107.022,107.022,107.022,107.022
t_5203,107.022,107.022,107.022,107.022
t_5204,107.022,107.022,107.022,107.022
t_5205,107.022,107.022,107.022,107.022
t_5206,107.022,107.022,107.022,107.022
t_5207,107.022,107.022,107.022,107.022
t_5208,107.022,107.022,107.022,107.022
t_5209,107.022,107.022,107.022,107.022
t_521,107.022,107.022,107.022,107.022
t_5210,107.022,107.022,107.022,107.022
t_5211,107.022,107.022,107.022,107.022
t_5212,107.022,107.022,107.022,107.022
t_5213,107.022,107.022,107.022,107.022
t_5214,107.022,107.022,107.022,107.022
t_5215,81.0042,81.0042,81.0042,81.0042
t_5216,51.865,51.865,51.865,51.865
t_5217,0.0,0.0,0.0,0.0
t_5218,0.0,0.0,0.0,0.0
t_5219,0.0,0.0,0.0,0.0
t_522,107.022,107.022,107.022,107.022
t_5220,0.0,0.0,0.0,0.0
t_5221,0.0,0.0,0.0,0.0
t_5222,0.0,0.0,0.0,0.0
t_5223,51.865,51.865,51.865,51.865
t_5224,60.1494,60.1494,60.1494,60.1494
t_5225,81.0042,81.0042,81.0042,81.0042
t_5226,107.022,107.022,107.022,107.022
t_5227,107.022,107.022,107.022,107.022
t_5228,107.022,107.022,107.022,107.022
t_5229,107.022,107.022,107.022,107.022
t_523,107.022,107.022,107.022,107.022
t_5230,107.022,107.022,107.022,107.022
t_5231,107.022,107.022,107.022,107.022
t_5232,107.022,107.022,107.022,107.022
t_5233,107.022,107.022,107.022,107.022
t_5234,107.022,107.022,107.022,107.022
t_5235,107.022,107.022,107.022,107.022
t_5236,107.022,107.022,107.022,107.022
t_5237,107.022,107.022,107.022,107.022
t_5238,107.022,107.022,107.022,107.022
t_5239,81.0042,81.0042,81.0042,81.0042
t_524,107.022,107.022,107.022,107.022
t_5240,60.1494,60.1494,60.1494,60.1494
t_5241,9.0,9.0,9.0,9.0
t_5242,9.0,9.0,9.0,9.0
t_5243,0.0,0.0,0.0,0.0
t_5244,0.0,0.0,0.0,0.0
t_5245,0.0,0.0,0.0,0.0
t_5246,9.0,9.0,9.0,9.0
t_5247,51.865,51.865,51.865,51.865
t_5248,60.1494,60.1494,60.1494,60.1494
t_5249,81.0042,81.0042,81.0042,81.0042
t_525,107.022,107.022,107.022,107.022
t_5250,107.022,107.022,107.022,107.022
t_5251,107.022,107.022,107.022,107.022
t_5252,107.022,107.022,107.022,107.022
t_5253,107.022,107.022,107.022,107.022
t_5254,107.022,107.022,107.022,107.022
t_5255,107.022,107.022,107.022,107.022
t_5256,107.022,107.022,107.022,107.022
t_5257,107.022,107.022,107.022,107.022
t_5258,107.022,107.022,107.022,107.022
t_5259,107.022,107.022,107.022,107.022
t_526,107.022,107.022,107.022,107.022
t_5260,107.022,107.022,107.022,107.022
t_5261,107.022,107.022,107.022,107.022
t_5262,107.022,107.022,107.022,107.022
t_5263,81.0042,81.0042,81.0042,81.0042
t_5264,60.1494,60.1494,60.1494,60.1494
t_5265,51.865,51.865,51.865,51.865
t_5266,51.865,51.865,51.865,51.865
t_5267,51.865,51.865,51.865,51.865
t_5268,51.865,51.865,51.865,51.865
t_5269,51.865,51.865,51.865,51.865
t_527,107.022,107.022,107.022,107.022
t_5270,51.865,51.865,51.865,51.865
t_5271,60.1494,60.1494,60.1494,60.1494
t_5272,60.1494,60.1494,60.1494,60.1494
t_5273,107.022,107.022,107.022,107.022
t_5274,107.022,107.022,107.022,107.022
t_5275,107.022,107.022,107.022,107.022
t_5276,107.022,107.022,107.022,107.022
t_5277,107.022,107.022,107.022,107.022
t_5278,107.022,107.022,107.022,107.022
t_5279,107.022,107.022,107.022,107.022
t_528,107.022,107.022,107.022,107.022
t_5280,107.022,107.022,107.022,107.022
t_5281,107.022,107.022,107.022,107.022
t_5282,107.022,107.022,107.022,107.022
t_5283,107.022,107.022,107.022,107.022
t_5284,107.022,107.022,107.022,107.022
t_5285,107.022,107.022,107.022,107.022
t_5286,107.022,107.022,107.022,107.022
t_5287,94.5774,94.5774,94.5774,94.5774
t_5288,60.1494,60.1494,60.1494,60.1494
t_5289,60.1494,60.1494,60.1494,60.1494
t_529,98.1012,98.1012,98.1012,98.1012
t_5290,9.0,9.0,9.0,9.0
t_5291,0.0,0.0,0.0,0.0
t_5292,0.0,0.0,0.0,0.0
t_5293,0.0,0.0,0.0,0.0
t_5294,9.0,9.0,9.0,9.0
t_5295,9.0,9.0,9.0,9.0
t_5296,60.1494,60.1494,60.1494,60.1494
t_5297,81.0042,81.0042,81.0042,81.0042
t_5298,107.022,107.022,107.022,107.022
t_5299,107.022,107.022,107.022,107.022
t_53,87.7104,87.7104,87.7104,87.7104
t_530,87.7104,87.7104,87.7104,87.7104
t_5300,107.022,107.022,107.022,107.022
t_5301,107.022,107.022,107.022,107.022
t_5302,107.022,107.022,107.022,107.022
t_5303,107.022,107.022,107.022,107.022
t_5304,107.022,107.022,107.022,107.022
t_5305,107.022,107.022,107.022,107.022
t_5306,107.022,107.022,107.022,107.022
t_5307,107.022,107.022,107.022,107.022
t_5308,107.022,107.022,107.022,107.022
t_5309,107.022,107.022,107.022,107.022
t_531,87.7104,87.7104,87.7104,87.7104
t_5310,107.022,107.022,107.022,107.022
t_5311,77.2512,77.2512,77.2512,77.2512
t_5312,60.1494,60.1494,60.1494,60.1494
t_5313,0.0,0.0,0.0,0.0
t_5314,0.0,0.0,0.0,0.0
t_5315,0.0,0.0,0.0,0.0
t_5316,0.0,0.0,0.0,0.0
t_5317,0.0,0.0,0.0,0.0
t_5318,0.0,0.0,0.0,0.0
t_5319,0.0,0.0,0.0,0.0
t_532,71.0447,71.0447,71.0447,71.0447
t_5320,51.865,51.865,51.865,51.865
t_5321,66.3873,66.3873,66.3873,66.3873
t_5322,102.0636,102.0636,102.0636,102.0636
t_5323,102.0636,102.0636,102.0636,102.0636
t_5324,102.0636,102.0636,102.0636,102.0636
t_5325,102.0636,102.0636,102.0636,102.0636
t_5326,102.0636,102.0636,102.0636,102.0636
t_5327,102.0636,102.0636,102.0636,102.0636
t_5328,102.0636,102.0636,102.0636,102.0636
t_5329,102.0636,102.0636,102.0636,102.0636
t_533,71.0447,71.0447,71.0447,71.0447
t_5330,102.0636,102.0636,102.0636,102.0636
t_5331,102.0636,102.0636,102.0636,102.0636
t_5332,102.0636,102.0636,102.0636,102.0636
t_5333,102.0636,102.0636,102.0636,102.0636
t_5334,96.5896,96.5896,96.5896,96.5896
t_5335,60.1494,60.1494,60.1494,60.1494
t_5336,51.865,51.865,51.865,51.865
t_5337,0.0,0.0,0.0,0.0
t_5338,0.0,0.0,0.0,0.0
t_5339,0.0,0.0,0.0,0.0
t_534,71.0447,71.0447,71.0447,71.0447
t_5340,0.0,0.0,0.0,0.0
t_5341,0.0,0.0,0.0,0.0
t_5342,0.0,0.0,0.0,0.0
t_5343,0.0,0.0,0.0,0.0
t_5344,51.865,51.865,51.865,51.865
t_5345,60.1494,60.1494,60.1494,60.1494
t_5346,101.0998,101.0998,101.0998,101.0998
t_5347,101.0998,101.0998,101.0998,101.0998
t_5348,101.0998,101.0998,101.0998,101.0998
t_5349,101.0998,101.0998,101.0998,101.0998
t_535,87.7104,87.7104,87.7104,87.7104
t_5350,101.0998,101.0998,101.0998,101.0998
t_5351,101.0998,101.0998,101.0998,101.0998
t_5352,101.0998,101.0998,101.0998,101.0998
t_5353,101.0998,101.0998,101.0998,101.0998
t_5354,101.0998,101.0998,101.0998,101.0998
t_5355,101.0998,101.0998,101.0998,101.0998
t_5356,101.0998,101.0998,101.0998,101.0998
t_5357,101.0998,101.0998,101.0998,101.0998
t_5358,101.0998,101.0998,101.0998,101.0998
t_5359,60.1494,60.1494,60.1494,60.1494
t_536,87.7104,87.7104,87.7104,87.7104
t_5360,51.865,51.865,51.865,51.865
t_5361,0.0,0.0,0.0,0.0
t_5362,0.0,0.0,0.0,0.0
t_5363,0.0,0.0,0.0,0.0
t_5364,0.0,0.0,0.0,0.0
t_5365,0.0,0.0,0.0,0.0
t_5366,0.0,0.0,0.0,0.0
t_5367,0.0,0.0,0.0,0.0
t_5368,51.865,51.865,51.865,51.865
t_5369,60.1494,60.1494,60.1494,60.1494
t_537,66.3873,66.3873,66.3873,66.3873
t_5370,107.022,107.022,107.022,107.022
t_5371,107.022,107.022,107.022,107.022
t_5372,107.022,107.022,107.022,107.022
t_5373,107.022,107.022,107.022,107.022
t_5374,107.022,107.022,107.022,107.022
t_5375,107.022,107.022,107.022,107.022
t_5376,107.022,107.022,107.022,107.022
t_5377,107.022,107.022,107.022,107.022
t_5378,107.022,107.022,107.022,107.022
t_5379,107.022,107.022,107.022,107.022
t_538,60.1494,60.1494,60.1494,60.1494
t_5380,107.022,107.022,107.022,107.022
t_5381,107.022,107.022,107.022,107.022
t_5382,107.022,107.022,107.022,107.022
t_5383,81.0042,81.0042,81.0042,81.0042
t_5384,60.1494,60.1494,60.1494,60.1494
t_5385,0.0,0.0,0.0,0.0
t_5386,0.0,0.0,0.0,0.0
t_5387,0.0,0.0,0.0,0.0
t_5388,0.0,0.0,0.0,0.0
t_5389,0.0,0.0,0.0,0.0
t_539,60.1494,60.1494,60.1494,60.1494
t_5390,0.0,0.0,0.0,0.0
t_5391,0.0,0.0,0.0,0.0
t_5392,9.0,9.0,9.0,9.0
t_5393,64.0319,64.0319,64.0319,64.0319
t_5394,107.022,107.022,107.022,107.022
t_5395,107.022,107.022,107.022,107.022
t_5396,107.022,107.022,107.022,107.022
t_5397,107.022,107.022,107.022,107.022
t_5398,107.022,107.022,107.022,107.022
t_5399,107.022,107.022,107.022,107.022
t_54,87.7104,87.7104,87.7104,87.7104
t_540,60.1494,60.1494,60.1494,60.1494
t_5400,107.022,107.022,107.022,107.022
t_5401,107.022,107.022,107.022,107.022
t_5402,107.022,107.022,107.022,107.022
t_5403,107.022,107.022,107.022,107.022
t_5404,107.022,107.022,107.022,107.022
t_5405,107.022,107.022,107.022,107.022
t_5406,107.022,107.022,107.022,107.022
t_5407,93.903,93.903,93.903,93.903
t_5408,60.1494,60.1494,60.1494,60.1494
t_5409,0.0,0.0,0.0,0.0
t_541,60.1494,60.1494,60.1494,60.1494
t_5410,0.0,0.0,0.0,0.0
t_5411,0.0,0.0,0.0,0.0
t_5412,0.0,0.0,0.0,0.0
t_5413,0.0,0.0,0.0,0.0
t_5414,0.0,0.0,0.0,0.0
t_5415,0.0,0.0,0.0,0.0
t_5416,51.865,51.865,51.865,51.865
t_5417,60.1494,60.1494,60.1494,60.1494
t_5418,107.022,107.022,107.022,107.022
t_5419,107.022,107.022,107.022,107.022
t_542,60.1494,60.1494,60.1494,60.1494
t_5420,107.022,107.022,107.022,107.022
t_5421,107.022,107.022,107.022,107.022
t_5422,107.022,107.022,107.022,107.022
t_5423,107.022,107.022,107.022,107.022
t_5424,107.022,107.022,107.022,107.022
t_5425,107.022,107.022,107.022,107.022
t_5426,107.022,107.022,107.022,107.022
t_5427,107.022,107.022,107.022,107.022
t_5428,107.022,107.022,107.022,107.022
t_5429,107.022,107.022,107.022,107.022
t_543,60.1494,60.1494,60.1494,60.1494
t_5430,97.8161,97.8161,97.8161,97.8161
t_5431,66.3873,66.3873,66.3873,66.3873
t_5432,51.865,51.865,51.865,51.865
t_5433,0.0,0.0,0.0,0.0
t_5434,0.0,0.0,0.0,0.0
t_5435,0.0,0.0,0.0,0.0
t_5436,0.0,0.0,0.0,0.0
t_5437,0.0,0.0,0.0,0.0
t_5438,0.0,0.0,0.0,0.0
t_5439,0.0,0.0,0.0,0.0
t_544,60.1494,60.1494,60.1494,60.1494
t_5440,51.865,51.865,51.865,51.865
t_5441,81.0042,81.0042,81.0042,81.0042
t_5442,107.022,107.022,107.022,107.022
t_5443,107.022,107.022,107.022,107.022
t_5444,107.022,107.022,107.022,107.022
t_5445,107.022,107.022,107.022,107.022
t_5446,107.022,107.022,107.022,107.022
t_5447,107.022,107.022,107.022,107.022
t_5448,107.022,107.022,107.022,107.022
t_5449,107.022,107.022,107.022,107.022
t_545,74.2595,74.2595,74.2595,74.2595
t_5450,107.022,107.022,107.022,107.022
t_5451,107.022,107.022,107.022,107.022
t_5452,107.022,107.022,107.022,107.022
t_5453,107.022,107.022,107.022,107.022
t_5454,107.022,107.022,107.022,107.022
t_5455,81.0042,81.0042,81.0042,81.0042
t_5456,60.1494,60.1494,60.1494,60.1494
t_5457,9.0,9.0,9.0,9.0
t_5458,0.0,0.0,0.0,0.0
t_5459,0.0,0.0,0.0,0.0
t_546,74.2595,74.2595,74.2595,74.2595
t_5460,0.0,0.0,0.0,0.0
t_5461,0.0,0.0,0.0,0.0
t_5462,0.0,0.0,0.0,0.0
t_5463,9.0,9.0,9.0,9.0
t_5464,60.1494,60.1494,60.1494,60.1494
t_5465,81.0042,81.0042,81.0042,81.0042
t_5466,107.022,107.022,107.022,107.022
t_5467,107.022,107.022,107.022,107.022
t_5468,107.022,107.022,107.022,107.022
t_5469,107.022,107.022,107.022,107.022
t_547,74.2595,74.2595,74.2595,74.2595
t_5470,107.022,107.022,107.022,107.022
t_5471,107.022,107.022,107.022,107.022
t_5472,107.022,107.022,107.022,107.022
t_5473,107.022,107.022,107.022,107.022
t_5474,107.022,107.022,107.022,107.022
t_5475,107.022,107.022,107.022,107.022
t_5476,107.022,107.022,107.022,107.022
t_5477,107.022,107.022,107.022,107.022
t_5478,107.022,107.022,107.022,107.022
t_5479,93.9386,93.9386,93.9386,93.9386
t_548,74.2595,74.2595,74.2595,74.2595
t_5480,60.1494,60.1494,60.1494,60.1494
t_5481,60.1494,60.1494,60.1494,60.1494
t_5482,60.1494,60.1494,60.1494,60.1494
t_5483,51.865,51.865,51.865,51.865
t_5484,51.865,51.865,51.865,51.865
t_5485,60.1494,60.1494,60.1494,60.1494
t_5486,60.1494,60.1494,60.1494,60.1494
t_5487,60.1494,60.1494,60.1494,60.1494
t_5488,81.0042,81.0042,81.0042,81.0042
t_5489,107.022,107.022,107.022,107.022
t_549,74.2595,74.2595,74.2595,74.2595
t_5490,107.022,107.022,107.022,107.022
t_5491,107.022,107.022,107.022,107.022
t_5492,107.022,107.022,107.022,107.022
t_5493,107.022,107.022,107.022,107.022
t_5494,107.022,107.022,107.022,107.022
t_5495,107.022,107.022,107.022,107.022
t_5496,107.022,107.022,107.022,107.022
t_5497,107.022,107.022,107.022,107.022
t_5498,107.022,107.022,107.022,107.022
t_5499,107.022,107.022,107.022,107.022
t_55,87.7104,87.7104,87.7104,87.7104
t_550,74.2595,74.2595,74.2595,74.2595
t_5500,107.022,107.022,107.022,107.022
t_5501,107.022,107.022,107.022,107.022
t_5502,107.022,107.022,107.022,107.022
t_5503,106.512,106.512,106.512,106.512
t_5504,60.1494,60.1494,60.1494,60.1494
t_5505,60.1494,60.1494,60.1494,60.1494
t_5506,51.865,51.865,51.865,51.865
t_5507,9.0,9.0,9.0,9.0
t_5508,9.0,9.0,9.0,9.0
t_5509,51.865,51.865,51.865,51.865
t_551,66.3873,66.3873,66.3873,66.3873
t_5510,51.865,51.865,51.865,51.865
t_5511,60.1494,60.1494,60.1494,60.1494
t_5512,60.1494,60.1494,60.1494,60.1494
t_5513,107.022,107.022,107.022,107.022
t_5514,107.022,107.022,107.022,107.022
t_5515,107.022,107.022,107.022,107.022
t_5516,107.022,107.022,107.022,107.022
t_5517,107.022,107.022,107.022,107.022
t_5518,107.022,107.022,107.022,107.022
t_5519,107.022,107.022,107.022,107.022
t_552,60.1494,60.1494,60.1494,60.1494
t_5520,107.022,107.022,107.022,107.022
t_5521,107.022,107.022,107.022,107.022
t_5522,107.022,107.022,107.022,107.022
t_5523,107.022,107.022,107.022,107.022
t_5524,107.022,107.022,107.022,107.022
t_5525,107.022,107.022,107.022,107.022
t_5526,107.022,107.022,107.022,107.022
t_5527,102.4122,102.4122,102.4122,102.4122
t_5528,60.1494,60.1494,60.1494,60.1494
t_5529,51.865,51.865,51.865,51.865
t_553,60.1494,60.1494,60.1494,60.1494
t_5530,50.2478,50.2478,50.2478,50.2478
t_5531,9.0,9.0,9.0,9.0
t_5532,9.0,9.0,9.0,9.0
t_5533,9.0,9.0,9.0,9.0
t_5534,50.2478,50.2478,50.2478,50.2478
t_5535,51.865,51.865,51.865,51.865
t_5536,60.1494,60.1494,60.1494,60.1494
t_5537,99.6603,99.6603,99.6603,99.6603
t_5538,107.022,107.022,107.022,107.022
t_5539,107.022,107.022,107.022,107.022
t_554,60.1494,60.1494,60.1494,60.1494
t_5540,107.022,107.022,107.022,107.022
t_5541,107.022,107.022,107.022,107.022
t_5542,107.022,107.022,107.022,107.022
t_5543,107.022,107.022,107.022,107.022
t_5544,107.022,107.022,107.022,107.022
t_5545,107.022,107.022,107.022,107.022
t_5546,107.022,107.022,107.022,107.022
t_5547,107.022,107.022,107.022,107.022
t_5548,107.022,107.022,107.022,107.022
t_5549,107.022,107.022,107.022,107.022
t_555,60.1494,60.1494,60.1494,60.1494
t_5550,107.022,107.022,107.022,107.022
t_5551,102.3426,102.3426,102.3426,102.3426
t_5552,60.1494,60.1494,60.1494,60.1494
t_5553,9.0,9.0,9.0,9.0
t_5554,0.0,0.0,0.0,0.0
t_5555,0.0,0.0,0.0,0.0
t_5556,0.0,0.0,0.0,0.0
t_5557,0.0,0.0,0.0,0.0
t_5558,0.0,0.0,0.0,0.0
t_5559,9.0,9.0,9.0,9.0
t_556,60.1494,60.1494,60.1494,60.1494
t_5560,60.1494,60.1494,60.1494,60.1494
t_5561,94.5774,94.5774,94.5774,94.5774
t_5562,107.022,107.022,107.022,107.022
t_5563,107.022,107.022,107.022,107.022
t_5564,107.022,107.022,107.022,107.022
t_5565,107.022,107.022,107.022,107.022
t_5566,107.022,107.022,107.022,107.022
t_5567,107.022,107.022,107.022,107.022
t_5568,107.022,107.022,107.022,107.022
t_5569,107.022,107.022,107.022,107.022
t_557,60.1494,60.1494,60.1494,60.1494
t_5570,107.022,107.022,107.022,107.022
t_5571,107.022,107.022,107.022,107.022
t_5572,107.022,107.022,107.022,107.022
t_5573,107.022,107.022,107.022,107.022
t_5574,107.022,107.022,107.022,107.022
t_5575,107.022,107.022,107.022,107.022
t_5576,66.3873,66.3873,66.3873,66.3873
t_5577,60.1494,60.1494,60.1494,60.1494
t_5578,60.1494,60.1494,60.1494,60.1494
t_5579,9.0,9.0,9.0,9.0
t_558,60.1494,60.1494,60.1494,60.1494
t_5580,9.0,9.0,9.0,9.0
t_5581,9.0,9.0,9.0,9.0
t_5582,60.1494,60.1494,60.1494,60.1494
t_5583,60.1494,60.1494,60.1494,60.1494
t_5584,64.0319,64.0319,64.0319,64.0319
t_5585,107.022,107.022,107.022,107.022
t_5586,110.0052,110.0052,110.0052,110.0052
t_5587,110.0052,110.0052,110.0052,110.0052
t_5588,110.0052,110.0052,110.0052,110.0052
t_5589,110.0052,110.0052,110.0052,110.0052
t_559,60.1494,60.1494,60.1494,60.1494
t_5590,110.0052,110.0052,110.0052,110.0052
t_5591,110.0052,110.0052,110.0052,110.0052
t_5592,110.0052,110.0052,110.0052,110.0052
t_5593,110.0052,110.0052,110.0052,110.0052
t_5594,110.0052,110.0052,110.0052,110.0052
t_5595,110.0052,110.0052,110.0052,110.0052
t_5596,110.0052,110.0052,110.0052,110.0052
t_5597,110.0052,110.0052,110.0052,110.0052
t_5598,110.0052,110.0052,110.0052,110.0052
t_5599,107.022,107.022,107.022,107.022
t_56,87.7104,87.7104,87.7104,87.7104
t_560,60.1494,60.1494,60.1494,60.1494
t_5600,66.3873,66.3873,66.3873,66.3873
t_5601,60.1494,60.1494,60.1494,60.1494
t_5602,60.1494,60.1494,60.1494,60.1494
t_5603,60.1494,60.1494,60.1494,60.1494
t_5604,60.1494,60.1494,60.1494,60.1494
t_5605,60.1494,60.1494,60.1494,60.1494
t_5606,60.1494,60.1494,60.1494,60.1494
t_5607,60.1494,60.1494,60.1494,60.1494
t_5608,66.3873,66.3873,66.3873,66.3873
t_5609,107.022,107.022,107.022,107.022
t_561,60.1494,60.1494,60.1494,60.1494
t_5610,110.0052,110.0052,110.0052,110.0052
t_5611,110.0052,110.0052,110.0052,110.0052
t_5612,110.0052,110.0052,110.0052,110.0052
t_5613,110.0052,110.0052,110.0052,110.0052
t_5614,110.0052,110.0052,110.0052,110.0052
t_5615,110.0052,110.0052,110.0052,110.0052
t_5616,110.0052,110.0052,110.0052,110.0052
t_5617,110.0052,110.0052,110.0052,110.0052
t_5618,110.0052,110.0052,110.0052,110.0052
t_5619,110.0052,110.0052,110.0052,110.0052
t_562,0.0,0.0,0.0,0.0
t_5620,110.0052,110.0052,110.0052,110.0052
t_5621,110.0052,110.0052,110.0052,110.0052
t_5622,110.0052,110.0052,110.0052,110.0052
t_5623,107.022,107.022,107.022,107.022
t_5624,66.3873,66.3873,66.3873,66.3873
t_5625,60.1494,60.1494,60.1494,60.1494
t_5626,51.865,51.865,51.865,51.865
t_5627,9.0,9.0,9.0,9.0
t_5628,9.0,9.0,9.0,9.0
t_5629,9.0,9.0,9.0,9.0
t_563,0.0,0.0,0.0,0.0
t_5630,51.865,51.865,51.865,51.865
t_5631,51.865,51.865,51.865,51.865
t_5632,60.1494,60.1494,60.1494,60.1494
t_5633,107.022,107.022,107.022,107.022
t_5634,110.0052,110.0052,110.0052,110.0052
t_5635,110.0052,110.0052,110.0052,110.0052
t_5636,110.0052,110.0052,110.0052,110.0052
t_5637,110.0052,110.0052,110.0052,110.0052
t_5638,110.0052,110.0052,110.0052,110.0052
t_5639,110.0052,110.0052,110.0052,110.0052
t_564,0.0,0.0,0.0,0.0
t_5640,110.0052,110.0052,110.0052,110.0052
t_5641,110.0052,110.0052,110.0052,110.0052
t_5642,110.0052,110.0052,110.0052,110.0052
t_5643,110.0052,110.0052,110.0052,110.0052
t_5644,110.0052,110.0052,110.0052,110.0052
t_5645,110.0052,110.0052,110.0052,110.0052
t_5646,110.0052,110.0052,110.0052,110.0052
t_5647,107.022,107.022,107.022,107.022
t_5648,64.0319,64.0319,64.0319,64.0319
t_5649,51.865,51.865,51.865,51.865
t_565,0.0,0.0,0.0,0.0
t_5650,51.865,51.865,51.865,51.865
t_5651,9.0,9.0,9.0,9.0
t_5652,9.0,9.0,9.0,9.0
t_5653,51.865,51.865,51.865,51.865
t_5654,51.865,51.865,51.865,51.865
t_5655,60.1494,60.1494,60.1494,60.1494
t_5656,60.1494,60.1494,60.1494,60.1494
t_5657,107.022,107.022,107.022,107.022
t_5658,107.022,107.022,107.022,107.022
t_5659,107.022,107.022,107.022,107.022
t_566,0.0,0.0,0.0,0.0
t_5660,107.022,107.022,107.022,107.022
t_5661,107.022,107.022,107.022,107.022
t_5662,107.022,107.022,107.022,107.022
t_5663,107.022,107.022,107.022,107.022
t_5664,107.022,107.022,107.022,107.022
t_5665,107.022,107.022,107.022,107.022
t_5666,107.022,107.022,107.022,107.022
t_5667,107.022,107.022,107.022,107.022
t_5668,107.022,107.022,107.022,107.022
t_5669,107.022,107.022,107.022,107.022
t_567,0.0,0.0,0.0,0.0
t_5670,107.022,107.022,107.022,107.022
t_5671,60.1494,60.1494,60.1494,60.1494
t_5672,51.865,51.865,51.865,51.865
t_5673,9.0,9.0,9.0,9.0
t_5674,0.0,0.0,0.0,0.0
t_5675,0.0,0.0,0.0,0.0
t_5676,0.0,0.0,0.0,0.0
t_5677,0.0,0.0,0.0,0.0
t_5678,0.0,0.0,0.0,0.0
t_5679,0.0,0.0,0.0,0.0
t_568,51.865,51.865,51.865,51.865
t_5680,9.0,9.0,9.0,9.0
t_5681,51.865,51.865,51.865,51.865
t_5682,60.1494,60.1494,60.1494,60.1494
t_5683,60.1494,60.1494,60.1494,60.1494
t_5684,60.1494,60.1494,60.1494,60.1494
t_5685,60.1494,60.1494,60.1494,60.1494
t_5686,60.1494,60.1494,60.1494,60.1494
t_5687,60.1494,60.1494,60.1494,60.1494
t_5688,60.1494,60.1494,60.1494,60.1494
t_5689,60.1494,60.1494,60.1494,60.1494
t_569,94.6419,94.6419,94.6419,94.6419
t_5690,60.1494,60.1494,60.1494,60.1494
t_5691,60.1494,60.1494,60.1494,60.1494
t_5692,60.1494,60.1494,60.1494,60.1494
t_5693,60.1494,60.1494,60.1494,60.1494
t_5694,60.1494,60.1494,60.1494,60.1494
t_5695,60.1494,60.1494,60.1494,60.1494
t_5696,9.0,9.0,9.0,9.0
t_5697,0.0,0.0,0.0,0.0
t_5698,0.0,0.0,0.0,0.0
t_5699,0.0,0.0,0.0,0.0
t_57,60.1494,60.1494,60.1494,60.1494
t_570,94.6419,94.6419,94.6419,94.6419
t_5700,0.0,0.0,0.0,0.0
t_5701,0.0,0.0,0.0,0.0
t_5702,0.0,0.0,0.0,0.0
t_5703,0.0,0.0,0.0,0.0
t_5704,9.0,9.0,9.0,9.0
t_5705,60.1494,60.1494,60.1494,60.1494
t_5706,107.022,107.022,107.022,107.022
t_5707,107.022,107.022,107.022,107.022
t_5708,107.022,107.022,107.022,107.022
t_5709,107.022,107.022,107.022,107.022
t_571,94.6419,94.6419,94.6419,94.6419
t_5710,107.022,107.022,107.022,107.022
t_5711,107.022,107.022,107.022,107.022
t_5712,107.022,107.022,107.022,107.022
t_5713,107.022,107.022,107.022,107.022
t_5714,107.022,107.022,107.022,107.022
t_5715,107.022,107.022,107.022,107.022
t_5716,107.022,107.022,107.022,107.022
t_5717,107.022,107.022,107.022,107.022
t_5718,107.022,107.022,107.022,107.022
t_5719,107.022,107.022,107.022,107.022
t_572,94.6419,94.6419,94.6419,94.6419
t_5720,60.1494,60.1494,60.1494,60.1494
t_5721,39.2559,39.2559,39.2559,39.2559
t_5722,0.0,0.0,0.0,0.0
t_5723,0.0,0.0,0.0,0.0
t_5724,0.0,0.0,0.0,0.0
t_5725,0.0,0.0,0.0,0.0
t_5726,0.0,0.0,0.0,0.0
t_5727,50.2478,50.2478,50.2478,50.2478
t_5728,60.1494,60.1494,60.1494,60.1494
t_5729,81.0042,81.0042,81.0042,81.0042
t_573,94.6419,94.6419,94.6419,94.6419
t_5730,107.022,107.022,107.022,107.022
t_5731,107.022,107.022,107.022,107.022
t_5732,107.022,107.022,107.022,107.022
t_5733,107.022,107.022,107.022,107.022
t_5734,107.022,107.022,107.022,107.022
t_5735,107.022,107.022,107.022,107.022
t_5736,107.022,107.022,107.022,107.022
t_5737,107.022,107.022,107.022,107.022
t_5738,107.022,107.022,107.022,107.022
t_5739,107.022,107.022,107.022,107.022
t_574,94.6419,94.6419,94.6419,94.6419
t_5740,107.022,107.022,107.022,107.022
t_5741,107.022,107.022,107.022,107.022
t_5742,107.022,107.022,107.022,107.022
t_5743,60.1494,60.1494,60.1494,60.1494
t_5744,60.1494,60.1494,60.1494,60.1494
t_5745,9.0,9.0,9.0,9.0
t_5746,0.0,0.0,0.0,0.0
t_5747,0.0,0.0,0.0,0.0
t_5748,0.0,0.0,0.0,0.0
t_5749,0.0,0.0,0.0,0.0
t_575,94.6419,94.6419,94.6419,94.6419
t_5750,0.0,0.0,0.0,0.0
t_5751,0.0,0.0,0.0,0.0
t_5752,0.0,0.0,0.0,0.0
t_5753,45.5263,45.5263,45.5263,45.5263
t_5754,60.1494,60.1494,60.1494,60.1494
t_5755,60.1494,60.1494,60.1494,60.1494
t_5756,60.1494,60.1494,60.1494,60.1494
t_5757,60.1494,60.1494,60.1494,60.1494
t_5758,60.1494,60.1494,60.1494,60.1494
t_5759,60.1494,60.1494,60.1494,60.1494
t_576,94.6419,94.6419,94.6419,94.6419
t_5760,60.1494,60.1494,60.1494,60.1494
t_5761,60.1494,60.1494,60.1494,60.1494
t_5762,60.1494,60.1494,60.1494,60.1494
t_5763,60.1494,60.1494,60.1494,60.1494
t_5764,60.1494,60.1494,60.1494,60.1494
t_5765,60.1494,60.1494,60.1494,60.1494
t_5766,60.1494,60.1494,60.1494,60.1494
t_5767,60.1494,60.1494,60.1494,60.1494
t_5768,0.0,0.0,0.0,0.0
t_5769,0.0,0.0,0.0,0.0
t_577,94.6419,94.6419,94.6419,94.6419
t_5770,0.0,0.0,0.0,0.0
t_5771,0.0,0.0,0.0,0.0
t_5772,0.0,0.0,0.0,0.0
t_5773,0.0,0.0,0.0,0.0
t_5774,0.0,0.0,0.0,0.0
t_5775,0.0,0.0,0.0,0.0
t_5776,0.0,0.0,0.0,0.0
t_5777,51.865,51.865,51.865,51.865
t_5778,107.022,107.022,107.022,107.022
t_5779,107.022,107.022,107.022,107.022
t_578,94.6419,94.6419,94.6419,94.6419
t_5780,107.022,107.022,107.022,107.022
t_5781,107.022,107.022,107.022,107.022
t_5782,107.022,107.022,107.022,107.022
t_5783,107.022,107.022,107.022,107.022
t_5784,107.022,107.022,107.022,107.022
t_5785,107.022,107.022,107.022,107.022
t_5786,107.022,107.022,107.022,107.022
t_5787,107.022,107.022,107.022,107.022
t_5788,107.022,107.022,107.022,107.022
t_5789,107.022,107.022,107.022,107.022
t_579,94.6419,94.6419,94.6419,94.6419
t_5790,107.022,107.022,107.022,107.022
t_5791,81.0042,81.0042,81.0042,81.0042
t_5792,60.1494,60.1494,60.1494,60.1494
t_5793,0.0,0.0,0.0,0.0
t_5794,0.0,0.0,0.0,0.0
t_5795,0.0,0.0,0.0,0.0
t_5796,0.0,0.0,0.0,0.0
t_5797,0.0,0.0,0.0,0.0
t_5798,0.0,0.0,0.0,0.0
t_5799,0.0,0.0,0.0,0.0
t_58,9.0,9.0,9.0,9.0
t_580,94.6419,94.6419,94.6419,94.6419
t_5800,60.1494,60.1494,60.1494,60.1494
t_5801,81.0042,81.0042,81.0042,81.0042
t_5802,107.022,107.022,107.022,107.022
t_5803,107.022,107.022,107.022,107.022
t_5804,107.022,107.022,107.022,107.022
t_5805,107.022,107.022,107.022,107.022
t_5806,107.022,107.022,107.022,107.022
t_5807,107.022,107.022,107.022,107.022
t_5808,107.022,107.022,107.022,107.022
t_5809,107.022,107.022,107.022,107.022
t_581,87.7104,87.7104,87.7104,87.7104
t_5810,107.022,107.022,107.022,107.022
t_5811,107.022,107.022,107.022,107.022
t_5812,107.022,107.022,107.022,107.022
t_5813,107.022,107.022,107.022,107.022
t_5814,107.022,107.022,107.022,107.022
t_5815,60.1494,60.1494,60.1494,60.1494
t_5816,50.2478,50.2478,50.2478,50.2478
t_5817,0.0,0.0,0.0,0.0
t_5818,0.0,0.0,0.0,0.0
t_5819,0.0,0.0,0.0,0.0
t_582,87.7104,87.7104,87.7104,87.7104
t_5820,0.0,0.0,0.0,0.0
t_5821,0.0,0.0,0.0,0.0
t_5822,0.0,0.0,0.0,0.0
t_5823,0.0,0.0,0.0,0.0
t_5824,9.0,9.0,9.0,9.0
t_5825,60.1494,60.1494,60.1494,60.1494
t_5826,107.022,107.022,107.022,107.022
t_5827,107.022,107.022,107.022,107.022
t_5828,107.022,107.022,107.022,107.022
t_5829,107.022,107.022,107.022,107.022
t_583,94.6419,94.6419,94.6419,94.6419
t_5830,107.022,107.022,107.022,107.022
t_5831,107.022,107.022,107.022,107.022
t_5832,107.022,107.022,107.022,107.022
t_5833,107.022,107.022,107.022,107.022
t_5834,107.022,107.022,107.022,107.022
t_5835,107.022,107.022,107.022,107.022
t_5836,107.022,107.022,107.022,107.022
t_5837,107.022,107.022,107.022,107.022
t_5838,107.022,107.022,107.022,107.022
t_5839,96.4084,96.4084,96.4084,96.4084
t_584,94.6419,94.6419,94.6419,94.6419
t_5840,60.1494,60.1494,60.1494,60.1494
t_5841,0.0,0.0,0.0,0.0
t_5842,0.0,0.0,0.0,0.0
t_5843,0.0,0.0,0.0,0.0
t_5844,0.0,0.0,0.0,0.0
t_5845,0.0,0.0,0.0,0.0
t_5846,0.0,0.0,0.0,0.0
t_5847,0.0,0.0,0.0,0.0
t_5848,0.0,0.0,0.0,0.0
t_5849,60.1494,60.1494,60.1494,60.1494
t_585,60.1494,60.1494,60.1494,60.1494
t_5850,107.022,107.022,107.022,107.022
t_5851,107.022,107.022,107.022,107.022
t_5852,107.022,107.022,107.022,107.022
t_5853,107.022,107.022,107.022,107.022
t_5854,107.022,107.022,107.022,107.022
t_5855,107.022,107.022,107.022,107.022
t_5856,107.022,107.022,107.022,107.022
t_5857,107.022,107.022,107.022,107.022
t_5858,107.022,107.022,107.022,107.022
t_5859,107.022,107.022,107.022,107.022
t_586,60.1494,60.1494,60.1494,60.1494
t_5860,107.022,107.022,107.022,107.022
t_5861,107.022,107.022,107.022,107.022
t_5862,107.022,107.022,107.022,107.022
t_5863,72.297,72.297,72.297,72.297
t_5864,51.865,51.865,51.865,51.865
t_5865,0.0,0.0,0.0,0.0
t_5866,0.0,0.0,0.0,0.0
t_5867,0.0,0.0,0.0,0.0
t_5868,0.0,0.0,0.0,0.0
t_5869,0.0,0.0,0.0,0.0
t_587,56.2063,56.2063,56.2063,56.2063
t_5870,0.0,0.0,0.0,0.0
t_5871,9.0,9.0,9.0,9.0
t_5872,51.865,51.865,51.865,51.865
t_5873,72.297,72.297,72.297,72.297
t_5874,95.5183,95.5183,95.5183,95.5183
t_5875,95.5183,95.5183,95.5183,95.5183
t_5876,95.5183,95.5183,95.5183,95.5183
t_5877,95.5183,95.5183,95.5183,95.5183
t_5878,95.5183,95.5183,95.5183,95.5183
t_5879,95.5183,95.5183,95.5183,95.5183
t_588,51.865,51.865,51.865,51.865
t_5880,95.5183,95.5183,95.5183,95.5183
t_5881,95.5183,95.5183,95.5183,95.5183
t_5882,95.5183,95.5183,95.5183,95.5183
t_5883,95.5183,95.5183,95.5183,95.5183
t_5884,95.5183,95.5183,95.5183,95.5183
t_5885,95.5183,95.5183,95.5183,95.5183
t_5886,95.5183,95.5183,95.5183,95.5183
t_5887,95.5183,95.5183,95.5183,95.5183
t_5888,60.1494,60.1494,60.1494,60.1494
t_5889,50.3577,50.3577,50.3577,50.3577
t_589,9.0,9.0,9.0,9.0
t_5890,9.0,9.0,9.0,9.0
t_5891,9.0,9.0,9.0,9.0
t_5892,0.0,0.0,0.0,0.0
t_5893,0.0,0.0,0.0,0.0
t_5894,9.0,9.0,9.0,9.0
t_5895,9.0,9.0,9.0,9.0
t_5896,48.465,48.465,48.465,48.465
t_5897,60.1494,60.1494,60.1494,60.1494
t_5898,64.0319,64.0319,64.0319,64.0319
t_5899,64.0319,64.0319,64.0319,64.0319
t_59,9.0,9.0,9.0,9.0
t_590,9.0,9.0,9.0,9.0
t_5900,64.0319,64.0319,64.0319,64.0319
t_5901,64.0319,64.0319,64.0319,64.0319
t_5902,64.0319,64.0319,64.0319,64.0319
t_5903,64.0319,64.0319,64.0319,64.0319
t_5904,64.0319,64.0319,64.0319,64.0319
t_5905,64.0319,64.0319,64.0319,64.0319
t_5906,64.0319,64.0319,64.0319,64.0319
t_5907,64.0319,64.0319,64.0319,64.0319
t_5908,64.0319,64.0319,64.0319,64.0319
t_5909,64.0319,64.0319,64.0319,64.0319
t_591,56.2063,56.2063,56.2063,56.2063
t_5910,64.0319,64.0319,64.0319,64.0319
t_5911,60.1494,60.1494,60.1494,60.1494
t_5912,51.865,51.865,51.865,51.865
t_5913,0.0,0.0,0.0,0.0
t_5914,0.0,0.0,0.0,0.0
t_5915,0.0,0.0,0.0,0.0
t_5916,0.0,0.0,0.0,0.0
t_5917,0.0,0.0,0.0,0.0
t_5918,0.0,0.0,0.0,0.0
t_5919,0.0,0.0,0.0,0.0
t_592,60.1494,60.1494,60.1494,60.1494
t_5920,0.0,0.0,0.0,0.0
t_5921,51.865,51.865,51.865,51.865
t_5922,106.8226,106.8226,106.8226,106.8226
t_5923,107.022,107.022,107.022,107.022
t_5924,107.022,107.022,107.022,107.022
t_5925,107.022,107.022,107.022,107.022
t_5926,107.022,107.022,107.022,107.022
t_5927,107.022,107.022,107.022,107.022
t_5928,107.022,107.022,107.022,107.022
t_5929,107.022,107.022,107.022,107.022
t_593,74.2595,74.2595,74.2595,74.2595
t_5930,107.022,107.022,107.022,107.022
t_5931,107.022,107.022,107.022,107.022
t_5932,107.022,107.022,107.022,107.022
t_5933,107.022,107.022,107.022,107.022
t_5934,107.022,107.022,107.022,107.022
t_5935,107.022,107.022,107.022,107.022
t_5936,107.022,107.022,107.022,107.022
t_5937,81.0042,81.0042,81.0042,81.0042
t_5938,60.1494,60.1494,60.1494,60.1494
t_5939,60.1494,60.1494,60.1494,60.1494
t_594,74.2595,74.2595,74.2595,74.2595
t_5940,60.1494,60.1494,60.1494,60.1494
t_5941,60.1494,60.1494,60.1494,60.1494
t_5942,60.1494,60.1494,60.1494,60.1494
t_5943,60.1494,60.1494,60.1494,60.1494
t_5944,60.1494,60.1494,60.1494,60.1494
t_5945,94.6466,94.6466,94.6466,94.6466
t_5946,107.022,107.022,107.022,107.022
t_5947,107.022,107.022,107.022,107.022
t_5948,107.022,107.022,107.022,107.022
t_5949,107.022,107.022,107.022,107.022
t_595,74.2595,74.2595,74.2595,74.2595
t_5950,107.022,107.022,107.022,107.022
t_5951,107.022,107.022,107.022,107.022
t_5952,107.022,107.022,107.022,107.022
t_5953,107.022,107.022,107.022,107.022
t_5954,107.022,107.022,107.022,107.022
t_5955,107.022,107.022,107.022,107.022
t_5956,107.022,107.022,107.022,107.022
t_5957,107.022,107.022,107.022,107.022
t_5958,107.022,107.022,107.022,107.022
t_5959,107.022,107.022,107.022,107.022
t_596,74.2595,74.2595,74.2595,74.2595
t_5960,60.1494,60.1494,60.1494,60.1494
t_5961,50.2478,50.2478,50.2478,50.2478
t_5962,0.0,0.0,0.0,0.0
t_5963,0.0,0.0,0.0,0.0
t_5964,0.0,0.0,0.0,0.0
t_5965,0.0,0.0,0.0,0.0
t_5966,0.0,0.0,0.0,0.0
t_5967,0.0,0.0,0.0,0.0
t_5968,60.1494,60.1494,60.1494,60.1494
t_5969,81.0042,81.0042,81.0042,81.0042
t_597,74.2595,74.2595,74.2595,74.2595
t_5970,107.022,107.022,107.022,107.022
t_5971,107.022,107.022,107.022,107.022
t_5972,107.022,107.022,107.022,107.022
t_5973,107.022,107.022,107.022,107.022
t_5974,107.022,107.022,107.022,107.022
t_5975,107.022,107.022,107.022,107.022
t_5976,107.022,107.022,107.022,107.022
t_5977,107.022,107.022,107.022,107.022
t_5978,107.022,107.022,107.022,107.022
t_5979,107.022,107.022,107.022,107.022
t_598,74.2595,74.2595,74.2595,74.2595
t_5980,107.022,107.022,107.022,107.022
t_5981,107.022,107.022,107.022,107.022
t_5982,107.022,107.022,107.022,107.022
t_5983,107.022,107.022,107.022,107.022
t_5984,98.1817,98.1817,98.1817,98.1817
t_5985,60.1494,60.1494,60.1494,60.1494
t_5986,60.1494,60.1494,60.1494,60.1494
t_5987,60.1494,60.1494,60.1494,60.1494
t_5988,60.1494,60.1494,60.1494,60.1494
t_5989,60.1494,60.1494,60.1494,60.1494
t_599,74.2595,74.2595,74.2595,74.2595
t_5990,60.1494,60.1494,60.1494,60.1494
t_5991,60.1494,60.1494,60.1494,60.1494
t_5992,81.0042,81.0042,81.0042,81.0042
t_5993,107.022,107.022,107.022,107.022
t_5994,107.022,107.022,107.022,107.022
t_5995,107.022,107.022,107.022,107.022
t_5996,107.022,107.022,107.022,107.022
t_5997,107.022,107.022,107.022,107.022
t_5998,107.022,107.022,107.022,107.022
t_5999,107.022,107.022,107.022,107.022
t_6,51.865,51.865,51.865,51.865
t_60,0.0,0.0,0.0,0.0
t_600,74.2595,74.2595,74.2595,74.2595
t_6000,107.022,107.022,107.022,107.022
t_6001,81.0042,81.0042,81.0042,81.0042
t_6002,81.0042,81.0042,81.0042,81.0042
t_6003,60.1494,60.1494,60.1494,60.1494
t_6004,60.1494,60.1494,60.1494,60.1494
t_6005,60.1494,60.1494,60.1494,60.1494
t_6006,74.2595,74.2595,74.2595,74.2595
t_6007,60.1494,60.1494,60.1494,60.1494
t_6008,50.2478,50.2478,50.2478,50.2478
t_6009,0.0,0.0,0.0,0.0
t_601,66.3873,66.3873,66.3873,66.3873
t_6010,0.0,0.0,0.0,0.0
t_6011,0.0,0.0,0.0,0.0
t_6012,0.0,0.0,0.0,0.0
t_6013,0.0,0.0,0.0,0.0
t_6014,0.0,0.0,0.0,0.0
t_6015,0.0,0.0,0.0,0.0
t_6016,6.8113,6.8113,6.8113,6.8113
t_6017,60.1494,60.1494,60.1494,60.1494
t_6018,60.1494,60.1494,60.1494,60.1494
t_6019,60.1494,60.1494,60.1494,60.1494
t_602,60.1494,60.1494,60.1494,60.1494
t_6020,60.1494,60.1494,60.1494,60.1494
t_6021,60.1494,60.1494,60.1494,60.1494
t_6022,60.1494,60.1494,60.1494,60.1494
t_6023,60.1494,60.1494,60.1494,60.1494
t_6024,60.1494,60.1494,60.1494,60.1494
t_6025,60.1494,60.1494,60.1494,60.1494
t_6026,60.1494,60.1494,60.1494,60.1494
t_6027,60.1494,60.1494,60.1494,60.1494
t_6028,60.1494,60.1494,60.1494,60.1494
t_6029,60.1494,60.1494,60.1494,60.1494
t_603,60.1494,60.1494,60.1494,60.1494
t_6030,60.1494,60.1494,60.1494,60.1494
t_6031,60.1494,60.1494,60.1494,60.1494
t_6032,9.0,9.0,9.0,9.0
t_6033,0.0,0.0,0.0,0.0
t_6034,0.0,0.0,0.0,0.0
t_6035,0.0,0.0,0.0,0.0
t_6036,0.0,0.0,0.0,0.0
t_6037,0.0,0.0,0.0,0.0
t_6038,0.0,0.0,0.0,0.0
t_6039,0.0,0.0,0.0,0.0
t_604,60.1494,60.1494,60.1494,60.1494
t_6040,9.0,9.0,9.0,9.0
t_6041,60.1494,60.1494,60.1494,60.1494
t_6042,107.022,107.022,107.022,107.022
t_6043,107.022,107.022,107.022,107.022
t_6044,107.022,107.022,107.022,107.022
t_6045,107.022,107.022,107.022,107.022
t_6046,107.022,107.022,107.022,107.022
t_6047,107.022,107.022,107.022,107.022
t_6048,107.022,107.022,107.022,107.022
t_6049,107.022,107.022,107.022,107.022
t_605,60.1494,60.1494,60.1494,60.1494
t_6050,107.022,107.022,107.022,107.022
t_6051,107.022,107.022,107.022,107.022
t_6052,107.022,107.022,107.022,107.022
t_6053,107.022,107.022,107.022,107.022
t_6054,107.022,107.022,107.022,107.022
t_6055,107.022,107.022,107.022,107.022
t_6056,81.0042,81.0042,81.0042,81.0042
t_6057,60.1494,60.1494,60.1494,60.1494
t_6058,60.1494,60.1494,60.1494,60.1494
t_6059,51.865,51.865,51.865,51.865
t_606,60.1494,60.1494,60.1494,60.1494
t_6060,51.865,51.865,51.865,51.865
t_6061,51.865,51.865,51.865,51.865
t_6062,60.1494,60.1494,60.1494,60.1494
t_6063,60.1494,60.1494,60.1494,60.1494
t_6064,60.1494,60.1494,60.1494,60.1494
t_6065,107.022,107.022,107.022,107.022
t_6066,110.0052,110.0052,110.0052,110.0052
t_6067,110.0052,110.0052,110.0052,110.0052
t_6068,110.0052,110.0052,110.0052,110.0052
t_6069,110.0052,110.0052,110.0052,110.0052
t_607,74.2595,74.2595,74.2595,74.2595
t_6070,110.0052,110.0052,110.0052,110.0052
t_6071,110.0052,110.0052,110.0052,110.0052
t_6072,110.0052,110.0052,110.0052,110.0052
t_6073,110.0052,110.0052,110.0052,110.0052
t_6074,110.0052,110.0052,110.0052,110.0052
t_6075,110.0052,110.0052,110.0052,110.0052
t_6076,110.0052,110.0052,110.0052,110.0052
t_6077,110.0052,110.0052,110.0052,110.0052
t_6078,110.0052,110.0052,110.0052,110.0052
t_6079,107.022,107.022,107.022,107.022
t_608,74.2595,74.2595,74.2595,74.2595
t_6080,83.2621,83.2621,83.2621,83.2621
t_6081,60.1494,60.1494,60.1494,60.1494
t_6082,51.865,51.865,51.865,51.865
t_6083,51.865,51.865,51.865,51.865
t_6084,51.865,51.865,51.865,51.865
t_6085,51.865,51.865,51.865,51.865
t_6086,51.865,51.865,51.865,51.865
t_6087,51.865,51.865,51.865,51.865
t_6088,60.1494,60.1494,60.1494,60.1494
t_6089,107.022,107.022,107.022,107.022
t_609,60.1494,60.1494,60.1494,60.1494
t_6090,110.0052,110.0052,110.0052,110.0052
t_6091,110.0052,110.0052,110.0052,110.0052
t_6092,110.0052,110.0052,110.0052,110.0052
t_6093,110.0052,110.0052,110.0052,110.0052
t_6094,110.0052,110.0052,110.0052,110.0052
t_6095,110.0052,110.0052,110.0052,110.0052
t_6096,110.0052,110.0052,110.0052,110.0052
t_6097,110.0052,110.0052,110.0052,110.0052
t_6098,110.0052,110.0052,110.0052,110.0052
t_6099,110.0052,110.0052,110.0052,110.0052
t_61,0.0,0.0,0.0,0.0
t_610,60.1494,60.1494,60.1494,60.1494
t_6100,110.0052,110.0052,110.0052,110.0052
t_6101,110.0052,110.0052,110.0052,110.0052
t_6102,110.0052,110.0052,110.0052,110.0052
t_6103,110.0052,110.0052,110.0052,110.0052
t_6104,82.9471,82.9471,82.9471,82.9471
t_6105,60.1494,60.1494,60.1494,60.1494
t_6106,60.1494,60.1494,60.1494,60.1494
t_6107,53.7729,53.7729,53.7729,53.7729
t_6108,53.7729,53.7729,53.7729,53.7729
t_6109,53.7729,53.7729,53.7729,53.7729
t_611,60.1494,60.1494,60.1494,60.1494
t_6110,60.1494,60.1494,60.1494,60.1494
t_6111,60.1494,60.1494,60.1494,60.1494
t_6112,68.5239,68.5239,68.5239,68.5239
t_6113,107.022,107.022,107.022,107.022
t_6114,109.5889,109.5889,109.5889,109.5889
t_6115,109.5889,109.5889,109.5889,109.5889
t_6116,109.5889,109.5889,109.5889,109.5889
t_6117,109.5889,109.5889,109.5889,109.5889
t_6118,109.5889,109.5889,109.5889,109.5889
t_6119,109.5889,109.5889,109.5889,109.5889
t_612,60.1494,60.1494,60.1494,60.1494
t_6120,109.5889,109.5889,109.5889,109.5889
t_6121,107.022,107.022,107.022,107.022
t_6122,107.022,107.022,107.022,107.022
t_6123,107.022,107.022,107.022,107.022
t_6124,107.022,107.022,107.022,107.022
t_6125,107.022,107.022,107.022,107.022
t_6126,107.022,107.022,107.022,107.022
t_6127,107.022,107.022,107.022,107.022
t_6128,107.022,107.022,107.022,107.022
t_6129,107.022,107.022,107.022,107.022
t_613,60.1494,60.1494,60.1494,60.1494
t_6130,81.0042,81.0042,81.0042,81.0042
t_6131,81.0042,81.0042,81.0042,81.0042
t_6132,81.0042,81.0042,81.0042,81.0042
t_6133,66.3873,66.3873,66.3873,66.3873
t_6134,66.3873,66.3873,66.3873,66.3873
t_6135,81.0042,81.0042,81.0042,81.0042
t_6136,81.0042,81.0042,81.0042,81.0042
t_6137,107.022,107.022,107.022,107.022
t_6138,107.022,107.022,107.022,107.022
t_6139,107.022,107.022,107.022,107.022
t_614,60.1494,60.1494,60.1494,60.1494
t_6140,107.022,107.022,107.022,107.022
t_6141,107.022,107.022,107.022,107.022
t_6142,107.022,107.022,107.022,107.022
t_6143,107.022,107.022,107.022,107.022
t_6144,102.1318,102.1318,102.1318,102.1318
t_6145,65.6126,65.6126,65.6126,65.6126
t_6146,65.6126,65.6126,65.6126,65.6126
t_6147,65.6126,65.6126,65.6126,65.6126
t_6148,66.3873,66.3873,66.3873,66.3873
t_6149,81.0042,81.0042,81.0042,81.0042
t_615,60.1494,60.1494,60.1494,60.1494
t_6150,81.0042,81.0042,81.0042,81.0042
t_6151,81.0042,81.0042,81.0042,81.0042
t_6152,66.3873,66.3873,66.3873,66.3873
t_6153,60.1494,60.1494,60.1494,60.1494
t_6154,53.7729,53.7729,53.7729,53.7729
t_6155,53.7729,53.7729,53.7729,53.7729
t_6156,52.4299,52.4299,52.4299,52.4299
t_6157,52.4299,52.4299,52.4299,52.4299
t_6158,53.7729,53.7729,53.7729,53.7729
t_6159,53.7729,53.7729,53.7729,53.7729
t_616,60.1494,60.1494,60.1494,60.1494
t_6160,53.7729,53.7729,53.7729,53.7729
t_6161,66.3873,66.3873,66.3873,66.3873
t_6162,66.3873,66.3873,66.3873,66.3873
t_6163,66.3873,66.3873,66.3873,66.3873
t_6164,66.3873,66.3873,66.3873,66.3873
t_6165,66.3873,66.3873,66.3873,66.3873
t_6166,66.3873,66.3873,66.3873,66.3873
t_6167,66.3873,66.3873,66.3873,66.3873
t_6168,66.3873,66.3873,66.3873,66.3873
t_6169,60.1494,60.1494,60.1494,60.1494
t_617,74.2595,74.2595,74.2595,74.2595
t_6170,60.1494,60.1494,60.1494,60.1494
t_6171,60.1494,60.1494,60.1494,60.1494
t_6172,60.1494,60.1494,60.1494,60.1494
t_6173,60.1494,60.1494,60.1494,60.1494
t_6174,60.1494,60.1494,60.1494,60.1494
t_6175,60.1494,60.1494,60.1494,60.1494
t_6176,9.0,9.0,9.0,9.0
t_6177,0.0,0.0,0.0,0.0
t_6178,0.0,0.0,0.0,0.0
t_6179,0.0,0.0,0.0,0.0
t_618,74.2595,74.2595,74.2595,74.2595
t_6180,0.0,0.0,0.0,0.0
t_6181,0.0,0.0,0.0,0.0
t_6182,0.0,0.0,0.0,0.0
t_6183,0.0,0.0,0.0,0.0
t_6184,51.865,51.865,51.865,51.865
t_6185,60.1494,60.1494,60.1494,60.1494
t_6186,69.2702,69.2702,69.2702,69.2702
t_6187,69.2702,69.2702,69.2702,69.2702
t_6188,69.2702,69.2702,69.2702,69.2702
t_6189,69.2702,69.2702,69.2702,69.2702
t_619,74.2595,74.2595,74.2595,74.2595
t_6190,69.2702,69.2702,69.2702,69.2702
t_6191,69.2702,69.2702,69.2702,69.2702
t_6192,69.2702,69.2702,69.2702,69.2702
t_6193,69.2702,69.2702,69.2702,69.2702
t_6194,69.2702,69.2702,69.2702,69.2702
t_6195,69.2702,69.2702,69.2702,69.2702
t_6196,69.2702,69.2702,69.2702,69.2702
t_6197,69.2702,69.2702,69.2702,69.2702
t_6198,69.2702,69.2702,69.2702,69.2702
t_6199,69.2702,69.2702,69.2702,69.2702
t_62,0.0,0.0,0.0,0.0
t_620,74.2595,74.2595,74.2595,74.2595
t_6200,60.1494,60.1494,60.1494,60.1494
t_6201,51.865,51.865,51.865,51.865
t_6202,51.865,51.865,51.865,51.865
t_6203,51.865,51.865,51.865,51.865
t_6204,51.0927,51.0927,51.0927,51.0927
t_6205,51.865,51.865,51.865,51.865
t_6206,51.865,51.865,51.865,51.865
t_6207,51.865,51.865,51.865,51.865
t_6208,60.1494,60.1494,60.1494,60.1494
t_6209,107.022,107.022,107.022,107.022
t_621,74.2595,74.2595,74.2595,74.2595
t_6210,107.022,107.022,107.022,107.022
t_6211,107.022,107.022,107.022,107.022
t_6212,107.022,107.022,107.022,107.022
t_6213,107.022,107.022,107.022,107.022
t_6214,107.022,107.022,107.022,107.022
t_6215,107.022,107.022,107.022,107.022
t_6216,107.022,107.022,107.022,107.022
t_6217,107.022,107.022,107.022,107.022
t_6218,107.022,107.022,107.022,107.022
t_6219,107.022,107.022,107.022,107.022
t_622,66.3873,66.3873,66.3873,66.3873
t_6220,107.022,107.022,107.022,107.022
t_6221,107.022,107.022,107.022,107.022
t_6222,107.022,107.022,107.022,107.022
t_6223,107.022,107.022,107.022,107.022
t_6224,101.8457,101.8457,101.8457,101.8457
t_6225,60.1494,60.1494,60.1494,60.1494
t_6226,60.1494,60.1494,60.1494,60.1494
t_6227,51.865,51.865,51.865,51.865
t_6228,51.865,51.865,51.865,51.865
t_6229,51.865,51.865,51.865,51.865
t_623,60.1494,60.1494,60.1494,60.1494
t_6230,60.1494,60.1494,60.1494,60.1494
t_6231,60.1494,60.1494,60.1494,60.1494
t_6232,60.1494,60.1494,60.1494,60.1494
t_6233,107.022,107.022,107.022,107.022
t_6234,110.0052,110.0052,110.0052,110.0052
t_6235,110.0052,110.0052,110.0052,110.0052
t_6236,110.0052,110.0052,110.0052,110.0052
t_6237,110.0052,110.0052,110.0052,110.0052
t_6238,110.0052,110.0052,110.0052,110.0052
t_6239,110.0052,110.0052,110.0052,110.0052
t_624,60.1494,60.1494,60.1494,60.1494
t_6240,110.0052,110.0052,110.0052,110.0052
t_6241,110.0052,110.0052,110.0052,110.0052
t_6242,110.0052,110.0052,110.0052,110.0052
t_6243,110.0052,110.0052,110.0052,110.0052
t_6244,110.0052,110.0052,110.0052,110.0052
t_6245,110.0052,110.0052,110.0052,110.0052
t_6246,110.0052,110.0052,110.0052,110.0052
t_6247,110.0052,110.0052,110.0052,110.0052
t_6248,94.3314,94.3314,94.3314,94.3314
t_6249,60.1494,60.1494,60.1494,60.1494
t_625,60.1494,60.1494,60.1494,60.1494
t_6250,60.1494,60.1494,60.1494,60.1494
t_6251,60.1494,60.1494,60.1494,60.1494
t_6252,60.1494,60.1494,60.1494,60.1494
t_6253,60.1494,60.1494,60.1494,60.1494
t_6254,60.1494,60.1494,60.1494,60.1494
t_6255,60.1494,60.1494,60.1494,60.1494
t_6256,81.0042,81.0042,81.0042,81.0042
t_6257,107.022,107.022,107.022,107.022
t_6258,107.022,107.022,107.022,107.022
t_6259,107.022,107.022,107.022,107.022
t_626,60.1494,60.1494,60.1494,60.1494
t_6260,107.022,107.022,107.022,107.022
t_6261,107.022,107.022,107.022,107.022
t_6262,107.022,107.022,107.022,107.022
t_6263,107.022,107.022,107.022,107.022
t_6264,107.022,107.022,107.022,107.022
t_6265,107.022,107.022,107.022,107.022
t_6266,107.022,107.022,107.022,107.022
t_6267,107.022,107.022,107.022,107.022
t_6268,107.022,107.022,107.022,107.022
t_6269,107.022,107.022,107.022,107.022
t_627,60.1494,60.1494,60.1494,60.1494
t_6270,107.022,107.022,107.022,107.022
t_6271,107.022,107.022,107.022,107.022
t_6272,107.022,107.022,107.022,107.022
t_6273,61.3113,61.3113,61.3113,61.3113
t_6274,60.1494,60.1494,60.1494,60.1494
t_6275,60.1494,60.1494,60.1494,60.1494
t_6276,60.1494,60.1494,60.1494,60.1494
t_6277,60.1494,60.1494,60.1494,60.1494
t_6278,60.1494,60.1494,60.1494,60.1494
t_6279,60.1494,60.1494,60.1494,60.1494
t_628,51.865,51.865,51.865,51.865
t_6280,60.1494,60.1494,60.1494,60.1494
t_6281,81.0042,81.0042,81.0042,81.0042
t_6282,81.0042,81.0042,81.0042,81.0042
t_6283,81.0042,81.0042,81.0042,81.0042
t_6284,81.0042,81.0042,81.0042,81.0042
t_6285,81.0042,81.0042,81.0042,81.0042
t_6286,81.0042,81.0042,81.0042,81.0042
t_6287,81.0042,81.0042,81.0042,81.0042
t_6288,81.0042,81.0042,81.0042,81.0042
t_6289,65.6126,65.6126,65.6126,65.6126
t_629,51.865,51.865,51.865,51.865
t_6290,65.6126,65.6126,65.6126,65.6126
t_6291,65.6126,65.6126,65.6126,65.6126
t_6292,65.6126,65.6126,65.6126,65.6126
t_6293,81.0042,81.0042,81.0042,81.0042
t_6294,81.0042,81.0042,81.0042,81.0042
t_6295,81.0042,81.0042,81.0042,81.0042
t_6296,60.1494,60.1494,60.1494,60.1494
t_6297,51.865,51.865,51.865,51.865
t_6298,51.865,51.865,51.865,51.865
t_6299,9.0,9.0,9.0,9.0
t_63,9.0,9.0,9.0,9.0
t_630,51.865,51.865,51.865,51.865
t_6300,9.0,9.0,9.0,9.0
t_6301,9.0,9.0,9.0,9.0
t_6302,51.865,51.865,51.865,51.865
t_6303,60.1494,60.1494,60.1494,60.1494
t_6304,60.1494,60.1494,60.1494,60.1494
t_6305,107.022,107.022,107.022,107.022
t_6306,107.022,107.022,107.022,107.022
t_6307,107.022,107.022,107.022,107.022
t_6308,107.022,107.022,107.022,107.022
t_6309,107.022,107.022,107.022,107.022
t_631,60.1494,60.1494,60.1494,60.1494
t_6310,107.022,107.022,107.022,107.022
t_6311,107.022,107.022,107.022,107.022
t_6312,107.022,107.022,107.022,107.022
t_6313,107.022,107.022,107.022,107.022
t_6314,107.022,107.022,107.022,107.022
t_6315,107.022,107.022,107.022,107.022
t_6316,107.022,107.022,107.022,107.022
t_6317,107.022,107.022,107.022,107.022
t_6318,107.022,107.022,107.022,107.022
t_6319,107.022,107.022,107.022,107.022
t_632,60.1494,60.1494,60.1494,60.1494
t_6320,81.0042,81.0042,81.0042,81.0042
t_6321,60.1494,60.1494,60.1494,60.1494
t_6322,9.0,9.0,9.0,9.0
t_6323,0.0,0.0,0.0,0.0
t_6324,0.0,0.0,0.0,0.0
t_6325,0.0,0.0,0.0,0.0
t_6326,9.0,9.0,9.0,9.0
t_6327,9.0,9.0,9.0,9.0
t_6328,60.1494,60.1494,60.1494,60.1494
t_6329,107.022,107.022,107.022,107.022
t_633,0.0,0.0,0.0,0.0
t_6330,107.022,107.022,107.022,107.022
t_6331,107.022,107.022,107.022,107.022
t_6332,107.022,107.022,107.022,107.022
t_6333,107.022,107.022,107.022,107.022
t_6334,107.022,107.022,107.022,107.022
t_6335,107.022,107.022,107.022,107.022
t_6336,107.022,107.022,107.022,107.022
t_6337,107.022,107.022,107.022,107.022
t_6338,107.022,107.022,107.022,107.022
t_6339,107.022,107.022,107.022,107.022
t_634,0.0,0.0,0.0,0.0
t_6340,107.022,107.022,107.022,107.022
t_6341,107.022,107.022,107.022,107.022
t_6342,107.022,107.022,107.022,107.022
t_6343,107.022,107.022,107.022,107.022
t_6344,60.1494,60.1494,60.1494,60.1494
t_6345,51.865,51.865,51.865,51.865
t_6346,9.0,9.0,9.0,9.0
t_6347,9.0,9.0,9.0,9.0
t_6348,0.0,0.0,0.0,0.0
t_6349,0.0,0.0,0.0,0.0
t_635,0.0,0.0,0.0,0.0
t_6350,9.0,9.0,9.0,9.0
t_6351,9.0,9.0,9.0,9.0
t_6352,60.1494,60.1494,60.1494,60.1494
t_6353,100.3107,100.3107,100.3107,100.3107
t_6354,107.022,107.022,107.022,107.022
t_6355,107.022,107.022,107.022,107.022
t_6356,107.022,107.022,107.022,107.022
t_6357,107.022,107.022,107.022,107.022
t_6358,107.022,107.022,107.022,107.022
t_6359,107.022,107.022,107.022,107.022
t_636,0.0,0.0,0.0,0.0
t_6360,107.022,107.022,107.022,107.022
t_6361,107.022,107.022,107.022,107.022
t_6362,107.022,107.022,107.022,107.022
t_6363,107.022,107.022,107.022,107.022
t_6364,107.022,107.022,107.022,107.022
t_6365,107.022,107.022,107.022,107.022
t_6366,107.022,107.022,107.022,107.022
t_6367,81.0042,81.0042,81.0042,81.0042
t_6368,60.1494,60.1494,60.1494,60.1494
t_6369,9.0,9.0,9.0,9.0
t_637,0.0,0.0,0.0,0.0
t_6370,9.0,9.0,9.0,9.0
t_6371,0.0,0.0,0.0,0.0
t_6372,0.0,0.0,0.0,0.0
t_6373,0.0,0.0,0.0,0.0
t_6374,9.0,9.0,9.0,9.0
t_6375,9.0,9.0,9.0,9.0
t_6376,60.1494,60.1494,60.1494,60.1494
t_6377,81.0042,81.0042,81.0042,81.0042
t_6378,99.6808,99.6808,99.6808,99.6808
t_6379,99.6808,99.6808,99.6808,99.6808
t_638,0.0,0.0,0.0,0.0
t_6380,99.6808,99.6808,99.6808,99.6808
t_6381,99.6808,99.6808,99.6808,99.6808
t_6382,99.6808,99.6808,99.6808,99.6808
t_6383,99.6808,99.6808,99.6808,99.6808
t_6384,99.6808,99.6808,99.6808,99.6808
t_6385,99.6808,99.6808,99.6808,99.6808
t_6386,99.6808,99.6808,99.6808,99.6808
t_6387,99.6808,99.6808,99.6808,99.6808
t_6388,99.6808,99.6808,99.6808,99.6808
t_6389,99.6808,99.6808,99.6808,99.6808
t_639,0.0,0.0,0.0,0.0
t_6390,99.6808,99.6808,99.6808,99.6808
t_6391,99.6808,99.6808,99.6808,99.6808
t_6392,60.1494,60.1494,60.1494,60.1494
t_6393,51.865,51.865,51.865,51.865
t_6394,51.865,51.865,51.865,51.865
t_6395,9.0,9.0,9.0,9.0
t_6396,0.0,0.0,0.0,0.0
t_6397,9.0,9.0,9.0,9.0
t_6398,51.865,51.865,51.865,51.865
t_6399,60.1494,60.1494,60.1494,60.1494
t_64,60.1494,60.1494,60.1494,60.1494
t_640,0.0,0.0,0.0,0.0
t_6400,75.4476,75.4476,75.4476,75.4476
t_6401,110.0052,110.0052,110.0052,110.0052
t_6402,110.0052,110.0052,110.0052,110.0052
t_6403,110.0052,110.0052,110.0052,110.0052
t_6404,110.0052,110.0052,110.0052,110.0052
t_6405,110.0052,110.0052,110.0052,110.0052
t_6406,110.0052,110.0052,110.0052,110.0052
t_6407,110.0052,110.0052,110.0052,110.0052
t_6408,110.0052,110.0052,110.0052,110.0052
t_6409,110.0052,110.0052,110.0052,110.0052
t_641,60.1494,60.1494,60.1494,60.1494
t_6410,110.0052,110.0052,110.0052,110.0052
t_6411,110.0052,110.0052,110.0052,110.0052
t_6412,110.0052,110.0052,110.0052,110.0052
t_6413,110.0052,110.0052,110.0052,110.0052
t_6414,110.0052,110.0052,110.0052,110.0052
t_6415,110.0052,110.0052,110.0052,110.0052
t_6416,107.022,107.022,107.022,107.022
t_6417,104.5168,104.5168,104.5168,104.5168
t_6418,83.2621,83.2621,83.2621,83.2621
t_6419,83.2621,83.2621,83.2621,83.2621
t_642,60.1494,60.1494,60.1494,60.1494
t_6420,83.2621,83.2621,83.2621,83.2621
t_6421,83.2621,83.2621,83.2621,83.2621
t_6422,83.2621,83.2621,83.2621,83.2621
t_6423,83.2621,83.2621,83.2621,83.2621
t_6424,98.3256,98.3256,98.3256,98.3256
t_6425,110.0052,110.0052,110.0052,110.0052
t_6426,110.0052,110.0052,110.0052,110.0052
t_6427,110.0052,110.0052,110.0052,110.0052
t_6428,110.0052,110.0052,110.0052,110.0052
t_6429,110.0052,110.0052,110.0052,110.0052
t_643,60.1494,60.1494,60.1494,60.1494
t_6430,110.0052,110.0052,110.0052,110.0052
t_6431,110.0052,110.0052,110.0052,110.0052
t_6432,110.0052,110.0052,110.0052,110.0052
t_6433,110.0052,110.0052,110.0052,110.0052
t_6434,110.0052,110.0052,110.0052,110.0052
t_6435,110.0052,110.0052,110.0052,110.0052
t_6436,107.9668,107.9668,107.9668,107.9668
t_6437,110.0052,110.0052,110.0052,110.0052
t_6438,110.0052,110.0052,110.0052,110.0052
t_6439,107.022,107.022,107.022,107.022
t_644,60.1494,60.1494,60.1494,60.1494
t_6440,60.1494,60.1494,60.1494,60.1494
t_6441,51.865,51.865,51.865,51.865
t_6442,0.0,0.0,0.0,0.0
t_6443,0.0,0.0,0.0,0.0
t_6444,0.0,0.0,0.0,0.0
t_6445,0.0,0.0,0.0,0.0
t_6446,0.0,0.0,0.0,0.0
t_6447,9.0,9.0,9.0,9.0
t_6448,60.1494,60.1494,60.1494,60.1494
t_6449,107.022,107.022,107.022,107.022
t_645,60.1494,60.1494,60.1494,60.1494
t_6450,107.022,107.022,107.022,107.022
t_6451,107.022,107.022,107.022,107.022
t_6452,107.022,107.022,107.022,107.022
t_6453,107.022,107.022,107.022,107.022
t_6454,107.022,107.022,107.022,107.022
t_6455,107.022,107.022,107.022,107.022
t_6456,107.022,107.022,107.022,107.022
t_6457,107.022,107.022,107.022,107.022
t_6458,107.022,107.022,107.022,107.022
t_6459,107.022,107.022,107.022,107.022
t_646,60.1494,60.1494,60.1494,60.1494
t_6460,107.022,107.022,107.022,107.022
t_6461,107.022,107.022,107.022,107.022
t_6462,107.022,107.022,107.022,107.022
t_6463,107.022,107.022,107.022,107.022
t_6464,60.1494,60.1494,60.1494,60.1494
t_6465,0.0,0.0,0.0,0.0
t_6466,0.0,0.0,0.0,0.0
t_6467,0.0,0.0,0.0,0.0
t_6468,0.0,0.0,0.0,0.0
t_6469,0.0,0.0,0.0,0.0
t_647,60.1494,60.1494,60.1494,60.1494
t_6470,0.0,0.0,0.0,0.0
t_6471,0.0,0.0,0.0,0.0
t_6472,60.1494,60.1494,60.1494,60.1494
t_6473,107.022,107.022,107.022,107.022
t_6474,107.022,107.022,107.022,107.022
t_6475,107.022,107.022,107.022,107.022
t_6476,107.022,107.022,107.022,107.022
t_6477,107.022,107.022,107.022,107.022
t_6478,107.022,107.022,107.022,107.022
t_6479,107.022,107.022,107.022,107.022
t_648,60.1494,60.1494,60.1494,60.1494
t_6480,107.022,107.022,107.022,107.022
t_6481,107.022,107.022,107.022,107.022
t_6482,107.022,107.022,107.022,107.022
t_6483,107.022,107.022,107.022,107.022
t_6484,102.8699,102.8699,102.8699,102.8699
t_6485,103.4305,103.4305,103.4305,103.4305
t_6486,107.022,107.022,107.022,107.022
t_6487,103.2647,103.2647,103.2647,103.2647
t_6488,60.1494,60.1494,60.1494,60.1494
t_6489,45.5263,45.5263,45.5263,45.5263
t_649,60.1494,60.1494,60.1494,60.1494
t_6490,0.0,0.0,0.0,0.0
t_6491,0.0,0.0,0.0,0.0
t_6492,0.0,0.0,0.0,0.0
t_6493,0.0,0.0,0.0,0.0
t_6494,0.0,0.0,0.0,0.0
t_6495,0.0,0.0,0.0,0.0
t_6496,51.865,51.865,51.865,51.865
t_6497,60.1494,60.1494,60.1494,60.1494
t_6498,60.1494,60.1494,60.1494,60.1494
t_6499,60.1494,60.1494,60.1494,60.1494
t_65,66.3873,66.3873,66.3873,66.3873
t_650,60.1494,60.1494,60.1494,60.1494
t_6500,60.1494,60.1494,60.1494,60.1494
t_6501,60.1494,60.1494,60.1494,60.1494
t_6502,60.1494,60.1494,60.1494,60.1494
t_6503,60.1494,60.1494,60.1494,60.1494
t_6504,60.1494,60.1494,60.1494,60.1494
t_6505,60.1494,60.1494,60.1494,60.1494
t_6506,60.1494,60.1494,60.1494,60.1494
t_6507,60.1494,60.1494,60.1494,60.1494
t_6508,60.1494,60.1494,60.1494,60.1494
t_6509,60.1494,60.1494,60.1494,60.1494
t_651,60.1494,60.1494,60.1494,60.1494
t_6510,60.1494,60.1494,60.1494,60.1494
t_6511,60.1494,60.1494,60.1494,60.1494
t_6512,50.2478,50.2478,50.2478,50.2478
t_6513,0.0,0.0,0.0,0.0
t_6514,0.0,0.0,0.0,0.0
t_6515,0.0,0.0,0.0,0.0
t_6516,0.0,0.0,0.0,0.0
t_6517,0.0,0.0,0.0,0.0
t_6518,0.0,0.0,0.0,0.0
t_6519,0.0,0.0,0.0,0.0
t_652,60.1494,60.1494,60.1494,60.1494
t_6520,9.0,9.0,9.0,9.0
t_6521,60.1494,60.1494,60.1494,60.1494
t_6522,60.1494,60.1494,60.1494,60.1494
t_6523,60.1494,60.1494,60.1494,60.1494
t_6524,60.1494,60.1494,60.1494,60.1494
t_6525,60.1494,60.1494,60.1494,60.1494
t_6526,60.1494,60.1494,60.1494,60.1494
t_6527,60.1494,60.1494,60.1494,60.1494
t_6528,60.1494,60.1494,60.1494,60.1494
t_6529,60.1494,60.1494,60.1494,60.1494
t_653,60.1494,60.1494,60.1494,60.1494
t_6530,60.1494,60.1494,60.1494,60.1494
t_6531,60.1494,60.1494,60.1494,60.1494
t_6532,60.1494,60.1494,60.1494,60.1494
t_6533,60.1494,60.1494,60.1494,60.1494
t_6534,60.1494,60.1494,60.1494,60.1494
t_6535,60.1494,60.1494,60.1494,60.1494
t_6536,45.5263,45.5263,45.5263,45.5263
t_6537,9.0,9.0,9.0,9.0
t_6538,0.0,0.0,0.0,0.0
t_6539,0.0,0.0,0.0,0.0
t_654,60.1494,60.1494,60.1494,60.1494
t_6540,0.0,0.0,0.0,0.0
t_6541,9.0,9.0,9.0,9.0
t_6542,9.0,9.0,9.0,9.0
t_6543,60.1494,60.1494,60.1494,60.1494
t_6544,60.1494,60.1494,60.1494,60.1494
t_6545,110.0052,110.0052,110.0052,110.0052
t_6546,120.7781,120.7781,120.7781,120.7781
t_6547,120.7781,120.7781,120.7781,120.7781
t_6548,115.0464,115.0464,115.0464,115.0464
t_6549,112.2621,112.2621,112.2621,112.2621
t_655,60.1494,60.1494,60.1494,60.1494
t_6550,110.0052,110.0052,110.0052,110.0052
t_6551,110.0052,110.0052,110.0052,110.0052
t_6552,110.0052,110.0052,110.0052,110.0052
t_6553,110.0052,110.0052,110.0052,110.0052
t_6554,79.4691,79.4691,79.4691,79.4691
t_6555,79.4691,79.4691,79.4691,79.4691
t_6556,79.4691,79.4691,79.4691,79.4691
t_6557,79.4691,79.4691,79.4691,79.4691
t_6558,79.4691,79.4691,79.4691,79.4691
t_6559,79.4691,79.4691,79.4691,79.4691
t_656,60.1494,60.1494,60.1494,60.1494
t_6560,60.1494,60.1494,60.1494,60.1494
t_6561,51.865,51.865,51.865,51.865
t_6562,9.0,9.0,9.0,9.0
t_6563,0.0,0.0,0.0,0.0
t_6564,0.0,0.0,0.0,0.0
t_6565,0.0,0.0,0.0,0.0
t_6566,9.0,9.0,9.0,9.0
t_6567,51.865,51.865,51.865,51.865
t_6568,60.1494,60.1494,60.1494,60.1494
t_6569,110.0052,110.0052,110.0052,110.0052
t_657,60.1494,60.1494,60.1494,60.1494
t_6570,110.0052,110.0052,110.0052,110.0052
t_6571,110.0052,110.0052,110.0052,110.0052
t_6572,110.0052,110.0052,110.0052,110.0052
t_6573,110.0052,110.0052,110.0052,110.0052
t_6574,110.0052,110.0052,110.0052,110.0052
t_6575,110.0052,110.0052,110.0052,110.0052
t_6576,110.0052,110.0052,110.0052,110.0052
t_6577,110.0052,110.0052,110.0052,110.0052
t_6578,110.0052,110.0052,110.0052,110.0052
t_6579,110.0052,110.0052,110.0052,110.0052
t_658,46.2235,46.2235,46.2235,46.2235
t_6580,110.0052,110.0052,110.0052,110.0052
t_6581,110.0052,110.0052,110.0052,110.0052
t_6582,110.0052,110.0052,110.0052,110.0052
t_6583,110.0052,110.0052,110.0052,110.0052
t_6584,83.2621,83.2621,83.2621,83.2621
t_6585,60.1494,60.1494,60.1494,60.1494
t_6586,60.1494,60.1494,60.1494,60.1494
t_6587,51.865,51.865,51.865,51.865
t_6588,51.865,51.865,51.865,51.865
t_6589,51.865,51.865,51.865,51.865
t_659,46.2235,46.2235,46.2235,46.2235
t_6590,60.1494,60.1494,60.1494,60.1494
t_6591,60.1494,60.1494,60.1494,60.1494
t_6592,103.6634,103.6634,103.6634,103.6634
t_6593,110.0052,110.0052,110.0052,110.0052
t_6594,110.0052,110.0052,110.0052,110.0052
t_6595,110.0052,110.0052,110.0052,110.0052
t_6596,110.0052,110.0052,110.0052,110.0052
t_6597,110.0052,110.0052,110.0052,110.0052
t_6598,110.0052,110.0052,110.0052,110.0052
t_6599,110.0052,110.0052,110.0052,110.0052
t_66,66.3873,66.3873,66.3873,66.3873
t_660,45.5263,45.5263,45.5263,45.5263
t_6600,110.0052,110.0052,110.0052,110.0052
t_6601,110.0052,110.0052,110.0052,110.0052
t_6602,110.0052,110.0052,110.0052,110.0052
t_6603,110.0052,110.0052,110.0052,110.0052
t_6604,110.0052,110.0052,110.0052,110.0052
t_6605,110.0052,110.0052,110.0052,110.0052
t_6606,110.0052,110.0052,110.0052,110.0052
t_6607,110.0052,110.0052,110.0052,110.0052
t_6608,110.0052,110.0052,110.0052,110.0052
t_6609,83.2621,83.2621,83.2621,83.2621
t_661,45.998,45.998,45.998,45.998
t_6610,60.1494,60.1494,60.1494,60.1494
t_6611,60.1494,60.1494,60.1494,60.1494
t_6612,60.1494,60.1494,60.1494,60.1494
t_6613,60.1494,60.1494,60.1494,60.1494
t_6614,60.1494,60.1494,60.1494,60.1494
t_6615,60.1494,60.1494,60.1494,60.1494
t_6616,110.0052,110.0052,110.0052,110.0052
t_6617,112.3892,112.3892,112.3892,112.3892
t_6618,112.3892,112.3892,112.3892,112.3892
t_6619,112.3892,112.3892,112.3892,112.3892
t_662,46.2235,46.2235,46.2235,46.2235
t_6620,112.3892,112.3892,112.3892,112.3892
t_6621,112.3892,112.3892,112.3892,112.3892
t_6622,112.3892,112.3892,112.3892,112.3892
t_6623,112.3892,112.3892,112.3892,112.3892
t_6624,112.3892,112.3892,112.3892,112.3892
t_6625,111.7986,111.7986,111.7986,111.7986
t_6626,110.0052,110.0052,110.0052,110.0052
t_6627,110.0052,110.0052,110.0052,110.0052
t_6628,110.0052,110.0052,110.0052,110.0052
t_6629,110.0052,110.0052,110.0052,110.0052
t_663,46.2235,46.2235,46.2235,46.2235
t_6630,112.3892,112.3892,112.3892,112.3892
t_6631,112.3892,112.3892,112.3892,112.3892
t_6632,110.0052,110.0052,110.0052,110.0052
t_6633,110.0052,110.0052,110.0052,110.0052
t_6634,91.0344,91.0344,91.0344,91.0344
t_6635,91.0344,91.0344,91.0344,91.0344
t_6636,91.0344,91.0344,91.0344,91.0344
t_6637,91.0344,91.0344,91.0344,91.0344
t_6638,91.0344,91.0344,91.0344,91.0344
t_6639,91.0344,91.0344,91.0344,91.0344
t_664,60.1494,60.1494,60.1494,60.1494
t_6640,110.0052,110.0052,110.0052,110.0052
t_6641,112.3892,112.3892,112.3892,112.3892
t_6642,112.3892,112.3892,112.3892,112.3892
t_6643,112.3892,112.3892,112.3892,112.3892
t_6644,112.3892,112.3892,112.3892,112.3892
t_6645,112.3892,112.3892,112.3892,112.3892
t_6646,112.3892,112.3892,112.3892,112.3892
t_6647,112.3892,112.3892,112.3892,112.3892
t_6648,112.3892,112.3892,112.3892,112.3892
t_6649,110.0052,110.0052,110.0052,110.0052
t_665,60.1494,60.1494,60.1494,60.1494
t_6650,110.0052,110.0052,110.0052,110.0052
t_6651,110.0052,110.0052,110.0052,110.0052
t_6652,110.0052,110.0052,110.0052,110.0052
t_6653,110.0052,110.0052,110.0052,110.0052
t_6654,112.3892,112.3892,112.3892,112.3892
t_6655,112.3892,112.3892,112.3892,112.3892
t_6656,110.0052,110.0052,110.0052,110.0052
t_6657,105.7877,105.7877,105.7877,105.7877
t_6658,91.0344,91.0344,91.0344,91.0344
t_6659,91.0344,91.0344,91.0344,91.0344
t_666,60.1494,60.1494,60.1494,60.1494
t_6660,85.0666,85.0666,85.0666,85.0666
t_6661,85.0666,85.0666,85.0666,85.0666
t_6662,91.0344,91.0344,91.0344,91.0344
t_6663,94.4305,94.4305,94.4305,94.4305
t_6664,110.0052,110.0052,110.0052,110.0052
t_6665,112.3892,112.3892,112.3892,112.3892
t_6666,112.3892,112.3892,112.3892,112.3892
t_6667,112.3892,112.3892,112.3892,112.3892
t_6668,112.3892,112.3892,112.3892,112.3892
t_6669,112.3892,112.3892,112.3892,112.3892
t_667,60.1494,60.1494,60.1494,60.1494
t_6670,112.3892,112.3892,112.3892,112.3892
t_6671,112.3892,112.3892,112.3892,112.3892
t_6672,112.3892,112.3892,112.3892,112.3892
t_6673,110.0052,110.0052,110.0052,110.0052
t_6674,110.0052,110.0052,110.0052,110.0052
t_6675,110.0052,110.0052,110.0052,110.0052
t_6676,110.0052,110.0052,110.0052,110.0052
t_6677,110.0052,110.0052,110.0052,110.0052
t_6678,110.0052,110.0052,110.0052,110.0052
t_6679,110.0052,110.0052,110.0052,110.0052
t_668,60.1494,60.1494,60.1494,60.1494
t_6680,110.0052,110.0052,110.0052,110.0052
t_6681,60.1494,60.1494,60.1494,60.1494
t_6682,60.1494,60.1494,60.1494,60.1494
t_6683,60.1494,60.1494,60.1494,60.1494
t_6684,60.1494,60.1494,60.1494,60.1494
t_6685,60.1494,60.1494,60.1494,60.1494
t_6686,60.1494,60.1494,60.1494,60.1494
t_6687,83.2621,83.2621,83.2621,83.2621
t_6688,110.0052,110.0052,110.0052,110.0052
t_6689,110.0052,110.0052,110.0052,110.0052
t_669,60.1494,60.1494,60.1494,60.1494
t_6690,110.0052,110.0052,110.0052,110.0052
t_6691,110.0052,110.0052,110.0052,110.0052
t_6692,110.0052,110.0052,110.0052,110.0052
t_6693,110.0052,110.0052,110.0052,110.0052
t_6694,110.0052,110.0052,110.0052,110.0052
t_6695,110.0052,110.0052,110.0052,110.0052
t_6696,110.0052,110.0052,110.0052,110.0052
t_6697,110.0052,110.0052,110.0052,110.0052
t_6698,110.0052,110.0052,110.0052,110.0052
t_6699,110.0052,110.0052,110.0052,110.0052
t_67,66.3873,66.3873,66.3873,66.3873
t_670,60.1494,60.1494,60.1494,60.1494
t_6700,110.0052,110.0052,110.0052,110.0052
t_6701,110.0052,110.0052,110.0052,110.0052
t_6702,110.0052,110.0052,110.0052,110.0052
t_6703,110.0052,110.0052,110.0052,110.0052
t_6704,60.1494,60.1494,60.1494,60.1494
t_6705,50.2478,50.2478,50.2478,50.2478
t_6706,0.0,0.0,0.0,0.0
t_6707,0.0,0.0,0.0,0.0
t_6708,0.0,0.0,0.0,0.0
t_6709,0.0,0.0,0.0,0.0
t_671,60.1494,60.1494,60.1494,60.1494
t_6710,0.0,0.0,0.0,0.0
t_6711,9.0,9.0,9.0,9.0
t_6712,60.1494,60.1494,60.1494,60.1494
t_6713,110.0052,110.0052,110.0052,110.0052
t_6714,110.0052,110.0052,110.0052,110.0052
t_6715,110.0052,110.0052,110.0052,110.0052
t_6716,110.0052,110.0052,110.0052,110.0052
t_6717,110.0052,110.0052,110.0052,110.0052
t_6718,110.0052,110.0052,110.0052,110.0052
t_6719,110.0052,110.0052,110.0052,110.0052
t_672,60.1494,60.1494,60.1494,60.1494
t_6720,110.0052,110.0052,110.0052,110.0052
t_6721,110.0052,110.0052,110.0052,110.0052
t_6722,110.0052,110.0052,110.0052,110.0052
t_6723,110.0052,110.0052,110.0052,110.0052
t_6724,110.0052,110.0052,110.0052,110.0052
t_6725,110.0052,110.0052,110.0052,110.0052
t_6726,110.0052,110.0052,110.0052,110.0052
t_6727,110.0052,110.0052,110.0052,110.0052
t_6728,60.1494,60.1494,60.1494,60.1494
t_6729,51.865,51.865,51.865,51.865
t_673,60.1494,60.1494,60.1494,60.1494
t_6730,0.0,0.0,0.0,0.0
t_6731,0.0,0.0,0.0,0.0
t_6732,0.0,0.0,0.0,0.0
t_6733,0.0,0.0,0.0,0.0
t_6734,0.0,0.0,0.0,0.0
t_6735,9.0,9.0,9.0,9.0
t_6736,60.1494,60.1494,60.1494,60.1494
t_6737,110.0052,110.0052,110.0052,110.0052
t_6738,110.0052,110.0052,110.0052,110.0052
t_6739,110.0052,110.0052,110.0052,110.0052
t_674,60.1494,60.1494,60.1494,60.1494
t_6740,110.0052,110.0052,110.0052,110.0052
t_6741,110.0052,110.0052,110.0052,110.0052
t_6742,110.0052,110.0052,110.0052,110.0052
t_6743,110.0052,110.0052,110.0052,110.0052
t_6744,110.0052,110.0052,110.0052,110.0052
t_6745,110.0052,110.0052,110.0052,110.0052
t_6746,110.0052,110.0052,110.0052,110.0052
t_6747,110.0052,110.0052,110.0052,110.0052
t_6748,110.0052,110.0052,110.0052,110.0052
t_6749,110.0052,110.0052,110.0052,110.0052
t_675,60.1494,60.1494,60.1494,60.1494
t_6750,110.0052,110.0052,110.0052,110.0052
t_6751,110.0052,110.0052,110.0052,110.0052
t_6752,83.2621,83.2621,83.2621,83.2621
t_6753,60.1494,60.1494,60.1494,60.1494
t_6754,9.0,9.0,9.0,9.0
t_6755,0.0,0.0,0.0,0.0
t_6756,0.0,0.0,0.0,0.0
t_6757,0.0,0.0,0.0,0.0
t_6758,9.0,9.0,9.0,9.0
t_6759,51.865,51.865,51.865,51.865
t_676,60.1494,60.1494,60.1494,60.1494
t_6760,60.1494,60.1494,60.1494,60.1494
t_6761,110.0052,110.0052,110.0052,110.0052
t_6762,110.0052,110.0052,110.0052,110.0052
t_6763,110.0052,110.0052,110.0052,110.0052
t_6764,110.0052,110.0052,110.0052,110.0052
t_6765,110.0052,110.0052,110.0052,110.0052
t_6766,110.0052,110.0052,110.0052,110.0052
t_6767,110.0052,110.0052,110.0052,110.0052
t_6768,110.0052,110.0052,110.0052,110.0052
t_6769,110.0052,110.0052,110.0052,110.0052
t_677,60.1494,60.1494,60.1494,60.1494
t_6770,110.0052,110.0052,110.0052,110.0052
t_6771,110.0052,110.0052,110.0052,110.0052
t_6772,110.0052,110.0052,110.0052,110.0052
t_6773,110.0052,110.0052,110.0052,110.0052
t_6774,110.0052,110.0052,110.0052,110.0052
t_6775,110.0052,110.0052,110.0052,110.0052
t_6776,94.1588,94.1588,94.1588,94.1588
t_6777,60.1494,60.1494,60.1494,60.1494
t_6778,51.865,51.865,51.865,51.865
t_6779,0.0,0.0,0.0,0.0
t_678,60.1494,60.1494,60.1494,60.1494
t_6780,0.0,0.0,0.0,0.0
t_6781,0.0,0.0,0.0,0.0
t_6782,51.865,51.865,51.865,51.865
t_6783,60.1494,60.1494,60.1494,60.1494
t_6784,83.2621,83.2621,83.2621,83.2621
t_6785,110.0052,110.0052,110.0052,110.0052
t_6786,110.0052,110.0052,110.0052,110.0052
t_6787,110.0052,110.0052,110.0052,110.0052
t_6788,110.0052,110.0052,110.0052,110.0052
t_6789,110.0052,110.0052,110.0052,110.0052
t_679,60.1494,60.1494,60.1494,60.1494
t_6790,110.0052,110.0052,110.0052,110.0052
t_6791,110.0052,110.0052,110.0052,110.0052
t_6792,110.0052,110.0052,110.0052,110.0052
t_6793,110.0052,110.0052,110.0052,110.0052
t_6794,110.0052,110.0052,110.0052,110.0052
t_6795,110.0052,110.0052,110.0052,110.0052
t_6796,110.0052,110.0052,110.0052,110.0052
t_6797,110.0052,110.0052,110.0052,110.0052
t_6798,110.0052,110.0052,110.0052,110.0052
t_6799,110.0052,110.0052,110.0052,110.0052
t_68,66.3873,66.3873,66.3873,66.3873
t_680,60.1494,60.1494,60.1494,60.1494
t_6800,83.2621,83.2621,83.2621,83.2621
t_6801,60.1494,60.1494,60.1494,60.1494
t_6802,9.0,9.0,9.0,9.0
t_6803,0.0,0.0,0.0,0.0
t_6804,0.0,0.0,0.0,0.0
t_6805,0.0,0.0,0.0,0.0
t_6806,9.0,9.0,9.0,9.0
t_6807,51.865,51.865,51.865,51.865
t_6808,68.5239,68.5239,68.5239,68.5239
t_6809,110.0052,110.0052,110.0052,110.0052
t_681,60.1494,60.1494,60.1494,60.1494
t_6810,110.0052,110.0052,110.0052,110.0052
t_6811,110.0052,110.0052,110.0052,110.0052
t_6812,110.0052,110.0052,110.0052,110.0052
t_6813,110.0052,110.0052,110.0052,110.0052
t_6814,110.0052,110.0052,110.0052,110.0052
t_6815,110.0052,110.0052,110.0052,110.0052
t_6816,110.0052,110.0052,110.0052,110.0052
t_6817,110.0052,110.0052,110.0052,110.0052
t_6818,110.0052,110.0052,110.0052,110.0052
t_6819,110.0052,110.0052,110.0052,110.0052
t_682,9.0,9.0,9.0,9.0
t_6820,110.0052,110.0052,110.0052,110.0052
t_6821,110.0052,110.0052,110.0052,110.0052
t_6822,110.0052,110.0052,110.0052,110.0052
t_6823,110.0052,110.0052,110.0052,110.0052
t_6824,83.2621,83.2621,83.2621,83.2621
t_6825,60.1494,60.1494,60.1494,60.1494
t_6826,9.0,9.0,9.0,9.0
t_6827,0.0,0.0,0.0,0.0
t_6828,0.0,0.0,0.0,0.0
t_6829,0.0,0.0,0.0,0.0
t_683,0.0,0.0,0.0,0.0
t_6830,9.0,9.0,9.0,9.0
t_6831,51.865,51.865,51.865,51.865
t_6832,83.2621,83.2621,83.2621,83.2621
t_6833,110.0052,110.0052,110.0052,110.0052
t_6834,110.0052,110.0052,110.0052,110.0052
t_6835,110.0052,110.0052,110.0052,110.0052
t_6836,110.0052,110.0052,110.0052,110.0052
t_6837,110.0052,110.0052,110.0052,110.0052
t_6838,110.0052,110.0052,110.0052,110.0052
t_6839,110.0052,110.0052,110.0052,110.0052
t_684,0.0,0.0,0.0,0.0
t_6840,110.0052,110.0052,110.0052,110.0052
t_6841,110.0052,110.0052,110.0052,110.0052
t_6842,110.0052,110.0052,110.0052,110.0052
t_6843,110.0052,110.0052,110.0052,110.0052
t_6844,110.0052,110.0052,110.0052,110.0052
t_6845,110.0052,110.0052,110.0052,110.0052
t_6846,110.0052,110.0052,110.0052,110.0052
t_6847,110.0052,110.0052,110.0052,110.0052
t_6848,66.3873,66.3873,66.3873,66.3873
t_6849,51.865,51.865,51.865,51.865
t_685,0.0,0.0,0.0,0.0
t_6850,9.0,9.0,9.0,9.0
t_6851,0.0,0.0,0.0,0.0
t_6852,0.0,0.0,0.0,0.0
t_6853,0.0,0.0,0.0,0.0
t_6854,9.0,9.0,9.0,9.0
t_6855,51.865,51.865,51.865,51.865
t_6856,66.3873,66.3873,66.3873,66.3873
t_6857,110.0052,110.0052,110.0052,110.0052
t_6858,110.0052,110.0052,110.0052,110.0052
t_6859,110.0052,110.0052,110.0052,110.0052
t_686,0.0,0.0,0.0,0.0
t_6860,110.0052,110.0052,110.0052,110.0052
t_6861,110.0052,110.0052,110.0052,110.0052
t_6862,110.0052,110.0052,110.0052,110.0052
t_6863,110.0052,110.0052,110.0052,110.0052
t_6864,110.0052,110.0052,110.0052,110.0052
t_6865,110.0052,110.0052,110.0052,110.0052
t_6866,110.0052,110.0052,110.0052,110.0052
t_6867,110.0052,110.0052,110.0052,110.0052
t_6868,110.0052,110.0052,110.0052,110.0052
t_6869,110.0052,110.0052,110.0052,110.0052
t_687,9.0,9.0,9.0,9.0
t_6870,110.0052,110.0052,110.0052,110.0052
t_6871,110.0052,110.0052,110.0052,110.0052
t_6872,66.3873,66.3873,66.3873,66.3873
t_6873,9.0,9.0,9.0,9.0
t_6874,0.0,0.0,0.0,0.0
t_6875,0.0,0.0,0.0,0.0
t_6876,0.0,0.0,0.0,0.0
t_6877,0.0,0.0,0.0,0.0
t_6878,0.0,0.0,0.0,0.0
t_6879,9.0,9.0,9.0,9.0
t_688,51.865,51.865,51.865,51.865
t_6880,66.3873,66.3873,66.3873,66.3873
t_6881,110.0052,110.0052,110.0052,110.0052
t_6882,110.0052,110.0052,110.0052,110.0052
t_6883,110.0052,110.0052,110.0052,110.0052
t_6884,110.0052,110.0052,110.0052,110.0052
t_6885,110.0052,110.0052,110.0052,110.0052
t_6886,110.0052,110.0052,110.0052,110.0052
t_6887,110.0052,110.0052,110.0052,110.0052
t_6888,110.0052,110.0052,110.0052,110.0052
t_6889,110.0052,110.0052,110.0052,110.0052
t_689,87.7104,87.7104,87.7104,87.7104
t_6890,110.0052,110.0052,110.0052,110.0052
t_6891,110.0052,110.0052,110.0052,110.0052
t_6892,110.0052,110.0052,110.0052,110.0052
t_6893,110.0052,110.0052,110.0052,110.0052
t_6894,110.0052,110.0052,110.0052,110.0052
t_6895,110.0052,110.0052,110.0052,110.0052
t_6896,94.757,94.757,94.757,94.757
t_6897,60.1494,60.1494,60.1494,60.1494
t_6898,9.0,9.0,9.0,9.0
t_6899,0.0,0.0,0.0,0.0
t_69,66.3873,66.3873,66.3873,66.3873
t_690,87.7104,87.7104,87.7104,87.7104
t_6900,0.0,0.0,0.0,0.0
t_6901,0.0,0.0,0.0,0.0
t_6902,9.0,9.0,9.0,9.0
t_6903,60.1494,60.1494,60.1494,60.1494
t_6904,83.2621,83.2621,83.2621,83.2621
t_6905,110.0052,110.0052,110.0052,110.0052
t_6906,110.0052,110.0052,110.0052,110.0052
t_6907,110.0052,110.0052,110.0052,110.0052
t_6908,110.0052,110.0052,110.0052,110.0052
t_6909,110.0052,110.0052,110.0052,110.0052
t_691,87.7104,87.7104,87.7104,87.7104
t_6910,110.0052,110.0052,110.0052,110.0052
t_6911,110.0052,110.0052,110.0052,110.0052
t_6912,110.0052,110.0052,110.0052,110.0052
t_6913,110.0052,110.0052,110.0052,110.0052
t_6914,110.0052,110.0052,110.0052,110.0052
t_6915,110.0052,110.0052,110.0052,110.0052
t_6916,110.0052,110.0052,110.0052,110.0052
t_6917,110.0052,110.0052,110.0052,110.0052
t_6918,110.0052,110.0052,110.0052,110.0052
t_6919,110.0052,110.0052,110.0052,110.0052
t_692,87.7104,87.7104,87.7104,87.7104
t_6920,99.5291,99.5291,99.5291,99.5291
t_6921,60.1494,60.1494,60.1494,60.1494
t_6922,9.0,9.0,9.0,9.0
t_6923,0.0,0.0,0.0,0.0
t_6924,0.0,0.0,0.0,0.0
t_6925,0.0,0.0,0.0,0.0
t_6926,0.0,0.0,0.0,0.0
t_6927,9.0,9.0,9.0,9.0
t_6928,83.2621,83.2621,83.2621,83.2621
t_6929,110.0052,110.0052,110.0052,110.0052
t_693,87.7104,87.7104,87.7104,87.7104
t_6930,110.0052,110.0052,110.0052,110.0052
t_6931,110.0052,110.0052,110.0052,110.0052
t_6932,110.0052,110.0052,110.0052,110.0052
t_6933,110.0052,110.0052,110.0052,110.0052
t_6934,110.0052,110.0052,110.0052,110.0052
t_6935,110.0052,110.0052,110.0052,110.0052
t_6936,110.0052,110.0052,110.0052,110.0052
t_6937,110.0052,110.0052,110.0052,110.0052
t_6938,110.0052,110.0052,110.0052,110.0052
t_6939,110.0052,110.0052,110.0052,110.0052
t_694,87.7104,87.7104,87.7104,87.7104
t_6940,110.0052,110.0052,110.0052,110.0052
t_6941,110.0052,110.0052,110.0052,110.0052
t_6942,110.0052,110.0052,110.0052,110.0052
t_6943,110.0052,110.0052,110.0052,110.0052
t_6944,83.2621,83.2621,83.2621,83.2621
t_6945,60.1494,60.1494,60.1494,60.1494
t_6946,9.0,9.0,9.0,9.0
t_6947,0.0,0.0,0.0,0.0
t_6948,0.0,0.0,0.0,0.0
t_6949,0.0,0.0,0.0,0.0
t_695,87.7104,87.7104,87.7104,87.7104
t_6950,9.0,9.0,9.0,9.0
t_6951,50.6517,50.6517,50.6517,50.6517
t_6952,64.0319,64.0319,64.0319,64.0319
t_6953,110.0052,110.0052,110.0052,110.0052
t_6954,110.0052,110.0052,110.0052,110.0052
t_6955,110.0052,110.0052,110.0052,110.0052
t_6956,110.0052,110.0052,110.0052,110.0052
t_6957,110.0052,110.0052,110.0052,110.0052
t_6958,110.0052,110.0052,110.0052,110.0052
t_6959,110.0052,110.0052,110.0052,110.0052
t_696,87.7104,87.7104,87.7104,87.7104
t_6960,110.0052,110.0052,110.0052,110.0052
t_6961,110.0052,110.0052,110.0052,110.0052
t_6962,110.0052,110.0052,110.0052,110.0052
t_6963,110.0052,110.0052,110.0052,110.0052
t_6964,110.0052,110.0052,110.0052,110.0052
t_6965,110.0052,110.0052,110.0052,110.0052
t_6966,110.0052,110.0052,110.0052,110.0052
t_6967,110.0052,110.0052,110.0052,110.0052
t_6968,106.1641,106.1641,106.1641,106.1641
t_6969,60.1494,60.1494,60.1494,60.1494
t_697,87.7104,87.7104,87.7104,87.7104
t_6970,51.865,51.865,51.865,51.865
t_6971,9.0,9.0,9.0,9.0
t_6972,0.0,0.0,0.0,0.0
t_6973,0.0,0.0,0.0,0.0
t_6974,50.6053,50.6053,50.6053,50.6053
t_6975,51.865,51.865,51.865,51.865
t_6976,83.2621,83.2621,83.2621,83.2621
t_6977,110.0052,110.0052,110.0052,110.0052
t_6978,110.0052,110.0052,110.0052,110.0052
t_6979,110.0052,110.0052,110.0052,110.0052
t_698,87.7104,87.7104,87.7104,87.7104
t_6980,110.0052,110.0052,110.0052,110.0052
t_6981,110.0052,110.0052,110.0052,110.0052
t_6982,110.0052,110.0052,110.0052,110.0052
t_6983,110.0052,110.0052,110.0052,110.0052
t_6984,110.0052,110.0052,110.0052,110.0052
t_6985,110.0052,110.0052,110.0052,110.0052
t_6986,110.0052,110.0052,110.0052,110.0052
t_6987,110.0052,110.0052,110.0052,110.0052
t_6988,110.0052,110.0052,110.0052,110.0052
t_6989,110.0052,110.0052,110.0052,110.0052
t_699,87.7104,87.7104,87.7104,87.7104
t_6990,110.0052,110.0052,110.0052,110.0052
t_6991,110.0052,110.0052,110.0052,110.0052
t_6992,83.2621,83.2621,83.2621,83.2621
t_6993,51.865,51.865,51.865,51.865
t_6994,0.0,0.0,0.0,0.0
t_6995,0.0,0.0,0.0,0.0
t_6996,0.0,0.0,0.0,0.0
t_6997,0.0,0.0,0.0,0.0
t_6998,0.0,0.0,0.0,0.0
t_6999,9.0,9.0,9.0,9.0
t_7,51.865,51.865,51.865,51.865
t_70,66.3873,66.3873,66.3873,66.3873
t_700,71.0447,71.0447,71.0447,71.0447
t_7000,60.1494,60.1494,60.1494,60.1494
t_7001,110.0052,110.0052,110.0052,110.0052
t_7002,110.0052,110.0052,110.0052,110.0052
t_7003,110.0052,110.0052,110.0052,110.0052
t_7004,110.0052,110.0052,110.0052,110.0052
t_7005,110.0052,110.0052,110.0052,110.0052
t_7006,110.0052,110.0052,110.0052,110.0052
t_7007,110.0052,110.0052,110.0052,110.0052
t_7008,110.0052,110.0052,110.0052,110.0052
t_7009,110.0052,110.0052,110.0052,110.0052
t_701,71.0447,71.0447,71.0447,71.0447
t_7010,110.0052,110.0052,110.0052,110.0052
t_7011,110.0052,110.0052,110.0052,110.0052
t_7012,110.0052,110.0052,110.0052,110.0052
t_7013,110.0052,110.0052,110.0052,110.0052
t_7014,110.0052,110.0052,110.0052,110.0052
t_7015,110.0052,110.0052,110.0052,110.0052
t_7016,60.1494,60.1494,60.1494,60.1494
t_7017,9.0,9.0,9.0,9.0
t_7018,0.0,0.0,0.0,0.0
t_7019,0.0,0.0,0.0,0.0
t_702,71.0447,71.0447,71.0447,71.0447
t_7020,0.0,0.0,0.0,0.0
t_7021,0.0,0.0,0.0,0.0
t_7022,0.0,0.0,0.0,0.0
t_7023,0.0,0.0,0.0,0.0
t_7024,60.1494,60.1494,60.1494,60.1494
t_7025,110.0052,110.0052,110.0052,110.0052
t_7026,110.0052,110.0052,110.0052,110.0052
t_7027,110.0052,110.0052,110.0052,110.0052
t_7028,110.0052,110.0052,110.0052,110.0052
t_7029,110.0052,110.0052,110.0052,110.0052
t_703,87.7104,87.7104,87.7104,87.7104
t_7030,110.0052,110.0052,110.0052,110.0052
t_7031,110.0052,110.0052,110.0052,110.0052
t_7032,110.0052,110.0052,110.0052,110.0052
t_7033,110.0052,110.0052,110.0052,110.0052
t_7034,110.0052,110.0052,110.0052,110.0052
t_7035,110.0052,110.0052,110.0052,110.0052
t_7036,110.0052,110.0052,110.0052,110.0052
t_7037,110.0052,110.0052,110.0052,110.0052
t_7038,110.0052,110.0052,110.0052,110.0052
t_7039,110.0052,110.0052,110.0052,110.0052
t_704,87.7104,87.7104,87.7104,87.7104
t_7040,83.2621,83.2621,83.2621,83.2621
t_7041,51.865,51.865,51.865,51.865
t_7042,9.0,9.0,9.0,9.0
t_7043,0.0,0.0,0.0,0.0
t_7044,0.0,0.0,0.0,0.0
t_7045,0.0,0.0,0.0,0.0
t_7046,9.0,9.0,9.0,9.0
t_7047,51.865,51.865,51.865,51.865
t_7048,83.2621,83.2621,83.2621,83.2621
t_7049,110.0052,110.0052,110.0052,110.0052
t_705,87.7104,87.7104,87.7104,87.7104
t_7050,110.0052,110.0052,110.0052,110.0052
t_7051,110.0052,110.0052,110.0052,110.0052
t_7052,110.0052,110.0052,110.0052,110.0052
t_7053,110.0052,110.0052,110.0052,110.0052
t_7054,110.0052,110.0052,110.0052,110.0052
t_7055,110.0052,110.0052,110.0052,110.0052
t_7056,110.0052,110.0052,110.0052,110.0052
t_7057,110.0052,110.0052,110.0052,110.0052
t_7058,110.0052,110.0052,110.0052,110.0052
t_7059,110.0052,110.0052,110.0052,110.0052
t_706,60.1494,60.1494,60.1494,60.1494
t_7060,110.0052,110.0052,110.0052,110.0052
t_7061,110.0052,110.0052,110.0052,110.0052
t_7062,110.0052,110.0052,110.0052,110.0052
t_7063,110.0052,110.0052,110.0052,110.0052
t_7064,110.0052,110.0052,110.0052,110.0052
t_7065,83.2621,83.2621,83.2621,83.2621
t_7066,60.1494,60.1494,60.1494,60.1494
t_7067,60.1494,60.1494,60.1494,60.1494
t_7068,60.1494,60.1494,60.1494,60.1494
t_7069,60.1494,60.1494,60.1494,60.1494
t_707,60.1494,60.1494,60.1494,60.1494
t_7070,60.1494,60.1494,60.1494,60.1494
t_7071,60.1494,60.1494,60.1494,60.1494
t_7072,110.0052,110.0052,110.0052,110.0052
t_7073,110.0052,110.0052,110.0052,110.0052
t_7074,110.0052,110.0052,110.0052,110.0052
t_7075,110.0052,110.0052,110.0052,110.0052
t_7076,110.0052,110.0052,110.0052,110.0052
t_7077,110.0052,110.0052,110.0052,110.0052
t_7078,110.0052,110.0052,110.0052,110.0052
t_7079,110.0052,110.0052,110.0052,110.0052
t_708,56.2063,56.2063,56.2063,56.2063
t_7080,110.0052,110.0052,110.0052,110.0052
t_7081,110.0052,110.0052,110.0052,110.0052
t_7082,110.0052,110.0052,110.0052,110.0052
t_7083,102.2642,102.2642,102.2642,102.2642
t_7084,97.2717,97.2717,97.2717,97.2717
t_7085,100.7217,100.7217,100.7217,100.7217
t_7086,110.0052,110.0052,110.0052,110.0052
t_7087,110.0052,110.0052,110.0052,110.0052
t_7088,60.1494,60.1494,60.1494,60.1494
t_7089,51.865,51.865,51.865,51.865
t_709,51.865,51.865,51.865,51.865
t_7090,9.0,9.0,9.0,9.0
t_7091,0.0,0.0,0.0,0.0
t_7092,0.0,0.0,0.0,0.0
t_7093,0.0,0.0,0.0,0.0
t_7094,9.0,9.0,9.0,9.0
t_7095,51.865,51.865,51.865,51.865
t_7096,60.1494,60.1494,60.1494,60.1494
t_7097,110.0052,110.0052,110.0052,110.0052
t_7098,110.0052,110.0052,110.0052,110.0052
t_7099,110.0052,110.0052,110.0052,110.0052
t_71,66.3873,66.3873,66.3873,66.3873
t_710,56.2063,56.2063,56.2063,56.2063
t_7100,110.0052,110.0052,110.0052,110.0052
t_7101,110.0052,110.0052,110.0052,110.0052
t_7102,110.0052,110.0052,110.0052,110.0052
t_7103,110.0052,110.0052,110.0052,110.0052
t_7104,110.0052,110.0052,110.0052,110.0052
t_7105,110.0052,110.0052,110.0052,110.0052
t_7106,110.0052,110.0052,110.0052,110.0052
t_7107,110.0052,110.0052,110.0052,110.0052
t_7108,110.0052,110.0052,110.0052,110.0052
t_7109,110.0052,110.0052,110.0052,110.0052
t_711,60.1494,60.1494,60.1494,60.1494
t_7110,110.0052,110.0052,110.0052,110.0052
t_7111,110.0052,110.0052,110.0052,110.0052
t_7112,83.2621,83.2621,83.2621,83.2621
t_7113,60.1494,60.1494,60.1494,60.1494
t_7114,0.0,0.0,0.0,0.0
t_7115,0.0,0.0,0.0,0.0
t_7116,0.0,0.0,0.0,0.0
t_7117,0.0,0.0,0.0,0.0
t_7118,0.0,0.0,0.0,0.0
t_7119,51.865,51.865,51.865,51.865
t_712,60.1494,60.1494,60.1494,60.1494
t_7120,83.2621,83.2621,83.2621,83.2621
t_7121,110.0052,110.0052,110.0052,110.0052
t_7122,110.0052,110.0052,110.0052,110.0052
t_7123,110.0052,110.0052,110.0052,110.0052
t_7124,110.0052,110.0052,110.0052,110.0052
t_7125,110.0052,110.0052,110.0052,110.0052
t_7126,110.0052,110.0052,110.0052,110.0052
t_7127,110.0052,110.0052,110.0052,110.0052
t_7128,110.0052,110.0052,110.0052,110.0052
t_7129,110.0052,110.0052,110.0052,110.0052
t_713,74.2595,74.2595,74.2595,74.2595
t_7130,110.0052,110.0052,110.0052,110.0052
t_7131,110.0052,110.0052,110.0052,110.0052
t_7132,110.0052,110.0052,110.0052,110.0052
t_7133,110.0052,110.0052,110.0052,110.0052
t_7134,110.0052,110.0052,110.0052,110.0052
t_7135,110.0052,110.0052,110.0052,110.0052
t_7136,110.0052,110.0052,110.0052,110.0052
t_7137,60.1494,60.1494,60.1494,60.1494
t_7138,42.0098,42.0098,42.0098,42.0098
t_7139,9.0,9.0,9.0,9.0
t_714,74.2595,74.2595,74.2595,74.2595
t_7140,0.0,0.0,0.0,0.0
t_7141,0.0,0.0,0.0,0.0
t_7142,42.0098,42.0098,42.0098,42.0098
t_7143,51.865,51.865,51.865,51.865
t_7144,83.2621,83.2621,83.2621,83.2621
t_7145,110.0052,110.0052,110.0052,110.0052
t_7146,110.0052,110.0052,110.0052,110.0052
t_7147,110.0052,110.0052,110.0052,110.0052
t_7148,110.0052,110.0052,110.0052,110.0052
t_7149,110.0052,110.0052,110.0052,110.0052
t_715,74.2595,74.2595,74.2595,74.2595
t_7150,110.0052,110.0052,110.0052,110.0052
t_7151,110.0052,110.0052,110.0052,110.0052
t_7152,110.0052,110.0052,110.0052,110.0052
t_7153,110.0052,110.0052,110.0052,110.0052
t_7154,110.0052,110.0052,110.0052,110.0052
t_7155,110.0052,110.0052,110.0052,110.0052
t_7156,110.0052,110.0052,110.0052,110.0052
t_7157,110.0052,110.0052,110.0052,110.0052
t_7158,110.0052,110.0052,110.0052,110.0052
t_7159,110.0052,110.0052,110.0052,110.0052
t_716,74.2595,74.2595,74.2595,74.2595
t_7160,102.9535,102.9535,102.9535,102.9535
t_7161,60.1494,60.1494,60.1494,60.1494
t_7162,9.0,9.0,9.0,9.0
t_7163,0.0,0.0,0.0,0.0
t_7164,0.0,0.0,0.0,0.0
t_7165,0.0,0.0,0.0,0.0
t_7166,9.0,9.0,9.0,9.0
t_7167,51.865,51.865,51.865,51.865
t_7168,83.2621,83.2621,83.2621,83.2621
t_7169,110.0052,110.0052,110.0052,110.0052
t_717,74.2595,74.2595,74.2595,74.2595
t_7170,110.0052,110.0052,110.0052,110.0052
t_7171,110.0052,110.0052,110.0052,110.0052
t_7172,110.0052,110.0052,110.0052,110.0052
t_7173,110.0052,110.0052,110.0052,110.0052
t_7174,110.0052,110.0052,110.0052,110.0052
t_7175,110.0052,110.0052,110.0052,110.0052
t_7176,110.0052,110.0052,110.0052,110.0052
t_7177,110.0052,110.0052,110.0052,110.0052
t_7178,110.0052,110.0052,110.0052,110.0052
t_7179,110.0052,110.0052,110.0052,110.0052
t_718,74.2595,74.2595,74.2595,74.2595
t_7180,110.0052,110.0052,110.0052,110.0052
t_7181,110.0052,110.0052,110.0052,110.0052
t_7182,110.0052,110.0052,110.0052,110.0052
t_7183,110.0052,110.0052,110.0052,110.0052
t_7184,83.2621,83.2621,83.2621,83.2621
t_7185,60.1494,60.1494,60.1494,60.1494
t_7186,50.2478,50.2478,50.2478,50.2478
t_7187,9.0,9.0,9.0,9.0
t_7188,0.0,0.0,0.0,0.0
t_7189,0.0,0.0,0.0,0.0
t_719,74.2595,74.2595,74.2595,74.2595
t_7190,50.2478,50.2478,50.2478,50.2478
t_7191,51.865,51.865,51.865,51.865
t_7192,83.2621,83.2621,83.2621,83.2621
t_7193,110.0052,110.0052,110.0052,110.0052
t_7194,110.0052,110.0052,110.0052,110.0052
t_7195,110.0052,110.0052,110.0052,110.0052
t_7196,110.0052,110.0052,110.0052,110.0052
t_7197,110.0052,110.0052,110.0052,110.0052
t_7198,110.0052,110.0052,110.0052,110.0052
t_7199,110.0052,110.0052,110.0052,110.0052
t_72,66.3873,66.3873,66.3873,66.3873
t_720,66.3873,66.3873,66.3873,66.3873
t_7200,110.0052,110.0052,110.0052,110.0052
t_7201,110.0052,110.0052,110.0052,110.0052
t_7202,110.0052,110.0052,110.0052,110.0052
t_7203,110.0052,110.0052,110.0052,110.0052
t_7204,110.0052,110.0052,110.0052,110.0052
t_7205,110.0052,110.0052,110.0052,110.0052
t_7206,110.0052,110.0052,110.0052,110.0052
t_7207,110.0052,110.0052,110.0052,110.0052
t_7208,83.2621,83.2621,83.2621,83.2621
t_7209,60.1494,60.1494,60.1494,60.1494
t_721,66.3873,66.3873,66.3873,66.3873
t_7210,51.865,51.865,51.865,51.865
t_7211,9.0,9.0,9.0,9.0
t_7212,0.0,0.0,0.0,0.0
t_7213,0.0,0.0,0.0,0.0
t_7214,50.9008,50.9008,50.9008,50.9008
t_7215,60.1494,60.1494,60.1494,60.1494
t_7216,83.2621,83.2621,83.2621,83.2621
t_7217,113.2032,113.2032,113.2032,113.2032
t_7218,113.2032,113.2032,113.2032,113.2032
t_7219,113.2032,113.2032,113.2032,113.2032
t_722,66.3873,66.3873,66.3873,66.3873
t_7220,113.2032,113.2032,113.2032,113.2032
t_7221,113.2032,113.2032,113.2032,113.2032
t_7222,113.2032,113.2032,113.2032,113.2032
t_7223,113.2032,113.2032,113.2032,113.2032
t_7224,111.3475,111.3475,111.3475,111.3475
t_7225,113.2032,113.2032,113.2032,113.2032
t_7226,113.2032,113.2032,113.2032,113.2032
t_7227,113.2032,113.2032,113.2032,113.2032
t_7228,110.0052,110.0052,110.0052,110.0052
t_7229,113.2032,113.2032,113.2032,113.2032
t_723,66.3873,66.3873,66.3873,66.3873
t_7230,113.2032,113.2032,113.2032,113.2032
t_7231,113.2032,113.2032,113.2032,113.2032
t_7232,113.2032,113.2032,113.2032,113.2032
t_7233,110.0052,110.0052,110.0052,110.0052
t_7234,91.6938,91.6938,91.6938,91.6938
t_7235,91.6938,91.6938,91.6938,91.6938
t_7236,91.6938,91.6938,91.6938,91.6938
t_7237,91.6938,91.6938,91.6938,91.6938
t_7238,91.7905,91.7905,91.7905,91.7905
t_7239,110.0052,110.0052,110.0052,110.0052
t_724,66.3873,66.3873,66.3873,66.3873
t_7240,113.2032,113.2032,113.2032,113.2032
t_7241,113.2032,113.2032,113.2032,113.2032
t_7242,113.2032,113.2032,113.2032,113.2032
t_7243,113.2032,113.2032,113.2032,113.2032
t_7244,113.2032,113.2032,113.2032,113.2032
t_7245,113.2032,113.2032,113.2032,113.2032
t_7246,113.2032,113.2032,113.2032,113.2032
t_7247,113.2032,113.2032,113.2032,113.2032
t_7248,113.2032,113.2032,113.2032,113.2032
t_7249,113.2032,113.2032,113.2032,113.2032
t_725,66.3873,66.3873,66.3873,66.3873
t_7250,113.2032,113.2032,113.2032,113.2032
t_7251,113.2032,113.2032,113.2032,113.2032
t_7252,110.0052,110.0052,110.0052,110.0052
t_7253,110.0052,110.0052,110.0052,110.0052
t_7254,110.0052,110.0052,110.0052,110.0052
t_7255,113.2032,113.2032,113.2032,113.2032
t_7256,110.0052,110.0052,110.0052,110.0052
t_7257,105.3948,105.3948,105.3948,105.3948
t_7258,85.6827,85.6827,85.6827,85.6827
t_7259,85.6827,85.6827,85.6827,85.6827
t_726,60.1494,60.1494,60.1494,60.1494
t_7260,85.6827,85.6827,85.6827,85.6827
t_7261,85.6827,85.6827,85.6827,85.6827
t_7262,85.6827,85.6827,85.6827,85.6827
t_7263,85.6827,85.6827,85.6827,85.6827
t_7264,110.0052,110.0052,110.0052,110.0052
t_7265,113.2032,113.2032,113.2032,113.2032
t_7266,113.2032,113.2032,113.2032,113.2032
t_7267,113.2032,113.2032,113.2032,113.2032
t_7268,113.2032,113.2032,113.2032,113.2032
t_7269,113.2032,113.2032,113.2032,113.2032
t_727,74.2595,74.2595,74.2595,74.2595
t_7270,113.2032,113.2032,113.2032,113.2032
t_7271,113.2032,113.2032,113.2032,113.2032
t_7272,110.0052,110.0052,110.0052,110.0052
t_7273,110.0052,110.0052,110.0052,110.0052
t_7274,110.0052,110.0052,110.0052,110.0052
t_7275,110.0052,110.0052,110.0052,110.0052
t_7276,110.0052,110.0052,110.0052,110.0052
t_7277,110.0052,110.0052,110.0052,110.0052
t_7278,110.0052,110.0052,110.0052,110.0052
t_7279,110.0052,110.0052,110.0052,110.0052
t_728,74.2595,74.2595,74.2595,74.2595
t_7280,110.0052,110.0052,110.0052,110.0052
t_7281,60.1494,60.1494,60.1494,60.1494
t_7282,60.1494,60.1494,60.1494,60.1494
t_7283,60.1494,60.1494,60.1494,60.1494
t_7284,60.1494,60.1494,60.1494,60.1494
t_7285,60.1494,60.1494,60.1494,60.1494
t_7286,60.1494,60.1494,60.1494,60.1494
t_7287,60.1494,60.1494,60.1494,60.1494
t_7288,110.0052,110.0052,110.0052,110.0052
t_7289,110.0052,110.0052,110.0052,110.0052
t_729,60.1494,60.1494,60.1494,60.1494
t_7290,110.0052,110.0052,110.0052,110.0052
t_7291,110.0052,110.0052,110.0052,110.0052
t_7292,110.0052,110.0052,110.0052,110.0052
t_7293,110.0052,110.0052,110.0052,110.0052
t_7294,110.0052,110.0052,110.0052,110.0052
t_7295,110.0052,110.0052,110.0052,110.0052
t_7296,110.0052,110.0052,110.0052,110.0052
t_7297,110.0052,110.0052,110.0052,110.0052
t_7298,110.0052,110.0052,110.0052,110.0052
t_7299,110.0052,110.0052,110.0052,110.0052
t_73,60.1494,60.1494,60.1494,60.1494
t_730,0.0,0.0,0.0,0.0
t_7300,101.1812,101.1812,101.1812,101.1812
t_7301,99.7885,99.7885,99.7885,99.7885
t_7302,110.0052,110.0052,110.0052,110.0052
t_7303,110.0052,110.0052,110.0052,110.0052
t_7304,83.2621,83.2621,83.2621,83.2621
t_7305,60.1494,60.1494,60.1494,60.1494
t_7306,51.865,51.865,51.865,51.865
t_7307,9.0,9.0,9.0,9.0
t_7308,9.0,9.0,9.0,9.0
t_7309,9.0,9.0,9.0,9.0
t_731,0.0,0.0,0.0,0.0
t_7310,51.865,51.865,51.865,51.865
t_7311,51.865,51.865,51.865,51.865
t_7312,83.2621,83.2621,83.2621,83.2621
t_7313,110.0052,110.0052,110.0052,110.0052
t_7314,110.0052,110.0052,110.0052,110.0052
t_7315,110.0052,110.0052,110.0052,110.0052
t_7316,110.0052,110.0052,110.0052,110.0052
t_7317,110.0052,110.0052,110.0052,110.0052
t_7318,110.0052,110.0052,110.0052,110.0052
t_7319,110.0052,110.0052,110.0052,110.0052
t_732,0.0,0.0,0.0,0.0
t_7320,110.0052,110.0052,110.0052,110.0052
t_7321,110.0052,110.0052,110.0052,110.0052
t_7322,110.0052,110.0052,110.0052,110.0052
t_7323,109.756,109.756,109.756,109.756
t_7324,94.9609,94.9609,94.9609,94.9609
t_7325,83.2621,83.2621,83.2621,83.2621
t_7326,67.4415,67.4415,67.4415,67.4415
t_7327,83.2621,83.2621,83.2621,83.2621
t_7328,64.0319,64.0319,64.0319,64.0319
t_7329,45.5263,45.5263,45.5263,45.5263
t_733,0.0,0.0,0.0,0.0
t_7330,0.0,0.0,0.0,0.0
t_7331,0.0,0.0,0.0,0.0
t_7332,0.0,0.0,0.0,0.0
t_7333,0.0,0.0,0.0,0.0
t_7334,0.0,0.0,0.0,0.0
t_7335,9.0,9.0,9.0,9.0
t_7336,60.1494,60.1494,60.1494,60.1494
t_7337,60.1494,60.1494,60.1494,60.1494
t_7338,60.1494,60.1494,60.1494,60.1494
t_7339,60.1494,60.1494,60.1494,60.1494
t_734,0.0,0.0,0.0,0.0
t_7340,60.1494,60.1494,60.1494,60.1494
t_7341,60.1494,60.1494,60.1494,60.1494
t_7342,60.1494,60.1494,60.1494,60.1494
t_7343,60.1494,60.1494,60.1494,60.1494
t_7344,60.1494,60.1494,60.1494,60.1494
t_7345,60.1494,60.1494,60.1494,60.1494
t_7346,60.1494,60.1494,60.1494,60.1494
t_7347,60.1494,60.1494,60.1494,60.1494
t_7348,60.1494,60.1494,60.1494,60.1494
t_7349,60.1494,60.1494,60.1494,60.1494
t_735,0.0,0.0,0.0,0.0
t_7350,60.1494,60.1494,60.1494,60.1494
t_7351,60.1494,60.1494,60.1494,60.1494
t_7352,51.865,51.865,51.865,51.865
t_7353,0.0,0.0,0.0,0.0
t_7354,0.0,0.0,0.0,0.0
t_7355,0.0,0.0,0.0,0.0
t_7356,0.0,0.0,0.0,0.0
t_7357,0.0,0.0,0.0,0.0
t_7358,0.0,0.0,0.0,0.0
t_7359,0.0,0.0,0.0,0.0
t_736,45.5263,45.5263,45.5263,45.5263
t_7360,45.5263,45.5263,45.5263,45.5263
t_7361,60.1494,60.1494,60.1494,60.1494
t_7362,60.1494,60.1494,60.1494,60.1494
t_7363,60.1494,60.1494,60.1494,60.1494
t_7364,60.1494,60.1494,60.1494,60.1494
t_7365,60.1494,60.1494,60.1494,60.1494
t_7366,60.1494,60.1494,60.1494,60.1494
t_7367,60.1494,60.1494,60.1494,60.1494
t_7368,60.1494,60.1494,60.1494,60.1494
t_7369,60.1494,60.1494,60.1494,60.1494
t_737,60.1494,60.1494,60.1494,60.1494
t_7370,60.1494,60.1494,60.1494,60.1494
t_7371,60.1494,60.1494,60.1494,60.1494
t_7372,60.1494,60.1494,60.1494,60.1494
t_7373,60.1494,60.1494,60.1494,60.1494
t_7374,60.1494,60.1494,60.1494,60.1494
t_7375,60.1494,60.1494,60.1494,60.1494
t_7376,60.1494,60.1494,60.1494,60.1494
t_7377,0.0,0.0,0.0,0.0
t_7378,0.0,0.0,0.0,0.0
t_7379,0.0,0.0,0.0,0.0
t_738,60.1494,60.1494,60.1494,60.1494
t_7380,0.0,0.0,0.0,0.0
t_7381,0.0,0.0,0.0,0.0
t_7382,0.0,0.0,0.0,0.0
t_7383,0.0,0.0,0.0,0.0
t_7384,51.865,51.865,51.865,51.865
t_7385,60.1494,60.1494,60.1494,60.1494
t_7386,60.1494,60.1494,60.1494,60.1494
t_7387,60.1494,60.1494,60.1494,60.1494
t_7388,60.1494,60.1494,60.1494,60.1494
t_7389,60.1494,60.1494,60.1494,60.1494
t_739,60.1494,60.1494,60.1494,60.1494
t_7390,60.1494,60.1494,60.1494,60.1494
t_7391,60.1494,60.1494,60.1494,60.1494
t_7392,60.1494,60.1494,60.1494,60.1494
t_7393,60.1494,60.1494,60.1494,60.1494
t_7394,60.1494,60.1494,60.1494,60.1494
t_7395,60.1494,60.1494,60.1494,60.1494
t_7396,60.1494,60.1494,60.1494,60.1494
t_7397,60.1494,60.1494,60.1494,60.1494
t_7398,60.1494,60.1494,60.1494,60.1494
t_7399,60.1494,60.1494,60.1494,60.1494
t_74,60.1494,60.1494,60.1494,60.1494
t_740,60.1494,60.1494,60.1494,60.1494
t_7400,45.5263,45.5263,45.5263,45.5263
t_7401,0.0,0.0,0.0,0.0
t_7402,0.0,0.0,0.0,0.0
t_7403,0.0,0.0,0.0,0.0
t_7404,0.0,0.0,0.0,0.0
t_7405,0.0,0.0,0.0,0.0
t_7406,0.0,0.0,0.0,0.0
t_7407,0.0,0.0,0.0,0.0
t_7408,51.865,51.865,51.865,51.865
t_7409,60.1494,60.1494,60.1494,60.1494
t_741,60.1494,60.1494,60.1494,60.1494
t_7410,60.1494,60.1494,60.1494,60.1494
t_7411,60.1494,60.1494,60.1494,60.1494
t_7412,60.1494,60.1494,60.1494,60.1494
t_7413,60.1494,60.1494,60.1494,60.1494
t_7414,60.1494,60.1494,60.1494,60.1494
t_7415,60.1494,60.1494,60.1494,60.1494
t_7416,60.1494,60.1494,60.1494,60.1494
t_7417,60.1494,60.1494,60.1494,60.1494
t_7418,60.1494,60.1494,60.1494,60.1494
t_7419,60.1494,60.1494,60.1494,60.1494
t_742,60.1494,60.1494,60.1494,60.1494
t_7420,60.1494,60.1494,60.1494,60.1494
t_7421,60.1494,60.1494,60.1494,60.1494
t_7422,60.1494,60.1494,60.1494,60.1494
t_7423,60.1494,60.1494,60.1494,60.1494
t_7424,51.865,51.865,51.865,51.865
t_7425,0.0,0.0,0.0,0.0
t_7426,0.0,0.0,0.0,0.0
t_7427,0.0,0.0,0.0,0.0
t_7428,0.0,0.0,0.0,0.0
t_7429,0.0,0.0,0.0,0.0
t_743,60.1494,60.1494,60.1494,60.1494
t_7430,0.0,0.0,0.0,0.0
t_7431,0.0,0.0,0.0,0.0
t_7432,60.1494,60.1494,60.1494,60.1494
t_7433,94.0915,94.0915,94.0915,94.0915
t_7434,94.0915,94.0915,94.0915,94.0915
t_7435,94.0915,94.0915,94.0915,94.0915
t_7436,94.0915,94.0915,94.0915,94.0915
t_7437,94.0915,94.0915,94.0915,94.0915
t_7438,94.0915,94.0915,94.0915,94.0915
t_7439,94.0915,94.0915,94.0915,94.0915
t_744,60.1494,60.1494,60.1494,60.1494
t_7440,94.0915,94.0915,94.0915,94.0915
t_7441,94.0915,94.0915,94.0915,94.0915
t_7442,89.817,89.817,89.817,89.817
t_7443,87.7104,87.7104,87.7104,87.7104
t_7444,94.0915,94.0915,94.0915,94.0915
t_7445,94.0915,94.0915,94.0915,94.0915
t_7446,94.0915,94.0915,94.0915,94.0915
t_7447,94.0915,94.0915,94.0915,94.0915
t_7448,60.1494,60.1494,60.1494,60.1494
t_7449,0.0,0.0,0.0,0.0
t_745,60.1494,60.1494,60.1494,60.1494
t_7450,0.0,0.0,0.0,0.0
t_7451,0.0,0.0,0.0,0.0
t_7452,0.0,0.0,0.0,0.0
t_7453,0.0,0.0,0.0,0.0
t_7454,0.0,0.0,0.0,0.0
t_7455,51.865,51.865,51.865,51.865
t_7456,71.2171,71.2171,71.2171,71.2171
t_7457,110.0052,110.0052,110.0052,110.0052
t_7458,110.0052,110.0052,110.0052,110.0052
t_7459,110.0052,110.0052,110.0052,110.0052
t_746,60.1494,60.1494,60.1494,60.1494
t_7460,110.0052,110.0052,110.0052,110.0052
t_7461,110.0052,110.0052,110.0052,110.0052
t_7462,110.0052,110.0052,110.0052,110.0052
t_7463,110.0052,110.0052,110.0052,110.0052
t_7464,110.0052,110.0052,110.0052,110.0052
t_7465,110.0052,110.0052,110.0052,110.0052
t_7466,110.0052,110.0052,110.0052,110.0052
t_7467,110.0052,110.0052,110.0052,110.0052
t_7468,110.0052,110.0052,110.0052,110.0052
t_7469,110.0052,110.0052,110.0052,110.0052
t_747,60.1494,60.1494,60.1494,60.1494
t_7470,110.0052,110.0052,110.0052,110.0052
t_7471,110.0052,110.0052,110.0052,110.0052
t_7472,87.7104,87.7104,87.7104,87.7104
t_7473,9.0,9.0,9.0,9.0
t_7474,0.0,0.0,0.0,0.0
t_7475,0.0,0.0,0.0,0.0
t_7476,0.0,0.0,0.0,0.0
t_7477,0.0,0.0,0.0,0.0
t_7478,0.0,0.0,0.0,0.0
t_7479,60.1494,60.1494,60.1494,60.1494
t_748,60.1494,60.1494,60.1494,60.1494
t_7480,83.2621,83.2621,83.2621,83.2621
t_7481,110.0052,110.0052,110.0052,110.0052
t_7482,110.0052,110.0052,110.0052,110.0052
t_7483,110.0052,110.0052,110.0052,110.0052
t_7484,110.0052,110.0052,110.0052,110.0052
t_7485,110.0052,110.0052,110.0052,110.0052
t_7486,110.0052,110.0052,110.0052,110.0052
t_7487,110.0052,110.0052,110.0052,110.0052
t_7488,110.0052,110.0052,110.0052,110.0052
t_7489,110.0052,110.0052,110.0052,110.0052
t_749,60.1494,60.1494,60.1494,60.1494
t_7490,110.0052,110.0052,110.0052,110.0052
t_7491,110.0052,110.0052,110.0052,110.0052
t_7492,110.0052,110.0052,110.0052,110.0052
t_7493,110.0052,110.0052,110.0052,110.0052
t_7494,110.0052,110.0052,110.0052,110.0052
t_7495,110.0052,110.0052,110.0052,110.0052
t_7496,110.0052,110.0052,110.0052,110.0052
t_7497,60.1494,60.1494,60.1494,60.1494
t_7498,60.1494,60.1494,60.1494,60.1494
t_7499,60.1494,60.1494,60.1494,60.1494
t_75,60.1494,60.1494,60.1494,60.1494
t_750,60.1494,60.1494,60.1494,60.1494
t_7500,9.0,9.0,9.0,9.0
t_7501,60.1494,60.1494,60.1494,60.1494
t_7502,60.1494,60.1494,60.1494,60.1494
t_7503,60.1494,60.1494,60.1494,60.1494
t_7504,110.0052,110.0052,110.0052,110.0052
t_7505,121.7683,121.7683,121.7683,121.7683
t_7506,121.7683,121.7683,121.7683,121.7683
t_7507,121.7683,121.7683,121.7683,121.7683
t_7508,121.7683,121.7683,121.7683,121.7683
t_7509,121.7683,121.7683,121.7683,121.7683
t_751,60.1494,60.1494,60.1494,60.1494
t_7510,121.7683,121.7683,121.7683,121.7683
t_7511,121.7683,121.7683,121.7683,121.7683
t_7512,110.0052,110.0052,110.0052,110.0052
t_7513,110.0052,110.0052,110.0052,110.0052
t_7514,110.0052,110.0052,110.0052,110.0052
t_7515,110.0052,110.0052,110.0052,110.0052
t_7516,110.0052,110.0052,110.0052,110.0052
t_7517,110.0052,110.0052,110.0052,110.0052
t_7518,110.0052,110.0052,110.0052,110.0052
t_7519,110.0052,110.0052,110.0052,110.0052
t_752,60.1494,60.1494,60.1494,60.1494
t_7520,110.0052,110.0052,110.0052,110.0052
t_7521,95.8362,95.8362,95.8362,95.8362
t_7522,89.1034,89.1034,89.1034,89.1034
t_7523,89.1034,89.1034,89.1034,89.1034
t_7524,89.1034,89.1034,89.1034,89.1034
t_7525,89.1034,89.1034,89.1034,89.1034
t_7526,89.1034,89.1034,89.1034,89.1034
t_7527,103.4136,103.4136,103.4136,103.4136
t_7528,110.0052,110.0052,110.0052,110.0052
t_7529,110.0052,110.0052,110.0052,110.0052
t_753,51.865,51.865,51.865,51.865
t_7530,110.0052,110.0052,110.0052,110.0052
t_7531,110.0052,110.0052,110.0052,110.0052
t_7532,110.0052,110.0052,110.0052,110.0052
t_7533,110.0052,110.0052,110.0052,110.0052
t_7534,110.0052,110.0052,110.0052,110.0052
t_7535,110.0052,110.0052,110.0052,110.0052
t_7536,110.0052,110.0052,110.0052,110.0052
t_7537,110.0052,110.0052,110.0052,110.0052
t_7538,108.1733,108.1733,108.1733,108.1733
t_7539,103.6181,103.6181,103.6181,103.6181
t_754,0.0,0.0,0.0,0.0
t_7540,99.8805,99.8805,99.8805,99.8805
t_7541,95.1299,95.1299,95.1299,95.1299
t_7542,96.8809,96.8809,96.8809,96.8809
t_7543,110.0052,110.0052,110.0052,110.0052
t_7544,96.569,96.569,96.569,96.569
t_7545,83.2621,83.2621,83.2621,83.2621
t_7546,83.2621,83.2621,83.2621,83.2621
t_7547,83.2621,83.2621,83.2621,83.2621
t_7548,66.3873,66.3873,66.3873,66.3873
t_7549,66.3873,66.3873,66.3873,66.3873
t_755,0.0,0.0,0.0,0.0
t_7550,83.2621,83.2621,83.2621,83.2621
t_7551,83.2621,83.2621,83.2621,83.2621
t_7552,110.0052,110.0052,110.0052,110.0052
t_7553,110.0052,110.0052,110.0052,110.0052
t_7554,110.0052,110.0052,110.0052,110.0052
t_7555,110.0052,110.0052,110.0052,110.0052
t_7556,110.0052,110.0052,110.0052,110.0052
t_7557,110.0052,110.0052,110.0052,110.0052
t_7558,110.0052,110.0052,110.0052,110.0052
t_7559,109.4506,109.4506,109.4506,109.4506
t_756,0.0,0.0,0.0,0.0
t_7560,95.3159,95.3159,95.3159,95.3159
t_7561,109.8471,109.8471,109.8471,109.8471
t_7562,101.2856,101.2856,101.2856,101.2856
t_7563,89.1034,89.1034,89.1034,89.1034
t_7564,89.1034,89.1034,89.1034,89.1034
t_7565,89.1034,89.1034,89.1034,89.1034
t_7566,96.3298,96.3298,96.3298,96.3298
t_7567,110.0052,110.0052,110.0052,110.0052
t_7568,110.0052,110.0052,110.0052,110.0052
t_7569,110.0052,110.0052,110.0052,110.0052
t_757,0.0,0.0,0.0,0.0
t_7570,89.1034,89.1034,89.1034,89.1034
t_7571,89.1034,89.1034,89.1034,89.1034
t_7572,89.1034,89.1034,89.1034,89.1034
t_7573,89.1034,89.1034,89.1034,89.1034
t_7574,96.0554,96.0554,96.0554,96.0554
t_7575,110.0052,110.0052,110.0052,110.0052
t_7576,110.0052,110.0052,110.0052,110.0052
t_7577,110.0052,110.0052,110.0052,110.0052
t_7578,110.0052,110.0052,110.0052,110.0052
t_7579,110.0052,110.0052,110.0052,110.0052
t_758,0.0,0.0,0.0,0.0
t_7580,110.0052,110.0052,110.0052,110.0052
t_7581,110.0052,110.0052,110.0052,110.0052
t_7582,110.0052,110.0052,110.0052,110.0052
t_7583,110.0052,110.0052,110.0052,110.0052
t_7584,110.0052,110.0052,110.0052,110.0052
t_7585,110.0052,110.0052,110.0052,110.0052
t_7586,110.0052,110.0052,110.0052,110.0052
t_7587,110.0052,110.0052,110.0052,110.0052
t_7588,110.0052,110.0052,110.0052,110.0052
t_7589,110.0052,110.0052,110.0052,110.0052
t_759,0.0,0.0,0.0,0.0
t_7590,110.0052,110.0052,110.0052,110.0052
t_7591,110.0052,110.0052,110.0052,110.0052
t_7592,110.0052,110.0052,110.0052,110.0052
t_7593,110.0052,110.0052,110.0052,110.0052
t_7594,110.0052,110.0052,110.0052,110.0052
t_7595,97.4043,97.4043,97.4043,97.4043
t_7596,97.4043,97.4043,97.4043,97.4043
t_7597,97.4043,97.4043,97.4043,97.4043
t_7598,99.9174,99.9174,99.9174,99.9174
t_7599,110.0052,110.0052,110.0052,110.0052
t_76,60.1494,60.1494,60.1494,60.1494
t_760,60.1494,60.1494,60.1494,60.1494
t_7600,110.0052,110.0052,110.0052,110.0052
t_7601,110.0052,110.0052,110.0052,110.0052
t_7602,110.0052,110.0052,110.0052,110.0052
t_7603,110.0052,110.0052,110.0052,110.0052
t_7604,110.0052,110.0052,110.0052,110.0052
t_7605,110.0052,110.0052,110.0052,110.0052
t_7606,110.0052,110.0052,110.0052,110.0052
t_7607,110.0052,110.0052,110.0052,110.0052
t_7608,110.0052,110.0052,110.0052,110.0052
t_7609,98.5582,98.5582,98.5582,98.5582
t_761,107.022,107.022,107.022,107.022
t_7610,97.0576,97.0576,97.0576,97.0576
t_7611,97.0145,97.0145,97.0145,97.0145
t_7612,97.0145,97.0145,97.0145,97.0145
t_7613,97.0145,97.0145,97.0145,97.0145
t_7614,97.2703,97.2703,97.2703,97.2703
t_7615,110.0052,110.0052,110.0052,110.0052
t_7616,109.6223,109.6223,109.6223,109.6223
t_7617,83.2621,83.2621,83.2621,83.2621
t_7618,66.8958,66.8958,66.8958,66.8958
t_7619,66.3873,66.3873,66.3873,66.3873
t_762,107.3108,107.3108,107.3108,107.3108
t_7620,60.1494,60.1494,60.1494,60.1494
t_7621,66.3873,66.3873,66.3873,66.3873
t_7622,66.8958,66.8958,66.8958,66.8958
t_7623,83.2621,83.2621,83.2621,83.2621
t_7624,110.0052,110.0052,110.0052,110.0052
t_7625,110.0052,110.0052,110.0052,110.0052
t_7626,110.0052,110.0052,110.0052,110.0052
t_7627,110.0052,110.0052,110.0052,110.0052
t_7628,110.0052,110.0052,110.0052,110.0052
t_7629,110.0052,110.0052,110.0052,110.0052
t_763,107.3108,107.3108,107.3108,107.3108
t_7630,110.0052,110.0052,110.0052,110.0052
t_7631,110.0052,110.0052,110.0052,110.0052
t_7632,106.3352,106.3352,106.3352,106.3352
t_7633,87.7104,87.7104,87.7104,87.7104
t_7634,83.2621,83.2621,83.2621,83.2621
t_7635,83.2621,83.2621,83.2621,83.2621
t_7636,83.2621,83.2621,83.2621,83.2621
t_7637,83.2621,83.2621,83.2621,83.2621
t_7638,87.7104,87.7104,87.7104,87.7104
t_7639,102.7938,102.7938,102.7938,102.7938
t_764,107.3108,107.3108,107.3108,107.3108
t_7640,102.7938,102.7938,102.7938,102.7938
t_7641,83.2621,83.2621,83.2621,83.2621
t_7642,83.2621,83.2621,83.2621,83.2621
t_7643,60.1494,60.1494,60.1494,60.1494
t_7644,60.1494,60.1494,60.1494,60.1494
t_7645,60.5265,60.5265,60.5265,60.5265
t_7646,83.2621,83.2621,83.2621,83.2621
t_7647,105.4888,105.4888,105.4888,105.4888
t_7648,110.0052,110.0052,110.0052,110.0052
t_7649,110.0052,110.0052,110.0052,110.0052
t_765,107.3108,107.3108,107.3108,107.3108
t_7650,110.0052,110.0052,110.0052,110.0052
t_7651,110.0052,110.0052,110.0052,110.0052
t_7652,110.0052,110.0052,110.0052,110.0052
t_7653,110.0052,110.0052,110.0052,110.0052
t_7654,110.0052,110.0052,110.0052,110.0052
t_7655,110.0052,110.0052,110.0052,110.0052
t_7656,110.0052,110.0052,110.0052,110.0052
t_7657,110.0052,110.0052,110.0052,110.0052
t_7658,110.0052,110.0052,110.0052,110.0052
t_7659,110.0052,110.0052,110.0052,110.0052
t_766,107.3108,107.3108,107.3108,107.3108
t_7660,99.6521,99.6521,99.6521,99.6521
t_7661,96.1593,96.1593,96.1593,96.1593
t_7662,98.4097,98.4097,98.4097,98.4097
t_7663,110.0052,110.0052,110.0052,110.0052
t_7664,110.0052,110.0052,110.0052,110.0052
t_7665,100.9839,100.9839,100.9839,100.9839
t_7666,67.4415,67.4415,67.4415,67.4415
t_7667,67.4415,67.4415,67.4415,67.4415
t_7668,67.4415,67.4415,67.4415,67.4415
t_7669,67.4415,67.4415,67.4415,67.4415
t_767,107.3108,107.3108,107.3108,107.3108
t_7670,67.4415,67.4415,67.4415,67.4415
t_7671,67.4415,67.4415,67.4415,67.4415
t_7672,83.2621,83.2621,83.2621,83.2621
t_7673,83.2621,83.2621,83.2621,83.2621
t_7674,83.2621,83.2621,83.2621,83.2621
t_7675,83.2621,83.2621,83.2621,83.2621
t_7676,83.2621,83.2621,83.2621,83.2621
t_7677,83.2621,83.2621,83.2621,83.2621
t_7678,83.2621,83.2621,83.2621,83.2621
t_7679,67.4415,67.4415,67.4415,67.4415
t_768,107.3108,107.3108,107.3108,107.3108
t_7680,60.1494,60.1494,60.1494,60.1494
t_7681,60.1494,60.1494,60.1494,60.1494
t_7682,60.1494,60.1494,60.1494,60.1494
t_7683,60.1494,60.1494,60.1494,60.1494
t_7684,60.1494,60.1494,60.1494,60.1494
t_7685,60.1494,60.1494,60.1494,60.1494
t_7686,60.1494,60.1494,60.1494,60.1494
t_7687,60.1494,60.1494,60.1494,60.1494
t_7688,60.1494,60.1494,60.1494,60.1494
t_7689,51.865,51.865,51.865,51.865
t_769,107.3108,107.3108,107.3108,107.3108
t_7690,9.0,9.0,9.0,9.0
t_7691,9.0,9.0,9.0,9.0
t_7692,0.0,0.0,0.0,0.0
t_7693,0.0,0.0,0.0,0.0
t_7694,9.0,9.0,9.0,9.0
t_7695,9.0,9.0,9.0,9.0
t_7696,51.865,51.865,51.865,51.865
t_7697,60.1494,60.1494,60.1494,60.1494
t_7698,60.1494,60.1494,60.1494,60.1494
t_7699,60.1494,60.1494,60.1494,60.1494
t_77,60.1494,60.1494,60.1494,60.1494
t_770,107.3108,107.3108,107.3108,107.3108
t_7700,60.1494,60.1494,60.1494,60.1494
t_7701,60.1494,60.1494,60.1494,60.1494
t_7702,60.1494,60.1494,60.1494,60.1494
t_7703,60.1494,60.1494,60.1494,60.1494
t_7704,60.1494,60.1494,60.1494,60.1494
t_7705,60.1494,60.1494,60.1494,60.1494
t_7706,60.1494,60.1494,60.1494,60.1494
t_7707,52.3635,52.3635,52.3635,52.3635
t_7708,52.057,52.057,52.057,52.057
t_7709,51.865,51.865,51.865,51.865
t_771,107.022,107.022,107.022,107.022
t_7710,51.865,51.865,51.865,51.865
t_7711,51.865,51.865,51.865,51.865
t_7712,9.0,9.0,9.0,9.0
t_7713,0.0,0.0,0.0,0.0
t_7714,0.0,0.0,0.0,0.0
t_7715,0.0,0.0,0.0,0.0
t_7716,0.0,0.0,0.0,0.0
t_7717,0.0,0.0,0.0,0.0
t_7718,0.0,0.0,0.0,0.0
t_7719,0.0,0.0,0.0,0.0
t_772,107.022,107.022,107.022,107.022
t_7720,9.0,9.0,9.0,9.0
t_7721,60.1494,60.1494,60.1494,60.1494
t_7722,60.1494,60.1494,60.1494,60.1494
t_7723,60.1494,60.1494,60.1494,60.1494
t_7724,60.1494,60.1494,60.1494,60.1494
t_7725,60.1494,60.1494,60.1494,60.1494
t_7726,60.1494,60.1494,60.1494,60.1494
t_7727,60.1494,60.1494,60.1494,60.1494
t_7728,60.1494,60.1494,60.1494,60.1494
t_7729,60.1494,60.1494,60.1494,60.1494
t_773,107.022,107.022,107.022,107.022
t_7730,60.1494,60.1494,60.1494,60.1494
t_7731,60.1494,60.1494,60.1494,60.1494
t_7732,60.1494,60.1494,60.1494,60.1494
t_7733,60.1494,60.1494,60.1494,60.1494
t_7734,60.1494,60.1494,60.1494,60.1494
t_7735,60.1494,60.1494,60.1494,60.1494
t_7736,60.1494,60.1494,60.1494,60.1494
t_7737,9.0,9.0,9.0,9.0
t_7738,0.0,0.0,0.0,0.0
t_7739,0.0,0.0,0.0,0.0
t_774,107.3108,107.3108,107.3108,107.3108
t_7740,0.0,0.0,0.0,0.0
t_7741,0.0,0.0,0.0,0.0
t_7742,0.0,0.0,0.0,0.0
t_7743,9.0,9.0,9.0,9.0
t_7744,60.1494,60.1494,60.1494,60.1494
t_7745,110.0052,110.0052,110.0052,110.0052
t_7746,110.0052,110.0052,110.0052,110.0052
t_7747,110.0052,110.0052,110.0052,110.0052
t_7748,110.0052,110.0052,110.0052,110.0052
t_7749,110.0052,110.0052,110.0052,110.0052
t_775,107.3108,107.3108,107.3108,107.3108
t_7750,110.0052,110.0052,110.0052,110.0052
t_7751,110.0052,110.0052,110.0052,110.0052
t_7752,110.0052,110.0052,110.0052,110.0052
t_7753,110.0052,110.0052,110.0052,110.0052
t_7754,110.0052,110.0052,110.0052,110.0052
t_7755,110.0052,110.0052,110.0052,110.0052
t_7756,110.0052,110.0052,110.0052,110.0052
t_7757,110.0052,110.0052,110.0052,110.0052
t_7758,110.0052,110.0052,110.0052,110.0052
t_7759,110.0052,110.0052,110.0052,110.0052
t_776,107.3108,107.3108,107.3108,107.3108
t_7760,94.8886,94.8886,94.8886,94.8886
t_7761,60.1494,60.1494,60.1494,60.1494
t_7762,9.0,9.0,9.0,9.0
t_7763,9.0,9.0,9.0,9.0
t_7764,0.0,0.0,0.0,0.0
t_7765,0.0,0.0,0.0,0.0
t_7766,9.0,9.0,9.0,9.0
t_7767,60.1494,60.1494,60.1494,60.1494
t_7768,66.3873,66.3873,66.3873,66.3873
t_7769,83.2621,83.2621,83.2621,83.2621
t_777,99.1585,99.1585,99.1585,99.1585
t_7770,83.2621,83.2621,83.2621,83.2621
t_7771,83.2621,83.2621,83.2621,83.2621
t_7772,83.2621,83.2621,83.2621,83.2621
t_7773,83.2621,83.2621,83.2621,83.2621
t_7774,83.2621,83.2621,83.2621,83.2621
t_7775,83.2621,83.2621,83.2621,83.2621
t_7776,79.4691,79.4691,79.4691,79.4691
t_7777,60.1494,60.1494,60.1494,60.1494
t_7778,60.1494,60.1494,60.1494,60.1494
t_7779,60.1494,60.1494,60.1494,60.1494
t_778,81.2228,81.2228,81.2228,81.2228
t_7780,60.1494,60.1494,60.1494,60.1494
t_7781,60.1494,60.1494,60.1494,60.1494
t_7782,60.1494,60.1494,60.1494,60.1494
t_7783,60.1494,60.1494,60.1494,60.1494
t_7784,60.1494,60.1494,60.1494,60.1494
t_7785,51.865,51.865,51.865,51.865
t_7786,0.0,0.0,0.0,0.0
t_7787,0.0,0.0,0.0,0.0
t_7788,0.0,0.0,0.0,0.0
t_7789,0.0,0.0,0.0,0.0
t_779,81.2228,81.2228,81.2228,81.2228
t_7790,0.0,0.0,0.0,0.0
t_7791,9.0,9.0,9.0,9.0
t_7792,60.1494,60.1494,60.1494,60.1494
t_7793,99.3772,99.3772,99.3772,99.3772
t_7794,99.3772,99.3772,99.3772,99.3772
t_7795,99.3772,99.3772,99.3772,99.3772
t_7796,99.3772,99.3772,99.3772,99.3772
t_7797,99.3772,99.3772,99.3772,99.3772
t_7798,99.3772,99.3772,99.3772,99.3772
t_7799,99.3772,99.3772,99.3772,99.3772
t_78,66.3873,66.3873,66.3873,66.3873
t_780,81.0042,81.0042,81.0042,81.0042
t_7800,99.3772,99.3772,99.3772,99.3772
t_7801,99.3772,99.3772,99.3772,99.3772
t_7802,99.3772,99.3772,99.3772,99.3772
t_7803,97.7063,97.7063,97.7063,97.7063
t_7804,83.2621,83.2621,83.2621,83.2621
t_7805,94.0321,94.0321,94.0321,94.0321
t_7806,99.3772,99.3772,99.3772,99.3772
t_7807,99.3772,99.3772,99.3772,99.3772
t_7808,75.2179,75.2179,75.2179,75.2179
t_7809,60.1494,60.1494,60.1494,60.1494
t_781,81.0042,81.0042,81.0042,81.0042
t_7810,52.9075,52.9075,52.9075,52.9075
t_7811,42.0098,42.0098,42.0098,42.0098
t_7812,42.0098,42.0098,42.0098,42.0098
t_7813,51.865,51.865,51.865,51.865
t_7814,52.9075,52.9075,52.9075,52.9075
t_7815,66.3873,66.3873,66.3873,66.3873
t_7816,110.0052,110.0052,110.0052,110.0052
t_7817,116.5778,116.5778,116.5778,116.5778
t_7818,116.5778,116.5778,116.5778,116.5778
t_7819,116.5778,116.5778,116.5778,116.5778
t_782,81.2228,81.2228,81.2228,81.2228
t_7820,116.5778,116.5778,116.5778,116.5778
t_7821,116.5778,116.5778,116.5778,116.5778
t_7822,116.5778,116.5778,116.5778,116.5778
t_7823,116.5778,116.5778,116.5778,116.5778
t_7824,116.5778,116.5778,116.5778,116.5778
t_7825,116.4177,116.4177,116.4177,116.4177
t_7826,111.4387,111.4387,111.4387,111.4387
t_7827,110.0052,110.0052,110.0052,110.0052
t_7828,110.0052,110.0052,110.0052,110.0052
t_7829,110.0052,110.0052,110.0052,110.0052
t_783,81.2228,81.2228,81.2228,81.2228
t_7830,110.2219,110.2219,110.2219,110.2219
t_7831,116.5778,116.5778,116.5778,116.5778
t_7832,110.0052,110.0052,110.0052,110.0052
t_7833,71.4711,71.4711,71.4711,71.4711
t_7834,60.1494,60.1494,60.1494,60.1494
t_7835,60.1494,60.1494,60.1494,60.1494
t_7836,60.1494,60.1494,60.1494,60.1494
t_7837,60.1494,60.1494,60.1494,60.1494
t_7838,60.1494,60.1494,60.1494,60.1494
t_7839,88.237,88.237,88.237,88.237
t_784,107.3108,107.3108,107.3108,107.3108
t_7840,111.4387,111.4387,111.4387,111.4387
t_7841,116.9799,116.9799,116.9799,116.9799
t_7842,116.9799,116.9799,116.9799,116.9799
t_7843,116.9799,116.9799,116.9799,116.9799
t_7844,116.9799,116.9799,116.9799,116.9799
t_7845,116.9799,116.9799,116.9799,116.9799
t_7846,116.9799,116.9799,116.9799,116.9799
t_7847,116.9799,116.9799,116.9799,116.9799
t_7848,116.5778,116.5778,116.5778,116.5778
t_7849,110.0052,110.0052,110.0052,110.0052
t_785,127.4961,127.4961,127.4961,127.4961
t_7850,110.0052,110.0052,110.0052,110.0052
t_7851,110.0052,110.0052,110.0052,110.0052
t_7852,110.0052,110.0052,110.0052,110.0052
t_7853,110.0052,110.0052,110.0052,110.0052
t_7854,110.0052,110.0052,110.0052,110.0052
t_7855,110.0052,110.0052,110.0052,110.0052
t_7856,110.0052,110.0052,110.0052,110.0052
t_7857,60.1494,60.1494,60.1494,60.1494
t_7858,60.1494,60.1494,60.1494,60.1494
t_7859,60.1494,60.1494,60.1494,60.1494
t_786,127.4961,127.4961,127.4961,127.4961
t_7860,51.865,51.865,51.865,51.865
t_7861,51.865,51.865,51.865,51.865
t_7862,60.1494,60.1494,60.1494,60.1494
t_7863,60.1494,60.1494,60.1494,60.1494
t_7864,102.759,102.759,102.759,102.759
t_7865,110.0052,110.0052,110.0052,110.0052
t_7866,110.0052,110.0052,110.0052,110.0052
t_7867,110.0052,110.0052,110.0052,110.0052
t_7868,110.0052,110.0052,110.0052,110.0052
t_7869,110.0052,110.0052,110.0052,110.0052
t_787,127.4961,127.4961,127.4961,127.4961
t_7870,110.0052,110.0052,110.0052,110.0052
t_7871,110.0052,110.0052,110.0052,110.0052
t_7872,110.0052,110.0052,110.0052,110.0052
t_7873,109.6741,109.6741,109.6741,109.6741
t_7874,94.7251,94.7251,94.7251,94.7251
t_7875,83.2621,83.2621,83.2621,83.2621
t_7876,83.2621,83.2621,83.2621,83.2621
t_7877,83.2621,83.2621,83.2621,83.2621
t_7878,83.2621,83.2621,83.2621,83.2621
t_7879,83.2621,83.2621,83.2621,83.2621
t_788,127.4961,127.4961,127.4961,127.4961
t_7880,83.2621,83.2621,83.2621,83.2621
t_7881,60.1494,60.1494,60.1494,60.1494
t_7882,60.1494,60.1494,60.1494,60.1494
t_7883,60.1494,60.1494,60.1494,60.1494
t_7884,60.1494,60.1494,60.1494,60.1494
t_7885,60.1494,60.1494,60.1494,60.1494
t_7886,60.1494,60.1494,60.1494,60.1494
t_7887,60.1494,60.1494,60.1494,60.1494
t_7888,98.4381,98.4381,98.4381,98.4381
t_7889,110.0052,110.0052,110.0052,110.0052
t_789,127.4961,127.4961,127.4961,127.4961
t_7890,110.0052,110.0052,110.0052,110.0052
t_7891,110.0052,110.0052,110.0052,110.0052
t_7892,110.0052,110.0052,110.0052,110.0052
t_7893,110.0052,110.0052,110.0052,110.0052
t_7894,110.0052,110.0052,110.0052,110.0052
t_7895,110.0052,110.0052,110.0052,110.0052
t_7896,96.66,96.66,96.66,96.66
t_7897,110.0052,110.0052,110.0052,110.0052
t_7898,99.8512,99.8512,99.8512,99.8512
t_7899,98.2057,98.2057,98.2057,98.2057
t_79,66.3873,66.3873,66.3873,66.3873
t_790,127.4961,127.4961,127.4961,127.4961
t_7900,97.1331,97.1331,97.1331,97.1331
t_7901,97.2118,97.2118,97.2118,97.2118
t_7902,98.9941,98.9941,98.9941,98.9941
t_7903,110.0052,110.0052,110.0052,110.0052
t_7904,110.0052,110.0052,110.0052,110.0052
t_7905,110.0052,110.0052,110.0052,110.0052
t_7906,89.1034,89.1034,89.1034,89.1034
t_7907,96.095,96.095,96.095,96.095
t_7908,89.1034,89.1034,89.1034,89.1034
t_7909,89.1034,89.1034,89.1034,89.1034
t_791,127.4961,127.4961,127.4961,127.4961
t_7910,99.6265,99.6265,99.6265,99.6265
t_7911,110.0052,110.0052,110.0052,110.0052
t_7912,110.0052,110.0052,110.0052,110.0052
t_7913,111.4387,111.4387,111.4387,111.4387
t_7914,111.4387,111.4387,111.4387,111.4387
t_7915,111.4387,111.4387,111.4387,111.4387
t_7916,111.4387,111.4387,111.4387,111.4387
t_7917,110.0052,110.0052,110.0052,110.0052
t_7918,110.0052,110.0052,110.0052,110.0052
t_7919,110.0052,110.0052,110.0052,110.0052
t_792,111.7917,111.7917,111.7917,111.7917
t_7920,110.0052,110.0052,110.0052,110.0052
t_7921,106.5082,106.5082,106.5082,106.5082
t_7922,102.3723,102.3723,102.3723,102.3723
t_7923,99.9412,99.9412,99.9412,99.9412
t_7924,99.7308,99.7308,99.7308,99.7308
t_7925,99.6265,99.6265,99.6265,99.6265
t_7926,101.2218,101.2218,101.2218,101.2218
t_7927,110.0052,110.0052,110.0052,110.0052
t_7928,110.0052,110.0052,110.0052,110.0052
t_7929,110.0052,110.0052,110.0052,110.0052
t_793,107.3108,107.3108,107.3108,107.3108
t_7930,106.5082,106.5082,106.5082,106.5082
t_7931,99.7057,99.7057,99.7057,99.7057
t_7932,90.2645,90.2645,90.2645,90.2645
t_7933,90.2645,90.2645,90.2645,90.2645
t_7934,100.0515,100.0515,100.0515,100.0515
t_7935,110.0052,110.0052,110.0052,110.0052
t_7936,110.0052,110.0052,110.0052,110.0052
t_7937,111.4387,111.4387,111.4387,111.4387
t_7938,111.4387,111.4387,111.4387,111.4387
t_7939,111.4387,111.4387,111.4387,111.4387
t_794,107.022,107.022,107.022,107.022
t_7940,111.4387,111.4387,111.4387,111.4387
t_7941,111.4387,111.4387,111.4387,111.4387
t_7942,110.0052,110.0052,110.0052,110.0052
t_7943,110.0052,110.0052,110.0052,110.0052
t_7944,110.0052,110.0052,110.0052,110.0052
t_7945,110.0052,110.0052,110.0052,110.0052
t_7946,110.0052,110.0052,110.0052,110.0052
t_7947,110.0052,110.0052,110.0052,110.0052
t_7948,110.0052,110.0052,110.0052,110.0052
t_7949,110.0052,110.0052,110.0052,110.0052
t_795,107.022,107.022,107.022,107.022
t_7950,110.0052,110.0052,110.0052,110.0052
t_7951,111.4387,111.4387,111.4387,111.4387
t_7952,111.4387,111.4387,111.4387,111.4387
t_7953,110.0052,110.0052,110.0052,110.0052
t_7954,110.0052,110.0052,110.0052,110.0052
t_7955,90.2645,90.2645,90.2645,90.2645
t_7956,90.2645,90.2645,90.2645,90.2645
t_7957,90.2645,90.2645,90.2645,90.2645
t_7958,90.2645,90.2645,90.2645,90.2645
t_7959,110.0052,110.0052,110.0052,110.0052
t_796,98.0767,98.0767,98.0767,98.0767
t_7960,128.8641,128.8641,128.8641,128.8641
t_7961,131.1115,131.1115,131.1115,131.1115
t_7962,131.1115,131.1115,131.1115,131.1115
t_7963,131.1115,131.1115,131.1115,131.1115
t_7964,131.1115,131.1115,131.1115,131.1115
t_7965,131.1115,131.1115,131.1115,131.1115
t_7966,131.1115,131.1115,131.1115,131.1115
t_7967,131.1115,131.1115,131.1115,131.1115
t_7968,128.3716,128.3716,128.3716,128.3716
t_7969,123.2501,123.2501,123.2501,123.2501
t_797,60.1494,60.1494,60.1494,60.1494
t_7970,115.5557,115.5557,115.5557,115.5557
t_7971,111.4387,111.4387,111.4387,111.4387
t_7972,110.5227,110.5227,110.5227,110.5227
t_7973,110.142,110.142,110.142,110.142
t_7974,111.4387,111.4387,111.4387,111.4387
t_7975,125.9472,125.9472,125.9472,125.9472
t_7976,131.1115,131.1115,131.1115,131.1115
t_7977,110.0052,110.0052,110.0052,110.0052
t_7978,104.6132,104.6132,104.6132,104.6132
t_7979,99.2375,99.2375,99.2375,99.2375
t_798,60.1494,60.1494,60.1494,60.1494
t_7980,99.2375,99.2375,99.2375,99.2375
t_7981,99.2375,99.2375,99.2375,99.2375
t_7982,100.0666,100.0666,100.0666,100.0666
t_7983,110.0052,110.0052,110.0052,110.0052
t_7984,131.1115,131.1115,131.1115,131.1115
t_7985,133.3925,133.3925,133.3925,133.3925
t_7986,133.3925,133.3925,133.3925,133.3925
t_7987,133.3925,133.3925,133.3925,133.3925
t_7988,133.3925,133.3925,133.3925,133.3925
t_7989,133.3925,133.3925,133.3925,133.3925
t_799,60.1494,60.1494,60.1494,60.1494
t_7990,133.3925,133.3925,133.3925,133.3925
t_7991,133.3925,133.3925,133.3925,133.3925
t_7992,131.1115,131.1115,131.1115,131.1115
t_7993,113.6791,113.6791,113.6791,113.6791
t_7994,111.4387,111.4387,111.4387,111.4387
t_7995,110.0052,110.0052,110.0052,110.0052
t_7996,110.0052,110.0052,110.0052,110.0052
t_7997,110.0052,110.0052,110.0052,110.0052
t_7998,110.0052,110.0052,110.0052,110.0052
t_7999,111.4387,111.4387,111.4387,111.4387
t_8,51.865,51.865,51.865,51.865
t_80,66.3873,66.3873,66.3873,66.3873
t_800,60.1494,60.1494,60.1494,60.1494
t_8000,115.5557,115.5557,115.5557,115.5557
t_8001,110.0052,110.0052,110.0052,110.0052
t_8002,99.6265,99.6265,99.6265,99.6265
t_8003,90.2645,90.2645,90.2645,90.2645
t_8004,90.2645,90.2645,90.2645,90.2645
t_8005,84.3472,84.3472,84.3472,84.3472
t_8006,90.2645,90.2645,90.2645,90.2645
t_8007,90.2645,90.2645,90.2645,90.2645
t_8008,110.0052,110.0052,110.0052,110.0052
t_8009,111.4387,111.4387,111.4387,111.4387
t_801,45.5263,45.5263,45.5263,45.5263
t_8010,111.4387,111.4387,111.4387,111.4387
t_8011,111.4387,111.4387,111.4387,111.4387
t_8012,111.4387,111.4387,111.4387,111.4387
t_8013,111.4387,111.4387,111.4387,111.4387
t_8014,111.4387,111.4387,111.4387,111.4387
t_8015,111.2495,111.2495,111.2495,111.2495
t_8016,110.0052,110.0052,110.0052,110.0052
t_8017,106.7041,106.7041,106.7041,106.7041
t_8018,99.6265,99.6265,99.6265,99.6265
t_8019,96.078,96.078,96.078,96.078
t_802,0.0,0.0,0.0,0.0
t_8020,94.6412,94.6412,94.6412,94.6412
t_8021,94.2735,94.2735,94.2735,94.2735
t_8022,96.7742,96.7742,96.7742,96.7742
t_8023,108.3268,108.3268,108.3268,108.3268
t_8024,106.9236,106.9236,106.9236,106.9236
t_8025,83.2621,83.2621,83.2621,83.2621
t_8026,60.1494,60.1494,60.1494,60.1494
t_8027,60.1494,60.1494,60.1494,60.1494
t_8028,9.0,9.0,9.0,9.0
t_8029,9.0,9.0,9.0,9.0
t_803,0.0,0.0,0.0,0.0
t_8030,60.1494,60.1494,60.1494,60.1494
t_8031,60.1494,60.1494,60.1494,60.1494
t_8032,97.2641,97.2641,97.2641,97.2641
t_8033,110.0052,110.0052,110.0052,110.0052
t_8034,110.0052,110.0052,110.0052,110.0052
t_8035,110.0052,110.0052,110.0052,110.0052
t_8036,110.0052,110.0052,110.0052,110.0052
t_8037,110.0052,110.0052,110.0052,110.0052
t_8038,110.0052,110.0052,110.0052,110.0052
t_8039,110.0052,110.0052,110.0052,110.0052
t_804,0.0,0.0,0.0,0.0
t_8040,110.0052,110.0052,110.0052,110.0052
t_8041,110.0052,110.0052,110.0052,110.0052
t_8042,110.0052,110.0052,110.0052,110.0052
t_8043,110.0052,110.0052,110.0052,110.0052
t_8044,110.0052,110.0052,110.0052,110.0052
t_8045,110.0052,110.0052,110.0052,110.0052
t_8046,110.0052,110.0052,110.0052,110.0052
t_8047,110.0052,110.0052,110.0052,110.0052
t_8048,110.0052,110.0052,110.0052,110.0052
t_8049,83.2621,83.2621,83.2621,83.2621
t_805,0.0,0.0,0.0,0.0
t_8050,60.1494,60.1494,60.1494,60.1494
t_8051,60.1494,60.1494,60.1494,60.1494
t_8052,9.0,9.0,9.0,9.0
t_8053,9.0,9.0,9.0,9.0
t_8054,60.1494,60.1494,60.1494,60.1494
t_8055,60.1494,60.1494,60.1494,60.1494
t_8056,110.0052,110.0052,110.0052,110.0052
t_8057,110.1064,110.1064,110.1064,110.1064
t_8058,110.1064,110.1064,110.1064,110.1064
t_8059,110.1064,110.1064,110.1064,110.1064
t_806,0.0,0.0,0.0,0.0
t_8060,110.1064,110.1064,110.1064,110.1064
t_8061,110.1064,110.1064,110.1064,110.1064
t_8062,110.1064,110.1064,110.1064,110.1064
t_8063,110.1064,110.1064,110.1064,110.1064
t_8064,110.1064,110.1064,110.1064,110.1064
t_8065,110.1064,110.1064,110.1064,110.1064
t_8066,110.1064,110.1064,110.1064,110.1064
t_8067,110.0052,110.0052,110.0052,110.0052
t_8068,110.0052,110.0052,110.0052,110.0052
t_8069,110.0052,110.0052,110.0052,110.0052
t_807,0.0,0.0,0.0,0.0
t_8070,110.0052,110.0052,110.0052,110.0052
t_8071,110.1064,110.1064,110.1064,110.1064
t_8072,110.1064,110.1064,110.1064,110.1064
t_8073,110.0052,110.0052,110.0052,110.0052
t_8074,104.4438,104.4438,104.4438,104.4438
t_8075,89.1853,89.1853,89.1853,89.1853
t_8076,84.3472,84.3472,84.3472,84.3472
t_8077,83.3387,83.3387,83.3387,83.3387
t_8078,85.2295,85.2295,85.2295,85.2295
t_8079,89.1853,89.1853,89.1853,89.1853
t_808,0.0,0.0,0.0,0.0
t_8080,110.0052,110.0052,110.0052,110.0052
t_8081,110.1064,110.1064,110.1064,110.1064
t_8082,110.1064,110.1064,110.1064,110.1064
t_8083,110.1064,110.1064,110.1064,110.1064
t_8084,110.1064,110.1064,110.1064,110.1064
t_8085,110.1064,110.1064,110.1064,110.1064
t_8086,110.1064,110.1064,110.1064,110.1064
t_8087,110.1064,110.1064,110.1064,110.1064
t_8088,110.0052,110.0052,110.0052,110.0052
t_8089,110.0052,110.0052,110.0052,110.0052
t_809,60.1494,60.1494,60.1494,60.1494
t_8090,110.0052,110.0052,110.0052,110.0052
t_8091,104.8921,104.8921,104.8921,104.8921
t_8092,94.1199,94.1199,94.1199,94.1199
t_8093,89.1034,89.1034,89.1034,89.1034
t_8094,89.1034,89.1034,89.1034,89.1034
t_8095,110.0052,110.0052,110.0052,110.0052
t_8096,110.0052,110.0052,110.0052,110.0052
t_8097,78.8845,78.8845,78.8845,78.8845
t_8098,60.1494,60.1494,60.1494,60.1494
t_8099,60.1494,60.1494,60.1494,60.1494
t_81,51.865,51.865,51.865,51.865
t_810,60.1494,60.1494,60.1494,60.1494
t_8100,60.1494,60.1494,60.1494,60.1494
t_8101,60.1494,60.1494,60.1494,60.1494
t_8102,60.1494,60.1494,60.1494,60.1494
t_8103,65.2976,65.2976,65.2976,65.2976
t_8104,110.0052,110.0052,110.0052,110.0052
t_8105,111.4387,111.4387,111.4387,111.4387
t_8106,111.4387,111.4387,111.4387,111.4387
t_8107,111.4387,111.4387,111.4387,111.4387
t_8108,111.4387,111.4387,111.4387,111.4387
t_8109,111.4387,111.4387,111.4387,111.4387
t_811,60.1494,60.1494,60.1494,60.1494
t_8110,111.4387,111.4387,111.4387,111.4387
t_8111,111.4387,111.4387,111.4387,111.4387
t_8112,111.4387,111.4387,111.4387,111.4387
t_8113,111.4387,111.4387,111.4387,111.4387
t_8114,111.4387,111.4387,111.4387,111.4387
t_8115,111.4387,111.4387,111.4387,111.4387
t_8116,111.4387,111.4387,111.4387,111.4387
t_8117,110.0052,110.0052,110.0052,110.0052
t_8118,111.4387,111.4387,111.4387,111.4387
t_8119,111.4387,111.4387,111.4387,111.4387
t_812,60.1494,60.1494,60.1494,60.1494
t_8120,111.4387,111.4387,111.4387,111.4387
t_8121,106.6485,106.6485,106.6485,106.6485
t_8122,80.6153,80.6153,80.6153,80.6153
t_8123,65.5041,65.5041,65.5041,65.5041
t_8124,60.1494,60.1494,60.1494,60.1494
t_8125,60.1494,60.1494,60.1494,60.1494
t_8126,80.6153,80.6153,80.6153,80.6153
t_8127,83.2621,83.2621,83.2621,83.2621
t_8128,110.0052,110.0052,110.0052,110.0052
t_8129,110.0052,110.0052,110.0052,110.0052
t_813,60.1494,60.1494,60.1494,60.1494
t_8130,110.0052,110.0052,110.0052,110.0052
t_8131,110.0052,110.0052,110.0052,110.0052
t_8132,110.0052,110.0052,110.0052,110.0052
t_8133,110.0052,110.0052,110.0052,110.0052
t_8134,110.0052,110.0052,110.0052,110.0052
t_8135,110.0052,110.0052,110.0052,110.0052
t_8136,106.0534,106.0534,106.0534,106.0534
t_8137,83.2621,83.2621,83.2621,83.2621
t_8138,83.2621,83.2621,83.2621,83.2621
t_8139,83.2621,83.2621,83.2621,83.2621
t_814,60.1494,60.1494,60.1494,60.1494
t_8140,83.2621,83.2621,83.2621,83.2621
t_8141,83.2621,83.2621,83.2621,83.2621
t_8142,84.3472,84.3472,84.3472,84.3472
t_8143,102.7938,102.7938,102.7938,102.7938
t_8144,102.7938,102.7938,102.7938,102.7938
t_8145,83.2621,83.2621,83.2621,83.2621
t_8146,60.5876,60.5876,60.5876,60.5876
t_8147,60.1494,60.1494,60.1494,60.1494
t_8148,60.1494,60.1494,60.1494,60.1494
t_8149,60.1494,60.1494,60.1494,60.1494
t_815,60.1494,60.1494,60.1494,60.1494
t_8150,60.5876,60.5876,60.5876,60.5876
t_8151,66.3873,66.3873,66.3873,66.3873
t_8152,110.0052,110.0052,110.0052,110.0052
t_8153,115.5557,115.5557,115.5557,115.5557
t_8154,115.5557,115.5557,115.5557,115.5557
t_8155,115.5557,115.5557,115.5557,115.5557
t_8156,115.5557,115.5557,115.5557,115.5557
t_8157,115.5557,115.5557,115.5557,115.5557
t_8158,115.5557,115.5557,115.5557,115.5557
t_8159,115.5557,115.5557,115.5557,115.5557
t_816,60.1494,60.1494,60.1494,60.1494
t_8160,115.5557,115.5557,115.5557,115.5557
t_8161,115.5557,115.5557,115.5557,115.5557
t_8162,115.5557,115.5557,115.5557,115.5557
t_8163,113.1757,113.1757,113.1757,113.1757
t_8164,113.0772,113.0772,113.0772,113.0772
t_8165,112.8122,112.8122,112.8122,112.8122
t_8166,115.5557,115.5557,115.5557,115.5557
t_8167,115.5557,115.5557,115.5557,115.5557
t_8168,115.5557,115.5557,115.5557,115.5557
t_8169,115.5557,115.5557,115.5557,115.5557
t_817,60.1494,60.1494,60.1494,60.1494
t_8170,110.0052,110.0052,110.0052,110.0052
t_8171,93.5993,93.5993,93.5993,93.5993
t_8172,93.5993,93.5993,93.5993,93.5993
t_8173,93.5993,93.5993,93.5993,93.5993
t_8174,96.0314,96.0314,96.0314,96.0314
t_8175,110.0052,110.0052,110.0052,110.0052
t_8176,148.2132,148.2132,148.2132,148.2132
t_8177,148.2132,148.2132,148.2132,148.2132
t_8178,148.2132,148.2132,148.2132,148.2132
t_8179,148.2132,148.2132,148.2132,148.2132
t_818,60.1494,60.1494,60.1494,60.1494
t_8180,148.2132,148.2132,148.2132,148.2132
t_8181,148.2132,148.2132,148.2132,148.2132
t_8182,148.2132,148.2132,148.2132,148.2132
t_8183,148.2132,148.2132,148.2132,148.2132
t_8184,148.2132,148.2132,148.2132,148.2132
t_8185,125.5748,125.5748,125.5748,125.5748
t_8186,118.5582,118.5582,118.5582,118.5582
t_8187,114.4893,114.4893,114.4893,114.4893
t_8188,110.0443,110.0443,110.0443,110.0443
t_8189,110.0052,110.0052,110.0052,110.0052
t_819,60.1494,60.1494,60.1494,60.1494
t_8190,110.0052,110.0052,110.0052,110.0052
t_8191,110.0052,110.0052,110.0052,110.0052
t_8192,110.0052,110.0052,110.0052,110.0052
t_8193,110.0052,110.0052,110.0052,110.0052
t_8194,89.1034,89.1034,89.1034,89.1034
t_8195,89.1034,89.1034,89.1034,89.1034
t_8196,89.1034,89.1034,89.1034,89.1034
t_8197,89.1034,89.1034,89.1034,89.1034
t_8198,89.1034,89.1034,89.1034,89.1034
t_8199,97.8621,97.8621,97.8621,97.8621
t_82,0.0,0.0,0.0,0.0
t_820,60.1494,60.1494,60.1494,60.1494
t_8200,110.0052,110.0052,110.0052,110.0052
t_8201,110.0052,110.0052,110.0052,110.0052
t_8202,110.0052,110.0052,110.0052,110.0052
t_8203,110.0052,110.0052,110.0052,110.0052
t_8204,110.0052,110.0052,110.0052,110.0052
t_8205,110.0052,110.0052,110.0052,110.0052
t_8206,110.0052,110.0052,110.0052,110.0052
t_8207,110.0052,110.0052,110.0052,110.0052
t_8208,110.0052,110.0052,110.0052,110.0052
t_8209,110.0052,110.0052,110.0052,110.0052
t_821,60.1494,60.1494,60.1494,60.1494
t_8210,110.0052,110.0052,110.0052,110.0052
t_8211,110.0052,110.0052,110.0052,110.0052
t_8212,110.0052,110.0052,110.0052,110.0052
t_8213,110.0052,110.0052,110.0052,110.0052
t_8214,110.0052,110.0052,110.0052,110.0052
t_8215,110.0052,110.0052,110.0052,110.0052
t_8216,110.0052,110.0052,110.0052,110.0052
t_8217,89.1034,89.1034,89.1034,89.1034
t_8218,60.1494,60.1494,60.1494,60.1494
t_8219,60.1494,60.1494,60.1494,60.1494
t_822,60.1494,60.1494,60.1494,60.1494
t_8220,60.1494,60.1494,60.1494,60.1494
t_8221,60.1494,60.1494,60.1494,60.1494
t_8222,60.1494,60.1494,60.1494,60.1494
t_8223,60.1494,60.1494,60.1494,60.1494
t_8224,110.0052,110.0052,110.0052,110.0052
t_8225,115.5557,115.5557,115.5557,115.5557
t_8226,115.5557,115.5557,115.5557,115.5557
t_8227,115.5557,115.5557,115.5557,115.5557
t_8228,115.5557,115.5557,115.5557,115.5557
t_8229,115.5557,115.5557,115.5557,115.5557
t_823,60.1494,60.1494,60.1494,60.1494
t_8230,115.5557,115.5557,115.5557,115.5557
t_8231,115.5557,115.5557,115.5557,115.5557
t_8232,115.5557,115.5557,115.5557,115.5557
t_8233,115.5557,115.5557,115.5557,115.5557
t_8234,115.5557,115.5557,115.5557,115.5557
t_8235,115.5557,115.5557,115.5557,115.5557
t_8236,115.5557,115.5557,115.5557,115.5557
t_8237,115.5557,115.5557,115.5557,115.5557
t_8238,115.5557,115.5557,115.5557,115.5557
t_8239,115.5557,115.5557,115.5557,115.5557
t_824,60.1494,60.1494,60.1494,60.1494
t_8240,115.5557,115.5557,115.5557,115.5557
t_8241,110.0052,110.0052,110.0052,110.0052
t_8242,89.1034,89.1034,89.1034,89.1034
t_8243,88.2597,88.2597,88.2597,88.2597
t_8244,60.1494,60.1494,60.1494,60.1494
t_8245,60.1494,60.1494,60.1494,60.1494
t_8246,89.1034,89.1034,89.1034,89.1034
t_8247,89.1034,89.1034,89.1034,89.1034
t_8248,115.5557,115.5557,115.5557,115.5557
t_8249,135.1077,135.1077,135.1077,135.1077
t_825,60.1494,60.1494,60.1494,60.1494
t_8250,135.1077,135.1077,135.1077,135.1077
t_8251,135.1077,135.1077,135.1077,135.1077
t_8252,135.1077,135.1077,135.1077,135.1077
t_8253,135.1077,135.1077,135.1077,135.1077
t_8254,135.1077,135.1077,135.1077,135.1077
t_8255,135.1077,135.1077,135.1077,135.1077
t_8256,135.1077,135.1077,135.1077,135.1077
t_8257,121.9826,121.9826,121.9826,121.9826
t_8258,121.5656,121.5656,121.5656,121.5656
t_8259,115.5557,115.5557,115.5557,115.5557
t_826,9.0,9.0,9.0,9.0
t_8260,115.5557,115.5557,115.5557,115.5557
t_8261,115.5557,115.5557,115.5557,115.5557
t_8262,115.5557,115.5557,115.5557,115.5557
t_8263,130.1554,130.1554,130.1554,130.1554
t_8264,135.1077,135.1077,135.1077,135.1077
t_8265,110.0052,110.0052,110.0052,110.0052
t_8266,102.8747,102.8747,102.8747,102.8747
t_8267,102.2623,102.2623,102.2623,102.2623
t_8268,96.211,96.211,96.211,96.211
t_8269,95.1058,95.1058,95.1058,95.1058
t_827,0.0,0.0,0.0,0.0
t_8270,102.2623,102.2623,102.2623,102.2623
t_8271,102.8747,102.8747,102.8747,102.8747
t_8272,115.9858,115.9858,115.9858,115.9858
t_8273,135.1077,135.1077,135.1077,135.1077
t_8274,135.1077,135.1077,135.1077,135.1077
t_8275,135.1077,135.1077,135.1077,135.1077
t_8276,135.1077,135.1077,135.1077,135.1077
t_8277,135.1077,135.1077,135.1077,135.1077
t_8278,135.1077,135.1077,135.1077,135.1077
t_8279,135.1077,135.1077,135.1077,135.1077
t_828,0.0,0.0,0.0,0.0
t_8280,135.1077,135.1077,135.1077,135.1077
t_8281,125.3919,125.3919,125.3919,125.3919
t_8282,116.3893,116.3893,116.3893,116.3893
t_8283,115.5557,115.5557,115.5557,115.5557
t_8284,115.2188,115.2188,115.2188,115.2188
t_8285,115.1805,115.1805,115.1805,115.1805
t_8286,115.2062,115.2062,115.2062,115.2062
t_8287,125.3919,125.3919,125.3919,125.3919
t_8288,134.0245,134.0245,134.0245,134.0245
t_8289,110.0052,110.0052,110.0052,110.0052
t_829,0.0,0.0,0.0,0.0
t_8290,96.211,96.211,96.211,96.211
t_8291,89.1034,89.1034,89.1034,89.1034
t_8292,89.1034,89.1034,89.1034,89.1034
t_8293,89.1034,89.1034,89.1034,89.1034
t_8294,89.1034,89.1034,89.1034,89.1034
t_8295,104.2215,104.2215,104.2215,104.2215
t_8296,110.0052,110.0052,110.0052,110.0052
t_8297,110.0052,110.0052,110.0052,110.0052
t_8298,110.0052,110.0052,110.0052,110.0052
t_8299,110.0052,110.0052,110.0052,110.0052
t_83,0.0,0.0,0.0,0.0
t_830,9.0,9.0,9.0,9.0
t_8300,110.0052,110.0052,110.0052,110.0052
t_8301,110.0052,110.0052,110.0052,110.0052
t_8302,110.0052,110.0052,110.0052,110.0052
t_8303,110.0052,110.0052,110.0052,110.0052
t_8304,110.0052,110.0052,110.0052,110.0052
t_8305,110.0052,110.0052,110.0052,110.0052
t_8306,104.425,104.425,104.425,104.425
t_8307,97.8368,97.8368,97.8368,97.8368
t_8308,96.6817,96.6817,96.6817,96.6817
t_8309,96.3595,96.3595,96.3595,96.3595
t_831,9.0,9.0,9.0,9.0
t_8310,96.211,96.211,96.211,96.211
t_8311,110.0052,110.0052,110.0052,110.0052
t_8312,110.0052,110.0052,110.0052,110.0052
t_8313,104.0961,104.0961,104.0961,104.0961
t_8314,89.1034,89.1034,89.1034,89.1034
t_8315,89.1034,89.1034,89.1034,89.1034
t_8316,89.1034,89.1034,89.1034,89.1034
t_8317,89.1034,89.1034,89.1034,89.1034
t_8318,89.1034,89.1034,89.1034,89.1034
t_8319,103.9223,103.9223,103.9223,103.9223
t_832,60.1494,60.1494,60.1494,60.1494
t_8320,110.0052,110.0052,110.0052,110.0052
t_8321,110.0052,110.0052,110.0052,110.0052
t_8322,110.0052,110.0052,110.0052,110.0052
t_8323,110.0052,110.0052,110.0052,110.0052
t_8324,110.0052,110.0052,110.0052,110.0052
t_8325,110.0052,110.0052,110.0052,110.0052
t_8326,110.0052,110.0052,110.0052,110.0052
t_8327,98.8267,98.8267,98.8267,98.8267
t_8328,89.1034,89.1034,89.1034,89.1034
t_8329,89.1034,89.1034,89.1034,89.1034
t_833,107.022,107.022,107.022,107.022
t_8330,89.1034,89.1034,89.1034,89.1034
t_8331,89.1034,89.1034,89.1034,89.1034
t_8332,89.1034,89.1034,89.1034,89.1034
t_8333,89.1034,89.1034,89.1034,89.1034
t_8334,89.1034,89.1034,89.1034,89.1034
t_8335,110.0052,110.0052,110.0052,110.0052
t_8336,110.0052,110.0052,110.0052,110.0052
t_8337,110.0052,110.0052,110.0052,110.0052
t_8338,89.1034,89.1034,89.1034,89.1034
t_8339,89.1034,89.1034,89.1034,89.1034
t_834,107.022,107.022,107.022,107.022
t_8340,89.1034,89.1034,89.1034,89.1034
t_8341,89.1034,89.1034,89.1034,89.1034
t_8342,89.1034,89.1034,89.1034,89.1034
t_8343,110.0052,110.0052,110.0052,110.0052
t_8344,120.6043,120.6043,120.6043,120.6043
t_8345,120.6043,120.6043,120.6043,120.6043
t_8346,120.6043,120.6043,120.6043,120.6043
t_8347,120.6043,120.6043,120.6043,120.6043
t_8348,120.6043,120.6043,120.6043,120.6043
t_8349,120.6043,120.6043,120.6043,120.6043
t_835,107.022,107.022,107.022,107.022
t_8350,120.6043,120.6043,120.6043,120.6043
t_8351,118.3127,118.3127,118.3127,118.3127
t_8352,113.4238,113.4238,113.4238,113.4238
t_8353,110.0052,110.0052,110.0052,110.0052
t_8354,110.0052,110.0052,110.0052,110.0052
t_8355,110.0052,110.0052,110.0052,110.0052
t_8356,110.0052,110.0052,110.0052,110.0052
t_8357,110.0052,110.0052,110.0052,110.0052
t_8358,110.0052,110.0052,110.0052,110.0052
t_8359,110.0052,110.0052,110.0052,110.0052
t_836,107.022,107.022,107.022,107.022
t_8360,110.0052,110.0052,110.0052,110.0052
t_8361,110.0052,110.0052,110.0052,110.0052
t_8362,98.7447,98.7447,98.7447,98.7447
t_8363,97.6887,97.6887,97.6887,97.6887
t_8364,97.6887,97.6887,97.6887,97.6887
t_8365,97.6887,97.6887,97.6887,97.6887
t_8366,98.4431,98.4431,98.4431,98.4431
t_8367,110.0052,110.0052,110.0052,110.0052
t_8368,110.0052,110.0052,110.0052,110.0052
t_8369,112.9942,112.9942,112.9942,112.9942
t_837,107.022,107.022,107.022,107.022
t_8370,115.5557,115.5557,115.5557,115.5557
t_8371,115.5557,115.5557,115.5557,115.5557
t_8372,115.5557,115.5557,115.5557,115.5557
t_8373,113.0162,113.0162,113.0162,113.0162
t_8374,110.0052,110.0052,110.0052,110.0052
t_8375,110.0052,110.0052,110.0052,110.0052
t_8376,110.0052,110.0052,110.0052,110.0052
t_8377,106.5224,106.5224,106.5224,106.5224
t_8378,106.5082,106.5082,106.5082,106.5082
t_8379,106.5082,106.5082,106.5082,106.5082
t_838,107.022,107.022,107.022,107.022
t_8380,105.5737,105.5737,105.5737,105.5737
t_8381,103.2248,103.2248,103.2248,103.2248
t_8382,110.0052,110.0052,110.0052,110.0052
t_8383,110.0052,110.0052,110.0052,110.0052
t_8384,110.0052,110.0052,110.0052,110.0052
t_8385,97.6887,97.6887,97.6887,97.6887
t_8386,97.6887,97.6887,97.6887,97.6887
t_8387,97.6887,97.6887,97.6887,97.6887
t_8388,97.6887,97.6887,97.6887,97.6887
t_8389,97.6887,97.6887,97.6887,97.6887
t_839,107.022,107.022,107.022,107.022
t_8390,97.6887,97.6887,97.6887,97.6887
t_8391,97.6887,97.6887,97.6887,97.6887
t_8392,110.0052,110.0052,110.0052,110.0052
t_8393,110.0052,110.0052,110.0052,110.0052
t_8394,110.0052,110.0052,110.0052,110.0052
t_8395,110.0052,110.0052,110.0052,110.0052
t_8396,110.0052,110.0052,110.0052,110.0052
t_8397,110.0052,110.0052,110.0052,110.0052
t_8398,110.0052,110.0052,110.0052,110.0052
t_8399,102.8336,102.8336,102.8336,102.8336
t_84,0.0,0.0,0.0,0.0
t_840,107.022,107.022,107.022,107.022
t_8400,102.2671,102.2671,102.2671,102.2671
t_8401,110.0052,110.0052,110.0052,110.0052
t_8402,110.0052,110.0052,110.0052,110.0052
t_8403,110.0052,110.0052,110.0052,110.0052
t_8404,110.0052,110.0052,110.0052,110.0052
t_8405,109.4521,109.4521,109.4521,109.4521
t_8406,110.0052,110.0052,110.0052,110.0052
t_8407,112.6542,112.6542,112.6542,112.6542
t_8408,123.0214,123.0214,123.0214,123.0214
t_8409,120.3415,120.3415,120.3415,120.3415
t_841,107.022,107.022,107.022,107.022
t_8410,115.5557,115.5557,115.5557,115.5557
t_8411,110.0052,110.0052,110.0052,110.0052
t_8412,110.0052,110.0052,110.0052,110.0052
t_8413,110.0052,110.0052,110.0052,110.0052
t_8414,110.0052,110.0052,110.0052,110.0052
t_8415,110.181,110.181,110.181,110.181
t_8416,142.4082,142.4082,142.4082,142.4082
t_8417,142.4082,142.4082,142.4082,142.4082
t_8418,142.4082,142.4082,142.4082,142.4082
t_8419,142.4082,142.4082,142.4082,142.4082
t_842,107.022,107.022,107.022,107.022
t_8420,142.4082,142.4082,142.4082,142.4082
t_8421,142.4082,142.4082,142.4082,142.4082
t_8422,142.4082,142.4082,142.4082,142.4082
t_8423,142.4082,142.4082,142.4082,142.4082
t_8424,142.4082,142.4082,142.4082,142.4082
t_8425,130.7112,130.7112,130.7112,130.7112
t_8426,125.6358,125.6358,125.6358,125.6358
t_8427,119.7664,119.7664,119.7664,119.7664
t_8428,119.6833,119.6833,119.6833,119.6833
t_8429,121.8532,121.8532,121.8532,121.8532
t_843,107.022,107.022,107.022,107.022
t_8430,128.341,128.341,128.341,128.341
t_8431,142.4082,142.4082,142.4082,142.4082
t_8432,142.4082,142.4082,142.4082,142.4082
t_8433,142.4082,142.4082,142.4082,142.4082
t_8434,115.5557,115.5557,115.5557,115.5557
t_8435,115.3498,115.3498,115.3498,115.3498
t_8436,115.3498,115.3498,115.3498,115.3498
t_8437,115.3498,115.3498,115.3498,115.3498
t_8438,115.3498,115.3498,115.3498,115.3498
t_8439,115.3498,115.3498,115.3498,115.3498
t_844,107.022,107.022,107.022,107.022
t_8440,142.4082,142.4082,142.4082,142.4082
t_8441,142.4082,142.4082,142.4082,142.4082
t_8442,142.4082,142.4082,142.4082,142.4082
t_8443,142.4082,142.4082,142.4082,142.4082
t_8444,142.4082,142.4082,142.4082,142.4082
t_8445,142.4082,142.4082,142.4082,142.4082
t_8446,142.4082,142.4082,142.4082,142.4082
t_8447,124.0024,124.0024,124.0024,124.0024
t_8448,115.3498,115.3498,115.3498,115.3498
t_8449,110.0052,110.0052,110.0052,110.0052
t_845,107.022,107.022,107.022,107.022
t_8450,110.0052,110.0052,110.0052,110.0052
t_8451,110.0052,110.0052,110.0052,110.0052
t_8452,110.0052,110.0052,110.0052,110.0052
t_8453,110.0052,110.0052,110.0052,110.0052
t_8454,110.0052,110.0052,110.0052,110.0052
t_8455,111.1825,111.1825,111.1825,111.1825
t_8456,115.5557,115.5557,115.5557,115.5557
t_8457,108.1383,108.1383,108.1383,108.1383
t_8458,72.2932,72.2932,72.2932,72.2932
t_8459,60.1494,60.1494,60.1494,60.1494
t_846,107.022,107.022,107.022,107.022
t_8460,60.1494,60.1494,60.1494,60.1494
t_8461,60.1494,60.1494,60.1494,60.1494
t_8462,60.1494,60.1494,60.1494,60.1494
t_8463,72.2932,72.2932,72.2932,72.2932
t_8464,110.0052,110.0052,110.0052,110.0052
t_8465,115.5557,115.5557,115.5557,115.5557
t_8466,115.5557,115.5557,115.5557,115.5557
t_8467,115.5557,115.5557,115.5557,115.5557
t_8468,115.5557,115.5557,115.5557,115.5557
t_8469,115.5557,115.5557,115.5557,115.5557
t_847,107.022,107.022,107.022,107.022
t_8470,115.5557,115.5557,115.5557,115.5557
t_8471,115.2531,115.2531,115.2531,115.2531
t_8472,110.0052,110.0052,110.0052,110.0052
t_8473,110.0052,110.0052,110.0052,110.0052
t_8474,110.0052,110.0052,110.0052,110.0052
t_8475,110.0052,110.0052,110.0052,110.0052
t_8476,110.0052,110.0052,110.0052,110.0052
t_8477,110.0052,110.0052,110.0052,110.0052
t_8478,110.0052,110.0052,110.0052,110.0052
t_8479,115.5557,115.5557,115.5557,115.5557
t_848,107.022,107.022,107.022,107.022
t_8480,115.5557,115.5557,115.5557,115.5557
t_8481,110.0052,110.0052,110.0052,110.0052
t_8482,93.5993,93.5993,93.5993,93.5993
t_8483,89.1034,89.1034,89.1034,89.1034
t_8484,88.8629,88.8629,88.8629,88.8629
t_8485,89.1034,89.1034,89.1034,89.1034
t_8486,93.5993,93.5993,93.5993,93.5993
t_8487,99.526,99.526,99.526,99.526
t_8488,115.5557,115.5557,115.5557,115.5557
t_8489,131.4926,131.4926,131.4926,131.4926
t_849,60.1494,60.1494,60.1494,60.1494
t_8490,131.4926,131.4926,131.4926,131.4926
t_8491,131.4926,131.4926,131.4926,131.4926
t_8492,131.4926,131.4926,131.4926,131.4926
t_8493,131.4926,131.4926,131.4926,131.4926
t_8494,131.4926,131.4926,131.4926,131.4926
t_8495,119.0748,119.0748,119.0748,119.0748
t_8496,111.1361,111.1361,111.1361,111.1361
t_8497,110.0052,110.0052,110.0052,110.0052
t_8498,110.0052,110.0052,110.0052,110.0052
t_8499,110.0052,110.0052,110.0052,110.0052
t_85,0.0,0.0,0.0,0.0
t_850,0.0,0.0,0.0,0.0
t_8500,110.0052,110.0052,110.0052,110.0052
t_8501,110.0052,110.0052,110.0052,110.0052
t_8502,110.0052,110.0052,110.0052,110.0052
t_8503,110.0052,110.0052,110.0052,110.0052
t_8504,115.5557,115.5557,115.5557,115.5557
t_8505,110.0052,110.0052,110.0052,110.0052
t_8506,106.5082,106.5082,106.5082,106.5082
t_8507,106.5082,106.5082,106.5082,106.5082
t_8508,106.5082,106.5082,106.5082,106.5082
t_8509,106.5082,106.5082,106.5082,106.5082
t_851,0.0,0.0,0.0,0.0
t_8510,110.0052,110.0052,110.0052,110.0052
t_8511,115.5557,115.5557,115.5557,115.5557
t_8512,131.4926,131.4926,131.4926,131.4926
t_8513,131.4926,131.4926,131.4926,131.4926
t_8514,131.4926,131.4926,131.4926,131.4926
t_8515,131.4926,131.4926,131.4926,131.4926
t_8516,131.4926,131.4926,131.4926,131.4926
t_8517,131.4926,131.4926,131.4926,131.4926
t_8518,131.4926,131.4926,131.4926,131.4926
t_8519,131.4926,131.4926,131.4926,131.4926
t_852,0.0,0.0,0.0,0.0
t_8520,125.468,125.468,125.468,125.468
t_8521,110.0052,110.0052,110.0052,110.0052
t_8522,110.0052,110.0052,110.0052,110.0052
t_8523,110.0052,110.0052,110.0052,110.0052
t_8524,110.0052,110.0052,110.0052,110.0052
t_8525,110.0052,110.0052,110.0052,110.0052
t_8526,110.0052,110.0052,110.0052,110.0052
t_8527,110.0052,110.0052,110.0052,110.0052
t_8528,110.0052,110.0052,110.0052,110.0052
t_8529,110.0052,110.0052,110.0052,110.0052
t_853,0.0,0.0,0.0,0.0
t_8530,96.0769,96.0769,96.0769,96.0769
t_8531,86.687,86.687,86.687,86.687
t_8532,86.687,86.687,86.687,86.687
t_8533,86.687,86.687,86.687,86.687
t_8534,86.687,86.687,86.687,86.687
t_8535,86.687,86.687,86.687,86.687
t_8536,107.022,107.022,107.022,107.022
t_8537,107.022,107.022,107.022,107.022
t_8538,107.022,107.022,107.022,107.022
t_8539,107.022,107.022,107.022,107.022
t_854,0.0,0.0,0.0,0.0
t_8540,107.022,107.022,107.022,107.022
t_8541,107.022,107.022,107.022,107.022
t_8542,66.3873,66.3873,66.3873,66.3873
t_8543,60.6882,60.6882,60.6882,60.6882
t_8544,60.1494,60.1494,60.1494,60.1494
t_8545,60.1494,60.1494,60.1494,60.1494
t_8546,60.1494,60.1494,60.1494,60.1494
t_8547,60.1494,60.1494,60.1494,60.1494
t_8548,60.1494,60.1494,60.1494,60.1494
t_8549,60.1494,60.1494,60.1494,60.1494
t_855,0.0,0.0,0.0,0.0
t_8550,60.1494,60.1494,60.1494,60.1494
t_8551,60.1494,60.1494,60.1494,60.1494
t_8552,60.1494,60.1494,60.1494,60.1494
t_8553,51.865,51.865,51.865,51.865
t_8554,51.865,51.865,51.865,51.865
t_8555,50.2478,50.2478,50.2478,50.2478
t_8556,50.2478,50.2478,50.2478,50.2478
t_8557,50.2478,50.2478,50.2478,50.2478
t_8558,50.2478,50.2478,50.2478,50.2478
t_8559,51.865,51.865,51.865,51.865
t_856,51.9902,51.9902,51.9902,51.9902
t_8560,60.1494,60.1494,60.1494,60.1494
t_8561,60.1494,60.1494,60.1494,60.1494
t_8562,60.1494,60.1494,60.1494,60.1494
t_8563,60.1494,60.1494,60.1494,60.1494
t_8564,60.1494,60.1494,60.1494,60.1494
t_8565,60.1494,60.1494,60.1494,60.1494
t_8566,60.1494,60.1494,60.1494,60.1494
t_8567,60.1494,60.1494,60.1494,60.1494
t_8568,60.1494,60.1494,60.1494,60.1494
t_8569,60.1494,60.1494,60.1494,60.1494
t_857,96.9211,96.9211,96.9211,96.9211
t_8570,60.1494,60.1494,60.1494,60.1494
t_8571,60.1494,60.1494,60.1494,60.1494
t_8572,60.1494,60.1494,60.1494,60.1494
t_8573,60.1494,60.1494,60.1494,60.1494
t_8574,60.1494,60.1494,60.1494,60.1494
t_8575,60.1494,60.1494,60.1494,60.1494
t_8576,60.1494,60.1494,60.1494,60.1494
t_8577,60.1494,60.1494,60.1494,60.1494
t_8578,60.1494,60.1494,60.1494,60.1494
t_8579,50.2478,50.2478,50.2478,50.2478
t_858,106.4628,106.4628,106.4628,106.4628
t_8580,9.0,9.0,9.0,9.0
t_8581,9.0,9.0,9.0,9.0
t_8582,9.0,9.0,9.0,9.0
t_8583,50.2478,50.2478,50.2478,50.2478
t_8584,60.1494,60.1494,60.1494,60.1494
t_8585,66.3873,66.3873,66.3873,66.3873
t_8586,66.3873,66.3873,66.3873,66.3873
t_8587,66.3873,66.3873,66.3873,66.3873
t_8588,66.3873,66.3873,66.3873,66.3873
t_8589,66.3873,66.3873,66.3873,66.3873
t_859,106.4628,106.4628,106.4628,106.4628
t_8590,66.3873,66.3873,66.3873,66.3873
t_8591,66.3873,66.3873,66.3873,66.3873
t_8592,66.3873,66.3873,66.3873,66.3873
t_8593,60.1494,60.1494,60.1494,60.1494
t_8594,60.1494,60.1494,60.1494,60.1494
t_8595,60.1494,60.1494,60.1494,60.1494
t_8596,60.1494,60.1494,60.1494,60.1494
t_8597,60.1494,60.1494,60.1494,60.1494
t_8598,60.1494,60.1494,60.1494,60.1494
t_8599,60.1494,60.1494,60.1494,60.1494
t_86,0.0,0.0,0.0,0.0
t_860,106.4628,106.4628,106.4628,106.4628
t_8600,60.1494,60.1494,60.1494,60.1494
t_8601,60.1494,60.1494,60.1494,60.1494
t_8602,50.2478,50.2478,50.2478,50.2478
t_8603,50.2478,50.2478,50.2478,50.2478
t_8604,50.2478,50.2478,50.2478,50.2478
t_8605,50.2478,50.2478,50.2478,50.2478
t_8606,50.2478,50.2478,50.2478,50.2478
t_8607,50.2478,50.2478,50.2478,50.2478
t_8608,60.1494,60.1494,60.1494,60.1494
t_8609,60.1494,60.1494,60.1494,60.1494
t_861,106.4628,106.4628,106.4628,106.4628
t_8610,60.1494,60.1494,60.1494,60.1494
t_8611,60.1494,60.1494,60.1494,60.1494
t_8612,60.1494,60.1494,60.1494,60.1494
t_8613,60.1494,60.1494,60.1494,60.1494
t_8614,60.1494,60.1494,60.1494,60.1494
t_8615,60.1494,60.1494,60.1494,60.1494
t_8616,60.1494,60.1494,60.1494,60.1494
t_8617,60.1494,60.1494,60.1494,60.1494
t_8618,60.1494,60.1494,60.1494,60.1494
t_8619,60.1494,60.1494,60.1494,60.1494
t_862,106.4628,106.4628,106.4628,106.4628
t_8620,60.1494,60.1494,60.1494,60.1494
t_8621,60.1494,60.1494,60.1494,60.1494
t_8622,60.1494,60.1494,60.1494,60.1494
t_8623,60.1494,60.1494,60.1494,60.1494
t_8624,60.1494,60.1494,60.1494,60.1494
t_8625,60.1494,60.1494,60.1494,60.1494
t_8626,60.1494,60.1494,60.1494,60.1494
t_8627,50.2478,50.2478,50.2478,50.2478
t_8628,50.2478,50.2478,50.2478,50.2478
t_8629,50.2478,50.2478,50.2478,50.2478
t_863,106.4628,106.4628,106.4628,106.4628
t_8630,60.1494,60.1494,60.1494,60.1494
t_8631,60.1494,60.1494,60.1494,60.1494
t_8632,60.1494,60.1494,60.1494,60.1494
t_8633,62.0353,62.0353,62.0353,62.0353
t_8634,62.0353,62.0353,62.0353,62.0353
t_8635,62.0353,62.0353,62.0353,62.0353
t_8636,62.0353,62.0353,62.0353,62.0353
t_8637,62.0353,62.0353,62.0353,62.0353
t_8638,62.0353,62.0353,62.0353,62.0353
t_8639,62.0353,62.0353,62.0353,62.0353
t_864,106.4628,106.4628,106.4628,106.4628
t_8640,62.0353,62.0353,62.0353,62.0353
t_8641,60.1494,60.1494,60.1494,60.1494
t_8642,60.1494,60.1494,60.1494,60.1494
t_8643,60.1494,60.1494,60.1494,60.1494
t_8644,60.1494,60.1494,60.1494,60.1494
t_8645,60.1494,60.1494,60.1494,60.1494
t_8646,60.1494,60.1494,60.1494,60.1494
t_8647,62.0353,62.0353,62.0353,62.0353
t_8648,62.0353,62.0353,62.0353,62.0353
t_8649,60.1494,60.1494,60.1494,60.1494
t_865,99.5684,99.5684,99.5684,99.5684
t_8650,60.1494,60.1494,60.1494,60.1494
t_8651,50.2478,50.2478,50.2478,50.2478
t_8652,50.2478,50.2478,50.2478,50.2478
t_8653,50.2478,50.2478,50.2478,50.2478
t_8654,50.2478,50.2478,50.2478,50.2478
t_8655,50.2478,50.2478,50.2478,50.2478
t_8656,60.1494,60.1494,60.1494,60.1494
t_8657,66.3873,66.3873,66.3873,66.3873
t_8658,66.9712,66.9712,66.9712,66.9712
t_8659,79.4691,79.4691,79.4691,79.4691
t_866,81.0042,81.0042,81.0042,81.0042
t_8660,79.4691,79.4691,79.4691,79.4691
t_8661,79.4691,79.4691,79.4691,79.4691
t_8662,66.5344,66.5344,66.5344,66.5344
t_8663,66.417,66.417,66.417,66.417
t_8664,66.3873,66.3873,66.3873,66.3873
t_8665,66.3873,66.3873,66.3873,66.3873
t_8666,67.2432,67.2432,67.2432,67.2432
t_8667,79.4691,79.4691,79.4691,79.4691
t_8668,79.4691,79.4691,79.4691,79.4691
t_8669,79.4691,79.4691,79.4691,79.4691
t_867,80.5809,80.5809,80.5809,80.5809
t_8670,79.4691,79.4691,79.4691,79.4691
t_8671,79.4691,79.4691,79.4691,79.4691
t_8672,79.4691,79.4691,79.4691,79.4691
t_8673,79.4691,79.4691,79.4691,79.4691
t_8674,64.3691,64.3691,64.3691,64.3691
t_8675,64.3691,64.3691,64.3691,64.3691
t_8676,60.1494,60.1494,60.1494,60.1494
t_8677,60.1494,60.1494,60.1494,60.1494
t_8678,64.3691,64.3691,64.3691,64.3691
t_8679,79.4691,79.4691,79.4691,79.4691
t_868,80.5809,80.5809,80.5809,80.5809
t_8680,107.022,107.022,107.022,107.022
t_8681,107.022,107.022,107.022,107.022
t_8682,107.022,107.022,107.022,107.022
t_8683,107.022,107.022,107.022,107.022
t_8684,107.022,107.022,107.022,107.022
t_8685,107.022,107.022,107.022,107.022
t_8686,107.022,107.022,107.022,107.022
t_8687,107.022,107.022,107.022,107.022
t_8688,107.022,107.022,107.022,107.022
t_8689,107.022,107.022,107.022,107.022
t_869,80.5809,80.5809,80.5809,80.5809
t_8690,107.022,107.022,107.022,107.022
t_8691,107.022,107.022,107.022,107.022
t_8692,107.022,107.022,107.022,107.022
t_8693,107.022,107.022,107.022,107.022
t_8694,105.9112,105.9112,105.9112,105.9112
t_8695,105.9126,105.9126,105.9126,105.9126
t_8696,107.022,107.022,107.022,107.022
t_8697,79.4691,79.4691,79.4691,79.4691
t_8698,66.3873,66.3873,66.3873,66.3873
t_8699,60.1494,60.1494,60.1494,60.1494
t_87,0.0,0.0,0.0,0.0
t_870,80.5809,80.5809,80.5809,80.5809
t_8700,60.1494,60.1494,60.1494,60.1494
t_8701,60.1494,60.1494,60.1494,60.1494
t_8702,60.1494,60.1494,60.1494,60.1494
t_8703,60.1494,60.1494,60.1494,60.1494
t_8704,66.716,66.716,66.716,66.716
t_8705,99.371,99.371,99.371,99.371
t_8706,99.371,99.371,99.371,99.371
t_8707,99.371,99.371,99.371,99.371
t_8708,99.371,99.371,99.371,99.371
t_8709,99.371,99.371,99.371,99.371
t_871,99.4836,99.4836,99.4836,99.4836
t_8710,99.371,99.371,99.371,99.371
t_8711,99.371,99.371,99.371,99.371
t_8712,99.371,99.371,99.371,99.371
t_8713,97.4999,97.4999,97.4999,97.4999
t_8714,97.1052,97.1052,97.1052,97.1052
t_8715,94.3232,94.3232,94.3232,94.3232
t_8716,87.7104,87.7104,87.7104,87.7104
t_8717,87.7104,87.7104,87.7104,87.7104
t_8718,99.371,99.371,99.371,99.371
t_8719,99.371,99.371,99.371,99.371
t_872,99.4836,99.4836,99.4836,99.4836
t_8720,99.371,99.371,99.371,99.371
t_8721,99.371,99.371,99.371,99.371
t_8722,80.4897,80.4897,80.4897,80.4897
t_8723,80.4897,80.4897,80.4897,80.4897
t_8724,80.4897,80.4897,80.4897,80.4897
t_8725,80.4897,80.4897,80.4897,80.4897
t_8726,80.4897,80.4897,80.4897,80.4897
t_8727,99.371,99.371,99.371,99.371
t_8728,99.371,99.371,99.371,99.371
t_8729,99.371,99.371,99.371,99.371
t_873,60.1494,60.1494,60.1494,60.1494
t_8730,99.371,99.371,99.371,99.371
t_8731,99.371,99.371,99.371,99.371
t_8732,99.371,99.371,99.371,99.371
t_8733,99.371,99.371,99.371,99.371
t_8734,99.371,99.371,99.371,99.371
t_8735,87.7104,87.7104,87.7104,87.7104
t_8736,66.3873,66.3873,66.3873,66.3873
t_8737,60.1494,60.1494,60.1494,60.1494
t_8738,60.1494,60.1494,60.1494,60.1494
t_8739,60.1494,60.1494,60.1494,60.1494
t_874,0.0,0.0,0.0,0.0
t_8740,60.1494,60.1494,60.1494,60.1494
t_8741,52.1939,52.1939,52.1939,52.1939
t_8742,51.9393,51.9393,51.9393,51.9393
t_8743,60.1494,60.1494,60.1494,60.1494
t_8744,60.1494,60.1494,60.1494,60.1494
t_8745,60.1494,60.1494,60.1494,60.1494
t_8746,60.1494,60.1494,60.1494,60.1494
t_8747,51.865,51.865,51.865,51.865
t_8748,51.865,51.865,51.865,51.865
t_8749,51.865,51.865,51.865,51.865
t_875,0.0,0.0,0.0,0.0
t_8750,51.865,51.865,51.865,51.865
t_8751,51.865,51.865,51.865,51.865
t_8752,60.1494,60.1494,60.1494,60.1494
t_8753,60.1494,60.1494,60.1494,60.1494
t_8754,60.1494,60.1494,60.1494,60.1494
t_8755,60.1494,60.1494,60.1494,60.1494
t_8756,60.1494,60.1494,60.1494,60.1494
t_8757,60.1494,60.1494,60.1494,60.1494
t_8758,60.1494,60.1494,60.1494,60.1494
t_8759,60.1494,60.1494,60.1494,60.1494
t_876,0.0,0.0,0.0,0.0
t_8760,60.1494,60.1494,60.1494,60.1494
t_877,0.0,0.0,0.0,0.0
t_878,0.0,0.0,0.0,0.0
t_879,0.0,0.0,0.0,0.0
t_88,60.1494,60.1494,60.1494,60.1494
t_880,60.1494,60.1494,60.1494,60.1494
t_881,107.022,107.022,107.022,107.022
t_882,107.022,107.022,107.022,107.022
t_883,107.022,107.022,107.022,107.022
t_884,107.022,107.022,107.022,107.022
t_885,107.022,107.022,107.022,107.022
t_886,107.022,107.022,107.022,107.022
t_887,107.022,107.022,107.022,107.022
t_888,107.022,107.022,107.022,107.022
t_889,107.022,107.022,107.022,107.022
t_89,68.5239,68.5239,68.5239,68.5239
t_890,107.022,107.022,107.022,107.022
t_891,107.022,107.022,107.022,107.022
t_892,107.022,107.022,107.022,107.022
t_893,107.022,107.022,107.022,107.022
t_894,107.022,107.022,107.022,107.022
t_895,107.022,107.022,107.022,107.022
t_896,107.022,107.022,107.022,107.022
t_897,81.0042,81.0042,81.0042,81.0042
t_898,60.1494,60.1494,60.1494,60.1494
t_899,50.2478,50.2478,50.2478,50.2478
t_9,39.2559,39.2559,39.2559,39.2559
t_90,68.5239,68.5239,68.5239,68.5239
t_900,9.0,9.0,9.0,9.0
t_901,0.0,0.0,0.0,0.0
t_902,9.0,9.0,9.0,9.0
t_903,50.2478,50.2478,50.2478,50.2478
t_904,60.1494,60.1494,60.1494,60.1494
t_905,107.022,107.022,107.022,107.022
t_906,107.022,107.022,107.022,107.022
t_907,107.022,107.022,107.022,107.022
t_908,107.022,107.022,107.022,107.022
t_909,107.022,107.022,107.022,107.022
t_91,68.5239,68.5239,68.5239,68.5239
t_910,107.022,107.022,107.022,107.022
t_911,107.022,107.022,107.022,107.022
t_912,107.022,107.022,107.022,107.022
t_913,107.022,107.022,107.022,107.022
t_914,107.022,107.022,107.022,107.022
t_915,107.022,107.022,107.022,107.022
t_916,107.022,107.022,107.022,107.022
t_917,107.022,107.022,107.022,107.022
t_918,107.022,107.022,107.022,107.022
t_919,107.022,107.022,107.022,107.022
t_92,68.5239,68.5239,68.5239,68.5239
t_920,107.022,107.022,107.022,107.022
t_921,81.0042,81.0042,81.0042,81.0042
t_922,60.1494,60.1494,60.1494,60.1494
t_923,60.1494,60.1494,60.1494,60.1494
t_924,60.1494,60.1494,60.1494,60.1494
t_925,60.1494,60.1494,60.1494,60.1494
t_926,60.1494,60.1494,60.1494,60.1494
t_927,60.1494,60.1494,60.1494,60.1494
t_928,81.0042,81.0042,81.0042,81.0042
t_929,107.022,107.022,107.022,107.022
t_93,68.5239,68.5239,68.5239,68.5239
t_930,107.022,107.022,107.022,107.022
t_931,107.022,107.022,107.022,107.022
t_932,107.022,107.022,107.022,107.022
t_933,107.022,107.022,107.022,107.022
t_934,107.022,107.022,107.022,107.022
t_935,107.022,107.022,107.022,107.022
t_936,103.3878,103.3878,103.3878,103.3878
t_937,81.0042,81.0042,81.0042,81.0042
t_938,65.6126,65.6126,65.6126,65.6126
t_939,65.6126,65.6126,65.6126,65.6126
t_94,68.5239,68.5239,68.5239,68.5239
t_940,65.6126,65.6126,65.6126,65.6126
t_941,65.6126,65.6126,65.6126,65.6126
t_942,65.6126,65.6126,65.6126,65.6126
t_943,81.0042,81.0042,81.0042,81.0042
t_944,81.0042,81.0042,81.0042,81.0042
t_945,81.0042,81.0042,81.0042,81.0042
t_946,60.1494,60.1494,60.1494,60.1494
t_947,60.1494,60.1494,60.1494,60.1494
t_948,60.1494,60.1494,60.1494,60.1494
t_949,60.1494,60.1494,60.1494,60.1494
t_95,68.5239,68.5239,68.5239,68.5239
t_950,60.1494,60.1494,60.1494,60.1494
t_951,60.1494,60.1494,60.1494,60.1494
t_952,60.1494,60.1494,60.1494,60.1494
t_953,81.0042,81.0042,81.0042,81.0042
t_954,81.0042,81.0042,81.0042,81.0042
t_955,81.0042,81.0042,81.0042,81.0042
t_956,81.0042,81.0042,81.0042,81.0042
t_957,81.0042,81.0042,81.0042,81.0042
t_958,81.0042,81.0042,81.0042,81.0042
t_959,81.0042,81.0042,81.0042,81.0042
t_96,68.5239,68.5239,68.5239,68.5239
t_960,81.0042,81.0042,81.0042,81.0042
t_961,66.5756,66.5756,66.5756,66.5756
t_962,66.3873,66.3873,66.3873,66.3873
t_963,66.3873,66.3873,66.3873,66.3873
t_964,66.3873,66.3873,66.3873,66.3873
t_965,81.0042,81.0042,81.0042,81.0042
t_966,81.0042,81.0042,81.0042,81.0042
t_967,81.0042,81.0042,81.0042,81.0042
t_968,81.0042,81.0042,81.0042,81.0042
t_969,60.1494,60.1494,60.1494,60.1494
t_97,66.3873,66.3873,66.3873,66.3873
t_970,53.6927,53.6927,53.6927,53.6927
t_971,9.0,9.0,9.0,9.0
t_972,0.0,0.0,0.0,0.0
t_973,0.0,0.0,0.0,0.0
t_974,9.0,9.0,9.0,9.0
t_975,53.6927,53.6927,53.6927,53.6927
t_976,61.3113,61.3113,61.3113,61.3113
t_977,107.1412,107.1412,107.1412,107.1412
t_978,107.1412,107.1412,107.1412,107.1412
t_979,107.1412,107.1412,107.1412,107.1412
t_98,60.4487,60.4487,60.4487,60.4487
t_980,107.1412,107.1412,107.1412,107.1412
t_981,107.1412,107.1412,107.1412,107.1412
t_982,107.1412,107.1412,107.1412,107.1412
t_983,107.1412,107.1412,107.1412,107.1412
t_984,107.1412,107.1412,107.1412,107.1412
t_985,107.1412,107.1412,107.1412,107.1412
t_986,107.022,107.022,107.022,107.022
t_987,107.022,107.022,107.022,107.022
t_988,107.022,107.022,107.022,107.022
t_989,107.022,107.022,107.022,107.022
t_99,60.1494,60.1494,60.1494,60.1494
t_990,107.022,107.022,107.022,107.022
t_991,107.022,107.022,107.022,107.022
t_992,107.022,107.022,107.022,107.022
t_993,98.1108,98.1108,98.1108,98.1108
t_994,81.0944,81.0944,81.0944,81.0944
t_995,81.0944,81.0944,81.0944,81.0944
t_996,81.0944,81.0944,81.0944,81.0944
t_997,81.0944,81.0944,81.0944,81.0944
t_998,81.0944,81.0944,81.0944,81.0944
t_999,81.0944,81.0944,81.0944,81.0944
